STT;Mã;Dashboard/báo cáo;Thông tin;Mô tả;Nhóm yêu cầu;Phân loại;Đánh giá;Độ chi tiết;Nguồn;Cần phân tích?;Cần test?;DL lịch sử?;Trạng thái mapping;Mapping (nghiệp vụ);Bảng nguồn;Trường nguồn;Điều kiện dữ liệu;Câu lệnh SQL;Note;Kết quả Test;Model;DMT
;;;Tên chiều/chỉ tiêu/thuộc tính;List công thức;Dashboard/báo cáo/DataExplorer;Chiều/Chỉ tiêu cơ sở/Chỉ tiêu phái sinh;"Dễ: lấy 1: 1 từ nguồn
TB: có tính toán tổng hợp
Khó: Có logic phức tạp và lấy nhiều mốc thời gian
Trùng: Trong phạm vi ban của mình làm đã có tính thông tin này rồi";Phục vụ design;;;;;"Done: đã map xong
doing: đang xem xét
failed: đã xem nhưng chưa maping được
(null): chưa làm";;Bảng(s) trong CSDL IDS;Trường SELECT;WHERE / GROUP BY / HAVING;SQL tham khảo;;;;
1;;Dashboard tổng hợp chấm điểm phân loại CTDC;Mã CK doanh nghiệp;;Dashboard;Chiều;Dễ;CTDC, ngày;IDS - GSĐC;X;X;;Done;;company_profiles;cp.equity_ticker AS ma_ck;cp.status_ids_cd = 'approved';"SELECT cp.equity_ticker AS ma_ck
FROM company_profiles cp
WHERE cp.status_ids_cd = 'approved'";;;;
1;;Dashboard tổng hợp chấm điểm phân loại CTDC;Tên doanh nghiệp;;Dashboard;Chiều;Dễ;CTDC, ngày;IDS - GSĐC;X;X;;Done;;company_profiles;cp.company_name_vn AS ten_dn;cp.status_ids_cd = 'approved';"SELECT cp.company_name_vn AS ten_dn
FROM company_profiles cp
WHERE cp.status_ids_cd = 'approved'";;;;
1;;Dashboard tổng hợp chấm điểm phân loại CTDC;Tuân thủ;Điểm tuân thủ trên phân hệ: Đánh giá mức độ tuân thủ về Công bố thông tin của các Công ty đại chúng;Dashboard;Chỉ tiêu cơ sở;TB;CTDC, ngày;IDS - GSĐC;X;X;;failed;;chưa có bảng trong thiết kế CSDL;;;;;;;
1;;Dashboard tổng hợp chấm điểm phân loại CTDC;Phát hành;Điểm phát hành trên phân hệ: Đánh giá việc huy động phát hành tăng vốn của công ty đảm bảo đúng quy định và vốn huy động được sử dụng đúng mục đích.;Dashboard;Chỉ tiêu cơ sở;TB;CTDC, ngày;IDS - GSĐC;x;X;;failed;;chưa có bảng trong thiết kế CSDL;;;;;;;
1;;Dashboard tổng hợp chấm điểm phân loại CTDC;Tài chính;Điểm tài chính trên phân hệ: Đánh giá điểm rủi ro tài chính của Công ty;Dashboard;Chỉ tiêu cơ sở;TB;CTDC, ngày;IDS - GSĐC;x;X;;failed;;chưa có bảng trong thiết kế CSDL;;;;;;;
1;;Dashboard tổng hợp chấm điểm phân loại CTDC;Phi tài chính & M-Score;Điểm phi tài chính & M-Score;Dashboard;Chỉ tiêu cơ sở;TB;CTDC, ngày;IDS - GSĐC;x;X;;failed;;chưa có bảng trong thiết kế CSDL;;;;;;;
1;;Dashboard tổng hợp chấm điểm phân loại CTDC;Xếp hạng tín nhiệm DN;Xếp hạng DN phát hành TP riêng lẻ;Dashboard;Chỉ tiêu cơ sở;TB;CTDC, ngày;IDS - GSĐC;x;X;;failed;;chưa có bảng trong thiết kế CSDL;;;;;;;
1;;Dashboard tổng hợp chấm điểm phân loại CTDC;Điểm;Điểm tổng hợp từ các tiêu chí tài chính, phát hành, tuân thủ, phi tài chính & M-Score, Xếp hạng tín nhiệm DN;Dashboard;Chỉ tiêu cơ sở;TB;CTDC, ngày;IDS - GSĐC;x;X;;failed;;chưa có bảng trong thiết kế CSDL;;;;;;;
2;;Dashboard top chấm điểm phân loại công ty đại chúng theo chỉ tiêu tuân thủ;Mã CK doanh nghiệp;;Dashboard;Chiều;Trùng;CTDC, ngày;IDS - GSĐC;;X;;Done;;trùng dòng 4;;;;;;;
2;;Dashboard top chấm điểm phân loại công ty đại chúng theo chỉ tiêu tuân thủ;Tên doanh nghiệp;;Dashboard;Chiều;Trùng;CTDC, ngày;IDS - GSĐC;X;X;;Done;;trùng dòng 4;;;;;;;
2;;Dashboard top chấm điểm phân loại công ty đại chúng theo chỉ tiêu tuân thủ;Công bố BCTC;"Điểm Công bố BCTC trên phân hệ: Thông tin định kỳ - Báo cáo tài chính
- Đánh giá tiêu chí dựa trên :
1. Bình Thường: Trước/Đúng hạn
2. Cảnh báo: Trễ hạn dưới 1 tháng
3. Rủi ro: Trễ hạn trên 1 tháng 
- Kỳ đánh giá: 3 năm liền trước";Dashboard;Chỉ tiêu cơ sở;TB;CTDC, ngày;IDS - GSĐC;;X;;failed;;chưa có bảng trong thiết kế CSDL;;;;;;;
2;;Dashboard top chấm điểm phân loại công ty đại chúng theo chỉ tiêu tuân thủ;Công bố BCTN;Điểm Công bố BCTN trên phân hệ: Thông tin định kỳ - Công bố Báo cáo thường niên;Dashboard;Chỉ tiêu cơ sở;TB;CTDC, ngày;IDS - GSĐC;x;X;;failed;;chưa có bảng trong thiết kế CSDL;;;;;;;
2;;Dashboard top chấm điểm phân loại công ty đại chúng theo chỉ tiêu tuân thủ;Công bố báo cáo tình hình quản trị;Điểm Công bố Báo cáo tình hình quản trị trên phân hệ: Thông tin định kỳ - Báo cáo tình hình Quản trị;Dashboard;Chỉ tiêu cơ sở;TB;CTDC, ngày;IDS - GSĐC;x;X;;failed;;chưa có bảng trong thiết kế CSDL;;;;;;;
2;;Dashboard top chấm điểm phân loại công ty đại chúng theo chỉ tiêu tuân thủ;Công bố thông tin Thay đổi Tổng giám đốc/Chủ tịch HĐQT;"Điểm Công bố Thông tin thay đổi Tổng giám đốc/Chủ tịch HĐQT trên phân hệ: Thông tin bất thường - Thay đổi Tổng giám đốc/Chủ tịch HĐQT
- Đánh giá tiêu chí dựa trên :
1. Bình Thường: < 1 lần/năm 
2. Cảnh báo: < 2 lần/năm 
3. Rủi ro: > 3 lần/năm
- Kỳ đánh giá: 3 năm liền trước";Dashboard;Chỉ tiêu cơ sở;TB;CTDC, ngày;IDS - GSĐC;x;X;;failed;;chưa có bảng trong thiết kế CSDL;;;;;;;
2;;Dashboard top chấm điểm phân loại công ty đại chúng theo chỉ tiêu tuân thủ;Công bố thông tin về vi phạm, quyết định xử phạt;"Điểm Công bố Thông tin về vi phạm, xử phạt trên phân hệ: Thông tin bất thường - Vi phạm từ các đơn vị khác/ubcknn
- Đánh giá tiêu chí dựa trên :
1. Bình Thường: 0 lần/năm
2. Cảnh báo: 1 vi phạm
3. Rủi ro: 1 vi phạm 
- Kỳ đánh giá: 3 năm liền trước";Dashboard;Chỉ tiêu cơ sở;TB;CTDC, ngày;IDS - GSĐC;x;X;;failed;;chưa có bảng trong thiết kế CSDL;;;;;;;
2;;Dashboard top chấm điểm phân loại công ty đại chúng theo chỉ tiêu tuân thủ;Điều lệ Công ty và Các Quy chế hoạt động;"Điểm điều lệ công ty và các quy chế hoạt động trên phân hệ: Quản trị công ty - Điều lệ Công ty + Các Quy chế hoạt động
- Đánh giá tiêu chí dựa trên :
1.Bình Thường: Đầy đủ
2. Cảnh báo: Thiếu 1 trong các tài liệu hoặc Không được thông qua bởi ĐH cổ đông.
3. Rủi ro: Để mặc định là Bình thường, cho phép chuyên viên sửa nếu có vấn đề khác.
- Kỳ đánh giá: Gần nhất.";Dashboard;Chỉ tiêu cơ sở;TB;CTDC, ngày;IDS - GSĐC;x;X;;failed;;chưa có bảng trong thiết kế CSDL;;;;;;;
2;;Dashboard top chấm điểm phân loại công ty đại chúng theo chỉ tiêu tuân thủ;Số lượng ĐHĐCĐ thường niên trong 6 tháng đầu năm;"Điểm số lượng ĐHĐCĐ thường niên trong 6 tháng đầu năm trên phân hệ: 
- Đánh giá tiêu chí dựa trên :
1.Bình Thường: Thành công lần thứ nhất và trước ngày 30/06
2. Cảnh báo: Thành công lần thứ nhất và trước ngày 30/06 Thành công ở 2 lần.
3. Rủi ro: Thành công ở 3 lần hoặc không thành công 
- Kỳ đánh giá: Gần nhất";Dashboard;Chỉ tiêu cơ sở;TB;CTDC, ngày;IDS - GSĐC;x;X;;failed;;chưa có bảng trong thiết kế CSDL;;;;;;;
2;;Dashboard top chấm điểm phân loại công ty đại chúng theo chỉ tiêu tuân thủ;Số lượng thành viên HĐQT độc lập;"Điểm Số lượng thành viên HĐQT độc lập trên phân hệ:
- Đánh giá tiêu chí dựa trên:
1. Bình Thường: 
+ Từ 3-5: tối thiểu 1
+ Từ 6-8: Tối thiểu 2
+ Từ 9-11: Tối thiểu 3
2. Cảnh báo: Không đảm bảo số lượng.
3. Rủi ro: Không có.
- Kỳ đánh giá: Gần nhất.";Dashboard;Chỉ tiêu cơ sở;TB;CTDC, ngày;IDS - GSĐC;x;X;;failed;;chưa có bảng trong thiết kế CSDL;;;;;;;
2;;Dashboard top chấm điểm phân loại công ty đại chúng theo chỉ tiêu tuân thủ;Số lượng thành viên HĐQT không điều hành;"Điểm Số lượng thành viên HĐQT không điều hành trên phân hệ:
- Đánh giá tiêu chí dựa trên :
1.Bình Thường: Tối thiểu 1/3 Tổng số thành viên HĐQT
2. Cảnh báo: Không đảm bảo số lượng.
3. Rủi ro: Không có.
- Kỳ đánh giá: Gần nhất.";Dashboard;Chỉ tiêu cơ sở;TB;CTDC, ngày;IDS - GSĐC;x;X;;failed;;chưa có bảng trong thiết kế CSDL;;;;;;;
2;;Dashboard top chấm điểm phân loại công ty đại chúng theo chỉ tiêu tuân thủ;Tư cách thành viên HĐQT/BKS/Kế toán trưởng;"Điểm Tư cách thành viên HĐQT/BKS/Kế toán trưởng trên phân hệ:
- Đánh giá tiêu chí dựa trên :
1.Bình Thường: 
2. Cảnh báo: Chủ tịch kiêm Tổng giám đốc. Và/hoặc:
Thành viên HĐQT công ty chỉ được đồng thời là thành viên HĐQT tại > 05 công ty khác.
3. Rủi ro: Bất kỳ thành viên HĐQT nào có vấn đề pháp lý (bị khởi tố, tạm giam, phối hợp điều tra …).
- Kỳ đánh giá: Gần nhất.";Dashboard;Chỉ tiêu cơ sở;TB;CTDC, ngày;IDS - GSĐC;x;X;;failed;;chưa có bảng trong thiết kế CSDL;;;;;;;
2;;Dashboard top chấm điểm phân loại công ty đại chúng theo chỉ tiêu tuân thủ;Số lượng thành viên BKS hoặc Ủy ban kiểm toán;"Điểm Số lượng thành viên BKS hoặc Ủy ban kiểm toán trên phân hệ:
- Đánh giá tiêu chí dựa trên :
1.Bình Thường: BKS: Tối thiểu 3 thành viên.
Ủy ban kiểm toán: Tối thiểu 2
2. Cảnh báo: Không đủ số lượng
3. Rủi ro: Không có
- Kỳ đánh giá: Gần nhất.";Dashboard;Chỉ tiêu cơ sở;TB;CTDC, ngày;IDS - GSĐC;x;X;;failed;;chưa có bảng trong thiết kế CSDL;;;;;;;
2;;Dashboard top chấm điểm phân loại công ty đại chúng theo chỉ tiêu tuân thủ;Báo cáo tiến độ sử dụng vốn;"Điểm Báo cáo tiến độ sử dụng vốn trên phân hệ:
- Đánh giá tiêu chí dựa trên :
1.Bình Thường: 
Trong vòng 6 tháng + 5 ngày kể từ ngày Kết thúc đợt chào bán có báo cáo.
6 tháng tiếp theo cũng
phải công bố báo cáo tiến độ và có 5 ngày để nộp
2. Cảnh báo: Chậm sau từ 1 ngày trở lên so với ngày (Ngày Kết thúc chào bán + 6 tháng + 5 ngày).
3. Rủi ro: Chậm sau 1 tháng 
- Kỳ đánh giá: 3 năm liền trước.";Dashboard;Chỉ tiêu cơ sở;TB;CTDC, ngày;IDS - GSĐC;x;X;;failed;;chưa có bảng trong thiết kế CSDL;;;;;;;
2;;Dashboard top chấm điểm phân loại công ty đại chúng theo chỉ tiêu tuân thủ;Thay đổi phương án sử dụng vốn;"Điểm Thay đổi phương án sử dụng vốn trên phân hệ:
- Đánh giá tiêu chí dựa trên :
1. Bình Thường: Các trường hợp còn lại.
2. Cảnh báo: Quá hạn > 24h so với ngày Thông qua Nghị quyết hoặc
Sai cấp phê duyệt
3. Rủi ro: Quá hạn > 24h so với ngày Thông qua Nghị quyết hoặc Sai cấp phê duyệt
- Kỳ đánh giá: 3 năm liền trước.";Dashboard;Chỉ tiêu cơ sở;TB;CTDC, ngày;IDS - GSĐC;x;X;;failed;;chưa có bảng trong thiết kế CSDL;;;;;;;
2;;Dashboard top chấm điểm phân loại công ty đại chúng theo chỉ tiêu tuân thủ;Tổng điểm;Tổng điểm phân loại theo tiêu chí tuân thủ;Dashboard;Chỉ tiêu cơ sở;TB;CTDC, ngày;IDS - GSĐC;x;X;;failed;;chưa có bảng trong thiết kế CSDL;;;;;;;
3;;Dashboard top chấm điểm phân loại công ty đại chúng theo chỉ tiêu phát hành;Mã doanh nghiệp;;Dashboard;Chiều;Trùng;CTDC, ngày;IDS - GSĐC;;X;;Done;;trùng dòng 4;;;;;;;
3;;Dashboard top chấm điểm phân loại công ty đại chúng theo chỉ tiêu phát hành;Tên doanh nghiệp;;Dashboard;Chiều;Trùng;CTDC, ngày;IDS - GSĐC;X;X;;Done;;trùng dòng 4;;;;;;;
3;;Dashboard top chấm điểm phân loại công ty đại chúng theo chỉ tiêu phát hành;Phát hành tăng vốn nhanh;"Điểm Phát hành tăng vốn nhanh trên phân hệ:
- Đánh giá tiêu chí dựa trên :
1.Bình Thường: Các trường hợp còn lại.
2. Cảnh báo: Số lần tăng vốn >= 3 lần trong vòng 3 năm (Không tính trả cổ tức bằng cổ phiếu, Thưởng cổ phiếu)
3. Rủi ro: Giá trị Vốn CSH tăng trên 2 lần trong 3 năm
- Kỳ đánh giá: 3 năm liền trước.";Dashboard;Chỉ tiêu cơ sở;TB;CTDC, ngày;IDS - GSĐC;x;X;;failed;;chưa có bảng trong thiết kế CSDL;;;;;;;
3;;Dashboard top chấm điểm phân loại công ty đại chúng theo chỉ tiêu phát hành;Số lần chào bán cổ phiếu riêng lẻ;"Điểm Số lần chào bán cổ phiếu riêng lẻ trên phân hệ:
- Đánh giá tiêu chí dựa trên :
1. Bình Thường: Các trường hợp còn lại.
2. Cảnh báo: Có chào bán cổ phiếu riêng lẻ từ 2 lần trở lên trong vòng 3 năm.
3. Rủi ro: Có chào bán cổ phiếu riêng lẻ từ 3 lần trở lên trong vòng 3 năm.
- Kỳ đánh giá: 3 năm liền trước.";Dashboard;Chỉ tiêu cơ sở;TB;CTDC, ngày;IDS - GSĐC;x;X;;failed;;chưa có bảng trong thiết kế CSDL;;;;;;;
3;;Dashboard top chấm điểm phân loại công ty đại chúng theo chỉ tiêu phát hành;Số lần chào bán ra công chúng;"Điểm Số lần chào bán ra công chúng trên phân hệ:
- Đánh giá tiêu chí dựa trên :
1. Bình Thường: Các trường hợp còn lại.
2. Cảnh báo: Có chào bán cổ phiếu ra công chúng từ 2 lần trong vòng 3 năm.
3. Rủi ro: Có chào bán cổ phiếu ra công chúng từ 3 lần trong vòng 3 năm.
- Kỳ đánh giá: 3 năm liền trước.";Dashboard;Chỉ tiêu cơ sở;TB;CTDC, ngày;IDS - GSĐC;x;X;;failed;;chưa có bảng trong thiết kế CSDL;;;;;;;
3;;Dashboard top chấm điểm phân loại công ty đại chúng theo chỉ tiêu phát hành;Số lần phát hành esop;"Điểm Số lần phát hành esop trên phân hệ:
";Dashboard;Chỉ tiêu cơ sở;TB;CTDC, ngày;IDS - GSĐC;x;X;;failed;;chưa có bảng trong thiết kế CSDL;;;;;;;
3;;Dashboard top chấm điểm phân loại công ty đại chúng theo chỉ tiêu phát hành;Tỷ lệ Phát hành trái phiếu không có TSBĐ (%);"Điểm Tỷ lệ Phát hành trái phiếu không có TSBĐ (%) trên phân hệ:
- Đánh giá tiêu chí dựa trên :
1. Bình Thường: Các trường hợp còn lại.
2. Cảnh báo: >20%.
3. Rủi ro: >50%.
- Kỳ đánh giá: 3 năm liền trước.";Dashboard;Chỉ tiêu cơ sở;TB;CTDC, ngày;IDS - GSĐC;x;X;;failed;;chưa có bảng trong thiết kế CSDL;;;;;;;
3;;Dashboard top chấm điểm phân loại công ty đại chúng theo chỉ tiêu phát hành;Tỷ lệ Trái phiếu vi phạm nghĩa vụ thanh toán lãi và gốc;"Điểm Tỷ lệ Trái phiếu vi phạm nghĩa vụ thanh toán lãi và gốc trên phân hệ:
- Đánh giá tiêu chí dựa trên :
1. Bình Thường: Không có vi phạm
2. Cảnh báo: Có ít nhất 1 lô vi phạm trả lãi
3. Rủi ro: Có ít nhất 1 lô vi phạm trả lãi
- Kỳ đánh giá: 3 năm liền trước.";Dashboard;Chỉ tiêu cơ sở;TB;CTDC, ngày;IDS - GSĐC;x;X;;failed;;chưa có bảng trong thiết kế CSDL;;;;;;;
3;;Dashboard top chấm điểm phân loại công ty đại chúng theo chỉ tiêu phát hành;Dư nợ Trái phiếu /Tổng Vốn chủ sở hữu;"Điểm Dư nợ Trái phiếu /Tổng Vốn chủ sở hữu trên phân hệ:
- Đánh giá tiêu chí dựa trên :
1.Bình Thường: Các trường hợp còn lại.
2. Cảnh báo: >1
3. Rủi ro: >1
- Kỳ đánh giá: 3 năm liền trước.";Dashboard;Chỉ tiêu cơ sở;TB;CTDC, ngày;IDS - GSĐC;x;X;;failed;;chưa có bảng trong thiết kế CSDL;;;;;;;
3;;Dashboard top chấm điểm phân loại công ty đại chúng theo chỉ tiêu phát hành;Tổng điểm;Tổng điểm phân loại theo tiêu chí phát hành;Dashboard;Chỉ tiêu cơ sở;TB;CTDC, ngày;IDS - GSĐC;x;X;;failed;;chưa có bảng trong thiết kế CSDL;;;;;;;
4;;Dashboard top chấm điểm phân loại công ty đại chúng theo chỉ tiêu tài chính;Mã doanh nghiệp;;Dashboard;Chiều;Trùng;CTDC, ngày;IDS - GSĐC;;X;;Done;;trùng dòng 4;;;;;;;
4;;Dashboard top chấm điểm phân loại công ty đại chúng theo chỉ tiêu tài chính;Tên doanh nghiệp;;Dashboard;Chiều;Trùng;CTDC, ngày;IDS - GSĐC;X;X;;Done;;trùng dòng 4;;;;;;;
4;;Dashboard top chấm điểm phân loại công ty đại chúng theo chỉ tiêu tài chính;Kiểm toán - Ý kiến kiểm toán;"Điểm Kiểm toán - Ý kiến kiểm toán trên phân hệ:
";Dashboard;Chỉ tiêu cơ sở;TB;CTDC, ngày;IDS - GSĐC;x;X;;failed;;chưa có bảng trong thiết kế CSDL;;;;;;;
4;;Dashboard top chấm điểm phân loại công ty đại chúng theo chỉ tiêu tài chính;Khả năng hoạt động liên tục;Điểm khả năng hoạt động liên tục;Dashboard;Chỉ tiêu cơ sở;TB;CTDC, ngày;IDS - GSĐC;x;X;;failed;;chưa có bảng trong thiết kế CSDL;;;;;;;
4;;Dashboard top chấm điểm phân loại công ty đại chúng theo chỉ tiêu tài chính;Dòng tiền từ hoạt động kinh doanh;"Điểm Dòng tiền từ hoạt động kinh doanh trên phân hệ:
Dòng tiền từ hoạt động kinh doanh - Báo cáo lưu chuyển tiền tệ (Dòng tiền từ hoạt động kinh doanh)";Dashboard;Chỉ tiêu cơ sở;TB;CTDC, ngày;IDS - GSĐC;x;X;;failed;;chưa có bảng trong thiết kế CSDL;;;;;;;
4;;Dashboard top chấm điểm phân loại công ty đại chúng theo chỉ tiêu tài chính;Khả năng thanh toán hiện thời;"Điểm Khả năng thanh toán hiện thời trên phân hệ:
Khả năng thanh toán - Khả năng thanh toán hiện thời";Dashboard;Chỉ tiêu cơ sở;TB;CTDC, ngày;IDS - GSĐC;x;X;;failed;;chưa có bảng trong thiết kế CSDL;;;;;;;
4;;Dashboard top chấm điểm phân loại công ty đại chúng theo chỉ tiêu tài chính;EBIT/Lãi vay;"Điểm EBIT/Lãi vay trên phân hệ:
";Dashboard;Chỉ tiêu cơ sở;TB;CTDC, ngày;IDS - GSĐC;x;X;;failed;;chưa có bảng trong thiết kế CSDL;;;;;;;
4;;Dashboard top chấm điểm phân loại công ty đại chúng theo chỉ tiêu tài chính;Nợ/VCSH;"Điểm Nợ/VCSH trên phân hệ:
";Dashboard;Chỉ tiêu cơ sở;TB;CTDC, ngày;IDS - GSĐC;x;X;;failed;;chưa có bảng trong thiết kế CSDL;;;;;;;
4;;Dashboard top chấm điểm phân loại công ty đại chúng theo chỉ tiêu tài chính;Nợ/Vốn điều lệ;"Điểm Nợ/Vốn điều lệ trên phân hệ:
";Dashboard;Chỉ tiêu cơ sở;TB;CTDC, ngày;IDS - GSĐC;x;X;;failed;;chưa có bảng trong thiết kế CSDL;;;;;;;
4;;Dashboard top chấm điểm phân loại công ty đại chúng theo chỉ tiêu tài chính;VCSH;"Điểm VCSH trên phân hệ:
";Dashboard;Chỉ tiêu cơ sở;TB;CTDC, ngày;IDS - GSĐC;x;X;;failed;;chưa có bảng trong thiết kế CSDL;;;;;;;
4;;Dashboard top chấm điểm phân loại công ty đại chúng theo chỉ tiêu tài chính;ROE;"Điểm ROE trên phân hệ:
";Dashboard;Chỉ tiêu cơ sở;TB;CTDC, ngày;IDS - GSĐC;x;X;;failed;;chưa có bảng trong thiết kế CSDL;;;;;;;
4;;Dashboard top chấm điểm phân loại công ty đại chúng theo chỉ tiêu tài chính;Doanh thu từ HĐ tài chính / Lợi nhuận sau thuế;"Điểm Doanh thu từ HĐ tài chính / Lợi nhuận sau thuế trên phân hệ:
";Dashboard;Chỉ tiêu cơ sở;TB;CTDC, ngày;IDS - GSĐC;x;X;;failed;;chưa có bảng trong thiết kế CSDL;;;;;;;
4;;Dashboard top chấm điểm phân loại công ty đại chúng theo chỉ tiêu tài chính;Doanh thu từ hoạt động khác / Lợi nhuận sau thuế;"Điểm Doanh thu từ hoạt động khác / Lợi nhuận sau thuế trên phân hệ:
";Dashboard;Chỉ tiêu cơ sở;TB;CTDC, ngày;IDS - GSĐC;x;X;;failed;;chưa có bảng trong thiết kế CSDL;;;;;;;
4;;Dashboard top chấm điểm phân loại công ty đại chúng theo chỉ tiêu tài chính;Tổng điểm;Tổng điểm phân loại theo chỉ tiêu tài chính;Dashboard;Chỉ tiêu cơ sở;TB;CTDC, ngày;IDS - GSĐC;x;X;;failed;;chưa có bảng trong thiết kế CSDL;;;;;;;
5;;Dashboard top chấm điểm phân loại công ty đại chúng theo chỉ tiêu phi tài chính & M- Score;Mã doanh nghiệp;;Dashboard;Chiều;Trùng;CTDC, ngày;IDS - GSĐC;;X;;Done;;trùng dòng 4;;;;;;;
5;;Dashboard top chấm điểm phân loại công ty đại chúng theo chỉ tiêu phi tài chính & M- Score;Tên doanh nghiệp;;Dashboard;Chiều;Trùng;CTDC, ngày;IDS - GSĐC;X;X;;Done;;trùng dòng 4;;;;;;;
5;;Dashboard top chấm điểm phân loại công ty đại chúng theo chỉ tiêu phi tài chính & M- Score;Tình trạng Doanh nghiệp từ Cục Đăng ký kinh doanh (Cổng thông tin DN);"Điểm Tình trạng Doanh nghiệp từ Cục Đăng ký kinh doanh (Cổng thông tin DN) trên phân hệ:
- Đánh giá tiêu chí dựa trên :
1. Bình Thường: HĐ bình thường
2. Cảnh báo: Tạm ngừng hoạt động, Thu hồi giấy chứng nhận ĐKKD. Đang làm thủ tục giải thể, phá sản
3. Rủi ro: Tạm ngừng hoạt động, Thu hồi giấy chứng nhận ĐKKD. Đang làm thủ tục giải thể, phá sản
- Kỳ đánh giá:năm liền trước.";Dashboard;Chỉ tiêu cơ sở;TB;CTDC, ngày;IDS - GSĐC;x;X;;failed;;chưa có bảng trong thiết kế CSDL;;;;;;;
5;;Dashboard top chấm điểm phân loại công ty đại chúng theo chỉ tiêu phi tài chính & M- Score;Sở hữu giữa các bên liên quan;"Điểm Sở hữu giữa các bên liên quan trên phân hệ:
- Đánh giá tiêu chí dựa trên :
1. Bình Thường: Thành viên trong hội đồng quản trị của 01-02 công ty ĐC.
2. Cảnh báo: Thành viên trong hội đồng quản trị > 02 công ty ĐC
3. Rủi ro: Thành viên trong hội đồng quản trị > 03 công ty ĐC
- Kỳ đánh giá:năm liền trước.";Dashboard;Chỉ tiêu cơ sở;TB;CTDC, ngày;IDS - GSĐC;x;X;;failed;;chưa có bảng trong thiết kế CSDL;;;;;;;
5;;Dashboard top chấm điểm phân loại công ty đại chúng theo chỉ tiêu phi tài chính & M- Score;M-Score;"Điểm M-Score trên phân hệ:
- Đánh giá tiêu chí dựa trên :
1. Bình Thường: Các trường hợp còn lại
2. Cảnh báo: Lớn hơn -2.22
3. Rủi ro: Lớn hơn -1.78
- Kỳ đánh giá:năm liền trước.";Dashboard;Chỉ tiêu cơ sở;TB;CTDC, ngày;IDS - GSĐC;x;X;;failed;;chưa có bảng trong thiết kế CSDL;;;;;;;
5;;Dashboard top chấm điểm phân loại công ty đại chúng theo chỉ tiêu phi tài chính & M- Score;Tổng điểm;Tổng điểm phân loại theo chỉ tiêu phi tài chính & Mscore;Dashboard;Chỉ tiêu cơ sở;TB;CTDC, ngày;IDS - GSĐC;x;X;;failed;;chưa có bảng trong thiết kế CSDL;;;;;;;
6;;Dashboard Giám sát tổng hợp toàn thị trường - Thống kê niêm yết theo sàn;Kỳ thống kê;Ngày thống kê (Năm/Quý);Dashboard;Chiều;Dễ;Ngày;;;;;Done;;Tham số lọc (không map bảng);:year (YYYY), :quarter (QX);"Tham số đầu vào của báo cáo/dashboard;
không lấy từ bảng CSDL";"-- Chiều thời gian: tham số người dùng chọn
-- :year = năm (vd 2024), :quarter = quý (vd Q1..Q4)
-- Dùng trong WHERE của tất cả câu SQL liên quan";;;;
6;;Dashboard Giám sát tổng hợp toàn thị trường - Thống kê niêm yết theo sàn;Số doanh nghiệp;Đếm số lượng DN tại thời điểm cuối kỳ chọn in;Dashboard;Chỉ tiêu phái sinh;Trùng;Ngày;IDS - GSĐC;;X;;Done;;IDS.company_detail (cd);COUNT(DISTINCT cd.company_profile_id) AS so_luong_dn;"cd.ids_reg_date <= LAST_DAY(ADD_MONTHS(
TO_DATE(:p_year || '-01-01', 'YYYY-MM-DD'),
TO_NUMBER(SUBSTR(:p_quarter, 2, 1)) * 3 - 1))
-- Đếm toàn bộ DN trên IDS (gồm niêm yết và chưa niêm yết)
-- Không lọc public_com_flg, không lọc status_ids_cd";"SELECT COUNT(DISTINCT cd.company_profile_id) AS so_luong_dn
FROM IDS.company_detail cd
WHERE cd.ids_reg_date <=
LAST_DAY(ADD_MONTHS(
TO_DATE(:p_year || '-01-01', 'YYYY-MM-DD'),
TO_NUMBER(SUBSTR(:p_quarter, 2, 1)) * 3 - 1))";"SELECT COUNT(DISTINCT cd.company_id) AS so_luong_dn
FROM company_detail cd
JOIN company_profiles cp ON cp.id = cd.company_id
WHERE cd.ids_reg_date <= LAST_DAY(ADD_MONTHS(TO_DATE(:year || '-01-01', 'YYYY-MM-DD'),(TO_NUMBER(SUBSTR(:quarter, 2, 1)) * 3) - 1))
-- đã đăng ký tại/trước cuối kỳ, tham số kỳ: p_year dạng yyyy, p_quarter dạng QX
AND cp.status = 'approved' -- hồ sơ đã được duyệt";;;
6;;Dashboard Giám sát tổng hợp toàn thị trường - Thống kê niêm yết theo sàn;Tỷ lệ nộp BCTC;"Số lượng BCTC đã nộp trong kỳ/ Số lượng BCTC thuộc kỳ báo cáo, đã đến hạn nộp so với ngày xuất dữ liệu
";Dashboard;Chỉ tiêu phái sinh;Trùng;Ngày;IDS - GSĐC;;X;;Done;;IDS.company_data (a);"ROUND(
COUNT(CASE WHEN a.submission_date IS NOT NULL
AND a.submission_date <= a.submission_deadline_date
THEN 1 END)
/ NULLIF(COUNT(*), 0) * 100, 2) AS ty_le_nop_dung_han_pct";"a.report_year = :p_year
AND a.report_quarter = TO_NUMBER(SUBSTR(:p_quarter, 2, 1))
AND a.submission_deadline_date <= SYSDATE";"SELECT
ROUND(
COUNT(CASE WHEN a.submission_date IS NOT NULL
AND a.submission_date <= a.submission_deadline_date
THEN 1 END)
/ NULLIF(COUNT(*), 0) * 100, 2) AS ty_le_nop_dung_han_pct
FROM IDS.company_data a
WHERE a.report_year = :p_year
AND a.report_quarter = TO_NUMBER(SUBSTR(:p_quarter, 2, 1))
AND a.submission_deadline_date <= SYSDATE";;;;
6;;Dashboard Giám sát tổng hợp toàn thị trường - Thống kê niêm yết theo sàn;Số DN báo lãi;"Đếm số doanh nghiệp có LNST > 0 trong kỳ báo cáo.
Công thức LNST theo ""GSĐC_Công thức CT""";Dashboard;Chỉ tiêu phái sinh;Trùng;Ngày;IDS - GSĐC;;X;;Done;;"IDS.data (d),
IDS.report_catalog (rc),
IDS.company_data (cd)";COUNT(DISTINCT d.company_profile_id) AS so_dn_bao_lai;"rc2.col_desc = '1'
AND rc.report_cd LIKE 'BCKQKD%'
AND d.data_value > 0
AND cd.report_year=:year AND cd.report_quarter=:quarter
AND ((rc.enterprise_type_cd='dn' AND rr.row_desc='60')
OR (rc.enterprise_type_cd='bh' AND rr.row_desc='60')
OR (rc.enterprise_type_cd='td' AND rr.row_desc='21'))";"SELECT COUNT(DISTINCT d.company_profile_id) AS so_dn_bao_lai
FROM IDS.data d
JOIN IDS.report_catalog rc ON d.report_catalog_id=rc.id
JOIN IDS.rrow rr ON rr.row_cd = d.row_cd AND rr.report_catalog_id = d.report_catalog_id
JOIN IDS.rcol rc2 ON rc2.col_cd = d.col_cd AND rc2.report_catalog_id = d.report_catalog_id
JOIN IDS.company_data cd ON d.company_data_id=cd.id
WHERE rc2.col_desc = '1'
AND rc.report_cd LIKE 'BCKQKD%' AND d.data_value > 0
AND cd.report_year=:year AND cd.report_quarter=:quarter
AND ((rc.enterprise_type_cd='dn' AND rr.row_desc='60')
OR (rc.enterprise_type_cd='bh' AND rr.row_desc='60')
OR (rc.enterprise_type_cd='td' AND rr.row_desc='21'))";;;;
7;;Dashboard Giám sát tổng hợp toàn thị trường -Tổng hợp chỉ tiêu tài chính & thống kê;Tổng tài sản;"Σ Tổng tài sản của tất cả DN
Công thức tổng tài sản theo ""GSĐC_Công thức CT""";Dashboard;Chỉ tiêu phái sinh;Trùng;Ngày;IDS - GSĐC;;X;;Done;;"IDS.data (d),
IDS.report_catalog (rc),
IDS.company_data (cd)";SUM(d.data_value) AS tong_tai_san;"rc2.col_desc = '1'
AND rc.report_cd LIKE 'BCDKT%'
AND ((rc.enterprise_type_cd='dn' AND rr.row_desc='270')
OR (rc.enterprise_type_cd='bh' AND rr.row_desc='270')
OR (rc.enterprise_type_cd='td' AND rr.row_desc='300'))";"SELECT SUM(d.data_value) AS tong_tai_san
FROM IDS.data d
JOIN IDS.report_catalog rc ON d.report_catalog_id=rc.id
JOIN IDS.rrow rr ON rr.row_cd = d.row_cd AND rr.report_catalog_id = d.report_catalog_id
JOIN IDS.rcol rc2 ON rc2.col_cd = d.col_cd AND rc2.report_catalog_id = d.report_catalog_id
JOIN IDS.company_data cd ON d.company_data_id=cd.id
WHERE rc2.col_desc = '1'
AND rc.report_cd LIKE 'BCDKT%'
AND cd.report_year=:year AND cd.report_quarter=:quarter
AND ((rc.enterprise_type_cd='dn' AND rr.row_desc IN ('270'))
OR (rc.enterprise_type_cd='bh' AND rr.row_desc IN ('270'))
OR (rc.enterprise_type_cd='td' AND rr.row_desc IN ('300')))";;;;
7;;Dashboard Giám sát tổng hợp toàn thị trường -Tổng hợp chỉ tiêu tài chính & thống kê;Nợ Phải Trả;"Σ Nợ Phải Trả của tất cả DN 
Công thức nợ phải trả theo ""GSĐC_Công thức CT""";Dashboard;Chỉ tiêu phái sinh;Trùng;Ngày;IDS - GSĐC;;X;;Done;;"IDS.data (d),
IDS.report_catalog (rc),
IDS.company_data (cd)";SUM(d.data_value) AS no_phai_tra;"rc2.col_desc = '1'
AND rc.report_cd LIKE 'BCDKT%'
AND ((rc.enterprise_type_cd='dn' AND rr.row_desc='300')
OR (rc.enterprise_type_cd='bh' AND rr.row_desc='300')
OR (rc.enterprise_type_cd='td' AND rr.row_desc='400'))";"SELECT SUM(d.data_value) AS no_phai_tra
FROM IDS.data d
JOIN IDS.report_catalog rc ON d.report_catalog_id=rc.id
JOIN IDS.rrow rr ON rr.row_cd = d.row_cd AND rr.report_catalog_id = d.report_catalog_id
JOIN IDS.rcol rc2 ON rc2.col_cd = d.col_cd AND rc2.report_catalog_id = d.report_catalog_id
JOIN IDS.company_data cd ON d.company_data_id=cd.id
WHERE rc2.col_desc = '1'
AND rc.report_cd LIKE 'BCDKT%'
AND cd.report_year=:year AND cd.report_quarter=:quarter
AND ((rc.enterprise_type_cd='dn' AND rr.row_desc IN ('300'))
OR (rc.enterprise_type_cd='bh' AND rr.row_desc IN ('300'))
OR (rc.enterprise_type_cd='td' AND rr.row_desc IN ('400')))";;;;
7;;Dashboard Giám sát tổng hợp toàn thị trường -Tổng hợp chỉ tiêu tài chính & thống kê;Vốn CSH;"Σ VCSH của tất cả các DN
Công thức VCSH theo ""GSĐC_Công thức CT""";Dashboard;Chỉ tiêu phái sinh;Trùng;Ngày;IDS - GSĐC;;X;;Done;;"IDS.data (d),
IDS.report_catalog (rc),
IDS.company_data (cd)";SUM(d.data_value) AS vcsh;"rc2.col_desc = '1'
AND rc.report_cd LIKE 'BCDKT%'
AND ((rc.enterprise_type_cd='dn' AND rr.row_desc='400')
OR (rc.enterprise_type_cd='bh' AND rr.row_desc='400')
OR (rc.enterprise_type_cd='td' AND rr.row_desc='500'))";"SELECT SUM(d.data_value) AS vcsh
FROM IDS.data d
JOIN IDS.report_catalog rc ON d.report_catalog_id=rc.id
JOIN IDS.rrow rr ON rr.row_cd = d.row_cd AND rr.report_catalog_id = d.report_catalog_id
JOIN IDS.rcol rc2 ON rc2.col_cd = d.col_cd AND rc2.report_catalog_id = d.report_catalog_id
JOIN IDS.company_data cd ON d.company_data_id=cd.id
WHERE rc2.col_desc = '1'
AND rc.report_cd LIKE 'BCDKT%'
AND cd.report_year=:year AND cd.report_quarter=:quarter
AND ((rc.enterprise_type_cd='dn' AND rr.row_desc IN ('400'))
OR (rc.enterprise_type_cd='bh' AND rr.row_desc IN ('400'))
OR (rc.enterprise_type_cd='td' AND rr.row_desc IN ('500')))";;;;
7;;Dashboard Giám sát tổng hợp toàn thị trường -Tổng hợp chỉ tiêu tài chính & thống kê;Vốn điều lệ;"Σ Vốn điều lệ, Vốn góp của chủ sở hữu của tất cả DN 
Công thức Vốn góp của CSH theo ""GSĐC_Công thức CT""";Dashboard;Chỉ tiêu phái sinh;Trùng;Ngày;IDS - GSĐC;;X;;Done;;"IDS.data (d),
IDS.report_catalog (rc),
IDS.company_data (cd)";SUM(d.data_value) AS von_dieu_le;"rc2.col_desc = '1'
AND rc.report_cd LIKE 'BCDKT%'
AND ((rc.enterprise_type_cd='dn' AND rr.row_desc='411')
OR (rc.enterprise_type_cd='bh' AND rr.row_desc='411')
OR (rc.enterprise_type_cd='td' AND rr.row_desc='411'))";"SELECT SUM(d.data_value) AS von_dieu_le
FROM IDS.data d
JOIN IDS.report_catalog rc ON d.report_catalog_id=rc.id
JOIN IDS.rrow rr ON rr.row_cd = d.row_cd AND rr.report_catalog_id = d.report_catalog_id
JOIN IDS.rcol rc2 ON rc2.col_cd = d.col_cd AND rc2.report_catalog_id = d.report_catalog_id
JOIN IDS.company_data cd ON d.company_data_id=cd.id
WHERE rc2.col_desc = '1'
AND rc.report_cd LIKE 'BCDKT%'
AND cd.report_year=:year AND cd.report_quarter=:quarter
AND ((rc.enterprise_type_cd='dn' AND rr.row_desc IN ('411'))
OR (rc.enterprise_type_cd='bh' AND rr.row_desc IN ('411'))
OR (rc.enterprise_type_cd='td' AND rr.row_desc IN ('411')))";;;;
7;;Dashboard Giám sát tổng hợp toàn thị trường -Tổng hợp chỉ tiêu tài chính & thống kê;Lợi nhuận sau thuế;"Σ Lợi nhuận sau thuế của tất cả DN 
Công thức LNST theo ""GSĐC_Công thức CT""";Dashboard;Chỉ tiêu phái sinh;Trùng;Ngày;IDS - GSĐC;;X;;Done;;"IDS.data (d),
IDS.report_catalog (rc),
IDS.company_data (cd)";SUM(d.data_value) AS lnst;"rc2.col_desc = '1'
AND rc.report_cd LIKE 'BCKQKD%'
AND ((rc.enterprise_type_cd='dn' AND rr.row_desc='60')
OR (rc.enterprise_type_cd='bh' AND rr.row_desc='60')
OR (rc.enterprise_type_cd='td' AND rr.row_desc='21'))";"SELECT SUM(d.data_value) AS lnst
FROM IDS.data d
JOIN IDS.report_catalog rc ON d.report_catalog_id=rc.id
JOIN IDS.rrow rr ON rr.row_cd = d.row_cd AND rr.report_catalog_id = d.report_catalog_id
JOIN IDS.rcol rc2 ON rc2.col_cd = d.col_cd AND rc2.report_catalog_id = d.report_catalog_id
JOIN IDS.company_data cd ON d.company_data_id=cd.id
WHERE rc2.col_desc = '1'
AND rc.report_cd LIKE 'BCKQKD%'
AND cd.report_year=:year AND cd.report_quarter=:quarter
AND ((rc.enterprise_type_cd='dn' AND rr.row_desc IN ('60'))
OR (rc.enterprise_type_cd='bh' AND rr.row_desc IN ('60'))
OR (rc.enterprise_type_cd='td' AND rr.row_desc IN ('21')))";;;;
7;;Dashboard Giám sát tổng hợp toàn thị trường -Tổng hợp chỉ tiêu tài chính & thống kê;ROA;"ROE = (LNST/Tổng tài sản bình quân) * 100%
Tổng tài sản bình quân = (Tổng tài sản đầu kỳ + Tổng tài sản cuối kỳ)/2
Công thức LNST, Tổng tài sản theo ""GSĐC_Công thức CT""
";Dashboard;Chỉ tiêu phái sinh;Trùng;Ngày;IDS - GSĐC;;X;;Done;;"IDS.data (d),
IDS.report_catalog (rc),
IDS.company_data (cd)";SUM(lnst) / SUM(TSBQ) * 100 AS roa_pct;"Tổng tài sản bình quân = (ts_dầu_kỳ + ts_cuối_kỳ)/2
LNST cuối kỳ
-- Chỉ tiêu phái sinh tổng hợp toàn thị trường";"-- ROA = LNST / Tổng tài sản bình quân * 100%
-- TSBQ = (TS đầu kỳ + TS cuối kỳ) / 2
WITH ts_bq AS (
SELECT cd.company_profile_id,
SUM(CASE WHEN rc2.col_desc = '2' THEN d.data_value ELSE 0 END) AS ts_dau,
SUM(CASE WHEN rc2.col_desc = '1' THEN d.data_value ELSE 0 END) AS ts_cuoi
FROM IDS.data d
JOIN IDS.report_catalog rc ON d.report_catalog_id=rc.id
JOIN IDS.rrow rr ON rr.row_cd = d.row_cd AND rr.report_catalog_id = d.report_catalog_id
JOIN IDS.rcol rc2 ON rc2.col_cd = d.col_cd AND rc2.report_catalog_id = d.report_catalog_id
JOIN IDS.company_data cd ON d.company_data_id=cd.id
WHERE cd.report_year=:year AND cd.report_quarter=:quarter
AND rc.report_cd LIKE 'BCDKT%'
AND ((rc.enterprise_type_cd='dn' AND rr.row_desc='270')
OR (rc.enterprise_type_cd='bh' AND rr.row_desc='270')
OR (rc.enterprise_type_cd='td' AND rr.row_desc='300'))
GROUP BY cd.company_profile_id
), lnst AS (
SELECT cd.company_profile_id, SUM(d.data_value) AS lnst
FROM IDS.data d
JOIN IDS.report_catalog rc ON d.report_catalog_id=rc.id
JOIN IDS.company_data cd ON d.company_data_id=cd.id
WHERE rc2.col_desc = '1'
AND rc.report_cd LIKE 'BCKQKD%' AND cd.report_year=:year AND cd.report_quarter=:quarter
AND ((rc.enterprise_type_cd='dn' AND rr.row_desc='60')
OR (rc.enterprise_type_cd='bh' AND rr.row_desc='60')
OR (rc.enterprise_type_cd='td' AND rr.row_desc='21'))
GROUP BY cd.company_profile_id
)
SELECT SUM(l.lnst) / NULLIF(SUM(
CASE WHEN t.ts_dau IS NULL THEN t.ts_cuoi
WHEN t.ts_cuoi IS NULL THEN t.ts_dau
ELSE (t.ts_dau+t.ts_cuoi)/2 END),0)*100 AS roa_pct
FROM ts_bq t JOIN lnst l ON l.company_profile_id=t.company_profile_id";;;;
7;;Dashboard Giám sát tổng hợp toàn thị trường -Tổng hợp chỉ tiêu tài chính & thống kê;ROE;"ROE = (LNST/VCSH bình quân) * 100%
VCSH bình quân = (VCSH đầu kỳ + VCSH cuối kỳ)/2
Công thức LNST, VCSH theo ""GSĐC_Công thức CT""";Dashboard;Chỉ tiêu phái sinh;Trùng;Ngày;IDS - GSĐC;;X;;Done;;"IDS.data (d),
IDS.report_catalog (rc),
IDS.company_data (cd)";SUM(lnst) / SUM(VCSHBQ) * 100 AS roe_pct;"VCSH bình quân = (vcsh_đầu_kỳ + vcsh_cuối_kỳ)/2
LNST cuối kỳ";"-- ROA = LNST / VCSH bình quân * 100%
-- VCSHBQ = (TS đầu kỳ + TS cuối kỳ) / 2
WITH ts_bq AS (
SELECT cd.company_profile_id,
SUM(CASE WHEN rc2.col_desc = '2' THEN d.data_value ELSE 0 END) AS vcsh_dau,
SUM(CASE WHEN rc2.col_desc = '1' THEN d.data_value ELSE 0 END) AS vcsh_cuoi
FROM IDS.data d
JOIN IDS.report_catalog rc ON d.report_catalog_id=rc.id
JOIN IDS.rrow rr ON rr.row_cd = d.row_cd AND rr.report_catalog_id = d.report_catalog_id
JOIN IDS.rcol rc2 ON rc2.col_cd = d.col_cd AND rc2.report_catalog_id = d.report_catalog_id
JOIN IDS.company_data cd ON d.company_data_id=cd.id
WHERE cd.report_year=:year AND cd.report_quarter=:quarter
AND rc.report_cd LIKE 'BCDKT%'
AND ((rc.enterprise_type_cd='dn' AND rr.row_desc='400')
OR (rc.enterprise_type_cd='bh' AND rr.row_desc='D')
OR (rc.enterprise_type_cd='td' AND rr.row_desc='500'))
GROUP BY cd.company_profile_id
), lnst AS (
SELECT cd.company_profile_id, SUM(d.data_value) AS lnst
FROM IDS.data d
JOIN IDS.report_catalog rc ON d.report_catalog_id=rc.id
JOIN IDS.company_data cd ON d.company_data_id=cd.id
WHERE rc2.col_desc = '1'
AND rc.report_cd LIKE 'BCKQKD%' AND cd.report_year=:year AND cd.report_quarter=:quarter
AND ((rc.enterprise_type_cd='dn' AND rr.row_desc='60')
OR (rc.enterprise_type_cd='bh' AND rr.row_desc='60')
OR (rc.enterprise_type_cd='td' AND rr.row_desc='21'))
GROUP BY cd.company_profile_id
)
SELECT SUM(l.lnst) / NULLIF(SUM(
CASE WHEN t.vcsh_dau IS NULL THEN t.vcsh_cuoi
WHEN t.vcsh_cuoi IS NULL THEN t.vcsh_dau
ELSE (t.vcsh_dau+t.vcsh_cuoi)/2 END),0)*100 AS roe_pct
FROM ts_bq t JOIN lnst l ON l.company_profile_id=t.company_profile_id";;;;
7;;Dashboard Giám sát tổng hợp toàn thị trường -Tổng hợp chỉ tiêu tài chính & thống kê;Hàng Tồn Kho;"Σ Giá trị hàng tồn kho của tất cả DN
Công thức hàng tồn kho theo ""GSĐC_Công thức CT""";Dashboard;Chỉ tiêu phái sinh;Trùng;Ngày;IDS - GSĐC;;X;;Done;;"IDS.data (d),
IDS.report_catalog (rc),
IDS.company_data (cd)";SUM(d.data_value) AS hang_ton_kho;"rc2.col_desc = '1'
AND rc.report_cd LIKE 'BCDKT%'
AND ((rc.enterprise_type_cd='dn' AND rr.row_desc='140')
OR (rc.enterprise_type_cd='bh' AND rr.row_desc='140'))
-- Lưu ý: Tổ chức tín dụng không có HTK";"SELECT SUM(d.data_value) AS hang_ton_kho
FROM IDS.data d
JOIN IDS.report_catalog rc ON d.report_catalog_id=rc.id
JOIN IDS.rrow rr ON rr.row_cd = d.row_cd AND rr.report_catalog_id = d.report_catalog_id
JOIN IDS.rcol rc2 ON rc2.col_cd = d.col_cd AND rc2.report_catalog_id = d.report_catalog_id
JOIN IDS.company_data cd ON d.company_data_id=cd.id
WHERE rc2.col_desc = '1'
AND rc.report_cd LIKE 'BCDKT%'
AND cd.report_year=:year AND cd.report_quarter=:quarter
AND ((rc.enterprise_type_cd='dn' AND rr.row_desc='140')
OR (rc.enterprise_type_cd='bh' AND rr.row_desc='140'))";;;;
7;;Dashboard Giám sát tổng hợp toàn thị trường -Tổng hợp chỉ tiêu tài chính & thống kê;Doanh thu;"Σ Doanh thu của tất cả DN 
Công thức Doanh thu theo ""GSĐC_Công thức CT""";Dashboard;Chỉ tiêu phái sinh;Trùng;Ngày;IDS - GSĐC;;X;;Done;;"IDS.data (d),
IDS.report_catalog (rc),
IDS.company_data (cd)";SUM(d.data_value) AS doanh_thu;"rc2.col_desc = '1'
AND rc.report_cd LIKE 'BCKQKD%'
AND ((rc.enterprise_type_cd='dn' AND rr.row_desc='10')
OR (rc.enterprise_type_cd='bh' AND rr.row_desc='10')
OR (rc.enterprise_type_cd='td' AND rr.row_desc='03'))";"SELECT SUM(d.data_value) AS doanh_thu
FROM IDS.data d
JOIN IDS.report_catalog rc ON d.report_catalog_id=rc.id
JOIN IDS.rrow rr ON rr.row_cd = d.row_cd AND rr.report_catalog_id = d.report_catalog_id
JOIN IDS.rcol rc2 ON rc2.col_cd = d.col_cd AND rc2.report_catalog_id = d.report_catalog_id
JOIN IDS.company_data cd ON d.company_data_id=cd.id
WHERE rc2.col_desc = '1'
AND rc.report_cd LIKE 'BCKQKD%'
AND cd.report_year=:year AND cd.report_quarter=:quarter
AND ((rc.enterprise_type_cd='dn' AND rr.row_desc IN ('10'))
OR (rc.enterprise_type_cd='bh' AND rr.row_desc IN ('10'))
OR (rc.enterprise_type_cd='td' AND rr.row_desc IN ('03')))";;;;
7;;Dashboard Giám sát tổng hợp toàn thị trường -Tổng hợp chỉ tiêu tài chính & thống kê;Lợi nhuận dồn tích (YTD);"Σ LNST của tất cả DN từ đầu năm đến kỳ báo cáo
Công thức Lợi nhuận dồn tích (YTD) theo ""GSĐC_Công thức CT""";Dashboard;Chỉ tiêu phái sinh;Trùng;Ngày;IDS - GSĐC;;X;;Done;;"IDS.data (d),
IDS.report_catalog (rc),
IDS.company_data (cd)";SUM(d.data_value) AS lnst_ytd;"rc2.col_desc = '1'
AND rc.report_cd LIKE 'BCDKT%'
AND cd.report_year=:year AND cd.report_quarter=:quarter
AND ((rc.enterprise_type_cd='dn' AND rr.row_desc='421')
OR (rc.enterprise_type_cd='bh' AND rr.row_desc='421'))
-- LNST YTD = giá trị lũy kế từ đầu năm đến cuối kỳ";"SELECT SUM(d.data_value) AS lnst_ytd
FROM IDS.data d
JOIN IDS.report_catalog rc ON d.report_catalog_id=rc.id
JOIN IDS.rrow rr ON rr.row_cd = d.row_cd AND rr.report_catalog_id = d.report_catalog_id
JOIN IDS.rcol rc2 ON rc2.col_cd = d.col_cd AND rc2.report_catalog_id = d.report_catalog_id
JOIN IDS.company_data cd ON d.company_data_id=cd.id
WHERE rc2.col_desc = '1'
AND rc.report_cd LIKE 'BCDKT%'
AND cd.report_year=:year AND cd.report_quarter=:quarter
AND ((rc.enterprise_type_cd='dn' AND rr.row_desc='421')
OR (rc.enterprise_type_cd='bh' AND rr.row_desc='421'))";;;;
7;;Dashboard Giám sát tổng hợp toàn thị trường -Tổng hợp chỉ tiêu tài chính & thống kê;Phải thu;"Tổng phải thu = Phải thu ngắn hạn + Phải thu dài hạn
Công thức Phải thu theo ""GSĐC_Công thức CT""";Dashboard;Chỉ tiêu phái sinh;Trùng;Ngày;IDS - GSĐC;;X;;Done;;"IDS.data (d),
IDS.report_catalog (rc),
IDS.company_data (cd)";SUM(d.data_value) AS phai_thu;"rc2.col_desc = '1' 
AND rc.report_cd LIKE 'BCDKT%' 
AND cd.report_year=:year AND cd.report_quarter=:quarter 
AND ((rc.enterprise_type_cd='dn' AND rr.row_desc IN ('130', '210')) 
OR (rc.enterprise_type_cd='bh' AND rr.row_desc IN ('130', '210')) 
OR (rc.enterprise_type_cd='td' AND rr.row_desc IN ('251')) 
)";"SELECT SUM(d.data_value) AS phai_thu
FROM IDS.data d
JOIN IDS.report_catalog rc ON d.report_catalog_id=rc.id
JOIN IDS.rrow rr ON rr.row_cd = d.row_cd AND rr.report_catalog_id = d.report_catalog_id
JOIN IDS.rcol rc2 ON rc2.col_cd = d.col_cd AND rc2.report_catalog_id = d.report_catalog_id
JOIN IDS.company_data cd ON d.company_data_id=cd.id
WHERE rc2.col_desc = '1'
AND rc.report_cd LIKE 'BCDKT%'
AND cd.report_year = :year AND cd.report_quarter = :quarter
AND ((rc.enterprise_type_cd='dn' AND rr.row_desc IN ('130','210'))
OR (rc.enterprise_type_cd='bh' AND rr.row_desc IN ('130','210'))
OR (rc.enterprise_type_cd='td' AND rr.row_desc IN ('251')))";;;;
7;;Dashboard Giám sát tổng hợp toàn thị trường -Tổng hợp chỉ tiêu tài chính & thống kê;Tiền và tương đương tiền;"Tiền và tương đương tiền = Tiền mặt + Tiền gửi ngân hàng + Các khoản tương đương tiền
Công thức Tiền và tương đương tiền theo ""GSĐC_Công thức CT""";Dashboard;Chỉ tiêu phái sinh;Trùng;Ngày;IDS - GSĐC;;X;;Done;;"IDS.data (d),
IDS.report_catalog (rc),
IDS.company_data (cd)";SUM(d.data_value) AS tien_tuong_duong;"rc2.col_desc = '1'
AND rc.report_cd LIKE 'BCDKT%'
AND ((rc.enterprise_type_cd='dn' AND rr.row_desc='110')
OR (rc.enterprise_type_cd='bh' AND rr.row_desc='110')
OR (rc.enterprise_type_cd='td' AND rr.row_desc IN ('110','120')))";"SELECT SUM(d.data_value) AS tien_tuong_duong
FROM IDS.data d
JOIN IDS.report_catalog rc ON d.report_catalog_id=rc.id
JOIN IDS.rrow rr ON rr.row_cd = d.row_cd AND rr.report_catalog_id = d.report_catalog_id
JOIN IDS.rcol rc2 ON rc2.col_cd = d.col_cd AND rc2.report_catalog_id = d.report_catalog_id
JOIN IDS.company_data cd ON d.company_data_id=cd.id
WHERE rc2.col_desc = '1'
AND rc.report_cd LIKE 'BCDKT%'
AND cd.report_year=:year AND cd.report_quarter=:quarter
AND ((rc.enterprise_type_cd='dn' AND rr.row_desc IN ('110'))
OR (rc.enterprise_type_cd='bh' AND rr.row_desc IN ('110'))
OR (rc.enterprise_type_cd='td' AND rr.row_desc IN ('110','120')))";;;;
7;;Dashboard Giám sát tổng hợp toàn thị trường -Tổng hợp chỉ tiêu tài chính & thống kê;Nợ/ Vốn CSH;"Tỷ lệ Nợ / Vốn chủ sở hữu = Tổng nợ phải trả / Vốn chủ sở hữu
Công thức Nợ/ Vốn CSH theo ""GSĐC_Công thức CT""";Dashboard;Chỉ tiêu phái sinh;Trùng;Ngày;IDS - GSĐC;;X;;Done;;"IDS.data (d),
IDS.report_catalog (rc),
IDS.company_data (cd)";SUM(no_phai_tra) / NULLIF(SUM(vcsh),0) AS ty_le_no_vcsh;Tổng nợ phải trả / Vốn chủ sở hữu;Nợ/Vốn CSH = Tổng Nợ Phải Trả / VCSH;;;;
7;;Dashboard Giám sát tổng hợp toàn thị trường -Tổng hợp chỉ tiêu tài chính & thống kê;Tổng tài sản - so sánh thay đổi cùng kỳ năm trước;Tổng tài sản - so sánh thay đổi cùng kỳ năm trước;Dashboard;Chỉ tiêu phái sinh;Trùng;Ngày;IDS - GSĐC;;X;;Done;;"IDS.data (d),
IDS.report_catalog (rc),
IDS.company_data (cd)";(Tổng tài sản_ky_nay - Tổng tài sản_cung_ky) / Tổng tài sản_cung_ky * 100;"Chỉ tiêu phái sinh
= (Kỳ này - Cùng kỳ năm trước) / Cùng kỳ năm trước × 100%";"-- Chỉ tiêu phái sinh
-- = (Chỉ tiêu kỳ này - Chỉ tiêu cùng kỳ năm trước) / Chỉ tiêu cùng kỳ năm trước * 100%
-- Tính bằng cách chạy SQL tương ứng với :year và :year-1
SELECT ROUND((ky_nay.gia_tri - ck_truoc.gia_tri)
/ NULLIF(ck_truoc.gia_tri, 0) * 100, 2) AS thay_doi_pct
FROM (<SQL tổng tài sản, :year=N>) ky_nay
CROSS JOIN (<SQL tổng tài sản, :year=N-1>) ck_truoc";;;;
7;;Dashboard Giám sát tổng hợp toàn thị trường -Tổng hợp chỉ tiêu tài chính & thống kê;Nợ Phải Trả - so sánh thay đổi cùng kỳ năm trước;Nợ Phải Trả - so sánh thay đổi cùng kỳ năm trước;Dashboard;Chỉ tiêu phái sinh;Trùng;Ngày;IDS - GSĐC;;X;;Done;;"IDS.data (d),
IDS.report_catalog (rc),
IDS.company_data (cd)";(Nợ Phải Trả_ky_nay - Nợ Phải Trả_cung_ky) / Nợ Phải Trả_cung_ky * 100;"Chỉ tiêu phái sinh
= (Kỳ này - Cùng kỳ năm trước) / Cùng kỳ năm trước × 100%";"-- Chỉ tiêu phái sinh
-- = (Chỉ tiêu kỳ này - Chỉ tiêu cùng kỳ năm trước) / Chỉ tiêu cùng kỳ năm trước * 100%
-- Tính bằng cách chạy SQL tương ứng với :year và :year-1
SELECT ROUND((ky_nay.gia_tri - ck_truoc.gia_tri)
/ NULLIF(ck_truoc.gia_tri, 0) * 100, 2) AS thay_doi_pct
FROM (<SQL Nợ phải trả, :year=N>) ky_nay
CROSS JOIN (<SQL Nợ phải trả, :year=N-1>) ck_truoc";;;;
7;;Dashboard Giám sát tổng hợp toàn thị trường -Tổng hợp chỉ tiêu tài chính & thống kê;Vốn CSH - so sánh thay đổi cùng kỳ năm trước;Vốn CSH - so sánh thay đổi cùng kỳ năm trước;Dashboard;Chỉ tiêu phái sinh;Trùng;Ngày;IDS - GSĐC;;X;;Done;;"IDS.data (d),
IDS.report_catalog (rc),
IDS.company_data (cd)";(Vốn CSH_ky_nay - Vốn CSH_cung_ky) / Vốn CSH_cung_ky * 100;"Chỉ tiêu phái sinh
= (Kỳ này - Cùng kỳ năm trước) / Cùng kỳ năm trước × 100%";"-- Chỉ tiêu phái sinh
-- = (Chỉ tiêu kỳ này - Chỉ tiêu cùng kỳ năm trước) / Chỉ tiêu cùng kỳ năm trước * 100%
-- Tính bằng cách chạy SQL tương ứng với :year và :year-1
SELECT ROUND((ky_nay.gia_tri - ck_truoc.gia_tri)
/ NULLIF(ck_truoc.gia_tri, 0) * 100, 2) AS thay_doi_pct
FROM (<SQL Vốn csh, :year=N>) ky_nay
CROSS JOIN (<SQL Vốn csh, :year=N-1>) ck_truoc";;;;
7;;Dashboard Giám sát tổng hợp toàn thị trường -Tổng hợp chỉ tiêu tài chính & thống kê;Vốn điều lệ - so sánh thay đổi cùng kỳ năm trước;Vốn điều lệ - so sánh thay đổi cùng kỳ năm trước;Dashboard;Chỉ tiêu phái sinh;Trùng;Ngày;IDS - GSĐC;;X;;Done;;"IDS.data (d),
IDS.report_catalog (rc),
IDS.company_data (cd)";(Vốn điều lệ_ky_nay - Vốn điều lệ_cung_ky) / Vốn điều lệ_cung_ky * 100;"Chỉ tiêu phái sinh
= (Kỳ này - Cùng kỳ năm trước) / Cùng kỳ năm trước × 100%";"-- Chỉ tiêu phái sinh
-- = (Chỉ tiêu kỳ này - Chỉ tiêu cùng kỳ năm trước) / Chỉ tiêu cùng kỳ năm trước * 100%
-- Tính bằng cách chạy SQL tương ứng với :year và :year-1
SELECT ROUND((ky_nay.gia_tri - ck_truoc.gia_tri)
/ NULLIF(ck_truoc.gia_tri, 0) * 100, 2) AS thay_doi_pct
FROM (<SQL Vốn đl, :year=N>) ky_nay
CROSS JOIN (<SQL Vốn đl, :year=N-1>) ck_truoc";;;;
7;;Dashboard Giám sát tổng hợp toàn thị trường -Tổng hợp chỉ tiêu tài chính & thống kê;Lợi nhuận sau thuế - so sánh thay đổi cùng kỳ năm trước;Lợi nhuận sau thuế - so sánh thay đổi cùng kỳ năm trước;Dashboard;Chỉ tiêu phái sinh;Trùng;Ngày;IDS - GSĐC;;X;;Done;;"IDS.data (d),
IDS.report_catalog (rc),
IDS.company_data (cd)";(Lợi nhuận sau thuế_ky_nay - Lợi nhuận sau thuế_cung_ky) / Lợi nhuận sau thuế_cung_ky * 100;"Chỉ tiêu phái sinh
= (Kỳ này - Cùng kỳ năm trước) / Cùng kỳ năm trước × 100%";"-- Chỉ tiêu phái sinh
-- = (Chỉ tiêu kỳ này - Chỉ tiêu cùng kỳ năm trước) / Chỉ tiêu cùng kỳ năm trước * 100%
-- Tính bằng cách chạy SQL tương ứng với :year và :year-1
SELECT ROUND((ky_nay.gia_tri - ck_truoc.gia_tri)
/ NULLIF(ck_truoc.gia_tri, 0) * 100, 2) AS thay_doi_pct
FROM (<SQL LNST, :year=N>) ky_nay
CROSS JOIN (<SQL LNST, :year=N-1>) ck_truoc";;;;
7;;Dashboard Giám sát tổng hợp toàn thị trường -Tổng hợp chỉ tiêu tài chính & thống kê;ROA - so sánh thay đổi cùng kỳ năm trước;ROA - so sánh thay đổi cùng kỳ năm trước;Dashboard;Chỉ tiêu phái sinh;Trùng;Ngày;IDS - GSĐC;;X;;Done;;"IDS.data (d),
IDS.report_catalog (rc),
IDS.company_data (cd)";(ROA_ky_nay - ROA_cung_ky) / ROA_cung_ky * 100;"Chỉ tiêu phái sinh
= (Kỳ này - Cùng kỳ năm trước) / Cùng kỳ năm trước × 100%";"-- Chỉ tiêu phái sinh
-- = (Chỉ tiêu kỳ này - Chỉ tiêu cùng kỳ năm trước) / Chỉ tiêu cùng kỳ năm trước * 100%
-- Tính bằng cách chạy SQL tương ứng với :year và :year-1
SELECT ROUND((ky_nay.gia_tri - ck_truoc.gia_tri)
/ NULLIF(ck_truoc.gia_tri, 0) * 100, 2) AS thay_doi_pct
FROM (<SQL ROA, :year=N>) ky_nay
CROSS JOIN (<SQL ROA, :year=N-1>) ck_truoc";;;;
7;;Dashboard Giám sát tổng hợp toàn thị trường -Tổng hợp chỉ tiêu tài chính & thống kê;ROE - so sánh thay đổi cùng kỳ năm trước;ROE - so sánh thay đổi cùng kỳ năm trước;Dashboard;Chỉ tiêu phái sinh;Trùng;Ngày;IDS - GSĐC;;X;;Done;;"IDS.data (d),
IDS.report_catalog (rc),
IDS.company_data (cd)";(ROE_ky_nay - ROE_cung_ky) / ROE_cung_ky * 100;"Chỉ tiêu phái sinh
= (Kỳ này - Cùng kỳ năm trước) / Cùng kỳ năm trước × 100%";"-- Chỉ tiêu phái sinh
-- = (Chỉ tiêu kỳ này - Chỉ tiêu cùng kỳ năm trước) / Chỉ tiêu cùng kỳ năm trước * 100%
-- Tính bằng cách chạy SQL tương ứng với :year và :year-1
SELECT ROUND((ky_nay.gia_tri - ck_truoc.gia_tri)
/ NULLIF(ck_truoc.gia_tri, 0) * 100, 2) AS thay_doi_pct
FROM (<SQL ROE, :year=N>) ky_nay
CROSS JOIN (<SQL ROE, :year=N-1>) ck_truoc";;;;
7;;Dashboard Giám sát tổng hợp toàn thị trường -Tổng hợp chỉ tiêu tài chính & thống kê;Hàng Tồn Kho - so sánh thay đổi cùng kỳ năm trước;Hàng Tồn Kho - so sánh thay đổi cùng kỳ năm trước;Dashboard;Chỉ tiêu phái sinh;Trùng;Ngày;IDS - GSĐC;;X;;Done;;"IDS.data (d),
IDS.report_catalog (rc),
IDS.company_data (cd)";(Hàng Tồn Kho_ky_nay - Hàng Tồn Kho_cung_ky) / Hàng Tồn Kho_cung_ky * 100;"Chỉ tiêu phái sinh
= (Kỳ này - Cùng kỳ năm trước) / Cùng kỳ năm trước × 100%";"-- Chỉ tiêu phái sinh
-- = (Chỉ tiêu kỳ này - Chỉ tiêu cùng kỳ năm trước) / Chỉ tiêu cùng kỳ năm trước * 100%
-- Tính bằng cách chạy SQL tương ứng với :year và :year-1
SELECT ROUND((ky_nay.gia_tri - ck_truoc.gia_tri)
/ NULLIF(ck_truoc.gia_tri, 0) * 100, 2) AS thay_doi_pct
FROM (<SQL Hàng tồn kho, :year=N>) ky_nay
CROSS JOIN (<SQL Hàng tồn kho, :year=N-1>) ck_truoc";;;;
7;;Dashboard Giám sát tổng hợp toàn thị trường -Tổng hợp chỉ tiêu tài chính & thống kê;Doanh thu - so sánh thay đổi cùng kỳ năm trước;Doanh thu - so sánh thay đổi cùng kỳ năm trước;Dashboard;Chỉ tiêu phái sinh;Trùng;Ngày;IDS - GSĐC;;X;;Done;;"IDS.data (d),
IDS.report_catalog (rc),
IDS.company_data (cd)";(Doanh thu_ky_nay - Doanh thu_cung_ky) / Doanh thu_cung_ky * 100;"Chỉ tiêu phái sinh
= (Kỳ này - Cùng kỳ năm trước) / Cùng kỳ năm trước × 100%";"-- Chỉ tiêu phái sinh
-- = (Chỉ tiêu kỳ này - Chỉ tiêu cùng kỳ năm trước) / Chỉ tiêu cùng kỳ năm trước * 100%
-- Tính bằng cách chạy SQL tương ứng với :year và :year-1
SELECT ROUND((ky_nay.gia_tri - ck_truoc.gia_tri)
/ NULLIF(ck_truoc.gia_tri, 0) * 100, 2) AS thay_doi_pct
FROM (<SQL doanh thu, :year=N>) ky_nay
CROSS JOIN (<SQL doanh thu, :year=N-1>) ck_truoc";;;;
7;;Dashboard Giám sát tổng hợp toàn thị trường -Tổng hợp chỉ tiêu tài chính & thống kê;Lợi nhuận dồn tích (YTD) - so sánh thay đổi cùng kỳ năm trước;Lợi nhuận dồn tích (YTD) - so sánh thay đổi cùng kỳ năm trước;Dashboard;Chỉ tiêu phái sinh;Trùng;Ngày;IDS - GSĐC;;X;;Done;;"IDS.data (d),
IDS.report_catalog (rc),
IDS.company_data (cd)";(Lợi nhuận dồn tích YTD_ky_nay - Lợi nhuận dồn tích YTD_cung_ky) / Lợi nhuận dồn tích YTD_cung_ky * 100;"Chỉ tiêu phái sinh
= (Kỳ này - Cùng kỳ năm trước) / Cùng kỳ năm trước × 100%";"-- Chỉ tiêu phái sinh
-- = (Chỉ tiêu kỳ này - Chỉ tiêu cùng kỳ năm trước) / Chỉ tiêu cùng kỳ năm trước * 100%
-- Tính bằng cách chạy SQL tương ứng với :year và :year-1
SELECT ROUND((ky_nay.gia_tri - ck_truoc.gia_tri)
/ NULLIF(ck_truoc.gia_tri, 0) * 100, 2) AS thay_doi_pct
FROM (<SQL Lợi nhuận dồn tích, :year=N>) ky_nay
CROSS JOIN (<SQL Lợi nhuận dồn tích, :year=N-1>) ck_truoc";;;;
7;;Dashboard Giám sát tổng hợp toàn thị trường -Tổng hợp chỉ tiêu tài chính & thống kê;Phải thu - so sánh thay đổi cùng kỳ năm trước;Phải thu - so sánh thay đổi cùng kỳ năm trước;Dashboard;Chỉ tiêu phái sinh;Trùng;Ngày;IDS - GSĐC;;X;;Done;;"IDS.data (d),
IDS.report_catalog (rc),
IDS.company_data (cd)";(Phải thu_ky_nay - Phải thu_cung_ky) / Phải thu_cung_ky * 100;"Chỉ tiêu phái sinh
= (Kỳ này - Cùng kỳ năm trước) / Cùng kỳ năm trước × 100%";"-- Chỉ tiêu phái sinh
-- = (Chỉ tiêu kỳ này - Chỉ tiêu cùng kỳ năm trước) / Chỉ tiêu cùng kỳ năm trước * 100%
-- Tính bằng cách chạy SQL tương ứng với :year và :year-1
SELECT ROUND((ky_nay.gia_tri - ck_truoc.gia_tri)
/ NULLIF(ck_truoc.gia_tri, 0) * 100, 2) AS thay_doi_pct
FROM (<SQL phải thu, :year=N>) ky_nay
CROSS JOIN (<SQL phải thu, :year=N-1>) ck_truoc";;;;
7;;Dashboard Giám sát tổng hợp toàn thị trường -Tổng hợp chỉ tiêu tài chính & thống kê;Tiền và tương đương tiền - so sánh thay đổi cùng kỳ năm trước;Tiền và tương đương tiền - so sánh thay đổi cùng kỳ năm trước;Dashboard;Chỉ tiêu phái sinh;Trùng;Ngày;IDS - GSĐC;;X;;Done;;"IDS.data (d),
IDS.report_catalog (rc),
IDS.company_data (cd)";(Tiền và tương đương tiền_ky_nay - Tiền và tương đương tiền_cung_ky) / Tiền và tương đương tiền_cung_ky * 100;"Chỉ tiêu phái sinh
= (Kỳ này - Cùng kỳ năm trước) / Cùng kỳ năm trước × 100%";"-- Chỉ tiêu phái sinh
-- = (Chỉ tiêu kỳ này - Chỉ tiêu cùng kỳ năm trước) / Chỉ tiêu cùng kỳ năm trước * 100%
-- Tính bằng cách chạy SQL tương ứng với :year và :year-1
SELECT ROUND((ky_nay.gia_tri - ck_truoc.gia_tri)
/ NULLIF(ck_truoc.gia_tri, 0) * 100, 2) AS thay_doi_pct
FROM (<SQL tiền, tương đương tiền, :year=N>) ky_nay
CROSS JOIN (<SQL tiền, tương đương tiền, :year=N-1>) ck_truoc";;;;
7;;Dashboard Giám sát tổng hợp toàn thị trường -Tổng hợp chỉ tiêu tài chính & thống kê;Nợ/ Vốn CSH - so sánh thay đổi cùng kỳ năm trước;Nợ/ Vốn CSH - so sánh thay đổi cùng kỳ năm trước;Dashboard;Chỉ tiêu phái sinh;Trùng;Ngày;IDS - GSĐC;;X;;Done;;"IDS.data (d),
IDS.report_catalog (rc),
IDS.company_data (cd)";(Nợ/Vốn CSH_ky_nay - Nợ/Vốn CSH_cung_ky) / Nợ/Vốn CSH_cung_ky * 100;"Chỉ tiêu phái sinh
= (Kỳ này - Cùng kỳ năm trước) / Cùng kỳ năm trước × 100%";"-- Chỉ tiêu phái sinh
-- = (Chỉ tiêu kỳ này - Chỉ tiêu cùng kỳ năm trước) / Chỉ tiêu cùng kỳ năm trước * 100%
-- Tính bằng cách chạy SQL tương ứng với :year và :year-1
SELECT ROUND((ky_nay.gia_tri - ck_truoc.gia_tri)
/ NULLIF(ck_truoc.gia_tri, 0) * 100, 2) AS thay_doi_pct
FROM (<SQL nợ/VSCH, :year=N>) ky_nay
CROSS JOIN (<SQL nợ/VSCH, :year=N-1>) ck_truoc";;;;
8;;Dashboard Giám sát tổng hợp toàn thị trường -Tổng hợp chỉ tiêu tài chính & thống kê ngành;Ngành;Phân loại ngành lấy từ IDS;Dashboard;Chiều;Dễ;Ngày, Nhóm ngành;IDS - GSĐC;;X;;Done;;IDS.categories (c);c.industry_cd, c.industry_name AS ten_nganh;c.active_flg = 1;"SELECT c.industry_cd, c.industry_name
FROM IDS.categories c
WHERE c.active_flg = 1
ORDER BY c.industry_cd";"-- Lưu ý: Cần xác nhận tên cột industry_cd, industry_name trong bảng IDS.categories
-- (sheet câu hỏi phân hệ ghi nhận bảng này có 10 ngành IDS, không phải 21 ngành KT)";;;
8;;Dashboard Giám sát tổng hợp toàn thị trường -Tổng hợp chỉ tiêu tài chính & thống kê ngành;Tổng tài sản - theo ngành;"Σ Tổng tài sản của tất cả DN theo ngành
Công thức tổng tài sản theo ""GSĐC_Công thức CT""";Dashboard;Chỉ tiêu phái sinh;Trùng;Ngày, Nhóm ngành;IDS - GSĐC;;X;;Done;;"IDS.data (d),
IDS.report_catalog (rc),
IDS.company_data (cd),
IDS.company_detail (cdet)";cdet.category_l1_id, SUM(d.data_value) AS tong_tai_san;"rc2.col_desc = '1'
AND rc.report_cd LIKE 'BCDKT%'
AND ((rc.enterprise_type_cd='dn' AND rr.row_desc='270')
OR (rc.enterprise_type_cd='bh' AND rr.row_desc='270')
OR (rc.enterprise_type_cd='td' AND rr.row_desc='300'))
GROUP BY cdet.category_l1_id";"SELECT cdet.category_l1_id, SUM(d.data_value) AS tong_tai_san
FROM IDS.data d
JOIN IDS.report_catalog rc ON d.report_catalog_id=rc.id
JOIN IDS.rrow rr ON rr.row_cd = d.row_cd AND rr.report_catalog_id = d.report_catalog_id
JOIN IDS.rcol rc2 ON rc2.col_cd = d.col_cd AND rc2.report_catalog_id = d.report_catalog_id
JOIN IDS.company_data cd ON d.company_data_id=cd.id
JOIN IDS.company_detail cdet ON cdet.company_profile_id=cd.company_profile_id
WHERE rc2.col_desc = '1'
AND rc.report_cd LIKE 'BCDKT%'
AND cd.report_year=:year AND cd.report_quarter=:quarter
AND ((rc.enterprise_type_cd='dn' AND rr.row_desc IN ('270'))
OR (rc.enterprise_type_cd='bh' AND rr.row_desc IN ('270'))
OR (rc.enterprise_type_cd='td' AND rr.row_desc IN ('300')))
GROUP BY cdet.category_l1_id";;;;
8;;Dashboard Giám sát tổng hợp toàn thị trường -Tổng hợp chỉ tiêu tài chính & thống kê ngành;Nợ Phải Trả - theo ngành;"Σ Nợ Phải Trả của tất cả DN theo ngành
Công thức nợ phải trả theo ""GSĐC_Công thức CT""";Dashboard;Chỉ tiêu phái sinh;Trùng;Ngày, Nhóm ngành;IDS - GSĐC;;X;;Done;;"IDS.data (d),
IDS.report_catalog (rc),
IDS.company_data (cd),
IDS.company_detail (cdet)";cdet.category_l1_id, SUM(d.data_value) AS no_phai_tra;"rc2.col_desc = '1'
AND rc.report_cd LIKE 'BCDKT%'
AND ((rc.enterprise_type_cd='dn' AND rr.row_desc='300')
OR (rc.enterprise_type_cd='bh' AND rr.row_desc='300')
OR (rc.enterprise_type_cd='td' AND rr.row_desc='400'))
GROUP BY cdet.category_l1_id";"SELECT cdet.category_l1_id, SUM(d.data_value) AS no_phai_tra
FROM IDS.data d
JOIN IDS.report_catalog rc ON d.report_catalog_id=rc.id
JOIN IDS.rrow rr ON rr.row_cd = d.row_cd AND rr.report_catalog_id = d.report_catalog_id
JOIN IDS.rcol rc2 ON rc2.col_cd = d.col_cd AND rc2.report_catalog_id = d.report_catalog_id
JOIN IDS.company_data cd ON d.company_data_id=cd.id
JOIN IDS.company_detail cdet ON cdet.company_profile_id=cd.company_profile_id
WHERE rc2.col_desc = '1'
AND rc.report_cd LIKE 'BCDKT%'
AND cd.report_year=:year AND cd.report_quarter=:quarter
AND ((rc.enterprise_type_cd='dn' AND rr.row_desc IN ('300'))
OR (rc.enterprise_type_cd='bh' AND rr.row_desc IN ('300'))
OR (rc.enterprise_type_cd='td' AND rr.row_desc IN ('400')))
GROUP BY cdet.category_l1_id";;;;
8;;Dashboard Giám sát tổng hợp toàn thị trường -Tổng hợp chỉ tiêu tài chính & thống kê ngành;Vốn CSH - theo ngành;"Σ VCSH của tất cả các DN theo ngành
Công thức VCSH theo ""GSĐC_Công thức CT""";Dashboard;Chỉ tiêu phái sinh;Trùng;Ngày, Nhóm ngành;IDS - GSĐC;;X;;Done;;"IDS.data (d),
IDS.report_catalog (rc),
IDS.company_data (cd),
IDS.company_detail (cdet)";cdet.category_l1_id, SUM(d.data_value) AS vcsh;"rc2.col_desc = '1'
AND rc.report_cd LIKE 'BCDKT%'
AND ((rc.enterprise_type_cd='dn' AND rr.row_desc='400')
OR (rc.enterprise_type_cd='bh' AND rr.row_desc='400')
OR (rc.enterprise_type_cd='td' AND rr.row_desc='500'))
GROUP BY cdet.category_l1_id";"SELECT cdet.category_l1_id, SUM(d.data_value) AS vcsh
FROM IDS.data d
JOIN IDS.report_catalog rc ON d.report_catalog_id=rc.id
JOIN IDS.rrow rr ON rr.row_cd = d.row_cd AND rr.report_catalog_id = d.report_catalog_id
JOIN IDS.rcol rc2 ON rc2.col_cd = d.col_cd AND rc2.report_catalog_id = d.report_catalog_id
JOIN IDS.company_data cd ON d.company_data_id=cd.id
JOIN IDS.company_detail cdet ON cdet.company_profile_id=cd.company_profile_id
WHERE rc2.col_desc = '1'
AND rc.report_cd LIKE 'BCDKT%'
AND cd.report_year=:year AND cd.report_quarter=:quarter
AND ((rc.enterprise_type_cd='dn' AND rr.row_desc IN ('400'))
OR (rc.enterprise_type_cd='bh' AND rr.row_desc IN ('400'))
OR (rc.enterprise_type_cd='td' AND rr.row_desc IN ('500')))
GROUP BY cdet.category_l1_id";;;;
8;;Dashboard Giám sát tổng hợp toàn thị trường -Tổng hợp chỉ tiêu tài chính & thống kê ngành;Vốn điều lệ - theo ngành;"Σ Vốn điều lệ, Vốn góp của chủ sở hữu của tất cả DN theo ngành
Công thức Vốn góp của CSH theo ""GSĐC_Công thức CT""";Dashboard;Chỉ tiêu phái sinh;Trùng;Ngày, Nhóm ngành;IDS - GSĐC;;X;;Done;;"IDS.data (d),
IDS.report_catalog (rc),
IDS.company_data (cd),
IDS.company_detail (cdet)";cdet.category_l1_id, SUM(d.data_value) AS von_dieu_le;"rc2.col_desc = '1'
AND rc.report_cd LIKE 'BCDKT%'
AND ((rc.enterprise_type_cd='dn' AND rr.row_desc='411')
OR (rc.enterprise_type_cd='bh' AND rr.row_desc='411')
OR (rc.enterprise_type_cd='td' AND rr.row_desc='411'))
GROUP BY cdet.category_l1_id";"SELECT cdet.category_l1_id, SUM(d.data_value) AS von_dieu_le
FROM IDS.data d
JOIN IDS.report_catalog rc ON d.report_catalog_id=rc.id
JOIN IDS.rrow rr ON rr.row_cd = d.row_cd AND rr.report_catalog_id = d.report_catalog_id
JOIN IDS.rcol rc2 ON rc2.col_cd = d.col_cd AND rc2.report_catalog_id = d.report_catalog_id
JOIN IDS.company_data cd ON d.company_data_id=cd.id
JOIN IDS.company_detail cdet ON cdet.company_profile_id=cd.company_profile_id
WHERE rc2.col_desc = '1'
AND rc.report_cd LIKE 'BCDKT%'
AND cd.report_year=:year AND cd.report_quarter=:quarter
AND ((rc.enterprise_type_cd='dn' AND rr.row_desc IN ('411'))
OR (rc.enterprise_type_cd='bh' AND rr.row_desc IN ('411'))
OR (rc.enterprise_type_cd='td' AND rr.row_desc IN ('411')))
GROUP BY cdet.category_l1_id";;;;
9;;Dashboard Giám sát tổng hợp toàn thị trường -Tổng hợp chỉ tiêu tài chính & thống kê;Lợi nhuận sau thuế - theo ngành;"Σ Lợi nhuận sau thuế của tất cả DN theo ngành
Công thức LNST theo ""GSĐC_Công thức CT""";Dashboard;Chỉ tiêu phái sinh;Trùng;Ngày, Nhóm ngành;IDS - GSĐC;;X;;Done;;"IDS.data (d),
IDS.report_catalog (rc),
IDS.company_data (cd),
IDS.company_detail (cdet)";cdet.category_l1_id, SUM(d.data_value) AS lnst;"rc2.col_desc = '1'
AND rc.report_cd LIKE 'BCKQKD%'
AND ((rc.enterprise_type_cd='dn' AND rr.row_desc='60')
OR (rc.enterprise_type_cd='bh' AND rr.row_desc='60')
OR (rc.enterprise_type_cd='td' AND rr.row_desc='21'))
GROUP BY cdet.category_l1_id";"SELECT cdet.category_l1_id, SUM(d.data_value) AS lnst
FROM IDS.data d
JOIN IDS.report_catalog rc ON d.report_catalog_id=rc.id
JOIN IDS.rrow rr ON rr.row_cd = d.row_cd AND rr.report_catalog_id = d.report_catalog_id
JOIN IDS.rcol rc2 ON rc2.col_cd = d.col_cd AND rc2.report_catalog_id = d.report_catalog_id
JOIN IDS.company_data cd ON d.company_data_id=cd.id
JOIN IDS.company_detail cdet ON cdet.company_profile_id=cd.company_profile_id
WHERE rc2.col_desc = '1'
AND rc.report_cd LIKE 'BCKQKD%'
AND cd.report_year=:year AND cd.report_quarter=:quarter
AND ((rc.enterprise_type_cd='dn' AND rr.row_desc IN ('60'))
OR (rc.enterprise_type_cd='bh' AND rr.row_desc IN ('60'))
OR (rc.enterprise_type_cd='td' AND rr.row_desc IN ('21')))
GROUP BY cdet.category_l1_id";;;;
10;;Dashboard Giám sát tổng hợp toàn thị trường -Tổng hợp chỉ tiêu tài chính & thống kê ngành;ROA - theo ngành;"ROE = (LNST/Tổng tài sản bình quân) * 100%
Tổng tài sản bình quân = (Tổng tài sản đầu kỳ + Tổng tài sản cuối kỳ)/2
Công thức LNST, Tổng tài sản theo ""GSĐC_Công thức CT""";Dashboard;Chỉ tiêu phái sinh;Trùng;Ngày, Nhóm ngành;IDS - GSĐC;;X;;Done;;"IDS.data (d),
IDS.report_catalog (rc),
IDS.company_data (cd),
IDS.company_detail (cdet)";cdet.category_l1_id, SUM(lnst) / SUM(TSBQ) * 100 AS roa_pct;"Chỉ tiêu phái sinh 
= LNST / TSBQ * 100% 
GROUP BY cdet.category_l1_id
Tổng tài sản bình quân = (ts_dầu_kỳ + ts_cuối_kỳ)/2
LNST cuối kỳ";"-- ROA = LNST / Tổng tài sản bình quân * 100%
-- TSBQ = (TS đầu kỳ + TS cuối kỳ) / 2
WITH ts_bq AS (
SELECT cd.company_profile_id,
SUM(CASE WHEN rc2.col_desc = '2' THEN d.data_value ELSE 0 END) AS ts_dau,
SUM(CASE WHEN rc2.col_desc = '1' THEN d.data_value ELSE 0 END) AS ts_cuoi
FROM IDS.data d
JOIN IDS.report_catalog rc ON d.report_catalog_id=rc.id
JOIN IDS.rrow rr ON rr.row_cd = d.row_cd AND rr.report_catalog_id = d.report_catalog_id
JOIN IDS.rcol rc2 ON rc2.col_cd = d.col_cd AND rc2.report_catalog_id = d.report_catalog_id
JOIN IDS.company_data cd ON d.company_data_id=cd.id
WHERE cd.report_year=:year AND cd.report_quarter=:quarter
AND rc.report_cd LIKE 'BCDKT%'
AND ((rc.enterprise_type_cd='dn' AND rr.row_desc='270')
OR (rc.enterprise_type_cd='bh' AND rr.row_desc='270')
OR (rc.enterprise_type_cd='td' AND rr.row_desc='300'))
GROUP BY cd.company_profile_id
), lnst AS (
SELECT cd.company_profile_id, SUM(d.data_value) AS lnst
FROM IDS.data d
JOIN IDS.report_catalog rc ON d.report_catalog_id=rc.id
JOIN IDS.company_data cd ON d.company_data_id=cd.id
WHERE rc2.col_desc = '1'
AND rc.report_cd LIKE 'BCKQKD%' AND cd.report_year=:year AND cd.report_quarter=:quarter
AND ((rc.enterprise_type_cd='dn' AND rr.row_desc='60')
OR (rc.enterprise_type_cd='bh' AND rr.row_desc='60')
OR (rc.enterprise_type_cd='td' AND rr.row_desc='21'))
GROUP BY cd.company_profile_id
)
SELECT cdet.category_l1_id, SUM(l.lnst) / NULLIF(SUM(
CASE WHEN t.ts_dau IS NULL THEN t.ts_cuoi
WHEN t.ts_cuoi IS NULL THEN t.ts_dau
ELSE (t.ts_dau+t.ts_cuoi)/2 END),0)*100 AS roa_pct
FROM ts_bq t JOIN lnst l ON l.company_profile_id=t.company_profile_id
JOIN IDS.company_detail cdet ON cdet.company_profile_id=t.company_profile_id
GROUP BY cdet.category_l1_id";;;;
10;;Dashboard Giám sát tổng hợp toàn thị trường -Tổng hợp chỉ tiêu tài chính & thống kê ngành;ROE - theo ngành;"ROE = (LNST/VCSH bình quân) * 100%
VCSH bình quân = (VCSH đầu kỳ + VCSH cuối kỳ)/2
Công thức LNST, VCSH theo ""GSĐC_Công thức CT""";Dashboard;Chỉ tiêu phái sinh;Trùng;Ngày, Nhóm ngành;IDS - GSĐC;;X;;Done;;"IDS.data (d),
IDS.report_catalog (rc),
IDS.company_data (cd),
IDS.company_detail (cdet)";cdet.category_l1_id, SUM(lnst) / SUM(VCSHBQ) * 100 AS roe_pct;"Chỉ tiêu phái sinh
= LNST / VCSHBQ * 100%
GROUP BY cdet.category_l1_id

VCSH bình quân = (vcsh_đầu_kỳ + vcsh_cuối_kỳ)/2
LNST cuối kỳ";"-- ROA = LNST / VCSH bình quân * 100%
-- VCSHBQ = (TS đầu kỳ + TS cuối kỳ) / 2
WITH ts_bq AS (
SELECT cd.company_profile_id,
SUM(CASE WHEN rc2.col_desc = '2' THEN d.data_value ELSE 0 END) AS vcsh_dau,
SUM(CASE WHEN rc2.col_desc = '1' THEN d.data_value ELSE 0 END) AS vcsh_cuoi
FROM IDS.data d
JOIN IDS.report_catalog rc ON d.report_catalog_id=rc.id
JOIN IDS.rrow rr ON rr.row_cd = d.row_cd AND rr.report_catalog_id = d.report_catalog_id
JOIN IDS.rcol rc2 ON rc2.col_cd = d.col_cd AND rc2.report_catalog_id = d.report_catalog_id
JOIN IDS.company_data cd ON d.company_data_id=cd.id
WHERE cd.report_year=:year AND cd.report_quarter=:quarter
AND rc.report_cd LIKE 'BCDKT%'
AND ((rc.enterprise_type_cd='dn' AND rr.row_desc='400')
OR (rc.enterprise_type_cd='bh' AND rr.row_desc='D')
OR (rc.enterprise_type_cd='td' AND rr.row_desc='500'))
GROUP BY cd.company_profile_id
), lnst AS (
SELECT cd.company_profile_id, SUM(d.data_value) AS lnst
FROM IDS.data d
JOIN IDS.report_catalog rc ON d.report_catalog_id=rc.id
JOIN IDS.company_data cd ON d.company_data_id=cd.id
WHERE rc2.col_desc = '1'
AND rc.report_cd LIKE 'BCKQKD%' AND cd.report_year=:year AND cd.report_quarter=:quarter
AND ((rc.enterprise_type_cd='dn' AND rr.row_desc='60')
OR (rc.enterprise_type_cd='bh' AND rr.row_desc='60')
OR (rc.enterprise_type_cd='td' AND rr.row_desc='21'))
GROUP BY cd.company_profile_id
)
SELECT cdet.category_l1_id, SUM(l.lnst) / NULLIF(SUM(
CASE WHEN t.vcsh_dau IS NULL THEN t.vcsh_cuoi
WHEN t.vcsh_cuoi IS NULL THEN t.vcsh_dau
ELSE (t.vcsh_dau+t.vcsh_cuoi)/2 END),0)*100 AS roe_pct
FROM ts_bq t JOIN lnst l ON l.company_profile_id=t.company_profile_id
JOIN IDS.company_detail cdet ON cdet.company_profile_id=t.company_profile_id
GROUP BY cdet.category_l1_id";;;;
10;;Dashboard Giám sát tổng hợp toàn thị trường -Tổng hợp chỉ tiêu tài chính & thống kê ngành;Hàng Tồn Kho - theo ngành;"Σ Giá trị hàng tồn kho của tất cả DN theo ngành
Công thức hàng tồn kho theo ""GSĐC_Công thức CT""";Dashboard;Chỉ tiêu phái sinh;Trùng;Ngày, Nhóm ngành;IDS - GSĐC;;X;;Done;;"IDS.data (d),
IDS.report_catalog (rc),
IDS.company_data (cd),
IDS.company_detail (cdet)";cdet.category_l1_id, SUM(d.data_value) AS hang_ton_kho;"rc2.col_desc = '1'
AND rc.report_cd LIKE 'BCDKT%'
AND ((rc.enterprise_type_cd='dn' AND rr.row_desc='140')
OR (rc.enterprise_type_cd='bh' AND rr.row_desc='140')) 
GROUP BY cdet.category_l1_id";"SELECT cdet.category_l1_id, SUM(d.data_value) AS hang_ton_kho
FROM IDS.data d
JOIN IDS.report_catalog rc ON d.report_catalog_id=rc.id
JOIN IDS.rrow rr ON rr.row_cd = d.row_cd AND rr.report_catalog_id = d.report_catalog_id
JOIN IDS.rcol rc2 ON rc2.col_cd = d.col_cd AND rc2.report_catalog_id = d.report_catalog_id
JOIN IDS.company_data cd ON d.company_data_id=cd.id
JOIN IDS.company_detail cdet ON cdet.company_profile_id=cd.company_profile_id
WHERE rc2.col_desc = '1'
AND rc.report_cd LIKE 'BCDKT%'
AND cd.report_year=:year AND cd.report_quarter=:quarter
AND ((rc.enterprise_type_cd='dn' AND rr.row_desc='140')
OR (rc.enterprise_type_cd='bh' AND rr.row_desc='140'))
GROUP BY cdet.category_l1_id";;;;
10;;Dashboard Giám sát tổng hợp toàn thị trường -Tổng hợp chỉ tiêu tài chính & thống kê ngành;Doanh thu - theo ngành;"Σ Doanh thu của tất cả DN theo ngành
Công thức Doanh thu theo ""GSĐC_Công thức CT""";Dashboard;Chỉ tiêu phái sinh;Trùng;Ngày, Nhóm ngành;IDS - GSĐC;;X;;Done;;"IDS.data (d),
IDS.report_catalog (rc),
IDS.company_data (cd),
IDS.company_detail (cdet)";cdet.category_l1_id, SUM(d.data_value) AS doanh_thu;"rc2.col_desc = '1'
AND rc.report_cd LIKE 'BCKQKD%'
AND ((rc.enterprise_type_cd='dn' AND rr.row_desc='10')
OR (rc.enterprise_type_cd='bh' AND rr.row_desc='10')
OR (rc.enterprise_type_cd='td' AND rr.row_desc='03'))
GROUP BY cdet.category_l1_id";"SELECT cdet.category_l1_id, SUM(d.data_value) AS doanh_thu
FROM IDS.data d
JOIN IDS.report_catalog rc ON d.report_catalog_id=rc.id
JOIN IDS.rrow rr ON rr.row_cd = d.row_cd AND rr.report_catalog_id = d.report_catalog_id
JOIN IDS.rcol rc2 ON rc2.col_cd = d.col_cd AND rc2.report_catalog_id = d.report_catalog_id
JOIN IDS.company_data cd ON d.company_data_id=cd.id
JOIN IDS.company_detail cdet ON cdet.company_profile_id=cd.company_profile_id
WHERE rc2.col_desc = '1'
AND rc.report_cd LIKE 'BCKQKD%'
AND cd.report_year=:year AND cd.report_quarter=:quarter
AND ((rc.enterprise_type_cd='dn' AND rr.row_desc IN ('10'))
OR (rc.enterprise_type_cd='bh' AND rr.row_desc IN ('10'))
OR (rc.enterprise_type_cd='td' AND rr.row_desc IN ('03')))
GROUP BY cdet.category_l1_id";;;;
10;;Dashboard Giám sát tổng hợp toàn thị trường -Tổng hợp chỉ tiêu tài chính & thống kê ngành;Lợi nhuận dồn tích (YTD) - theo ngành;"Σ LNST của tất cả DN theo ngành từ đầu năm đến kỳ báo cáo
Công thức Lợi nhuận dồn tích (YTD) theo ""GSĐC_Công thức CT""";Dashboard;Chỉ tiêu phái sinh;Trùng;Ngày, Nhóm ngành;IDS - GSĐC;;X;;Done;;"IDS.data (d),
IDS.report_catalog (rc),
IDS.company_data (cd),
IDS.company_detail (cdet)";cdet.category_l1_id, SUM(d.data_value) AS lnst_ytd;"rc2.col_desc = '1'
AND rc.report_cd LIKE 'BCDKT%'
AND cd.report_year=:year AND cd.report_quarter=:quarter
AND ((rc.enterprise_type_cd='dn' AND rr.row_desc='421')
OR (rc.enterprise_type_cd='bh' AND rr.row_desc='421'))
GROUP BY cdet.category_l1_id";"SELECT cdet.category_l1_id, SUM(d.data_value) AS lnst_ytd
FROM IDS.data d
JOIN IDS.report_catalog rc ON d.report_catalog_id=rc.id
JOIN IDS.rrow rr ON rr.row_cd = d.row_cd AND rr.report_catalog_id = d.report_catalog_id
JOIN IDS.rcol rc2 ON rc2.col_cd = d.col_cd AND rc2.report_catalog_id = d.report_catalog_id
JOIN IDS.company_data cd ON d.company_data_id=cd.id
JOIN IDS.company_detail cdet ON cdet.company_profile_id=cd.company_profile_id
WHERE rc2.col_desc = '1'
AND rc.report_cd LIKE 'BCDKT%'
AND cd.report_year=:year AND cd.report_quarter=:quarter
AND ((rc.enterprise_type_cd='dn' AND rr.row_desc='421')
OR (rc.enterprise_type_cd='bh' AND rr.row_desc='421'))
GROUP BY cdet.category_l1_id";;;;
10;;Dashboard Giám sát tổng hợp toàn thị trường -Tổng hợp chỉ tiêu tài chính & thống kê ngành;Phải thu - theo ngành;"Tổng phải thu = Phải thu ngắn hạn + Phải thu dài hạn
Công thức Phải thu theo ""GSĐC_Công thức CT""";Dashboard;Chỉ tiêu phái sinh;Trùng;Ngày, Nhóm ngành;IDS - GSĐC;;X;;Done;;"IDS.data (d),
IDS.report_catalog (rc),
IDS.company_data (cd),
IDS.company_detail (cdet)";cdet.category_l1_id, SUM(d.data_value) AS phai_thu;"rc2.col_desc = '1'
AND rc.report_cd LIKE 'BCDKT%'
AND cd.report_year=:year AND cd.report_quarter=:quarter
AND ((rc.enterprise_type_cd='dn' AND rr.row_desc IN ('130', '210'))
OR (rc.enterprise_type_cd='bh' AND rr.row_desc IN ('130', '210'))
OR (rc.enterprise_type_cd='td' AND rr.row_desc IN ('251'))
)
GROUP BY cdet.category_l1_id";"SELECT cdet.category_l1_id, SUM(d.data_value) AS phai_thu
FROM IDS.data d
JOIN IDS.report_catalog rc ON d.report_catalog_id=rc.id
JOIN IDS.rrow rr ON rr.row_cd = d.row_cd AND rr.report_catalog_id = d.report_catalog_id
JOIN IDS.rcol rc2 ON rc2.col_cd = d.col_cd AND rc2.report_catalog_id = d.report_catalog_id
JOIN IDS.company_data cd ON d.company_data_id=cd.id
JOIN IDS.company_detail cdet ON cdet.company_profile_id=cd.company_profile_id
WHERE rc2.col_desc = '1'
AND rc.report_cd LIKE 'BCDKT%'
AND cd.report_year = :year AND cd.report_quarter = :quarter
AND ((rc.enterprise_type_cd='dn' AND rr.row_desc IN ('130','210'))
OR (rc.enterprise_type_cd='bh' AND rr.row_desc IN ('130','210'))
OR (rc.enterprise_type_cd='td' AND rr.row_desc IN ('251')))
GROUP BY cdet.category_l1_id";;;;
10;;Dashboard Giám sát tổng hợp toàn thị trường -Tổng hợp chỉ tiêu tài chính & thống kê ngành;Tiền và tương đương tiền - theo ngành;"Tiền và tương đương tiền = Tiền mặt + Tiền gửi ngân hàng + Các khoản tương đương tiền
Công thức Tiền và tương đương tiền theo ""GSĐC_Công thức CT""";Dashboard;Chỉ tiêu phái sinh;Trùng;Ngày, Nhóm ngành;IDS - GSĐC;;X;;Done;;"IDS.data (d),
IDS.report_catalog (rc),
IDS.company_data (cd),
IDS.company_detail (cdet)";cdet.category_l1_id, SUM(d.data_value) AS tien_tuong_duong;"rc2.col_desc = '1'
AND rc.report_cd LIKE 'BCDKT%'
AND ((rc.enterprise_type_cd='dn' AND rr.row_desc='110')
OR (rc.enterprise_type_cd='bh' AND rr.row_desc='110')
OR (rc.enterprise_type_cd='td' AND rr.row_desc IN ('110','120')))
GROUP BY cdet.category_l1_id";"SELECT cdet.category_l1_id, SUM(d.data_value) AS tien_tuong_duong
FROM IDS.data d
JOIN IDS.report_catalog rc ON d.report_catalog_id=rc.id
JOIN IDS.rrow rr ON rr.row_cd = d.row_cd AND rr.report_catalog_id = d.report_catalog_id
JOIN IDS.rcol rc2 ON rc2.col_cd = d.col_cd AND rc2.report_catalog_id = d.report_catalog_id
JOIN IDS.company_data cd ON d.company_data_id=cd.id
JOIN IDS.company_detail cdet ON cdet.company_profile_id=cd.company_profile_id
WHERE rc2.col_desc = '1'
AND rc.report_cd LIKE 'BCDKT%'
AND cd.report_year=:year AND cd.report_quarter=:quarter
AND ((rc.enterprise_type_cd='dn' AND rr.row_desc IN ('110'))
OR (rc.enterprise_type_cd='bh' AND rr.row_desc IN ('110'))
OR (rc.enterprise_type_cd='td' AND rr.row_desc IN ('110','120')))
GROUP BY cdet.category_l1_id";;;;
10;;Dashboard Giám sát tổng hợp toàn thị trường -Tổng hợp chỉ tiêu tài chính & thống kê ngành;Nợ/Vốn chủ sở hữu - theo ngành;"Tỷ lệ Nợ / Vốn chủ sở hữu = Tổng nợ phải trả / Vốn chủ sở hữu
Công thức Nợ/ Vốn CSH theo ""GSĐC_Công thức CT""";Dashboard;Chỉ tiêu phái sinh;Trùng;Ngày, Nhóm ngành;IDS - GSĐC;;X;;Done;;"IDS.data (d),
IDS.report_catalog (rc),
IDS.company_data (cd),
IDS.company_detail (cdet)";cdet.category_l1_id, SUM(no_phai_tra) / NULLIF(SUM(vcsh),0) AS ty_le_no_vcsh;"Chỉ tiêu phái sinh
= NPT / VCSH theo ngành
GROUP BY cdet.category_l1_id";"Nợ/Vốn CSH = Tổng Nợ Phải Trả / VCSH GROUP BY cdet.category_l1_id
 -- Tham chiếu SQL (NPT) và (VCSH) để lấy số liệu thành phần";;;;
11;;Dashboard Giám sát tổng hợp toàn thị trường - Thống kê CTĐC chưa niêm yết;Công ty đại chúng chưa niêm yết;Đếm các doanh nghiệp là CTĐC nhưng chưa lên sàn niêm yết.;Dashboard;Chỉ tiêu cơ sở;TB;Ngày;IDS - GSĐC;x;X;;Done;;"IDS.company_detail (cd),
IDS.company_profiles (cp)";COUNT(DISTINCT cd.company_profile_id) AS so_ctdc_chua_ny;"cd.public_com_flg = 1--là CTĐC
AND cp.status_ids_cd = 'APPROVED_PUBLIC'--đã niêm yết
AND cd.ids_reg_date <= LAST_DAY(ADD_MONTHS(
TO_DATE(:p_year || '-01-01', 'YYYY-MM-DD'),
TO_NUMBER(SUBSTR(:p_quarter, 2, 1)) * 3 - 1))";"SELECT COUNT(DISTINCT cd.company_profile_id) AS so_ctdc_chua_niet
FROM IDS.company_detail cd
JOIN IDS.company_profiles cp ON cp.id = cd.company_profile_id
WHERE cd.public_com_flg = 1--là CTĐC
AND cp.status_ids_cd = 'APPROVED_PUBLIC'--đã niêm yết
AND cd.ids_reg_date <= LAST_DAY(ADD_MONTHS(
TO_DATE(:p_year || '-01-01', 'YYYY-MM-DD'),
TO_NUMBER(SUBSTR(:p_quarter, 2, 1)) * 3 - 1))";;;;
12;;Dashboard Giám sát tổng hợp theo sàn HNX - Thống kê niêm yết theo sàn;Ngày thống kê;Ngày thống kê (Năm/Quý);Dashboard;Chiều;Trùng;Ngày, Sàn;;;;;Done;;Tham số lọc (không map bảng);:year, :quarter;"Tham số đầu vào; xem row 58";-- Chiều thời gian: tham số người dùng chọn (giống mục 6);;;;
12;;Dashboard Giám sát tổng hợp theo sàn HNX - Thống kê niêm yết theo sàn;Sàn;;Dashboard;Chiều;Dễ;Ngày, Sàn;IDS - GSĐC;;X;;Done;;IDS.lookup_values (lv);lv.lookup_cd AS san_niem_yet;lv.lookup_group = 'IDS_LISTING_TYPE';"-- Danh sách sàn niêm yết: HNX, HOSE, UPCOM, OTC
SELECT lv.lookup_cd AS san_niem_yet
FROM IDS.lookup_values lv
WHERE lv.lookup_group = 'IDS_LISTING_TYPE'";;;;
12;;Dashboard Giám sát tổng hợp theo sàn HNX - Thống kê niêm yết theo sàn;Số doanh nghiệp theo từng sàn;Đếm số lượng DN theo sàn niêm yết;Dashboard;Chỉ tiêu cơ sở;TB;Ngày, Sàn;IDS - GSĐC;x;X;;Done;;IDS.company_detail (cd);cd.equity_listing_exch, COUNT(DISTINCT cd.company_profile_id) AS so_luong_dn;"cd.ids_reg_date <= LAST_DAY(ADD_MONTHS(
TO_DATE(:p_year || '-01-01', 'YYYY-MM-DD'),
TO_NUMBER(SUBSTR(:p_quarter, 2, 1)) * 3 - 1))
AND cd.equity_listing_exch = 'HNX'
GROUP BY cd.equity_listing_exch
-- Đếm toàn bộ DN trên IDS (gồm niêm yết và chưa niêm yết)
-- Không lọc public_com_flg, không lọc status_ids_cd";"SELECT cd.equity_listing_exch, COUNT(DISTINCT cd.company_profile_id) AS so_luong_dn
FROM IDS.company_detail cd
WHERE cd.ids_reg_date <=
LAST_DAY(ADD_MONTHS(
TO_DATE(:p_year || '-01-01', 'YYYY-MM-DD'),
TO_NUMBER(SUBSTR(:p_quarter, 2, 1)) * 3 - 1))
AND cd.equity_listing_exch = 'HNX'
GROUP BY cd.equity_listing_exch";;;;
12;;Dashboard Giám sát tổng hợp theo sàn HNX - Thống kê niêm yết theo sàn;Tỷ lệ nộp BCTC theo từng sàn (quý);Là tỷ lệ % doanh nghiệp trên mỗi sàn giao dịch đã nộp báo cáo tài chính quý đúng kỳ báo cáo.;Dashboard;Chỉ tiêu phái sinh;TB;Ngày, Sàn;IDS - GSĐC;;X;;Done;;"IDS.company_data (a),
IDS.company_detail (cdet)";"cdet.equity_listing_exch, ROUND(
COUNT(CASE WHEN a.submission_date IS NOT NULL
AND a.submission_date <= a.submission_deadline_date
THEN 1 END)
/ NULLIF(COUNT(*), 0) * 100, 2) AS ty_le_nop_dung_han_pct";"a.report_year = :p_year
AND a.report_quarter = TO_NUMBER(SUBSTR(:p_quarter, 2, 1))
AND a.submission_deadline_date <= SYSDATE
AND cdet.equity_listing_exch = 'HNX'
GROUP BY cdet.equity_listing_exch";"SELECT cd.equity_listing_exch, 
ROUND(
COUNT(CASE WHEN a.submission_date IS NOT NULL
AND a.submission_date <= a.submission_deadline_date
THEN 1 END)
/ NULLIF(COUNT(*), 0) * 100, 2) AS ty_le_nop_dung_han_pct
FROM IDS.company_data a
JOIN IDS.company_detail cdet ON cdet.company_profile_id=a.company_profile_id
WHERE a.report_year = :p_year
AND a.report_quarter = TO_NUMBER(SUBSTR(:p_quarter, 2, 1))
AND a.submission_deadline_date <= SYSDATE
AND cdet.equity_listing_exch = 'HNX'
GROUP BY cdet.equity_listing_exch";;;;
12;;Dashboard Giám sát tổng hợp theo sàn HNX - Thống kê niêm yết theo sàn;Số DN báo lãi theo từng sàn;Đếm số doanh nghiệp có LNST > 0 trong kỳ báo cáo.;Dashboard;Chỉ tiêu cơ sở;TB;Ngày, Sàn;IDS - GSĐC;x;X;;Done;;"IDS.data (d),
IDS.report_catalog (rc),
IDS.company_data (cd),
IDS.company_detail (cdet)";cdet.equity_listing_exch, COUNT(DISTINCT d.company_profile_id) AS so_dn_bao_lai;"rc2.col_desc = '1'
AND rc.report_cd LIKE 'BCKQKD%'
AND d.data_value > 0
AND cd.report_year=:year AND cd.report_quarter=:quarter
AND ((rc.enterprise_type_cd='dn' AND rr.row_desc='60')
OR (rc.enterprise_type_cd='bh' AND rr.row_desc='60')
OR (rc.enterprise_type_cd='td' AND rr.row_desc='21'))
AND cdet.equity_listing_exch = 'HNX'
GROUP BY cdet.equity_listing_exch";"SELECT cd.equity_listing_exch, 
COUNT(DISTINCT d.company_profile_id) AS so_dn_bao_lai
FROM IDS.data d
JOIN IDS.report_catalog rc ON d.report_catalog_id=rc.id
JOIN IDS.rrow rr ON rr.row_cd = d.row_cd AND rr.report_catalog_id = d.report_catalog_id
JOIN IDS.rcol rc2 ON rc2.col_cd = d.col_cd AND rc2.report_catalog_id = d.report_catalog_id
JOIN IDS.company_data cd ON d.company_data_id=cd.id
JOIN IDS.company_detail cdet ON cdet.company_profile_id=cd.company_profile_id
WHERE rc2.col_desc = '1'
AND rc.report_cd LIKE 'BCKQKD%' AND d.data_value > 0
AND cd.report_year=:year AND cd.report_quarter=:quarter
AND ((rc.enterprise_type_cd='dn' AND rr.row_desc='60')
OR (rc.enterprise_type_cd='bh' AND rr.row_desc='60')
OR (rc.enterprise_type_cd='td' AND rr.row_desc='21'))
AND cdet.equity_listing_exch = 'HNX'
GROUP BY cdet.equity_listing_exch";;;;
13;;Dashboard Giám sát tổng hợp theo sàn HNX -Tổng hợp chỉ tiêu tài chính & thống kê ngành;Tổng tài sản;Σ Tổng tài sản của tất cả DN trên sàn;Dashboard;Chỉ tiêu cơ sở;Trùng;Ngày, Sàn;IDS - GSĐC;;X;;Done;;"IDS.data (d),
IDS.report_catalog (rc),
IDS.company_data (cd),
IDS.company_detail (cdet)";cdet.equity_listing_exch, SUM(d.data_value) AS tong_tai_san;"rc2.col_desc = '1'
AND rc.report_cd LIKE 'BCDKT%'
AND ((rc.enterprise_type_cd='dn' AND rr.row_desc='270')
OR (rc.enterprise_type_cd='bh' AND rr.row_desc='270')
OR (rc.enterprise_type_cd='td' AND rr.row_desc='300'))
AND cdet.equity_listing_exch = 'HNX'
GROUP BY cdet.equity_listing_exch";"SELECT cdet.equity_listing_exch, SUM(d.data_value) AS tong_tai_san
FROM IDS.data d
JOIN IDS.report_catalog rc ON d.report_catalog_id=rc.id
JOIN IDS.rrow rr ON rr.row_cd = d.row_cd AND rr.report_catalog_id = d.report_catalog_id
JOIN IDS.rcol rc2 ON rc2.col_cd = d.col_cd AND rc2.report_catalog_id = d.report_catalog_id
JOIN IDS.company_data cd ON d.company_data_id=cd.id
JOIN IDS.company_detail cdet ON cdet.company_profile_id=cd.company_profile_id
WHERE rc2.col_desc = '1'
AND rc.report_cd LIKE 'BCDKT%'
AND cd.report_year=:year AND cd.report_quarter=:quarter
AND ((rc.enterprise_type_cd='dn' AND rr.row_desc IN ('270'))
OR (rc.enterprise_type_cd='bh' AND rr.row_desc IN ('270'))
OR (rc.enterprise_type_cd='td' AND rr.row_desc IN ('300')))
AND cdet.equity_listing_exch = 'HNX'
GROUP BY cdet.equity_listing_exch";;;;
13;;Dashboard Giám sát tổng hợp theo sàn HNX -Tổng hợp chỉ tiêu tài chính & thống kê ngành;Nợ Phải Trả;Σ Nợ Phải Trả của tất cả DN trên sàn;Dashboard;Chỉ tiêu cơ sở;Trùng;Ngày, Sàn;IDS - GSĐC;;X;;Done;;"IDS.data (d),
IDS.report_catalog (rc),
IDS.company_data (cd),
IDS.company_detail (cdet)";cdet.equity_listing_exch, SUM(d.data_value) AS no_phai_tra;"rc2.col_desc = '1'
AND rc.report_cd LIKE 'BCDKT%'
AND ((rc.enterprise_type_cd='dn' AND rr.row_desc='300')
OR (rc.enterprise_type_cd='bh' AND rr.row_desc='300')
OR (rc.enterprise_type_cd='td' AND rr.row_desc='400'))
AND cdet.equity_listing_exch = 'HNX'
GROUP BY cdet.equity_listing_exch";"SELECT cdet.equity_listing_exch, SUM(d.data_value) AS no_phai_tra
FROM IDS.data d
JOIN IDS.report_catalog rc ON d.report_catalog_id=rc.id
JOIN IDS.rrow rr ON rr.row_cd = d.row_cd AND rr.report_catalog_id = d.report_catalog_id
JOIN IDS.rcol rc2 ON rc2.col_cd = d.col_cd AND rc2.report_catalog_id = d.report_catalog_id
JOIN IDS.company_data cd ON d.company_data_id=cd.id
JOIN IDS.company_detail cdet ON cdet.company_profile_id=cd.company_profile_id
WHERE rc2.col_desc = '1'
AND rc.report_cd LIKE 'BCDKT%'
AND cd.report_year=:year AND cd.report_quarter=:quarter
AND ((rc.enterprise_type_cd='dn' AND rr.row_desc IN ('300'))
OR (rc.enterprise_type_cd='bh' AND rr.row_desc IN ('300'))
OR (rc.enterprise_type_cd='td' AND rr.row_desc IN ('400')))
AND cdet.equity_listing_exch = 'HNX'
GROUP BY cdet.equity_listing_exch";;;;
13;;Dashboard Giám sát tổng hợp theo sàn HNX -Tổng hợp chỉ tiêu tài chính & thống kê ngành;Vốn CSH;Σ VCSH của tất cả các DN trên sàn;Dashboard;Chỉ tiêu cơ sở;Trùng;Ngày, Sàn;IDS - GSĐC;;X;;Done;;"IDS.data (d),
IDS.report_catalog (rc),
IDS.company_data (cd),
IDS.company_detail (cdet)";cdet.equity_listing_exch, SUM(d.data_value) AS vcsh;"rc2.col_desc = '1'
AND rc.report_cd LIKE 'BCDKT%'
AND ((rc.enterprise_type_cd='dn' AND rr.row_desc='400')
OR (rc.enterprise_type_cd='bh' AND rr.row_desc='400')
OR (rc.enterprise_type_cd='td' AND rr.row_desc='500'))
AND cdet.equity_listing_exch = 'HNX'
GROUP BY cdet.equity_listing_exch";"SELECT cdet.equity_listing_exch, SUM(d.data_value) AS vcsh
FROM IDS.data d
JOIN IDS.report_catalog rc ON d.report_catalog_id=rc.id
JOIN IDS.rrow rr ON rr.row_cd = d.row_cd AND rr.report_catalog_id = d.report_catalog_id
JOIN IDS.rcol rc2 ON rc2.col_cd = d.col_cd AND rc2.report_catalog_id = d.report_catalog_id
JOIN IDS.company_data cd ON d.company_data_id=cd.id
JOIN IDS.company_detail cdet ON cdet.company_profile_id=cd.company_profile_id
WHERE rc2.col_desc = '1'
AND rc.report_cd LIKE 'BCDKT%'
AND cd.report_year=:year AND cd.report_quarter=:quarter
AND ((rc.enterprise_type_cd='dn' AND rr.row_desc IN ('400'))
OR (rc.enterprise_type_cd='bh' AND rr.row_desc IN ('400'))
OR (rc.enterprise_type_cd='td' AND rr.row_desc IN ('500')))
AND cdet.equity_listing_exch = 'HNX'
GROUP BY cdet.equity_listing_exch";;;;
13;;Dashboard Giám sát tổng hợp theo sàn HNX -Tổng hợp chỉ tiêu tài chính & thống kê ngành;Vốn điều lệ;Σ Vốn điều lệ, Vốn góp của chủ sở hữu của tất cả DN trên sàn;Dashboard;Chỉ tiêu cơ sở;Trùng;Ngày, Sàn;IDS - GSĐC;;X;;Done;;"IDS.data (d),
IDS.report_catalog (rc),
IDS.company_data (cd),
IDS.company_detail (cdet)";cdet.equity_listing_exch, SUM(d.data_value) AS von_dieu_le;"rc2.col_desc = '1'
AND rc.report_cd LIKE 'BCDKT%'
AND ((rc.enterprise_type_cd='dn' AND rr.row_desc='411')
OR (rc.enterprise_type_cd='bh' AND rr.row_desc='411')
OR (rc.enterprise_type_cd='td' AND rr.row_desc='411'))
AND cdet.equity_listing_exch = 'HNX'
GROUP BY cdet.equity_listing_exch";"SELECT cdet.equity_listing_exch, SUM(d.data_value) AS von_dieu_le
FROM IDS.data d
JOIN IDS.report_catalog rc ON d.report_catalog_id=rc.id
JOIN IDS.rrow rr ON rr.row_cd = d.row_cd AND rr.report_catalog_id = d.report_catalog_id
JOIN IDS.rcol rc2 ON rc2.col_cd = d.col_cd AND rc2.report_catalog_id = d.report_catalog_id
JOIN IDS.company_data cd ON d.company_data_id=cd.id
JOIN IDS.company_detail cdet ON cdet.company_profile_id=cd.company_profile_id
WHERE rc2.col_desc = '1'
AND rc.report_cd LIKE 'BCDKT%'
AND cd.report_year=:year AND cd.report_quarter=:quarter
AND ((rc.enterprise_type_cd='dn' AND rr.row_desc IN ('411'))
OR (rc.enterprise_type_cd='bh' AND rr.row_desc IN ('411'))
OR (rc.enterprise_type_cd='td' AND rr.row_desc IN ('411')))
AND cdet.equity_listing_exch = 'HNX'
GROUP BY cdet.equity_listing_exch";;;;
13;;Dashboard Giám sát tổng hợp theo sàn HNX -Tổng hợp chỉ tiêu tài chính & thống kê ngành;Lợi nhuận sau thuế;Σ Lợi nhuận sau thuế của tất cả DN trên sàn;Dashboard;Chỉ tiêu cơ sở;Trùng;Ngày, Sàn;IDS - GSĐC;;X;;Done;;"IDS.data (d),
IDS.report_catalog (rc),
IDS.company_data (cd),
IDS.company_detail (cdet)";cdet.equity_listing_exch, SUM(d.data_value) AS lnst;"rc2.col_desc = '1'
AND rc.report_cd LIKE 'BCKQKD%'
AND ((rc.enterprise_type_cd='dn' AND rr.row_desc='60')
OR (rc.enterprise_type_cd='bh' AND rr.row_desc='60')
OR (rc.enterprise_type_cd='td' AND rr.row_desc='21'))
AND cdet.equity_listing_exch = 'HNX'
GROUP BY cdet.equity_listing_exch";"SELECT cdet.equity_listing_exch, SUM(d.data_value) AS lnst
FROM IDS.data d
JOIN IDS.report_catalog rc ON d.report_catalog_id=rc.id
JOIN IDS.rrow rr ON rr.row_cd = d.row_cd AND rr.report_catalog_id = d.report_catalog_id
JOIN IDS.rcol rc2 ON rc2.col_cd = d.col_cd AND rc2.report_catalog_id = d.report_catalog_id
JOIN IDS.company_data cd ON d.company_data_id=cd.id
JOIN IDS.company_detail cdet ON cdet.company_profile_id=cd.company_profile_id
WHERE rc2.col_desc = '1'
AND rc.report_cd LIKE 'BCKQKD%'
AND cd.report_year=:year AND cd.report_quarter=:quarter
AND ((rc.enterprise_type_cd='dn' AND rr.row_desc IN ('60'))
OR (rc.enterprise_type_cd='bh' AND rr.row_desc IN ('60'))
OR (rc.enterprise_type_cd='td' AND rr.row_desc IN ('21')))
AND cdet.equity_listing_exch = 'HNX'
GROUP BY cdet.equity_listing_exch";;;;
13;;Dashboard Giám sát tổng hợp theo sàn HNX -Tổng hợp chỉ tiêu tài chính & thống kê ngành;ROA;"ROE = (LNST/Tổng tài sản bình quân) * 100%
Tổng tài sản bình quân = (Tổng tài sản đầu kỳ + Tổng tài sản cuối kỳ)/2";Dashboard;Chỉ tiêu cơ sở;Trùng;Ngày, Sàn;IDS - GSĐC;;X;;Done;;"IDS.data (d),
IDS.report_catalog (rc),
IDS.company_data (cd),
IDS.company_detail (cdet)";cdet.equity_listing_exch, SUM(lnst) / SUM(TSBQ) * 100 AS roa_pct;"Tổng tài sản bình quân = (ts_dầu_kỳ + ts_cuối_kỳ)/2
LNST cuối kỳ
-- Chỉ tiêu phái sinh tổng hợp toàn thị trường
AND cdet.equity_listing_exch = 'HNX'
GROUP BY cdet.equity_listing_exch";"-- ROA = LNST / Tổng tài sản bình quân * 100%
-- TSBQ = (TS đầu kỳ + TS cuối kỳ) / 2
WITH ts_bq AS (
SELECT cd.company_profile_id,
SUM(CASE WHEN rc2.col_desc = '2' THEN d.data_value ELSE 0 END) AS ts_dau,
SUM(CASE WHEN rc2.col_desc = '1' THEN d.data_value ELSE 0 END) AS ts_cuoi
FROM IDS.data d
JOIN IDS.report_catalog rc ON d.report_catalog_id=rc.id
JOIN IDS.rrow rr ON rr.row_cd = d.row_cd AND rr.report_catalog_id = d.report_catalog_id
JOIN IDS.rcol rc2 ON rc2.col_cd = d.col_cd AND rc2.report_catalog_id = d.report_catalog_id
JOIN IDS.company_data cd ON d.company_data_id=cd.id
WHERE cd.report_year=:year AND cd.report_quarter=:quarter
AND rc.report_cd LIKE 'BCDKT%'
AND ((rc.enterprise_type_cd='dn' AND rr.row_desc='270')
OR (rc.enterprise_type_cd='bh' AND rr.row_desc='270')
OR (rc.enterprise_type_cd='td' AND rr.row_desc='300'))
GROUP BY cd.company_profile_id
), lnst AS (
SELECT cd.company_profile_id, SUM(d.data_value) AS lnst
FROM IDS.data d
JOIN IDS.report_catalog rc ON d.report_catalog_id=rc.id
JOIN IDS.company_data cd ON d.company_data_id=cd.id
WHERE rc2.col_desc = '1'
AND rc.report_cd LIKE 'BCKQKD%' AND cd.report_year=:year AND cd.report_quarter=:quarter
AND ((rc.enterprise_type_cd='dn' AND rr.row_desc='60')
OR (rc.enterprise_type_cd='bh' AND rr.row_desc='60')
OR (rc.enterprise_type_cd='td' AND rr.row_desc='21'))
GROUP BY cd.company_profile_id
)
SELECT cdet.equity_listing_exch, SUM(l.lnst) / NULLIF(SUM(
CASE WHEN t.ts_dau IS NULL THEN t.ts_cuoi
WHEN t.ts_cuoi IS NULL THEN t.ts_dau
ELSE (t.ts_dau+t.ts_cuoi)/2 END),0)*100 AS roa_pct
FROM ts_bq t JOIN lnst l ON l.company_profile_id=t.company_profile_id
JOIN IDS.company_detail cdet ON cdet.company_profile_id=t.company_profile_id
where cdet.equity_listing_exch = 'HNX'
GROUP BY cdet.equity_listing_exch";;;;
13;;Dashboard Giám sát tổng hợp theo sàn HNX -Tổng hợp chỉ tiêu tài chính & thống kê ngành;ROE;"ROE = (LNST/VCSH bình quân) * 100%
VCSH bình quân = (VCSH đầu kỳ + VCSH cuối kỳ)/2";Dashboard;Chỉ tiêu cơ sở;Trùng;Ngày, Sàn;IDS - GSĐC;;X;;Done;;"IDS.data (d),
IDS.report_catalog (rc),
IDS.company_data (cd),
IDS.company_detail (cdet)";cdet.equity_listing_exch, SUM(lnst) / SUM(VCSHBQ) * 100 AS roe_pct;"VCSH bình quân = (vcsh_đầu_kỳ + vcsh_cuối_kỳ)/2
LNST cuối kỳ
AND cdet.equity_listing_exch = 'HNX'
GROUP BY cdet.equity_listing_exch";"-- ROA = LNST / VCSH bình quân * 100%
-- VCSHBQ = (TS đầu kỳ + TS cuối kỳ) / 2
WITH ts_bq AS (
SELECT cd.company_profile_id,
SUM(CASE WHEN rc2.col_desc = '2' THEN d.data_value ELSE 0 END) AS vcsh_dau,
SUM(CASE WHEN rc2.col_desc = '1' THEN d.data_value ELSE 0 END) AS vcsh_cuoi
FROM IDS.data d
JOIN IDS.report_catalog rc ON d.report_catalog_id=rc.id
JOIN IDS.rrow rr ON rr.row_cd = d.row_cd AND rr.report_catalog_id = d.report_catalog_id
JOIN IDS.rcol rc2 ON rc2.col_cd = d.col_cd AND rc2.report_catalog_id = d.report_catalog_id
JOIN IDS.company_data cd ON d.company_data_id=cd.id
WHERE cd.report_year=:year AND cd.report_quarter=:quarter
AND rc.report_cd LIKE 'BCDKT%'
AND ((rc.enterprise_type_cd='dn' AND rr.row_desc='400')
OR (rc.enterprise_type_cd='bh' AND rr.row_desc='D')
OR (rc.enterprise_type_cd='td' AND rr.row_desc='500'))
GROUP BY cd.company_profile_id
), lnst AS (
SELECT cd.company_profile_id, SUM(d.data_value) AS lnst
FROM IDS.data d
JOIN IDS.report_catalog rc ON d.report_catalog_id=rc.id
JOIN IDS.company_data cd ON d.company_data_id=cd.id
WHERE rc2.col_desc = '1'
AND rc.report_cd LIKE 'BCKQKD%' AND cd.report_year=:year AND cd.report_quarter=:quarter
AND ((rc.enterprise_type_cd='dn' AND rr.row_desc='60')
OR (rc.enterprise_type_cd='bh' AND rr.row_desc='60')
OR (rc.enterprise_type_cd='td' AND rr.row_desc='21'))
GROUP BY cd.company_profile_id
)
SELECT cdet.equity_listing_exch, SUM(l.lnst) / NULLIF(SUM(
CASE WHEN t.vcsh_dau IS NULL THEN t.vcsh_cuoi
WHEN t.vcsh_cuoi IS NULL THEN t.vcsh_dau
ELSE (t.vcsh_dau+t.vcsh_cuoi)/2 END),0)*100 AS roe_pct
FROM ts_bq t JOIN lnst l ON l.company_profile_id=t.company_profile_id
JOIN IDS.company_detail cdet ON cdet.company_profile_id=t.company_profile_id
where cdet.equity_listing_exch = 'HNX'
GROUP BY cdet.equity_listing_exch";;;;
13;;Dashboard Giám sát tổng hợp theo sàn HNX -Tổng hợp chỉ tiêu tài chính & thống kê ngành;Hàng Tồn Kho;Σ Giá trị hàng tồn kho của tất cả DN trên sàn;Dashboard;Chỉ tiêu cơ sở;Trùng;Ngày, Sàn;IDS - GSĐC;;X;;Done;;"IDS.data (d),
IDS.report_catalog (rc),
IDS.company_data (cd),
IDS.company_detail (cdet)";cdet.equity_listing_exch, SUM(d.data_value) AS hang_ton_kho;"rc2.col_desc = '1'
AND rc.report_cd LIKE 'BCDKT%'
AND ((rc.enterprise_type_cd='dn' AND rr.row_desc='140')
OR (rc.enterprise_type_cd='bh' AND rr.row_desc='140'))
-- Lưu ý: Tổ chức tín dụng không có HTK
AND cdet.equity_listing_exch = 'HNX'
GROUP BY cdet.equity_listing_exch";"SELECT cdet.equity_listing_exch, SUM(d.data_value) AS hang_ton_kho
FROM IDS.data d
JOIN IDS.report_catalog rc ON d.report_catalog_id=rc.id
JOIN IDS.rrow rr ON rr.row_cd = d.row_cd AND rr.report_catalog_id = d.report_catalog_id
JOIN IDS.rcol rc2 ON rc2.col_cd = d.col_cd AND rc2.report_catalog_id = d.report_catalog_id
JOIN IDS.company_data cd ON d.company_data_id=cd.id
JOIN IDS.company_detail cdet ON cdet.company_profile_id=cd.company_profile_id
WHERE rc2.col_desc = '1'
AND rc.report_cd LIKE 'BCDKT%'
AND cd.report_year=:year AND cd.report_quarter=:quarter
AND ((rc.enterprise_type_cd='dn' AND rr.row_desc='140')
OR (rc.enterprise_type_cd='bh' AND rr.row_desc='140'))
AND cdet.equity_listing_exch = 'HNX'
GROUP BY cdet.equity_listing_exch";;;;
13;;Dashboard Giám sát tổng hợp theo sàn HNX -Tổng hợp chỉ tiêu tài chính & thống kê ngành;Doanh thu;Σ Doanh thu của tất cả DN trên sàn;Dashboard;Chỉ tiêu cơ sở;Trùng;Ngày, Sàn;IDS - GSĐC;;X;;Done;;"IDS.data (d),
IDS.report_catalog (rc),
IDS.company_data (cd),
IDS.company_detail (cdet)";cdet.equity_listing_exch, SUM(d.data_value) AS doanh_thu;"rc2.col_desc = '1'
AND rc.report_cd LIKE 'BCKQKD%'
AND ((rc.enterprise_type_cd='dn' AND rr.row_desc='10')
OR (rc.enterprise_type_cd='bh' AND rr.row_desc='10')
OR (rc.enterprise_type_cd='td' AND rr.row_desc='03'))
AND cdet.equity_listing_exch = 'HNX'
GROUP BY cdet.equity_listing_exch";"SELECT cdet.equity_listing_exch, SUM(d.data_value) AS doanh_thu
FROM IDS.data d
JOIN IDS.report_catalog rc ON d.report_catalog_id=rc.id
JOIN IDS.rrow rr ON rr.row_cd = d.row_cd AND rr.report_catalog_id = d.report_catalog_id
JOIN IDS.rcol rc2 ON rc2.col_cd = d.col_cd AND rc2.report_catalog_id = d.report_catalog_id
JOIN IDS.company_data cd ON d.company_data_id=cd.id
JOIN IDS.company_detail cdet ON cdet.company_profile_id=cd.company_profile_id
WHERE rc2.col_desc = '1'
AND rc.report_cd LIKE 'BCKQKD%'
AND cd.report_year=:year AND cd.report_quarter=:quarter
AND ((rc.enterprise_type_cd='dn' AND rr.row_desc IN ('10'))
OR (rc.enterprise_type_cd='bh' AND rr.row_desc IN ('10'))
OR (rc.enterprise_type_cd='td' AND rr.row_desc IN ('03')))
AND cdet.equity_listing_exch = 'HNX'
GROUP BY cdet.equity_listing_exch";;;;
13;;Dashboard Giám sát tổng hợp theo sàn HNX -Tổng hợp chỉ tiêu tài chính & thống kê ngành;Lợi nhuận dồn tích (YTD);Σ LNST của tất cả DN trên sàn từ đầu năm đến kỳ báo cáo;Dashboard;Chỉ tiêu cơ sở;Trùng;Ngày, Sàn;IDS - GSĐC;;X;;Done;;"IDS.data (d),
IDS.report_catalog (rc),
IDS.company_data (cd),
IDS.company_detail (cdet)";cdet.equity_listing_exch, SUM(d.data_value) AS lnst_ytd;"rc2.col_desc = '1'
AND rc.report_cd LIKE 'BCDKT%'
AND cd.report_year=:year AND cd.report_quarter=:quarter
AND ((rc.enterprise_type_cd='dn' AND rr.row_desc='421')
OR (rc.enterprise_type_cd='bh' AND rr.row_desc='421'))
-- LNST YTD = giá trị lũy kế từ đầu năm đến cuối kỳ
AND cdet.equity_listing_exch = 'HNX'
GROUP BY cdet.equity_listing_exch";"SELECT cdet.equity_listing_exch, SUM(d.data_value) AS lnst_ytd
FROM IDS.data d
JOIN IDS.report_catalog rc ON d.report_catalog_id=rc.id
JOIN IDS.rrow rr ON rr.row_cd = d.row_cd AND rr.report_catalog_id = d.report_catalog_id
JOIN IDS.rcol rc2 ON rc2.col_cd = d.col_cd AND rc2.report_catalog_id = d.report_catalog_id
JOIN IDS.company_data cd ON d.company_data_id=cd.id
JOIN IDS.company_detail cdet ON cdet.company_profile_id=cd.company_profile_id
WHERE rc2.col_desc = '1'
AND rc.report_cd LIKE 'BCDKT%'
AND cd.report_year=:year AND cd.report_quarter=:quarter
AND ((rc.enterprise_type_cd='dn' AND rr.row_desc='421')
OR (rc.enterprise_type_cd='bh' AND rr.row_desc='421'))
AND cdet.equity_listing_exch = 'HNX'
GROUP BY cdet.equity_listing_exch";;;;
13;;Dashboard Giám sát tổng hợp theo sàn HNX -Tổng hợp chỉ tiêu tài chính & thống kê ngành;Phải thu;Tổng phải thu = Phải thu ngắn hạn + Phải thu dài hạn;Dashboard;Chỉ tiêu cơ sở;Trùng;Ngày, Sàn;IDS - GSĐC;;X;;Done;;"IDS.data (d),
IDS.report_catalog (rc),
IDS.company_data (cd),
IDS.company_detail (cdet)";cdet.equity_listing_exch, SUM(d.data_value) AS phai_thu;"rc2.col_desc = '1' 
AND rc.report_cd LIKE 'BCDKT%' 
AND cd.report_year=:year AND cd.report_quarter=:quarter 
AND ((rc.enterprise_type_cd='dn' AND rr.row_desc IN ('130', '210')) 
OR (rc.enterprise_type_cd='bh' AND rr.row_desc IN ('130', '210')) 
OR (rc.enterprise_type_cd='td' AND rr.row_desc IN ('251')) 
)
AND cdet.equity_listing_exch = 'HNX'
GROUP BY cdet.equity_listing_exch";"SELECT cdet.equity_listing_exch, SUM(d.data_value) AS phai_thu
FROM IDS.data d
JOIN IDS.report_catalog rc ON d.report_catalog_id=rc.id
JOIN IDS.rrow rr ON rr.row_cd = d.row_cd AND rr.report_catalog_id = d.report_catalog_id
JOIN IDS.rcol rc2 ON rc2.col_cd = d.col_cd AND rc2.report_catalog_id = d.report_catalog_id
JOIN IDS.company_data cd ON d.company_data_id=cd.id
JOIN IDS.company_detail cdet ON cdet.company_profile_id=cd.company_profile_id
WHERE rc2.col_desc = '1'
AND rc.report_cd LIKE 'BCDKT%'
AND cd.report_year = :year AND cd.report_quarter = :quarter
AND ((rc.enterprise_type_cd='dn' AND rr.row_desc IN ('130','210'))
OR (rc.enterprise_type_cd='bh' AND rr.row_desc IN ('130','210'))
OR (rc.enterprise_type_cd='td' AND rr.row_desc IN ('251')))
AND cdet.equity_listing_exch = 'HNX'
GROUP BY cdet.equity_listing_exch";;;;
13;;Dashboard Giám sát tổng hợp theo sàn HNX -Tổng hợp chỉ tiêu tài chính & thống kê ngành;Tiền và tương đương tiền;Tiền và tương đương tiền = Tiền mặt + Tiền gửi ngân hàng + Các khoản tương đương tiền;Dashboard;Chỉ tiêu cơ sở;Trùng;Ngày, Sàn;IDS - GSĐC;;X;;Done;;"IDS.data (d),
IDS.report_catalog (rc),
IDS.company_data (cd),
IDS.company_detail (cdet)";cdet.equity_listing_exch, SUM(d.data_value) AS tien_tuong_duong;"rc2.col_desc = '1'
AND rc.report_cd LIKE 'BCDKT%'
AND ((rc.enterprise_type_cd='dn' AND rr.row_desc='110')
OR (rc.enterprise_type_cd='bh' AND rr.row_desc='110')
OR (rc.enterprise_type_cd='td' AND rr.row_desc IN ('110','120')))
AND cdet.equity_listing_exch = 'HNX'
GROUP BY cdet.equity_listing_exch";"SELECT cdet.equity_listing_exch, SUM(d.data_value) AS tien_tuong_duong
FROM IDS.data d
JOIN IDS.report_catalog rc ON d.report_catalog_id=rc.id
JOIN IDS.rrow rr ON rr.row_cd = d.row_cd AND rr.report_catalog_id = d.report_catalog_id
JOIN IDS.rcol rc2 ON rc2.col_cd = d.col_cd AND rc2.report_catalog_id = d.report_catalog_id
JOIN IDS.company_data cd ON d.company_data_id=cd.id
JOIN IDS.company_detail cdet ON cdet.company_profile_id=cd.company_profile_id
WHERE rc2.col_desc = '1'
AND rc.report_cd LIKE 'BCDKT%'
AND cd.report_year=:year AND cd.report_quarter=:quarter
AND ((rc.enterprise_type_cd='dn' AND rr.row_desc IN ('110'))
OR (rc.enterprise_type_cd='bh' AND rr.row_desc IN ('110'))
OR (rc.enterprise_type_cd='td' AND rr.row_desc IN ('110','120')))
AND cdet.equity_listing_exch = 'HNX'
GROUP BY cdet.equity_listing_exch";;;;
13;;Dashboard Giám sát tổng hợp theo sàn HNX -Tổng hợp chỉ tiêu tài chính & thống kê ngành;Nợ/ Vốn CSH;Tỷ lệ Nợ / Vốn chủ sở hữu = Tổng nợ phải trả / Vốn chủ sở hữu;Dashboard;Chỉ tiêu cơ sở;Trùng;Ngày, Sàn;IDS - GSĐC;;X;;Done;;"IDS.data (d),
IDS.report_catalog (rc),
IDS.company_data (cd),
IDS.company_detail (cdet)";cdet.equity_listing_exch, SUM(no_phai_tra) / NULLIF(SUM(vcsh),0) AS ty_le_no_vcsh;"-- Chỉ tiêu phái sinh
= Tổng nợ phải trả / Vốn chủ sở hữu
AND cdet.equity_listing_exch = 'HNX'
GROUP BY cdet.equity_listing_exch";"-- Chỉ tiêu phái sinh (tính từ các chỉ tiêu cơ sở)
-- Nợ/Vốn CSH = Tổng Nợ Phải Trả / VCSH
AND cdet.equity_listing_exch = 'HNX'
GROUP BY cdet.equity_listing_exch";;;;
13;;Dashboard Giám sát tổng hợp theo sàn HNX -Tổng hợp chỉ tiêu tài chính & thống kê ngành;Tổng tài sản - so sánh thay đổi cùng kỳ năm trước;Σ Tổng tài sản của tất cả DN trên sàn;Dashboard;Chỉ tiêu phái sinh;TB;Ngày, Sàn;IDS - GSĐC;;X;;Done;;"IDS.data (d),
IDS.report_catalog (rc),
IDS.company_data (cd),
IDS.company_detail (cdet)";cdet.equity_listing_exch, (Tổng tài sản_ky_nay - Tổng tài sản_cung_ky) / Tổng tài sản_cung_ky * 100;"Chỉ tiêu phái sinh
= (Kỳ này - Cùng kỳ năm trước) / Cùng kỳ năm trước × 100%
AND cdet.equity_listing_exch = 'HNX'
GROUP BY cdet.equity_listing_exch";"-- Chỉ tiêu phái sinh
-- = (Chỉ tiêu kỳ này - Chỉ tiêu cùng kỳ năm trước) / Chỉ tiêu cùng kỳ năm trước * 100%
-- Tính bằng cách chạy SQL tương ứng với :year và :year-1
SELECT ROUND((ky_nay.gia_tri - ck_truoc.gia_tri)
/ NULLIF(ck_truoc.gia_tri, 0) * 100, 2) AS thay_doi_pct
FROM (<SQL , :year=N>) ky_nay
CROSS JOIN (<SQL , :year=N-1>) ck_truoc";;;;
13;;Dashboard Giám sát tổng hợp theo sàn HNX -Tổng hợp chỉ tiêu tài chính & thống kê ngành;Nợ Phải Trả - so sánh thay đổi cùng kỳ năm trước;Σ Nợ Phải Trả của tất cả DN trên sàn;Dashboard;Chỉ tiêu phái sinh;TB;Ngày, Sàn;IDS - GSĐC;;X;;Done;;"IDS.data (d),
IDS.report_catalog (rc),
IDS.company_data (cd),
IDS.company_detail (cdet)";cdet.equity_listing_exch, (Nợ Phải Trả_ky_nay - Nợ Phải Trả_cung_ky) / Nợ Phải Trả_cung_ky * 100;"Chỉ tiêu phái sinh
= (Kỳ này - Cùng kỳ năm trước) / Cùng kỳ năm trước × 100%
AND cdet.equity_listing_exch = 'HNX'
GROUP BY cdet.equity_listing_exch";"-- Chỉ tiêu phái sinh
-- = (Chỉ tiêu kỳ này - Chỉ tiêu cùng kỳ năm trước) / Chỉ tiêu cùng kỳ năm trước * 100%
-- Tính bằng cách chạy SQL tương ứng với :year và :year-1
SELECT ROUND((ky_nay.gia_tri - ck_truoc.gia_tri)
/ NULLIF(ck_truoc.gia_tri, 0) * 100, 2) AS thay_doi_pct
FROM (<SQL , :year=N>) ky_nay
CROSS JOIN (<SQL , :year=N-1>) ck_truoc";;;;
13;;Dashboard Giám sát tổng hợp theo sàn HNX -Tổng hợp chỉ tiêu tài chính & thống kê ngành;Vốn CSH - so sánh thay đổi cùng kỳ năm trước;Σ VCSH của tất cả các DN trên sàn;Dashboard;Chỉ tiêu phái sinh;TB;Ngày, Sàn;IDS - GSĐC;;X;;Done;;"IDS.data (d),
IDS.report_catalog (rc),
IDS.company_data (cd),
IDS.company_detail (cdet)";cdet.equity_listing_exch, (Vốn CSH_ky_nay - Vốn CSH_cung_ky) / Vốn CSH_cung_ky * 100;"Chỉ tiêu phái sinh
= (Kỳ này - Cùng kỳ năm trước) / Cùng kỳ năm trước × 100%
AND cdet.equity_listing_exch = 'HNX'
GROUP BY cdet.equity_listing_exch";"-- Chỉ tiêu phái sinh
-- = (Chỉ tiêu kỳ này - Chỉ tiêu cùng kỳ năm trước) / Chỉ tiêu cùng kỳ năm trước * 100%
-- Tính bằng cách chạy SQL tương ứng với :year và :year-1
SELECT ROUND((ky_nay.gia_tri - ck_truoc.gia_tri)
/ NULLIF(ck_truoc.gia_tri, 0) * 100, 2) AS thay_doi_pct
FROM (<SQL , :year=N>) ky_nay
CROSS JOIN (<SQL , :year=N-1>) ck_truoc";;;;
13;;Dashboard Giám sát tổng hợp theo sàn HNX -Tổng hợp chỉ tiêu tài chính & thống kê ngành;Vốn điều lệ - so sánh thay đổi cùng kỳ năm trước;Σ Vốn điều lệ, Vốn góp của chủ sở hữu của tất cả DN trên sàn;Dashboard;Chỉ tiêu phái sinh;TB;Ngày, Sàn;IDS - GSĐC;;X;;Done;;"IDS.data (d),
IDS.report_catalog (rc),
IDS.company_data (cd),
IDS.company_detail (cdet)";cdet.equity_listing_exch, (Vốn điều lệ_ky_nay - Vốn điều lệ_cung_ky) / Vốn điều lệ_cung_ky * 100;"Chỉ tiêu phái sinh
= (Kỳ này - Cùng kỳ năm trước) / Cùng kỳ năm trước × 100%
AND cdet.equity_listing_exch = 'HNX'
GROUP BY cdet.equity_listing_exch";"-- Chỉ tiêu phái sinh
-- = (Chỉ tiêu kỳ này - Chỉ tiêu cùng kỳ năm trước) / Chỉ tiêu cùng kỳ năm trước * 100%
-- Tính bằng cách chạy SQL tương ứng với :year và :year-1
SELECT ROUND((ky_nay.gia_tri - ck_truoc.gia_tri)
/ NULLIF(ck_truoc.gia_tri, 0) * 100, 2) AS thay_doi_pct
FROM (<SQL , :year=N>) ky_nay
CROSS JOIN (<SQL , :year=N-1>) ck_truoc";;;;
13;;Dashboard Giám sát tổng hợp theo sàn HNX -Tổng hợp chỉ tiêu tài chính & thống kê ngành;Lợi nhuận sau thuế - so sánh thay đổi cùng kỳ năm trước;Σ Lợi nhuận sau thuế của tất cả DN trên sàn;Dashboard;Chỉ tiêu phái sinh;TB;Ngày, Sàn;IDS - GSĐC;;X;;Done;;"IDS.data (d),
IDS.report_catalog (rc),
IDS.company_data (cd),
IDS.company_detail (cdet)";cdet.equity_listing_exch, (Lợi nhuận sau thuế_ky_nay - Lợi nhuận sau thuế_cung_ky) / Lợi nhuận sau thuế_cung_ky * 100;"Chỉ tiêu phái sinh
= (Kỳ này - Cùng kỳ năm trước) / Cùng kỳ năm trước × 100%
AND cdet.equity_listing_exch = 'HNX'
GROUP BY cdet.equity_listing_exch";"-- Chỉ tiêu phái sinh
-- = (Chỉ tiêu kỳ này - Chỉ tiêu cùng kỳ năm trước) / Chỉ tiêu cùng kỳ năm trước * 100%
-- Tính bằng cách chạy SQL tương ứng với :year và :year-1
SELECT ROUND((ky_nay.gia_tri - ck_truoc.gia_tri)
/ NULLIF(ck_truoc.gia_tri, 0) * 100, 2) AS thay_doi_pct
FROM (<SQL , :year=N>) ky_nay
CROSS JOIN (<SQL , :year=N-1>) ck_truoc";;;;
13;;Dashboard Giám sát tổng hợp theo sàn HNX -Tổng hợp chỉ tiêu tài chính & thống kê ngành;ROA - so sánh thay đổi cùng kỳ năm trước;"ROE = (LNST/Tổng tài sản bình quân) * 100%
Tổng tài sản bình quân = (Tổng tài sản đầu kỳ + Tổng tài sản cuối kỳ)/2";Dashboard;Chỉ tiêu phái sinh;TB;Ngày, Sàn;IDS - GSĐC;;X;;Done;;"IDS.data (d),
IDS.report_catalog (rc),
IDS.company_data (cd),
IDS.company_detail (cdet)";cdet.equity_listing_exch, (ROA_ky_nay - ROA_cung_ky) / ROA_cung_ky * 100;"Chỉ tiêu phái sinh
= (Kỳ này - Cùng kỳ năm trước) / Cùng kỳ năm trước × 100%
AND cdet.equity_listing_exch = 'HNX'
GROUP BY cdet.equity_listing_exch";"-- Chỉ tiêu phái sinh
-- = (Chỉ tiêu kỳ này - Chỉ tiêu cùng kỳ năm trước) / Chỉ tiêu cùng kỳ năm trước * 100%
-- Tính bằng cách chạy SQL tương ứng với :year và :year-1
SELECT ROUND((ky_nay.gia_tri - ck_truoc.gia_tri)
/ NULLIF(ck_truoc.gia_tri, 0) * 100, 2) AS thay_doi_pct
FROM (<SQL, :year=N>) ky_nay
CROSS JOIN (<SQL , :year=N-1>) ck_truoc";;;;
13;;Dashboard Giám sát tổng hợp theo sàn HNX -Tổng hợp chỉ tiêu tài chính & thống kê ngành;ROE - so sánh thay đổi cùng kỳ năm trước;"ROE = (LNST/VCSH bình quân) * 100%
VCSH bình quân = (VCSH đầu kỳ + VCSH cuối kỳ)/2";Dashboard;Chỉ tiêu phái sinh;TB;Ngày, Sàn;IDS - GSĐC;;X;;Done;;"IDS.data (d),
IDS.report_catalog (rc),
IDS.company_data (cd),
IDS.company_detail (cdet)";cdet.equity_listing_exch, (ROE_ky_nay - ROE_cung_ky) / ROE_cung_ky * 100;"Chỉ tiêu phái sinh
= (Kỳ này - Cùng kỳ năm trước) / Cùng kỳ năm trước × 100%
AND cdet.equity_listing_exch = 'HNX'
GROUP BY cdet.equity_listing_exch";"-- Chỉ tiêu phái sinh
-- = (Chỉ tiêu kỳ này - Chỉ tiêu cùng kỳ năm trước) / Chỉ tiêu cùng kỳ năm trước * 100%
-- Tính bằng cách chạy SQL tương ứng với :year và :year-1
SELECT ROUND((ky_nay.gia_tri - ck_truoc.gia_tri)
/ NULLIF(ck_truoc.gia_tri, 0) * 100, 2) AS thay_doi_pct
FROM (<SQL , :year=N>) ky_nay
CROSS JOIN (<SQL , :year=N-1>) ck_truoc";;;;
13;;Dashboard Giám sát tổng hợp theo sàn HNX -Tổng hợp chỉ tiêu tài chính & thống kê ngành;Hàng Tồn Kho - so sánh thay đổi cùng kỳ năm trước;Σ Giá trị hàng tồn kho của tất cả DN trên sàn;Dashboard;Chỉ tiêu phái sinh;TB;Ngày, Sàn;IDS - GSĐC;;X;;Done;;"IDS.data (d),
IDS.report_catalog (rc),
IDS.company_data (cd),
IDS.company_detail (cdet)";cdet.equity_listing_exch, (Hàng Tồn Kho_ky_nay - Hàng Tồn Kho_cung_ky) / Hàng Tồn Kho_cung_ky * 100;"Chỉ tiêu phái sinh
= (Kỳ này - Cùng kỳ năm trước) / Cùng kỳ năm trước × 100%
AND cdet.equity_listing_exch = 'HNX'
GROUP BY cdet.equity_listing_exch";"-- Chỉ tiêu phái sinh
-- = (Chỉ tiêu kỳ này - Chỉ tiêu cùng kỳ năm trước) / Chỉ tiêu cùng kỳ năm trước * 100%
-- Tính bằng cách chạy SQL tương ứng với :year và :year-1
SELECT ROUND((ky_nay.gia_tri - ck_truoc.gia_tri)
/ NULLIF(ck_truoc.gia_tri, 0) * 100, 2) AS thay_doi_pct
FROM (<SQL, :year=N>) ky_nay
CROSS JOIN (<SQL, :year=N-1>) ck_truoc";;;;
13;;Dashboard Giám sát tổng hợp theo sàn HNX -Tổng hợp chỉ tiêu tài chính & thống kê ngành;Doanh thu - so sánh thay đổi cùng kỳ năm trước;Σ Doanh thu của tất cả DN trên sàn;Dashboard;Chỉ tiêu phái sinh;TB;Ngày, Sàn;IDS - GSĐC;;X;;Done;;"IDS.data (d),
IDS.report_catalog (rc),
IDS.company_data (cd),
IDS.company_detail (cdet)";cdet.equity_listing_exch, (Doanh thu_ky_nay - Doanh thu_cung_ky) / Doanh thu_cung_ky * 100;"Chỉ tiêu phái sinh
= (Kỳ này - Cùng kỳ năm trước) / Cùng kỳ năm trước × 100%
AND cdet.equity_listing_exch = 'HNX'
GROUP BY cdet.equity_listing_exch";"-- Chỉ tiêu phái sinh
-- = (Chỉ tiêu kỳ này - Chỉ tiêu cùng kỳ năm trước) / Chỉ tiêu cùng kỳ năm trước * 100%
-- Tính bằng cách chạy SQL tương ứng với :year và :year-1
SELECT ROUND((ky_nay.gia_tri - ck_truoc.gia_tri)
/ NULLIF(ck_truoc.gia_tri, 0) * 100, 2) AS thay_doi_pct
FROM (<SQL , :year=N>) ky_nay
CROSS JOIN (<SQL , :year=N-1>) ck_truoc";;;;
13;;Dashboard Giám sát tổng hợp theo sàn HNX -Tổng hợp chỉ tiêu tài chính & thống kê ngành;Lợi nhuận dồn tích (YTD) - so sánh thay đổi cùng kỳ năm trước;Σ LNST của tất cả DN trên sàn từ đầu năm đến kỳ báo cáo;Dashboard;Chỉ tiêu phái sinh;TB;Ngày, Sàn;IDS - GSĐC;;X;;Done;;"IDS.data (d),
IDS.report_catalog (rc),
IDS.company_data (cd),
IDS.company_detail (cdet)";cdet.equity_listing_exch, (Lợi nhuận dồn tích YTD_ky_nay - Lợi nhuận dồn tích YTD_cung_ky) / Lợi nhuận dồn tích YTD_cung_ky * 100;"Chỉ tiêu phái sinh
= (Kỳ này - Cùng kỳ năm trước) / Cùng kỳ năm trước × 100%
AND cdet.equity_listing_exch = 'HNX'
GROUP BY cdet.equity_listing_exch";"-- Chỉ tiêu phái sinh
-- = (Chỉ tiêu kỳ này - Chỉ tiêu cùng kỳ năm trước) / Chỉ tiêu cùng kỳ năm trước * 100%
-- Tính bằng cách chạy SQL tương ứng với :year và :year-1
SELECT ROUND((ky_nay.gia_tri - ck_truoc.gia_tri)
/ NULLIF(ck_truoc.gia_tri, 0) * 100, 2) AS thay_doi_pct
FROM (<SQL , :year=N>) ky_nay
CROSS JOIN (<SQL , :year=N-1>) ck_truoc";;;;
13;;Dashboard Giám sát tổng hợp theo sàn HNX -Tổng hợp chỉ tiêu tài chính & thống kê ngành;Phải thu - so sánh thay đổi cùng kỳ năm trước;Tổng phải thu = Phải thu ngắn hạn + Phải thu dài hạn;Dashboard;Chỉ tiêu phái sinh;TB;Ngày, Sàn;IDS - GSĐC;;X;;Done;;"IDS.data (d),
IDS.report_catalog (rc),
IDS.company_data (cd),
IDS.company_detail (cdet)";cdet.equity_listing_exch, (Phải thu_ky_nay - Phải thu_cung_ky) / Phải thu_cung_ky * 100;"Chỉ tiêu phái sinh
= (Kỳ này - Cùng kỳ năm trước) / Cùng kỳ năm trước × 100%
AND cdet.equity_listing_exch = 'HNX'
GROUP BY cdet.equity_listing_exch";"-- Chỉ tiêu phái sinh
-- = (Chỉ tiêu kỳ này - Chỉ tiêu cùng kỳ năm trước) / Chỉ tiêu cùng kỳ năm trước * 100%
-- Tính bằng cách chạy SQL tương ứng với :year và :year-1
SELECT ROUND((ky_nay.gia_tri - ck_truoc.gia_tri)
/ NULLIF(ck_truoc.gia_tri, 0) * 100, 2) AS thay_doi_pct
FROM (<SQL, :year=N>) ky_nay
CROSS JOIN (<SQL , :year=N-1>) ck_truoc";;;;
13;;Dashboard Giám sát tổng hợp theo sàn HNX -Tổng hợp chỉ tiêu tài chính & thống kê ngành;Tiền và tương đương tiền - so sánh thay đổi cùng kỳ năm trước;Tiền và tương đương tiền = Tiền mặt + Tiền gửi ngân hàng + Các khoản tương đương tiền;Dashboard;Chỉ tiêu phái sinh;TB;Ngày, Sàn;IDS - GSĐC;;X;;Done;;"IDS.data (d),
IDS.report_catalog (rc),
IDS.company_data (cd),
IDS.company_detail (cdet)";cdet.equity_listing_exch, (Tiền và tương đương tiền_ky_nay - Tiền và tương đương tiền_cung_ky) / Tiền và tương đương tiền_cung_ky * 100;"Chỉ tiêu phái sinh
= (Kỳ này - Cùng kỳ năm trước) / Cùng kỳ năm trước × 100%
AND cdet.equity_listing_exch = 'HNX'
GROUP BY cdet.equity_listing_exch";"-- Chỉ tiêu phái sinh
-- = (Chỉ tiêu kỳ này - Chỉ tiêu cùng kỳ năm trước) / Chỉ tiêu cùng kỳ năm trước * 100%
-- Tính bằng cách chạy SQL tương ứng với :year và :year-1
SELECT ROUND((ky_nay.gia_tri - ck_truoc.gia_tri)
/ NULLIF(ck_truoc.gia_tri, 0) * 100, 2) AS thay_doi_pct
FROM (<SQL , :year=N>) ky_nay
CROSS JOIN (<SQL , :year=N-1>) ck_truoc";;;;
13;;Dashboard Giám sát tổng hợp theo sàn HNX -Tổng hợp chỉ tiêu tài chính & thống kê ngành;Nợ/ Vốn CSH - so sánh thay đổi cùng kỳ năm trước;Tỷ lệ Nợ / Vốn chủ sở hữu = Tổng nợ phải trả / Vốn chủ sở hữu;Dashboard;Chỉ tiêu phái sinh;TB;Ngày, Sàn;IDS - GSĐC;;X;;Done;;"IDS.data (d),
IDS.report_catalog (rc),
IDS.company_data (cd),
IDS.company_detail (cdet)";cdet.equity_listing_exch, (Nợ/Vốn CSH_ky_nay - Nợ/Vốn CSH_cung_ky) / Nợ/Vốn CSH_cung_ky * 100;"Chỉ tiêu phái sinh
= (Kỳ này - Cùng kỳ năm trước) / Cùng kỳ năm trước × 100%
AND cdet.equity_listing_exch = 'HNX'
GROUP BY cdet.equity_listing_exch";"-- Chỉ tiêu phái sinh
-- = (Chỉ tiêu kỳ này - Chỉ tiêu cùng kỳ năm trước) / Chỉ tiêu cùng kỳ năm trước * 100%
-- Tính bằng cách chạy SQL tương ứng với :year và :year-1
SELECT ROUND((ky_nay.gia_tri - ck_truoc.gia_tri)
/ NULLIF(ck_truoc.gia_tri, 0) * 100, 2) AS thay_doi_pct
FROM (<SQL, :year=N>) ky_nay
CROSS JOIN (<SQL, :year=N-1>) ck_truoc";;;;
13;;Dashboard Giám sát tổng hợp theo sàn HNX -Tổng hợp chỉ tiêu tài chính & thống kê ngành;Ngành;Phân loại ngành lấy từ IDS;Dashboard;Chiều;Trùng;Ngày, Sàn, Ngành;IDS - GSĐC;;;;Done;;Đã thực hiện ở dòng 88;;;;;;;
13;;Dashboard Giám sát tổng hợp theo sàn HNX -Tổng hợp chỉ tiêu tài chính & thống kê ngành;Tổng tài sản - theo ngành;Σ Tổng tài sản của tất cả DN trên sàn;Dashboard;Chỉ tiêu cơ sở;TB;Ngày, Sàn, Ngành;IDS - GSĐC;x;X;;Done;;"IDS.data (d),
IDS.report_catalog (rc),
IDS.company_data (cd),
IDS.company_detail (cdet)";cdet.equity_listing_exch, cdet.category_l1_id, SUM(d.data_value) AS tong_tai_san;"rc2.col_desc = '1'
AND rc.report_cd LIKE 'BCDKT%'
AND ((rc.enterprise_type_cd='dn' AND rr.row_desc='270')
OR (rc.enterprise_type_cd='bh' AND rr.row_desc='270')
OR (rc.enterprise_type_cd='td' AND rr.row_desc='300'))
AND cdet.equity_listing_exch = 'HNX' 
GROUP BY cdet.category_l1_id, cdet.equity_listing_exch";"SELECT cdet.category_l1_id, cdet.equity_listing_exch, SUM(d.data_value) AS tong_tai_san
FROM IDS.data d
JOIN IDS.report_catalog rc ON d.report_catalog_id=rc.id
JOIN IDS.rrow rr ON rr.row_cd = d.row_cd AND rr.report_catalog_id = d.report_catalog_id
JOIN IDS.rcol rc2 ON rc2.col_cd = d.col_cd AND rc2.report_catalog_id = d.report_catalog_id
JOIN IDS.company_data cd ON d.company_data_id=cd.id
JOIN IDS.company_detail cdet ON cdet.company_profile_id=cd.company_profile_id
WHERE rc2.col_desc = '1'
AND rc.report_cd LIKE 'BCDKT%'
AND cd.report_year=:year AND cd.report_quarter=:quarter
AND ((rc.enterprise_type_cd='dn' AND rr.row_desc IN ('270'))
OR (rc.enterprise_type_cd='bh' AND rr.row_desc IN ('270'))
OR (rc.enterprise_type_cd='td' AND rr.row_desc IN ('300')))
AND cdet.equity_listing_exch = 'HNX' 
GROUP BY cdet.category_l1_id, cdet.equity_listing_exch";;;;
13;;Dashboard Giám sát tổng hợp theo sàn HNX -Tổng hợp chỉ tiêu tài chính & thống kê ngành;Nợ Phải Trả - theo ngành;Σ Nợ Phải Trả của tất cả DN trên sàn;Dashboard;Chỉ tiêu cơ sở;TB;Ngày, Sàn, Ngành;IDS - GSĐC;x;X;;Done;;"IDS.data (d),
IDS.report_catalog (rc),
IDS.company_data (cd),
IDS.company_detail (cdet)";cdet.equity_listing_exch, cdet.category_l1_id, SUM(d.data_value) AS no_phai_tra;"rc2.col_desc = '1'
AND rc.report_cd LIKE 'BCDKT%'
AND ((rc.enterprise_type_cd='dn' AND rr.row_desc='300')
OR (rc.enterprise_type_cd='bh' AND rr.row_desc='300')
OR (rc.enterprise_type_cd='td' AND rr.row_desc='400'))
AND cdet.equity_listing_exch = 'HNX' 
GROUP BY cdet.category_l1_id, cdet.equity_listing_exch";"SELECT cdet.category_l1_id, cdet.equity_listing_exch, SUM(d.data_value) AS no_phai_tra
FROM IDS.data d
JOIN IDS.report_catalog rc ON d.report_catalog_id=rc.id
JOIN IDS.rrow rr ON rr.row_cd = d.row_cd AND rr.report_catalog_id = d.report_catalog_id
JOIN IDS.rcol rc2 ON rc2.col_cd = d.col_cd AND rc2.report_catalog_id = d.report_catalog_id
JOIN IDS.company_data cd ON d.company_data_id=cd.id
JOIN IDS.company_detail cdet ON cdet.company_profile_id=cd.company_profile_id
WHERE rc2.col_desc = '1'
AND rc.report_cd LIKE 'BCDKT%'
AND cd.report_year=:year AND cd.report_quarter=:quarter
AND ((rc.enterprise_type_cd='dn' AND rr.row_desc IN ('300'))
OR (rc.enterprise_type_cd='bh' AND rr.row_desc IN ('300'))
OR (rc.enterprise_type_cd='td' AND rr.row_desc IN ('400')))
AND cdet.equity_listing_exch = 'HNX' 
GROUP BY cdet.category_l1_id, cdet.equity_listing_exch";;;;
13;;Dashboard Giám sát tổng hợp theo sàn HNX -Tổng hợp chỉ tiêu tài chính & thống kê ngành;Vốn CSH - theo ngành;Σ VCSH của tất cả các DN trên sàn;Dashboard;Chỉ tiêu cơ sở;TB;Ngày, Sàn, Ngành;IDS - GSĐC;x;X;;Done;;"IDS.data (d),
IDS.report_catalog (rc),
IDS.company_data (cd),
IDS.company_detail (cdet)";cdet.equity_listing_exch, cdet.category_l1_id, SUM(d.data_value) AS vcsh;"rc2.col_desc = '1'
AND rc.report_cd LIKE 'BCDKT%'
AND ((rc.enterprise_type_cd='dn' AND rr.row_desc='400')
OR (rc.enterprise_type_cd='bh' AND rr.row_desc='400')
OR (rc.enterprise_type_cd='td' AND rr.row_desc='500'))
AND cdet.equity_listing_exch = 'HNX' 
GROUP BY cdet.category_l1_id, cdet.equity_listing_exch";"SELECT cdet.category_l1_id, cdet.equity_listing_exch, SUM(d.data_value) AS vcsh
FROM IDS.data d
JOIN IDS.report_catalog rc ON d.report_catalog_id=rc.id
JOIN IDS.rrow rr ON rr.row_cd = d.row_cd AND rr.report_catalog_id = d.report_catalog_id
JOIN IDS.rcol rc2 ON rc2.col_cd = d.col_cd AND rc2.report_catalog_id = d.report_catalog_id
JOIN IDS.company_data cd ON d.company_data_id=cd.id
JOIN IDS.company_detail cdet ON cdet.company_profile_id=cd.company_profile_id
WHERE rc2.col_desc = '1'
AND rc.report_cd LIKE 'BCDKT%'
AND cd.report_year=:year AND cd.report_quarter=:quarter
AND ((rc.enterprise_type_cd='dn' AND rr.row_desc IN ('400'))
OR (rc.enterprise_type_cd='bh' AND rr.row_desc IN ('400'))
OR (rc.enterprise_type_cd='td' AND rr.row_desc IN ('500')))
AND cdet.equity_listing_exch = 'HNX' 
GROUP BY cdet.category_l1_id, cdet.equity_listing_exch";;;;
13;;Dashboard Giám sát tổng hợp theo sàn HNX -Tổng hợp chỉ tiêu tài chính & thống kê ngành;Vốn điều lệ - theo ngành;Σ Vốn điều lệ, Vốn góp của chủ sở hữu của tất cả DN trên sàn;Dashboard;Chỉ tiêu cơ sở;TB;Ngày, Sàn, Ngành;IDS - GSĐC;x;X;;Done;;"IDS.data (d),
IDS.report_catalog (rc),
IDS.company_data (cd),
IDS.company_detail (cdet)";cdet.equity_listing_exch, cdet.category_l1_id, SUM(d.data_value) AS von_dieu_le;"rc2.col_desc = '1'
AND rc.report_cd LIKE 'BCDKT%'
AND ((rc.enterprise_type_cd='dn' AND rr.row_desc='411')
OR (rc.enterprise_type_cd='bh' AND rr.row_desc='411')
OR (rc.enterprise_type_cd='td' AND rr.row_desc='411'))
AND cdet.equity_listing_exch = 'HNX' 
GROUP BY cdet.category_l1_id, cdet.equity_listing_exch";"SELECT cdet.category_l1_id, cdet.equity_listing_exch, SUM(d.data_value) AS von_dieu_le
FROM IDS.data d
JOIN IDS.report_catalog rc ON d.report_catalog_id=rc.id
JOIN IDS.rrow rr ON rr.row_cd = d.row_cd AND rr.report_catalog_id = d.report_catalog_id
JOIN IDS.rcol rc2 ON rc2.col_cd = d.col_cd AND rc2.report_catalog_id = d.report_catalog_id
JOIN IDS.company_data cd ON d.company_data_id=cd.id
JOIN IDS.company_detail cdet ON cdet.company_profile_id=cd.company_profile_id
WHERE rc2.col_desc = '1'
AND rc.report_cd LIKE 'BCDKT%'
AND cd.report_year=:year AND cd.report_quarter=:quarter
AND ((rc.enterprise_type_cd='dn' AND rr.row_desc IN ('411'))
OR (rc.enterprise_type_cd='bh' AND rr.row_desc IN ('411'))
OR (rc.enterprise_type_cd='td' AND rr.row_desc IN ('411')))
AND cdet.equity_listing_exch = 'HNX' 
GROUP BY cdet.category_l1_id, cdet.equity_listing_exch";;;;
13;;Dashboard Giám sát tổng hợp theo sàn HNX -Tổng hợp chỉ tiêu tài chính & thống kê ngành;Lợi nhuận sau thuế - theo ngành;Σ Lợi nhuận sau thuế của tất cả DN trên sàn;Dashboard;Chỉ tiêu cơ sở;TB;Ngày, Sàn, Ngành;IDS - GSĐC;x;X;;Done;;"IDS.data (d),
IDS.report_catalog (rc),
IDS.company_data (cd),
IDS.company_detail (cdet)";cdet.equity_listing_exch, cdet.category_l1_id, SUM(d.data_value) AS lnst;"rc2.col_desc = '1'
AND rc.report_cd LIKE 'BCKQKD%'
AND ((rc.enterprise_type_cd='dn' AND rr.row_desc='60')
OR (rc.enterprise_type_cd='bh' AND rr.row_desc='60')
OR (rc.enterprise_type_cd='td' AND rr.row_desc='21'))
AND cdet.equity_listing_exch = 'HNX' 
GROUP BY cdet.category_l1_id, cdet.equity_listing_exch";"SELECT cdet.category_l1_id, cdet.equity_listing_exch, SUM(d.data_value) AS lnst
FROM IDS.data d
JOIN IDS.report_catalog rc ON d.report_catalog_id=rc.id
JOIN IDS.rrow rr ON rr.row_cd = d.row_cd AND rr.report_catalog_id = d.report_catalog_id
JOIN IDS.rcol rc2 ON rc2.col_cd = d.col_cd AND rc2.report_catalog_id = d.report_catalog_id
JOIN IDS.company_data cd ON d.company_data_id=cd.id
JOIN IDS.company_detail cdet ON cdet.company_profile_id=cd.company_profile_id
WHERE rc2.col_desc = '1'
AND rc.report_cd LIKE 'BCKQKD%'
AND cd.report_year=:year AND cd.report_quarter=:quarter
AND ((rc.enterprise_type_cd='dn' AND rr.row_desc IN ('60'))
OR (rc.enterprise_type_cd='bh' AND rr.row_desc IN ('60'))
OR (rc.enterprise_type_cd='td' AND rr.row_desc IN ('21')))
AND cdet.equity_listing_exch = 'HNX' 
GROUP BY cdet.category_l1_id, cdet.equity_listing_exch";;;;
13;;Dashboard Giám sát tổng hợp theo sàn HNX -Tổng hợp chỉ tiêu tài chính & thống kê ngành;ROA - theo ngành;"ROE = (LNST/Tổng tài sản bình quân) * 100%
Tổng tài sản bình quân = (Tổng tài sản đầu kỳ + Tổng tài sản cuối kỳ)/2";Dashboard;Chỉ tiêu cơ sở;TB;Ngày, Sàn, Ngành;IDS - GSĐC;x;X;;Done;;"IDS.data (d),
IDS.report_catalog (rc),
IDS.company_data (cd),
IDS.company_detail (cdet)";cdet.equity_listing_exch, cdet.category_l1_id, SUM(lnst) / SUM(TSBQ) * 100 AS roa_pct;"Chỉ tiêu phái sinh
= LNST / TSBQ * 100%
AND cdet.equity_listing_exch = 'HNX' 
GROUP BY cdet.category_l1_id, cdet.equity_listing_exch";"-- ROA = LNST / Tổng tài sản bình quân * 100%
-- TSBQ = (TS đầu kỳ + TS cuối kỳ) / 2
WITH ts_bq AS (
SELECT cd.company_profile_id,
SUM(CASE WHEN rc2.col_desc = '2' THEN d.data_value ELSE 0 END) AS ts_dau,
SUM(CASE WHEN rc2.col_desc = '1' THEN d.data_value ELSE 0 END) AS ts_cuoi
FROM IDS.data d
JOIN IDS.report_catalog rc ON d.report_catalog_id=rc.id
JOIN IDS.rrow rr ON rr.row_cd = d.row_cd AND rr.report_catalog_id = d.report_catalog_id
JOIN IDS.rcol rc2 ON rc2.col_cd = d.col_cd AND rc2.report_catalog_id = d.report_catalog_id
JOIN IDS.company_data cd ON d.company_data_id=cd.id
WHERE cd.report_year=:year AND cd.report_quarter=:quarter
AND rc.report_cd LIKE 'BCDKT%'
AND ((rc.enterprise_type_cd='dn' AND rr.row_desc='270')
OR (rc.enterprise_type_cd='bh' AND rr.row_desc='270')
OR (rc.enterprise_type_cd='td' AND rr.row_desc='300'))
GROUP BY cd.company_profile_id
), lnst AS (
SELECT cd.company_profile_id, SUM(d.data_value) AS lnst
FROM IDS.data d
JOIN IDS.report_catalog rc ON d.report_catalog_id=rc.id
JOIN IDS.company_data cd ON d.company_data_id=cd.id
WHERE rc2.col_desc = '1'
AND rc.report_cd LIKE 'BCKQKD%' AND cd.report_year=:year AND cd.report_quarter=:quarter
AND ((rc.enterprise_type_cd='dn' AND rr.row_desc='60')
OR (rc.enterprise_type_cd='bh' AND rr.row_desc='60')
OR (rc.enterprise_type_cd='td' AND rr.row_desc='21'))
GROUP BY cd.company_profile_id
)
SELECT cdet.category_l1_id, cdet.equity_listing_exch, SUM(l.lnst) / NULLIF(SUM(
CASE WHEN t.ts_dau IS NULL THEN t.ts_cuoi
WHEN t.ts_cuoi IS NULL THEN t.ts_dau
ELSE (t.ts_dau+t.ts_cuoi)/2 END),0)*100 AS roa_pct
FROM ts_bq t JOIN lnst l ON l.company_profile_id=t.company_profile_id
JOIN IDS.company_detail cdet ON cdet.company_profile_id=t.company_profile_id
AND cdet.equity_listing_exch = 'HNX' 
GROUP BY cdet.category_l1_id, cdet.equity_listing_exch";;;;
13;;Dashboard Giám sát tổng hợp theo sàn HNX -Tổng hợp chỉ tiêu tài chính & thống kê ngành;ROE - theo ngành;"ROE = (LNST/VCSH bình quân) * 100%
VCSH bình quân = (VCSH đầu kỳ + VCSH cuối kỳ)/2";Dashboard;Chỉ tiêu cơ sở;TB;Ngày, Sàn, Ngành;IDS - GSĐC;x;X;;Done;;"IDS.data (d),
IDS.report_catalog (rc),
IDS.company_data (cd),
IDS.company_detail (cdet)";cdet.equity_listing_exch, cdet.category_l1_id, SUM(lnst) / SUM(VCSHBQ) * 100 AS roe_pct;"Chỉ tiêu phái sinh
= LNST / VCSHBQ * 100%
AND cdet.equity_listing_exch = 'HNX' 
GROUP BY cdet.category_l1_id, cdet.equity_listing_exch";"-- ROA = LNST / VCSH bình quân * 100%
-- VCSHBQ = (TS đầu kỳ + TS cuối kỳ) / 2
WITH ts_bq AS (
SELECT cd.company_profile_id,
SUM(CASE WHEN rc2.col_desc = '2' THEN d.data_value ELSE 0 END) AS vcsh_dau,
SUM(CASE WHEN rc2.col_desc = '1' THEN d.data_value ELSE 0 END) AS vcsh_cuoi
FROM IDS.data d
JOIN IDS.report_catalog rc ON d.report_catalog_id=rc.id
JOIN IDS.rrow rr ON rr.row_cd = d.row_cd AND rr.report_catalog_id = d.report_catalog_id
JOIN IDS.rcol rc2 ON rc2.col_cd = d.col_cd AND rc2.report_catalog_id = d.report_catalog_id
JOIN IDS.company_data cd ON d.company_data_id=cd.id
WHERE cd.report_year=:year AND cd.report_quarter=:quarter
AND rc.report_cd LIKE 'BCDKT%'
AND ((rc.enterprise_type_cd='dn' AND rr.row_desc='400')
OR (rc.enterprise_type_cd='bh' AND rr.row_desc='D')
OR (rc.enterprise_type_cd='td' AND rr.row_desc='500'))
GROUP BY cd.company_profile_id
), lnst AS (
SELECT cd.company_profile_id, SUM(d.data_value) AS lnst
FROM IDS.data d
JOIN IDS.report_catalog rc ON d.report_catalog_id=rc.id
JOIN IDS.company_data cd ON d.company_data_id=cd.id
WHERE rc2.col_desc = '1'
AND rc.report_cd LIKE 'BCKQKD%' AND cd.report_year=:year AND cd.report_quarter=:quarter
AND ((rc.enterprise_type_cd='dn' AND rr.row_desc='60')
OR (rc.enterprise_type_cd='bh' AND rr.row_desc='60')
OR (rc.enterprise_type_cd='td' AND rr.row_desc='21'))
GROUP BY cd.company_profile_id
)
SELECT cdet.category_l1_id, cdet.equity_listing_exch, SUM(l.lnst) / NULLIF(SUM(
CASE WHEN t.vcsh_dau IS NULL THEN t.vcsh_cuoi
WHEN t.vcsh_cuoi IS NULL THEN t.vcsh_dau
ELSE (t.vcsh_dau+t.vcsh_cuoi)/2 END),0)*100 AS roe_pct
FROM ts_bq t JOIN lnst l ON l.company_profile_id=t.company_profile_id
JOIN IDS.company_detail cdet ON cdet.company_profile_id=t.company_profile_id
AND cdet.equity_listing_exch = 'HNX' 
GROUP BY cdet.category_l1_id, cdet.equity_listing_exch";;;;
13;;Dashboard Giám sát tổng hợp theo sàn HNX -Tổng hợp chỉ tiêu tài chính & thống kê ngành;Hàng Tồn Kho - theo ngành;Σ Giá trị hàng tồn kho của tất cả DN trên sàn;Dashboard;Chỉ tiêu cơ sở;TB;Ngày, Sàn, Ngành;IDS - GSĐC;x;X;;Done;;"IDS.data (d),
IDS.report_catalog (rc),
IDS.company_data (cd),
IDS.company_detail (cdet)";cdet.equity_listing_exch, cdet.category_l1_id, SUM(d.data_value) AS hang_ton_kho;"rc2.col_desc = '1'
AND rc.report_cd LIKE 'BCDKT%'
AND ((rc.enterprise_type_cd='dn' AND rr.row_desc='140')
OR (rc.enterprise_type_cd='bh' AND rr.row_desc='140'))
AND cdet.equity_listing_exch = 'HNX' 
GROUP BY cdet.category_l1_id, cdet.equity_listing_exch";"SELECT cdet.category_l1_id, cdet.equity_listing_exch, SUM(d.data_value) AS hang_ton_kho
FROM IDS.data d
JOIN IDS.report_catalog rc ON d.report_catalog_id=rc.id
JOIN IDS.rrow rr ON rr.row_cd = d.row_cd AND rr.report_catalog_id = d.report_catalog_id
JOIN IDS.rcol rc2 ON rc2.col_cd = d.col_cd AND rc2.report_catalog_id = d.report_catalog_id
JOIN IDS.company_data cd ON d.company_data_id=cd.id
JOIN IDS.company_detail cdet ON cdet.company_profile_id=cd.company_profile_id
WHERE rc2.col_desc = '1'
AND rc.report_cd LIKE 'BCDKT%'
AND cd.report_year=:year AND cd.report_quarter=:quarter
AND ((rc.enterprise_type_cd='dn' AND rr.row_desc='140')
OR (rc.enterprise_type_cd='bh' AND rr.row_desc='140'))
AND cdet.equity_listing_exch = 'HNX' 
GROUP BY cdet.category_l1_id, cdet.equity_listing_exch";;;;
13;;Dashboard Giám sát tổng hợp theo sàn HNX -Tổng hợp chỉ tiêu tài chính & thống kê ngành;Doanh thu - theo ngành;Σ Doanh thu của tất cả DN trên sàn;Dashboard;Chỉ tiêu cơ sở;TB;Ngày, Sàn, Ngành;IDS - GSĐC;x;X;;Done;;"IDS.data (d),
IDS.report_catalog (rc),
IDS.company_data (cd),
IDS.company_detail (cdet)";cdet.equity_listing_exch, cdet.category_l1_id, SUM(d.data_value) AS doanh_thu;"rc2.col_desc = '1'
AND rc.report_cd LIKE 'BCKQKD%'
AND ((rc.enterprise_type_cd='dn' AND rr.row_desc='10')
OR (rc.enterprise_type_cd='bh' AND rr.row_desc='10')
OR (rc.enterprise_type_cd='td' AND rr.row_desc='03'))
AND cdet.equity_listing_exch = 'HNX' 
GROUP BY cdet.category_l1_id, cdet.equity_listing_exch";"SELECT cdet.category_l1_id, cdet.equity_listing_exch, SUM(d.data_value) AS doanh_thu
FROM IDS.data d
JOIN IDS.report_catalog rc ON d.report_catalog_id=rc.id
JOIN IDS.rrow rr ON rr.row_cd = d.row_cd AND rr.report_catalog_id = d.report_catalog_id
JOIN IDS.rcol rc2 ON rc2.col_cd = d.col_cd AND rc2.report_catalog_id = d.report_catalog_id
JOIN IDS.company_data cd ON d.company_data_id=cd.id
JOIN IDS.company_detail cdet ON cdet.company_profile_id=cd.company_profile_id
WHERE rc2.col_desc = '1'
AND rc.report_cd LIKE 'BCKQKD%'
AND cd.report_year=:year AND cd.report_quarter=:quarter
AND ((rc.enterprise_type_cd='dn' AND rr.row_desc IN ('10'))
OR (rc.enterprise_type_cd='bh' AND rr.row_desc IN ('10'))
OR (rc.enterprise_type_cd='td' AND rr.row_desc IN ('03')))
AND cdet.equity_listing_exch = 'HNX' 
GROUP BY cdet.category_l1_id, cdet.equity_listing_exch";;;;
13;;Dashboard Giám sát tổng hợp theo sàn HNX -Tổng hợp chỉ tiêu tài chính & thống kê ngành;Lợi nhuận dồn tích (YTD) - theo ngành;Σ LNST của tất cả DN trên sàn từ đầu năm đến kỳ báo cáo;Dashboard;Chỉ tiêu cơ sở;TB;Ngày, Sàn, Ngành;IDS - GSĐC;x;X;;Done;;"IDS.data (d),
IDS.report_catalog (rc),
IDS.company_data (cd),
IDS.company_detail (cdet)";cdet.equity_listing_exch, cdet.category_l1_id, SUM(d.data_value) AS lnst_ytd;"rc2.col_desc = '1'
AND rc.report_cd LIKE 'BCDKT%'
AND cd.report_year=:year AND cd.report_quarter=:quarter
AND ((rc.enterprise_type_cd='dn' AND rr.row_desc='421')
OR (rc.enterprise_type_cd='bh' AND rr.row_desc='421'))
AND cdet.equity_listing_exch = 'HNX' 
GROUP BY cdet.category_l1_id, cdet.equity_listing_exch";"SELECT cdet.category_l1_id, cdet.equity_listing_exch, SUM(d.data_value) AS lnst_ytd
FROM IDS.data d
JOIN IDS.report_catalog rc ON d.report_catalog_id=rc.id
JOIN IDS.rrow rr ON rr.row_cd = d.row_cd AND rr.report_catalog_id = d.report_catalog_id
JOIN IDS.rcol rc2 ON rc2.col_cd = d.col_cd AND rc2.report_catalog_id = d.report_catalog_id
JOIN IDS.company_data cd ON d.company_data_id=cd.id
JOIN IDS.company_detail cdet ON cdet.company_profile_id=cd.company_profile_id
WHERE rc2.col_desc = '1'
AND rc.report_cd LIKE 'BCDKT%'
AND cd.report_year=:year AND cd.report_quarter=:quarter
AND ((rc.enterprise_type_cd='dn' AND rr.row_desc='421')
OR (rc.enterprise_type_cd='bh' AND rr.row_desc='421'))
AND cdet.equity_listing_exch = 'HNX' 
GROUP BY cdet.category_l1_id, cdet.equity_listing_exch";;;;
13;;Dashboard Giám sát tổng hợp theo sàn HNX -Tổng hợp chỉ tiêu tài chính & thống kê ngành;Phải thu - theo ngành;Tổng phải thu = Phải thu ngắn hạn + Phải thu dài hạn;Dashboard;Chỉ tiêu cơ sở;TB;Ngày, Sàn, Ngành;IDS - GSĐC;x;X;;Done;;"IDS.data (d),
IDS.report_catalog (rc),
IDS.company_data (cd),
IDS.company_detail (cdet)";cdet.equity_listing_exch, cdet.category_l1_id, SUM(d.data_value) AS phai_thu;"rc2.col_desc = '1'
AND rc.report_cd LIKE 'BCDKT%'
AND cd.report_year=:year AND cd.report_quarter=:quarter
AND ((rc.enterprise_type_cd='dn' AND rr.row_desc IN ('130', '210'))
OR (rc.enterprise_type_cd='bh' AND rr.row_desc IN ('130', '210'))
OR (rc.enterprise_type_cd='td' AND rr.row_desc IN ('251'))
)
AND cdet.equity_listing_exch = 'HNX' 
GROUP BY cdet.category_l1_id, cdet.equity_listing_exch";"SELECT cdet.category_l1_id, cdet.equity_listing_exch, SUM(d.data_value) AS phai_thu
FROM IDS.data d
JOIN IDS.report_catalog rc ON d.report_catalog_id=rc.id
JOIN IDS.rrow rr ON rr.row_cd = d.row_cd AND rr.report_catalog_id = d.report_catalog_id
JOIN IDS.rcol rc2 ON rc2.col_cd = d.col_cd AND rc2.report_catalog_id = d.report_catalog_id
JOIN IDS.company_data cd ON d.company_data_id=cd.id
JOIN IDS.company_detail cdet ON cdet.company_profile_id=cd.company_profile_id
WHERE rc2.col_desc = '1'
AND rc.report_cd LIKE 'BCDKT%'
AND cd.report_year = :year AND cd.report_quarter = :quarter
AND ((rc.enterprise_type_cd='dn' AND rr.row_desc IN ('130','210'))
OR (rc.enterprise_type_cd='bh' AND rr.row_desc IN ('130','210'))
OR (rc.enterprise_type_cd='td' AND rr.row_desc IN ('251')))
AND cdet.equity_listing_exch = 'HNX' 
GROUP BY cdet.category_l1_id, cdet.equity_listing_exch";;;;
13;;Dashboard Giám sát tổng hợp theo sàn HNX -Tổng hợp chỉ tiêu tài chính & thống kê ngành;Tiền và tương đương tiền - theo ngành;Tiền và tương đương tiền = Tiền mặt + Tiền gửi ngân hàng + Các khoản tương đương tiền;Dashboard;Chỉ tiêu cơ sở;TB;Ngày, Sàn, Ngành;IDS - GSĐC;x;X;;Done;;"IDS.data (d),
IDS.report_catalog (rc),
IDS.company_data (cd),
IDS.company_detail (cdet)";cdet.equity_listing_exch, cdet.category_l1_id, SUM(d.data_value) AS tien_tuong_duong;"rc2.col_desc = '1'
AND rc.report_cd LIKE 'BCDKT%'
AND ((rc.enterprise_type_cd='dn' AND rr.row_desc='110')
OR (rc.enterprise_type_cd='bh' AND rr.row_desc='110')
OR (rc.enterprise_type_cd='td' AND rr.row_desc IN ('110','120')))
AND cdet.equity_listing_exch = 'HNX' 
GROUP BY cdet.category_l1_id, cdet.equity_listing_exch";"SELECT cdet.category_l1_id, cdet.equity_listing_exch, SUM(d.data_value) AS tien_tuong_duong
FROM IDS.data d
JOIN IDS.report_catalog rc ON d.report_catalog_id=rc.id
JOIN IDS.rrow rr ON rr.row_cd = d.row_cd AND rr.report_catalog_id = d.report_catalog_id
JOIN IDS.rcol rc2 ON rc2.col_cd = d.col_cd AND rc2.report_catalog_id = d.report_catalog_id
JOIN IDS.company_data cd ON d.company_data_id=cd.id
JOIN IDS.company_detail cdet ON cdet.company_profile_id=cd.company_profile_id
WHERE rc2.col_desc = '1'
AND rc.report_cd LIKE 'BCDKT%'
AND cd.report_year=:year AND cd.report_quarter=:quarter
AND ((rc.enterprise_type_cd='dn' AND rr.row_desc IN ('110'))
OR (rc.enterprise_type_cd='bh' AND rr.row_desc IN ('110'))
OR (rc.enterprise_type_cd='td' AND rr.row_desc IN ('110','120')))
AND cdet.equity_listing_exch = 'HNX' 
GROUP BY cdet.category_l1_id, cdet.equity_listing_exch";;;;
13;;Dashboard Giám sát tổng hợp theo sàn HNX -Tổng hợp chỉ tiêu tài chính & thống kê ngành;Nợ/Vốn chủ sở hữu - theo ngành;Tỷ lệ Nợ / Vốn chủ sở hữu = Tổng nợ phải trả / Vốn chủ sở hữu;Dashboard;Chỉ tiêu cơ sở;TB;Ngày, Sàn, Ngành;IDS - GSĐC;x;X;;Done;;"IDS.data (d),
IDS.report_catalog (rc),
IDS.company_data (cd),
IDS.company_detail (cdet)";cdet.equity_listing_exch, cdet.category_l1_id, SUM(no_phai_tra) / NULLIF(SUM(vcsh),0) AS ty_le_no_vcsh;"Chỉ tiêu phái sinh
= NPT / VCSH theo ngành
AND cdet.equity_listing_exch = 'HNX' 
GROUP BY cdet.category_l1_id, cdet.equity_listing_exch";"-- Chỉ tiêu phái sinh (tính từ các chỉ tiêu cơ sở)
-- Nợ/Vốn CSH = Tổng Nợ Phải Trả / VCSH 
AND cdet.equity_listing_exch = 'HNX' 
GROUP BY cdet.category_l1_id, cdet.equity_listing_exch";;;;
14;;Dashboard Giám sát tổng hợp theo sàn HOSE - Thống kê niêm yết theo sàn;Ngày thống kê;Ngày thống kê (Năm/Quý);Dashboard;Chiều;Trùng;Ngày, Sàn;;;;;Done;;Tham số lọc (không map bảng);:year, :quarter;"Tham số đầu vào; xem row 58";-- Chiều thời gian: tham số người dùng chọn (giống mục 6);;;;
14;;Dashboard Giám sát tổng hợp theo sàn HOSE - Thống kê niêm yết theo sàn;Sàn;;Dashboard;Chiều;Trùng;Ngày, Sàn;IDS - GSĐC;;;;Done;;IDS.lookup_values (lv);lv.lookup_cd AS san_niem_yet;lv.lookup_group = 'IDS_LISTING_TYPE';"-- Danh sách sàn niêm yết: HNX, HOSE, UPCOM, OTC
SELECT lv.lookup_cd AS san_niem_yet
FROM IDS.lookup_values lv
WHERE lv.lookup_group = 'IDS_LISTING_TYPE'";;;;
14;;Dashboard Giám sát tổng hợp theo sàn HOSE - Thống kê niêm yết theo sàn;Số doanh nghiệp theo từng sàn;Đếm số lượng DN theo sàn niêm yết;Dashboard;Chỉ tiêu cơ sở;TB;Ngày, Sàn;IDS - GSĐC;x;X;;Done;;IDS.company_detail (cd);cd.equity_listing_exch, COUNT(DISTINCT cd.company_profile_id) AS so_luong_dn;"cd.ids_reg_date <= LAST_DAY(ADD_MONTHS(
TO_DATE(:p_year || '-01-01', 'YYYY-MM-DD'),
TO_NUMBER(SUBSTR(:p_quarter, 2, 1)) * 3 - 1))
AND cd.equity_listing_exch = 'HOSE'
GROUP BY cd.equity_listing_exch
-- Đếm toàn bộ DN trên IDS (gồm niêm yết và chưa niêm yết)
-- Không lọc public_com_flg, không lọc status_ids_cd";"SELECT cd.equity_listing_exch, COUNT(DISTINCT cd.company_profile_id) AS so_luong_dn
FROM IDS.company_detail cd
WHERE cd.ids_reg_date <=
LAST_DAY(ADD_MONTHS(
TO_DATE(:p_year || '-01-01', 'YYYY-MM-DD'),
TO_NUMBER(SUBSTR(:p_quarter, 2, 1)) * 3 - 1))
AND cd.equity_listing_exch = 'HOSE'
GROUP BY cd.equity_listing_exch";;;;
14;;Dashboard Giám sát tổng hợp theo sàn HOSE - Thống kê niêm yết theo sàn;Tỷ lệ nộp BCTC theo từng sàn (quý);Là tỷ lệ % doanh nghiệp trên mỗi sàn giao dịch đã nộp báo cáo tài chính quý đúng kỳ báo cáo.;Dashboard;Chỉ tiêu phái sinh;TB;Ngày, Sàn;IDS - GSĐC;;X;;Done;;"IDS.company_data (a),
IDS.company_detail (cdet)";"cdet.equity_listing_exch, ROUND(
COUNT(CASE WHEN a.submission_date IS NOT NULL
AND a.submission_date <= a.submission_deadline_date
THEN 1 END)
/ NULLIF(COUNT(*), 0) * 100, 2) AS ty_le_nop_dung_han_pct";"a.report_year = :p_year
AND a.report_quarter = TO_NUMBER(SUBSTR(:p_quarter, 2, 1))
AND a.submission_deadline_date <= SYSDATE
AND cdet.equity_listing_exch = 'HOSE'
GROUP BY cdet.equity_listing_exch";"SELECT cd.equity_listing_exch, 
ROUND(
COUNT(CASE WHEN a.submission_date IS NOT NULL
AND a.submission_date <= a.submission_deadline_date
THEN 1 END)
/ NULLIF(COUNT(*), 0) * 100, 2) AS ty_le_nop_dung_han_pct
FROM IDS.company_data a
JOIN IDS.company_detail cdet ON cdet.company_profile_id=a.company_profile_id
WHERE a.report_year = :p_year
AND a.report_quarter = TO_NUMBER(SUBSTR(:p_quarter, 2, 1))
AND a.submission_deadline_date <= SYSDATE
AND cdet.equity_listing_exch = 'HOSE'
GROUP BY cdet.equity_listing_exch";;;;
14;;Dashboard Giám sát tổng hợp theo sàn HOSE - Thống kê niêm yết theo sàn;Số DN báo lãi theo từng sàn;Đếm số doanh nghiệp có LNST > 0 trong kỳ báo cáo.;Dashboard;Chỉ tiêu cơ sở;TB;Ngày, Sàn;IDS - GSĐC;x;X;;Done;;"IDS.data (d),
IDS.report_catalog (rc),
IDS.company_data (cd),
IDS.company_detail (cdet)";cdet.equity_listing_exch, COUNT(DISTINCT d.company_profile_id) AS so_dn_bao_lai;"rc2.col_desc = '1'
AND rc.report_cd LIKE 'BCKQKD%'
AND d.data_value > 0
AND cd.report_year=:year AND cd.report_quarter=:quarter
AND ((rc.enterprise_type_cd='dn' AND rr.row_desc='60')
OR (rc.enterprise_type_cd='bh' AND rr.row_desc='60')
OR (rc.enterprise_type_cd='td' AND rr.row_desc='21'))
AND cdet.equity_listing_exch = 'HOSE'
GROUP BY cdet.equity_listing_exch";"SELECT cd.equity_listing_exch, 
COUNT(DISTINCT d.company_profile_id) AS so_dn_bao_lai
FROM IDS.data d
JOIN IDS.report_catalog rc ON d.report_catalog_id=rc.id
JOIN IDS.rrow rr ON rr.row_cd = d.row_cd AND rr.report_catalog_id = d.report_catalog_id
JOIN IDS.rcol rc2 ON rc2.col_cd = d.col_cd AND rc2.report_catalog_id = d.report_catalog_id
JOIN IDS.company_data cd ON d.company_data_id=cd.id
JOIN IDS.company_detail cdet ON cdet.company_profile_id=cd.company_profile_id
WHERE rc2.col_desc = '1'
AND rc.report_cd LIKE 'BCKQKD%' AND d.data_value > 0
AND cd.report_year=:year AND cd.report_quarter=:quarter
AND ((rc.enterprise_type_cd='dn' AND rr.row_desc='60')
OR (rc.enterprise_type_cd='bh' AND rr.row_desc='60')
OR (rc.enterprise_type_cd='td' AND rr.row_desc='21'))
AND cdet.equity_listing_exch = 'HOSE'
GROUP BY cdet.equity_listing_exch";;;;
15;;Dashboard Giám sát tổng hợp theo sàn HOSE -Tổng hợp chỉ tiêu tài chính & thống kê ngành;Tổng tài sản;Σ Tổng tài sản của tất cả DN trên sàn;Dashboard;Chỉ tiêu cơ sở;Trùng;Ngày, Sàn;IDS - GSĐC;;X;;Done;;"IDS.data (d),
IDS.report_catalog (rc),
IDS.company_data (cd),
IDS.company_detail (cdet)";cdet.equity_listing_exch, SUM(d.data_value) AS tong_tai_san;"rc2.col_desc = '1'
AND rc.report_cd LIKE 'BCDKT%'
AND ((rc.enterprise_type_cd='dn' AND rr.row_desc='270')
OR (rc.enterprise_type_cd='bh' AND rr.row_desc='270')
OR (rc.enterprise_type_cd='td' AND rr.row_desc='300'))
AND cdet.equity_listing_exch = 'HOSE'
GROUP BY cdet.equity_listing_exch";"SELECT cdet.equity_listing_exch, SUM(d.data_value) AS tong_tai_san
FROM IDS.data d
JOIN IDS.report_catalog rc ON d.report_catalog_id=rc.id
JOIN IDS.rrow rr ON rr.row_cd = d.row_cd AND rr.report_catalog_id = d.report_catalog_id
JOIN IDS.rcol rc2 ON rc2.col_cd = d.col_cd AND rc2.report_catalog_id = d.report_catalog_id
JOIN IDS.company_data cd ON d.company_data_id=cd.id
JOIN IDS.company_detail cdet ON cdet.company_profile_id=cd.company_profile_id
WHERE rc2.col_desc = '1'
AND rc.report_cd LIKE 'BCDKT%'
AND cd.report_year=:year AND cd.report_quarter=:quarter
AND ((rc.enterprise_type_cd='dn' AND rr.row_desc IN ('270'))
OR (rc.enterprise_type_cd='bh' AND rr.row_desc IN ('270'))
OR (rc.enterprise_type_cd='td' AND rr.row_desc IN ('300')))
AND cdet.equity_listing_exch = 'HOSE'
GROUP BY cdet.equity_listing_exch";;;;
15;;Dashboard Giám sát tổng hợp theo sàn HOSE -Tổng hợp chỉ tiêu tài chính & thống kê ngành;Nợ Phải Trả;Σ Nợ Phải Trả của tất cả DN trên sàn;Dashboard;Chỉ tiêu cơ sở;Trùng;Ngày, Sàn;IDS - GSĐC;;X;;Done;;"IDS.data (d),
IDS.report_catalog (rc),
IDS.company_data (cd),
IDS.company_detail (cdet)";cdet.equity_listing_exch, SUM(d.data_value) AS no_phai_tra;"rc2.col_desc = '1'
AND rc.report_cd LIKE 'BCDKT%'
AND ((rc.enterprise_type_cd='dn' AND rr.row_desc='300')
OR (rc.enterprise_type_cd='bh' AND rr.row_desc='300')
OR (rc.enterprise_type_cd='td' AND rr.row_desc='400'))
AND cdet.equity_listing_exch = 'HOSE'
GROUP BY cdet.equity_listing_exch";"SELECT cdet.equity_listing_exch, SUM(d.data_value) AS no_phai_tra
FROM IDS.data d
JOIN IDS.report_catalog rc ON d.report_catalog_id=rc.id
JOIN IDS.rrow rr ON rr.row_cd = d.row_cd AND rr.report_catalog_id = d.report_catalog_id
JOIN IDS.rcol rc2 ON rc2.col_cd = d.col_cd AND rc2.report_catalog_id = d.report_catalog_id
JOIN IDS.company_data cd ON d.company_data_id=cd.id
JOIN IDS.company_detail cdet ON cdet.company_profile_id=cd.company_profile_id
WHERE rc2.col_desc = '1'
AND rc.report_cd LIKE 'BCDKT%'
AND cd.report_year=:year AND cd.report_quarter=:quarter
AND ((rc.enterprise_type_cd='dn' AND rr.row_desc IN ('300'))
OR (rc.enterprise_type_cd='bh' AND rr.row_desc IN ('300'))
OR (rc.enterprise_type_cd='td' AND rr.row_desc IN ('400')))
AND cdet.equity_listing_exch = 'HOSE'
GROUP BY cdet.equity_listing_exch";;;;
15;;Dashboard Giám sát tổng hợp theo sàn HOSE -Tổng hợp chỉ tiêu tài chính & thống kê ngành;Vốn CSH;Σ VCSH của tất cả các DN trên sàn;Dashboard;Chỉ tiêu cơ sở;Trùng;Ngày, Sàn;IDS - GSĐC;;X;;Done;;"IDS.data (d),
IDS.report_catalog (rc),
IDS.company_data (cd),
IDS.company_detail (cdet)";cdet.equity_listing_exch, SUM(d.data_value) AS vcsh;"rc2.col_desc = '1'
AND rc.report_cd LIKE 'BCDKT%'
AND ((rc.enterprise_type_cd='dn' AND rr.row_desc='400')
OR (rc.enterprise_type_cd='bh' AND rr.row_desc='400')
OR (rc.enterprise_type_cd='td' AND rr.row_desc='500'))
AND cdet.equity_listing_exch = 'HOSE'
GROUP BY cdet.equity_listing_exch";"SELECT cdet.equity_listing_exch, SUM(d.data_value) AS vcsh
FROM IDS.data d
JOIN IDS.report_catalog rc ON d.report_catalog_id=rc.id
JOIN IDS.rrow rr ON rr.row_cd = d.row_cd AND rr.report_catalog_id = d.report_catalog_id
JOIN IDS.rcol rc2 ON rc2.col_cd = d.col_cd AND rc2.report_catalog_id = d.report_catalog_id
JOIN IDS.company_data cd ON d.company_data_id=cd.id
JOIN IDS.company_detail cdet ON cdet.company_profile_id=cd.company_profile_id
WHERE rc2.col_desc = '1'
AND rc.report_cd LIKE 'BCDKT%'
AND cd.report_year=:year AND cd.report_quarter=:quarter
AND ((rc.enterprise_type_cd='dn' AND rr.row_desc IN ('400'))
OR (rc.enterprise_type_cd='bh' AND rr.row_desc IN ('400'))
OR (rc.enterprise_type_cd='td' AND rr.row_desc IN ('500')))
AND cdet.equity_listing_exch = 'HOSE'
GROUP BY cdet.equity_listing_exch";;;;
15;;Dashboard Giám sát tổng hợp theo sàn HOSE -Tổng hợp chỉ tiêu tài chính & thống kê ngành;Vốn điều lệ;Σ Vốn điều lệ, Vốn góp của chủ sở hữu của tất cả DN trên sàn;Dashboard;Chỉ tiêu cơ sở;Trùng;Ngày, Sàn;IDS - GSĐC;;X;;Done;;"IDS.data (d),
IDS.report_catalog (rc),
IDS.company_data (cd),
IDS.company_detail (cdet)";cdet.equity_listing_exch, SUM(d.data_value) AS von_dieu_le;"rc2.col_desc = '1'
AND rc.report_cd LIKE 'BCDKT%'
AND ((rc.enterprise_type_cd='dn' AND rr.row_desc='411')
OR (rc.enterprise_type_cd='bh' AND rr.row_desc='411')
OR (rc.enterprise_type_cd='td' AND rr.row_desc='411'))
AND cdet.equity_listing_exch = 'HOSE'
GROUP BY cdet.equity_listing_exch";"SELECT cdet.equity_listing_exch, SUM(d.data_value) AS von_dieu_le
FROM IDS.data d
JOIN IDS.report_catalog rc ON d.report_catalog_id=rc.id
JOIN IDS.rrow rr ON rr.row_cd = d.row_cd AND rr.report_catalog_id = d.report_catalog_id
JOIN IDS.rcol rc2 ON rc2.col_cd = d.col_cd AND rc2.report_catalog_id = d.report_catalog_id
JOIN IDS.company_data cd ON d.company_data_id=cd.id
JOIN IDS.company_detail cdet ON cdet.company_profile_id=cd.company_profile_id
WHERE rc2.col_desc = '1'
AND rc.report_cd LIKE 'BCDKT%'
AND cd.report_year=:year AND cd.report_quarter=:quarter
AND ((rc.enterprise_type_cd='dn' AND rr.row_desc IN ('411'))
OR (rc.enterprise_type_cd='bh' AND rr.row_desc IN ('411'))
OR (rc.enterprise_type_cd='td' AND rr.row_desc IN ('411')))
AND cdet.equity_listing_exch = 'HOSE'
GROUP BY cdet.equity_listing_exch";;;;
15;;Dashboard Giám sát tổng hợp theo sàn HOSE -Tổng hợp chỉ tiêu tài chính & thống kê ngành;Lợi nhuận sau thuế;Σ Lợi nhuận sau thuế của tất cả DN trên sàn;Dashboard;Chỉ tiêu cơ sở;Trùng;Ngày, Sàn;IDS - GSĐC;;X;;Done;;"IDS.data (d),
IDS.report_catalog (rc),
IDS.company_data (cd),
IDS.company_detail (cdet)";cdet.equity_listing_exch, SUM(d.data_value) AS lnst;"rc2.col_desc = '1'
AND rc.report_cd LIKE 'BCKQKD%'
AND ((rc.enterprise_type_cd='dn' AND rr.row_desc='60')
OR (rc.enterprise_type_cd='bh' AND rr.row_desc='60')
OR (rc.enterprise_type_cd='td' AND rr.row_desc='21'))
AND cdet.equity_listing_exch = 'HOSE'
GROUP BY cdet.equity_listing_exch";"SELECT cdet.equity_listing_exch, SUM(d.data_value) AS lnst
FROM IDS.data d
JOIN IDS.report_catalog rc ON d.report_catalog_id=rc.id
JOIN IDS.rrow rr ON rr.row_cd = d.row_cd AND rr.report_catalog_id = d.report_catalog_id
JOIN IDS.rcol rc2 ON rc2.col_cd = d.col_cd AND rc2.report_catalog_id = d.report_catalog_id
JOIN IDS.company_data cd ON d.company_data_id=cd.id
JOIN IDS.company_detail cdet ON cdet.company_profile_id=cd.company_profile_id
WHERE rc2.col_desc = '1'
AND rc.report_cd LIKE 'BCKQKD%'
AND cd.report_year=:year AND cd.report_quarter=:quarter
AND ((rc.enterprise_type_cd='dn' AND rr.row_desc IN ('60'))
OR (rc.enterprise_type_cd='bh' AND rr.row_desc IN ('60'))
OR (rc.enterprise_type_cd='td' AND rr.row_desc IN ('21')))
AND cdet.equity_listing_exch = 'HOSE'
GROUP BY cdet.equity_listing_exch";;;;
15;;Dashboard Giám sát tổng hợp theo sàn HOSE -Tổng hợp chỉ tiêu tài chính & thống kê ngành;ROA;"ROE = (LNST/Tổng tài sản bình quân) * 100%
Tổng tài sản bình quân = (Tổng tài sản đầu kỳ + Tổng tài sản cuối kỳ)/2";Dashboard;Chỉ tiêu cơ sở;Trùng;Ngày, Sàn;IDS - GSĐC;;X;;Done;;"IDS.data (d),
IDS.report_catalog (rc),
IDS.company_data (cd),
IDS.company_detail (cdet)";cdet.equity_listing_exch, SUM(lnst) / SUM(TSBQ) * 100 AS roa_pct;"Tổng tài sản bình quân = (ts_dầu_kỳ + ts_cuối_kỳ)/2
LNST cuối kỳ
-- Chỉ tiêu phái sinh tổng hợp toàn thị trường
AND cdet.equity_listing_exch = 'HOSE'
GROUP BY cdet.equity_listing_exch";"-- ROA = LNST / Tổng tài sản bình quân * 100%
-- TSBQ = (TS đầu kỳ + TS cuối kỳ) / 2
WITH ts_bq AS (
SELECT cd.company_profile_id,
SUM(CASE WHEN rc2.col_desc = '2' THEN d.data_value ELSE 0 END) AS ts_dau,
SUM(CASE WHEN rc2.col_desc = '1' THEN d.data_value ELSE 0 END) AS ts_cuoi
FROM IDS.data d
JOIN IDS.report_catalog rc ON d.report_catalog_id=rc.id
JOIN IDS.rrow rr ON rr.row_cd = d.row_cd AND rr.report_catalog_id = d.report_catalog_id
JOIN IDS.rcol rc2 ON rc2.col_cd = d.col_cd AND rc2.report_catalog_id = d.report_catalog_id
JOIN IDS.company_data cd ON d.company_data_id=cd.id
WHERE cd.report_year=:year AND cd.report_quarter=:quarter
AND rc.report_cd LIKE 'BCDKT%'
AND ((rc.enterprise_type_cd='dn' AND rr.row_desc='270')
OR (rc.enterprise_type_cd='bh' AND rr.row_desc='270')
OR (rc.enterprise_type_cd='td' AND rr.row_desc='300'))
GROUP BY cd.company_profile_id
), lnst AS (
SELECT cd.company_profile_id, SUM(d.data_value) AS lnst
FROM IDS.data d
JOIN IDS.report_catalog rc ON d.report_catalog_id=rc.id
JOIN IDS.company_data cd ON d.company_data_id=cd.id
WHERE rc2.col_desc = '1'
AND rc.report_cd LIKE 'BCKQKD%' AND cd.report_year=:year AND cd.report_quarter=:quarter
AND ((rc.enterprise_type_cd='dn' AND rr.row_desc='60')
OR (rc.enterprise_type_cd='bh' AND rr.row_desc='60')
OR (rc.enterprise_type_cd='td' AND rr.row_desc='21'))
GROUP BY cd.company_profile_id
)
SELECT cdet.equity_listing_exch, SUM(l.lnst) / NULLIF(SUM(
CASE WHEN t.ts_dau IS NULL THEN t.ts_cuoi
WHEN t.ts_cuoi IS NULL THEN t.ts_dau
ELSE (t.ts_dau+t.ts_cuoi)/2 END),0)*100 AS roa_pct
FROM ts_bq t JOIN lnst l ON l.company_profile_id=t.company_profile_id
JOIN IDS.company_detail cdet ON cdet.company_profile_id=t.company_profile_id
where cdet.equity_listing_exch = 'HOSE'
GROUP BY cdet.equity_listing_exch";;;;
15;;Dashboard Giám sát tổng hợp theo sàn HOSE -Tổng hợp chỉ tiêu tài chính & thống kê ngành;ROE;"ROE = (LNST/VCSH bình quân) * 100%
VCSH bình quân = (VCSH đầu kỳ + VCSH cuối kỳ)/2";Dashboard;Chỉ tiêu cơ sở;Trùng;Ngày, Sàn;IDS - GSĐC;;X;;Done;;"IDS.data (d),
IDS.report_catalog (rc),
IDS.company_data (cd),
IDS.company_detail (cdet)";cdet.equity_listing_exch, SUM(lnst) / SUM(VCSHBQ) * 100 AS roe_pct;"VCSH bình quân = (vcsh_đầu_kỳ + vcsh_cuối_kỳ)/2
LNST cuối kỳ
AND cdet.equity_listing_exch = 'HOSE'
GROUP BY cdet.equity_listing_exch";"-- ROA = LNST / VCSH bình quân * 100%
-- VCSHBQ = (TS đầu kỳ + TS cuối kỳ) / 2
WITH ts_bq AS (
SELECT cd.company_profile_id,
SUM(CASE WHEN rc2.col_desc = '2' THEN d.data_value ELSE 0 END) AS vcsh_dau,
SUM(CASE WHEN rc2.col_desc = '1' THEN d.data_value ELSE 0 END) AS vcsh_cuoi
FROM IDS.data d
JOIN IDS.report_catalog rc ON d.report_catalog_id=rc.id
JOIN IDS.rrow rr ON rr.row_cd = d.row_cd AND rr.report_catalog_id = d.report_catalog_id
JOIN IDS.rcol rc2 ON rc2.col_cd = d.col_cd AND rc2.report_catalog_id = d.report_catalog_id
JOIN IDS.company_data cd ON d.company_data_id=cd.id
WHERE cd.report_year=:year AND cd.report_quarter=:quarter
AND rc.report_cd LIKE 'BCDKT%'
AND ((rc.enterprise_type_cd='dn' AND rr.row_desc='400')
OR (rc.enterprise_type_cd='bh' AND rr.row_desc='D')
OR (rc.enterprise_type_cd='td' AND rr.row_desc='500'))
GROUP BY cd.company_profile_id
), lnst AS (
SELECT cd.company_profile_id, SUM(d.data_value) AS lnst
FROM IDS.data d
JOIN IDS.report_catalog rc ON d.report_catalog_id=rc.id
JOIN IDS.company_data cd ON d.company_data_id=cd.id
WHERE rc2.col_desc = '1'
AND rc.report_cd LIKE 'BCKQKD%' AND cd.report_year=:year AND cd.report_quarter=:quarter
AND ((rc.enterprise_type_cd='dn' AND rr.row_desc='60')
OR (rc.enterprise_type_cd='bh' AND rr.row_desc='60')
OR (rc.enterprise_type_cd='td' AND rr.row_desc='21'))
GROUP BY cd.company_profile_id
)
SELECT cdet.equity_listing_exch, SUM(l.lnst) / NULLIF(SUM(
CASE WHEN t.vcsh_dau IS NULL THEN t.vcsh_cuoi
WHEN t.vcsh_cuoi IS NULL THEN t.vcsh_dau
ELSE (t.vcsh_dau+t.vcsh_cuoi)/2 END),0)*100 AS roe_pct
FROM ts_bq t JOIN lnst l ON l.company_profile_id=t.company_profile_id
JOIN IDS.company_detail cdet ON cdet.company_profile_id=t.company_profile_id
where cdet.equity_listing_exch = 'HOSE'
GROUP BY cdet.equity_listing_exch";;;;
15;;Dashboard Giám sát tổng hợp theo sàn HOSE -Tổng hợp chỉ tiêu tài chính & thống kê ngành;Hàng Tồn Kho;Σ Giá trị hàng tồn kho của tất cả DN trên sàn;Dashboard;Chỉ tiêu cơ sở;Trùng;Ngày, Sàn;IDS - GSĐC;;X;;Done;;"IDS.data (d),
IDS.report_catalog (rc),
IDS.company_data (cd),
IDS.company_detail (cdet)";cdet.equity_listing_exch, SUM(d.data_value) AS hang_ton_kho;"rc2.col_desc = '1'
AND rc.report_cd LIKE 'BCDKT%'
AND ((rc.enterprise_type_cd='dn' AND rr.row_desc='140')
OR (rc.enterprise_type_cd='bh' AND rr.row_desc='140'))
-- Lưu ý: Tổ chức tín dụng không có HTK
AND cdet.equity_listing_exch = 'HOSE'
GROUP BY cdet.equity_listing_exch";"SELECT cdet.equity_listing_exch, SUM(d.data_value) AS hang_ton_kho
FROM IDS.data d
JOIN IDS.report_catalog rc ON d.report_catalog_id=rc.id
JOIN IDS.rrow rr ON rr.row_cd = d.row_cd AND rr.report_catalog_id = d.report_catalog_id
JOIN IDS.rcol rc2 ON rc2.col_cd = d.col_cd AND rc2.report_catalog_id = d.report_catalog_id
JOIN IDS.company_data cd ON d.company_data_id=cd.id
JOIN IDS.company_detail cdet ON cdet.company_profile_id=cd.company_profile_id
WHERE rc2.col_desc = '1'
AND rc.report_cd LIKE 'BCDKT%'
AND cd.report_year=:year AND cd.report_quarter=:quarter
AND ((rc.enterprise_type_cd='dn' AND rr.row_desc='140')
OR (rc.enterprise_type_cd='bh' AND rr.row_desc='140'))
AND cdet.equity_listing_exch = 'HOSE'
GROUP BY cdet.equity_listing_exch";;;;
15;;Dashboard Giám sát tổng hợp theo sàn HOSE -Tổng hợp chỉ tiêu tài chính & thống kê ngành;Doanh thu;Σ Doanh thu của tất cả DN trên sàn;Dashboard;Chỉ tiêu cơ sở;Trùng;Ngày, Sàn;IDS - GSĐC;;X;;Done;;"IDS.data (d),
IDS.report_catalog (rc),
IDS.company_data (cd),
IDS.company_detail (cdet)";cdet.equity_listing_exch, SUM(d.data_value) AS doanh_thu;"rc2.col_desc = '1'
AND rc.report_cd LIKE 'BCKQKD%'
AND ((rc.enterprise_type_cd='dn' AND rr.row_desc='10')
OR (rc.enterprise_type_cd='bh' AND rr.row_desc='10')
OR (rc.enterprise_type_cd='td' AND rr.row_desc='03'))
AND cdet.equity_listing_exch = 'HOSE'
GROUP BY cdet.equity_listing_exch";"SELECT cdet.equity_listing_exch, SUM(d.data_value) AS doanh_thu
FROM IDS.data d
JOIN IDS.report_catalog rc ON d.report_catalog_id=rc.id
JOIN IDS.rrow rr ON rr.row_cd = d.row_cd AND rr.report_catalog_id = d.report_catalog_id
JOIN IDS.rcol rc2 ON rc2.col_cd = d.col_cd AND rc2.report_catalog_id = d.report_catalog_id
JOIN IDS.company_data cd ON d.company_data_id=cd.id
JOIN IDS.company_detail cdet ON cdet.company_profile_id=cd.company_profile_id
WHERE rc2.col_desc = '1'
AND rc.report_cd LIKE 'BCKQKD%'
AND cd.report_year=:year AND cd.report_quarter=:quarter
AND ((rc.enterprise_type_cd='dn' AND rr.row_desc IN ('10'))
OR (rc.enterprise_type_cd='bh' AND rr.row_desc IN ('10'))
OR (rc.enterprise_type_cd='td' AND rr.row_desc IN ('03')))
AND cdet.equity_listing_exch = 'HOSE'
GROUP BY cdet.equity_listing_exch";;;;
15;;Dashboard Giám sát tổng hợp theo sàn HOSE -Tổng hợp chỉ tiêu tài chính & thống kê ngành;Lợi nhuận dồn tích (YTD);Σ LNST của tất cả DN trên sàn từ đầu năm đến kỳ báo cáo;Dashboard;Chỉ tiêu cơ sở;Trùng;Ngày, Sàn;IDS - GSĐC;;X;;Done;;"IDS.data (d),
IDS.report_catalog (rc),
IDS.company_data (cd),
IDS.company_detail (cdet)";cdet.equity_listing_exch, SUM(d.data_value) AS lnst_ytd;"rc2.col_desc = '1'
AND rc.report_cd LIKE 'BCDKT%'
AND cd.report_year=:year AND cd.report_quarter=:quarter
AND ((rc.enterprise_type_cd='dn' AND rr.row_desc='421')
OR (rc.enterprise_type_cd='bh' AND rr.row_desc='421'))
-- LNST YTD = giá trị lũy kế từ đầu năm đến cuối kỳ
AND cdet.equity_listing_exch = 'HOSE'
GROUP BY cdet.equity_listing_exch";"SELECT cdet.equity_listing_exch, SUM(d.data_value) AS lnst_ytd
FROM IDS.data d
JOIN IDS.report_catalog rc ON d.report_catalog_id=rc.id
JOIN IDS.rrow rr ON rr.row_cd = d.row_cd AND rr.report_catalog_id = d.report_catalog_id
JOIN IDS.rcol rc2 ON rc2.col_cd = d.col_cd AND rc2.report_catalog_id = d.report_catalog_id
JOIN IDS.company_data cd ON d.company_data_id=cd.id
JOIN IDS.company_detail cdet ON cdet.company_profile_id=cd.company_profile_id
WHERE rc2.col_desc = '1'
AND rc.report_cd LIKE 'BCDKT%'
AND cd.report_year=:year AND cd.report_quarter=:quarter
AND ((rc.enterprise_type_cd='dn' AND rr.row_desc='421')
OR (rc.enterprise_type_cd='bh' AND rr.row_desc='421'))
AND cdet.equity_listing_exch = 'HOSE'
GROUP BY cdet.equity_listing_exch";;;;
15;;Dashboard Giám sát tổng hợp theo sàn HOSE -Tổng hợp chỉ tiêu tài chính & thống kê ngành;Phải thu;Tổng phải thu = Phải thu ngắn hạn + Phải thu dài hạn;Dashboard;Chỉ tiêu cơ sở;Trùng;Ngày, Sàn;IDS - GSĐC;;X;;Done;;"IDS.data (d),
IDS.report_catalog (rc),
IDS.company_data (cd),
IDS.company_detail (cdet)";cdet.equity_listing_exch, SUM(d.data_value) AS phai_thu;"rc2.col_desc = '1' 
AND rc.report_cd LIKE 'BCDKT%' 
AND cd.report_year=:year AND cd.report_quarter=:quarter 
AND ((rc.enterprise_type_cd='dn' AND rr.row_desc IN ('130', '210')) 
OR (rc.enterprise_type_cd='bh' AND rr.row_desc IN ('130', '210')) 
OR (rc.enterprise_type_cd='td' AND rr.row_desc IN ('251')) 
)
AND cdet.equity_listing_exch = 'HOSE'
GROUP BY cdet.equity_listing_exch";"SELECT cdet.equity_listing_exch, SUM(d.data_value) AS phai_thu
FROM IDS.data d
JOIN IDS.report_catalog rc ON d.report_catalog_id=rc.id
JOIN IDS.rrow rr ON rr.row_cd = d.row_cd AND rr.report_catalog_id = d.report_catalog_id
JOIN IDS.rcol rc2 ON rc2.col_cd = d.col_cd AND rc2.report_catalog_id = d.report_catalog_id
JOIN IDS.company_data cd ON d.company_data_id=cd.id
JOIN IDS.company_detail cdet ON cdet.company_profile_id=cd.company_profile_id
WHERE rc2.col_desc = '1'
AND rc.report_cd LIKE 'BCDKT%'
AND cd.report_year = :year AND cd.report_quarter = :quarter
AND ((rc.enterprise_type_cd='dn' AND rr.row_desc IN ('130','210'))
OR (rc.enterprise_type_cd='bh' AND rr.row_desc IN ('130','210'))
OR (rc.enterprise_type_cd='td' AND rr.row_desc IN ('251')))
AND cdet.equity_listing_exch = 'HOSE'
GROUP BY cdet.equity_listing_exch";;;;
15;;Dashboard Giám sát tổng hợp theo sàn HOSE -Tổng hợp chỉ tiêu tài chính & thống kê ngành;Tiền và tương đương tiền;Tiền và tương đương tiền = Tiền mặt + Tiền gửi ngân hàng + Các khoản tương đương tiền;Dashboard;Chỉ tiêu cơ sở;Trùng;Ngày, Sàn;IDS - GSĐC;;X;;Done;;"IDS.data (d),
IDS.report_catalog (rc),
IDS.company_data (cd),
IDS.company_detail (cdet)";cdet.equity_listing_exch, SUM(d.data_value) AS tien_tuong_duong;"rc2.col_desc = '1'
AND rc.report_cd LIKE 'BCDKT%'
AND ((rc.enterprise_type_cd='dn' AND rr.row_desc='110')
OR (rc.enterprise_type_cd='bh' AND rr.row_desc='110')
OR (rc.enterprise_type_cd='td' AND rr.row_desc IN ('110','120')))
AND cdet.equity_listing_exch = 'HOSE'
GROUP BY cdet.equity_listing_exch";"SELECT cdet.equity_listing_exch, SUM(d.data_value) AS tien_tuong_duong
FROM IDS.data d
JOIN IDS.report_catalog rc ON d.report_catalog_id=rc.id
JOIN IDS.rrow rr ON rr.row_cd = d.row_cd AND rr.report_catalog_id = d.report_catalog_id
JOIN IDS.rcol rc2 ON rc2.col_cd = d.col_cd AND rc2.report_catalog_id = d.report_catalog_id
JOIN IDS.company_data cd ON d.company_data_id=cd.id
JOIN IDS.company_detail cdet ON cdet.company_profile_id=cd.company_profile_id
WHERE rc2.col_desc = '1'
AND rc.report_cd LIKE 'BCDKT%'
AND cd.report_year=:year AND cd.report_quarter=:quarter
AND ((rc.enterprise_type_cd='dn' AND rr.row_desc IN ('110'))
OR (rc.enterprise_type_cd='bh' AND rr.row_desc IN ('110'))
OR (rc.enterprise_type_cd='td' AND rr.row_desc IN ('110','120')))
AND cdet.equity_listing_exch = 'HOSE'
GROUP BY cdet.equity_listing_exch";;;;
15;;Dashboard Giám sát tổng hợp theo sàn HOSE -Tổng hợp chỉ tiêu tài chính & thống kê ngành;Nợ/ Vốn CSH;Tỷ lệ Nợ / Vốn chủ sở hữu = Tổng nợ phải trả / Vốn chủ sở hữu;Dashboard;Chỉ tiêu cơ sở;Trùng;Ngày, Sàn;IDS - GSĐC;;X;;Done;;"IDS.data (d),
IDS.report_catalog (rc),
IDS.company_data (cd),
IDS.company_detail (cdet)";cdet.equity_listing_exch, SUM(no_phai_tra) / NULLIF(SUM(vcsh),0) AS ty_le_no_vcsh;"-- Chỉ tiêu phái sinh
= Tổng nợ phải trả / Vốn chủ sở hữu
AND cdet.equity_listing_exch = 'HOSE'
GROUP BY cdet.equity_listing_exch";"-- Chỉ tiêu phái sinh (tính từ các chỉ tiêu cơ sở)
-- Nợ/Vốn CSH = Tổng Nợ Phải Trả / VCSH
AND cdet.equity_listing_exch = 'HOSE'
GROUP BY cdet.equity_listing_exch";;;;
15;;Dashboard Giám sát tổng hợp theo sàn HOSE -Tổng hợp chỉ tiêu tài chính & thống kê ngành;Tổng tài sản - so sánh thay đổi cùng kỳ năm trước;Σ Tổng tài sản của tất cả DN trên sàn;Dashboard;Chỉ tiêu phái sinh;TB;Ngày, Sàn;IDS - GSĐC;;X;;Done;;"IDS.data (d),
IDS.report_catalog (rc),
IDS.company_data (cd),
IDS.company_detail (cdet)";cdet.equity_listing_exch, (Tổng tài sản_ky_nay - Tổng tài sản_cung_ky) / Tổng tài sản_cung_ky * 100;"Chỉ tiêu phái sinh
= (Kỳ này - Cùng kỳ năm trước) / Cùng kỳ năm trước × 100%
AND cdet.equity_listing_exch = 'HOSE'
GROUP BY cdet.equity_listing_exch";"-- Chỉ tiêu phái sinh
-- = (Chỉ tiêu kỳ này - Chỉ tiêu cùng kỳ năm trước) / Chỉ tiêu cùng kỳ năm trước * 100%
-- Tính bằng cách chạy SQL tương ứng với :year và :year-1
SELECT ROUND((ky_nay.gia_tri - ck_truoc.gia_tri)
/ NULLIF(ck_truoc.gia_tri, 0) * 100, 2) AS thay_doi_pct
FROM (<SQL , :year=N>) ky_nay
CROSS JOIN (<SQL , :year=N-1>) ck_truoc";;;;
15;;Dashboard Giám sát tổng hợp theo sàn HOSE -Tổng hợp chỉ tiêu tài chính & thống kê ngành;Nợ Phải Trả - so sánh thay đổi cùng kỳ năm trước;Σ Nợ Phải Trả của tất cả DN trên sàn;Dashboard;Chỉ tiêu phái sinh;TB;Ngày, Sàn;IDS - GSĐC;;X;;Done;;"IDS.data (d),
IDS.report_catalog (rc),
IDS.company_data (cd),
IDS.company_detail (cdet)";cdet.equity_listing_exch, (Nợ Phải Trả_ky_nay - Nợ Phải Trả_cung_ky) / Nợ Phải Trả_cung_ky * 100;"Chỉ tiêu phái sinh
= (Kỳ này - Cùng kỳ năm trước) / Cùng kỳ năm trước × 100%
AND cdet.equity_listing_exch = 'HOSE'
GROUP BY cdet.equity_listing_exch";"-- Chỉ tiêu phái sinh
-- = (Chỉ tiêu kỳ này - Chỉ tiêu cùng kỳ năm trước) / Chỉ tiêu cùng kỳ năm trước * 100%
-- Tính bằng cách chạy SQL tương ứng với :year và :year-1
SELECT ROUND((ky_nay.gia_tri - ck_truoc.gia_tri)
/ NULLIF(ck_truoc.gia_tri, 0) * 100, 2) AS thay_doi_pct
FROM (<SQL , :year=N>) ky_nay
CROSS JOIN (<SQL , :year=N-1>) ck_truoc";;;;
15;;Dashboard Giám sát tổng hợp theo sàn HOSE -Tổng hợp chỉ tiêu tài chính & thống kê ngành;Vốn CSH - so sánh thay đổi cùng kỳ năm trước;Σ VCSH của tất cả các DN trên sàn;Dashboard;Chỉ tiêu phái sinh;TB;Ngày, Sàn;IDS - GSĐC;;X;;Done;;"IDS.data (d),
IDS.report_catalog (rc),
IDS.company_data (cd),
IDS.company_detail (cdet)";cdet.equity_listing_exch, (Vốn CSH_ky_nay - Vốn CSH_cung_ky) / Vốn CSH_cung_ky * 100;"Chỉ tiêu phái sinh
= (Kỳ này - Cùng kỳ năm trước) / Cùng kỳ năm trước × 100%
AND cdet.equity_listing_exch = 'HOSE'
GROUP BY cdet.equity_listing_exch";"-- Chỉ tiêu phái sinh
-- = (Chỉ tiêu kỳ này - Chỉ tiêu cùng kỳ năm trước) / Chỉ tiêu cùng kỳ năm trước * 100%
-- Tính bằng cách chạy SQL tương ứng với :year và :year-1
SELECT ROUND((ky_nay.gia_tri - ck_truoc.gia_tri)
/ NULLIF(ck_truoc.gia_tri, 0) * 100, 2) AS thay_doi_pct
FROM (<SQL , :year=N>) ky_nay
CROSS JOIN (<SQL , :year=N-1>) ck_truoc";;;;
15;;Dashboard Giám sát tổng hợp theo sàn HOSE -Tổng hợp chỉ tiêu tài chính & thống kê ngành;Vốn điều lệ - so sánh thay đổi cùng kỳ năm trước;Σ Vốn điều lệ, Vốn góp của chủ sở hữu của tất cả DN trên sàn;Dashboard;Chỉ tiêu phái sinh;TB;Ngày, Sàn;IDS - GSĐC;;X;;Done;;"IDS.data (d),
IDS.report_catalog (rc),
IDS.company_data (cd),
IDS.company_detail (cdet)";cdet.equity_listing_exch, (Vốn điều lệ_ky_nay - Vốn điều lệ_cung_ky) / Vốn điều lệ_cung_ky * 100;"Chỉ tiêu phái sinh
= (Kỳ này - Cùng kỳ năm trước) / Cùng kỳ năm trước × 100%
AND cdet.equity_listing_exch = 'HOSE'
GROUP BY cdet.equity_listing_exch";"-- Chỉ tiêu phái sinh
-- = (Chỉ tiêu kỳ này - Chỉ tiêu cùng kỳ năm trước) / Chỉ tiêu cùng kỳ năm trước * 100%
-- Tính bằng cách chạy SQL tương ứng với :year và :year-1
SELECT ROUND((ky_nay.gia_tri - ck_truoc.gia_tri)
/ NULLIF(ck_truoc.gia_tri, 0) * 100, 2) AS thay_doi_pct
FROM (<SQL , :year=N>) ky_nay
CROSS JOIN (<SQL , :year=N-1>) ck_truoc";;;;
15;;Dashboard Giám sát tổng hợp theo sàn HOSE -Tổng hợp chỉ tiêu tài chính & thống kê ngành;Lợi nhuận sau thuế - so sánh thay đổi cùng kỳ năm trước;Σ Lợi nhuận sau thuế của tất cả DN trên sàn;Dashboard;Chỉ tiêu phái sinh;TB;Ngày, Sàn;IDS - GSĐC;;X;;Done;;"IDS.data (d),
IDS.report_catalog (rc),
IDS.company_data (cd),
IDS.company_detail (cdet)";cdet.equity_listing_exch, (Lợi nhuận sau thuế_ky_nay - Lợi nhuận sau thuế_cung_ky) / Lợi nhuận sau thuế_cung_ky * 100;"Chỉ tiêu phái sinh
= (Kỳ này - Cùng kỳ năm trước) / Cùng kỳ năm trước × 100%
AND cdet.equity_listing_exch = 'HOSE'
GROUP BY cdet.equity_listing_exch";"-- Chỉ tiêu phái sinh
-- = (Chỉ tiêu kỳ này - Chỉ tiêu cùng kỳ năm trước) / Chỉ tiêu cùng kỳ năm trước * 100%
-- Tính bằng cách chạy SQL tương ứng với :year và :year-1
SELECT ROUND((ky_nay.gia_tri - ck_truoc.gia_tri)
/ NULLIF(ck_truoc.gia_tri, 0) * 100, 2) AS thay_doi_pct
FROM (<SQL , :year=N>) ky_nay
CROSS JOIN (<SQL , :year=N-1>) ck_truoc";;;;
15;;Dashboard Giám sát tổng hợp theo sàn HOSE -Tổng hợp chỉ tiêu tài chính & thống kê ngành;ROA - so sánh thay đổi cùng kỳ năm trước;"ROE = (LNST/Tổng tài sản bình quân) * 100%
Tổng tài sản bình quân = (Tổng tài sản đầu kỳ + Tổng tài sản cuối kỳ)/2";Dashboard;Chỉ tiêu phái sinh;TB;Ngày, Sàn;IDS - GSĐC;;X;;Done;;"IDS.data (d),
IDS.report_catalog (rc),
IDS.company_data (cd),
IDS.company_detail (cdet)";cdet.equity_listing_exch, (ROA_ky_nay - ROA_cung_ky) / ROA_cung_ky * 100;"Chỉ tiêu phái sinh
= (Kỳ này - Cùng kỳ năm trước) / Cùng kỳ năm trước × 100%
AND cdet.equity_listing_exch = 'HOSE'
GROUP BY cdet.equity_listing_exch";"-- Chỉ tiêu phái sinh
-- = (Chỉ tiêu kỳ này - Chỉ tiêu cùng kỳ năm trước) / Chỉ tiêu cùng kỳ năm trước * 100%
-- Tính bằng cách chạy SQL tương ứng với :year và :year-1
SELECT ROUND((ky_nay.gia_tri - ck_truoc.gia_tri)
/ NULLIF(ck_truoc.gia_tri, 0) * 100, 2) AS thay_doi_pct
FROM (<SQL, :year=N>) ky_nay
CROSS JOIN (<SQL , :year=N-1>) ck_truoc";;;;
15;;Dashboard Giám sát tổng hợp theo sàn HOSE -Tổng hợp chỉ tiêu tài chính & thống kê ngành;ROE - so sánh thay đổi cùng kỳ năm trước;"ROE = (LNST/VCSH bình quân) * 100%
VCSH bình quân = (VCSH đầu kỳ + VCSH cuối kỳ)/2";Dashboard;Chỉ tiêu phái sinh;TB;Ngày, Sàn;IDS - GSĐC;;X;;Done;;"IDS.data (d),
IDS.report_catalog (rc),
IDS.company_data (cd),
IDS.company_detail (cdet)";cdet.equity_listing_exch, (ROE_ky_nay - ROE_cung_ky) / ROE_cung_ky * 100;"Chỉ tiêu phái sinh
= (Kỳ này - Cùng kỳ năm trước) / Cùng kỳ năm trước × 100%
AND cdet.equity_listing_exch = 'HOSE'
GROUP BY cdet.equity_listing_exch";"-- Chỉ tiêu phái sinh
-- = (Chỉ tiêu kỳ này - Chỉ tiêu cùng kỳ năm trước) / Chỉ tiêu cùng kỳ năm trước * 100%
-- Tính bằng cách chạy SQL tương ứng với :year và :year-1
SELECT ROUND((ky_nay.gia_tri - ck_truoc.gia_tri)
/ NULLIF(ck_truoc.gia_tri, 0) * 100, 2) AS thay_doi_pct
FROM (<SQL , :year=N>) ky_nay
CROSS JOIN (<SQL , :year=N-1>) ck_truoc";;;;
15;;Dashboard Giám sát tổng hợp theo sàn HOSE -Tổng hợp chỉ tiêu tài chính & thống kê ngành;Hàng Tồn Kho - so sánh thay đổi cùng kỳ năm trước;Σ Giá trị hàng tồn kho của tất cả DN trên sàn;Dashboard;Chỉ tiêu phái sinh;TB;Ngày, Sàn;IDS - GSĐC;;X;;Done;;"IDS.data (d),
IDS.report_catalog (rc),
IDS.company_data (cd),
IDS.company_detail (cdet)";cdet.equity_listing_exch, (Hàng Tồn Kho_ky_nay - Hàng Tồn Kho_cung_ky) / Hàng Tồn Kho_cung_ky * 100;"Chỉ tiêu phái sinh
= (Kỳ này - Cùng kỳ năm trước) / Cùng kỳ năm trước × 100%
AND cdet.equity_listing_exch = 'HOSE'
GROUP BY cdet.equity_listing_exch";"-- Chỉ tiêu phái sinh
-- = (Chỉ tiêu kỳ này - Chỉ tiêu cùng kỳ năm trước) / Chỉ tiêu cùng kỳ năm trước * 100%
-- Tính bằng cách chạy SQL tương ứng với :year và :year-1
SELECT ROUND((ky_nay.gia_tri - ck_truoc.gia_tri)
/ NULLIF(ck_truoc.gia_tri, 0) * 100, 2) AS thay_doi_pct
FROM (<SQL, :year=N>) ky_nay
CROSS JOIN (<SQL, :year=N-1>) ck_truoc";;;;
15;;Dashboard Giám sát tổng hợp theo sàn HOSE -Tổng hợp chỉ tiêu tài chính & thống kê ngành;Doanh thu - so sánh thay đổi cùng kỳ năm trước;Σ Doanh thu của tất cả DN trên sàn;Dashboard;Chỉ tiêu phái sinh;TB;Ngày, Sàn;IDS - GSĐC;;X;;Done;;"IDS.data (d),
IDS.report_catalog (rc),
IDS.company_data (cd),
IDS.company_detail (cdet)";cdet.equity_listing_exch, (Doanh thu_ky_nay - Doanh thu_cung_ky) / Doanh thu_cung_ky * 100;"Chỉ tiêu phái sinh
= (Kỳ này - Cùng kỳ năm trước) / Cùng kỳ năm trước × 100%
AND cdet.equity_listing_exch = 'HOSE'
GROUP BY cdet.equity_listing_exch";"-- Chỉ tiêu phái sinh
-- = (Chỉ tiêu kỳ này - Chỉ tiêu cùng kỳ năm trước) / Chỉ tiêu cùng kỳ năm trước * 100%
-- Tính bằng cách chạy SQL tương ứng với :year và :year-1
SELECT ROUND((ky_nay.gia_tri - ck_truoc.gia_tri)
/ NULLIF(ck_truoc.gia_tri, 0) * 100, 2) AS thay_doi_pct
FROM (<SQL , :year=N>) ky_nay
CROSS JOIN (<SQL , :year=N-1>) ck_truoc";;;;
15;;Dashboard Giám sát tổng hợp theo sàn HOSE -Tổng hợp chỉ tiêu tài chính & thống kê ngành;Lợi nhuận dồn tích (YTD) - so sánh thay đổi cùng kỳ năm trước;Σ LNST của tất cả DN trên sàn từ đầu năm đến kỳ báo cáo;Dashboard;Chỉ tiêu phái sinh;TB;Ngày, Sàn;IDS - GSĐC;;X;;Done;;"IDS.data (d),
IDS.report_catalog (rc),
IDS.company_data (cd),
IDS.company_detail (cdet)";cdet.equity_listing_exch, (Lợi nhuận dồn tích YTD_ky_nay - Lợi nhuận dồn tích YTD_cung_ky) / Lợi nhuận dồn tích YTD_cung_ky * 100;"Chỉ tiêu phái sinh
= (Kỳ này - Cùng kỳ năm trước) / Cùng kỳ năm trước × 100%
AND cdet.equity_listing_exch = 'HOSE'
GROUP BY cdet.equity_listing_exch";"-- Chỉ tiêu phái sinh
-- = (Chỉ tiêu kỳ này - Chỉ tiêu cùng kỳ năm trước) / Chỉ tiêu cùng kỳ năm trước * 100%
-- Tính bằng cách chạy SQL tương ứng với :year và :year-1
SELECT ROUND((ky_nay.gia_tri - ck_truoc.gia_tri)
/ NULLIF(ck_truoc.gia_tri, 0) * 100, 2) AS thay_doi_pct
FROM (<SQL , :year=N>) ky_nay
CROSS JOIN (<SQL , :year=N-1>) ck_truoc";;;;
15;;Dashboard Giám sát tổng hợp theo sàn HOSE -Tổng hợp chỉ tiêu tài chính & thống kê ngành;Phải thu - so sánh thay đổi cùng kỳ năm trước;Tổng phải thu = Phải thu ngắn hạn + Phải thu dài hạn;Dashboard;Chỉ tiêu phái sinh;TB;Ngày, Sàn;IDS - GSĐC;;X;;Done;;"IDS.data (d),
IDS.report_catalog (rc),
IDS.company_data (cd),
IDS.company_detail (cdet)";cdet.equity_listing_exch, (Phải thu_ky_nay - Phải thu_cung_ky) / Phải thu_cung_ky * 100;"Chỉ tiêu phái sinh
= (Kỳ này - Cùng kỳ năm trước) / Cùng kỳ năm trước × 100%
AND cdet.equity_listing_exch = 'HOSE'
GROUP BY cdet.equity_listing_exch";"-- Chỉ tiêu phái sinh
-- = (Chỉ tiêu kỳ này - Chỉ tiêu cùng kỳ năm trước) / Chỉ tiêu cùng kỳ năm trước * 100%
-- Tính bằng cách chạy SQL tương ứng với :year và :year-1
SELECT ROUND((ky_nay.gia_tri - ck_truoc.gia_tri)
/ NULLIF(ck_truoc.gia_tri, 0) * 100, 2) AS thay_doi_pct
FROM (<SQL, :year=N>) ky_nay
CROSS JOIN (<SQL , :year=N-1>) ck_truoc";;;;
15;;Dashboard Giám sát tổng hợp theo sàn HOSE -Tổng hợp chỉ tiêu tài chính & thống kê ngành;Tiền và tương đương tiền - so sánh thay đổi cùng kỳ năm trước;Tiền và tương đương tiền = Tiền mặt + Tiền gửi ngân hàng + Các khoản tương đương tiền;Dashboard;Chỉ tiêu phái sinh;TB;Ngày, Sàn;IDS - GSĐC;;X;;Done;;"IDS.data (d),
IDS.report_catalog (rc),
IDS.company_data (cd),
IDS.company_detail (cdet)";cdet.equity_listing_exch, (Tiền và tương đương tiền_ky_nay - Tiền và tương đương tiền_cung_ky) / Tiền và tương đương tiền_cung_ky * 100;"Chỉ tiêu phái sinh
= (Kỳ này - Cùng kỳ năm trước) / Cùng kỳ năm trước × 100%
AND cdet.equity_listing_exch = 'HOSE'
GROUP BY cdet.equity_listing_exch";"-- Chỉ tiêu phái sinh
-- = (Chỉ tiêu kỳ này - Chỉ tiêu cùng kỳ năm trước) / Chỉ tiêu cùng kỳ năm trước * 100%
-- Tính bằng cách chạy SQL tương ứng với :year và :year-1
SELECT ROUND((ky_nay.gia_tri - ck_truoc.gia_tri)
/ NULLIF(ck_truoc.gia_tri, 0) * 100, 2) AS thay_doi_pct
FROM (<SQL , :year=N>) ky_nay
CROSS JOIN (<SQL , :year=N-1>) ck_truoc";;;;
15;;Dashboard Giám sát tổng hợp theo sàn HOSE -Tổng hợp chỉ tiêu tài chính & thống kê ngành;Nợ/ Vốn CSH - so sánh thay đổi cùng kỳ năm trước;Tỷ lệ Nợ / Vốn chủ sở hữu = Tổng nợ phải trả / Vốn chủ sở hữu;Dashboard;Chỉ tiêu phái sinh;TB;Ngày, Sàn;IDS - GSĐC;;X;;Done;;"IDS.data (d),
IDS.report_catalog (rc),
IDS.company_data (cd),
IDS.company_detail (cdet)";cdet.equity_listing_exch, (Nợ/Vốn CSH_ky_nay - Nợ/Vốn CSH_cung_ky) / Nợ/Vốn CSH_cung_ky * 100;"Chỉ tiêu phái sinh
= (Kỳ này - Cùng kỳ năm trước) / Cùng kỳ năm trước × 100%
AND cdet.equity_listing_exch = 'HOSE'
GROUP BY cdet.equity_listing_exch";"-- Chỉ tiêu phái sinh
-- = (Chỉ tiêu kỳ này - Chỉ tiêu cùng kỳ năm trước) / Chỉ tiêu cùng kỳ năm trước * 100%
-- Tính bằng cách chạy SQL tương ứng với :year và :year-1
SELECT ROUND((ky_nay.gia_tri - ck_truoc.gia_tri)
/ NULLIF(ck_truoc.gia_tri, 0) * 100, 2) AS thay_doi_pct
FROM (<SQL, :year=N>) ky_nay
CROSS JOIN (<SQL, :year=N-1>) ck_truoc";;;;
15;;Dashboard Giám sát tổng hợp theo sàn HOSE -Tổng hợp chỉ tiêu tài chính & thống kê ngành;Ngành;Phân loại ngành lấy từ IDS;Dashboard;Chiều;Trùng;Ngày, Sàn, Ngành;IDS - GSĐC;;;;Done;;Đã thực hiện ở dòng 88;;;;;;;
15;;Dashboard Giám sát tổng hợp theo sàn HOSE -Tổng hợp chỉ tiêu tài chính & thống kê ngành;Tổng tài sản - theo ngành;Σ Tổng tài sản của tất cả DN trên sàn;Dashboard;Chỉ tiêu cơ sở;TB;Ngày, Sàn, Ngành;IDS - GSĐC;x;X;;Done;;"IDS.data (d),
IDS.report_catalog (rc),
IDS.company_data (cd),
IDS.company_detail (cdet)";cdet.equity_listing_exch, cdet.category_l1_id, SUM(d.data_value) AS tong_tai_san;"rc2.col_desc = '1'
AND rc.report_cd LIKE 'BCDKT%'
AND ((rc.enterprise_type_cd='dn' AND rr.row_desc='270')
OR (rc.enterprise_type_cd='bh' AND rr.row_desc='270')
OR (rc.enterprise_type_cd='td' AND rr.row_desc='300'))
AND cdet.equity_listing_exch = 'HOSE' 
GROUP BY cdet.category_l1_id, cdet.equity_listing_exch";"SELECT cdet.category_l1_id, cdet.equity_listing_exch, SUM(d.data_value) AS tong_tai_san
FROM IDS.data d
JOIN IDS.report_catalog rc ON d.report_catalog_id=rc.id
JOIN IDS.rrow rr ON rr.row_cd = d.row_cd AND rr.report_catalog_id = d.report_catalog_id
JOIN IDS.rcol rc2 ON rc2.col_cd = d.col_cd AND rc2.report_catalog_id = d.report_catalog_id
JOIN IDS.company_data cd ON d.company_data_id=cd.id
JOIN IDS.company_detail cdet ON cdet.company_profile_id=cd.company_profile_id
WHERE rc2.col_desc = '1'
AND rc.report_cd LIKE 'BCDKT%'
AND cd.report_year=:year AND cd.report_quarter=:quarter
AND ((rc.enterprise_type_cd='dn' AND rr.row_desc IN ('270'))
OR (rc.enterprise_type_cd='bh' AND rr.row_desc IN ('270'))
OR (rc.enterprise_type_cd='td' AND rr.row_desc IN ('300')))
AND cdet.equity_listing_exch = 'HOSE' 
GROUP BY cdet.category_l1_id, cdet.equity_listing_exch";;;;
15;;Dashboard Giám sát tổng hợp theo sàn HOSE -Tổng hợp chỉ tiêu tài chính & thống kê ngành;Nợ Phải Trả - theo ngành;Σ Nợ Phải Trả của tất cả DN trên sàn;Dashboard;Chỉ tiêu cơ sở;TB;Ngày, Sàn, Ngành;IDS - GSĐC;x;X;;Done;;"IDS.data (d),
IDS.report_catalog (rc),
IDS.company_data (cd),
IDS.company_detail (cdet)";cdet.equity_listing_exch, cdet.category_l1_id, SUM(d.data_value) AS no_phai_tra;"rc2.col_desc = '1'
AND rc.report_cd LIKE 'BCDKT%'
AND ((rc.enterprise_type_cd='dn' AND rr.row_desc='300')
OR (rc.enterprise_type_cd='bh' AND rr.row_desc='300')
OR (rc.enterprise_type_cd='td' AND rr.row_desc='400'))
AND cdet.equity_listing_exch = 'HOSE' 
GROUP BY cdet.category_l1_id, cdet.equity_listing_exch";"SELECT cdet.category_l1_id, cdet.equity_listing_exch, SUM(d.data_value) AS no_phai_tra
FROM IDS.data d
JOIN IDS.report_catalog rc ON d.report_catalog_id=rc.id
JOIN IDS.rrow rr ON rr.row_cd = d.row_cd AND rr.report_catalog_id = d.report_catalog_id
JOIN IDS.rcol rc2 ON rc2.col_cd = d.col_cd AND rc2.report_catalog_id = d.report_catalog_id
JOIN IDS.company_data cd ON d.company_data_id=cd.id
JOIN IDS.company_detail cdet ON cdet.company_profile_id=cd.company_profile_id
WHERE rc2.col_desc = '1'
AND rc.report_cd LIKE 'BCDKT%'
AND cd.report_year=:year AND cd.report_quarter=:quarter
AND ((rc.enterprise_type_cd='dn' AND rr.row_desc IN ('300'))
OR (rc.enterprise_type_cd='bh' AND rr.row_desc IN ('300'))
OR (rc.enterprise_type_cd='td' AND rr.row_desc IN ('400')))
AND cdet.equity_listing_exch = 'HOSE' 
GROUP BY cdet.category_l1_id, cdet.equity_listing_exch";;;;
15;;Dashboard Giám sát tổng hợp theo sàn HOSE -Tổng hợp chỉ tiêu tài chính & thống kê ngành;Vốn CSH - theo ngành;Σ VCSH của tất cả các DN trên sàn;Dashboard;Chỉ tiêu cơ sở;TB;Ngày, Sàn, Ngành;IDS - GSĐC;x;X;;Done;;"IDS.data (d),
IDS.report_catalog (rc),
IDS.company_data (cd),
IDS.company_detail (cdet)";cdet.equity_listing_exch, cdet.category_l1_id, SUM(d.data_value) AS vcsh;"rc2.col_desc = '1'
AND rc.report_cd LIKE 'BCDKT%'
AND ((rc.enterprise_type_cd='dn' AND rr.row_desc='400')
OR (rc.enterprise_type_cd='bh' AND rr.row_desc='400')
OR (rc.enterprise_type_cd='td' AND rr.row_desc='500'))
AND cdet.equity_listing_exch = 'HOSE' 
GROUP BY cdet.category_l1_id, cdet.equity_listing_exch";"SELECT cdet.category_l1_id, cdet.equity_listing_exch, SUM(d.data_value) AS vcsh
FROM IDS.data d
JOIN IDS.report_catalog rc ON d.report_catalog_id=rc.id
JOIN IDS.rrow rr ON rr.row_cd = d.row_cd AND rr.report_catalog_id = d.report_catalog_id
JOIN IDS.rcol rc2 ON rc2.col_cd = d.col_cd AND rc2.report_catalog_id = d.report_catalog_id
JOIN IDS.company_data cd ON d.company_data_id=cd.id
JOIN IDS.company_detail cdet ON cdet.company_profile_id=cd.company_profile_id
WHERE rc2.col_desc = '1'
AND rc.report_cd LIKE 'BCDKT%'
AND cd.report_year=:year AND cd.report_quarter=:quarter
AND ((rc.enterprise_type_cd='dn' AND rr.row_desc IN ('400'))
OR (rc.enterprise_type_cd='bh' AND rr.row_desc IN ('400'))
OR (rc.enterprise_type_cd='td' AND rr.row_desc IN ('500')))
AND cdet.equity_listing_exch = 'HOSE' 
GROUP BY cdet.category_l1_id, cdet.equity_listing_exch";;;;
15;;Dashboard Giám sát tổng hợp theo sàn HOSE -Tổng hợp chỉ tiêu tài chính & thống kê ngành;Vốn điều lệ - theo ngành;Σ Vốn điều lệ, Vốn góp của chủ sở hữu của tất cả DN trên sàn;Dashboard;Chỉ tiêu cơ sở;TB;Ngày, Sàn, Ngành;IDS - GSĐC;x;X;;Done;;"IDS.data (d),
IDS.report_catalog (rc),
IDS.company_data (cd),
IDS.company_detail (cdet)";cdet.equity_listing_exch, cdet.category_l1_id, SUM(d.data_value) AS von_dieu_le;"rc2.col_desc = '1'
AND rc.report_cd LIKE 'BCDKT%'
AND ((rc.enterprise_type_cd='dn' AND rr.row_desc='411')
OR (rc.enterprise_type_cd='bh' AND rr.row_desc='411')
OR (rc.enterprise_type_cd='td' AND rr.row_desc='411'))
AND cdet.equity_listing_exch = 'HOSE' 
GROUP BY cdet.category_l1_id, cdet.equity_listing_exch";"SELECT cdet.category_l1_id, cdet.equity_listing_exch, SUM(d.data_value) AS von_dieu_le
FROM IDS.data d
JOIN IDS.report_catalog rc ON d.report_catalog_id=rc.id
JOIN IDS.rrow rr ON rr.row_cd = d.row_cd AND rr.report_catalog_id = d.report_catalog_id
JOIN IDS.rcol rc2 ON rc2.col_cd = d.col_cd AND rc2.report_catalog_id = d.report_catalog_id
JOIN IDS.company_data cd ON d.company_data_id=cd.id
JOIN IDS.company_detail cdet ON cdet.company_profile_id=cd.company_profile_id
WHERE rc2.col_desc = '1'
AND rc.report_cd LIKE 'BCDKT%'
AND cd.report_year=:year AND cd.report_quarter=:quarter
AND ((rc.enterprise_type_cd='dn' AND rr.row_desc IN ('411'))
OR (rc.enterprise_type_cd='bh' AND rr.row_desc IN ('411'))
OR (rc.enterprise_type_cd='td' AND rr.row_desc IN ('411')))
AND cdet.equity_listing_exch = 'HOSE' 
GROUP BY cdet.category_l1_id, cdet.equity_listing_exch";;;;
15;;Dashboard Giám sát tổng hợp theo sàn HOSE -Tổng hợp chỉ tiêu tài chính & thống kê ngành;Lợi nhuận sau thuế - theo ngành;Σ Lợi nhuận sau thuế của tất cả DN trên sàn;Dashboard;Chỉ tiêu cơ sở;TB;Ngày, Sàn, Ngành;IDS - GSĐC;x;X;;Done;;"IDS.data (d),
IDS.report_catalog (rc),
IDS.company_data (cd),
IDS.company_detail (cdet)";cdet.equity_listing_exch, cdet.category_l1_id, SUM(d.data_value) AS lnst;"rc2.col_desc = '1'
AND rc.report_cd LIKE 'BCKQKD%'
AND ((rc.enterprise_type_cd='dn' AND rr.row_desc='60')
OR (rc.enterprise_type_cd='bh' AND rr.row_desc='60')
OR (rc.enterprise_type_cd='td' AND rr.row_desc='21'))
AND cdet.equity_listing_exch = 'HOSE' 
GROUP BY cdet.category_l1_id, cdet.equity_listing_exch";"SELECT cdet.category_l1_id, cdet.equity_listing_exch, SUM(d.data_value) AS lnst
FROM IDS.data d
JOIN IDS.report_catalog rc ON d.report_catalog_id=rc.id
JOIN IDS.rrow rr ON rr.row_cd = d.row_cd AND rr.report_catalog_id = d.report_catalog_id
JOIN IDS.rcol rc2 ON rc2.col_cd = d.col_cd AND rc2.report_catalog_id = d.report_catalog_id
JOIN IDS.company_data cd ON d.company_data_id=cd.id
JOIN IDS.company_detail cdet ON cdet.company_profile_id=cd.company_profile_id
WHERE rc2.col_desc = '1'
AND rc.report_cd LIKE 'BCKQKD%'
AND cd.report_year=:year AND cd.report_quarter=:quarter
AND ((rc.enterprise_type_cd='dn' AND rr.row_desc IN ('60'))
OR (rc.enterprise_type_cd='bh' AND rr.row_desc IN ('60'))
OR (rc.enterprise_type_cd='td' AND rr.row_desc IN ('21')))
AND cdet.equity_listing_exch = 'HOSE' 
GROUP BY cdet.category_l1_id, cdet.equity_listing_exch";;;;
15;;Dashboard Giám sát tổng hợp theo sàn HOSE -Tổng hợp chỉ tiêu tài chính & thống kê ngành;ROA - theo ngành;"ROE = (LNST/Tổng tài sản bình quân) * 100%
Tổng tài sản bình quân = (Tổng tài sản đầu kỳ + Tổng tài sản cuối kỳ)/2";Dashboard;Chỉ tiêu cơ sở;TB;Ngày, Sàn, Ngành;IDS - GSĐC;x;X;;Done;;"IDS.data (d),
IDS.report_catalog (rc),
IDS.company_data (cd),
IDS.company_detail (cdet)";cdet.equity_listing_exch, cdet.category_l1_id, SUM(lnst) / SUM(TSBQ) * 100 AS roa_pct;"Chỉ tiêu phái sinh
= LNST / TSBQ * 100%
AND cdet.equity_listing_exch = 'HOSE' 
GROUP BY cdet.category_l1_id, cdet.equity_listing_exch";"-- ROA = LNST / Tổng tài sản bình quân * 100%
-- TSBQ = (TS đầu kỳ + TS cuối kỳ) / 2
WITH ts_bq AS (
SELECT cd.company_profile_id,
SUM(CASE WHEN rc2.col_desc = '2' THEN d.data_value ELSE 0 END) AS ts_dau,
SUM(CASE WHEN rc2.col_desc = '1' THEN d.data_value ELSE 0 END) AS ts_cuoi
FROM IDS.data d
JOIN IDS.report_catalog rc ON d.report_catalog_id=rc.id
JOIN IDS.rrow rr ON rr.row_cd = d.row_cd AND rr.report_catalog_id = d.report_catalog_id
JOIN IDS.rcol rc2 ON rc2.col_cd = d.col_cd AND rc2.report_catalog_id = d.report_catalog_id
JOIN IDS.company_data cd ON d.company_data_id=cd.id
WHERE cd.report_year=:year AND cd.report_quarter=:quarter
AND rc.report_cd LIKE 'BCDKT%'
AND ((rc.enterprise_type_cd='dn' AND rr.row_desc='270')
OR (rc.enterprise_type_cd='bh' AND rr.row_desc='270')
OR (rc.enterprise_type_cd='td' AND rr.row_desc='300'))
GROUP BY cd.company_profile_id
), lnst AS (
SELECT cd.company_profile_id, SUM(d.data_value) AS lnst
FROM IDS.data d
JOIN IDS.report_catalog rc ON d.report_catalog_id=rc.id
JOIN IDS.company_data cd ON d.company_data_id=cd.id
WHERE rc2.col_desc = '1'
AND rc.report_cd LIKE 'BCKQKD%' AND cd.report_year=:year AND cd.report_quarter=:quarter
AND ((rc.enterprise_type_cd='dn' AND rr.row_desc='60')
OR (rc.enterprise_type_cd='bh' AND rr.row_desc='60')
OR (rc.enterprise_type_cd='td' AND rr.row_desc='21'))
GROUP BY cd.company_profile_id
)
SELECT cdet.category_l1_id, cdet.equity_listing_exch, SUM(l.lnst) / NULLIF(SUM(
CASE WHEN t.ts_dau IS NULL THEN t.ts_cuoi
WHEN t.ts_cuoi IS NULL THEN t.ts_dau
ELSE (t.ts_dau+t.ts_cuoi)/2 END),0)*100 AS roa_pct
FROM ts_bq t JOIN lnst l ON l.company_profile_id=t.company_profile_id
JOIN IDS.company_detail cdet ON cdet.company_profile_id=t.company_profile_id
AND cdet.equity_listing_exch = 'HOSE' 
GROUP BY cdet.category_l1_id, cdet.equity_listing_exch";;;;
15;;Dashboard Giám sát tổng hợp theo sàn HOSE -Tổng hợp chỉ tiêu tài chính & thống kê ngành;ROE - theo ngành;"ROE = (LNST/VCSH bình quân) * 100%
VCSH bình quân = (VCSH đầu kỳ + VCSH cuối kỳ)/2";Dashboard;Chỉ tiêu cơ sở;TB;Ngày, Sàn, Ngành;IDS - GSĐC;x;X;;Done;;"IDS.data (d),
IDS.report_catalog (rc),
IDS.company_data (cd),
IDS.company_detail (cdet)";cdet.equity_listing_exch, cdet.category_l1_id, SUM(lnst) / SUM(VCSHBQ) * 100 AS roe_pct;"Chỉ tiêu phái sinh
= LNST / VCSHBQ * 100%
AND cdet.equity_listing_exch = 'HOSE' 
GROUP BY cdet.category_l1_id, cdet.equity_listing_exch";"-- ROA = LNST / VCSH bình quân * 100%
-- VCSHBQ = (TS đầu kỳ + TS cuối kỳ) / 2
WITH ts_bq AS (
SELECT cd.company_profile_id,
SUM(CASE WHEN rc2.col_desc = '2' THEN d.data_value ELSE 0 END) AS vcsh_dau,
SUM(CASE WHEN rc2.col_desc = '1' THEN d.data_value ELSE 0 END) AS vcsh_cuoi
FROM IDS.data d
JOIN IDS.report_catalog rc ON d.report_catalog_id=rc.id
JOIN IDS.rrow rr ON rr.row_cd = d.row_cd AND rr.report_catalog_id = d.report_catalog_id
JOIN IDS.rcol rc2 ON rc2.col_cd = d.col_cd AND rc2.report_catalog_id = d.report_catalog_id
JOIN IDS.company_data cd ON d.company_data_id=cd.id
WHERE cd.report_year=:year AND cd.report_quarter=:quarter
AND rc.report_cd LIKE 'BCDKT%'
AND ((rc.enterprise_type_cd='dn' AND rr.row_desc='400')
OR (rc.enterprise_type_cd='bh' AND rr.row_desc='D')
OR (rc.enterprise_type_cd='td' AND rr.row_desc='500'))
GROUP BY cd.company_profile_id
), lnst AS (
SELECT cd.company_profile_id, SUM(d.data_value) AS lnst
FROM IDS.data d
JOIN IDS.report_catalog rc ON d.report_catalog_id=rc.id
JOIN IDS.company_data cd ON d.company_data_id=cd.id
WHERE rc2.col_desc = '1'
AND rc.report_cd LIKE 'BCKQKD%' AND cd.report_year=:year AND cd.report_quarter=:quarter
AND ((rc.enterprise_type_cd='dn' AND rr.row_desc='60')
OR (rc.enterprise_type_cd='bh' AND rr.row_desc='60')
OR (rc.enterprise_type_cd='td' AND rr.row_desc='21'))
GROUP BY cd.company_profile_id
)
SELECT cdet.category_l1_id, cdet.equity_listing_exch, SUM(l.lnst) / NULLIF(SUM(
CASE WHEN t.vcsh_dau IS NULL THEN t.vcsh_cuoi
WHEN t.vcsh_cuoi IS NULL THEN t.vcsh_dau
ELSE (t.vcsh_dau+t.vcsh_cuoi)/2 END),0)*100 AS roe_pct
FROM ts_bq t JOIN lnst l ON l.company_profile_id=t.company_profile_id
JOIN IDS.company_detail cdet ON cdet.company_profile_id=t.company_profile_id
AND cdet.equity_listing_exch = 'HOSE' 
GROUP BY cdet.category_l1_id, cdet.equity_listing_exch";;;;
15;;Dashboard Giám sát tổng hợp theo sàn HOSE -Tổng hợp chỉ tiêu tài chính & thống kê ngành;Hàng Tồn Kho - theo ngành;Σ Giá trị hàng tồn kho của tất cả DN trên sàn;Dashboard;Chỉ tiêu cơ sở;TB;Ngày, Sàn, Ngành;IDS - GSĐC;x;X;;Done;;"IDS.data (d),
IDS.report_catalog (rc),
IDS.company_data (cd),
IDS.company_detail (cdet)";cdet.equity_listing_exch, cdet.category_l1_id, SUM(d.data_value) AS hang_ton_kho;"rc2.col_desc = '1'
AND rc.report_cd LIKE 'BCDKT%'
AND ((rc.enterprise_type_cd='dn' AND rr.row_desc='140')
OR (rc.enterprise_type_cd='bh' AND rr.row_desc='140'))
AND cdet.equity_listing_exch = 'HOSE' 
GROUP BY cdet.category_l1_id, cdet.equity_listing_exch";"SELECT cdet.category_l1_id, cdet.equity_listing_exch, SUM(d.data_value) AS hang_ton_kho
FROM IDS.data d
JOIN IDS.report_catalog rc ON d.report_catalog_id=rc.id
JOIN IDS.rrow rr ON rr.row_cd = d.row_cd AND rr.report_catalog_id = d.report_catalog_id
JOIN IDS.rcol rc2 ON rc2.col_cd = d.col_cd AND rc2.report_catalog_id = d.report_catalog_id
JOIN IDS.company_data cd ON d.company_data_id=cd.id
JOIN IDS.company_detail cdet ON cdet.company_profile_id=cd.company_profile_id
WHERE rc2.col_desc = '1'
AND rc.report_cd LIKE 'BCDKT%'
AND cd.report_year=:year AND cd.report_quarter=:quarter
AND ((rc.enterprise_type_cd='dn' AND rr.row_desc='140')
OR (rc.enterprise_type_cd='bh' AND rr.row_desc='140'))
AND cdet.equity_listing_exch = 'HOSE' 
GROUP BY cdet.category_l1_id, cdet.equity_listing_exch";;;;
15;;Dashboard Giám sát tổng hợp theo sàn HOSE -Tổng hợp chỉ tiêu tài chính & thống kê ngành;Doanh thu - theo ngành;Σ Doanh thu của tất cả DN trên sàn;Dashboard;Chỉ tiêu cơ sở;TB;Ngày, Sàn, Ngành;IDS - GSĐC;x;X;;Done;;"IDS.data (d),
IDS.report_catalog (rc),
IDS.company_data (cd),
IDS.company_detail (cdet)";cdet.equity_listing_exch, cdet.category_l1_id, SUM(d.data_value) AS doanh_thu;"rc2.col_desc = '1'
AND rc.report_cd LIKE 'BCKQKD%'
AND ((rc.enterprise_type_cd='dn' AND rr.row_desc='10')
OR (rc.enterprise_type_cd='bh' AND rr.row_desc='10')
OR (rc.enterprise_type_cd='td' AND rr.row_desc='03'))
AND cdet.equity_listing_exch = 'HOSE' 
GROUP BY cdet.category_l1_id, cdet.equity_listing_exch";"SELECT cdet.category_l1_id, cdet.equity_listing_exch, SUM(d.data_value) AS doanh_thu
FROM IDS.data d
JOIN IDS.report_catalog rc ON d.report_catalog_id=rc.id
JOIN IDS.rrow rr ON rr.row_cd = d.row_cd AND rr.report_catalog_id = d.report_catalog_id
JOIN IDS.rcol rc2 ON rc2.col_cd = d.col_cd AND rc2.report_catalog_id = d.report_catalog_id
JOIN IDS.company_data cd ON d.company_data_id=cd.id
JOIN IDS.company_detail cdet ON cdet.company_profile_id=cd.company_profile_id
WHERE rc2.col_desc = '1'
AND rc.report_cd LIKE 'BCKQKD%'
AND cd.report_year=:year AND cd.report_quarter=:quarter
AND ((rc.enterprise_type_cd='dn' AND rr.row_desc IN ('10'))
OR (rc.enterprise_type_cd='bh' AND rr.row_desc IN ('10'))
OR (rc.enterprise_type_cd='td' AND rr.row_desc IN ('03')))
AND cdet.equity_listing_exch = 'HOSE' 
GROUP BY cdet.category_l1_id, cdet.equity_listing_exch";;;;
15;;Dashboard Giám sát tổng hợp theo sàn HOSE -Tổng hợp chỉ tiêu tài chính & thống kê ngành;Lợi nhuận dồn tích (YTD) - theo ngành;Σ LNST của tất cả DN trên sàn từ đầu năm đến kỳ báo cáo;Dashboard;Chỉ tiêu cơ sở;TB;Ngày, Sàn, Ngành;IDS - GSĐC;x;X;;Done;;"IDS.data (d),
IDS.report_catalog (rc),
IDS.company_data (cd),
IDS.company_detail (cdet)";cdet.equity_listing_exch, cdet.category_l1_id, SUM(d.data_value) AS lnst_ytd;"rc2.col_desc = '1'
AND rc.report_cd LIKE 'BCDKT%'
AND cd.report_year=:year AND cd.report_quarter=:quarter
AND ((rc.enterprise_type_cd='dn' AND rr.row_desc='421')
OR (rc.enterprise_type_cd='bh' AND rr.row_desc='421'))
AND cdet.equity_listing_exch = 'HOSE' 
GROUP BY cdet.category_l1_id, cdet.equity_listing_exch";"SELECT cdet.category_l1_id, cdet.equity_listing_exch, SUM(d.data_value) AS lnst_ytd
FROM IDS.data d
JOIN IDS.report_catalog rc ON d.report_catalog_id=rc.id
JOIN IDS.rrow rr ON rr.row_cd = d.row_cd AND rr.report_catalog_id = d.report_catalog_id
JOIN IDS.rcol rc2 ON rc2.col_cd = d.col_cd AND rc2.report_catalog_id = d.report_catalog_id
JOIN IDS.company_data cd ON d.company_data_id=cd.id
JOIN IDS.company_detail cdet ON cdet.company_profile_id=cd.company_profile_id
WHERE rc2.col_desc = '1'
AND rc.report_cd LIKE 'BCDKT%'
AND cd.report_year=:year AND cd.report_quarter=:quarter
AND ((rc.enterprise_type_cd='dn' AND rr.row_desc='421')
OR (rc.enterprise_type_cd='bh' AND rr.row_desc='421'))
AND cdet.equity_listing_exch = 'HOSE' 
GROUP BY cdet.category_l1_id, cdet.equity_listing_exch";;;;
15;;Dashboard Giám sát tổng hợp theo sàn HOSE -Tổng hợp chỉ tiêu tài chính & thống kê ngành;Phải thu - theo ngành;Tổng phải thu = Phải thu ngắn hạn + Phải thu dài hạn;Dashboard;Chỉ tiêu cơ sở;TB;Ngày, Sàn, Ngành;IDS - GSĐC;x;X;;Done;;"IDS.data (d),
IDS.report_catalog (rc),
IDS.company_data (cd),
IDS.company_detail (cdet)";cdet.equity_listing_exch, cdet.category_l1_id, SUM(d.data_value) AS phai_thu;"rc2.col_desc = '1'
AND rc.report_cd LIKE 'BCDKT%'
AND cd.report_year=:year AND cd.report_quarter=:quarter
AND ((rc.enterprise_type_cd='dn' AND rr.row_desc IN ('130', '210'))
OR (rc.enterprise_type_cd='bh' AND rr.row_desc IN ('130', '210'))
OR (rc.enterprise_type_cd='td' AND rr.row_desc IN ('251'))
)
AND cdet.equity_listing_exch = 'HOSE' 
GROUP BY cdet.category_l1_id, cdet.equity_listing_exch";"SELECT cdet.category_l1_id, cdet.equity_listing_exch, SUM(d.data_value) AS phai_thu
FROM IDS.data d
JOIN IDS.report_catalog rc ON d.report_catalog_id=rc.id
JOIN IDS.rrow rr ON rr.row_cd = d.row_cd AND rr.report_catalog_id = d.report_catalog_id
JOIN IDS.rcol rc2 ON rc2.col_cd = d.col_cd AND rc2.report_catalog_id = d.report_catalog_id
JOIN IDS.company_data cd ON d.company_data_id=cd.id
JOIN IDS.company_detail cdet ON cdet.company_profile_id=cd.company_profile_id
WHERE rc2.col_desc = '1'
AND rc.report_cd LIKE 'BCDKT%'
AND cd.report_year = :year AND cd.report_quarter = :quarter
AND ((rc.enterprise_type_cd='dn' AND rr.row_desc IN ('130','210'))
OR (rc.enterprise_type_cd='bh' AND rr.row_desc IN ('130','210'))
OR (rc.enterprise_type_cd='td' AND rr.row_desc IN ('251')))
AND cdet.equity_listing_exch = 'HOSE' 
GROUP BY cdet.category_l1_id, cdet.equity_listing_exch";;;;
15;;Dashboard Giám sát tổng hợp theo sàn HOSE -Tổng hợp chỉ tiêu tài chính & thống kê ngành;Tiền và tương đương tiền - theo ngành;Tiền và tương đương tiền = Tiền mặt + Tiền gửi ngân hàng + Các khoản tương đương tiền;Dashboard;Chỉ tiêu cơ sở;TB;Ngày, Sàn, Ngành;IDS - GSĐC;x;X;;Done;;"IDS.data (d),
IDS.report_catalog (rc),
IDS.company_data (cd),
IDS.company_detail (cdet)";cdet.equity_listing_exch, cdet.category_l1_id, SUM(d.data_value) AS tien_tuong_duong;"rc2.col_desc = '1'
AND rc.report_cd LIKE 'BCDKT%'
AND ((rc.enterprise_type_cd='dn' AND rr.row_desc='110')
OR (rc.enterprise_type_cd='bh' AND rr.row_desc='110')
OR (rc.enterprise_type_cd='td' AND rr.row_desc IN ('110','120')))
AND cdet.equity_listing_exch = 'HOSE' 
GROUP BY cdet.category_l1_id, cdet.equity_listing_exch";"SELECT cdet.category_l1_id, cdet.equity_listing_exch, SUM(d.data_value) AS tien_tuong_duong
FROM IDS.data d
JOIN IDS.report_catalog rc ON d.report_catalog_id=rc.id
JOIN IDS.rrow rr ON rr.row_cd = d.row_cd AND rr.report_catalog_id = d.report_catalog_id
JOIN IDS.rcol rc2 ON rc2.col_cd = d.col_cd AND rc2.report_catalog_id = d.report_catalog_id
JOIN IDS.company_data cd ON d.company_data_id=cd.id
JOIN IDS.company_detail cdet ON cdet.company_profile_id=cd.company_profile_id
WHERE rc2.col_desc = '1'
AND rc.report_cd LIKE 'BCDKT%'
AND cd.report_year=:year AND cd.report_quarter=:quarter
AND ((rc.enterprise_type_cd='dn' AND rr.row_desc IN ('110'))
OR (rc.enterprise_type_cd='bh' AND rr.row_desc IN ('110'))
OR (rc.enterprise_type_cd='td' AND rr.row_desc IN ('110','120')))
AND cdet.equity_listing_exch = 'HOSE' 
GROUP BY cdet.category_l1_id, cdet.equity_listing_exch";;;;
15;;Dashboard Giám sát tổng hợp theo sàn HOSE -Tổng hợp chỉ tiêu tài chính & thống kê ngành;Nợ/Vốn chủ sở hữu - theo ngành;Tỷ lệ Nợ / Vốn chủ sở hữu = Tổng nợ phải trả / Vốn chủ sở hữu;Dashboard;Chỉ tiêu cơ sở;TB;Ngày, Sàn, Ngành;IDS - GSĐC;x;X;;Done;;"IDS.data (d),
IDS.report_catalog (rc),
IDS.company_data (cd),
IDS.company_detail (cdet)";cdet.equity_listing_exch, cdet.category_l1_id, SUM(no_phai_tra) / NULLIF(SUM(vcsh),0) AS ty_le_no_vcsh;"Chỉ tiêu phái sinh
= NPT / VCSH theo ngành
AND cdet.equity_listing_exch = 'HOSE' 
GROUP BY cdet.category_l1_id, cdet.equity_listing_exch";"-- Chỉ tiêu phái sinh (tính từ các chỉ tiêu cơ sở)
-- Nợ/Vốn CSH = Tổng Nợ Phải Trả / VCSH 
AND cdet.equity_listing_exch = 'HOSE' 
GROUP BY cdet.category_l1_id, cdet.equity_listing_exch";;;;
16;;Dashboard Giám sát tổng hợp theo sàn UPCOM - Thống kê niêm yết theo sàn;Ngày thống kê;Ngày thống kê (Năm/Quý);Dashboard;Chiều;Trùng;Ngày, Sàn;;;;;Done;;Tham số lọc (không map bảng);:year, :quarter;"Tham số đầu vào; xem row 58";-- Chiều thời gian: tham số người dùng chọn (giống mục 6);;;;
16;;Dashboard Giám sát tổng hợp theo sàn UPCOM - Thống kê niêm yết theo sàn;Sàn;;Dashboard;Chiều;Trùng;Ngày, Sàn;IDS - GSĐC;;;;Done;;IDS.lookup_values (lv);lv.lookup_cd AS san_niem_yet;lv.lookup_group = 'IDS_LISTING_TYPE';"-- Danh sách sàn niêm yết: HNX, HOSE, UPCOM, OTC
SELECT lv.lookup_cd AS san_niem_yet
FROM IDS.lookup_values lv
WHERE lv.lookup_group = 'IDS_LISTING_TYPE'";;;;
16;;Dashboard Giám sát tổng hợp theo sàn UPCOM - Thống kê niêm yết theo sàn;Số doanh nghiệp theo từng sàn;Đếm số lượng DN theo sàn niêm yết;Dashboard;Chỉ tiêu cơ sở;TB;Ngày, Sàn;IDS - GSĐC;x;X;;Done;;IDS.company_detail (cd);cd.equity_listing_exch, COUNT(DISTINCT cd.company_profile_id) AS so_luong_dn;"cd.ids_reg_date <= LAST_DAY(ADD_MONTHS(
TO_DATE(:p_year || '-01-01', 'YYYY-MM-DD'),
TO_NUMBER(SUBSTR(:p_quarter, 2, 1)) * 3 - 1))
AND cd.equity_listing_exch = 'UPCOM'
GROUP BY cd.equity_listing_exch
-- Đếm toàn bộ DN trên IDS (gồm niêm yết và chưa niêm yết)
-- Không lọc public_com_flg, không lọc status_ids_cd";"SELECT cd.equity_listing_exch, COUNT(DISTINCT cd.company_profile_id) AS so_luong_dn
FROM IDS.company_detail cd
WHERE cd.ids_reg_date <=
LAST_DAY(ADD_MONTHS(
TO_DATE(:p_year || '-01-01', 'YYYY-MM-DD'),
TO_NUMBER(SUBSTR(:p_quarter, 2, 1)) * 3 - 1))
AND cd.equity_listing_exch = 'UPCOM'
GROUP BY cd.equity_listing_exch";;;;
16;;Dashboard Giám sát tổng hợp theo sàn UPCOM - Thống kê niêm yết theo sàn;Tỷ lệ nộp BCTC theo từng sàn (quý);Là tỷ lệ % doanh nghiệp trên mỗi sàn giao dịch đã nộp báo cáo tài chính quý đúng kỳ báo cáo.;Dashboard;Chỉ tiêu phái sinh;TB;Ngày, Sàn;IDS - GSĐC;;X;;Done;;"IDS.company_data (a),
IDS.company_detail (cdet)";"cdet.equity_listing_exch, ROUND(
COUNT(CASE WHEN a.submission_date IS NOT NULL
AND a.submission_date <= a.submission_deadline_date
THEN 1 END)
/ NULLIF(COUNT(*), 0) * 100, 2) AS ty_le_nop_dung_han_pct";"a.report_year = :p_year
AND a.report_quarter = TO_NUMBER(SUBSTR(:p_quarter, 2, 1))
AND a.submission_deadline_date <= SYSDATE
AND cdet.equity_listing_exch = 'UPCOM'
GROUP BY cdet.equity_listing_exch";"SELECT cd.equity_listing_exch, 
ROUND(
COUNT(CASE WHEN a.submission_date IS NOT NULL
AND a.submission_date <= a.submission_deadline_date
THEN 1 END)
/ NULLIF(COUNT(*), 0) * 100, 2) AS ty_le_nop_dung_han_pct
FROM IDS.company_data a
JOIN IDS.company_detail cdet ON cdet.company_profile_id=a.company_profile_id
WHERE a.report_year = :p_year
AND a.report_quarter = TO_NUMBER(SUBSTR(:p_quarter, 2, 1))
AND a.submission_deadline_date <= SYSDATE
AND cdet.equity_listing_exch = 'UPCOM'
GROUP BY cdet.equity_listing_exch";;;;
16;;Dashboard Giám sát tổng hợp theo sàn UPCOM - Thống kê niêm yết theo sàn;Số DN báo lãi theo từng sàn;Đếm số doanh nghiệp có LNST > 0 trong kỳ báo cáo.;Dashboard;Chỉ tiêu cơ sở;TB;Ngày, Sàn;IDS - GSĐC;x;X;;Done;;"IDS.data (d),
IDS.report_catalog (rc),
IDS.company_data (cd),
IDS.company_detail (cdet)";cdet.equity_listing_exch, COUNT(DISTINCT d.company_profile_id) AS so_dn_bao_lai;"rc2.col_desc = '1'
AND rc.report_cd LIKE 'BCKQKD%'
AND d.data_value > 0
AND cd.report_year=:year AND cd.report_quarter=:quarter
AND ((rc.enterprise_type_cd='dn' AND rr.row_desc='60')
OR (rc.enterprise_type_cd='bh' AND rr.row_desc='60')
OR (rc.enterprise_type_cd='td' AND rr.row_desc='21'))
AND cdet.equity_listing_exch = 'UPCOM'
GROUP BY cdet.equity_listing_exch";"SELECT cd.equity_listing_exch, 
COUNT(DISTINCT d.company_profile_id) AS so_dn_bao_lai
FROM IDS.data d
JOIN IDS.report_catalog rc ON d.report_catalog_id=rc.id
JOIN IDS.rrow rr ON rr.row_cd = d.row_cd AND rr.report_catalog_id = d.report_catalog_id
JOIN IDS.rcol rc2 ON rc2.col_cd = d.col_cd AND rc2.report_catalog_id = d.report_catalog_id
JOIN IDS.company_data cd ON d.company_data_id=cd.id
JOIN IDS.company_detail cdet ON cdet.company_profile_id=cd.company_profile_id
WHERE rc2.col_desc = '1'
AND rc.report_cd LIKE 'BCKQKD%' AND d.data_value > 0
AND cd.report_year=:year AND cd.report_quarter=:quarter
AND ((rc.enterprise_type_cd='dn' AND rr.row_desc='60')
OR (rc.enterprise_type_cd='bh' AND rr.row_desc='60')
OR (rc.enterprise_type_cd='td' AND rr.row_desc='21'))
AND cdet.equity_listing_exch = 'UPCOM'
GROUP BY cdet.equity_listing_exch";;;;
17;;Dashboard Giám sát tổng hợp theo sàn UPCOM -Tổng hợp chỉ tiêu tài chính & thống kê ngành;Tổng tài sản;Σ Tổng tài sản của tất cả DN trên sàn;Dashboard;Chỉ tiêu cơ sở;Trùng;Ngày, Sàn;IDS - GSĐC;;X;;Done;;"IDS.data (d),
IDS.report_catalog (rc),
IDS.company_data (cd),
IDS.company_detail (cdet)";cdet.equity_listing_exch, SUM(d.data_value) AS tong_tai_san;"rc2.col_desc = '1'
AND rc.report_cd LIKE 'BCDKT%'
AND ((rc.enterprise_type_cd='dn' AND rr.row_desc='270')
OR (rc.enterprise_type_cd='bh' AND rr.row_desc='270')
OR (rc.enterprise_type_cd='td' AND rr.row_desc='300'))
AND cdet.equity_listing_exch = 'UPCOM'
GROUP BY cdet.equity_listing_exch";"SELECT cdet.equity_listing_exch, SUM(d.data_value) AS tong_tai_san
FROM IDS.data d
JOIN IDS.report_catalog rc ON d.report_catalog_id=rc.id
JOIN IDS.rrow rr ON rr.row_cd = d.row_cd AND rr.report_catalog_id = d.report_catalog_id
JOIN IDS.rcol rc2 ON rc2.col_cd = d.col_cd AND rc2.report_catalog_id = d.report_catalog_id
JOIN IDS.company_data cd ON d.company_data_id=cd.id
JOIN IDS.company_detail cdet ON cdet.company_profile_id=cd.company_profile_id
WHERE rc2.col_desc = '1'
AND rc.report_cd LIKE 'BCDKT%'
AND cd.report_year=:year AND cd.report_quarter=:quarter
AND ((rc.enterprise_type_cd='dn' AND rr.row_desc IN ('270'))
OR (rc.enterprise_type_cd='bh' AND rr.row_desc IN ('270'))
OR (rc.enterprise_type_cd='td' AND rr.row_desc IN ('300')))
AND cdet.equity_listing_exch = 'UPCOM'
GROUP BY cdet.equity_listing_exch";;;;
17;;Dashboard Giám sát tổng hợp theo sàn UPCOM -Tổng hợp chỉ tiêu tài chính & thống kê ngành;Nợ Phải Trả;Σ Nợ Phải Trả của tất cả DN trên sàn;Dashboard;Chỉ tiêu cơ sở;Trùng;Ngày, Sàn;IDS - GSĐC;;X;;Done;;"IDS.data (d),
IDS.report_catalog (rc),
IDS.company_data (cd),
IDS.company_detail (cdet)";cdet.equity_listing_exch, SUM(d.data_value) AS no_phai_tra;"rc2.col_desc = '1'
AND rc.report_cd LIKE 'BCDKT%'
AND ((rc.enterprise_type_cd='dn' AND rr.row_desc='300')
OR (rc.enterprise_type_cd='bh' AND rr.row_desc='300')
OR (rc.enterprise_type_cd='td' AND rr.row_desc='400'))
AND cdet.equity_listing_exch = 'UPCOM'
GROUP BY cdet.equity_listing_exch";"SELECT cdet.equity_listing_exch, SUM(d.data_value) AS no_phai_tra
FROM IDS.data d
JOIN IDS.report_catalog rc ON d.report_catalog_id=rc.id
JOIN IDS.rrow rr ON rr.row_cd = d.row_cd AND rr.report_catalog_id = d.report_catalog_id
JOIN IDS.rcol rc2 ON rc2.col_cd = d.col_cd AND rc2.report_catalog_id = d.report_catalog_id
JOIN IDS.company_data cd ON d.company_data_id=cd.id
JOIN IDS.company_detail cdet ON cdet.company_profile_id=cd.company_profile_id
WHERE rc2.col_desc = '1'
AND rc.report_cd LIKE 'BCDKT%'
AND cd.report_year=:year AND cd.report_quarter=:quarter
AND ((rc.enterprise_type_cd='dn' AND rr.row_desc IN ('300'))
OR (rc.enterprise_type_cd='bh' AND rr.row_desc IN ('300'))
OR (rc.enterprise_type_cd='td' AND rr.row_desc IN ('400')))
AND cdet.equity_listing_exch = 'UPCOM'
GROUP BY cdet.equity_listing_exch";;;;
17;;Dashboard Giám sát tổng hợp theo sàn UPCOM -Tổng hợp chỉ tiêu tài chính & thống kê ngành;Vốn CSH;Σ VCSH của tất cả các DN trên sàn;Dashboard;Chỉ tiêu cơ sở;Trùng;Ngày, Sàn;IDS - GSĐC;;X;;Done;;"IDS.data (d),
IDS.report_catalog (rc),
IDS.company_data (cd),
IDS.company_detail (cdet)";cdet.equity_listing_exch, SUM(d.data_value) AS vcsh;"rc2.col_desc = '1'
AND rc.report_cd LIKE 'BCDKT%'
AND ((rc.enterprise_type_cd='dn' AND rr.row_desc='400')
OR (rc.enterprise_type_cd='bh' AND rr.row_desc='400')
OR (rc.enterprise_type_cd='td' AND rr.row_desc='500'))
AND cdet.equity_listing_exch = 'UPCOM'
GROUP BY cdet.equity_listing_exch";"SELECT cdet.equity_listing_exch, SUM(d.data_value) AS vcsh
FROM IDS.data d
JOIN IDS.report_catalog rc ON d.report_catalog_id=rc.id
JOIN IDS.rrow rr ON rr.row_cd = d.row_cd AND rr.report_catalog_id = d.report_catalog_id
JOIN IDS.rcol rc2 ON rc2.col_cd = d.col_cd AND rc2.report_catalog_id = d.report_catalog_id
JOIN IDS.company_data cd ON d.company_data_id=cd.id
JOIN IDS.company_detail cdet ON cdet.company_profile_id=cd.company_profile_id
WHERE rc2.col_desc = '1'
AND rc.report_cd LIKE 'BCDKT%'
AND cd.report_year=:year AND cd.report_quarter=:quarter
AND ((rc.enterprise_type_cd='dn' AND rr.row_desc IN ('400'))
OR (rc.enterprise_type_cd='bh' AND rr.row_desc IN ('400'))
OR (rc.enterprise_type_cd='td' AND rr.row_desc IN ('500')))
AND cdet.equity_listing_exch = 'UPCOM'
GROUP BY cdet.equity_listing_exch";;;;
17;;Dashboard Giám sát tổng hợp theo sàn UPCOM -Tổng hợp chỉ tiêu tài chính & thống kê ngành;Vốn điều lệ;Σ Vốn điều lệ, Vốn góp của chủ sở hữu của tất cả DN trên sàn;Dashboard;Chỉ tiêu cơ sở;Trùng;Ngày, Sàn;IDS - GSĐC;;X;;Done;;"IDS.data (d),
IDS.report_catalog (rc),
IDS.company_data (cd),
IDS.company_detail (cdet)";cdet.equity_listing_exch, SUM(d.data_value) AS von_dieu_le;"rc2.col_desc = '1'
AND rc.report_cd LIKE 'BCDKT%'
AND ((rc.enterprise_type_cd='dn' AND rr.row_desc='411')
OR (rc.enterprise_type_cd='bh' AND rr.row_desc='411')
OR (rc.enterprise_type_cd='td' AND rr.row_desc='411'))
AND cdet.equity_listing_exch = 'UPCOM'
GROUP BY cdet.equity_listing_exch";"SELECT cdet.equity_listing_exch, SUM(d.data_value) AS von_dieu_le
FROM IDS.data d
JOIN IDS.report_catalog rc ON d.report_catalog_id=rc.id
JOIN IDS.rrow rr ON rr.row_cd = d.row_cd AND rr.report_catalog_id = d.report_catalog_id
JOIN IDS.rcol rc2 ON rc2.col_cd = d.col_cd AND rc2.report_catalog_id = d.report_catalog_id
JOIN IDS.company_data cd ON d.company_data_id=cd.id
JOIN IDS.company_detail cdet ON cdet.company_profile_id=cd.company_profile_id
WHERE rc2.col_desc = '1'
AND rc.report_cd LIKE 'BCDKT%'
AND cd.report_year=:year AND cd.report_quarter=:quarter
AND ((rc.enterprise_type_cd='dn' AND rr.row_desc IN ('411'))
OR (rc.enterprise_type_cd='bh' AND rr.row_desc IN ('411'))
OR (rc.enterprise_type_cd='td' AND rr.row_desc IN ('411')))
AND cdet.equity_listing_exch = 'UPCOM'
GROUP BY cdet.equity_listing_exch";;;;
17;;Dashboard Giám sát tổng hợp theo sàn UPCOM -Tổng hợp chỉ tiêu tài chính & thống kê ngành;Lợi nhuận sau thuế;Σ Lợi nhuận sau thuế của tất cả DN trên sàn;Dashboard;Chỉ tiêu cơ sở;Trùng;Ngày, Sàn;IDS - GSĐC;;X;;Done;;"IDS.data (d),
IDS.report_catalog (rc),
IDS.company_data (cd),
IDS.company_detail (cdet)";cdet.equity_listing_exch, SUM(d.data_value) AS lnst;"rc2.col_desc = '1'
AND rc.report_cd LIKE 'BCKQKD%'
AND ((rc.enterprise_type_cd='dn' AND rr.row_desc='60')
OR (rc.enterprise_type_cd='bh' AND rr.row_desc='60')
OR (rc.enterprise_type_cd='td' AND rr.row_desc='21'))
AND cdet.equity_listing_exch = 'UPCOM'
GROUP BY cdet.equity_listing_exch";"SELECT cdet.equity_listing_exch, SUM(d.data_value) AS lnst
FROM IDS.data d
JOIN IDS.report_catalog rc ON d.report_catalog_id=rc.id
JOIN IDS.rrow rr ON rr.row_cd = d.row_cd AND rr.report_catalog_id = d.report_catalog_id
JOIN IDS.rcol rc2 ON rc2.col_cd = d.col_cd AND rc2.report_catalog_id = d.report_catalog_id
JOIN IDS.company_data cd ON d.company_data_id=cd.id
JOIN IDS.company_detail cdet ON cdet.company_profile_id=cd.company_profile_id
WHERE rc2.col_desc = '1'
AND rc.report_cd LIKE 'BCKQKD%'
AND cd.report_year=:year AND cd.report_quarter=:quarter
AND ((rc.enterprise_type_cd='dn' AND rr.row_desc IN ('60'))
OR (rc.enterprise_type_cd='bh' AND rr.row_desc IN ('60'))
OR (rc.enterprise_type_cd='td' AND rr.row_desc IN ('21')))
AND cdet.equity_listing_exch = 'UPCOM'
GROUP BY cdet.equity_listing_exch";;;;
17;;Dashboard Giám sát tổng hợp theo sàn UPCOM -Tổng hợp chỉ tiêu tài chính & thống kê ngành;ROA;"ROE = (LNST/Tổng tài sản bình quân) * 100%
Tổng tài sản bình quân = (Tổng tài sản đầu kỳ + Tổng tài sản cuối kỳ)/2";Dashboard;Chỉ tiêu cơ sở;Trùng;Ngày, Sàn;IDS - GSĐC;;X;;Done;;"IDS.data (d),
IDS.report_catalog (rc),
IDS.company_data (cd),
IDS.company_detail (cdet)";cdet.equity_listing_exch, SUM(lnst) / SUM(TSBQ) * 100 AS roa_pct;"Tổng tài sản bình quân = (ts_dầu_kỳ + ts_cuối_kỳ)/2
LNST cuối kỳ
-- Chỉ tiêu phái sinh tổng hợp toàn thị trường
AND cdet.equity_listing_exch = 'UPCOM'
GROUP BY cdet.equity_listing_exch";"-- ROA = LNST / Tổng tài sản bình quân * 100%
-- TSBQ = (TS đầu kỳ + TS cuối kỳ) / 2
WITH ts_bq AS (
SELECT cd.company_profile_id,
SUM(CASE WHEN rc2.col_desc = '2' THEN d.data_value ELSE 0 END) AS ts_dau,
SUM(CASE WHEN rc2.col_desc = '1' THEN d.data_value ELSE 0 END) AS ts_cuoi
FROM IDS.data d
JOIN IDS.report_catalog rc ON d.report_catalog_id=rc.id
JOIN IDS.rrow rr ON rr.row_cd = d.row_cd AND rr.report_catalog_id = d.report_catalog_id
JOIN IDS.rcol rc2 ON rc2.col_cd = d.col_cd AND rc2.report_catalog_id = d.report_catalog_id
JOIN IDS.company_data cd ON d.company_data_id=cd.id
WHERE cd.report_year=:year AND cd.report_quarter=:quarter
AND rc.report_cd LIKE 'BCDKT%'
AND ((rc.enterprise_type_cd='dn' AND rr.row_desc='270')
OR (rc.enterprise_type_cd='bh' AND rr.row_desc='270')
OR (rc.enterprise_type_cd='td' AND rr.row_desc='300'))
GROUP BY cd.company_profile_id
), lnst AS (
SELECT cd.company_profile_id, SUM(d.data_value) AS lnst
FROM IDS.data d
JOIN IDS.report_catalog rc ON d.report_catalog_id=rc.id
JOIN IDS.company_data cd ON d.company_data_id=cd.id
WHERE rc2.col_desc = '1'
AND rc.report_cd LIKE 'BCKQKD%' AND cd.report_year=:year AND cd.report_quarter=:quarter
AND ((rc.enterprise_type_cd='dn' AND rr.row_desc='60')
OR (rc.enterprise_type_cd='bh' AND rr.row_desc='60')
OR (rc.enterprise_type_cd='td' AND rr.row_desc='21'))
GROUP BY cd.company_profile_id
)
SELECT cdet.equity_listing_exch, SUM(l.lnst) / NULLIF(SUM(
CASE WHEN t.ts_dau IS NULL THEN t.ts_cuoi
WHEN t.ts_cuoi IS NULL THEN t.ts_dau
ELSE (t.ts_dau+t.ts_cuoi)/2 END),0)*100 AS roa_pct
FROM ts_bq t JOIN lnst l ON l.company_profile_id=t.company_profile_id
JOIN IDS.company_detail cdet ON cdet.company_profile_id=t.company_profile_id
where cdet.equity_listing_exch = 'UPCOM'
GROUP BY cdet.equity_listing_exch";;;;
17;;Dashboard Giám sát tổng hợp theo sàn UPCOM -Tổng hợp chỉ tiêu tài chính & thống kê ngành;ROE;"ROE = (LNST/VCSH bình quân) * 100%
VCSH bình quân = (VCSH đầu kỳ + VCSH cuối kỳ)/2";Dashboard;Chỉ tiêu cơ sở;Trùng;Ngày, Sàn;IDS - GSĐC;;X;;Done;;"IDS.data (d),
IDS.report_catalog (rc),
IDS.company_data (cd),
IDS.company_detail (cdet)";cdet.equity_listing_exch, SUM(lnst) / SUM(VCSHBQ) * 100 AS roe_pct;"VCSH bình quân = (vcsh_đầu_kỳ + vcsh_cuối_kỳ)/2
LNST cuối kỳ
AND cdet.equity_listing_exch = 'UPCOM'
GROUP BY cdet.equity_listing_exch";"-- ROA = LNST / VCSH bình quân * 100%
-- VCSHBQ = (TS đầu kỳ + TS cuối kỳ) / 2
WITH ts_bq AS (
SELECT cd.company_profile_id,
SUM(CASE WHEN rc2.col_desc = '2' THEN d.data_value ELSE 0 END) AS vcsh_dau,
SUM(CASE WHEN rc2.col_desc = '1' THEN d.data_value ELSE 0 END) AS vcsh_cuoi
FROM IDS.data d
JOIN IDS.report_catalog rc ON d.report_catalog_id=rc.id
JOIN IDS.rrow rr ON rr.row_cd = d.row_cd AND rr.report_catalog_id = d.report_catalog_id
JOIN IDS.rcol rc2 ON rc2.col_cd = d.col_cd AND rc2.report_catalog_id = d.report_catalog_id
JOIN IDS.company_data cd ON d.company_data_id=cd.id
WHERE cd.report_year=:year AND cd.report_quarter=:quarter
AND rc.report_cd LIKE 'BCDKT%'
AND ((rc.enterprise_type_cd='dn' AND rr.row_desc='400')
OR (rc.enterprise_type_cd='bh' AND rr.row_desc='D')
OR (rc.enterprise_type_cd='td' AND rr.row_desc='500'))
GROUP BY cd.company_profile_id
), lnst AS (
SELECT cd.company_profile_id, SUM(d.data_value) AS lnst
FROM IDS.data d
JOIN IDS.report_catalog rc ON d.report_catalog_id=rc.id
JOIN IDS.company_data cd ON d.company_data_id=cd.id
WHERE rc2.col_desc = '1'
AND rc.report_cd LIKE 'BCKQKD%' AND cd.report_year=:year AND cd.report_quarter=:quarter
AND ((rc.enterprise_type_cd='dn' AND rr.row_desc='60')
OR (rc.enterprise_type_cd='bh' AND rr.row_desc='60')
OR (rc.enterprise_type_cd='td' AND rr.row_desc='21'))
GROUP BY cd.company_profile_id
)
SELECT cdet.equity_listing_exch, SUM(l.lnst) / NULLIF(SUM(
CASE WHEN t.vcsh_dau IS NULL THEN t.vcsh_cuoi
WHEN t.vcsh_cuoi IS NULL THEN t.vcsh_dau
ELSE (t.vcsh_dau+t.vcsh_cuoi)/2 END),0)*100 AS roe_pct
FROM ts_bq t JOIN lnst l ON l.company_profile_id=t.company_profile_id
JOIN IDS.company_detail cdet ON cdet.company_profile_id=t.company_profile_id
where cdet.equity_listing_exch = 'UPCOM'
GROUP BY cdet.equity_listing_exch";;;;
17;;Dashboard Giám sát tổng hợp theo sàn UPCOM -Tổng hợp chỉ tiêu tài chính & thống kê ngành;Hàng Tồn Kho;Σ Giá trị hàng tồn kho của tất cả DN trên sàn;Dashboard;Chỉ tiêu cơ sở;Trùng;Ngày, Sàn;IDS - GSĐC;;X;;Done;;"IDS.data (d),
IDS.report_catalog (rc),
IDS.company_data (cd),
IDS.company_detail (cdet)";cdet.equity_listing_exch, SUM(d.data_value) AS hang_ton_kho;"rc2.col_desc = '1'
AND rc.report_cd LIKE 'BCDKT%'
AND ((rc.enterprise_type_cd='dn' AND rr.row_desc='140')
OR (rc.enterprise_type_cd='bh' AND rr.row_desc='140'))
-- Lưu ý: Tổ chức tín dụng không có HTK
AND cdet.equity_listing_exch = 'UPCOM'
GROUP BY cdet.equity_listing_exch";"SELECT cdet.equity_listing_exch, SUM(d.data_value) AS hang_ton_kho
FROM IDS.data d
JOIN IDS.report_catalog rc ON d.report_catalog_id=rc.id
JOIN IDS.rrow rr ON rr.row_cd = d.row_cd AND rr.report_catalog_id = d.report_catalog_id
JOIN IDS.rcol rc2 ON rc2.col_cd = d.col_cd AND rc2.report_catalog_id = d.report_catalog_id
JOIN IDS.company_data cd ON d.company_data_id=cd.id
JOIN IDS.company_detail cdet ON cdet.company_profile_id=cd.company_profile_id
WHERE rc2.col_desc = '1'
AND rc.report_cd LIKE 'BCDKT%'
AND cd.report_year=:year AND cd.report_quarter=:quarter
AND ((rc.enterprise_type_cd='dn' AND rr.row_desc='140')
OR (rc.enterprise_type_cd='bh' AND rr.row_desc='140'))
AND cdet.equity_listing_exch = 'UPCOM'
GROUP BY cdet.equity_listing_exch";;;;
17;;Dashboard Giám sát tổng hợp theo sàn UPCOM -Tổng hợp chỉ tiêu tài chính & thống kê ngành;Doanh thu;Σ Doanh thu của tất cả DN trên sàn;Dashboard;Chỉ tiêu cơ sở;Trùng;Ngày, Sàn;IDS - GSĐC;;X;;Done;;"IDS.data (d),
IDS.report_catalog (rc),
IDS.company_data (cd),
IDS.company_detail (cdet)";cdet.equity_listing_exch, SUM(d.data_value) AS doanh_thu;"rc2.col_desc = '1'
AND rc.report_cd LIKE 'BCKQKD%'
AND ((rc.enterprise_type_cd='dn' AND rr.row_desc='10')
OR (rc.enterprise_type_cd='bh' AND rr.row_desc='10')
OR (rc.enterprise_type_cd='td' AND rr.row_desc='03'))
AND cdet.equity_listing_exch = 'UPCOM'
GROUP BY cdet.equity_listing_exch";"SELECT cdet.equity_listing_exch, SUM(d.data_value) AS doanh_thu
FROM IDS.data d
JOIN IDS.report_catalog rc ON d.report_catalog_id=rc.id
JOIN IDS.rrow rr ON rr.row_cd = d.row_cd AND rr.report_catalog_id = d.report_catalog_id
JOIN IDS.rcol rc2 ON rc2.col_cd = d.col_cd AND rc2.report_catalog_id = d.report_catalog_id
JOIN IDS.company_data cd ON d.company_data_id=cd.id
JOIN IDS.company_detail cdet ON cdet.company_profile_id=cd.company_profile_id
WHERE rc2.col_desc = '1'
AND rc.report_cd LIKE 'BCKQKD%'
AND cd.report_year=:year AND cd.report_quarter=:quarter
AND ((rc.enterprise_type_cd='dn' AND rr.row_desc IN ('10'))
OR (rc.enterprise_type_cd='bh' AND rr.row_desc IN ('10'))
OR (rc.enterprise_type_cd='td' AND rr.row_desc IN ('03')))
AND cdet.equity_listing_exch = 'UPCOM'
GROUP BY cdet.equity_listing_exch";;;;
17;;Dashboard Giám sát tổng hợp theo sàn UPCOM -Tổng hợp chỉ tiêu tài chính & thống kê ngành;Lợi nhuận dồn tích (YTD);Σ LNST của tất cả DN trên sàn từ đầu năm đến kỳ báo cáo;Dashboard;Chỉ tiêu cơ sở;Trùng;Ngày, Sàn;IDS - GSĐC;;X;;Done;;"IDS.data (d),
IDS.report_catalog (rc),
IDS.company_data (cd),
IDS.company_detail (cdet)";cdet.equity_listing_exch, SUM(d.data_value) AS lnst_ytd;"rc2.col_desc = '1'
AND rc.report_cd LIKE 'BCDKT%'
AND cd.report_year=:year AND cd.report_quarter=:quarter
AND ((rc.enterprise_type_cd='dn' AND rr.row_desc='421')
OR (rc.enterprise_type_cd='bh' AND rr.row_desc='421'))
-- LNST YTD = giá trị lũy kế từ đầu năm đến cuối kỳ
AND cdet.equity_listing_exch = 'UPCOM'
GROUP BY cdet.equity_listing_exch";"SELECT cdet.equity_listing_exch, SUM(d.data_value) AS lnst_ytd
FROM IDS.data d
JOIN IDS.report_catalog rc ON d.report_catalog_id=rc.id
JOIN IDS.rrow rr ON rr.row_cd = d.row_cd AND rr.report_catalog_id = d.report_catalog_id
JOIN IDS.rcol rc2 ON rc2.col_cd = d.col_cd AND rc2.report_catalog_id = d.report_catalog_id
JOIN IDS.company_data cd ON d.company_data_id=cd.id
JOIN IDS.company_detail cdet ON cdet.company_profile_id=cd.company_profile_id
WHERE rc2.col_desc = '1'
AND rc.report_cd LIKE 'BCDKT%'
AND cd.report_year=:year AND cd.report_quarter=:quarter
AND ((rc.enterprise_type_cd='dn' AND rr.row_desc='421')
OR (rc.enterprise_type_cd='bh' AND rr.row_desc='421'))
AND cdet.equity_listing_exch = 'UPCOM'
GROUP BY cdet.equity_listing_exch";;;;
17;;Dashboard Giám sát tổng hợp theo sàn UPCOM -Tổng hợp chỉ tiêu tài chính & thống kê ngành;Phải thu;Tổng phải thu = Phải thu ngắn hạn + Phải thu dài hạn;Dashboard;Chỉ tiêu cơ sở;Trùng;Ngày, Sàn;IDS - GSĐC;;X;;Done;;"IDS.data (d),
IDS.report_catalog (rc),
IDS.company_data (cd),
IDS.company_detail (cdet)";cdet.equity_listing_exch, SUM(d.data_value) AS phai_thu;"rc2.col_desc = '1' 
AND rc.report_cd LIKE 'BCDKT%' 
AND cd.report_year=:year AND cd.report_quarter=:quarter 
AND ((rc.enterprise_type_cd='dn' AND rr.row_desc IN ('130', '210')) 
OR (rc.enterprise_type_cd='bh' AND rr.row_desc IN ('130', '210')) 
OR (rc.enterprise_type_cd='td' AND rr.row_desc IN ('251')) 
)
AND cdet.equity_listing_exch = 'UPCOM'
GROUP BY cdet.equity_listing_exch";"SELECT cdet.equity_listing_exch, SUM(d.data_value) AS phai_thu
FROM IDS.data d
JOIN IDS.report_catalog rc ON d.report_catalog_id=rc.id
JOIN IDS.rrow rr ON rr.row_cd = d.row_cd AND rr.report_catalog_id = d.report_catalog_id
JOIN IDS.rcol rc2 ON rc2.col_cd = d.col_cd AND rc2.report_catalog_id = d.report_catalog_id
JOIN IDS.company_data cd ON d.company_data_id=cd.id
JOIN IDS.company_detail cdet ON cdet.company_profile_id=cd.company_profile_id
WHERE rc2.col_desc = '1'
AND rc.report_cd LIKE 'BCDKT%'
AND cd.report_year = :year AND cd.report_quarter = :quarter
AND ((rc.enterprise_type_cd='dn' AND rr.row_desc IN ('130','210'))
OR (rc.enterprise_type_cd='bh' AND rr.row_desc IN ('130','210'))
OR (rc.enterprise_type_cd='td' AND rr.row_desc IN ('251')))
AND cdet.equity_listing_exch = 'UPCOM'
GROUP BY cdet.equity_listing_exch";;;;
17;;Dashboard Giám sát tổng hợp theo sàn UPCOM -Tổng hợp chỉ tiêu tài chính & thống kê ngành;Tiền và tương đương tiền;Tiền và tương đương tiền = Tiền mặt + Tiền gửi ngân hàng + Các khoản tương đương tiền;Dashboard;Chỉ tiêu cơ sở;Trùng;Ngày, Sàn;IDS - GSĐC;;X;;Done;;"IDS.data (d),
IDS.report_catalog (rc),
IDS.company_data (cd),
IDS.company_detail (cdet)";cdet.equity_listing_exch, SUM(d.data_value) AS tien_tuong_duong;"rc2.col_desc = '1'
AND rc.report_cd LIKE 'BCDKT%'
AND ((rc.enterprise_type_cd='dn' AND rr.row_desc='110')
OR (rc.enterprise_type_cd='bh' AND rr.row_desc='110')
OR (rc.enterprise_type_cd='td' AND rr.row_desc IN ('110','120')))
AND cdet.equity_listing_exch = 'UPCOM'
GROUP BY cdet.equity_listing_exch";"SELECT cdet.equity_listing_exch, SUM(d.data_value) AS tien_tuong_duong
FROM IDS.data d
JOIN IDS.report_catalog rc ON d.report_catalog_id=rc.id
JOIN IDS.rrow rr ON rr.row_cd = d.row_cd AND rr.report_catalog_id = d.report_catalog_id
JOIN IDS.rcol rc2 ON rc2.col_cd = d.col_cd AND rc2.report_catalog_id = d.report_catalog_id
JOIN IDS.company_data cd ON d.company_data_id=cd.id
JOIN IDS.company_detail cdet ON cdet.company_profile_id=cd.company_profile_id
WHERE rc2.col_desc = '1'
AND rc.report_cd LIKE 'BCDKT%'
AND cd.report_year=:year AND cd.report_quarter=:quarter
AND ((rc.enterprise_type_cd='dn' AND rr.row_desc IN ('110'))
OR (rc.enterprise_type_cd='bh' AND rr.row_desc IN ('110'))
OR (rc.enterprise_type_cd='td' AND rr.row_desc IN ('110','120')))
AND cdet.equity_listing_exch = 'UPCOM'
GROUP BY cdet.equity_listing_exch";;;;
17;;Dashboard Giám sát tổng hợp theo sàn UPCOM -Tổng hợp chỉ tiêu tài chính & thống kê ngành;Nợ/ Vốn CSH;Tỷ lệ Nợ / Vốn chủ sở hữu = Tổng nợ phải trả / Vốn chủ sở hữu;Dashboard;Chỉ tiêu cơ sở;Trùng;Ngày, Sàn;IDS - GSĐC;;X;;Done;;"IDS.data (d),
IDS.report_catalog (rc),
IDS.company_data (cd),
IDS.company_detail (cdet)";cdet.equity_listing_exch, SUM(no_phai_tra) / NULLIF(SUM(vcsh),0) AS ty_le_no_vcsh;"-- Chỉ tiêu phái sinh
= Tổng nợ phải trả / Vốn chủ sở hữu
AND cdet.equity_listing_exch = 'UPCOM'
GROUP BY cdet.equity_listing_exch";"-- Chỉ tiêu phái sinh (tính từ các chỉ tiêu cơ sở)
-- Nợ/Vốn CSH = Tổng Nợ Phải Trả / VCSH
AND cdet.equity_listing_exch = 'UPCOM'
GROUP BY cdet.equity_listing_exch";;;;
17;;Dashboard Giám sát tổng hợp theo sàn UPCOM -Tổng hợp chỉ tiêu tài chính & thống kê ngành;Tổng tài sản - so sánh thay đổi cùng kỳ năm trước;Σ Tổng tài sản của tất cả DN trên sàn;Dashboard;Chỉ tiêu phái sinh;TB;Ngày, Sàn;IDS - GSĐC;;X;;Done;;"IDS.data (d),
IDS.report_catalog (rc),
IDS.company_data (cd),
IDS.company_detail (cdet)";cdet.equity_listing_exch, (Tổng tài sản_ky_nay - Tổng tài sản_cung_ky) / Tổng tài sản_cung_ky * 100;"Chỉ tiêu phái sinh
= (Kỳ này - Cùng kỳ năm trước) / Cùng kỳ năm trước × 100%
AND cdet.equity_listing_exch = 'UPCOM'
GROUP BY cdet.equity_listing_exch";"-- Chỉ tiêu phái sinh
-- = (Chỉ tiêu kỳ này - Chỉ tiêu cùng kỳ năm trước) / Chỉ tiêu cùng kỳ năm trước * 100%
-- Tính bằng cách chạy SQL tương ứng với :year và :year-1
SELECT ROUND((ky_nay.gia_tri - ck_truoc.gia_tri)
/ NULLIF(ck_truoc.gia_tri, 0) * 100, 2) AS thay_doi_pct
FROM (<SQL , :year=N>) ky_nay
CROSS JOIN (<SQL , :year=N-1>) ck_truoc";;;;
17;;Dashboard Giám sát tổng hợp theo sàn UPCOM -Tổng hợp chỉ tiêu tài chính & thống kê ngành;Nợ Phải Trả - so sánh thay đổi cùng kỳ năm trước;Σ Nợ Phải Trả của tất cả DN trên sàn;Dashboard;Chỉ tiêu phái sinh;TB;Ngày, Sàn;IDS - GSĐC;;X;;Done;;"IDS.data (d),
IDS.report_catalog (rc),
IDS.company_data (cd),
IDS.company_detail (cdet)";cdet.equity_listing_exch, (Nợ Phải Trả_ky_nay - Nợ Phải Trả_cung_ky) / Nợ Phải Trả_cung_ky * 100;"Chỉ tiêu phái sinh
= (Kỳ này - Cùng kỳ năm trước) / Cùng kỳ năm trước × 100%
AND cdet.equity_listing_exch = 'UPCOM'
GROUP BY cdet.equity_listing_exch";"-- Chỉ tiêu phái sinh
-- = (Chỉ tiêu kỳ này - Chỉ tiêu cùng kỳ năm trước) / Chỉ tiêu cùng kỳ năm trước * 100%
-- Tính bằng cách chạy SQL tương ứng với :year và :year-1
SELECT ROUND((ky_nay.gia_tri - ck_truoc.gia_tri)
/ NULLIF(ck_truoc.gia_tri, 0) * 100, 2) AS thay_doi_pct
FROM (<SQL , :year=N>) ky_nay
CROSS JOIN (<SQL , :year=N-1>) ck_truoc";;;;
17;;Dashboard Giám sát tổng hợp theo sàn UPCOM -Tổng hợp chỉ tiêu tài chính & thống kê ngành;Vốn CSH - so sánh thay đổi cùng kỳ năm trước;Σ VCSH của tất cả các DN trên sàn;Dashboard;Chỉ tiêu phái sinh;TB;Ngày, Sàn;IDS - GSĐC;;X;;Done;;"IDS.data (d),
IDS.report_catalog (rc),
IDS.company_data (cd),
IDS.company_detail (cdet)";cdet.equity_listing_exch, (Vốn CSH_ky_nay - Vốn CSH_cung_ky) / Vốn CSH_cung_ky * 100;"Chỉ tiêu phái sinh
= (Kỳ này - Cùng kỳ năm trước) / Cùng kỳ năm trước × 100%
AND cdet.equity_listing_exch = 'UPCOM'
GROUP BY cdet.equity_listing_exch";"-- Chỉ tiêu phái sinh
-- = (Chỉ tiêu kỳ này - Chỉ tiêu cùng kỳ năm trước) / Chỉ tiêu cùng kỳ năm trước * 100%
-- Tính bằng cách chạy SQL tương ứng với :year và :year-1
SELECT ROUND((ky_nay.gia_tri - ck_truoc.gia_tri)
/ NULLIF(ck_truoc.gia_tri, 0) * 100, 2) AS thay_doi_pct
FROM (<SQL , :year=N>) ky_nay
CROSS JOIN (<SQL , :year=N-1>) ck_truoc";;;;
17;;Dashboard Giám sát tổng hợp theo sàn UPCOM -Tổng hợp chỉ tiêu tài chính & thống kê ngành;Vốn điều lệ - so sánh thay đổi cùng kỳ năm trước;Σ Vốn điều lệ, Vốn góp của chủ sở hữu của tất cả DN trên sàn;Dashboard;Chỉ tiêu phái sinh;TB;Ngày, Sàn;IDS - GSĐC;;X;;Done;;"IDS.data (d),
IDS.report_catalog (rc),
IDS.company_data (cd),
IDS.company_detail (cdet)";cdet.equity_listing_exch, (Vốn điều lệ_ky_nay - Vốn điều lệ_cung_ky) / Vốn điều lệ_cung_ky * 100;"Chỉ tiêu phái sinh
= (Kỳ này - Cùng kỳ năm trước) / Cùng kỳ năm trước × 100%
AND cdet.equity_listing_exch = 'UPCOM'
GROUP BY cdet.equity_listing_exch";"-- Chỉ tiêu phái sinh
-- = (Chỉ tiêu kỳ này - Chỉ tiêu cùng kỳ năm trước) / Chỉ tiêu cùng kỳ năm trước * 100%
-- Tính bằng cách chạy SQL tương ứng với :year và :year-1
SELECT ROUND((ky_nay.gia_tri - ck_truoc.gia_tri)
/ NULLIF(ck_truoc.gia_tri, 0) * 100, 2) AS thay_doi_pct
FROM (<SQL , :year=N>) ky_nay
CROSS JOIN (<SQL , :year=N-1>) ck_truoc";;;;
17;;Dashboard Giám sát tổng hợp theo sàn UPCOM -Tổng hợp chỉ tiêu tài chính & thống kê ngành;Lợi nhuận sau thuế - so sánh thay đổi cùng kỳ năm trước;Σ Lợi nhuận sau thuế của tất cả DN trên sàn;Dashboard;Chỉ tiêu phái sinh;TB;Ngày, Sàn;IDS - GSĐC;;X;;Done;;"IDS.data (d),
IDS.report_catalog (rc),
IDS.company_data (cd),
IDS.company_detail (cdet)";cdet.equity_listing_exch, (Lợi nhuận sau thuế_ky_nay - Lợi nhuận sau thuế_cung_ky) / Lợi nhuận sau thuế_cung_ky * 100;"Chỉ tiêu phái sinh
= (Kỳ này - Cùng kỳ năm trước) / Cùng kỳ năm trước × 100%
AND cdet.equity_listing_exch = 'UPCOM'
GROUP BY cdet.equity_listing_exch";"-- Chỉ tiêu phái sinh
-- = (Chỉ tiêu kỳ này - Chỉ tiêu cùng kỳ năm trước) / Chỉ tiêu cùng kỳ năm trước * 100%
-- Tính bằng cách chạy SQL tương ứng với :year và :year-1
SELECT ROUND((ky_nay.gia_tri - ck_truoc.gia_tri)
/ NULLIF(ck_truoc.gia_tri, 0) * 100, 2) AS thay_doi_pct
FROM (<SQL , :year=N>) ky_nay
CROSS JOIN (<SQL , :year=N-1>) ck_truoc";;;;
17;;Dashboard Giám sát tổng hợp theo sàn UPCOM -Tổng hợp chỉ tiêu tài chính & thống kê ngành;ROA - so sánh thay đổi cùng kỳ năm trước;"ROE = (LNST/Tổng tài sản bình quân) * 100%
Tổng tài sản bình quân = (Tổng tài sản đầu kỳ + Tổng tài sản cuối kỳ)/2";Dashboard;Chỉ tiêu phái sinh;TB;Ngày, Sàn;IDS - GSĐC;;X;;Done;;"IDS.data (d),
IDS.report_catalog (rc),
IDS.company_data (cd),
IDS.company_detail (cdet)";cdet.equity_listing_exch, (ROA_ky_nay - ROA_cung_ky) / ROA_cung_ky * 100;"Chỉ tiêu phái sinh
= (Kỳ này - Cùng kỳ năm trước) / Cùng kỳ năm trước × 100%
AND cdet.equity_listing_exch = 'UPCOM'
GROUP BY cdet.equity_listing_exch";"-- Chỉ tiêu phái sinh
-- = (Chỉ tiêu kỳ này - Chỉ tiêu cùng kỳ năm trước) / Chỉ tiêu cùng kỳ năm trước * 100%
-- Tính bằng cách chạy SQL tương ứng với :year và :year-1
SELECT ROUND((ky_nay.gia_tri - ck_truoc.gia_tri)
/ NULLIF(ck_truoc.gia_tri, 0) * 100, 2) AS thay_doi_pct
FROM (<SQL, :year=N>) ky_nay
CROSS JOIN (<SQL , :year=N-1>) ck_truoc";;;;
17;;Dashboard Giám sát tổng hợp theo sàn UPCOM -Tổng hợp chỉ tiêu tài chính & thống kê ngành;ROE - so sánh thay đổi cùng kỳ năm trước;"ROE = (LNST/VCSH bình quân) * 100%
VCSH bình quân = (VCSH đầu kỳ + VCSH cuối kỳ)/2";Dashboard;Chỉ tiêu phái sinh;TB;Ngày, Sàn;IDS - GSĐC;;X;;Done;;"IDS.data (d),
IDS.report_catalog (rc),
IDS.company_data (cd),
IDS.company_detail (cdet)";cdet.equity_listing_exch, (ROE_ky_nay - ROE_cung_ky) / ROE_cung_ky * 100;"Chỉ tiêu phái sinh
= (Kỳ này - Cùng kỳ năm trước) / Cùng kỳ năm trước × 100%
AND cdet.equity_listing_exch = 'UPCOM'
GROUP BY cdet.equity_listing_exch";"-- Chỉ tiêu phái sinh
-- = (Chỉ tiêu kỳ này - Chỉ tiêu cùng kỳ năm trước) / Chỉ tiêu cùng kỳ năm trước * 100%
-- Tính bằng cách chạy SQL tương ứng với :year và :year-1
SELECT ROUND((ky_nay.gia_tri - ck_truoc.gia_tri)
/ NULLIF(ck_truoc.gia_tri, 0) * 100, 2) AS thay_doi_pct
FROM (<SQL , :year=N>) ky_nay
CROSS JOIN (<SQL , :year=N-1>) ck_truoc";;;;
17;;Dashboard Giám sát tổng hợp theo sàn UPCOM -Tổng hợp chỉ tiêu tài chính & thống kê ngành;Hàng Tồn Kho - so sánh thay đổi cùng kỳ năm trước;Σ Giá trị hàng tồn kho của tất cả DN trên sàn;Dashboard;Chỉ tiêu phái sinh;TB;Ngày, Sàn;IDS - GSĐC;;X;;Done;;"IDS.data (d),
IDS.report_catalog (rc),
IDS.company_data (cd),
IDS.company_detail (cdet)";cdet.equity_listing_exch, (Hàng Tồn Kho_ky_nay - Hàng Tồn Kho_cung_ky) / Hàng Tồn Kho_cung_ky * 100;"Chỉ tiêu phái sinh
= (Kỳ này - Cùng kỳ năm trước) / Cùng kỳ năm trước × 100%
AND cdet.equity_listing_exch = 'UPCOM'
GROUP BY cdet.equity_listing_exch";"-- Chỉ tiêu phái sinh
-- = (Chỉ tiêu kỳ này - Chỉ tiêu cùng kỳ năm trước) / Chỉ tiêu cùng kỳ năm trước * 100%
-- Tính bằng cách chạy SQL tương ứng với :year và :year-1
SELECT ROUND((ky_nay.gia_tri - ck_truoc.gia_tri)
/ NULLIF(ck_truoc.gia_tri, 0) * 100, 2) AS thay_doi_pct
FROM (<SQL, :year=N>) ky_nay
CROSS JOIN (<SQL, :year=N-1>) ck_truoc";;;;
17;;Dashboard Giám sát tổng hợp theo sàn UPCOM -Tổng hợp chỉ tiêu tài chính & thống kê ngành;Doanh thu - so sánh thay đổi cùng kỳ năm trước;Σ Doanh thu của tất cả DN trên sàn;Dashboard;Chỉ tiêu phái sinh;TB;Ngày, Sàn;IDS - GSĐC;;X;;Done;;"IDS.data (d),
IDS.report_catalog (rc),
IDS.company_data (cd),
IDS.company_detail (cdet)";cdet.equity_listing_exch, (Doanh thu_ky_nay - Doanh thu_cung_ky) / Doanh thu_cung_ky * 100;"Chỉ tiêu phái sinh
= (Kỳ này - Cùng kỳ năm trước) / Cùng kỳ năm trước × 100%
AND cdet.equity_listing_exch = 'UPCOM'
GROUP BY cdet.equity_listing_exch";"-- Chỉ tiêu phái sinh
-- = (Chỉ tiêu kỳ này - Chỉ tiêu cùng kỳ năm trước) / Chỉ tiêu cùng kỳ năm trước * 100%
-- Tính bằng cách chạy SQL tương ứng với :year và :year-1
SELECT ROUND((ky_nay.gia_tri - ck_truoc.gia_tri)
/ NULLIF(ck_truoc.gia_tri, 0) * 100, 2) AS thay_doi_pct
FROM (<SQL , :year=N>) ky_nay
CROSS JOIN (<SQL , :year=N-1>) ck_truoc";;;;
17;;Dashboard Giám sát tổng hợp theo sàn UPCOM -Tổng hợp chỉ tiêu tài chính & thống kê ngành;Lợi nhuận dồn tích (YTD) - so sánh thay đổi cùng kỳ năm trước;Σ LNST của tất cả DN trên sàn từ đầu năm đến kỳ báo cáo;Dashboard;Chỉ tiêu phái sinh;TB;Ngày, Sàn;IDS - GSĐC;;X;;Done;;"IDS.data (d),
IDS.report_catalog (rc),
IDS.company_data (cd),
IDS.company_detail (cdet)";cdet.equity_listing_exch, (Lợi nhuận dồn tích YTD_ky_nay - Lợi nhuận dồn tích YTD_cung_ky) / Lợi nhuận dồn tích YTD_cung_ky * 100;"Chỉ tiêu phái sinh
= (Kỳ này - Cùng kỳ năm trước) / Cùng kỳ năm trước × 100%
AND cdet.equity_listing_exch = 'UPCOM'
GROUP BY cdet.equity_listing_exch";"-- Chỉ tiêu phái sinh
-- = (Chỉ tiêu kỳ này - Chỉ tiêu cùng kỳ năm trước) / Chỉ tiêu cùng kỳ năm trước * 100%
-- Tính bằng cách chạy SQL tương ứng với :year và :year-1
SELECT ROUND((ky_nay.gia_tri - ck_truoc.gia_tri)
/ NULLIF(ck_truoc.gia_tri, 0) * 100, 2) AS thay_doi_pct
FROM (<SQL , :year=N>) ky_nay
CROSS JOIN (<SQL , :year=N-1>) ck_truoc";;;;
17;;Dashboard Giám sát tổng hợp theo sàn UPCOM -Tổng hợp chỉ tiêu tài chính & thống kê ngành;Phải thu - so sánh thay đổi cùng kỳ năm trước;Tổng phải thu = Phải thu ngắn hạn + Phải thu dài hạn;Dashboard;Chỉ tiêu phái sinh;TB;Ngày, Sàn;IDS - GSĐC;;X;;Done;;"IDS.data (d),
IDS.report_catalog (rc),
IDS.company_data (cd),
IDS.company_detail (cdet)";cdet.equity_listing_exch, (Phải thu_ky_nay - Phải thu_cung_ky) / Phải thu_cung_ky * 100;"Chỉ tiêu phái sinh
= (Kỳ này - Cùng kỳ năm trước) / Cùng kỳ năm trước × 100%
AND cdet.equity_listing_exch = 'UPCOM'
GROUP BY cdet.equity_listing_exch";"-- Chỉ tiêu phái sinh
-- = (Chỉ tiêu kỳ này - Chỉ tiêu cùng kỳ năm trước) / Chỉ tiêu cùng kỳ năm trước * 100%
-- Tính bằng cách chạy SQL tương ứng với :year và :year-1
SELECT ROUND((ky_nay.gia_tri - ck_truoc.gia_tri)
/ NULLIF(ck_truoc.gia_tri, 0) * 100, 2) AS thay_doi_pct
FROM (<SQL, :year=N>) ky_nay
CROSS JOIN (<SQL , :year=N-1>) ck_truoc";;;;
17;;Dashboard Giám sát tổng hợp theo sàn UPCOM -Tổng hợp chỉ tiêu tài chính & thống kê ngành;Tiền và tương đương tiền - so sánh thay đổi cùng kỳ năm trước;Tiền và tương đương tiền = Tiền mặt + Tiền gửi ngân hàng + Các khoản tương đương tiền;Dashboard;Chỉ tiêu phái sinh;TB;Ngày, Sàn;IDS - GSĐC;;X;;Done;;"IDS.data (d),
IDS.report_catalog (rc),
IDS.company_data (cd),
IDS.company_detail (cdet)";cdet.equity_listing_exch, (Tiền và tương đương tiền_ky_nay - Tiền và tương đương tiền_cung_ky) / Tiền và tương đương tiền_cung_ky * 100;"Chỉ tiêu phái sinh
= (Kỳ này - Cùng kỳ năm trước) / Cùng kỳ năm trước × 100%
AND cdet.equity_listing_exch = 'UPCOM'
GROUP BY cdet.equity_listing_exch";"-- Chỉ tiêu phái sinh
-- = (Chỉ tiêu kỳ này - Chỉ tiêu cùng kỳ năm trước) / Chỉ tiêu cùng kỳ năm trước * 100%
-- Tính bằng cách chạy SQL tương ứng với :year và :year-1
SELECT ROUND((ky_nay.gia_tri - ck_truoc.gia_tri)
/ NULLIF(ck_truoc.gia_tri, 0) * 100, 2) AS thay_doi_pct
FROM (<SQL , :year=N>) ky_nay
CROSS JOIN (<SQL , :year=N-1>) ck_truoc";;;;
17;;Dashboard Giám sát tổng hợp theo sàn UPCOM -Tổng hợp chỉ tiêu tài chính & thống kê ngành;Nợ/ Vốn CSH - so sánh thay đổi cùng kỳ năm trước;Tỷ lệ Nợ / Vốn chủ sở hữu = Tổng nợ phải trả / Vốn chủ sở hữu;Dashboard;Chỉ tiêu phái sinh;TB;Ngày, Sàn;IDS - GSĐC;;X;;Done;;"IDS.data (d),
IDS.report_catalog (rc),
IDS.company_data (cd),
IDS.company_detail (cdet)";cdet.equity_listing_exch, (Nợ/Vốn CSH_ky_nay - Nợ/Vốn CSH_cung_ky) / Nợ/Vốn CSH_cung_ky * 100;"Chỉ tiêu phái sinh
= (Kỳ này - Cùng kỳ năm trước) / Cùng kỳ năm trước × 100%
AND cdet.equity_listing_exch = 'UPCOM'
GROUP BY cdet.equity_listing_exch";"-- Chỉ tiêu phái sinh
-- = (Chỉ tiêu kỳ này - Chỉ tiêu cùng kỳ năm trước) / Chỉ tiêu cùng kỳ năm trước * 100%
-- Tính bằng cách chạy SQL tương ứng với :year và :year-1
SELECT ROUND((ky_nay.gia_tri - ck_truoc.gia_tri)
/ NULLIF(ck_truoc.gia_tri, 0) * 100, 2) AS thay_doi_pct
FROM (<SQL, :year=N>) ky_nay
CROSS JOIN (<SQL, :year=N-1>) ck_truoc";;;;
17;;Dashboard Giám sát tổng hợp theo sàn UPCOM -Tổng hợp chỉ tiêu tài chính & thống kê ngành;Ngành;Phân loại ngành lấy từ IDS;Dashboard;Chiều;Trùng;Ngày, Sàn, Ngành;IDS - GSĐC;;;;Done;;Đã thực hiện ở dòng 88;;;;;;;
17;;Dashboard Giám sát tổng hợp theo sàn UPCOM -Tổng hợp chỉ tiêu tài chính & thống kê ngành;Tổng tài sản - theo ngành;Σ Tổng tài sản của tất cả DN trên sàn;Dashboard;Chỉ tiêu cơ sở;TB;Ngày, Sàn, Ngành;IDS - GSĐC;x;X;;Done;;"IDS.data (d),
IDS.report_catalog (rc),
IDS.company_data (cd),
IDS.company_detail (cdet)";cdet.equity_listing_exch, cdet.category_l1_id, SUM(d.data_value) AS tong_tai_san;"rc2.col_desc = '1'
AND rc.report_cd LIKE 'BCDKT%'
AND ((rc.enterprise_type_cd='dn' AND rr.row_desc='270')
OR (rc.enterprise_type_cd='bh' AND rr.row_desc='270')
OR (rc.enterprise_type_cd='td' AND rr.row_desc='300'))
AND cdet.equity_listing_exch = 'UPCOM' 
GROUP BY cdet.category_l1_id, cdet.equity_listing_exch";"SELECT cdet.category_l1_id, cdet.equity_listing_exch, SUM(d.data_value) AS tong_tai_san
FROM IDS.data d
JOIN IDS.report_catalog rc ON d.report_catalog_id=rc.id
JOIN IDS.rrow rr ON rr.row_cd = d.row_cd AND rr.report_catalog_id = d.report_catalog_id
JOIN IDS.rcol rc2 ON rc2.col_cd = d.col_cd AND rc2.report_catalog_id = d.report_catalog_id
JOIN IDS.company_data cd ON d.company_data_id=cd.id
JOIN IDS.company_detail cdet ON cdet.company_profile_id=cd.company_profile_id
WHERE rc2.col_desc = '1'
AND rc.report_cd LIKE 'BCDKT%'
AND cd.report_year=:year AND cd.report_quarter=:quarter
AND ((rc.enterprise_type_cd='dn' AND rr.row_desc IN ('270'))
OR (rc.enterprise_type_cd='bh' AND rr.row_desc IN ('270'))
OR (rc.enterprise_type_cd='td' AND rr.row_desc IN ('300')))
AND cdet.equity_listing_exch = 'UPCOM' 
GROUP BY cdet.category_l1_id, cdet.equity_listing_exch";;;;
17;;Dashboard Giám sát tổng hợp theo sàn UPCOM -Tổng hợp chỉ tiêu tài chính & thống kê ngành;Nợ Phải Trả - theo ngành;Σ Nợ Phải Trả của tất cả DN trên sàn;Dashboard;Chỉ tiêu cơ sở;TB;Ngày, Sàn, Ngành;IDS - GSĐC;x;X;;Done;;"IDS.data (d),
IDS.report_catalog (rc),
IDS.company_data (cd),
IDS.company_detail (cdet)";cdet.equity_listing_exch, cdet.category_l1_id, SUM(d.data_value) AS no_phai_tra;"rc2.col_desc = '1'
AND rc.report_cd LIKE 'BCDKT%'
AND ((rc.enterprise_type_cd='dn' AND rr.row_desc='300')
OR (rc.enterprise_type_cd='bh' AND rr.row_desc='300')
OR (rc.enterprise_type_cd='td' AND rr.row_desc='400'))
AND cdet.equity_listing_exch = 'UPCOM' 
GROUP BY cdet.category_l1_id, cdet.equity_listing_exch";"SELECT cdet.category_l1_id, cdet.equity_listing_exch, SUM(d.data_value) AS no_phai_tra
FROM IDS.data d
JOIN IDS.report_catalog rc ON d.report_catalog_id=rc.id
JOIN IDS.rrow rr ON rr.row_cd = d.row_cd AND rr.report_catalog_id = d.report_catalog_id
JOIN IDS.rcol rc2 ON rc2.col_cd = d.col_cd AND rc2.report_catalog_id = d.report_catalog_id
JOIN IDS.company_data cd ON d.company_data_id=cd.id
JOIN IDS.company_detail cdet ON cdet.company_profile_id=cd.company_profile_id
WHERE rc2.col_desc = '1'
AND rc.report_cd LIKE 'BCDKT%'
AND cd.report_year=:year AND cd.report_quarter=:quarter
AND ((rc.enterprise_type_cd='dn' AND rr.row_desc IN ('300'))
OR (rc.enterprise_type_cd='bh' AND rr.row_desc IN ('300'))
OR (rc.enterprise_type_cd='td' AND rr.row_desc IN ('400')))
AND cdet.equity_listing_exch = 'UPCOM' 
GROUP BY cdet.category_l1_id, cdet.equity_listing_exch";;;;
17;;Dashboard Giám sát tổng hợp theo sàn UPCOM -Tổng hợp chỉ tiêu tài chính & thống kê ngành;Vốn CSH - theo ngành;Σ VCSH của tất cả các DN trên sàn;Dashboard;Chỉ tiêu cơ sở;TB;Ngày, Sàn, Ngành;IDS - GSĐC;x;X;;Done;;"IDS.data (d),
IDS.report_catalog (rc),
IDS.company_data (cd),
IDS.company_detail (cdet)";cdet.equity_listing_exch, cdet.category_l1_id, SUM(d.data_value) AS vcsh;"rc2.col_desc = '1'
AND rc.report_cd LIKE 'BCDKT%'
AND ((rc.enterprise_type_cd='dn' AND rr.row_desc='400')
OR (rc.enterprise_type_cd='bh' AND rr.row_desc='400')
OR (rc.enterprise_type_cd='td' AND rr.row_desc='500'))
AND cdet.equity_listing_exch = 'UPCOM' 
GROUP BY cdet.category_l1_id, cdet.equity_listing_exch";"SELECT cdet.category_l1_id, cdet.equity_listing_exch, SUM(d.data_value) AS vcsh
FROM IDS.data d
JOIN IDS.report_catalog rc ON d.report_catalog_id=rc.id
JOIN IDS.rrow rr ON rr.row_cd = d.row_cd AND rr.report_catalog_id = d.report_catalog_id
JOIN IDS.rcol rc2 ON rc2.col_cd = d.col_cd AND rc2.report_catalog_id = d.report_catalog_id
JOIN IDS.company_data cd ON d.company_data_id=cd.id
JOIN IDS.company_detail cdet ON cdet.company_profile_id=cd.company_profile_id
WHERE rc2.col_desc = '1'
AND rc.report_cd LIKE 'BCDKT%'
AND cd.report_year=:year AND cd.report_quarter=:quarter
AND ((rc.enterprise_type_cd='dn' AND rr.row_desc IN ('400'))
OR (rc.enterprise_type_cd='bh' AND rr.row_desc IN ('400'))
OR (rc.enterprise_type_cd='td' AND rr.row_desc IN ('500')))
AND cdet.equity_listing_exch = 'UPCOM' 
GROUP BY cdet.category_l1_id, cdet.equity_listing_exch";;;;
17;;Dashboard Giám sát tổng hợp theo sàn UPCOM -Tổng hợp chỉ tiêu tài chính & thống kê ngành;Vốn điều lệ - theo ngành;Σ Vốn điều lệ, Vốn góp của chủ sở hữu của tất cả DN trên sàn;Dashboard;Chỉ tiêu cơ sở;TB;Ngày, Sàn, Ngành;IDS - GSĐC;x;X;;Done;;"IDS.data (d),
IDS.report_catalog (rc),
IDS.company_data (cd),
IDS.company_detail (cdet)";cdet.equity_listing_exch, cdet.category_l1_id, SUM(d.data_value) AS von_dieu_le;"rc2.col_desc = '1'
AND rc.report_cd LIKE 'BCDKT%'
AND ((rc.enterprise_type_cd='dn' AND rr.row_desc='411')
OR (rc.enterprise_type_cd='bh' AND rr.row_desc='411')
OR (rc.enterprise_type_cd='td' AND rr.row_desc='411'))
AND cdet.equity_listing_exch = 'UPCOM' 
GROUP BY cdet.category_l1_id, cdet.equity_listing_exch";"SELECT cdet.category_l1_id, cdet.equity_listing_exch, SUM(d.data_value) AS von_dieu_le
FROM IDS.data d
JOIN IDS.report_catalog rc ON d.report_catalog_id=rc.id
JOIN IDS.rrow rr ON rr.row_cd = d.row_cd AND rr.report_catalog_id = d.report_catalog_id
JOIN IDS.rcol rc2 ON rc2.col_cd = d.col_cd AND rc2.report_catalog_id = d.report_catalog_id
JOIN IDS.company_data cd ON d.company_data_id=cd.id
JOIN IDS.company_detail cdet ON cdet.company_profile_id=cd.company_profile_id
WHERE rc2.col_desc = '1'
AND rc.report_cd LIKE 'BCDKT%'
AND cd.report_year=:year AND cd.report_quarter=:quarter
AND ((rc.enterprise_type_cd='dn' AND rr.row_desc IN ('411'))
OR (rc.enterprise_type_cd='bh' AND rr.row_desc IN ('411'))
OR (rc.enterprise_type_cd='td' AND rr.row_desc IN ('411')))
AND cdet.equity_listing_exch = 'UPCOM' 
GROUP BY cdet.category_l1_id, cdet.equity_listing_exch";;;;
17;;Dashboard Giám sát tổng hợp theo sàn UPCOM -Tổng hợp chỉ tiêu tài chính & thống kê ngành;Lợi nhuận sau thuế - theo ngành;Σ Lợi nhuận sau thuế của tất cả DN trên sàn;Dashboard;Chỉ tiêu cơ sở;TB;Ngày, Sàn, Ngành;IDS - GSĐC;x;X;;Done;;"IDS.data (d),
IDS.report_catalog (rc),
IDS.company_data (cd),
IDS.company_detail (cdet)";cdet.equity_listing_exch, cdet.category_l1_id, SUM(d.data_value) AS lnst;"rc2.col_desc = '1'
AND rc.report_cd LIKE 'BCKQKD%'
AND ((rc.enterprise_type_cd='dn' AND rr.row_desc='60')
OR (rc.enterprise_type_cd='bh' AND rr.row_desc='60')
OR (rc.enterprise_type_cd='td' AND rr.row_desc='21'))
AND cdet.equity_listing_exch = 'UPCOM' 
GROUP BY cdet.category_l1_id, cdet.equity_listing_exch";"SELECT cdet.category_l1_id, cdet.equity_listing_exch, SUM(d.data_value) AS lnst
FROM IDS.data d
JOIN IDS.report_catalog rc ON d.report_catalog_id=rc.id
JOIN IDS.rrow rr ON rr.row_cd = d.row_cd AND rr.report_catalog_id = d.report_catalog_id
JOIN IDS.rcol rc2 ON rc2.col_cd = d.col_cd AND rc2.report_catalog_id = d.report_catalog_id
JOIN IDS.company_data cd ON d.company_data_id=cd.id
JOIN IDS.company_detail cdet ON cdet.company_profile_id=cd.company_profile_id
WHERE rc2.col_desc = '1'
AND rc.report_cd LIKE 'BCKQKD%'
AND cd.report_year=:year AND cd.report_quarter=:quarter
AND ((rc.enterprise_type_cd='dn' AND rr.row_desc IN ('60'))
OR (rc.enterprise_type_cd='bh' AND rr.row_desc IN ('60'))
OR (rc.enterprise_type_cd='td' AND rr.row_desc IN ('21')))
AND cdet.equity_listing_exch = 'UPCOM' 
GROUP BY cdet.category_l1_id, cdet.equity_listing_exch";;;;
17;;Dashboard Giám sát tổng hợp theo sàn UPCOM -Tổng hợp chỉ tiêu tài chính & thống kê ngành;ROA - theo ngành;"ROE = (LNST/Tổng tài sản bình quân) * 100%
Tổng tài sản bình quân = (Tổng tài sản đầu kỳ + Tổng tài sản cuối kỳ)/2";Dashboard;Chỉ tiêu cơ sở;TB;Ngày, Sàn, Ngành;IDS - GSĐC;x;X;;Done;;"IDS.data (d),
IDS.report_catalog (rc),
IDS.company_data (cd),
IDS.company_detail (cdet)";cdet.equity_listing_exch, cdet.category_l1_id, SUM(lnst) / SUM(TSBQ) * 100 AS roa_pct;"Chỉ tiêu phái sinh
= LNST / TSBQ * 100%
AND cdet.equity_listing_exch = 'UPCOM' 
GROUP BY cdet.category_l1_id, cdet.equity_listing_exch";"-- ROA = LNST / Tổng tài sản bình quân * 100%
-- TSBQ = (TS đầu kỳ + TS cuối kỳ) / 2
WITH ts_bq AS (
SELECT cd.company_profile_id,
SUM(CASE WHEN rc2.col_desc = '2' THEN d.data_value ELSE 0 END) AS ts_dau,
SUM(CASE WHEN rc2.col_desc = '1' THEN d.data_value ELSE 0 END) AS ts_cuoi
FROM IDS.data d
JOIN IDS.report_catalog rc ON d.report_catalog_id=rc.id
JOIN IDS.rrow rr ON rr.row_cd = d.row_cd AND rr.report_catalog_id = d.report_catalog_id
JOIN IDS.rcol rc2 ON rc2.col_cd = d.col_cd AND rc2.report_catalog_id = d.report_catalog_id
JOIN IDS.company_data cd ON d.company_data_id=cd.id
WHERE cd.report_year=:year AND cd.report_quarter=:quarter
AND rc.report_cd LIKE 'BCDKT%'
AND ((rc.enterprise_type_cd='dn' AND rr.row_desc='270')
OR (rc.enterprise_type_cd='bh' AND rr.row_desc='270')
OR (rc.enterprise_type_cd='td' AND rr.row_desc='300'))
GROUP BY cd.company_profile_id
), lnst AS (
SELECT cd.company_profile_id, SUM(d.data_value) AS lnst
FROM IDS.data d
JOIN IDS.report_catalog rc ON d.report_catalog_id=rc.id
JOIN IDS.company_data cd ON d.company_data_id=cd.id
WHERE rc2.col_desc = '1'
AND rc.report_cd LIKE 'BCKQKD%' AND cd.report_year=:year AND cd.report_quarter=:quarter
AND ((rc.enterprise_type_cd='dn' AND rr.row_desc='60')
OR (rc.enterprise_type_cd='bh' AND rr.row_desc='60')
OR (rc.enterprise_type_cd='td' AND rr.row_desc='21'))
GROUP BY cd.company_profile_id
)
SELECT cdet.category_l1_id, cdet.equity_listing_exch, SUM(l.lnst) / NULLIF(SUM(
CASE WHEN t.ts_dau IS NULL THEN t.ts_cuoi
WHEN t.ts_cuoi IS NULL THEN t.ts_dau
ELSE (t.ts_dau+t.ts_cuoi)/2 END),0)*100 AS roa_pct
FROM ts_bq t JOIN lnst l ON l.company_profile_id=t.company_profile_id
JOIN IDS.company_detail cdet ON cdet.company_profile_id=t.company_profile_id
AND cdet.equity_listing_exch = 'UPCOM' 
GROUP BY cdet.category_l1_id, cdet.equity_listing_exch";;;;
17;;Dashboard Giám sát tổng hợp theo sàn UPCOM -Tổng hợp chỉ tiêu tài chính & thống kê ngành;ROE - theo ngành;"ROE = (LNST/VCSH bình quân) * 100%
VCSH bình quân = (VCSH đầu kỳ + VCSH cuối kỳ)/2";Dashboard;Chỉ tiêu cơ sở;TB;Ngày, Sàn, Ngành;IDS - GSĐC;x;X;;Done;;"IDS.data (d),
IDS.report_catalog (rc),
IDS.company_data (cd),
IDS.company_detail (cdet)";cdet.equity_listing_exch, cdet.category_l1_id, SUM(lnst) / SUM(VCSHBQ) * 100 AS roe_pct;"Chỉ tiêu phái sinh
= LNST / VCSHBQ * 100%
AND cdet.equity_listing_exch = 'UPCOM' 
GROUP BY cdet.category_l1_id, cdet.equity_listing_exch";"-- ROA = LNST / VCSH bình quân * 100%
-- VCSHBQ = (TS đầu kỳ + TS cuối kỳ) / 2
WITH ts_bq AS (
SELECT cd.company_profile_id,
SUM(CASE WHEN rc2.col_desc = '2' THEN d.data_value ELSE 0 END) AS vcsh_dau,
SUM(CASE WHEN rc2.col_desc = '1' THEN d.data_value ELSE 0 END) AS vcsh_cuoi
FROM IDS.data d
JOIN IDS.report_catalog rc ON d.report_catalog_id=rc.id
JOIN IDS.rrow rr ON rr.row_cd = d.row_cd AND rr.report_catalog_id = d.report_catalog_id
JOIN IDS.rcol rc2 ON rc2.col_cd = d.col_cd AND rc2.report_catalog_id = d.report_catalog_id
JOIN IDS.company_data cd ON d.company_data_id=cd.id
WHERE cd.report_year=:year AND cd.report_quarter=:quarter
AND rc.report_cd LIKE 'BCDKT%'
AND ((rc.enterprise_type_cd='dn' AND rr.row_desc='400')
OR (rc.enterprise_type_cd='bh' AND rr.row_desc='D')
OR (rc.enterprise_type_cd='td' AND rr.row_desc='500'))
GROUP BY cd.company_profile_id
), lnst AS (
SELECT cd.company_profile_id, SUM(d.data_value) AS lnst
FROM IDS.data d
JOIN IDS.report_catalog rc ON d.report_catalog_id=rc.id
JOIN IDS.company_data cd ON d.company_data_id=cd.id
WHERE rc2.col_desc = '1'
AND rc.report_cd LIKE 'BCKQKD%' AND cd.report_year=:year AND cd.report_quarter=:quarter
AND ((rc.enterprise_type_cd='dn' AND rr.row_desc='60')
OR (rc.enterprise_type_cd='bh' AND rr.row_desc='60')
OR (rc.enterprise_type_cd='td' AND rr.row_desc='21'))
GROUP BY cd.company_profile_id
)
SELECT cdet.category_l1_id, cdet.equity_listing_exch, SUM(l.lnst) / NULLIF(SUM(
CASE WHEN t.vcsh_dau IS NULL THEN t.vcsh_cuoi
WHEN t.vcsh_cuoi IS NULL THEN t.vcsh_dau
ELSE (t.vcsh_dau+t.vcsh_cuoi)/2 END),0)*100 AS roe_pct
FROM ts_bq t JOIN lnst l ON l.company_profile_id=t.company_profile_id
JOIN IDS.company_detail cdet ON cdet.company_profile_id=t.company_profile_id
AND cdet.equity_listing_exch = 'UPCOM' 
GROUP BY cdet.category_l1_id, cdet.equity_listing_exch";;;;
17;;Dashboard Giám sát tổng hợp theo sàn UPCOM -Tổng hợp chỉ tiêu tài chính & thống kê ngành;Hàng Tồn Kho - theo ngành;Σ Giá trị hàng tồn kho của tất cả DN trên sàn;Dashboard;Chỉ tiêu cơ sở;TB;Ngày, Sàn, Ngành;IDS - GSĐC;x;X;;Done;;"IDS.data (d),
IDS.report_catalog (rc),
IDS.company_data (cd),
IDS.company_detail (cdet)";cdet.equity_listing_exch, cdet.category_l1_id, SUM(d.data_value) AS hang_ton_kho;"rc2.col_desc = '1'
AND rc.report_cd LIKE 'BCDKT%'
AND ((rc.enterprise_type_cd='dn' AND rr.row_desc='140')
OR (rc.enterprise_type_cd='bh' AND rr.row_desc='140'))
AND cdet.equity_listing_exch = 'UPCOM' 
GROUP BY cdet.category_l1_id, cdet.equity_listing_exch";"SELECT cdet.category_l1_id, cdet.equity_listing_exch, SUM(d.data_value) AS hang_ton_kho
FROM IDS.data d
JOIN IDS.report_catalog rc ON d.report_catalog_id=rc.id
JOIN IDS.rrow rr ON rr.row_cd = d.row_cd AND rr.report_catalog_id = d.report_catalog_id
JOIN IDS.rcol rc2 ON rc2.col_cd = d.col_cd AND rc2.report_catalog_id = d.report_catalog_id
JOIN IDS.company_data cd ON d.company_data_id=cd.id
JOIN IDS.company_detail cdet ON cdet.company_profile_id=cd.company_profile_id
WHERE rc2.col_desc = '1'
AND rc.report_cd LIKE 'BCDKT%'
AND cd.report_year=:year AND cd.report_quarter=:quarter
AND ((rc.enterprise_type_cd='dn' AND rr.row_desc='140')
OR (rc.enterprise_type_cd='bh' AND rr.row_desc='140'))
AND cdet.equity_listing_exch = 'UPCOM' 
GROUP BY cdet.category_l1_id, cdet.equity_listing_exch";;;;
17;;Dashboard Giám sát tổng hợp theo sàn UPCOM -Tổng hợp chỉ tiêu tài chính & thống kê ngành;Doanh thu - theo ngành;Σ Doanh thu của tất cả DN trên sàn;Dashboard;Chỉ tiêu cơ sở;TB;Ngày, Sàn, Ngành;IDS - GSĐC;x;X;;Done;;"IDS.data (d),
IDS.report_catalog (rc),
IDS.company_data (cd),
IDS.company_detail (cdet)";cdet.equity_listing_exch, cdet.category_l1_id, SUM(d.data_value) AS doanh_thu;"rc2.col_desc = '1'
AND rc.report_cd LIKE 'BCKQKD%'
AND ((rc.enterprise_type_cd='dn' AND rr.row_desc='10')
OR (rc.enterprise_type_cd='bh' AND rr.row_desc='10')
OR (rc.enterprise_type_cd='td' AND rr.row_desc='03'))
AND cdet.equity_listing_exch = 'UPCOM' 
GROUP BY cdet.category_l1_id, cdet.equity_listing_exch";"SELECT cdet.category_l1_id, cdet.equity_listing_exch, SUM(d.data_value) AS doanh_thu
FROM IDS.data d
JOIN IDS.report_catalog rc ON d.report_catalog_id=rc.id
JOIN IDS.rrow rr ON rr.row_cd = d.row_cd AND rr.report_catalog_id = d.report_catalog_id
JOIN IDS.rcol rc2 ON rc2.col_cd = d.col_cd AND rc2.report_catalog_id = d.report_catalog_id
JOIN IDS.company_data cd ON d.company_data_id=cd.id
JOIN IDS.company_detail cdet ON cdet.company_profile_id=cd.company_profile_id
WHERE rc2.col_desc = '1'
AND rc.report_cd LIKE 'BCKQKD%'
AND cd.report_year=:year AND cd.report_quarter=:quarter
AND ((rc.enterprise_type_cd='dn' AND rr.row_desc IN ('10'))
OR (rc.enterprise_type_cd='bh' AND rr.row_desc IN ('10'))
OR (rc.enterprise_type_cd='td' AND rr.row_desc IN ('03')))
AND cdet.equity_listing_exch = 'UPCOM' 
GROUP BY cdet.category_l1_id, cdet.equity_listing_exch";;;;
17;;Dashboard Giám sát tổng hợp theo sàn UPCOM -Tổng hợp chỉ tiêu tài chính & thống kê ngành;Lợi nhuận dồn tích (YTD) - theo ngành;Σ LNST của tất cả DN trên sàn từ đầu năm đến kỳ báo cáo;Dashboard;Chỉ tiêu cơ sở;TB;Ngày, Sàn, Ngành;IDS - GSĐC;x;X;;Done;;"IDS.data (d),
IDS.report_catalog (rc),
IDS.company_data (cd),
IDS.company_detail (cdet)";cdet.equity_listing_exch, cdet.category_l1_id, SUM(d.data_value) AS lnst_ytd;"rc2.col_desc = '1'
AND rc.report_cd LIKE 'BCDKT%'
AND cd.report_year=:year AND cd.report_quarter=:quarter
AND ((rc.enterprise_type_cd='dn' AND rr.row_desc='421')
OR (rc.enterprise_type_cd='bh' AND rr.row_desc='421'))
AND cdet.equity_listing_exch = 'UPCOM' 
GROUP BY cdet.category_l1_id, cdet.equity_listing_exch";"SELECT cdet.category_l1_id, cdet.equity_listing_exch, SUM(d.data_value) AS lnst_ytd
FROM IDS.data d
JOIN IDS.report_catalog rc ON d.report_catalog_id=rc.id
JOIN IDS.rrow rr ON rr.row_cd = d.row_cd AND rr.report_catalog_id = d.report_catalog_id
JOIN IDS.rcol rc2 ON rc2.col_cd = d.col_cd AND rc2.report_catalog_id = d.report_catalog_id
JOIN IDS.company_data cd ON d.company_data_id=cd.id
JOIN IDS.company_detail cdet ON cdet.company_profile_id=cd.company_profile_id
WHERE rc2.col_desc = '1'
AND rc.report_cd LIKE 'BCDKT%'
AND cd.report_year=:year AND cd.report_quarter=:quarter
AND ((rc.enterprise_type_cd='dn' AND rr.row_desc='421')
OR (rc.enterprise_type_cd='bh' AND rr.row_desc='421'))
AND cdet.equity_listing_exch = 'UPCOM' 
GROUP BY cdet.category_l1_id, cdet.equity_listing_exch";;;;
17;;Dashboard Giám sát tổng hợp theo sàn UPCOM -Tổng hợp chỉ tiêu tài chính & thống kê ngành;Phải thu - theo ngành;Tổng phải thu = Phải thu ngắn hạn + Phải thu dài hạn;Dashboard;Chỉ tiêu cơ sở;TB;Ngày, Sàn, Ngành;IDS - GSĐC;x;X;;Done;;"IDS.data (d),
IDS.report_catalog (rc),
IDS.company_data (cd),
IDS.company_detail (cdet)";cdet.equity_listing_exch, cdet.category_l1_id, SUM(d.data_value) AS phai_thu;"rc2.col_desc = '1'
AND rc.report_cd LIKE 'BCDKT%'
AND cd.report_year=:year AND cd.report_quarter=:quarter
AND ((rc.enterprise_type_cd='dn' AND rr.row_desc IN ('130', '210'))
OR (rc.enterprise_type_cd='bh' AND rr.row_desc IN ('130', '210'))
OR (rc.enterprise_type_cd='td' AND rr.row_desc IN ('251'))
)
AND cdet.equity_listing_exch = 'UPCOM' 
GROUP BY cdet.category_l1_id, cdet.equity_listing_exch";"SELECT cdet.category_l1_id, cdet.equity_listing_exch, SUM(d.data_value) AS phai_thu
FROM IDS.data d
JOIN IDS.report_catalog rc ON d.report_catalog_id=rc.id
JOIN IDS.rrow rr ON rr.row_cd = d.row_cd AND rr.report_catalog_id = d.report_catalog_id
JOIN IDS.rcol rc2 ON rc2.col_cd = d.col_cd AND rc2.report_catalog_id = d.report_catalog_id
JOIN IDS.company_data cd ON d.company_data_id=cd.id
JOIN IDS.company_detail cdet ON cdet.company_profile_id=cd.company_profile_id
WHERE rc2.col_desc = '1'
AND rc.report_cd LIKE 'BCDKT%'
AND cd.report_year = :year AND cd.report_quarter = :quarter
AND ((rc.enterprise_type_cd='dn' AND rr.row_desc IN ('130','210'))
OR (rc.enterprise_type_cd='bh' AND rr.row_desc IN ('130','210'))
OR (rc.enterprise_type_cd='td' AND rr.row_desc IN ('251')))
AND cdet.equity_listing_exch = 'UPCOM' 
GROUP BY cdet.category_l1_id, cdet.equity_listing_exch";;;;
17;;Dashboard Giám sát tổng hợp theo sàn UPCOM -Tổng hợp chỉ tiêu tài chính & thống kê ngành;Tiền và tương đương tiền - theo ngành;Tiền và tương đương tiền = Tiền mặt + Tiền gửi ngân hàng + Các khoản tương đương tiền;Dashboard;Chỉ tiêu cơ sở;TB;Ngày, Sàn, Ngành;IDS - GSĐC;x;X;;Done;;"IDS.data (d),
IDS.report_catalog (rc),
IDS.company_data (cd),
IDS.company_detail (cdet)";cdet.equity_listing_exch, cdet.category_l1_id, SUM(d.data_value) AS tien_tuong_duong;"rc2.col_desc = '1'
AND rc.report_cd LIKE 'BCDKT%'
AND ((rc.enterprise_type_cd='dn' AND rr.row_desc='110')
OR (rc.enterprise_type_cd='bh' AND rr.row_desc='110')
OR (rc.enterprise_type_cd='td' AND rr.row_desc IN ('110','120')))
AND cdet.equity_listing_exch = 'UPCOM' 
GROUP BY cdet.category_l1_id, cdet.equity_listing_exch";"SELECT cdet.category_l1_id, cdet.equity_listing_exch, SUM(d.data_value) AS tien_tuong_duong
FROM IDS.data d
JOIN IDS.report_catalog rc ON d.report_catalog_id=rc.id
JOIN IDS.rrow rr ON rr.row_cd = d.row_cd AND rr.report_catalog_id = d.report_catalog_id
JOIN IDS.rcol rc2 ON rc2.col_cd = d.col_cd AND rc2.report_catalog_id = d.report_catalog_id
JOIN IDS.company_data cd ON d.company_data_id=cd.id
JOIN IDS.company_detail cdet ON cdet.company_profile_id=cd.company_profile_id
WHERE rc2.col_desc = '1'
AND rc.report_cd LIKE 'BCDKT%'
AND cd.report_year=:year AND cd.report_quarter=:quarter
AND ((rc.enterprise_type_cd='dn' AND rr.row_desc IN ('110'))
OR (rc.enterprise_type_cd='bh' AND rr.row_desc IN ('110'))
OR (rc.enterprise_type_cd='td' AND rr.row_desc IN ('110','120')))
AND cdet.equity_listing_exch = 'UPCOM' 
GROUP BY cdet.category_l1_id, cdet.equity_listing_exch";;;;
17;;Dashboard Giám sát tổng hợp theo sàn UPCOM -Tổng hợp chỉ tiêu tài chính & thống kê ngành;Nợ/Vốn chủ sở hữu - theo ngành;Tỷ lệ Nợ / Vốn chủ sở hữu = Tổng nợ phải trả / Vốn chủ sở hữu;Dashboard;Chỉ tiêu cơ sở;TB;Ngày, Sàn, Ngành;IDS - GSĐC;x;X;;Done;;"IDS.data (d),
IDS.report_catalog (rc),
IDS.company_data (cd),
IDS.company_detail (cdet)";cdet.equity_listing_exch, cdet.category_l1_id, SUM(no_phai_tra) / NULLIF(SUM(vcsh),0) AS ty_le_no_vcsh;"Chỉ tiêu phái sinh
= NPT / VCSH theo ngành
AND cdet.equity_listing_exch = 'UPCOM' 
GROUP BY cdet.category_l1_id, cdet.equity_listing_exch";"-- Chỉ tiêu phái sinh (tính từ các chỉ tiêu cơ sở)
-- Nợ/Vốn CSH = Tổng Nợ Phải Trả / VCSH 
AND cdet.equity_listing_exch = 'UPCOM' 
GROUP BY cdet.category_l1_id, cdet.equity_listing_exch";;;;
18;;Dashboard Giám sát tổng hợp theo sàn OTC - Thống kê niêm yết theo sàn;Ngày thống kê;Ngày thống kê (Năm/Quý);Dashboard;Chiều;Trùng;Ngày, Sàn;;;;;Done;;Tham số lọc (không map bảng);:year, :quarter;"Tham số đầu vào; xem row 58";-- Chiều thời gian: tham số người dùng chọn (giống mục 6);;;;
18;;Dashboard Giám sát tổng hợp theo sàn OTC - Thống kê niêm yết theo sàn;Sàn;;Dashboard;Chiều;Trùng;Ngày, Sàn;IDS - GSĐC;;;;Done;;IDS.lookup_values (lv);lv.lookup_cd AS san_niem_yet;lv.lookup_group = 'IDS_LISTING_TYPE';"-- Danh sách sàn niêm yết: HNX, HOSE, UPCOM, OTC
SELECT lv.lookup_cd AS san_niem_yet
FROM IDS.lookup_values lv
WHERE lv.lookup_group = 'IDS_LISTING_TYPE'";;;;
18;;Dashboard Giám sát tổng hợp theo sàn OTC - Thống kê niêm yết theo sàn;Số doanh nghiệp theo từng sàn;Đếm số lượng DN theo sàn niêm yết;Dashboard;Chỉ tiêu cơ sở;TB;Ngày, Sàn;IDS - GSĐC;x;X;;Done;;IDS.company_detail (cd);cd.equity_listing_exch, COUNT(DISTINCT cd.company_profile_id) AS so_luong_dn;"cd.ids_reg_date <= LAST_DAY(ADD_MONTHS(
TO_DATE(:p_year || '-01-01', 'YYYY-MM-DD'),
TO_NUMBER(SUBSTR(:p_quarter, 2, 1)) * 3 - 1))
AND cd.equity_listing_exch = 'OTC'
GROUP BY cd.equity_listing_exch
-- Đếm toàn bộ DN trên IDS (gồm niêm yết và chưa niêm yết)
-- Không lọc public_com_flg, không lọc status_ids_cd";"SELECT cd.equity_listing_exch, COUNT(DISTINCT cd.company_profile_id) AS so_luong_dn
FROM IDS.company_detail cd
WHERE cd.ids_reg_date <=
LAST_DAY(ADD_MONTHS(
TO_DATE(:p_year || '-01-01', 'YYYY-MM-DD'),
TO_NUMBER(SUBSTR(:p_quarter, 2, 1)) * 3 - 1))
AND cd.equity_listing_exch = 'OTC'
GROUP BY cd.equity_listing_exch";;;;
18;;Dashboard Giám sát tổng hợp theo sàn OTC - Thống kê niêm yết theo sàn;Tỷ lệ nộp BCTC theo từng sàn (quý);Là tỷ lệ % doanh nghiệp trên mỗi sàn giao dịch đã nộp báo cáo tài chính quý đúng kỳ báo cáo.;Dashboard;Chỉ tiêu phái sinh;TB;Ngày, Sàn;IDS - GSĐC;;X;;Done;;"IDS.company_data (a),
IDS.company_detail (cdet)";"cdet.equity_listing_exch, ROUND(
COUNT(CASE WHEN a.submission_date IS NOT NULL
AND a.submission_date <= a.submission_deadline_date
THEN 1 END)
/ NULLIF(COUNT(*), 0) * 100, 2) AS ty_le_nop_dung_han_pct";"a.report_year = :p_year
AND a.report_quarter = TO_NUMBER(SUBSTR(:p_quarter, 2, 1))
AND a.submission_deadline_date <= SYSDATE
AND cdet.equity_listing_exch = 'OTC'
GROUP BY cdet.equity_listing_exch";"SELECT cd.equity_listing_exch, 
ROUND(
COUNT(CASE WHEN a.submission_date IS NOT NULL
AND a.submission_date <= a.submission_deadline_date
THEN 1 END)
/ NULLIF(COUNT(*), 0) * 100, 2) AS ty_le_nop_dung_han_pct
FROM IDS.company_data a
JOIN IDS.company_detail cdet ON cdet.company_profile_id=a.company_profile_id
WHERE a.report_year = :p_year
AND a.report_quarter = TO_NUMBER(SUBSTR(:p_quarter, 2, 1))
AND a.submission_deadline_date <= SYSDATE
AND cdet.equity_listing_exch = 'OTC'
GROUP BY cdet.equity_listing_exch";;;;
18;;Dashboard Giám sát tổng hợp theo sàn OTC - Thống kê niêm yết theo sàn;Số DN báo lãi theo từng sàn;Đếm số doanh nghiệp có LNST > 0 trong kỳ báo cáo.;Dashboard;Chỉ tiêu cơ sở;TB;Ngày, Sàn;IDS - GSĐC;x;X;;Done;;"IDS.data (d),
IDS.report_catalog (rc),
IDS.company_data (cd),
IDS.company_detail (cdet)";cdet.equity_listing_exch, COUNT(DISTINCT d.company_profile_id) AS so_dn_bao_lai;"rc2.col_desc = '1'
AND rc.report_cd LIKE 'BCKQKD%'
AND d.data_value > 0
AND cd.report_year=:year AND cd.report_quarter=:quarter
AND ((rc.enterprise_type_cd='dn' AND rr.row_desc='60')
OR (rc.enterprise_type_cd='bh' AND rr.row_desc='60')
OR (rc.enterprise_type_cd='td' AND rr.row_desc='21'))
AND cdet.equity_listing_exch = 'OTC'
GROUP BY cdet.equity_listing_exch";"SELECT cd.equity_listing_exch, 
COUNT(DISTINCT d.company_profile_id) AS so_dn_bao_lai
FROM IDS.data d
JOIN IDS.report_catalog rc ON d.report_catalog_id=rc.id
JOIN IDS.rrow rr ON rr.row_cd = d.row_cd AND rr.report_catalog_id = d.report_catalog_id
JOIN IDS.rcol rc2 ON rc2.col_cd = d.col_cd AND rc2.report_catalog_id = d.report_catalog_id
JOIN IDS.company_data cd ON d.company_data_id=cd.id
JOIN IDS.company_detail cdet ON cdet.company_profile_id=cd.company_profile_id
WHERE rc2.col_desc = '1'
AND rc.report_cd LIKE 'BCKQKD%' AND d.data_value > 0
AND cd.report_year=:year AND cd.report_quarter=:quarter
AND ((rc.enterprise_type_cd='dn' AND rr.row_desc='60')
OR (rc.enterprise_type_cd='bh' AND rr.row_desc='60')
OR (rc.enterprise_type_cd='td' AND rr.row_desc='21'))
AND cdet.equity_listing_exch = 'OTC'
GROUP BY cdet.equity_listing_exch";;;;
19;;Dashboard Giám sát tổng hợp theo sàn OTC -Tổng hợp chỉ tiêu tài chính & thống kê ngành;Tổng tài sản;Σ Tổng tài sản của tất cả DN trên sàn;Dashboard;Chỉ tiêu cơ sở;Trùng;Ngày, Sàn;IDS - GSĐC;;X;;Done;;"IDS.data (d),
IDS.report_catalog (rc),
IDS.company_data (cd),
IDS.company_detail (cdet)";cdet.equity_listing_exch, SUM(d.data_value) AS tong_tai_san;"rc2.col_desc = '1'
AND rc.report_cd LIKE 'BCDKT%'
AND ((rc.enterprise_type_cd='dn' AND rr.row_desc='270')
OR (rc.enterprise_type_cd='bh' AND rr.row_desc='270')
OR (rc.enterprise_type_cd='td' AND rr.row_desc='300'))
AND cdet.equity_listing_exch = 'OTC'
GROUP BY cdet.equity_listing_exch";"SELECT cdet.equity_listing_exch, SUM(d.data_value) AS tong_tai_san
FROM IDS.data d
JOIN IDS.report_catalog rc ON d.report_catalog_id=rc.id
JOIN IDS.rrow rr ON rr.row_cd = d.row_cd AND rr.report_catalog_id = d.report_catalog_id
JOIN IDS.rcol rc2 ON rc2.col_cd = d.col_cd AND rc2.report_catalog_id = d.report_catalog_id
JOIN IDS.company_data cd ON d.company_data_id=cd.id
JOIN IDS.company_detail cdet ON cdet.company_profile_id=cd.company_profile_id
WHERE rc2.col_desc = '1'
AND rc.report_cd LIKE 'BCDKT%'
AND cd.report_year=:year AND cd.report_quarter=:quarter
AND ((rc.enterprise_type_cd='dn' AND rr.row_desc IN ('270'))
OR (rc.enterprise_type_cd='bh' AND rr.row_desc IN ('270'))
OR (rc.enterprise_type_cd='td' AND rr.row_desc IN ('300')))
AND cdet.equity_listing_exch = 'OTC'
GROUP BY cdet.equity_listing_exch";;;;
19;;Dashboard Giám sát tổng hợp theo sàn OTC -Tổng hợp chỉ tiêu tài chính & thống kê ngành;Nợ Phải Trả;Σ Nợ Phải Trả của tất cả DN trên sàn;Dashboard;Chỉ tiêu cơ sở;Trùng;Ngày, Sàn;IDS - GSĐC;;X;;Done;;"IDS.data (d),
IDS.report_catalog (rc),
IDS.company_data (cd),
IDS.company_detail (cdet)";cdet.equity_listing_exch, SUM(d.data_value) AS no_phai_tra;"rc2.col_desc = '1'
AND rc.report_cd LIKE 'BCDKT%'
AND ((rc.enterprise_type_cd='dn' AND rr.row_desc='300')
OR (rc.enterprise_type_cd='bh' AND rr.row_desc='300')
OR (rc.enterprise_type_cd='td' AND rr.row_desc='400'))
AND cdet.equity_listing_exch = 'OTC'
GROUP BY cdet.equity_listing_exch";"SELECT cdet.equity_listing_exch, SUM(d.data_value) AS no_phai_tra
FROM IDS.data d
JOIN IDS.report_catalog rc ON d.report_catalog_id=rc.id
JOIN IDS.rrow rr ON rr.row_cd = d.row_cd AND rr.report_catalog_id = d.report_catalog_id
JOIN IDS.rcol rc2 ON rc2.col_cd = d.col_cd AND rc2.report_catalog_id = d.report_catalog_id
JOIN IDS.company_data cd ON d.company_data_id=cd.id
JOIN IDS.company_detail cdet ON cdet.company_profile_id=cd.company_profile_id
WHERE rc2.col_desc = '1'
AND rc.report_cd LIKE 'BCDKT%'
AND cd.report_year=:year AND cd.report_quarter=:quarter
AND ((rc.enterprise_type_cd='dn' AND rr.row_desc IN ('300'))
OR (rc.enterprise_type_cd='bh' AND rr.row_desc IN ('300'))
OR (rc.enterprise_type_cd='td' AND rr.row_desc IN ('400')))
AND cdet.equity_listing_exch = 'OTC'
GROUP BY cdet.equity_listing_exch";;;;
19;;Dashboard Giám sát tổng hợp theo sàn OTC -Tổng hợp chỉ tiêu tài chính & thống kê ngành;Vốn CSH;Σ VCSH của tất cả các DN trên sàn;Dashboard;Chỉ tiêu cơ sở;Trùng;Ngày, Sàn;IDS - GSĐC;;X;;Done;;"IDS.data (d),
IDS.report_catalog (rc),
IDS.company_data (cd),
IDS.company_detail (cdet)";cdet.equity_listing_exch, SUM(d.data_value) AS vcsh;"rc2.col_desc = '1'
AND rc.report_cd LIKE 'BCDKT%'
AND ((rc.enterprise_type_cd='dn' AND rr.row_desc='400')
OR (rc.enterprise_type_cd='bh' AND rr.row_desc='400')
OR (rc.enterprise_type_cd='td' AND rr.row_desc='500'))
AND cdet.equity_listing_exch = 'OTC'
GROUP BY cdet.equity_listing_exch";"SELECT cdet.equity_listing_exch, SUM(d.data_value) AS vcsh
FROM IDS.data d
JOIN IDS.report_catalog rc ON d.report_catalog_id=rc.id
JOIN IDS.rrow rr ON rr.row_cd = d.row_cd AND rr.report_catalog_id = d.report_catalog_id
JOIN IDS.rcol rc2 ON rc2.col_cd = d.col_cd AND rc2.report_catalog_id = d.report_catalog_id
JOIN IDS.company_data cd ON d.company_data_id=cd.id
JOIN IDS.company_detail cdet ON cdet.company_profile_id=cd.company_profile_id
WHERE rc2.col_desc = '1'
AND rc.report_cd LIKE 'BCDKT%'
AND cd.report_year=:year AND cd.report_quarter=:quarter
AND ((rc.enterprise_type_cd='dn' AND rr.row_desc IN ('400'))
OR (rc.enterprise_type_cd='bh' AND rr.row_desc IN ('400'))
OR (rc.enterprise_type_cd='td' AND rr.row_desc IN ('500')))
AND cdet.equity_listing_exch = 'OTC'
GROUP BY cdet.equity_listing_exch";;;;
19;;Dashboard Giám sát tổng hợp theo sàn OTC -Tổng hợp chỉ tiêu tài chính & thống kê ngành;Vốn điều lệ;Σ Vốn điều lệ, Vốn góp của chủ sở hữu của tất cả DN trên sàn;Dashboard;Chỉ tiêu cơ sở;Trùng;Ngày, Sàn;IDS - GSĐC;;X;;Done;;"IDS.data (d),
IDS.report_catalog (rc),
IDS.company_data (cd),
IDS.company_detail (cdet)";cdet.equity_listing_exch, SUM(d.data_value) AS von_dieu_le;"rc2.col_desc = '1'
AND rc.report_cd LIKE 'BCDKT%'
AND ((rc.enterprise_type_cd='dn' AND rr.row_desc='411')
OR (rc.enterprise_type_cd='bh' AND rr.row_desc='411')
OR (rc.enterprise_type_cd='td' AND rr.row_desc='411'))
AND cdet.equity_listing_exch = 'OTC'
GROUP BY cdet.equity_listing_exch";"SELECT cdet.equity_listing_exch, SUM(d.data_value) AS von_dieu_le
FROM IDS.data d
JOIN IDS.report_catalog rc ON d.report_catalog_id=rc.id
JOIN IDS.rrow rr ON rr.row_cd = d.row_cd AND rr.report_catalog_id = d.report_catalog_id
JOIN IDS.rcol rc2 ON rc2.col_cd = d.col_cd AND rc2.report_catalog_id = d.report_catalog_id
JOIN IDS.company_data cd ON d.company_data_id=cd.id
JOIN IDS.company_detail cdet ON cdet.company_profile_id=cd.company_profile_id
WHERE rc2.col_desc = '1'
AND rc.report_cd LIKE 'BCDKT%'
AND cd.report_year=:year AND cd.report_quarter=:quarter
AND ((rc.enterprise_type_cd='dn' AND rr.row_desc IN ('411'))
OR (rc.enterprise_type_cd='bh' AND rr.row_desc IN ('411'))
OR (rc.enterprise_type_cd='td' AND rr.row_desc IN ('411')))
AND cdet.equity_listing_exch = 'OTC'
GROUP BY cdet.equity_listing_exch";;;;
19;;Dashboard Giám sát tổng hợp theo sàn OTC -Tổng hợp chỉ tiêu tài chính & thống kê ngành;Lợi nhuận sau thuế;Σ Lợi nhuận sau thuế của tất cả DN trên sàn;Dashboard;Chỉ tiêu cơ sở;Trùng;Ngày, Sàn;IDS - GSĐC;;X;;Done;;"IDS.data (d),
IDS.report_catalog (rc),
IDS.company_data (cd),
IDS.company_detail (cdet)";cdet.equity_listing_exch, SUM(d.data_value) AS lnst;"rc2.col_desc = '1'
AND rc.report_cd LIKE 'BCKQKD%'
AND ((rc.enterprise_type_cd='dn' AND rr.row_desc='60')
OR (rc.enterprise_type_cd='bh' AND rr.row_desc='60')
OR (rc.enterprise_type_cd='td' AND rr.row_desc='21'))
AND cdet.equity_listing_exch = 'OTC'
GROUP BY cdet.equity_listing_exch";"SELECT cdet.equity_listing_exch, SUM(d.data_value) AS lnst
FROM IDS.data d
JOIN IDS.report_catalog rc ON d.report_catalog_id=rc.id
JOIN IDS.rrow rr ON rr.row_cd = d.row_cd AND rr.report_catalog_id = d.report_catalog_id
JOIN IDS.rcol rc2 ON rc2.col_cd = d.col_cd AND rc2.report_catalog_id = d.report_catalog_id
JOIN IDS.company_data cd ON d.company_data_id=cd.id
JOIN IDS.company_detail cdet ON cdet.company_profile_id=cd.company_profile_id
WHERE rc2.col_desc = '1'
AND rc.report_cd LIKE 'BCKQKD%'
AND cd.report_year=:year AND cd.report_quarter=:quarter
AND ((rc.enterprise_type_cd='dn' AND rr.row_desc IN ('60'))
OR (rc.enterprise_type_cd='bh' AND rr.row_desc IN ('60'))
OR (rc.enterprise_type_cd='td' AND rr.row_desc IN ('21')))
AND cdet.equity_listing_exch = 'OTC'
GROUP BY cdet.equity_listing_exch";;;;
19;;Dashboard Giám sát tổng hợp theo sàn OTC -Tổng hợp chỉ tiêu tài chính & thống kê ngành;ROA;"ROE = (LNST/Tổng tài sản bình quân) * 100%
Tổng tài sản bình quân = (Tổng tài sản đầu kỳ + Tổng tài sản cuối kỳ)/2";Dashboard;Chỉ tiêu cơ sở;Trùng;Ngày, Sàn;IDS - GSĐC;;X;;Done;;"IDS.data (d),
IDS.report_catalog (rc),
IDS.company_data (cd),
IDS.company_detail (cdet)";cdet.equity_listing_exch, SUM(lnst) / SUM(TSBQ) * 100 AS roa_pct;"Tổng tài sản bình quân = (ts_dầu_kỳ + ts_cuối_kỳ)/2
LNST cuối kỳ
-- Chỉ tiêu phái sinh tổng hợp toàn thị trường
AND cdet.equity_listing_exch = 'OTC'
GROUP BY cdet.equity_listing_exch";"-- ROA = LNST / Tổng tài sản bình quân * 100%
-- TSBQ = (TS đầu kỳ + TS cuối kỳ) / 2
WITH ts_bq AS (
SELECT cd.company_profile_id,
SUM(CASE WHEN rc2.col_desc = '2' THEN d.data_value ELSE 0 END) AS ts_dau,
SUM(CASE WHEN rc2.col_desc = '1' THEN d.data_value ELSE 0 END) AS ts_cuoi
FROM IDS.data d
JOIN IDS.report_catalog rc ON d.report_catalog_id=rc.id
JOIN IDS.rrow rr ON rr.row_cd = d.row_cd AND rr.report_catalog_id = d.report_catalog_id
JOIN IDS.rcol rc2 ON rc2.col_cd = d.col_cd AND rc2.report_catalog_id = d.report_catalog_id
JOIN IDS.company_data cd ON d.company_data_id=cd.id
WHERE cd.report_year=:year AND cd.report_quarter=:quarter
AND rc.report_cd LIKE 'BCDKT%'
AND ((rc.enterprise_type_cd='dn' AND rr.row_desc='270')
OR (rc.enterprise_type_cd='bh' AND rr.row_desc='270')
OR (rc.enterprise_type_cd='td' AND rr.row_desc='300'))
GROUP BY cd.company_profile_id
), lnst AS (
SELECT cd.company_profile_id, SUM(d.data_value) AS lnst
FROM IDS.data d
JOIN IDS.report_catalog rc ON d.report_catalog_id=rc.id
JOIN IDS.company_data cd ON d.company_data_id=cd.id
WHERE rc2.col_desc = '1'
AND rc.report_cd LIKE 'BCKQKD%' AND cd.report_year=:year AND cd.report_quarter=:quarter
AND ((rc.enterprise_type_cd='dn' AND rr.row_desc='60')
OR (rc.enterprise_type_cd='bh' AND rr.row_desc='60')
OR (rc.enterprise_type_cd='td' AND rr.row_desc='21'))
GROUP BY cd.company_profile_id
)
SELECT cdet.equity_listing_exch, SUM(l.lnst) / NULLIF(SUM(
CASE WHEN t.ts_dau IS NULL THEN t.ts_cuoi
WHEN t.ts_cuoi IS NULL THEN t.ts_dau
ELSE (t.ts_dau+t.ts_cuoi)/2 END),0)*100 AS roa_pct
FROM ts_bq t JOIN lnst l ON l.company_profile_id=t.company_profile_id
JOIN IDS.company_detail cdet ON cdet.company_profile_id=t.company_profile_id
where cdet.equity_listing_exch = 'OTC'
GROUP BY cdet.equity_listing_exch";;;;
19;;Dashboard Giám sát tổng hợp theo sàn OTC -Tổng hợp chỉ tiêu tài chính & thống kê ngành;ROE;"ROE = (LNST/VCSH bình quân) * 100%
VCSH bình quân = (VCSH đầu kỳ + VCSH cuối kỳ)/2";Dashboard;Chỉ tiêu cơ sở;Trùng;Ngày, Sàn;IDS - GSĐC;;X;;Done;;"IDS.data (d),
IDS.report_catalog (rc),
IDS.company_data (cd),
IDS.company_detail (cdet)";cdet.equity_listing_exch, SUM(lnst) / SUM(VCSHBQ) * 100 AS roe_pct;"VCSH bình quân = (vcsh_đầu_kỳ + vcsh_cuối_kỳ)/2
LNST cuối kỳ
AND cdet.equity_listing_exch = 'OTC'
GROUP BY cdet.equity_listing_exch";"-- ROA = LNST / VCSH bình quân * 100%
-- VCSHBQ = (TS đầu kỳ + TS cuối kỳ) / 2
WITH ts_bq AS (
SELECT cd.company_profile_id,
SUM(CASE WHEN rc2.col_desc = '2' THEN d.data_value ELSE 0 END) AS vcsh_dau,
SUM(CASE WHEN rc2.col_desc = '1' THEN d.data_value ELSE 0 END) AS vcsh_cuoi
FROM IDS.data d
JOIN IDS.report_catalog rc ON d.report_catalog_id=rc.id
JOIN IDS.rrow rr ON rr.row_cd = d.row_cd AND rr.report_catalog_id = d.report_catalog_id
JOIN IDS.rcol rc2 ON rc2.col_cd = d.col_cd AND rc2.report_catalog_id = d.report_catalog_id
JOIN IDS.company_data cd ON d.company_data_id=cd.id
WHERE cd.report_year=:year AND cd.report_quarter=:quarter
AND rc.report_cd LIKE 'BCDKT%'
AND ((rc.enterprise_type_cd='dn' AND rr.row_desc='400')
OR (rc.enterprise_type_cd='bh' AND rr.row_desc='D')
OR (rc.enterprise_type_cd='td' AND rr.row_desc='500'))
GROUP BY cd.company_profile_id
), lnst AS (
SELECT cd.company_profile_id, SUM(d.data_value) AS lnst
FROM IDS.data d
JOIN IDS.report_catalog rc ON d.report_catalog_id=rc.id
JOIN IDS.company_data cd ON d.company_data_id=cd.id
WHERE rc2.col_desc = '1'
AND rc.report_cd LIKE 'BCKQKD%' AND cd.report_year=:year AND cd.report_quarter=:quarter
AND ((rc.enterprise_type_cd='dn' AND rr.row_desc='60')
OR (rc.enterprise_type_cd='bh' AND rr.row_desc='60')
OR (rc.enterprise_type_cd='td' AND rr.row_desc='21'))
GROUP BY cd.company_profile_id
)
SELECT cdet.equity_listing_exch, SUM(l.lnst) / NULLIF(SUM(
CASE WHEN t.vcsh_dau IS NULL THEN t.vcsh_cuoi
WHEN t.vcsh_cuoi IS NULL THEN t.vcsh_dau
ELSE (t.vcsh_dau+t.vcsh_cuoi)/2 END),0)*100 AS roe_pct
FROM ts_bq t JOIN lnst l ON l.company_profile_id=t.company_profile_id
JOIN IDS.company_detail cdet ON cdet.company_profile_id=t.company_profile_id
where cdet.equity_listing_exch = 'OTC'
GROUP BY cdet.equity_listing_exch";;;;
19;;Dashboard Giám sát tổng hợp theo sàn OTC -Tổng hợp chỉ tiêu tài chính & thống kê ngành;Hàng Tồn Kho;Σ Giá trị hàng tồn kho của tất cả DN trên sàn;Dashboard;Chỉ tiêu cơ sở;Trùng;Ngày, Sàn;IDS - GSĐC;;X;;Done;;"IDS.data (d),
IDS.report_catalog (rc),
IDS.company_data (cd),
IDS.company_detail (cdet)";cdet.equity_listing_exch, SUM(d.data_value) AS hang_ton_kho;"rc2.col_desc = '1'
AND rc.report_cd LIKE 'BCDKT%'
AND ((rc.enterprise_type_cd='dn' AND rr.row_desc='140')
OR (rc.enterprise_type_cd='bh' AND rr.row_desc='140'))
-- Lưu ý: Tổ chức tín dụng không có HTK
AND cdet.equity_listing_exch = 'OTC'
GROUP BY cdet.equity_listing_exch";"SELECT cdet.equity_listing_exch, SUM(d.data_value) AS hang_ton_kho
FROM IDS.data d
JOIN IDS.report_catalog rc ON d.report_catalog_id=rc.id
JOIN IDS.rrow rr ON rr.row_cd = d.row_cd AND rr.report_catalog_id = d.report_catalog_id
JOIN IDS.rcol rc2 ON rc2.col_cd = d.col_cd AND rc2.report_catalog_id = d.report_catalog_id
JOIN IDS.company_data cd ON d.company_data_id=cd.id
JOIN IDS.company_detail cdet ON cdet.company_profile_id=cd.company_profile_id
WHERE rc2.col_desc = '1'
AND rc.report_cd LIKE 'BCDKT%'
AND cd.report_year=:year AND cd.report_quarter=:quarter
AND ((rc.enterprise_type_cd='dn' AND rr.row_desc='140')
OR (rc.enterprise_type_cd='bh' AND rr.row_desc='140'))
AND cdet.equity_listing_exch = 'OTC'
GROUP BY cdet.equity_listing_exch";;;;
19;;Dashboard Giám sát tổng hợp theo sàn OTC -Tổng hợp chỉ tiêu tài chính & thống kê ngành;Doanh thu;Σ Doanh thu của tất cả DN trên sàn;Dashboard;Chỉ tiêu cơ sở;Trùng;Ngày, Sàn;IDS - GSĐC;;X;;Done;;"IDS.data (d),
IDS.report_catalog (rc),
IDS.company_data (cd),
IDS.company_detail (cdet)";cdet.equity_listing_exch, SUM(d.data_value) AS doanh_thu;"rc2.col_desc = '1'
AND rc.report_cd LIKE 'BCKQKD%'
AND ((rc.enterprise_type_cd='dn' AND rr.row_desc='10')
OR (rc.enterprise_type_cd='bh' AND rr.row_desc='10')
OR (rc.enterprise_type_cd='td' AND rr.row_desc='03'))
AND cdet.equity_listing_exch = 'OTC'
GROUP BY cdet.equity_listing_exch";"SELECT cdet.equity_listing_exch, SUM(d.data_value) AS doanh_thu
FROM IDS.data d
JOIN IDS.report_catalog rc ON d.report_catalog_id=rc.id
JOIN IDS.rrow rr ON rr.row_cd = d.row_cd AND rr.report_catalog_id = d.report_catalog_id
JOIN IDS.rcol rc2 ON rc2.col_cd = d.col_cd AND rc2.report_catalog_id = d.report_catalog_id
JOIN IDS.company_data cd ON d.company_data_id=cd.id
JOIN IDS.company_detail cdet ON cdet.company_profile_id=cd.company_profile_id
WHERE rc2.col_desc = '1'
AND rc.report_cd LIKE 'BCKQKD%'
AND cd.report_year=:year AND cd.report_quarter=:quarter
AND ((rc.enterprise_type_cd='dn' AND rr.row_desc IN ('10'))
OR (rc.enterprise_type_cd='bh' AND rr.row_desc IN ('10'))
OR (rc.enterprise_type_cd='td' AND rr.row_desc IN ('03')))
AND cdet.equity_listing_exch = 'OTC'
GROUP BY cdet.equity_listing_exch";;;;
19;;Dashboard Giám sát tổng hợp theo sàn OTC -Tổng hợp chỉ tiêu tài chính & thống kê ngành;Lợi nhuận dồn tích (YTD);Σ LNST của tất cả DN trên sàn từ đầu năm đến kỳ báo cáo;Dashboard;Chỉ tiêu cơ sở;Trùng;Ngày, Sàn;IDS - GSĐC;;X;;Done;;"IDS.data (d),
IDS.report_catalog (rc),
IDS.company_data (cd),
IDS.company_detail (cdet)";cdet.equity_listing_exch, SUM(d.data_value) AS lnst_ytd;"rc2.col_desc = '1'
AND rc.report_cd LIKE 'BCDKT%'
AND cd.report_year=:year AND cd.report_quarter=:quarter
AND ((rc.enterprise_type_cd='dn' AND rr.row_desc='421')
OR (rc.enterprise_type_cd='bh' AND rr.row_desc='421'))
-- LNST YTD = giá trị lũy kế từ đầu năm đến cuối kỳ
AND cdet.equity_listing_exch = 'OTC'
GROUP BY cdet.equity_listing_exch";"SELECT cdet.equity_listing_exch, SUM(d.data_value) AS lnst_ytd
FROM IDS.data d
JOIN IDS.report_catalog rc ON d.report_catalog_id=rc.id
JOIN IDS.rrow rr ON rr.row_cd = d.row_cd AND rr.report_catalog_id = d.report_catalog_id
JOIN IDS.rcol rc2 ON rc2.col_cd = d.col_cd AND rc2.report_catalog_id = d.report_catalog_id
JOIN IDS.company_data cd ON d.company_data_id=cd.id
JOIN IDS.company_detail cdet ON cdet.company_profile_id=cd.company_profile_id
WHERE rc2.col_desc = '1'
AND rc.report_cd LIKE 'BCDKT%'
AND cd.report_year=:year AND cd.report_quarter=:quarter
AND ((rc.enterprise_type_cd='dn' AND rr.row_desc='421')
OR (rc.enterprise_type_cd='bh' AND rr.row_desc='421'))
AND cdet.equity_listing_exch = 'OTC'
GROUP BY cdet.equity_listing_exch";;;;
19;;Dashboard Giám sát tổng hợp theo sàn OTC -Tổng hợp chỉ tiêu tài chính & thống kê ngành;Phải thu;Tổng phải thu = Phải thu ngắn hạn + Phải thu dài hạn;Dashboard;Chỉ tiêu cơ sở;Trùng;Ngày, Sàn;IDS - GSĐC;;X;;Done;;"IDS.data (d),
IDS.report_catalog (rc),
IDS.company_data (cd),
IDS.company_detail (cdet)";cdet.equity_listing_exch, SUM(d.data_value) AS phai_thu;"rc2.col_desc = '1' 
AND rc.report_cd LIKE 'BCDKT%' 
AND cd.report_year=:year AND cd.report_quarter=:quarter 
AND ((rc.enterprise_type_cd='dn' AND rr.row_desc IN ('130', '210')) 
OR (rc.enterprise_type_cd='bh' AND rr.row_desc IN ('130', '210')) 
OR (rc.enterprise_type_cd='td' AND rr.row_desc IN ('251')) 
)
AND cdet.equity_listing_exch = 'OTC'
GROUP BY cdet.equity_listing_exch";"SELECT cdet.equity_listing_exch, SUM(d.data_value) AS phai_thu
FROM IDS.data d
JOIN IDS.report_catalog rc ON d.report_catalog_id=rc.id
JOIN IDS.rrow rr ON rr.row_cd = d.row_cd AND rr.report_catalog_id = d.report_catalog_id
JOIN IDS.rcol rc2 ON rc2.col_cd = d.col_cd AND rc2.report_catalog_id = d.report_catalog_id
JOIN IDS.company_data cd ON d.company_data_id=cd.id
JOIN IDS.company_detail cdet ON cdet.company_profile_id=cd.company_profile_id
WHERE rc2.col_desc = '1'
AND rc.report_cd LIKE 'BCDKT%'
AND cd.report_year = :year AND cd.report_quarter = :quarter
AND ((rc.enterprise_type_cd='dn' AND rr.row_desc IN ('130','210'))
OR (rc.enterprise_type_cd='bh' AND rr.row_desc IN ('130','210'))
OR (rc.enterprise_type_cd='td' AND rr.row_desc IN ('251')))
AND cdet.equity_listing_exch = 'OTC'
GROUP BY cdet.equity_listing_exch";;;;
19;;Dashboard Giám sát tổng hợp theo sàn OTC -Tổng hợp chỉ tiêu tài chính & thống kê ngành;Tiền và tương đương tiền;Tiền và tương đương tiền = Tiền mặt + Tiền gửi ngân hàng + Các khoản tương đương tiền;Dashboard;Chỉ tiêu cơ sở;Trùng;Ngày, Sàn;IDS - GSĐC;;X;;Done;;"IDS.data (d),
IDS.report_catalog (rc),
IDS.company_data (cd),
IDS.company_detail (cdet)";cdet.equity_listing_exch, SUM(d.data_value) AS tien_tuong_duong;"rc2.col_desc = '1'
AND rc.report_cd LIKE 'BCDKT%'
AND ((rc.enterprise_type_cd='dn' AND rr.row_desc='110')
OR (rc.enterprise_type_cd='bh' AND rr.row_desc='110')
OR (rc.enterprise_type_cd='td' AND rr.row_desc IN ('110','120')))
AND cdet.equity_listing_exch = 'OTC'
GROUP BY cdet.equity_listing_exch";"SELECT cdet.equity_listing_exch, SUM(d.data_value) AS tien_tuong_duong
FROM IDS.data d
JOIN IDS.report_catalog rc ON d.report_catalog_id=rc.id
JOIN IDS.rrow rr ON rr.row_cd = d.row_cd AND rr.report_catalog_id = d.report_catalog_id
JOIN IDS.rcol rc2 ON rc2.col_cd = d.col_cd AND rc2.report_catalog_id = d.report_catalog_id
JOIN IDS.company_data cd ON d.company_data_id=cd.id
JOIN IDS.company_detail cdet ON cdet.company_profile_id=cd.company_profile_id
WHERE rc2.col_desc = '1'
AND rc.report_cd LIKE 'BCDKT%'
AND cd.report_year=:year AND cd.report_quarter=:quarter
AND ((rc.enterprise_type_cd='dn' AND rr.row_desc IN ('110'))
OR (rc.enterprise_type_cd='bh' AND rr.row_desc IN ('110'))
OR (rc.enterprise_type_cd='td' AND rr.row_desc IN ('110','120')))
AND cdet.equity_listing_exch = 'OTC'
GROUP BY cdet.equity_listing_exch";;;;
19;;Dashboard Giám sát tổng hợp theo sàn OTC -Tổng hợp chỉ tiêu tài chính & thống kê ngành;Nợ/ Vốn CSH;Tỷ lệ Nợ / Vốn chủ sở hữu = Tổng nợ phải trả / Vốn chủ sở hữu;Dashboard;Chỉ tiêu cơ sở;Trùng;Ngày, Sàn;IDS - GSĐC;;X;;Done;;"IDS.data (d),
IDS.report_catalog (rc),
IDS.company_data (cd),
IDS.company_detail (cdet)";cdet.equity_listing_exch, SUM(no_phai_tra) / NULLIF(SUM(vcsh),0) AS ty_le_no_vcsh;"-- Chỉ tiêu phái sinh
= Tổng nợ phải trả / Vốn chủ sở hữu
AND cdet.equity_listing_exch = 'OTC'
GROUP BY cdet.equity_listing_exch";"-- Chỉ tiêu phái sinh (tính từ các chỉ tiêu cơ sở)
-- Nợ/Vốn CSH = Tổng Nợ Phải Trả / VCSH
AND cdet.equity_listing_exch = 'OTC'
GROUP BY cdet.equity_listing_exch";;;;
19;;Dashboard Giám sát tổng hợp theo sàn OTC -Tổng hợp chỉ tiêu tài chính & thống kê ngành;Tổng tài sản - so sánh thay đổi cùng kỳ năm trước;Σ Tổng tài sản của tất cả DN trên sàn;Dashboard;Chỉ tiêu phái sinh;TB;Ngày, Sàn;IDS - GSĐC;;X;;Done;;"IDS.data (d),
IDS.report_catalog (rc),
IDS.company_data (cd),
IDS.company_detail (cdet)";cdet.equity_listing_exch, (Tổng tài sản_ky_nay - Tổng tài sản_cung_ky) / Tổng tài sản_cung_ky * 100;"Chỉ tiêu phái sinh
= (Kỳ này - Cùng kỳ năm trước) / Cùng kỳ năm trước × 100%
AND cdet.equity_listing_exch = 'OTC'
GROUP BY cdet.equity_listing_exch";"-- Chỉ tiêu phái sinh
-- = (Chỉ tiêu kỳ này - Chỉ tiêu cùng kỳ năm trước) / Chỉ tiêu cùng kỳ năm trước * 100%
-- Tính bằng cách chạy SQL tương ứng với :year và :year-1
SELECT ROUND((ky_nay.gia_tri - ck_truoc.gia_tri)
/ NULLIF(ck_truoc.gia_tri, 0) * 100, 2) AS thay_doi_pct
FROM (<SQL , :year=N>) ky_nay
CROSS JOIN (<SQL , :year=N-1>) ck_truoc";;;;
19;;Dashboard Giám sát tổng hợp theo sàn OTC -Tổng hợp chỉ tiêu tài chính & thống kê ngành;Nợ Phải Trả - so sánh thay đổi cùng kỳ năm trước;Σ Nợ Phải Trả của tất cả DN trên sàn;Dashboard;Chỉ tiêu phái sinh;TB;Ngày, Sàn;IDS - GSĐC;;X;;Done;;"IDS.data (d),
IDS.report_catalog (rc),
IDS.company_data (cd),
IDS.company_detail (cdet)";cdet.equity_listing_exch, (Nợ Phải Trả_ky_nay - Nợ Phải Trả_cung_ky) / Nợ Phải Trả_cung_ky * 100;"Chỉ tiêu phái sinh
= (Kỳ này - Cùng kỳ năm trước) / Cùng kỳ năm trước × 100%
AND cdet.equity_listing_exch = 'OTC'
GROUP BY cdet.equity_listing_exch";"-- Chỉ tiêu phái sinh
-- = (Chỉ tiêu kỳ này - Chỉ tiêu cùng kỳ năm trước) / Chỉ tiêu cùng kỳ năm trước * 100%
-- Tính bằng cách chạy SQL tương ứng với :year và :year-1
SELECT ROUND((ky_nay.gia_tri - ck_truoc.gia_tri)
/ NULLIF(ck_truoc.gia_tri, 0) * 100, 2) AS thay_doi_pct
FROM (<SQL , :year=N>) ky_nay
CROSS JOIN (<SQL , :year=N-1>) ck_truoc";;;;
19;;Dashboard Giám sát tổng hợp theo sàn OTC -Tổng hợp chỉ tiêu tài chính & thống kê ngành;Vốn CSH - so sánh thay đổi cùng kỳ năm trước;Σ VCSH của tất cả các DN trên sàn;Dashboard;Chỉ tiêu phái sinh;TB;Ngày, Sàn;IDS - GSĐC;;X;;Done;;"IDS.data (d),
IDS.report_catalog (rc),
IDS.company_data (cd),
IDS.company_detail (cdet)";cdet.equity_listing_exch, (Vốn CSH_ky_nay - Vốn CSH_cung_ky) / Vốn CSH_cung_ky * 100;"Chỉ tiêu phái sinh
= (Kỳ này - Cùng kỳ năm trước) / Cùng kỳ năm trước × 100%
AND cdet.equity_listing_exch = 'OTC'
GROUP BY cdet.equity_listing_exch";"-- Chỉ tiêu phái sinh
-- = (Chỉ tiêu kỳ này - Chỉ tiêu cùng kỳ năm trước) / Chỉ tiêu cùng kỳ năm trước * 100%
-- Tính bằng cách chạy SQL tương ứng với :year và :year-1
SELECT ROUND((ky_nay.gia_tri - ck_truoc.gia_tri)
/ NULLIF(ck_truoc.gia_tri, 0) * 100, 2) AS thay_doi_pct
FROM (<SQL , :year=N>) ky_nay
CROSS JOIN (<SQL , :year=N-1>) ck_truoc";;;;
19;;Dashboard Giám sát tổng hợp theo sàn OTC -Tổng hợp chỉ tiêu tài chính & thống kê ngành;Vốn điều lệ - so sánh thay đổi cùng kỳ năm trước;Σ Vốn điều lệ, Vốn góp của chủ sở hữu của tất cả DN trên sàn;Dashboard;Chỉ tiêu phái sinh;TB;Ngày, Sàn;IDS - GSĐC;;X;;Done;;"IDS.data (d),
IDS.report_catalog (rc),
IDS.company_data (cd),
IDS.company_detail (cdet)";cdet.equity_listing_exch, (Vốn điều lệ_ky_nay - Vốn điều lệ_cung_ky) / Vốn điều lệ_cung_ky * 100;"Chỉ tiêu phái sinh
= (Kỳ này - Cùng kỳ năm trước) / Cùng kỳ năm trước × 100%
AND cdet.equity_listing_exch = 'OTC'
GROUP BY cdet.equity_listing_exch";"-- Chỉ tiêu phái sinh
-- = (Chỉ tiêu kỳ này - Chỉ tiêu cùng kỳ năm trước) / Chỉ tiêu cùng kỳ năm trước * 100%
-- Tính bằng cách chạy SQL tương ứng với :year và :year-1
SELECT ROUND((ky_nay.gia_tri - ck_truoc.gia_tri)
/ NULLIF(ck_truoc.gia_tri, 0) * 100, 2) AS thay_doi_pct
FROM (<SQL , :year=N>) ky_nay
CROSS JOIN (<SQL , :year=N-1>) ck_truoc";;;;
19;;Dashboard Giám sát tổng hợp theo sàn OTC -Tổng hợp chỉ tiêu tài chính & thống kê ngành;Lợi nhuận sau thuế - so sánh thay đổi cùng kỳ năm trước;Σ Lợi nhuận sau thuế của tất cả DN trên sàn;Dashboard;Chỉ tiêu phái sinh;TB;Ngày, Sàn;IDS - GSĐC;;X;;Done;;"IDS.data (d),
IDS.report_catalog (rc),
IDS.company_data (cd),
IDS.company_detail (cdet)";cdet.equity_listing_exch, (Lợi nhuận sau thuế_ky_nay - Lợi nhuận sau thuế_cung_ky) / Lợi nhuận sau thuế_cung_ky * 100;"Chỉ tiêu phái sinh
= (Kỳ này - Cùng kỳ năm trước) / Cùng kỳ năm trước × 100%
AND cdet.equity_listing_exch = 'OTC'
GROUP BY cdet.equity_listing_exch";"-- Chỉ tiêu phái sinh
-- = (Chỉ tiêu kỳ này - Chỉ tiêu cùng kỳ năm trước) / Chỉ tiêu cùng kỳ năm trước * 100%
-- Tính bằng cách chạy SQL tương ứng với :year và :year-1
SELECT ROUND((ky_nay.gia_tri - ck_truoc.gia_tri)
/ NULLIF(ck_truoc.gia_tri, 0) * 100, 2) AS thay_doi_pct
FROM (<SQL , :year=N>) ky_nay
CROSS JOIN (<SQL , :year=N-1>) ck_truoc";;;;
19;;Dashboard Giám sát tổng hợp theo sàn OTC -Tổng hợp chỉ tiêu tài chính & thống kê ngành;ROA - so sánh thay đổi cùng kỳ năm trước;"ROE = (LNST/Tổng tài sản bình quân) * 100%
Tổng tài sản bình quân = (Tổng tài sản đầu kỳ + Tổng tài sản cuối kỳ)/2";Dashboard;Chỉ tiêu phái sinh;TB;Ngày, Sàn;IDS - GSĐC;;X;;Done;;"IDS.data (d),
IDS.report_catalog (rc),
IDS.company_data (cd),
IDS.company_detail (cdet)";cdet.equity_listing_exch, (ROA_ky_nay - ROA_cung_ky) / ROA_cung_ky * 100;"Chỉ tiêu phái sinh
= (Kỳ này - Cùng kỳ năm trước) / Cùng kỳ năm trước × 100%
AND cdet.equity_listing_exch = 'OTC'
GROUP BY cdet.equity_listing_exch";"-- Chỉ tiêu phái sinh
-- = (Chỉ tiêu kỳ này - Chỉ tiêu cùng kỳ năm trước) / Chỉ tiêu cùng kỳ năm trước * 100%
-- Tính bằng cách chạy SQL tương ứng với :year và :year-1
SELECT ROUND((ky_nay.gia_tri - ck_truoc.gia_tri)
/ NULLIF(ck_truoc.gia_tri, 0) * 100, 2) AS thay_doi_pct
FROM (<SQL, :year=N>) ky_nay
CROSS JOIN (<SQL , :year=N-1>) ck_truoc";;;;
19;;Dashboard Giám sát tổng hợp theo sàn OTC -Tổng hợp chỉ tiêu tài chính & thống kê ngành;ROE - so sánh thay đổi cùng kỳ năm trước;"ROE = (LNST/VCSH bình quân) * 100%
VCSH bình quân = (VCSH đầu kỳ + VCSH cuối kỳ)/2";Dashboard;Chỉ tiêu phái sinh;TB;Ngày, Sàn;IDS - GSĐC;;X;;Done;;"IDS.data (d),
IDS.report_catalog (rc),
IDS.company_data (cd),
IDS.company_detail (cdet)";cdet.equity_listing_exch, (ROE_ky_nay - ROE_cung_ky) / ROE_cung_ky * 100;"Chỉ tiêu phái sinh
= (Kỳ này - Cùng kỳ năm trước) / Cùng kỳ năm trước × 100%
AND cdet.equity_listing_exch = 'OTC'
GROUP BY cdet.equity_listing_exch";"-- Chỉ tiêu phái sinh
-- = (Chỉ tiêu kỳ này - Chỉ tiêu cùng kỳ năm trước) / Chỉ tiêu cùng kỳ năm trước * 100%
-- Tính bằng cách chạy SQL tương ứng với :year và :year-1
SELECT ROUND((ky_nay.gia_tri - ck_truoc.gia_tri)
/ NULLIF(ck_truoc.gia_tri, 0) * 100, 2) AS thay_doi_pct
FROM (<SQL , :year=N>) ky_nay
CROSS JOIN (<SQL , :year=N-1>) ck_truoc";;;;
19;;Dashboard Giám sát tổng hợp theo sàn OTC -Tổng hợp chỉ tiêu tài chính & thống kê ngành;Hàng Tồn Kho - so sánh thay đổi cùng kỳ năm trước;Σ Giá trị hàng tồn kho của tất cả DN trên sàn;Dashboard;Chỉ tiêu phái sinh;TB;Ngày, Sàn;IDS - GSĐC;;X;;Done;;"IDS.data (d),
IDS.report_catalog (rc),
IDS.company_data (cd),
IDS.company_detail (cdet)";cdet.equity_listing_exch, (Hàng Tồn Kho_ky_nay - Hàng Tồn Kho_cung_ky) / Hàng Tồn Kho_cung_ky * 100;"Chỉ tiêu phái sinh
= (Kỳ này - Cùng kỳ năm trước) / Cùng kỳ năm trước × 100%
AND cdet.equity_listing_exch = 'OTC'
GROUP BY cdet.equity_listing_exch";"-- Chỉ tiêu phái sinh
-- = (Chỉ tiêu kỳ này - Chỉ tiêu cùng kỳ năm trước) / Chỉ tiêu cùng kỳ năm trước * 100%
-- Tính bằng cách chạy SQL tương ứng với :year và :year-1
SELECT ROUND((ky_nay.gia_tri - ck_truoc.gia_tri)
/ NULLIF(ck_truoc.gia_tri, 0) * 100, 2) AS thay_doi_pct
FROM (<SQL, :year=N>) ky_nay
CROSS JOIN (<SQL, :year=N-1>) ck_truoc";;;;
19;;Dashboard Giám sát tổng hợp theo sàn OTC -Tổng hợp chỉ tiêu tài chính & thống kê ngành;Doanh thu - so sánh thay đổi cùng kỳ năm trước;Σ Doanh thu của tất cả DN trên sàn;Dashboard;Chỉ tiêu phái sinh;TB;Ngày, Sàn;IDS - GSĐC;;X;;Done;;"IDS.data (d),
IDS.report_catalog (rc),
IDS.company_data (cd),
IDS.company_detail (cdet)";cdet.equity_listing_exch, (Doanh thu_ky_nay - Doanh thu_cung_ky) / Doanh thu_cung_ky * 100;"Chỉ tiêu phái sinh
= (Kỳ này - Cùng kỳ năm trước) / Cùng kỳ năm trước × 100%
AND cdet.equity_listing_exch = 'OTC'
GROUP BY cdet.equity_listing_exch";"-- Chỉ tiêu phái sinh
-- = (Chỉ tiêu kỳ này - Chỉ tiêu cùng kỳ năm trước) / Chỉ tiêu cùng kỳ năm trước * 100%
-- Tính bằng cách chạy SQL tương ứng với :year và :year-1
SELECT ROUND((ky_nay.gia_tri - ck_truoc.gia_tri)
/ NULLIF(ck_truoc.gia_tri, 0) * 100, 2) AS thay_doi_pct
FROM (<SQL , :year=N>) ky_nay
CROSS JOIN (<SQL , :year=N-1>) ck_truoc";;;;
19;;Dashboard Giám sát tổng hợp theo sàn OTC -Tổng hợp chỉ tiêu tài chính & thống kê ngành;Lợi nhuận dồn tích (YTD) - so sánh thay đổi cùng kỳ năm trước;Σ LNST của tất cả DN trên sàn từ đầu năm đến kỳ báo cáo;Dashboard;Chỉ tiêu phái sinh;TB;Ngày, Sàn;IDS - GSĐC;;X;;Done;;"IDS.data (d),
IDS.report_catalog (rc),
IDS.company_data (cd),
IDS.company_detail (cdet)";cdet.equity_listing_exch, (Lợi nhuận dồn tích YTD_ky_nay - Lợi nhuận dồn tích YTD_cung_ky) / Lợi nhuận dồn tích YTD_cung_ky * 100;"Chỉ tiêu phái sinh
= (Kỳ này - Cùng kỳ năm trước) / Cùng kỳ năm trước × 100%
AND cdet.equity_listing_exch = 'OTC'
GROUP BY cdet.equity_listing_exch";"-- Chỉ tiêu phái sinh
-- = (Chỉ tiêu kỳ này - Chỉ tiêu cùng kỳ năm trước) / Chỉ tiêu cùng kỳ năm trước * 100%
-- Tính bằng cách chạy SQL tương ứng với :year và :year-1
SELECT ROUND((ky_nay.gia_tri - ck_truoc.gia_tri)
/ NULLIF(ck_truoc.gia_tri, 0) * 100, 2) AS thay_doi_pct
FROM (<SQL , :year=N>) ky_nay
CROSS JOIN (<SQL , :year=N-1>) ck_truoc";;;;
19;;Dashboard Giám sát tổng hợp theo sàn OTC -Tổng hợp chỉ tiêu tài chính & thống kê ngành;Phải thu - so sánh thay đổi cùng kỳ năm trước;Tổng phải thu = Phải thu ngắn hạn + Phải thu dài hạn;Dashboard;Chỉ tiêu phái sinh;TB;Ngày, Sàn;IDS - GSĐC;;X;;Done;;"IDS.data (d),
IDS.report_catalog (rc),
IDS.company_data (cd),
IDS.company_detail (cdet)";cdet.equity_listing_exch, (Phải thu_ky_nay - Phải thu_cung_ky) / Phải thu_cung_ky * 100;"Chỉ tiêu phái sinh
= (Kỳ này - Cùng kỳ năm trước) / Cùng kỳ năm trước × 100%
AND cdet.equity_listing_exch = 'OTC'
GROUP BY cdet.equity_listing_exch";"-- Chỉ tiêu phái sinh
-- = (Chỉ tiêu kỳ này - Chỉ tiêu cùng kỳ năm trước) / Chỉ tiêu cùng kỳ năm trước * 100%
-- Tính bằng cách chạy SQL tương ứng với :year và :year-1
SELECT ROUND((ky_nay.gia_tri - ck_truoc.gia_tri)
/ NULLIF(ck_truoc.gia_tri, 0) * 100, 2) AS thay_doi_pct
FROM (<SQL, :year=N>) ky_nay
CROSS JOIN (<SQL , :year=N-1>) ck_truoc";;;;
19;;Dashboard Giám sát tổng hợp theo sàn OTC -Tổng hợp chỉ tiêu tài chính & thống kê ngành;Tiền và tương đương tiền - so sánh thay đổi cùng kỳ năm trước;Tiền và tương đương tiền = Tiền mặt + Tiền gửi ngân hàng + Các khoản tương đương tiền;Dashboard;Chỉ tiêu phái sinh;TB;Ngày, Sàn;IDS - GSĐC;;X;;Done;;"IDS.data (d),
IDS.report_catalog (rc),
IDS.company_data (cd),
IDS.company_detail (cdet)";cdet.equity_listing_exch, (Tiền và tương đương tiền_ky_nay - Tiền và tương đương tiền_cung_ky) / Tiền và tương đương tiền_cung_ky * 100;"Chỉ tiêu phái sinh
= (Kỳ này - Cùng kỳ năm trước) / Cùng kỳ năm trước × 100%
AND cdet.equity_listing_exch = 'OTC'
GROUP BY cdet.equity_listing_exch";"-- Chỉ tiêu phái sinh
-- = (Chỉ tiêu kỳ này - Chỉ tiêu cùng kỳ năm trước) / Chỉ tiêu cùng kỳ năm trước * 100%
-- Tính bằng cách chạy SQL tương ứng với :year và :year-1
SELECT ROUND((ky_nay.gia_tri - ck_truoc.gia_tri)
/ NULLIF(ck_truoc.gia_tri, 0) * 100, 2) AS thay_doi_pct
FROM (<SQL , :year=N>) ky_nay
CROSS JOIN (<SQL , :year=N-1>) ck_truoc";;;;
19;;Dashboard Giám sát tổng hợp theo sàn OTC -Tổng hợp chỉ tiêu tài chính & thống kê ngành;Nợ/ Vốn CSH - so sánh thay đổi cùng kỳ năm trước;Tỷ lệ Nợ / Vốn chủ sở hữu = Tổng nợ phải trả / Vốn chủ sở hữu;Dashboard;Chỉ tiêu phái sinh;TB;Ngày, Sàn;IDS - GSĐC;;X;;Done;;"IDS.data (d),
IDS.report_catalog (rc),
IDS.company_data (cd),
IDS.company_detail (cdet)";cdet.equity_listing_exch, (Nợ/Vốn CSH_ky_nay - Nợ/Vốn CSH_cung_ky) / Nợ/Vốn CSH_cung_ky * 100;"Chỉ tiêu phái sinh
= (Kỳ này - Cùng kỳ năm trước) / Cùng kỳ năm trước × 100%
AND cdet.equity_listing_exch = 'OTC'
GROUP BY cdet.equity_listing_exch";"-- Chỉ tiêu phái sinh
-- = (Chỉ tiêu kỳ này - Chỉ tiêu cùng kỳ năm trước) / Chỉ tiêu cùng kỳ năm trước * 100%
-- Tính bằng cách chạy SQL tương ứng với :year và :year-1
SELECT ROUND((ky_nay.gia_tri - ck_truoc.gia_tri)
/ NULLIF(ck_truoc.gia_tri, 0) * 100, 2) AS thay_doi_pct
FROM (<SQL, :year=N>) ky_nay
CROSS JOIN (<SQL, :year=N-1>) ck_truoc";;;;
19;;Dashboard Giám sát tổng hợp theo sàn OTC -Tổng hợp chỉ tiêu tài chính & thống kê ngành;Ngành;Phân loại ngành lấy từ IDS;Dashboard;Chiều;Trùng;Ngày, Sàn, Ngành;IDS - GSĐC;;;;Done;;Đã thực hiện ở dòng 88;;;;;;;
19;;Dashboard Giám sát tổng hợp theo sàn OTC -Tổng hợp chỉ tiêu tài chính & thống kê ngành;Tổng tài sản - theo ngành;Σ Tổng tài sản của tất cả DN trên sàn;Dashboard;Chỉ tiêu cơ sở;TB;Ngày, Sàn, Ngành;IDS - GSĐC;x;X;;Done;;"IDS.data (d),
IDS.report_catalog (rc),
IDS.company_data (cd),
IDS.company_detail (cdet)";cdet.equity_listing_exch, cdet.category_l1_id, SUM(d.data_value) AS tong_tai_san;"rc2.col_desc = '1'
AND rc.report_cd LIKE 'BCDKT%'
AND ((rc.enterprise_type_cd='dn' AND rr.row_desc='270')
OR (rc.enterprise_type_cd='bh' AND rr.row_desc='270')
OR (rc.enterprise_type_cd='td' AND rr.row_desc='300'))
AND cdet.equity_listing_exch = 'OTC' 
GROUP BY cdet.category_l1_id, cdet.equity_listing_exch";"SELECT cdet.category_l1_id, cdet.equity_listing_exch, SUM(d.data_value) AS tong_tai_san
FROM IDS.data d
JOIN IDS.report_catalog rc ON d.report_catalog_id=rc.id
JOIN IDS.rrow rr ON rr.row_cd = d.row_cd AND rr.report_catalog_id = d.report_catalog_id
JOIN IDS.rcol rc2 ON rc2.col_cd = d.col_cd AND rc2.report_catalog_id = d.report_catalog_id
JOIN IDS.company_data cd ON d.company_data_id=cd.id
JOIN IDS.company_detail cdet ON cdet.company_profile_id=cd.company_profile_id
WHERE rc2.col_desc = '1'
AND rc.report_cd LIKE 'BCDKT%'
AND cd.report_year=:year AND cd.report_quarter=:quarter
AND ((rc.enterprise_type_cd='dn' AND rr.row_desc IN ('270'))
OR (rc.enterprise_type_cd='bh' AND rr.row_desc IN ('270'))
OR (rc.enterprise_type_cd='td' AND rr.row_desc IN ('300')))
AND cdet.equity_listing_exch = 'OTC' 
GROUP BY cdet.category_l1_id, cdet.equity_listing_exch";;;;
19;;Dashboard Giám sát tổng hợp theo sàn OTC -Tổng hợp chỉ tiêu tài chính & thống kê ngành;Nợ Phải Trả - theo ngành;Σ Nợ Phải Trả của tất cả DN trên sàn;Dashboard;Chỉ tiêu cơ sở;TB;Ngày, Sàn, Ngành;IDS - GSĐC;x;X;;Done;;"IDS.data (d),
IDS.report_catalog (rc),
IDS.company_data (cd),
IDS.company_detail (cdet)";cdet.equity_listing_exch, cdet.category_l1_id, SUM(d.data_value) AS no_phai_tra;"rc2.col_desc = '1'
AND rc.report_cd LIKE 'BCDKT%'
AND ((rc.enterprise_type_cd='dn' AND rr.row_desc='300')
OR (rc.enterprise_type_cd='bh' AND rr.row_desc='300')
OR (rc.enterprise_type_cd='td' AND rr.row_desc='400'))
AND cdet.equity_listing_exch = 'OTC' 
GROUP BY cdet.category_l1_id, cdet.equity_listing_exch";"SELECT cdet.category_l1_id, cdet.equity_listing_exch, SUM(d.data_value) AS no_phai_tra
FROM IDS.data d
JOIN IDS.report_catalog rc ON d.report_catalog_id=rc.id
JOIN IDS.rrow rr ON rr.row_cd = d.row_cd AND rr.report_catalog_id = d.report_catalog_id
JOIN IDS.rcol rc2 ON rc2.col_cd = d.col_cd AND rc2.report_catalog_id = d.report_catalog_id
JOIN IDS.company_data cd ON d.company_data_id=cd.id
JOIN IDS.company_detail cdet ON cdet.company_profile_id=cd.company_profile_id
WHERE rc2.col_desc = '1'
AND rc.report_cd LIKE 'BCDKT%'
AND cd.report_year=:year AND cd.report_quarter=:quarter
AND ((rc.enterprise_type_cd='dn' AND rr.row_desc IN ('300'))
OR (rc.enterprise_type_cd='bh' AND rr.row_desc IN ('300'))
OR (rc.enterprise_type_cd='td' AND rr.row_desc IN ('400')))
AND cdet.equity_listing_exch = 'OTC' 
GROUP BY cdet.category_l1_id, cdet.equity_listing_exch";;;;
19;;Dashboard Giám sát tổng hợp theo sàn OTC -Tổng hợp chỉ tiêu tài chính & thống kê ngành;Vốn CSH - theo ngành;Σ VCSH của tất cả các DN trên sàn;Dashboard;Chỉ tiêu cơ sở;TB;Ngày, Sàn, Ngành;IDS - GSĐC;x;X;;Done;;"IDS.data (d),
IDS.report_catalog (rc),
IDS.company_data (cd),
IDS.company_detail (cdet)";cdet.equity_listing_exch, cdet.category_l1_id, SUM(d.data_value) AS vcsh;"rc2.col_desc = '1'
AND rc.report_cd LIKE 'BCDKT%'
AND ((rc.enterprise_type_cd='dn' AND rr.row_desc='400')
OR (rc.enterprise_type_cd='bh' AND rr.row_desc='400')
OR (rc.enterprise_type_cd='td' AND rr.row_desc='500'))
AND cdet.equity_listing_exch = 'OTC' 
GROUP BY cdet.category_l1_id, cdet.equity_listing_exch";"SELECT cdet.category_l1_id, cdet.equity_listing_exch, SUM(d.data_value) AS vcsh
FROM IDS.data d
JOIN IDS.report_catalog rc ON d.report_catalog_id=rc.id
JOIN IDS.rrow rr ON rr.row_cd = d.row_cd AND rr.report_catalog_id = d.report_catalog_id
JOIN IDS.rcol rc2 ON rc2.col_cd = d.col_cd AND rc2.report_catalog_id = d.report_catalog_id
JOIN IDS.company_data cd ON d.company_data_id=cd.id
JOIN IDS.company_detail cdet ON cdet.company_profile_id=cd.company_profile_id
WHERE rc2.col_desc = '1'
AND rc.report_cd LIKE 'BCDKT%'
AND cd.report_year=:year AND cd.report_quarter=:quarter
AND ((rc.enterprise_type_cd='dn' AND rr.row_desc IN ('400'))
OR (rc.enterprise_type_cd='bh' AND rr.row_desc IN ('400'))
OR (rc.enterprise_type_cd='td' AND rr.row_desc IN ('500')))
AND cdet.equity_listing_exch = 'OTC' 
GROUP BY cdet.category_l1_id, cdet.equity_listing_exch";;;;
19;;Dashboard Giám sát tổng hợp theo sàn OTC -Tổng hợp chỉ tiêu tài chính & thống kê ngành;Vốn điều lệ - theo ngành;Σ Vốn điều lệ, Vốn góp của chủ sở hữu của tất cả DN trên sàn;Dashboard;Chỉ tiêu cơ sở;TB;Ngày, Sàn, Ngành;IDS - GSĐC;x;X;;Done;;"IDS.data (d),
IDS.report_catalog (rc),
IDS.company_data (cd),
IDS.company_detail (cdet)";cdet.equity_listing_exch, cdet.category_l1_id, SUM(d.data_value) AS von_dieu_le;"rc2.col_desc = '1'
AND rc.report_cd LIKE 'BCDKT%'
AND ((rc.enterprise_type_cd='dn' AND rr.row_desc='411')
OR (rc.enterprise_type_cd='bh' AND rr.row_desc='411')
OR (rc.enterprise_type_cd='td' AND rr.row_desc='411'))
AND cdet.equity_listing_exch = 'OTC' 
GROUP BY cdet.category_l1_id, cdet.equity_listing_exch";"SELECT cdet.category_l1_id, cdet.equity_listing_exch, SUM(d.data_value) AS von_dieu_le
FROM IDS.data d
JOIN IDS.report_catalog rc ON d.report_catalog_id=rc.id
JOIN IDS.rrow rr ON rr.row_cd = d.row_cd AND rr.report_catalog_id = d.report_catalog_id
JOIN IDS.rcol rc2 ON rc2.col_cd = d.col_cd AND rc2.report_catalog_id = d.report_catalog_id
JOIN IDS.company_data cd ON d.company_data_id=cd.id
JOIN IDS.company_detail cdet ON cdet.company_profile_id=cd.company_profile_id
WHERE rc2.col_desc = '1'
AND rc.report_cd LIKE 'BCDKT%'
AND cd.report_year=:year AND cd.report_quarter=:quarter
AND ((rc.enterprise_type_cd='dn' AND rr.row_desc IN ('411'))
OR (rc.enterprise_type_cd='bh' AND rr.row_desc IN ('411'))
OR (rc.enterprise_type_cd='td' AND rr.row_desc IN ('411')))
AND cdet.equity_listing_exch = 'OTC' 
GROUP BY cdet.category_l1_id, cdet.equity_listing_exch";;;;
19;;Dashboard Giám sát tổng hợp theo sàn OTC -Tổng hợp chỉ tiêu tài chính & thống kê ngành;Lợi nhuận sau thuế - theo ngành;Σ Lợi nhuận sau thuế của tất cả DN trên sàn;Dashboard;Chỉ tiêu cơ sở;TB;Ngày, Sàn, Ngành;IDS - GSĐC;x;X;;Done;;"IDS.data (d),
IDS.report_catalog (rc),
IDS.company_data (cd),
IDS.company_detail (cdet)";cdet.equity_listing_exch, cdet.category_l1_id, SUM(d.data_value) AS lnst;"rc2.col_desc = '1'
AND rc.report_cd LIKE 'BCKQKD%'
AND ((rc.enterprise_type_cd='dn' AND rr.row_desc='60')
OR (rc.enterprise_type_cd='bh' AND rr.row_desc='60')
OR (rc.enterprise_type_cd='td' AND rr.row_desc='21'))
AND cdet.equity_listing_exch = 'OTC' 
GROUP BY cdet.category_l1_id, cdet.equity_listing_exch";"SELECT cdet.category_l1_id, cdet.equity_listing_exch, SUM(d.data_value) AS lnst
FROM IDS.data d
JOIN IDS.report_catalog rc ON d.report_catalog_id=rc.id
JOIN IDS.rrow rr ON rr.row_cd = d.row_cd AND rr.report_catalog_id = d.report_catalog_id
JOIN IDS.rcol rc2 ON rc2.col_cd = d.col_cd AND rc2.report_catalog_id = d.report_catalog_id
JOIN IDS.company_data cd ON d.company_data_id=cd.id
JOIN IDS.company_detail cdet ON cdet.company_profile_id=cd.company_profile_id
WHERE rc2.col_desc = '1'
AND rc.report_cd LIKE 'BCKQKD%'
AND cd.report_year=:year AND cd.report_quarter=:quarter
AND ((rc.enterprise_type_cd='dn' AND rr.row_desc IN ('60'))
OR (rc.enterprise_type_cd='bh' AND rr.row_desc IN ('60'))
OR (rc.enterprise_type_cd='td' AND rr.row_desc IN ('21')))
AND cdet.equity_listing_exch = 'OTC' 
GROUP BY cdet.category_l1_id, cdet.equity_listing_exch";;;;
19;;Dashboard Giám sát tổng hợp theo sàn OTC -Tổng hợp chỉ tiêu tài chính & thống kê ngành;ROA - theo ngành;"ROE = (LNST/Tổng tài sản bình quân) * 100%
Tổng tài sản bình quân = (Tổng tài sản đầu kỳ + Tổng tài sản cuối kỳ)/2";Dashboard;Chỉ tiêu cơ sở;TB;Ngày, Sàn, Ngành;IDS - GSĐC;x;X;;Done;;"IDS.data (d),
IDS.report_catalog (rc),
IDS.company_data (cd),
IDS.company_detail (cdet)";cdet.equity_listing_exch, cdet.category_l1_id, SUM(lnst) / SUM(TSBQ) * 100 AS roa_pct;"Chỉ tiêu phái sinh
= LNST / TSBQ * 100%
AND cdet.equity_listing_exch = 'OTC' 
GROUP BY cdet.category_l1_id, cdet.equity_listing_exch";"-- ROA = LNST / Tổng tài sản bình quân * 100%
-- TSBQ = (TS đầu kỳ + TS cuối kỳ) / 2
WITH ts_bq AS (
SELECT cd.company_profile_id,
SUM(CASE WHEN rc2.col_desc = '2' THEN d.data_value ELSE 0 END) AS ts_dau,
SUM(CASE WHEN rc2.col_desc = '1' THEN d.data_value ELSE 0 END) AS ts_cuoi
FROM IDS.data d
JOIN IDS.report_catalog rc ON d.report_catalog_id=rc.id
JOIN IDS.rrow rr ON rr.row_cd = d.row_cd AND rr.report_catalog_id = d.report_catalog_id
JOIN IDS.rcol rc2 ON rc2.col_cd = d.col_cd AND rc2.report_catalog_id = d.report_catalog_id
JOIN IDS.company_data cd ON d.company_data_id=cd.id
WHERE cd.report_year=:year AND cd.report_quarter=:quarter
AND rc.report_cd LIKE 'BCDKT%'
AND ((rc.enterprise_type_cd='dn' AND rr.row_desc='270')
OR (rc.enterprise_type_cd='bh' AND rr.row_desc='270')
OR (rc.enterprise_type_cd='td' AND rr.row_desc='300'))
GROUP BY cd.company_profile_id
), lnst AS (
SELECT cd.company_profile_id, SUM(d.data_value) AS lnst
FROM IDS.data d
JOIN IDS.report_catalog rc ON d.report_catalog_id=rc.id
JOIN IDS.company_data cd ON d.company_data_id=cd.id
WHERE rc2.col_desc = '1'
AND rc.report_cd LIKE 'BCKQKD%' AND cd.report_year=:year AND cd.report_quarter=:quarter
AND ((rc.enterprise_type_cd='dn' AND rr.row_desc='60')
OR (rc.enterprise_type_cd='bh' AND rr.row_desc='60')
OR (rc.enterprise_type_cd='td' AND rr.row_desc='21'))
GROUP BY cd.company_profile_id
)
SELECT cdet.category_l1_id, cdet.equity_listing_exch, SUM(l.lnst) / NULLIF(SUM(
CASE WHEN t.ts_dau IS NULL THEN t.ts_cuoi
WHEN t.ts_cuoi IS NULL THEN t.ts_dau
ELSE (t.ts_dau+t.ts_cuoi)/2 END),0)*100 AS roa_pct
FROM ts_bq t JOIN lnst l ON l.company_profile_id=t.company_profile_id
JOIN IDS.company_detail cdet ON cdet.company_profile_id=t.company_profile_id
AND cdet.equity_listing_exch = 'OTC' 
GROUP BY cdet.category_l1_id, cdet.equity_listing_exch";;;;
19;;Dashboard Giám sát tổng hợp theo sàn OTC -Tổng hợp chỉ tiêu tài chính & thống kê ngành;ROE - theo ngành;"ROE = (LNST/VCSH bình quân) * 100%
VCSH bình quân = (VCSH đầu kỳ + VCSH cuối kỳ)/2";Dashboard;Chỉ tiêu cơ sở;TB;Ngày, Sàn, Ngành;IDS - GSĐC;x;X;;Done;;"IDS.data (d),
IDS.report_catalog (rc),
IDS.company_data (cd),
IDS.company_detail (cdet)";cdet.equity_listing_exch, cdet.category_l1_id, SUM(lnst) / SUM(VCSHBQ) * 100 AS roe_pct;"Chỉ tiêu phái sinh
= LNST / VCSHBQ * 100%
AND cdet.equity_listing_exch = 'OTC' 
GROUP BY cdet.category_l1_id, cdet.equity_listing_exch";"-- ROA = LNST / VCSH bình quân * 100%
-- VCSHBQ = (TS đầu kỳ + TS cuối kỳ) / 2
WITH ts_bq AS (
SELECT cd.company_profile_id,
SUM(CASE WHEN rc2.col_desc = '2' THEN d.data_value ELSE 0 END) AS vcsh_dau,
SUM(CASE WHEN rc2.col_desc = '1' THEN d.data_value ELSE 0 END) AS vcsh_cuoi
FROM IDS.data d
JOIN IDS.report_catalog rc ON d.report_catalog_id=rc.id
JOIN IDS.rrow rr ON rr.row_cd = d.row_cd AND rr.report_catalog_id = d.report_catalog_id
JOIN IDS.rcol rc2 ON rc2.col_cd = d.col_cd AND rc2.report_catalog_id = d.report_catalog_id
JOIN IDS.company_data cd ON d.company_data_id=cd.id
WHERE cd.report_year=:year AND cd.report_quarter=:quarter
AND rc.report_cd LIKE 'BCDKT%'
AND ((rc.enterprise_type_cd='dn' AND rr.row_desc='400')
OR (rc.enterprise_type_cd='bh' AND rr.row_desc='D')
OR (rc.enterprise_type_cd='td' AND rr.row_desc='500'))
GROUP BY cd.company_profile_id
), lnst AS (
SELECT cd.company_profile_id, SUM(d.data_value) AS lnst
FROM IDS.data d
JOIN IDS.report_catalog rc ON d.report_catalog_id=rc.id
JOIN IDS.company_data cd ON d.company_data_id=cd.id
WHERE rc2.col_desc = '1'
AND rc.report_cd LIKE 'BCKQKD%' AND cd.report_year=:year AND cd.report_quarter=:quarter
AND ((rc.enterprise_type_cd='dn' AND rr.row_desc='60')
OR (rc.enterprise_type_cd='bh' AND rr.row_desc='60')
OR (rc.enterprise_type_cd='td' AND rr.row_desc='21'))
GROUP BY cd.company_profile_id
)
SELECT cdet.category_l1_id, cdet.equity_listing_exch, SUM(l.lnst) / NULLIF(SUM(
CASE WHEN t.vcsh_dau IS NULL THEN t.vcsh_cuoi
WHEN t.vcsh_cuoi IS NULL THEN t.vcsh_dau
ELSE (t.vcsh_dau+t.vcsh_cuoi)/2 END),0)*100 AS roe_pct
FROM ts_bq t JOIN lnst l ON l.company_profile_id=t.company_profile_id
JOIN IDS.company_detail cdet ON cdet.company_profile_id=t.company_profile_id
AND cdet.equity_listing_exch = 'OTC' 
GROUP BY cdet.category_l1_id, cdet.equity_listing_exch";;;;
19;;Dashboard Giám sát tổng hợp theo sàn OTC -Tổng hợp chỉ tiêu tài chính & thống kê ngành;Hàng Tồn Kho - theo ngành;Σ Giá trị hàng tồn kho của tất cả DN trên sàn;Dashboard;Chỉ tiêu cơ sở;TB;Ngày, Sàn, Ngành;IDS - GSĐC;x;X;;Done;;"IDS.data (d),
IDS.report_catalog (rc),
IDS.company_data (cd),
IDS.company_detail (cdet)";cdet.equity_listing_exch, cdet.category_l1_id, SUM(d.data_value) AS hang_ton_kho;"rc2.col_desc = '1'
AND rc.report_cd LIKE 'BCDKT%'
AND ((rc.enterprise_type_cd='dn' AND rr.row_desc='140')
OR (rc.enterprise_type_cd='bh' AND rr.row_desc='140'))
AND cdet.equity_listing_exch = 'OTC' 
GROUP BY cdet.category_l1_id, cdet.equity_listing_exch";"SELECT cdet.category_l1_id, cdet.equity_listing_exch, SUM(d.data_value) AS hang_ton_kho
FROM IDS.data d
JOIN IDS.report_catalog rc ON d.report_catalog_id=rc.id
JOIN IDS.rrow rr ON rr.row_cd = d.row_cd AND rr.report_catalog_id = d.report_catalog_id
JOIN IDS.rcol rc2 ON rc2.col_cd = d.col_cd AND rc2.report_catalog_id = d.report_catalog_id
JOIN IDS.company_data cd ON d.company_data_id=cd.id
JOIN IDS.company_detail cdet ON cdet.company_profile_id=cd.company_profile_id
WHERE rc2.col_desc = '1'
AND rc.report_cd LIKE 'BCDKT%'
AND cd.report_year=:year AND cd.report_quarter=:quarter
AND ((rc.enterprise_type_cd='dn' AND rr.row_desc='140')
OR (rc.enterprise_type_cd='bh' AND rr.row_desc='140'))
AND cdet.equity_listing_exch = 'OTC' 
GROUP BY cdet.category_l1_id, cdet.equity_listing_exch";;;;
19;;Dashboard Giám sát tổng hợp theo sàn OTC -Tổng hợp chỉ tiêu tài chính & thống kê ngành;Doanh thu - theo ngành;Σ Doanh thu của tất cả DN trên sàn;Dashboard;Chỉ tiêu cơ sở;TB;Ngày, Sàn, Ngành;IDS - GSĐC;x;X;;Done;;"IDS.data (d),
IDS.report_catalog (rc),
IDS.company_data (cd),
IDS.company_detail (cdet)";cdet.equity_listing_exch, cdet.category_l1_id, SUM(d.data_value) AS doanh_thu;"rc2.col_desc = '1'
AND rc.report_cd LIKE 'BCKQKD%'
AND ((rc.enterprise_type_cd='dn' AND rr.row_desc='10')
OR (rc.enterprise_type_cd='bh' AND rr.row_desc='10')
OR (rc.enterprise_type_cd='td' AND rr.row_desc='03'))
AND cdet.equity_listing_exch = 'OTC' 
GROUP BY cdet.category_l1_id, cdet.equity_listing_exch";"SELECT cdet.category_l1_id, cdet.equity_listing_exch, SUM(d.data_value) AS doanh_thu
FROM IDS.data d
JOIN IDS.report_catalog rc ON d.report_catalog_id=rc.id
JOIN IDS.rrow rr ON rr.row_cd = d.row_cd AND rr.report_catalog_id = d.report_catalog_id
JOIN IDS.rcol rc2 ON rc2.col_cd = d.col_cd AND rc2.report_catalog_id = d.report_catalog_id
JOIN IDS.company_data cd ON d.company_data_id=cd.id
JOIN IDS.company_detail cdet ON cdet.company_profile_id=cd.company_profile_id
WHERE rc2.col_desc = '1'
AND rc.report_cd LIKE 'BCKQKD%'
AND cd.report_year=:year AND cd.report_quarter=:quarter
AND ((rc.enterprise_type_cd='dn' AND rr.row_desc IN ('10'))
OR (rc.enterprise_type_cd='bh' AND rr.row_desc IN ('10'))
OR (rc.enterprise_type_cd='td' AND rr.row_desc IN ('03')))
AND cdet.equity_listing_exch = 'OTC' 
GROUP BY cdet.category_l1_id, cdet.equity_listing_exch";;;;
19;;Dashboard Giám sát tổng hợp theo sàn OTC -Tổng hợp chỉ tiêu tài chính & thống kê ngành;Lợi nhuận dồn tích (YTD) - theo ngành;Σ LNST của tất cả DN trên sàn từ đầu năm đến kỳ báo cáo;Dashboard;Chỉ tiêu cơ sở;TB;Ngày, Sàn, Ngành;IDS - GSĐC;x;X;;Done;;"IDS.data (d),
IDS.report_catalog (rc),
IDS.company_data (cd),
IDS.company_detail (cdet)";cdet.equity_listing_exch, cdet.category_l1_id, SUM(d.data_value) AS lnst_ytd;"rc2.col_desc = '1'
AND rc.report_cd LIKE 'BCDKT%'
AND cd.report_year=:year AND cd.report_quarter=:quarter
AND ((rc.enterprise_type_cd='dn' AND rr.row_desc='421')
OR (rc.enterprise_type_cd='bh' AND rr.row_desc='421'))
AND cdet.equity_listing_exch = 'OTC' 
GROUP BY cdet.category_l1_id, cdet.equity_listing_exch";"SELECT cdet.category_l1_id, cdet.equity_listing_exch, SUM(d.data_value) AS lnst_ytd
FROM IDS.data d
JOIN IDS.report_catalog rc ON d.report_catalog_id=rc.id
JOIN IDS.rrow rr ON rr.row_cd = d.row_cd AND rr.report_catalog_id = d.report_catalog_id
JOIN IDS.rcol rc2 ON rc2.col_cd = d.col_cd AND rc2.report_catalog_id = d.report_catalog_id
JOIN IDS.company_data cd ON d.company_data_id=cd.id
JOIN IDS.company_detail cdet ON cdet.company_profile_id=cd.company_profile_id
WHERE rc2.col_desc = '1'
AND rc.report_cd LIKE 'BCDKT%'
AND cd.report_year=:year AND cd.report_quarter=:quarter
AND ((rc.enterprise_type_cd='dn' AND rr.row_desc='421')
OR (rc.enterprise_type_cd='bh' AND rr.row_desc='421'))
AND cdet.equity_listing_exch = 'OTC' 
GROUP BY cdet.category_l1_id, cdet.equity_listing_exch";;;;
19;;Dashboard Giám sát tổng hợp theo sàn OTC -Tổng hợp chỉ tiêu tài chính & thống kê ngành;Phải thu - theo ngành;Tổng phải thu = Phải thu ngắn hạn + Phải thu dài hạn;Dashboard;Chỉ tiêu cơ sở;TB;Ngày, Sàn, Ngành;IDS - GSĐC;x;X;;Done;;"IDS.data (d),
IDS.report_catalog (rc),
IDS.company_data (cd),
IDS.company_detail (cdet)";cdet.equity_listing_exch, cdet.category_l1_id, SUM(d.data_value) AS phai_thu;"rc2.col_desc = '1'
AND rc.report_cd LIKE 'BCDKT%'
AND cd.report_year=:year AND cd.report_quarter=:quarter
AND ((rc.enterprise_type_cd='dn' AND rr.row_desc IN ('130', '210'))
OR (rc.enterprise_type_cd='bh' AND rr.row_desc IN ('130', '210'))
OR (rc.enterprise_type_cd='td' AND rr.row_desc IN ('251'))
)
AND cdet.equity_listing_exch = 'OTC' 
GROUP BY cdet.category_l1_id, cdet.equity_listing_exch";"SELECT cdet.category_l1_id, cdet.equity_listing_exch, SUM(d.data_value) AS phai_thu
FROM IDS.data d
JOIN IDS.report_catalog rc ON d.report_catalog_id=rc.id
JOIN IDS.rrow rr ON rr.row_cd = d.row_cd AND rr.report_catalog_id = d.report_catalog_id
JOIN IDS.rcol rc2 ON rc2.col_cd = d.col_cd AND rc2.report_catalog_id = d.report_catalog_id
JOIN IDS.company_data cd ON d.company_data_id=cd.id
JOIN IDS.company_detail cdet ON cdet.company_profile_id=cd.company_profile_id
WHERE rc2.col_desc = '1'
AND rc.report_cd LIKE 'BCDKT%'
AND cd.report_year = :year AND cd.report_quarter = :quarter
AND ((rc.enterprise_type_cd='dn' AND rr.row_desc IN ('130','210'))
OR (rc.enterprise_type_cd='bh' AND rr.row_desc IN ('130','210'))
OR (rc.enterprise_type_cd='td' AND rr.row_desc IN ('251')))
AND cdet.equity_listing_exch = 'OTC' 
GROUP BY cdet.category_l1_id, cdet.equity_listing_exch";;;;
19;;Dashboard Giám sát tổng hợp theo sàn OTC -Tổng hợp chỉ tiêu tài chính & thống kê ngành;Tiền và tương đương tiền - theo ngành;Tiền và tương đương tiền = Tiền mặt + Tiền gửi ngân hàng + Các khoản tương đương tiền;Dashboard;Chỉ tiêu cơ sở;TB;Ngày, Sàn, Ngành;IDS - GSĐC;x;X;;Done;;"IDS.data (d),
IDS.report_catalog (rc),
IDS.company_data (cd),
IDS.company_detail (cdet)";cdet.equity_listing_exch, cdet.category_l1_id, SUM(d.data_value) AS tien_tuong_duong;"rc2.col_desc = '1'
AND rc.report_cd LIKE 'BCDKT%'
AND ((rc.enterprise_type_cd='dn' AND rr.row_desc='110')
OR (rc.enterprise_type_cd='bh' AND rr.row_desc='110')
OR (rc.enterprise_type_cd='td' AND rr.row_desc IN ('110','120')))
AND cdet.equity_listing_exch = 'OTC' 
GROUP BY cdet.category_l1_id, cdet.equity_listing_exch";"SELECT cdet.category_l1_id, cdet.equity_listing_exch, SUM(d.data_value) AS tien_tuong_duong
FROM IDS.data d
JOIN IDS.report_catalog rc ON d.report_catalog_id=rc.id
JOIN IDS.rrow rr ON rr.row_cd = d.row_cd AND rr.report_catalog_id = d.report_catalog_id
JOIN IDS.rcol rc2 ON rc2.col_cd = d.col_cd AND rc2.report_catalog_id = d.report_catalog_id
JOIN IDS.company_data cd ON d.company_data_id=cd.id
JOIN IDS.company_detail cdet ON cdet.company_profile_id=cd.company_profile_id
WHERE rc2.col_desc = '1'
AND rc.report_cd LIKE 'BCDKT%'
AND cd.report_year=:year AND cd.report_quarter=:quarter
AND ((rc.enterprise_type_cd='dn' AND rr.row_desc IN ('110'))
OR (rc.enterprise_type_cd='bh' AND rr.row_desc IN ('110'))
OR (rc.enterprise_type_cd='td' AND rr.row_desc IN ('110','120')))
AND cdet.equity_listing_exch = 'OTC' 
GROUP BY cdet.category_l1_id, cdet.equity_listing_exch";;;;
19;;Dashboard Giám sát tổng hợp theo sàn OTC -Tổng hợp chỉ tiêu tài chính & thống kê ngành;Nợ/Vốn chủ sở hữu - theo ngành;Tỷ lệ Nợ / Vốn chủ sở hữu = Tổng nợ phải trả / Vốn chủ sở hữu;Dashboard;Chỉ tiêu cơ sở;TB;Ngày, Sàn, Ngành;IDS - GSĐC;x;X;;Done;;"IDS.data (d),
IDS.report_catalog (rc),
IDS.company_data (cd),
IDS.company_detail (cdet)";cdet.equity_listing_exch, cdet.category_l1_id, SUM(no_phai_tra) / NULLIF(SUM(vcsh),0) AS ty_le_no_vcsh;"Chỉ tiêu phái sinh
= NPT / VCSH theo ngành
AND cdet.equity_listing_exch = 'OTC' 
GROUP BY cdet.category_l1_id, cdet.equity_listing_exch";"-- Chỉ tiêu phái sinh (tính từ các chỉ tiêu cơ sở)
-- Nợ/Vốn CSH = Tổng Nợ Phải Trả / VCSH 
AND cdet.equity_listing_exch = 'OTC' 
GROUP BY cdet.category_l1_id, cdet.equity_listing_exch";;;;
20;;Dữ liệu tài chính doanh nghiệp;Mã báo cáo;;Data Explorer;Chiều;Dễ;;IDS - GSĐC;X;;;Done;;IDS.report_catalog (rc);rc.report_cd AS ma_bao_cao;"rc.rc_type_cd = 'i'
AND rc.active_flg = 1";"SELECT rc.report_cd AS ma_bao_cao
FROM IDS.report_catalog rc
WHERE rc.rc_type_cd = 'i'
AND rc.active_flg = 1";;;;
20;;Dữ liệu tài chính doanh nghiệp;Tên báo cáo;"BCTC đối với doanh nghiệp thông thường theo Thông tư 99/2025/TT-BTC
BCTC đối với doanh nghiệp thông thường theo Thông tư 200/2014/TT-BTC
BCTC đối với doanh nghiệp bảo hiểm theo Thông tư 101/2025/TT-BTC
BCTC đối với doanh nghiệp bảo hiểm theo Thông tư 199/2014/TT-BTC
BCTC đối với tổ chức tín dụng theo Thông tư 49/2014/TT-NHNN
--
Bảng cân đối tài khoản
Báo cáo hoạt động kinh doanh
Báo cáo lưu chuyển tiền tệ trực tiếp
Báo cáo lưu chuyển tiền tệ gián tiếp";Data Explorer;Chiều;Dễ;;IDS - GSĐC;X;;;Done;;IDS.report_catalog (rc);rc.report_name_vi AS ten_bao_cao;"rc.rc_type_cd = 'i'
AND rc.active_flg = 1";"SELECT rc.report_name_vi AS ten_bao_cao
FROM IDS.report_catalog rc
WHERE rc.rc_type_cd = 'i'
AND rc.active_flg = 1";;;;
20;;Dữ liệu tài chính doanh nghiệp;Mã chỉ tiêu dòng;;Data Explorer;Chiều;Dễ;;IDS - GSĐC;X;;;Done;;"IDS.rrow (rr),
IDS.report_catalog (rc)";rr.row_cd AS ma_chi_tieu;"rc.rc_type_cd = 'i'
AND rc.active_flg = 1
AND rr.report_catalog_id = rc.id
order by rc.report_cd, rr.row_index";"SELECT rr.row_cd AS ma_chi_tieu
FROM IDS.rrow rr
JOIN IDS.report_catalog rc ON rr.report_catalog_id = rc.id
WHERE rc.rc_type_cd = 'i'
AND rc.active_flg = 1
ORDER BY rc.report_cd, rr.row_index";;;;
20;;Dữ liệu tài chính doanh nghiệp;Tên chỉ tiêu dòng;"Tài sản
Nợ phải trả 
Nguồn vốn
....";Data Explorer;Chiều;Dễ;;IDS - GSĐC;X;;;Done;;"IDS.rrow (rr),
IDS.report_catalog (rc)";rr.row_desc||' - '||rr.row_name_vi AS ten_chi_tieu;"rc.rc_type_cd = 'i'
AND rc.active_flg = 1
AND rr.report_catalog_id = rc.id
order by rr.row_index";"SELECT rr.row_desc||' - '||rr.row_name_vi AS ten_chi_tieu
FROM IDS.rrow rr
JOIN IDS.report_catalog rc ON rr.report_catalog_id = rc.id
WHERE rc.rc_type_cd = 'i'
AND rc.active_flg = 1
ORDER BY rc.report_cd, rr.row_index";;;;
20;;Dữ liệu tài chính doanh nghiệp;Mã chỉ tiêu cột;đầu kỳ, cuối kỳ;Data Explorer;Chiều;Dễ;;IDS - GSĐC;X;;;Done;;"IDS.rcol (rr),
IDS.report_catalog (rc)";rr.col_cd AS ma_chi_tieu;"rc.rc_type_cd = 'i'
AND rc.active_flg = 1
AND rr.report_catalog_id = rc.id
order by rc.report_cd, rr.col_index";"SELECT rr.col_cd AS ma_chi_tieu
FROM IDS.rcol rr
JOIN IDS.report_catalog rc ON rr.report_catalog_id = rc.id
WHERE rc.rc_type_cd = 'i'
AND rc.active_flg = 1
ORDER BY rc.report_cd, rr.col_index";;;;
20;;Dữ liệu tài chính doanh nghiệp;Tên chỉ tiêu cột;;Data Explorer;Chiều;Dễ;;IDS - GSĐC;x;;;Done;;"IDS.rcol (rr),
IDS.report_catalog (rc)";rr.col_desc||' - '||rr.col_name_vi AS ten_chi_tieu;"rc.rc_type_cd = 'i'
AND rc.active_flg = 1
AND rr.report_catalog_id = rc.id
order by rr.col_index";"SELECT rr.col_desc||' - '||rr.col_name_vi AS ten_chi_tieu
FROM IDS.rcol rr
JOIN IDS.report_catalog rc ON rr.report_catalog_id = rc.id
WHERE rc.rc_type_cd = 'i'
AND rc.active_flg = 1
ORDER BY rc.report_cd, rr.col_index";;;;
21;;Dữ liệu tài chính về doanh nghiệp thông thường chi tiết - Bảng cân đối kế toán;A – TÀI SẢN NGẮN HẠN;Mã chỉ tiêu 100;Data Explorer;Chỉ tiêu cơ sở;Dễ;Ngày, CTDC, chỉ tiêu BC;IDS - GSĐC;;X;;Done;;"IDS.data (d),
IDS.report_catalog (rc),
IDS.rrow (rr),
IDS.rcol (rc2),
IDS.company_data (cd)";d.data_value AS 100_TSNH;"rc.enterprise_type_cd = 'dn'
AND rc.report_cd LIKE 'BCDKT%'
AND rc2.col_desc = '1'
AND cd.report_year = :year
AND cd.report_quarter = :quarter
AND rr.row_desc = '100'";"SELECT
cd.company_profile_id,
rr.row_desc AS ma_chi_tieu,
rr.row_name_vi AS ten_chi_tieu,
d.data_value AS 100_TSNH
FROM IDS.data d
JOIN IDS.report_catalog rc ON d.report_catalog_id = rc.id
JOIN IDS.rrow rr ON rr.row_cd = d.row_cd
AND rr.report_catalog_id = d.report_catalog_id
JOIN IDS.rcol rc2 ON rc2.col_cd = d.col_cd
AND rc2.report_catalog_id = d.report_catalog_id
JOIN IDS.company_data cd ON d.company_data_id = cd.id
WHERE rc.enterprise_type_cd = 'dn'
AND rc.report_cd LIKE 'BCDKT%'
AND rc2.col_desc = '1'
AND cd.report_year = :year
AND cd.report_quarter = :quarter
AND rr.row_desc = '100'";"Câu lệnh đưa các chỉ tiêu thành cột:
SELECT
cd.company_profile_id,
cd.report_year,
cd.report_quarter,
MAX(CASE WHEN rr.row_desc = '100' THEN d.data_value END) AS 100_TSNH,
MAX(CASE WHEN rr.row_desc = '110' THEN d.data_value END) AS 110_TIEN_TDTD,
...
MAX(CASE WHEN rr.row_desc = '440' THEN d.data_value END) AS 440_TONG_NGUONVON
FROM IDS.data d
JOIN IDS.report_catalog rc ON ...
JOIN IDS.rrow rr ON ...
JOIN IDS.rcol rc2 ON ...
JOIN IDS.company_data cd ON ...
WHERE rc.enterprise_type_cd = 'dn'
AND rc.report_cd LIKE 'BCDKT%'
AND rc2.col_desc = '1'
AND cd.report_year = :year
AND cd.report_quarter = :quarter
GROUP BY cd.company_profile_id, cd.report_year, cd.report_quarter";;;
21;;Dữ liệu tài chính về doanh nghiệp thông thường chi tiết - Bảng cân đối kế toán;I – Tiền và các khoản tương đương tiền;110;Data Explorer;Chỉ tiêu cơ sở;Dễ;Ngày, CTDC, chỉ tiêu BC;IDS - GSĐC;;X;;Done;;"IDS.data (d),
IDS.report_catalog (rc),
IDS.rrow (rr),
IDS.rcol (rc2),
IDS.company_data (cd)";d.data_value AS 110_TIEN_TDTD;"rc.enterprise_type_cd = 'dn'
AND rc.report_cd LIKE 'BCDKT%'
AND rc2.col_desc = '1'
AND cd.report_year = :year
AND cd.report_quarter = :quarter
AND rr.row_desc = '110'";"SELECT
cd.company_profile_id,
rr.row_desc AS ma_chi_tieu,
rr.row_name_vi AS ten_chi_tieu,
d.data_value AS 110_TIEN_TDTD
FROM IDS.data d
JOIN IDS.report_catalog rc ON d.report_catalog_id = rc.id
JOIN IDS.rrow rr ON rr.row_cd = d.row_cd
AND rr.report_catalog_id = d.report_catalog_id
JOIN IDS.rcol rc2 ON rc2.col_cd = d.col_cd
AND rc2.report_catalog_id = d.report_catalog_id
JOIN IDS.company_data cd ON d.company_data_id = cd.id
WHERE rc.enterprise_type_cd = 'dn'
AND rc.report_cd LIKE 'BCDKT%'
AND rc2.col_desc = '1'
AND cd.report_year = :year
AND cd.report_quarter = :quarter
AND rr.row_desc = '110'";;;;
21;;Dữ liệu tài chính về doanh nghiệp thông thường chi tiết - Bảng cân đối kế toán;1. Tiền;111;Data Explorer;Chỉ tiêu cơ sở;Dễ;Ngày, CTDC, chỉ tiêu BC;IDS - GSĐC;;X;;Done;;"IDS.data (d),
IDS.report_catalog (rc),
IDS.rrow (rr),
IDS.rcol (rc2),
IDS.company_data (cd)";d.data_value AS 111_TIEN;"rc.enterprise_type_cd = 'dn'
AND rc.report_cd LIKE 'BCDKT%'
AND rc2.col_desc = '1'
AND cd.report_year = :year
AND cd.report_quarter = :quarter
AND rr.row_desc = '111'";"SELECT
cd.company_profile_id,
rr.row_desc AS ma_chi_tieu,
rr.row_name_vi AS ten_chi_tieu,
d.data_value AS 111_TIEN
FROM IDS.data d
JOIN IDS.report_catalog rc ON d.report_catalog_id = rc.id
JOIN IDS.rrow rr ON rr.row_cd = d.row_cd
AND rr.report_catalog_id = d.report_catalog_id
JOIN IDS.rcol rc2 ON rc2.col_cd = d.col_cd
AND rc2.report_catalog_id = d.report_catalog_id
JOIN IDS.company_data cd ON d.company_data_id = cd.id
WHERE rc.enterprise_type_cd = 'dn'
AND rc.report_cd LIKE 'BCDKT%'
AND rc2.col_desc = '1'
AND cd.report_year = :year
AND cd.report_quarter = :quarter
AND rr.row_desc = '111'";;;;
21;;Dữ liệu tài chính về doanh nghiệp thông thường chi tiết - Bảng cân đối kế toán;2. Các khoản tương đương tiền;112;Data Explorer;Chỉ tiêu cơ sở;Dễ;Ngày, CTDC, chỉ tiêu BC;IDS - GSĐC;;X;;Done;;"IDS.data (d),
IDS.report_catalog (rc),
IDS.rrow (rr),
IDS.rcol (rc2),
IDS.company_data (cd)";d.data_value AS 112_TUONG_DUONG_TIEN;"rc.enterprise_type_cd = 'dn'
AND rc.report_cd LIKE 'BCDKT%'
AND rc2.col_desc = '1'
AND cd.report_year = :year
AND cd.report_quarter = :quarter
AND rr.row_desc = '112'";"SELECT
cd.company_profile_id,
rr.row_desc AS ma_chi_tieu,
rr.row_name_vi AS ten_chi_tieu,
d.data_value AS 112_TUONG_DUONG_TIEN
FROM IDS.data d
JOIN IDS.report_catalog rc ON d.report_catalog_id = rc.id
JOIN IDS.rrow rr ON rr.row_cd = d.row_cd
AND rr.report_catalog_id = d.report_catalog_id
JOIN IDS.rcol rc2 ON rc2.col_cd = d.col_cd
AND rc2.report_catalog_id = d.report_catalog_id
JOIN IDS.company_data cd ON d.company_data_id = cd.id
WHERE rc.enterprise_type_cd = 'dn'
AND rc.report_cd LIKE 'BCDKT%'
AND rc2.col_desc = '1'
AND cd.report_year = :year
AND cd.report_quarter = :quarter
AND rr.row_desc = '112'";;;;
21;;Dữ liệu tài chính về doanh nghiệp thông thường chi tiết - Bảng cân đối kế toán;II – Đầu tư tài chính ngắn hạn;120;Data Explorer;Chỉ tiêu cơ sở;Dễ;Ngày, CTDC, chỉ tiêu BC;IDS - GSĐC;;X;;Done;;"IDS.data (d),
IDS.report_catalog (rc),
IDS.rrow (rr),
IDS.rcol (rc2),
IDS.company_data (cd)";d.data_value AS 120_DTTC_NH;"rc.enterprise_type_cd = 'dn'
AND rc.report_cd LIKE 'BCDKT%'
AND rc2.col_desc = '1'
AND cd.report_year = :year
AND cd.report_quarter = :quarter
AND rr.row_desc = '120'";"SELECT
cd.company_profile_id,
rr.row_desc AS ma_chi_tieu,
rr.row_name_vi AS ten_chi_tieu,
d.data_value AS 120_DTTC_NH
FROM IDS.data d
JOIN IDS.report_catalog rc ON d.report_catalog_id = rc.id
JOIN IDS.rrow rr ON rr.row_cd = d.row_cd
AND rr.report_catalog_id = d.report_catalog_id
JOIN IDS.rcol rc2 ON rc2.col_cd = d.col_cd
AND rc2.report_catalog_id = d.report_catalog_id
JOIN IDS.company_data cd ON d.company_data_id = cd.id
WHERE rc.enterprise_type_cd = 'dn'
AND rc.report_cd LIKE 'BCDKT%'
AND rc2.col_desc = '1'
AND cd.report_year = :year
AND cd.report_quarter = :quarter
AND rr.row_desc = '120'";;;;
21;;Dữ liệu tài chính về doanh nghiệp thông thường chi tiết - Bảng cân đối kế toán;1. Chứng khoán kinh doanh;121;Data Explorer;Chỉ tiêu cơ sở;Dễ;Ngày, CTDC, chỉ tiêu BC;IDS - GSĐC;;X;;Done;;"IDS.data (d),
IDS.report_catalog (rc),
IDS.rrow (rr),
IDS.rcol (rc2),
IDS.company_data (cd)";d.data_value AS 121_CKKD;"rc.enterprise_type_cd = 'dn'
AND rc.report_cd LIKE 'BCDKT%'
AND rc2.col_desc = '1'
AND cd.report_year = :year
AND cd.report_quarter = :quarter
AND rr.row_desc = '121'";"SELECT
cd.company_profile_id,
rr.row_desc AS ma_chi_tieu,
rr.row_name_vi AS ten_chi_tieu,
d.data_value AS 121_CKKD
FROM IDS.data d
JOIN IDS.report_catalog rc ON d.report_catalog_id = rc.id
JOIN IDS.rrow rr ON rr.row_cd = d.row_cd
AND rr.report_catalog_id = d.report_catalog_id
JOIN IDS.rcol rc2 ON rc2.col_cd = d.col_cd
AND rc2.report_catalog_id = d.report_catalog_id
JOIN IDS.company_data cd ON d.company_data_id = cd.id
WHERE rc.enterprise_type_cd = 'dn'
AND rc.report_cd LIKE 'BCDKT%'
AND rc2.col_desc = '1'
AND cd.report_year = :year
AND cd.report_quarter = :quarter
AND rr.row_desc = '121'";;;;
21;;Dữ liệu tài chính về doanh nghiệp thông thường chi tiết - Bảng cân đối kế toán;2. Dự phòng giảm giá chứng khoán kinh doanh (*);122;Data Explorer;Chỉ tiêu cơ sở;Dễ;Ngày, CTDC, chỉ tiêu BC;IDS - GSĐC;;X;;Done;;"IDS.data (d),
IDS.report_catalog (rc),
IDS.rrow (rr),
IDS.rcol (rc2),
IDS.company_data (cd)";d.data_value AS 122_DP_CKKD;"rc.enterprise_type_cd = 'dn'
AND rc.report_cd LIKE 'BCDKT%'
AND rc2.col_desc = '1'
AND cd.report_year = :year
AND cd.report_quarter = :quarter
AND rr.row_desc = '122'";"SELECT
cd.company_profile_id,
rr.row_desc AS ma_chi_tieu,
rr.row_name_vi AS ten_chi_tieu,
d.data_value AS 122_DP_CKKD
FROM IDS.data d
JOIN IDS.report_catalog rc ON d.report_catalog_id = rc.id
JOIN IDS.rrow rr ON rr.row_cd = d.row_cd
AND rr.report_catalog_id = d.report_catalog_id
JOIN IDS.rcol rc2 ON rc2.col_cd = d.col_cd
AND rc2.report_catalog_id = d.report_catalog_id
JOIN IDS.company_data cd ON d.company_data_id = cd.id
WHERE rc.enterprise_type_cd = 'dn'
AND rc.report_cd LIKE 'BCDKT%'
AND rc2.col_desc = '1'
AND cd.report_year = :year
AND cd.report_quarter = :quarter
AND rr.row_desc = '122'";;;;
21;;Dữ liệu tài chính về doanh nghiệp thông thường chi tiết - Bảng cân đối kế toán;3. Đầu tư nắm giữ đến ngày đáo hạn;123;Data Explorer;Chỉ tiêu cơ sở;Dễ;Ngày, CTDC, chỉ tiêu BC;IDS - GSĐC;;X;;Done;;"IDS.data (d),
IDS.report_catalog (rc),
IDS.rrow (rr),
IDS.rcol (rc2),
IDS.company_data (cd)";d.data_value AS 123_DT_DAOHAN;"rc.enterprise_type_cd = 'dn'
AND rc.report_cd LIKE 'BCDKT%'
AND rc2.col_desc = '1'
AND cd.report_year = :year
AND cd.report_quarter = :quarter
AND rr.row_desc = '123'";"SELECT
cd.company_profile_id,
rr.row_desc AS ma_chi_tieu,
rr.row_name_vi AS ten_chi_tieu,
d.data_value AS 123_DT_DAOHAN
FROM IDS.data d
JOIN IDS.report_catalog rc ON d.report_catalog_id = rc.id
JOIN IDS.rrow rr ON rr.row_cd = d.row_cd
AND rr.report_catalog_id = d.report_catalog_id
JOIN IDS.rcol rc2 ON rc2.col_cd = d.col_cd
AND rc2.report_catalog_id = d.report_catalog_id
JOIN IDS.company_data cd ON d.company_data_id = cd.id
WHERE rc.enterprise_type_cd = 'dn'
AND rc.report_cd LIKE 'BCDKT%'
AND rc2.col_desc = '1'
AND cd.report_year = :year
AND cd.report_quarter = :quarter
AND rr.row_desc = '123'";;;;
21;;Dữ liệu tài chính về doanh nghiệp thông thường chi tiết - Bảng cân đối kế toán;III – Các khoản phải thu ngắn hạn;130;Data Explorer;Chỉ tiêu cơ sở;Dễ;Ngày, CTDC, chỉ tiêu BC;IDS - GSĐC;;X;;Done;;"IDS.data (d),
IDS.report_catalog (rc),
IDS.rrow (rr),
IDS.rcol (rc2),
IDS.company_data (cd)";d.data_value AS 130_PTHU_NH;"rc.enterprise_type_cd = 'dn'
AND rc.report_cd LIKE 'BCDKT%'
AND rc2.col_desc = '1'
AND cd.report_year = :year
AND cd.report_quarter = :quarter
AND rr.row_desc = '130'";"SELECT
cd.company_profile_id,
rr.row_desc AS ma_chi_tieu,
rr.row_name_vi AS ten_chi_tieu,
d.data_value AS 130_PTHU_NH
FROM IDS.data d
JOIN IDS.report_catalog rc ON d.report_catalog_id = rc.id
JOIN IDS.rrow rr ON rr.row_cd = d.row_cd
AND rr.report_catalog_id = d.report_catalog_id
JOIN IDS.rcol rc2 ON rc2.col_cd = d.col_cd
AND rc2.report_catalog_id = d.report_catalog_id
JOIN IDS.company_data cd ON d.company_data_id = cd.id
WHERE rc.enterprise_type_cd = 'dn'
AND rc.report_cd LIKE 'BCDKT%'
AND rc2.col_desc = '1'
AND cd.report_year = :year
AND cd.report_quarter = :quarter
AND rr.row_desc = '130'";;;;
21;;Dữ liệu tài chính về doanh nghiệp thông thường chi tiết - Bảng cân đối kế toán;1. Phải thu ngắn hạn của khách hàng;131;Data Explorer;Chỉ tiêu cơ sở;Dễ;Ngày, CTDC, chỉ tiêu BC;IDS - GSĐC;;X;;Done;;"IDS.data (d),
IDS.report_catalog (rc),
IDS.rrow (rr),
IDS.rcol (rc2),
IDS.company_data (cd)";d.data_value AS 131_PTHU_KH;"rc.enterprise_type_cd = 'dn'
AND rc.report_cd LIKE 'BCDKT%'
AND rc2.col_desc = '1'
AND cd.report_year = :year
AND cd.report_quarter = :quarter
AND rr.row_desc = '131'";"SELECT
cd.company_profile_id,
rr.row_desc AS ma_chi_tieu,
rr.row_name_vi AS ten_chi_tieu,
d.data_value AS 131_PTHU_KH
FROM IDS.data d
JOIN IDS.report_catalog rc ON d.report_catalog_id = rc.id
JOIN IDS.rrow rr ON rr.row_cd = d.row_cd
AND rr.report_catalog_id = d.report_catalog_id
JOIN IDS.rcol rc2 ON rc2.col_cd = d.col_cd
AND rc2.report_catalog_id = d.report_catalog_id
JOIN IDS.company_data cd ON d.company_data_id = cd.id
WHERE rc.enterprise_type_cd = 'dn'
AND rc.report_cd LIKE 'BCDKT%'
AND rc2.col_desc = '1'
AND cd.report_year = :year
AND cd.report_quarter = :quarter
AND rr.row_desc = '131'";;;;
21;;Dữ liệu tài chính về doanh nghiệp thông thường chi tiết - Bảng cân đối kế toán;2. Trả trước cho người bán ngắn hạn;132;Data Explorer;Chỉ tiêu cơ sở;Dễ;Ngày, CTDC, chỉ tiêu BC;IDS - GSĐC;;X;;Done;;"IDS.data (d),
IDS.report_catalog (rc),
IDS.rrow (rr),
IDS.rcol (rc2),
IDS.company_data (cd)";d.data_value AS 132_TRATRUOC_NB_NH;"rc.enterprise_type_cd = 'dn'
AND rc.report_cd LIKE 'BCDKT%'
AND rc2.col_desc = '1'
AND cd.report_year = :year
AND cd.report_quarter = :quarter
AND rr.row_desc = '132'";"SELECT
cd.company_profile_id,
rr.row_desc AS ma_chi_tieu,
rr.row_name_vi AS ten_chi_tieu,
d.data_value AS 132_TRATRUOC_NB_NH
FROM IDS.data d
JOIN IDS.report_catalog rc ON d.report_catalog_id = rc.id
JOIN IDS.rrow rr ON rr.row_cd = d.row_cd
AND rr.report_catalog_id = d.report_catalog_id
JOIN IDS.rcol rc2 ON rc2.col_cd = d.col_cd
AND rc2.report_catalog_id = d.report_catalog_id
JOIN IDS.company_data cd ON d.company_data_id = cd.id
WHERE rc.enterprise_type_cd = 'dn'
AND rc.report_cd LIKE 'BCDKT%'
AND rc2.col_desc = '1'
AND cd.report_year = :year
AND cd.report_quarter = :quarter
AND rr.row_desc = '132'";;;;
21;;Dữ liệu tài chính về doanh nghiệp thông thường chi tiết - Bảng cân đối kế toán;3. Phải thu nội bộ ngắn hạn;133;Data Explorer;Chỉ tiêu cơ sở;Dễ;Ngày, CTDC, chỉ tiêu BC;IDS - GSĐC;;X;;Done;;"IDS.data (d),
IDS.report_catalog (rc),
IDS.rrow (rr),
IDS.rcol (rc2),
IDS.company_data (cd)";d.data_value AS 133_PTHU_NOIBO_NH;"rc.enterprise_type_cd = 'dn'
AND rc.report_cd LIKE 'BCDKT%'
AND rc2.col_desc = '1'
AND cd.report_year = :year
AND cd.report_quarter = :quarter
AND rr.row_desc = '133'";"SELECT
cd.company_profile_id,
rr.row_desc AS ma_chi_tieu,
rr.row_name_vi AS ten_chi_tieu,
d.data_value AS 133_PTHU_NOIBO_NH
FROM IDS.data d
JOIN IDS.report_catalog rc ON d.report_catalog_id = rc.id
JOIN IDS.rrow rr ON rr.row_cd = d.row_cd
AND rr.report_catalog_id = d.report_catalog_id
JOIN IDS.rcol rc2 ON rc2.col_cd = d.col_cd
AND rc2.report_catalog_id = d.report_catalog_id
JOIN IDS.company_data cd ON d.company_data_id = cd.id
WHERE rc.enterprise_type_cd = 'dn'
AND rc.report_cd LIKE 'BCDKT%'
AND rc2.col_desc = '1'
AND cd.report_year = :year
AND cd.report_quarter = :quarter
AND rr.row_desc = '133'";;;;
21;;Dữ liệu tài chính về doanh nghiệp thông thường chi tiết - Bảng cân đối kế toán;4. Phải thu theo tiến độ kế hoạch hợp đồng xây dựng;134;Data Explorer;Chỉ tiêu cơ sở;Dễ;Ngày, CTDC, chỉ tiêu BC;IDS - GSĐC;;X;;Done;;"IDS.data (d),
IDS.report_catalog (rc),
IDS.rrow (rr),
IDS.rcol (rc2),
IDS.company_data (cd)";d.data_value AS 134_PTHU_HDXD;"rc.enterprise_type_cd = 'dn'
AND rc.report_cd LIKE 'BCDKT%'
AND rc2.col_desc = '1'
AND cd.report_year = :year
AND cd.report_quarter = :quarter
AND rr.row_desc = '134'";"SELECT
cd.company_profile_id,
rr.row_desc AS ma_chi_tieu,
rr.row_name_vi AS ten_chi_tieu,
d.data_value AS 134_PTHU_HDXD
FROM IDS.data d
JOIN IDS.report_catalog rc ON d.report_catalog_id = rc.id
JOIN IDS.rrow rr ON rr.row_cd = d.row_cd
AND rr.report_catalog_id = d.report_catalog_id
JOIN IDS.rcol rc2 ON rc2.col_cd = d.col_cd
AND rc2.report_catalog_id = d.report_catalog_id
JOIN IDS.company_data cd ON d.company_data_id = cd.id
WHERE rc.enterprise_type_cd = 'dn'
AND rc.report_cd LIKE 'BCDKT%'
AND rc2.col_desc = '1'
AND cd.report_year = :year
AND cd.report_quarter = :quarter
AND rr.row_desc = '134'";;;;
21;;Dữ liệu tài chính về doanh nghiệp thông thường chi tiết - Bảng cân đối kế toán;5. Phải thu về cho vay ngắn hạn;135;Data Explorer;Chỉ tiêu cơ sở;Dễ;Ngày, CTDC, chỉ tiêu BC;IDS - GSĐC;;X;;Done;;"IDS.data (d),
IDS.report_catalog (rc),
IDS.rrow (rr),
IDS.rcol (rc2),
IDS.company_data (cd)";d.data_value AS 135_PTHU_CHOVAY_NH;"rc.enterprise_type_cd = 'dn'
AND rc.report_cd LIKE 'BCDKT%'
AND rc2.col_desc = '1'
AND cd.report_year = :year
AND cd.report_quarter = :quarter
AND rr.row_desc = '135'";"SELECT
cd.company_profile_id,
rr.row_desc AS ma_chi_tieu,
rr.row_name_vi AS ten_chi_tieu,
d.data_value AS 135_PTHU_CHOVAY_NH
FROM IDS.data d
JOIN IDS.report_catalog rc ON d.report_catalog_id = rc.id
JOIN IDS.rrow rr ON rr.row_cd = d.row_cd
AND rr.report_catalog_id = d.report_catalog_id
JOIN IDS.rcol rc2 ON rc2.col_cd = d.col_cd
AND rc2.report_catalog_id = d.report_catalog_id
JOIN IDS.company_data cd ON d.company_data_id = cd.id
WHERE rc.enterprise_type_cd = 'dn'
AND rc.report_cd LIKE 'BCDKT%'
AND rc2.col_desc = '1'
AND cd.report_year = :year
AND cd.report_quarter = :quarter
AND rr.row_desc = '135'";;;;
21;;Dữ liệu tài chính về doanh nghiệp thông thường chi tiết - Bảng cân đối kế toán;6. Phải thu ngắn hạn khác;136;Data Explorer;Chỉ tiêu cơ sở;Dễ;Ngày, CTDC, chỉ tiêu BC;IDS - GSĐC;;X;;Done;;"IDS.data (d),
IDS.report_catalog (rc),
IDS.rrow (rr),
IDS.rcol (rc2),
IDS.company_data (cd)";d.data_value AS 136_PTHU_NH_KHAC;"rc.enterprise_type_cd = 'dn'
AND rc.report_cd LIKE 'BCDKT%'
AND rc2.col_desc = '1'
AND cd.report_year = :year
AND cd.report_quarter = :quarter
AND rr.row_desc = '136'";"SELECT
cd.company_profile_id,
rr.row_desc AS ma_chi_tieu,
rr.row_name_vi AS ten_chi_tieu,
d.data_value AS 136_PTHU_NH_KHAC
FROM IDS.data d
JOIN IDS.report_catalog rc ON d.report_catalog_id = rc.id
JOIN IDS.rrow rr ON rr.row_cd = d.row_cd
AND rr.report_catalog_id = d.report_catalog_id
JOIN IDS.rcol rc2 ON rc2.col_cd = d.col_cd
AND rc2.report_catalog_id = d.report_catalog_id
JOIN IDS.company_data cd ON d.company_data_id = cd.id
WHERE rc.enterprise_type_cd = 'dn'
AND rc.report_cd LIKE 'BCDKT%'
AND rc2.col_desc = '1'
AND cd.report_year = :year
AND cd.report_quarter = :quarter
AND rr.row_desc = '136'";;;;
21;;Dữ liệu tài chính về doanh nghiệp thông thường chi tiết - Bảng cân đối kế toán;7. Dự phòng phải thu ngắn hạn khó đòi (*);137;Data Explorer;Chỉ tiêu cơ sở;Dễ;Ngày, CTDC, chỉ tiêu BC;IDS - GSĐC;;X;;Done;;"IDS.data (d),
IDS.report_catalog (rc),
IDS.rrow (rr),
IDS.rcol (rc2),
IDS.company_data (cd)";d.data_value AS 137_DP_PTHU_NH;"rc.enterprise_type_cd = 'dn'
AND rc.report_cd LIKE 'BCDKT%'
AND rc2.col_desc = '1'
AND cd.report_year = :year
AND cd.report_quarter = :quarter
AND rr.row_desc = '137'";"SELECT
cd.company_profile_id,
rr.row_desc AS ma_chi_tieu,
rr.row_name_vi AS ten_chi_tieu,
d.data_value AS 137_DP_PTHU_NH
FROM IDS.data d
JOIN IDS.report_catalog rc ON d.report_catalog_id = rc.id
JOIN IDS.rrow rr ON rr.row_cd = d.row_cd
AND rr.report_catalog_id = d.report_catalog_id
JOIN IDS.rcol rc2 ON rc2.col_cd = d.col_cd
AND rc2.report_catalog_id = d.report_catalog_id
JOIN IDS.company_data cd ON d.company_data_id = cd.id
WHERE rc.enterprise_type_cd = 'dn'
AND rc.report_cd LIKE 'BCDKT%'
AND rc2.col_desc = '1'
AND cd.report_year = :year
AND cd.report_quarter = :quarter
AND rr.row_desc = '137'";;;;
21;;Dữ liệu tài chính về doanh nghiệp thông thường chi tiết - Bảng cân đối kế toán;8. Tài sản thiếu chờ xử lý;139;Data Explorer;Chỉ tiêu cơ sở;Dễ;Ngày, CTDC, chỉ tiêu BC;IDS - GSĐC;;X;;Done;;"IDS.data (d),
IDS.report_catalog (rc),
IDS.rrow (rr),
IDS.rcol (rc2),
IDS.company_data (cd)";d.data_value AS 139_TSIEU_CHOXT;"rc.enterprise_type_cd = 'dn'
AND rc.report_cd LIKE 'BCDKT%'
AND rc2.col_desc = '1'
AND cd.report_year = :year
AND cd.report_quarter = :quarter
AND rr.row_desc = '139'";"SELECT
cd.company_profile_id,
rr.row_desc AS ma_chi_tieu,
rr.row_name_vi AS ten_chi_tieu,
d.data_value AS 139_TSIEU_CHOXT
FROM IDS.data d
JOIN IDS.report_catalog rc ON d.report_catalog_id = rc.id
JOIN IDS.rrow rr ON rr.row_cd = d.row_cd
AND rr.report_catalog_id = d.report_catalog_id
JOIN IDS.rcol rc2 ON rc2.col_cd = d.col_cd
AND rc2.report_catalog_id = d.report_catalog_id
JOIN IDS.company_data cd ON d.company_data_id = cd.id
WHERE rc.enterprise_type_cd = 'dn'
AND rc.report_cd LIKE 'BCDKT%'
AND rc2.col_desc = '1'
AND cd.report_year = :year
AND cd.report_quarter = :quarter
AND rr.row_desc = '139'";;;;
21;;Dữ liệu tài chính về doanh nghiệp thông thường chi tiết - Bảng cân đối kế toán;IV – Hàng tồn kho;140;Data Explorer;Chỉ tiêu cơ sở;Dễ;Ngày, CTDC, chỉ tiêu BC;IDS - GSĐC;;X;;Done;;"IDS.data (d),
IDS.report_catalog (rc),
IDS.rrow (rr),
IDS.rcol (rc2),
IDS.company_data (cd)";d.data_value AS 140_HTK;"rc.enterprise_type_cd = 'dn'
AND rc.report_cd LIKE 'BCDKT%'
AND rc2.col_desc = '1'
AND cd.report_year = :year
AND cd.report_quarter = :quarter
AND rr.row_desc = '140'";"SELECT
cd.company_profile_id,
rr.row_desc AS ma_chi_tieu,
rr.row_name_vi AS ten_chi_tieu,
d.data_value AS 140_HTK
FROM IDS.data d
JOIN IDS.report_catalog rc ON d.report_catalog_id = rc.id
JOIN IDS.rrow rr ON rr.row_cd = d.row_cd
AND rr.report_catalog_id = d.report_catalog_id
JOIN IDS.rcol rc2 ON rc2.col_cd = d.col_cd
AND rc2.report_catalog_id = d.report_catalog_id
JOIN IDS.company_data cd ON d.company_data_id = cd.id
WHERE rc.enterprise_type_cd = 'dn'
AND rc.report_cd LIKE 'BCDKT%'
AND rc2.col_desc = '1'
AND cd.report_year = :year
AND cd.report_quarter = :quarter
AND rr.row_desc = '140'";;;;
21;;Dữ liệu tài chính về doanh nghiệp thông thường chi tiết - Bảng cân đối kế toán;1. Hàng tồn kho;141;Data Explorer;Chỉ tiêu cơ sở;Dễ;Ngày, CTDC, chỉ tiêu BC;IDS - GSĐC;;X;;Done;;"IDS.data (d),
IDS.report_catalog (rc),
IDS.rrow (rr),
IDS.rcol (rc2),
IDS.company_data (cd)";d.data_value AS 141_HTK;"rc.enterprise_type_cd = 'dn'
AND rc.report_cd LIKE 'BCDKT%'
AND rc2.col_desc = '1'
AND cd.report_year = :year
AND cd.report_quarter = :quarter
AND rr.row_desc = '141'";"SELECT
cd.company_profile_id,
rr.row_desc AS ma_chi_tieu,
rr.row_name_vi AS ten_chi_tieu,
d.data_value AS 141_HTK
FROM IDS.data d
JOIN IDS.report_catalog rc ON d.report_catalog_id = rc.id
JOIN IDS.rrow rr ON rr.row_cd = d.row_cd
AND rr.report_catalog_id = d.report_catalog_id
JOIN IDS.rcol rc2 ON rc2.col_cd = d.col_cd
AND rc2.report_catalog_id = d.report_catalog_id
JOIN IDS.company_data cd ON d.company_data_id = cd.id
WHERE rc.enterprise_type_cd = 'dn'
AND rc.report_cd LIKE 'BCDKT%'
AND rc2.col_desc = '1'
AND cd.report_year = :year
AND cd.report_quarter = :quarter
AND rr.row_desc = '141'";;;;
21;;Dữ liệu tài chính về doanh nghiệp thông thường chi tiết - Bảng cân đối kế toán;2. Dự phòng giảm giá hàng tồn kho (*);149;Data Explorer;Chỉ tiêu cơ sở;Dễ;Ngày, CTDC, chỉ tiêu BC;IDS - GSĐC;;X;;Done;;"IDS.data (d),
IDS.report_catalog (rc),
IDS.rrow (rr),
IDS.rcol (rc2),
IDS.company_data (cd)";d.data_value AS 149_DP_HTK;"rc.enterprise_type_cd = 'dn'
AND rc.report_cd LIKE 'BCDKT%'
AND rc2.col_desc = '1'
AND cd.report_year = :year
AND cd.report_quarter = :quarter
AND rr.row_desc = '149'";"SELECT
cd.company_profile_id,
rr.row_desc AS ma_chi_tieu,
rr.row_name_vi AS ten_chi_tieu,
d.data_value AS 149_DP_HTK
FROM IDS.data d
JOIN IDS.report_catalog rc ON d.report_catalog_id = rc.id
JOIN IDS.rrow rr ON rr.row_cd = d.row_cd
AND rr.report_catalog_id = d.report_catalog_id
JOIN IDS.rcol rc2 ON rc2.col_cd = d.col_cd
AND rc2.report_catalog_id = d.report_catalog_id
JOIN IDS.company_data cd ON d.company_data_id = cd.id
WHERE rc.enterprise_type_cd = 'dn'
AND rc.report_cd LIKE 'BCDKT%'
AND rc2.col_desc = '1'
AND cd.report_year = :year
AND cd.report_quarter = :quarter
AND rr.row_desc = '149'";;;;
21;;Dữ liệu tài chính về doanh nghiệp thông thường chi tiết - Bảng cân đối kế toán;V – Tài sản ngắn hạn khác;150;Data Explorer;Chỉ tiêu cơ sở;Dễ;Ngày, CTDC, chỉ tiêu BC;IDS - GSĐC;;X;;Done;;"IDS.data (d),
IDS.report_catalog (rc),
IDS.rrow (rr),
IDS.rcol (rc2),
IDS.company_data (cd)";d.data_value AS 150_TSNH_KHAC;"rc.enterprise_type_cd = 'dn'
AND rc.report_cd LIKE 'BCDKT%'
AND rc2.col_desc = '1'
AND cd.report_year = :year
AND cd.report_quarter = :quarter
AND rr.row_desc = '150'";"SELECT
cd.company_profile_id,
rr.row_desc AS ma_chi_tieu,
rr.row_name_vi AS ten_chi_tieu,
d.data_value AS 150_TSNH_KHAC
FROM IDS.data d
JOIN IDS.report_catalog rc ON d.report_catalog_id = rc.id
JOIN IDS.rrow rr ON rr.row_cd = d.row_cd
AND rr.report_catalog_id = d.report_catalog_id
JOIN IDS.rcol rc2 ON rc2.col_cd = d.col_cd
AND rc2.report_catalog_id = d.report_catalog_id
JOIN IDS.company_data cd ON d.company_data_id = cd.id
WHERE rc.enterprise_type_cd = 'dn'
AND rc.report_cd LIKE 'BCDKT%'
AND rc2.col_desc = '1'
AND cd.report_year = :year
AND cd.report_quarter = :quarter
AND rr.row_desc = '150'";;;;
21;;Dữ liệu tài chính về doanh nghiệp thông thường chi tiết - Bảng cân đối kế toán;1. Chi phí trả trước ngắn hạn;151;Data Explorer;Chỉ tiêu cơ sở;Dễ;Ngày, CTDC, chỉ tiêu BC;IDS - GSĐC;;X;;Done;;"IDS.data (d),
IDS.report_catalog (rc),
IDS.rrow (rr),
IDS.rcol (rc2),
IDS.company_data (cd)";d.data_value AS 151_CPTT_NH;"rc.enterprise_type_cd = 'dn'
AND rc.report_cd LIKE 'BCDKT%'
AND rc2.col_desc = '1'
AND cd.report_year = :year
AND cd.report_quarter = :quarter
AND rr.row_desc = '151'";"SELECT
cd.company_profile_id,
rr.row_desc AS ma_chi_tieu,
rr.row_name_vi AS ten_chi_tieu,
d.data_value AS 151_CPTT_NH
FROM IDS.data d
JOIN IDS.report_catalog rc ON d.report_catalog_id = rc.id
JOIN IDS.rrow rr ON rr.row_cd = d.row_cd
AND rr.report_catalog_id = d.report_catalog_id
JOIN IDS.rcol rc2 ON rc2.col_cd = d.col_cd
AND rc2.report_catalog_id = d.report_catalog_id
JOIN IDS.company_data cd ON d.company_data_id = cd.id
WHERE rc.enterprise_type_cd = 'dn'
AND rc.report_cd LIKE 'BCDKT%'
AND rc2.col_desc = '1'
AND cd.report_year = :year
AND cd.report_quarter = :quarter
AND rr.row_desc = '151'";;;;
21;;Dữ liệu tài chính về doanh nghiệp thông thường chi tiết - Bảng cân đối kế toán;2. Thuế GTGT được khấu trừ;152;Data Explorer;Chỉ tiêu cơ sở;Dễ;Ngày, CTDC, chỉ tiêu BC;IDS - GSĐC;;X;;Done;;"IDS.data (d),
IDS.report_catalog (rc),
IDS.rrow (rr),
IDS.rcol (rc2),
IDS.company_data (cd)";d.data_value AS 152_THUE_GTGT;"rc.enterprise_type_cd = 'dn'
AND rc.report_cd LIKE 'BCDKT%'
AND rc2.col_desc = '1'
AND cd.report_year = :year
AND cd.report_quarter = :quarter
AND rr.row_desc = '152'";"SELECT
cd.company_profile_id,
rr.row_desc AS ma_chi_tieu,
rr.row_name_vi AS ten_chi_tieu,
d.data_value AS 152_THUE_GTGT
FROM IDS.data d
JOIN IDS.report_catalog rc ON d.report_catalog_id = rc.id
JOIN IDS.rrow rr ON rr.row_cd = d.row_cd
AND rr.report_catalog_id = d.report_catalog_id
JOIN IDS.rcol rc2 ON rc2.col_cd = d.col_cd
AND rc2.report_catalog_id = d.report_catalog_id
JOIN IDS.company_data cd ON d.company_data_id = cd.id
WHERE rc.enterprise_type_cd = 'dn'
AND rc.report_cd LIKE 'BCDKT%'
AND rc2.col_desc = '1'
AND cd.report_year = :year
AND cd.report_quarter = :quarter
AND rr.row_desc = '152'";;;;
21;;Dữ liệu tài chính về doanh nghiệp thông thường chi tiết - Bảng cân đối kế toán;3. Thuế và các khoản khác phải thu Nhà nước;153;Data Explorer;Chỉ tiêu cơ sở;Dễ;Ngày, CTDC, chỉ tiêu BC;IDS - GSĐC;;X;;Done;;"IDS.data (d),
IDS.report_catalog (rc),
IDS.rrow (rr),
IDS.rcol (rc2),
IDS.company_data (cd)";d.data_value AS 153_THUE_PTHU_NN;"rc.enterprise_type_cd = 'dn'
AND rc.report_cd LIKE 'BCDKT%'
AND rc2.col_desc = '1'
AND cd.report_year = :year
AND cd.report_quarter = :quarter
AND rr.row_desc = '153'";"SELECT
cd.company_profile_id,
rr.row_desc AS ma_chi_tieu,
rr.row_name_vi AS ten_chi_tieu,
d.data_value AS 153_THUE_PTHU_NN
FROM IDS.data d
JOIN IDS.report_catalog rc ON d.report_catalog_id = rc.id
JOIN IDS.rrow rr ON rr.row_cd = d.row_cd
AND rr.report_catalog_id = d.report_catalog_id
JOIN IDS.rcol rc2 ON rc2.col_cd = d.col_cd
AND rc2.report_catalog_id = d.report_catalog_id
JOIN IDS.company_data cd ON d.company_data_id = cd.id
WHERE rc.enterprise_type_cd = 'dn'
AND rc.report_cd LIKE 'BCDKT%'
AND rc2.col_desc = '1'
AND cd.report_year = :year
AND cd.report_quarter = :quarter
AND rr.row_desc = '153'";;;;
21;;Dữ liệu tài chính về doanh nghiệp thông thường chi tiết - Bảng cân đối kế toán;4. Giao dịch mua bán lại trái phiếu Chính phủ;154;Data Explorer;Chỉ tiêu cơ sở;Dễ;Ngày, CTDC, chỉ tiêu BC;IDS - GSĐC;;X;;Done;;"IDS.data (d),
IDS.report_catalog (rc),
IDS.rrow (rr),
IDS.rcol (rc2),
IDS.company_data (cd)";d.data_value AS 154_GDMBL_TPCP;"rc.enterprise_type_cd = 'dn'
AND rc.report_cd LIKE 'BCDKT%'
AND rc2.col_desc = '1'
AND cd.report_year = :year
AND cd.report_quarter = :quarter
AND rr.row_desc = '154'";"SELECT
cd.company_profile_id,
rr.row_desc AS ma_chi_tieu,
rr.row_name_vi AS ten_chi_tieu,
d.data_value AS 154_GDMBL_TPCP
FROM IDS.data d
JOIN IDS.report_catalog rc ON d.report_catalog_id = rc.id
JOIN IDS.rrow rr ON rr.row_cd = d.row_cd
AND rr.report_catalog_id = d.report_catalog_id
JOIN IDS.rcol rc2 ON rc2.col_cd = d.col_cd
AND rc2.report_catalog_id = d.report_catalog_id
JOIN IDS.company_data cd ON d.company_data_id = cd.id
WHERE rc.enterprise_type_cd = 'dn'
AND rc.report_cd LIKE 'BCDKT%'
AND rc2.col_desc = '1'
AND cd.report_year = :year
AND cd.report_quarter = :quarter
AND rr.row_desc = '154'";;;;
21;;Dữ liệu tài chính về doanh nghiệp thông thường chi tiết - Bảng cân đối kế toán;5. Tài sản ngắn hạn khác;155;Data Explorer;Chỉ tiêu cơ sở;Dễ;Ngày, CTDC, chỉ tiêu BC;IDS - GSĐC;;X;;Done;;"IDS.data (d),
IDS.report_catalog (rc),
IDS.rrow (rr),
IDS.rcol (rc2),
IDS.company_data (cd)";d.data_value AS 155_TSNH_KHAC;"rc.enterprise_type_cd = 'dn'
AND rc.report_cd LIKE 'BCDKT%'
AND rc2.col_desc = '1'
AND cd.report_year = :year
AND cd.report_quarter = :quarter
AND rr.row_desc = '155'";"SELECT
cd.company_profile_id,
rr.row_desc AS ma_chi_tieu,
rr.row_name_vi AS ten_chi_tieu,
d.data_value AS 155_TSNH_KHAC
FROM IDS.data d
JOIN IDS.report_catalog rc ON d.report_catalog_id = rc.id
JOIN IDS.rrow rr ON rr.row_cd = d.row_cd
AND rr.report_catalog_id = d.report_catalog_id
JOIN IDS.rcol rc2 ON rc2.col_cd = d.col_cd
AND rc2.report_catalog_id = d.report_catalog_id
JOIN IDS.company_data cd ON d.company_data_id = cd.id
WHERE rc.enterprise_type_cd = 'dn'
AND rc.report_cd LIKE 'BCDKT%'
AND rc2.col_desc = '1'
AND cd.report_year = :year
AND cd.report_quarter = :quarter
AND rr.row_desc = '155'";;;;
21;;Dữ liệu tài chính về doanh nghiệp thông thường chi tiết - Bảng cân đối kế toán;B – TÀI SẢN DÀI HẠN;200;Data Explorer;Chỉ tiêu cơ sở;Dễ;Ngày, CTDC, chỉ tiêu BC;IDS - GSĐC;;X;;Done;;"IDS.data (d),
IDS.report_catalog (rc),
IDS.rrow (rr),
IDS.rcol (rc2),
IDS.company_data (cd)";d.data_value AS 200_TSDH;"rc.enterprise_type_cd = 'dn'
AND rc.report_cd LIKE 'BCDKT%'
AND rc2.col_desc = '1'
AND cd.report_year = :year
AND cd.report_quarter = :quarter
AND rr.row_desc = '200'";"SELECT
cd.company_profile_id,
rr.row_desc AS ma_chi_tieu,
rr.row_name_vi AS ten_chi_tieu,
d.data_value AS 200_TSDH
FROM IDS.data d
JOIN IDS.report_catalog rc ON d.report_catalog_id = rc.id
JOIN IDS.rrow rr ON rr.row_cd = d.row_cd
AND rr.report_catalog_id = d.report_catalog_id
JOIN IDS.rcol rc2 ON rc2.col_cd = d.col_cd
AND rc2.report_catalog_id = d.report_catalog_id
JOIN IDS.company_data cd ON d.company_data_id = cd.id
WHERE rc.enterprise_type_cd = 'dn'
AND rc.report_cd LIKE 'BCDKT%'
AND rc2.col_desc = '1'
AND cd.report_year = :year
AND cd.report_quarter = :quarter
AND rr.row_desc = '200'";;;;
21;;Dữ liệu tài chính về doanh nghiệp thông thường chi tiết - Bảng cân đối kế toán;I – Các khoản phải thu dài hạn;210;Data Explorer;Chỉ tiêu cơ sở;Dễ;Ngày, CTDC, chỉ tiêu BC;IDS - GSĐC;;X;;Done;;"IDS.data (d),
IDS.report_catalog (rc),
IDS.rrow (rr),
IDS.rcol (rc2),
IDS.company_data (cd)";d.data_value AS 210_PTHU_DH;"rc.enterprise_type_cd = 'dn'
AND rc.report_cd LIKE 'BCDKT%'
AND rc2.col_desc = '1'
AND cd.report_year = :year
AND cd.report_quarter = :quarter
AND rr.row_desc = '210'";"SELECT
cd.company_profile_id,
rr.row_desc AS ma_chi_tieu,
rr.row_name_vi AS ten_chi_tieu,
d.data_value AS 210_PTHU_DH
FROM IDS.data d
JOIN IDS.report_catalog rc ON d.report_catalog_id = rc.id
JOIN IDS.rrow rr ON rr.row_cd = d.row_cd
AND rr.report_catalog_id = d.report_catalog_id
JOIN IDS.rcol rc2 ON rc2.col_cd = d.col_cd
AND rc2.report_catalog_id = d.report_catalog_id
JOIN IDS.company_data cd ON d.company_data_id = cd.id
WHERE rc.enterprise_type_cd = 'dn'
AND rc.report_cd LIKE 'BCDKT%'
AND rc2.col_desc = '1'
AND cd.report_year = :year
AND cd.report_quarter = :quarter
AND rr.row_desc = '210'";;;;
21;;Dữ liệu tài chính về doanh nghiệp thông thường chi tiết - Bảng cân đối kế toán;1. Phải thu dài hạn của khách hàng;211;Data Explorer;Chỉ tiêu cơ sở;Dễ;Ngày, CTDC, chỉ tiêu BC;IDS - GSĐC;;X;;Done;;"IDS.data (d),
IDS.report_catalog (rc),
IDS.rrow (rr),
IDS.rcol (rc2),
IDS.company_data (cd)";d.data_value AS 211_PTHU_KH_DH;"rc.enterprise_type_cd = 'dn'
AND rc.report_cd LIKE 'BCDKT%'
AND rc2.col_desc = '1'
AND cd.report_year = :year
AND cd.report_quarter = :quarter
AND rr.row_desc = '211'";"SELECT
cd.company_profile_id,
rr.row_desc AS ma_chi_tieu,
rr.row_name_vi AS ten_chi_tieu,
d.data_value AS 211_PTHU_KH_DH
FROM IDS.data d
JOIN IDS.report_catalog rc ON d.report_catalog_id = rc.id
JOIN IDS.rrow rr ON rr.row_cd = d.row_cd
AND rr.report_catalog_id = d.report_catalog_id
JOIN IDS.rcol rc2 ON rc2.col_cd = d.col_cd
AND rc2.report_catalog_id = d.report_catalog_id
JOIN IDS.company_data cd ON d.company_data_id = cd.id
WHERE rc.enterprise_type_cd = 'dn'
AND rc.report_cd LIKE 'BCDKT%'
AND rc2.col_desc = '1'
AND cd.report_year = :year
AND cd.report_quarter = :quarter
AND rr.row_desc = '211'";;;;
21;;Dữ liệu tài chính về doanh nghiệp thông thường chi tiết - Bảng cân đối kế toán;2. Trả trước cho người bán dài hạn;212;Data Explorer;Chỉ tiêu cơ sở;Dễ;Ngày, CTDC, chỉ tiêu BC;IDS - GSĐC;;X;;Done;;"IDS.data (d),
IDS.report_catalog (rc),
IDS.rrow (rr),
IDS.rcol (rc2),
IDS.company_data (cd)";d.data_value AS 212_TRATRUOC_NB_DH;"rc.enterprise_type_cd = 'dn'
AND rc.report_cd LIKE 'BCDKT%'
AND rc2.col_desc = '1'
AND cd.report_year = :year
AND cd.report_quarter = :quarter
AND rr.row_desc = '212'";"SELECT
cd.company_profile_id,
rr.row_desc AS ma_chi_tieu,
rr.row_name_vi AS ten_chi_tieu,
d.data_value AS 212_TRATRUOC_NB_DH
FROM IDS.data d
JOIN IDS.report_catalog rc ON d.report_catalog_id = rc.id
JOIN IDS.rrow rr ON rr.row_cd = d.row_cd
AND rr.report_catalog_id = d.report_catalog_id
JOIN IDS.rcol rc2 ON rc2.col_cd = d.col_cd
AND rc2.report_catalog_id = d.report_catalog_id
JOIN IDS.company_data cd ON d.company_data_id = cd.id
WHERE rc.enterprise_type_cd = 'dn'
AND rc.report_cd LIKE 'BCDKT%'
AND rc2.col_desc = '1'
AND cd.report_year = :year
AND cd.report_quarter = :quarter
AND rr.row_desc = '212'";;;;
21;;Dữ liệu tài chính về doanh nghiệp thông thường chi tiết - Bảng cân đối kế toán;3. Vốn kinh doanh ở đơn vị trực thuộc;213;Data Explorer;Chỉ tiêu cơ sở;Dễ;Ngày, CTDC, chỉ tiêu BC;IDS - GSĐC;;X;;Done;;"IDS.data (d),
IDS.report_catalog (rc),
IDS.rrow (rr),
IDS.rcol (rc2),
IDS.company_data (cd)";d.data_value AS 213_VKD_DONVI_TT;"rc.enterprise_type_cd = 'dn'
AND rc.report_cd LIKE 'BCDKT%'
AND rc2.col_desc = '1'
AND cd.report_year = :year
AND cd.report_quarter = :quarter
AND rr.row_desc = '213'";"SELECT
cd.company_profile_id,
rr.row_desc AS ma_chi_tieu,
rr.row_name_vi AS ten_chi_tieu,
d.data_value AS 213_VKD_DONVI_TT
FROM IDS.data d
JOIN IDS.report_catalog rc ON d.report_catalog_id = rc.id
JOIN IDS.rrow rr ON rr.row_cd = d.row_cd
AND rr.report_catalog_id = d.report_catalog_id
JOIN IDS.rcol rc2 ON rc2.col_cd = d.col_cd
AND rc2.report_catalog_id = d.report_catalog_id
JOIN IDS.company_data cd ON d.company_data_id = cd.id
WHERE rc.enterprise_type_cd = 'dn'
AND rc.report_cd LIKE 'BCDKT%'
AND rc2.col_desc = '1'
AND cd.report_year = :year
AND cd.report_quarter = :quarter
AND rr.row_desc = '213'";;;;
21;;Dữ liệu tài chính về doanh nghiệp thông thường chi tiết - Bảng cân đối kế toán;4. Phải thu nội bộ dài hạn;214;Data Explorer;Chỉ tiêu cơ sở;Dễ;Ngày, CTDC, chỉ tiêu BC;IDS - GSĐC;;X;;Done;;"IDS.data (d),
IDS.report_catalog (rc),
IDS.rrow (rr),
IDS.rcol (rc2),
IDS.company_data (cd)";d.data_value AS 214_PTHU_NOIBO_DH;"rc.enterprise_type_cd = 'dn'
AND rc.report_cd LIKE 'BCDKT%'
AND rc2.col_desc = '1'
AND cd.report_year = :year
AND cd.report_quarter = :quarter
AND rr.row_desc = '214'";"SELECT
cd.company_profile_id,
rr.row_desc AS ma_chi_tieu,
rr.row_name_vi AS ten_chi_tieu,
d.data_value AS 214_PTHU_NOIBO_DH
FROM IDS.data d
JOIN IDS.report_catalog rc ON d.report_catalog_id = rc.id
JOIN IDS.rrow rr ON rr.row_cd = d.row_cd
AND rr.report_catalog_id = d.report_catalog_id
JOIN IDS.rcol rc2 ON rc2.col_cd = d.col_cd
AND rc2.report_catalog_id = d.report_catalog_id
JOIN IDS.company_data cd ON d.company_data_id = cd.id
WHERE rc.enterprise_type_cd = 'dn'
AND rc.report_cd LIKE 'BCDKT%'
AND rc2.col_desc = '1'
AND cd.report_year = :year
AND cd.report_quarter = :quarter
AND rr.row_desc = '214'";;;;
21;;Dữ liệu tài chính về doanh nghiệp thông thường chi tiết - Bảng cân đối kế toán;5. Phải thu về cho vay dài hạn;215;Data Explorer;Chỉ tiêu cơ sở;Dễ;Ngày, CTDC, chỉ tiêu BC;IDS - GSĐC;;X;;Done;;"IDS.data (d),
IDS.report_catalog (rc),
IDS.rrow (rr),
IDS.rcol (rc2),
IDS.company_data (cd)";d.data_value AS 215_PTHU_CHOVAY_DH;"rc.enterprise_type_cd = 'dn'
AND rc.report_cd LIKE 'BCDKT%'
AND rc2.col_desc = '1'
AND cd.report_year = :year
AND cd.report_quarter = :quarter
AND rr.row_desc = '215'";"SELECT
cd.company_profile_id,
rr.row_desc AS ma_chi_tieu,
rr.row_name_vi AS ten_chi_tieu,
d.data_value AS 215_PTHU_CHOVAY_DH
FROM IDS.data d
JOIN IDS.report_catalog rc ON d.report_catalog_id = rc.id
JOIN IDS.rrow rr ON rr.row_cd = d.row_cd
AND rr.report_catalog_id = d.report_catalog_id
JOIN IDS.rcol rc2 ON rc2.col_cd = d.col_cd
AND rc2.report_catalog_id = d.report_catalog_id
JOIN IDS.company_data cd ON d.company_data_id = cd.id
WHERE rc.enterprise_type_cd = 'dn'
AND rc.report_cd LIKE 'BCDKT%'
AND rc2.col_desc = '1'
AND cd.report_year = :year
AND cd.report_quarter = :quarter
AND rr.row_desc = '215'";;;;
21;;Dữ liệu tài chính về doanh nghiệp thông thường chi tiết - Bảng cân đối kế toán;6. Phải thu dài hạn khác;216;Data Explorer;Chỉ tiêu cơ sở;Dễ;Ngày, CTDC, chỉ tiêu BC;IDS - GSĐC;;X;;Done;;"IDS.data (d),
IDS.report_catalog (rc),
IDS.rrow (rr),
IDS.rcol (rc2),
IDS.company_data (cd)";d.data_value AS 216_PTHU_DH_KHAC;"rc.enterprise_type_cd = 'dn'
AND rc.report_cd LIKE 'BCDKT%'
AND rc2.col_desc = '1'
AND cd.report_year = :year
AND cd.report_quarter = :quarter
AND rr.row_desc = '216'";"SELECT
cd.company_profile_id,
rr.row_desc AS ma_chi_tieu,
rr.row_name_vi AS ten_chi_tieu,
d.data_value AS 216_PTHU_DH_KHAC
FROM IDS.data d
JOIN IDS.report_catalog rc ON d.report_catalog_id = rc.id
JOIN IDS.rrow rr ON rr.row_cd = d.row_cd
AND rr.report_catalog_id = d.report_catalog_id
JOIN IDS.rcol rc2 ON rc2.col_cd = d.col_cd
AND rc2.report_catalog_id = d.report_catalog_id
JOIN IDS.company_data cd ON d.company_data_id = cd.id
WHERE rc.enterprise_type_cd = 'dn'
AND rc.report_cd LIKE 'BCDKT%'
AND rc2.col_desc = '1'
AND cd.report_year = :year
AND cd.report_quarter = :quarter
AND rr.row_desc = '216'";;;;
21;;Dữ liệu tài chính về doanh nghiệp thông thường chi tiết - Bảng cân đối kế toán;7. Dự phòng phải thu dài hạn khó đòi (*);219;Data Explorer;Chỉ tiêu cơ sở;Dễ;Ngày, CTDC, chỉ tiêu BC;IDS - GSĐC;;X;;Done;;"IDS.data (d),
IDS.report_catalog (rc),
IDS.rrow (rr),
IDS.rcol (rc2),
IDS.company_data (cd)";d.data_value AS 219_DP_PTHU_DH;"rc.enterprise_type_cd = 'dn'
AND rc.report_cd LIKE 'BCDKT%'
AND rc2.col_desc = '1'
AND cd.report_year = :year
AND cd.report_quarter = :quarter
AND rr.row_desc = '219'";"SELECT
cd.company_profile_id,
rr.row_desc AS ma_chi_tieu,
rr.row_name_vi AS ten_chi_tieu,
d.data_value AS 219_DP_PTHU_DH
FROM IDS.data d
JOIN IDS.report_catalog rc ON d.report_catalog_id = rc.id
JOIN IDS.rrow rr ON rr.row_cd = d.row_cd
AND rr.report_catalog_id = d.report_catalog_id
JOIN IDS.rcol rc2 ON rc2.col_cd = d.col_cd
AND rc2.report_catalog_id = d.report_catalog_id
JOIN IDS.company_data cd ON d.company_data_id = cd.id
WHERE rc.enterprise_type_cd = 'dn'
AND rc.report_cd LIKE 'BCDKT%'
AND rc2.col_desc = '1'
AND cd.report_year = :year
AND cd.report_quarter = :quarter
AND rr.row_desc = '219'";;;;
21;;Dữ liệu tài chính về doanh nghiệp thông thường chi tiết - Bảng cân đối kế toán;II – Tài sản cố định;220;Data Explorer;Chỉ tiêu cơ sở;Dễ;Ngày, CTDC, chỉ tiêu BC;IDS - GSĐC;;X;;Done;;"IDS.data (d),
IDS.report_catalog (rc),
IDS.rrow (rr),
IDS.rcol (rc2),
IDS.company_data (cd)";d.data_value AS 220_TSCD;"rc.enterprise_type_cd = 'dn'
AND rc.report_cd LIKE 'BCDKT%'
AND rc2.col_desc = '1'
AND cd.report_year = :year
AND cd.report_quarter = :quarter
AND rr.row_desc = '220'";"SELECT
cd.company_profile_id,
rr.row_desc AS ma_chi_tieu,
rr.row_name_vi AS ten_chi_tieu,
d.data_value AS 220_TSCD
FROM IDS.data d
JOIN IDS.report_catalog rc ON d.report_catalog_id = rc.id
JOIN IDS.rrow rr ON rr.row_cd = d.row_cd
AND rr.report_catalog_id = d.report_catalog_id
JOIN IDS.rcol rc2 ON rc2.col_cd = d.col_cd
AND rc2.report_catalog_id = d.report_catalog_id
JOIN IDS.company_data cd ON d.company_data_id = cd.id
WHERE rc.enterprise_type_cd = 'dn'
AND rc.report_cd LIKE 'BCDKT%'
AND rc2.col_desc = '1'
AND cd.report_year = :year
AND cd.report_quarter = :quarter
AND rr.row_desc = '220'";;;;
21;;Dữ liệu tài chính về doanh nghiệp thông thường chi tiết - Bảng cân đối kế toán;1. Tài sản cố định hữu hình;221;Data Explorer;Chỉ tiêu cơ sở;Dễ;Ngày, CTDC, chỉ tiêu BC;IDS - GSĐC;;X;;Done;;"IDS.data (d),
IDS.report_catalog (rc),
IDS.rrow (rr),
IDS.rcol (rc2),
IDS.company_data (cd)";d.data_value AS 221_TSCD_HH;"rc.enterprise_type_cd = 'dn'
AND rc.report_cd LIKE 'BCDKT%'
AND rc2.col_desc = '1'
AND cd.report_year = :year
AND cd.report_quarter = :quarter
AND rr.row_desc = '221'";"SELECT
cd.company_profile_id,
rr.row_desc AS ma_chi_tieu,
rr.row_name_vi AS ten_chi_tieu,
d.data_value AS 221_TSCD_HH
FROM IDS.data d
JOIN IDS.report_catalog rc ON d.report_catalog_id = rc.id
JOIN IDS.rrow rr ON rr.row_cd = d.row_cd
AND rr.report_catalog_id = d.report_catalog_id
JOIN IDS.rcol rc2 ON rc2.col_cd = d.col_cd
AND rc2.report_catalog_id = d.report_catalog_id
JOIN IDS.company_data cd ON d.company_data_id = cd.id
WHERE rc.enterprise_type_cd = 'dn'
AND rc.report_cd LIKE 'BCDKT%'
AND rc2.col_desc = '1'
AND cd.report_year = :year
AND cd.report_quarter = :quarter
AND rr.row_desc = '221'";;;;
21;;Dữ liệu tài chính về doanh nghiệp thông thường chi tiết - Bảng cân đối kế toán;Nguyên giá;222;Data Explorer;Chỉ tiêu cơ sở;Dễ;Ngày, CTDC, chỉ tiêu BC;IDS - GSĐC;;X;;Done;;"IDS.data (d),
IDS.report_catalog (rc),
IDS.rrow (rr),
IDS.rcol (rc2),
IDS.company_data (cd)";d.data_value AS 222_TSCD_HH_NG;"rc.enterprise_type_cd = 'dn'
AND rc.report_cd LIKE 'BCDKT%'
AND rc2.col_desc = '1'
AND cd.report_year = :year
AND cd.report_quarter = :quarter
AND rr.row_desc = '222'";"SELECT
cd.company_profile_id,
rr.row_desc AS ma_chi_tieu,
rr.row_name_vi AS ten_chi_tieu,
d.data_value AS 222_TSCD_HH_NG
FROM IDS.data d
JOIN IDS.report_catalog rc ON d.report_catalog_id = rc.id
JOIN IDS.rrow rr ON rr.row_cd = d.row_cd
AND rr.report_catalog_id = d.report_catalog_id
JOIN IDS.rcol rc2 ON rc2.col_cd = d.col_cd
AND rc2.report_catalog_id = d.report_catalog_id
JOIN IDS.company_data cd ON d.company_data_id = cd.id
WHERE rc.enterprise_type_cd = 'dn'
AND rc.report_cd LIKE 'BCDKT%'
AND rc2.col_desc = '1'
AND cd.report_year = :year
AND cd.report_quarter = :quarter
AND rr.row_desc = '222'";;;;
21;;Dữ liệu tài chính về doanh nghiệp thông thường chi tiết - Bảng cân đối kế toán;- Giá trị hao mòn lũy kế (*);223;Data Explorer;Chỉ tiêu cơ sở;Dễ;Ngày, CTDC, chỉ tiêu BC;IDS - GSĐC;;X;;Done;;"IDS.data (d),
IDS.report_catalog (rc),
IDS.rrow (rr),
IDS.rcol (rc2),
IDS.company_data (cd)";d.data_value AS 223_TSCD_HH_HM;"rc.enterprise_type_cd = 'dn'
AND rc.report_cd LIKE 'BCDKT%'
AND rc2.col_desc = '1'
AND cd.report_year = :year
AND cd.report_quarter = :quarter
AND rr.row_desc = '223'";"SELECT
cd.company_profile_id,
rr.row_desc AS ma_chi_tieu,
rr.row_name_vi AS ten_chi_tieu,
d.data_value AS 223_TSCD_HH_HM
FROM IDS.data d
JOIN IDS.report_catalog rc ON d.report_catalog_id = rc.id
JOIN IDS.rrow rr ON rr.row_cd = d.row_cd
AND rr.report_catalog_id = d.report_catalog_id
JOIN IDS.rcol rc2 ON rc2.col_cd = d.col_cd
AND rc2.report_catalog_id = d.report_catalog_id
JOIN IDS.company_data cd ON d.company_data_id = cd.id
WHERE rc.enterprise_type_cd = 'dn'
AND rc.report_cd LIKE 'BCDKT%'
AND rc2.col_desc = '1'
AND cd.report_year = :year
AND cd.report_quarter = :quarter
AND rr.row_desc = '223'";;;;
21;;Dữ liệu tài chính về doanh nghiệp thông thường chi tiết - Bảng cân đối kế toán;Nguyên giá;224;Data Explorer;Chỉ tiêu cơ sở;Dễ;Ngày, CTDC, chỉ tiêu BC;IDS - GSĐC;;X;;Done;;"IDS.data (d),
IDS.report_catalog (rc),
IDS.rrow (rr),
IDS.rcol (rc2),
IDS.company_data (cd)";d.data_value AS 224_TSCD_TTF;"rc.enterprise_type_cd = 'dn'
AND rc.report_cd LIKE 'BCDKT%'
AND rc2.col_desc = '1'
AND cd.report_year = :year
AND cd.report_quarter = :quarter
AND rr.row_desc = '224'";"SELECT
cd.company_profile_id,
rr.row_desc AS ma_chi_tieu,
rr.row_name_vi AS ten_chi_tieu,
d.data_value AS 224_TSCD_TTF
FROM IDS.data d
JOIN IDS.report_catalog rc ON d.report_catalog_id = rc.id
JOIN IDS.rrow rr ON rr.row_cd = d.row_cd
AND rr.report_catalog_id = d.report_catalog_id
JOIN IDS.rcol rc2 ON rc2.col_cd = d.col_cd
AND rc2.report_catalog_id = d.report_catalog_id
JOIN IDS.company_data cd ON d.company_data_id = cd.id
WHERE rc.enterprise_type_cd = 'dn'
AND rc.report_cd LIKE 'BCDKT%'
AND rc2.col_desc = '1'
AND cd.report_year = :year
AND cd.report_quarter = :quarter
AND rr.row_desc = '224'";;;;
21;;Dữ liệu tài chính về doanh nghiệp thông thường chi tiết - Bảng cân đối kế toán;2. Tài sản cố định thuê tài chính;225;Data Explorer;Chỉ tiêu cơ sở;Dễ;Ngày, CTDC, chỉ tiêu BC;IDS - GSĐC;;X;;Done;;"IDS.data (d),
IDS.report_catalog (rc),
IDS.rrow (rr),
IDS.rcol (rc2),
IDS.company_data (cd)";d.data_value AS 225_TSCD_TTF_NG;"rc.enterprise_type_cd = 'dn'
AND rc.report_cd LIKE 'BCDKT%'
AND rc2.col_desc = '1'
AND cd.report_year = :year
AND cd.report_quarter = :quarter
AND rr.row_desc = '225'";"SELECT
cd.company_profile_id,
rr.row_desc AS ma_chi_tieu,
rr.row_name_vi AS ten_chi_tieu,
d.data_value AS 225_TSCD_TTF_NG
FROM IDS.data d
JOIN IDS.report_catalog rc ON d.report_catalog_id = rc.id
JOIN IDS.rrow rr ON rr.row_cd = d.row_cd
AND rr.report_catalog_id = d.report_catalog_id
JOIN IDS.rcol rc2 ON rc2.col_cd = d.col_cd
AND rc2.report_catalog_id = d.report_catalog_id
JOIN IDS.company_data cd ON d.company_data_id = cd.id
WHERE rc.enterprise_type_cd = 'dn'
AND rc.report_cd LIKE 'BCDKT%'
AND rc2.col_desc = '1'
AND cd.report_year = :year
AND cd.report_quarter = :quarter
AND rr.row_desc = '225'";;;;
21;;Dữ liệu tài chính về doanh nghiệp thông thường chi tiết - Bảng cân đối kế toán;- Giá trị hao mòn lũy kế (*);226;Data Explorer;Chỉ tiêu cơ sở;Dễ;Ngày, CTDC, chỉ tiêu BC;IDS - GSĐC;;X;;Done;;"IDS.data (d),
IDS.report_catalog (rc),
IDS.rrow (rr),
IDS.rcol (rc2),
IDS.company_data (cd)";d.data_value AS 226_TSCD_TTF_HM;"rc.enterprise_type_cd = 'dn'
AND rc.report_cd LIKE 'BCDKT%'
AND rc2.col_desc = '1'
AND cd.report_year = :year
AND cd.report_quarter = :quarter
AND rr.row_desc = '226'";"SELECT
cd.company_profile_id,
rr.row_desc AS ma_chi_tieu,
rr.row_name_vi AS ten_chi_tieu,
d.data_value AS 226_TSCD_TTF_HM
FROM IDS.data d
JOIN IDS.report_catalog rc ON d.report_catalog_id = rc.id
JOIN IDS.rrow rr ON rr.row_cd = d.row_cd
AND rr.report_catalog_id = d.report_catalog_id
JOIN IDS.rcol rc2 ON rc2.col_cd = d.col_cd
AND rc2.report_catalog_id = d.report_catalog_id
JOIN IDS.company_data cd ON d.company_data_id = cd.id
WHERE rc.enterprise_type_cd = 'dn'
AND rc.report_cd LIKE 'BCDKT%'
AND rc2.col_desc = '1'
AND cd.report_year = :year
AND cd.report_quarter = :quarter
AND rr.row_desc = '226'";;;;
21;;Dữ liệu tài chính về doanh nghiệp thông thường chi tiết - Bảng cân đối kế toán;3. Tài sản cố định vô hình;227;Data Explorer;Chỉ tiêu cơ sở;Dễ;Ngày, CTDC, chỉ tiêu BC;IDS - GSĐC;;X;;Done;;"IDS.data (d),
IDS.report_catalog (rc),
IDS.rrow (rr),
IDS.rcol (rc2),
IDS.company_data (cd)";d.data_value AS 227_TSCD_VH;"rc.enterprise_type_cd = 'dn'
AND rc.report_cd LIKE 'BCDKT%'
AND rc2.col_desc = '1'
AND cd.report_year = :year
AND cd.report_quarter = :quarter
AND rr.row_desc = '227'";"SELECT
cd.company_profile_id,
rr.row_desc AS ma_chi_tieu,
rr.row_name_vi AS ten_chi_tieu,
d.data_value AS 227_TSCD_VH
FROM IDS.data d
JOIN IDS.report_catalog rc ON d.report_catalog_id = rc.id
JOIN IDS.rrow rr ON rr.row_cd = d.row_cd
AND rr.report_catalog_id = d.report_catalog_id
JOIN IDS.rcol rc2 ON rc2.col_cd = d.col_cd
AND rc2.report_catalog_id = d.report_catalog_id
JOIN IDS.company_data cd ON d.company_data_id = cd.id
WHERE rc.enterprise_type_cd = 'dn'
AND rc.report_cd LIKE 'BCDKT%'
AND rc2.col_desc = '1'
AND cd.report_year = :year
AND cd.report_quarter = :quarter
AND rr.row_desc = '227'";;;;
21;;Dữ liệu tài chính về doanh nghiệp thông thường chi tiết - Bảng cân đối kế toán;Nguyên giá;228;Data Explorer;Chỉ tiêu cơ sở;Dễ;Ngày, CTDC, chỉ tiêu BC;IDS - GSĐC;;X;;Done;;"IDS.data (d),
IDS.report_catalog (rc),
IDS.rrow (rr),
IDS.rcol (rc2),
IDS.company_data (cd)";d.data_value AS 228_TSCD_VH_NG;"rc.enterprise_type_cd = 'dn'
AND rc.report_cd LIKE 'BCDKT%'
AND rc2.col_desc = '1'
AND cd.report_year = :year
AND cd.report_quarter = :quarter
AND rr.row_desc = '228'";"SELECT
cd.company_profile_id,
rr.row_desc AS ma_chi_tieu,
rr.row_name_vi AS ten_chi_tieu,
d.data_value AS 228_TSCD_VH_NG
FROM IDS.data d
JOIN IDS.report_catalog rc ON d.report_catalog_id = rc.id
JOIN IDS.rrow rr ON rr.row_cd = d.row_cd
AND rr.report_catalog_id = d.report_catalog_id
JOIN IDS.rcol rc2 ON rc2.col_cd = d.col_cd
AND rc2.report_catalog_id = d.report_catalog_id
JOIN IDS.company_data cd ON d.company_data_id = cd.id
WHERE rc.enterprise_type_cd = 'dn'
AND rc.report_cd LIKE 'BCDKT%'
AND rc2.col_desc = '1'
AND cd.report_year = :year
AND cd.report_quarter = :quarter
AND rr.row_desc = '228'";;;;
21;;Dữ liệu tài chính về doanh nghiệp thông thường chi tiết - Bảng cân đối kế toán;- Giá trị hao mòn lũy kế (*);229;Data Explorer;Chỉ tiêu cơ sở;Dễ;Ngày, CTDC, chỉ tiêu BC;IDS - GSĐC;;X;;Done;;"IDS.data (d),
IDS.report_catalog (rc),
IDS.rrow (rr),
IDS.rcol (rc2),
IDS.company_data (cd)";d.data_value AS 229_TSCD_VH_HM;"rc.enterprise_type_cd = 'dn'
AND rc.report_cd LIKE 'BCDKT%'
AND rc2.col_desc = '1'
AND cd.report_year = :year
AND cd.report_quarter = :quarter
AND rr.row_desc = '229'";"SELECT
cd.company_profile_id,
rr.row_desc AS ma_chi_tieu,
rr.row_name_vi AS ten_chi_tieu,
d.data_value AS 229_TSCD_VH_HM
FROM IDS.data d
JOIN IDS.report_catalog rc ON d.report_catalog_id = rc.id
JOIN IDS.rrow rr ON rr.row_cd = d.row_cd
AND rr.report_catalog_id = d.report_catalog_id
JOIN IDS.rcol rc2 ON rc2.col_cd = d.col_cd
AND rc2.report_catalog_id = d.report_catalog_id
JOIN IDS.company_data cd ON d.company_data_id = cd.id
WHERE rc.enterprise_type_cd = 'dn'
AND rc.report_cd LIKE 'BCDKT%'
AND rc2.col_desc = '1'
AND cd.report_year = :year
AND cd.report_quarter = :quarter
AND rr.row_desc = '229'";;;;
21;;Dữ liệu tài chính về doanh nghiệp thông thường chi tiết - Bảng cân đối kế toán;III – Bất động sản đầu tư;230;Data Explorer;Chỉ tiêu cơ sở;Dễ;Ngày, CTDC, chỉ tiêu BC;IDS - GSĐC;;X;;Done;;"IDS.data (d),
IDS.report_catalog (rc),
IDS.rrow (rr),
IDS.rcol (rc2),
IDS.company_data (cd)";d.data_value AS 230_BDSDTU;"rc.enterprise_type_cd = 'dn'
AND rc.report_cd LIKE 'BCDKT%'
AND rc2.col_desc = '1'
AND cd.report_year = :year
AND cd.report_quarter = :quarter
AND rr.row_desc = '230'";"SELECT
cd.company_profile_id,
rr.row_desc AS ma_chi_tieu,
rr.row_name_vi AS ten_chi_tieu,
d.data_value AS 230_BDSDTU
FROM IDS.data d
JOIN IDS.report_catalog rc ON d.report_catalog_id = rc.id
JOIN IDS.rrow rr ON rr.row_cd = d.row_cd
AND rr.report_catalog_id = d.report_catalog_id
JOIN IDS.rcol rc2 ON rc2.col_cd = d.col_cd
AND rc2.report_catalog_id = d.report_catalog_id
JOIN IDS.company_data cd ON d.company_data_id = cd.id
WHERE rc.enterprise_type_cd = 'dn'
AND rc.report_cd LIKE 'BCDKT%'
AND rc2.col_desc = '1'
AND cd.report_year = :year
AND cd.report_quarter = :quarter
AND rr.row_desc = '230'";;;;
21;;Dữ liệu tài chính về doanh nghiệp thông thường chi tiết - Bảng cân đối kế toán;Nguyên giá;231;Data Explorer;Chỉ tiêu cơ sở;Dễ;Ngày, CTDC, chỉ tiêu BC;IDS - GSĐC;;X;;Done;;"IDS.data (d),
IDS.report_catalog (rc),
IDS.rrow (rr),
IDS.rcol (rc2),
IDS.company_data (cd)";d.data_value AS 231_BDSDTU_NG;"rc.enterprise_type_cd = 'dn'
AND rc.report_cd LIKE 'BCDKT%'
AND rc2.col_desc = '1'
AND cd.report_year = :year
AND cd.report_quarter = :quarter
AND rr.row_desc = '231'";"SELECT
cd.company_profile_id,
rr.row_desc AS ma_chi_tieu,
rr.row_name_vi AS ten_chi_tieu,
d.data_value AS 231_BDSDTU_NG
FROM IDS.data d
JOIN IDS.report_catalog rc ON d.report_catalog_id = rc.id
JOIN IDS.rrow rr ON rr.row_cd = d.row_cd
AND rr.report_catalog_id = d.report_catalog_id
JOIN IDS.rcol rc2 ON rc2.col_cd = d.col_cd
AND rc2.report_catalog_id = d.report_catalog_id
JOIN IDS.company_data cd ON d.company_data_id = cd.id
WHERE rc.enterprise_type_cd = 'dn'
AND rc.report_cd LIKE 'BCDKT%'
AND rc2.col_desc = '1'
AND cd.report_year = :year
AND cd.report_quarter = :quarter
AND rr.row_desc = '231'";;;;
21;;Dữ liệu tài chính về doanh nghiệp thông thường chi tiết - Bảng cân đối kế toán;- Giá trị hao mòn lũy kế (*);232;Data Explorer;Chỉ tiêu cơ sở;Dễ;Ngày, CTDC, chỉ tiêu BC;IDS - GSĐC;;X;;Done;;"IDS.data (d),
IDS.report_catalog (rc),
IDS.rrow (rr),
IDS.rcol (rc2),
IDS.company_data (cd)";d.data_value AS 232_BDSDTU_HM;"rc.enterprise_type_cd = 'dn'
AND rc.report_cd LIKE 'BCDKT%'
AND rc2.col_desc = '1'
AND cd.report_year = :year
AND cd.report_quarter = :quarter
AND rr.row_desc = '232'";"SELECT
cd.company_profile_id,
rr.row_desc AS ma_chi_tieu,
rr.row_name_vi AS ten_chi_tieu,
d.data_value AS 232_BDSDTU_HM
FROM IDS.data d
JOIN IDS.report_catalog rc ON d.report_catalog_id = rc.id
JOIN IDS.rrow rr ON rr.row_cd = d.row_cd
AND rr.report_catalog_id = d.report_catalog_id
JOIN IDS.rcol rc2 ON rc2.col_cd = d.col_cd
AND rc2.report_catalog_id = d.report_catalog_id
JOIN IDS.company_data cd ON d.company_data_id = cd.id
WHERE rc.enterprise_type_cd = 'dn'
AND rc.report_cd LIKE 'BCDKT%'
AND rc2.col_desc = '1'
AND cd.report_year = :year
AND cd.report_quarter = :quarter
AND rr.row_desc = '232'";;;;
21;;Dữ liệu tài chính về doanh nghiệp thông thường chi tiết - Bảng cân đối kế toán;IV – Tài sản dở dang dài hạn;240;Data Explorer;Chỉ tiêu cơ sở;Dễ;Ngày, CTDC, chỉ tiêu BC;IDS - GSĐC;;X;;Done;;"IDS.data (d),
IDS.report_catalog (rc),
IDS.rrow (rr),
IDS.rcol (rc2),
IDS.company_data (cd)";d.data_value AS 240_TS_DDDH;"rc.enterprise_type_cd = 'dn'
AND rc.report_cd LIKE 'BCDKT%'
AND rc2.col_desc = '1'
AND cd.report_year = :year
AND cd.report_quarter = :quarter
AND rr.row_desc = '240'";"SELECT
cd.company_profile_id,
rr.row_desc AS ma_chi_tieu,
rr.row_name_vi AS ten_chi_tieu,
d.data_value AS 240_TS_DDDH
FROM IDS.data d
JOIN IDS.report_catalog rc ON d.report_catalog_id = rc.id
JOIN IDS.rrow rr ON rr.row_cd = d.row_cd
AND rr.report_catalog_id = d.report_catalog_id
JOIN IDS.rcol rc2 ON rc2.col_cd = d.col_cd
AND rc2.report_catalog_id = d.report_catalog_id
JOIN IDS.company_data cd ON d.company_data_id = cd.id
WHERE rc.enterprise_type_cd = 'dn'
AND rc.report_cd LIKE 'BCDKT%'
AND rc2.col_desc = '1'
AND cd.report_year = :year
AND cd.report_quarter = :quarter
AND rr.row_desc = '240'";;;;
21;;Dữ liệu tài chính về doanh nghiệp thông thường chi tiết - Bảng cân đối kế toán;1. Chi phí sản xuất, kinh doanh dở dang dài hạn;241;Data Explorer;Chỉ tiêu cơ sở;Dễ;Ngày, CTDC, chỉ tiêu BC;IDS - GSĐC;;X;;Done;;"IDS.data (d),
IDS.report_catalog (rc),
IDS.rrow (rr),
IDS.rcol (rc2),
IDS.company_data (cd)";d.data_value AS 241_CPSX_DDDH;"rc.enterprise_type_cd = 'dn'
AND rc.report_cd LIKE 'BCDKT%'
AND rc2.col_desc = '1'
AND cd.report_year = :year
AND cd.report_quarter = :quarter
AND rr.row_desc = '241'";"SELECT
cd.company_profile_id,
rr.row_desc AS ma_chi_tieu,
rr.row_name_vi AS ten_chi_tieu,
d.data_value AS 241_CPSX_DDDH
FROM IDS.data d
JOIN IDS.report_catalog rc ON d.report_catalog_id = rc.id
JOIN IDS.rrow rr ON rr.row_cd = d.row_cd
AND rr.report_catalog_id = d.report_catalog_id
JOIN IDS.rcol rc2 ON rc2.col_cd = d.col_cd
AND rc2.report_catalog_id = d.report_catalog_id
JOIN IDS.company_data cd ON d.company_data_id = cd.id
WHERE rc.enterprise_type_cd = 'dn'
AND rc.report_cd LIKE 'BCDKT%'
AND rc2.col_desc = '1'
AND cd.report_year = :year
AND cd.report_quarter = :quarter
AND rr.row_desc = '241'";;;;
21;;Dữ liệu tài chính về doanh nghiệp thông thường chi tiết - Bảng cân đối kế toán;2. Chi phí xây dựng cơ bản dở dang;242;Data Explorer;Chỉ tiêu cơ sở;Dễ;Ngày, CTDC, chỉ tiêu BC;IDS - GSĐC;;X;;Done;;"IDS.data (d),
IDS.report_catalog (rc),
IDS.rrow (rr),
IDS.rcol (rc2),
IDS.company_data (cd)";d.data_value AS 242_CPXDCB_DD;"rc.enterprise_type_cd = 'dn'
AND rc.report_cd LIKE 'BCDKT%'
AND rc2.col_desc = '1'
AND cd.report_year = :year
AND cd.report_quarter = :quarter
AND rr.row_desc = '242'";"SELECT
cd.company_profile_id,
rr.row_desc AS ma_chi_tieu,
rr.row_name_vi AS ten_chi_tieu,
d.data_value AS 242_CPXDCB_DD
FROM IDS.data d
JOIN IDS.report_catalog rc ON d.report_catalog_id = rc.id
JOIN IDS.rrow rr ON rr.row_cd = d.row_cd
AND rr.report_catalog_id = d.report_catalog_id
JOIN IDS.rcol rc2 ON rc2.col_cd = d.col_cd
AND rc2.report_catalog_id = d.report_catalog_id
JOIN IDS.company_data cd ON d.company_data_id = cd.id
WHERE rc.enterprise_type_cd = 'dn'
AND rc.report_cd LIKE 'BCDKT%'
AND rc2.col_desc = '1'
AND cd.report_year = :year
AND cd.report_quarter = :quarter
AND rr.row_desc = '242'";;;;
21;;Dữ liệu tài chính về doanh nghiệp thông thường chi tiết - Bảng cân đối kế toán;V – Đầu tư tài chính dài hạn;250;Data Explorer;Chỉ tiêu cơ sở;Dễ;Ngày, CTDC, chỉ tiêu BC;IDS - GSĐC;;X;;Done;;"IDS.data (d),
IDS.report_catalog (rc),
IDS.rrow (rr),
IDS.rcol (rc2),
IDS.company_data (cd)";d.data_value AS 250_DTTC_DH;"rc.enterprise_type_cd = 'dn'
AND rc.report_cd LIKE 'BCDKT%'
AND rc2.col_desc = '1'
AND cd.report_year = :year
AND cd.report_quarter = :quarter
AND rr.row_desc = '250'";"SELECT
cd.company_profile_id,
rr.row_desc AS ma_chi_tieu,
rr.row_name_vi AS ten_chi_tieu,
d.data_value AS 250_DTTC_DH
FROM IDS.data d
JOIN IDS.report_catalog rc ON d.report_catalog_id = rc.id
JOIN IDS.rrow rr ON rr.row_cd = d.row_cd
AND rr.report_catalog_id = d.report_catalog_id
JOIN IDS.rcol rc2 ON rc2.col_cd = d.col_cd
AND rc2.report_catalog_id = d.report_catalog_id
JOIN IDS.company_data cd ON d.company_data_id = cd.id
WHERE rc.enterprise_type_cd = 'dn'
AND rc.report_cd LIKE 'BCDKT%'
AND rc2.col_desc = '1'
AND cd.report_year = :year
AND cd.report_quarter = :quarter
AND rr.row_desc = '250'";;;;
21;;Dữ liệu tài chính về doanh nghiệp thông thường chi tiết - Bảng cân đối kế toán;1. Đầu tư vào công ty con;251;Data Explorer;Chỉ tiêu cơ sở;Dễ;Ngày, CTDC, chỉ tiêu BC;IDS - GSĐC;;X;;Done;;"IDS.data (d),
IDS.report_catalog (rc),
IDS.rrow (rr),
IDS.rcol (rc2),
IDS.company_data (cd)";d.data_value AS 251_DT_CTCON;"rc.enterprise_type_cd = 'dn'
AND rc.report_cd LIKE 'BCDKT%'
AND rc2.col_desc = '1'
AND cd.report_year = :year
AND cd.report_quarter = :quarter
AND rr.row_desc = '251'";"SELECT
cd.company_profile_id,
rr.row_desc AS ma_chi_tieu,
rr.row_name_vi AS ten_chi_tieu,
d.data_value AS 251_DT_CTCON
FROM IDS.data d
JOIN IDS.report_catalog rc ON d.report_catalog_id = rc.id
JOIN IDS.rrow rr ON rr.row_cd = d.row_cd
AND rr.report_catalog_id = d.report_catalog_id
JOIN IDS.rcol rc2 ON rc2.col_cd = d.col_cd
AND rc2.report_catalog_id = d.report_catalog_id
JOIN IDS.company_data cd ON d.company_data_id = cd.id
WHERE rc.enterprise_type_cd = 'dn'
AND rc.report_cd LIKE 'BCDKT%'
AND rc2.col_desc = '1'
AND cd.report_year = :year
AND cd.report_quarter = :quarter
AND rr.row_desc = '251'";;;;
21;;Dữ liệu tài chính về doanh nghiệp thông thường chi tiết - Bảng cân đối kế toán;2. Đầu tư vào công ty liên doanh, liên kết;252;Data Explorer;Chỉ tiêu cơ sở;Dễ;Ngày, CTDC, chỉ tiêu BC;IDS - GSĐC;;X;;Done;;"IDS.data (d),
IDS.report_catalog (rc),
IDS.rrow (rr),
IDS.rcol (rc2),
IDS.company_data (cd)";d.data_value AS 252_DT_LKLK;"rc.enterprise_type_cd = 'dn'
AND rc.report_cd LIKE 'BCDKT%'
AND rc2.col_desc = '1'
AND cd.report_year = :year
AND cd.report_quarter = :quarter
AND rr.row_desc = '252'";"SELECT
cd.company_profile_id,
rr.row_desc AS ma_chi_tieu,
rr.row_name_vi AS ten_chi_tieu,
d.data_value AS 252_DT_LKLK
FROM IDS.data d
JOIN IDS.report_catalog rc ON d.report_catalog_id = rc.id
JOIN IDS.rrow rr ON rr.row_cd = d.row_cd
AND rr.report_catalog_id = d.report_catalog_id
JOIN IDS.rcol rc2 ON rc2.col_cd = d.col_cd
AND rc2.report_catalog_id = d.report_catalog_id
JOIN IDS.company_data cd ON d.company_data_id = cd.id
WHERE rc.enterprise_type_cd = 'dn'
AND rc.report_cd LIKE 'BCDKT%'
AND rc2.col_desc = '1'
AND cd.report_year = :year
AND cd.report_quarter = :quarter
AND rr.row_desc = '252'";;;;
21;;Dữ liệu tài chính về doanh nghiệp thông thường chi tiết - Bảng cân đối kế toán;3. Đầu tư góp vốn vào đơn vị khác;253;Data Explorer;Chỉ tiêu cơ sở;Dễ;Ngày, CTDC, chỉ tiêu BC;IDS - GSĐC;;X;;Done;;"IDS.data (d),
IDS.report_catalog (rc),
IDS.rrow (rr),
IDS.rcol (rc2),
IDS.company_data (cd)";d.data_value AS 253_DT_GOPVON;"rc.enterprise_type_cd = 'dn'
AND rc.report_cd LIKE 'BCDKT%'
AND rc2.col_desc = '1'
AND cd.report_year = :year
AND cd.report_quarter = :quarter
AND rr.row_desc = '253'";"SELECT
cd.company_profile_id,
rr.row_desc AS ma_chi_tieu,
rr.row_name_vi AS ten_chi_tieu,
d.data_value AS 253_DT_GOPVON
FROM IDS.data d
JOIN IDS.report_catalog rc ON d.report_catalog_id = rc.id
JOIN IDS.rrow rr ON rr.row_cd = d.row_cd
AND rr.report_catalog_id = d.report_catalog_id
JOIN IDS.rcol rc2 ON rc2.col_cd = d.col_cd
AND rc2.report_catalog_id = d.report_catalog_id
JOIN IDS.company_data cd ON d.company_data_id = cd.id
WHERE rc.enterprise_type_cd = 'dn'
AND rc.report_cd LIKE 'BCDKT%'
AND rc2.col_desc = '1'
AND cd.report_year = :year
AND cd.report_quarter = :quarter
AND rr.row_desc = '253'";;;;
21;;Dữ liệu tài chính về doanh nghiệp thông thường chi tiết - Bảng cân đối kế toán;4. Dự phòng đầu tư tài chính dài hạn (*);254;Data Explorer;Chỉ tiêu cơ sở;Dễ;Ngày, CTDC, chỉ tiêu BC;IDS - GSĐC;;X;;Done;;"IDS.data (d),
IDS.report_catalog (rc),
IDS.rrow (rr),
IDS.rcol (rc2),
IDS.company_data (cd)";d.data_value AS 254_DP_DTTC_DH;"rc.enterprise_type_cd = 'dn'
AND rc.report_cd LIKE 'BCDKT%'
AND rc2.col_desc = '1'
AND cd.report_year = :year
AND cd.report_quarter = :quarter
AND rr.row_desc = '254'";"SELECT
cd.company_profile_id,
rr.row_desc AS ma_chi_tieu,
rr.row_name_vi AS ten_chi_tieu,
d.data_value AS 254_DP_DTTC_DH
FROM IDS.data d
JOIN IDS.report_catalog rc ON d.report_catalog_id = rc.id
JOIN IDS.rrow rr ON rr.row_cd = d.row_cd
AND rr.report_catalog_id = d.report_catalog_id
JOIN IDS.rcol rc2 ON rc2.col_cd = d.col_cd
AND rc2.report_catalog_id = d.report_catalog_id
JOIN IDS.company_data cd ON d.company_data_id = cd.id
WHERE rc.enterprise_type_cd = 'dn'
AND rc.report_cd LIKE 'BCDKT%'
AND rc2.col_desc = '1'
AND cd.report_year = :year
AND cd.report_quarter = :quarter
AND rr.row_desc = '254'";;;;
21;;Dữ liệu tài chính về doanh nghiệp thông thường chi tiết - Bảng cân đối kế toán;5. Đầu tư nắm giữ đến ngày đáo hạn;255;Data Explorer;Chỉ tiêu cơ sở;Dễ;Ngày, CTDC, chỉ tiêu BC;IDS - GSĐC;;X;;Done;;"IDS.data (d),
IDS.report_catalog (rc),
IDS.rrow (rr),
IDS.rcol (rc2),
IDS.company_data (cd)";d.data_value AS 255_DT_DAOHAN_DH;"rc.enterprise_type_cd = 'dn'
AND rc.report_cd LIKE 'BCDKT%'
AND rc2.col_desc = '1'
AND cd.report_year = :year
AND cd.report_quarter = :quarter
AND rr.row_desc = '255'";"SELECT
cd.company_profile_id,
rr.row_desc AS ma_chi_tieu,
rr.row_name_vi AS ten_chi_tieu,
d.data_value AS 255_DT_DAOHAN_DH
FROM IDS.data d
JOIN IDS.report_catalog rc ON d.report_catalog_id = rc.id
JOIN IDS.rrow rr ON rr.row_cd = d.row_cd
AND rr.report_catalog_id = d.report_catalog_id
JOIN IDS.rcol rc2 ON rc2.col_cd = d.col_cd
AND rc2.report_catalog_id = d.report_catalog_id
JOIN IDS.company_data cd ON d.company_data_id = cd.id
WHERE rc.enterprise_type_cd = 'dn'
AND rc.report_cd LIKE 'BCDKT%'
AND rc2.col_desc = '1'
AND cd.report_year = :year
AND cd.report_quarter = :quarter
AND rr.row_desc = '255'";;;;
21;;Dữ liệu tài chính về doanh nghiệp thông thường chi tiết - Bảng cân đối kế toán;VI – Tài sản dài hạn khác;260;Data Explorer;Chỉ tiêu cơ sở;Dễ;Ngày, CTDC, chỉ tiêu BC;IDS - GSĐC;;X;;Done;;"IDS.data (d),
IDS.report_catalog (rc),
IDS.rrow (rr),
IDS.rcol (rc2),
IDS.company_data (cd)";d.data_value AS 260_TSDH_KHAC;"rc.enterprise_type_cd = 'dn'
AND rc.report_cd LIKE 'BCDKT%'
AND rc2.col_desc = '1'
AND cd.report_year = :year
AND cd.report_quarter = :quarter
AND rr.row_desc = '260'";"SELECT
cd.company_profile_id,
rr.row_desc AS ma_chi_tieu,
rr.row_name_vi AS ten_chi_tieu,
d.data_value AS 260_TSDH_KHAC
FROM IDS.data d
JOIN IDS.report_catalog rc ON d.report_catalog_id = rc.id
JOIN IDS.rrow rr ON rr.row_cd = d.row_cd
AND rr.report_catalog_id = d.report_catalog_id
JOIN IDS.rcol rc2 ON rc2.col_cd = d.col_cd
AND rc2.report_catalog_id = d.report_catalog_id
JOIN IDS.company_data cd ON d.company_data_id = cd.id
WHERE rc.enterprise_type_cd = 'dn'
AND rc.report_cd LIKE 'BCDKT%'
AND rc2.col_desc = '1'
AND cd.report_year = :year
AND cd.report_quarter = :quarter
AND rr.row_desc = '260'";;;;
21;;Dữ liệu tài chính về doanh nghiệp thông thường chi tiết - Bảng cân đối kế toán;1. Chi phí trả trước dài hạn;261;Data Explorer;Chỉ tiêu cơ sở;Dễ;Ngày, CTDC, chỉ tiêu BC;IDS - GSĐC;;X;;Done;;"IDS.data (d),
IDS.report_catalog (rc),
IDS.rrow (rr),
IDS.rcol (rc2),
IDS.company_data (cd)";d.data_value AS 261_CPTT_DH;"rc.enterprise_type_cd = 'dn'
AND rc.report_cd LIKE 'BCDKT%'
AND rc2.col_desc = '1'
AND cd.report_year = :year
AND cd.report_quarter = :quarter
AND rr.row_desc = '261'";"SELECT
cd.company_profile_id,
rr.row_desc AS ma_chi_tieu,
rr.row_name_vi AS ten_chi_tieu,
d.data_value AS 261_CPTT_DH
FROM IDS.data d
JOIN IDS.report_catalog rc ON d.report_catalog_id = rc.id
JOIN IDS.rrow rr ON rr.row_cd = d.row_cd
AND rr.report_catalog_id = d.report_catalog_id
JOIN IDS.rcol rc2 ON rc2.col_cd = d.col_cd
AND rc2.report_catalog_id = d.report_catalog_id
JOIN IDS.company_data cd ON d.company_data_id = cd.id
WHERE rc.enterprise_type_cd = 'dn'
AND rc.report_cd LIKE 'BCDKT%'
AND rc2.col_desc = '1'
AND cd.report_year = :year
AND cd.report_quarter = :quarter
AND rr.row_desc = '261'";;;;
21;;Dữ liệu tài chính về doanh nghiệp thông thường chi tiết - Bảng cân đối kế toán;2. Tài sản thuế thu nhập hoãn lại;262;Data Explorer;Chỉ tiêu cơ sở;Dễ;Ngày, CTDC, chỉ tiêu BC;IDS - GSĐC;;X;;Done;;"IDS.data (d),
IDS.report_catalog (rc),
IDS.rrow (rr),
IDS.rcol (rc2),
IDS.company_data (cd)";d.data_value AS 262_TS_THUE_HOANL;"rc.enterprise_type_cd = 'dn'
AND rc.report_cd LIKE 'BCDKT%'
AND rc2.col_desc = '1'
AND cd.report_year = :year
AND cd.report_quarter = :quarter
AND rr.row_desc = '262'";"SELECT
cd.company_profile_id,
rr.row_desc AS ma_chi_tieu,
rr.row_name_vi AS ten_chi_tieu,
d.data_value AS 262_TS_THUE_HOANL
FROM IDS.data d
JOIN IDS.report_catalog rc ON d.report_catalog_id = rc.id
JOIN IDS.rrow rr ON rr.row_cd = d.row_cd
AND rr.report_catalog_id = d.report_catalog_id
JOIN IDS.rcol rc2 ON rc2.col_cd = d.col_cd
AND rc2.report_catalog_id = d.report_catalog_id
JOIN IDS.company_data cd ON d.company_data_id = cd.id
WHERE rc.enterprise_type_cd = 'dn'
AND rc.report_cd LIKE 'BCDKT%'
AND rc2.col_desc = '1'
AND cd.report_year = :year
AND cd.report_quarter = :quarter
AND rr.row_desc = '262'";;;;
21;;Dữ liệu tài chính về doanh nghiệp thông thường chi tiết - Bảng cân đối kế toán;3. Thiết bị, vật tư, phụ tùng thay thế dài hạn;263;Data Explorer;Chỉ tiêu cơ sở;Dễ;Ngày, CTDC, chỉ tiêu BC;IDS - GSĐC;;X;;Done;;"IDS.data (d),
IDS.report_catalog (rc),
IDS.rrow (rr),
IDS.rcol (rc2),
IDS.company_data (cd)";d.data_value AS 263_VATTU_THAYTHE;"rc.enterprise_type_cd = 'dn'
AND rc.report_cd LIKE 'BCDKT%'
AND rc2.col_desc = '1'
AND cd.report_year = :year
AND cd.report_quarter = :quarter
AND rr.row_desc = '263'";"SELECT
cd.company_profile_id,
rr.row_desc AS ma_chi_tieu,
rr.row_name_vi AS ten_chi_tieu,
d.data_value AS 263_VATTU_THAYTHE
FROM IDS.data d
JOIN IDS.report_catalog rc ON d.report_catalog_id = rc.id
JOIN IDS.rrow rr ON rr.row_cd = d.row_cd
AND rr.report_catalog_id = d.report_catalog_id
JOIN IDS.rcol rc2 ON rc2.col_cd = d.col_cd
AND rc2.report_catalog_id = d.report_catalog_id
JOIN IDS.company_data cd ON d.company_data_id = cd.id
WHERE rc.enterprise_type_cd = 'dn'
AND rc.report_cd LIKE 'BCDKT%'
AND rc2.col_desc = '1'
AND cd.report_year = :year
AND cd.report_quarter = :quarter
AND rr.row_desc = '263'";;;;
21;;Dữ liệu tài chính về doanh nghiệp thông thường chi tiết - Bảng cân đối kế toán;4. Tài sản dài hạn khác;268;Data Explorer;Chỉ tiêu cơ sở;Dễ;Ngày, CTDC, chỉ tiêu BC;IDS - GSĐC;;X;;Done;;"IDS.data (d),
IDS.report_catalog (rc),
IDS.rrow (rr),
IDS.rcol (rc2),
IDS.company_data (cd)";d.data_value AS 268_TSDH_KHAC;"rc.enterprise_type_cd = 'dn'
AND rc.report_cd LIKE 'BCDKT%'
AND rc2.col_desc = '1'
AND cd.report_year = :year
AND cd.report_quarter = :quarter
AND rr.row_desc = '268'";"SELECT
cd.company_profile_id,
rr.row_desc AS ma_chi_tieu,
rr.row_name_vi AS ten_chi_tieu,
d.data_value AS 268_TSDH_KHAC
FROM IDS.data d
JOIN IDS.report_catalog rc ON d.report_catalog_id = rc.id
JOIN IDS.rrow rr ON rr.row_cd = d.row_cd
AND rr.report_catalog_id = d.report_catalog_id
JOIN IDS.rcol rc2 ON rc2.col_cd = d.col_cd
AND rc2.report_catalog_id = d.report_catalog_id
JOIN IDS.company_data cd ON d.company_data_id = cd.id
WHERE rc.enterprise_type_cd = 'dn'
AND rc.report_cd LIKE 'BCDKT%'
AND rc2.col_desc = '1'
AND cd.report_year = :year
AND cd.report_quarter = :quarter
AND rr.row_desc = '268'";;;;
21;;Dữ liệu tài chính về doanh nghiệp thông thường chi tiết - Bảng cân đối kế toán;5. Lợi thế thương mại;269;Data Explorer;Chỉ tiêu cơ sở;Dễ;Ngày, CTDC, chỉ tiêu BC;IDS - GSĐC;;X;;Done;;"IDS.data (d),
IDS.report_catalog (rc),
IDS.rrow (rr),
IDS.rcol (rc2),
IDS.company_data (cd)";d.data_value AS 269_LTTM;"rc.enterprise_type_cd = 'dn'
AND rc.report_cd LIKE 'BCDKT%'
AND rc2.col_desc = '1'
AND cd.report_year = :year
AND cd.report_quarter = :quarter
AND rr.row_desc = '269'";"SELECT
cd.company_profile_id,
rr.row_desc AS ma_chi_tieu,
rr.row_name_vi AS ten_chi_tieu,
d.data_value AS 269_LTTM
FROM IDS.data d
JOIN IDS.report_catalog rc ON d.report_catalog_id = rc.id
JOIN IDS.rrow rr ON rr.row_cd = d.row_cd
AND rr.report_catalog_id = d.report_catalog_id
JOIN IDS.rcol rc2 ON rc2.col_cd = d.col_cd
AND rc2.report_catalog_id = d.report_catalog_id
JOIN IDS.company_data cd ON d.company_data_id = cd.id
WHERE rc.enterprise_type_cd = 'dn'
AND rc.report_cd LIKE 'BCDKT%'
AND rc2.col_desc = '1'
AND cd.report_year = :year
AND cd.report_quarter = :quarter
AND rr.row_desc = '269'";;;;
21;;Dữ liệu tài chính về doanh nghiệp thông thường chi tiết - Bảng cân đối kế toán;TỔNG CỘNG TÀI SẢN (270 = 100 + 200);270;Data Explorer;Chỉ tiêu cơ sở;Dễ;Ngày, CTDC, chỉ tiêu BC;IDS - GSĐC;;X;;Done;;"IDS.data (d),
IDS.report_catalog (rc),
IDS.rrow (rr),
IDS.rcol (rc2),
IDS.company_data (cd)";d.data_value AS 270_TONG_TS;"rc.enterprise_type_cd = 'dn'
AND rc.report_cd LIKE 'BCDKT%'
AND rc2.col_desc = '1'
AND cd.report_year = :year
AND cd.report_quarter = :quarter
AND rr.row_desc = '270'";"SELECT
cd.company_profile_id,
rr.row_desc AS ma_chi_tieu,
rr.row_name_vi AS ten_chi_tieu,
d.data_value AS 270_TONG_TS
FROM IDS.data d
JOIN IDS.report_catalog rc ON d.report_catalog_id = rc.id
JOIN IDS.rrow rr ON rr.row_cd = d.row_cd
AND rr.report_catalog_id = d.report_catalog_id
JOIN IDS.rcol rc2 ON rc2.col_cd = d.col_cd
AND rc2.report_catalog_id = d.report_catalog_id
JOIN IDS.company_data cd ON d.company_data_id = cd.id
WHERE rc.enterprise_type_cd = 'dn'
AND rc.report_cd LIKE 'BCDKT%'
AND rc2.col_desc = '1'
AND cd.report_year = :year
AND cd.report_quarter = :quarter
AND rr.row_desc = '270'";;;;
21;;Dữ liệu tài chính về doanh nghiệp thông thường chi tiết - Bảng cân đối kế toán;C – NỢ PHẢI TRẢ;300;Data Explorer;Chỉ tiêu cơ sở;Dễ;Ngày, CTDC, chỉ tiêu BC;IDS - GSĐC;;X;;Done;;"IDS.data (d),
IDS.report_catalog (rc),
IDS.rrow (rr),
IDS.rcol (rc2),
IDS.company_data (cd)";d.data_value AS 300_NPT;"rc.enterprise_type_cd = 'dn'
AND rc.report_cd LIKE 'BCDKT%'
AND rc2.col_desc = '1'
AND cd.report_year = :year
AND cd.report_quarter = :quarter
AND rr.row_desc = '300'";"SELECT
cd.company_profile_id,
rr.row_desc AS ma_chi_tieu,
rr.row_name_vi AS ten_chi_tieu,
d.data_value AS 300_NPT
FROM IDS.data d
JOIN IDS.report_catalog rc ON d.report_catalog_id = rc.id
JOIN IDS.rrow rr ON rr.row_cd = d.row_cd
AND rr.report_catalog_id = d.report_catalog_id
JOIN IDS.rcol rc2 ON rc2.col_cd = d.col_cd
AND rc2.report_catalog_id = d.report_catalog_id
JOIN IDS.company_data cd ON d.company_data_id = cd.id
WHERE rc.enterprise_type_cd = 'dn'
AND rc.report_cd LIKE 'BCDKT%'
AND rc2.col_desc = '1'
AND cd.report_year = :year
AND cd.report_quarter = :quarter
AND rr.row_desc = '300'";;;;
21;;Dữ liệu tài chính về doanh nghiệp thông thường chi tiết - Bảng cân đối kế toán;I – Nợ ngắn hạn;310;Data Explorer;Chỉ tiêu cơ sở;Dễ;Ngày, CTDC, chỉ tiêu BC;IDS - GSĐC;;X;;Done;;"IDS.data (d),
IDS.report_catalog (rc),
IDS.rrow (rr),
IDS.rcol (rc2),
IDS.company_data (cd)";d.data_value AS 310_NO_NH;"rc.enterprise_type_cd = 'dn'
AND rc.report_cd LIKE 'BCDKT%'
AND rc2.col_desc = '1'
AND cd.report_year = :year
AND cd.report_quarter = :quarter
AND rr.row_desc = '310'";"SELECT
cd.company_profile_id,
rr.row_desc AS ma_chi_tieu,
rr.row_name_vi AS ten_chi_tieu,
d.data_value AS 310_NO_NH
FROM IDS.data d
JOIN IDS.report_catalog rc ON d.report_catalog_id = rc.id
JOIN IDS.rrow rr ON rr.row_cd = d.row_cd
AND rr.report_catalog_id = d.report_catalog_id
JOIN IDS.rcol rc2 ON rc2.col_cd = d.col_cd
AND rc2.report_catalog_id = d.report_catalog_id
JOIN IDS.company_data cd ON d.company_data_id = cd.id
WHERE rc.enterprise_type_cd = 'dn'
AND rc.report_cd LIKE 'BCDKT%'
AND rc2.col_desc = '1'
AND cd.report_year = :year
AND cd.report_quarter = :quarter
AND rr.row_desc = '310'";;;;
21;;Dữ liệu tài chính về doanh nghiệp thông thường chi tiết - Bảng cân đối kế toán;1. Phải trả người bán ngắn hạn;311;Data Explorer;Chỉ tiêu cơ sở;Dễ;Ngày, CTDC, chỉ tiêu BC;IDS - GSĐC;;X;;Done;;"IDS.data (d),
IDS.report_catalog (rc),
IDS.rrow (rr),
IDS.rcol (rc2),
IDS.company_data (cd)";d.data_value AS 311_PTRANB_NH;"rc.enterprise_type_cd = 'dn'
AND rc.report_cd LIKE 'BCDKT%'
AND rc2.col_desc = '1'
AND cd.report_year = :year
AND cd.report_quarter = :quarter
AND rr.row_desc = '311'";"SELECT
cd.company_profile_id,
rr.row_desc AS ma_chi_tieu,
rr.row_name_vi AS ten_chi_tieu,
d.data_value AS 311_PTRANB_NH
FROM IDS.data d
JOIN IDS.report_catalog rc ON d.report_catalog_id = rc.id
JOIN IDS.rrow rr ON rr.row_cd = d.row_cd
AND rr.report_catalog_id = d.report_catalog_id
JOIN IDS.rcol rc2 ON rc2.col_cd = d.col_cd
AND rc2.report_catalog_id = d.report_catalog_id
JOIN IDS.company_data cd ON d.company_data_id = cd.id
WHERE rc.enterprise_type_cd = 'dn'
AND rc.report_cd LIKE 'BCDKT%'
AND rc2.col_desc = '1'
AND cd.report_year = :year
AND cd.report_quarter = :quarter
AND rr.row_desc = '311'";;;;
21;;Dữ liệu tài chính về doanh nghiệp thông thường chi tiết - Bảng cân đối kế toán;2. Người mua trả tiền trước ngắn hạn;312;Data Explorer;Chỉ tiêu cơ sở;Dễ;Ngày, CTDC, chỉ tiêu BC;IDS - GSĐC;;X;;Done;;"IDS.data (d),
IDS.report_catalog (rc),
IDS.rrow (rr),
IDS.rcol (rc2),
IDS.company_data (cd)";d.data_value AS 312_NGUOIMUA_TT_NH;"rc.enterprise_type_cd = 'dn'
AND rc.report_cd LIKE 'BCDKT%'
AND rc2.col_desc = '1'
AND cd.report_year = :year
AND cd.report_quarter = :quarter
AND rr.row_desc = '312'";"SELECT
cd.company_profile_id,
rr.row_desc AS ma_chi_tieu,
rr.row_name_vi AS ten_chi_tieu,
d.data_value AS 312_NGUOIMUA_TT_NH
FROM IDS.data d
JOIN IDS.report_catalog rc ON d.report_catalog_id = rc.id
JOIN IDS.rrow rr ON rr.row_cd = d.row_cd
AND rr.report_catalog_id = d.report_catalog_id
JOIN IDS.rcol rc2 ON rc2.col_cd = d.col_cd
AND rc2.report_catalog_id = d.report_catalog_id
JOIN IDS.company_data cd ON d.company_data_id = cd.id
WHERE rc.enterprise_type_cd = 'dn'
AND rc.report_cd LIKE 'BCDKT%'
AND rc2.col_desc = '1'
AND cd.report_year = :year
AND cd.report_quarter = :quarter
AND rr.row_desc = '312'";;;;
21;;Dữ liệu tài chính về doanh nghiệp thông thường chi tiết - Bảng cân đối kế toán;3. Thuế và các khoản phải nộp Nhà nước;313;Data Explorer;Chỉ tiêu cơ sở;Dễ;Ngày, CTDC, chỉ tiêu BC;IDS - GSĐC;;X;;Done;;"IDS.data (d),
IDS.report_catalog (rc),
IDS.rrow (rr),
IDS.rcol (rc2),
IDS.company_data (cd)";d.data_value AS 313_THUE_PNOP;"rc.enterprise_type_cd = 'dn'
AND rc.report_cd LIKE 'BCDKT%'
AND rc2.col_desc = '1'
AND cd.report_year = :year
AND cd.report_quarter = :quarter
AND rr.row_desc = '313'";"SELECT
cd.company_profile_id,
rr.row_desc AS ma_chi_tieu,
rr.row_name_vi AS ten_chi_tieu,
d.data_value AS 313_THUE_PNOP
FROM IDS.data d
JOIN IDS.report_catalog rc ON d.report_catalog_id = rc.id
JOIN IDS.rrow rr ON rr.row_cd = d.row_cd
AND rr.report_catalog_id = d.report_catalog_id
JOIN IDS.rcol rc2 ON rc2.col_cd = d.col_cd
AND rc2.report_catalog_id = d.report_catalog_id
JOIN IDS.company_data cd ON d.company_data_id = cd.id
WHERE rc.enterprise_type_cd = 'dn'
AND rc.report_cd LIKE 'BCDKT%'
AND rc2.col_desc = '1'
AND cd.report_year = :year
AND cd.report_quarter = :quarter
AND rr.row_desc = '313'";;;;
21;;Dữ liệu tài chính về doanh nghiệp thông thường chi tiết - Bảng cân đối kế toán;4. Phải trả người lao động;314;Data Explorer;Chỉ tiêu cơ sở;Dễ;Ngày, CTDC, chỉ tiêu BC;IDS - GSĐC;;X;;Done;;"IDS.data (d),
IDS.report_catalog (rc),
IDS.rrow (rr),
IDS.rcol (rc2),
IDS.company_data (cd)";d.data_value AS 314_PTRNLD;"rc.enterprise_type_cd = 'dn'
AND rc.report_cd LIKE 'BCDKT%'
AND rc2.col_desc = '1'
AND cd.report_year = :year
AND cd.report_quarter = :quarter
AND rr.row_desc = '314'";"SELECT
cd.company_profile_id,
rr.row_desc AS ma_chi_tieu,
rr.row_name_vi AS ten_chi_tieu,
d.data_value AS 314_PTRNLD
FROM IDS.data d
JOIN IDS.report_catalog rc ON d.report_catalog_id = rc.id
JOIN IDS.rrow rr ON rr.row_cd = d.row_cd
AND rr.report_catalog_id = d.report_catalog_id
JOIN IDS.rcol rc2 ON rc2.col_cd = d.col_cd
AND rc2.report_catalog_id = d.report_catalog_id
JOIN IDS.company_data cd ON d.company_data_id = cd.id
WHERE rc.enterprise_type_cd = 'dn'
AND rc.report_cd LIKE 'BCDKT%'
AND rc2.col_desc = '1'
AND cd.report_year = :year
AND cd.report_quarter = :quarter
AND rr.row_desc = '314'";;;;
21;;Dữ liệu tài chính về doanh nghiệp thông thường chi tiết - Bảng cân đối kế toán;5. Chi phí phải trả ngắn hạn;315;Data Explorer;Chỉ tiêu cơ sở;Dễ;Ngày, CTDC, chỉ tiêu BC;IDS - GSĐC;;X;;Done;;"IDS.data (d),
IDS.report_catalog (rc),
IDS.rrow (rr),
IDS.rcol (rc2),
IDS.company_data (cd)";d.data_value AS 315_CPPT_NH;"rc.enterprise_type_cd = 'dn'
AND rc.report_cd LIKE 'BCDKT%'
AND rc2.col_desc = '1'
AND cd.report_year = :year
AND cd.report_quarter = :quarter
AND rr.row_desc = '315'";"SELECT
cd.company_profile_id,
rr.row_desc AS ma_chi_tieu,
rr.row_name_vi AS ten_chi_tieu,
d.data_value AS 315_CPPT_NH
FROM IDS.data d
JOIN IDS.report_catalog rc ON d.report_catalog_id = rc.id
JOIN IDS.rrow rr ON rr.row_cd = d.row_cd
AND rr.report_catalog_id = d.report_catalog_id
JOIN IDS.rcol rc2 ON rc2.col_cd = d.col_cd
AND rc2.report_catalog_id = d.report_catalog_id
JOIN IDS.company_data cd ON d.company_data_id = cd.id
WHERE rc.enterprise_type_cd = 'dn'
AND rc.report_cd LIKE 'BCDKT%'
AND rc2.col_desc = '1'
AND cd.report_year = :year
AND cd.report_quarter = :quarter
AND rr.row_desc = '315'";;;;
21;;Dữ liệu tài chính về doanh nghiệp thông thường chi tiết - Bảng cân đối kế toán;6. Phải trả nội bộ ngắn hạn;316;Data Explorer;Chỉ tiêu cơ sở;Dễ;Ngày, CTDC, chỉ tiêu BC;IDS - GSĐC;;X;;Done;;"IDS.data (d),
IDS.report_catalog (rc),
IDS.rrow (rr),
IDS.rcol (rc2),
IDS.company_data (cd)";d.data_value AS 316_PTNOIBO_NH;"rc.enterprise_type_cd = 'dn'
AND rc.report_cd LIKE 'BCDKT%'
AND rc2.col_desc = '1'
AND cd.report_year = :year
AND cd.report_quarter = :quarter
AND rr.row_desc = '316'";"SELECT
cd.company_profile_id,
rr.row_desc AS ma_chi_tieu,
rr.row_name_vi AS ten_chi_tieu,
d.data_value AS 316_PTNOIBO_NH
FROM IDS.data d
JOIN IDS.report_catalog rc ON d.report_catalog_id = rc.id
JOIN IDS.rrow rr ON rr.row_cd = d.row_cd
AND rr.report_catalog_id = d.report_catalog_id
JOIN IDS.rcol rc2 ON rc2.col_cd = d.col_cd
AND rc2.report_catalog_id = d.report_catalog_id
JOIN IDS.company_data cd ON d.company_data_id = cd.id
WHERE rc.enterprise_type_cd = 'dn'
AND rc.report_cd LIKE 'BCDKT%'
AND rc2.col_desc = '1'
AND cd.report_year = :year
AND cd.report_quarter = :quarter
AND rr.row_desc = '316'";;;;
21;;Dữ liệu tài chính về doanh nghiệp thông thường chi tiết - Bảng cân đối kế toán;7. Phải trả theo tiến độ kế hoạch hợp đồng xây dựng;317;Data Explorer;Chỉ tiêu cơ sở;Dễ;Ngày, CTDC, chỉ tiêu BC;IDS - GSĐC;;X;;Done;;"IDS.data (d),
IDS.report_catalog (rc),
IDS.rrow (rr),
IDS.rcol (rc2),
IDS.company_data (cd)";d.data_value AS 317_PT_HDXD_NH;"rc.enterprise_type_cd = 'dn'
AND rc.report_cd LIKE 'BCDKT%'
AND rc2.col_desc = '1'
AND cd.report_year = :year
AND cd.report_quarter = :quarter
AND rr.row_desc = '317'";"SELECT
cd.company_profile_id,
rr.row_desc AS ma_chi_tieu,
rr.row_name_vi AS ten_chi_tieu,
d.data_value AS 317_PT_HDXD_NH
FROM IDS.data d
JOIN IDS.report_catalog rc ON d.report_catalog_id = rc.id
JOIN IDS.rrow rr ON rr.row_cd = d.row_cd
AND rr.report_catalog_id = d.report_catalog_id
JOIN IDS.rcol rc2 ON rc2.col_cd = d.col_cd
AND rc2.report_catalog_id = d.report_catalog_id
JOIN IDS.company_data cd ON d.company_data_id = cd.id
WHERE rc.enterprise_type_cd = 'dn'
AND rc.report_cd LIKE 'BCDKT%'
AND rc2.col_desc = '1'
AND cd.report_year = :year
AND cd.report_quarter = :quarter
AND rr.row_desc = '317'";;;;
21;;Dữ liệu tài chính về doanh nghiệp thông thường chi tiết - Bảng cân đối kế toán;8. Doanh thu chưa thực hiện ngắn hạn;318;Data Explorer;Chỉ tiêu cơ sở;Dễ;Ngày, CTDC, chỉ tiêu BC;IDS - GSĐC;;X;;Done;;"IDS.data (d),
IDS.report_catalog (rc),
IDS.rrow (rr),
IDS.rcol (rc2),
IDS.company_data (cd)";d.data_value AS 318_DTCTH_NH;"rc.enterprise_type_cd = 'dn'
AND rc.report_cd LIKE 'BCDKT%'
AND rc2.col_desc = '1'
AND cd.report_year = :year
AND cd.report_quarter = :quarter
AND rr.row_desc = '318'";"SELECT
cd.company_profile_id,
rr.row_desc AS ma_chi_tieu,
rr.row_name_vi AS ten_chi_tieu,
d.data_value AS 318_DTCTH_NH
FROM IDS.data d
JOIN IDS.report_catalog rc ON d.report_catalog_id = rc.id
JOIN IDS.rrow rr ON rr.row_cd = d.row_cd
AND rr.report_catalog_id = d.report_catalog_id
JOIN IDS.rcol rc2 ON rc2.col_cd = d.col_cd
AND rc2.report_catalog_id = d.report_catalog_id
JOIN IDS.company_data cd ON d.company_data_id = cd.id
WHERE rc.enterprise_type_cd = 'dn'
AND rc.report_cd LIKE 'BCDKT%'
AND rc2.col_desc = '1'
AND cd.report_year = :year
AND cd.report_quarter = :quarter
AND rr.row_desc = '318'";;;;
21;;Dữ liệu tài chính về doanh nghiệp thông thường chi tiết - Bảng cân đối kế toán;9. Phải trả ngắn hạn khác;319;Data Explorer;Chỉ tiêu cơ sở;Dễ;Ngày, CTDC, chỉ tiêu BC;IDS - GSĐC;;X;;Done;;"IDS.data (d),
IDS.report_catalog (rc),
IDS.rrow (rr),
IDS.rcol (rc2),
IDS.company_data (cd)";d.data_value AS 319_PT_NH_KHAC;"rc.enterprise_type_cd = 'dn'
AND rc.report_cd LIKE 'BCDKT%'
AND rc2.col_desc = '1'
AND cd.report_year = :year
AND cd.report_quarter = :quarter
AND rr.row_desc = '319'";"SELECT
cd.company_profile_id,
rr.row_desc AS ma_chi_tieu,
rr.row_name_vi AS ten_chi_tieu,
d.data_value AS 319_PT_NH_KHAC
FROM IDS.data d
JOIN IDS.report_catalog rc ON d.report_catalog_id = rc.id
JOIN IDS.rrow rr ON rr.row_cd = d.row_cd
AND rr.report_catalog_id = d.report_catalog_id
JOIN IDS.rcol rc2 ON rc2.col_cd = d.col_cd
AND rc2.report_catalog_id = d.report_catalog_id
JOIN IDS.company_data cd ON d.company_data_id = cd.id
WHERE rc.enterprise_type_cd = 'dn'
AND rc.report_cd LIKE 'BCDKT%'
AND rc2.col_desc = '1'
AND cd.report_year = :year
AND cd.report_quarter = :quarter
AND rr.row_desc = '319'";;;;
21;;Dữ liệu tài chính về doanh nghiệp thông thường chi tiết - Bảng cân đối kế toán;10. Vay và nợ thuê tài chính ngắn hạn;320;Data Explorer;Chỉ tiêu cơ sở;Dễ;Ngày, CTDC, chỉ tiêu BC;IDS - GSĐC;;X;;Done;;"IDS.data (d),
IDS.report_catalog (rc),
IDS.rrow (rr),
IDS.rcol (rc2),
IDS.company_data (cd)";d.data_value AS 320_VAY_NO_TTF_NH;"rc.enterprise_type_cd = 'dn'
AND rc.report_cd LIKE 'BCDKT%'
AND rc2.col_desc = '1'
AND cd.report_year = :year
AND cd.report_quarter = :quarter
AND rr.row_desc = '320'";"SELECT
cd.company_profile_id,
rr.row_desc AS ma_chi_tieu,
rr.row_name_vi AS ten_chi_tieu,
d.data_value AS 320_VAY_NO_TTF_NH
FROM IDS.data d
JOIN IDS.report_catalog rc ON d.report_catalog_id = rc.id
JOIN IDS.rrow rr ON rr.row_cd = d.row_cd
AND rr.report_catalog_id = d.report_catalog_id
JOIN IDS.rcol rc2 ON rc2.col_cd = d.col_cd
AND rc2.report_catalog_id = d.report_catalog_id
JOIN IDS.company_data cd ON d.company_data_id = cd.id
WHERE rc.enterprise_type_cd = 'dn'
AND rc.report_cd LIKE 'BCDKT%'
AND rc2.col_desc = '1'
AND cd.report_year = :year
AND cd.report_quarter = :quarter
AND rr.row_desc = '320'";;;;
21;;Dữ liệu tài chính về doanh nghiệp thông thường chi tiết - Bảng cân đối kế toán;11. Dự phòng phải trả ngắn hạn;321;Data Explorer;Chỉ tiêu cơ sở;Dễ;Ngày, CTDC, chỉ tiêu BC;IDS - GSĐC;;X;;Done;;"IDS.data (d),
IDS.report_catalog (rc),
IDS.rrow (rr),
IDS.rcol (rc2),
IDS.company_data (cd)";d.data_value AS 321_DPPT_NH;"rc.enterprise_type_cd = 'dn'
AND rc.report_cd LIKE 'BCDKT%'
AND rc2.col_desc = '1'
AND cd.report_year = :year
AND cd.report_quarter = :quarter
AND rr.row_desc = '321'";"SELECT
cd.company_profile_id,
rr.row_desc AS ma_chi_tieu,
rr.row_name_vi AS ten_chi_tieu,
d.data_value AS 321_DPPT_NH
FROM IDS.data d
JOIN IDS.report_catalog rc ON d.report_catalog_id = rc.id
JOIN IDS.rrow rr ON rr.row_cd = d.row_cd
AND rr.report_catalog_id = d.report_catalog_id
JOIN IDS.rcol rc2 ON rc2.col_cd = d.col_cd
AND rc2.report_catalog_id = d.report_catalog_id
JOIN IDS.company_data cd ON d.company_data_id = cd.id
WHERE rc.enterprise_type_cd = 'dn'
AND rc.report_cd LIKE 'BCDKT%'
AND rc2.col_desc = '1'
AND cd.report_year = :year
AND cd.report_quarter = :quarter
AND rr.row_desc = '321'";;;;
21;;Dữ liệu tài chính về doanh nghiệp thông thường chi tiết - Bảng cân đối kế toán;12. Quỹ khen thưởng, phúc lợi;322;Data Explorer;Chỉ tiêu cơ sở;Dễ;Ngày, CTDC, chỉ tiêu BC;IDS - GSĐC;;X;;Done;;"IDS.data (d),
IDS.report_catalog (rc),
IDS.rrow (rr),
IDS.rcol (rc2),
IDS.company_data (cd)";d.data_value AS 322_QUY_KTPL;"rc.enterprise_type_cd = 'dn'
AND rc.report_cd LIKE 'BCDKT%'
AND rc2.col_desc = '1'
AND cd.report_year = :year
AND cd.report_quarter = :quarter
AND rr.row_desc = '322'";"SELECT
cd.company_profile_id,
rr.row_desc AS ma_chi_tieu,
rr.row_name_vi AS ten_chi_tieu,
d.data_value AS 322_QUY_KTPL
FROM IDS.data d
JOIN IDS.report_catalog rc ON d.report_catalog_id = rc.id
JOIN IDS.rrow rr ON rr.row_cd = d.row_cd
AND rr.report_catalog_id = d.report_catalog_id
JOIN IDS.rcol rc2 ON rc2.col_cd = d.col_cd
AND rc2.report_catalog_id = d.report_catalog_id
JOIN IDS.company_data cd ON d.company_data_id = cd.id
WHERE rc.enterprise_type_cd = 'dn'
AND rc.report_cd LIKE 'BCDKT%'
AND rc2.col_desc = '1'
AND cd.report_year = :year
AND cd.report_quarter = :quarter
AND rr.row_desc = '322'";;;;
21;;Dữ liệu tài chính về doanh nghiệp thông thường chi tiết - Bảng cân đối kế toán;13. Quỹ bình ổn giá;323;Data Explorer;Chỉ tiêu cơ sở;Dễ;Ngày, CTDC, chỉ tiêu BC;IDS - GSĐC;;X;;Done;;"IDS.data (d),
IDS.report_catalog (rc),
IDS.rrow (rr),
IDS.rcol (rc2),
IDS.company_data (cd)";d.data_value AS 323_QUY_BINOGIA;"rc.enterprise_type_cd = 'dn'
AND rc.report_cd LIKE 'BCDKT%'
AND rc2.col_desc = '1'
AND cd.report_year = :year
AND cd.report_quarter = :quarter
AND rr.row_desc = '323'";"SELECT
cd.company_profile_id,
rr.row_desc AS ma_chi_tieu,
rr.row_name_vi AS ten_chi_tieu,
d.data_value AS 323_QUY_BINOGIA
FROM IDS.data d
JOIN IDS.report_catalog rc ON d.report_catalog_id = rc.id
JOIN IDS.rrow rr ON rr.row_cd = d.row_cd
AND rr.report_catalog_id = d.report_catalog_id
JOIN IDS.rcol rc2 ON rc2.col_cd = d.col_cd
AND rc2.report_catalog_id = d.report_catalog_id
JOIN IDS.company_data cd ON d.company_data_id = cd.id
WHERE rc.enterprise_type_cd = 'dn'
AND rc.report_cd LIKE 'BCDKT%'
AND rc2.col_desc = '1'
AND cd.report_year = :year
AND cd.report_quarter = :quarter
AND rr.row_desc = '323'";;;;
21;;Dữ liệu tài chính về doanh nghiệp thông thường chi tiết - Bảng cân đối kế toán;14. Giao dịch mua bán lại trái phiếu Chính phủ;324;Data Explorer;Chỉ tiêu cơ sở;Dễ;Ngày, CTDC, chỉ tiêu BC;IDS - GSĐC;;X;;Done;;"IDS.data (d),
IDS.report_catalog (rc),
IDS.rrow (rr),
IDS.rcol (rc2),
IDS.company_data (cd)";d.data_value AS 324_GDMBL_TPCP_NH;"rc.enterprise_type_cd = 'dn'
AND rc.report_cd LIKE 'BCDKT%'
AND rc2.col_desc = '1'
AND cd.report_year = :year
AND cd.report_quarter = :quarter
AND rr.row_desc = '324'";"SELECT
cd.company_profile_id,
rr.row_desc AS ma_chi_tieu,
rr.row_name_vi AS ten_chi_tieu,
d.data_value AS 324_GDMBL_TPCP_NH
FROM IDS.data d
JOIN IDS.report_catalog rc ON d.report_catalog_id = rc.id
JOIN IDS.rrow rr ON rr.row_cd = d.row_cd
AND rr.report_catalog_id = d.report_catalog_id
JOIN IDS.rcol rc2 ON rc2.col_cd = d.col_cd
AND rc2.report_catalog_id = d.report_catalog_id
JOIN IDS.company_data cd ON d.company_data_id = cd.id
WHERE rc.enterprise_type_cd = 'dn'
AND rc.report_cd LIKE 'BCDKT%'
AND rc2.col_desc = '1'
AND cd.report_year = :year
AND cd.report_quarter = :quarter
AND rr.row_desc = '324'";;;;
21;;Dữ liệu tài chính về doanh nghiệp thông thường chi tiết - Bảng cân đối kế toán;II – Nợ dài hạn;330;Data Explorer;Chỉ tiêu cơ sở;Dễ;Ngày, CTDC, chỉ tiêu BC;IDS - GSĐC;;X;;Done;;"IDS.data (d),
IDS.report_catalog (rc),
IDS.rrow (rr),
IDS.rcol (rc2),
IDS.company_data (cd)";d.data_value AS 330_NO_DH;"rc.enterprise_type_cd = 'dn'
AND rc.report_cd LIKE 'BCDKT%'
AND rc2.col_desc = '1'
AND cd.report_year = :year
AND cd.report_quarter = :quarter
AND rr.row_desc = '330'";"SELECT
cd.company_profile_id,
rr.row_desc AS ma_chi_tieu,
rr.row_name_vi AS ten_chi_tieu,
d.data_value AS 330_NO_DH
FROM IDS.data d
JOIN IDS.report_catalog rc ON d.report_catalog_id = rc.id
JOIN IDS.rrow rr ON rr.row_cd = d.row_cd
AND rr.report_catalog_id = d.report_catalog_id
JOIN IDS.rcol rc2 ON rc2.col_cd = d.col_cd
AND rc2.report_catalog_id = d.report_catalog_id
JOIN IDS.company_data cd ON d.company_data_id = cd.id
WHERE rc.enterprise_type_cd = 'dn'
AND rc.report_cd LIKE 'BCDKT%'
AND rc2.col_desc = '1'
AND cd.report_year = :year
AND cd.report_quarter = :quarter
AND rr.row_desc = '330'";;;;
21;;Dữ liệu tài chính về doanh nghiệp thông thường chi tiết - Bảng cân đối kế toán;1. Phải trả người bán dài hạn;331;Data Explorer;Chỉ tiêu cơ sở;Dễ;Ngày, CTDC, chỉ tiêu BC;IDS - GSĐC;;X;;Done;;"IDS.data (d),
IDS.report_catalog (rc),
IDS.rrow (rr),
IDS.rcol (rc2),
IDS.company_data (cd)";d.data_value AS 331_PTRANB_DH;"rc.enterprise_type_cd = 'dn'
AND rc.report_cd LIKE 'BCDKT%'
AND rc2.col_desc = '1'
AND cd.report_year = :year
AND cd.report_quarter = :quarter
AND rr.row_desc = '331'";"SELECT
cd.company_profile_id,
rr.row_desc AS ma_chi_tieu,
rr.row_name_vi AS ten_chi_tieu,
d.data_value AS 331_PTRANB_DH
FROM IDS.data d
JOIN IDS.report_catalog rc ON d.report_catalog_id = rc.id
JOIN IDS.rrow rr ON rr.row_cd = d.row_cd
AND rr.report_catalog_id = d.report_catalog_id
JOIN IDS.rcol rc2 ON rc2.col_cd = d.col_cd
AND rc2.report_catalog_id = d.report_catalog_id
JOIN IDS.company_data cd ON d.company_data_id = cd.id
WHERE rc.enterprise_type_cd = 'dn'
AND rc.report_cd LIKE 'BCDKT%'
AND rc2.col_desc = '1'
AND cd.report_year = :year
AND cd.report_quarter = :quarter
AND rr.row_desc = '331'";;;;
21;;Dữ liệu tài chính về doanh nghiệp thông thường chi tiết - Bảng cân đối kế toán;2. Người mua trả tiền trước dài hạn;332;Data Explorer;Chỉ tiêu cơ sở;Dễ;Ngày, CTDC, chỉ tiêu BC;IDS - GSĐC;;X;;Done;;"IDS.data (d),
IDS.report_catalog (rc),
IDS.rrow (rr),
IDS.rcol (rc2),
IDS.company_data (cd)";d.data_value AS 332_NGUOIMUA_TT_DH;"rc.enterprise_type_cd = 'dn'
AND rc.report_cd LIKE 'BCDKT%'
AND rc2.col_desc = '1'
AND cd.report_year = :year
AND cd.report_quarter = :quarter
AND rr.row_desc = '332'";"SELECT
cd.company_profile_id,
rr.row_desc AS ma_chi_tieu,
rr.row_name_vi AS ten_chi_tieu,
d.data_value AS 332_NGUOIMUA_TT_DH
FROM IDS.data d
JOIN IDS.report_catalog rc ON d.report_catalog_id = rc.id
JOIN IDS.rrow rr ON rr.row_cd = d.row_cd
AND rr.report_catalog_id = d.report_catalog_id
JOIN IDS.rcol rc2 ON rc2.col_cd = d.col_cd
AND rc2.report_catalog_id = d.report_catalog_id
JOIN IDS.company_data cd ON d.company_data_id = cd.id
WHERE rc.enterprise_type_cd = 'dn'
AND rc.report_cd LIKE 'BCDKT%'
AND rc2.col_desc = '1'
AND cd.report_year = :year
AND cd.report_quarter = :quarter
AND rr.row_desc = '332'";;;;
21;;Dữ liệu tài chính về doanh nghiệp thông thường chi tiết - Bảng cân đối kế toán;3. Chi phí phải trả dài hạn;333;Data Explorer;Chỉ tiêu cơ sở;Dễ;Ngày, CTDC, chỉ tiêu BC;IDS - GSĐC;;X;;Done;;"IDS.data (d),
IDS.report_catalog (rc),
IDS.rrow (rr),
IDS.rcol (rc2),
IDS.company_data (cd)";d.data_value AS 333_CPPT_DH;"rc.enterprise_type_cd = 'dn'
AND rc.report_cd LIKE 'BCDKT%'
AND rc2.col_desc = '1'
AND cd.report_year = :year
AND cd.report_quarter = :quarter
AND rr.row_desc = '333'";"SELECT
cd.company_profile_id,
rr.row_desc AS ma_chi_tieu,
rr.row_name_vi AS ten_chi_tieu,
d.data_value AS 333_CPPT_DH
FROM IDS.data d
JOIN IDS.report_catalog rc ON d.report_catalog_id = rc.id
JOIN IDS.rrow rr ON rr.row_cd = d.row_cd
AND rr.report_catalog_id = d.report_catalog_id
JOIN IDS.rcol rc2 ON rc2.col_cd = d.col_cd
AND rc2.report_catalog_id = d.report_catalog_id
JOIN IDS.company_data cd ON d.company_data_id = cd.id
WHERE rc.enterprise_type_cd = 'dn'
AND rc.report_cd LIKE 'BCDKT%'
AND rc2.col_desc = '1'
AND cd.report_year = :year
AND cd.report_quarter = :quarter
AND rr.row_desc = '333'";;;;
21;;Dữ liệu tài chính về doanh nghiệp thông thường chi tiết - Bảng cân đối kế toán;4. Phải trả nội bộ về vốn kinh doanh;334;Data Explorer;Chỉ tiêu cơ sở;Dễ;Ngày, CTDC, chỉ tiêu BC;IDS - GSĐC;;X;;Done;;"IDS.data (d),
IDS.report_catalog (rc),
IDS.rrow (rr),
IDS.rcol (rc2),
IDS.company_data (cd)";d.data_value AS 334_PTNOIBO_VKD;"rc.enterprise_type_cd = 'dn'
AND rc.report_cd LIKE 'BCDKT%'
AND rc2.col_desc = '1'
AND cd.report_year = :year
AND cd.report_quarter = :quarter
AND rr.row_desc = '334'";"SELECT
cd.company_profile_id,
rr.row_desc AS ma_chi_tieu,
rr.row_name_vi AS ten_chi_tieu,
d.data_value AS 334_PTNOIBO_VKD
FROM IDS.data d
JOIN IDS.report_catalog rc ON d.report_catalog_id = rc.id
JOIN IDS.rrow rr ON rr.row_cd = d.row_cd
AND rr.report_catalog_id = d.report_catalog_id
JOIN IDS.rcol rc2 ON rc2.col_cd = d.col_cd
AND rc2.report_catalog_id = d.report_catalog_id
JOIN IDS.company_data cd ON d.company_data_id = cd.id
WHERE rc.enterprise_type_cd = 'dn'
AND rc.report_cd LIKE 'BCDKT%'
AND rc2.col_desc = '1'
AND cd.report_year = :year
AND cd.report_quarter = :quarter
AND rr.row_desc = '334'";;;;
21;;Dữ liệu tài chính về doanh nghiệp thông thường chi tiết - Bảng cân đối kế toán;5. Phải trả nội bộ dài hạn;335;Data Explorer;Chỉ tiêu cơ sở;Dễ;Ngày, CTDC, chỉ tiêu BC;IDS - GSĐC;;X;;Done;;"IDS.data (d),
IDS.report_catalog (rc),
IDS.rrow (rr),
IDS.rcol (rc2),
IDS.company_data (cd)";d.data_value AS 335_PTNOIBO_DH;"rc.enterprise_type_cd = 'dn'
AND rc.report_cd LIKE 'BCDKT%'
AND rc2.col_desc = '1'
AND cd.report_year = :year
AND cd.report_quarter = :quarter
AND rr.row_desc = '335'";"SELECT
cd.company_profile_id,
rr.row_desc AS ma_chi_tieu,
rr.row_name_vi AS ten_chi_tieu,
d.data_value AS 335_PTNOIBO_DH
FROM IDS.data d
JOIN IDS.report_catalog rc ON d.report_catalog_id = rc.id
JOIN IDS.rrow rr ON rr.row_cd = d.row_cd
AND rr.report_catalog_id = d.report_catalog_id
JOIN IDS.rcol rc2 ON rc2.col_cd = d.col_cd
AND rc2.report_catalog_id = d.report_catalog_id
JOIN IDS.company_data cd ON d.company_data_id = cd.id
WHERE rc.enterprise_type_cd = 'dn'
AND rc.report_cd LIKE 'BCDKT%'
AND rc2.col_desc = '1'
AND cd.report_year = :year
AND cd.report_quarter = :quarter
AND rr.row_desc = '335'";;;;
21;;Dữ liệu tài chính về doanh nghiệp thông thường chi tiết - Bảng cân đối kế toán;6. Doanh thu chưa thực hiện dài hạn;336;Data Explorer;Chỉ tiêu cơ sở;Dễ;Ngày, CTDC, chỉ tiêu BC;IDS - GSĐC;;X;;Done;;"IDS.data (d),
IDS.report_catalog (rc),
IDS.rrow (rr),
IDS.rcol (rc2),
IDS.company_data (cd)";d.data_value AS 336_DTCTH_DH;"rc.enterprise_type_cd = 'dn'
AND rc.report_cd LIKE 'BCDKT%'
AND rc2.col_desc = '1'
AND cd.report_year = :year
AND cd.report_quarter = :quarter
AND rr.row_desc = '336'";"SELECT
cd.company_profile_id,
rr.row_desc AS ma_chi_tieu,
rr.row_name_vi AS ten_chi_tieu,
d.data_value AS 336_DTCTH_DH
FROM IDS.data d
JOIN IDS.report_catalog rc ON d.report_catalog_id = rc.id
JOIN IDS.rrow rr ON rr.row_cd = d.row_cd
AND rr.report_catalog_id = d.report_catalog_id
JOIN IDS.rcol rc2 ON rc2.col_cd = d.col_cd
AND rc2.report_catalog_id = d.report_catalog_id
JOIN IDS.company_data cd ON d.company_data_id = cd.id
WHERE rc.enterprise_type_cd = 'dn'
AND rc.report_cd LIKE 'BCDKT%'
AND rc2.col_desc = '1'
AND cd.report_year = :year
AND cd.report_quarter = :quarter
AND rr.row_desc = '336'";;;;
21;;Dữ liệu tài chính về doanh nghiệp thông thường chi tiết - Bảng cân đối kế toán;7. Phải trả dài hạn khác;337;Data Explorer;Chỉ tiêu cơ sở;Dễ;Ngày, CTDC, chỉ tiêu BC;IDS - GSĐC;;X;;Done;;"IDS.data (d),
IDS.report_catalog (rc),
IDS.rrow (rr),
IDS.rcol (rc2),
IDS.company_data (cd)";d.data_value AS 337_PT_DH_KHAC;"rc.enterprise_type_cd = 'dn'
AND rc.report_cd LIKE 'BCDKT%'
AND rc2.col_desc = '1'
AND cd.report_year = :year
AND cd.report_quarter = :quarter
AND rr.row_desc = '337'";"SELECT
cd.company_profile_id,
rr.row_desc AS ma_chi_tieu,
rr.row_name_vi AS ten_chi_tieu,
d.data_value AS 337_PT_DH_KHAC
FROM IDS.data d
JOIN IDS.report_catalog rc ON d.report_catalog_id = rc.id
JOIN IDS.rrow rr ON rr.row_cd = d.row_cd
AND rr.report_catalog_id = d.report_catalog_id
JOIN IDS.rcol rc2 ON rc2.col_cd = d.col_cd
AND rc2.report_catalog_id = d.report_catalog_id
JOIN IDS.company_data cd ON d.company_data_id = cd.id
WHERE rc.enterprise_type_cd = 'dn'
AND rc.report_cd LIKE 'BCDKT%'
AND rc2.col_desc = '1'
AND cd.report_year = :year
AND cd.report_quarter = :quarter
AND rr.row_desc = '337'";;;;
21;;Dữ liệu tài chính về doanh nghiệp thông thường chi tiết - Bảng cân đối kế toán;8. Vay và nợ thuê tài chính dài hạn;338;Data Explorer;Chỉ tiêu cơ sở;Dễ;Ngày, CTDC, chỉ tiêu BC;IDS - GSĐC;;X;;Done;;"IDS.data (d),
IDS.report_catalog (rc),
IDS.rrow (rr),
IDS.rcol (rc2),
IDS.company_data (cd)";d.data_value AS 338_VAY_NO_TTF_DH;"rc.enterprise_type_cd = 'dn'
AND rc.report_cd LIKE 'BCDKT%'
AND rc2.col_desc = '1'
AND cd.report_year = :year
AND cd.report_quarter = :quarter
AND rr.row_desc = '338'";"SELECT
cd.company_profile_id,
rr.row_desc AS ma_chi_tieu,
rr.row_name_vi AS ten_chi_tieu,
d.data_value AS 338_VAY_NO_TTF_DH
FROM IDS.data d
JOIN IDS.report_catalog rc ON d.report_catalog_id = rc.id
JOIN IDS.rrow rr ON rr.row_cd = d.row_cd
AND rr.report_catalog_id = d.report_catalog_id
JOIN IDS.rcol rc2 ON rc2.col_cd = d.col_cd
AND rc2.report_catalog_id = d.report_catalog_id
JOIN IDS.company_data cd ON d.company_data_id = cd.id
WHERE rc.enterprise_type_cd = 'dn'
AND rc.report_cd LIKE 'BCDKT%'
AND rc2.col_desc = '1'
AND cd.report_year = :year
AND cd.report_quarter = :quarter
AND rr.row_desc = '338'";;;;
21;;Dữ liệu tài chính về doanh nghiệp thông thường chi tiết - Bảng cân đối kế toán;9. Trái phiếu chuyển đổi;339;Data Explorer;Chỉ tiêu cơ sở;Dễ;Ngày, CTDC, chỉ tiêu BC;IDS - GSĐC;;X;;Done;;"IDS.data (d),
IDS.report_catalog (rc),
IDS.rrow (rr),
IDS.rcol (rc2),
IDS.company_data (cd)";d.data_value AS 339_TPCHUYENDOI;"rc.enterprise_type_cd = 'dn'
AND rc.report_cd LIKE 'BCDKT%'
AND rc2.col_desc = '1'
AND cd.report_year = :year
AND cd.report_quarter = :quarter
AND rr.row_desc = '339'";"SELECT
cd.company_profile_id,
rr.row_desc AS ma_chi_tieu,
rr.row_name_vi AS ten_chi_tieu,
d.data_value AS 339_TPCHUYENDOI
FROM IDS.data d
JOIN IDS.report_catalog rc ON d.report_catalog_id = rc.id
JOIN IDS.rrow rr ON rr.row_cd = d.row_cd
AND rr.report_catalog_id = d.report_catalog_id
JOIN IDS.rcol rc2 ON rc2.col_cd = d.col_cd
AND rc2.report_catalog_id = d.report_catalog_id
JOIN IDS.company_data cd ON d.company_data_id = cd.id
WHERE rc.enterprise_type_cd = 'dn'
AND rc.report_cd LIKE 'BCDKT%'
AND rc2.col_desc = '1'
AND cd.report_year = :year
AND cd.report_quarter = :quarter
AND rr.row_desc = '339'";;;;
21;;Dữ liệu tài chính về doanh nghiệp thông thường chi tiết - Bảng cân đối kế toán;10. Cổ phiếu ưu đãi;340;Data Explorer;Chỉ tiêu cơ sở;Dễ;Ngày, CTDC, chỉ tiêu BC;IDS - GSĐC;;X;;Done;;"IDS.data (d),
IDS.report_catalog (rc),
IDS.rrow (rr),
IDS.rcol (rc2),
IDS.company_data (cd)";d.data_value AS 340_CPUUDAY;"rc.enterprise_type_cd = 'dn'
AND rc.report_cd LIKE 'BCDKT%'
AND rc2.col_desc = '1'
AND cd.report_year = :year
AND cd.report_quarter = :quarter
AND rr.row_desc = '340'";"SELECT
cd.company_profile_id,
rr.row_desc AS ma_chi_tieu,
rr.row_name_vi AS ten_chi_tieu,
d.data_value AS 340_CPUUDAY
FROM IDS.data d
JOIN IDS.report_catalog rc ON d.report_catalog_id = rc.id
JOIN IDS.rrow rr ON rr.row_cd = d.row_cd
AND rr.report_catalog_id = d.report_catalog_id
JOIN IDS.rcol rc2 ON rc2.col_cd = d.col_cd
AND rc2.report_catalog_id = d.report_catalog_id
JOIN IDS.company_data cd ON d.company_data_id = cd.id
WHERE rc.enterprise_type_cd = 'dn'
AND rc.report_cd LIKE 'BCDKT%'
AND rc2.col_desc = '1'
AND cd.report_year = :year
AND cd.report_quarter = :quarter
AND rr.row_desc = '340'";;;;
21;;Dữ liệu tài chính về doanh nghiệp thông thường chi tiết - Bảng cân đối kế toán;11. Thuế thu nhập hoãn lại phải trả;341;Data Explorer;Chỉ tiêu cơ sở;Dễ;Ngày, CTDC, chỉ tiêu BC;IDS - GSĐC;;X;;Done;;"IDS.data (d),
IDS.report_catalog (rc),
IDS.rrow (rr),
IDS.rcol (rc2),
IDS.company_data (cd)";d.data_value AS 341_THUE_HOANL_PT;"rc.enterprise_type_cd = 'dn'
AND rc.report_cd LIKE 'BCDKT%'
AND rc2.col_desc = '1'
AND cd.report_year = :year
AND cd.report_quarter = :quarter
AND rr.row_desc = '341'";"SELECT
cd.company_profile_id,
rr.row_desc AS ma_chi_tieu,
rr.row_name_vi AS ten_chi_tieu,
d.data_value AS 341_THUE_HOANL_PT
FROM IDS.data d
JOIN IDS.report_catalog rc ON d.report_catalog_id = rc.id
JOIN IDS.rrow rr ON rr.row_cd = d.row_cd
AND rr.report_catalog_id = d.report_catalog_id
JOIN IDS.rcol rc2 ON rc2.col_cd = d.col_cd
AND rc2.report_catalog_id = d.report_catalog_id
JOIN IDS.company_data cd ON d.company_data_id = cd.id
WHERE rc.enterprise_type_cd = 'dn'
AND rc.report_cd LIKE 'BCDKT%'
AND rc2.col_desc = '1'
AND cd.report_year = :year
AND cd.report_quarter = :quarter
AND rr.row_desc = '341'";;;;
21;;Dữ liệu tài chính về doanh nghiệp thông thường chi tiết - Bảng cân đối kế toán;12. Dự phòng phải trả dài hạn;342;Data Explorer;Chỉ tiêu cơ sở;Dễ;Ngày, CTDC, chỉ tiêu BC;IDS - GSĐC;;X;;Done;;"IDS.data (d),
IDS.report_catalog (rc),
IDS.rrow (rr),
IDS.rcol (rc2),
IDS.company_data (cd)";d.data_value AS 342_DPPT_DH;"rc.enterprise_type_cd = 'dn'
AND rc.report_cd LIKE 'BCDKT%'
AND rc2.col_desc = '1'
AND cd.report_year = :year
AND cd.report_quarter = :quarter
AND rr.row_desc = '342'";"SELECT
cd.company_profile_id,
rr.row_desc AS ma_chi_tieu,
rr.row_name_vi AS ten_chi_tieu,
d.data_value AS 342_DPPT_DH
FROM IDS.data d
JOIN IDS.report_catalog rc ON d.report_catalog_id = rc.id
JOIN IDS.rrow rr ON rr.row_cd = d.row_cd
AND rr.report_catalog_id = d.report_catalog_id
JOIN IDS.rcol rc2 ON rc2.col_cd = d.col_cd
AND rc2.report_catalog_id = d.report_catalog_id
JOIN IDS.company_data cd ON d.company_data_id = cd.id
WHERE rc.enterprise_type_cd = 'dn'
AND rc.report_cd LIKE 'BCDKT%'
AND rc2.col_desc = '1'
AND cd.report_year = :year
AND cd.report_quarter = :quarter
AND rr.row_desc = '342'";;;;
21;;Dữ liệu tài chính về doanh nghiệp thông thường chi tiết - Bảng cân đối kế toán;13. Quỹ phát triển khoa học và công nghệ;343;Data Explorer;Chỉ tiêu cơ sở;Dễ;Ngày, CTDC, chỉ tiêu BC;IDS - GSĐC;;X;;Done;;"IDS.data (d),
IDS.report_catalog (rc),
IDS.rrow (rr),
IDS.rcol (rc2),
IDS.company_data (cd)";d.data_value AS 343_QUY_KHCN;"rc.enterprise_type_cd = 'dn'
AND rc.report_cd LIKE 'BCDKT%'
AND rc2.col_desc = '1'
AND cd.report_year = :year
AND cd.report_quarter = :quarter
AND rr.row_desc = '343'";"SELECT
cd.company_profile_id,
rr.row_desc AS ma_chi_tieu,
rr.row_name_vi AS ten_chi_tieu,
d.data_value AS 343_QUY_KHCN
FROM IDS.data d
JOIN IDS.report_catalog rc ON d.report_catalog_id = rc.id
JOIN IDS.rrow rr ON rr.row_cd = d.row_cd
AND rr.report_catalog_id = d.report_catalog_id
JOIN IDS.rcol rc2 ON rc2.col_cd = d.col_cd
AND rc2.report_catalog_id = d.report_catalog_id
JOIN IDS.company_data cd ON d.company_data_id = cd.id
WHERE rc.enterprise_type_cd = 'dn'
AND rc.report_cd LIKE 'BCDKT%'
AND rc2.col_desc = '1'
AND cd.report_year = :year
AND cd.report_quarter = :quarter
AND rr.row_desc = '343'";;;;
21;;Dữ liệu tài chính về doanh nghiệp thông thường chi tiết - Bảng cân đối kế toán;D – VỐN CHỦ SỞ HỮU;400;Data Explorer;Chỉ tiêu cơ sở;Dễ;Ngày, CTDC, chỉ tiêu BC;IDS - GSĐC;;X;;Done;;"IDS.data (d),
IDS.report_catalog (rc),
IDS.rrow (rr),
IDS.rcol (rc2),
IDS.company_data (cd)";d.data_value AS 400_VCSH;"rc.enterprise_type_cd = 'dn'
AND rc.report_cd LIKE 'BCDKT%'
AND rc2.col_desc = '1'
AND cd.report_year = :year
AND cd.report_quarter = :quarter
AND rr.row_desc = '400'";"SELECT
cd.company_profile_id,
rr.row_desc AS ma_chi_tieu,
rr.row_name_vi AS ten_chi_tieu,
d.data_value AS 400_VCSH
FROM IDS.data d
JOIN IDS.report_catalog rc ON d.report_catalog_id = rc.id
JOIN IDS.rrow rr ON rr.row_cd = d.row_cd
AND rr.report_catalog_id = d.report_catalog_id
JOIN IDS.rcol rc2 ON rc2.col_cd = d.col_cd
AND rc2.report_catalog_id = d.report_catalog_id
JOIN IDS.company_data cd ON d.company_data_id = cd.id
WHERE rc.enterprise_type_cd = 'dn'
AND rc.report_cd LIKE 'BCDKT%'
AND rc2.col_desc = '1'
AND cd.report_year = :year
AND cd.report_quarter = :quarter
AND rr.row_desc = '400'";;;;
21;;Dữ liệu tài chính về doanh nghiệp thông thường chi tiết - Bảng cân đối kế toán;I – Vốn chủ sở hữu;410;Data Explorer;Chỉ tiêu cơ sở;Dễ;Ngày, CTDC, chỉ tiêu BC;IDS - GSĐC;;X;;Done;;"IDS.data (d),
IDS.report_catalog (rc),
IDS.rrow (rr),
IDS.rcol (rc2),
IDS.company_data (cd)";d.data_value AS 410_VCSH;"rc.enterprise_type_cd = 'dn'
AND rc.report_cd LIKE 'BCDKT%'
AND rc2.col_desc = '1'
AND cd.report_year = :year
AND cd.report_quarter = :quarter
AND rr.row_desc = '410'";"SELECT
cd.company_profile_id,
rr.row_desc AS ma_chi_tieu,
rr.row_name_vi AS ten_chi_tieu,
d.data_value AS 410_VCSH
FROM IDS.data d
JOIN IDS.report_catalog rc ON d.report_catalog_id = rc.id
JOIN IDS.rrow rr ON rr.row_cd = d.row_cd
AND rr.report_catalog_id = d.report_catalog_id
JOIN IDS.rcol rc2 ON rc2.col_cd = d.col_cd
AND rc2.report_catalog_id = d.report_catalog_id
JOIN IDS.company_data cd ON d.company_data_id = cd.id
WHERE rc.enterprise_type_cd = 'dn'
AND rc.report_cd LIKE 'BCDKT%'
AND rc2.col_desc = '1'
AND cd.report_year = :year
AND cd.report_quarter = :quarter
AND rr.row_desc = '410'";;;;
21;;Dữ liệu tài chính về doanh nghiệp thông thường chi tiết - Bảng cân đối kế toán;1. Vốn góp của chủ sở hữu;411;Data Explorer;Chỉ tiêu cơ sở;Dễ;Ngày, CTDC, chỉ tiêu BC;IDS - GSĐC;;X;;Done;;"IDS.data (d),
IDS.report_catalog (rc),
IDS.rrow (rr),
IDS.rcol (rc2),
IDS.company_data (cd)";d.data_value AS 411_VONGOP;"rc.enterprise_type_cd = 'dn'
AND rc.report_cd LIKE 'BCDKT%'
AND rc2.col_desc = '1'
AND cd.report_year = :year
AND cd.report_quarter = :quarter
AND rr.row_desc = '411'";"SELECT
cd.company_profile_id,
rr.row_desc AS ma_chi_tieu,
rr.row_name_vi AS ten_chi_tieu,
d.data_value AS 411_VONGOP
FROM IDS.data d
JOIN IDS.report_catalog rc ON d.report_catalog_id = rc.id
JOIN IDS.rrow rr ON rr.row_cd = d.row_cd
AND rr.report_catalog_id = d.report_catalog_id
JOIN IDS.rcol rc2 ON rc2.col_cd = d.col_cd
AND rc2.report_catalog_id = d.report_catalog_id
JOIN IDS.company_data cd ON d.company_data_id = cd.id
WHERE rc.enterprise_type_cd = 'dn'
AND rc.report_cd LIKE 'BCDKT%'
AND rc2.col_desc = '1'
AND cd.report_year = :year
AND cd.report_quarter = :quarter
AND rr.row_desc = '411'";;;;
21;;Dữ liệu tài chính về doanh nghiệp thông thường chi tiết - Bảng cân đối kế toán;Cổ phiếu phổ thông có quyền biểu quyết;411a;Data Explorer;Chỉ tiêu cơ sở;Dễ;Ngày, CTDC, chỉ tiêu BC;IDS - GSĐC;;X;;Done;;"IDS.data (d),
IDS.report_catalog (rc),
IDS.rrow (rr),
IDS.rcol (rc2),
IDS.company_data (cd)";d.data_value AS 411a_CP_BQUYETF;"rc.enterprise_type_cd = 'dn'
AND rc.report_cd LIKE 'BCDKT%'
AND rc2.col_desc = '1'
AND cd.report_year = :year
AND cd.report_quarter = :quarter
AND rr.row_desc = '411a'";"SELECT
cd.company_profile_id,
rr.row_desc AS ma_chi_tieu,
rr.row_name_vi AS ten_chi_tieu,
d.data_value AS 411a_CP_BQUYETF
FROM IDS.data d
JOIN IDS.report_catalog rc ON d.report_catalog_id = rc.id
JOIN IDS.rrow rr ON rr.row_cd = d.row_cd
AND rr.report_catalog_id = d.report_catalog_id
JOIN IDS.rcol rc2 ON rc2.col_cd = d.col_cd
AND rc2.report_catalog_id = d.report_catalog_id
JOIN IDS.company_data cd ON d.company_data_id = cd.id
WHERE rc.enterprise_type_cd = 'dn'
AND rc.report_cd LIKE 'BCDKT%'
AND rc2.col_desc = '1'
AND cd.report_year = :year
AND cd.report_quarter = :quarter
AND rr.row_desc = '411a'";;;;
21;;Dữ liệu tài chính về doanh nghiệp thông thường chi tiết - Bảng cân đối kế toán;Cổ phiếu ưu đãi;411b;Data Explorer;Chỉ tiêu cơ sở;Dễ;Ngày, CTDC, chỉ tiêu BC;IDS - GSĐC;;X;;Done;;"IDS.data (d),
IDS.report_catalog (rc),
IDS.rrow (rr),
IDS.rcol (rc2),
IDS.company_data (cd)";d.data_value AS 411b_CP_UUDAY;"rc.enterprise_type_cd = 'dn'
AND rc.report_cd LIKE 'BCDKT%'
AND rc2.col_desc = '1'
AND cd.report_year = :year
AND cd.report_quarter = :quarter
AND rr.row_desc = '411b'";"SELECT
cd.company_profile_id,
rr.row_desc AS ma_chi_tieu,
rr.row_name_vi AS ten_chi_tieu,
d.data_value AS 411b_CP_UUDAY
FROM IDS.data d
JOIN IDS.report_catalog rc ON d.report_catalog_id = rc.id
JOIN IDS.rrow rr ON rr.row_cd = d.row_cd
AND rr.report_catalog_id = d.report_catalog_id
JOIN IDS.rcol rc2 ON rc2.col_cd = d.col_cd
AND rc2.report_catalog_id = d.report_catalog_id
JOIN IDS.company_data cd ON d.company_data_id = cd.id
WHERE rc.enterprise_type_cd = 'dn'
AND rc.report_cd LIKE 'BCDKT%'
AND rc2.col_desc = '1'
AND cd.report_year = :year
AND cd.report_quarter = :quarter
AND rr.row_desc = '411b'";;;;
21;;Dữ liệu tài chính về doanh nghiệp thông thường chi tiết - Bảng cân đối kế toán;2. Thặng dư vốn cổ phần;412;Data Explorer;Chỉ tiêu cơ sở;Dễ;Ngày, CTDC, chỉ tiêu BC;IDS - GSĐC;;X;;Done;;"IDS.data (d),
IDS.report_catalog (rc),
IDS.rrow (rr),
IDS.rcol (rc2),
IDS.company_data (cd)";d.data_value AS 412_THANGDU_VCP;"rc.enterprise_type_cd = 'dn'
AND rc.report_cd LIKE 'BCDKT%'
AND rc2.col_desc = '1'
AND cd.report_year = :year
AND cd.report_quarter = :quarter
AND rr.row_desc = '412'";"SELECT
cd.company_profile_id,
rr.row_desc AS ma_chi_tieu,
rr.row_name_vi AS ten_chi_tieu,
d.data_value AS 412_THANGDU_VCP
FROM IDS.data d
JOIN IDS.report_catalog rc ON d.report_catalog_id = rc.id
JOIN IDS.rrow rr ON rr.row_cd = d.row_cd
AND rr.report_catalog_id = d.report_catalog_id
JOIN IDS.rcol rc2 ON rc2.col_cd = d.col_cd
AND rc2.report_catalog_id = d.report_catalog_id
JOIN IDS.company_data cd ON d.company_data_id = cd.id
WHERE rc.enterprise_type_cd = 'dn'
AND rc.report_cd LIKE 'BCDKT%'
AND rc2.col_desc = '1'
AND cd.report_year = :year
AND cd.report_quarter = :quarter
AND rr.row_desc = '412'";;;;
21;;Dữ liệu tài chính về doanh nghiệp thông thường chi tiết - Bảng cân đối kế toán;3. Quyền chọn chuyển đổi trái phiếu;413;Data Explorer;Chỉ tiêu cơ sở;Dễ;Ngày, CTDC, chỉ tiêu BC;IDS - GSĐC;;X;;Done;;"IDS.data (d),
IDS.report_catalog (rc),
IDS.rrow (rr),
IDS.rcol (rc2),
IDS.company_data (cd)";d.data_value AS 413_QCHON_CDTP;"rc.enterprise_type_cd = 'dn'
AND rc.report_cd LIKE 'BCDKT%'
AND rc2.col_desc = '1'
AND cd.report_year = :year
AND cd.report_quarter = :quarter
AND rr.row_desc = '413'";"SELECT
cd.company_profile_id,
rr.row_desc AS ma_chi_tieu,
rr.row_name_vi AS ten_chi_tieu,
d.data_value AS 413_QCHON_CDTP
FROM IDS.data d
JOIN IDS.report_catalog rc ON d.report_catalog_id = rc.id
JOIN IDS.rrow rr ON rr.row_cd = d.row_cd
AND rr.report_catalog_id = d.report_catalog_id
JOIN IDS.rcol rc2 ON rc2.col_cd = d.col_cd
AND rc2.report_catalog_id = d.report_catalog_id
JOIN IDS.company_data cd ON d.company_data_id = cd.id
WHERE rc.enterprise_type_cd = 'dn'
AND rc.report_cd LIKE 'BCDKT%'
AND rc2.col_desc = '1'
AND cd.report_year = :year
AND cd.report_quarter = :quarter
AND rr.row_desc = '413'";;;;
21;;Dữ liệu tài chính về doanh nghiệp thông thường chi tiết - Bảng cân đối kế toán;4. Vốn khác của chủ sở hữu;414;Data Explorer;Chỉ tiêu cơ sở;Dễ;Ngày, CTDC, chỉ tiêu BC;IDS - GSĐC;;X;;Done;;"IDS.data (d),
IDS.report_catalog (rc),
IDS.rrow (rr),
IDS.rcol (rc2),
IDS.company_data (cd)";d.data_value AS 414_VON_KHAC;"rc.enterprise_type_cd = 'dn'
AND rc.report_cd LIKE 'BCDKT%'
AND rc2.col_desc = '1'
AND cd.report_year = :year
AND cd.report_quarter = :quarter
AND rr.row_desc = '414'";"SELECT
cd.company_profile_id,
rr.row_desc AS ma_chi_tieu,
rr.row_name_vi AS ten_chi_tieu,
d.data_value AS 414_VON_KHAC
FROM IDS.data d
JOIN IDS.report_catalog rc ON d.report_catalog_id = rc.id
JOIN IDS.rrow rr ON rr.row_cd = d.row_cd
AND rr.report_catalog_id = d.report_catalog_id
JOIN IDS.rcol rc2 ON rc2.col_cd = d.col_cd
AND rc2.report_catalog_id = d.report_catalog_id
JOIN IDS.company_data cd ON d.company_data_id = cd.id
WHERE rc.enterprise_type_cd = 'dn'
AND rc.report_cd LIKE 'BCDKT%'
AND rc2.col_desc = '1'
AND cd.report_year = :year
AND cd.report_quarter = :quarter
AND rr.row_desc = '414'";;;;
21;;Dữ liệu tài chính về doanh nghiệp thông thường chi tiết - Bảng cân đối kế toán;5. Cổ phiếu quỹ (*);415;Data Explorer;Chỉ tiêu cơ sở;Dễ;Ngày, CTDC, chỉ tiêu BC;IDS - GSĐC;;X;;Done;;"IDS.data (d),
IDS.report_catalog (rc),
IDS.rrow (rr),
IDS.rcol (rc2),
IDS.company_data (cd)";d.data_value AS 415_CP_QUY;"rc.enterprise_type_cd = 'dn'
AND rc.report_cd LIKE 'BCDKT%'
AND rc2.col_desc = '1'
AND cd.report_year = :year
AND cd.report_quarter = :quarter
AND rr.row_desc = '415'";"SELECT
cd.company_profile_id,
rr.row_desc AS ma_chi_tieu,
rr.row_name_vi AS ten_chi_tieu,
d.data_value AS 415_CP_QUY
FROM IDS.data d
JOIN IDS.report_catalog rc ON d.report_catalog_id = rc.id
JOIN IDS.rrow rr ON rr.row_cd = d.row_cd
AND rr.report_catalog_id = d.report_catalog_id
JOIN IDS.rcol rc2 ON rc2.col_cd = d.col_cd
AND rc2.report_catalog_id = d.report_catalog_id
JOIN IDS.company_data cd ON d.company_data_id = cd.id
WHERE rc.enterprise_type_cd = 'dn'
AND rc.report_cd LIKE 'BCDKT%'
AND rc2.col_desc = '1'
AND cd.report_year = :year
AND cd.report_quarter = :quarter
AND rr.row_desc = '415'";;;;
21;;Dữ liệu tài chính về doanh nghiệp thông thường chi tiết - Bảng cân đối kế toán;6. Chênh lệch đánh giá lại tài sản;416;Data Explorer;Chỉ tiêu cơ sở;Dễ;Ngày, CTDC, chỉ tiêu BC;IDS - GSĐC;;X;;Done;;"IDS.data (d),
IDS.report_catalog (rc),
IDS.rrow (rr),
IDS.rcol (rc2),
IDS.company_data (cd)";d.data_value AS 416_CLGIALAI_TS;"rc.enterprise_type_cd = 'dn'
AND rc.report_cd LIKE 'BCDKT%'
AND rc2.col_desc = '1'
AND cd.report_year = :year
AND cd.report_quarter = :quarter
AND rr.row_desc = '416'";"SELECT
cd.company_profile_id,
rr.row_desc AS ma_chi_tieu,
rr.row_name_vi AS ten_chi_tieu,
d.data_value AS 416_CLGIALAI_TS
FROM IDS.data d
JOIN IDS.report_catalog rc ON d.report_catalog_id = rc.id
JOIN IDS.rrow rr ON rr.row_cd = d.row_cd
AND rr.report_catalog_id = d.report_catalog_id
JOIN IDS.rcol rc2 ON rc2.col_cd = d.col_cd
AND rc2.report_catalog_id = d.report_catalog_id
JOIN IDS.company_data cd ON d.company_data_id = cd.id
WHERE rc.enterprise_type_cd = 'dn'
AND rc.report_cd LIKE 'BCDKT%'
AND rc2.col_desc = '1'
AND cd.report_year = :year
AND cd.report_quarter = :quarter
AND rr.row_desc = '416'";;;;
21;;Dữ liệu tài chính về doanh nghiệp thông thường chi tiết - Bảng cân đối kế toán;7. Chênh lệch tỷ giá hối đoái;417;Data Explorer;Chỉ tiêu cơ sở;Dễ;Ngày, CTDC, chỉ tiêu BC;IDS - GSĐC;;X;;Done;;"IDS.data (d),
IDS.report_catalog (rc),
IDS.rrow (rr),
IDS.rcol (rc2),
IDS.company_data (cd)";d.data_value AS 417_CL_TGIAHOIDAL;"rc.enterprise_type_cd = 'dn'
AND rc.report_cd LIKE 'BCDKT%'
AND rc2.col_desc = '1'
AND cd.report_year = :year
AND cd.report_quarter = :quarter
AND rr.row_desc = '417'";"SELECT
cd.company_profile_id,
rr.row_desc AS ma_chi_tieu,
rr.row_name_vi AS ten_chi_tieu,
d.data_value AS 417_CL_TGIAHOIDAL
FROM IDS.data d
JOIN IDS.report_catalog rc ON d.report_catalog_id = rc.id
JOIN IDS.rrow rr ON rr.row_cd = d.row_cd
AND rr.report_catalog_id = d.report_catalog_id
JOIN IDS.rcol rc2 ON rc2.col_cd = d.col_cd
AND rc2.report_catalog_id = d.report_catalog_id
JOIN IDS.company_data cd ON d.company_data_id = cd.id
WHERE rc.enterprise_type_cd = 'dn'
AND rc.report_cd LIKE 'BCDKT%'
AND rc2.col_desc = '1'
AND cd.report_year = :year
AND cd.report_quarter = :quarter
AND rr.row_desc = '417'";;;;
21;;Dữ liệu tài chính về doanh nghiệp thông thường chi tiết - Bảng cân đối kế toán;8. Quỹ đầu tư phát triển;418;Data Explorer;Chỉ tiêu cơ sở;Dễ;Ngày, CTDC, chỉ tiêu BC;IDS - GSĐC;;X;;Done;;"IDS.data (d),
IDS.report_catalog (rc),
IDS.rrow (rr),
IDS.rcol (rc2),
IDS.company_data (cd)";d.data_value AS 418_QUY_DTPT;"rc.enterprise_type_cd = 'dn'
AND rc.report_cd LIKE 'BCDKT%'
AND rc2.col_desc = '1'
AND cd.report_year = :year
AND cd.report_quarter = :quarter
AND rr.row_desc = '418'";"SELECT
cd.company_profile_id,
rr.row_desc AS ma_chi_tieu,
rr.row_name_vi AS ten_chi_tieu,
d.data_value AS 418_QUY_DTPT
FROM IDS.data d
JOIN IDS.report_catalog rc ON d.report_catalog_id = rc.id
JOIN IDS.rrow rr ON rr.row_cd = d.row_cd
AND rr.report_catalog_id = d.report_catalog_id
JOIN IDS.rcol rc2 ON rc2.col_cd = d.col_cd
AND rc2.report_catalog_id = d.report_catalog_id
JOIN IDS.company_data cd ON d.company_data_id = cd.id
WHERE rc.enterprise_type_cd = 'dn'
AND rc.report_cd LIKE 'BCDKT%'
AND rc2.col_desc = '1'
AND cd.report_year = :year
AND cd.report_quarter = :quarter
AND rr.row_desc = '418'";;;;
21;;Dữ liệu tài chính về doanh nghiệp thông thường chi tiết - Bảng cân đối kế toán;9. Quỹ hỗ trợ sắp xếp doanh nghiệp;419;Data Explorer;Chỉ tiêu cơ sở;Dễ;Ngày, CTDC, chỉ tiêu BC;IDS - GSĐC;;X;;Done;;"IDS.data (d),
IDS.report_catalog (rc),
IDS.rrow (rr),
IDS.rcol (rc2),
IDS.company_data (cd)";d.data_value AS 419_QUY_SAPXEP;"rc.enterprise_type_cd = 'dn'
AND rc.report_cd LIKE 'BCDKT%'
AND rc2.col_desc = '1'
AND cd.report_year = :year
AND cd.report_quarter = :quarter
AND rr.row_desc = '419'";"SELECT
cd.company_profile_id,
rr.row_desc AS ma_chi_tieu,
rr.row_name_vi AS ten_chi_tieu,
d.data_value AS 419_QUY_SAPXEP
FROM IDS.data d
JOIN IDS.report_catalog rc ON d.report_catalog_id = rc.id
JOIN IDS.rrow rr ON rr.row_cd = d.row_cd
AND rr.report_catalog_id = d.report_catalog_id
JOIN IDS.rcol rc2 ON rc2.col_cd = d.col_cd
AND rc2.report_catalog_id = d.report_catalog_id
JOIN IDS.company_data cd ON d.company_data_id = cd.id
WHERE rc.enterprise_type_cd = 'dn'
AND rc.report_cd LIKE 'BCDKT%'
AND rc2.col_desc = '1'
AND cd.report_year = :year
AND cd.report_quarter = :quarter
AND rr.row_desc = '419'";;;;
21;;Dữ liệu tài chính về doanh nghiệp thông thường chi tiết - Bảng cân đối kế toán;10. Quỹ khác thuộc vốn chủ sở hữu;420;Data Explorer;Chỉ tiêu cơ sở;Dễ;Ngày, CTDC, chỉ tiêu BC;IDS - GSĐC;;X;;Done;;"IDS.data (d),
IDS.report_catalog (rc),
IDS.rrow (rr),
IDS.rcol (rc2),
IDS.company_data (cd)";d.data_value AS 420_QUY_VCSH_KHAC;"rc.enterprise_type_cd = 'dn'
AND rc.report_cd LIKE 'BCDKT%'
AND rc2.col_desc = '1'
AND cd.report_year = :year
AND cd.report_quarter = :quarter
AND rr.row_desc = '420'";"SELECT
cd.company_profile_id,
rr.row_desc AS ma_chi_tieu,
rr.row_name_vi AS ten_chi_tieu,
d.data_value AS 420_QUY_VCSH_KHAC
FROM IDS.data d
JOIN IDS.report_catalog rc ON d.report_catalog_id = rc.id
JOIN IDS.rrow rr ON rr.row_cd = d.row_cd
AND rr.report_catalog_id = d.report_catalog_id
JOIN IDS.rcol rc2 ON rc2.col_cd = d.col_cd
AND rc2.report_catalog_id = d.report_catalog_id
JOIN IDS.company_data cd ON d.company_data_id = cd.id
WHERE rc.enterprise_type_cd = 'dn'
AND rc.report_cd LIKE 'BCDKT%'
AND rc2.col_desc = '1'
AND cd.report_year = :year
AND cd.report_quarter = :quarter
AND rr.row_desc = '420'";;;;
21;;Dữ liệu tài chính về doanh nghiệp thông thường chi tiết - Bảng cân đối kế toán;11. Lợi nhuận sau thuế chưa phân phối;421;Data Explorer;Chỉ tiêu cơ sở;Dễ;Ngày, CTDC, chỉ tiêu BC;IDS - GSĐC;;X;;Done;;"IDS.data (d),
IDS.report_catalog (rc),
IDS.rrow (rr),
IDS.rcol (rc2),
IDS.company_data (cd)";d.data_value AS 421_LNST_CHUAPH;"rc.enterprise_type_cd = 'dn'
AND rc.report_cd LIKE 'BCDKT%'
AND rc2.col_desc = '1'
AND cd.report_year = :year
AND cd.report_quarter = :quarter
AND rr.row_desc = '421'";"SELECT
cd.company_profile_id,
rr.row_desc AS ma_chi_tieu,
rr.row_name_vi AS ten_chi_tieu,
d.data_value AS 421_LNST_CHUAPH
FROM IDS.data d
JOIN IDS.report_catalog rc ON d.report_catalog_id = rc.id
JOIN IDS.rrow rr ON rr.row_cd = d.row_cd
AND rr.report_catalog_id = d.report_catalog_id
JOIN IDS.rcol rc2 ON rc2.col_cd = d.col_cd
AND rc2.report_catalog_id = d.report_catalog_id
JOIN IDS.company_data cd ON d.company_data_id = cd.id
WHERE rc.enterprise_type_cd = 'dn'
AND rc.report_cd LIKE 'BCDKT%'
AND rc2.col_desc = '1'
AND cd.report_year = :year
AND cd.report_quarter = :quarter
AND rr.row_desc = '421'";;;;
21;;Dữ liệu tài chính về doanh nghiệp thông thường chi tiết - Bảng cân đối kế toán;LNST chưa phân phối lũy kế đến cuối kỳ trước;421a;Data Explorer;Chỉ tiêu cơ sở;Dễ;Ngày, CTDC, chỉ tiêu BC;IDS - GSĐC;;X;;Done;;"IDS.data (d),
IDS.report_catalog (rc),
IDS.rrow (rr),
IDS.rcol (rc2),
IDS.company_data (cd)";d.data_value AS 421a_LNST_LUYTKE;"rc.enterprise_type_cd = 'dn'
AND rc.report_cd LIKE 'BCDKT%'
AND rc2.col_desc = '1'
AND cd.report_year = :year
AND cd.report_quarter = :quarter
AND rr.row_desc = '421a'";"SELECT
cd.company_profile_id,
rr.row_desc AS ma_chi_tieu,
rr.row_name_vi AS ten_chi_tieu,
d.data_value AS 421a_LNST_LUYTKE
FROM IDS.data d
JOIN IDS.report_catalog rc ON d.report_catalog_id = rc.id
JOIN IDS.rrow rr ON rr.row_cd = d.row_cd
AND rr.report_catalog_id = d.report_catalog_id
JOIN IDS.rcol rc2 ON rc2.col_cd = d.col_cd
AND rc2.report_catalog_id = d.report_catalog_id
JOIN IDS.company_data cd ON d.company_data_id = cd.id
WHERE rc.enterprise_type_cd = 'dn'
AND rc.report_cd LIKE 'BCDKT%'
AND rc2.col_desc = '1'
AND cd.report_year = :year
AND cd.report_quarter = :quarter
AND rr.row_desc = '421a'";;;;
21;;Dữ liệu tài chính về doanh nghiệp thông thường chi tiết - Bảng cân đối kế toán;LNST chưa phân phối kỳ này;421b;Data Explorer;Chỉ tiêu cơ sở;Dễ;Ngày, CTDC, chỉ tiêu BC;IDS - GSĐC;;X;;Done;;"IDS.data (d),
IDS.report_catalog (rc),
IDS.rrow (rr),
IDS.rcol (rc2),
IDS.company_data (cd)";d.data_value AS 421b_LNST_KYNAY;"rc.enterprise_type_cd = 'dn'
AND rc.report_cd LIKE 'BCDKT%'
AND rc2.col_desc = '1'
AND cd.report_year = :year
AND cd.report_quarter = :quarter
AND rr.row_desc = '421b'";"SELECT
cd.company_profile_id,
rr.row_desc AS ma_chi_tieu,
rr.row_name_vi AS ten_chi_tieu,
d.data_value AS 421b_LNST_KYNAY
FROM IDS.data d
JOIN IDS.report_catalog rc ON d.report_catalog_id = rc.id
JOIN IDS.rrow rr ON rr.row_cd = d.row_cd
AND rr.report_catalog_id = d.report_catalog_id
JOIN IDS.rcol rc2 ON rc2.col_cd = d.col_cd
AND rc2.report_catalog_id = d.report_catalog_id
JOIN IDS.company_data cd ON d.company_data_id = cd.id
WHERE rc.enterprise_type_cd = 'dn'
AND rc.report_cd LIKE 'BCDKT%'
AND rc2.col_desc = '1'
AND cd.report_year = :year
AND cd.report_quarter = :quarter
AND rr.row_desc = '421b'";;;;
21;;Dữ liệu tài chính về doanh nghiệp thông thường chi tiết - Bảng cân đối kế toán;12. Nguồn vốn đầu tư XDCB;422;Data Explorer;Chỉ tiêu cơ sở;Dễ;Ngày, CTDC, chỉ tiêu BC;IDS - GSĐC;;X;;Done;;"IDS.data (d),
IDS.report_catalog (rc),
IDS.rrow (rr),
IDS.rcol (rc2),
IDS.company_data (cd)";d.data_value AS 422_NGUONVON_XDCB;"rc.enterprise_type_cd = 'dn'
AND rc.report_cd LIKE 'BCDKT%'
AND rc2.col_desc = '1'
AND cd.report_year = :year
AND cd.report_quarter = :quarter
AND rr.row_desc = '422'";"SELECT
cd.company_profile_id,
rr.row_desc AS ma_chi_tieu,
rr.row_name_vi AS ten_chi_tieu,
d.data_value AS 422_NGUONVON_XDCB
FROM IDS.data d
JOIN IDS.report_catalog rc ON d.report_catalog_id = rc.id
JOIN IDS.rrow rr ON rr.row_cd = d.row_cd
AND rr.report_catalog_id = d.report_catalog_id
JOIN IDS.rcol rc2 ON rc2.col_cd = d.col_cd
AND rc2.report_catalog_id = d.report_catalog_id
JOIN IDS.company_data cd ON d.company_data_id = cd.id
WHERE rc.enterprise_type_cd = 'dn'
AND rc.report_cd LIKE 'BCDKT%'
AND rc2.col_desc = '1'
AND cd.report_year = :year
AND cd.report_quarter = :quarter
AND rr.row_desc = '422'";;;;
21;;Dữ liệu tài chính về doanh nghiệp thông thường chi tiết - Bảng cân đối kế toán;13. Lợi ích của cổ đông không kiểm soát;429;Data Explorer;Chỉ tiêu cơ sở;Dễ;Ngày, CTDC, chỉ tiêu BC;IDS - GSĐC;;X;;Done;;"IDS.data (d),
IDS.report_catalog (rc),
IDS.rrow (rr),
IDS.rcol (rc2),
IDS.company_data (cd)";d.data_value AS 429_LOIICH_CDKKSOAT;"rc.enterprise_type_cd = 'dn'
AND rc.report_cd LIKE 'BCDKT%'
AND rc2.col_desc = '1'
AND cd.report_year = :year
AND cd.report_quarter = :quarter
AND rr.row_desc = '429'";"SELECT
cd.company_profile_id,
rr.row_desc AS ma_chi_tieu,
rr.row_name_vi AS ten_chi_tieu,
d.data_value AS 429_LOIICH_CDKKSOAT
FROM IDS.data d
JOIN IDS.report_catalog rc ON d.report_catalog_id = rc.id
JOIN IDS.rrow rr ON rr.row_cd = d.row_cd
AND rr.report_catalog_id = d.report_catalog_id
JOIN IDS.rcol rc2 ON rc2.col_cd = d.col_cd
AND rc2.report_catalog_id = d.report_catalog_id
JOIN IDS.company_data cd ON d.company_data_id = cd.id
WHERE rc.enterprise_type_cd = 'dn'
AND rc.report_cd LIKE 'BCDKT%'
AND rc2.col_desc = '1'
AND cd.report_year = :year
AND cd.report_quarter = :quarter
AND rr.row_desc = '429'";;;;
21;;Dữ liệu tài chính về doanh nghiệp thông thường chi tiết - Bảng cân đối kế toán;II – Nguồn kinh phí và quỹ khác;430;Data Explorer;Chỉ tiêu cơ sở;Dễ;Ngày, CTDC, chỉ tiêu BC;IDS - GSĐC;;X;;Done;;"IDS.data (d),
IDS.report_catalog (rc),
IDS.rrow (rr),
IDS.rcol (rc2),
IDS.company_data (cd)";d.data_value AS 430_NGUONKP_QUY;"rc.enterprise_type_cd = 'dn'
AND rc.report_cd LIKE 'BCDKT%'
AND rc2.col_desc = '1'
AND cd.report_year = :year
AND cd.report_quarter = :quarter
AND rr.row_desc = '430'";"SELECT
cd.company_profile_id,
rr.row_desc AS ma_chi_tieu,
rr.row_name_vi AS ten_chi_tieu,
d.data_value AS 430_NGUONKP_QUY
FROM IDS.data d
JOIN IDS.report_catalog rc ON d.report_catalog_id = rc.id
JOIN IDS.rrow rr ON rr.row_cd = d.row_cd
AND rr.report_catalog_id = d.report_catalog_id
JOIN IDS.rcol rc2 ON rc2.col_cd = d.col_cd
AND rc2.report_catalog_id = d.report_catalog_id
JOIN IDS.company_data cd ON d.company_data_id = cd.id
WHERE rc.enterprise_type_cd = 'dn'
AND rc.report_cd LIKE 'BCDKT%'
AND rc2.col_desc = '1'
AND cd.report_year = :year
AND cd.report_quarter = :quarter
AND rr.row_desc = '430'";;;;
21;;Dữ liệu tài chính về doanh nghiệp thông thường chi tiết - Bảng cân đối kế toán;1. Nguồn kinh phí;431;Data Explorer;Chỉ tiêu cơ sở;Dễ;Ngày, CTDC, chỉ tiêu BC;IDS - GSĐC;;X;;Done;;"IDS.data (d),
IDS.report_catalog (rc),
IDS.rrow (rr),
IDS.rcol (rc2),
IDS.company_data (cd)";d.data_value AS 431_NGUONKP;"rc.enterprise_type_cd = 'dn'
AND rc.report_cd LIKE 'BCDKT%'
AND rc2.col_desc = '1'
AND cd.report_year = :year
AND cd.report_quarter = :quarter
AND rr.row_desc = '431'";"SELECT
cd.company_profile_id,
rr.row_desc AS ma_chi_tieu,
rr.row_name_vi AS ten_chi_tieu,
d.data_value AS 431_NGUONKP
FROM IDS.data d
JOIN IDS.report_catalog rc ON d.report_catalog_id = rc.id
JOIN IDS.rrow rr ON rr.row_cd = d.row_cd
AND rr.report_catalog_id = d.report_catalog_id
JOIN IDS.rcol rc2 ON rc2.col_cd = d.col_cd
AND rc2.report_catalog_id = d.report_catalog_id
JOIN IDS.company_data cd ON d.company_data_id = cd.id
WHERE rc.enterprise_type_cd = 'dn'
AND rc.report_cd LIKE 'BCDKT%'
AND rc2.col_desc = '1'
AND cd.report_year = :year
AND cd.report_quarter = :quarter
AND rr.row_desc = '431'";;;;
21;;Dữ liệu tài chính về doanh nghiệp thông thường chi tiết - Bảng cân đối kế toán;2. Nguồn kinh phí đã hình thành TSCĐ;432;Data Explorer;Chỉ tiêu cơ sở;Dễ;Ngày, CTDC, chỉ tiêu BC;IDS - GSĐC;;X;;Done;;"IDS.data (d),
IDS.report_catalog (rc),
IDS.rrow (rr),
IDS.rcol (rc2),
IDS.company_data (cd)";d.data_value AS 432_NGUONKP_TSCD;"rc.enterprise_type_cd = 'dn'
AND rc.report_cd LIKE 'BCDKT%'
AND rc2.col_desc = '1'
AND cd.report_year = :year
AND cd.report_quarter = :quarter
AND rr.row_desc = '432'";"SELECT
cd.company_profile_id,
rr.row_desc AS ma_chi_tieu,
rr.row_name_vi AS ten_chi_tieu,
d.data_value AS 432_NGUONKP_TSCD
FROM IDS.data d
JOIN IDS.report_catalog rc ON d.report_catalog_id = rc.id
JOIN IDS.rrow rr ON rr.row_cd = d.row_cd
AND rr.report_catalog_id = d.report_catalog_id
JOIN IDS.rcol rc2 ON rc2.col_cd = d.col_cd
AND rc2.report_catalog_id = d.report_catalog_id
JOIN IDS.company_data cd ON d.company_data_id = cd.id
WHERE rc.enterprise_type_cd = 'dn'
AND rc.report_cd LIKE 'BCDKT%'
AND rc2.col_desc = '1'
AND cd.report_year = :year
AND cd.report_quarter = :quarter
AND rr.row_desc = '432'";;;;
21;;Dữ liệu tài chính về doanh nghiệp thông thường chi tiết - Bảng cân đối kế toán;2. Nguồn kinh phí đã hình thành TSCĐ;Chỉ có 1 chỉ tiêu này => bị trùng;Data Explorer;Chỉ tiêu cơ sở;Dễ;Ngày, CTDC, chỉ tiêu BC;IDS - GSĐC;;X;;Done;;"IDS.data (d),
IDS.report_catalog (rc),
IDS.rrow (rr),
IDS.rcol (rc2),
IDS.company_data (cd)";d.data_value AS 432_NGUONKP_TSCD;"rc.enterprise_type_cd = 'dn'
AND rc.report_cd LIKE 'BCDKT%'
AND rc2.col_desc = '1'
AND cd.report_year = :year
AND cd.report_quarter = :quarter
AND rr.row_desc = '432'";"SELECT
cd.company_profile_id,
rr.row_desc AS ma_chi_tieu,
rr.row_name_vi AS ten_chi_tieu,
d.data_value AS 432_NGUONKP_TSCD
FROM IDS.data d
JOIN IDS.report_catalog rc ON d.report_catalog_id = rc.id
JOIN IDS.rrow rr ON rr.row_cd = d.row_cd
AND rr.report_catalog_id = d.report_catalog_id
JOIN IDS.rcol rc2 ON rc2.col_cd = d.col_cd
AND rc2.report_catalog_id = d.report_catalog_id
JOIN IDS.company_data cd ON d.company_data_id = cd.id
WHERE rc.enterprise_type_cd = 'dn'
AND rc.report_cd LIKE 'BCDKT%'
AND rc2.col_desc = '1'
AND cd.report_year = :year
AND cd.report_quarter = :quarter
AND rr.row_desc = '432'";Dòng trùng - cần xác minh lại với nghiệp vụ;;;
21;;Dữ liệu tài chính về doanh nghiệp thông thường chi tiết - Bảng cân đối kế toán;TỔNG CỘNG NGUỒN VỐN (440 = 300 + 400);440;Data Explorer;Chỉ tiêu cơ sở;Dễ;Ngày, CTDC, chỉ tiêu BC;IDS - GSĐC;;X;;Done;;"IDS.data (d),
IDS.report_catalog (rc),
IDS.rrow (rr),
IDS.rcol (rc2),
IDS.company_data (cd)";d.data_value AS 440_TONG_NGUONVON;"rc.enterprise_type_cd = 'dn'
AND rc.report_cd LIKE 'BCDKT%'
AND rc2.col_desc = '1'
AND cd.report_year = :year
AND cd.report_quarter = :quarter
AND rr.row_desc = '440'";"SELECT
cd.company_profile_id,
rr.row_desc AS ma_chi_tieu,
rr.row_name_vi AS ten_chi_tieu,
d.data_value AS 440_TONG_NGUONVON
FROM IDS.data d
JOIN IDS.report_catalog rc ON d.report_catalog_id = rc.id
JOIN IDS.rrow rr ON rr.row_cd = d.row_cd
AND rr.report_catalog_id = d.report_catalog_id
JOIN IDS.rcol rc2 ON rc2.col_cd = d.col_cd
AND rc2.report_catalog_id = d.report_catalog_id
JOIN IDS.company_data cd ON d.company_data_id = cd.id
WHERE rc.enterprise_type_cd = 'dn'
AND rc.report_cd LIKE 'BCDKT%'
AND rc2.col_desc = '1'
AND cd.report_year = :year
AND cd.report_quarter = :quarter
AND rr.row_desc = '440'";;;;
22;;Dữ liệu tài chính về doanh nghiệp thông thường chi tiết - Báo cáo kết quả kinh doanh theo năm, bán niên;1. Doanh thu bán hàng và cung cấp dịch vụ;1;Data Explorer;Chỉ tiêu cơ sở;Dễ;Ngày, CTDC, chỉ tiêu BC;IDS - GSĐC;;X;;Done;;"IDS.data (d),
IDS.report_catalog (rc),
IDS.rrow (rr),
IDS.rcol (rc2),
IDS.company_data (cd)";d.data_value AS 01_DTH_BHCC_DV;"rc.enterprise_type_cd = 'dn'
AND rc.report_cd LIKE 'BCKQKD%'
AND rc2.col_desc = '1'
AND cd.report_year = :year
AND cd.report_quarter = :quarter
AND rr.row_desc = '01'";"SELECT
cd.company_profile_id,
rr.row_desc AS ma_chi_tieu,
rr.row_name_vi AS ten_chi_tieu,
d.data_value AS 01_DTH_BHCC_DV
FROM IDS.data d
JOIN IDS.report_catalog rc ON d.report_catalog_id = rc.id
JOIN IDS.rrow rr ON rr.row_cd = d.row_cd
AND rr.report_catalog_id = d.report_catalog_id
JOIN IDS.rcol rc2 ON rc2.col_cd = d.col_cd
AND rc2.report_catalog_id = d.report_catalog_id
JOIN IDS.company_data cd ON d.company_data_id = cd.id
WHERE rc.enterprise_type_cd = 'dn'
AND rc.report_cd LIKE 'BCKQKD%'
AND rc2.col_desc = '1'
AND cd.report_year = :year
AND cd.report_quarter = :quarter
AND rr.row_desc = '01'";;;;
22;;Dữ liệu tài chính về doanh nghiệp thông thường chi tiết - Báo cáo kết quả kinh doanh theo năm, bán niên;2. Các khoản giảm trừ doanh thu;2;Data Explorer;Chỉ tiêu cơ sở;Dễ;Ngày, CTDC, chỉ tiêu BC;IDS - GSĐC;;X;;Done;;"IDS.data (d),
IDS.report_catalog (rc),
IDS.rrow (rr),
IDS.rcol (rc2),
IDS.company_data (cd)";d.data_value AS 02_GIAM_TRU_DT;"rc.enterprise_type_cd = 'dn'
AND rc.report_cd LIKE 'BCKQKD%'
AND rc2.col_desc = '1'
AND cd.report_year = :year
AND cd.report_quarter = :quarter
AND rr.row_desc = '02'";"SELECT
cd.company_profile_id,
rr.row_desc AS ma_chi_tieu,
rr.row_name_vi AS ten_chi_tieu,
d.data_value AS 02_GIAM_TRU_DT
FROM IDS.data d
JOIN IDS.report_catalog rc ON d.report_catalog_id = rc.id
JOIN IDS.rrow rr ON rr.row_cd = d.row_cd
AND rr.report_catalog_id = d.report_catalog_id
JOIN IDS.rcol rc2 ON rc2.col_cd = d.col_cd
AND rc2.report_catalog_id = d.report_catalog_id
JOIN IDS.company_data cd ON d.company_data_id = cd.id
WHERE rc.enterprise_type_cd = 'dn'
AND rc.report_cd LIKE 'BCKQKD%'
AND rc2.col_desc = '1'
AND cd.report_year = :year
AND cd.report_quarter = :quarter
AND rr.row_desc = '02'";;;;
22;;Dữ liệu tài chính về doanh nghiệp thông thường chi tiết - Báo cáo kết quả kinh doanh theo năm, bán niên;3. Doanh thu thuần về bán hàng và cung cấp dịch vụ;10;Data Explorer;Chỉ tiêu phái sinh;TB;Ngày, CTDC, chỉ tiêu BC;IDS - GSĐC;;X;;Done;;"IDS.data (d),
IDS.report_catalog (rc),
IDS.rrow (rr),
IDS.rcol (rc2),
IDS.company_data (cd)";d.data_value AS 10_DT_THUAN;"rc.enterprise_type_cd = 'dn'
AND rc.report_cd LIKE 'BCKQKD%'
AND rc2.col_desc = '1'
AND cd.report_year = :year
AND cd.report_quarter = :quarter
AND rr.row_desc = '10'";"SELECT
cd.company_profile_id,
rr.row_desc AS ma_chi_tieu,
rr.row_name_vi AS ten_chi_tieu,
d.data_value AS 10_DT_THUAN
FROM IDS.data d
JOIN IDS.report_catalog rc ON d.report_catalog_id = rc.id
JOIN IDS.rrow rr ON rr.row_cd = d.row_cd
AND rr.report_catalog_id = d.report_catalog_id
JOIN IDS.rcol rc2 ON rc2.col_cd = d.col_cd
AND rc2.report_catalog_id = d.report_catalog_id
JOIN IDS.company_data cd ON d.company_data_id = cd.id
WHERE rc.enterprise_type_cd = 'dn'
AND rc.report_cd LIKE 'BCKQKD%'
AND rc2.col_desc = '1'
AND cd.report_year = :year
AND cd.report_quarter = :quarter
AND rr.row_desc = '10'";;;;
22;;Dữ liệu tài chính về doanh nghiệp thông thường chi tiết - Báo cáo kết quả kinh doanh theo năm, bán niên;4. Giá vốn hàng bán;11;Data Explorer;Chỉ tiêu cơ sở;Dễ;Ngày, CTDC, chỉ tiêu BC;IDS - GSĐC;;X;;Done;;"IDS.data (d),
IDS.report_catalog (rc),
IDS.rrow (rr),
IDS.rcol (rc2),
IDS.company_data (cd)";d.data_value AS 11_GIA_VON;"rc.enterprise_type_cd = 'dn'
AND rc.report_cd LIKE 'BCKQKD%'
AND rc2.col_desc = '1'
AND cd.report_year = :year
AND cd.report_quarter = :quarter
AND rr.row_desc = '11'";"SELECT
cd.company_profile_id,
rr.row_desc AS ma_chi_tieu,
rr.row_name_vi AS ten_chi_tieu,
d.data_value AS 11_GIA_VON
FROM IDS.data d
JOIN IDS.report_catalog rc ON d.report_catalog_id = rc.id
JOIN IDS.rrow rr ON rr.row_cd = d.row_cd
AND rr.report_catalog_id = d.report_catalog_id
JOIN IDS.rcol rc2 ON rc2.col_cd = d.col_cd
AND rc2.report_catalog_id = d.report_catalog_id
JOIN IDS.company_data cd ON d.company_data_id = cd.id
WHERE rc.enterprise_type_cd = 'dn'
AND rc.report_cd LIKE 'BCKQKD%'
AND rc2.col_desc = '1'
AND cd.report_year = :year
AND cd.report_quarter = :quarter
AND rr.row_desc = '11'";;;;
22;;Dữ liệu tài chính về doanh nghiệp thông thường chi tiết - Báo cáo kết quả kinh doanh theo năm, bán niên;5. Lợi nhuận gộp về bán hàng và cung cấp dịch vụ;20;Data Explorer;Chỉ tiêu phái sinh;TB;Ngày, CTDC, chỉ tiêu BC;IDS - GSĐC;;X;;Done;;"IDS.data (d),
IDS.report_catalog (rc),
IDS.rrow (rr),
IDS.rcol (rc2),
IDS.company_data (cd)";d.data_value AS 20_LNGOP;"rc.enterprise_type_cd = 'dn'
AND rc.report_cd LIKE 'BCKQKD%'
AND rc2.col_desc = '1'
AND cd.report_year = :year
AND cd.report_quarter = :quarter
AND rr.row_desc = '20'";"SELECT
cd.company_profile_id,
rr.row_desc AS ma_chi_tieu,
rr.row_name_vi AS ten_chi_tieu,
d.data_value AS 20_LNGOP
FROM IDS.data d
JOIN IDS.report_catalog rc ON d.report_catalog_id = rc.id
JOIN IDS.rrow rr ON rr.row_cd = d.row_cd
AND rr.report_catalog_id = d.report_catalog_id
JOIN IDS.rcol rc2 ON rc2.col_cd = d.col_cd
AND rc2.report_catalog_id = d.report_catalog_id
JOIN IDS.company_data cd ON d.company_data_id = cd.id
WHERE rc.enterprise_type_cd = 'dn'
AND rc.report_cd LIKE 'BCKQKD%'
AND rc2.col_desc = '1'
AND cd.report_year = :year
AND cd.report_quarter = :quarter
AND rr.row_desc = '20'";;;;
22;;Dữ liệu tài chính về doanh nghiệp thông thường chi tiết - Báo cáo kết quả kinh doanh theo năm, bán niên;6. Doanh thu hoạt động tài chính;21;Data Explorer;Chỉ tiêu cơ sở;Dễ;Ngày, CTDC, chỉ tiêu BC;IDS - GSĐC;;X;;Done;;"IDS.data (d),
IDS.report_catalog (rc),
IDS.rrow (rr),
IDS.rcol (rc2),
IDS.company_data (cd)";d.data_value AS 21_DT_TAICHINH;"rc.enterprise_type_cd = 'dn'
AND rc.report_cd LIKE 'BCKQKD%'
AND rc2.col_desc = '1'
AND cd.report_year = :year
AND cd.report_quarter = :quarter
AND rr.row_desc = '21'";"SELECT
cd.company_profile_id,
rr.row_desc AS ma_chi_tieu,
rr.row_name_vi AS ten_chi_tieu,
d.data_value AS 21_DT_TAICHINH
FROM IDS.data d
JOIN IDS.report_catalog rc ON d.report_catalog_id = rc.id
JOIN IDS.rrow rr ON rr.row_cd = d.row_cd
AND rr.report_catalog_id = d.report_catalog_id
JOIN IDS.rcol rc2 ON rc2.col_cd = d.col_cd
AND rc2.report_catalog_id = d.report_catalog_id
JOIN IDS.company_data cd ON d.company_data_id = cd.id
WHERE rc.enterprise_type_cd = 'dn'
AND rc.report_cd LIKE 'BCKQKD%'
AND rc2.col_desc = '1'
AND cd.report_year = :year
AND cd.report_quarter = :quarter
AND rr.row_desc = '21'";;;;
22;;Dữ liệu tài chính về doanh nghiệp thông thường chi tiết - Báo cáo kết quả kinh doanh theo năm, bán niên;7. Chi phí tài chính;22;Data Explorer;Chỉ tiêu phái sinh;TB;Ngày, CTDC, chỉ tiêu BC;IDS - GSĐC;;X;;Done;;"IDS.data (d),
IDS.report_catalog (rc),
IDS.rrow (rr),
IDS.rcol (rc2),
IDS.company_data (cd)";d.data_value AS 22_CP_TAICHINH;"rc.enterprise_type_cd = 'dn'
AND rc.report_cd LIKE 'BCKQKD%'
AND rc2.col_desc = '1'
AND cd.report_year = :year
AND cd.report_quarter = :quarter
AND rr.row_desc = '22'";"SELECT
cd.company_profile_id,
rr.row_desc AS ma_chi_tieu,
rr.row_name_vi AS ten_chi_tieu,
d.data_value AS 22_CP_TAICHINH
FROM IDS.data d
JOIN IDS.report_catalog rc ON d.report_catalog_id = rc.id
JOIN IDS.rrow rr ON rr.row_cd = d.row_cd
AND rr.report_catalog_id = d.report_catalog_id
JOIN IDS.rcol rc2 ON rc2.col_cd = d.col_cd
AND rc2.report_catalog_id = d.report_catalog_id
JOIN IDS.company_data cd ON d.company_data_id = cd.id
WHERE rc.enterprise_type_cd = 'dn'
AND rc.report_cd LIKE 'BCKQKD%'
AND rc2.col_desc = '1'
AND cd.report_year = :year
AND cd.report_quarter = :quarter
AND rr.row_desc = '22'";;;;
22;;Dữ liệu tài chính về doanh nghiệp thông thường chi tiết - Báo cáo kết quả kinh doanh theo năm, bán niên;7. Chi phí tài chính (Trong đó: Chi phí lãi vay);23;Data Explorer;Chỉ tiêu phái sinh;TB;Ngày, CTDC, chỉ tiêu BC;IDS - GSĐC;;X;;Done;;"IDS.data (d),
IDS.report_catalog (rc),
IDS.rrow (rr),
IDS.rcol (rc2),
IDS.company_data (cd)";d.data_value AS 23_CP_LAIVAY;"rc.enterprise_type_cd = 'dn'
AND rc.report_cd LIKE 'BCKQKD%'
AND rc2.col_desc = '1'
AND cd.report_year = :year
AND cd.report_quarter = :quarter
AND rr.row_desc = '23'";"SELECT
cd.company_profile_id,
rr.row_desc AS ma_chi_tieu,
rr.row_name_vi AS ten_chi_tieu,
d.data_value AS 23_CP_LAIVAY
FROM IDS.data d
JOIN IDS.report_catalog rc ON d.report_catalog_id = rc.id
JOIN IDS.rrow rr ON rr.row_cd = d.row_cd
AND rr.report_catalog_id = d.report_catalog_id
JOIN IDS.rcol rc2 ON rc2.col_cd = d.col_cd
AND rc2.report_catalog_id = d.report_catalog_id
JOIN IDS.company_data cd ON d.company_data_id = cd.id
WHERE rc.enterprise_type_cd = 'dn'
AND rc.report_cd LIKE 'BCKQKD%'
AND rc2.col_desc = '1'
AND cd.report_year = :year
AND cd.report_quarter = :quarter
AND rr.row_desc = '23'";;;;
22;;Dữ liệu tài chính về doanh nghiệp thông thường chi tiết - Báo cáo kết quả kinh doanh theo năm, bán niên;8. Phần lãi hoặc lỗ trong công ty liên doanh, liên kết;24;Data Explorer;Chỉ tiêu cơ sở;Dễ;Ngày, CTDC, chỉ tiêu BC;IDS - GSĐC;;X;;Done;;"IDS.data (d),
IDS.report_catalog (rc),
IDS.rrow (rr),
IDS.rcol (rc2),
IDS.company_data (cd)";d.data_value AS 24_LAILO_LKLK;"rc.enterprise_type_cd = 'dn'
AND rc.report_cd LIKE 'BCKQKD%'
AND rc2.col_desc = '1'
AND cd.report_year = :year
AND cd.report_quarter = :quarter
AND rr.row_desc = '24'";"SELECT
cd.company_profile_id,
rr.row_desc AS ma_chi_tieu,
rr.row_name_vi AS ten_chi_tieu,
d.data_value AS 24_LAILO_LKLK
FROM IDS.data d
JOIN IDS.report_catalog rc ON d.report_catalog_id = rc.id
JOIN IDS.rrow rr ON rr.row_cd = d.row_cd
AND rr.report_catalog_id = d.report_catalog_id
JOIN IDS.rcol rc2 ON rc2.col_cd = d.col_cd
AND rc2.report_catalog_id = d.report_catalog_id
JOIN IDS.company_data cd ON d.company_data_id = cd.id
WHERE rc.enterprise_type_cd = 'dn'
AND rc.report_cd LIKE 'BCKQKD%'
AND rc2.col_desc = '1'
AND cd.report_year = :year
AND cd.report_quarter = :quarter
AND rr.row_desc = '24'";;;;
22;;Dữ liệu tài chính về doanh nghiệp thông thường chi tiết - Báo cáo kết quả kinh doanh theo năm, bán niên;9. Chi phí bán hàng;25;Data Explorer;Chỉ tiêu cơ sở;Dễ;Ngày, CTDC, chỉ tiêu BC;IDS - GSĐC;;X;;Done;;"IDS.data (d),
IDS.report_catalog (rc),
IDS.rrow (rr),
IDS.rcol (rc2),
IDS.company_data (cd)";d.data_value AS 25_CP_BANHANG;"rc.enterprise_type_cd = 'dn'
AND rc.report_cd LIKE 'BCKQKD%'
AND rc2.col_desc = '1'
AND cd.report_year = :year
AND cd.report_quarter = :quarter
AND rr.row_desc = '25'";"SELECT
cd.company_profile_id,
rr.row_desc AS ma_chi_tieu,
rr.row_name_vi AS ten_chi_tieu,
d.data_value AS 25_CP_BANHANG
FROM IDS.data d
JOIN IDS.report_catalog rc ON d.report_catalog_id = rc.id
JOIN IDS.rrow rr ON rr.row_cd = d.row_cd
AND rr.report_catalog_id = d.report_catalog_id
JOIN IDS.rcol rc2 ON rc2.col_cd = d.col_cd
AND rc2.report_catalog_id = d.report_catalog_id
JOIN IDS.company_data cd ON d.company_data_id = cd.id
WHERE rc.enterprise_type_cd = 'dn'
AND rc.report_cd LIKE 'BCKQKD%'
AND rc2.col_desc = '1'
AND cd.report_year = :year
AND cd.report_quarter = :quarter
AND rr.row_desc = '25'";;;;
22;;Dữ liệu tài chính về doanh nghiệp thông thường chi tiết - Báo cáo kết quả kinh doanh theo năm, bán niên;10. Chi phí quản lý doanh nghiệp;26;Data Explorer;Chỉ tiêu cơ sở;Dễ;Ngày, CTDC, chỉ tiêu BC;IDS - GSĐC;;X;;Done;;"IDS.data (d),
IDS.report_catalog (rc),
IDS.rrow (rr),
IDS.rcol (rc2),
IDS.company_data (cd)";d.data_value AS 26_CP_QLDN;"rc.enterprise_type_cd = 'dn'
AND rc.report_cd LIKE 'BCKQKD%'
AND rc2.col_desc = '1'
AND cd.report_year = :year
AND cd.report_quarter = :quarter
AND rr.row_desc = '26'";"SELECT
cd.company_profile_id,
rr.row_desc AS ma_chi_tieu,
rr.row_name_vi AS ten_chi_tieu,
d.data_value AS 26_CP_QLDN
FROM IDS.data d
JOIN IDS.report_catalog rc ON d.report_catalog_id = rc.id
JOIN IDS.rrow rr ON rr.row_cd = d.row_cd
AND rr.report_catalog_id = d.report_catalog_id
JOIN IDS.rcol rc2 ON rc2.col_cd = d.col_cd
AND rc2.report_catalog_id = d.report_catalog_id
JOIN IDS.company_data cd ON d.company_data_id = cd.id
WHERE rc.enterprise_type_cd = 'dn'
AND rc.report_cd LIKE 'BCKQKD%'
AND rc2.col_desc = '1'
AND cd.report_year = :year
AND cd.report_quarter = :quarter
AND rr.row_desc = '26'";;;;
22;;Dữ liệu tài chính về doanh nghiệp thông thường chi tiết - Báo cáo kết quả kinh doanh theo năm, bán niên;11. Lợi nhuận thuần từ hoạt động kinh doanh;30;Data Explorer;Chỉ tiêu phái sinh;TB;Ngày, CTDC, chỉ tiêu BC;IDS - GSĐC;;X;;Done;;"IDS.data (d),
IDS.report_catalog (rc),
IDS.rrow (rr),
IDS.rcol (rc2),
IDS.company_data (cd)";d.data_value AS 30_LN_HDKD;"rc.enterprise_type_cd = 'dn'
AND rc.report_cd LIKE 'BCKQKD%'
AND rc2.col_desc = '1'
AND cd.report_year = :year
AND cd.report_quarter = :quarter
AND rr.row_desc = '30'";"SELECT
cd.company_profile_id,
rr.row_desc AS ma_chi_tieu,
rr.row_name_vi AS ten_chi_tieu,
d.data_value AS 30_LN_HDKD
FROM IDS.data d
JOIN IDS.report_catalog rc ON d.report_catalog_id = rc.id
JOIN IDS.rrow rr ON rr.row_cd = d.row_cd
AND rr.report_catalog_id = d.report_catalog_id
JOIN IDS.rcol rc2 ON rc2.col_cd = d.col_cd
AND rc2.report_catalog_id = d.report_catalog_id
JOIN IDS.company_data cd ON d.company_data_id = cd.id
WHERE rc.enterprise_type_cd = 'dn'
AND rc.report_cd LIKE 'BCKQKD%'
AND rc2.col_desc = '1'
AND cd.report_year = :year
AND cd.report_quarter = :quarter
AND rr.row_desc = '30'";;;;
22;;Dữ liệu tài chính về doanh nghiệp thông thường chi tiết - Báo cáo kết quả kinh doanh theo năm, bán niên;12. Thu nhập khác;31;Data Explorer;Chỉ tiêu cơ sở;Dễ;Ngày, CTDC, chỉ tiêu BC;IDS - GSĐC;;X;;Done;;"IDS.data (d),
IDS.report_catalog (rc),
IDS.rrow (rr),
IDS.rcol (rc2),
IDS.company_data (cd)";d.data_value AS 31_TN_KHAC;"rc.enterprise_type_cd = 'dn'
AND rc.report_cd LIKE 'BCKQKD%'
AND rc2.col_desc = '1'
AND cd.report_year = :year
AND cd.report_quarter = :quarter
AND rr.row_desc = '31'";"SELECT
cd.company_profile_id,
rr.row_desc AS ma_chi_tieu,
rr.row_name_vi AS ten_chi_tieu,
d.data_value AS 31_TN_KHAC
FROM IDS.data d
JOIN IDS.report_catalog rc ON d.report_catalog_id = rc.id
JOIN IDS.rrow rr ON rr.row_cd = d.row_cd
AND rr.report_catalog_id = d.report_catalog_id
JOIN IDS.rcol rc2 ON rc2.col_cd = d.col_cd
AND rc2.report_catalog_id = d.report_catalog_id
JOIN IDS.company_data cd ON d.company_data_id = cd.id
WHERE rc.enterprise_type_cd = 'dn'
AND rc.report_cd LIKE 'BCKQKD%'
AND rc2.col_desc = '1'
AND cd.report_year = :year
AND cd.report_quarter = :quarter
AND rr.row_desc = '31'";;;;
22;;Dữ liệu tài chính về doanh nghiệp thông thường chi tiết - Báo cáo kết quả kinh doanh theo năm, bán niên;13. Chi phí khác;32;Data Explorer;Chỉ tiêu cơ sở;Dễ;Ngày, CTDC, chỉ tiêu BC;IDS - GSĐC;;X;;Done;;"IDS.data (d),
IDS.report_catalog (rc),
IDS.rrow (rr),
IDS.rcol (rc2),
IDS.company_data (cd)";d.data_value AS 32_CP_KHAC;"rc.enterprise_type_cd = 'dn'
AND rc.report_cd LIKE 'BCKQKD%'
AND rc2.col_desc = '1'
AND cd.report_year = :year
AND cd.report_quarter = :quarter
AND rr.row_desc = '32'";"SELECT
cd.company_profile_id,
rr.row_desc AS ma_chi_tieu,
rr.row_name_vi AS ten_chi_tieu,
d.data_value AS 32_CP_KHAC
FROM IDS.data d
JOIN IDS.report_catalog rc ON d.report_catalog_id = rc.id
JOIN IDS.rrow rr ON rr.row_cd = d.row_cd
AND rr.report_catalog_id = d.report_catalog_id
JOIN IDS.rcol rc2 ON rc2.col_cd = d.col_cd
AND rc2.report_catalog_id = d.report_catalog_id
JOIN IDS.company_data cd ON d.company_data_id = cd.id
WHERE rc.enterprise_type_cd = 'dn'
AND rc.report_cd LIKE 'BCKQKD%'
AND rc2.col_desc = '1'
AND cd.report_year = :year
AND cd.report_quarter = :quarter
AND rr.row_desc = '32'";;;;
22;;Dữ liệu tài chính về doanh nghiệp thông thường chi tiết - Báo cáo kết quả kinh doanh theo năm, bán niên;14. Lợi nhuận khác;40;Data Explorer;Chỉ tiêu phái sinh;TB;Ngày, CTDC, chỉ tiêu BC;IDS - GSĐC;;X;;Done;;"IDS.data (d),
IDS.report_catalog (rc),
IDS.rrow (rr),
IDS.rcol (rc2),
IDS.company_data (cd)";d.data_value AS 40_LN_KHAC;"rc.enterprise_type_cd = 'dn'
AND rc.report_cd LIKE 'BCKQKD%'
AND rc2.col_desc = '1'
AND cd.report_year = :year
AND cd.report_quarter = :quarter
AND rr.row_desc = '40'";"SELECT
cd.company_profile_id,
rr.row_desc AS ma_chi_tieu,
rr.row_name_vi AS ten_chi_tieu,
d.data_value AS 40_LN_KHAC
FROM IDS.data d
JOIN IDS.report_catalog rc ON d.report_catalog_id = rc.id
JOIN IDS.rrow rr ON rr.row_cd = d.row_cd
AND rr.report_catalog_id = d.report_catalog_id
JOIN IDS.rcol rc2 ON rc2.col_cd = d.col_cd
AND rc2.report_catalog_id = d.report_catalog_id
JOIN IDS.company_data cd ON d.company_data_id = cd.id
WHERE rc.enterprise_type_cd = 'dn'
AND rc.report_cd LIKE 'BCKQKD%'
AND rc2.col_desc = '1'
AND cd.report_year = :year
AND cd.report_quarter = :quarter
AND rr.row_desc = '40'";;;;
22;;Dữ liệu tài chính về doanh nghiệp thông thường chi tiết - Báo cáo kết quả kinh doanh theo năm, bán niên;15. Tổng lợi nhuận kế toán trước thuế;50;Data Explorer;Chỉ tiêu phái sinh;TB;Ngày, CTDC, chỉ tiêu BC;IDS - GSĐC;;X;;Done;;"IDS.data (d),
IDS.report_catalog (rc),
IDS.rrow (rr),
IDS.rcol (rc2),
IDS.company_data (cd)";d.data_value AS 50_LNTT;"rc.enterprise_type_cd = 'dn'
AND rc.report_cd LIKE 'BCKQKD%'
AND rc2.col_desc = '1'
AND cd.report_year = :year
AND cd.report_quarter = :quarter
AND rr.row_desc = '50'";"SELECT
cd.company_profile_id,
rr.row_desc AS ma_chi_tieu,
rr.row_name_vi AS ten_chi_tieu,
d.data_value AS 50_LNTT
FROM IDS.data d
JOIN IDS.report_catalog rc ON d.report_catalog_id = rc.id
JOIN IDS.rrow rr ON rr.row_cd = d.row_cd
AND rr.report_catalog_id = d.report_catalog_id
JOIN IDS.rcol rc2 ON rc2.col_cd = d.col_cd
AND rc2.report_catalog_id = d.report_catalog_id
JOIN IDS.company_data cd ON d.company_data_id = cd.id
WHERE rc.enterprise_type_cd = 'dn'
AND rc.report_cd LIKE 'BCKQKD%'
AND rc2.col_desc = '1'
AND cd.report_year = :year
AND cd.report_quarter = :quarter
AND rr.row_desc = '50'";;;;
22;;Dữ liệu tài chính về doanh nghiệp thông thường chi tiết - Báo cáo kết quả kinh doanh theo năm, bán niên;16. Chi phí thuế thu nhập doanh nghiệp hiện hành;51;Data Explorer;Chỉ tiêu phái sinh;TB;Ngày, CTDC, chỉ tiêu BC;IDS - GSĐC;;X;;Done;;"IDS.data (d),
IDS.report_catalog (rc),
IDS.rrow (rr),
IDS.rcol (rc2),
IDS.company_data (cd)";d.data_value AS 51_CP_THUE_HH;"rc.enterprise_type_cd = 'dn'
AND rc.report_cd LIKE 'BCKQKD%'
AND rc2.col_desc = '1'
AND cd.report_year = :year
AND cd.report_quarter = :quarter
AND rr.row_desc = '51'";"SELECT
cd.company_profile_id,
rr.row_desc AS ma_chi_tieu,
rr.row_name_vi AS ten_chi_tieu,
d.data_value AS 51_CP_THUE_HH
FROM IDS.data d
JOIN IDS.report_catalog rc ON d.report_catalog_id = rc.id
JOIN IDS.rrow rr ON rr.row_cd = d.row_cd
AND rr.report_catalog_id = d.report_catalog_id
JOIN IDS.rcol rc2 ON rc2.col_cd = d.col_cd
AND rc2.report_catalog_id = d.report_catalog_id
JOIN IDS.company_data cd ON d.company_data_id = cd.id
WHERE rc.enterprise_type_cd = 'dn'
AND rc.report_cd LIKE 'BCKQKD%'
AND rc2.col_desc = '1'
AND cd.report_year = :year
AND cd.report_quarter = :quarter
AND rr.row_desc = '51'";;;;
22;;Dữ liệu tài chính về doanh nghiệp thông thường chi tiết - Báo cáo kết quả kinh doanh theo năm, bán niên;17. Chi phí thuế thu nhập doanh nghiệp;52;Data Explorer;Chỉ tiêu phái sinh;TB;Ngày, CTDC, chỉ tiêu BC;IDS - GSĐC;;X;;Done;;"IDS.data (d),
IDS.report_catalog (rc),
IDS.rrow (rr),
IDS.rcol (rc2),
IDS.company_data (cd)";d.data_value AS 52_CP_THUE_HL;"rc.enterprise_type_cd = 'dn'
AND rc.report_cd LIKE 'BCKQKD%'
AND rc2.col_desc = '1'
AND cd.report_year = :year
AND cd.report_quarter = :quarter
AND rr.row_desc = '52'";"SELECT
cd.company_profile_id,
rr.row_desc AS ma_chi_tieu,
rr.row_name_vi AS ten_chi_tieu,
d.data_value AS 52_CP_THUE_HL
FROM IDS.data d
JOIN IDS.report_catalog rc ON d.report_catalog_id = rc.id
JOIN IDS.rrow rr ON rr.row_cd = d.row_cd
AND rr.report_catalog_id = d.report_catalog_id
JOIN IDS.rcol rc2 ON rc2.col_cd = d.col_cd
AND rc2.report_catalog_id = d.report_catalog_id
JOIN IDS.company_data cd ON d.company_data_id = cd.id
WHERE rc.enterprise_type_cd = 'dn'
AND rc.report_cd LIKE 'BCKQKD%'
AND rc2.col_desc = '1'
AND cd.report_year = :year
AND cd.report_quarter = :quarter
AND rr.row_desc = '52'";;;;
22;;Dữ liệu tài chính về doanh nghiệp thông thường chi tiết - Báo cáo kết quả kinh doanh theo năm, bán niên;18. Lợi nhuận sau thuế thu nhập doanh nghiệp;60;Data Explorer;Chỉ tiêu phái sinh;TB;Ngày, CTDC, chỉ tiêu BC;IDS - GSĐC;;X;;Done;;"IDS.data (d),
IDS.report_catalog (rc),
IDS.rrow (rr),
IDS.rcol (rc2),
IDS.company_data (cd)";d.data_value AS 60_LNST;"rc.enterprise_type_cd = 'dn'
AND rc.report_cd LIKE 'BCKQKD%'
AND rc2.col_desc = '1'
AND cd.report_year = :year
AND cd.report_quarter = :quarter
AND rr.row_desc = '60'";"SELECT
cd.company_profile_id,
rr.row_desc AS ma_chi_tieu,
rr.row_name_vi AS ten_chi_tieu,
d.data_value AS 60_LNST
FROM IDS.data d
JOIN IDS.report_catalog rc ON d.report_catalog_id = rc.id
JOIN IDS.rrow rr ON rr.row_cd = d.row_cd
AND rr.report_catalog_id = d.report_catalog_id
JOIN IDS.rcol rc2 ON rc2.col_cd = d.col_cd
AND rc2.report_catalog_id = d.report_catalog_id
JOIN IDS.company_data cd ON d.company_data_id = cd.id
WHERE rc.enterprise_type_cd = 'dn'
AND rc.report_cd LIKE 'BCKQKD%'
AND rc2.col_desc = '1'
AND cd.report_year = :year
AND cd.report_quarter = :quarter
AND rr.row_desc = '60'";;;;
22;;Dữ liệu tài chính về doanh nghiệp thông thường chi tiết - Báo cáo kết quả kinh doanh theo năm, bán niên;19. Lợi nhuận sau thuế của công ty mẹ;61;Data Explorer;Chỉ tiêu phái sinh;TB;Ngày, CTDC, chỉ tiêu BC;IDS - GSĐC;;X;;Done;;"IDS.data (d),
IDS.report_catalog (rc),
IDS.rrow (rr),
IDS.rcol (rc2),
IDS.company_data (cd)";d.data_value AS 61_LNST_CTME;"rc.enterprise_type_cd = 'dn'
AND rc.report_cd LIKE 'BCKQKD%'
AND rc2.col_desc = '1'
AND cd.report_year = :year
AND cd.report_quarter = :quarter
AND rr.row_desc = '61'";"SELECT
cd.company_profile_id,
rr.row_desc AS ma_chi_tieu,
rr.row_name_vi AS ten_chi_tieu,
d.data_value AS 61_LNST_CTME
FROM IDS.data d
JOIN IDS.report_catalog rc ON d.report_catalog_id = rc.id
JOIN IDS.rrow rr ON rr.row_cd = d.row_cd
AND rr.report_catalog_id = d.report_catalog_id
JOIN IDS.rcol rc2 ON rc2.col_cd = d.col_cd
AND rc2.report_catalog_id = d.report_catalog_id
JOIN IDS.company_data cd ON d.company_data_id = cd.id
WHERE rc.enterprise_type_cd = 'dn'
AND rc.report_cd LIKE 'BCKQKD%'
AND rc2.col_desc = '1'
AND cd.report_year = :year
AND cd.report_quarter = :quarter
AND rr.row_desc = '61'";;;;
22;;Dữ liệu tài chính về doanh nghiệp thông thường chi tiết - Báo cáo kết quả kinh doanh theo năm, bán niên;20. Lợi nhuận sau thuế của cổ đông không kiểm soát;62;Data Explorer;Chỉ tiêu cơ sở;Dễ;Ngày, CTDC, chỉ tiêu BC;IDS - GSĐC;;X;;Done;;"IDS.data (d),
IDS.report_catalog (rc),
IDS.rrow (rr),
IDS.rcol (rc2),
IDS.company_data (cd)";d.data_value AS 62_LNST_CDKKSOAT;"rc.enterprise_type_cd = 'dn'
AND rc.report_cd LIKE 'BCKQKD%'
AND rc2.col_desc = '1'
AND cd.report_year = :year
AND cd.report_quarter = :quarter
AND rr.row_desc = '62'";"SELECT
cd.company_profile_id,
rr.row_desc AS ma_chi_tieu,
rr.row_name_vi AS ten_chi_tieu,
d.data_value AS 62_LNST_CDKKSOAT
FROM IDS.data d
JOIN IDS.report_catalog rc ON d.report_catalog_id = rc.id
JOIN IDS.rrow rr ON rr.row_cd = d.row_cd
AND rr.report_catalog_id = d.report_catalog_id
JOIN IDS.rcol rc2 ON rc2.col_cd = d.col_cd
AND rc2.report_catalog_id = d.report_catalog_id
JOIN IDS.company_data cd ON d.company_data_id = cd.id
WHERE rc.enterprise_type_cd = 'dn'
AND rc.report_cd LIKE 'BCKQKD%'
AND rc2.col_desc = '1'
AND cd.report_year = :year
AND cd.report_quarter = :quarter
AND rr.row_desc = '62'";;;;
22;;Dữ liệu tài chính về doanh nghiệp thông thường chi tiết - Báo cáo kết quả kinh doanh theo năm, bán niên;21. Lãi cơ bản trên cổ phiếu (EPS);70;Data Explorer;Chỉ tiêu phái sinh;TB;Ngày, CTDC, chỉ tiêu BC;IDS - GSĐC;;X;;Done;;"IDS.data (d),
IDS.report_catalog (rc),
IDS.rrow (rr),
IDS.rcol (rc2),
IDS.company_data (cd)";d.data_value AS 70_EPS_CB;"rc.enterprise_type_cd = 'dn'
AND rc.report_cd LIKE 'BCKQKD%'
AND rc2.col_desc = '1'
AND cd.report_year = :year
AND cd.report_quarter = :quarter
AND rr.row_desc = '70'";"SELECT
cd.company_profile_id,
rr.row_desc AS ma_chi_tieu,
rr.row_name_vi AS ten_chi_tieu,
d.data_value AS 70_EPS_CB
FROM IDS.data d
JOIN IDS.report_catalog rc ON d.report_catalog_id = rc.id
JOIN IDS.rrow rr ON rr.row_cd = d.row_cd
AND rr.report_catalog_id = d.report_catalog_id
JOIN IDS.rcol rc2 ON rc2.col_cd = d.col_cd
AND rc2.report_catalog_id = d.report_catalog_id
JOIN IDS.company_data cd ON d.company_data_id = cd.id
WHERE rc.enterprise_type_cd = 'dn'
AND rc.report_cd LIKE 'BCKQKD%'
AND rc2.col_desc = '1'
AND cd.report_year = :year
AND cd.report_quarter = :quarter
AND rr.row_desc = '70'";;;;
22;;Dữ liệu tài chính về doanh nghiệp thông thường chi tiết - Báo cáo kết quả kinh doanh theo năm, bán niên;22. Lãi suy giảm trên cổ phiếu;71;Data Explorer;Chỉ tiêu phái sinh;TB;Ngày, CTDC, chỉ tiêu BC;IDS - GSĐC;;X;;Done;;"IDS.data (d),
IDS.report_catalog (rc),
IDS.rrow (rr),
IDS.rcol (rc2),
IDS.company_data (cd)";d.data_value AS 71_EPS_SUYGIAM;"rc.enterprise_type_cd = 'dn'
AND rc.report_cd LIKE 'BCKQKD%'
AND rc2.col_desc = '1'
AND cd.report_year = :year
AND cd.report_quarter = :quarter
AND rr.row_desc = '71'";"SELECT
cd.company_profile_id,
rr.row_desc AS ma_chi_tieu,
rr.row_name_vi AS ten_chi_tieu,
d.data_value AS 71_EPS_SUYGIAM
FROM IDS.data d
JOIN IDS.report_catalog rc ON d.report_catalog_id = rc.id
JOIN IDS.rrow rr ON rr.row_cd = d.row_cd
AND rr.report_catalog_id = d.report_catalog_id
JOIN IDS.rcol rc2 ON rc2.col_cd = d.col_cd
AND rc2.report_catalog_id = d.report_catalog_id
JOIN IDS.company_data cd ON d.company_data_id = cd.id
WHERE rc.enterprise_type_cd = 'dn'
AND rc.report_cd LIKE 'BCKQKD%'
AND rc2.col_desc = '1'
AND cd.report_year = :year
AND cd.report_quarter = :quarter
AND rr.row_desc = '71'";;;;
23;;Dữ liệu tài chính về doanh nghiệp thông thường chi tiết - Báo cáo Lưu chuyển tiền tệ - trực tiếp;I. Lưu chuyển tiền từ hoạt động kinh doanh;null;Data Explorer;Chỉ tiêu cơ sở;Dễ;Ngày, CTDC, chỉ tiêu BC;IDS - GSĐC;;X;;Done;;;;;;Dòng tiêu đề, không có dữ liệu số;;;
23;;Dữ liệu tài chính về doanh nghiệp thông thường chi tiết - Báo cáo Lưu chuyển tiền tệ - trực tiếp;1. Tiền thu từ bán hàng, cung cấp dịch vụ và doanh thu khác;1;Data Explorer;Chỉ tiêu cơ sở;Dễ;Ngày, CTDC, chỉ tiêu BC;IDS - GSĐC;;X;;Done;;"IDS.data (d),
IDS.report_catalog (rc),
IDS.rrow (rr),
IDS.rcol (rc2),
IDS.company_data (cd)";d.data_value AS 01_TT_TIENTU_BANHANG;"rc.enterprise_type_cd = 'dn'
AND rc.report_cd LIKE 'BCLCTT_TT%'
AND rc2.col_desc = '1'
AND cd.report_year = :year
AND cd.report_quarter = :quarter
AND rr.row_desc = '01'";"SELECT
cd.company_profile_id,
rr.row_desc AS ma_chi_tieu,
rr.row_name_vi AS ten_chi_tieu,
d.data_value AS 01_TT_TIENTU_BANHANG
FROM IDS.data d
JOIN IDS.report_catalog rc ON d.report_catalog_id = rc.id
JOIN IDS.rrow rr ON rr.row_cd = d.row_cd
AND rr.report_catalog_id = d.report_catalog_id
JOIN IDS.rcol rc2 ON rc2.col_cd = d.col_cd
AND rc2.report_catalog_id = d.report_catalog_id
JOIN IDS.company_data cd ON d.company_data_id = cd.id
WHERE rc.enterprise_type_cd = 'dn'
AND rc.report_cd LIKE 'BCLCTT_TT%'
AND rc2.col_desc = '1'
AND cd.report_year = :year
AND cd.report_quarter = :quarter
AND rr.row_desc = '01'";;;;
23;;Dữ liệu tài chính về doanh nghiệp thông thường chi tiết - Báo cáo Lưu chuyển tiền tệ - trực tiếp;2. Tiền chi trả cho người cung cấp hàng hóa và dịch vụ;2;Data Explorer;Chỉ tiêu cơ sở;Dễ;Ngày, CTDC, chỉ tiêu BC;IDS - GSĐC;;X;;Done;;"IDS.data (d),
IDS.report_catalog (rc),
IDS.rrow (rr),
IDS.rcol (rc2),
IDS.company_data (cd)";d.data_value AS 02_TT_CHI_NHACUNG;"rc.enterprise_type_cd = 'dn'
AND rc.report_cd LIKE 'BCLCTT_TT%'
AND rc2.col_desc = '1'
AND cd.report_year = :year
AND cd.report_quarter = :quarter
AND rr.row_desc = '02'";"SELECT
cd.company_profile_id,
rr.row_desc AS ma_chi_tieu,
rr.row_name_vi AS ten_chi_tieu,
d.data_value AS 02_TT_CHI_NHACUNG
FROM IDS.data d
JOIN IDS.report_catalog rc ON d.report_catalog_id = rc.id
JOIN IDS.rrow rr ON rr.row_cd = d.row_cd
AND rr.report_catalog_id = d.report_catalog_id
JOIN IDS.rcol rc2 ON rc2.col_cd = d.col_cd
AND rc2.report_catalog_id = d.report_catalog_id
JOIN IDS.company_data cd ON d.company_data_id = cd.id
WHERE rc.enterprise_type_cd = 'dn'
AND rc.report_cd LIKE 'BCLCTT_TT%'
AND rc2.col_desc = '1'
AND cd.report_year = :year
AND cd.report_quarter = :quarter
AND rr.row_desc = '02'";;;;
23;;Dữ liệu tài chính về doanh nghiệp thông thường chi tiết - Báo cáo Lưu chuyển tiền tệ - trực tiếp;3. Tiền chi trả cho người lao động;3;Data Explorer;Chỉ tiêu cơ sở;Dễ;Ngày, CTDC, chỉ tiêu BC;IDS - GSĐC;;X;;Done;;"IDS.data (d),
IDS.report_catalog (rc),
IDS.rrow (rr),
IDS.rcol (rc2),
IDS.company_data (cd)";d.data_value AS 03_TT_CHI_NLD;"rc.enterprise_type_cd = 'dn'
AND rc.report_cd LIKE 'BCLCTT_TT%'
AND rc2.col_desc = '1'
AND cd.report_year = :year
AND cd.report_quarter = :quarter
AND rr.row_desc = '03'";"SELECT
cd.company_profile_id,
rr.row_desc AS ma_chi_tieu,
rr.row_name_vi AS ten_chi_tieu,
d.data_value AS 03_TT_CHI_NLD
FROM IDS.data d
JOIN IDS.report_catalog rc ON d.report_catalog_id = rc.id
JOIN IDS.rrow rr ON rr.row_cd = d.row_cd
AND rr.report_catalog_id = d.report_catalog_id
JOIN IDS.rcol rc2 ON rc2.col_cd = d.col_cd
AND rc2.report_catalog_id = d.report_catalog_id
JOIN IDS.company_data cd ON d.company_data_id = cd.id
WHERE rc.enterprise_type_cd = 'dn'
AND rc.report_cd LIKE 'BCLCTT_TT%'
AND rc2.col_desc = '1'
AND cd.report_year = :year
AND cd.report_quarter = :quarter
AND rr.row_desc = '03'";;;;
23;;Dữ liệu tài chính về doanh nghiệp thông thường chi tiết - Báo cáo Lưu chuyển tiền tệ - trực tiếp;4. Tiền lãi vay đã trả;4;Data Explorer;Chỉ tiêu cơ sở;Dễ;Ngày, CTDC, chỉ tiêu BC;IDS - GSĐC;;X;;Done;;"IDS.data (d),
IDS.report_catalog (rc),
IDS.rrow (rr),
IDS.rcol (rc2),
IDS.company_data (cd)";d.data_value AS 04_TT_LAIVAY_TRA;"rc.enterprise_type_cd = 'dn'
AND rc.report_cd LIKE 'BCLCTT_TT%'
AND rc2.col_desc = '1'
AND cd.report_year = :year
AND cd.report_quarter = :quarter
AND rr.row_desc = '04'";"SELECT
cd.company_profile_id,
rr.row_desc AS ma_chi_tieu,
rr.row_name_vi AS ten_chi_tieu,
d.data_value AS 04_TT_LAIVAY_TRA
FROM IDS.data d
JOIN IDS.report_catalog rc ON d.report_catalog_id = rc.id
JOIN IDS.rrow rr ON rr.row_cd = d.row_cd
AND rr.report_catalog_id = d.report_catalog_id
JOIN IDS.rcol rc2 ON rc2.col_cd = d.col_cd
AND rc2.report_catalog_id = d.report_catalog_id
JOIN IDS.company_data cd ON d.company_data_id = cd.id
WHERE rc.enterprise_type_cd = 'dn'
AND rc.report_cd LIKE 'BCLCTT_TT%'
AND rc2.col_desc = '1'
AND cd.report_year = :year
AND cd.report_quarter = :quarter
AND rr.row_desc = '04'";;;;
23;;Dữ liệu tài chính về doanh nghiệp thông thường chi tiết - Báo cáo Lưu chuyển tiền tệ - trực tiếp;5. Thuế thu nhập doanh nghiệp đã nộp;5;Data Explorer;Chỉ tiêu cơ sở;Dễ;Ngày, CTDC, chỉ tiêu BC;IDS - GSĐC;;X;;Done;;"IDS.data (d),
IDS.report_catalog (rc),
IDS.rrow (rr),
IDS.rcol (rc2),
IDS.company_data (cd)";d.data_value AS 05_TT_THUE_TNDN_NOP;"rc.enterprise_type_cd = 'dn'
AND rc.report_cd LIKE 'BCLCTT_TT%'
AND rc2.col_desc = '1'
AND cd.report_year = :year
AND cd.report_quarter = :quarter
AND rr.row_desc = '05'";"SELECT
cd.company_profile_id,
rr.row_desc AS ma_chi_tieu,
rr.row_name_vi AS ten_chi_tieu,
d.data_value AS 05_TT_THUE_TNDN_NOP
FROM IDS.data d
JOIN IDS.report_catalog rc ON d.report_catalog_id = rc.id
JOIN IDS.rrow rr ON rr.row_cd = d.row_cd
AND rr.report_catalog_id = d.report_catalog_id
JOIN IDS.rcol rc2 ON rc2.col_cd = d.col_cd
AND rc2.report_catalog_id = d.report_catalog_id
JOIN IDS.company_data cd ON d.company_data_id = cd.id
WHERE rc.enterprise_type_cd = 'dn'
AND rc.report_cd LIKE 'BCLCTT_TT%'
AND rc2.col_desc = '1'
AND cd.report_year = :year
AND cd.report_quarter = :quarter
AND rr.row_desc = '05'";;;;
23;;Dữ liệu tài chính về doanh nghiệp thông thường chi tiết - Báo cáo Lưu chuyển tiền tệ - trực tiếp;6. Tiền thu khác từ hoạt động kinh doanh;6;Data Explorer;Chỉ tiêu cơ sở;Dễ;Ngày, CTDC, chỉ tiêu BC;IDS - GSĐC;;X;;Done;;"IDS.data (d),
IDS.report_catalog (rc),
IDS.rrow (rr),
IDS.rcol (rc2),
IDS.company_data (cd)";d.data_value AS 06_TT_TIENTU_KHAC;"rc.enterprise_type_cd = 'dn'
AND rc.report_cd LIKE 'BCLCTT_TT%'
AND rc2.col_desc = '1'
AND cd.report_year = :year
AND cd.report_quarter = :quarter
AND rr.row_desc = '06'";"SELECT
cd.company_profile_id,
rr.row_desc AS ma_chi_tieu,
rr.row_name_vi AS ten_chi_tieu,
d.data_value AS 06_TT_TIENTU_KHAC
FROM IDS.data d
JOIN IDS.report_catalog rc ON d.report_catalog_id = rc.id
JOIN IDS.rrow rr ON rr.row_cd = d.row_cd
AND rr.report_catalog_id = d.report_catalog_id
JOIN IDS.rcol rc2 ON rc2.col_cd = d.col_cd
AND rc2.report_catalog_id = d.report_catalog_id
JOIN IDS.company_data cd ON d.company_data_id = cd.id
WHERE rc.enterprise_type_cd = 'dn'
AND rc.report_cd LIKE 'BCLCTT_TT%'
AND rc2.col_desc = '1'
AND cd.report_year = :year
AND cd.report_quarter = :quarter
AND rr.row_desc = '06'";;;;
23;;Dữ liệu tài chính về doanh nghiệp thông thường chi tiết - Báo cáo Lưu chuyển tiền tệ - trực tiếp;7. Tiền chi khác cho hoạt động kinh doanh;7;Data Explorer;Chỉ tiêu cơ sở;Dễ;Ngày, CTDC, chỉ tiêu BC;IDS - GSĐC;;X;;Done;;"IDS.data (d),
IDS.report_catalog (rc),
IDS.rrow (rr),
IDS.rcol (rc2),
IDS.company_data (cd)";d.data_value AS 07_TT_TIENCHI_KHAC;"rc.enterprise_type_cd = 'dn'
AND rc.report_cd LIKE 'BCLCTT_TT%'
AND rc2.col_desc = '1'
AND cd.report_year = :year
AND cd.report_quarter = :quarter
AND rr.row_desc = '07'";"SELECT
cd.company_profile_id,
rr.row_desc AS ma_chi_tieu,
rr.row_name_vi AS ten_chi_tieu,
d.data_value AS 07_TT_TIENCHI_KHAC
FROM IDS.data d
JOIN IDS.report_catalog rc ON d.report_catalog_id = rc.id
JOIN IDS.rrow rr ON rr.row_cd = d.row_cd
AND rr.report_catalog_id = d.report_catalog_id
JOIN IDS.rcol rc2 ON rc2.col_cd = d.col_cd
AND rc2.report_catalog_id = d.report_catalog_id
JOIN IDS.company_data cd ON d.company_data_id = cd.id
WHERE rc.enterprise_type_cd = 'dn'
AND rc.report_cd LIKE 'BCLCTT_TT%'
AND rc2.col_desc = '1'
AND cd.report_year = :year
AND cd.report_quarter = :quarter
AND rr.row_desc = '07'";;;;
23;;Dữ liệu tài chính về doanh nghiệp thông thường chi tiết - Báo cáo Lưu chuyển tiền tệ - trực tiếp;Lưu chuyển tiền thuần từ hoạt động kinh doanh;20;Data Explorer;Chỉ tiêu cơ sở;Dễ;Ngày, CTDC, chỉ tiêu BC;IDS - GSĐC;;X;;Done;;"IDS.data (d),
IDS.report_catalog (rc),
IDS.rrow (rr),
IDS.rcol (rc2),
IDS.company_data (cd)";d.data_value AS 20_TT_TIEN_HDKD;"rc.enterprise_type_cd = 'dn'
AND rc.report_cd LIKE 'BCLCTT_TT%'
AND rc2.col_desc = '1'
AND cd.report_year = :year
AND cd.report_quarter = :quarter
AND rr.row_desc = '20'";"SELECT
cd.company_profile_id,
rr.row_desc AS ma_chi_tieu,
rr.row_name_vi AS ten_chi_tieu,
d.data_value AS 20_TT_TIEN_HDKD
FROM IDS.data d
JOIN IDS.report_catalog rc ON d.report_catalog_id = rc.id
JOIN IDS.rrow rr ON rr.row_cd = d.row_cd
AND rr.report_catalog_id = d.report_catalog_id
JOIN IDS.rcol rc2 ON rc2.col_cd = d.col_cd
AND rc2.report_catalog_id = d.report_catalog_id
JOIN IDS.company_data cd ON d.company_data_id = cd.id
WHERE rc.enterprise_type_cd = 'dn'
AND rc.report_cd LIKE 'BCLCTT_TT%'
AND rc2.col_desc = '1'
AND cd.report_year = :year
AND cd.report_quarter = :quarter
AND rr.row_desc = '20'";;;;
23;;Dữ liệu tài chính về doanh nghiệp thông thường chi tiết - Báo cáo Lưu chuyển tiền tệ - trực tiếp;II. Lưu chuyển tiền từ hoạt động đầu tư;null;Data Explorer;Chỉ tiêu cơ sở;Dễ;Ngày, CTDC, chỉ tiêu BC;IDS - GSĐC;;X;;Done;;;;;;Dòng tiêu đề, không có dữ liệu số;;;
23;;Dữ liệu tài chính về doanh nghiệp thông thường chi tiết - Báo cáo Lưu chuyển tiền tệ - trực tiếp;1.Tiền chi để mua sắm, xây dựng TSCĐ và các tài sản dài hạn khác;21;Data Explorer;Chỉ tiêu cơ sở;Dễ;Ngày, CTDC, chỉ tiêu BC;IDS - GSĐC;;X;;Done;;"IDS.data (d),
IDS.report_catalog (rc),
IDS.rrow (rr),
IDS.rcol (rc2),
IDS.company_data (cd)";d.data_value AS 21_TT_CHI_TSCD_DH;"rc.enterprise_type_cd = 'dn'
AND rc.report_cd LIKE 'BCLCTT_TT%'
AND rc2.col_desc = '1'
AND cd.report_year = :year
AND cd.report_quarter = :quarter
AND rr.row_desc = '21'";"SELECT
cd.company_profile_id,
rr.row_desc AS ma_chi_tieu,
rr.row_name_vi AS ten_chi_tieu,
d.data_value AS 21_TT_CHI_TSCD_DH
FROM IDS.data d
JOIN IDS.report_catalog rc ON d.report_catalog_id = rc.id
JOIN IDS.rrow rr ON rr.row_cd = d.row_cd
AND rr.report_catalog_id = d.report_catalog_id
JOIN IDS.rcol rc2 ON rc2.col_cd = d.col_cd
AND rc2.report_catalog_id = d.report_catalog_id
JOIN IDS.company_data cd ON d.company_data_id = cd.id
WHERE rc.enterprise_type_cd = 'dn'
AND rc.report_cd LIKE 'BCLCTT_TT%'
AND rc2.col_desc = '1'
AND cd.report_year = :year
AND cd.report_quarter = :quarter
AND rr.row_desc = '21'";;;;
23;;Dữ liệu tài chính về doanh nghiệp thông thường chi tiết - Báo cáo Lưu chuyển tiền tệ - trực tiếp;2.Tiền thu từ thanh lý, nhượng bán TSCĐ và các tài sản dài hạn khác;22;Data Explorer;Chỉ tiêu cơ sở;Dễ;Ngày, CTDC, chỉ tiêu BC;IDS - GSĐC;;X;;Done;;"IDS.data (d),
IDS.report_catalog (rc),
IDS.rrow (rr),
IDS.rcol (rc2),
IDS.company_data (cd)";d.data_value AS 22_TT_THU_TSCD_DH;"rc.enterprise_type_cd = 'dn'
AND rc.report_cd LIKE 'BCLCTT_TT%'
AND rc2.col_desc = '1'
AND cd.report_year = :year
AND cd.report_quarter = :quarter
AND rr.row_desc = '22'";"SELECT
cd.company_profile_id,
rr.row_desc AS ma_chi_tieu,
rr.row_name_vi AS ten_chi_tieu,
d.data_value AS 22_TT_THU_TSCD_DH
FROM IDS.data d
JOIN IDS.report_catalog rc ON d.report_catalog_id = rc.id
JOIN IDS.rrow rr ON rr.row_cd = d.row_cd
AND rr.report_catalog_id = d.report_catalog_id
JOIN IDS.rcol rc2 ON rc2.col_cd = d.col_cd
AND rc2.report_catalog_id = d.report_catalog_id
JOIN IDS.company_data cd ON d.company_data_id = cd.id
WHERE rc.enterprise_type_cd = 'dn'
AND rc.report_cd LIKE 'BCLCTT_TT%'
AND rc2.col_desc = '1'
AND cd.report_year = :year
AND cd.report_quarter = :quarter
AND rr.row_desc = '22'";;;;
23;;Dữ liệu tài chính về doanh nghiệp thông thường chi tiết - Báo cáo Lưu chuyển tiền tệ - trực tiếp;3.Tiền chi cho vay, mua các công cụ nợ của đơn vị khác;23;Data Explorer;Chỉ tiêu cơ sở;Dễ;Ngày, CTDC, chỉ tiêu BC;IDS - GSĐC;;X;;Done;;"IDS.data (d),
IDS.report_catalog (rc),
IDS.rrow (rr),
IDS.rcol (rc2),
IDS.company_data (cd)";d.data_value AS 23_TT_CHI_CHOVAY_CK;"rc.enterprise_type_cd = 'dn'
AND rc.report_cd LIKE 'BCLCTT_TT%'
AND rc2.col_desc = '1'
AND cd.report_year = :year
AND cd.report_quarter = :quarter
AND rr.row_desc = '23'";"SELECT
cd.company_profile_id,
rr.row_desc AS ma_chi_tieu,
rr.row_name_vi AS ten_chi_tieu,
d.data_value AS 23_TT_CHI_CHOVAY_CK
FROM IDS.data d
JOIN IDS.report_catalog rc ON d.report_catalog_id = rc.id
JOIN IDS.rrow rr ON rr.row_cd = d.row_cd
AND rr.report_catalog_id = d.report_catalog_id
JOIN IDS.rcol rc2 ON rc2.col_cd = d.col_cd
AND rc2.report_catalog_id = d.report_catalog_id
JOIN IDS.company_data cd ON d.company_data_id = cd.id
WHERE rc.enterprise_type_cd = 'dn'
AND rc.report_cd LIKE 'BCLCTT_TT%'
AND rc2.col_desc = '1'
AND cd.report_year = :year
AND cd.report_quarter = :quarter
AND rr.row_desc = '23'";;;;
23;;Dữ liệu tài chính về doanh nghiệp thông thường chi tiết - Báo cáo Lưu chuyển tiền tệ - trực tiếp;4.Tiền thu hồi cho vay, bán lại các công cụ nợ của đơn vị khác;24;Data Explorer;Chỉ tiêu cơ sở;Dễ;Ngày, CTDC, chỉ tiêu BC;IDS - GSĐC;;X;;Done;;"IDS.data (d),
IDS.report_catalog (rc),
IDS.rrow (rr),
IDS.rcol (rc2),
IDS.company_data (cd)";d.data_value AS 24_TT_THU_CHOVAY_CK;"rc.enterprise_type_cd = 'dn'
AND rc.report_cd LIKE 'BCLCTT_TT%'
AND rc2.col_desc = '1'
AND cd.report_year = :year
AND cd.report_quarter = :quarter
AND rr.row_desc = '24'";"SELECT
cd.company_profile_id,
rr.row_desc AS ma_chi_tieu,
rr.row_name_vi AS ten_chi_tieu,
d.data_value AS 24_TT_THU_CHOVAY_CK
FROM IDS.data d
JOIN IDS.report_catalog rc ON d.report_catalog_id = rc.id
JOIN IDS.rrow rr ON rr.row_cd = d.row_cd
AND rr.report_catalog_id = d.report_catalog_id
JOIN IDS.rcol rc2 ON rc2.col_cd = d.col_cd
AND rc2.report_catalog_id = d.report_catalog_id
JOIN IDS.company_data cd ON d.company_data_id = cd.id
WHERE rc.enterprise_type_cd = 'dn'
AND rc.report_cd LIKE 'BCLCTT_TT%'
AND rc2.col_desc = '1'
AND cd.report_year = :year
AND cd.report_quarter = :quarter
AND rr.row_desc = '24'";;;;
23;;Dữ liệu tài chính về doanh nghiệp thông thường chi tiết - Báo cáo Lưu chuyển tiền tệ - trực tiếp;5.Tiền chi đầu tư góp vốn vào đơn vị khác;25;Data Explorer;Chỉ tiêu cơ sở;Dễ;Ngày, CTDC, chỉ tiêu BC;IDS - GSĐC;;X;;Done;;"IDS.data (d),
IDS.report_catalog (rc),
IDS.rrow (rr),
IDS.rcol (rc2),
IDS.company_data (cd)";d.data_value AS 25_TT_CHI_GOPVON;"rc.enterprise_type_cd = 'dn'
AND rc.report_cd LIKE 'BCLCTT_TT%'
AND rc2.col_desc = '1'
AND cd.report_year = :year
AND cd.report_quarter = :quarter
AND rr.row_desc = '25'";"SELECT
cd.company_profile_id,
rr.row_desc AS ma_chi_tieu,
rr.row_name_vi AS ten_chi_tieu,
d.data_value AS 25_TT_CHI_GOPVON
FROM IDS.data d
JOIN IDS.report_catalog rc ON d.report_catalog_id = rc.id
JOIN IDS.rrow rr ON rr.row_cd = d.row_cd
AND rr.report_catalog_id = d.report_catalog_id
JOIN IDS.rcol rc2 ON rc2.col_cd = d.col_cd
AND rc2.report_catalog_id = d.report_catalog_id
JOIN IDS.company_data cd ON d.company_data_id = cd.id
WHERE rc.enterprise_type_cd = 'dn'
AND rc.report_cd LIKE 'BCLCTT_TT%'
AND rc2.col_desc = '1'
AND cd.report_year = :year
AND cd.report_quarter = :quarter
AND rr.row_desc = '25'";;;;
23;;Dữ liệu tài chính về doanh nghiệp thông thường chi tiết - Báo cáo Lưu chuyển tiền tệ - trực tiếp;6.Tiền thu hồi đầu tư góp vốn vào đơn vị khác;26;Data Explorer;Chỉ tiêu cơ sở;Dễ;Ngày, CTDC, chỉ tiêu BC;IDS - GSĐC;;X;;Done;;"IDS.data (d),
IDS.report_catalog (rc),
IDS.rrow (rr),
IDS.rcol (rc2),
IDS.company_data (cd)";d.data_value AS 26_TT_THU_GOPVON;"rc.enterprise_type_cd = 'dn'
AND rc.report_cd LIKE 'BCLCTT_TT%'
AND rc2.col_desc = '1'
AND cd.report_year = :year
AND cd.report_quarter = :quarter
AND rr.row_desc = '26'";"SELECT
cd.company_profile_id,
rr.row_desc AS ma_chi_tieu,
rr.row_name_vi AS ten_chi_tieu,
d.data_value AS 26_TT_THU_GOPVON
FROM IDS.data d
JOIN IDS.report_catalog rc ON d.report_catalog_id = rc.id
JOIN IDS.rrow rr ON rr.row_cd = d.row_cd
AND rr.report_catalog_id = d.report_catalog_id
JOIN IDS.rcol rc2 ON rc2.col_cd = d.col_cd
AND rc2.report_catalog_id = d.report_catalog_id
JOIN IDS.company_data cd ON d.company_data_id = cd.id
WHERE rc.enterprise_type_cd = 'dn'
AND rc.report_cd LIKE 'BCLCTT_TT%'
AND rc2.col_desc = '1'
AND cd.report_year = :year
AND cd.report_quarter = :quarter
AND rr.row_desc = '26'";;;;
23;;Dữ liệu tài chính về doanh nghiệp thông thường chi tiết - Báo cáo Lưu chuyển tiền tệ - trực tiếp;7.Tiền thu lãi cho vay, cổ tức và lợi nhuận được chia;27;Data Explorer;Chỉ tiêu cơ sở;Dễ;Ngày, CTDC, chỉ tiêu BC;IDS - GSĐC;;X;;Done;;"IDS.data (d),
IDS.report_catalog (rc),
IDS.rrow (rr),
IDS.rcol (rc2),
IDS.company_data (cd)";d.data_value AS 27_TT_THU_LAICOTUC;"rc.enterprise_type_cd = 'dn'
AND rc.report_cd LIKE 'BCLCTT_TT%'
AND rc2.col_desc = '1'
AND cd.report_year = :year
AND cd.report_quarter = :quarter
AND rr.row_desc = '27'";"SELECT
cd.company_profile_id,
rr.row_desc AS ma_chi_tieu,
rr.row_name_vi AS ten_chi_tieu,
d.data_value AS 27_TT_THU_LAICOTUC
FROM IDS.data d
JOIN IDS.report_catalog rc ON d.report_catalog_id = rc.id
JOIN IDS.rrow rr ON rr.row_cd = d.row_cd
AND rr.report_catalog_id = d.report_catalog_id
JOIN IDS.rcol rc2 ON rc2.col_cd = d.col_cd
AND rc2.report_catalog_id = d.report_catalog_id
JOIN IDS.company_data cd ON d.company_data_id = cd.id
WHERE rc.enterprise_type_cd = 'dn'
AND rc.report_cd LIKE 'BCLCTT_TT%'
AND rc2.col_desc = '1'
AND cd.report_year = :year
AND cd.report_quarter = :quarter
AND rr.row_desc = '27'";;;;
23;;Dữ liệu tài chính về doanh nghiệp thông thường chi tiết - Báo cáo Lưu chuyển tiền tệ - trực tiếp;Lưu chuyển tiền thuần từ hoạt động đầu tư;30;Data Explorer;Chỉ tiêu cơ sở;Dễ;Ngày, CTDC, chỉ tiêu BC;IDS - GSĐC;;X;;Done;;"IDS.data (d),
IDS.report_catalog (rc),
IDS.rrow (rr),
IDS.rcol (rc2),
IDS.company_data (cd)";d.data_value AS 30_TT_TIEN_HDDTU;"rc.enterprise_type_cd = 'dn'
AND rc.report_cd LIKE 'BCLCTT_TT%'
AND rc2.col_desc = '1'
AND cd.report_year = :year
AND cd.report_quarter = :quarter
AND rr.row_desc = '30'";"SELECT
cd.company_profile_id,
rr.row_desc AS ma_chi_tieu,
rr.row_name_vi AS ten_chi_tieu,
d.data_value AS 30_TT_TIEN_HDDTU
FROM IDS.data d
JOIN IDS.report_catalog rc ON d.report_catalog_id = rc.id
JOIN IDS.rrow rr ON rr.row_cd = d.row_cd
AND rr.report_catalog_id = d.report_catalog_id
JOIN IDS.rcol rc2 ON rc2.col_cd = d.col_cd
AND rc2.report_catalog_id = d.report_catalog_id
JOIN IDS.company_data cd ON d.company_data_id = cd.id
WHERE rc.enterprise_type_cd = 'dn'
AND rc.report_cd LIKE 'BCLCTT_TT%'
AND rc2.col_desc = '1'
AND cd.report_year = :year
AND cd.report_quarter = :quarter
AND rr.row_desc = '30'";;;;
23;;Dữ liệu tài chính về doanh nghiệp thông thường chi tiết - Báo cáo Lưu chuyển tiền tệ - trực tiếp;III. Lưu chuyển tiền từ hoạt động tài chính;null;Data Explorer;Chỉ tiêu cơ sở;Dễ;Ngày, CTDC, chỉ tiêu BC;IDS - GSĐC;;X;;Done;;;;;;Dòng tiêu đề, không có dữ liệu số;;;
23;;Dữ liệu tài chính về doanh nghiệp thông thường chi tiết - Báo cáo Lưu chuyển tiền tệ - trực tiếp;1. Tiền thu từ phát hành cổ phiếu, nhận vốn góp của chủ sở hữu;31;Data Explorer;Chỉ tiêu cơ sở;Dễ;Ngày, CTDC, chỉ tiêu BC;IDS - GSĐC;;X;;Done;;"IDS.data (d),
IDS.report_catalog (rc),
IDS.rrow (rr),
IDS.rcol (rc2),
IDS.company_data (cd)";d.data_value AS 31_TT_THU_PHATHANH_CP;"rc.enterprise_type_cd = 'dn'
AND rc.report_cd LIKE 'BCLCTT_TT%'
AND rc2.col_desc = '1'
AND cd.report_year = :year
AND cd.report_quarter = :quarter
AND rr.row_desc = '31'";"SELECT
cd.company_profile_id,
rr.row_desc AS ma_chi_tieu,
rr.row_name_vi AS ten_chi_tieu,
d.data_value AS 31_TT_THU_PHATHANH_CP
FROM IDS.data d
JOIN IDS.report_catalog rc ON d.report_catalog_id = rc.id
JOIN IDS.rrow rr ON rr.row_cd = d.row_cd
AND rr.report_catalog_id = d.report_catalog_id
JOIN IDS.rcol rc2 ON rc2.col_cd = d.col_cd
AND rc2.report_catalog_id = d.report_catalog_id
JOIN IDS.company_data cd ON d.company_data_id = cd.id
WHERE rc.enterprise_type_cd = 'dn'
AND rc.report_cd LIKE 'BCLCTT_TT%'
AND rc2.col_desc = '1'
AND cd.report_year = :year
AND cd.report_quarter = :quarter
AND rr.row_desc = '31'";;;;
23;;Dữ liệu tài chính về doanh nghiệp thông thường chi tiết - Báo cáo Lưu chuyển tiền tệ - trực tiếp;2. Tiền trả lại vốn góp cho các chủ sở hữu, mua lại cổ phiếu của doanh nghiệp đã phát hành;32;Data Explorer;Chỉ tiêu cơ sở;Dễ;Ngày, CTDC, chỉ tiêu BC;IDS - GSĐC;;X;;Done;;"IDS.data (d),
IDS.report_catalog (rc),
IDS.rrow (rr),
IDS.rcol (rc2),
IDS.company_data (cd)";d.data_value AS 32_TT_TRA_GOPVON;"rc.enterprise_type_cd = 'dn'
AND rc.report_cd LIKE 'BCLCTT_TT%'
AND rc2.col_desc = '1'
AND cd.report_year = :year
AND cd.report_quarter = :quarter
AND rr.row_desc = '32'";"SELECT
cd.company_profile_id,
rr.row_desc AS ma_chi_tieu,
rr.row_name_vi AS ten_chi_tieu,
d.data_value AS 32_TT_TRA_GOPVON
FROM IDS.data d
JOIN IDS.report_catalog rc ON d.report_catalog_id = rc.id
JOIN IDS.rrow rr ON rr.row_cd = d.row_cd
AND rr.report_catalog_id = d.report_catalog_id
JOIN IDS.rcol rc2 ON rc2.col_cd = d.col_cd
AND rc2.report_catalog_id = d.report_catalog_id
JOIN IDS.company_data cd ON d.company_data_id = cd.id
WHERE rc.enterprise_type_cd = 'dn'
AND rc.report_cd LIKE 'BCLCTT_TT%'
AND rc2.col_desc = '1'
AND cd.report_year = :year
AND cd.report_quarter = :quarter
AND rr.row_desc = '32'";;;;
23;;Dữ liệu tài chính về doanh nghiệp thông thường chi tiết - Báo cáo Lưu chuyển tiền tệ - trực tiếp;3. Tiền thu từ đi vay;33;Data Explorer;Chỉ tiêu cơ sở;Dễ;Ngày, CTDC, chỉ tiêu BC;IDS - GSĐC;;X;;Done;;"IDS.data (d),
IDS.report_catalog (rc),
IDS.rrow (rr),
IDS.rcol (rc2),
IDS.company_data (cd)";d.data_value AS 33_TT_THU_VAY;"rc.enterprise_type_cd = 'dn'
AND rc.report_cd LIKE 'BCLCTT_TT%'
AND rc2.col_desc = '1'
AND cd.report_year = :year
AND cd.report_quarter = :quarter
AND rr.row_desc = '33'";"SELECT
cd.company_profile_id,
rr.row_desc AS ma_chi_tieu,
rr.row_name_vi AS ten_chi_tieu,
d.data_value AS 33_TT_THU_VAY
FROM IDS.data d
JOIN IDS.report_catalog rc ON d.report_catalog_id = rc.id
JOIN IDS.rrow rr ON rr.row_cd = d.row_cd
AND rr.report_catalog_id = d.report_catalog_id
JOIN IDS.rcol rc2 ON rc2.col_cd = d.col_cd
AND rc2.report_catalog_id = d.report_catalog_id
JOIN IDS.company_data cd ON d.company_data_id = cd.id
WHERE rc.enterprise_type_cd = 'dn'
AND rc.report_cd LIKE 'BCLCTT_TT%'
AND rc2.col_desc = '1'
AND cd.report_year = :year
AND cd.report_quarter = :quarter
AND rr.row_desc = '33'";;;;
23;;Dữ liệu tài chính về doanh nghiệp thông thường chi tiết - Báo cáo Lưu chuyển tiền tệ - trực tiếp;4. Tiền trả nợ gốc vay;34;Data Explorer;Chỉ tiêu cơ sở;Dễ;Ngày, CTDC, chỉ tiêu BC;IDS - GSĐC;;X;;Done;;"IDS.data (d),
IDS.report_catalog (rc),
IDS.rrow (rr),
IDS.rcol (rc2),
IDS.company_data (cd)";d.data_value AS 34_TT_TRA_NOCGOC;"rc.enterprise_type_cd = 'dn'
AND rc.report_cd LIKE 'BCLCTT_TT%'
AND rc2.col_desc = '1'
AND cd.report_year = :year
AND cd.report_quarter = :quarter
AND rr.row_desc = '34'";"SELECT
cd.company_profile_id,
rr.row_desc AS ma_chi_tieu,
rr.row_name_vi AS ten_chi_tieu,
d.data_value AS 34_TT_TRA_NOCGOC
FROM IDS.data d
JOIN IDS.report_catalog rc ON d.report_catalog_id = rc.id
JOIN IDS.rrow rr ON rr.row_cd = d.row_cd
AND rr.report_catalog_id = d.report_catalog_id
JOIN IDS.rcol rc2 ON rc2.col_cd = d.col_cd
AND rc2.report_catalog_id = d.report_catalog_id
JOIN IDS.company_data cd ON d.company_data_id = cd.id
WHERE rc.enterprise_type_cd = 'dn'
AND rc.report_cd LIKE 'BCLCTT_TT%'
AND rc2.col_desc = '1'
AND cd.report_year = :year
AND cd.report_quarter = :quarter
AND rr.row_desc = '34'";;;;
23;;Dữ liệu tài chính về doanh nghiệp thông thường chi tiết - Báo cáo Lưu chuyển tiền tệ - trực tiếp;5. Tiền trả nợ gốc thuê tài chính;35;Data Explorer;Chỉ tiêu cơ sở;Dễ;Ngày, CTDC, chỉ tiêu BC;IDS - GSĐC;;X;;Done;;"IDS.data (d),
IDS.report_catalog (rc),
IDS.rrow (rr),
IDS.rcol (rc2),
IDS.company_data (cd)";d.data_value AS 35_TT_TRA_NOCTTF;"rc.enterprise_type_cd = 'dn'
AND rc.report_cd LIKE 'BCLCTT_TT%'
AND rc2.col_desc = '1'
AND cd.report_year = :year
AND cd.report_quarter = :quarter
AND rr.row_desc = '35'";"SELECT
cd.company_profile_id,
rr.row_desc AS ma_chi_tieu,
rr.row_name_vi AS ten_chi_tieu,
d.data_value AS 35_TT_TRA_NOCTTF
FROM IDS.data d
JOIN IDS.report_catalog rc ON d.report_catalog_id = rc.id
JOIN IDS.rrow rr ON rr.row_cd = d.row_cd
AND rr.report_catalog_id = d.report_catalog_id
JOIN IDS.rcol rc2 ON rc2.col_cd = d.col_cd
AND rc2.report_catalog_id = d.report_catalog_id
JOIN IDS.company_data cd ON d.company_data_id = cd.id
WHERE rc.enterprise_type_cd = 'dn'
AND rc.report_cd LIKE 'BCLCTT_TT%'
AND rc2.col_desc = '1'
AND cd.report_year = :year
AND cd.report_quarter = :quarter
AND rr.row_desc = '35'";;;;
23;;Dữ liệu tài chính về doanh nghiệp thông thường chi tiết - Báo cáo Lưu chuyển tiền tệ - trực tiếp;6. Cổ tức, lợi nhuận đã trả cho chủ sở hữu;36;Data Explorer;Chỉ tiêu cơ sở;Dễ;Ngày, CTDC, chỉ tiêu BC;IDS - GSĐC;;X;;Done;;"IDS.data (d),
IDS.report_catalog (rc),
IDS.rrow (rr),
IDS.rcol (rc2),
IDS.company_data (cd)";d.data_value AS 36_TT_TRA_COTUC;"rc.enterprise_type_cd = 'dn'
AND rc.report_cd LIKE 'BCLCTT_TT%'
AND rc2.col_desc = '1'
AND cd.report_year = :year
AND cd.report_quarter = :quarter
AND rr.row_desc = '36'";"SELECT
cd.company_profile_id,
rr.row_desc AS ma_chi_tieu,
rr.row_name_vi AS ten_chi_tieu,
d.data_value AS 36_TT_TRA_COTUC
FROM IDS.data d
JOIN IDS.report_catalog rc ON d.report_catalog_id = rc.id
JOIN IDS.rrow rr ON rr.row_cd = d.row_cd
AND rr.report_catalog_id = d.report_catalog_id
JOIN IDS.rcol rc2 ON rc2.col_cd = d.col_cd
AND rc2.report_catalog_id = d.report_catalog_id
JOIN IDS.company_data cd ON d.company_data_id = cd.id
WHERE rc.enterprise_type_cd = 'dn'
AND rc.report_cd LIKE 'BCLCTT_TT%'
AND rc2.col_desc = '1'
AND cd.report_year = :year
AND cd.report_quarter = :quarter
AND rr.row_desc = '36'";;;;
23;;Dữ liệu tài chính về doanh nghiệp thông thường chi tiết - Báo cáo Lưu chuyển tiền tệ - trực tiếp;Lưu chuyển tiền thuần từ hoạt động tài chính;40;Data Explorer;Chỉ tiêu cơ sở;Dễ;Ngày, CTDC, chỉ tiêu BC;IDS - GSĐC;;X;;Done;;"IDS.data (d),
IDS.report_catalog (rc),
IDS.rrow (rr),
IDS.rcol (rc2),
IDS.company_data (cd)";d.data_value AS 40_TT_TIEN_HDTAICHINH;"rc.enterprise_type_cd = 'dn'
AND rc.report_cd LIKE 'BCLCTT_TT%'
AND rc2.col_desc = '1'
AND cd.report_year = :year
AND cd.report_quarter = :quarter
AND rr.row_desc = '40'";"SELECT
cd.company_profile_id,
rr.row_desc AS ma_chi_tieu,
rr.row_name_vi AS ten_chi_tieu,
d.data_value AS 40_TT_TIEN_HDTAICHINH
FROM IDS.data d
JOIN IDS.report_catalog rc ON d.report_catalog_id = rc.id
JOIN IDS.rrow rr ON rr.row_cd = d.row_cd
AND rr.report_catalog_id = d.report_catalog_id
JOIN IDS.rcol rc2 ON rc2.col_cd = d.col_cd
AND rc2.report_catalog_id = d.report_catalog_id
JOIN IDS.company_data cd ON d.company_data_id = cd.id
WHERE rc.enterprise_type_cd = 'dn'
AND rc.report_cd LIKE 'BCLCTT_TT%'
AND rc2.col_desc = '1'
AND cd.report_year = :year
AND cd.report_quarter = :quarter
AND rr.row_desc = '40'";;;;
23;;Dữ liệu tài chính về doanh nghiệp thông thường chi tiết - Báo cáo Lưu chuyển tiền tệ - trực tiếp;Lưu chuyển tiền thuần trong kỳ (50 = 20+30+40);50;Data Explorer;Chỉ tiêu phái sinh;TB;Ngày, CTDC, chỉ tiêu BC;IDS - GSĐC;;X;;Done;;"IDS.data (d),
IDS.report_catalog (rc),
IDS.rrow (rr),
IDS.rcol (rc2),
IDS.company_data (cd)";d.data_value AS 50_TT_TIEN_THUAN_KY;"rc.enterprise_type_cd = 'dn'
AND rc.report_cd LIKE 'BCLCTT_TT%'
AND rc2.col_desc = '1'
AND cd.report_year = :year
AND cd.report_quarter = :quarter
AND rr.row_desc = '50'";"SELECT
cd.company_profile_id,
rr.row_desc AS ma_chi_tieu,
rr.row_name_vi AS ten_chi_tieu,
d.data_value AS 50_TT_TIEN_THUAN_KY
FROM IDS.data d
JOIN IDS.report_catalog rc ON d.report_catalog_id = rc.id
JOIN IDS.rrow rr ON rr.row_cd = d.row_cd
AND rr.report_catalog_id = d.report_catalog_id
JOIN IDS.rcol rc2 ON rc2.col_cd = d.col_cd
AND rc2.report_catalog_id = d.report_catalog_id
JOIN IDS.company_data cd ON d.company_data_id = cd.id
WHERE rc.enterprise_type_cd = 'dn'
AND rc.report_cd LIKE 'BCLCTT_TT%'
AND rc2.col_desc = '1'
AND cd.report_year = :year
AND cd.report_quarter = :quarter
AND rr.row_desc = '50'";;;;
23;;Dữ liệu tài chính về doanh nghiệp thông thường chi tiết - Báo cáo Lưu chuyển tiền tệ - trực tiếp;Tiền và tương đương tiền đầu kỳ;60;Data Explorer;Chỉ tiêu cơ sở;Dễ;Ngày, CTDC, chỉ tiêu BC;IDS - GSĐC;;X;;Done;;"IDS.data (d),
IDS.report_catalog (rc),
IDS.rrow (rr),
IDS.rcol (rc2),
IDS.company_data (cd)";d.data_value AS 60_TT_TIEN_DAUKY;"rc.enterprise_type_cd = 'dn'
AND rc.report_cd LIKE 'BCLCTT_TT%'
AND rc2.col_desc = '1'
AND cd.report_year = :year
AND cd.report_quarter = :quarter
AND rr.row_desc = '60'";"SELECT
cd.company_profile_id,
rr.row_desc AS ma_chi_tieu,
rr.row_name_vi AS ten_chi_tieu,
d.data_value AS 60_TT_TIEN_DAUKY
FROM IDS.data d
JOIN IDS.report_catalog rc ON d.report_catalog_id = rc.id
JOIN IDS.rrow rr ON rr.row_cd = d.row_cd
AND rr.report_catalog_id = d.report_catalog_id
JOIN IDS.rcol rc2 ON rc2.col_cd = d.col_cd
AND rc2.report_catalog_id = d.report_catalog_id
JOIN IDS.company_data cd ON d.company_data_id = cd.id
WHERE rc.enterprise_type_cd = 'dn'
AND rc.report_cd LIKE 'BCLCTT_TT%'
AND rc2.col_desc = '1'
AND cd.report_year = :year
AND cd.report_quarter = :quarter
AND rr.row_desc = '60'";;;;
23;;Dữ liệu tài chính về doanh nghiệp thông thường chi tiết - Báo cáo Lưu chuyển tiền tệ - trực tiếp;Ảnh hưởng của thay đổi tỷ giá hối đoái quy đổi ngoại tệ;61;Data Explorer;Chỉ tiêu cơ sở;Dễ;Ngày, CTDC, chỉ tiêu BC;IDS - GSĐC;;X;;Done;;"IDS.data (d),
IDS.report_catalog (rc),
IDS.rrow (rr),
IDS.rcol (rc2),
IDS.company_data (cd)";d.data_value AS 61_TT_ANHHG_TGIA;"rc.enterprise_type_cd = 'dn'
AND rc.report_cd LIKE 'BCLCTT_TT%'
AND rc2.col_desc = '1'
AND cd.report_year = :year
AND cd.report_quarter = :quarter
AND rr.row_desc = '61'";"SELECT
cd.company_profile_id,
rr.row_desc AS ma_chi_tieu,
rr.row_name_vi AS ten_chi_tieu,
d.data_value AS 61_TT_ANHHG_TGIA
FROM IDS.data d
JOIN IDS.report_catalog rc ON d.report_catalog_id = rc.id
JOIN IDS.rrow rr ON rr.row_cd = d.row_cd
AND rr.report_catalog_id = d.report_catalog_id
JOIN IDS.rcol rc2 ON rc2.col_cd = d.col_cd
AND rc2.report_catalog_id = d.report_catalog_id
JOIN IDS.company_data cd ON d.company_data_id = cd.id
WHERE rc.enterprise_type_cd = 'dn'
AND rc.report_cd LIKE 'BCLCTT_TT%'
AND rc2.col_desc = '1'
AND cd.report_year = :year
AND cd.report_quarter = :quarter
AND rr.row_desc = '61'";;;;
23;;Dữ liệu tài chính về doanh nghiệp thông thường chi tiết - Báo cáo Lưu chuyển tiền tệ - trực tiếp;Tiền và tương đương tiền cuối kỳ (70 = 50+60+61);70;Data Explorer;Chỉ tiêu phái sinh;TB;Ngày, CTDC, chỉ tiêu BC;IDS - GSĐC;;X;;Done;;"IDS.data (d),
IDS.report_catalog (rc),
IDS.rrow (rr),
IDS.rcol (rc2),
IDS.company_data (cd)";d.data_value AS 70_TT_TIEN_CUOIKY;"rc.enterprise_type_cd = 'dn'
AND rc.report_cd LIKE 'BCLCTT_TT%'
AND rc2.col_desc = '1'
AND cd.report_year = :year
AND cd.report_quarter = :quarter
AND rr.row_desc = '70'";"SELECT
cd.company_profile_id,
rr.row_desc AS ma_chi_tieu,
rr.row_name_vi AS ten_chi_tieu,
d.data_value AS 70_TT_TIEN_CUOIKY
FROM IDS.data d
JOIN IDS.report_catalog rc ON d.report_catalog_id = rc.id
JOIN IDS.rrow rr ON rr.row_cd = d.row_cd
AND rr.report_catalog_id = d.report_catalog_id
JOIN IDS.rcol rc2 ON rc2.col_cd = d.col_cd
AND rc2.report_catalog_id = d.report_catalog_id
JOIN IDS.company_data cd ON d.company_data_id = cd.id
WHERE rc.enterprise_type_cd = 'dn'
AND rc.report_cd LIKE 'BCLCTT_TT%'
AND rc2.col_desc = '1'
AND cd.report_year = :year
AND cd.report_quarter = :quarter
AND rr.row_desc = '70'";;;;
24;;Dữ liệu tài chính về doanh nghiệp thông thường chi tiết - Báo cáo Lưu chuyển tiền tệ - Gián tiếp;I. Lưu chuyển tiền từ hoạt động kinh doanh;null;Data Explorer;Chỉ tiêu cơ sở;Dễ;Ngày, CTDC, chỉ tiêu BC;IDS - GSĐC;;X;;Done;;;;;;Dòng tiêu đề, không có dữ liệu số;;;
24;;Dữ liệu tài chính về doanh nghiệp thông thường chi tiết - Báo cáo Lưu chuyển tiền tệ - Gián tiếp;1. Lợi nhuận trước thuế;1;Data Explorer;Chỉ tiêu cơ sở;Dễ;Ngày, CTDC, chỉ tiêu BC;IDS - GSĐC;;X;;Done;;"IDS.data (d),
IDS.report_catalog (rc),
IDS.rrow (rr),
IDS.rcol (rc2),
IDS.company_data (cd)";d.data_value AS 01_GT_LNTT;"rc.enterprise_type_cd = 'dn'
AND rc.report_cd LIKE 'BCLCTT_GT%'
AND rc2.col_desc = '1'
AND cd.report_year = :year
AND cd.report_quarter = :quarter
AND rr.row_desc = '01'";"SELECT
cd.company_profile_id,
rr.row_desc AS ma_chi_tieu,
rr.row_name_vi AS ten_chi_tieu,
d.data_value AS 01_GT_LNTT
FROM IDS.data d
JOIN IDS.report_catalog rc ON d.report_catalog_id = rc.id
JOIN IDS.rrow rr ON rr.row_cd = d.row_cd
AND rr.report_catalog_id = d.report_catalog_id
JOIN IDS.rcol rc2 ON rc2.col_cd = d.col_cd
AND rc2.report_catalog_id = d.report_catalog_id
JOIN IDS.company_data cd ON d.company_data_id = cd.id
WHERE rc.enterprise_type_cd = 'dn'
AND rc.report_cd LIKE 'BCLCTT_GT%'
AND rc2.col_desc = '1'
AND cd.report_year = :year
AND cd.report_quarter = :quarter
AND rr.row_desc = '01'";;;;
24;;Dữ liệu tài chính về doanh nghiệp thông thường chi tiết - Báo cáo Lưu chuyển tiền tệ - Gián tiếp;2. Điều chỉnh cho các khoản;null;Data Explorer;Chỉ tiêu cơ sở;Dễ;Ngày, CTDC, chỉ tiêu BC;IDS - GSĐC;;X;;Done;;;;;;Dòng tiêu đề, không có dữ liệu số;;;
24;;Dữ liệu tài chính về doanh nghiệp thông thường chi tiết - Báo cáo Lưu chuyển tiền tệ - Gián tiếp;· Khấu hao TSCĐ và BĐSĐT;2;Data Explorer;Chỉ tiêu cơ sở;Dễ;Ngày, CTDC, chỉ tiêu BC;IDS - GSĐC;;X;;Done;;"IDS.data (d),
IDS.report_catalog (rc),
IDS.rrow (rr),
IDS.rcol (rc2),
IDS.company_data (cd)";d.data_value AS 02_GT_KHAUHAO;"rc.enterprise_type_cd = 'dn'
AND rc.report_cd LIKE 'BCLCTT_GT%'
AND rc2.col_desc = '1'
AND cd.report_year = :year
AND cd.report_quarter = :quarter
AND rr.row_desc = '02'";"SELECT
cd.company_profile_id,
rr.row_desc AS ma_chi_tieu,
rr.row_name_vi AS ten_chi_tieu,
d.data_value AS 02_GT_KHAUHAO
FROM IDS.data d
JOIN IDS.report_catalog rc ON d.report_catalog_id = rc.id
JOIN IDS.rrow rr ON rr.row_cd = d.row_cd
AND rr.report_catalog_id = d.report_catalog_id
JOIN IDS.rcol rc2 ON rc2.col_cd = d.col_cd
AND rc2.report_catalog_id = d.report_catalog_id
JOIN IDS.company_data cd ON d.company_data_id = cd.id
WHERE rc.enterprise_type_cd = 'dn'
AND rc.report_cd LIKE 'BCLCTT_GT%'
AND rc2.col_desc = '1'
AND cd.report_year = :year
AND cd.report_quarter = :quarter
AND rr.row_desc = '02'";;;;
24;;Dữ liệu tài chính về doanh nghiệp thông thường chi tiết - Báo cáo Lưu chuyển tiền tệ - Gián tiếp;· Các khoản dự phòng;3;Data Explorer;Chỉ tiêu cơ sở;Dễ;Ngày, CTDC, chỉ tiêu BC;IDS - GSĐC;;X;;Done;;"IDS.data (d),
IDS.report_catalog (rc),
IDS.rrow (rr),
IDS.rcol (rc2),
IDS.company_data (cd)";d.data_value AS 03_GT_DUPPHONG;"rc.enterprise_type_cd = 'dn'
AND rc.report_cd LIKE 'BCLCTT_GT%'
AND rc2.col_desc = '1'
AND cd.report_year = :year
AND cd.report_quarter = :quarter
AND rr.row_desc = '03'";"SELECT
cd.company_profile_id,
rr.row_desc AS ma_chi_tieu,
rr.row_name_vi AS ten_chi_tieu,
d.data_value AS 03_GT_DUPPHONG
FROM IDS.data d
JOIN IDS.report_catalog rc ON d.report_catalog_id = rc.id
JOIN IDS.rrow rr ON rr.row_cd = d.row_cd
AND rr.report_catalog_id = d.report_catalog_id
JOIN IDS.rcol rc2 ON rc2.col_cd = d.col_cd
AND rc2.report_catalog_id = d.report_catalog_id
JOIN IDS.company_data cd ON d.company_data_id = cd.id
WHERE rc.enterprise_type_cd = 'dn'
AND rc.report_cd LIKE 'BCLCTT_GT%'
AND rc2.col_desc = '1'
AND cd.report_year = :year
AND cd.report_quarter = :quarter
AND rr.row_desc = '03'";;;;
24;;Dữ liệu tài chính về doanh nghiệp thông thường chi tiết - Báo cáo Lưu chuyển tiền tệ - Gián tiếp;· Lãi, lỗ chênh lệch tỷ giá hối đoái do đánh giá lại các khoản mục tiền tệ có gốc ngoại tệ;4;Data Explorer;Chỉ tiêu cơ sở;Dễ;Ngày, CTDC, chỉ tiêu BC;IDS - GSĐC;;X;;Done;;"IDS.data (d),
IDS.report_catalog (rc),
IDS.rrow (rr),
IDS.rcol (rc2),
IDS.company_data (cd)";d.data_value AS 04_GT_LAILO_TGIA;"rc.enterprise_type_cd = 'dn'
AND rc.report_cd LIKE 'BCLCTT_GT%'
AND rc2.col_desc = '1'
AND cd.report_year = :year
AND cd.report_quarter = :quarter
AND rr.row_desc = '04'";"SELECT
cd.company_profile_id,
rr.row_desc AS ma_chi_tieu,
rr.row_name_vi AS ten_chi_tieu,
d.data_value AS 04_GT_LAILO_TGIA
FROM IDS.data d
JOIN IDS.report_catalog rc ON d.report_catalog_id = rc.id
JOIN IDS.rrow rr ON rr.row_cd = d.row_cd
AND rr.report_catalog_id = d.report_catalog_id
JOIN IDS.rcol rc2 ON rc2.col_cd = d.col_cd
AND rc2.report_catalog_id = d.report_catalog_id
JOIN IDS.company_data cd ON d.company_data_id = cd.id
WHERE rc.enterprise_type_cd = 'dn'
AND rc.report_cd LIKE 'BCLCTT_GT%'
AND rc2.col_desc = '1'
AND cd.report_year = :year
AND cd.report_quarter = :quarter
AND rr.row_desc = '04'";;;;
24;;Dữ liệu tài chính về doanh nghiệp thông thường chi tiết - Báo cáo Lưu chuyển tiền tệ - Gián tiếp;· Lãi, lỗ từ hoạt động đầu tư;5;Data Explorer;Chỉ tiêu cơ sở;Dễ;Ngày, CTDC, chỉ tiêu BC;IDS - GSĐC;;X;;Done;;"IDS.data (d),
IDS.report_catalog (rc),
IDS.rrow (rr),
IDS.rcol (rc2),
IDS.company_data (cd)";d.data_value AS 05_GT_LAILO_HDDTU;"rc.enterprise_type_cd = 'dn'
AND rc.report_cd LIKE 'BCLCTT_GT%'
AND rc2.col_desc = '1'
AND cd.report_year = :year
AND cd.report_quarter = :quarter
AND rr.row_desc = '05'";"SELECT
cd.company_profile_id,
rr.row_desc AS ma_chi_tieu,
rr.row_name_vi AS ten_chi_tieu,
d.data_value AS 05_GT_LAILO_HDDTU
FROM IDS.data d
JOIN IDS.report_catalog rc ON d.report_catalog_id = rc.id
JOIN IDS.rrow rr ON rr.row_cd = d.row_cd
AND rr.report_catalog_id = d.report_catalog_id
JOIN IDS.rcol rc2 ON rc2.col_cd = d.col_cd
AND rc2.report_catalog_id = d.report_catalog_id
JOIN IDS.company_data cd ON d.company_data_id = cd.id
WHERE rc.enterprise_type_cd = 'dn'
AND rc.report_cd LIKE 'BCLCTT_GT%'
AND rc2.col_desc = '1'
AND cd.report_year = :year
AND cd.report_quarter = :quarter
AND rr.row_desc = '05'";;;;
24;;Dữ liệu tài chính về doanh nghiệp thông thường chi tiết - Báo cáo Lưu chuyển tiền tệ - Gián tiếp;· Chi phí lãi vay;6;Data Explorer;Chỉ tiêu cơ sở;Dễ;Ngày, CTDC, chỉ tiêu BC;IDS - GSĐC;;X;;Done;;"IDS.data (d),
IDS.report_catalog (rc),
IDS.rrow (rr),
IDS.rcol (rc2),
IDS.company_data (cd)";d.data_value AS 06_GT_CP_LAIVAY;"rc.enterprise_type_cd = 'dn'
AND rc.report_cd LIKE 'BCLCTT_GT%'
AND rc2.col_desc = '1'
AND cd.report_year = :year
AND cd.report_quarter = :quarter
AND rr.row_desc = '06'";"SELECT
cd.company_profile_id,
rr.row_desc AS ma_chi_tieu,
rr.row_name_vi AS ten_chi_tieu,
d.data_value AS 06_GT_CP_LAIVAY
FROM IDS.data d
JOIN IDS.report_catalog rc ON d.report_catalog_id = rc.id
JOIN IDS.rrow rr ON rr.row_cd = d.row_cd
AND rr.report_catalog_id = d.report_catalog_id
JOIN IDS.rcol rc2 ON rc2.col_cd = d.col_cd
AND rc2.report_catalog_id = d.report_catalog_id
JOIN IDS.company_data cd ON d.company_data_id = cd.id
WHERE rc.enterprise_type_cd = 'dn'
AND rc.report_cd LIKE 'BCLCTT_GT%'
AND rc2.col_desc = '1'
AND cd.report_year = :year
AND cd.report_quarter = :quarter
AND rr.row_desc = '06'";;;;
24;;Dữ liệu tài chính về doanh nghiệp thông thường chi tiết - Báo cáo Lưu chuyển tiền tệ - Gián tiếp;· Các khoản điều chỉnh khác;7;Data Explorer;Chỉ tiêu cơ sở;Dễ;Ngày, CTDC, chỉ tiêu BC;IDS - GSĐC;;X;;Done;;"IDS.data (d),
IDS.report_catalog (rc),
IDS.rrow (rr),
IDS.rcol (rc2),
IDS.company_data (cd)";d.data_value AS 07_GT_DIEUCHINH_KHAC;"rc.enterprise_type_cd = 'dn'
AND rc.report_cd LIKE 'BCLCTT_GT%'
AND rc2.col_desc = '1'
AND cd.report_year = :year
AND cd.report_quarter = :quarter
AND rr.row_desc = '07'";"SELECT
cd.company_profile_id,
rr.row_desc AS ma_chi_tieu,
rr.row_name_vi AS ten_chi_tieu,
d.data_value AS 07_GT_DIEUCHINH_KHAC
FROM IDS.data d
JOIN IDS.report_catalog rc ON d.report_catalog_id = rc.id
JOIN IDS.rrow rr ON rr.row_cd = d.row_cd
AND rr.report_catalog_id = d.report_catalog_id
JOIN IDS.rcol rc2 ON rc2.col_cd = d.col_cd
AND rc2.report_catalog_id = d.report_catalog_id
JOIN IDS.company_data cd ON d.company_data_id = cd.id
WHERE rc.enterprise_type_cd = 'dn'
AND rc.report_cd LIKE 'BCLCTT_GT%'
AND rc2.col_desc = '1'
AND cd.report_year = :year
AND cd.report_quarter = :quarter
AND rr.row_desc = '07'";;;;
24;;Dữ liệu tài chính về doanh nghiệp thông thường chi tiết - Báo cáo Lưu chuyển tiền tệ - Gián tiếp;3. Lợi nhuận từ hoạt động kinh doanh trước thay đổi vốn lưu động;8;Data Explorer;Chỉ tiêu cơ sở;Dễ;Ngày, CTDC, chỉ tiêu BC;IDS - GSĐC;;X;;Done;;"IDS.data (d),
IDS.report_catalog (rc),
IDS.rrow (rr),
IDS.rcol (rc2),
IDS.company_data (cd)";d.data_value AS 08_GT_LN_TRUOCVLD;"rc.enterprise_type_cd = 'dn'
AND rc.report_cd LIKE 'BCLCTT_GT%'
AND rc2.col_desc = '1'
AND cd.report_year = :year
AND cd.report_quarter = :quarter
AND rr.row_desc = '8'";"SELECT
cd.company_profile_id,
rr.row_desc AS ma_chi_tieu,
rr.row_name_vi AS ten_chi_tieu,
d.data_value AS 08_GT_LN_TRUOCVLD
FROM IDS.data d
JOIN IDS.report_catalog rc ON d.report_catalog_id = rc.id
JOIN IDS.rrow rr ON rr.row_cd = d.row_cd
AND rr.report_catalog_id = d.report_catalog_id
JOIN IDS.rcol rc2 ON rc2.col_cd = d.col_cd
AND rc2.report_catalog_id = d.report_catalog_id
JOIN IDS.company_data cd ON d.company_data_id = cd.id
WHERE rc.enterprise_type_cd = 'dn'
AND rc.report_cd LIKE 'BCLCTT_GT%'
AND rc2.col_desc = '1'
AND cd.report_year = :year
AND cd.report_quarter = :quarter
AND rr.row_desc = '8'";;;;
24;;Dữ liệu tài chính về doanh nghiệp thông thường chi tiết - Báo cáo Lưu chuyển tiền tệ - Gián tiếp;· Tăng, giảm các khoản phải thu;9;Data Explorer;Chỉ tiêu cơ sở;Dễ;Ngày, CTDC, chỉ tiêu BC;IDS - GSĐC;;X;;Done;;"IDS.data (d),
IDS.report_catalog (rc),
IDS.rrow (rr),
IDS.rcol (rc2),
IDS.company_data (cd)";d.data_value AS 09_GT_TANG_PTHU;"rc.enterprise_type_cd = 'dn'
AND rc.report_cd LIKE 'BCLCTT_GT%'
AND rc2.col_desc = '1'
AND cd.report_year = :year
AND cd.report_quarter = :quarter
AND rr.row_desc = '9'";"SELECT
cd.company_profile_id,
rr.row_desc AS ma_chi_tieu,
rr.row_name_vi AS ten_chi_tieu,
d.data_value AS 09_GT_TANG_PTHU
FROM IDS.data d
JOIN IDS.report_catalog rc ON d.report_catalog_id = rc.id
JOIN IDS.rrow rr ON rr.row_cd = d.row_cd
AND rr.report_catalog_id = d.report_catalog_id
JOIN IDS.rcol rc2 ON rc2.col_cd = d.col_cd
AND rc2.report_catalog_id = d.report_catalog_id
JOIN IDS.company_data cd ON d.company_data_id = cd.id
WHERE rc.enterprise_type_cd = 'dn'
AND rc.report_cd LIKE 'BCLCTT_GT%'
AND rc2.col_desc = '1'
AND cd.report_year = :year
AND cd.report_quarter = :quarter
AND rr.row_desc = '9'";;;;
24;;Dữ liệu tài chính về doanh nghiệp thông thường chi tiết - Báo cáo Lưu chuyển tiền tệ - Gián tiếp;· Tăng, giảm hàng tồn kho;10;Data Explorer;Chỉ tiêu cơ sở;Dễ;Ngày, CTDC, chỉ tiêu BC;IDS - GSĐC;;X;;Done;;"IDS.data (d),
IDS.report_catalog (rc),
IDS.rrow (rr),
IDS.rcol (rc2),
IDS.company_data (cd)";d.data_value AS 10_GT_TANG_HTK;"rc.enterprise_type_cd = 'dn'
AND rc.report_cd LIKE 'BCLCTT_GT%'
AND rc2.col_desc = '1'
AND cd.report_year = :year
AND cd.report_quarter = :quarter
AND rr.row_desc = '10'";"SELECT
cd.company_profile_id,
rr.row_desc AS ma_chi_tieu,
rr.row_name_vi AS ten_chi_tieu,
d.data_value AS 10_GT_TANG_HTK
FROM IDS.data d
JOIN IDS.report_catalog rc ON d.report_catalog_id = rc.id
JOIN IDS.rrow rr ON rr.row_cd = d.row_cd
AND rr.report_catalog_id = d.report_catalog_id
JOIN IDS.rcol rc2 ON rc2.col_cd = d.col_cd
AND rc2.report_catalog_id = d.report_catalog_id
JOIN IDS.company_data cd ON d.company_data_id = cd.id
WHERE rc.enterprise_type_cd = 'dn'
AND rc.report_cd LIKE 'BCLCTT_GT%'
AND rc2.col_desc = '1'
AND cd.report_year = :year
AND cd.report_quarter = :quarter
AND rr.row_desc = '10'";;;;
24;;Dữ liệu tài chính về doanh nghiệp thông thường chi tiết - Báo cáo Lưu chuyển tiền tệ - Gián tiếp;· Tăng, giảm các khoản phải trả (Không kể lãi vay phải trả, thuế thu nhập doanh nghiệp phải nộp);11;Data Explorer;Chỉ tiêu cơ sở;Dễ;Ngày, CTDC, chỉ tiêu BC;IDS - GSĐC;;X;;Done;;"IDS.data (d),
IDS.report_catalog (rc),
IDS.rrow (rr),
IDS.rcol (rc2),
IDS.company_data (cd)";d.data_value AS 11_GT_TANG_PTTRA;"rc.enterprise_type_cd = 'dn'
AND rc.report_cd LIKE 'BCLCTT_GT%'
AND rc2.col_desc = '1'
AND cd.report_year = :year
AND cd.report_quarter = :quarter
AND rr.row_desc = '11'";"SELECT
cd.company_profile_id,
rr.row_desc AS ma_chi_tieu,
rr.row_name_vi AS ten_chi_tieu,
d.data_value AS 11_GT_TANG_PTTRA
FROM IDS.data d
JOIN IDS.report_catalog rc ON d.report_catalog_id = rc.id
JOIN IDS.rrow rr ON rr.row_cd = d.row_cd
AND rr.report_catalog_id = d.report_catalog_id
JOIN IDS.rcol rc2 ON rc2.col_cd = d.col_cd
AND rc2.report_catalog_id = d.report_catalog_id
JOIN IDS.company_data cd ON d.company_data_id = cd.id
WHERE rc.enterprise_type_cd = 'dn'
AND rc.report_cd LIKE 'BCLCTT_GT%'
AND rc2.col_desc = '1'
AND cd.report_year = :year
AND cd.report_quarter = :quarter
AND rr.row_desc = '11'";;;;
24;;Dữ liệu tài chính về doanh nghiệp thông thường chi tiết - Báo cáo Lưu chuyển tiền tệ - Gián tiếp;· Tăng, giảm chi phí trả trước;12;Data Explorer;Chỉ tiêu cơ sở;Dễ;Ngày, CTDC, chỉ tiêu BC;IDS - GSĐC;;X;;Done;;"IDS.data (d),
IDS.report_catalog (rc),
IDS.rrow (rr),
IDS.rcol (rc2),
IDS.company_data (cd)";d.data_value AS 12_GT_TANG_CPTT;"rc.enterprise_type_cd = 'dn'
AND rc.report_cd LIKE 'BCLCTT_GT%'
AND rc2.col_desc = '1'
AND cd.report_year = :year
AND cd.report_quarter = :quarter
AND rr.row_desc = '12'";"SELECT
cd.company_profile_id,
rr.row_desc AS ma_chi_tieu,
rr.row_name_vi AS ten_chi_tieu,
d.data_value AS 12_GT_TANG_CPTT
FROM IDS.data d
JOIN IDS.report_catalog rc ON d.report_catalog_id = rc.id
JOIN IDS.rrow rr ON rr.row_cd = d.row_cd
AND rr.report_catalog_id = d.report_catalog_id
JOIN IDS.rcol rc2 ON rc2.col_cd = d.col_cd
AND rc2.report_catalog_id = d.report_catalog_id
JOIN IDS.company_data cd ON d.company_data_id = cd.id
WHERE rc.enterprise_type_cd = 'dn'
AND rc.report_cd LIKE 'BCLCTT_GT%'
AND rc2.col_desc = '1'
AND cd.report_year = :year
AND cd.report_quarter = :quarter
AND rr.row_desc = '12'";;;;
24;;Dữ liệu tài chính về doanh nghiệp thông thường chi tiết - Báo cáo Lưu chuyển tiền tệ - Gián tiếp;· Tăng, giảm chứng khoán kinh doanh;13;Data Explorer;Chỉ tiêu cơ sở;Dễ;Ngày, CTDC, chỉ tiêu BC;IDS - GSĐC;;X;;Done;;"IDS.data (d),
IDS.report_catalog (rc),
IDS.rrow (rr),
IDS.rcol (rc2),
IDS.company_data (cd)";d.data_value AS 13_GT_TANG_CKKD;"rc.enterprise_type_cd = 'dn'
AND rc.report_cd LIKE 'BCLCTT_GT%'
AND rc2.col_desc = '1'
AND cd.report_year = :year
AND cd.report_quarter = :quarter
AND rr.row_desc = '13'";"SELECT
cd.company_profile_id,
rr.row_desc AS ma_chi_tieu,
rr.row_name_vi AS ten_chi_tieu,
d.data_value AS 13_GT_TANG_CKKD
FROM IDS.data d
JOIN IDS.report_catalog rc ON d.report_catalog_id = rc.id
JOIN IDS.rrow rr ON rr.row_cd = d.row_cd
AND rr.report_catalog_id = d.report_catalog_id
JOIN IDS.rcol rc2 ON rc2.col_cd = d.col_cd
AND rc2.report_catalog_id = d.report_catalog_id
JOIN IDS.company_data cd ON d.company_data_id = cd.id
WHERE rc.enterprise_type_cd = 'dn'
AND rc.report_cd LIKE 'BCLCTT_GT%'
AND rc2.col_desc = '1'
AND cd.report_year = :year
AND cd.report_quarter = :quarter
AND rr.row_desc = '13'";;;;
24;;Dữ liệu tài chính về doanh nghiệp thông thường chi tiết - Báo cáo Lưu chuyển tiền tệ - Gián tiếp;· Tiền lãi vay đã trả;14;Data Explorer;Chỉ tiêu cơ sở;Dễ;Ngày, CTDC, chỉ tiêu BC;IDS - GSĐC;;X;;Done;;"IDS.data (d),
IDS.report_catalog (rc),
IDS.rrow (rr),
IDS.rcol (rc2),
IDS.company_data (cd)";d.data_value AS 14_GT_LAIVAY_TRA;"rc.enterprise_type_cd = 'dn'
AND rc.report_cd LIKE 'BCLCTT_GT%'
AND rc2.col_desc = '1'
AND cd.report_year = :year
AND cd.report_quarter = :quarter
AND rr.row_desc = '14'";"SELECT
cd.company_profile_id,
rr.row_desc AS ma_chi_tieu,
rr.row_name_vi AS ten_chi_tieu,
d.data_value AS 14_GT_LAIVAY_TRA
FROM IDS.data d
JOIN IDS.report_catalog rc ON d.report_catalog_id = rc.id
JOIN IDS.rrow rr ON rr.row_cd = d.row_cd
AND rr.report_catalog_id = d.report_catalog_id
JOIN IDS.rcol rc2 ON rc2.col_cd = d.col_cd
AND rc2.report_catalog_id = d.report_catalog_id
JOIN IDS.company_data cd ON d.company_data_id = cd.id
WHERE rc.enterprise_type_cd = 'dn'
AND rc.report_cd LIKE 'BCLCTT_GT%'
AND rc2.col_desc = '1'
AND cd.report_year = :year
AND cd.report_quarter = :quarter
AND rr.row_desc = '14'";;;;
24;;Dữ liệu tài chính về doanh nghiệp thông thường chi tiết - Báo cáo Lưu chuyển tiền tệ - Gián tiếp;· Thuế thu nhập doanh nghiệp đã nộp;15;Data Explorer;Chỉ tiêu cơ sở;Dễ;Ngày, CTDC, chỉ tiêu BC;IDS - GSĐC;;X;;Done;;"IDS.data (d),
IDS.report_catalog (rc),
IDS.rrow (rr),
IDS.rcol (rc2),
IDS.company_data (cd)";d.data_value AS 15_GT_THUE_NOP;"rc.enterprise_type_cd = 'dn'
AND rc.report_cd LIKE 'BCLCTT_GT%'
AND rc2.col_desc = '1'
AND cd.report_year = :year
AND cd.report_quarter = :quarter
AND rr.row_desc = '15'";"SELECT
cd.company_profile_id,
rr.row_desc AS ma_chi_tieu,
rr.row_name_vi AS ten_chi_tieu,
d.data_value AS 15_GT_THUE_NOP
FROM IDS.data d
JOIN IDS.report_catalog rc ON d.report_catalog_id = rc.id
JOIN IDS.rrow rr ON rr.row_cd = d.row_cd
AND rr.report_catalog_id = d.report_catalog_id
JOIN IDS.rcol rc2 ON rc2.col_cd = d.col_cd
AND rc2.report_catalog_id = d.report_catalog_id
JOIN IDS.company_data cd ON d.company_data_id = cd.id
WHERE rc.enterprise_type_cd = 'dn'
AND rc.report_cd LIKE 'BCLCTT_GT%'
AND rc2.col_desc = '1'
AND cd.report_year = :year
AND cd.report_quarter = :quarter
AND rr.row_desc = '15'";;;;
24;;Dữ liệu tài chính về doanh nghiệp thông thường chi tiết - Báo cáo Lưu chuyển tiền tệ - Gián tiếp;· Tiền thu khác từ hoạt động kinh doanh;16;Data Explorer;Chỉ tiêu cơ sở;Dễ;Ngày, CTDC, chỉ tiêu BC;IDS - GSĐC;;X;;Done;;"IDS.data (d),
IDS.report_catalog (rc),
IDS.rrow (rr),
IDS.rcol (rc2),
IDS.company_data (cd)";d.data_value AS 16_GT_TIENTU_KHAC;"rc.enterprise_type_cd = 'dn'
AND rc.report_cd LIKE 'BCLCTT_GT%'
AND rc2.col_desc = '1'
AND cd.report_year = :year
AND cd.report_quarter = :quarter
AND rr.row_desc = '16'";"SELECT
cd.company_profile_id,
rr.row_desc AS ma_chi_tieu,
rr.row_name_vi AS ten_chi_tieu,
d.data_value AS 16_GT_TIENTU_KHAC
FROM IDS.data d
JOIN IDS.report_catalog rc ON d.report_catalog_id = rc.id
JOIN IDS.rrow rr ON rr.row_cd = d.row_cd
AND rr.report_catalog_id = d.report_catalog_id
JOIN IDS.rcol rc2 ON rc2.col_cd = d.col_cd
AND rc2.report_catalog_id = d.report_catalog_id
JOIN IDS.company_data cd ON d.company_data_id = cd.id
WHERE rc.enterprise_type_cd = 'dn'
AND rc.report_cd LIKE 'BCLCTT_GT%'
AND rc2.col_desc = '1'
AND cd.report_year = :year
AND cd.report_quarter = :quarter
AND rr.row_desc = '16'";;;;
24;;Dữ liệu tài chính về doanh nghiệp thông thường chi tiết - Báo cáo Lưu chuyển tiền tệ - Gián tiếp;· Tiền chi khác cho hoạt động kinh doanh;17;Data Explorer;Chỉ tiêu cơ sở;Dễ;Ngày, CTDC, chỉ tiêu BC;IDS - GSĐC;;X;;Done;;"IDS.data (d),
IDS.report_catalog (rc),
IDS.rrow (rr),
IDS.rcol (rc2),
IDS.company_data (cd)";d.data_value AS 17_GT_TIENCHI_KHAC;"rc.enterprise_type_cd = 'dn'
AND rc.report_cd LIKE 'BCLCTT_GT%'
AND rc2.col_desc = '1'
AND cd.report_year = :year
AND cd.report_quarter = :quarter
AND rr.row_desc = '17'";"SELECT
cd.company_profile_id,
rr.row_desc AS ma_chi_tieu,
rr.row_name_vi AS ten_chi_tieu,
d.data_value AS 17_GT_TIENCHI_KHAC
FROM IDS.data d
JOIN IDS.report_catalog rc ON d.report_catalog_id = rc.id
JOIN IDS.rrow rr ON rr.row_cd = d.row_cd
AND rr.report_catalog_id = d.report_catalog_id
JOIN IDS.rcol rc2 ON rc2.col_cd = d.col_cd
AND rc2.report_catalog_id = d.report_catalog_id
JOIN IDS.company_data cd ON d.company_data_id = cd.id
WHERE rc.enterprise_type_cd = 'dn'
AND rc.report_cd LIKE 'BCLCTT_GT%'
AND rc2.col_desc = '1'
AND cd.report_year = :year
AND cd.report_quarter = :quarter
AND rr.row_desc = '17'";;;;
24;;Dữ liệu tài chính về doanh nghiệp thông thường chi tiết - Báo cáo Lưu chuyển tiền tệ - Gián tiếp;Lưu chuyển tiền thuần từ hoạt động kinh doanh;20;Data Explorer;Chỉ tiêu cơ sở;Dễ;Ngày, CTDC, chỉ tiêu BC;IDS - GSĐC;;X;;Done;;"IDS.data (d),
IDS.report_catalog (rc),
IDS.rrow (rr),
IDS.rcol (rc2),
IDS.company_data (cd)";d.data_value AS 20_GT_TIEN_HDKD;"rc.enterprise_type_cd = 'dn'
AND rc.report_cd LIKE 'BCLCTT_GT%'
AND rc2.col_desc = '1'
AND cd.report_year = :year
AND cd.report_quarter = :quarter
AND rr.row_desc = '20'";"SELECT
cd.company_profile_id,
rr.row_desc AS ma_chi_tieu,
rr.row_name_vi AS ten_chi_tieu,
d.data_value AS 20_GT_TIEN_HDKD
FROM IDS.data d
JOIN IDS.report_catalog rc ON d.report_catalog_id = rc.id
JOIN IDS.rrow rr ON rr.row_cd = d.row_cd
AND rr.report_catalog_id = d.report_catalog_id
JOIN IDS.rcol rc2 ON rc2.col_cd = d.col_cd
AND rc2.report_catalog_id = d.report_catalog_id
JOIN IDS.company_data cd ON d.company_data_id = cd.id
WHERE rc.enterprise_type_cd = 'dn'
AND rc.report_cd LIKE 'BCLCTT_GT%'
AND rc2.col_desc = '1'
AND cd.report_year = :year
AND cd.report_quarter = :quarter
AND rr.row_desc = '20'";;;;
24;;Dữ liệu tài chính về doanh nghiệp thông thường chi tiết - Báo cáo Lưu chuyển tiền tệ - Gián tiếp;II. Lưu chuyển tiền từ hoạt động đầu tư;null;Data Explorer;Chỉ tiêu cơ sở;Dễ;Ngày, CTDC, chỉ tiêu BC;IDS - GSĐC;;X;;Done;;;;;;Dòng tiêu đề, không có dữ liệu số;;;
24;;Dữ liệu tài chính về doanh nghiệp thông thường chi tiết - Báo cáo Lưu chuyển tiền tệ - Gián tiếp;1.Tiền chi để mua sắm, xây dựng TSCĐ và các tài sản dài hạn khác;21;Data Explorer;Chỉ tiêu cơ sở;Dễ;Ngày, CTDC, chỉ tiêu BC;IDS - GSĐC;;X;;Done;;"IDS.data (d),
IDS.report_catalog (rc),
IDS.rrow (rr),
IDS.rcol (rc2),
IDS.company_data (cd)";d.data_value AS 21_GT_CHI_TSCD_DH;"rc.enterprise_type_cd = 'dn'
AND rc.report_cd LIKE 'BCLCTT_GT%'
AND rc2.col_desc = '1'
AND cd.report_year = :year
AND cd.report_quarter = :quarter
AND rr.row_desc = '21'";"SELECT
cd.company_profile_id,
rr.row_desc AS ma_chi_tieu,
rr.row_name_vi AS ten_chi_tieu,
d.data_value AS 21_GT_CHI_TSCD_DH
FROM IDS.data d
JOIN IDS.report_catalog rc ON d.report_catalog_id = rc.id
JOIN IDS.rrow rr ON rr.row_cd = d.row_cd
AND rr.report_catalog_id = d.report_catalog_id
JOIN IDS.rcol rc2 ON rc2.col_cd = d.col_cd
AND rc2.report_catalog_id = d.report_catalog_id
JOIN IDS.company_data cd ON d.company_data_id = cd.id
WHERE rc.enterprise_type_cd = 'dn'
AND rc.report_cd LIKE 'BCLCTT_GT%'
AND rc2.col_desc = '1'
AND cd.report_year = :year
AND cd.report_quarter = :quarter
AND rr.row_desc = '21'";;;;
24;;Dữ liệu tài chính về doanh nghiệp thông thường chi tiết - Báo cáo Lưu chuyển tiền tệ - Gián tiếp;2.Tiền thu từ thanh lý, nhượng bán TSCĐ và các tài sản dài hạn khác;22;Data Explorer;Chỉ tiêu cơ sở;Dễ;Ngày, CTDC, chỉ tiêu BC;IDS - GSĐC;;X;;Done;;"IDS.data (d),
IDS.report_catalog (rc),
IDS.rrow (rr),
IDS.rcol (rc2),
IDS.company_data (cd)";d.data_value AS 22_GT_THU_TSCD_DH;"rc.enterprise_type_cd = 'dn'
AND rc.report_cd LIKE 'BCLCTT_GT%'
AND rc2.col_desc = '1'
AND cd.report_year = :year
AND cd.report_quarter = :quarter
AND rr.row_desc = '22'";"SELECT
cd.company_profile_id,
rr.row_desc AS ma_chi_tieu,
rr.row_name_vi AS ten_chi_tieu,
d.data_value AS 22_GT_THU_TSCD_DH
FROM IDS.data d
JOIN IDS.report_catalog rc ON d.report_catalog_id = rc.id
JOIN IDS.rrow rr ON rr.row_cd = d.row_cd
AND rr.report_catalog_id = d.report_catalog_id
JOIN IDS.rcol rc2 ON rc2.col_cd = d.col_cd
AND rc2.report_catalog_id = d.report_catalog_id
JOIN IDS.company_data cd ON d.company_data_id = cd.id
WHERE rc.enterprise_type_cd = 'dn'
AND rc.report_cd LIKE 'BCLCTT_GT%'
AND rc2.col_desc = '1'
AND cd.report_year = :year
AND cd.report_quarter = :quarter
AND rr.row_desc = '22'";;;;
24;;Dữ liệu tài chính về doanh nghiệp thông thường chi tiết - Báo cáo Lưu chuyển tiền tệ - Gián tiếp;3.Tiền chi cho vay, mua các công cụ nợ của đơn vị khác;23;Data Explorer;Chỉ tiêu cơ sở;Dễ;Ngày, CTDC, chỉ tiêu BC;IDS - GSĐC;;X;;Done;;"IDS.data (d),
IDS.report_catalog (rc),
IDS.rrow (rr),
IDS.rcol (rc2),
IDS.company_data (cd)";d.data_value AS 23_GT_CHI_CHOVAY_CK;"rc.enterprise_type_cd = 'dn'
AND rc.report_cd LIKE 'BCLCTT_GT%'
AND rc2.col_desc = '1'
AND cd.report_year = :year
AND cd.report_quarter = :quarter
AND rr.row_desc = '23'";"SELECT
cd.company_profile_id,
rr.row_desc AS ma_chi_tieu,
rr.row_name_vi AS ten_chi_tieu,
d.data_value AS 23_GT_CHI_CHOVAY_CK
FROM IDS.data d
JOIN IDS.report_catalog rc ON d.report_catalog_id = rc.id
JOIN IDS.rrow rr ON rr.row_cd = d.row_cd
AND rr.report_catalog_id = d.report_catalog_id
JOIN IDS.rcol rc2 ON rc2.col_cd = d.col_cd
AND rc2.report_catalog_id = d.report_catalog_id
JOIN IDS.company_data cd ON d.company_data_id = cd.id
WHERE rc.enterprise_type_cd = 'dn'
AND rc.report_cd LIKE 'BCLCTT_GT%'
AND rc2.col_desc = '1'
AND cd.report_year = :year
AND cd.report_quarter = :quarter
AND rr.row_desc = '23'";;;;
24;;Dữ liệu tài chính về doanh nghiệp thông thường chi tiết - Báo cáo Lưu chuyển tiền tệ - Gián tiếp;4.Tiền thu hồi cho vay, bán lại các công cụ nợ của đơn vị khác;24;Data Explorer;Chỉ tiêu cơ sở;Dễ;Ngày, CTDC, chỉ tiêu BC;IDS - GSĐC;;X;;Done;;"IDS.data (d),
IDS.report_catalog (rc),
IDS.rrow (rr),
IDS.rcol (rc2),
IDS.company_data (cd)";d.data_value AS 24_GT_THU_CHOVAY_CK;"rc.enterprise_type_cd = 'dn'
AND rc.report_cd LIKE 'BCLCTT_GT%'
AND rc2.col_desc = '1'
AND cd.report_year = :year
AND cd.report_quarter = :quarter
AND rr.row_desc = '24'";"SELECT
cd.company_profile_id,
rr.row_desc AS ma_chi_tieu,
rr.row_name_vi AS ten_chi_tieu,
d.data_value AS 24_GT_THU_CHOVAY_CK
FROM IDS.data d
JOIN IDS.report_catalog rc ON d.report_catalog_id = rc.id
JOIN IDS.rrow rr ON rr.row_cd = d.row_cd
AND rr.report_catalog_id = d.report_catalog_id
JOIN IDS.rcol rc2 ON rc2.col_cd = d.col_cd
AND rc2.report_catalog_id = d.report_catalog_id
JOIN IDS.company_data cd ON d.company_data_id = cd.id
WHERE rc.enterprise_type_cd = 'dn'
AND rc.report_cd LIKE 'BCLCTT_GT%'
AND rc2.col_desc = '1'
AND cd.report_year = :year
AND cd.report_quarter = :quarter
AND rr.row_desc = '24'";;;;
24;;Dữ liệu tài chính về doanh nghiệp thông thường chi tiết - Báo cáo Lưu chuyển tiền tệ - Gián tiếp;5.Tiền chi đầu tư góp vốn vào đơn vị khác;25;Data Explorer;Chỉ tiêu cơ sở;Dễ;Ngày, CTDC, chỉ tiêu BC;IDS - GSĐC;;X;;Done;;"IDS.data (d),
IDS.report_catalog (rc),
IDS.rrow (rr),
IDS.rcol (rc2),
IDS.company_data (cd)";d.data_value AS 25_GT_CHI_GOPVON;"rc.enterprise_type_cd = 'dn'
AND rc.report_cd LIKE 'BCLCTT_GT%'
AND rc2.col_desc = '1'
AND cd.report_year = :year
AND cd.report_quarter = :quarter
AND rr.row_desc = '25'";"SELECT
cd.company_profile_id,
rr.row_desc AS ma_chi_tieu,
rr.row_name_vi AS ten_chi_tieu,
d.data_value AS 25_GT_CHI_GOPVON
FROM IDS.data d
JOIN IDS.report_catalog rc ON d.report_catalog_id = rc.id
JOIN IDS.rrow rr ON rr.row_cd = d.row_cd
AND rr.report_catalog_id = d.report_catalog_id
JOIN IDS.rcol rc2 ON rc2.col_cd = d.col_cd
AND rc2.report_catalog_id = d.report_catalog_id
JOIN IDS.company_data cd ON d.company_data_id = cd.id
WHERE rc.enterprise_type_cd = 'dn'
AND rc.report_cd LIKE 'BCLCTT_GT%'
AND rc2.col_desc = '1'
AND cd.report_year = :year
AND cd.report_quarter = :quarter
AND rr.row_desc = '25'";;;;
24;;Dữ liệu tài chính về doanh nghiệp thông thường chi tiết - Báo cáo Lưu chuyển tiền tệ - Gián tiếp;6.Tiền thu hồi đầu tư góp vốn vào đơn vị khác;26;Data Explorer;Chỉ tiêu cơ sở;Dễ;Ngày, CTDC, chỉ tiêu BC;IDS - GSĐC;;X;;Done;;"IDS.data (d),
IDS.report_catalog (rc),
IDS.rrow (rr),
IDS.rcol (rc2),
IDS.company_data (cd)";d.data_value AS 26_GT_THU_GOPVON;"rc.enterprise_type_cd = 'dn'
AND rc.report_cd LIKE 'BCLCTT_GT%'
AND rc2.col_desc = '1'
AND cd.report_year = :year
AND cd.report_quarter = :quarter
AND rr.row_desc = '26'";"SELECT
cd.company_profile_id,
rr.row_desc AS ma_chi_tieu,
rr.row_name_vi AS ten_chi_tieu,
d.data_value AS 26_GT_THU_GOPVON
FROM IDS.data d
JOIN IDS.report_catalog rc ON d.report_catalog_id = rc.id
JOIN IDS.rrow rr ON rr.row_cd = d.row_cd
AND rr.report_catalog_id = d.report_catalog_id
JOIN IDS.rcol rc2 ON rc2.col_cd = d.col_cd
AND rc2.report_catalog_id = d.report_catalog_id
JOIN IDS.company_data cd ON d.company_data_id = cd.id
WHERE rc.enterprise_type_cd = 'dn'
AND rc.report_cd LIKE 'BCLCTT_GT%'
AND rc2.col_desc = '1'
AND cd.report_year = :year
AND cd.report_quarter = :quarter
AND rr.row_desc = '26'";;;;
24;;Dữ liệu tài chính về doanh nghiệp thông thường chi tiết - Báo cáo Lưu chuyển tiền tệ - Gián tiếp;7.Tiền thu lãi cho vay, cổ tức và lợi nhuận được chia;27;Data Explorer;Chỉ tiêu cơ sở;Dễ;Ngày, CTDC, chỉ tiêu BC;IDS - GSĐC;;X;;Done;;"IDS.data (d),
IDS.report_catalog (rc),
IDS.rrow (rr),
IDS.rcol (rc2),
IDS.company_data (cd)";d.data_value AS 27_GT_THU_LAICOTUC;"rc.enterprise_type_cd = 'dn'
AND rc.report_cd LIKE 'BCLCTT_GT%'
AND rc2.col_desc = '1'
AND cd.report_year = :year
AND cd.report_quarter = :quarter
AND rr.row_desc = '27'";"SELECT
cd.company_profile_id,
rr.row_desc AS ma_chi_tieu,
rr.row_name_vi AS ten_chi_tieu,
d.data_value AS 27_GT_THU_LAICOTUC
FROM IDS.data d
JOIN IDS.report_catalog rc ON d.report_catalog_id = rc.id
JOIN IDS.rrow rr ON rr.row_cd = d.row_cd
AND rr.report_catalog_id = d.report_catalog_id
JOIN IDS.rcol rc2 ON rc2.col_cd = d.col_cd
AND rc2.report_catalog_id = d.report_catalog_id
JOIN IDS.company_data cd ON d.company_data_id = cd.id
WHERE rc.enterprise_type_cd = 'dn'
AND rc.report_cd LIKE 'BCLCTT_GT%'
AND rc2.col_desc = '1'
AND cd.report_year = :year
AND cd.report_quarter = :quarter
AND rr.row_desc = '27'";;;;
24;;Dữ liệu tài chính về doanh nghiệp thông thường chi tiết - Báo cáo Lưu chuyển tiền tệ - Gián tiếp;Lưu chuyển tiền thuần từ hoạt động đầu tư;30;Data Explorer;Chỉ tiêu cơ sở;Dễ;Ngày, CTDC, chỉ tiêu BC;IDS - GSĐC;;X;;Done;;"IDS.data (d),
IDS.report_catalog (rc),
IDS.rrow (rr),
IDS.rcol (rc2),
IDS.company_data (cd)";d.data_value AS 30_GT_TIEN_HDDTU;"rc.enterprise_type_cd = 'dn'
AND rc.report_cd LIKE 'BCLCTT_GT%'
AND rc2.col_desc = '1'
AND cd.report_year = :year
AND cd.report_quarter = :quarter
AND rr.row_desc = '30'";"SELECT
cd.company_profile_id,
rr.row_desc AS ma_chi_tieu,
rr.row_name_vi AS ten_chi_tieu,
d.data_value AS 30_GT_TIEN_HDDTU
FROM IDS.data d
JOIN IDS.report_catalog rc ON d.report_catalog_id = rc.id
JOIN IDS.rrow rr ON rr.row_cd = d.row_cd
AND rr.report_catalog_id = d.report_catalog_id
JOIN IDS.rcol rc2 ON rc2.col_cd = d.col_cd
AND rc2.report_catalog_id = d.report_catalog_id
JOIN IDS.company_data cd ON d.company_data_id = cd.id
WHERE rc.enterprise_type_cd = 'dn'
AND rc.report_cd LIKE 'BCLCTT_GT%'
AND rc2.col_desc = '1'
AND cd.report_year = :year
AND cd.report_quarter = :quarter
AND rr.row_desc = '30'";;;;
24;;Dữ liệu tài chính về doanh nghiệp thông thường chi tiết - Báo cáo Lưu chuyển tiền tệ - Gián tiếp;III. Lưu chuyển tiền từ hoạt động tài chính;null;Data Explorer;Chỉ tiêu cơ sở;Dễ;Ngày, CTDC, chỉ tiêu BC;IDS - GSĐC;;X;;Done;;;;;;Dòng tiêu đề, không có dữ liệu số;;;
24;;Dữ liệu tài chính về doanh nghiệp thông thường chi tiết - Báo cáo Lưu chuyển tiền tệ - Gián tiếp;1. Tiền thu từ phát hành cổ phiếu, nhận vốn góp của chủ sở hữu;31;Data Explorer;Chỉ tiêu cơ sở;Dễ;Ngày, CTDC, chỉ tiêu BC;IDS - GSĐC;;X;;Done;;"IDS.data (d),
IDS.report_catalog (rc),
IDS.rrow (rr),
IDS.rcol (rc2),
IDS.company_data (cd)";d.data_value AS 31_GT_THU_PHATHANH_CP;"rc.enterprise_type_cd = 'dn'
AND rc.report_cd LIKE 'BCLCTT_GT%'
AND rc2.col_desc = '1'
AND cd.report_year = :year
AND cd.report_quarter = :quarter
AND rr.row_desc = '31'";"SELECT
cd.company_profile_id,
rr.row_desc AS ma_chi_tieu,
rr.row_name_vi AS ten_chi_tieu,
d.data_value AS 31_GT_THU_PHATHANH_CP
FROM IDS.data d
JOIN IDS.report_catalog rc ON d.report_catalog_id = rc.id
JOIN IDS.rrow rr ON rr.row_cd = d.row_cd
AND rr.report_catalog_id = d.report_catalog_id
JOIN IDS.rcol rc2 ON rc2.col_cd = d.col_cd
AND rc2.report_catalog_id = d.report_catalog_id
JOIN IDS.company_data cd ON d.company_data_id = cd.id
WHERE rc.enterprise_type_cd = 'dn'
AND rc.report_cd LIKE 'BCLCTT_GT%'
AND rc2.col_desc = '1'
AND cd.report_year = :year
AND cd.report_quarter = :quarter
AND rr.row_desc = '31'";;;;
24;;Dữ liệu tài chính về doanh nghiệp thông thường chi tiết - Báo cáo Lưu chuyển tiền tệ - Gián tiếp;2. Tiền trả lại vốn góp cho các chủ sở hữu, mua lại cổ phiếu của doanh nghiệp đã phát hành;32;Data Explorer;Chỉ tiêu cơ sở;Dễ;Ngày, CTDC, chỉ tiêu BC;IDS - GSĐC;;X;;Done;;"IDS.data (d),
IDS.report_catalog (rc),
IDS.rrow (rr),
IDS.rcol (rc2),
IDS.company_data (cd)";d.data_value AS 32_GT_TRA_GOPVON;"rc.enterprise_type_cd = 'dn'
AND rc.report_cd LIKE 'BCLCTT_GT%'
AND rc2.col_desc = '1'
AND cd.report_year = :year
AND cd.report_quarter = :quarter
AND rr.row_desc = '32'";"SELECT
cd.company_profile_id,
rr.row_desc AS ma_chi_tieu,
rr.row_name_vi AS ten_chi_tieu,
d.data_value AS 32_GT_TRA_GOPVON
FROM IDS.data d
JOIN IDS.report_catalog rc ON d.report_catalog_id = rc.id
JOIN IDS.rrow rr ON rr.row_cd = d.row_cd
AND rr.report_catalog_id = d.report_catalog_id
JOIN IDS.rcol rc2 ON rc2.col_cd = d.col_cd
AND rc2.report_catalog_id = d.report_catalog_id
JOIN IDS.company_data cd ON d.company_data_id = cd.id
WHERE rc.enterprise_type_cd = 'dn'
AND rc.report_cd LIKE 'BCLCTT_GT%'
AND rc2.col_desc = '1'
AND cd.report_year = :year
AND cd.report_quarter = :quarter
AND rr.row_desc = '32'";;;;
24;;Dữ liệu tài chính về doanh nghiệp thông thường chi tiết - Báo cáo Lưu chuyển tiền tệ - Gián tiếp;3. Tiền thu từ đi vay;33;Data Explorer;Chỉ tiêu cơ sở;Dễ;Ngày, CTDC, chỉ tiêu BC;IDS - GSĐC;;X;;Done;;"IDS.data (d),
IDS.report_catalog (rc),
IDS.rrow (rr),
IDS.rcol (rc2),
IDS.company_data (cd)";d.data_value AS 33_GT_THU_VAY;"rc.enterprise_type_cd = 'dn'
AND rc.report_cd LIKE 'BCLCTT_GT%'
AND rc2.col_desc = '1'
AND cd.report_year = :year
AND cd.report_quarter = :quarter
AND rr.row_desc = '33'";"SELECT
cd.company_profile_id,
rr.row_desc AS ma_chi_tieu,
rr.row_name_vi AS ten_chi_tieu,
d.data_value AS 33_GT_THU_VAY
FROM IDS.data d
JOIN IDS.report_catalog rc ON d.report_catalog_id = rc.id
JOIN IDS.rrow rr ON rr.row_cd = d.row_cd
AND rr.report_catalog_id = d.report_catalog_id
JOIN IDS.rcol rc2 ON rc2.col_cd = d.col_cd
AND rc2.report_catalog_id = d.report_catalog_id
JOIN IDS.company_data cd ON d.company_data_id = cd.id
WHERE rc.enterprise_type_cd = 'dn'
AND rc.report_cd LIKE 'BCLCTT_GT%'
AND rc2.col_desc = '1'
AND cd.report_year = :year
AND cd.report_quarter = :quarter
AND rr.row_desc = '33'";;;;
24;;Dữ liệu tài chính về doanh nghiệp thông thường chi tiết - Báo cáo Lưu chuyển tiền tệ - Gián tiếp;4. Tiền trả nợ gốc vay;34;Data Explorer;Chỉ tiêu cơ sở;Dễ;Ngày, CTDC, chỉ tiêu BC;IDS - GSĐC;;X;;Done;;"IDS.data (d),
IDS.report_catalog (rc),
IDS.rrow (rr),
IDS.rcol (rc2),
IDS.company_data (cd)";d.data_value AS 34_GT_TRA_NOCGOC;"rc.enterprise_type_cd = 'dn'
AND rc.report_cd LIKE 'BCLCTT_GT%'
AND rc2.col_desc = '1'
AND cd.report_year = :year
AND cd.report_quarter = :quarter
AND rr.row_desc = '34'";"SELECT
cd.company_profile_id,
rr.row_desc AS ma_chi_tieu,
rr.row_name_vi AS ten_chi_tieu,
d.data_value AS 34_GT_TRA_NOCGOC
FROM IDS.data d
JOIN IDS.report_catalog rc ON d.report_catalog_id = rc.id
JOIN IDS.rrow rr ON rr.row_cd = d.row_cd
AND rr.report_catalog_id = d.report_catalog_id
JOIN IDS.rcol rc2 ON rc2.col_cd = d.col_cd
AND rc2.report_catalog_id = d.report_catalog_id
JOIN IDS.company_data cd ON d.company_data_id = cd.id
WHERE rc.enterprise_type_cd = 'dn'
AND rc.report_cd LIKE 'BCLCTT_GT%'
AND rc2.col_desc = '1'
AND cd.report_year = :year
AND cd.report_quarter = :quarter
AND rr.row_desc = '34'";;;;
24;;Dữ liệu tài chính về doanh nghiệp thông thường chi tiết - Báo cáo Lưu chuyển tiền tệ - Gián tiếp;5. Tiền trả nợ gốc thuê tài chính;35;Data Explorer;Chỉ tiêu cơ sở;Dễ;Ngày, CTDC, chỉ tiêu BC;IDS - GSĐC;;X;;Done;;"IDS.data (d),
IDS.report_catalog (rc),
IDS.rrow (rr),
IDS.rcol (rc2),
IDS.company_data (cd)";d.data_value AS 35_GT_TRA_NOCTTF;"rc.enterprise_type_cd = 'dn'
AND rc.report_cd LIKE 'BCLCTT_GT%'
AND rc2.col_desc = '1'
AND cd.report_year = :year
AND cd.report_quarter = :quarter
AND rr.row_desc = '35'";"SELECT
cd.company_profile_id,
rr.row_desc AS ma_chi_tieu,
rr.row_name_vi AS ten_chi_tieu,
d.data_value AS 35_GT_TRA_NOCTTF
FROM IDS.data d
JOIN IDS.report_catalog rc ON d.report_catalog_id = rc.id
JOIN IDS.rrow rr ON rr.row_cd = d.row_cd
AND rr.report_catalog_id = d.report_catalog_id
JOIN IDS.rcol rc2 ON rc2.col_cd = d.col_cd
AND rc2.report_catalog_id = d.report_catalog_id
JOIN IDS.company_data cd ON d.company_data_id = cd.id
WHERE rc.enterprise_type_cd = 'dn'
AND rc.report_cd LIKE 'BCLCTT_GT%'
AND rc2.col_desc = '1'
AND cd.report_year = :year
AND cd.report_quarter = :quarter
AND rr.row_desc = '35'";;;;
24;;Dữ liệu tài chính về doanh nghiệp thông thường chi tiết - Báo cáo Lưu chuyển tiền tệ - Gián tiếp;6. Cổ tức, lợi nhuận đã trả cho chủ sở hữu;36;Data Explorer;Chỉ tiêu cơ sở;Dễ;Ngày, CTDC, chỉ tiêu BC;IDS - GSĐC;;X;;Done;;"IDS.data (d),
IDS.report_catalog (rc),
IDS.rrow (rr),
IDS.rcol (rc2),
IDS.company_data (cd)";d.data_value AS 36_GT_TRA_COTUC;"rc.enterprise_type_cd = 'dn'
AND rc.report_cd LIKE 'BCLCTT_GT%'
AND rc2.col_desc = '1'
AND cd.report_year = :year
AND cd.report_quarter = :quarter
AND rr.row_desc = '36'";"SELECT
cd.company_profile_id,
rr.row_desc AS ma_chi_tieu,
rr.row_name_vi AS ten_chi_tieu,
d.data_value AS 36_GT_TRA_COTUC
FROM IDS.data d
JOIN IDS.report_catalog rc ON d.report_catalog_id = rc.id
JOIN IDS.rrow rr ON rr.row_cd = d.row_cd
AND rr.report_catalog_id = d.report_catalog_id
JOIN IDS.rcol rc2 ON rc2.col_cd = d.col_cd
AND rc2.report_catalog_id = d.report_catalog_id
JOIN IDS.company_data cd ON d.company_data_id = cd.id
WHERE rc.enterprise_type_cd = 'dn'
AND rc.report_cd LIKE 'BCLCTT_GT%'
AND rc2.col_desc = '1'
AND cd.report_year = :year
AND cd.report_quarter = :quarter
AND rr.row_desc = '36'";;;;
24;;Dữ liệu tài chính về doanh nghiệp thông thường chi tiết - Báo cáo Lưu chuyển tiền tệ - Gián tiếp;7. Tiền thu từ vốn góp của cổ đông không kiểm soát;37;Data Explorer;Chỉ tiêu cơ sở;Dễ;Ngày, CTDC, chỉ tiêu BC;IDS - GSĐC;;X;;Done;;"IDS.data (d),
IDS.report_catalog (rc),
IDS.rrow (rr),
IDS.rcol (rc2),
IDS.company_data (cd)";d.data_value AS 37_GT_THU_CDKKSOAT;"rc.enterprise_type_cd = 'dn'
AND rc.report_cd LIKE 'BCLCTT_GT%'
AND rc2.col_desc = '1'
AND cd.report_year = :year
AND cd.report_quarter = :quarter
AND rr.row_desc = '37'";"SELECT
cd.company_profile_id,
rr.row_desc AS ma_chi_tieu,
rr.row_name_vi AS ten_chi_tieu,
d.data_value AS 37_GT_THU_CDKKSOAT
FROM IDS.data d
JOIN IDS.report_catalog rc ON d.report_catalog_id = rc.id
JOIN IDS.rrow rr ON rr.row_cd = d.row_cd
AND rr.report_catalog_id = d.report_catalog_id
JOIN IDS.rcol rc2 ON rc2.col_cd = d.col_cd
AND rc2.report_catalog_id = d.report_catalog_id
JOIN IDS.company_data cd ON d.company_data_id = cd.id
WHERE rc.enterprise_type_cd = 'dn'
AND rc.report_cd LIKE 'BCLCTT_GT%'
AND rc2.col_desc = '1'
AND cd.report_year = :year
AND cd.report_quarter = :quarter
AND rr.row_desc = '37'";;;;
24;;Dữ liệu tài chính về doanh nghiệp thông thường chi tiết - Báo cáo Lưu chuyển tiền tệ - Gián tiếp;Lưu chuyển tiền thuần từ hoạt động tài chính;40;Data Explorer;Chỉ tiêu cơ sở;Dễ;Ngày, CTDC, chỉ tiêu BC;IDS - GSĐC;;X;;Done;;"IDS.data (d),
IDS.report_catalog (rc),
IDS.rrow (rr),
IDS.rcol (rc2),
IDS.company_data (cd)";d.data_value AS 40_GT_TIEN_HDTAICHINH;"rc.enterprise_type_cd = 'dn'
AND rc.report_cd LIKE 'BCLCTT_GT%'
AND rc2.col_desc = '1'
AND cd.report_year = :year
AND cd.report_quarter = :quarter
AND rr.row_desc = '40'";"SELECT
cd.company_profile_id,
rr.row_desc AS ma_chi_tieu,
rr.row_name_vi AS ten_chi_tieu,
d.data_value AS 40_GT_TIEN_HDTAICHINH
FROM IDS.data d
JOIN IDS.report_catalog rc ON d.report_catalog_id = rc.id
JOIN IDS.rrow rr ON rr.row_cd = d.row_cd
AND rr.report_catalog_id = d.report_catalog_id
JOIN IDS.rcol rc2 ON rc2.col_cd = d.col_cd
AND rc2.report_catalog_id = d.report_catalog_id
JOIN IDS.company_data cd ON d.company_data_id = cd.id
WHERE rc.enterprise_type_cd = 'dn'
AND rc.report_cd LIKE 'BCLCTT_GT%'
AND rc2.col_desc = '1'
AND cd.report_year = :year
AND cd.report_quarter = :quarter
AND rr.row_desc = '40'";;;;
24;;Dữ liệu tài chính về doanh nghiệp thông thường chi tiết - Báo cáo Lưu chuyển tiền tệ - Gián tiếp;Lưu chuyển tiền thuần trong kỳ (50 = 20+30+40);50;Data Explorer;Chỉ tiêu phái sinh;TB;Ngày, CTDC, chỉ tiêu BC;IDS - GSĐC;;X;;Done;;"IDS.data (d),
IDS.report_catalog (rc),
IDS.rrow (rr),
IDS.rcol (rc2),
IDS.company_data (cd)";d.data_value AS 50_GT_TIEN_THUAN_KY;"rc.enterprise_type_cd = 'dn'
AND rc.report_cd LIKE 'BCLCTT_GT%'
AND rc2.col_desc = '1'
AND cd.report_year = :year
AND cd.report_quarter = :quarter
AND rr.row_desc = '50'";"SELECT
cd.company_profile_id,
rr.row_desc AS ma_chi_tieu,
rr.row_name_vi AS ten_chi_tieu,
d.data_value AS 50_GT_TIEN_THUAN_KY
FROM IDS.data d
JOIN IDS.report_catalog rc ON d.report_catalog_id = rc.id
JOIN IDS.rrow rr ON rr.row_cd = d.row_cd
AND rr.report_catalog_id = d.report_catalog_id
JOIN IDS.rcol rc2 ON rc2.col_cd = d.col_cd
AND rc2.report_catalog_id = d.report_catalog_id
JOIN IDS.company_data cd ON d.company_data_id = cd.id
WHERE rc.enterprise_type_cd = 'dn'
AND rc.report_cd LIKE 'BCLCTT_GT%'
AND rc2.col_desc = '1'
AND cd.report_year = :year
AND cd.report_quarter = :quarter
AND rr.row_desc = '50'";;;;
24;;Dữ liệu tài chính về doanh nghiệp thông thường chi tiết - Báo cáo Lưu chuyển tiền tệ - Gián tiếp;Tiền và tương đương tiền đầu kỳ;60;Data Explorer;Chỉ tiêu cơ sở;Dễ;Ngày, CTDC, chỉ tiêu BC;IDS - GSĐC;;X;;Done;;"IDS.data (d),
IDS.report_catalog (rc),
IDS.rrow (rr),
IDS.rcol (rc2),
IDS.company_data (cd)";d.data_value AS 60_GT_TIEN_DAUKY;"rc.enterprise_type_cd = 'dn'
AND rc.report_cd LIKE 'BCLCTT_GT%'
AND rc2.col_desc = '1'
AND cd.report_year = :year
AND cd.report_quarter = :quarter
AND rr.row_desc = '60'";"SELECT
cd.company_profile_id,
rr.row_desc AS ma_chi_tieu,
rr.row_name_vi AS ten_chi_tieu,
d.data_value AS 60_GT_TIEN_DAUKY
FROM IDS.data d
JOIN IDS.report_catalog rc ON d.report_catalog_id = rc.id
JOIN IDS.rrow rr ON rr.row_cd = d.row_cd
AND rr.report_catalog_id = d.report_catalog_id
JOIN IDS.rcol rc2 ON rc2.col_cd = d.col_cd
AND rc2.report_catalog_id = d.report_catalog_id
JOIN IDS.company_data cd ON d.company_data_id = cd.id
WHERE rc.enterprise_type_cd = 'dn'
AND rc.report_cd LIKE 'BCLCTT_GT%'
AND rc2.col_desc = '1'
AND cd.report_year = :year
AND cd.report_quarter = :quarter
AND rr.row_desc = '60'";;;;
24;;Dữ liệu tài chính về doanh nghiệp thông thường chi tiết - Báo cáo Lưu chuyển tiền tệ - Gián tiếp;Ảnh hưởng của thay đổi tỷ giá hối đoái quy đổi ngoại tệ;61;Data Explorer;Chỉ tiêu cơ sở;Dễ;Ngày, CTDC, chỉ tiêu BC;IDS - GSĐC;;X;;Done;;"IDS.data (d),
IDS.report_catalog (rc),
IDS.rrow (rr),
IDS.rcol (rc2),
IDS.company_data (cd)";d.data_value AS 61_GT_ANHHG_TGIA;"rc.enterprise_type_cd = 'dn'
AND rc.report_cd LIKE 'BCLCTT_GT%'
AND rc2.col_desc = '1'
AND cd.report_year = :year
AND cd.report_quarter = :quarter
AND rr.row_desc = '61'";"SELECT
cd.company_profile_id,
rr.row_desc AS ma_chi_tieu,
rr.row_name_vi AS ten_chi_tieu,
d.data_value AS 61_GT_ANHHG_TGIA
FROM IDS.data d
JOIN IDS.report_catalog rc ON d.report_catalog_id = rc.id
JOIN IDS.rrow rr ON rr.row_cd = d.row_cd
AND rr.report_catalog_id = d.report_catalog_id
JOIN IDS.rcol rc2 ON rc2.col_cd = d.col_cd
AND rc2.report_catalog_id = d.report_catalog_id
JOIN IDS.company_data cd ON d.company_data_id = cd.id
WHERE rc.enterprise_type_cd = 'dn'
AND rc.report_cd LIKE 'BCLCTT_GT%'
AND rc2.col_desc = '1'
AND cd.report_year = :year
AND cd.report_quarter = :quarter
AND rr.row_desc = '61'";;;;
24;;Dữ liệu tài chính về doanh nghiệp thông thường chi tiết - Báo cáo Lưu chuyển tiền tệ - Gián tiếp;Tiền và tương đương tiền cuối kỳ (70 = 50+60+61);70;Data Explorer;Chỉ tiêu phái sinh;TB;Ngày, CTDC, chỉ tiêu BC;IDS - GSĐC;;X;;Done;;"IDS.data (d),
IDS.report_catalog (rc),
IDS.rrow (rr),
IDS.rcol (rc2),
IDS.company_data (cd)";d.data_value AS 70_GT_TIEN_CUOIKY;"rc.enterprise_type_cd = 'dn'
AND rc.report_cd LIKE 'BCLCTT_GT%'
AND rc2.col_desc = '1'
AND cd.report_year = :year
AND cd.report_quarter = :quarter
AND rr.row_desc = '70'";"SELECT
cd.company_profile_id,
rr.row_desc AS ma_chi_tieu,
rr.row_name_vi AS ten_chi_tieu,
d.data_value AS 70_GT_TIEN_CUOIKY
FROM IDS.data d
JOIN IDS.report_catalog rc ON d.report_catalog_id = rc.id
JOIN IDS.rrow rr ON rr.row_cd = d.row_cd
AND rr.report_catalog_id = d.report_catalog_id
JOIN IDS.rcol rc2 ON rc2.col_cd = d.col_cd
AND rc2.report_catalog_id = d.report_catalog_id
JOIN IDS.company_data cd ON d.company_data_id = cd.id
WHERE rc.enterprise_type_cd = 'dn'
AND rc.report_cd LIKE 'BCLCTT_GT%'
AND rc2.col_desc = '1'
AND cd.report_year = :year
AND cd.report_quarter = :quarter
AND rr.row_desc = '70'";;;;