kpi_id,tab,nhom,kpi_name,tinh_chat,source_module,mart_table,mart_column,column_role,logic,ghi_chu
K_GSDC_1,Dashboard tổng hợp chấm điểm phân loại CTDC,Nhóm 1 — Tổng hợp chấm điểm phân loại CTDC,Tuân thủ,Base,GSDC,Fact Public Company Risk Score Snapshot,Compliance Score,MEASURE,fct_public_company_risk_score_snpst.compliance_score,
K_GSDC_1,Dashboard tổng hợp chấm điểm phân loại CTDC,Nhóm 1 — Tổng hợp chấm điểm phân loại CTDC,Tuân thủ,Base,GSDC,Fact Public Company Risk Score Snapshot,Snapshot Date Dimension Id,FILTER,JOIN cdr_dt_dim ON cdr_dt_dim.cdr_dt_dim_id = fct_public_company_risk_score_snpst.snpst_dt_dim_id WHERE cdr_dt_dim.cdr_dt = :etl_date,
K_GSDC_2,Dashboard tổng hợp chấm điểm phân loại CTDC,Nhóm 1 — Tổng hợp chấm điểm phân loại CTDC,Phát hành,Base,GSDC,Fact Public Company Risk Score Snapshot,Issuance Score,MEASURE,fct_public_company_risk_score_snpst.issuance_score,
K_GSDC_3,Dashboard tổng hợp chấm điểm phân loại CTDC,Nhóm 1 — Tổng hợp chấm điểm phân loại CTDC,Tài chính,Base,GSDC,Fact Public Company Risk Score Snapshot,Financial Score,MEASURE,fct_public_company_risk_score_snpst.financial_score,
K_GSDC_4,Dashboard tổng hợp chấm điểm phân loại CTDC,Nhóm 1 — Tổng hợp chấm điểm phân loại CTDC,Phi tài chính & M-Score,Base,GSDC,Fact Public Company Risk Score Snapshot,Non Financial M Score,MEASURE,fct_public_company_risk_score_snpst.non_financial_m_score,
K_GSDC_5,Dashboard tổng hợp chấm điểm phân loại CTDC,Nhóm 1 — Tổng hợp chấm điểm phân loại CTDC,Xếp hạng tín nhiệm DN,Base,GSDC,Fact Public Company Risk Score Snapshot,Credit Rating Score,MEASURE,fct_public_company_risk_score_snpst.credit_rating_score,
K_GSDC_6,Dashboard tổng hợp chấm điểm phân loại CTDC,Nhóm 1 — Tổng hợp chấm điểm phân loại CTDC,Điểm,Base,GSDC,Fact Public Company Risk Score Snapshot,Total Score Percentage,MEASURE,fct_public_company_risk_score_snpst.total_score_percentage,
K_GSDC_7,Dashboard tổng hợp chấm điểm phân loại CTDC,Nhóm 1 — Tổng hợp chấm điểm phân loại CTDC,Mã CK doanh nghiệp,Chiều,GSDC,Public Company Dimension,Equity Ticker Symbol,SLICER,public_company_dim.equity_ticker_symbol,
K_GSDC_8,Dashboard tổng hợp chấm điểm phân loại CTDC,Nhóm 1 — Tổng hợp chấm điểm phân loại CTDC,Tên doanh nghiệp,Chiều,GSDC,Public Company Dimension,Public Company Name,SLICER,public_company_dim.public_company_nm,
K_GSDC_7,Dashboard tổng hợp chấm điểm phân loại CTDC,Nhóm 2 — Top CTDC theo chỉ tiêu tuân thủ,Mã CK doanh nghiệp,Chiều,GSDC,Public Company Dimension,Equity Ticker Symbol,SLICER,public_company_dim.equity_ticker_symbol,Reuse từ Nhóm 1
K_GSDC_8,Dashboard tổng hợp chấm điểm phân loại CTDC,Nhóm 2 — Top CTDC theo chỉ tiêu tuân thủ,Tên doanh nghiệp,Chiều,GSDC,Public Company Dimension,Public Company Name,SLICER,public_company_dim.public_company_nm,Reuse từ Nhóm 1
K_GSDC_9,Dashboard tổng hợp chấm điểm phân loại CTDC,Nhóm 2 — Top CTDC theo chỉ tiêu tuân thủ,Công bố BCTC,Base,GSDC,Fact Public Company Compliance Score Snapshot,Công bố BCTC,MEASURE,fct_public_company_compliance_score_snpst.disclosure_bctc_score,
K_GSDC_10,Dashboard tổng hợp chấm điểm phân loại CTDC,Nhóm 2 — Top CTDC theo chỉ tiêu tuân thủ,Công bố BCTN,Base,GSDC,Fact Public Company Compliance Score Snapshot,Công bố BCTN,MEASURE,fct_public_company_compliance_score_snpst.disclosure_bctn_score,
K_GSDC_11,Dashboard tổng hợp chấm điểm phân loại CTDC,Nhóm 2 — Top CTDC theo chỉ tiêu tuân thủ,Công bố báo cáo tình hình quản trị,Base,GSDC,Fact Public Company Compliance Score Snapshot,Công bố báo cáo tình hình quản trị,MEASURE,fct_public_company_compliance_score_snpst.disclosure_governance_report_score,
K_GSDC_12,Dashboard tổng hợp chấm điểm phân loại CTDC,Nhóm 2 — Top CTDC theo chỉ tiêu tuân thủ,Công bố thông tin Thay đổi TGĐ/CTHĐQT,Base,GSDC,Fact Public Company Compliance Score Snapshot,Công bố thông tin Thay đổi TGĐ/CTHĐQT,MEASURE,fct_public_company_compliance_score_snpst.disclosure_ceo_change_score,
K_GSDC_13,Dashboard tổng hợp chấm điểm phân loại CTDC,Nhóm 2 — Top CTDC theo chỉ tiêu tuân thủ,Vi phạm từ UBCKNN,Base,GSDC,Fact Public Company Compliance Score Snapshot,Vi phạm từ UBCKNN,MEASURE,fct_public_company_compliance_score_snpst.violation_ubck_score,
K_GSDC_14,Dashboard tổng hợp chấm điểm phân loại CTDC,Nhóm 2 — Top CTDC theo chỉ tiêu tuân thủ,Vi phạm từ các đơn vị khác,Base,GSDC,Fact Public Company Compliance Score Snapshot,Vi phạm từ các đơn vị khác,MEASURE,fct_public_company_compliance_score_snpst.violation_other_score,
K_GSDC_15,Dashboard tổng hợp chấm điểm phân loại CTDC,Nhóm 2 — Top CTDC theo chỉ tiêu tuân thủ,Điều lệ Công ty và Các Quy chế hoạt động,Base,GSDC,Fact Public Company Compliance Score Snapshot,Điều lệ Công ty và Các Quy chế hoạt động,MEASURE,fct_public_company_compliance_score_snpst.charter_regulation_score,
K_GSDC_16,Dashboard tổng hợp chấm điểm phân loại CTDC,Nhóm 2 — Top CTDC theo chỉ tiêu tuân thủ,Số lượng ĐHĐCĐ thường niên trong 6 tháng đầu năm,Base,GSDC,Fact Public Company Compliance Score Snapshot,Số lượng ĐHĐCĐ thường niên trong 6 tháng đầu năm,MEASURE,fct_public_company_compliance_score_snpst.annual_meeting_count_score,
K_GSDC_17,Dashboard tổng hợp chấm điểm phân loại CTDC,Nhóm 2 — Top CTDC theo chỉ tiêu tuân thủ,Số lượng thành viên HĐQT độc lập,Base,GSDC,Fact Public Company Compliance Score Snapshot,Số lượng thành viên HĐQT độc lập,MEASURE,fct_public_company_compliance_score_snpst.independent_board_member_count_score,
K_GSDC_18,Dashboard tổng hợp chấm điểm phân loại CTDC,Nhóm 2 — Top CTDC theo chỉ tiêu tuân thủ,Số lượng thành viên HĐQT không điều hành,Base,GSDC,Fact Public Company Compliance Score Snapshot,Số lượng thành viên HĐQT không điều hành,MEASURE,fct_public_company_compliance_score_snpst.non_executive_board_member_count_score,
K_GSDC_19,Dashboard tổng hợp chấm điểm phân loại CTDC,Nhóm 2 — Top CTDC theo chỉ tiêu tuân thủ,Tư cách thành viên HĐQT/BKS/Kế toán trưởng,Base,GSDC,Fact Public Company Compliance Score Snapshot,Tư cách thành viên HĐQT/BKS/Kế toán trưởng,MEASURE,fct_public_company_compliance_score_snpst.board_member_qualification_score,
K_GSDC_20,Dashboard tổng hợp chấm điểm phân loại CTDC,Nhóm 2 — Top CTDC theo chỉ tiêu tuân thủ,Số lượng thành viên BKS hoặc Ủy ban kiểm toán,Base,GSDC,Fact Public Company Compliance Score Snapshot,Số lượng thành viên BKS hoặc Ủy ban kiểm toán,MEASURE,fct_public_company_compliance_score_snpst.supervisory_board_count_score,
K_GSDC_21,Dashboard tổng hợp chấm điểm phân loại CTDC,Nhóm 2 — Top CTDC theo chỉ tiêu tuân thủ,Báo cáo tiến độ sử dụng vốn,Base,GSDC,Fact Public Company Compliance Score Snapshot,Báo cáo tiến độ sử dụng vốn,MEASURE,fct_public_company_compliance_score_snpst.capital_use_progress_report_score,
K_GSDC_22,Dashboard tổng hợp chấm điểm phân loại CTDC,Nhóm 2 — Top CTDC theo chỉ tiêu tuân thủ,Thay đổi phương án sử dụng vốn,Base,GSDC,Fact Public Company Compliance Score Snapshot,Thay đổi phương án sử dụng vốn,MEASURE,fct_public_company_compliance_score_snpst.capital_use_plan_change_score,
K_GSDC_23,Dashboard tổng hợp chấm điểm phân loại CTDC,Nhóm 2 — Top CTDC theo chỉ tiêu tuân thủ,Tổng điểm Tuân thủ,Base,GSDC,Fact Public Company Compliance Score Snapshot,Total Compliance Score,MEASURE,fct_public_company_compliance_score_snpst.total_compliance_score,
K_GSDC_9,Dashboard tổng hợp chấm điểm phân loại CTDC,Nhóm 2 — Top CTDC theo chỉ tiêu tuân thủ,Công bố BCTC,Base,GSDC,Fact Public Company Compliance Score Snapshot,Snapshot Date Dimension Id,FILTER,JOIN cdr_dt_dim ON cdr_dt_dim.cdr_dt_dim_id = fct_public_company_compliance_score_snpst.snpst_dt_dim_id WHERE cdr_dt_dim.cdr_dt = :etl_date,
K_GSDC_7,Dashboard tổng hợp chấm điểm phân loại CTDC,Nhóm 3 — Top CTDC theo chỉ tiêu phát hành,Mã doanh nghiệp,Chiều,GSDC,Public Company Dimension,Equity Ticker Symbol,SLICER,public_company_dim.equity_ticker_symbol,Reuse từ Nhóm 1
K_GSDC_8,Dashboard tổng hợp chấm điểm phân loại CTDC,Nhóm 3 — Top CTDC theo chỉ tiêu phát hành,Tên doanh nghiệp,Chiều,GSDC,Public Company Dimension,Public Company Name,SLICER,public_company_dim.public_company_nm,Reuse từ Nhóm 1
K_GSDC_24,Dashboard tổng hợp chấm điểm phân loại CTDC,Nhóm 3 — Top CTDC theo chỉ tiêu phát hành,Phát hành tăng vốn nhanh,Base,GSDC,Fact Public Company Issuance Score Snapshot,Phát hành tăng vốn nhanh,MEASURE,fct_public_company_issuance_score_snpst.rapid_capital_increase_score,
K_GSDC_25,Dashboard tổng hợp chấm điểm phân loại CTDC,Nhóm 3 — Top CTDC theo chỉ tiêu phát hành,Số lần chào bán cổ phiếu riêng lẻ,Base,GSDC,Fact Public Company Issuance Score Snapshot,Số lần chào bán cổ phiếu riêng lẻ,MEASURE,fct_public_company_issuance_score_snpst.private_placement_count_score,
K_GSDC_26,Dashboard tổng hợp chấm điểm phân loại CTDC,Nhóm 3 — Top CTDC theo chỉ tiêu phát hành,Số lần chào bán ra công chúng,Base,GSDC,Fact Public Company Issuance Score Snapshot,Số lần chào bán ra công chúng,MEASURE,fct_public_company_issuance_score_snpst.public_offering_count_score,
K_GSDC_27,Dashboard tổng hợp chấm điểm phân loại CTDC,Nhóm 3 — Top CTDC theo chỉ tiêu phát hành,Số lần phát hành ESOP,Base,GSDC,Fact Public Company Issuance Score Snapshot,Số lần phát hành ESOP,MEASURE,fct_public_company_issuance_score_snpst.esop_issuance_count_score,
K_GSDC_28,Dashboard tổng hợp chấm điểm phân loại CTDC,Nhóm 3 — Top CTDC theo chỉ tiêu phát hành,Tỷ lệ phát hành trái phiếu không có TSBĐ,Base,GSDC,Fact Public Company Issuance Score Snapshot,Tỷ lệ phát hành trái phiếu không có TSBĐ,MEASURE,fct_public_company_issuance_score_snpst.unsecured_bond_ratio_score,
K_GSDC_29,Dashboard tổng hợp chấm điểm phân loại CTDC,Nhóm 3 — Top CTDC theo chỉ tiêu phát hành,Xếp hạng tín nhiệm,Base,GSDC,Fact Public Company Issuance Score Snapshot,Xếp hạng tín nhiệm,MEASURE,fct_public_company_issuance_score_snpst.credit_rating_score_issuance,
K_GSDC_30,Dashboard tổng hợp chấm điểm phân loại CTDC,Nhóm 3 — Top CTDC theo chỉ tiêu phát hành,Dư nợ trái phiếu / Tổng VCSH,Base,GSDC,Fact Public Company Issuance Score Snapshot,Dư nợ trái phiếu / Tổng VCSH,MEASURE,fct_public_company_issuance_score_snpst.bond_debt_to_equity_score,
K_GSDC_31,Dashboard tổng hợp chấm điểm phân loại CTDC,Nhóm 3 — Top CTDC theo chỉ tiêu phát hành,Tổng điểm Phát hành,Base,GSDC,Fact Public Company Issuance Score Snapshot,Total Issuance Score,MEASURE,fct_public_company_issuance_score_snpst.total_issuance_score,
K_GSDC_24,Dashboard tổng hợp chấm điểm phân loại CTDC,Nhóm 3 — Top CTDC theo chỉ tiêu phát hành,Phát hành tăng vốn nhanh,Base,GSDC,Fact Public Company Issuance Score Snapshot,Snapshot Date Dimension Id,FILTER,JOIN cdr_dt_dim ON cdr_dt_dim.cdr_dt_dim_id = fct_public_company_issuance_score_snpst.snpst_dt_dim_id WHERE cdr_dt_dim.cdr_dt = :etl_date,
K_GSDC_7,Dashboard tổng hợp chấm điểm phân loại CTDC,Nhóm 4 — Top CTDC theo chỉ tiêu tài chính,Mã doanh nghiệp,Chiều,GSDC,Public Company Dimension,Equity Ticker Symbol,SLICER,public_company_dim.equity_ticker_symbol,Reuse từ Nhóm 1
K_GSDC_8,Dashboard tổng hợp chấm điểm phân loại CTDC,Nhóm 4 — Top CTDC theo chỉ tiêu tài chính,Tên doanh nghiệp,Chiều,GSDC,Public Company Dimension,Public Company Name,SLICER,public_company_dim.public_company_nm,Reuse từ Nhóm 1
K_GSDC_32,Dashboard tổng hợp chấm điểm phân loại CTDC,Nhóm 4 — Top CTDC theo chỉ tiêu tài chính,Kiểm toán — Ý kiến kiểm toán,Base,GSDC,Fact Public Company Financial Score Snapshot,Kiểm toán — Ý kiến kiểm toán,MEASURE,fct_public_company_financial_score_snpst.audit_opinion_score,
K_GSDC_33,Dashboard tổng hợp chấm điểm phân loại CTDC,Nhóm 4 — Top CTDC theo chỉ tiêu tài chính,ROA,Base,GSDC,Fact Public Company Financial Score Snapshot,ROA,MEASURE,fct_public_company_financial_score_snpst.roa_score,
K_GSDC_34,Dashboard tổng hợp chấm điểm phân loại CTDC,Nhóm 4 — Top CTDC theo chỉ tiêu tài chính,Dòng tiền từ hoạt động kinh doanh,Base,GSDC,Fact Public Company Financial Score Snapshot,Dòng tiền từ hoạt động kinh doanh,MEASURE,fct_public_company_financial_score_snpst.operating_cash_flow_score,
K_GSDC_35,Dashboard tổng hợp chấm điểm phân loại CTDC,Nhóm 4 — Top CTDC theo chỉ tiêu tài chính,Khả năng thanh toán hiện thời,Base,GSDC,Fact Public Company Financial Score Snapshot,Khả năng thanh toán hiện thời,MEASURE,fct_public_company_financial_score_snpst.current_ratio_score,
K_GSDC_36,Dashboard tổng hợp chấm điểm phân loại CTDC,Nhóm 4 — Top CTDC theo chỉ tiêu tài chính,EBIT / Lãi vay,Base,GSDC,Fact Public Company Financial Score Snapshot,EBIT / Lãi vay,MEASURE,fct_public_company_financial_score_snpst.ebit_interest_coverage_score,
K_GSDC_37,Dashboard tổng hợp chấm điểm phân loại CTDC,Nhóm 4 — Top CTDC theo chỉ tiêu tài chính,Nợ / VCSH,Base,GSDC,Fact Public Company Financial Score Snapshot,Nợ / VCSH,MEASURE,fct_public_company_financial_score_snpst.debt_to_equity_score,
K_GSDC_38,Dashboard tổng hợp chấm điểm phân loại CTDC,Nhóm 4 — Top CTDC theo chỉ tiêu tài chính,VCSH,Base,GSDC,Fact Public Company Financial Score Snapshot,VCSH,MEASURE,fct_public_company_financial_score_snpst.equity_score,
K_GSDC_39,Dashboard tổng hợp chấm điểm phân loại CTDC,Nhóm 4 — Top CTDC theo chỉ tiêu tài chính,ROE,Base,GSDC,Fact Public Company Financial Score Snapshot,ROE,MEASURE,fct_public_company_financial_score_snpst.roe_score,
K_GSDC_40,Dashboard tổng hợp chấm điểm phân loại CTDC,Nhóm 4 — Top CTDC theo chỉ tiêu tài chính,Doanh thu từ HĐ tài chính / Lợi nhuận sau thuế,Base,GSDC,Fact Public Company Financial Score Snapshot,Doanh thu từ HĐ tài chính / Lợi nhuận sau thuế,MEASURE,fct_public_company_financial_score_snpst.financial_revenue_to_profit_score,
K_GSDC_41,Dashboard tổng hợp chấm điểm phân loại CTDC,Nhóm 4 — Top CTDC theo chỉ tiêu tài chính,Doanh thu từ hoạt động khác / Lợi nhuận sau thuế,Base,GSDC,Fact Public Company Financial Score Snapshot,Doanh thu từ hoạt động khác / Lợi nhuận sau thuế,MEASURE,fct_public_company_financial_score_snpst.other_revenue_to_profit_score,
K_GSDC_42,Dashboard tổng hợp chấm điểm phân loại CTDC,Nhóm 4 — Top CTDC theo chỉ tiêu tài chính,Tổng điểm Tài chính,Base,GSDC,Fact Public Company Financial Score Snapshot,Total Financial Score,MEASURE,fct_public_company_financial_score_snpst.total_financial_score,
K_GSDC_32,Dashboard tổng hợp chấm điểm phân loại CTDC,Nhóm 4 — Top CTDC theo chỉ tiêu tài chính,Kiểm toán — Ý kiến kiểm toán,Base,GSDC,Fact Public Company Financial Score Snapshot,Snapshot Date Dimension Id,FILTER,JOIN cdr_dt_dim ON cdr_dt_dim.cdr_dt_dim_id = fct_public_company_financial_score_snpst.snpst_dt_dim_id WHERE cdr_dt_dim.cdr_dt = :etl_date,
K_GSDC_7,Dashboard tổng hợp chấm điểm phân loại CTDC,Nhóm 5 — Top CTDC theo chỉ tiêu phi tài chính & M-Score,Mã doanh nghiệp,Chiều,GSDC,Public Company Dimension,Equity Ticker Symbol,SLICER,public_company_dim.equity_ticker_symbol,Reuse từ Nhóm 1
K_GSDC_8,Dashboard tổng hợp chấm điểm phân loại CTDC,Nhóm 5 — Top CTDC theo chỉ tiêu phi tài chính & M-Score,Tên doanh nghiệp,Chiều,GSDC,Public Company Dimension,Public Company Name,SLICER,public_company_dim.public_company_nm,Reuse từ Nhóm 1
K_GSDC_43,Dashboard tổng hợp chấm điểm phân loại CTDC,Nhóm 5 — Top CTDC theo chỉ tiêu phi tài chính & M-Score,Tình trạng DN từ Cục Đăng ký kinh doanh,Base,GSDC,Fact Public Company Non-Financial Score Snapshot,Tình trạng DN từ Cục Đăng ký kinh doanh,MEASURE,fct_public_company_nonfinancial_score_snpst.business_registration_status_score,
K_GSDC_44,Dashboard tổng hợp chấm điểm phân loại CTDC,Nhóm 5 — Top CTDC theo chỉ tiêu phi tài chính & M-Score,M-Score,Base,GSDC,Fact Public Company Non-Financial Score Snapshot,M-Score,MEASURE,fct_public_company_nonfinancial_score_snpst.m_score,
K_GSDC_45,Dashboard tổng hợp chấm điểm phân loại CTDC,Nhóm 5 — Top CTDC theo chỉ tiêu phi tài chính & M-Score,Tổng điểm Phi tài chính & M-Score,Base,GSDC,Fact Public Company Non-Financial Score Snapshot,Total Non-Financial Score,MEASURE,fct_public_company_nonfinancial_score_snpst.total_nonfinancial_score,
K_GSDC_43,Dashboard tổng hợp chấm điểm phân loại CTDC,Nhóm 5 — Top CTDC theo chỉ tiêu phi tài chính & M-Score,Tình trạng DN từ Cục Đăng ký kinh doanh,Base,GSDC,Fact Public Company Non-Financial Score Snapshot,Snapshot Date Dimension Id,FILTER,JOIN cdr_dt_dim ON cdr_dt_dim.cdr_dt_dim_id = fct_public_company_nonfinancial_score_snpst.snpst_dt_dim_id WHERE cdr_dt_dim.cdr_dt = :etl_date,
K_GSDC_46,Dashboard Giám sát Tổng hợp,Nhóm 6 — Thống kê niêm yết toàn thị trường,Kỳ thống kê (Năm/Quý),Chiều,GSDC,,,SLICER,:year AND :quarter,"Tham số UI thuần, không map bảng"
K_GSDC_47,Dashboard Giám sát Tổng hợp,Nhóm 6 — Thống kê niêm yết toàn thị trường,Số doanh nghiệp,Phái sinh,GSDC,Public Company Dimension,Ids Registration Date,MEASURE,COUNT(DISTINCT public_company_dim.public_company_dim_id),
K_GSDC_47,Dashboard Giám sát Tổng hợp,Nhóm 6 — Thống kê niêm yết toàn thị trường,Số doanh nghiệp,Phái sinh,GSDC,Public Company Dimension,Ids Registration Date,FILTER,public_company_dim.ids_registration_dt <= :end_of_period,
K_GSDC_48,Dashboard Giám sát Tổng hợp,Nhóm 6 — Thống kê niêm yết toàn thị trường,Tỷ lệ nộp BCTC,Phái sinh,GSDC,,,DERIVED,"SUM(fct_violation_rpt_snpst.rpt_submitted_count) / NULLIF(SUM(fct_violation_rpt_snpst.rpt_due_count), 0) * 100 | rpt_year=:p_nam | rpt_quarter=:p_quy OR :p_quy IS NULL",
K_GSDC_48,Dashboard Giám sát Tổng hợp,Nhóm 6 — Thống kê niêm yết toàn thị trường,Tỷ lệ nộp BCTC — Report Due Count,Phái sinh,GSDC,Fact Violation Report Snapshot,Report Due Count,MEASURE,fct_violation_rpt_snpst.rpt_due_count,Input cho DERIVED K_GSDC_48
K_GSDC_48,Dashboard Giám sát Tổng hợp,Nhóm 6 — Thống kê niêm yết toàn thị trường,Tỷ lệ nộp BCTC — Report Submitted Count,Phái sinh,GSDC,Fact Violation Report Snapshot,Report Submitted Count,MEASURE,fct_violation_rpt_snpst.rpt_submitted_count,Input cho DERIVED K_GSDC_48
K_GSDC_48,Dashboard Giám sát Tổng hợp,Nhóm 6 — Thống kê niêm yết toàn thị trường,Tỷ lệ nộp BCTC — kỳ,Phái sinh,GSDC,Fact Violation Report Snapshot,Report Year,FILTER,fct_violation_rpt_snpst.rpt_year = :p_nam AND (fct_violation_rpt_snpst.rpt_quarter = :p_quy OR :p_quy IS NULL),
K_GSDC_49,Dashboard Giám sát Tổng hợp,Nhóm 6 — Thống kê niêm yết toàn thị trường,Số DN báo lãi,Phái sinh,GSDC,Fact Violation Report Snapshot,Profitable Indicator,MEASURE,COUNT(DISTINCT CASE WHEN fct_violation_rpt_snpst.profitable_indicator = 1 THEN fct_violation_rpt_snpst.public_company_dim_id END),
K_GSDC_50,Dashboard Giám sát Tổng hợp,Nhóm 7 — Tổng hợp chỉ tiêu tài chính toàn thị trường,Tổng tài sản,Phái sinh,GSDC,Fact Public Company Financial Report Value,Data Value,MEASURE,SUM(fct_public_company_financial_rpt_val.data_val),
K_GSDC_50,Dashboard Giám sát Tổng hợp,Nhóm 7 — Tổng hợp chỉ tiêu tài chính toàn thị trường,Tổng tài sản,Phái sinh,GSDC,Financial Report Catalog Dimension,Row Description Reference,FILTER,"JOIN financial_rpt_catalog_dim ON financial_rpt_catalog_dim.financial_rpt_catalog_dim_id = fct_public_company_financial_rpt_val.financial_rpt_catalog_dim_id WHERE ((financial_rpt_catalog_dim.enterprise_tp_code IN ('dn','bh') AND financial_rpt_catalog_dim.row_description_reference = '270') OR (financial_rpt_catalog_dim.enterprise_tp_code = 'td' AND financial_rpt_catalog_dim.row_description_reference = '300')) AND financial_rpt_catalog_dim.column_description_reference = '1'",
K_GSDC_50,Dashboard Giám sát Tổng hợp,Nhóm 7 — Tổng hợp chỉ tiêu tài chính toàn thị trường,Tổng tài sản,Phái sinh,GSDC,Fact Public Company Financial Report Value,Report Year,FILTER,fct_public_company_financial_rpt_val.rpt_year = :year AND fct_public_company_financial_rpt_val.rpt_quarter = :quarter,
K_GSDC_51,Dashboard Giám sát Tổng hợp,Nhóm 7 — Tổng hợp chỉ tiêu tài chính toàn thị trường,Nợ phải trả,Phái sinh,GSDC,Fact Public Company Financial Report Value,Data Value,MEASURE,SUM(fct_public_company_financial_rpt_val.data_val),
K_GSDC_51,Dashboard Giám sát Tổng hợp,Nhóm 7 — Tổng hợp chỉ tiêu tài chính toàn thị trường,Nợ phải trả,Phái sinh,GSDC,Financial Report Catalog Dimension,Row Description Reference,FILTER,"JOIN financial_rpt_catalog_dim ON financial_rpt_catalog_dim.financial_rpt_catalog_dim_id = fct_public_company_financial_rpt_val.financial_rpt_catalog_dim_id WHERE ((financial_rpt_catalog_dim.enterprise_tp_code IN ('dn','bh') AND financial_rpt_catalog_dim.row_description_reference = '300') OR (financial_rpt_catalog_dim.enterprise_tp_code = 'td' AND financial_rpt_catalog_dim.row_description_reference = '400')) AND financial_rpt_catalog_dim.column_description_reference = '1'",
K_GSDC_51,Dashboard Giám sát Tổng hợp,Nhóm 7 — Tổng hợp chỉ tiêu tài chính toàn thị trường,Nợ phải trả,Phái sinh,GSDC,Fact Public Company Financial Report Value,Report Year,FILTER,fct_public_company_financial_rpt_val.rpt_year = :year AND fct_public_company_financial_rpt_val.rpt_quarter = :quarter,
K_GSDC_52,Dashboard Giám sát Tổng hợp,Nhóm 7 — Tổng hợp chỉ tiêu tài chính toàn thị trường,Vốn CSH,Phái sinh,GSDC,Fact Public Company Financial Report Value,Data Value,MEASURE,SUM(fct_public_company_financial_rpt_val.data_val),
K_GSDC_52,Dashboard Giám sát Tổng hợp,Nhóm 7 — Tổng hợp chỉ tiêu tài chính toàn thị trường,Vốn CSH,Phái sinh,GSDC,Financial Report Catalog Dimension,Row Description Reference,FILTER,"JOIN financial_rpt_catalog_dim ON financial_rpt_catalog_dim.financial_rpt_catalog_dim_id = fct_public_company_financial_rpt_val.financial_rpt_catalog_dim_id WHERE ((financial_rpt_catalog_dim.enterprise_tp_code IN ('dn','bh') AND financial_rpt_catalog_dim.row_description_reference = '400') OR (financial_rpt_catalog_dim.enterprise_tp_code = 'td' AND financial_rpt_catalog_dim.row_description_reference = '500')) AND financial_rpt_catalog_dim.column_description_reference = '1'",
K_GSDC_52,Dashboard Giám sát Tổng hợp,Nhóm 7 — Tổng hợp chỉ tiêu tài chính toàn thị trường,Vốn CSH,Phái sinh,GSDC,Fact Public Company Financial Report Value,Report Year,FILTER,fct_public_company_financial_rpt_val.rpt_year = :year AND fct_public_company_financial_rpt_val.rpt_quarter = :quarter,
K_GSDC_53,Dashboard Giám sát Tổng hợp,Nhóm 7 — Tổng hợp chỉ tiêu tài chính toàn thị trường,Vốn điều lệ,Phái sinh,GSDC,Fact Public Company Financial Report Value,Data Value,MEASURE,SUM(fct_public_company_financial_rpt_val.data_val),
K_GSDC_53,Dashboard Giám sát Tổng hợp,Nhóm 7 — Tổng hợp chỉ tiêu tài chính toàn thị trường,Vốn điều lệ,Phái sinh,GSDC,Financial Report Catalog Dimension,Row Description Reference,FILTER,JOIN financial_rpt_catalog_dim ON financial_rpt_catalog_dim.financial_rpt_catalog_dim_id = fct_public_company_financial_rpt_val.financial_rpt_catalog_dim_id WHERE financial_rpt_catalog_dim.row_description_reference IN ('411') AND financial_rpt_catalog_dim.column_description_reference = '1',
K_GSDC_53,Dashboard Giám sát Tổng hợp,Nhóm 7 — Tổng hợp chỉ tiêu tài chính toàn thị trường,Vốn điều lệ,Phái sinh,GSDC,Fact Public Company Financial Report Value,Report Year,FILTER,fct_public_company_financial_rpt_val.rpt_year = :year AND fct_public_company_financial_rpt_val.rpt_quarter = :quarter,
K_GSDC_54,Dashboard Giám sát Tổng hợp,Nhóm 7 — Tổng hợp chỉ tiêu tài chính toàn thị trường,Lợi nhuận sau thuế,Phái sinh,GSDC,Fact Public Company Financial Report Value,Data Value,MEASURE,SUM(fct_public_company_financial_rpt_val.data_val),
K_GSDC_54,Dashboard Giám sát Tổng hợp,Nhóm 7 — Tổng hợp chỉ tiêu tài chính toàn thị trường,Lợi nhuận sau thuế,Phái sinh,GSDC,Financial Report Catalog Dimension,Row Description Reference,FILTER,"JOIN financial_rpt_catalog_dim ON financial_rpt_catalog_dim.financial_rpt_catalog_dim_id = fct_public_company_financial_rpt_val.financial_rpt_catalog_dim_id WHERE ((financial_rpt_catalog_dim.enterprise_tp_code IN ('dn','bh') AND financial_rpt_catalog_dim.row_description_reference = '60') OR (financial_rpt_catalog_dim.enterprise_tp_code = 'td' AND financial_rpt_catalog_dim.row_description_reference = '21')) AND financial_rpt_catalog_dim.column_description_reference = '1'",
K_GSDC_54,Dashboard Giám sát Tổng hợp,Nhóm 7 — Tổng hợp chỉ tiêu tài chính toàn thị trường,Lợi nhuận sau thuế,Phái sinh,GSDC,Fact Public Company Financial Report Value,Report Year,FILTER,fct_public_company_financial_rpt_val.rpt_year = :year AND fct_public_company_financial_rpt_val.rpt_quarter = :quarter,
K_GSDC_57,Dashboard Giám sát Tổng hợp,Nhóm 7 — Tổng hợp chỉ tiêu tài chính toàn thị trường,Hàng tồn kho,Phái sinh,GSDC,Fact Public Company Financial Report Value,Data Value,MEASURE,SUM(fct_public_company_financial_rpt_val.data_val),
K_GSDC_57,Dashboard Giám sát Tổng hợp,Nhóm 7 — Tổng hợp chỉ tiêu tài chính toàn thị trường,Hàng tồn kho,Phái sinh,GSDC,Financial Report Catalog Dimension,Row Description Reference,FILTER,JOIN financial_rpt_catalog_dim ON financial_rpt_catalog_dim.financial_rpt_catalog_dim_id = fct_public_company_financial_rpt_val.financial_rpt_catalog_dim_id WHERE financial_rpt_catalog_dim.row_description_reference IN ('140') AND financial_rpt_catalog_dim.column_description_reference = '1',
K_GSDC_57,Dashboard Giám sát Tổng hợp,Nhóm 7 — Tổng hợp chỉ tiêu tài chính toàn thị trường,Hàng tồn kho,Phái sinh,GSDC,Fact Public Company Financial Report Value,Report Year,FILTER,fct_public_company_financial_rpt_val.rpt_year = :year AND fct_public_company_financial_rpt_val.rpt_quarter = :quarter,
K_GSDC_58,Dashboard Giám sát Tổng hợp,Nhóm 7 — Tổng hợp chỉ tiêu tài chính toàn thị trường,Doanh thu thuần,Phái sinh,GSDC,Fact Public Company Financial Report Value,Data Value,MEASURE,SUM(fct_public_company_financial_rpt_val.data_val),
K_GSDC_58,Dashboard Giám sát Tổng hợp,Nhóm 7 — Tổng hợp chỉ tiêu tài chính toàn thị trường,Doanh thu thuần,Phái sinh,GSDC,Financial Report Catalog Dimension,Row Description Reference,FILTER,"JOIN financial_rpt_catalog_dim ON financial_rpt_catalog_dim.financial_rpt_catalog_dim_id = fct_public_company_financial_rpt_val.financial_rpt_catalog_dim_id WHERE ((financial_rpt_catalog_dim.enterprise_tp_code IN ('dn','bh') AND financial_rpt_catalog_dim.row_description_reference = '10') OR (financial_rpt_catalog_dim.enterprise_tp_code = 'td' AND financial_rpt_catalog_dim.row_description_reference = '03')) AND financial_rpt_catalog_dim.column_description_reference = '1'",
K_GSDC_58,Dashboard Giám sát Tổng hợp,Nhóm 7 — Tổng hợp chỉ tiêu tài chính toàn thị trường,Doanh thu thuần,Phái sinh,GSDC,Fact Public Company Financial Report Value,Report Year,FILTER,fct_public_company_financial_rpt_val.rpt_year = :year AND fct_public_company_financial_rpt_val.rpt_quarter = :quarter,
K_GSDC_59,Dashboard Giám sát Tổng hợp,Nhóm 7 — Tổng hợp chỉ tiêu tài chính toàn thị trường,Lợi nhuận dồn tích YTD,Phái sinh,GSDC,Fact Public Company Financial Report Value,Data Value,MEASURE,SUM(fct_public_company_financial_rpt_val.data_val),
K_GSDC_59,Dashboard Giám sát Tổng hợp,Nhóm 7 — Tổng hợp chỉ tiêu tài chính toàn thị trường,Lợi nhuận dồn tích YTD,Phái sinh,GSDC,Financial Report Catalog Dimension,Row Description Reference,FILTER,JOIN financial_rpt_catalog_dim ON financial_rpt_catalog_dim.financial_rpt_catalog_dim_id = fct_public_company_financial_rpt_val.financial_rpt_catalog_dim_id WHERE financial_rpt_catalog_dim.row_description_reference IN ('421') AND financial_rpt_catalog_dim.column_description_reference = '1',
K_GSDC_59,Dashboard Giám sát Tổng hợp,Nhóm 7 — Tổng hợp chỉ tiêu tài chính toàn thị trường,Lợi nhuận dồn tích YTD,Phái sinh,GSDC,Fact Public Company Financial Report Value,Report Year,FILTER,fct_public_company_financial_rpt_val.rpt_year = :year AND fct_public_company_financial_rpt_val.rpt_quarter = :quarter,
K_GSDC_60,Dashboard Giám sát Tổng hợp,Nhóm 7 — Tổng hợp chỉ tiêu tài chính toàn thị trường,Phải thu,Phái sinh,GSDC,Fact Public Company Financial Report Value,Data Value,MEASURE,SUM(fct_public_company_financial_rpt_val.data_val),
K_GSDC_60,Dashboard Giám sát Tổng hợp,Nhóm 7 — Tổng hợp chỉ tiêu tài chính toàn thị trường,Phải thu,Phái sinh,GSDC,Financial Report Catalog Dimension,Row Description Reference,FILTER,"JOIN financial_rpt_catalog_dim ON financial_rpt_catalog_dim.financial_rpt_catalog_dim_id = fct_public_company_financial_rpt_val.financial_rpt_catalog_dim_id WHERE ((financial_rpt_catalog_dim.enterprise_tp_code IN ('dn','bh') AND financial_rpt_catalog_dim.row_description_reference IN ('130','210')) OR (financial_rpt_catalog_dim.enterprise_tp_code = 'td' AND financial_rpt_catalog_dim.row_description_reference = '251')) AND financial_rpt_catalog_dim.column_description_reference = '1'",
K_GSDC_60,Dashboard Giám sát Tổng hợp,Nhóm 7 — Tổng hợp chỉ tiêu tài chính toàn thị trường,Phải thu,Phái sinh,GSDC,Fact Public Company Financial Report Value,Report Year,FILTER,fct_public_company_financial_rpt_val.rpt_year = :year AND fct_public_company_financial_rpt_val.rpt_quarter = :quarter,
K_GSDC_61,Dashboard Giám sát Tổng hợp,Nhóm 7 — Tổng hợp chỉ tiêu tài chính toàn thị trường,Tiền và tương đương tiền,Phái sinh,GSDC,Fact Public Company Financial Report Value,Data Value,MEASURE,SUM(fct_public_company_financial_rpt_val.data_val),
K_GSDC_61,Dashboard Giám sát Tổng hợp,Nhóm 7 — Tổng hợp chỉ tiêu tài chính toàn thị trường,Tiền và tương đương tiền,Phái sinh,GSDC,Financial Report Catalog Dimension,Row Description Reference,FILTER,"JOIN financial_rpt_catalog_dim ON financial_rpt_catalog_dim.financial_rpt_catalog_dim_id = fct_public_company_financial_rpt_val.financial_rpt_catalog_dim_id WHERE ((financial_rpt_catalog_dim.enterprise_tp_code IN ('dn','bh') AND financial_rpt_catalog_dim.row_description_reference = '110') OR (financial_rpt_catalog_dim.enterprise_tp_code = 'td' AND financial_rpt_catalog_dim.row_description_reference IN ('110','120'))) AND financial_rpt_catalog_dim.column_description_reference = '1'",
K_GSDC_61,Dashboard Giám sát Tổng hợp,Nhóm 7 — Tổng hợp chỉ tiêu tài chính toàn thị trường,Tiền và tương đương tiền,Phái sinh,GSDC,Fact Public Company Financial Report Value,Report Year,FILTER,fct_public_company_financial_rpt_val.rpt_year = :year AND fct_public_company_financial_rpt_val.rpt_quarter = :quarter,
K_GSDC_50_YOY,Dashboard Giám sát Tổng hợp,Nhóm 7 — Tổng hợp chỉ tiêu tài chính toàn thị trường,Tổng tài sản — YoY,Phái sinh,GSDC,,,DERIVED,"(giá trị kỳ N - giá trị cùng kỳ năm trước) / giá trị cùng kỳ năm trước × 100 | 2 dòng cùng Row/Column Code, khác Report Year, cùng Report Quarter","Refer KPI ID vì YoY — cần presentation layer resolve, dựa trên K_GSDC_50"
K_GSDC_51_YOY,Dashboard Giám sát Tổng hợp,Nhóm 7 — Tổng hợp chỉ tiêu tài chính toàn thị trường,Nợ phải trả — YoY,Phái sinh,GSDC,,,DERIVED,"(giá trị kỳ N - giá trị cùng kỳ năm trước) / giá trị cùng kỳ năm trước × 100 | 2 dòng cùng Row/Column Code, khác Report Year, cùng Report Quarter","Refer KPI ID vì YoY — cần presentation layer resolve, dựa trên K_GSDC_51"
K_GSDC_52_YOY,Dashboard Giám sát Tổng hợp,Nhóm 7 — Tổng hợp chỉ tiêu tài chính toàn thị trường,Vốn CSH — YoY,Phái sinh,GSDC,,,DERIVED,"(giá trị kỳ N - giá trị cùng kỳ năm trước) / giá trị cùng kỳ năm trước × 100 | 2 dòng cùng Row/Column Code, khác Report Year, cùng Report Quarter","Refer KPI ID vì YoY — cần presentation layer resolve, dựa trên K_GSDC_52"
K_GSDC_53_YOY,Dashboard Giám sát Tổng hợp,Nhóm 7 — Tổng hợp chỉ tiêu tài chính toàn thị trường,Vốn điều lệ — YoY,Phái sinh,GSDC,,,DERIVED,"(giá trị kỳ N - giá trị cùng kỳ năm trước) / giá trị cùng kỳ năm trước × 100 | 2 dòng cùng Row/Column Code, khác Report Year, cùng Report Quarter","Refer KPI ID vì YoY — cần presentation layer resolve, dựa trên K_GSDC_53"
K_GSDC_54_YOY,Dashboard Giám sát Tổng hợp,Nhóm 7 — Tổng hợp chỉ tiêu tài chính toàn thị trường,LNST — YoY,Phái sinh,GSDC,,,DERIVED,"(giá trị kỳ N - giá trị cùng kỳ năm trước) / giá trị cùng kỳ năm trước × 100 | 2 dòng cùng Row/Column Code, khác Report Year, cùng Report Quarter","Refer KPI ID vì YoY — cần presentation layer resolve, dựa trên K_GSDC_54"
K_GSDC_57_YOY,Dashboard Giám sát Tổng hợp,Nhóm 7 — Tổng hợp chỉ tiêu tài chính toàn thị trường,Hàng tồn kho — YoY,Phái sinh,GSDC,,,DERIVED,"(giá trị kỳ N - giá trị cùng kỳ năm trước) / giá trị cùng kỳ năm trước × 100 | 2 dòng cùng Row/Column Code, khác Report Year, cùng Report Quarter","Refer KPI ID vì YoY — cần presentation layer resolve, dựa trên K_GSDC_57"
K_GSDC_58_YOY,Dashboard Giám sát Tổng hợp,Nhóm 7 — Tổng hợp chỉ tiêu tài chính toàn thị trường,Doanh thu — YoY,Phái sinh,GSDC,,,DERIVED,"(giá trị kỳ N - giá trị cùng kỳ năm trước) / giá trị cùng kỳ năm trước × 100 | 2 dòng cùng Row/Column Code, khác Report Year, cùng Report Quarter","Refer KPI ID vì YoY — cần presentation layer resolve, dựa trên K_GSDC_58"
K_GSDC_59_YOY,Dashboard Giám sát Tổng hợp,Nhóm 7 — Tổng hợp chỉ tiêu tài chính toàn thị trường,LN YTD — YoY,Phái sinh,GSDC,,,DERIVED,"(giá trị kỳ N - giá trị cùng kỳ năm trước) / giá trị cùng kỳ năm trước × 100 | 2 dòng cùng Row/Column Code, khác Report Year, cùng Report Quarter","Refer KPI ID vì YoY — cần presentation layer resolve, dựa trên K_GSDC_59"
K_GSDC_60_YOY,Dashboard Giám sát Tổng hợp,Nhóm 7 — Tổng hợp chỉ tiêu tài chính toàn thị trường,Phải thu — YoY,Phái sinh,GSDC,,,DERIVED,"(giá trị kỳ N - giá trị cùng kỳ năm trước) / giá trị cùng kỳ năm trước × 100 | 2 dòng cùng Row/Column Code, khác Report Year, cùng Report Quarter","Refer KPI ID vì YoY — cần presentation layer resolve, dựa trên K_GSDC_60"
K_GSDC_61_YOY,Dashboard Giám sát Tổng hợp,Nhóm 7 — Tổng hợp chỉ tiêu tài chính toàn thị trường,Tiền TĐT — YoY,Phái sinh,GSDC,,,DERIVED,"(giá trị kỳ N - giá trị cùng kỳ năm trước) / giá trị cùng kỳ năm trước × 100 | 2 dòng cùng Row/Column Code, khác Report Year, cùng Report Quarter","Refer KPI ID vì YoY — cần presentation layer resolve, dựa trên K_GSDC_61"
K_GSDC_55,Dashboard Giám sát Tổng hợp,Nhóm 7 — Tổng hợp chỉ tiêu tài chính toàn thị trường,ROA,Phái sinh,GSDC,Fact Public Company Financial Report Value,Data Value,MEASURE,SUM(fct_public_company_financial_rpt_val.data_val),"TSBQ input (Row 270/270/300, Column 1+2 bình quân)"
K_GSDC_55,Dashboard Giám sát Tổng hợp,Nhóm 7 — Tổng hợp chỉ tiêu tài chính toàn thị trường,ROA,Phái sinh,GSDC,Financial Report Catalog Dimension,Row Description Reference,FILTER,"JOIN financial_rpt_catalog_dim ON financial_rpt_catalog_dim.financial_rpt_catalog_dim_id = fct_public_company_financial_rpt_val.financial_rpt_catalog_dim_id WHERE ((financial_rpt_catalog_dim.enterprise_tp_code IN ('dn','bh') AND financial_rpt_catalog_dim.row_description_reference = '270') OR (financial_rpt_catalog_dim.enterprise_tp_code = 'td' AND financial_rpt_catalog_dim.row_description_reference = '300')) AND financial_rpt_catalog_dim.column_description_reference IN ('1','2')",
K_GSDC_55,Dashboard Giám sát Tổng hợp,Nhóm 7 — Tổng hợp chỉ tiêu tài chính toàn thị trường,ROA,Phái sinh,GSDC,,,DERIVED,"SUM(fct_public_company_financial_rpt_val.data_val | LNST row 60/60/21) / NULLIF(SUM((NVL(TSBQ_col2, TSBQ_col1) + NVL(TSBQ_col1, TSBQ_col2)) / 2), 0) * 100 | TSBQ_col1/col2 = fct_public_company_financial_rpt_val.data_val row 270/270/300, col_desc=1 (cuối kỳ)/2 (đầu kỳ) — nếu 1 vế null thì lấy vế còn lại làm cả 2, cả 2 null thì ROA=null",
K_GSDC_55_YOY,Dashboard Giám sát Tổng hợp,Nhóm 7 — Tổng hợp chỉ tiêu tài chính toàn thị trường,ROA — YoY,Phái sinh,GSDC,,,DERIVED,(ROA kỳ N - ROA cùng kỳ năm trước) / ROA cùng kỳ năm trước × 100,"Refer KPI ID vì YoY — cần presentation layer resolve, dựa trên K_GSDC_55"
K_GSDC_56,Dashboard Giám sát Tổng hợp,Nhóm 7 — Tổng hợp chỉ tiêu tài chính toàn thị trường,ROE,Phái sinh,GSDC,Fact Public Company Financial Report Value,Data Value,MEASURE,SUM(fct_public_company_financial_rpt_val.data_val),"VCSHBQ input (Row 400/400/500, Column 1+2 bình quân)"
K_GSDC_56,Dashboard Giám sát Tổng hợp,Nhóm 7 — Tổng hợp chỉ tiêu tài chính toàn thị trường,ROE,Phái sinh,GSDC,Financial Report Catalog Dimension,Row Description Reference,FILTER,"JOIN financial_rpt_catalog_dim ON financial_rpt_catalog_dim.financial_rpt_catalog_dim_id = fct_public_company_financial_rpt_val.financial_rpt_catalog_dim_id WHERE ((financial_rpt_catalog_dim.enterprise_tp_code IN ('dn','bh') AND financial_rpt_catalog_dim.row_description_reference = '400') OR (financial_rpt_catalog_dim.enterprise_tp_code = 'td' AND financial_rpt_catalog_dim.row_description_reference = '500')) AND financial_rpt_catalog_dim.column_description_reference IN ('1','2')",
K_GSDC_56,Dashboard Giám sát Tổng hợp,Nhóm 7 — Tổng hợp chỉ tiêu tài chính toàn thị trường,ROE,Phái sinh,GSDC,,,DERIVED,"SUM(fct_public_company_financial_rpt_val.data_val | LNST row 60/60/21) / NULLIF(SUM((NVL(VCSHBQ_col2, VCSHBQ_col1) + NVL(VCSHBQ_col1, VCSHBQ_col2)) / 2), 0) * 100 | VCSHBQ_col1/col2 = fct_public_company_financial_rpt_val.data_val row 400/400/500, col_desc=1 (cuối kỳ)/2 (đầu kỳ) — nếu 1 vế null thì lấy vế còn lại làm cả 2, cả 2 null thì ROE=null",
K_GSDC_56_YOY,Dashboard Giám sát Tổng hợp,Nhóm 7 — Tổng hợp chỉ tiêu tài chính toàn thị trường,ROE — YoY,Phái sinh,GSDC,,,DERIVED,(ROE kỳ N - ROE cùng kỳ năm trước) / ROE cùng kỳ năm trước × 100,"Refer KPI ID vì YoY — cần presentation layer resolve, dựa trên K_GSDC_56"
K_GSDC_62,Dashboard Giám sát Tổng hợp,Nhóm 7 — Tổng hợp chỉ tiêu tài chính toàn thị trường,Nợ / Vốn CSH,Phái sinh,GSDC,,,DERIVED,"SUM(fct_public_company_financial_rpt_val.data_val | Nợ row 300(dn/bh)/400(td)) / NULLIF(SUM(fct_public_company_financial_rpt_val.data_val | VCSH row 400(dn/bh)/500(td)), 0)",
K_GSDC_62_YOY,Dashboard Giám sát Tổng hợp,Nhóm 7 — Tổng hợp chỉ tiêu tài chính toàn thị trường,Nợ/Vốn CSH — YoY,Phái sinh,GSDC,,,DERIVED,(Nợ/VCSH kỳ N - Nợ/VCSH cùng kỳ năm trước) / Nợ/VCSH cùng kỳ năm trước × 100,"Refer KPI ID vì YoY — cần presentation layer resolve, dựa trên K_GSDC_62"
K_GSDC_63,Dashboard Giám sát Tổng hợp,Nhóm 8 — Tổng hợp chỉ tiêu tài chính & thống kê ngành (toàn thị trường),Ngành kinh tế,Chiều,GSDC,Public Company Dimension,Business Line Level 1 Code,GROUP_BY,public_company_dim.business_line_level_1_code,
K_GSDC_64,Dashboard Giám sát Tổng hợp,Nhóm 8 — Tổng hợp chỉ tiêu tài chính & thống kê ngành (toàn thị trường),Tổng tài sản theo ngành,Phái sinh,GSDC,Fact Public Company Financial Report Value,Data Value,MEASURE,SUM(fct_public_company_financial_rpt_val.data_val),"reuse Fact/Dim Nhóm 7, GROUP BY thêm business_line_level_1_code"
K_GSDC_64,Dashboard Giám sát Tổng hợp,Nhóm 8 — Tổng hợp chỉ tiêu tài chính & thống kê ngành (toàn thị trường),Tổng tài sản theo ngành,Phái sinh,GSDC,Fact Public Company Financial Report Value,Data Value,FILTER,"JOIN financial_rpt_catalog_dim ON financial_rpt_catalog_dim.financial_rpt_catalog_dim_id = fct_public_company_financial_rpt_val.financial_rpt_catalog_dim_id WHERE ((financial_rpt_catalog_dim.enterprise_tp_code IN ('dn','bh') AND financial_rpt_catalog_dim.row_description_reference = '270') OR (financial_rpt_catalog_dim.enterprise_tp_code = 'td' AND financial_rpt_catalog_dim.row_description_reference = '300')) AND financial_rpt_catalog_dim.column_description_reference = '1'",
K_GSDC_64,Dashboard Giám sát Tổng hợp,Nhóm 8 — Tổng hợp chỉ tiêu tài chính & thống kê ngành (toàn thị trường),Tổng tài sản theo ngành,Phái sinh,GSDC,Fact Public Company Financial Report Value,Data Value,FILTER,fct_public_company_financial_rpt_val.rpt_year = :year AND fct_public_company_financial_rpt_val.rpt_quarter = :quarter,
K_GSDC_65,Dashboard Giám sát Tổng hợp,Nhóm 8 — Tổng hợp chỉ tiêu tài chính & thống kê ngành (toàn thị trường),Nợ phải trả theo ngành,Phái sinh,GSDC,Fact Public Company Financial Report Value,Data Value,MEASURE,SUM(fct_public_company_financial_rpt_val.data_val),"reuse Fact/Dim Nhóm 7, GROUP BY thêm business_line_level_1_code"
K_GSDC_65,Dashboard Giám sát Tổng hợp,Nhóm 8 — Tổng hợp chỉ tiêu tài chính & thống kê ngành (toàn thị trường),Nợ phải trả theo ngành,Phái sinh,GSDC,Fact Public Company Financial Report Value,Data Value,FILTER,"JOIN financial_rpt_catalog_dim ON financial_rpt_catalog_dim.financial_rpt_catalog_dim_id = fct_public_company_financial_rpt_val.financial_rpt_catalog_dim_id WHERE ((financial_rpt_catalog_dim.enterprise_tp_code IN ('dn','bh') AND financial_rpt_catalog_dim.row_description_reference = '300') OR (financial_rpt_catalog_dim.enterprise_tp_code = 'td' AND financial_rpt_catalog_dim.row_description_reference = '400')) AND financial_rpt_catalog_dim.column_description_reference = '1'",
K_GSDC_65,Dashboard Giám sát Tổng hợp,Nhóm 8 — Tổng hợp chỉ tiêu tài chính & thống kê ngành (toàn thị trường),Nợ phải trả theo ngành,Phái sinh,GSDC,Fact Public Company Financial Report Value,Data Value,FILTER,fct_public_company_financial_rpt_val.rpt_year = :year AND fct_public_company_financial_rpt_val.rpt_quarter = :quarter,
K_GSDC_66,Dashboard Giám sát Tổng hợp,Nhóm 8 — Tổng hợp chỉ tiêu tài chính & thống kê ngành (toàn thị trường),Vốn CSH theo ngành,Phái sinh,GSDC,Fact Public Company Financial Report Value,Data Value,MEASURE,SUM(fct_public_company_financial_rpt_val.data_val),"reuse Fact/Dim Nhóm 7, GROUP BY thêm business_line_level_1_code"
K_GSDC_66,Dashboard Giám sát Tổng hợp,Nhóm 8 — Tổng hợp chỉ tiêu tài chính & thống kê ngành (toàn thị trường),Vốn CSH theo ngành,Phái sinh,GSDC,Fact Public Company Financial Report Value,Data Value,FILTER,"JOIN financial_rpt_catalog_dim ON financial_rpt_catalog_dim.financial_rpt_catalog_dim_id = fct_public_company_financial_rpt_val.financial_rpt_catalog_dim_id WHERE ((financial_rpt_catalog_dim.enterprise_tp_code IN ('dn','bh') AND financial_rpt_catalog_dim.row_description_reference = '400') OR (financial_rpt_catalog_dim.enterprise_tp_code = 'td' AND financial_rpt_catalog_dim.row_description_reference = '500')) AND financial_rpt_catalog_dim.column_description_reference = '1'",
K_GSDC_66,Dashboard Giám sát Tổng hợp,Nhóm 8 — Tổng hợp chỉ tiêu tài chính & thống kê ngành (toàn thị trường),Vốn CSH theo ngành,Phái sinh,GSDC,Fact Public Company Financial Report Value,Data Value,FILTER,fct_public_company_financial_rpt_val.rpt_year = :year AND fct_public_company_financial_rpt_val.rpt_quarter = :quarter,
K_GSDC_67,Dashboard Giám sát Tổng hợp,Nhóm 8 — Tổng hợp chỉ tiêu tài chính & thống kê ngành (toàn thị trường),Vốn điều lệ theo ngành,Phái sinh,GSDC,Fact Public Company Financial Report Value,Data Value,MEASURE,SUM(fct_public_company_financial_rpt_val.data_val),"reuse Fact/Dim Nhóm 7, GROUP BY thêm business_line_level_1_code"
K_GSDC_67,Dashboard Giám sát Tổng hợp,Nhóm 8 — Tổng hợp chỉ tiêu tài chính & thống kê ngành (toàn thị trường),Vốn điều lệ theo ngành,Phái sinh,GSDC,Fact Public Company Financial Report Value,Data Value,FILTER,JOIN financial_rpt_catalog_dim ON financial_rpt_catalog_dim.financial_rpt_catalog_dim_id = fct_public_company_financial_rpt_val.financial_rpt_catalog_dim_id WHERE financial_rpt_catalog_dim.row_description_reference IN ('411') AND financial_rpt_catalog_dim.column_description_reference = '1',
K_GSDC_67,Dashboard Giám sát Tổng hợp,Nhóm 8 — Tổng hợp chỉ tiêu tài chính & thống kê ngành (toàn thị trường),Vốn điều lệ theo ngành,Phái sinh,GSDC,Fact Public Company Financial Report Value,Data Value,FILTER,fct_public_company_financial_rpt_val.rpt_year = :year AND fct_public_company_financial_rpt_val.rpt_quarter = :quarter,
K_GSDC_68,Dashboard Giám sát Tổng hợp,Nhóm 8 — Tổng hợp chỉ tiêu tài chính & thống kê ngành (toàn thị trường),Lợi nhuận sau thuế theo ngành,Phái sinh,GSDC,Fact Public Company Financial Report Value,Data Value,MEASURE,SUM(fct_public_company_financial_rpt_val.data_val),"reuse Fact/Dim Nhóm 7, GROUP BY thêm business_line_level_1_code"
K_GSDC_68,Dashboard Giám sát Tổng hợp,Nhóm 8 — Tổng hợp chỉ tiêu tài chính & thống kê ngành (toàn thị trường),Lợi nhuận sau thuế theo ngành,Phái sinh,GSDC,Fact Public Company Financial Report Value,Data Value,FILTER,"JOIN financial_rpt_catalog_dim ON financial_rpt_catalog_dim.financial_rpt_catalog_dim_id = fct_public_company_financial_rpt_val.financial_rpt_catalog_dim_id WHERE ((financial_rpt_catalog_dim.enterprise_tp_code IN ('dn','bh') AND financial_rpt_catalog_dim.row_description_reference = '60') OR (financial_rpt_catalog_dim.enterprise_tp_code = 'td' AND financial_rpt_catalog_dim.row_description_reference = '21')) AND financial_rpt_catalog_dim.column_description_reference = '1'",
K_GSDC_68,Dashboard Giám sát Tổng hợp,Nhóm 8 — Tổng hợp chỉ tiêu tài chính & thống kê ngành (toàn thị trường),Lợi nhuận sau thuế theo ngành,Phái sinh,GSDC,Fact Public Company Financial Report Value,Data Value,FILTER,fct_public_company_financial_rpt_val.rpt_year = :year AND fct_public_company_financial_rpt_val.rpt_quarter = :quarter,
K_GSDC_71,Dashboard Giám sát Tổng hợp,Nhóm 8 — Tổng hợp chỉ tiêu tài chính & thống kê ngành (toàn thị trường),Hàng tồn kho theo ngành,Phái sinh,GSDC,Fact Public Company Financial Report Value,Data Value,MEASURE,SUM(fct_public_company_financial_rpt_val.data_val),"reuse Fact/Dim Nhóm 7, GROUP BY thêm business_line_level_1_code"
K_GSDC_71,Dashboard Giám sát Tổng hợp,Nhóm 8 — Tổng hợp chỉ tiêu tài chính & thống kê ngành (toàn thị trường),Hàng tồn kho theo ngành,Phái sinh,GSDC,Fact Public Company Financial Report Value,Data Value,FILTER,JOIN financial_rpt_catalog_dim ON financial_rpt_catalog_dim.financial_rpt_catalog_dim_id = fct_public_company_financial_rpt_val.financial_rpt_catalog_dim_id WHERE financial_rpt_catalog_dim.row_description_reference IN ('140') AND financial_rpt_catalog_dim.column_description_reference = '1',
K_GSDC_71,Dashboard Giám sát Tổng hợp,Nhóm 8 — Tổng hợp chỉ tiêu tài chính & thống kê ngành (toàn thị trường),Hàng tồn kho theo ngành,Phái sinh,GSDC,Fact Public Company Financial Report Value,Data Value,FILTER,fct_public_company_financial_rpt_val.rpt_year = :year AND fct_public_company_financial_rpt_val.rpt_quarter = :quarter,
K_GSDC_72,Dashboard Giám sát Tổng hợp,Nhóm 8 — Tổng hợp chỉ tiêu tài chính & thống kê ngành (toàn thị trường),Doanh thu thuần theo ngành,Phái sinh,GSDC,Fact Public Company Financial Report Value,Data Value,MEASURE,SUM(fct_public_company_financial_rpt_val.data_val),"reuse Fact/Dim Nhóm 7, GROUP BY thêm business_line_level_1_code"
K_GSDC_72,Dashboard Giám sát Tổng hợp,Nhóm 8 — Tổng hợp chỉ tiêu tài chính & thống kê ngành (toàn thị trường),Doanh thu thuần theo ngành,Phái sinh,GSDC,Fact Public Company Financial Report Value,Data Value,FILTER,"JOIN financial_rpt_catalog_dim ON financial_rpt_catalog_dim.financial_rpt_catalog_dim_id = fct_public_company_financial_rpt_val.financial_rpt_catalog_dim_id WHERE ((financial_rpt_catalog_dim.enterprise_tp_code IN ('dn','bh') AND financial_rpt_catalog_dim.row_description_reference = '10') OR (financial_rpt_catalog_dim.enterprise_tp_code = 'td' AND financial_rpt_catalog_dim.row_description_reference = '03')) AND financial_rpt_catalog_dim.column_description_reference = '1'",
K_GSDC_72,Dashboard Giám sát Tổng hợp,Nhóm 8 — Tổng hợp chỉ tiêu tài chính & thống kê ngành (toàn thị trường),Doanh thu thuần theo ngành,Phái sinh,GSDC,Fact Public Company Financial Report Value,Data Value,FILTER,fct_public_company_financial_rpt_val.rpt_year = :year AND fct_public_company_financial_rpt_val.rpt_quarter = :quarter,
K_GSDC_73,Dashboard Giám sát Tổng hợp,Nhóm 8 — Tổng hợp chỉ tiêu tài chính & thống kê ngành (toàn thị trường),Lợi nhuận dồn tích YTD theo ngành,Phái sinh,GSDC,Fact Public Company Financial Report Value,Data Value,MEASURE,SUM(fct_public_company_financial_rpt_val.data_val),"reuse Fact/Dim Nhóm 7, GROUP BY thêm business_line_level_1_code"
K_GSDC_73,Dashboard Giám sát Tổng hợp,Nhóm 8 — Tổng hợp chỉ tiêu tài chính & thống kê ngành (toàn thị trường),Lợi nhuận dồn tích YTD theo ngành,Phái sinh,GSDC,Fact Public Company Financial Report Value,Data Value,FILTER,JOIN financial_rpt_catalog_dim ON financial_rpt_catalog_dim.financial_rpt_catalog_dim_id = fct_public_company_financial_rpt_val.financial_rpt_catalog_dim_id WHERE financial_rpt_catalog_dim.row_description_reference IN ('421') AND financial_rpt_catalog_dim.column_description_reference = '1',
K_GSDC_73,Dashboard Giám sát Tổng hợp,Nhóm 8 — Tổng hợp chỉ tiêu tài chính & thống kê ngành (toàn thị trường),Lợi nhuận dồn tích YTD theo ngành,Phái sinh,GSDC,Fact Public Company Financial Report Value,Data Value,FILTER,fct_public_company_financial_rpt_val.rpt_year = :year AND fct_public_company_financial_rpt_val.rpt_quarter = :quarter,
K_GSDC_74,Dashboard Giám sát Tổng hợp,Nhóm 8 — Tổng hợp chỉ tiêu tài chính & thống kê ngành (toàn thị trường),Phải thu theo ngành,Phái sinh,GSDC,Fact Public Company Financial Report Value,Data Value,MEASURE,SUM(fct_public_company_financial_rpt_val.data_val),"reuse Fact/Dim Nhóm 7, GROUP BY thêm business_line_level_1_code"
K_GSDC_74,Dashboard Giám sát Tổng hợp,Nhóm 8 — Tổng hợp chỉ tiêu tài chính & thống kê ngành (toàn thị trường),Phải thu theo ngành,Phái sinh,GSDC,Fact Public Company Financial Report Value,Data Value,FILTER,"JOIN financial_rpt_catalog_dim ON financial_rpt_catalog_dim.financial_rpt_catalog_dim_id = fct_public_company_financial_rpt_val.financial_rpt_catalog_dim_id WHERE ((financial_rpt_catalog_dim.enterprise_tp_code IN ('dn','bh') AND financial_rpt_catalog_dim.row_description_reference IN ('130','210')) OR (financial_rpt_catalog_dim.enterprise_tp_code = 'td' AND financial_rpt_catalog_dim.row_description_reference = '251')) AND financial_rpt_catalog_dim.column_description_reference = '1'",
K_GSDC_74,Dashboard Giám sát Tổng hợp,Nhóm 8 — Tổng hợp chỉ tiêu tài chính & thống kê ngành (toàn thị trường),Phải thu theo ngành,Phái sinh,GSDC,Fact Public Company Financial Report Value,Data Value,FILTER,fct_public_company_financial_rpt_val.rpt_year = :year AND fct_public_company_financial_rpt_val.rpt_quarter = :quarter,
K_GSDC_75,Dashboard Giám sát Tổng hợp,Nhóm 8 — Tổng hợp chỉ tiêu tài chính & thống kê ngành (toàn thị trường),Tiền và tương đương tiền theo ngành,Phái sinh,GSDC,Fact Public Company Financial Report Value,Data Value,MEASURE,SUM(fct_public_company_financial_rpt_val.data_val),"reuse Fact/Dim Nhóm 7, GROUP BY thêm business_line_level_1_code"
K_GSDC_75,Dashboard Giám sát Tổng hợp,Nhóm 8 — Tổng hợp chỉ tiêu tài chính & thống kê ngành (toàn thị trường),Tiền và tương đương tiền theo ngành,Phái sinh,GSDC,Fact Public Company Financial Report Value,Data Value,FILTER,"JOIN financial_rpt_catalog_dim ON financial_rpt_catalog_dim.financial_rpt_catalog_dim_id = fct_public_company_financial_rpt_val.financial_rpt_catalog_dim_id WHERE ((financial_rpt_catalog_dim.enterprise_tp_code IN ('dn','bh') AND financial_rpt_catalog_dim.row_description_reference = '110') OR (financial_rpt_catalog_dim.enterprise_tp_code = 'td' AND financial_rpt_catalog_dim.row_description_reference IN ('110','120'))) AND financial_rpt_catalog_dim.column_description_reference = '1'",
K_GSDC_75,Dashboard Giám sát Tổng hợp,Nhóm 8 — Tổng hợp chỉ tiêu tài chính & thống kê ngành (toàn thị trường),Tiền và tương đương tiền theo ngành,Phái sinh,GSDC,Fact Public Company Financial Report Value,Data Value,FILTER,fct_public_company_financial_rpt_val.rpt_year = :year AND fct_public_company_financial_rpt_val.rpt_quarter = :quarter,
K_GSDC_69,Dashboard Giám sát Tổng hợp,Nhóm 8 — Tổng hợp chỉ tiêu tài chính & thống kê ngành (toàn thị trường),ROA theo ngành,Phái sinh,GSDC,,,DERIVED,"SUM(fct_public_company_financial_rpt_val.data_val | LNST row 60) / NULLIF(SUM((NVL(TSBQ_col2, TSBQ_col1) + NVL(TSBQ_col1, TSBQ_col2)) / 2), 0) * 100 | TSBQ_col1/col2 = fct_public_company_financial_rpt_val.data_val row 270, col_desc=1 (cuối kỳ)/2 (đầu kỳ) — nếu 1 vế null lấy vế còn lại làm cả 2, cả 2 null thì kết quả null",
K_GSDC_70,Dashboard Giám sát Tổng hợp,Nhóm 8 — Tổng hợp chỉ tiêu tài chính & thống kê ngành (toàn thị trường),ROE theo ngành,Phái sinh,GSDC,,,DERIVED,"SUM(fct_public_company_financial_rpt_val.data_val | LNST row 60) / NULLIF(SUM((NVL(VCSHBQ_col2, VCSHBQ_col1) + NVL(VCSHBQ_col1, VCSHBQ_col2)) / 2), 0) * 100 | VCSHBQ_col1/col2 = fct_public_company_financial_rpt_val.data_val row 400, col_desc=1 (cuối kỳ)/2 (đầu kỳ) — nếu 1 vế null lấy vế còn lại làm cả 2, cả 2 null thì kết quả null",
K_GSDC_76,Dashboard Giám sát Tổng hợp,Nhóm 8 — Tổng hợp chỉ tiêu tài chính & thống kê ngành (toàn thị trường),Nợ / Vốn CSH theo ngành,Phái sinh,GSDC,,,DERIVED,"SUM(fct_public_company_financial_rpt_val.data_val | Nợ row 300(dn/bh)/400(td)) / NULLIF(SUM(fct_public_company_financial_rpt_val.data_val | VCSH row 400(dn/bh)/500(td)), 0)",
K_GSDC_63,Dashboard Giám sát Tổng hợp,Nhóm 8 — Tổng hợp chỉ tiêu tài chính & thống kê ngành (toàn thị trường),Ngành kinh tế,Chiều,GSDC,Public Company Dimension,Business Line Level 1 Code,FILTER,JOIN cl_business_line ON cl_business_line.cl_business_line_id = public_company_dim.business_line_level_1_id WHERE cl_business_line.active_indicator = 1,
K_GSDC_77,Dashboard Giám sát Tổng hợp,Nhóm 9 — Thống kê CTĐC chưa niêm yết (toàn thị trường),Số CTDC chưa niêm yết,Phái sinh,GSDC,Public Company Dimension,Ids Registration Date,MEASURE,COUNT(DISTINCT public_company_dim.public_company_dim_id),
K_GSDC_77,Dashboard Giám sát Tổng hợp,Nhóm 9 — Thống kê CTĐC chưa niêm yết (toàn thị trường),Số CTDC chưa niêm yết,Phái sinh,GSDC,Public Company Dimension,Public Company Status Code,FILTER,"public_company_dim.ids_registration_dt <= :end_of_period AND public_company_dim.public_company_status_code = 'APPROVED_PUBLIC' AND public_company_dim.equity_listing_exchange_code NOT IN ('HOSE','HNX','UPCOM')",
K_GSDC_46,Dashboard Giám sát Tổng hợp,Nhóm 10 — Thống kê niêm yết sàn HNX,Ngày thống kê (Năm/Quý),Chiều,GSDC,,,SLICER,:year AND :quarter,reuse K_GSDC_46
K_GSDC_78,Dashboard Giám sát Tổng hợp,Nhóm 10 — Thống kê niêm yết sàn HNX,Sàn,Chiều,GSDC,Public Company Dimension,Equity Listing Exchange Code,FILTER,public_company_dim.equity_listing_exchange_code = 'HNX',
K_GSDC_47,Dashboard Giám sát Tổng hợp,Nhóm 10 — Thống kê niêm yết sàn HNX,Số doanh nghiệp theo từng sàn,Base,GSDC,Public Company Dimension,Ids Registration Date,MEASURE,COUNT(DISTINCT public_company_dim.public_company_dim_id),
K_GSDC_47,Dashboard Giám sát Tổng hợp,Nhóm 10 — Thống kê niêm yết sàn HNX,Số doanh nghiệp theo từng sàn,Base,GSDC,Public Company Dimension,Ids Registration Date,FILTER,public_company_dim.ids_registration_dt <= :end_of_period AND public_company_dim.equity_listing_exchange_code = 'HNX',
K_GSDC_48,Dashboard Giám sát Tổng hợp,Nhóm 10 — Thống kê niêm yết sàn HNX,Tỷ lệ nộp BCTC theo từng sàn (quý),Phái sinh,GSDC,,,DERIVED,"SUM(fct_violation_rpt_snpst.rpt_submitted_count) / NULLIF(SUM(fct_violation_rpt_snpst.rpt_due_count), 0) * 100 | JOIN public_company_dim WHERE equity_listing_exchange_code='HNX'","Reuse công thức Nhóm 6, filter thêm sàn"
K_GSDC_49,Dashboard Giám sát Tổng hợp,Nhóm 10 — Thống kê niêm yết sàn HNX,Số DN báo lãi theo từng sàn,Base,GSDC,Fact Violation Report Snapshot,Profitable Indicator,MEASURE,COUNT(DISTINCT CASE WHEN fct_violation_rpt_snpst.profitable_indicator = 1 THEN fct_violation_rpt_snpst.public_company_dim_id END),
K_GSDC_49,Dashboard Giám sát Tổng hợp,Nhóm 10 — Thống kê niêm yết sàn HNX,Số DN báo lãi theo từng sàn,Base,GSDC,Public Company Dimension,Equity Listing Exchange Code,FILTER,JOIN public_company_dim ON public_company_dim.public_company_dim_id = fct_violation_rpt_snpst.public_company_dim_id WHERE public_company_dim.equity_listing_exchange_code = 'HNX',
K_GSDC_50,Dashboard Giám sát Tổng hợp,Nhóm 11 — Tổng hợp chỉ tiêu tài chính theo sàn HNX,Tổng tài sản (HNX),Phái sinh,GSDC,Fact Public Company Financial Report Value,Data Value,MEASURE,SUM(fct_public_company_financial_rpt_val.data_val),"reuse công thức Nhóm 7, filter thêm sàn HNX"
K_GSDC_50,Dashboard Giám sát Tổng hợp,Nhóm 11 — Tổng hợp chỉ tiêu tài chính theo sàn HNX,Tổng tài sản (HNX),Phái sinh,GSDC,Fact Public Company Financial Report Value,Data Value,FILTER,"JOIN financial_rpt_catalog_dim ON financial_rpt_catalog_dim.financial_rpt_catalog_dim_id = fct_public_company_financial_rpt_val.financial_rpt_catalog_dim_id WHERE ((financial_rpt_catalog_dim.enterprise_tp_code IN ('dn','bh') AND financial_rpt_catalog_dim.row_description_reference = '270') OR (financial_rpt_catalog_dim.enterprise_tp_code = 'td' AND financial_rpt_catalog_dim.row_description_reference = '300')) AND financial_rpt_catalog_dim.column_description_reference = '1'",
K_GSDC_50,Dashboard Giám sát Tổng hợp,Nhóm 11 — Tổng hợp chỉ tiêu tài chính theo sàn HNX,Tổng tài sản (HNX),Phái sinh,GSDC,Fact Public Company Financial Report Value,Data Value,FILTER,fct_public_company_financial_rpt_val.rpt_year = :year AND fct_public_company_financial_rpt_val.rpt_quarter = :quarter,
K_GSDC_50,Dashboard Giám sát Tổng hợp,Nhóm 11 — Tổng hợp chỉ tiêu tài chính theo sàn HNX,Tổng tài sản (HNX),Phái sinh,GSDC,Public Company Dimension,Equity Listing Exchange Code,FILTER,JOIN public_company_dim ON public_company_dim.public_company_dim_id = fct_public_company_financial_rpt_val.public_company_dim_id WHERE public_company_dim.equity_listing_exchange_code = 'HNX',
K_GSDC_51,Dashboard Giám sát Tổng hợp,Nhóm 11 — Tổng hợp chỉ tiêu tài chính theo sàn HNX,Nợ phải trả (HNX),Phái sinh,GSDC,Fact Public Company Financial Report Value,Data Value,MEASURE,SUM(fct_public_company_financial_rpt_val.data_val),"reuse công thức Nhóm 7, filter thêm sàn HNX"
K_GSDC_51,Dashboard Giám sát Tổng hợp,Nhóm 11 — Tổng hợp chỉ tiêu tài chính theo sàn HNX,Nợ phải trả (HNX),Phái sinh,GSDC,Fact Public Company Financial Report Value,Data Value,FILTER,"JOIN financial_rpt_catalog_dim ON financial_rpt_catalog_dim.financial_rpt_catalog_dim_id = fct_public_company_financial_rpt_val.financial_rpt_catalog_dim_id WHERE ((financial_rpt_catalog_dim.enterprise_tp_code IN ('dn','bh') AND financial_rpt_catalog_dim.row_description_reference = '300') OR (financial_rpt_catalog_dim.enterprise_tp_code = 'td' AND financial_rpt_catalog_dim.row_description_reference = '400')) AND financial_rpt_catalog_dim.column_description_reference = '1'",
K_GSDC_51,Dashboard Giám sát Tổng hợp,Nhóm 11 — Tổng hợp chỉ tiêu tài chính theo sàn HNX,Nợ phải trả (HNX),Phái sinh,GSDC,Fact Public Company Financial Report Value,Data Value,FILTER,fct_public_company_financial_rpt_val.rpt_year = :year AND fct_public_company_financial_rpt_val.rpt_quarter = :quarter,
K_GSDC_51,Dashboard Giám sát Tổng hợp,Nhóm 11 — Tổng hợp chỉ tiêu tài chính theo sàn HNX,Nợ phải trả (HNX),Phái sinh,GSDC,Public Company Dimension,Equity Listing Exchange Code,FILTER,JOIN public_company_dim ON public_company_dim.public_company_dim_id = fct_public_company_financial_rpt_val.public_company_dim_id WHERE public_company_dim.equity_listing_exchange_code = 'HNX',
K_GSDC_52,Dashboard Giám sát Tổng hợp,Nhóm 11 — Tổng hợp chỉ tiêu tài chính theo sàn HNX,Vốn CSH (HNX),Phái sinh,GSDC,Fact Public Company Financial Report Value,Data Value,MEASURE,SUM(fct_public_company_financial_rpt_val.data_val),"reuse công thức Nhóm 7, filter thêm sàn HNX"
K_GSDC_52,Dashboard Giám sát Tổng hợp,Nhóm 11 — Tổng hợp chỉ tiêu tài chính theo sàn HNX,Vốn CSH (HNX),Phái sinh,GSDC,Fact Public Company Financial Report Value,Data Value,FILTER,"JOIN financial_rpt_catalog_dim ON financial_rpt_catalog_dim.financial_rpt_catalog_dim_id = fct_public_company_financial_rpt_val.financial_rpt_catalog_dim_id WHERE ((financial_rpt_catalog_dim.enterprise_tp_code IN ('dn','bh') AND financial_rpt_catalog_dim.row_description_reference = '400') OR (financial_rpt_catalog_dim.enterprise_tp_code = 'td' AND financial_rpt_catalog_dim.row_description_reference = '500')) AND financial_rpt_catalog_dim.column_description_reference = '1'",
K_GSDC_52,Dashboard Giám sát Tổng hợp,Nhóm 11 — Tổng hợp chỉ tiêu tài chính theo sàn HNX,Vốn CSH (HNX),Phái sinh,GSDC,Fact Public Company Financial Report Value,Data Value,FILTER,fct_public_company_financial_rpt_val.rpt_year = :year AND fct_public_company_financial_rpt_val.rpt_quarter = :quarter,
K_GSDC_52,Dashboard Giám sát Tổng hợp,Nhóm 11 — Tổng hợp chỉ tiêu tài chính theo sàn HNX,Vốn CSH (HNX),Phái sinh,GSDC,Public Company Dimension,Equity Listing Exchange Code,FILTER,JOIN public_company_dim ON public_company_dim.public_company_dim_id = fct_public_company_financial_rpt_val.public_company_dim_id WHERE public_company_dim.equity_listing_exchange_code = 'HNX',
K_GSDC_53,Dashboard Giám sát Tổng hợp,Nhóm 11 — Tổng hợp chỉ tiêu tài chính theo sàn HNX,Vốn điều lệ (HNX),Phái sinh,GSDC,Fact Public Company Financial Report Value,Data Value,MEASURE,SUM(fct_public_company_financial_rpt_val.data_val),"reuse công thức Nhóm 7, filter thêm sàn HNX"
K_GSDC_53,Dashboard Giám sát Tổng hợp,Nhóm 11 — Tổng hợp chỉ tiêu tài chính theo sàn HNX,Vốn điều lệ (HNX),Phái sinh,GSDC,Fact Public Company Financial Report Value,Data Value,FILTER,JOIN financial_rpt_catalog_dim ON financial_rpt_catalog_dim.financial_rpt_catalog_dim_id = fct_public_company_financial_rpt_val.financial_rpt_catalog_dim_id WHERE financial_rpt_catalog_dim.row_description_reference IN ('411') AND financial_rpt_catalog_dim.column_description_reference = '1',
K_GSDC_53,Dashboard Giám sát Tổng hợp,Nhóm 11 — Tổng hợp chỉ tiêu tài chính theo sàn HNX,Vốn điều lệ (HNX),Phái sinh,GSDC,Fact Public Company Financial Report Value,Data Value,FILTER,fct_public_company_financial_rpt_val.rpt_year = :year AND fct_public_company_financial_rpt_val.rpt_quarter = :quarter,
K_GSDC_53,Dashboard Giám sát Tổng hợp,Nhóm 11 — Tổng hợp chỉ tiêu tài chính theo sàn HNX,Vốn điều lệ (HNX),Phái sinh,GSDC,Public Company Dimension,Equity Listing Exchange Code,FILTER,JOIN public_company_dim ON public_company_dim.public_company_dim_id = fct_public_company_financial_rpt_val.public_company_dim_id WHERE public_company_dim.equity_listing_exchange_code = 'HNX',
K_GSDC_54,Dashboard Giám sát Tổng hợp,Nhóm 11 — Tổng hợp chỉ tiêu tài chính theo sàn HNX,Lợi nhuận sau thuế (HNX),Phái sinh,GSDC,Fact Public Company Financial Report Value,Data Value,MEASURE,SUM(fct_public_company_financial_rpt_val.data_val),"reuse công thức Nhóm 7, filter thêm sàn HNX"
K_GSDC_54,Dashboard Giám sát Tổng hợp,Nhóm 11 — Tổng hợp chỉ tiêu tài chính theo sàn HNX,Lợi nhuận sau thuế (HNX),Phái sinh,GSDC,Fact Public Company Financial Report Value,Data Value,FILTER,"JOIN financial_rpt_catalog_dim ON financial_rpt_catalog_dim.financial_rpt_catalog_dim_id = fct_public_company_financial_rpt_val.financial_rpt_catalog_dim_id WHERE ((financial_rpt_catalog_dim.enterprise_tp_code IN ('dn','bh') AND financial_rpt_catalog_dim.row_description_reference = '60') OR (financial_rpt_catalog_dim.enterprise_tp_code = 'td' AND financial_rpt_catalog_dim.row_description_reference = '21')) AND financial_rpt_catalog_dim.column_description_reference = '1'",
K_GSDC_54,Dashboard Giám sát Tổng hợp,Nhóm 11 — Tổng hợp chỉ tiêu tài chính theo sàn HNX,Lợi nhuận sau thuế (HNX),Phái sinh,GSDC,Fact Public Company Financial Report Value,Data Value,FILTER,fct_public_company_financial_rpt_val.rpt_year = :year AND fct_public_company_financial_rpt_val.rpt_quarter = :quarter,
K_GSDC_54,Dashboard Giám sát Tổng hợp,Nhóm 11 — Tổng hợp chỉ tiêu tài chính theo sàn HNX,Lợi nhuận sau thuế (HNX),Phái sinh,GSDC,Public Company Dimension,Equity Listing Exchange Code,FILTER,JOIN public_company_dim ON public_company_dim.public_company_dim_id = fct_public_company_financial_rpt_val.public_company_dim_id WHERE public_company_dim.equity_listing_exchange_code = 'HNX',
K_GSDC_57,Dashboard Giám sát Tổng hợp,Nhóm 11 — Tổng hợp chỉ tiêu tài chính theo sàn HNX,Hàng tồn kho (HNX),Phái sinh,GSDC,Fact Public Company Financial Report Value,Data Value,MEASURE,SUM(fct_public_company_financial_rpt_val.data_val),"reuse công thức Nhóm 7, filter thêm sàn HNX"
K_GSDC_57,Dashboard Giám sát Tổng hợp,Nhóm 11 — Tổng hợp chỉ tiêu tài chính theo sàn HNX,Hàng tồn kho (HNX),Phái sinh,GSDC,Fact Public Company Financial Report Value,Data Value,FILTER,JOIN financial_rpt_catalog_dim ON financial_rpt_catalog_dim.financial_rpt_catalog_dim_id = fct_public_company_financial_rpt_val.financial_rpt_catalog_dim_id WHERE financial_rpt_catalog_dim.row_description_reference IN ('140') AND financial_rpt_catalog_dim.column_description_reference = '1',
K_GSDC_57,Dashboard Giám sát Tổng hợp,Nhóm 11 — Tổng hợp chỉ tiêu tài chính theo sàn HNX,Hàng tồn kho (HNX),Phái sinh,GSDC,Fact Public Company Financial Report Value,Data Value,FILTER,fct_public_company_financial_rpt_val.rpt_year = :year AND fct_public_company_financial_rpt_val.rpt_quarter = :quarter,
K_GSDC_57,Dashboard Giám sát Tổng hợp,Nhóm 11 — Tổng hợp chỉ tiêu tài chính theo sàn HNX,Hàng tồn kho (HNX),Phái sinh,GSDC,Public Company Dimension,Equity Listing Exchange Code,FILTER,JOIN public_company_dim ON public_company_dim.public_company_dim_id = fct_public_company_financial_rpt_val.public_company_dim_id WHERE public_company_dim.equity_listing_exchange_code = 'HNX',
K_GSDC_58,Dashboard Giám sát Tổng hợp,Nhóm 11 — Tổng hợp chỉ tiêu tài chính theo sàn HNX,Doanh thu thuần (HNX),Phái sinh,GSDC,Fact Public Company Financial Report Value,Data Value,MEASURE,SUM(fct_public_company_financial_rpt_val.data_val),"reuse công thức Nhóm 7, filter thêm sàn HNX"
K_GSDC_58,Dashboard Giám sát Tổng hợp,Nhóm 11 — Tổng hợp chỉ tiêu tài chính theo sàn HNX,Doanh thu thuần (HNX),Phái sinh,GSDC,Fact Public Company Financial Report Value,Data Value,FILTER,"JOIN financial_rpt_catalog_dim ON financial_rpt_catalog_dim.financial_rpt_catalog_dim_id = fct_public_company_financial_rpt_val.financial_rpt_catalog_dim_id WHERE ((financial_rpt_catalog_dim.enterprise_tp_code IN ('dn','bh') AND financial_rpt_catalog_dim.row_description_reference = '10') OR (financial_rpt_catalog_dim.enterprise_tp_code = 'td' AND financial_rpt_catalog_dim.row_description_reference = '03')) AND financial_rpt_catalog_dim.column_description_reference = '1'",
K_GSDC_58,Dashboard Giám sát Tổng hợp,Nhóm 11 — Tổng hợp chỉ tiêu tài chính theo sàn HNX,Doanh thu thuần (HNX),Phái sinh,GSDC,Fact Public Company Financial Report Value,Data Value,FILTER,fct_public_company_financial_rpt_val.rpt_year = :year AND fct_public_company_financial_rpt_val.rpt_quarter = :quarter,
K_GSDC_58,Dashboard Giám sát Tổng hợp,Nhóm 11 — Tổng hợp chỉ tiêu tài chính theo sàn HNX,Doanh thu thuần (HNX),Phái sinh,GSDC,Public Company Dimension,Equity Listing Exchange Code,FILTER,JOIN public_company_dim ON public_company_dim.public_company_dim_id = fct_public_company_financial_rpt_val.public_company_dim_id WHERE public_company_dim.equity_listing_exchange_code = 'HNX',
K_GSDC_59,Dashboard Giám sát Tổng hợp,Nhóm 11 — Tổng hợp chỉ tiêu tài chính theo sàn HNX,Lợi nhuận dồn tích YTD (HNX),Phái sinh,GSDC,Fact Public Company Financial Report Value,Data Value,MEASURE,SUM(fct_public_company_financial_rpt_val.data_val),"reuse công thức Nhóm 7, filter thêm sàn HNX"
K_GSDC_59,Dashboard Giám sát Tổng hợp,Nhóm 11 — Tổng hợp chỉ tiêu tài chính theo sàn HNX,Lợi nhuận dồn tích YTD (HNX),Phái sinh,GSDC,Fact Public Company Financial Report Value,Data Value,FILTER,JOIN financial_rpt_catalog_dim ON financial_rpt_catalog_dim.financial_rpt_catalog_dim_id = fct_public_company_financial_rpt_val.financial_rpt_catalog_dim_id WHERE financial_rpt_catalog_dim.row_description_reference IN ('421') AND financial_rpt_catalog_dim.column_description_reference = '1',
K_GSDC_59,Dashboard Giám sát Tổng hợp,Nhóm 11 — Tổng hợp chỉ tiêu tài chính theo sàn HNX,Lợi nhuận dồn tích YTD (HNX),Phái sinh,GSDC,Fact Public Company Financial Report Value,Data Value,FILTER,fct_public_company_financial_rpt_val.rpt_year = :year AND fct_public_company_financial_rpt_val.rpt_quarter = :quarter,
K_GSDC_59,Dashboard Giám sát Tổng hợp,Nhóm 11 — Tổng hợp chỉ tiêu tài chính theo sàn HNX,Lợi nhuận dồn tích YTD (HNX),Phái sinh,GSDC,Public Company Dimension,Equity Listing Exchange Code,FILTER,JOIN public_company_dim ON public_company_dim.public_company_dim_id = fct_public_company_financial_rpt_val.public_company_dim_id WHERE public_company_dim.equity_listing_exchange_code = 'HNX',
K_GSDC_60,Dashboard Giám sát Tổng hợp,Nhóm 11 — Tổng hợp chỉ tiêu tài chính theo sàn HNX,Phải thu (HNX),Phái sinh,GSDC,Fact Public Company Financial Report Value,Data Value,MEASURE,SUM(fct_public_company_financial_rpt_val.data_val),"reuse công thức Nhóm 7, filter thêm sàn HNX"
K_GSDC_60,Dashboard Giám sát Tổng hợp,Nhóm 11 — Tổng hợp chỉ tiêu tài chính theo sàn HNX,Phải thu (HNX),Phái sinh,GSDC,Fact Public Company Financial Report Value,Data Value,FILTER,"JOIN financial_rpt_catalog_dim ON financial_rpt_catalog_dim.financial_rpt_catalog_dim_id = fct_public_company_financial_rpt_val.financial_rpt_catalog_dim_id WHERE ((financial_rpt_catalog_dim.enterprise_tp_code IN ('dn','bh') AND financial_rpt_catalog_dim.row_description_reference IN ('130','210')) OR (financial_rpt_catalog_dim.enterprise_tp_code = 'td' AND financial_rpt_catalog_dim.row_description_reference = '251')) AND financial_rpt_catalog_dim.column_description_reference = '1'",
K_GSDC_60,Dashboard Giám sát Tổng hợp,Nhóm 11 — Tổng hợp chỉ tiêu tài chính theo sàn HNX,Phải thu (HNX),Phái sinh,GSDC,Fact Public Company Financial Report Value,Data Value,FILTER,fct_public_company_financial_rpt_val.rpt_year = :year AND fct_public_company_financial_rpt_val.rpt_quarter = :quarter,
K_GSDC_60,Dashboard Giám sát Tổng hợp,Nhóm 11 — Tổng hợp chỉ tiêu tài chính theo sàn HNX,Phải thu (HNX),Phái sinh,GSDC,Public Company Dimension,Equity Listing Exchange Code,FILTER,JOIN public_company_dim ON public_company_dim.public_company_dim_id = fct_public_company_financial_rpt_val.public_company_dim_id WHERE public_company_dim.equity_listing_exchange_code = 'HNX',
K_GSDC_61,Dashboard Giám sát Tổng hợp,Nhóm 11 — Tổng hợp chỉ tiêu tài chính theo sàn HNX,Tiền và tương đương tiền (HNX),Phái sinh,GSDC,Fact Public Company Financial Report Value,Data Value,MEASURE,SUM(fct_public_company_financial_rpt_val.data_val),"reuse công thức Nhóm 7, filter thêm sàn HNX"
K_GSDC_61,Dashboard Giám sát Tổng hợp,Nhóm 11 — Tổng hợp chỉ tiêu tài chính theo sàn HNX,Tiền và tương đương tiền (HNX),Phái sinh,GSDC,Fact Public Company Financial Report Value,Data Value,FILTER,"JOIN financial_rpt_catalog_dim ON financial_rpt_catalog_dim.financial_rpt_catalog_dim_id = fct_public_company_financial_rpt_val.financial_rpt_catalog_dim_id WHERE ((financial_rpt_catalog_dim.enterprise_tp_code IN ('dn','bh') AND financial_rpt_catalog_dim.row_description_reference = '110') OR (financial_rpt_catalog_dim.enterprise_tp_code = 'td' AND financial_rpt_catalog_dim.row_description_reference IN ('110','120'))) AND financial_rpt_catalog_dim.column_description_reference = '1'",
K_GSDC_61,Dashboard Giám sát Tổng hợp,Nhóm 11 — Tổng hợp chỉ tiêu tài chính theo sàn HNX,Tiền và tương đương tiền (HNX),Phái sinh,GSDC,Fact Public Company Financial Report Value,Data Value,FILTER,fct_public_company_financial_rpt_val.rpt_year = :year AND fct_public_company_financial_rpt_val.rpt_quarter = :quarter,
K_GSDC_61,Dashboard Giám sát Tổng hợp,Nhóm 11 — Tổng hợp chỉ tiêu tài chính theo sàn HNX,Tiền và tương đương tiền (HNX),Phái sinh,GSDC,Public Company Dimension,Equity Listing Exchange Code,FILTER,JOIN public_company_dim ON public_company_dim.public_company_dim_id = fct_public_company_financial_rpt_val.public_company_dim_id WHERE public_company_dim.equity_listing_exchange_code = 'HNX',
K_GSDC_50_YOY,Dashboard Giám sát Tổng hợp,Nhóm 11 — Tổng hợp chỉ tiêu tài chính theo sàn HNX,Tổng tài sản — YoY (HNX),Phái sinh,GSDC,,,DERIVED,(giá trị kỳ N - giá trị cùng kỳ năm trước) / giá trị cùng kỳ năm trước × 100 | filter sàn HNX,Refer KPI ID vì YoY — cần presentation layer resolve
K_GSDC_51_YOY,Dashboard Giám sát Tổng hợp,Nhóm 11 — Tổng hợp chỉ tiêu tài chính theo sàn HNX,Nợ phải trả — YoY (HNX),Phái sinh,GSDC,,,DERIVED,(giá trị kỳ N - giá trị cùng kỳ năm trước) / giá trị cùng kỳ năm trước × 100 | filter sàn HNX,Refer KPI ID vì YoY — cần presentation layer resolve
K_GSDC_52_YOY,Dashboard Giám sát Tổng hợp,Nhóm 11 — Tổng hợp chỉ tiêu tài chính theo sàn HNX,Vốn CSH — YoY (HNX),Phái sinh,GSDC,,,DERIVED,(giá trị kỳ N - giá trị cùng kỳ năm trước) / giá trị cùng kỳ năm trước × 100 | filter sàn HNX,Refer KPI ID vì YoY — cần presentation layer resolve
K_GSDC_53_YOY,Dashboard Giám sát Tổng hợp,Nhóm 11 — Tổng hợp chỉ tiêu tài chính theo sàn HNX,Vốn điều lệ — YoY (HNX),Phái sinh,GSDC,,,DERIVED,(giá trị kỳ N - giá trị cùng kỳ năm trước) / giá trị cùng kỳ năm trước × 100 | filter sàn HNX,Refer KPI ID vì YoY — cần presentation layer resolve
K_GSDC_54_YOY,Dashboard Giám sát Tổng hợp,Nhóm 11 — Tổng hợp chỉ tiêu tài chính theo sàn HNX,LNST — YoY (HNX),Phái sinh,GSDC,,,DERIVED,(giá trị kỳ N - giá trị cùng kỳ năm trước) / giá trị cùng kỳ năm trước × 100 | filter sàn HNX,Refer KPI ID vì YoY — cần presentation layer resolve
K_GSDC_57_YOY,Dashboard Giám sát Tổng hợp,Nhóm 11 — Tổng hợp chỉ tiêu tài chính theo sàn HNX,Hàng tồn kho — YoY (HNX),Phái sinh,GSDC,,,DERIVED,(giá trị kỳ N - giá trị cùng kỳ năm trước) / giá trị cùng kỳ năm trước × 100 | filter sàn HNX,Refer KPI ID vì YoY — cần presentation layer resolve
K_GSDC_58_YOY,Dashboard Giám sát Tổng hợp,Nhóm 11 — Tổng hợp chỉ tiêu tài chính theo sàn HNX,Doanh thu — YoY (HNX),Phái sinh,GSDC,,,DERIVED,(giá trị kỳ N - giá trị cùng kỳ năm trước) / giá trị cùng kỳ năm trước × 100 | filter sàn HNX,Refer KPI ID vì YoY — cần presentation layer resolve
K_GSDC_59_YOY,Dashboard Giám sát Tổng hợp,Nhóm 11 — Tổng hợp chỉ tiêu tài chính theo sàn HNX,LN YTD — YoY (HNX),Phái sinh,GSDC,,,DERIVED,(giá trị kỳ N - giá trị cùng kỳ năm trước) / giá trị cùng kỳ năm trước × 100 | filter sàn HNX,Refer KPI ID vì YoY — cần presentation layer resolve
K_GSDC_60_YOY,Dashboard Giám sát Tổng hợp,Nhóm 11 — Tổng hợp chỉ tiêu tài chính theo sàn HNX,Phải thu — YoY (HNX),Phái sinh,GSDC,,,DERIVED,(giá trị kỳ N - giá trị cùng kỳ năm trước) / giá trị cùng kỳ năm trước × 100 | filter sàn HNX,Refer KPI ID vì YoY — cần presentation layer resolve
K_GSDC_61_YOY,Dashboard Giám sát Tổng hợp,Nhóm 11 — Tổng hợp chỉ tiêu tài chính theo sàn HNX,Tiền TĐT — YoY (HNX),Phái sinh,GSDC,,,DERIVED,(giá trị kỳ N - giá trị cùng kỳ năm trước) / giá trị cùng kỳ năm trước × 100 | filter sàn HNX,Refer KPI ID vì YoY — cần presentation layer resolve
K_GSDC_55,Dashboard Giám sát Tổng hợp,Nhóm 11 — Tổng hợp chỉ tiêu tài chính theo sàn HNX,ROA (HNX),Phái sinh,GSDC,,,DERIVED,"SUM(fct_public_company_financial_rpt_val.data_val | LNST row 60) / NULLIF(SUM((NVL(TSBQ_col2, TSBQ_col1) + NVL(TSBQ_col1, TSBQ_col2)) / 2), 0) * 100 | filter sàn HNX | TSBQ_col1/col2 = fct_public_company_financial_rpt_val.data_val row 270, col_desc=1 (cuối kỳ)/2 (đầu kỳ) — nếu 1 vế null lấy vế còn lại làm cả 2, cả 2 null thì kết quả null",
K_GSDC_55_YOY,Dashboard Giám sát Tổng hợp,Nhóm 11 — Tổng hợp chỉ tiêu tài chính theo sàn HNX,ROA — YoY (HNX),Phái sinh,GSDC,,,DERIVED,(ROA kỳ N - ROA cùng kỳ năm trước) / ROA cùng kỳ năm trước × 100 | filter sàn HNX,Refer KPI ID vì YoY
K_GSDC_56,Dashboard Giám sát Tổng hợp,Nhóm 11 — Tổng hợp chỉ tiêu tài chính theo sàn HNX,ROE (HNX),Phái sinh,GSDC,,,DERIVED,"SUM(fct_public_company_financial_rpt_val.data_val | LNST row 60) / NULLIF(SUM((NVL(VCSHBQ_col2, VCSHBQ_col1) + NVL(VCSHBQ_col1, VCSHBQ_col2)) / 2), 0) * 100 | filter sàn HNX | VCSHBQ_col1/col2 = fct_public_company_financial_rpt_val.data_val row 400, col_desc=1 (cuối kỳ)/2 (đầu kỳ) — nếu 1 vế null lấy vế còn lại làm cả 2, cả 2 null thì kết quả null",
K_GSDC_56_YOY,Dashboard Giám sát Tổng hợp,Nhóm 11 — Tổng hợp chỉ tiêu tài chính theo sàn HNX,ROE — YoY (HNX),Phái sinh,GSDC,,,DERIVED,(ROE kỳ N - ROE cùng kỳ năm trước) / ROE cùng kỳ năm trước × 100 | filter sàn HNX,Refer KPI ID vì YoY
K_GSDC_62,Dashboard Giám sát Tổng hợp,Nhóm 11 — Tổng hợp chỉ tiêu tài chính theo sàn HNX,Nợ / Vốn CSH (HNX),Phái sinh,GSDC,,,DERIVED,"SUM(fct_public_company_financial_rpt_val.data_val | Nợ row 300(dn/bh)/400(td)) / NULLIF(SUM(fct_public_company_financial_rpt_val.data_val | VCSH row 400(dn/bh)/500(td)), 0) | filter sàn HNX",
K_GSDC_62_YOY,Dashboard Giám sát Tổng hợp,Nhóm 11 — Tổng hợp chỉ tiêu tài chính theo sàn HNX,Nợ/Vốn CSH — YoY (HNX),Phái sinh,GSDC,,,DERIVED,(Nợ/VCSH kỳ N - Nợ/VCSH cùng kỳ năm trước) / Nợ/VCSH cùng kỳ năm trước × 100 | filter sàn HNX,Refer KPI ID vì YoY
K_GSDC_79,Dashboard Giám sát Tổng hợp,Nhóm 11 — Tổng hợp chỉ tiêu tài chính theo sàn HNX,Ngành,Chiều,GSDC,Public Company Dimension,Business Line Level 1 Code,GROUP_BY,public_company_dim.business_line_level_1_code,
K_GSDC_79,Dashboard Giám sát Tổng hợp,Nhóm 11 — Tổng hợp chỉ tiêu tài chính theo sàn HNX,Ngành,Chiều,GSDC,Public Company Dimension,Business Line Level 1 Code,FILTER,JOIN cl_business_line ON cl_business_line.cl_business_line_id = public_company_dim.business_line_level_1_id WHERE cl_business_line.active_indicator = 1,
K_GSDC_80,Dashboard Giám sát Tổng hợp,Nhóm 11 — Tổng hợp chỉ tiêu tài chính theo sàn HNX,Tổng tài sản — theo ngành (HNX),Phái sinh,GSDC,Fact Public Company Financial Report Value,Data Value,MEASURE,SUM(fct_public_company_financial_rpt_val.data_val),filter sàn HNX + GROUP BY ngành
K_GSDC_80,Dashboard Giám sát Tổng hợp,Nhóm 11 — Tổng hợp chỉ tiêu tài chính theo sàn HNX,Tổng tài sản — theo ngành (HNX),Phái sinh,GSDC,Fact Public Company Financial Report Value,Data Value,FILTER,"JOIN financial_rpt_catalog_dim ON financial_rpt_catalog_dim.financial_rpt_catalog_dim_id = fct_public_company_financial_rpt_val.financial_rpt_catalog_dim_id WHERE ((financial_rpt_catalog_dim.enterprise_tp_code IN ('dn','bh') AND financial_rpt_catalog_dim.row_description_reference = '270') OR (financial_rpt_catalog_dim.enterprise_tp_code = 'td' AND financial_rpt_catalog_dim.row_description_reference = '300')) AND financial_rpt_catalog_dim.column_description_reference = '1'",
K_GSDC_80,Dashboard Giám sát Tổng hợp,Nhóm 11 — Tổng hợp chỉ tiêu tài chính theo sàn HNX,Tổng tài sản — theo ngành (HNX),Phái sinh,GSDC,Fact Public Company Financial Report Value,Data Value,FILTER,fct_public_company_financial_rpt_val.rpt_year = :year AND fct_public_company_financial_rpt_val.rpt_quarter = :quarter,
K_GSDC_80,Dashboard Giám sát Tổng hợp,Nhóm 11 — Tổng hợp chỉ tiêu tài chính theo sàn HNX,Tổng tài sản — theo ngành (HNX),Phái sinh,GSDC,Fact Public Company Financial Report Value,Data Value,FILTER,JOIN public_company_dim ON public_company_dim.public_company_dim_id = fct_public_company_financial_rpt_val.public_company_dim_id WHERE public_company_dim.equity_listing_exchange_code = 'HNX',
K_GSDC_81,Dashboard Giám sát Tổng hợp,Nhóm 11 — Tổng hợp chỉ tiêu tài chính theo sàn HNX,Nợ phải trả — theo ngành (HNX),Phái sinh,GSDC,Fact Public Company Financial Report Value,Data Value,MEASURE,SUM(fct_public_company_financial_rpt_val.data_val),filter sàn HNX + GROUP BY ngành
K_GSDC_81,Dashboard Giám sát Tổng hợp,Nhóm 11 — Tổng hợp chỉ tiêu tài chính theo sàn HNX,Nợ phải trả — theo ngành (HNX),Phái sinh,GSDC,Fact Public Company Financial Report Value,Data Value,FILTER,"JOIN financial_rpt_catalog_dim ON financial_rpt_catalog_dim.financial_rpt_catalog_dim_id = fct_public_company_financial_rpt_val.financial_rpt_catalog_dim_id WHERE ((financial_rpt_catalog_dim.enterprise_tp_code IN ('dn','bh') AND financial_rpt_catalog_dim.row_description_reference = '300') OR (financial_rpt_catalog_dim.enterprise_tp_code = 'td' AND financial_rpt_catalog_dim.row_description_reference = '400')) AND financial_rpt_catalog_dim.column_description_reference = '1'",
K_GSDC_81,Dashboard Giám sát Tổng hợp,Nhóm 11 — Tổng hợp chỉ tiêu tài chính theo sàn HNX,Nợ phải trả — theo ngành (HNX),Phái sinh,GSDC,Fact Public Company Financial Report Value,Data Value,FILTER,fct_public_company_financial_rpt_val.rpt_year = :year AND fct_public_company_financial_rpt_val.rpt_quarter = :quarter,
K_GSDC_81,Dashboard Giám sát Tổng hợp,Nhóm 11 — Tổng hợp chỉ tiêu tài chính theo sàn HNX,Nợ phải trả — theo ngành (HNX),Phái sinh,GSDC,Fact Public Company Financial Report Value,Data Value,FILTER,JOIN public_company_dim ON public_company_dim.public_company_dim_id = fct_public_company_financial_rpt_val.public_company_dim_id WHERE public_company_dim.equity_listing_exchange_code = 'HNX',
K_GSDC_82,Dashboard Giám sát Tổng hợp,Nhóm 11 — Tổng hợp chỉ tiêu tài chính theo sàn HNX,Vốn CSH — theo ngành (HNX),Phái sinh,GSDC,Fact Public Company Financial Report Value,Data Value,MEASURE,SUM(fct_public_company_financial_rpt_val.data_val),filter sàn HNX + GROUP BY ngành
K_GSDC_82,Dashboard Giám sát Tổng hợp,Nhóm 11 — Tổng hợp chỉ tiêu tài chính theo sàn HNX,Vốn CSH — theo ngành (HNX),Phái sinh,GSDC,Fact Public Company Financial Report Value,Data Value,FILTER,"JOIN financial_rpt_catalog_dim ON financial_rpt_catalog_dim.financial_rpt_catalog_dim_id = fct_public_company_financial_rpt_val.financial_rpt_catalog_dim_id WHERE ((financial_rpt_catalog_dim.enterprise_tp_code IN ('dn','bh') AND financial_rpt_catalog_dim.row_description_reference = '400') OR (financial_rpt_catalog_dim.enterprise_tp_code = 'td' AND financial_rpt_catalog_dim.row_description_reference = '500')) AND financial_rpt_catalog_dim.column_description_reference = '1'",
K_GSDC_82,Dashboard Giám sát Tổng hợp,Nhóm 11 — Tổng hợp chỉ tiêu tài chính theo sàn HNX,Vốn CSH — theo ngành (HNX),Phái sinh,GSDC,Fact Public Company Financial Report Value,Data Value,FILTER,fct_public_company_financial_rpt_val.rpt_year = :year AND fct_public_company_financial_rpt_val.rpt_quarter = :quarter,
K_GSDC_82,Dashboard Giám sát Tổng hợp,Nhóm 11 — Tổng hợp chỉ tiêu tài chính theo sàn HNX,Vốn CSH — theo ngành (HNX),Phái sinh,GSDC,Fact Public Company Financial Report Value,Data Value,FILTER,JOIN public_company_dim ON public_company_dim.public_company_dim_id = fct_public_company_financial_rpt_val.public_company_dim_id WHERE public_company_dim.equity_listing_exchange_code = 'HNX',
K_GSDC_83,Dashboard Giám sát Tổng hợp,Nhóm 11 — Tổng hợp chỉ tiêu tài chính theo sàn HNX,Vốn điều lệ — theo ngành (HNX),Phái sinh,GSDC,Fact Public Company Financial Report Value,Data Value,MEASURE,SUM(fct_public_company_financial_rpt_val.data_val),filter sàn HNX + GROUP BY ngành
K_GSDC_83,Dashboard Giám sát Tổng hợp,Nhóm 11 — Tổng hợp chỉ tiêu tài chính theo sàn HNX,Vốn điều lệ — theo ngành (HNX),Phái sinh,GSDC,Fact Public Company Financial Report Value,Data Value,FILTER,JOIN financial_rpt_catalog_dim ON financial_rpt_catalog_dim.financial_rpt_catalog_dim_id = fct_public_company_financial_rpt_val.financial_rpt_catalog_dim_id WHERE financial_rpt_catalog_dim.row_description_reference IN ('411') AND financial_rpt_catalog_dim.column_description_reference = '1',
K_GSDC_83,Dashboard Giám sát Tổng hợp,Nhóm 11 — Tổng hợp chỉ tiêu tài chính theo sàn HNX,Vốn điều lệ — theo ngành (HNX),Phái sinh,GSDC,Fact Public Company Financial Report Value,Data Value,FILTER,fct_public_company_financial_rpt_val.rpt_year = :year AND fct_public_company_financial_rpt_val.rpt_quarter = :quarter,
K_GSDC_83,Dashboard Giám sát Tổng hợp,Nhóm 11 — Tổng hợp chỉ tiêu tài chính theo sàn HNX,Vốn điều lệ — theo ngành (HNX),Phái sinh,GSDC,Fact Public Company Financial Report Value,Data Value,FILTER,JOIN public_company_dim ON public_company_dim.public_company_dim_id = fct_public_company_financial_rpt_val.public_company_dim_id WHERE public_company_dim.equity_listing_exchange_code = 'HNX',
K_GSDC_84,Dashboard Giám sát Tổng hợp,Nhóm 11 — Tổng hợp chỉ tiêu tài chính theo sàn HNX,Lợi nhuận sau thuế — theo ngành (HNX),Phái sinh,GSDC,Fact Public Company Financial Report Value,Data Value,MEASURE,SUM(fct_public_company_financial_rpt_val.data_val),filter sàn HNX + GROUP BY ngành
K_GSDC_84,Dashboard Giám sát Tổng hợp,Nhóm 11 — Tổng hợp chỉ tiêu tài chính theo sàn HNX,Lợi nhuận sau thuế — theo ngành (HNX),Phái sinh,GSDC,Fact Public Company Financial Report Value,Data Value,FILTER,"JOIN financial_rpt_catalog_dim ON financial_rpt_catalog_dim.financial_rpt_catalog_dim_id = fct_public_company_financial_rpt_val.financial_rpt_catalog_dim_id WHERE ((financial_rpt_catalog_dim.enterprise_tp_code IN ('dn','bh') AND financial_rpt_catalog_dim.row_description_reference = '60') OR (financial_rpt_catalog_dim.enterprise_tp_code = 'td' AND financial_rpt_catalog_dim.row_description_reference = '21')) AND financial_rpt_catalog_dim.column_description_reference = '1'",
K_GSDC_84,Dashboard Giám sát Tổng hợp,Nhóm 11 — Tổng hợp chỉ tiêu tài chính theo sàn HNX,Lợi nhuận sau thuế — theo ngành (HNX),Phái sinh,GSDC,Fact Public Company Financial Report Value,Data Value,FILTER,fct_public_company_financial_rpt_val.rpt_year = :year AND fct_public_company_financial_rpt_val.rpt_quarter = :quarter,
K_GSDC_84,Dashboard Giám sát Tổng hợp,Nhóm 11 — Tổng hợp chỉ tiêu tài chính theo sàn HNX,Lợi nhuận sau thuế — theo ngành (HNX),Phái sinh,GSDC,Fact Public Company Financial Report Value,Data Value,FILTER,JOIN public_company_dim ON public_company_dim.public_company_dim_id = fct_public_company_financial_rpt_val.public_company_dim_id WHERE public_company_dim.equity_listing_exchange_code = 'HNX',
K_GSDC_87,Dashboard Giám sát Tổng hợp,Nhóm 11 — Tổng hợp chỉ tiêu tài chính theo sàn HNX,Hàng tồn kho — theo ngành (HNX),Phái sinh,GSDC,Fact Public Company Financial Report Value,Data Value,MEASURE,SUM(fct_public_company_financial_rpt_val.data_val),filter sàn HNX + GROUP BY ngành
K_GSDC_87,Dashboard Giám sát Tổng hợp,Nhóm 11 — Tổng hợp chỉ tiêu tài chính theo sàn HNX,Hàng tồn kho — theo ngành (HNX),Phái sinh,GSDC,Fact Public Company Financial Report Value,Data Value,FILTER,JOIN financial_rpt_catalog_dim ON financial_rpt_catalog_dim.financial_rpt_catalog_dim_id = fct_public_company_financial_rpt_val.financial_rpt_catalog_dim_id WHERE financial_rpt_catalog_dim.row_description_reference IN ('140') AND financial_rpt_catalog_dim.column_description_reference = '1',
K_GSDC_87,Dashboard Giám sát Tổng hợp,Nhóm 11 — Tổng hợp chỉ tiêu tài chính theo sàn HNX,Hàng tồn kho — theo ngành (HNX),Phái sinh,GSDC,Fact Public Company Financial Report Value,Data Value,FILTER,fct_public_company_financial_rpt_val.rpt_year = :year AND fct_public_company_financial_rpt_val.rpt_quarter = :quarter,
K_GSDC_87,Dashboard Giám sát Tổng hợp,Nhóm 11 — Tổng hợp chỉ tiêu tài chính theo sàn HNX,Hàng tồn kho — theo ngành (HNX),Phái sinh,GSDC,Fact Public Company Financial Report Value,Data Value,FILTER,JOIN public_company_dim ON public_company_dim.public_company_dim_id = fct_public_company_financial_rpt_val.public_company_dim_id WHERE public_company_dim.equity_listing_exchange_code = 'HNX',
K_GSDC_88,Dashboard Giám sát Tổng hợp,Nhóm 11 — Tổng hợp chỉ tiêu tài chính theo sàn HNX,Doanh thu — theo ngành (HNX),Phái sinh,GSDC,Fact Public Company Financial Report Value,Data Value,MEASURE,SUM(fct_public_company_financial_rpt_val.data_val),filter sàn HNX + GROUP BY ngành
K_GSDC_88,Dashboard Giám sát Tổng hợp,Nhóm 11 — Tổng hợp chỉ tiêu tài chính theo sàn HNX,Doanh thu — theo ngành (HNX),Phái sinh,GSDC,Fact Public Company Financial Report Value,Data Value,FILTER,"JOIN financial_rpt_catalog_dim ON financial_rpt_catalog_dim.financial_rpt_catalog_dim_id = fct_public_company_financial_rpt_val.financial_rpt_catalog_dim_id WHERE ((financial_rpt_catalog_dim.enterprise_tp_code IN ('dn','bh') AND financial_rpt_catalog_dim.row_description_reference = '10') OR (financial_rpt_catalog_dim.enterprise_tp_code = 'td' AND financial_rpt_catalog_dim.row_description_reference = '03')) AND financial_rpt_catalog_dim.column_description_reference = '1'",
K_GSDC_88,Dashboard Giám sát Tổng hợp,Nhóm 11 — Tổng hợp chỉ tiêu tài chính theo sàn HNX,Doanh thu — theo ngành (HNX),Phái sinh,GSDC,Fact Public Company Financial Report Value,Data Value,FILTER,fct_public_company_financial_rpt_val.rpt_year = :year AND fct_public_company_financial_rpt_val.rpt_quarter = :quarter,
K_GSDC_88,Dashboard Giám sát Tổng hợp,Nhóm 11 — Tổng hợp chỉ tiêu tài chính theo sàn HNX,Doanh thu — theo ngành (HNX),Phái sinh,GSDC,Fact Public Company Financial Report Value,Data Value,FILTER,JOIN public_company_dim ON public_company_dim.public_company_dim_id = fct_public_company_financial_rpt_val.public_company_dim_id WHERE public_company_dim.equity_listing_exchange_code = 'HNX',
K_GSDC_89,Dashboard Giám sát Tổng hợp,Nhóm 11 — Tổng hợp chỉ tiêu tài chính theo sàn HNX,Lợi nhuận dồn tích YTD — theo ngành (HNX),Phái sinh,GSDC,Fact Public Company Financial Report Value,Data Value,MEASURE,SUM(fct_public_company_financial_rpt_val.data_val),filter sàn HNX + GROUP BY ngành
K_GSDC_89,Dashboard Giám sát Tổng hợp,Nhóm 11 — Tổng hợp chỉ tiêu tài chính theo sàn HNX,Lợi nhuận dồn tích YTD — theo ngành (HNX),Phái sinh,GSDC,Fact Public Company Financial Report Value,Data Value,FILTER,JOIN financial_rpt_catalog_dim ON financial_rpt_catalog_dim.financial_rpt_catalog_dim_id = fct_public_company_financial_rpt_val.financial_rpt_catalog_dim_id WHERE financial_rpt_catalog_dim.row_description_reference IN ('421') AND financial_rpt_catalog_dim.column_description_reference = '1',
K_GSDC_89,Dashboard Giám sát Tổng hợp,Nhóm 11 — Tổng hợp chỉ tiêu tài chính theo sàn HNX,Lợi nhuận dồn tích YTD — theo ngành (HNX),Phái sinh,GSDC,Fact Public Company Financial Report Value,Data Value,FILTER,fct_public_company_financial_rpt_val.rpt_year = :year AND fct_public_company_financial_rpt_val.rpt_quarter = :quarter,
K_GSDC_89,Dashboard Giám sát Tổng hợp,Nhóm 11 — Tổng hợp chỉ tiêu tài chính theo sàn HNX,Lợi nhuận dồn tích YTD — theo ngành (HNX),Phái sinh,GSDC,Fact Public Company Financial Report Value,Data Value,FILTER,JOIN public_company_dim ON public_company_dim.public_company_dim_id = fct_public_company_financial_rpt_val.public_company_dim_id WHERE public_company_dim.equity_listing_exchange_code = 'HNX',
K_GSDC_90,Dashboard Giám sát Tổng hợp,Nhóm 11 — Tổng hợp chỉ tiêu tài chính theo sàn HNX,Phải thu — theo ngành (HNX),Phái sinh,GSDC,Fact Public Company Financial Report Value,Data Value,MEASURE,SUM(fct_public_company_financial_rpt_val.data_val),filter sàn HNX + GROUP BY ngành
K_GSDC_90,Dashboard Giám sát Tổng hợp,Nhóm 11 — Tổng hợp chỉ tiêu tài chính theo sàn HNX,Phải thu — theo ngành (HNX),Phái sinh,GSDC,Fact Public Company Financial Report Value,Data Value,FILTER,"JOIN financial_rpt_catalog_dim ON financial_rpt_catalog_dim.financial_rpt_catalog_dim_id = fct_public_company_financial_rpt_val.financial_rpt_catalog_dim_id WHERE ((financial_rpt_catalog_dim.enterprise_tp_code IN ('dn','bh') AND financial_rpt_catalog_dim.row_description_reference IN ('130','210')) OR (financial_rpt_catalog_dim.enterprise_tp_code = 'td' AND financial_rpt_catalog_dim.row_description_reference = '251')) AND financial_rpt_catalog_dim.column_description_reference = '1'",
K_GSDC_90,Dashboard Giám sát Tổng hợp,Nhóm 11 — Tổng hợp chỉ tiêu tài chính theo sàn HNX,Phải thu — theo ngành (HNX),Phái sinh,GSDC,Fact Public Company Financial Report Value,Data Value,FILTER,fct_public_company_financial_rpt_val.rpt_year = :year AND fct_public_company_financial_rpt_val.rpt_quarter = :quarter,
K_GSDC_90,Dashboard Giám sát Tổng hợp,Nhóm 11 — Tổng hợp chỉ tiêu tài chính theo sàn HNX,Phải thu — theo ngành (HNX),Phái sinh,GSDC,Fact Public Company Financial Report Value,Data Value,FILTER,JOIN public_company_dim ON public_company_dim.public_company_dim_id = fct_public_company_financial_rpt_val.public_company_dim_id WHERE public_company_dim.equity_listing_exchange_code = 'HNX',
K_GSDC_91,Dashboard Giám sát Tổng hợp,Nhóm 11 — Tổng hợp chỉ tiêu tài chính theo sàn HNX,Tiền và tương đương tiền — theo ngành (HNX),Phái sinh,GSDC,Fact Public Company Financial Report Value,Data Value,MEASURE,SUM(fct_public_company_financial_rpt_val.data_val),filter sàn HNX + GROUP BY ngành
K_GSDC_91,Dashboard Giám sát Tổng hợp,Nhóm 11 — Tổng hợp chỉ tiêu tài chính theo sàn HNX,Tiền và tương đương tiền — theo ngành (HNX),Phái sinh,GSDC,Fact Public Company Financial Report Value,Data Value,FILTER,"JOIN financial_rpt_catalog_dim ON financial_rpt_catalog_dim.financial_rpt_catalog_dim_id = fct_public_company_financial_rpt_val.financial_rpt_catalog_dim_id WHERE ((financial_rpt_catalog_dim.enterprise_tp_code IN ('dn','bh') AND financial_rpt_catalog_dim.row_description_reference = '110') OR (financial_rpt_catalog_dim.enterprise_tp_code = 'td' AND financial_rpt_catalog_dim.row_description_reference IN ('110','120'))) AND financial_rpt_catalog_dim.column_description_reference = '1'",
K_GSDC_91,Dashboard Giám sát Tổng hợp,Nhóm 11 — Tổng hợp chỉ tiêu tài chính theo sàn HNX,Tiền và tương đương tiền — theo ngành (HNX),Phái sinh,GSDC,Fact Public Company Financial Report Value,Data Value,FILTER,fct_public_company_financial_rpt_val.rpt_year = :year AND fct_public_company_financial_rpt_val.rpt_quarter = :quarter,
K_GSDC_91,Dashboard Giám sát Tổng hợp,Nhóm 11 — Tổng hợp chỉ tiêu tài chính theo sàn HNX,Tiền và tương đương tiền — theo ngành (HNX),Phái sinh,GSDC,Fact Public Company Financial Report Value,Data Value,FILTER,JOIN public_company_dim ON public_company_dim.public_company_dim_id = fct_public_company_financial_rpt_val.public_company_dim_id WHERE public_company_dim.equity_listing_exchange_code = 'HNX',
K_GSDC_85,Dashboard Giám sát Tổng hợp,Nhóm 11 — Tổng hợp chỉ tiêu tài chính theo sàn HNX,ROA — theo ngành (HNX),Phái sinh,GSDC,,,DERIVED,"SUM(fct_public_company_financial_rpt_val.data_val | LNST row 60) / NULLIF(SUM((NVL(TSBQ_col2, TSBQ_col1) + NVL(TSBQ_col1, TSBQ_col2)) / 2), 0) * 100 | filter sàn HNX GROUP BY ngành | TSBQ_col1/col2 = fct_public_company_financial_rpt_val.data_val row 270, col_desc=1 (cuối kỳ)/2 (đầu kỳ) — nếu 1 vế null lấy vế còn lại làm cả 2, cả 2 null thì kết quả null",
K_GSDC_86,Dashboard Giám sát Tổng hợp,Nhóm 11 — Tổng hợp chỉ tiêu tài chính theo sàn HNX,ROE — theo ngành (HNX),Phái sinh,GSDC,,,DERIVED,"SUM(fct_public_company_financial_rpt_val.data_val | LNST row 60) / NULLIF(SUM((NVL(VCSHBQ_col2, VCSHBQ_col1) + NVL(VCSHBQ_col1, VCSHBQ_col2)) / 2), 0) * 100 | filter sàn HNX GROUP BY ngành | VCSHBQ_col1/col2 = fct_public_company_financial_rpt_val.data_val row 400, col_desc=1 (cuối kỳ)/2 (đầu kỳ) — nếu 1 vế null lấy vế còn lại làm cả 2, cả 2 null thì kết quả null",
K_GSDC_92,Dashboard Giám sát Tổng hợp,Nhóm 11 — Tổng hợp chỉ tiêu tài chính theo sàn HNX,Nợ/Vốn CSH — theo ngành (HNX),Phái sinh,GSDC,,,DERIVED,"SUM(fct_public_company_financial_rpt_val.data_val | Nợ row 300(dn/bh)/400(td)) / NULLIF(SUM(fct_public_company_financial_rpt_val.data_val | VCSH row 400(dn/bh)/500(td)), 0) | filter sàn HNX GROUP BY ngành",
K_GSDC_46,Dashboard Giám sát Tổng hợp,Nhóm 12 — Thống kê niêm yết sàn HOSE,Ngày thống kê (Năm/Quý),Chiều,GSDC,,,SLICER,:year AND :quarter,reuse K_GSDC_46
K_GSDC_78,Dashboard Giám sát Tổng hợp,Nhóm 12 — Thống kê niêm yết sàn HOSE,Sàn,Chiều,GSDC,Public Company Dimension,Equity Listing Exchange Code,FILTER,public_company_dim.equity_listing_exchange_code = 'HOSE',"reuse KPI Sàn, khác filter"
K_GSDC_47,Dashboard Giám sát Tổng hợp,Nhóm 12 — Thống kê niêm yết sàn HOSE,Số doanh nghiệp theo từng sàn,Base,GSDC,Public Company Dimension,Ids Registration Date,MEASURE,COUNT(DISTINCT public_company_dim.public_company_dim_id),
K_GSDC_47,Dashboard Giám sát Tổng hợp,Nhóm 12 — Thống kê niêm yết sàn HOSE,Số doanh nghiệp theo từng sàn,Base,GSDC,Public Company Dimension,Ids Registration Date,FILTER,public_company_dim.ids_registration_dt <= :end_of_period AND public_company_dim.equity_listing_exchange_code = 'HOSE',
K_GSDC_48,Dashboard Giám sát Tổng hợp,Nhóm 12 — Thống kê niêm yết sàn HOSE,Tỷ lệ nộp BCTC theo từng sàn (quý),Phái sinh,GSDC,,,DERIVED,"SUM(fct_violation_rpt_snpst.rpt_submitted_count) / NULLIF(SUM(fct_violation_rpt_snpst.rpt_due_count), 0) * 100 | JOIN public_company_dim WHERE equity_listing_exchange_code='HOSE'",Reuse công thức Nhóm 6
K_GSDC_49,Dashboard Giám sát Tổng hợp,Nhóm 12 — Thống kê niêm yết sàn HOSE,Số DN báo lãi theo từng sàn,Base,GSDC,Fact Violation Report Snapshot,Profitable Indicator,MEASURE,COUNT(DISTINCT CASE WHEN fct_violation_rpt_snpst.profitable_indicator = 1 THEN fct_violation_rpt_snpst.public_company_dim_id END),
K_GSDC_49,Dashboard Giám sát Tổng hợp,Nhóm 12 — Thống kê niêm yết sàn HOSE,Số DN báo lãi theo từng sàn,Base,GSDC,Public Company Dimension,Equity Listing Exchange Code,FILTER,JOIN public_company_dim ON public_company_dim.public_company_dim_id = fct_violation_rpt_snpst.public_company_dim_id WHERE public_company_dim.equity_listing_exchange_code = 'HOSE',
K_GSDC_50,Dashboard Giám sát Tổng hợp,Nhóm 13 — Tổng hợp chỉ tiêu tài chính theo sàn HOSE,Tổng tài sản (HOSE),Phái sinh,GSDC,Fact Public Company Financial Report Value,Data Value,MEASURE,SUM(fct_public_company_financial_rpt_val.data_val),"reuse công thức Nhóm 7, filter sàn HOSE"
K_GSDC_50,Dashboard Giám sát Tổng hợp,Nhóm 13 — Tổng hợp chỉ tiêu tài chính theo sàn HOSE,Tổng tài sản (HOSE),Phái sinh,GSDC,Fact Public Company Financial Report Value,Data Value,FILTER,"JOIN financial_rpt_catalog_dim ON financial_rpt_catalog_dim.financial_rpt_catalog_dim_id = fct_public_company_financial_rpt_val.financial_rpt_catalog_dim_id WHERE ((financial_rpt_catalog_dim.enterprise_tp_code IN ('dn','bh') AND financial_rpt_catalog_dim.row_description_reference = '270') OR (financial_rpt_catalog_dim.enterprise_tp_code = 'td' AND financial_rpt_catalog_dim.row_description_reference = '300')) AND financial_rpt_catalog_dim.column_description_reference = '1'",
K_GSDC_50,Dashboard Giám sát Tổng hợp,Nhóm 13 — Tổng hợp chỉ tiêu tài chính theo sàn HOSE,Tổng tài sản (HOSE),Phái sinh,GSDC,Fact Public Company Financial Report Value,Data Value,FILTER,fct_public_company_financial_rpt_val.rpt_year = :year AND fct_public_company_financial_rpt_val.rpt_quarter = :quarter,
K_GSDC_50,Dashboard Giám sát Tổng hợp,Nhóm 13 — Tổng hợp chỉ tiêu tài chính theo sàn HOSE,Tổng tài sản (HOSE),Phái sinh,GSDC,Public Company Dimension,Equity Listing Exchange Code,FILTER,JOIN public_company_dim ON public_company_dim.public_company_dim_id = fct_public_company_financial_rpt_val.public_company_dim_id WHERE public_company_dim.equity_listing_exchange_code = 'HOSE',
K_GSDC_51,Dashboard Giám sát Tổng hợp,Nhóm 13 — Tổng hợp chỉ tiêu tài chính theo sàn HOSE,Nợ phải trả (HOSE),Phái sinh,GSDC,Fact Public Company Financial Report Value,Data Value,MEASURE,SUM(fct_public_company_financial_rpt_val.data_val),"reuse công thức Nhóm 7, filter sàn HOSE"
K_GSDC_51,Dashboard Giám sát Tổng hợp,Nhóm 13 — Tổng hợp chỉ tiêu tài chính theo sàn HOSE,Nợ phải trả (HOSE),Phái sinh,GSDC,Fact Public Company Financial Report Value,Data Value,FILTER,"JOIN financial_rpt_catalog_dim ON financial_rpt_catalog_dim.financial_rpt_catalog_dim_id = fct_public_company_financial_rpt_val.financial_rpt_catalog_dim_id WHERE ((financial_rpt_catalog_dim.enterprise_tp_code IN ('dn','bh') AND financial_rpt_catalog_dim.row_description_reference = '300') OR (financial_rpt_catalog_dim.enterprise_tp_code = 'td' AND financial_rpt_catalog_dim.row_description_reference = '400')) AND financial_rpt_catalog_dim.column_description_reference = '1'",
K_GSDC_51,Dashboard Giám sát Tổng hợp,Nhóm 13 — Tổng hợp chỉ tiêu tài chính theo sàn HOSE,Nợ phải trả (HOSE),Phái sinh,GSDC,Fact Public Company Financial Report Value,Data Value,FILTER,fct_public_company_financial_rpt_val.rpt_year = :year AND fct_public_company_financial_rpt_val.rpt_quarter = :quarter,
K_GSDC_51,Dashboard Giám sát Tổng hợp,Nhóm 13 — Tổng hợp chỉ tiêu tài chính theo sàn HOSE,Nợ phải trả (HOSE),Phái sinh,GSDC,Public Company Dimension,Equity Listing Exchange Code,FILTER,JOIN public_company_dim ON public_company_dim.public_company_dim_id = fct_public_company_financial_rpt_val.public_company_dim_id WHERE public_company_dim.equity_listing_exchange_code = 'HOSE',
K_GSDC_52,Dashboard Giám sát Tổng hợp,Nhóm 13 — Tổng hợp chỉ tiêu tài chính theo sàn HOSE,Vốn CSH (HOSE),Phái sinh,GSDC,Fact Public Company Financial Report Value,Data Value,MEASURE,SUM(fct_public_company_financial_rpt_val.data_val),"reuse công thức Nhóm 7, filter sàn HOSE"
K_GSDC_52,Dashboard Giám sát Tổng hợp,Nhóm 13 — Tổng hợp chỉ tiêu tài chính theo sàn HOSE,Vốn CSH (HOSE),Phái sinh,GSDC,Fact Public Company Financial Report Value,Data Value,FILTER,"JOIN financial_rpt_catalog_dim ON financial_rpt_catalog_dim.financial_rpt_catalog_dim_id = fct_public_company_financial_rpt_val.financial_rpt_catalog_dim_id WHERE ((financial_rpt_catalog_dim.enterprise_tp_code IN ('dn','bh') AND financial_rpt_catalog_dim.row_description_reference = '400') OR (financial_rpt_catalog_dim.enterprise_tp_code = 'td' AND financial_rpt_catalog_dim.row_description_reference = '500')) AND financial_rpt_catalog_dim.column_description_reference = '1'",
K_GSDC_52,Dashboard Giám sát Tổng hợp,Nhóm 13 — Tổng hợp chỉ tiêu tài chính theo sàn HOSE,Vốn CSH (HOSE),Phái sinh,GSDC,Fact Public Company Financial Report Value,Data Value,FILTER,fct_public_company_financial_rpt_val.rpt_year = :year AND fct_public_company_financial_rpt_val.rpt_quarter = :quarter,
K_GSDC_52,Dashboard Giám sát Tổng hợp,Nhóm 13 — Tổng hợp chỉ tiêu tài chính theo sàn HOSE,Vốn CSH (HOSE),Phái sinh,GSDC,Public Company Dimension,Equity Listing Exchange Code,FILTER,JOIN public_company_dim ON public_company_dim.public_company_dim_id = fct_public_company_financial_rpt_val.public_company_dim_id WHERE public_company_dim.equity_listing_exchange_code = 'HOSE',
K_GSDC_53,Dashboard Giám sát Tổng hợp,Nhóm 13 — Tổng hợp chỉ tiêu tài chính theo sàn HOSE,Vốn điều lệ (HOSE),Phái sinh,GSDC,Fact Public Company Financial Report Value,Data Value,MEASURE,SUM(fct_public_company_financial_rpt_val.data_val),"reuse công thức Nhóm 7, filter sàn HOSE"
K_GSDC_53,Dashboard Giám sát Tổng hợp,Nhóm 13 — Tổng hợp chỉ tiêu tài chính theo sàn HOSE,Vốn điều lệ (HOSE),Phái sinh,GSDC,Fact Public Company Financial Report Value,Data Value,FILTER,JOIN financial_rpt_catalog_dim ON financial_rpt_catalog_dim.financial_rpt_catalog_dim_id = fct_public_company_financial_rpt_val.financial_rpt_catalog_dim_id WHERE financial_rpt_catalog_dim.row_description_reference IN ('411') AND financial_rpt_catalog_dim.column_description_reference = '1',
K_GSDC_53,Dashboard Giám sát Tổng hợp,Nhóm 13 — Tổng hợp chỉ tiêu tài chính theo sàn HOSE,Vốn điều lệ (HOSE),Phái sinh,GSDC,Fact Public Company Financial Report Value,Data Value,FILTER,fct_public_company_financial_rpt_val.rpt_year = :year AND fct_public_company_financial_rpt_val.rpt_quarter = :quarter,
K_GSDC_53,Dashboard Giám sát Tổng hợp,Nhóm 13 — Tổng hợp chỉ tiêu tài chính theo sàn HOSE,Vốn điều lệ (HOSE),Phái sinh,GSDC,Public Company Dimension,Equity Listing Exchange Code,FILTER,JOIN public_company_dim ON public_company_dim.public_company_dim_id = fct_public_company_financial_rpt_val.public_company_dim_id WHERE public_company_dim.equity_listing_exchange_code = 'HOSE',
K_GSDC_54,Dashboard Giám sát Tổng hợp,Nhóm 13 — Tổng hợp chỉ tiêu tài chính theo sàn HOSE,Lợi nhuận sau thuế (HOSE),Phái sinh,GSDC,Fact Public Company Financial Report Value,Data Value,MEASURE,SUM(fct_public_company_financial_rpt_val.data_val),"reuse công thức Nhóm 7, filter sàn HOSE"
K_GSDC_54,Dashboard Giám sát Tổng hợp,Nhóm 13 — Tổng hợp chỉ tiêu tài chính theo sàn HOSE,Lợi nhuận sau thuế (HOSE),Phái sinh,GSDC,Fact Public Company Financial Report Value,Data Value,FILTER,"JOIN financial_rpt_catalog_dim ON financial_rpt_catalog_dim.financial_rpt_catalog_dim_id = fct_public_company_financial_rpt_val.financial_rpt_catalog_dim_id WHERE ((financial_rpt_catalog_dim.enterprise_tp_code IN ('dn','bh') AND financial_rpt_catalog_dim.row_description_reference = '60') OR (financial_rpt_catalog_dim.enterprise_tp_code = 'td' AND financial_rpt_catalog_dim.row_description_reference = '21')) AND financial_rpt_catalog_dim.column_description_reference = '1'",
K_GSDC_54,Dashboard Giám sát Tổng hợp,Nhóm 13 — Tổng hợp chỉ tiêu tài chính theo sàn HOSE,Lợi nhuận sau thuế (HOSE),Phái sinh,GSDC,Fact Public Company Financial Report Value,Data Value,FILTER,fct_public_company_financial_rpt_val.rpt_year = :year AND fct_public_company_financial_rpt_val.rpt_quarter = :quarter,
K_GSDC_54,Dashboard Giám sát Tổng hợp,Nhóm 13 — Tổng hợp chỉ tiêu tài chính theo sàn HOSE,Lợi nhuận sau thuế (HOSE),Phái sinh,GSDC,Public Company Dimension,Equity Listing Exchange Code,FILTER,JOIN public_company_dim ON public_company_dim.public_company_dim_id = fct_public_company_financial_rpt_val.public_company_dim_id WHERE public_company_dim.equity_listing_exchange_code = 'HOSE',
K_GSDC_57,Dashboard Giám sát Tổng hợp,Nhóm 13 — Tổng hợp chỉ tiêu tài chính theo sàn HOSE,Hàng tồn kho (HOSE),Phái sinh,GSDC,Fact Public Company Financial Report Value,Data Value,MEASURE,SUM(fct_public_company_financial_rpt_val.data_val),"reuse công thức Nhóm 7, filter sàn HOSE"
K_GSDC_57,Dashboard Giám sát Tổng hợp,Nhóm 13 — Tổng hợp chỉ tiêu tài chính theo sàn HOSE,Hàng tồn kho (HOSE),Phái sinh,GSDC,Fact Public Company Financial Report Value,Data Value,FILTER,JOIN financial_rpt_catalog_dim ON financial_rpt_catalog_dim.financial_rpt_catalog_dim_id = fct_public_company_financial_rpt_val.financial_rpt_catalog_dim_id WHERE financial_rpt_catalog_dim.row_description_reference IN ('140') AND financial_rpt_catalog_dim.column_description_reference = '1',
K_GSDC_57,Dashboard Giám sát Tổng hợp,Nhóm 13 — Tổng hợp chỉ tiêu tài chính theo sàn HOSE,Hàng tồn kho (HOSE),Phái sinh,GSDC,Fact Public Company Financial Report Value,Data Value,FILTER,fct_public_company_financial_rpt_val.rpt_year = :year AND fct_public_company_financial_rpt_val.rpt_quarter = :quarter,
K_GSDC_57,Dashboard Giám sát Tổng hợp,Nhóm 13 — Tổng hợp chỉ tiêu tài chính theo sàn HOSE,Hàng tồn kho (HOSE),Phái sinh,GSDC,Public Company Dimension,Equity Listing Exchange Code,FILTER,JOIN public_company_dim ON public_company_dim.public_company_dim_id = fct_public_company_financial_rpt_val.public_company_dim_id WHERE public_company_dim.equity_listing_exchange_code = 'HOSE',
K_GSDC_58,Dashboard Giám sát Tổng hợp,Nhóm 13 — Tổng hợp chỉ tiêu tài chính theo sàn HOSE,Doanh thu thuần (HOSE),Phái sinh,GSDC,Fact Public Company Financial Report Value,Data Value,MEASURE,SUM(fct_public_company_financial_rpt_val.data_val),"reuse công thức Nhóm 7, filter sàn HOSE"
K_GSDC_58,Dashboard Giám sát Tổng hợp,Nhóm 13 — Tổng hợp chỉ tiêu tài chính theo sàn HOSE,Doanh thu thuần (HOSE),Phái sinh,GSDC,Fact Public Company Financial Report Value,Data Value,FILTER,"JOIN financial_rpt_catalog_dim ON financial_rpt_catalog_dim.financial_rpt_catalog_dim_id = fct_public_company_financial_rpt_val.financial_rpt_catalog_dim_id WHERE ((financial_rpt_catalog_dim.enterprise_tp_code IN ('dn','bh') AND financial_rpt_catalog_dim.row_description_reference = '10') OR (financial_rpt_catalog_dim.enterprise_tp_code = 'td' AND financial_rpt_catalog_dim.row_description_reference = '03')) AND financial_rpt_catalog_dim.column_description_reference = '1'",
K_GSDC_58,Dashboard Giám sát Tổng hợp,Nhóm 13 — Tổng hợp chỉ tiêu tài chính theo sàn HOSE,Doanh thu thuần (HOSE),Phái sinh,GSDC,Fact Public Company Financial Report Value,Data Value,FILTER,fct_public_company_financial_rpt_val.rpt_year = :year AND fct_public_company_financial_rpt_val.rpt_quarter = :quarter,
K_GSDC_58,Dashboard Giám sát Tổng hợp,Nhóm 13 — Tổng hợp chỉ tiêu tài chính theo sàn HOSE,Doanh thu thuần (HOSE),Phái sinh,GSDC,Public Company Dimension,Equity Listing Exchange Code,FILTER,JOIN public_company_dim ON public_company_dim.public_company_dim_id = fct_public_company_financial_rpt_val.public_company_dim_id WHERE public_company_dim.equity_listing_exchange_code = 'HOSE',
K_GSDC_59,Dashboard Giám sát Tổng hợp,Nhóm 13 — Tổng hợp chỉ tiêu tài chính theo sàn HOSE,Lợi nhuận dồn tích YTD (HOSE),Phái sinh,GSDC,Fact Public Company Financial Report Value,Data Value,MEASURE,SUM(fct_public_company_financial_rpt_val.data_val),"reuse công thức Nhóm 7, filter sàn HOSE"
K_GSDC_59,Dashboard Giám sát Tổng hợp,Nhóm 13 — Tổng hợp chỉ tiêu tài chính theo sàn HOSE,Lợi nhuận dồn tích YTD (HOSE),Phái sinh,GSDC,Fact Public Company Financial Report Value,Data Value,FILTER,JOIN financial_rpt_catalog_dim ON financial_rpt_catalog_dim.financial_rpt_catalog_dim_id = fct_public_company_financial_rpt_val.financial_rpt_catalog_dim_id WHERE financial_rpt_catalog_dim.row_description_reference IN ('421') AND financial_rpt_catalog_dim.column_description_reference = '1',
K_GSDC_59,Dashboard Giám sát Tổng hợp,Nhóm 13 — Tổng hợp chỉ tiêu tài chính theo sàn HOSE,Lợi nhuận dồn tích YTD (HOSE),Phái sinh,GSDC,Fact Public Company Financial Report Value,Data Value,FILTER,fct_public_company_financial_rpt_val.rpt_year = :year AND fct_public_company_financial_rpt_val.rpt_quarter = :quarter,
K_GSDC_59,Dashboard Giám sát Tổng hợp,Nhóm 13 — Tổng hợp chỉ tiêu tài chính theo sàn HOSE,Lợi nhuận dồn tích YTD (HOSE),Phái sinh,GSDC,Public Company Dimension,Equity Listing Exchange Code,FILTER,JOIN public_company_dim ON public_company_dim.public_company_dim_id = fct_public_company_financial_rpt_val.public_company_dim_id WHERE public_company_dim.equity_listing_exchange_code = 'HOSE',
K_GSDC_60,Dashboard Giám sát Tổng hợp,Nhóm 13 — Tổng hợp chỉ tiêu tài chính theo sàn HOSE,Phải thu (HOSE),Phái sinh,GSDC,Fact Public Company Financial Report Value,Data Value,MEASURE,SUM(fct_public_company_financial_rpt_val.data_val),"reuse công thức Nhóm 7, filter sàn HOSE"
K_GSDC_60,Dashboard Giám sát Tổng hợp,Nhóm 13 — Tổng hợp chỉ tiêu tài chính theo sàn HOSE,Phải thu (HOSE),Phái sinh,GSDC,Fact Public Company Financial Report Value,Data Value,FILTER,"JOIN financial_rpt_catalog_dim ON financial_rpt_catalog_dim.financial_rpt_catalog_dim_id = fct_public_company_financial_rpt_val.financial_rpt_catalog_dim_id WHERE ((financial_rpt_catalog_dim.enterprise_tp_code IN ('dn','bh') AND financial_rpt_catalog_dim.row_description_reference IN ('130','210')) OR (financial_rpt_catalog_dim.enterprise_tp_code = 'td' AND financial_rpt_catalog_dim.row_description_reference = '251')) AND financial_rpt_catalog_dim.column_description_reference = '1'",
K_GSDC_60,Dashboard Giám sát Tổng hợp,Nhóm 13 — Tổng hợp chỉ tiêu tài chính theo sàn HOSE,Phải thu (HOSE),Phái sinh,GSDC,Fact Public Company Financial Report Value,Data Value,FILTER,fct_public_company_financial_rpt_val.rpt_year = :year AND fct_public_company_financial_rpt_val.rpt_quarter = :quarter,
K_GSDC_60,Dashboard Giám sát Tổng hợp,Nhóm 13 — Tổng hợp chỉ tiêu tài chính theo sàn HOSE,Phải thu (HOSE),Phái sinh,GSDC,Public Company Dimension,Equity Listing Exchange Code,FILTER,JOIN public_company_dim ON public_company_dim.public_company_dim_id = fct_public_company_financial_rpt_val.public_company_dim_id WHERE public_company_dim.equity_listing_exchange_code = 'HOSE',
K_GSDC_61,Dashboard Giám sát Tổng hợp,Nhóm 13 — Tổng hợp chỉ tiêu tài chính theo sàn HOSE,Tiền và tương đương tiền (HOSE),Phái sinh,GSDC,Fact Public Company Financial Report Value,Data Value,MEASURE,SUM(fct_public_company_financial_rpt_val.data_val),"reuse công thức Nhóm 7, filter sàn HOSE"
K_GSDC_61,Dashboard Giám sát Tổng hợp,Nhóm 13 — Tổng hợp chỉ tiêu tài chính theo sàn HOSE,Tiền và tương đương tiền (HOSE),Phái sinh,GSDC,Fact Public Company Financial Report Value,Data Value,FILTER,"JOIN financial_rpt_catalog_dim ON financial_rpt_catalog_dim.financial_rpt_catalog_dim_id = fct_public_company_financial_rpt_val.financial_rpt_catalog_dim_id WHERE ((financial_rpt_catalog_dim.enterprise_tp_code IN ('dn','bh') AND financial_rpt_catalog_dim.row_description_reference = '110') OR (financial_rpt_catalog_dim.enterprise_tp_code = 'td' AND financial_rpt_catalog_dim.row_description_reference IN ('110','120'))) AND financial_rpt_catalog_dim.column_description_reference = '1'",
K_GSDC_61,Dashboard Giám sát Tổng hợp,Nhóm 13 — Tổng hợp chỉ tiêu tài chính theo sàn HOSE,Tiền và tương đương tiền (HOSE),Phái sinh,GSDC,Fact Public Company Financial Report Value,Data Value,FILTER,fct_public_company_financial_rpt_val.rpt_year = :year AND fct_public_company_financial_rpt_val.rpt_quarter = :quarter,
K_GSDC_61,Dashboard Giám sát Tổng hợp,Nhóm 13 — Tổng hợp chỉ tiêu tài chính theo sàn HOSE,Tiền và tương đương tiền (HOSE),Phái sinh,GSDC,Public Company Dimension,Equity Listing Exchange Code,FILTER,JOIN public_company_dim ON public_company_dim.public_company_dim_id = fct_public_company_financial_rpt_val.public_company_dim_id WHERE public_company_dim.equity_listing_exchange_code = 'HOSE',
K_GSDC_50_YOY,Dashboard Giám sát Tổng hợp,Nhóm 13 — Tổng hợp chỉ tiêu tài chính theo sàn HOSE,Tổng tài sản — YoY (HOSE),Phái sinh,GSDC,,,DERIVED,(giá trị kỳ N - giá trị cùng kỳ năm trước) / giá trị cùng kỳ năm trước × 100 | filter sàn HOSE,Refer KPI ID vì YoY — cần presentation layer resolve
K_GSDC_51_YOY,Dashboard Giám sát Tổng hợp,Nhóm 13 — Tổng hợp chỉ tiêu tài chính theo sàn HOSE,Nợ phải trả — YoY (HOSE),Phái sinh,GSDC,,,DERIVED,(giá trị kỳ N - giá trị cùng kỳ năm trước) / giá trị cùng kỳ năm trước × 100 | filter sàn HOSE,Refer KPI ID vì YoY — cần presentation layer resolve
K_GSDC_52_YOY,Dashboard Giám sát Tổng hợp,Nhóm 13 — Tổng hợp chỉ tiêu tài chính theo sàn HOSE,Vốn CSH — YoY (HOSE),Phái sinh,GSDC,,,DERIVED,(giá trị kỳ N - giá trị cùng kỳ năm trước) / giá trị cùng kỳ năm trước × 100 | filter sàn HOSE,Refer KPI ID vì YoY — cần presentation layer resolve
K_GSDC_53_YOY,Dashboard Giám sát Tổng hợp,Nhóm 13 — Tổng hợp chỉ tiêu tài chính theo sàn HOSE,Vốn điều lệ — YoY (HOSE),Phái sinh,GSDC,,,DERIVED,(giá trị kỳ N - giá trị cùng kỳ năm trước) / giá trị cùng kỳ năm trước × 100 | filter sàn HOSE,Refer KPI ID vì YoY — cần presentation layer resolve
K_GSDC_54_YOY,Dashboard Giám sát Tổng hợp,Nhóm 13 — Tổng hợp chỉ tiêu tài chính theo sàn HOSE,LNST — YoY (HOSE),Phái sinh,GSDC,,,DERIVED,(giá trị kỳ N - giá trị cùng kỳ năm trước) / giá trị cùng kỳ năm trước × 100 | filter sàn HOSE,Refer KPI ID vì YoY — cần presentation layer resolve
K_GSDC_57_YOY,Dashboard Giám sát Tổng hợp,Nhóm 13 — Tổng hợp chỉ tiêu tài chính theo sàn HOSE,Hàng tồn kho — YoY (HOSE),Phái sinh,GSDC,,,DERIVED,(giá trị kỳ N - giá trị cùng kỳ năm trước) / giá trị cùng kỳ năm trước × 100 | filter sàn HOSE,Refer KPI ID vì YoY — cần presentation layer resolve
K_GSDC_58_YOY,Dashboard Giám sát Tổng hợp,Nhóm 13 — Tổng hợp chỉ tiêu tài chính theo sàn HOSE,Doanh thu — YoY (HOSE),Phái sinh,GSDC,,,DERIVED,(giá trị kỳ N - giá trị cùng kỳ năm trước) / giá trị cùng kỳ năm trước × 100 | filter sàn HOSE,Refer KPI ID vì YoY — cần presentation layer resolve
K_GSDC_59_YOY,Dashboard Giám sát Tổng hợp,Nhóm 13 — Tổng hợp chỉ tiêu tài chính theo sàn HOSE,LN YTD — YoY (HOSE),Phái sinh,GSDC,,,DERIVED,(giá trị kỳ N - giá trị cùng kỳ năm trước) / giá trị cùng kỳ năm trước × 100 | filter sàn HOSE,Refer KPI ID vì YoY — cần presentation layer resolve
K_GSDC_60_YOY,Dashboard Giám sát Tổng hợp,Nhóm 13 — Tổng hợp chỉ tiêu tài chính theo sàn HOSE,Phải thu — YoY (HOSE),Phái sinh,GSDC,,,DERIVED,(giá trị kỳ N - giá trị cùng kỳ năm trước) / giá trị cùng kỳ năm trước × 100 | filter sàn HOSE,Refer KPI ID vì YoY — cần presentation layer resolve
K_GSDC_61_YOY,Dashboard Giám sát Tổng hợp,Nhóm 13 — Tổng hợp chỉ tiêu tài chính theo sàn HOSE,Tiền TĐT — YoY (HOSE),Phái sinh,GSDC,,,DERIVED,(giá trị kỳ N - giá trị cùng kỳ năm trước) / giá trị cùng kỳ năm trước × 100 | filter sàn HOSE,Refer KPI ID vì YoY — cần presentation layer resolve
K_GSDC_55,Dashboard Giám sát Tổng hợp,Nhóm 13 — Tổng hợp chỉ tiêu tài chính theo sàn HOSE,ROA (HOSE),Phái sinh,GSDC,,,DERIVED,"SUM(fct_public_company_financial_rpt_val.data_val | LNST row 60) / NULLIF(SUM((NVL(TSBQ_col2, TSBQ_col1) + NVL(TSBQ_col1, TSBQ_col2)) / 2), 0) * 100 | filter sàn HOSE | TSBQ_col1/col2 = fct_public_company_financial_rpt_val.data_val row 270, col_desc=1 (cuối kỳ)/2 (đầu kỳ) — nếu 1 vế null lấy vế còn lại làm cả 2, cả 2 null thì kết quả null",
K_GSDC_55_YOY,Dashboard Giám sát Tổng hợp,Nhóm 13 — Tổng hợp chỉ tiêu tài chính theo sàn HOSE,ROA — YoY (HOSE),Phái sinh,GSDC,,,DERIVED,(ROA kỳ N - ROA cùng kỳ năm trước) / ROA cùng kỳ năm trước × 100 | filter sàn HOSE,Refer KPI ID vì YoY
K_GSDC_56,Dashboard Giám sát Tổng hợp,Nhóm 13 — Tổng hợp chỉ tiêu tài chính theo sàn HOSE,ROE (HOSE),Phái sinh,GSDC,,,DERIVED,"SUM(fct_public_company_financial_rpt_val.data_val | LNST row 60) / NULLIF(SUM((NVL(VCSHBQ_col2, VCSHBQ_col1) + NVL(VCSHBQ_col1, VCSHBQ_col2)) / 2), 0) * 100 | filter sàn HOSE | VCSHBQ_col1/col2 = fct_public_company_financial_rpt_val.data_val row 400, col_desc=1 (cuối kỳ)/2 (đầu kỳ) — nếu 1 vế null lấy vế còn lại làm cả 2, cả 2 null thì kết quả null",
K_GSDC_56_YOY,Dashboard Giám sát Tổng hợp,Nhóm 13 — Tổng hợp chỉ tiêu tài chính theo sàn HOSE,ROE — YoY (HOSE),Phái sinh,GSDC,,,DERIVED,(ROE kỳ N - ROE cùng kỳ năm trước) / ROE cùng kỳ năm trước × 100 | filter sàn HOSE,Refer KPI ID vì YoY
K_GSDC_62,Dashboard Giám sát Tổng hợp,Nhóm 13 — Tổng hợp chỉ tiêu tài chính theo sàn HOSE,Nợ / Vốn CSH (HOSE),Phái sinh,GSDC,,,DERIVED,"SUM(fct_public_company_financial_rpt_val.data_val | Nợ row 300(dn/bh)/400(td)) / NULLIF(SUM(fct_public_company_financial_rpt_val.data_val | VCSH row 400(dn/bh)/500(td)), 0) | filter sàn HOSE",
K_GSDC_62_YOY,Dashboard Giám sát Tổng hợp,Nhóm 13 — Tổng hợp chỉ tiêu tài chính theo sàn HOSE,Nợ/Vốn CSH — YoY (HOSE),Phái sinh,GSDC,,,DERIVED,(Nợ/VCSH kỳ N - Nợ/VCSH cùng kỳ năm trước) / Nợ/VCSH cùng kỳ năm trước × 100 | filter sàn HOSE,Refer KPI ID vì YoY
K_GSDC_79,Dashboard Giám sát Tổng hợp,Nhóm 13 — Tổng hợp chỉ tiêu tài chính theo sàn HOSE,Ngành,Chiều,GSDC,Public Company Dimension,Business Line Level 1 Code,GROUP_BY,public_company_dim.business_line_level_1_code,reuse từ Nhóm 11
K_GSDC_80,Dashboard Giám sát Tổng hợp,Nhóm 13 — Tổng hợp chỉ tiêu tài chính theo sàn HOSE,Tổng tài sản — theo ngành (HOSE),Phái sinh,GSDC,Fact Public Company Financial Report Value,Data Value,MEASURE,SUM(fct_public_company_financial_rpt_val.data_val),filter sàn HOSE + GROUP BY ngành
K_GSDC_80,Dashboard Giám sát Tổng hợp,Nhóm 13 — Tổng hợp chỉ tiêu tài chính theo sàn HOSE,Tổng tài sản — theo ngành (HOSE),Phái sinh,GSDC,Fact Public Company Financial Report Value,Data Value,FILTER,"JOIN financial_rpt_catalog_dim ON financial_rpt_catalog_dim.financial_rpt_catalog_dim_id = fct_public_company_financial_rpt_val.financial_rpt_catalog_dim_id WHERE ((financial_rpt_catalog_dim.enterprise_tp_code IN ('dn','bh') AND financial_rpt_catalog_dim.row_description_reference = '270') OR (financial_rpt_catalog_dim.enterprise_tp_code = 'td' AND financial_rpt_catalog_dim.row_description_reference = '300')) AND financial_rpt_catalog_dim.column_description_reference = '1'",
K_GSDC_80,Dashboard Giám sát Tổng hợp,Nhóm 13 — Tổng hợp chỉ tiêu tài chính theo sàn HOSE,Tổng tài sản — theo ngành (HOSE),Phái sinh,GSDC,Fact Public Company Financial Report Value,Data Value,FILTER,fct_public_company_financial_rpt_val.rpt_year = :year AND fct_public_company_financial_rpt_val.rpt_quarter = :quarter,
K_GSDC_80,Dashboard Giám sát Tổng hợp,Nhóm 13 — Tổng hợp chỉ tiêu tài chính theo sàn HOSE,Tổng tài sản — theo ngành (HOSE),Phái sinh,GSDC,Fact Public Company Financial Report Value,Data Value,FILTER,JOIN public_company_dim ON public_company_dim.public_company_dim_id = fct_public_company_financial_rpt_val.public_company_dim_id WHERE public_company_dim.equity_listing_exchange_code = 'HOSE',
K_GSDC_81,Dashboard Giám sát Tổng hợp,Nhóm 13 — Tổng hợp chỉ tiêu tài chính theo sàn HOSE,Nợ phải trả — theo ngành (HOSE),Phái sinh,GSDC,Fact Public Company Financial Report Value,Data Value,MEASURE,SUM(fct_public_company_financial_rpt_val.data_val),filter sàn HOSE + GROUP BY ngành
K_GSDC_81,Dashboard Giám sát Tổng hợp,Nhóm 13 — Tổng hợp chỉ tiêu tài chính theo sàn HOSE,Nợ phải trả — theo ngành (HOSE),Phái sinh,GSDC,Fact Public Company Financial Report Value,Data Value,FILTER,"JOIN financial_rpt_catalog_dim ON financial_rpt_catalog_dim.financial_rpt_catalog_dim_id = fct_public_company_financial_rpt_val.financial_rpt_catalog_dim_id WHERE ((financial_rpt_catalog_dim.enterprise_tp_code IN ('dn','bh') AND financial_rpt_catalog_dim.row_description_reference = '300') OR (financial_rpt_catalog_dim.enterprise_tp_code = 'td' AND financial_rpt_catalog_dim.row_description_reference = '400')) AND financial_rpt_catalog_dim.column_description_reference = '1'",
K_GSDC_81,Dashboard Giám sát Tổng hợp,Nhóm 13 — Tổng hợp chỉ tiêu tài chính theo sàn HOSE,Nợ phải trả — theo ngành (HOSE),Phái sinh,GSDC,Fact Public Company Financial Report Value,Data Value,FILTER,fct_public_company_financial_rpt_val.rpt_year = :year AND fct_public_company_financial_rpt_val.rpt_quarter = :quarter,
K_GSDC_81,Dashboard Giám sát Tổng hợp,Nhóm 13 — Tổng hợp chỉ tiêu tài chính theo sàn HOSE,Nợ phải trả — theo ngành (HOSE),Phái sinh,GSDC,Fact Public Company Financial Report Value,Data Value,FILTER,JOIN public_company_dim ON public_company_dim.public_company_dim_id = fct_public_company_financial_rpt_val.public_company_dim_id WHERE public_company_dim.equity_listing_exchange_code = 'HOSE',
K_GSDC_82,Dashboard Giám sát Tổng hợp,Nhóm 13 — Tổng hợp chỉ tiêu tài chính theo sàn HOSE,Vốn CSH — theo ngành (HOSE),Phái sinh,GSDC,Fact Public Company Financial Report Value,Data Value,MEASURE,SUM(fct_public_company_financial_rpt_val.data_val),filter sàn HOSE + GROUP BY ngành
K_GSDC_82,Dashboard Giám sát Tổng hợp,Nhóm 13 — Tổng hợp chỉ tiêu tài chính theo sàn HOSE,Vốn CSH — theo ngành (HOSE),Phái sinh,GSDC,Fact Public Company Financial Report Value,Data Value,FILTER,"JOIN financial_rpt_catalog_dim ON financial_rpt_catalog_dim.financial_rpt_catalog_dim_id = fct_public_company_financial_rpt_val.financial_rpt_catalog_dim_id WHERE ((financial_rpt_catalog_dim.enterprise_tp_code IN ('dn','bh') AND financial_rpt_catalog_dim.row_description_reference = '400') OR (financial_rpt_catalog_dim.enterprise_tp_code = 'td' AND financial_rpt_catalog_dim.row_description_reference = '500')) AND financial_rpt_catalog_dim.column_description_reference = '1'",
K_GSDC_82,Dashboard Giám sát Tổng hợp,Nhóm 13 — Tổng hợp chỉ tiêu tài chính theo sàn HOSE,Vốn CSH — theo ngành (HOSE),Phái sinh,GSDC,Fact Public Company Financial Report Value,Data Value,FILTER,fct_public_company_financial_rpt_val.rpt_year = :year AND fct_public_company_financial_rpt_val.rpt_quarter = :quarter,
K_GSDC_82,Dashboard Giám sát Tổng hợp,Nhóm 13 — Tổng hợp chỉ tiêu tài chính theo sàn HOSE,Vốn CSH — theo ngành (HOSE),Phái sinh,GSDC,Fact Public Company Financial Report Value,Data Value,FILTER,JOIN public_company_dim ON public_company_dim.public_company_dim_id = fct_public_company_financial_rpt_val.public_company_dim_id WHERE public_company_dim.equity_listing_exchange_code = 'HOSE',
K_GSDC_83,Dashboard Giám sát Tổng hợp,Nhóm 13 — Tổng hợp chỉ tiêu tài chính theo sàn HOSE,Vốn điều lệ — theo ngành (HOSE),Phái sinh,GSDC,Fact Public Company Financial Report Value,Data Value,MEASURE,SUM(fct_public_company_financial_rpt_val.data_val),filter sàn HOSE + GROUP BY ngành
K_GSDC_83,Dashboard Giám sát Tổng hợp,Nhóm 13 — Tổng hợp chỉ tiêu tài chính theo sàn HOSE,Vốn điều lệ — theo ngành (HOSE),Phái sinh,GSDC,Fact Public Company Financial Report Value,Data Value,FILTER,JOIN financial_rpt_catalog_dim ON financial_rpt_catalog_dim.financial_rpt_catalog_dim_id = fct_public_company_financial_rpt_val.financial_rpt_catalog_dim_id WHERE financial_rpt_catalog_dim.row_description_reference IN ('411') AND financial_rpt_catalog_dim.column_description_reference = '1',
K_GSDC_83,Dashboard Giám sát Tổng hợp,Nhóm 13 — Tổng hợp chỉ tiêu tài chính theo sàn HOSE,Vốn điều lệ — theo ngành (HOSE),Phái sinh,GSDC,Fact Public Company Financial Report Value,Data Value,FILTER,fct_public_company_financial_rpt_val.rpt_year = :year AND fct_public_company_financial_rpt_val.rpt_quarter = :quarter,
K_GSDC_83,Dashboard Giám sát Tổng hợp,Nhóm 13 — Tổng hợp chỉ tiêu tài chính theo sàn HOSE,Vốn điều lệ — theo ngành (HOSE),Phái sinh,GSDC,Fact Public Company Financial Report Value,Data Value,FILTER,JOIN public_company_dim ON public_company_dim.public_company_dim_id = fct_public_company_financial_rpt_val.public_company_dim_id WHERE public_company_dim.equity_listing_exchange_code = 'HOSE',
K_GSDC_84,Dashboard Giám sát Tổng hợp,Nhóm 13 — Tổng hợp chỉ tiêu tài chính theo sàn HOSE,Lợi nhuận sau thuế — theo ngành (HOSE),Phái sinh,GSDC,Fact Public Company Financial Report Value,Data Value,MEASURE,SUM(fct_public_company_financial_rpt_val.data_val),filter sàn HOSE + GROUP BY ngành
K_GSDC_84,Dashboard Giám sát Tổng hợp,Nhóm 13 — Tổng hợp chỉ tiêu tài chính theo sàn HOSE,Lợi nhuận sau thuế — theo ngành (HOSE),Phái sinh,GSDC,Fact Public Company Financial Report Value,Data Value,FILTER,"JOIN financial_rpt_catalog_dim ON financial_rpt_catalog_dim.financial_rpt_catalog_dim_id = fct_public_company_financial_rpt_val.financial_rpt_catalog_dim_id WHERE ((financial_rpt_catalog_dim.enterprise_tp_code IN ('dn','bh') AND financial_rpt_catalog_dim.row_description_reference = '60') OR (financial_rpt_catalog_dim.enterprise_tp_code = 'td' AND financial_rpt_catalog_dim.row_description_reference = '21')) AND financial_rpt_catalog_dim.column_description_reference = '1'",
K_GSDC_84,Dashboard Giám sát Tổng hợp,Nhóm 13 — Tổng hợp chỉ tiêu tài chính theo sàn HOSE,Lợi nhuận sau thuế — theo ngành (HOSE),Phái sinh,GSDC,Fact Public Company Financial Report Value,Data Value,FILTER,fct_public_company_financial_rpt_val.rpt_year = :year AND fct_public_company_financial_rpt_val.rpt_quarter = :quarter,
K_GSDC_84,Dashboard Giám sát Tổng hợp,Nhóm 13 — Tổng hợp chỉ tiêu tài chính theo sàn HOSE,Lợi nhuận sau thuế — theo ngành (HOSE),Phái sinh,GSDC,Fact Public Company Financial Report Value,Data Value,FILTER,JOIN public_company_dim ON public_company_dim.public_company_dim_id = fct_public_company_financial_rpt_val.public_company_dim_id WHERE public_company_dim.equity_listing_exchange_code = 'HOSE',
K_GSDC_87,Dashboard Giám sát Tổng hợp,Nhóm 13 — Tổng hợp chỉ tiêu tài chính theo sàn HOSE,Hàng tồn kho — theo ngành (HOSE),Phái sinh,GSDC,Fact Public Company Financial Report Value,Data Value,MEASURE,SUM(fct_public_company_financial_rpt_val.data_val),filter sàn HOSE + GROUP BY ngành
K_GSDC_87,Dashboard Giám sát Tổng hợp,Nhóm 13 — Tổng hợp chỉ tiêu tài chính theo sàn HOSE,Hàng tồn kho — theo ngành (HOSE),Phái sinh,GSDC,Fact Public Company Financial Report Value,Data Value,FILTER,JOIN financial_rpt_catalog_dim ON financial_rpt_catalog_dim.financial_rpt_catalog_dim_id = fct_public_company_financial_rpt_val.financial_rpt_catalog_dim_id WHERE financial_rpt_catalog_dim.row_description_reference IN ('140') AND financial_rpt_catalog_dim.column_description_reference = '1',
K_GSDC_87,Dashboard Giám sát Tổng hợp,Nhóm 13 — Tổng hợp chỉ tiêu tài chính theo sàn HOSE,Hàng tồn kho — theo ngành (HOSE),Phái sinh,GSDC,Fact Public Company Financial Report Value,Data Value,FILTER,fct_public_company_financial_rpt_val.rpt_year = :year AND fct_public_company_financial_rpt_val.rpt_quarter = :quarter,
K_GSDC_87,Dashboard Giám sát Tổng hợp,Nhóm 13 — Tổng hợp chỉ tiêu tài chính theo sàn HOSE,Hàng tồn kho — theo ngành (HOSE),Phái sinh,GSDC,Fact Public Company Financial Report Value,Data Value,FILTER,JOIN public_company_dim ON public_company_dim.public_company_dim_id = fct_public_company_financial_rpt_val.public_company_dim_id WHERE public_company_dim.equity_listing_exchange_code = 'HOSE',
K_GSDC_88,Dashboard Giám sát Tổng hợp,Nhóm 13 — Tổng hợp chỉ tiêu tài chính theo sàn HOSE,Doanh thu — theo ngành (HOSE),Phái sinh,GSDC,Fact Public Company Financial Report Value,Data Value,MEASURE,SUM(fct_public_company_financial_rpt_val.data_val),filter sàn HOSE + GROUP BY ngành
K_GSDC_88,Dashboard Giám sát Tổng hợp,Nhóm 13 — Tổng hợp chỉ tiêu tài chính theo sàn HOSE,Doanh thu — theo ngành (HOSE),Phái sinh,GSDC,Fact Public Company Financial Report Value,Data Value,FILTER,"JOIN financial_rpt_catalog_dim ON financial_rpt_catalog_dim.financial_rpt_catalog_dim_id = fct_public_company_financial_rpt_val.financial_rpt_catalog_dim_id WHERE ((financial_rpt_catalog_dim.enterprise_tp_code IN ('dn','bh') AND financial_rpt_catalog_dim.row_description_reference = '10') OR (financial_rpt_catalog_dim.enterprise_tp_code = 'td' AND financial_rpt_catalog_dim.row_description_reference = '03')) AND financial_rpt_catalog_dim.column_description_reference = '1'",
K_GSDC_88,Dashboard Giám sát Tổng hợp,Nhóm 13 — Tổng hợp chỉ tiêu tài chính theo sàn HOSE,Doanh thu — theo ngành (HOSE),Phái sinh,GSDC,Fact Public Company Financial Report Value,Data Value,FILTER,fct_public_company_financial_rpt_val.rpt_year = :year AND fct_public_company_financial_rpt_val.rpt_quarter = :quarter,
K_GSDC_88,Dashboard Giám sát Tổng hợp,Nhóm 13 — Tổng hợp chỉ tiêu tài chính theo sàn HOSE,Doanh thu — theo ngành (HOSE),Phái sinh,GSDC,Fact Public Company Financial Report Value,Data Value,FILTER,JOIN public_company_dim ON public_company_dim.public_company_dim_id = fct_public_company_financial_rpt_val.public_company_dim_id WHERE public_company_dim.equity_listing_exchange_code = 'HOSE',
K_GSDC_89,Dashboard Giám sát Tổng hợp,Nhóm 13 — Tổng hợp chỉ tiêu tài chính theo sàn HOSE,Lợi nhuận dồn tích YTD — theo ngành (HOSE),Phái sinh,GSDC,Fact Public Company Financial Report Value,Data Value,MEASURE,SUM(fct_public_company_financial_rpt_val.data_val),filter sàn HOSE + GROUP BY ngành
K_GSDC_89,Dashboard Giám sát Tổng hợp,Nhóm 13 — Tổng hợp chỉ tiêu tài chính theo sàn HOSE,Lợi nhuận dồn tích YTD — theo ngành (HOSE),Phái sinh,GSDC,Fact Public Company Financial Report Value,Data Value,FILTER,JOIN financial_rpt_catalog_dim ON financial_rpt_catalog_dim.financial_rpt_catalog_dim_id = fct_public_company_financial_rpt_val.financial_rpt_catalog_dim_id WHERE financial_rpt_catalog_dim.row_description_reference IN ('421') AND financial_rpt_catalog_dim.column_description_reference = '1',
K_GSDC_89,Dashboard Giám sát Tổng hợp,Nhóm 13 — Tổng hợp chỉ tiêu tài chính theo sàn HOSE,Lợi nhuận dồn tích YTD — theo ngành (HOSE),Phái sinh,GSDC,Fact Public Company Financial Report Value,Data Value,FILTER,fct_public_company_financial_rpt_val.rpt_year = :year AND fct_public_company_financial_rpt_val.rpt_quarter = :quarter,
K_GSDC_89,Dashboard Giám sát Tổng hợp,Nhóm 13 — Tổng hợp chỉ tiêu tài chính theo sàn HOSE,Lợi nhuận dồn tích YTD — theo ngành (HOSE),Phái sinh,GSDC,Fact Public Company Financial Report Value,Data Value,FILTER,JOIN public_company_dim ON public_company_dim.public_company_dim_id = fct_public_company_financial_rpt_val.public_company_dim_id WHERE public_company_dim.equity_listing_exchange_code = 'HOSE',
K_GSDC_90,Dashboard Giám sát Tổng hợp,Nhóm 13 — Tổng hợp chỉ tiêu tài chính theo sàn HOSE,Phải thu — theo ngành (HOSE),Phái sinh,GSDC,Fact Public Company Financial Report Value,Data Value,MEASURE,SUM(fct_public_company_financial_rpt_val.data_val),filter sàn HOSE + GROUP BY ngành
K_GSDC_90,Dashboard Giám sát Tổng hợp,Nhóm 13 — Tổng hợp chỉ tiêu tài chính theo sàn HOSE,Phải thu — theo ngành (HOSE),Phái sinh,GSDC,Fact Public Company Financial Report Value,Data Value,FILTER,"JOIN financial_rpt_catalog_dim ON financial_rpt_catalog_dim.financial_rpt_catalog_dim_id = fct_public_company_financial_rpt_val.financial_rpt_catalog_dim_id WHERE ((financial_rpt_catalog_dim.enterprise_tp_code IN ('dn','bh') AND financial_rpt_catalog_dim.row_description_reference IN ('130','210')) OR (financial_rpt_catalog_dim.enterprise_tp_code = 'td' AND financial_rpt_catalog_dim.row_description_reference = '251')) AND financial_rpt_catalog_dim.column_description_reference = '1'",
K_GSDC_90,Dashboard Giám sát Tổng hợp,Nhóm 13 — Tổng hợp chỉ tiêu tài chính theo sàn HOSE,Phải thu — theo ngành (HOSE),Phái sinh,GSDC,Fact Public Company Financial Report Value,Data Value,FILTER,fct_public_company_financial_rpt_val.rpt_year = :year AND fct_public_company_financial_rpt_val.rpt_quarter = :quarter,
K_GSDC_90,Dashboard Giám sát Tổng hợp,Nhóm 13 — Tổng hợp chỉ tiêu tài chính theo sàn HOSE,Phải thu — theo ngành (HOSE),Phái sinh,GSDC,Fact Public Company Financial Report Value,Data Value,FILTER,JOIN public_company_dim ON public_company_dim.public_company_dim_id = fct_public_company_financial_rpt_val.public_company_dim_id WHERE public_company_dim.equity_listing_exchange_code = 'HOSE',
K_GSDC_91,Dashboard Giám sát Tổng hợp,Nhóm 13 — Tổng hợp chỉ tiêu tài chính theo sàn HOSE,Tiền và tương đương tiền — theo ngành (HOSE),Phái sinh,GSDC,Fact Public Company Financial Report Value,Data Value,MEASURE,SUM(fct_public_company_financial_rpt_val.data_val),filter sàn HOSE + GROUP BY ngành
K_GSDC_91,Dashboard Giám sát Tổng hợp,Nhóm 13 — Tổng hợp chỉ tiêu tài chính theo sàn HOSE,Tiền và tương đương tiền — theo ngành (HOSE),Phái sinh,GSDC,Fact Public Company Financial Report Value,Data Value,FILTER,"JOIN financial_rpt_catalog_dim ON financial_rpt_catalog_dim.financial_rpt_catalog_dim_id = fct_public_company_financial_rpt_val.financial_rpt_catalog_dim_id WHERE ((financial_rpt_catalog_dim.enterprise_tp_code IN ('dn','bh') AND financial_rpt_catalog_dim.row_description_reference = '110') OR (financial_rpt_catalog_dim.enterprise_tp_code = 'td' AND financial_rpt_catalog_dim.row_description_reference IN ('110','120'))) AND financial_rpt_catalog_dim.column_description_reference = '1'",
K_GSDC_91,Dashboard Giám sát Tổng hợp,Nhóm 13 — Tổng hợp chỉ tiêu tài chính theo sàn HOSE,Tiền và tương đương tiền — theo ngành (HOSE),Phái sinh,GSDC,Fact Public Company Financial Report Value,Data Value,FILTER,fct_public_company_financial_rpt_val.rpt_year = :year AND fct_public_company_financial_rpt_val.rpt_quarter = :quarter,
K_GSDC_91,Dashboard Giám sát Tổng hợp,Nhóm 13 — Tổng hợp chỉ tiêu tài chính theo sàn HOSE,Tiền và tương đương tiền — theo ngành (HOSE),Phái sinh,GSDC,Fact Public Company Financial Report Value,Data Value,FILTER,JOIN public_company_dim ON public_company_dim.public_company_dim_id = fct_public_company_financial_rpt_val.public_company_dim_id WHERE public_company_dim.equity_listing_exchange_code = 'HOSE',
K_GSDC_85,Dashboard Giám sát Tổng hợp,Nhóm 13 — Tổng hợp chỉ tiêu tài chính theo sàn HOSE,ROA — theo ngành (HOSE),Phái sinh,GSDC,,,DERIVED,"SUM(fct_public_company_financial_rpt_val.data_val | LNST row 60) / NULLIF(SUM((NVL(TSBQ_col2, TSBQ_col1) + NVL(TSBQ_col1, TSBQ_col2)) / 2), 0) * 100 | filter sàn HOSE GROUP BY ngành | TSBQ_col1/col2 = fct_public_company_financial_rpt_val.data_val row 270, col_desc=1 (cuối kỳ)/2 (đầu kỳ) — nếu 1 vế null lấy vế còn lại làm cả 2, cả 2 null thì kết quả null",
K_GSDC_86,Dashboard Giám sát Tổng hợp,Nhóm 13 — Tổng hợp chỉ tiêu tài chính theo sàn HOSE,ROE — theo ngành (HOSE),Phái sinh,GSDC,,,DERIVED,"SUM(fct_public_company_financial_rpt_val.data_val | LNST row 60) / NULLIF(SUM((NVL(VCSHBQ_col2, VCSHBQ_col1) + NVL(VCSHBQ_col1, VCSHBQ_col2)) / 2), 0) * 100 | filter sàn HOSE GROUP BY ngành | VCSHBQ_col1/col2 = fct_public_company_financial_rpt_val.data_val row 400, col_desc=1 (cuối kỳ)/2 (đầu kỳ) — nếu 1 vế null lấy vế còn lại làm cả 2, cả 2 null thì kết quả null",
K_GSDC_92,Dashboard Giám sát Tổng hợp,Nhóm 13 — Tổng hợp chỉ tiêu tài chính theo sàn HOSE,Nợ/Vốn CSH — theo ngành (HOSE),Phái sinh,GSDC,,,DERIVED,"SUM(fct_public_company_financial_rpt_val.data_val | Nợ row 300(dn/bh)/400(td)) / NULLIF(SUM(fct_public_company_financial_rpt_val.data_val | VCSH row 400(dn/bh)/500(td)), 0) | filter sàn HOSE GROUP BY ngành",
K_GSDC_46,Dashboard Giám sát Tổng hợp,Nhóm 14 — Thống kê niêm yết sàn UPCOM,Ngày thống kê (Năm/Quý),Chiều,GSDC,,,SLICER,:year AND :quarter,reuse K_GSDC_46
K_GSDC_78,Dashboard Giám sát Tổng hợp,Nhóm 14 — Thống kê niêm yết sàn UPCOM,Sàn,Chiều,GSDC,Public Company Dimension,Equity Listing Exchange Code,FILTER,public_company_dim.equity_listing_exchange_code = 'UPCOM',"reuse KPI Sàn, khác filter"
K_GSDC_47,Dashboard Giám sát Tổng hợp,Nhóm 14 — Thống kê niêm yết sàn UPCOM,Số doanh nghiệp theo từng sàn,Base,GSDC,Public Company Dimension,Ids Registration Date,MEASURE,COUNT(DISTINCT public_company_dim.public_company_dim_id),
K_GSDC_47,Dashboard Giám sát Tổng hợp,Nhóm 14 — Thống kê niêm yết sàn UPCOM,Số doanh nghiệp theo từng sàn,Base,GSDC,Public Company Dimension,Ids Registration Date,FILTER,public_company_dim.ids_registration_dt <= :end_of_period AND public_company_dim.equity_listing_exchange_code = 'UPCOM',
K_GSDC_48,Dashboard Giám sát Tổng hợp,Nhóm 14 — Thống kê niêm yết sàn UPCOM,Tỷ lệ nộp BCTC theo từng sàn (quý),Phái sinh,GSDC,,,DERIVED,"SUM(fct_violation_rpt_snpst.rpt_submitted_count) / NULLIF(SUM(fct_violation_rpt_snpst.rpt_due_count), 0) * 100 | JOIN public_company_dim WHERE equity_listing_exchange_code='UPCOM'",Reuse công thức Nhóm 6
K_GSDC_49,Dashboard Giám sát Tổng hợp,Nhóm 14 — Thống kê niêm yết sàn UPCOM,Số DN báo lãi theo từng sàn,Base,GSDC,Fact Violation Report Snapshot,Profitable Indicator,MEASURE,COUNT(DISTINCT CASE WHEN fct_violation_rpt_snpst.profitable_indicator = 1 THEN fct_violation_rpt_snpst.public_company_dim_id END),
K_GSDC_49,Dashboard Giám sát Tổng hợp,Nhóm 14 — Thống kê niêm yết sàn UPCOM,Số DN báo lãi theo từng sàn,Base,GSDC,Public Company Dimension,Equity Listing Exchange Code,FILTER,JOIN public_company_dim ON public_company_dim.public_company_dim_id = fct_violation_rpt_snpst.public_company_dim_id WHERE public_company_dim.equity_listing_exchange_code = 'UPCOM',
K_GSDC_50,Dashboard Giám sát Tổng hợp,Nhóm 15 — Tổng hợp chỉ tiêu tài chính theo sàn UPCOM,Tổng tài sản (UPCOM),Phái sinh,GSDC,Fact Public Company Financial Report Value,Data Value,MEASURE,SUM(fct_public_company_financial_rpt_val.data_val),"reuse công thức Nhóm 7, filter sàn UPCOM"
K_GSDC_50,Dashboard Giám sát Tổng hợp,Nhóm 15 — Tổng hợp chỉ tiêu tài chính theo sàn UPCOM,Tổng tài sản (UPCOM),Phái sinh,GSDC,Fact Public Company Financial Report Value,Data Value,FILTER,"JOIN financial_rpt_catalog_dim ON financial_rpt_catalog_dim.financial_rpt_catalog_dim_id = fct_public_company_financial_rpt_val.financial_rpt_catalog_dim_id WHERE ((financial_rpt_catalog_dim.enterprise_tp_code IN ('dn','bh') AND financial_rpt_catalog_dim.row_description_reference = '270') OR (financial_rpt_catalog_dim.enterprise_tp_code = 'td' AND financial_rpt_catalog_dim.row_description_reference = '300')) AND financial_rpt_catalog_dim.column_description_reference = '1'",
K_GSDC_50,Dashboard Giám sát Tổng hợp,Nhóm 15 — Tổng hợp chỉ tiêu tài chính theo sàn UPCOM,Tổng tài sản (UPCOM),Phái sinh,GSDC,Fact Public Company Financial Report Value,Data Value,FILTER,fct_public_company_financial_rpt_val.rpt_year = :year AND fct_public_company_financial_rpt_val.rpt_quarter = :quarter,
K_GSDC_50,Dashboard Giám sát Tổng hợp,Nhóm 15 — Tổng hợp chỉ tiêu tài chính theo sàn UPCOM,Tổng tài sản (UPCOM),Phái sinh,GSDC,Public Company Dimension,Equity Listing Exchange Code,FILTER,JOIN public_company_dim ON public_company_dim.public_company_dim_id = fct_public_company_financial_rpt_val.public_company_dim_id WHERE public_company_dim.equity_listing_exchange_code = 'UPCOM',
K_GSDC_51,Dashboard Giám sát Tổng hợp,Nhóm 15 — Tổng hợp chỉ tiêu tài chính theo sàn UPCOM,Nợ phải trả (UPCOM),Phái sinh,GSDC,Fact Public Company Financial Report Value,Data Value,MEASURE,SUM(fct_public_company_financial_rpt_val.data_val),"reuse công thức Nhóm 7, filter sàn UPCOM"
K_GSDC_51,Dashboard Giám sát Tổng hợp,Nhóm 15 — Tổng hợp chỉ tiêu tài chính theo sàn UPCOM,Nợ phải trả (UPCOM),Phái sinh,GSDC,Fact Public Company Financial Report Value,Data Value,FILTER,"JOIN financial_rpt_catalog_dim ON financial_rpt_catalog_dim.financial_rpt_catalog_dim_id = fct_public_company_financial_rpt_val.financial_rpt_catalog_dim_id WHERE ((financial_rpt_catalog_dim.enterprise_tp_code IN ('dn','bh') AND financial_rpt_catalog_dim.row_description_reference = '300') OR (financial_rpt_catalog_dim.enterprise_tp_code = 'td' AND financial_rpt_catalog_dim.row_description_reference = '400')) AND financial_rpt_catalog_dim.column_description_reference = '1'",
K_GSDC_51,Dashboard Giám sát Tổng hợp,Nhóm 15 — Tổng hợp chỉ tiêu tài chính theo sàn UPCOM,Nợ phải trả (UPCOM),Phái sinh,GSDC,Fact Public Company Financial Report Value,Data Value,FILTER,fct_public_company_financial_rpt_val.rpt_year = :year AND fct_public_company_financial_rpt_val.rpt_quarter = :quarter,
K_GSDC_51,Dashboard Giám sát Tổng hợp,Nhóm 15 — Tổng hợp chỉ tiêu tài chính theo sàn UPCOM,Nợ phải trả (UPCOM),Phái sinh,GSDC,Public Company Dimension,Equity Listing Exchange Code,FILTER,JOIN public_company_dim ON public_company_dim.public_company_dim_id = fct_public_company_financial_rpt_val.public_company_dim_id WHERE public_company_dim.equity_listing_exchange_code = 'UPCOM',
K_GSDC_52,Dashboard Giám sát Tổng hợp,Nhóm 15 — Tổng hợp chỉ tiêu tài chính theo sàn UPCOM,Vốn CSH (UPCOM),Phái sinh,GSDC,Fact Public Company Financial Report Value,Data Value,MEASURE,SUM(fct_public_company_financial_rpt_val.data_val),"reuse công thức Nhóm 7, filter sàn UPCOM"
K_GSDC_52,Dashboard Giám sát Tổng hợp,Nhóm 15 — Tổng hợp chỉ tiêu tài chính theo sàn UPCOM,Vốn CSH (UPCOM),Phái sinh,GSDC,Fact Public Company Financial Report Value,Data Value,FILTER,"JOIN financial_rpt_catalog_dim ON financial_rpt_catalog_dim.financial_rpt_catalog_dim_id = fct_public_company_financial_rpt_val.financial_rpt_catalog_dim_id WHERE ((financial_rpt_catalog_dim.enterprise_tp_code IN ('dn','bh') AND financial_rpt_catalog_dim.row_description_reference = '400') OR (financial_rpt_catalog_dim.enterprise_tp_code = 'td' AND financial_rpt_catalog_dim.row_description_reference = '500')) AND financial_rpt_catalog_dim.column_description_reference = '1'",
K_GSDC_52,Dashboard Giám sát Tổng hợp,Nhóm 15 — Tổng hợp chỉ tiêu tài chính theo sàn UPCOM,Vốn CSH (UPCOM),Phái sinh,GSDC,Fact Public Company Financial Report Value,Data Value,FILTER,fct_public_company_financial_rpt_val.rpt_year = :year AND fct_public_company_financial_rpt_val.rpt_quarter = :quarter,
K_GSDC_52,Dashboard Giám sát Tổng hợp,Nhóm 15 — Tổng hợp chỉ tiêu tài chính theo sàn UPCOM,Vốn CSH (UPCOM),Phái sinh,GSDC,Public Company Dimension,Equity Listing Exchange Code,FILTER,JOIN public_company_dim ON public_company_dim.public_company_dim_id = fct_public_company_financial_rpt_val.public_company_dim_id WHERE public_company_dim.equity_listing_exchange_code = 'UPCOM',
K_GSDC_53,Dashboard Giám sát Tổng hợp,Nhóm 15 — Tổng hợp chỉ tiêu tài chính theo sàn UPCOM,Vốn điều lệ (UPCOM),Phái sinh,GSDC,Fact Public Company Financial Report Value,Data Value,MEASURE,SUM(fct_public_company_financial_rpt_val.data_val),"reuse công thức Nhóm 7, filter sàn UPCOM"
K_GSDC_53,Dashboard Giám sát Tổng hợp,Nhóm 15 — Tổng hợp chỉ tiêu tài chính theo sàn UPCOM,Vốn điều lệ (UPCOM),Phái sinh,GSDC,Fact Public Company Financial Report Value,Data Value,FILTER,JOIN financial_rpt_catalog_dim ON financial_rpt_catalog_dim.financial_rpt_catalog_dim_id = fct_public_company_financial_rpt_val.financial_rpt_catalog_dim_id WHERE financial_rpt_catalog_dim.row_description_reference IN ('411') AND financial_rpt_catalog_dim.column_description_reference = '1',
K_GSDC_53,Dashboard Giám sát Tổng hợp,Nhóm 15 — Tổng hợp chỉ tiêu tài chính theo sàn UPCOM,Vốn điều lệ (UPCOM),Phái sinh,GSDC,Fact Public Company Financial Report Value,Data Value,FILTER,fct_public_company_financial_rpt_val.rpt_year = :year AND fct_public_company_financial_rpt_val.rpt_quarter = :quarter,
K_GSDC_53,Dashboard Giám sát Tổng hợp,Nhóm 15 — Tổng hợp chỉ tiêu tài chính theo sàn UPCOM,Vốn điều lệ (UPCOM),Phái sinh,GSDC,Public Company Dimension,Equity Listing Exchange Code,FILTER,JOIN public_company_dim ON public_company_dim.public_company_dim_id = fct_public_company_financial_rpt_val.public_company_dim_id WHERE public_company_dim.equity_listing_exchange_code = 'UPCOM',
K_GSDC_54,Dashboard Giám sát Tổng hợp,Nhóm 15 — Tổng hợp chỉ tiêu tài chính theo sàn UPCOM,Lợi nhuận sau thuế (UPCOM),Phái sinh,GSDC,Fact Public Company Financial Report Value,Data Value,MEASURE,SUM(fct_public_company_financial_rpt_val.data_val),"reuse công thức Nhóm 7, filter sàn UPCOM"
K_GSDC_54,Dashboard Giám sát Tổng hợp,Nhóm 15 — Tổng hợp chỉ tiêu tài chính theo sàn UPCOM,Lợi nhuận sau thuế (UPCOM),Phái sinh,GSDC,Fact Public Company Financial Report Value,Data Value,FILTER,"JOIN financial_rpt_catalog_dim ON financial_rpt_catalog_dim.financial_rpt_catalog_dim_id = fct_public_company_financial_rpt_val.financial_rpt_catalog_dim_id WHERE ((financial_rpt_catalog_dim.enterprise_tp_code IN ('dn','bh') AND financial_rpt_catalog_dim.row_description_reference = '60') OR (financial_rpt_catalog_dim.enterprise_tp_code = 'td' AND financial_rpt_catalog_dim.row_description_reference = '21')) AND financial_rpt_catalog_dim.column_description_reference = '1'",
K_GSDC_54,Dashboard Giám sát Tổng hợp,Nhóm 15 — Tổng hợp chỉ tiêu tài chính theo sàn UPCOM,Lợi nhuận sau thuế (UPCOM),Phái sinh,GSDC,Fact Public Company Financial Report Value,Data Value,FILTER,fct_public_company_financial_rpt_val.rpt_year = :year AND fct_public_company_financial_rpt_val.rpt_quarter = :quarter,
K_GSDC_54,Dashboard Giám sát Tổng hợp,Nhóm 15 — Tổng hợp chỉ tiêu tài chính theo sàn UPCOM,Lợi nhuận sau thuế (UPCOM),Phái sinh,GSDC,Public Company Dimension,Equity Listing Exchange Code,FILTER,JOIN public_company_dim ON public_company_dim.public_company_dim_id = fct_public_company_financial_rpt_val.public_company_dim_id WHERE public_company_dim.equity_listing_exchange_code = 'UPCOM',
K_GSDC_57,Dashboard Giám sát Tổng hợp,Nhóm 15 — Tổng hợp chỉ tiêu tài chính theo sàn UPCOM,Hàng tồn kho (UPCOM),Phái sinh,GSDC,Fact Public Company Financial Report Value,Data Value,MEASURE,SUM(fct_public_company_financial_rpt_val.data_val),"reuse công thức Nhóm 7, filter sàn UPCOM"
K_GSDC_57,Dashboard Giám sát Tổng hợp,Nhóm 15 — Tổng hợp chỉ tiêu tài chính theo sàn UPCOM,Hàng tồn kho (UPCOM),Phái sinh,GSDC,Fact Public Company Financial Report Value,Data Value,FILTER,JOIN financial_rpt_catalog_dim ON financial_rpt_catalog_dim.financial_rpt_catalog_dim_id = fct_public_company_financial_rpt_val.financial_rpt_catalog_dim_id WHERE financial_rpt_catalog_dim.row_description_reference IN ('140') AND financial_rpt_catalog_dim.column_description_reference = '1',
K_GSDC_57,Dashboard Giám sát Tổng hợp,Nhóm 15 — Tổng hợp chỉ tiêu tài chính theo sàn UPCOM,Hàng tồn kho (UPCOM),Phái sinh,GSDC,Fact Public Company Financial Report Value,Data Value,FILTER,fct_public_company_financial_rpt_val.rpt_year = :year AND fct_public_company_financial_rpt_val.rpt_quarter = :quarter,
K_GSDC_57,Dashboard Giám sát Tổng hợp,Nhóm 15 — Tổng hợp chỉ tiêu tài chính theo sàn UPCOM,Hàng tồn kho (UPCOM),Phái sinh,GSDC,Public Company Dimension,Equity Listing Exchange Code,FILTER,JOIN public_company_dim ON public_company_dim.public_company_dim_id = fct_public_company_financial_rpt_val.public_company_dim_id WHERE public_company_dim.equity_listing_exchange_code = 'UPCOM',
K_GSDC_58,Dashboard Giám sát Tổng hợp,Nhóm 15 — Tổng hợp chỉ tiêu tài chính theo sàn UPCOM,Doanh thu thuần (UPCOM),Phái sinh,GSDC,Fact Public Company Financial Report Value,Data Value,MEASURE,SUM(fct_public_company_financial_rpt_val.data_val),"reuse công thức Nhóm 7, filter sàn UPCOM"
K_GSDC_58,Dashboard Giám sát Tổng hợp,Nhóm 15 — Tổng hợp chỉ tiêu tài chính theo sàn UPCOM,Doanh thu thuần (UPCOM),Phái sinh,GSDC,Fact Public Company Financial Report Value,Data Value,FILTER,"JOIN financial_rpt_catalog_dim ON financial_rpt_catalog_dim.financial_rpt_catalog_dim_id = fct_public_company_financial_rpt_val.financial_rpt_catalog_dim_id WHERE ((financial_rpt_catalog_dim.enterprise_tp_code IN ('dn','bh') AND financial_rpt_catalog_dim.row_description_reference = '10') OR (financial_rpt_catalog_dim.enterprise_tp_code = 'td' AND financial_rpt_catalog_dim.row_description_reference = '03')) AND financial_rpt_catalog_dim.column_description_reference = '1'",
K_GSDC_58,Dashboard Giám sát Tổng hợp,Nhóm 15 — Tổng hợp chỉ tiêu tài chính theo sàn UPCOM,Doanh thu thuần (UPCOM),Phái sinh,GSDC,Fact Public Company Financial Report Value,Data Value,FILTER,fct_public_company_financial_rpt_val.rpt_year = :year AND fct_public_company_financial_rpt_val.rpt_quarter = :quarter,
K_GSDC_58,Dashboard Giám sát Tổng hợp,Nhóm 15 — Tổng hợp chỉ tiêu tài chính theo sàn UPCOM,Doanh thu thuần (UPCOM),Phái sinh,GSDC,Public Company Dimension,Equity Listing Exchange Code,FILTER,JOIN public_company_dim ON public_company_dim.public_company_dim_id = fct_public_company_financial_rpt_val.public_company_dim_id WHERE public_company_dim.equity_listing_exchange_code = 'UPCOM',
K_GSDC_59,Dashboard Giám sát Tổng hợp,Nhóm 15 — Tổng hợp chỉ tiêu tài chính theo sàn UPCOM,Lợi nhuận dồn tích YTD (UPCOM),Phái sinh,GSDC,Fact Public Company Financial Report Value,Data Value,MEASURE,SUM(fct_public_company_financial_rpt_val.data_val),"reuse công thức Nhóm 7, filter sàn UPCOM"
K_GSDC_59,Dashboard Giám sát Tổng hợp,Nhóm 15 — Tổng hợp chỉ tiêu tài chính theo sàn UPCOM,Lợi nhuận dồn tích YTD (UPCOM),Phái sinh,GSDC,Fact Public Company Financial Report Value,Data Value,FILTER,JOIN financial_rpt_catalog_dim ON financial_rpt_catalog_dim.financial_rpt_catalog_dim_id = fct_public_company_financial_rpt_val.financial_rpt_catalog_dim_id WHERE financial_rpt_catalog_dim.row_description_reference IN ('421') AND financial_rpt_catalog_dim.column_description_reference = '1',
K_GSDC_59,Dashboard Giám sát Tổng hợp,Nhóm 15 — Tổng hợp chỉ tiêu tài chính theo sàn UPCOM,Lợi nhuận dồn tích YTD (UPCOM),Phái sinh,GSDC,Fact Public Company Financial Report Value,Data Value,FILTER,fct_public_company_financial_rpt_val.rpt_year = :year AND fct_public_company_financial_rpt_val.rpt_quarter = :quarter,
K_GSDC_59,Dashboard Giám sát Tổng hợp,Nhóm 15 — Tổng hợp chỉ tiêu tài chính theo sàn UPCOM,Lợi nhuận dồn tích YTD (UPCOM),Phái sinh,GSDC,Public Company Dimension,Equity Listing Exchange Code,FILTER,JOIN public_company_dim ON public_company_dim.public_company_dim_id = fct_public_company_financial_rpt_val.public_company_dim_id WHERE public_company_dim.equity_listing_exchange_code = 'UPCOM',
K_GSDC_60,Dashboard Giám sát Tổng hợp,Nhóm 15 — Tổng hợp chỉ tiêu tài chính theo sàn UPCOM,Phải thu (UPCOM),Phái sinh,GSDC,Fact Public Company Financial Report Value,Data Value,MEASURE,SUM(fct_public_company_financial_rpt_val.data_val),"reuse công thức Nhóm 7, filter sàn UPCOM"
K_GSDC_60,Dashboard Giám sát Tổng hợp,Nhóm 15 — Tổng hợp chỉ tiêu tài chính theo sàn UPCOM,Phải thu (UPCOM),Phái sinh,GSDC,Fact Public Company Financial Report Value,Data Value,FILTER,"JOIN financial_rpt_catalog_dim ON financial_rpt_catalog_dim.financial_rpt_catalog_dim_id = fct_public_company_financial_rpt_val.financial_rpt_catalog_dim_id WHERE ((financial_rpt_catalog_dim.enterprise_tp_code IN ('dn','bh') AND financial_rpt_catalog_dim.row_description_reference IN ('130','210')) OR (financial_rpt_catalog_dim.enterprise_tp_code = 'td' AND financial_rpt_catalog_dim.row_description_reference = '251')) AND financial_rpt_catalog_dim.column_description_reference = '1'",
K_GSDC_60,Dashboard Giám sát Tổng hợp,Nhóm 15 — Tổng hợp chỉ tiêu tài chính theo sàn UPCOM,Phải thu (UPCOM),Phái sinh,GSDC,Fact Public Company Financial Report Value,Data Value,FILTER,fct_public_company_financial_rpt_val.rpt_year = :year AND fct_public_company_financial_rpt_val.rpt_quarter = :quarter,
K_GSDC_60,Dashboard Giám sát Tổng hợp,Nhóm 15 — Tổng hợp chỉ tiêu tài chính theo sàn UPCOM,Phải thu (UPCOM),Phái sinh,GSDC,Public Company Dimension,Equity Listing Exchange Code,FILTER,JOIN public_company_dim ON public_company_dim.public_company_dim_id = fct_public_company_financial_rpt_val.public_company_dim_id WHERE public_company_dim.equity_listing_exchange_code = 'UPCOM',
K_GSDC_61,Dashboard Giám sát Tổng hợp,Nhóm 15 — Tổng hợp chỉ tiêu tài chính theo sàn UPCOM,Tiền và tương đương tiền (UPCOM),Phái sinh,GSDC,Fact Public Company Financial Report Value,Data Value,MEASURE,SUM(fct_public_company_financial_rpt_val.data_val),"reuse công thức Nhóm 7, filter sàn UPCOM"
K_GSDC_61,Dashboard Giám sát Tổng hợp,Nhóm 15 — Tổng hợp chỉ tiêu tài chính theo sàn UPCOM,Tiền và tương đương tiền (UPCOM),Phái sinh,GSDC,Fact Public Company Financial Report Value,Data Value,FILTER,"JOIN financial_rpt_catalog_dim ON financial_rpt_catalog_dim.financial_rpt_catalog_dim_id = fct_public_company_financial_rpt_val.financial_rpt_catalog_dim_id WHERE ((financial_rpt_catalog_dim.enterprise_tp_code IN ('dn','bh') AND financial_rpt_catalog_dim.row_description_reference = '110') OR (financial_rpt_catalog_dim.enterprise_tp_code = 'td' AND financial_rpt_catalog_dim.row_description_reference IN ('110','120'))) AND financial_rpt_catalog_dim.column_description_reference = '1'",
K_GSDC_61,Dashboard Giám sát Tổng hợp,Nhóm 15 — Tổng hợp chỉ tiêu tài chính theo sàn UPCOM,Tiền và tương đương tiền (UPCOM),Phái sinh,GSDC,Fact Public Company Financial Report Value,Data Value,FILTER,fct_public_company_financial_rpt_val.rpt_year = :year AND fct_public_company_financial_rpt_val.rpt_quarter = :quarter,
K_GSDC_61,Dashboard Giám sát Tổng hợp,Nhóm 15 — Tổng hợp chỉ tiêu tài chính theo sàn UPCOM,Tiền và tương đương tiền (UPCOM),Phái sinh,GSDC,Public Company Dimension,Equity Listing Exchange Code,FILTER,JOIN public_company_dim ON public_company_dim.public_company_dim_id = fct_public_company_financial_rpt_val.public_company_dim_id WHERE public_company_dim.equity_listing_exchange_code = 'UPCOM',
K_GSDC_50_YOY,Dashboard Giám sát Tổng hợp,Nhóm 15 — Tổng hợp chỉ tiêu tài chính theo sàn UPCOM,Tổng tài sản — YoY (UPCOM),Phái sinh,GSDC,,,DERIVED,(giá trị kỳ N - giá trị cùng kỳ năm trước) / giá trị cùng kỳ năm trước × 100 | filter sàn UPCOM,Refer KPI ID vì YoY — cần presentation layer resolve
K_GSDC_51_YOY,Dashboard Giám sát Tổng hợp,Nhóm 15 — Tổng hợp chỉ tiêu tài chính theo sàn UPCOM,Nợ phải trả — YoY (UPCOM),Phái sinh,GSDC,,,DERIVED,(giá trị kỳ N - giá trị cùng kỳ năm trước) / giá trị cùng kỳ năm trước × 100 | filter sàn UPCOM,Refer KPI ID vì YoY — cần presentation layer resolve
K_GSDC_52_YOY,Dashboard Giám sát Tổng hợp,Nhóm 15 — Tổng hợp chỉ tiêu tài chính theo sàn UPCOM,Vốn CSH — YoY (UPCOM),Phái sinh,GSDC,,,DERIVED,(giá trị kỳ N - giá trị cùng kỳ năm trước) / giá trị cùng kỳ năm trước × 100 | filter sàn UPCOM,Refer KPI ID vì YoY — cần presentation layer resolve
K_GSDC_53_YOY,Dashboard Giám sát Tổng hợp,Nhóm 15 — Tổng hợp chỉ tiêu tài chính theo sàn UPCOM,Vốn điều lệ — YoY (UPCOM),Phái sinh,GSDC,,,DERIVED,(giá trị kỳ N - giá trị cùng kỳ năm trước) / giá trị cùng kỳ năm trước × 100 | filter sàn UPCOM,Refer KPI ID vì YoY — cần presentation layer resolve
K_GSDC_54_YOY,Dashboard Giám sát Tổng hợp,Nhóm 15 — Tổng hợp chỉ tiêu tài chính theo sàn UPCOM,LNST — YoY (UPCOM),Phái sinh,GSDC,,,DERIVED,(giá trị kỳ N - giá trị cùng kỳ năm trước) / giá trị cùng kỳ năm trước × 100 | filter sàn UPCOM,Refer KPI ID vì YoY — cần presentation layer resolve
K_GSDC_57_YOY,Dashboard Giám sát Tổng hợp,Nhóm 15 — Tổng hợp chỉ tiêu tài chính theo sàn UPCOM,Hàng tồn kho — YoY (UPCOM),Phái sinh,GSDC,,,DERIVED,(giá trị kỳ N - giá trị cùng kỳ năm trước) / giá trị cùng kỳ năm trước × 100 | filter sàn UPCOM,Refer KPI ID vì YoY — cần presentation layer resolve
K_GSDC_58_YOY,Dashboard Giám sát Tổng hợp,Nhóm 15 — Tổng hợp chỉ tiêu tài chính theo sàn UPCOM,Doanh thu — YoY (UPCOM),Phái sinh,GSDC,,,DERIVED,(giá trị kỳ N - giá trị cùng kỳ năm trước) / giá trị cùng kỳ năm trước × 100 | filter sàn UPCOM,Refer KPI ID vì YoY — cần presentation layer resolve
K_GSDC_59_YOY,Dashboard Giám sát Tổng hợp,Nhóm 15 — Tổng hợp chỉ tiêu tài chính theo sàn UPCOM,LN YTD — YoY (UPCOM),Phái sinh,GSDC,,,DERIVED,(giá trị kỳ N - giá trị cùng kỳ năm trước) / giá trị cùng kỳ năm trước × 100 | filter sàn UPCOM,Refer KPI ID vì YoY — cần presentation layer resolve
K_GSDC_60_YOY,Dashboard Giám sát Tổng hợp,Nhóm 15 — Tổng hợp chỉ tiêu tài chính theo sàn UPCOM,Phải thu — YoY (UPCOM),Phái sinh,GSDC,,,DERIVED,(giá trị kỳ N - giá trị cùng kỳ năm trước) / giá trị cùng kỳ năm trước × 100 | filter sàn UPCOM,Refer KPI ID vì YoY — cần presentation layer resolve
K_GSDC_61_YOY,Dashboard Giám sát Tổng hợp,Nhóm 15 — Tổng hợp chỉ tiêu tài chính theo sàn UPCOM,Tiền TĐT — YoY (UPCOM),Phái sinh,GSDC,,,DERIVED,(giá trị kỳ N - giá trị cùng kỳ năm trước) / giá trị cùng kỳ năm trước × 100 | filter sàn UPCOM,Refer KPI ID vì YoY — cần presentation layer resolve
K_GSDC_55,Dashboard Giám sát Tổng hợp,Nhóm 15 — Tổng hợp chỉ tiêu tài chính theo sàn UPCOM,ROA (UPCOM),Phái sinh,GSDC,,,DERIVED,"SUM(fct_public_company_financial_rpt_val.data_val | LNST row 60) / NULLIF(SUM((NVL(TSBQ_col2, TSBQ_col1) + NVL(TSBQ_col1, TSBQ_col2)) / 2), 0) * 100 | filter sàn UPCOM | TSBQ_col1/col2 = fct_public_company_financial_rpt_val.data_val row 270, col_desc=1 (cuối kỳ)/2 (đầu kỳ) — nếu 1 vế null lấy vế còn lại làm cả 2, cả 2 null thì kết quả null",
K_GSDC_55_YOY,Dashboard Giám sát Tổng hợp,Nhóm 15 — Tổng hợp chỉ tiêu tài chính theo sàn UPCOM,ROA — YoY (UPCOM),Phái sinh,GSDC,,,DERIVED,(ROA kỳ N - ROA cùng kỳ năm trước) / ROA cùng kỳ năm trước × 100 | filter sàn UPCOM,Refer KPI ID vì YoY
K_GSDC_56,Dashboard Giám sát Tổng hợp,Nhóm 15 — Tổng hợp chỉ tiêu tài chính theo sàn UPCOM,ROE (UPCOM),Phái sinh,GSDC,,,DERIVED,"SUM(fct_public_company_financial_rpt_val.data_val | LNST row 60) / NULLIF(SUM((NVL(VCSHBQ_col2, VCSHBQ_col1) + NVL(VCSHBQ_col1, VCSHBQ_col2)) / 2), 0) * 100 | filter sàn UPCOM | VCSHBQ_col1/col2 = fct_public_company_financial_rpt_val.data_val row 400, col_desc=1 (cuối kỳ)/2 (đầu kỳ) — nếu 1 vế null lấy vế còn lại làm cả 2, cả 2 null thì kết quả null",
K_GSDC_56_YOY,Dashboard Giám sát Tổng hợp,Nhóm 15 — Tổng hợp chỉ tiêu tài chính theo sàn UPCOM,ROE — YoY (UPCOM),Phái sinh,GSDC,,,DERIVED,(ROE kỳ N - ROE cùng kỳ năm trước) / ROE cùng kỳ năm trước × 100 | filter sàn UPCOM,Refer KPI ID vì YoY
K_GSDC_62,Dashboard Giám sát Tổng hợp,Nhóm 15 — Tổng hợp chỉ tiêu tài chính theo sàn UPCOM,Nợ / Vốn CSH (UPCOM),Phái sinh,GSDC,,,DERIVED,"SUM(fct_public_company_financial_rpt_val.data_val | Nợ row 300(dn/bh)/400(td)) / NULLIF(SUM(fct_public_company_financial_rpt_val.data_val | VCSH row 400(dn/bh)/500(td)), 0) | filter sàn UPCOM",
K_GSDC_62_YOY,Dashboard Giám sát Tổng hợp,Nhóm 15 — Tổng hợp chỉ tiêu tài chính theo sàn UPCOM,Nợ/Vốn CSH — YoY (UPCOM),Phái sinh,GSDC,,,DERIVED,(Nợ/VCSH kỳ N - Nợ/VCSH cùng kỳ năm trước) / Nợ/VCSH cùng kỳ năm trước × 100 | filter sàn UPCOM,Refer KPI ID vì YoY
K_GSDC_79,Dashboard Giám sát Tổng hợp,Nhóm 15 — Tổng hợp chỉ tiêu tài chính theo sàn UPCOM,Ngành,Chiều,GSDC,Public Company Dimension,Business Line Level 1 Code,GROUP_BY,public_company_dim.business_line_level_1_code,reuse từ Nhóm 11
K_GSDC_80,Dashboard Giám sát Tổng hợp,Nhóm 15 — Tổng hợp chỉ tiêu tài chính theo sàn UPCOM,Tổng tài sản — theo ngành (UPCOM),Phái sinh,GSDC,Fact Public Company Financial Report Value,Data Value,MEASURE,SUM(fct_public_company_financial_rpt_val.data_val),filter sàn UPCOM + GROUP BY ngành
K_GSDC_80,Dashboard Giám sát Tổng hợp,Nhóm 15 — Tổng hợp chỉ tiêu tài chính theo sàn UPCOM,Tổng tài sản — theo ngành (UPCOM),Phái sinh,GSDC,Fact Public Company Financial Report Value,Data Value,FILTER,"JOIN financial_rpt_catalog_dim ON financial_rpt_catalog_dim.financial_rpt_catalog_dim_id = fct_public_company_financial_rpt_val.financial_rpt_catalog_dim_id WHERE ((financial_rpt_catalog_dim.enterprise_tp_code IN ('dn','bh') AND financial_rpt_catalog_dim.row_description_reference = '270') OR (financial_rpt_catalog_dim.enterprise_tp_code = 'td' AND financial_rpt_catalog_dim.row_description_reference = '300')) AND financial_rpt_catalog_dim.column_description_reference = '1'",
K_GSDC_80,Dashboard Giám sát Tổng hợp,Nhóm 15 — Tổng hợp chỉ tiêu tài chính theo sàn UPCOM,Tổng tài sản — theo ngành (UPCOM),Phái sinh,GSDC,Fact Public Company Financial Report Value,Data Value,FILTER,fct_public_company_financial_rpt_val.rpt_year = :year AND fct_public_company_financial_rpt_val.rpt_quarter = :quarter,
K_GSDC_80,Dashboard Giám sát Tổng hợp,Nhóm 15 — Tổng hợp chỉ tiêu tài chính theo sàn UPCOM,Tổng tài sản — theo ngành (UPCOM),Phái sinh,GSDC,Fact Public Company Financial Report Value,Data Value,FILTER,JOIN public_company_dim ON public_company_dim.public_company_dim_id = fct_public_company_financial_rpt_val.public_company_dim_id WHERE public_company_dim.equity_listing_exchange_code = 'UPCOM',
K_GSDC_81,Dashboard Giám sát Tổng hợp,Nhóm 15 — Tổng hợp chỉ tiêu tài chính theo sàn UPCOM,Nợ phải trả — theo ngành (UPCOM),Phái sinh,GSDC,Fact Public Company Financial Report Value,Data Value,MEASURE,SUM(fct_public_company_financial_rpt_val.data_val),filter sàn UPCOM + GROUP BY ngành
K_GSDC_81,Dashboard Giám sát Tổng hợp,Nhóm 15 — Tổng hợp chỉ tiêu tài chính theo sàn UPCOM,Nợ phải trả — theo ngành (UPCOM),Phái sinh,GSDC,Fact Public Company Financial Report Value,Data Value,FILTER,"JOIN financial_rpt_catalog_dim ON financial_rpt_catalog_dim.financial_rpt_catalog_dim_id = fct_public_company_financial_rpt_val.financial_rpt_catalog_dim_id WHERE ((financial_rpt_catalog_dim.enterprise_tp_code IN ('dn','bh') AND financial_rpt_catalog_dim.row_description_reference = '300') OR (financial_rpt_catalog_dim.enterprise_tp_code = 'td' AND financial_rpt_catalog_dim.row_description_reference = '400')) AND financial_rpt_catalog_dim.column_description_reference = '1'",
K_GSDC_81,Dashboard Giám sát Tổng hợp,Nhóm 15 — Tổng hợp chỉ tiêu tài chính theo sàn UPCOM,Nợ phải trả — theo ngành (UPCOM),Phái sinh,GSDC,Fact Public Company Financial Report Value,Data Value,FILTER,fct_public_company_financial_rpt_val.rpt_year = :year AND fct_public_company_financial_rpt_val.rpt_quarter = :quarter,
K_GSDC_81,Dashboard Giám sát Tổng hợp,Nhóm 15 — Tổng hợp chỉ tiêu tài chính theo sàn UPCOM,Nợ phải trả — theo ngành (UPCOM),Phái sinh,GSDC,Fact Public Company Financial Report Value,Data Value,FILTER,JOIN public_company_dim ON public_company_dim.public_company_dim_id = fct_public_company_financial_rpt_val.public_company_dim_id WHERE public_company_dim.equity_listing_exchange_code = 'UPCOM',
K_GSDC_82,Dashboard Giám sát Tổng hợp,Nhóm 15 — Tổng hợp chỉ tiêu tài chính theo sàn UPCOM,Vốn CSH — theo ngành (UPCOM),Phái sinh,GSDC,Fact Public Company Financial Report Value,Data Value,MEASURE,SUM(fct_public_company_financial_rpt_val.data_val),filter sàn UPCOM + GROUP BY ngành
K_GSDC_82,Dashboard Giám sát Tổng hợp,Nhóm 15 — Tổng hợp chỉ tiêu tài chính theo sàn UPCOM,Vốn CSH — theo ngành (UPCOM),Phái sinh,GSDC,Fact Public Company Financial Report Value,Data Value,FILTER,"JOIN financial_rpt_catalog_dim ON financial_rpt_catalog_dim.financial_rpt_catalog_dim_id = fct_public_company_financial_rpt_val.financial_rpt_catalog_dim_id WHERE ((financial_rpt_catalog_dim.enterprise_tp_code IN ('dn','bh') AND financial_rpt_catalog_dim.row_description_reference = '400') OR (financial_rpt_catalog_dim.enterprise_tp_code = 'td' AND financial_rpt_catalog_dim.row_description_reference = '500')) AND financial_rpt_catalog_dim.column_description_reference = '1'",
K_GSDC_82,Dashboard Giám sát Tổng hợp,Nhóm 15 — Tổng hợp chỉ tiêu tài chính theo sàn UPCOM,Vốn CSH — theo ngành (UPCOM),Phái sinh,GSDC,Fact Public Company Financial Report Value,Data Value,FILTER,fct_public_company_financial_rpt_val.rpt_year = :year AND fct_public_company_financial_rpt_val.rpt_quarter = :quarter,
K_GSDC_82,Dashboard Giám sát Tổng hợp,Nhóm 15 — Tổng hợp chỉ tiêu tài chính theo sàn UPCOM,Vốn CSH — theo ngành (UPCOM),Phái sinh,GSDC,Fact Public Company Financial Report Value,Data Value,FILTER,JOIN public_company_dim ON public_company_dim.public_company_dim_id = fct_public_company_financial_rpt_val.public_company_dim_id WHERE public_company_dim.equity_listing_exchange_code = 'UPCOM',
K_GSDC_83,Dashboard Giám sát Tổng hợp,Nhóm 15 — Tổng hợp chỉ tiêu tài chính theo sàn UPCOM,Vốn điều lệ — theo ngành (UPCOM),Phái sinh,GSDC,Fact Public Company Financial Report Value,Data Value,MEASURE,SUM(fct_public_company_financial_rpt_val.data_val),filter sàn UPCOM + GROUP BY ngành
K_GSDC_83,Dashboard Giám sát Tổng hợp,Nhóm 15 — Tổng hợp chỉ tiêu tài chính theo sàn UPCOM,Vốn điều lệ — theo ngành (UPCOM),Phái sinh,GSDC,Fact Public Company Financial Report Value,Data Value,FILTER,JOIN financial_rpt_catalog_dim ON financial_rpt_catalog_dim.financial_rpt_catalog_dim_id = fct_public_company_financial_rpt_val.financial_rpt_catalog_dim_id WHERE financial_rpt_catalog_dim.row_description_reference IN ('411') AND financial_rpt_catalog_dim.column_description_reference = '1',
K_GSDC_83,Dashboard Giám sát Tổng hợp,Nhóm 15 — Tổng hợp chỉ tiêu tài chính theo sàn UPCOM,Vốn điều lệ — theo ngành (UPCOM),Phái sinh,GSDC,Fact Public Company Financial Report Value,Data Value,FILTER,fct_public_company_financial_rpt_val.rpt_year = :year AND fct_public_company_financial_rpt_val.rpt_quarter = :quarter,
K_GSDC_83,Dashboard Giám sát Tổng hợp,Nhóm 15 — Tổng hợp chỉ tiêu tài chính theo sàn UPCOM,Vốn điều lệ — theo ngành (UPCOM),Phái sinh,GSDC,Fact Public Company Financial Report Value,Data Value,FILTER,JOIN public_company_dim ON public_company_dim.public_company_dim_id = fct_public_company_financial_rpt_val.public_company_dim_id WHERE public_company_dim.equity_listing_exchange_code = 'UPCOM',
K_GSDC_84,Dashboard Giám sát Tổng hợp,Nhóm 15 — Tổng hợp chỉ tiêu tài chính theo sàn UPCOM,Lợi nhuận sau thuế — theo ngành (UPCOM),Phái sinh,GSDC,Fact Public Company Financial Report Value,Data Value,MEASURE,SUM(fct_public_company_financial_rpt_val.data_val),filter sàn UPCOM + GROUP BY ngành
K_GSDC_84,Dashboard Giám sát Tổng hợp,Nhóm 15 — Tổng hợp chỉ tiêu tài chính theo sàn UPCOM,Lợi nhuận sau thuế — theo ngành (UPCOM),Phái sinh,GSDC,Fact Public Company Financial Report Value,Data Value,FILTER,"JOIN financial_rpt_catalog_dim ON financial_rpt_catalog_dim.financial_rpt_catalog_dim_id = fct_public_company_financial_rpt_val.financial_rpt_catalog_dim_id WHERE ((financial_rpt_catalog_dim.enterprise_tp_code IN ('dn','bh') AND financial_rpt_catalog_dim.row_description_reference = '60') OR (financial_rpt_catalog_dim.enterprise_tp_code = 'td' AND financial_rpt_catalog_dim.row_description_reference = '21')) AND financial_rpt_catalog_dim.column_description_reference = '1'",
K_GSDC_84,Dashboard Giám sát Tổng hợp,Nhóm 15 — Tổng hợp chỉ tiêu tài chính theo sàn UPCOM,Lợi nhuận sau thuế — theo ngành (UPCOM),Phái sinh,GSDC,Fact Public Company Financial Report Value,Data Value,FILTER,fct_public_company_financial_rpt_val.rpt_year = :year AND fct_public_company_financial_rpt_val.rpt_quarter = :quarter,
K_GSDC_84,Dashboard Giám sát Tổng hợp,Nhóm 15 — Tổng hợp chỉ tiêu tài chính theo sàn UPCOM,Lợi nhuận sau thuế — theo ngành (UPCOM),Phái sinh,GSDC,Fact Public Company Financial Report Value,Data Value,FILTER,JOIN public_company_dim ON public_company_dim.public_company_dim_id = fct_public_company_financial_rpt_val.public_company_dim_id WHERE public_company_dim.equity_listing_exchange_code = 'UPCOM',
K_GSDC_87,Dashboard Giám sát Tổng hợp,Nhóm 15 — Tổng hợp chỉ tiêu tài chính theo sàn UPCOM,Hàng tồn kho — theo ngành (UPCOM),Phái sinh,GSDC,Fact Public Company Financial Report Value,Data Value,MEASURE,SUM(fct_public_company_financial_rpt_val.data_val),filter sàn UPCOM + GROUP BY ngành
K_GSDC_87,Dashboard Giám sát Tổng hợp,Nhóm 15 — Tổng hợp chỉ tiêu tài chính theo sàn UPCOM,Hàng tồn kho — theo ngành (UPCOM),Phái sinh,GSDC,Fact Public Company Financial Report Value,Data Value,FILTER,JOIN financial_rpt_catalog_dim ON financial_rpt_catalog_dim.financial_rpt_catalog_dim_id = fct_public_company_financial_rpt_val.financial_rpt_catalog_dim_id WHERE financial_rpt_catalog_dim.row_description_reference IN ('140') AND financial_rpt_catalog_dim.column_description_reference = '1',
K_GSDC_87,Dashboard Giám sát Tổng hợp,Nhóm 15 — Tổng hợp chỉ tiêu tài chính theo sàn UPCOM,Hàng tồn kho — theo ngành (UPCOM),Phái sinh,GSDC,Fact Public Company Financial Report Value,Data Value,FILTER,fct_public_company_financial_rpt_val.rpt_year = :year AND fct_public_company_financial_rpt_val.rpt_quarter = :quarter,
K_GSDC_87,Dashboard Giám sát Tổng hợp,Nhóm 15 — Tổng hợp chỉ tiêu tài chính theo sàn UPCOM,Hàng tồn kho — theo ngành (UPCOM),Phái sinh,GSDC,Fact Public Company Financial Report Value,Data Value,FILTER,JOIN public_company_dim ON public_company_dim.public_company_dim_id = fct_public_company_financial_rpt_val.public_company_dim_id WHERE public_company_dim.equity_listing_exchange_code = 'UPCOM',
K_GSDC_88,Dashboard Giám sát Tổng hợp,Nhóm 15 — Tổng hợp chỉ tiêu tài chính theo sàn UPCOM,Doanh thu — theo ngành (UPCOM),Phái sinh,GSDC,Fact Public Company Financial Report Value,Data Value,MEASURE,SUM(fct_public_company_financial_rpt_val.data_val),filter sàn UPCOM + GROUP BY ngành
K_GSDC_88,Dashboard Giám sát Tổng hợp,Nhóm 15 — Tổng hợp chỉ tiêu tài chính theo sàn UPCOM,Doanh thu — theo ngành (UPCOM),Phái sinh,GSDC,Fact Public Company Financial Report Value,Data Value,FILTER,"JOIN financial_rpt_catalog_dim ON financial_rpt_catalog_dim.financial_rpt_catalog_dim_id = fct_public_company_financial_rpt_val.financial_rpt_catalog_dim_id WHERE ((financial_rpt_catalog_dim.enterprise_tp_code IN ('dn','bh') AND financial_rpt_catalog_dim.row_description_reference = '10') OR (financial_rpt_catalog_dim.enterprise_tp_code = 'td' AND financial_rpt_catalog_dim.row_description_reference = '03')) AND financial_rpt_catalog_dim.column_description_reference = '1'",
K_GSDC_88,Dashboard Giám sát Tổng hợp,Nhóm 15 — Tổng hợp chỉ tiêu tài chính theo sàn UPCOM,Doanh thu — theo ngành (UPCOM),Phái sinh,GSDC,Fact Public Company Financial Report Value,Data Value,FILTER,fct_public_company_financial_rpt_val.rpt_year = :year AND fct_public_company_financial_rpt_val.rpt_quarter = :quarter,
K_GSDC_88,Dashboard Giám sát Tổng hợp,Nhóm 15 — Tổng hợp chỉ tiêu tài chính theo sàn UPCOM,Doanh thu — theo ngành (UPCOM),Phái sinh,GSDC,Fact Public Company Financial Report Value,Data Value,FILTER,JOIN public_company_dim ON public_company_dim.public_company_dim_id = fct_public_company_financial_rpt_val.public_company_dim_id WHERE public_company_dim.equity_listing_exchange_code = 'UPCOM',
K_GSDC_89,Dashboard Giám sát Tổng hợp,Nhóm 15 — Tổng hợp chỉ tiêu tài chính theo sàn UPCOM,Lợi nhuận dồn tích YTD — theo ngành (UPCOM),Phái sinh,GSDC,Fact Public Company Financial Report Value,Data Value,MEASURE,SUM(fct_public_company_financial_rpt_val.data_val),filter sàn UPCOM + GROUP BY ngành
K_GSDC_89,Dashboard Giám sát Tổng hợp,Nhóm 15 — Tổng hợp chỉ tiêu tài chính theo sàn UPCOM,Lợi nhuận dồn tích YTD — theo ngành (UPCOM),Phái sinh,GSDC,Fact Public Company Financial Report Value,Data Value,FILTER,JOIN financial_rpt_catalog_dim ON financial_rpt_catalog_dim.financial_rpt_catalog_dim_id = fct_public_company_financial_rpt_val.financial_rpt_catalog_dim_id WHERE financial_rpt_catalog_dim.row_description_reference IN ('421') AND financial_rpt_catalog_dim.column_description_reference = '1',
K_GSDC_89,Dashboard Giám sát Tổng hợp,Nhóm 15 — Tổng hợp chỉ tiêu tài chính theo sàn UPCOM,Lợi nhuận dồn tích YTD — theo ngành (UPCOM),Phái sinh,GSDC,Fact Public Company Financial Report Value,Data Value,FILTER,fct_public_company_financial_rpt_val.rpt_year = :year AND fct_public_company_financial_rpt_val.rpt_quarter = :quarter,
K_GSDC_89,Dashboard Giám sát Tổng hợp,Nhóm 15 — Tổng hợp chỉ tiêu tài chính theo sàn UPCOM,Lợi nhuận dồn tích YTD — theo ngành (UPCOM),Phái sinh,GSDC,Fact Public Company Financial Report Value,Data Value,FILTER,JOIN public_company_dim ON public_company_dim.public_company_dim_id = fct_public_company_financial_rpt_val.public_company_dim_id WHERE public_company_dim.equity_listing_exchange_code = 'UPCOM',
K_GSDC_90,Dashboard Giám sát Tổng hợp,Nhóm 15 — Tổng hợp chỉ tiêu tài chính theo sàn UPCOM,Phải thu — theo ngành (UPCOM),Phái sinh,GSDC,Fact Public Company Financial Report Value,Data Value,MEASURE,SUM(fct_public_company_financial_rpt_val.data_val),filter sàn UPCOM + GROUP BY ngành
K_GSDC_90,Dashboard Giám sát Tổng hợp,Nhóm 15 — Tổng hợp chỉ tiêu tài chính theo sàn UPCOM,Phải thu — theo ngành (UPCOM),Phái sinh,GSDC,Fact Public Company Financial Report Value,Data Value,FILTER,"JOIN financial_rpt_catalog_dim ON financial_rpt_catalog_dim.financial_rpt_catalog_dim_id = fct_public_company_financial_rpt_val.financial_rpt_catalog_dim_id WHERE ((financial_rpt_catalog_dim.enterprise_tp_code IN ('dn','bh') AND financial_rpt_catalog_dim.row_description_reference IN ('130','210')) OR (financial_rpt_catalog_dim.enterprise_tp_code = 'td' AND financial_rpt_catalog_dim.row_description_reference = '251')) AND financial_rpt_catalog_dim.column_description_reference = '1'",
K_GSDC_90,Dashboard Giám sát Tổng hợp,Nhóm 15 — Tổng hợp chỉ tiêu tài chính theo sàn UPCOM,Phải thu — theo ngành (UPCOM),Phái sinh,GSDC,Fact Public Company Financial Report Value,Data Value,FILTER,fct_public_company_financial_rpt_val.rpt_year = :year AND fct_public_company_financial_rpt_val.rpt_quarter = :quarter,
K_GSDC_90,Dashboard Giám sát Tổng hợp,Nhóm 15 — Tổng hợp chỉ tiêu tài chính theo sàn UPCOM,Phải thu — theo ngành (UPCOM),Phái sinh,GSDC,Fact Public Company Financial Report Value,Data Value,FILTER,JOIN public_company_dim ON public_company_dim.public_company_dim_id = fct_public_company_financial_rpt_val.public_company_dim_id WHERE public_company_dim.equity_listing_exchange_code = 'UPCOM',
K_GSDC_91,Dashboard Giám sát Tổng hợp,Nhóm 15 — Tổng hợp chỉ tiêu tài chính theo sàn UPCOM,Tiền và tương đương tiền — theo ngành (UPCOM),Phái sinh,GSDC,Fact Public Company Financial Report Value,Data Value,MEASURE,SUM(fct_public_company_financial_rpt_val.data_val),filter sàn UPCOM + GROUP BY ngành
K_GSDC_91,Dashboard Giám sát Tổng hợp,Nhóm 15 — Tổng hợp chỉ tiêu tài chính theo sàn UPCOM,Tiền và tương đương tiền — theo ngành (UPCOM),Phái sinh,GSDC,Fact Public Company Financial Report Value,Data Value,FILTER,"JOIN financial_rpt_catalog_dim ON financial_rpt_catalog_dim.financial_rpt_catalog_dim_id = fct_public_company_financial_rpt_val.financial_rpt_catalog_dim_id WHERE ((financial_rpt_catalog_dim.enterprise_tp_code IN ('dn','bh') AND financial_rpt_catalog_dim.row_description_reference = '110') OR (financial_rpt_catalog_dim.enterprise_tp_code = 'td' AND financial_rpt_catalog_dim.row_description_reference IN ('110','120'))) AND financial_rpt_catalog_dim.column_description_reference = '1'",
K_GSDC_91,Dashboard Giám sát Tổng hợp,Nhóm 15 — Tổng hợp chỉ tiêu tài chính theo sàn UPCOM,Tiền và tương đương tiền — theo ngành (UPCOM),Phái sinh,GSDC,Fact Public Company Financial Report Value,Data Value,FILTER,fct_public_company_financial_rpt_val.rpt_year = :year AND fct_public_company_financial_rpt_val.rpt_quarter = :quarter,
K_GSDC_91,Dashboard Giám sát Tổng hợp,Nhóm 15 — Tổng hợp chỉ tiêu tài chính theo sàn UPCOM,Tiền và tương đương tiền — theo ngành (UPCOM),Phái sinh,GSDC,Fact Public Company Financial Report Value,Data Value,FILTER,JOIN public_company_dim ON public_company_dim.public_company_dim_id = fct_public_company_financial_rpt_val.public_company_dim_id WHERE public_company_dim.equity_listing_exchange_code = 'UPCOM',
K_GSDC_85,Dashboard Giám sát Tổng hợp,Nhóm 15 — Tổng hợp chỉ tiêu tài chính theo sàn UPCOM,ROA — theo ngành (UPCOM),Phái sinh,GSDC,,,DERIVED,"SUM(fct_public_company_financial_rpt_val.data_val | LNST row 60) / NULLIF(SUM((NVL(TSBQ_col2, TSBQ_col1) + NVL(TSBQ_col1, TSBQ_col2)) / 2), 0) * 100 | filter sàn UPCOM GROUP BY ngành | TSBQ_col1/col2 = fct_public_company_financial_rpt_val.data_val row 270, col_desc=1 (cuối kỳ)/2 (đầu kỳ) — nếu 1 vế null lấy vế còn lại làm cả 2, cả 2 null thì kết quả null",
K_GSDC_86,Dashboard Giám sát Tổng hợp,Nhóm 15 — Tổng hợp chỉ tiêu tài chính theo sàn UPCOM,ROE — theo ngành (UPCOM),Phái sinh,GSDC,,,DERIVED,"SUM(fct_public_company_financial_rpt_val.data_val | LNST row 60) / NULLIF(SUM((NVL(VCSHBQ_col2, VCSHBQ_col1) + NVL(VCSHBQ_col1, VCSHBQ_col2)) / 2), 0) * 100 | filter sàn UPCOM GROUP BY ngành | VCSHBQ_col1/col2 = fct_public_company_financial_rpt_val.data_val row 400, col_desc=1 (cuối kỳ)/2 (đầu kỳ) — nếu 1 vế null lấy vế còn lại làm cả 2, cả 2 null thì kết quả null",
K_GSDC_92,Dashboard Giám sát Tổng hợp,Nhóm 15 — Tổng hợp chỉ tiêu tài chính theo sàn UPCOM,Nợ/Vốn CSH — theo ngành (UPCOM),Phái sinh,GSDC,,,DERIVED,"SUM(fct_public_company_financial_rpt_val.data_val | Nợ row 300(dn/bh)/400(td)) / NULLIF(SUM(fct_public_company_financial_rpt_val.data_val | VCSH row 400(dn/bh)/500(td)), 0) | filter sàn UPCOM GROUP BY ngành",
K_GSDC_46,Dashboard Giám sát Tổng hợp,Nhóm 16 — Thống kê niêm yết sàn OTC,Ngày thống kê (Năm/Quý),Chiều,GSDC,,,SLICER,:year AND :quarter,reuse K_GSDC_46
K_GSDC_78,Dashboard Giám sát Tổng hợp,Nhóm 16 — Thống kê niêm yết sàn OTC,Sàn,Chiều,GSDC,Public Company Dimension,Equity Listing Exchange Code,FILTER,public_company_dim.equity_listing_exchange_code = 'OTC',"reuse KPI Sàn, khác filter"
K_GSDC_47,Dashboard Giám sát Tổng hợp,Nhóm 16 — Thống kê niêm yết sàn OTC,Số doanh nghiệp theo từng sàn,Base,GSDC,Public Company Dimension,Ids Registration Date,MEASURE,COUNT(DISTINCT public_company_dim.public_company_dim_id),
K_GSDC_47,Dashboard Giám sát Tổng hợp,Nhóm 16 — Thống kê niêm yết sàn OTC,Số doanh nghiệp theo từng sàn,Base,GSDC,Public Company Dimension,Ids Registration Date,FILTER,public_company_dim.ids_registration_dt <= :end_of_period AND public_company_dim.equity_listing_exchange_code = 'OTC',
K_GSDC_48,Dashboard Giám sát Tổng hợp,Nhóm 16 — Thống kê niêm yết sàn OTC,Tỷ lệ nộp BCTC theo từng sàn (quý),Phái sinh,GSDC,,,DERIVED,"SUM(fct_violation_rpt_snpst.rpt_submitted_count) / NULLIF(SUM(fct_violation_rpt_snpst.rpt_due_count), 0) * 100 | JOIN public_company_dim WHERE equity_listing_exchange_code='OTC'",Reuse công thức Nhóm 6
K_GSDC_49,Dashboard Giám sát Tổng hợp,Nhóm 16 — Thống kê niêm yết sàn OTC,Số DN báo lãi theo từng sàn,Base,GSDC,Fact Violation Report Snapshot,Profitable Indicator,MEASURE,COUNT(DISTINCT CASE WHEN fct_violation_rpt_snpst.profitable_indicator = 1 THEN fct_violation_rpt_snpst.public_company_dim_id END),
K_GSDC_49,Dashboard Giám sát Tổng hợp,Nhóm 16 — Thống kê niêm yết sàn OTC,Số DN báo lãi theo từng sàn,Base,GSDC,Public Company Dimension,Equity Listing Exchange Code,FILTER,JOIN public_company_dim ON public_company_dim.public_company_dim_id = fct_violation_rpt_snpst.public_company_dim_id WHERE public_company_dim.equity_listing_exchange_code = 'OTC',
K_GSDC_50,Dashboard Giám sát Tổng hợp,Nhóm 17 — Tổng hợp chỉ tiêu tài chính theo sàn OTC,Tổng tài sản (OTC),Phái sinh,GSDC,Fact Public Company Financial Report Value,Data Value,MEASURE,SUM(fct_public_company_financial_rpt_val.data_val),"reuse công thức Nhóm 7, filter sàn OTC"
K_GSDC_50,Dashboard Giám sát Tổng hợp,Nhóm 17 — Tổng hợp chỉ tiêu tài chính theo sàn OTC,Tổng tài sản (OTC),Phái sinh,GSDC,Fact Public Company Financial Report Value,Data Value,FILTER,"JOIN financial_rpt_catalog_dim ON financial_rpt_catalog_dim.financial_rpt_catalog_dim_id = fct_public_company_financial_rpt_val.financial_rpt_catalog_dim_id WHERE ((financial_rpt_catalog_dim.enterprise_tp_code IN ('dn','bh') AND financial_rpt_catalog_dim.row_description_reference = '270') OR (financial_rpt_catalog_dim.enterprise_tp_code = 'td' AND financial_rpt_catalog_dim.row_description_reference = '300')) AND financial_rpt_catalog_dim.column_description_reference = '1'",
K_GSDC_50,Dashboard Giám sát Tổng hợp,Nhóm 17 — Tổng hợp chỉ tiêu tài chính theo sàn OTC,Tổng tài sản (OTC),Phái sinh,GSDC,Fact Public Company Financial Report Value,Data Value,FILTER,fct_public_company_financial_rpt_val.rpt_year = :year AND fct_public_company_financial_rpt_val.rpt_quarter = :quarter,
K_GSDC_50,Dashboard Giám sát Tổng hợp,Nhóm 17 — Tổng hợp chỉ tiêu tài chính theo sàn OTC,Tổng tài sản (OTC),Phái sinh,GSDC,Public Company Dimension,Equity Listing Exchange Code,FILTER,JOIN public_company_dim ON public_company_dim.public_company_dim_id = fct_public_company_financial_rpt_val.public_company_dim_id WHERE public_company_dim.equity_listing_exchange_code = 'OTC',
K_GSDC_51,Dashboard Giám sát Tổng hợp,Nhóm 17 — Tổng hợp chỉ tiêu tài chính theo sàn OTC,Nợ phải trả (OTC),Phái sinh,GSDC,Fact Public Company Financial Report Value,Data Value,MEASURE,SUM(fct_public_company_financial_rpt_val.data_val),"reuse công thức Nhóm 7, filter sàn OTC"
K_GSDC_51,Dashboard Giám sát Tổng hợp,Nhóm 17 — Tổng hợp chỉ tiêu tài chính theo sàn OTC,Nợ phải trả (OTC),Phái sinh,GSDC,Fact Public Company Financial Report Value,Data Value,FILTER,"JOIN financial_rpt_catalog_dim ON financial_rpt_catalog_dim.financial_rpt_catalog_dim_id = fct_public_company_financial_rpt_val.financial_rpt_catalog_dim_id WHERE ((financial_rpt_catalog_dim.enterprise_tp_code IN ('dn','bh') AND financial_rpt_catalog_dim.row_description_reference = '300') OR (financial_rpt_catalog_dim.enterprise_tp_code = 'td' AND financial_rpt_catalog_dim.row_description_reference = '400')) AND financial_rpt_catalog_dim.column_description_reference = '1'",
K_GSDC_51,Dashboard Giám sát Tổng hợp,Nhóm 17 — Tổng hợp chỉ tiêu tài chính theo sàn OTC,Nợ phải trả (OTC),Phái sinh,GSDC,Fact Public Company Financial Report Value,Data Value,FILTER,fct_public_company_financial_rpt_val.rpt_year = :year AND fct_public_company_financial_rpt_val.rpt_quarter = :quarter,
K_GSDC_51,Dashboard Giám sát Tổng hợp,Nhóm 17 — Tổng hợp chỉ tiêu tài chính theo sàn OTC,Nợ phải trả (OTC),Phái sinh,GSDC,Public Company Dimension,Equity Listing Exchange Code,FILTER,JOIN public_company_dim ON public_company_dim.public_company_dim_id = fct_public_company_financial_rpt_val.public_company_dim_id WHERE public_company_dim.equity_listing_exchange_code = 'OTC',
K_GSDC_52,Dashboard Giám sát Tổng hợp,Nhóm 17 — Tổng hợp chỉ tiêu tài chính theo sàn OTC,Vốn CSH (OTC),Phái sinh,GSDC,Fact Public Company Financial Report Value,Data Value,MEASURE,SUM(fct_public_company_financial_rpt_val.data_val),"reuse công thức Nhóm 7, filter sàn OTC"
K_GSDC_52,Dashboard Giám sát Tổng hợp,Nhóm 17 — Tổng hợp chỉ tiêu tài chính theo sàn OTC,Vốn CSH (OTC),Phái sinh,GSDC,Fact Public Company Financial Report Value,Data Value,FILTER,"JOIN financial_rpt_catalog_dim ON financial_rpt_catalog_dim.financial_rpt_catalog_dim_id = fct_public_company_financial_rpt_val.financial_rpt_catalog_dim_id WHERE ((financial_rpt_catalog_dim.enterprise_tp_code IN ('dn','bh') AND financial_rpt_catalog_dim.row_description_reference = '400') OR (financial_rpt_catalog_dim.enterprise_tp_code = 'td' AND financial_rpt_catalog_dim.row_description_reference = '500')) AND financial_rpt_catalog_dim.column_description_reference = '1'",
K_GSDC_52,Dashboard Giám sát Tổng hợp,Nhóm 17 — Tổng hợp chỉ tiêu tài chính theo sàn OTC,Vốn CSH (OTC),Phái sinh,GSDC,Fact Public Company Financial Report Value,Data Value,FILTER,fct_public_company_financial_rpt_val.rpt_year = :year AND fct_public_company_financial_rpt_val.rpt_quarter = :quarter,
K_GSDC_52,Dashboard Giám sát Tổng hợp,Nhóm 17 — Tổng hợp chỉ tiêu tài chính theo sàn OTC,Vốn CSH (OTC),Phái sinh,GSDC,Public Company Dimension,Equity Listing Exchange Code,FILTER,JOIN public_company_dim ON public_company_dim.public_company_dim_id = fct_public_company_financial_rpt_val.public_company_dim_id WHERE public_company_dim.equity_listing_exchange_code = 'OTC',
K_GSDC_53,Dashboard Giám sát Tổng hợp,Nhóm 17 — Tổng hợp chỉ tiêu tài chính theo sàn OTC,Vốn điều lệ (OTC),Phái sinh,GSDC,Fact Public Company Financial Report Value,Data Value,MEASURE,SUM(fct_public_company_financial_rpt_val.data_val),"reuse công thức Nhóm 7, filter sàn OTC"
K_GSDC_53,Dashboard Giám sát Tổng hợp,Nhóm 17 — Tổng hợp chỉ tiêu tài chính theo sàn OTC,Vốn điều lệ (OTC),Phái sinh,GSDC,Fact Public Company Financial Report Value,Data Value,FILTER,JOIN financial_rpt_catalog_dim ON financial_rpt_catalog_dim.financial_rpt_catalog_dim_id = fct_public_company_financial_rpt_val.financial_rpt_catalog_dim_id WHERE financial_rpt_catalog_dim.row_description_reference IN ('411') AND financial_rpt_catalog_dim.column_description_reference = '1',
K_GSDC_53,Dashboard Giám sát Tổng hợp,Nhóm 17 — Tổng hợp chỉ tiêu tài chính theo sàn OTC,Vốn điều lệ (OTC),Phái sinh,GSDC,Fact Public Company Financial Report Value,Data Value,FILTER,fct_public_company_financial_rpt_val.rpt_year = :year AND fct_public_company_financial_rpt_val.rpt_quarter = :quarter,
K_GSDC_53,Dashboard Giám sát Tổng hợp,Nhóm 17 — Tổng hợp chỉ tiêu tài chính theo sàn OTC,Vốn điều lệ (OTC),Phái sinh,GSDC,Public Company Dimension,Equity Listing Exchange Code,FILTER,JOIN public_company_dim ON public_company_dim.public_company_dim_id = fct_public_company_financial_rpt_val.public_company_dim_id WHERE public_company_dim.equity_listing_exchange_code = 'OTC',
K_GSDC_54,Dashboard Giám sát Tổng hợp,Nhóm 17 — Tổng hợp chỉ tiêu tài chính theo sàn OTC,Lợi nhuận sau thuế (OTC),Phái sinh,GSDC,Fact Public Company Financial Report Value,Data Value,MEASURE,SUM(fct_public_company_financial_rpt_val.data_val),"reuse công thức Nhóm 7, filter sàn OTC"
K_GSDC_54,Dashboard Giám sát Tổng hợp,Nhóm 17 — Tổng hợp chỉ tiêu tài chính theo sàn OTC,Lợi nhuận sau thuế (OTC),Phái sinh,GSDC,Fact Public Company Financial Report Value,Data Value,FILTER,"JOIN financial_rpt_catalog_dim ON financial_rpt_catalog_dim.financial_rpt_catalog_dim_id = fct_public_company_financial_rpt_val.financial_rpt_catalog_dim_id WHERE ((financial_rpt_catalog_dim.enterprise_tp_code IN ('dn','bh') AND financial_rpt_catalog_dim.row_description_reference = '60') OR (financial_rpt_catalog_dim.enterprise_tp_code = 'td' AND financial_rpt_catalog_dim.row_description_reference = '21')) AND financial_rpt_catalog_dim.column_description_reference = '1'",
K_GSDC_54,Dashboard Giám sát Tổng hợp,Nhóm 17 — Tổng hợp chỉ tiêu tài chính theo sàn OTC,Lợi nhuận sau thuế (OTC),Phái sinh,GSDC,Fact Public Company Financial Report Value,Data Value,FILTER,fct_public_company_financial_rpt_val.rpt_year = :year AND fct_public_company_financial_rpt_val.rpt_quarter = :quarter,
K_GSDC_54,Dashboard Giám sát Tổng hợp,Nhóm 17 — Tổng hợp chỉ tiêu tài chính theo sàn OTC,Lợi nhuận sau thuế (OTC),Phái sinh,GSDC,Public Company Dimension,Equity Listing Exchange Code,FILTER,JOIN public_company_dim ON public_company_dim.public_company_dim_id = fct_public_company_financial_rpt_val.public_company_dim_id WHERE public_company_dim.equity_listing_exchange_code = 'OTC',
K_GSDC_57,Dashboard Giám sát Tổng hợp,Nhóm 17 — Tổng hợp chỉ tiêu tài chính theo sàn OTC,Hàng tồn kho (OTC),Phái sinh,GSDC,Fact Public Company Financial Report Value,Data Value,MEASURE,SUM(fct_public_company_financial_rpt_val.data_val),"reuse công thức Nhóm 7, filter sàn OTC"
K_GSDC_57,Dashboard Giám sát Tổng hợp,Nhóm 17 — Tổng hợp chỉ tiêu tài chính theo sàn OTC,Hàng tồn kho (OTC),Phái sinh,GSDC,Fact Public Company Financial Report Value,Data Value,FILTER,JOIN financial_rpt_catalog_dim ON financial_rpt_catalog_dim.financial_rpt_catalog_dim_id = fct_public_company_financial_rpt_val.financial_rpt_catalog_dim_id WHERE financial_rpt_catalog_dim.row_description_reference IN ('140') AND financial_rpt_catalog_dim.column_description_reference = '1',
K_GSDC_57,Dashboard Giám sát Tổng hợp,Nhóm 17 — Tổng hợp chỉ tiêu tài chính theo sàn OTC,Hàng tồn kho (OTC),Phái sinh,GSDC,Fact Public Company Financial Report Value,Data Value,FILTER,fct_public_company_financial_rpt_val.rpt_year = :year AND fct_public_company_financial_rpt_val.rpt_quarter = :quarter,
K_GSDC_57,Dashboard Giám sát Tổng hợp,Nhóm 17 — Tổng hợp chỉ tiêu tài chính theo sàn OTC,Hàng tồn kho (OTC),Phái sinh,GSDC,Public Company Dimension,Equity Listing Exchange Code,FILTER,JOIN public_company_dim ON public_company_dim.public_company_dim_id = fct_public_company_financial_rpt_val.public_company_dim_id WHERE public_company_dim.equity_listing_exchange_code = 'OTC',
K_GSDC_58,Dashboard Giám sát Tổng hợp,Nhóm 17 — Tổng hợp chỉ tiêu tài chính theo sàn OTC,Doanh thu thuần (OTC),Phái sinh,GSDC,Fact Public Company Financial Report Value,Data Value,MEASURE,SUM(fct_public_company_financial_rpt_val.data_val),"reuse công thức Nhóm 7, filter sàn OTC"
K_GSDC_58,Dashboard Giám sát Tổng hợp,Nhóm 17 — Tổng hợp chỉ tiêu tài chính theo sàn OTC,Doanh thu thuần (OTC),Phái sinh,GSDC,Fact Public Company Financial Report Value,Data Value,FILTER,"JOIN financial_rpt_catalog_dim ON financial_rpt_catalog_dim.financial_rpt_catalog_dim_id = fct_public_company_financial_rpt_val.financial_rpt_catalog_dim_id WHERE ((financial_rpt_catalog_dim.enterprise_tp_code IN ('dn','bh') AND financial_rpt_catalog_dim.row_description_reference = '10') OR (financial_rpt_catalog_dim.enterprise_tp_code = 'td' AND financial_rpt_catalog_dim.row_description_reference = '03')) AND financial_rpt_catalog_dim.column_description_reference = '1'",
K_GSDC_58,Dashboard Giám sát Tổng hợp,Nhóm 17 — Tổng hợp chỉ tiêu tài chính theo sàn OTC,Doanh thu thuần (OTC),Phái sinh,GSDC,Fact Public Company Financial Report Value,Data Value,FILTER,fct_public_company_financial_rpt_val.rpt_year = :year AND fct_public_company_financial_rpt_val.rpt_quarter = :quarter,
K_GSDC_58,Dashboard Giám sát Tổng hợp,Nhóm 17 — Tổng hợp chỉ tiêu tài chính theo sàn OTC,Doanh thu thuần (OTC),Phái sinh,GSDC,Public Company Dimension,Equity Listing Exchange Code,FILTER,JOIN public_company_dim ON public_company_dim.public_company_dim_id = fct_public_company_financial_rpt_val.public_company_dim_id WHERE public_company_dim.equity_listing_exchange_code = 'OTC',
K_GSDC_59,Dashboard Giám sát Tổng hợp,Nhóm 17 — Tổng hợp chỉ tiêu tài chính theo sàn OTC,Lợi nhuận dồn tích YTD (OTC),Phái sinh,GSDC,Fact Public Company Financial Report Value,Data Value,MEASURE,SUM(fct_public_company_financial_rpt_val.data_val),"reuse công thức Nhóm 7, filter sàn OTC"
K_GSDC_59,Dashboard Giám sát Tổng hợp,Nhóm 17 — Tổng hợp chỉ tiêu tài chính theo sàn OTC,Lợi nhuận dồn tích YTD (OTC),Phái sinh,GSDC,Fact Public Company Financial Report Value,Data Value,FILTER,JOIN financial_rpt_catalog_dim ON financial_rpt_catalog_dim.financial_rpt_catalog_dim_id = fct_public_company_financial_rpt_val.financial_rpt_catalog_dim_id WHERE financial_rpt_catalog_dim.row_description_reference IN ('421') AND financial_rpt_catalog_dim.column_description_reference = '1',
K_GSDC_59,Dashboard Giám sát Tổng hợp,Nhóm 17 — Tổng hợp chỉ tiêu tài chính theo sàn OTC,Lợi nhuận dồn tích YTD (OTC),Phái sinh,GSDC,Fact Public Company Financial Report Value,Data Value,FILTER,fct_public_company_financial_rpt_val.rpt_year = :year AND fct_public_company_financial_rpt_val.rpt_quarter = :quarter,
K_GSDC_59,Dashboard Giám sát Tổng hợp,Nhóm 17 — Tổng hợp chỉ tiêu tài chính theo sàn OTC,Lợi nhuận dồn tích YTD (OTC),Phái sinh,GSDC,Public Company Dimension,Equity Listing Exchange Code,FILTER,JOIN public_company_dim ON public_company_dim.public_company_dim_id = fct_public_company_financial_rpt_val.public_company_dim_id WHERE public_company_dim.equity_listing_exchange_code = 'OTC',
K_GSDC_60,Dashboard Giám sát Tổng hợp,Nhóm 17 — Tổng hợp chỉ tiêu tài chính theo sàn OTC,Phải thu (OTC),Phái sinh,GSDC,Fact Public Company Financial Report Value,Data Value,MEASURE,SUM(fct_public_company_financial_rpt_val.data_val),"reuse công thức Nhóm 7, filter sàn OTC"
K_GSDC_60,Dashboard Giám sát Tổng hợp,Nhóm 17 — Tổng hợp chỉ tiêu tài chính theo sàn OTC,Phải thu (OTC),Phái sinh,GSDC,Fact Public Company Financial Report Value,Data Value,FILTER,"JOIN financial_rpt_catalog_dim ON financial_rpt_catalog_dim.financial_rpt_catalog_dim_id = fct_public_company_financial_rpt_val.financial_rpt_catalog_dim_id WHERE ((financial_rpt_catalog_dim.enterprise_tp_code IN ('dn','bh') AND financial_rpt_catalog_dim.row_description_reference IN ('130','210')) OR (financial_rpt_catalog_dim.enterprise_tp_code = 'td' AND financial_rpt_catalog_dim.row_description_reference = '251')) AND financial_rpt_catalog_dim.column_description_reference = '1'",
K_GSDC_60,Dashboard Giám sát Tổng hợp,Nhóm 17 — Tổng hợp chỉ tiêu tài chính theo sàn OTC,Phải thu (OTC),Phái sinh,GSDC,Fact Public Company Financial Report Value,Data Value,FILTER,fct_public_company_financial_rpt_val.rpt_year = :year AND fct_public_company_financial_rpt_val.rpt_quarter = :quarter,
K_GSDC_60,Dashboard Giám sát Tổng hợp,Nhóm 17 — Tổng hợp chỉ tiêu tài chính theo sàn OTC,Phải thu (OTC),Phái sinh,GSDC,Public Company Dimension,Equity Listing Exchange Code,FILTER,JOIN public_company_dim ON public_company_dim.public_company_dim_id = fct_public_company_financial_rpt_val.public_company_dim_id WHERE public_company_dim.equity_listing_exchange_code = 'OTC',
K_GSDC_61,Dashboard Giám sát Tổng hợp,Nhóm 17 — Tổng hợp chỉ tiêu tài chính theo sàn OTC,Tiền và tương đương tiền (OTC),Phái sinh,GSDC,Fact Public Company Financial Report Value,Data Value,MEASURE,SUM(fct_public_company_financial_rpt_val.data_val),"reuse công thức Nhóm 7, filter sàn OTC"
K_GSDC_61,Dashboard Giám sát Tổng hợp,Nhóm 17 — Tổng hợp chỉ tiêu tài chính theo sàn OTC,Tiền và tương đương tiền (OTC),Phái sinh,GSDC,Fact Public Company Financial Report Value,Data Value,FILTER,"JOIN financial_rpt_catalog_dim ON financial_rpt_catalog_dim.financial_rpt_catalog_dim_id = fct_public_company_financial_rpt_val.financial_rpt_catalog_dim_id WHERE ((financial_rpt_catalog_dim.enterprise_tp_code IN ('dn','bh') AND financial_rpt_catalog_dim.row_description_reference = '110') OR (financial_rpt_catalog_dim.enterprise_tp_code = 'td' AND financial_rpt_catalog_dim.row_description_reference IN ('110','120'))) AND financial_rpt_catalog_dim.column_description_reference = '1'",
K_GSDC_61,Dashboard Giám sát Tổng hợp,Nhóm 17 — Tổng hợp chỉ tiêu tài chính theo sàn OTC,Tiền và tương đương tiền (OTC),Phái sinh,GSDC,Fact Public Company Financial Report Value,Data Value,FILTER,fct_public_company_financial_rpt_val.rpt_year = :year AND fct_public_company_financial_rpt_val.rpt_quarter = :quarter,
K_GSDC_61,Dashboard Giám sát Tổng hợp,Nhóm 17 — Tổng hợp chỉ tiêu tài chính theo sàn OTC,Tiền và tương đương tiền (OTC),Phái sinh,GSDC,Public Company Dimension,Equity Listing Exchange Code,FILTER,JOIN public_company_dim ON public_company_dim.public_company_dim_id = fct_public_company_financial_rpt_val.public_company_dim_id WHERE public_company_dim.equity_listing_exchange_code = 'OTC',
K_GSDC_50_YOY,Dashboard Giám sát Tổng hợp,Nhóm 17 — Tổng hợp chỉ tiêu tài chính theo sàn OTC,Tổng tài sản — YoY (OTC),Phái sinh,GSDC,,,DERIVED,(giá trị kỳ N - giá trị cùng kỳ năm trước) / giá trị cùng kỳ năm trước × 100 | filter sàn OTC,Refer KPI ID vì YoY — cần presentation layer resolve
K_GSDC_51_YOY,Dashboard Giám sát Tổng hợp,Nhóm 17 — Tổng hợp chỉ tiêu tài chính theo sàn OTC,Nợ phải trả — YoY (OTC),Phái sinh,GSDC,,,DERIVED,(giá trị kỳ N - giá trị cùng kỳ năm trước) / giá trị cùng kỳ năm trước × 100 | filter sàn OTC,Refer KPI ID vì YoY — cần presentation layer resolve
K_GSDC_52_YOY,Dashboard Giám sát Tổng hợp,Nhóm 17 — Tổng hợp chỉ tiêu tài chính theo sàn OTC,Vốn CSH — YoY (OTC),Phái sinh,GSDC,,,DERIVED,(giá trị kỳ N - giá trị cùng kỳ năm trước) / giá trị cùng kỳ năm trước × 100 | filter sàn OTC,Refer KPI ID vì YoY — cần presentation layer resolve
K_GSDC_53_YOY,Dashboard Giám sát Tổng hợp,Nhóm 17 — Tổng hợp chỉ tiêu tài chính theo sàn OTC,Vốn điều lệ — YoY (OTC),Phái sinh,GSDC,,,DERIVED,(giá trị kỳ N - giá trị cùng kỳ năm trước) / giá trị cùng kỳ năm trước × 100 | filter sàn OTC,Refer KPI ID vì YoY — cần presentation layer resolve
K_GSDC_54_YOY,Dashboard Giám sát Tổng hợp,Nhóm 17 — Tổng hợp chỉ tiêu tài chính theo sàn OTC,LNST — YoY (OTC),Phái sinh,GSDC,,,DERIVED,(giá trị kỳ N - giá trị cùng kỳ năm trước) / giá trị cùng kỳ năm trước × 100 | filter sàn OTC,Refer KPI ID vì YoY — cần presentation layer resolve
K_GSDC_57_YOY,Dashboard Giám sát Tổng hợp,Nhóm 17 — Tổng hợp chỉ tiêu tài chính theo sàn OTC,Hàng tồn kho — YoY (OTC),Phái sinh,GSDC,,,DERIVED,(giá trị kỳ N - giá trị cùng kỳ năm trước) / giá trị cùng kỳ năm trước × 100 | filter sàn OTC,Refer KPI ID vì YoY — cần presentation layer resolve
K_GSDC_58_YOY,Dashboard Giám sát Tổng hợp,Nhóm 17 — Tổng hợp chỉ tiêu tài chính theo sàn OTC,Doanh thu — YoY (OTC),Phái sinh,GSDC,,,DERIVED,(giá trị kỳ N - giá trị cùng kỳ năm trước) / giá trị cùng kỳ năm trước × 100 | filter sàn OTC,Refer KPI ID vì YoY — cần presentation layer resolve
K_GSDC_59_YOY,Dashboard Giám sát Tổng hợp,Nhóm 17 — Tổng hợp chỉ tiêu tài chính theo sàn OTC,LN YTD — YoY (OTC),Phái sinh,GSDC,,,DERIVED,(giá trị kỳ N - giá trị cùng kỳ năm trước) / giá trị cùng kỳ năm trước × 100 | filter sàn OTC,Refer KPI ID vì YoY — cần presentation layer resolve
K_GSDC_60_YOY,Dashboard Giám sát Tổng hợp,Nhóm 17 — Tổng hợp chỉ tiêu tài chính theo sàn OTC,Phải thu — YoY (OTC),Phái sinh,GSDC,,,DERIVED,(giá trị kỳ N - giá trị cùng kỳ năm trước) / giá trị cùng kỳ năm trước × 100 | filter sàn OTC,Refer KPI ID vì YoY — cần presentation layer resolve
K_GSDC_61_YOY,Dashboard Giám sát Tổng hợp,Nhóm 17 — Tổng hợp chỉ tiêu tài chính theo sàn OTC,Tiền TĐT — YoY (OTC),Phái sinh,GSDC,,,DERIVED,(giá trị kỳ N - giá trị cùng kỳ năm trước) / giá trị cùng kỳ năm trước × 100 | filter sàn OTC,Refer KPI ID vì YoY — cần presentation layer resolve
K_GSDC_55,Dashboard Giám sát Tổng hợp,Nhóm 17 — Tổng hợp chỉ tiêu tài chính theo sàn OTC,ROA (OTC),Phái sinh,GSDC,,,DERIVED,"SUM(fct_public_company_financial_rpt_val.data_val | LNST row 60) / NULLIF(SUM((NVL(TSBQ_col2, TSBQ_col1) + NVL(TSBQ_col1, TSBQ_col2)) / 2), 0) * 100 | filter sàn OTC | TSBQ_col1/col2 = fct_public_company_financial_rpt_val.data_val row 270, col_desc=1 (cuối kỳ)/2 (đầu kỳ) — nếu 1 vế null lấy vế còn lại làm cả 2, cả 2 null thì kết quả null",
K_GSDC_55_YOY,Dashboard Giám sát Tổng hợp,Nhóm 17 — Tổng hợp chỉ tiêu tài chính theo sàn OTC,ROA — YoY (OTC),Phái sinh,GSDC,,,DERIVED,(ROA kỳ N - ROA cùng kỳ năm trước) / ROA cùng kỳ năm trước × 100 | filter sàn OTC,Refer KPI ID vì YoY
K_GSDC_56,Dashboard Giám sát Tổng hợp,Nhóm 17 — Tổng hợp chỉ tiêu tài chính theo sàn OTC,ROE (OTC),Phái sinh,GSDC,,,DERIVED,"SUM(fct_public_company_financial_rpt_val.data_val | LNST row 60) / NULLIF(SUM((NVL(VCSHBQ_col2, VCSHBQ_col1) + NVL(VCSHBQ_col1, VCSHBQ_col2)) / 2), 0) * 100 | filter sàn OTC | VCSHBQ_col1/col2 = fct_public_company_financial_rpt_val.data_val row 400, col_desc=1 (cuối kỳ)/2 (đầu kỳ) — nếu 1 vế null lấy vế còn lại làm cả 2, cả 2 null thì kết quả null",
K_GSDC_56_YOY,Dashboard Giám sát Tổng hợp,Nhóm 17 — Tổng hợp chỉ tiêu tài chính theo sàn OTC,ROE — YoY (OTC),Phái sinh,GSDC,,,DERIVED,(ROE kỳ N - ROE cùng kỳ năm trước) / ROE cùng kỳ năm trước × 100 | filter sàn OTC,Refer KPI ID vì YoY
K_GSDC_62,Dashboard Giám sát Tổng hợp,Nhóm 17 — Tổng hợp chỉ tiêu tài chính theo sàn OTC,Nợ / Vốn CSH (OTC),Phái sinh,GSDC,,,DERIVED,"SUM(fct_public_company_financial_rpt_val.data_val | Nợ row 300(dn/bh)/400(td)) / NULLIF(SUM(fct_public_company_financial_rpt_val.data_val | VCSH row 400(dn/bh)/500(td)), 0) | filter sàn OTC",
K_GSDC_62_YOY,Dashboard Giám sát Tổng hợp,Nhóm 17 — Tổng hợp chỉ tiêu tài chính theo sàn OTC,Nợ/Vốn CSH — YoY (OTC),Phái sinh,GSDC,,,DERIVED,(Nợ/VCSH kỳ N - Nợ/VCSH cùng kỳ năm trước) / Nợ/VCSH cùng kỳ năm trước × 100 | filter sàn OTC,Refer KPI ID vì YoY
K_GSDC_79,Dashboard Giám sát Tổng hợp,Nhóm 17 — Tổng hợp chỉ tiêu tài chính theo sàn OTC,Ngành,Chiều,GSDC,Public Company Dimension,Business Line Level 1 Code,GROUP_BY,public_company_dim.business_line_level_1_code,reuse từ Nhóm 11
K_GSDC_80,Dashboard Giám sát Tổng hợp,Nhóm 17 — Tổng hợp chỉ tiêu tài chính theo sàn OTC,Tổng tài sản — theo ngành (OTC),Phái sinh,GSDC,Fact Public Company Financial Report Value,Data Value,MEASURE,SUM(fct_public_company_financial_rpt_val.data_val),filter sàn OTC + GROUP BY ngành
K_GSDC_80,Dashboard Giám sát Tổng hợp,Nhóm 17 — Tổng hợp chỉ tiêu tài chính theo sàn OTC,Tổng tài sản — theo ngành (OTC),Phái sinh,GSDC,Fact Public Company Financial Report Value,Data Value,FILTER,"JOIN financial_rpt_catalog_dim ON financial_rpt_catalog_dim.financial_rpt_catalog_dim_id = fct_public_company_financial_rpt_val.financial_rpt_catalog_dim_id WHERE ((financial_rpt_catalog_dim.enterprise_tp_code IN ('dn','bh') AND financial_rpt_catalog_dim.row_description_reference = '270') OR (financial_rpt_catalog_dim.enterprise_tp_code = 'td' AND financial_rpt_catalog_dim.row_description_reference = '300')) AND financial_rpt_catalog_dim.column_description_reference = '1'",
K_GSDC_80,Dashboard Giám sát Tổng hợp,Nhóm 17 — Tổng hợp chỉ tiêu tài chính theo sàn OTC,Tổng tài sản — theo ngành (OTC),Phái sinh,GSDC,Fact Public Company Financial Report Value,Data Value,FILTER,fct_public_company_financial_rpt_val.rpt_year = :year AND fct_public_company_financial_rpt_val.rpt_quarter = :quarter,
K_GSDC_80,Dashboard Giám sát Tổng hợp,Nhóm 17 — Tổng hợp chỉ tiêu tài chính theo sàn OTC,Tổng tài sản — theo ngành (OTC),Phái sinh,GSDC,Fact Public Company Financial Report Value,Data Value,FILTER,JOIN public_company_dim ON public_company_dim.public_company_dim_id = fct_public_company_financial_rpt_val.public_company_dim_id WHERE public_company_dim.equity_listing_exchange_code = 'OTC',
K_GSDC_81,Dashboard Giám sát Tổng hợp,Nhóm 17 — Tổng hợp chỉ tiêu tài chính theo sàn OTC,Nợ phải trả — theo ngành (OTC),Phái sinh,GSDC,Fact Public Company Financial Report Value,Data Value,MEASURE,SUM(fct_public_company_financial_rpt_val.data_val),filter sàn OTC + GROUP BY ngành
K_GSDC_81,Dashboard Giám sát Tổng hợp,Nhóm 17 — Tổng hợp chỉ tiêu tài chính theo sàn OTC,Nợ phải trả — theo ngành (OTC),Phái sinh,GSDC,Fact Public Company Financial Report Value,Data Value,FILTER,"JOIN financial_rpt_catalog_dim ON financial_rpt_catalog_dim.financial_rpt_catalog_dim_id = fct_public_company_financial_rpt_val.financial_rpt_catalog_dim_id WHERE ((financial_rpt_catalog_dim.enterprise_tp_code IN ('dn','bh') AND financial_rpt_catalog_dim.row_description_reference = '300') OR (financial_rpt_catalog_dim.enterprise_tp_code = 'td' AND financial_rpt_catalog_dim.row_description_reference = '400')) AND financial_rpt_catalog_dim.column_description_reference = '1'",
K_GSDC_81,Dashboard Giám sát Tổng hợp,Nhóm 17 — Tổng hợp chỉ tiêu tài chính theo sàn OTC,Nợ phải trả — theo ngành (OTC),Phái sinh,GSDC,Fact Public Company Financial Report Value,Data Value,FILTER,fct_public_company_financial_rpt_val.rpt_year = :year AND fct_public_company_financial_rpt_val.rpt_quarter = :quarter,
K_GSDC_81,Dashboard Giám sát Tổng hợp,Nhóm 17 — Tổng hợp chỉ tiêu tài chính theo sàn OTC,Nợ phải trả — theo ngành (OTC),Phái sinh,GSDC,Fact Public Company Financial Report Value,Data Value,FILTER,JOIN public_company_dim ON public_company_dim.public_company_dim_id = fct_public_company_financial_rpt_val.public_company_dim_id WHERE public_company_dim.equity_listing_exchange_code = 'OTC',
K_GSDC_82,Dashboard Giám sát Tổng hợp,Nhóm 17 — Tổng hợp chỉ tiêu tài chính theo sàn OTC,Vốn CSH — theo ngành (OTC),Phái sinh,GSDC,Fact Public Company Financial Report Value,Data Value,MEASURE,SUM(fct_public_company_financial_rpt_val.data_val),filter sàn OTC + GROUP BY ngành
K_GSDC_82,Dashboard Giám sát Tổng hợp,Nhóm 17 — Tổng hợp chỉ tiêu tài chính theo sàn OTC,Vốn CSH — theo ngành (OTC),Phái sinh,GSDC,Fact Public Company Financial Report Value,Data Value,FILTER,"JOIN financial_rpt_catalog_dim ON financial_rpt_catalog_dim.financial_rpt_catalog_dim_id = fct_public_company_financial_rpt_val.financial_rpt_catalog_dim_id WHERE ((financial_rpt_catalog_dim.enterprise_tp_code IN ('dn','bh') AND financial_rpt_catalog_dim.row_description_reference = '400') OR (financial_rpt_catalog_dim.enterprise_tp_code = 'td' AND financial_rpt_catalog_dim.row_description_reference = '500')) AND financial_rpt_catalog_dim.column_description_reference = '1'",
K_GSDC_82,Dashboard Giám sát Tổng hợp,Nhóm 17 — Tổng hợp chỉ tiêu tài chính theo sàn OTC,Vốn CSH — theo ngành (OTC),Phái sinh,GSDC,Fact Public Company Financial Report Value,Data Value,FILTER,fct_public_company_financial_rpt_val.rpt_year = :year AND fct_public_company_financial_rpt_val.rpt_quarter = :quarter,
K_GSDC_82,Dashboard Giám sát Tổng hợp,Nhóm 17 — Tổng hợp chỉ tiêu tài chính theo sàn OTC,Vốn CSH — theo ngành (OTC),Phái sinh,GSDC,Fact Public Company Financial Report Value,Data Value,FILTER,JOIN public_company_dim ON public_company_dim.public_company_dim_id = fct_public_company_financial_rpt_val.public_company_dim_id WHERE public_company_dim.equity_listing_exchange_code = 'OTC',
K_GSDC_83,Dashboard Giám sát Tổng hợp,Nhóm 17 — Tổng hợp chỉ tiêu tài chính theo sàn OTC,Vốn điều lệ — theo ngành (OTC),Phái sinh,GSDC,Fact Public Company Financial Report Value,Data Value,MEASURE,SUM(fct_public_company_financial_rpt_val.data_val),filter sàn OTC + GROUP BY ngành
K_GSDC_83,Dashboard Giám sát Tổng hợp,Nhóm 17 — Tổng hợp chỉ tiêu tài chính theo sàn OTC,Vốn điều lệ — theo ngành (OTC),Phái sinh,GSDC,Fact Public Company Financial Report Value,Data Value,FILTER,JOIN financial_rpt_catalog_dim ON financial_rpt_catalog_dim.financial_rpt_catalog_dim_id = fct_public_company_financial_rpt_val.financial_rpt_catalog_dim_id WHERE financial_rpt_catalog_dim.row_description_reference IN ('411') AND financial_rpt_catalog_dim.column_description_reference = '1',
K_GSDC_83,Dashboard Giám sát Tổng hợp,Nhóm 17 — Tổng hợp chỉ tiêu tài chính theo sàn OTC,Vốn điều lệ — theo ngành (OTC),Phái sinh,GSDC,Fact Public Company Financial Report Value,Data Value,FILTER,fct_public_company_financial_rpt_val.rpt_year = :year AND fct_public_company_financial_rpt_val.rpt_quarter = :quarter,
K_GSDC_83,Dashboard Giám sát Tổng hợp,Nhóm 17 — Tổng hợp chỉ tiêu tài chính theo sàn OTC,Vốn điều lệ — theo ngành (OTC),Phái sinh,GSDC,Fact Public Company Financial Report Value,Data Value,FILTER,JOIN public_company_dim ON public_company_dim.public_company_dim_id = fct_public_company_financial_rpt_val.public_company_dim_id WHERE public_company_dim.equity_listing_exchange_code = 'OTC',
K_GSDC_84,Dashboard Giám sát Tổng hợp,Nhóm 17 — Tổng hợp chỉ tiêu tài chính theo sàn OTC,Lợi nhuận sau thuế — theo ngành (OTC),Phái sinh,GSDC,Fact Public Company Financial Report Value,Data Value,MEASURE,SUM(fct_public_company_financial_rpt_val.data_val),filter sàn OTC + GROUP BY ngành
K_GSDC_84,Dashboard Giám sát Tổng hợp,Nhóm 17 — Tổng hợp chỉ tiêu tài chính theo sàn OTC,Lợi nhuận sau thuế — theo ngành (OTC),Phái sinh,GSDC,Fact Public Company Financial Report Value,Data Value,FILTER,"JOIN financial_rpt_catalog_dim ON financial_rpt_catalog_dim.financial_rpt_catalog_dim_id = fct_public_company_financial_rpt_val.financial_rpt_catalog_dim_id WHERE ((financial_rpt_catalog_dim.enterprise_tp_code IN ('dn','bh') AND financial_rpt_catalog_dim.row_description_reference = '60') OR (financial_rpt_catalog_dim.enterprise_tp_code = 'td' AND financial_rpt_catalog_dim.row_description_reference = '21')) AND financial_rpt_catalog_dim.column_description_reference = '1'",
K_GSDC_84,Dashboard Giám sát Tổng hợp,Nhóm 17 — Tổng hợp chỉ tiêu tài chính theo sàn OTC,Lợi nhuận sau thuế — theo ngành (OTC),Phái sinh,GSDC,Fact Public Company Financial Report Value,Data Value,FILTER,fct_public_company_financial_rpt_val.rpt_year = :year AND fct_public_company_financial_rpt_val.rpt_quarter = :quarter,
K_GSDC_84,Dashboard Giám sát Tổng hợp,Nhóm 17 — Tổng hợp chỉ tiêu tài chính theo sàn OTC,Lợi nhuận sau thuế — theo ngành (OTC),Phái sinh,GSDC,Fact Public Company Financial Report Value,Data Value,FILTER,JOIN public_company_dim ON public_company_dim.public_company_dim_id = fct_public_company_financial_rpt_val.public_company_dim_id WHERE public_company_dim.equity_listing_exchange_code = 'OTC',
K_GSDC_87,Dashboard Giám sát Tổng hợp,Nhóm 17 — Tổng hợp chỉ tiêu tài chính theo sàn OTC,Hàng tồn kho — theo ngành (OTC),Phái sinh,GSDC,Fact Public Company Financial Report Value,Data Value,MEASURE,SUM(fct_public_company_financial_rpt_val.data_val),filter sàn OTC + GROUP BY ngành
K_GSDC_87,Dashboard Giám sát Tổng hợp,Nhóm 17 — Tổng hợp chỉ tiêu tài chính theo sàn OTC,Hàng tồn kho — theo ngành (OTC),Phái sinh,GSDC,Fact Public Company Financial Report Value,Data Value,FILTER,JOIN financial_rpt_catalog_dim ON financial_rpt_catalog_dim.financial_rpt_catalog_dim_id = fct_public_company_financial_rpt_val.financial_rpt_catalog_dim_id WHERE financial_rpt_catalog_dim.row_description_reference IN ('140') AND financial_rpt_catalog_dim.column_description_reference = '1',
K_GSDC_87,Dashboard Giám sát Tổng hợp,Nhóm 17 — Tổng hợp chỉ tiêu tài chính theo sàn OTC,Hàng tồn kho — theo ngành (OTC),Phái sinh,GSDC,Fact Public Company Financial Report Value,Data Value,FILTER,fct_public_company_financial_rpt_val.rpt_year = :year AND fct_public_company_financial_rpt_val.rpt_quarter = :quarter,
K_GSDC_87,Dashboard Giám sát Tổng hợp,Nhóm 17 — Tổng hợp chỉ tiêu tài chính theo sàn OTC,Hàng tồn kho — theo ngành (OTC),Phái sinh,GSDC,Fact Public Company Financial Report Value,Data Value,FILTER,JOIN public_company_dim ON public_company_dim.public_company_dim_id = fct_public_company_financial_rpt_val.public_company_dim_id WHERE public_company_dim.equity_listing_exchange_code = 'OTC',
K_GSDC_88,Dashboard Giám sát Tổng hợp,Nhóm 17 — Tổng hợp chỉ tiêu tài chính theo sàn OTC,Doanh thu — theo ngành (OTC),Phái sinh,GSDC,Fact Public Company Financial Report Value,Data Value,MEASURE,SUM(fct_public_company_financial_rpt_val.data_val),filter sàn OTC + GROUP BY ngành
K_GSDC_88,Dashboard Giám sát Tổng hợp,Nhóm 17 — Tổng hợp chỉ tiêu tài chính theo sàn OTC,Doanh thu — theo ngành (OTC),Phái sinh,GSDC,Fact Public Company Financial Report Value,Data Value,FILTER,"JOIN financial_rpt_catalog_dim ON financial_rpt_catalog_dim.financial_rpt_catalog_dim_id = fct_public_company_financial_rpt_val.financial_rpt_catalog_dim_id WHERE ((financial_rpt_catalog_dim.enterprise_tp_code IN ('dn','bh') AND financial_rpt_catalog_dim.row_description_reference = '10') OR (financial_rpt_catalog_dim.enterprise_tp_code = 'td' AND financial_rpt_catalog_dim.row_description_reference = '03')) AND financial_rpt_catalog_dim.column_description_reference = '1'",
K_GSDC_88,Dashboard Giám sát Tổng hợp,Nhóm 17 — Tổng hợp chỉ tiêu tài chính theo sàn OTC,Doanh thu — theo ngành (OTC),Phái sinh,GSDC,Fact Public Company Financial Report Value,Data Value,FILTER,fct_public_company_financial_rpt_val.rpt_year = :year AND fct_public_company_financial_rpt_val.rpt_quarter = :quarter,
K_GSDC_88,Dashboard Giám sát Tổng hợp,Nhóm 17 — Tổng hợp chỉ tiêu tài chính theo sàn OTC,Doanh thu — theo ngành (OTC),Phái sinh,GSDC,Fact Public Company Financial Report Value,Data Value,FILTER,JOIN public_company_dim ON public_company_dim.public_company_dim_id = fct_public_company_financial_rpt_val.public_company_dim_id WHERE public_company_dim.equity_listing_exchange_code = 'OTC',
K_GSDC_89,Dashboard Giám sát Tổng hợp,Nhóm 17 — Tổng hợp chỉ tiêu tài chính theo sàn OTC,Lợi nhuận dồn tích YTD — theo ngành (OTC),Phái sinh,GSDC,Fact Public Company Financial Report Value,Data Value,MEASURE,SUM(fct_public_company_financial_rpt_val.data_val),filter sàn OTC + GROUP BY ngành
K_GSDC_89,Dashboard Giám sát Tổng hợp,Nhóm 17 — Tổng hợp chỉ tiêu tài chính theo sàn OTC,Lợi nhuận dồn tích YTD — theo ngành (OTC),Phái sinh,GSDC,Fact Public Company Financial Report Value,Data Value,FILTER,JOIN financial_rpt_catalog_dim ON financial_rpt_catalog_dim.financial_rpt_catalog_dim_id = fct_public_company_financial_rpt_val.financial_rpt_catalog_dim_id WHERE financial_rpt_catalog_dim.row_description_reference IN ('421') AND financial_rpt_catalog_dim.column_description_reference = '1',
K_GSDC_89,Dashboard Giám sát Tổng hợp,Nhóm 17 — Tổng hợp chỉ tiêu tài chính theo sàn OTC,Lợi nhuận dồn tích YTD — theo ngành (OTC),Phái sinh,GSDC,Fact Public Company Financial Report Value,Data Value,FILTER,fct_public_company_financial_rpt_val.rpt_year = :year AND fct_public_company_financial_rpt_val.rpt_quarter = :quarter,
K_GSDC_89,Dashboard Giám sát Tổng hợp,Nhóm 17 — Tổng hợp chỉ tiêu tài chính theo sàn OTC,Lợi nhuận dồn tích YTD — theo ngành (OTC),Phái sinh,GSDC,Fact Public Company Financial Report Value,Data Value,FILTER,JOIN public_company_dim ON public_company_dim.public_company_dim_id = fct_public_company_financial_rpt_val.public_company_dim_id WHERE public_company_dim.equity_listing_exchange_code = 'OTC',
K_GSDC_90,Dashboard Giám sát Tổng hợp,Nhóm 17 — Tổng hợp chỉ tiêu tài chính theo sàn OTC,Phải thu — theo ngành (OTC),Phái sinh,GSDC,Fact Public Company Financial Report Value,Data Value,MEASURE,SUM(fct_public_company_financial_rpt_val.data_val),filter sàn OTC + GROUP BY ngành
K_GSDC_90,Dashboard Giám sát Tổng hợp,Nhóm 17 — Tổng hợp chỉ tiêu tài chính theo sàn OTC,Phải thu — theo ngành (OTC),Phái sinh,GSDC,Fact Public Company Financial Report Value,Data Value,FILTER,"JOIN financial_rpt_catalog_dim ON financial_rpt_catalog_dim.financial_rpt_catalog_dim_id = fct_public_company_financial_rpt_val.financial_rpt_catalog_dim_id WHERE ((financial_rpt_catalog_dim.enterprise_tp_code IN ('dn','bh') AND financial_rpt_catalog_dim.row_description_reference IN ('130','210')) OR (financial_rpt_catalog_dim.enterprise_tp_code = 'td' AND financial_rpt_catalog_dim.row_description_reference = '251')) AND financial_rpt_catalog_dim.column_description_reference = '1'",
K_GSDC_90,Dashboard Giám sát Tổng hợp,Nhóm 17 — Tổng hợp chỉ tiêu tài chính theo sàn OTC,Phải thu — theo ngành (OTC),Phái sinh,GSDC,Fact Public Company Financial Report Value,Data Value,FILTER,fct_public_company_financial_rpt_val.rpt_year = :year AND fct_public_company_financial_rpt_val.rpt_quarter = :quarter,
K_GSDC_90,Dashboard Giám sát Tổng hợp,Nhóm 17 — Tổng hợp chỉ tiêu tài chính theo sàn OTC,Phải thu — theo ngành (OTC),Phái sinh,GSDC,Fact Public Company Financial Report Value,Data Value,FILTER,JOIN public_company_dim ON public_company_dim.public_company_dim_id = fct_public_company_financial_rpt_val.public_company_dim_id WHERE public_company_dim.equity_listing_exchange_code = 'OTC',
K_GSDC_91,Dashboard Giám sát Tổng hợp,Nhóm 17 — Tổng hợp chỉ tiêu tài chính theo sàn OTC,Tiền và tương đương tiền — theo ngành (OTC),Phái sinh,GSDC,Fact Public Company Financial Report Value,Data Value,MEASURE,SUM(fct_public_company_financial_rpt_val.data_val),filter sàn OTC + GROUP BY ngành
K_GSDC_91,Dashboard Giám sát Tổng hợp,Nhóm 17 — Tổng hợp chỉ tiêu tài chính theo sàn OTC,Tiền và tương đương tiền — theo ngành (OTC),Phái sinh,GSDC,Fact Public Company Financial Report Value,Data Value,FILTER,"JOIN financial_rpt_catalog_dim ON financial_rpt_catalog_dim.financial_rpt_catalog_dim_id = fct_public_company_financial_rpt_val.financial_rpt_catalog_dim_id WHERE ((financial_rpt_catalog_dim.enterprise_tp_code IN ('dn','bh') AND financial_rpt_catalog_dim.row_description_reference = '110') OR (financial_rpt_catalog_dim.enterprise_tp_code = 'td' AND financial_rpt_catalog_dim.row_description_reference IN ('110','120'))) AND financial_rpt_catalog_dim.column_description_reference = '1'",
K_GSDC_91,Dashboard Giám sát Tổng hợp,Nhóm 17 — Tổng hợp chỉ tiêu tài chính theo sàn OTC,Tiền và tương đương tiền — theo ngành (OTC),Phái sinh,GSDC,Fact Public Company Financial Report Value,Data Value,FILTER,fct_public_company_financial_rpt_val.rpt_year = :year AND fct_public_company_financial_rpt_val.rpt_quarter = :quarter,
K_GSDC_91,Dashboard Giám sát Tổng hợp,Nhóm 17 — Tổng hợp chỉ tiêu tài chính theo sàn OTC,Tiền và tương đương tiền — theo ngành (OTC),Phái sinh,GSDC,Fact Public Company Financial Report Value,Data Value,FILTER,JOIN public_company_dim ON public_company_dim.public_company_dim_id = fct_public_company_financial_rpt_val.public_company_dim_id WHERE public_company_dim.equity_listing_exchange_code = 'OTC',
K_GSDC_85,Dashboard Giám sát Tổng hợp,Nhóm 17 — Tổng hợp chỉ tiêu tài chính theo sàn OTC,ROA — theo ngành (OTC),Phái sinh,GSDC,,,DERIVED,"SUM(fct_public_company_financial_rpt_val.data_val | LNST row 60) / NULLIF(SUM((NVL(TSBQ_col2, TSBQ_col1) + NVL(TSBQ_col1, TSBQ_col2)) / 2), 0) * 100 | filter sàn OTC GROUP BY ngành | TSBQ_col1/col2 = fct_public_company_financial_rpt_val.data_val row 270, col_desc=1 (cuối kỳ)/2 (đầu kỳ) — nếu 1 vế null lấy vế còn lại làm cả 2, cả 2 null thì kết quả null",
K_GSDC_86,Dashboard Giám sát Tổng hợp,Nhóm 17 — Tổng hợp chỉ tiêu tài chính theo sàn OTC,ROE — theo ngành (OTC),Phái sinh,GSDC,,,DERIVED,"SUM(fct_public_company_financial_rpt_val.data_val | LNST row 60) / NULLIF(SUM((NVL(VCSHBQ_col2, VCSHBQ_col1) + NVL(VCSHBQ_col1, VCSHBQ_col2)) / 2), 0) * 100 | filter sàn OTC GROUP BY ngành | VCSHBQ_col1/col2 = fct_public_company_financial_rpt_val.data_val row 400, col_desc=1 (cuối kỳ)/2 (đầu kỳ) — nếu 1 vế null lấy vế còn lại làm cả 2, cả 2 null thì kết quả null",
K_GSDC_92,Dashboard Giám sát Tổng hợp,Nhóm 17 — Tổng hợp chỉ tiêu tài chính theo sàn OTC,Nợ/Vốn CSH — theo ngành (OTC),Phái sinh,GSDC,,,DERIVED,"SUM(fct_public_company_financial_rpt_val.data_val | Nợ row 300(dn/bh)/400(td)) / NULLIF(SUM(fct_public_company_financial_rpt_val.data_val | VCSH row 400(dn/bh)/500(td)), 0) | filter sàn OTC GROUP BY ngành",
K_GSDC_752,Dashboard Giám sát Tổng hợp,Nhóm 18 — Dữ liệu tài chính doanh nghiệp — Metadata BCTC,Mã báo cáo,Chiều,GSDC,Financial Report Catalog Dimension,Financial Report Catalog Code,SLICER,financial_rpt_catalog_dim.financial_rpt_catalog_code,
K_GSDC_752,Dashboard Giám sát Tổng hợp,Nhóm 18 — Dữ liệu tài chính doanh nghiệp — Metadata BCTC,Mã báo cáo,Chiều,GSDC,Financial Report Catalog Dimension,Financial Report Catalog Type Code,FILTER,financial_rpt_catalog_dim.financial_rpt_catalog_tp_code = 'i',"Financial Report Catalog Type Code = 'i' — báo cáo Input. Active Indicator = 1 áp dụng ở tầng ETL populate Dimension (Atomic financial_report_catalog), không phải cột runtime trên Dimension"
K_GSDC_753,Dashboard Giám sát Tổng hợp,Nhóm 18 — Dữ liệu tài chính doanh nghiệp — Metadata BCTC,Tên báo cáo,Chiều,GSDC,Financial Report Catalog Dimension,Financial Report Catalog Name,SLICER,financial_rpt_catalog_dim.financial_rpt_catalog_nm,
K_GSDC_754,Dashboard Giám sát Tổng hợp,Nhóm 18 — Dữ liệu tài chính doanh nghiệp — Metadata BCTC,Mã chỉ tiêu dòng,Chiều,GSDC,Financial Report Catalog Dimension,Row Code,SLICER,financial_rpt_catalog_dim.row_code,
K_GSDC_755,Dashboard Giám sát Tổng hợp,Nhóm 18 — Dữ liệu tài chính doanh nghiệp — Metadata BCTC,Tên chỉ tiêu dòng,Chiều,GSDC,Financial Report Catalog Dimension,Financial Report Row Template Name,SLICER,financial_rpt_catalog_dim.row_description_reference || ' - ' || financial_rpt_catalog_dim.fr_row_template_nm,
K_GSDC_756,Dashboard Giám sát Tổng hợp,Nhóm 18 — Dữ liệu tài chính doanh nghiệp — Metadata BCTC,Mã chỉ tiêu cột,Chiều,GSDC,Financial Report Catalog Dimension,Column Code,SLICER,financial_rpt_catalog_dim.column_code,
K_GSDC_757,Dashboard Giám sát Tổng hợp,Nhóm 18 — Dữ liệu tài chính doanh nghiệp — Metadata BCTC,Tên chỉ tiêu cột,Chiều,GSDC,Financial Report Catalog Dimension,Financial Report Column Template Name,SLICER,financial_rpt_catalog_dim.column_description_reference || ' - ' || financial_rpt_catalog_dim.fr_column_template_nm,
K_GSDC_758,Dashboard Giám sát Tổng hợp,Nhóm 18 — Dữ liệu tài chính doanh nghiệp — Metadata BCTC,Kỳ báo cáo,Chiều,GSDC,,,SLICER,:year AND :quarter,
K_GSDC_759,Dashboard Giám sát Tổng hợp,Nhóm 18 — Dữ liệu tài chính doanh nghiệp — Metadata BCTC,Sàn giao dịch,Chiều,GSDC,Public Company Dimension,Equity Listing Exchange Code,SLICER,public_company_dim.equity_listing_exchange_code,
K_GSDC_760,Dashboard Giám sát Tổng hợp,Nhóm 18 — Dữ liệu tài chính doanh nghiệp — Metadata BCTC,Danh mục ngành,Chiều,GSDC,Public Company Dimension,Business Line Level 1 Code,SLICER,public_company_dim.business_line_level_1_code,
K_GSDC_761,Dashboard Giám sát Tổng hợp,Nhóm 18 — Dữ liệu tài chính doanh nghiệp — Metadata BCTC,Mã CTĐC,Chiều,GSDC,Public Company Dimension,Equity Ticker Symbol,SLICER,public_company_dim.equity_ticker_symbol,
K_GSDC_761,Dashboard Giám sát Tổng hợp,Nhóm 18 — Dữ liệu tài chính doanh nghiệp — Metadata BCTC,Tên CTĐC,Chiều,GSDC,Public Company Dimension,Public Company Name,SLICER,public_company_dim.public_company_nm,
K_GSDC_762,Data Explorer: Dữ liệu tài chính doanh nghiệp,Nhóm 19 — DN thông thường — Bảng cân đối kế toán,A – Tài sản ngắn hạn,Base,GSDC,Fact Public Company Financial Report Value,Data Value,MEASURE,fct_public_company_financial_rpt_val.data_val,
K_GSDC_762,Data Explorer: Dữ liệu tài chính doanh nghiệp,Nhóm 19 — DN thông thường — Bảng cân đối kế toán,A – Tài sản ngắn hạn,Base,GSDC,Financial Report Catalog Dimension,Row Description Reference,FILTER,JOIN financial_rpt_catalog_dim ON financial_rpt_catalog_dim.financial_rpt_catalog_dim_id = fct_public_company_financial_rpt_val.financial_rpt_catalog_dim_id WHERE financial_rpt_catalog_dim.financial_rpt_catalog_code LIKE 'BCDKT%' AND financial_rpt_catalog_dim.enterprise_tp_code = 'dn' AND financial_rpt_catalog_dim.row_description_reference = '100' AND financial_rpt_catalog_dim.column_description_reference = '1',
K_GSDC_762,Data Explorer: Dữ liệu tài chính doanh nghiệp,Nhóm 19 — DN thông thường — Bảng cân đối kế toán,A – Tài sản ngắn hạn,Base,GSDC,Fact Public Company Financial Report Value,Report Year,FILTER,fct_public_company_financial_rpt_val.rpt_year = :year AND fct_public_company_financial_rpt_val.rpt_quarter = :quarter,
K_GSDC_763,Data Explorer: Dữ liệu tài chính doanh nghiệp,Nhóm 19 — DN thông thường — Bảng cân đối kế toán,I – Tiền và các khoản tương đương tiền,Base,GSDC,Fact Public Company Financial Report Value,Data Value,MEASURE,fct_public_company_financial_rpt_val.data_val,
K_GSDC_763,Data Explorer: Dữ liệu tài chính doanh nghiệp,Nhóm 19 — DN thông thường — Bảng cân đối kế toán,I – Tiền và các khoản tương đương tiền,Base,GSDC,Financial Report Catalog Dimension,Row Description Reference,FILTER,JOIN financial_rpt_catalog_dim ON financial_rpt_catalog_dim.financial_rpt_catalog_dim_id = fct_public_company_financial_rpt_val.financial_rpt_catalog_dim_id WHERE financial_rpt_catalog_dim.financial_rpt_catalog_code LIKE 'BCDKT%' AND financial_rpt_catalog_dim.enterprise_tp_code = 'dn' AND financial_rpt_catalog_dim.row_description_reference = '110' AND financial_rpt_catalog_dim.column_description_reference = '1',
K_GSDC_763,Data Explorer: Dữ liệu tài chính doanh nghiệp,Nhóm 19 — DN thông thường — Bảng cân đối kế toán,I – Tiền và các khoản tương đương tiền,Base,GSDC,Fact Public Company Financial Report Value,Report Year,FILTER,fct_public_company_financial_rpt_val.rpt_year = :year AND fct_public_company_financial_rpt_val.rpt_quarter = :quarter,
K_GSDC_764,Data Explorer: Dữ liệu tài chính doanh nghiệp,Nhóm 19 — DN thông thường — Bảng cân đối kế toán,1. Tiền,Base,GSDC,Fact Public Company Financial Report Value,Data Value,MEASURE,fct_public_company_financial_rpt_val.data_val,
K_GSDC_764,Data Explorer: Dữ liệu tài chính doanh nghiệp,Nhóm 19 — DN thông thường — Bảng cân đối kế toán,1. Tiền,Base,GSDC,Financial Report Catalog Dimension,Row Description Reference,FILTER,JOIN financial_rpt_catalog_dim ON financial_rpt_catalog_dim.financial_rpt_catalog_dim_id = fct_public_company_financial_rpt_val.financial_rpt_catalog_dim_id WHERE financial_rpt_catalog_dim.financial_rpt_catalog_code LIKE 'BCDKT%' AND financial_rpt_catalog_dim.enterprise_tp_code = 'dn' AND financial_rpt_catalog_dim.row_description_reference = '111' AND financial_rpt_catalog_dim.column_description_reference = '1',
K_GSDC_764,Data Explorer: Dữ liệu tài chính doanh nghiệp,Nhóm 19 — DN thông thường — Bảng cân đối kế toán,1. Tiền,Base,GSDC,Fact Public Company Financial Report Value,Report Year,FILTER,fct_public_company_financial_rpt_val.rpt_year = :year AND fct_public_company_financial_rpt_val.rpt_quarter = :quarter,
K_GSDC_765,Data Explorer: Dữ liệu tài chính doanh nghiệp,Nhóm 19 — DN thông thường — Bảng cân đối kế toán,2. Các khoản tương đương tiền,Base,GSDC,Fact Public Company Financial Report Value,Data Value,MEASURE,fct_public_company_financial_rpt_val.data_val,
K_GSDC_765,Data Explorer: Dữ liệu tài chính doanh nghiệp,Nhóm 19 — DN thông thường — Bảng cân đối kế toán,2. Các khoản tương đương tiền,Base,GSDC,Financial Report Catalog Dimension,Row Description Reference,FILTER,JOIN financial_rpt_catalog_dim ON financial_rpt_catalog_dim.financial_rpt_catalog_dim_id = fct_public_company_financial_rpt_val.financial_rpt_catalog_dim_id WHERE financial_rpt_catalog_dim.financial_rpt_catalog_code LIKE 'BCDKT%' AND financial_rpt_catalog_dim.enterprise_tp_code = 'dn' AND financial_rpt_catalog_dim.row_description_reference = '112' AND financial_rpt_catalog_dim.column_description_reference = '1',
K_GSDC_765,Data Explorer: Dữ liệu tài chính doanh nghiệp,Nhóm 19 — DN thông thường — Bảng cân đối kế toán,2. Các khoản tương đương tiền,Base,GSDC,Fact Public Company Financial Report Value,Report Year,FILTER,fct_public_company_financial_rpt_val.rpt_year = :year AND fct_public_company_financial_rpt_val.rpt_quarter = :quarter,
K_GSDC_766,Data Explorer: Dữ liệu tài chính doanh nghiệp,Nhóm 19 — DN thông thường — Bảng cân đối kế toán,II – Đầu tư tài chính ngắn hạn,Base,GSDC,Fact Public Company Financial Report Value,Data Value,MEASURE,fct_public_company_financial_rpt_val.data_val,
K_GSDC_766,Data Explorer: Dữ liệu tài chính doanh nghiệp,Nhóm 19 — DN thông thường — Bảng cân đối kế toán,II – Đầu tư tài chính ngắn hạn,Base,GSDC,Financial Report Catalog Dimension,Row Description Reference,FILTER,JOIN financial_rpt_catalog_dim ON financial_rpt_catalog_dim.financial_rpt_catalog_dim_id = fct_public_company_financial_rpt_val.financial_rpt_catalog_dim_id WHERE financial_rpt_catalog_dim.financial_rpt_catalog_code LIKE 'BCDKT%' AND financial_rpt_catalog_dim.enterprise_tp_code = 'dn' AND financial_rpt_catalog_dim.row_description_reference = '120' AND financial_rpt_catalog_dim.column_description_reference = '1',
K_GSDC_766,Data Explorer: Dữ liệu tài chính doanh nghiệp,Nhóm 19 — DN thông thường — Bảng cân đối kế toán,II – Đầu tư tài chính ngắn hạn,Base,GSDC,Fact Public Company Financial Report Value,Report Year,FILTER,fct_public_company_financial_rpt_val.rpt_year = :year AND fct_public_company_financial_rpt_val.rpt_quarter = :quarter,
K_GSDC_767,Data Explorer: Dữ liệu tài chính doanh nghiệp,Nhóm 19 — DN thông thường — Bảng cân đối kế toán,1. Chứng khoán kinh doanh,Base,GSDC,Fact Public Company Financial Report Value,Data Value,MEASURE,fct_public_company_financial_rpt_val.data_val,
K_GSDC_767,Data Explorer: Dữ liệu tài chính doanh nghiệp,Nhóm 19 — DN thông thường — Bảng cân đối kế toán,1. Chứng khoán kinh doanh,Base,GSDC,Financial Report Catalog Dimension,Row Description Reference,FILTER,JOIN financial_rpt_catalog_dim ON financial_rpt_catalog_dim.financial_rpt_catalog_dim_id = fct_public_company_financial_rpt_val.financial_rpt_catalog_dim_id WHERE financial_rpt_catalog_dim.financial_rpt_catalog_code LIKE 'BCDKT%' AND financial_rpt_catalog_dim.enterprise_tp_code = 'dn' AND financial_rpt_catalog_dim.row_description_reference = '121' AND financial_rpt_catalog_dim.column_description_reference = '1',
K_GSDC_767,Data Explorer: Dữ liệu tài chính doanh nghiệp,Nhóm 19 — DN thông thường — Bảng cân đối kế toán,1. Chứng khoán kinh doanh,Base,GSDC,Fact Public Company Financial Report Value,Report Year,FILTER,fct_public_company_financial_rpt_val.rpt_year = :year AND fct_public_company_financial_rpt_val.rpt_quarter = :quarter,
K_GSDC_768,Data Explorer: Dữ liệu tài chính doanh nghiệp,Nhóm 19 — DN thông thường — Bảng cân đối kế toán,2. Dự phòng giảm giá chứng khoán kinh doanh,Base,GSDC,Fact Public Company Financial Report Value,Data Value,MEASURE,fct_public_company_financial_rpt_val.data_val,
K_GSDC_768,Data Explorer: Dữ liệu tài chính doanh nghiệp,Nhóm 19 — DN thông thường — Bảng cân đối kế toán,2. Dự phòng giảm giá chứng khoán kinh doanh,Base,GSDC,Financial Report Catalog Dimension,Row Description Reference,FILTER,JOIN financial_rpt_catalog_dim ON financial_rpt_catalog_dim.financial_rpt_catalog_dim_id = fct_public_company_financial_rpt_val.financial_rpt_catalog_dim_id WHERE financial_rpt_catalog_dim.financial_rpt_catalog_code LIKE 'BCDKT%' AND financial_rpt_catalog_dim.enterprise_tp_code = 'dn' AND financial_rpt_catalog_dim.row_description_reference = '122' AND financial_rpt_catalog_dim.column_description_reference = '1',
K_GSDC_768,Data Explorer: Dữ liệu tài chính doanh nghiệp,Nhóm 19 — DN thông thường — Bảng cân đối kế toán,2. Dự phòng giảm giá chứng khoán kinh doanh,Base,GSDC,Fact Public Company Financial Report Value,Report Year,FILTER,fct_public_company_financial_rpt_val.rpt_year = :year AND fct_public_company_financial_rpt_val.rpt_quarter = :quarter,
K_GSDC_769,Data Explorer: Dữ liệu tài chính doanh nghiệp,Nhóm 19 — DN thông thường — Bảng cân đối kế toán,3. Đầu tư nắm giữ đến ngày đáo hạn,Base,GSDC,Fact Public Company Financial Report Value,Data Value,MEASURE,fct_public_company_financial_rpt_val.data_val,
K_GSDC_769,Data Explorer: Dữ liệu tài chính doanh nghiệp,Nhóm 19 — DN thông thường — Bảng cân đối kế toán,3. Đầu tư nắm giữ đến ngày đáo hạn,Base,GSDC,Financial Report Catalog Dimension,Row Description Reference,FILTER,JOIN financial_rpt_catalog_dim ON financial_rpt_catalog_dim.financial_rpt_catalog_dim_id = fct_public_company_financial_rpt_val.financial_rpt_catalog_dim_id WHERE financial_rpt_catalog_dim.financial_rpt_catalog_code LIKE 'BCDKT%' AND financial_rpt_catalog_dim.enterprise_tp_code = 'dn' AND financial_rpt_catalog_dim.row_description_reference = '123' AND financial_rpt_catalog_dim.column_description_reference = '1',
K_GSDC_769,Data Explorer: Dữ liệu tài chính doanh nghiệp,Nhóm 19 — DN thông thường — Bảng cân đối kế toán,3. Đầu tư nắm giữ đến ngày đáo hạn,Base,GSDC,Fact Public Company Financial Report Value,Report Year,FILTER,fct_public_company_financial_rpt_val.rpt_year = :year AND fct_public_company_financial_rpt_val.rpt_quarter = :quarter,
K_GSDC_770,Data Explorer: Dữ liệu tài chính doanh nghiệp,Nhóm 19 — DN thông thường — Bảng cân đối kế toán,III – Các khoản phải thu ngắn hạn,Base,GSDC,Fact Public Company Financial Report Value,Data Value,MEASURE,fct_public_company_financial_rpt_val.data_val,
K_GSDC_770,Data Explorer: Dữ liệu tài chính doanh nghiệp,Nhóm 19 — DN thông thường — Bảng cân đối kế toán,III – Các khoản phải thu ngắn hạn,Base,GSDC,Financial Report Catalog Dimension,Row Description Reference,FILTER,JOIN financial_rpt_catalog_dim ON financial_rpt_catalog_dim.financial_rpt_catalog_dim_id = fct_public_company_financial_rpt_val.financial_rpt_catalog_dim_id WHERE financial_rpt_catalog_dim.financial_rpt_catalog_code LIKE 'BCDKT%' AND financial_rpt_catalog_dim.enterprise_tp_code = 'dn' AND financial_rpt_catalog_dim.row_description_reference = '130' AND financial_rpt_catalog_dim.column_description_reference = '1',
K_GSDC_770,Data Explorer: Dữ liệu tài chính doanh nghiệp,Nhóm 19 — DN thông thường — Bảng cân đối kế toán,III – Các khoản phải thu ngắn hạn,Base,GSDC,Fact Public Company Financial Report Value,Report Year,FILTER,fct_public_company_financial_rpt_val.rpt_year = :year AND fct_public_company_financial_rpt_val.rpt_quarter = :quarter,
K_GSDC_771,Data Explorer: Dữ liệu tài chính doanh nghiệp,Nhóm 19 — DN thông thường — Bảng cân đối kế toán,1. Phải thu ngắn hạn của khách hàng,Base,GSDC,Fact Public Company Financial Report Value,Data Value,MEASURE,fct_public_company_financial_rpt_val.data_val,
K_GSDC_771,Data Explorer: Dữ liệu tài chính doanh nghiệp,Nhóm 19 — DN thông thường — Bảng cân đối kế toán,1. Phải thu ngắn hạn của khách hàng,Base,GSDC,Financial Report Catalog Dimension,Row Description Reference,FILTER,JOIN financial_rpt_catalog_dim ON financial_rpt_catalog_dim.financial_rpt_catalog_dim_id = fct_public_company_financial_rpt_val.financial_rpt_catalog_dim_id WHERE financial_rpt_catalog_dim.financial_rpt_catalog_code LIKE 'BCDKT%' AND financial_rpt_catalog_dim.enterprise_tp_code = 'dn' AND financial_rpt_catalog_dim.row_description_reference = '131' AND financial_rpt_catalog_dim.column_description_reference = '1',
K_GSDC_771,Data Explorer: Dữ liệu tài chính doanh nghiệp,Nhóm 19 — DN thông thường — Bảng cân đối kế toán,1. Phải thu ngắn hạn của khách hàng,Base,GSDC,Fact Public Company Financial Report Value,Report Year,FILTER,fct_public_company_financial_rpt_val.rpt_year = :year AND fct_public_company_financial_rpt_val.rpt_quarter = :quarter,
K_GSDC_772,Data Explorer: Dữ liệu tài chính doanh nghiệp,Nhóm 19 — DN thông thường — Bảng cân đối kế toán,2. Trả trước cho người bán ngắn hạn,Base,GSDC,Fact Public Company Financial Report Value,Data Value,MEASURE,fct_public_company_financial_rpt_val.data_val,
K_GSDC_772,Data Explorer: Dữ liệu tài chính doanh nghiệp,Nhóm 19 — DN thông thường — Bảng cân đối kế toán,2. Trả trước cho người bán ngắn hạn,Base,GSDC,Financial Report Catalog Dimension,Row Description Reference,FILTER,JOIN financial_rpt_catalog_dim ON financial_rpt_catalog_dim.financial_rpt_catalog_dim_id = fct_public_company_financial_rpt_val.financial_rpt_catalog_dim_id WHERE financial_rpt_catalog_dim.financial_rpt_catalog_code LIKE 'BCDKT%' AND financial_rpt_catalog_dim.enterprise_tp_code = 'dn' AND financial_rpt_catalog_dim.row_description_reference = '132' AND financial_rpt_catalog_dim.column_description_reference = '1',
K_GSDC_772,Data Explorer: Dữ liệu tài chính doanh nghiệp,Nhóm 19 — DN thông thường — Bảng cân đối kế toán,2. Trả trước cho người bán ngắn hạn,Base,GSDC,Fact Public Company Financial Report Value,Report Year,FILTER,fct_public_company_financial_rpt_val.rpt_year = :year AND fct_public_company_financial_rpt_val.rpt_quarter = :quarter,
K_GSDC_773,Data Explorer: Dữ liệu tài chính doanh nghiệp,Nhóm 19 — DN thông thường — Bảng cân đối kế toán,3. Phải thu nội bộ ngắn hạn,Base,GSDC,Fact Public Company Financial Report Value,Data Value,MEASURE,fct_public_company_financial_rpt_val.data_val,
K_GSDC_773,Data Explorer: Dữ liệu tài chính doanh nghiệp,Nhóm 19 — DN thông thường — Bảng cân đối kế toán,3. Phải thu nội bộ ngắn hạn,Base,GSDC,Financial Report Catalog Dimension,Row Description Reference,FILTER,JOIN financial_rpt_catalog_dim ON financial_rpt_catalog_dim.financial_rpt_catalog_dim_id = fct_public_company_financial_rpt_val.financial_rpt_catalog_dim_id WHERE financial_rpt_catalog_dim.financial_rpt_catalog_code LIKE 'BCDKT%' AND financial_rpt_catalog_dim.enterprise_tp_code = 'dn' AND financial_rpt_catalog_dim.row_description_reference = '133' AND financial_rpt_catalog_dim.column_description_reference = '1',
K_GSDC_773,Data Explorer: Dữ liệu tài chính doanh nghiệp,Nhóm 19 — DN thông thường — Bảng cân đối kế toán,3. Phải thu nội bộ ngắn hạn,Base,GSDC,Fact Public Company Financial Report Value,Report Year,FILTER,fct_public_company_financial_rpt_val.rpt_year = :year AND fct_public_company_financial_rpt_val.rpt_quarter = :quarter,
K_GSDC_774,Data Explorer: Dữ liệu tài chính doanh nghiệp,Nhóm 19 — DN thông thường — Bảng cân đối kế toán,4. Phải thu theo tiến độ HĐXD,Base,GSDC,Fact Public Company Financial Report Value,Data Value,MEASURE,fct_public_company_financial_rpt_val.data_val,
K_GSDC_774,Data Explorer: Dữ liệu tài chính doanh nghiệp,Nhóm 19 — DN thông thường — Bảng cân đối kế toán,4. Phải thu theo tiến độ HĐXD,Base,GSDC,Financial Report Catalog Dimension,Row Description Reference,FILTER,JOIN financial_rpt_catalog_dim ON financial_rpt_catalog_dim.financial_rpt_catalog_dim_id = fct_public_company_financial_rpt_val.financial_rpt_catalog_dim_id WHERE financial_rpt_catalog_dim.financial_rpt_catalog_code LIKE 'BCDKT%' AND financial_rpt_catalog_dim.enterprise_tp_code = 'dn' AND financial_rpt_catalog_dim.row_description_reference = '134' AND financial_rpt_catalog_dim.column_description_reference = '1',
K_GSDC_774,Data Explorer: Dữ liệu tài chính doanh nghiệp,Nhóm 19 — DN thông thường — Bảng cân đối kế toán,4. Phải thu theo tiến độ HĐXD,Base,GSDC,Fact Public Company Financial Report Value,Report Year,FILTER,fct_public_company_financial_rpt_val.rpt_year = :year AND fct_public_company_financial_rpt_val.rpt_quarter = :quarter,
K_GSDC_775,Data Explorer: Dữ liệu tài chính doanh nghiệp,Nhóm 19 — DN thông thường — Bảng cân đối kế toán,5. Phải thu về cho vay ngắn hạn,Base,GSDC,Fact Public Company Financial Report Value,Data Value,MEASURE,fct_public_company_financial_rpt_val.data_val,
K_GSDC_775,Data Explorer: Dữ liệu tài chính doanh nghiệp,Nhóm 19 — DN thông thường — Bảng cân đối kế toán,5. Phải thu về cho vay ngắn hạn,Base,GSDC,Financial Report Catalog Dimension,Row Description Reference,FILTER,JOIN financial_rpt_catalog_dim ON financial_rpt_catalog_dim.financial_rpt_catalog_dim_id = fct_public_company_financial_rpt_val.financial_rpt_catalog_dim_id WHERE financial_rpt_catalog_dim.financial_rpt_catalog_code LIKE 'BCDKT%' AND financial_rpt_catalog_dim.enterprise_tp_code = 'dn' AND financial_rpt_catalog_dim.row_description_reference = '135' AND financial_rpt_catalog_dim.column_description_reference = '1',
K_GSDC_775,Data Explorer: Dữ liệu tài chính doanh nghiệp,Nhóm 19 — DN thông thường — Bảng cân đối kế toán,5. Phải thu về cho vay ngắn hạn,Base,GSDC,Fact Public Company Financial Report Value,Report Year,FILTER,fct_public_company_financial_rpt_val.rpt_year = :year AND fct_public_company_financial_rpt_val.rpt_quarter = :quarter,
K_GSDC_776,Data Explorer: Dữ liệu tài chính doanh nghiệp,Nhóm 19 — DN thông thường — Bảng cân đối kế toán,6. Phải thu ngắn hạn khác,Base,GSDC,Fact Public Company Financial Report Value,Data Value,MEASURE,fct_public_company_financial_rpt_val.data_val,
K_GSDC_776,Data Explorer: Dữ liệu tài chính doanh nghiệp,Nhóm 19 — DN thông thường — Bảng cân đối kế toán,6. Phải thu ngắn hạn khác,Base,GSDC,Financial Report Catalog Dimension,Row Description Reference,FILTER,JOIN financial_rpt_catalog_dim ON financial_rpt_catalog_dim.financial_rpt_catalog_dim_id = fct_public_company_financial_rpt_val.financial_rpt_catalog_dim_id WHERE financial_rpt_catalog_dim.financial_rpt_catalog_code LIKE 'BCDKT%' AND financial_rpt_catalog_dim.enterprise_tp_code = 'dn' AND financial_rpt_catalog_dim.row_description_reference = '136' AND financial_rpt_catalog_dim.column_description_reference = '1',
K_GSDC_776,Data Explorer: Dữ liệu tài chính doanh nghiệp,Nhóm 19 — DN thông thường — Bảng cân đối kế toán,6. Phải thu ngắn hạn khác,Base,GSDC,Fact Public Company Financial Report Value,Report Year,FILTER,fct_public_company_financial_rpt_val.rpt_year = :year AND fct_public_company_financial_rpt_val.rpt_quarter = :quarter,
K_GSDC_777,Data Explorer: Dữ liệu tài chính doanh nghiệp,Nhóm 19 — DN thông thường — Bảng cân đối kế toán,7. Dự phòng phải thu ngắn hạn khó đòi,Base,GSDC,Fact Public Company Financial Report Value,Data Value,MEASURE,fct_public_company_financial_rpt_val.data_val,
K_GSDC_777,Data Explorer: Dữ liệu tài chính doanh nghiệp,Nhóm 19 — DN thông thường — Bảng cân đối kế toán,7. Dự phòng phải thu ngắn hạn khó đòi,Base,GSDC,Financial Report Catalog Dimension,Row Description Reference,FILTER,JOIN financial_rpt_catalog_dim ON financial_rpt_catalog_dim.financial_rpt_catalog_dim_id = fct_public_company_financial_rpt_val.financial_rpt_catalog_dim_id WHERE financial_rpt_catalog_dim.financial_rpt_catalog_code LIKE 'BCDKT%' AND financial_rpt_catalog_dim.enterprise_tp_code = 'dn' AND financial_rpt_catalog_dim.row_description_reference = '137' AND financial_rpt_catalog_dim.column_description_reference = '1',
K_GSDC_777,Data Explorer: Dữ liệu tài chính doanh nghiệp,Nhóm 19 — DN thông thường — Bảng cân đối kế toán,7. Dự phòng phải thu ngắn hạn khó đòi,Base,GSDC,Fact Public Company Financial Report Value,Report Year,FILTER,fct_public_company_financial_rpt_val.rpt_year = :year AND fct_public_company_financial_rpt_val.rpt_quarter = :quarter,
K_GSDC_778,Data Explorer: Dữ liệu tài chính doanh nghiệp,Nhóm 19 — DN thông thường — Bảng cân đối kế toán,8. Tài sản thiếu chờ xử lý,Base,GSDC,Fact Public Company Financial Report Value,Data Value,MEASURE,fct_public_company_financial_rpt_val.data_val,
K_GSDC_778,Data Explorer: Dữ liệu tài chính doanh nghiệp,Nhóm 19 — DN thông thường — Bảng cân đối kế toán,8. Tài sản thiếu chờ xử lý,Base,GSDC,Financial Report Catalog Dimension,Row Description Reference,FILTER,JOIN financial_rpt_catalog_dim ON financial_rpt_catalog_dim.financial_rpt_catalog_dim_id = fct_public_company_financial_rpt_val.financial_rpt_catalog_dim_id WHERE financial_rpt_catalog_dim.financial_rpt_catalog_code LIKE 'BCDKT%' AND financial_rpt_catalog_dim.enterprise_tp_code = 'dn' AND financial_rpt_catalog_dim.row_description_reference = '139' AND financial_rpt_catalog_dim.column_description_reference = '1',
K_GSDC_778,Data Explorer: Dữ liệu tài chính doanh nghiệp,Nhóm 19 — DN thông thường — Bảng cân đối kế toán,8. Tài sản thiếu chờ xử lý,Base,GSDC,Fact Public Company Financial Report Value,Report Year,FILTER,fct_public_company_financial_rpt_val.rpt_year = :year AND fct_public_company_financial_rpt_val.rpt_quarter = :quarter,
K_GSDC_779,Data Explorer: Dữ liệu tài chính doanh nghiệp,Nhóm 19 — DN thông thường — Bảng cân đối kế toán,IV – Hàng tồn kho,Base,GSDC,Fact Public Company Financial Report Value,Data Value,MEASURE,fct_public_company_financial_rpt_val.data_val,
K_GSDC_779,Data Explorer: Dữ liệu tài chính doanh nghiệp,Nhóm 19 — DN thông thường — Bảng cân đối kế toán,IV – Hàng tồn kho,Base,GSDC,Financial Report Catalog Dimension,Row Description Reference,FILTER,JOIN financial_rpt_catalog_dim ON financial_rpt_catalog_dim.financial_rpt_catalog_dim_id = fct_public_company_financial_rpt_val.financial_rpt_catalog_dim_id WHERE financial_rpt_catalog_dim.financial_rpt_catalog_code LIKE 'BCDKT%' AND financial_rpt_catalog_dim.enterprise_tp_code = 'dn' AND financial_rpt_catalog_dim.row_description_reference = '140' AND financial_rpt_catalog_dim.column_description_reference = '1',
K_GSDC_779,Data Explorer: Dữ liệu tài chính doanh nghiệp,Nhóm 19 — DN thông thường — Bảng cân đối kế toán,IV – Hàng tồn kho,Base,GSDC,Fact Public Company Financial Report Value,Report Year,FILTER,fct_public_company_financial_rpt_val.rpt_year = :year AND fct_public_company_financial_rpt_val.rpt_quarter = :quarter,
K_GSDC_780,Data Explorer: Dữ liệu tài chính doanh nghiệp,Nhóm 19 — DN thông thường — Bảng cân đối kế toán,1. Hàng tồn kho,Base,GSDC,Fact Public Company Financial Report Value,Data Value,MEASURE,fct_public_company_financial_rpt_val.data_val,
K_GSDC_780,Data Explorer: Dữ liệu tài chính doanh nghiệp,Nhóm 19 — DN thông thường — Bảng cân đối kế toán,1. Hàng tồn kho,Base,GSDC,Financial Report Catalog Dimension,Row Description Reference,FILTER,JOIN financial_rpt_catalog_dim ON financial_rpt_catalog_dim.financial_rpt_catalog_dim_id = fct_public_company_financial_rpt_val.financial_rpt_catalog_dim_id WHERE financial_rpt_catalog_dim.financial_rpt_catalog_code LIKE 'BCDKT%' AND financial_rpt_catalog_dim.enterprise_tp_code = 'dn' AND financial_rpt_catalog_dim.row_description_reference = '141' AND financial_rpt_catalog_dim.column_description_reference = '1',
K_GSDC_780,Data Explorer: Dữ liệu tài chính doanh nghiệp,Nhóm 19 — DN thông thường — Bảng cân đối kế toán,1. Hàng tồn kho,Base,GSDC,Fact Public Company Financial Report Value,Report Year,FILTER,fct_public_company_financial_rpt_val.rpt_year = :year AND fct_public_company_financial_rpt_val.rpt_quarter = :quarter,
K_GSDC_781,Data Explorer: Dữ liệu tài chính doanh nghiệp,Nhóm 19 — DN thông thường — Bảng cân đối kế toán,2. Dự phòng giảm giá hàng tồn kho,Base,GSDC,Fact Public Company Financial Report Value,Data Value,MEASURE,fct_public_company_financial_rpt_val.data_val,
K_GSDC_781,Data Explorer: Dữ liệu tài chính doanh nghiệp,Nhóm 19 — DN thông thường — Bảng cân đối kế toán,2. Dự phòng giảm giá hàng tồn kho,Base,GSDC,Financial Report Catalog Dimension,Row Description Reference,FILTER,JOIN financial_rpt_catalog_dim ON financial_rpt_catalog_dim.financial_rpt_catalog_dim_id = fct_public_company_financial_rpt_val.financial_rpt_catalog_dim_id WHERE financial_rpt_catalog_dim.financial_rpt_catalog_code LIKE 'BCDKT%' AND financial_rpt_catalog_dim.enterprise_tp_code = 'dn' AND financial_rpt_catalog_dim.row_description_reference = '149' AND financial_rpt_catalog_dim.column_description_reference = '1',
K_GSDC_781,Data Explorer: Dữ liệu tài chính doanh nghiệp,Nhóm 19 — DN thông thường — Bảng cân đối kế toán,2. Dự phòng giảm giá hàng tồn kho,Base,GSDC,Fact Public Company Financial Report Value,Report Year,FILTER,fct_public_company_financial_rpt_val.rpt_year = :year AND fct_public_company_financial_rpt_val.rpt_quarter = :quarter,
K_GSDC_782,Data Explorer: Dữ liệu tài chính doanh nghiệp,Nhóm 19 — DN thông thường — Bảng cân đối kế toán,V – Tài sản ngắn hạn khác,Base,GSDC,Fact Public Company Financial Report Value,Data Value,MEASURE,fct_public_company_financial_rpt_val.data_val,
K_GSDC_782,Data Explorer: Dữ liệu tài chính doanh nghiệp,Nhóm 19 — DN thông thường — Bảng cân đối kế toán,V – Tài sản ngắn hạn khác,Base,GSDC,Financial Report Catalog Dimension,Row Description Reference,FILTER,JOIN financial_rpt_catalog_dim ON financial_rpt_catalog_dim.financial_rpt_catalog_dim_id = fct_public_company_financial_rpt_val.financial_rpt_catalog_dim_id WHERE financial_rpt_catalog_dim.financial_rpt_catalog_code LIKE 'BCDKT%' AND financial_rpt_catalog_dim.enterprise_tp_code = 'dn' AND financial_rpt_catalog_dim.row_description_reference = '150' AND financial_rpt_catalog_dim.column_description_reference = '1',
K_GSDC_782,Data Explorer: Dữ liệu tài chính doanh nghiệp,Nhóm 19 — DN thông thường — Bảng cân đối kế toán,V – Tài sản ngắn hạn khác,Base,GSDC,Fact Public Company Financial Report Value,Report Year,FILTER,fct_public_company_financial_rpt_val.rpt_year = :year AND fct_public_company_financial_rpt_val.rpt_quarter = :quarter,
K_GSDC_783,Data Explorer: Dữ liệu tài chính doanh nghiệp,Nhóm 19 — DN thông thường — Bảng cân đối kế toán,1. Chi phí trả trước ngắn hạn,Base,GSDC,Fact Public Company Financial Report Value,Data Value,MEASURE,fct_public_company_financial_rpt_val.data_val,
K_GSDC_783,Data Explorer: Dữ liệu tài chính doanh nghiệp,Nhóm 19 — DN thông thường — Bảng cân đối kế toán,1. Chi phí trả trước ngắn hạn,Base,GSDC,Financial Report Catalog Dimension,Row Description Reference,FILTER,JOIN financial_rpt_catalog_dim ON financial_rpt_catalog_dim.financial_rpt_catalog_dim_id = fct_public_company_financial_rpt_val.financial_rpt_catalog_dim_id WHERE financial_rpt_catalog_dim.financial_rpt_catalog_code LIKE 'BCDKT%' AND financial_rpt_catalog_dim.enterprise_tp_code = 'dn' AND financial_rpt_catalog_dim.row_description_reference = '151' AND financial_rpt_catalog_dim.column_description_reference = '1',
K_GSDC_783,Data Explorer: Dữ liệu tài chính doanh nghiệp,Nhóm 19 — DN thông thường — Bảng cân đối kế toán,1. Chi phí trả trước ngắn hạn,Base,GSDC,Fact Public Company Financial Report Value,Report Year,FILTER,fct_public_company_financial_rpt_val.rpt_year = :year AND fct_public_company_financial_rpt_val.rpt_quarter = :quarter,
K_GSDC_784,Data Explorer: Dữ liệu tài chính doanh nghiệp,Nhóm 19 — DN thông thường — Bảng cân đối kế toán,2. Thuế GTGT được khấu trừ,Base,GSDC,Fact Public Company Financial Report Value,Data Value,MEASURE,fct_public_company_financial_rpt_val.data_val,
K_GSDC_784,Data Explorer: Dữ liệu tài chính doanh nghiệp,Nhóm 19 — DN thông thường — Bảng cân đối kế toán,2. Thuế GTGT được khấu trừ,Base,GSDC,Financial Report Catalog Dimension,Row Description Reference,FILTER,JOIN financial_rpt_catalog_dim ON financial_rpt_catalog_dim.financial_rpt_catalog_dim_id = fct_public_company_financial_rpt_val.financial_rpt_catalog_dim_id WHERE financial_rpt_catalog_dim.financial_rpt_catalog_code LIKE 'BCDKT%' AND financial_rpt_catalog_dim.enterprise_tp_code = 'dn' AND financial_rpt_catalog_dim.row_description_reference = '152' AND financial_rpt_catalog_dim.column_description_reference = '1',
K_GSDC_784,Data Explorer: Dữ liệu tài chính doanh nghiệp,Nhóm 19 — DN thông thường — Bảng cân đối kế toán,2. Thuế GTGT được khấu trừ,Base,GSDC,Fact Public Company Financial Report Value,Report Year,FILTER,fct_public_company_financial_rpt_val.rpt_year = :year AND fct_public_company_financial_rpt_val.rpt_quarter = :quarter,
K_GSDC_785,Data Explorer: Dữ liệu tài chính doanh nghiệp,Nhóm 19 — DN thông thường — Bảng cân đối kế toán,3. Thuế và các khoản khác phải thu Nhà nước,Base,GSDC,Fact Public Company Financial Report Value,Data Value,MEASURE,fct_public_company_financial_rpt_val.data_val,
K_GSDC_785,Data Explorer: Dữ liệu tài chính doanh nghiệp,Nhóm 19 — DN thông thường — Bảng cân đối kế toán,3. Thuế và các khoản khác phải thu Nhà nước,Base,GSDC,Financial Report Catalog Dimension,Row Description Reference,FILTER,JOIN financial_rpt_catalog_dim ON financial_rpt_catalog_dim.financial_rpt_catalog_dim_id = fct_public_company_financial_rpt_val.financial_rpt_catalog_dim_id WHERE financial_rpt_catalog_dim.financial_rpt_catalog_code LIKE 'BCDKT%' AND financial_rpt_catalog_dim.enterprise_tp_code = 'dn' AND financial_rpt_catalog_dim.row_description_reference = '153' AND financial_rpt_catalog_dim.column_description_reference = '1',
K_GSDC_785,Data Explorer: Dữ liệu tài chính doanh nghiệp,Nhóm 19 — DN thông thường — Bảng cân đối kế toán,3. Thuế và các khoản khác phải thu Nhà nước,Base,GSDC,Fact Public Company Financial Report Value,Report Year,FILTER,fct_public_company_financial_rpt_val.rpt_year = :year AND fct_public_company_financial_rpt_val.rpt_quarter = :quarter,
K_GSDC_786,Data Explorer: Dữ liệu tài chính doanh nghiệp,Nhóm 19 — DN thông thường — Bảng cân đối kế toán,4. Giao dịch mua bán lại trái phiếu CP,Base,GSDC,Fact Public Company Financial Report Value,Data Value,MEASURE,fct_public_company_financial_rpt_val.data_val,
K_GSDC_786,Data Explorer: Dữ liệu tài chính doanh nghiệp,Nhóm 19 — DN thông thường — Bảng cân đối kế toán,4. Giao dịch mua bán lại trái phiếu CP,Base,GSDC,Financial Report Catalog Dimension,Row Description Reference,FILTER,JOIN financial_rpt_catalog_dim ON financial_rpt_catalog_dim.financial_rpt_catalog_dim_id = fct_public_company_financial_rpt_val.financial_rpt_catalog_dim_id WHERE financial_rpt_catalog_dim.financial_rpt_catalog_code LIKE 'BCDKT%' AND financial_rpt_catalog_dim.enterprise_tp_code = 'dn' AND financial_rpt_catalog_dim.row_description_reference = '154' AND financial_rpt_catalog_dim.column_description_reference = '1',
K_GSDC_786,Data Explorer: Dữ liệu tài chính doanh nghiệp,Nhóm 19 — DN thông thường — Bảng cân đối kế toán,4. Giao dịch mua bán lại trái phiếu CP,Base,GSDC,Fact Public Company Financial Report Value,Report Year,FILTER,fct_public_company_financial_rpt_val.rpt_year = :year AND fct_public_company_financial_rpt_val.rpt_quarter = :quarter,
K_GSDC_787,Data Explorer: Dữ liệu tài chính doanh nghiệp,Nhóm 19 — DN thông thường — Bảng cân đối kế toán,5. Tài sản ngắn hạn khác,Base,GSDC,Fact Public Company Financial Report Value,Data Value,MEASURE,fct_public_company_financial_rpt_val.data_val,
K_GSDC_787,Data Explorer: Dữ liệu tài chính doanh nghiệp,Nhóm 19 — DN thông thường — Bảng cân đối kế toán,5. Tài sản ngắn hạn khác,Base,GSDC,Financial Report Catalog Dimension,Row Description Reference,FILTER,JOIN financial_rpt_catalog_dim ON financial_rpt_catalog_dim.financial_rpt_catalog_dim_id = fct_public_company_financial_rpt_val.financial_rpt_catalog_dim_id WHERE financial_rpt_catalog_dim.financial_rpt_catalog_code LIKE 'BCDKT%' AND financial_rpt_catalog_dim.enterprise_tp_code = 'dn' AND financial_rpt_catalog_dim.row_description_reference = '155' AND financial_rpt_catalog_dim.column_description_reference = '1',
K_GSDC_787,Data Explorer: Dữ liệu tài chính doanh nghiệp,Nhóm 19 — DN thông thường — Bảng cân đối kế toán,5. Tài sản ngắn hạn khác,Base,GSDC,Fact Public Company Financial Report Value,Report Year,FILTER,fct_public_company_financial_rpt_val.rpt_year = :year AND fct_public_company_financial_rpt_val.rpt_quarter = :quarter,
K_GSDC_788,Data Explorer: Dữ liệu tài chính doanh nghiệp,Nhóm 19 — DN thông thường — Bảng cân đối kế toán,B – Tài sản dài hạn,Base,GSDC,Fact Public Company Financial Report Value,Data Value,MEASURE,fct_public_company_financial_rpt_val.data_val,
K_GSDC_788,Data Explorer: Dữ liệu tài chính doanh nghiệp,Nhóm 19 — DN thông thường — Bảng cân đối kế toán,B – Tài sản dài hạn,Base,GSDC,Financial Report Catalog Dimension,Row Description Reference,FILTER,JOIN financial_rpt_catalog_dim ON financial_rpt_catalog_dim.financial_rpt_catalog_dim_id = fct_public_company_financial_rpt_val.financial_rpt_catalog_dim_id WHERE financial_rpt_catalog_dim.financial_rpt_catalog_code LIKE 'BCDKT%' AND financial_rpt_catalog_dim.enterprise_tp_code = 'dn' AND financial_rpt_catalog_dim.row_description_reference = '200' AND financial_rpt_catalog_dim.column_description_reference = '1',
K_GSDC_788,Data Explorer: Dữ liệu tài chính doanh nghiệp,Nhóm 19 — DN thông thường — Bảng cân đối kế toán,B – Tài sản dài hạn,Base,GSDC,Fact Public Company Financial Report Value,Report Year,FILTER,fct_public_company_financial_rpt_val.rpt_year = :year AND fct_public_company_financial_rpt_val.rpt_quarter = :quarter,
K_GSDC_789,Data Explorer: Dữ liệu tài chính doanh nghiệp,Nhóm 19 — DN thông thường — Bảng cân đối kế toán,I – Các khoản phải thu dài hạn,Base,GSDC,Fact Public Company Financial Report Value,Data Value,MEASURE,fct_public_company_financial_rpt_val.data_val,
K_GSDC_789,Data Explorer: Dữ liệu tài chính doanh nghiệp,Nhóm 19 — DN thông thường — Bảng cân đối kế toán,I – Các khoản phải thu dài hạn,Base,GSDC,Financial Report Catalog Dimension,Row Description Reference,FILTER,JOIN financial_rpt_catalog_dim ON financial_rpt_catalog_dim.financial_rpt_catalog_dim_id = fct_public_company_financial_rpt_val.financial_rpt_catalog_dim_id WHERE financial_rpt_catalog_dim.financial_rpt_catalog_code LIKE 'BCDKT%' AND financial_rpt_catalog_dim.enterprise_tp_code = 'dn' AND financial_rpt_catalog_dim.row_description_reference = '210' AND financial_rpt_catalog_dim.column_description_reference = '1',
K_GSDC_789,Data Explorer: Dữ liệu tài chính doanh nghiệp,Nhóm 19 — DN thông thường — Bảng cân đối kế toán,I – Các khoản phải thu dài hạn,Base,GSDC,Fact Public Company Financial Report Value,Report Year,FILTER,fct_public_company_financial_rpt_val.rpt_year = :year AND fct_public_company_financial_rpt_val.rpt_quarter = :quarter,
K_GSDC_790,Data Explorer: Dữ liệu tài chính doanh nghiệp,Nhóm 19 — DN thông thường — Bảng cân đối kế toán,1. Phải thu dài hạn của khách hàng,Base,GSDC,Fact Public Company Financial Report Value,Data Value,MEASURE,fct_public_company_financial_rpt_val.data_val,
K_GSDC_790,Data Explorer: Dữ liệu tài chính doanh nghiệp,Nhóm 19 — DN thông thường — Bảng cân đối kế toán,1. Phải thu dài hạn của khách hàng,Base,GSDC,Financial Report Catalog Dimension,Row Description Reference,FILTER,JOIN financial_rpt_catalog_dim ON financial_rpt_catalog_dim.financial_rpt_catalog_dim_id = fct_public_company_financial_rpt_val.financial_rpt_catalog_dim_id WHERE financial_rpt_catalog_dim.financial_rpt_catalog_code LIKE 'BCDKT%' AND financial_rpt_catalog_dim.enterprise_tp_code = 'dn' AND financial_rpt_catalog_dim.row_description_reference = '211' AND financial_rpt_catalog_dim.column_description_reference = '1',
K_GSDC_790,Data Explorer: Dữ liệu tài chính doanh nghiệp,Nhóm 19 — DN thông thường — Bảng cân đối kế toán,1. Phải thu dài hạn của khách hàng,Base,GSDC,Fact Public Company Financial Report Value,Report Year,FILTER,fct_public_company_financial_rpt_val.rpt_year = :year AND fct_public_company_financial_rpt_val.rpt_quarter = :quarter,
K_GSDC_791,Data Explorer: Dữ liệu tài chính doanh nghiệp,Nhóm 19 — DN thông thường — Bảng cân đối kế toán,2. Trả trước cho người bán dài hạn,Base,GSDC,Fact Public Company Financial Report Value,Data Value,MEASURE,fct_public_company_financial_rpt_val.data_val,
K_GSDC_791,Data Explorer: Dữ liệu tài chính doanh nghiệp,Nhóm 19 — DN thông thường — Bảng cân đối kế toán,2. Trả trước cho người bán dài hạn,Base,GSDC,Financial Report Catalog Dimension,Row Description Reference,FILTER,JOIN financial_rpt_catalog_dim ON financial_rpt_catalog_dim.financial_rpt_catalog_dim_id = fct_public_company_financial_rpt_val.financial_rpt_catalog_dim_id WHERE financial_rpt_catalog_dim.financial_rpt_catalog_code LIKE 'BCDKT%' AND financial_rpt_catalog_dim.enterprise_tp_code = 'dn' AND financial_rpt_catalog_dim.row_description_reference = '212' AND financial_rpt_catalog_dim.column_description_reference = '1',
K_GSDC_791,Data Explorer: Dữ liệu tài chính doanh nghiệp,Nhóm 19 — DN thông thường — Bảng cân đối kế toán,2. Trả trước cho người bán dài hạn,Base,GSDC,Fact Public Company Financial Report Value,Report Year,FILTER,fct_public_company_financial_rpt_val.rpt_year = :year AND fct_public_company_financial_rpt_val.rpt_quarter = :quarter,
K_GSDC_792,Data Explorer: Dữ liệu tài chính doanh nghiệp,Nhóm 19 — DN thông thường — Bảng cân đối kế toán,3. Vốn kinh doanh ở đơn vị trực thuộc,Base,GSDC,Fact Public Company Financial Report Value,Data Value,MEASURE,fct_public_company_financial_rpt_val.data_val,
K_GSDC_792,Data Explorer: Dữ liệu tài chính doanh nghiệp,Nhóm 19 — DN thông thường — Bảng cân đối kế toán,3. Vốn kinh doanh ở đơn vị trực thuộc,Base,GSDC,Financial Report Catalog Dimension,Row Description Reference,FILTER,JOIN financial_rpt_catalog_dim ON financial_rpt_catalog_dim.financial_rpt_catalog_dim_id = fct_public_company_financial_rpt_val.financial_rpt_catalog_dim_id WHERE financial_rpt_catalog_dim.financial_rpt_catalog_code LIKE 'BCDKT%' AND financial_rpt_catalog_dim.enterprise_tp_code = 'dn' AND financial_rpt_catalog_dim.row_description_reference = '213' AND financial_rpt_catalog_dim.column_description_reference = '1',
K_GSDC_792,Data Explorer: Dữ liệu tài chính doanh nghiệp,Nhóm 19 — DN thông thường — Bảng cân đối kế toán,3. Vốn kinh doanh ở đơn vị trực thuộc,Base,GSDC,Fact Public Company Financial Report Value,Report Year,FILTER,fct_public_company_financial_rpt_val.rpt_year = :year AND fct_public_company_financial_rpt_val.rpt_quarter = :quarter,
K_GSDC_793,Data Explorer: Dữ liệu tài chính doanh nghiệp,Nhóm 19 — DN thông thường — Bảng cân đối kế toán,4. Phải thu nội bộ dài hạn,Base,GSDC,Fact Public Company Financial Report Value,Data Value,MEASURE,fct_public_company_financial_rpt_val.data_val,
K_GSDC_793,Data Explorer: Dữ liệu tài chính doanh nghiệp,Nhóm 19 — DN thông thường — Bảng cân đối kế toán,4. Phải thu nội bộ dài hạn,Base,GSDC,Financial Report Catalog Dimension,Row Description Reference,FILTER,JOIN financial_rpt_catalog_dim ON financial_rpt_catalog_dim.financial_rpt_catalog_dim_id = fct_public_company_financial_rpt_val.financial_rpt_catalog_dim_id WHERE financial_rpt_catalog_dim.financial_rpt_catalog_code LIKE 'BCDKT%' AND financial_rpt_catalog_dim.enterprise_tp_code = 'dn' AND financial_rpt_catalog_dim.row_description_reference = '214' AND financial_rpt_catalog_dim.column_description_reference = '1',
K_GSDC_793,Data Explorer: Dữ liệu tài chính doanh nghiệp,Nhóm 19 — DN thông thường — Bảng cân đối kế toán,4. Phải thu nội bộ dài hạn,Base,GSDC,Fact Public Company Financial Report Value,Report Year,FILTER,fct_public_company_financial_rpt_val.rpt_year = :year AND fct_public_company_financial_rpt_val.rpt_quarter = :quarter,
K_GSDC_794,Data Explorer: Dữ liệu tài chính doanh nghiệp,Nhóm 19 — DN thông thường — Bảng cân đối kế toán,5. Phải thu về cho vay dài hạn,Base,GSDC,Fact Public Company Financial Report Value,Data Value,MEASURE,fct_public_company_financial_rpt_val.data_val,
K_GSDC_794,Data Explorer: Dữ liệu tài chính doanh nghiệp,Nhóm 19 — DN thông thường — Bảng cân đối kế toán,5. Phải thu về cho vay dài hạn,Base,GSDC,Financial Report Catalog Dimension,Row Description Reference,FILTER,JOIN financial_rpt_catalog_dim ON financial_rpt_catalog_dim.financial_rpt_catalog_dim_id = fct_public_company_financial_rpt_val.financial_rpt_catalog_dim_id WHERE financial_rpt_catalog_dim.financial_rpt_catalog_code LIKE 'BCDKT%' AND financial_rpt_catalog_dim.enterprise_tp_code = 'dn' AND financial_rpt_catalog_dim.row_description_reference = '215' AND financial_rpt_catalog_dim.column_description_reference = '1',
K_GSDC_794,Data Explorer: Dữ liệu tài chính doanh nghiệp,Nhóm 19 — DN thông thường — Bảng cân đối kế toán,5. Phải thu về cho vay dài hạn,Base,GSDC,Fact Public Company Financial Report Value,Report Year,FILTER,fct_public_company_financial_rpt_val.rpt_year = :year AND fct_public_company_financial_rpt_val.rpt_quarter = :quarter,
K_GSDC_795,Data Explorer: Dữ liệu tài chính doanh nghiệp,Nhóm 19 — DN thông thường — Bảng cân đối kế toán,6. Phải thu dài hạn khác,Base,GSDC,Fact Public Company Financial Report Value,Data Value,MEASURE,fct_public_company_financial_rpt_val.data_val,
K_GSDC_795,Data Explorer: Dữ liệu tài chính doanh nghiệp,Nhóm 19 — DN thông thường — Bảng cân đối kế toán,6. Phải thu dài hạn khác,Base,GSDC,Financial Report Catalog Dimension,Row Description Reference,FILTER,JOIN financial_rpt_catalog_dim ON financial_rpt_catalog_dim.financial_rpt_catalog_dim_id = fct_public_company_financial_rpt_val.financial_rpt_catalog_dim_id WHERE financial_rpt_catalog_dim.financial_rpt_catalog_code LIKE 'BCDKT%' AND financial_rpt_catalog_dim.enterprise_tp_code = 'dn' AND financial_rpt_catalog_dim.row_description_reference = '216' AND financial_rpt_catalog_dim.column_description_reference = '1',
K_GSDC_795,Data Explorer: Dữ liệu tài chính doanh nghiệp,Nhóm 19 — DN thông thường — Bảng cân đối kế toán,6. Phải thu dài hạn khác,Base,GSDC,Fact Public Company Financial Report Value,Report Year,FILTER,fct_public_company_financial_rpt_val.rpt_year = :year AND fct_public_company_financial_rpt_val.rpt_quarter = :quarter,
K_GSDC_796,Data Explorer: Dữ liệu tài chính doanh nghiệp,Nhóm 19 — DN thông thường — Bảng cân đối kế toán,7. Dự phòng phải thu dài hạn khó đòi,Base,GSDC,Fact Public Company Financial Report Value,Data Value,MEASURE,fct_public_company_financial_rpt_val.data_val,
K_GSDC_796,Data Explorer: Dữ liệu tài chính doanh nghiệp,Nhóm 19 — DN thông thường — Bảng cân đối kế toán,7. Dự phòng phải thu dài hạn khó đòi,Base,GSDC,Financial Report Catalog Dimension,Row Description Reference,FILTER,JOIN financial_rpt_catalog_dim ON financial_rpt_catalog_dim.financial_rpt_catalog_dim_id = fct_public_company_financial_rpt_val.financial_rpt_catalog_dim_id WHERE financial_rpt_catalog_dim.financial_rpt_catalog_code LIKE 'BCDKT%' AND financial_rpt_catalog_dim.enterprise_tp_code = 'dn' AND financial_rpt_catalog_dim.row_description_reference = '219' AND financial_rpt_catalog_dim.column_description_reference = '1',
K_GSDC_796,Data Explorer: Dữ liệu tài chính doanh nghiệp,Nhóm 19 — DN thông thường — Bảng cân đối kế toán,7. Dự phòng phải thu dài hạn khó đòi,Base,GSDC,Fact Public Company Financial Report Value,Report Year,FILTER,fct_public_company_financial_rpt_val.rpt_year = :year AND fct_public_company_financial_rpt_val.rpt_quarter = :quarter,
K_GSDC_797,Data Explorer: Dữ liệu tài chính doanh nghiệp,Nhóm 19 — DN thông thường — Bảng cân đối kế toán,II – Tài sản cố định,Base,GSDC,Fact Public Company Financial Report Value,Data Value,MEASURE,fct_public_company_financial_rpt_val.data_val,
K_GSDC_797,Data Explorer: Dữ liệu tài chính doanh nghiệp,Nhóm 19 — DN thông thường — Bảng cân đối kế toán,II – Tài sản cố định,Base,GSDC,Financial Report Catalog Dimension,Row Description Reference,FILTER,JOIN financial_rpt_catalog_dim ON financial_rpt_catalog_dim.financial_rpt_catalog_dim_id = fct_public_company_financial_rpt_val.financial_rpt_catalog_dim_id WHERE financial_rpt_catalog_dim.financial_rpt_catalog_code LIKE 'BCDKT%' AND financial_rpt_catalog_dim.enterprise_tp_code = 'dn' AND financial_rpt_catalog_dim.row_description_reference = '220' AND financial_rpt_catalog_dim.column_description_reference = '1',
K_GSDC_797,Data Explorer: Dữ liệu tài chính doanh nghiệp,Nhóm 19 — DN thông thường — Bảng cân đối kế toán,II – Tài sản cố định,Base,GSDC,Fact Public Company Financial Report Value,Report Year,FILTER,fct_public_company_financial_rpt_val.rpt_year = :year AND fct_public_company_financial_rpt_val.rpt_quarter = :quarter,
K_GSDC_798,Data Explorer: Dữ liệu tài chính doanh nghiệp,Nhóm 19 — DN thông thường — Bảng cân đối kế toán,1. TSCĐ hữu hình — Nguyên giá,Base,GSDC,Fact Public Company Financial Report Value,Data Value,MEASURE,fct_public_company_financial_rpt_val.data_val,
K_GSDC_798,Data Explorer: Dữ liệu tài chính doanh nghiệp,Nhóm 19 — DN thông thường — Bảng cân đối kế toán,1. TSCĐ hữu hình — Nguyên giá,Base,GSDC,Financial Report Catalog Dimension,Row Description Reference,FILTER,JOIN financial_rpt_catalog_dim ON financial_rpt_catalog_dim.financial_rpt_catalog_dim_id = fct_public_company_financial_rpt_val.financial_rpt_catalog_dim_id WHERE financial_rpt_catalog_dim.financial_rpt_catalog_code LIKE 'BCDKT%' AND financial_rpt_catalog_dim.enterprise_tp_code = 'dn' AND financial_rpt_catalog_dim.row_description_reference = '221' AND financial_rpt_catalog_dim.column_description_reference = '1',
K_GSDC_798,Data Explorer: Dữ liệu tài chính doanh nghiệp,Nhóm 19 — DN thông thường — Bảng cân đối kế toán,1. TSCĐ hữu hình — Nguyên giá,Base,GSDC,Fact Public Company Financial Report Value,Report Year,FILTER,fct_public_company_financial_rpt_val.rpt_year = :year AND fct_public_company_financial_rpt_val.rpt_quarter = :quarter,
K_GSDC_799,Data Explorer: Dữ liệu tài chính doanh nghiệp,Nhóm 19 — DN thông thường — Bảng cân đối kế toán,1. TSCĐ hữu hình — Giá trị còn lại,Base,GSDC,Fact Public Company Financial Report Value,Data Value,MEASURE,fct_public_company_financial_rpt_val.data_val,
K_GSDC_799,Data Explorer: Dữ liệu tài chính doanh nghiệp,Nhóm 19 — DN thông thường — Bảng cân đối kế toán,1. TSCĐ hữu hình — Giá trị còn lại,Base,GSDC,Financial Report Catalog Dimension,Row Description Reference,FILTER,JOIN financial_rpt_catalog_dim ON financial_rpt_catalog_dim.financial_rpt_catalog_dim_id = fct_public_company_financial_rpt_val.financial_rpt_catalog_dim_id WHERE financial_rpt_catalog_dim.financial_rpt_catalog_code LIKE 'BCDKT%' AND financial_rpt_catalog_dim.enterprise_tp_code = 'dn' AND financial_rpt_catalog_dim.row_description_reference = '222' AND financial_rpt_catalog_dim.column_description_reference = '1',
K_GSDC_799,Data Explorer: Dữ liệu tài chính doanh nghiệp,Nhóm 19 — DN thông thường — Bảng cân đối kế toán,1. TSCĐ hữu hình — Giá trị còn lại,Base,GSDC,Fact Public Company Financial Report Value,Report Year,FILTER,fct_public_company_financial_rpt_val.rpt_year = :year AND fct_public_company_financial_rpt_val.rpt_quarter = :quarter,
K_GSDC_800,Data Explorer: Dữ liệu tài chính doanh nghiệp,Nhóm 19 — DN thông thường — Bảng cân đối kế toán,1. TSCĐ hữu hình — Hao mòn lũy kế,Base,GSDC,Fact Public Company Financial Report Value,Data Value,MEASURE,fct_public_company_financial_rpt_val.data_val,
K_GSDC_800,Data Explorer: Dữ liệu tài chính doanh nghiệp,Nhóm 19 — DN thông thường — Bảng cân đối kế toán,1. TSCĐ hữu hình — Hao mòn lũy kế,Base,GSDC,Financial Report Catalog Dimension,Row Description Reference,FILTER,JOIN financial_rpt_catalog_dim ON financial_rpt_catalog_dim.financial_rpt_catalog_dim_id = fct_public_company_financial_rpt_val.financial_rpt_catalog_dim_id WHERE financial_rpt_catalog_dim.financial_rpt_catalog_code LIKE 'BCDKT%' AND financial_rpt_catalog_dim.enterprise_tp_code = 'dn' AND financial_rpt_catalog_dim.row_description_reference = '223' AND financial_rpt_catalog_dim.column_description_reference = '1',
K_GSDC_800,Data Explorer: Dữ liệu tài chính doanh nghiệp,Nhóm 19 — DN thông thường — Bảng cân đối kế toán,1. TSCĐ hữu hình — Hao mòn lũy kế,Base,GSDC,Fact Public Company Financial Report Value,Report Year,FILTER,fct_public_company_financial_rpt_val.rpt_year = :year AND fct_public_company_financial_rpt_val.rpt_quarter = :quarter,
K_GSDC_801,Data Explorer: Dữ liệu tài chính doanh nghiệp,Nhóm 19 — DN thông thường — Bảng cân đối kế toán,2. TSCĐ thuê tài chính — Nguyên giá,Base,GSDC,Fact Public Company Financial Report Value,Data Value,MEASURE,fct_public_company_financial_rpt_val.data_val,
K_GSDC_801,Data Explorer: Dữ liệu tài chính doanh nghiệp,Nhóm 19 — DN thông thường — Bảng cân đối kế toán,2. TSCĐ thuê tài chính — Nguyên giá,Base,GSDC,Financial Report Catalog Dimension,Row Description Reference,FILTER,JOIN financial_rpt_catalog_dim ON financial_rpt_catalog_dim.financial_rpt_catalog_dim_id = fct_public_company_financial_rpt_val.financial_rpt_catalog_dim_id WHERE financial_rpt_catalog_dim.financial_rpt_catalog_code LIKE 'BCDKT%' AND financial_rpt_catalog_dim.enterprise_tp_code = 'dn' AND financial_rpt_catalog_dim.row_description_reference = '224' AND financial_rpt_catalog_dim.column_description_reference = '1',
K_GSDC_801,Data Explorer: Dữ liệu tài chính doanh nghiệp,Nhóm 19 — DN thông thường — Bảng cân đối kế toán,2. TSCĐ thuê tài chính — Nguyên giá,Base,GSDC,Fact Public Company Financial Report Value,Report Year,FILTER,fct_public_company_financial_rpt_val.rpt_year = :year AND fct_public_company_financial_rpt_val.rpt_quarter = :quarter,
K_GSDC_802,Data Explorer: Dữ liệu tài chính doanh nghiệp,Nhóm 19 — DN thông thường — Bảng cân đối kế toán,2. TSCĐ thuê tài chính — Giá trị còn lại,Base,GSDC,Fact Public Company Financial Report Value,Data Value,MEASURE,fct_public_company_financial_rpt_val.data_val,
K_GSDC_802,Data Explorer: Dữ liệu tài chính doanh nghiệp,Nhóm 19 — DN thông thường — Bảng cân đối kế toán,2. TSCĐ thuê tài chính — Giá trị còn lại,Base,GSDC,Financial Report Catalog Dimension,Row Description Reference,FILTER,JOIN financial_rpt_catalog_dim ON financial_rpt_catalog_dim.financial_rpt_catalog_dim_id = fct_public_company_financial_rpt_val.financial_rpt_catalog_dim_id WHERE financial_rpt_catalog_dim.financial_rpt_catalog_code LIKE 'BCDKT%' AND financial_rpt_catalog_dim.enterprise_tp_code = 'dn' AND financial_rpt_catalog_dim.row_description_reference = '225' AND financial_rpt_catalog_dim.column_description_reference = '1',
K_GSDC_802,Data Explorer: Dữ liệu tài chính doanh nghiệp,Nhóm 19 — DN thông thường — Bảng cân đối kế toán,2. TSCĐ thuê tài chính — Giá trị còn lại,Base,GSDC,Fact Public Company Financial Report Value,Report Year,FILTER,fct_public_company_financial_rpt_val.rpt_year = :year AND fct_public_company_financial_rpt_val.rpt_quarter = :quarter,
K_GSDC_803,Data Explorer: Dữ liệu tài chính doanh nghiệp,Nhóm 19 — DN thông thường — Bảng cân đối kế toán,2. TSCĐ thuê tài chính — Hao mòn lũy kế,Base,GSDC,Fact Public Company Financial Report Value,Data Value,MEASURE,fct_public_company_financial_rpt_val.data_val,
K_GSDC_803,Data Explorer: Dữ liệu tài chính doanh nghiệp,Nhóm 19 — DN thông thường — Bảng cân đối kế toán,2. TSCĐ thuê tài chính — Hao mòn lũy kế,Base,GSDC,Financial Report Catalog Dimension,Row Description Reference,FILTER,JOIN financial_rpt_catalog_dim ON financial_rpt_catalog_dim.financial_rpt_catalog_dim_id = fct_public_company_financial_rpt_val.financial_rpt_catalog_dim_id WHERE financial_rpt_catalog_dim.financial_rpt_catalog_code LIKE 'BCDKT%' AND financial_rpt_catalog_dim.enterprise_tp_code = 'dn' AND financial_rpt_catalog_dim.row_description_reference = '226' AND financial_rpt_catalog_dim.column_description_reference = '1',
K_GSDC_803,Data Explorer: Dữ liệu tài chính doanh nghiệp,Nhóm 19 — DN thông thường — Bảng cân đối kế toán,2. TSCĐ thuê tài chính — Hao mòn lũy kế,Base,GSDC,Fact Public Company Financial Report Value,Report Year,FILTER,fct_public_company_financial_rpt_val.rpt_year = :year AND fct_public_company_financial_rpt_val.rpt_quarter = :quarter,
K_GSDC_804,Data Explorer: Dữ liệu tài chính doanh nghiệp,Nhóm 19 — DN thông thường — Bảng cân đối kế toán,3. TSCĐ vô hình — Nguyên giá,Base,GSDC,Fact Public Company Financial Report Value,Data Value,MEASURE,fct_public_company_financial_rpt_val.data_val,
K_GSDC_804,Data Explorer: Dữ liệu tài chính doanh nghiệp,Nhóm 19 — DN thông thường — Bảng cân đối kế toán,3. TSCĐ vô hình — Nguyên giá,Base,GSDC,Financial Report Catalog Dimension,Row Description Reference,FILTER,JOIN financial_rpt_catalog_dim ON financial_rpt_catalog_dim.financial_rpt_catalog_dim_id = fct_public_company_financial_rpt_val.financial_rpt_catalog_dim_id WHERE financial_rpt_catalog_dim.financial_rpt_catalog_code LIKE 'BCDKT%' AND financial_rpt_catalog_dim.enterprise_tp_code = 'dn' AND financial_rpt_catalog_dim.row_description_reference = '227' AND financial_rpt_catalog_dim.column_description_reference = '1',
K_GSDC_804,Data Explorer: Dữ liệu tài chính doanh nghiệp,Nhóm 19 — DN thông thường — Bảng cân đối kế toán,3. TSCĐ vô hình — Nguyên giá,Base,GSDC,Fact Public Company Financial Report Value,Report Year,FILTER,fct_public_company_financial_rpt_val.rpt_year = :year AND fct_public_company_financial_rpt_val.rpt_quarter = :quarter,
K_GSDC_805,Data Explorer: Dữ liệu tài chính doanh nghiệp,Nhóm 19 — DN thông thường — Bảng cân đối kế toán,3. TSCĐ vô hình — Giá trị còn lại,Base,GSDC,Fact Public Company Financial Report Value,Data Value,MEASURE,fct_public_company_financial_rpt_val.data_val,
K_GSDC_805,Data Explorer: Dữ liệu tài chính doanh nghiệp,Nhóm 19 — DN thông thường — Bảng cân đối kế toán,3. TSCĐ vô hình — Giá trị còn lại,Base,GSDC,Financial Report Catalog Dimension,Row Description Reference,FILTER,JOIN financial_rpt_catalog_dim ON financial_rpt_catalog_dim.financial_rpt_catalog_dim_id = fct_public_company_financial_rpt_val.financial_rpt_catalog_dim_id WHERE financial_rpt_catalog_dim.financial_rpt_catalog_code LIKE 'BCDKT%' AND financial_rpt_catalog_dim.enterprise_tp_code = 'dn' AND financial_rpt_catalog_dim.row_description_reference = '228' AND financial_rpt_catalog_dim.column_description_reference = '1',
K_GSDC_805,Data Explorer: Dữ liệu tài chính doanh nghiệp,Nhóm 19 — DN thông thường — Bảng cân đối kế toán,3. TSCĐ vô hình — Giá trị còn lại,Base,GSDC,Fact Public Company Financial Report Value,Report Year,FILTER,fct_public_company_financial_rpt_val.rpt_year = :year AND fct_public_company_financial_rpt_val.rpt_quarter = :quarter,
K_GSDC_806,Data Explorer: Dữ liệu tài chính doanh nghiệp,Nhóm 19 — DN thông thường — Bảng cân đối kế toán,3. TSCĐ vô hình — Hao mòn lũy kế,Base,GSDC,Fact Public Company Financial Report Value,Data Value,MEASURE,fct_public_company_financial_rpt_val.data_val,
K_GSDC_806,Data Explorer: Dữ liệu tài chính doanh nghiệp,Nhóm 19 — DN thông thường — Bảng cân đối kế toán,3. TSCĐ vô hình — Hao mòn lũy kế,Base,GSDC,Financial Report Catalog Dimension,Row Description Reference,FILTER,JOIN financial_rpt_catalog_dim ON financial_rpt_catalog_dim.financial_rpt_catalog_dim_id = fct_public_company_financial_rpt_val.financial_rpt_catalog_dim_id WHERE financial_rpt_catalog_dim.financial_rpt_catalog_code LIKE 'BCDKT%' AND financial_rpt_catalog_dim.enterprise_tp_code = 'dn' AND financial_rpt_catalog_dim.row_description_reference = '229' AND financial_rpt_catalog_dim.column_description_reference = '1',
K_GSDC_806,Data Explorer: Dữ liệu tài chính doanh nghiệp,Nhóm 19 — DN thông thường — Bảng cân đối kế toán,3. TSCĐ vô hình — Hao mòn lũy kế,Base,GSDC,Fact Public Company Financial Report Value,Report Year,FILTER,fct_public_company_financial_rpt_val.rpt_year = :year AND fct_public_company_financial_rpt_val.rpt_quarter = :quarter,
K_GSDC_807,Data Explorer: Dữ liệu tài chính doanh nghiệp,Nhóm 19 — DN thông thường — Bảng cân đối kế toán,III – Bất động sản đầu tư — Nguyên giá,Base,GSDC,Fact Public Company Financial Report Value,Data Value,MEASURE,fct_public_company_financial_rpt_val.data_val,
K_GSDC_807,Data Explorer: Dữ liệu tài chính doanh nghiệp,Nhóm 19 — DN thông thường — Bảng cân đối kế toán,III – Bất động sản đầu tư — Nguyên giá,Base,GSDC,Financial Report Catalog Dimension,Row Description Reference,FILTER,JOIN financial_rpt_catalog_dim ON financial_rpt_catalog_dim.financial_rpt_catalog_dim_id = fct_public_company_financial_rpt_val.financial_rpt_catalog_dim_id WHERE financial_rpt_catalog_dim.financial_rpt_catalog_code LIKE 'BCDKT%' AND financial_rpt_catalog_dim.enterprise_tp_code = 'dn' AND financial_rpt_catalog_dim.row_description_reference = '230' AND financial_rpt_catalog_dim.column_description_reference = '1',
K_GSDC_807,Data Explorer: Dữ liệu tài chính doanh nghiệp,Nhóm 19 — DN thông thường — Bảng cân đối kế toán,III – Bất động sản đầu tư — Nguyên giá,Base,GSDC,Fact Public Company Financial Report Value,Report Year,FILTER,fct_public_company_financial_rpt_val.rpt_year = :year AND fct_public_company_financial_rpt_val.rpt_quarter = :quarter,
K_GSDC_808,Data Explorer: Dữ liệu tài chính doanh nghiệp,Nhóm 19 — DN thông thường — Bảng cân đối kế toán,III – Bất động sản đầu tư — Giá trị còn lại,Base,GSDC,Fact Public Company Financial Report Value,Data Value,MEASURE,fct_public_company_financial_rpt_val.data_val,
K_GSDC_808,Data Explorer: Dữ liệu tài chính doanh nghiệp,Nhóm 19 — DN thông thường — Bảng cân đối kế toán,III – Bất động sản đầu tư — Giá trị còn lại,Base,GSDC,Financial Report Catalog Dimension,Row Description Reference,FILTER,JOIN financial_rpt_catalog_dim ON financial_rpt_catalog_dim.financial_rpt_catalog_dim_id = fct_public_company_financial_rpt_val.financial_rpt_catalog_dim_id WHERE financial_rpt_catalog_dim.financial_rpt_catalog_code LIKE 'BCDKT%' AND financial_rpt_catalog_dim.enterprise_tp_code = 'dn' AND financial_rpt_catalog_dim.row_description_reference = '231' AND financial_rpt_catalog_dim.column_description_reference = '1',
K_GSDC_808,Data Explorer: Dữ liệu tài chính doanh nghiệp,Nhóm 19 — DN thông thường — Bảng cân đối kế toán,III – Bất động sản đầu tư — Giá trị còn lại,Base,GSDC,Fact Public Company Financial Report Value,Report Year,FILTER,fct_public_company_financial_rpt_val.rpt_year = :year AND fct_public_company_financial_rpt_val.rpt_quarter = :quarter,
K_GSDC_809,Data Explorer: Dữ liệu tài chính doanh nghiệp,Nhóm 19 — DN thông thường — Bảng cân đối kế toán,III – Bất động sản đầu tư — Hao mòn lũy kế,Base,GSDC,Fact Public Company Financial Report Value,Data Value,MEASURE,fct_public_company_financial_rpt_val.data_val,
K_GSDC_809,Data Explorer: Dữ liệu tài chính doanh nghiệp,Nhóm 19 — DN thông thường — Bảng cân đối kế toán,III – Bất động sản đầu tư — Hao mòn lũy kế,Base,GSDC,Financial Report Catalog Dimension,Row Description Reference,FILTER,JOIN financial_rpt_catalog_dim ON financial_rpt_catalog_dim.financial_rpt_catalog_dim_id = fct_public_company_financial_rpt_val.financial_rpt_catalog_dim_id WHERE financial_rpt_catalog_dim.financial_rpt_catalog_code LIKE 'BCDKT%' AND financial_rpt_catalog_dim.enterprise_tp_code = 'dn' AND financial_rpt_catalog_dim.row_description_reference = '232' AND financial_rpt_catalog_dim.column_description_reference = '1',
K_GSDC_809,Data Explorer: Dữ liệu tài chính doanh nghiệp,Nhóm 19 — DN thông thường — Bảng cân đối kế toán,III – Bất động sản đầu tư — Hao mòn lũy kế,Base,GSDC,Fact Public Company Financial Report Value,Report Year,FILTER,fct_public_company_financial_rpt_val.rpt_year = :year AND fct_public_company_financial_rpt_val.rpt_quarter = :quarter,
K_GSDC_810,Data Explorer: Dữ liệu tài chính doanh nghiệp,Nhóm 19 — DN thông thường — Bảng cân đối kế toán,IV – Tài sản dở dang dài hạn,Base,GSDC,Fact Public Company Financial Report Value,Data Value,MEASURE,fct_public_company_financial_rpt_val.data_val,
K_GSDC_810,Data Explorer: Dữ liệu tài chính doanh nghiệp,Nhóm 19 — DN thông thường — Bảng cân đối kế toán,IV – Tài sản dở dang dài hạn,Base,GSDC,Financial Report Catalog Dimension,Row Description Reference,FILTER,JOIN financial_rpt_catalog_dim ON financial_rpt_catalog_dim.financial_rpt_catalog_dim_id = fct_public_company_financial_rpt_val.financial_rpt_catalog_dim_id WHERE financial_rpt_catalog_dim.financial_rpt_catalog_code LIKE 'BCDKT%' AND financial_rpt_catalog_dim.enterprise_tp_code = 'dn' AND financial_rpt_catalog_dim.row_description_reference = '240' AND financial_rpt_catalog_dim.column_description_reference = '1',
K_GSDC_810,Data Explorer: Dữ liệu tài chính doanh nghiệp,Nhóm 19 — DN thông thường — Bảng cân đối kế toán,IV – Tài sản dở dang dài hạn,Base,GSDC,Fact Public Company Financial Report Value,Report Year,FILTER,fct_public_company_financial_rpt_val.rpt_year = :year AND fct_public_company_financial_rpt_val.rpt_quarter = :quarter,
K_GSDC_811,Data Explorer: Dữ liệu tài chính doanh nghiệp,Nhóm 19 — DN thông thường — Bảng cân đối kế toán,1. Chi phí SXKD dở dang dài hạn,Base,GSDC,Fact Public Company Financial Report Value,Data Value,MEASURE,fct_public_company_financial_rpt_val.data_val,
K_GSDC_811,Data Explorer: Dữ liệu tài chính doanh nghiệp,Nhóm 19 — DN thông thường — Bảng cân đối kế toán,1. Chi phí SXKD dở dang dài hạn,Base,GSDC,Financial Report Catalog Dimension,Row Description Reference,FILTER,JOIN financial_rpt_catalog_dim ON financial_rpt_catalog_dim.financial_rpt_catalog_dim_id = fct_public_company_financial_rpt_val.financial_rpt_catalog_dim_id WHERE financial_rpt_catalog_dim.financial_rpt_catalog_code LIKE 'BCDKT%' AND financial_rpt_catalog_dim.enterprise_tp_code = 'dn' AND financial_rpt_catalog_dim.row_description_reference = '241' AND financial_rpt_catalog_dim.column_description_reference = '1',
K_GSDC_811,Data Explorer: Dữ liệu tài chính doanh nghiệp,Nhóm 19 — DN thông thường — Bảng cân đối kế toán,1. Chi phí SXKD dở dang dài hạn,Base,GSDC,Fact Public Company Financial Report Value,Report Year,FILTER,fct_public_company_financial_rpt_val.rpt_year = :year AND fct_public_company_financial_rpt_val.rpt_quarter = :quarter,
K_GSDC_812,Data Explorer: Dữ liệu tài chính doanh nghiệp,Nhóm 19 — DN thông thường — Bảng cân đối kế toán,2. Chi phí xây dựng cơ bản dở dang,Base,GSDC,Fact Public Company Financial Report Value,Data Value,MEASURE,fct_public_company_financial_rpt_val.data_val,
K_GSDC_812,Data Explorer: Dữ liệu tài chính doanh nghiệp,Nhóm 19 — DN thông thường — Bảng cân đối kế toán,2. Chi phí xây dựng cơ bản dở dang,Base,GSDC,Financial Report Catalog Dimension,Row Description Reference,FILTER,JOIN financial_rpt_catalog_dim ON financial_rpt_catalog_dim.financial_rpt_catalog_dim_id = fct_public_company_financial_rpt_val.financial_rpt_catalog_dim_id WHERE financial_rpt_catalog_dim.financial_rpt_catalog_code LIKE 'BCDKT%' AND financial_rpt_catalog_dim.enterprise_tp_code = 'dn' AND financial_rpt_catalog_dim.row_description_reference = '242' AND financial_rpt_catalog_dim.column_description_reference = '1',
K_GSDC_812,Data Explorer: Dữ liệu tài chính doanh nghiệp,Nhóm 19 — DN thông thường — Bảng cân đối kế toán,2. Chi phí xây dựng cơ bản dở dang,Base,GSDC,Fact Public Company Financial Report Value,Report Year,FILTER,fct_public_company_financial_rpt_val.rpt_year = :year AND fct_public_company_financial_rpt_val.rpt_quarter = :quarter,
K_GSDC_813,Data Explorer: Dữ liệu tài chính doanh nghiệp,Nhóm 19 — DN thông thường — Bảng cân đối kế toán,V – Đầu tư tài chính dài hạn,Base,GSDC,Fact Public Company Financial Report Value,Data Value,MEASURE,fct_public_company_financial_rpt_val.data_val,
K_GSDC_813,Data Explorer: Dữ liệu tài chính doanh nghiệp,Nhóm 19 — DN thông thường — Bảng cân đối kế toán,V – Đầu tư tài chính dài hạn,Base,GSDC,Financial Report Catalog Dimension,Row Description Reference,FILTER,JOIN financial_rpt_catalog_dim ON financial_rpt_catalog_dim.financial_rpt_catalog_dim_id = fct_public_company_financial_rpt_val.financial_rpt_catalog_dim_id WHERE financial_rpt_catalog_dim.financial_rpt_catalog_code LIKE 'BCDKT%' AND financial_rpt_catalog_dim.enterprise_tp_code = 'dn' AND financial_rpt_catalog_dim.row_description_reference = '250' AND financial_rpt_catalog_dim.column_description_reference = '1',
K_GSDC_813,Data Explorer: Dữ liệu tài chính doanh nghiệp,Nhóm 19 — DN thông thường — Bảng cân đối kế toán,V – Đầu tư tài chính dài hạn,Base,GSDC,Fact Public Company Financial Report Value,Report Year,FILTER,fct_public_company_financial_rpt_val.rpt_year = :year AND fct_public_company_financial_rpt_val.rpt_quarter = :quarter,
K_GSDC_814,Data Explorer: Dữ liệu tài chính doanh nghiệp,Nhóm 19 — DN thông thường — Bảng cân đối kế toán,1. Đầu tư vào công ty con,Base,GSDC,Fact Public Company Financial Report Value,Data Value,MEASURE,fct_public_company_financial_rpt_val.data_val,
K_GSDC_814,Data Explorer: Dữ liệu tài chính doanh nghiệp,Nhóm 19 — DN thông thường — Bảng cân đối kế toán,1. Đầu tư vào công ty con,Base,GSDC,Financial Report Catalog Dimension,Row Description Reference,FILTER,JOIN financial_rpt_catalog_dim ON financial_rpt_catalog_dim.financial_rpt_catalog_dim_id = fct_public_company_financial_rpt_val.financial_rpt_catalog_dim_id WHERE financial_rpt_catalog_dim.financial_rpt_catalog_code LIKE 'BCDKT%' AND financial_rpt_catalog_dim.enterprise_tp_code = 'dn' AND financial_rpt_catalog_dim.row_description_reference = '251' AND financial_rpt_catalog_dim.column_description_reference = '1',
K_GSDC_814,Data Explorer: Dữ liệu tài chính doanh nghiệp,Nhóm 19 — DN thông thường — Bảng cân đối kế toán,1. Đầu tư vào công ty con,Base,GSDC,Fact Public Company Financial Report Value,Report Year,FILTER,fct_public_company_financial_rpt_val.rpt_year = :year AND fct_public_company_financial_rpt_val.rpt_quarter = :quarter,
K_GSDC_815,Data Explorer: Dữ liệu tài chính doanh nghiệp,Nhóm 19 — DN thông thường — Bảng cân đối kế toán,"2. Đầu tư vào công ty liên doanh, liên kết",Base,GSDC,Fact Public Company Financial Report Value,Data Value,MEASURE,fct_public_company_financial_rpt_val.data_val,
K_GSDC_815,Data Explorer: Dữ liệu tài chính doanh nghiệp,Nhóm 19 — DN thông thường — Bảng cân đối kế toán,"2. Đầu tư vào công ty liên doanh, liên kết",Base,GSDC,Financial Report Catalog Dimension,Row Description Reference,FILTER,JOIN financial_rpt_catalog_dim ON financial_rpt_catalog_dim.financial_rpt_catalog_dim_id = fct_public_company_financial_rpt_val.financial_rpt_catalog_dim_id WHERE financial_rpt_catalog_dim.financial_rpt_catalog_code LIKE 'BCDKT%' AND financial_rpt_catalog_dim.enterprise_tp_code = 'dn' AND financial_rpt_catalog_dim.row_description_reference = '252' AND financial_rpt_catalog_dim.column_description_reference = '1',
K_GSDC_815,Data Explorer: Dữ liệu tài chính doanh nghiệp,Nhóm 19 — DN thông thường — Bảng cân đối kế toán,"2. Đầu tư vào công ty liên doanh, liên kết",Base,GSDC,Fact Public Company Financial Report Value,Report Year,FILTER,fct_public_company_financial_rpt_val.rpt_year = :year AND fct_public_company_financial_rpt_val.rpt_quarter = :quarter,
K_GSDC_816,Data Explorer: Dữ liệu tài chính doanh nghiệp,Nhóm 19 — DN thông thường — Bảng cân đối kế toán,3. Đầu tư góp vốn vào đơn vị khác,Base,GSDC,Fact Public Company Financial Report Value,Data Value,MEASURE,fct_public_company_financial_rpt_val.data_val,
K_GSDC_816,Data Explorer: Dữ liệu tài chính doanh nghiệp,Nhóm 19 — DN thông thường — Bảng cân đối kế toán,3. Đầu tư góp vốn vào đơn vị khác,Base,GSDC,Financial Report Catalog Dimension,Row Description Reference,FILTER,JOIN financial_rpt_catalog_dim ON financial_rpt_catalog_dim.financial_rpt_catalog_dim_id = fct_public_company_financial_rpt_val.financial_rpt_catalog_dim_id WHERE financial_rpt_catalog_dim.financial_rpt_catalog_code LIKE 'BCDKT%' AND financial_rpt_catalog_dim.enterprise_tp_code = 'dn' AND financial_rpt_catalog_dim.row_description_reference = '253' AND financial_rpt_catalog_dim.column_description_reference = '1',
K_GSDC_816,Data Explorer: Dữ liệu tài chính doanh nghiệp,Nhóm 19 — DN thông thường — Bảng cân đối kế toán,3. Đầu tư góp vốn vào đơn vị khác,Base,GSDC,Fact Public Company Financial Report Value,Report Year,FILTER,fct_public_company_financial_rpt_val.rpt_year = :year AND fct_public_company_financial_rpt_val.rpt_quarter = :quarter,
K_GSDC_817,Data Explorer: Dữ liệu tài chính doanh nghiệp,Nhóm 19 — DN thông thường — Bảng cân đối kế toán,4. Dự phòng đầu tư tài chính dài hạn,Base,GSDC,Fact Public Company Financial Report Value,Data Value,MEASURE,fct_public_company_financial_rpt_val.data_val,
K_GSDC_817,Data Explorer: Dữ liệu tài chính doanh nghiệp,Nhóm 19 — DN thông thường — Bảng cân đối kế toán,4. Dự phòng đầu tư tài chính dài hạn,Base,GSDC,Financial Report Catalog Dimension,Row Description Reference,FILTER,JOIN financial_rpt_catalog_dim ON financial_rpt_catalog_dim.financial_rpt_catalog_dim_id = fct_public_company_financial_rpt_val.financial_rpt_catalog_dim_id WHERE financial_rpt_catalog_dim.financial_rpt_catalog_code LIKE 'BCDKT%' AND financial_rpt_catalog_dim.enterprise_tp_code = 'dn' AND financial_rpt_catalog_dim.row_description_reference = '254' AND financial_rpt_catalog_dim.column_description_reference = '1',
K_GSDC_817,Data Explorer: Dữ liệu tài chính doanh nghiệp,Nhóm 19 — DN thông thường — Bảng cân đối kế toán,4. Dự phòng đầu tư tài chính dài hạn,Base,GSDC,Fact Public Company Financial Report Value,Report Year,FILTER,fct_public_company_financial_rpt_val.rpt_year = :year AND fct_public_company_financial_rpt_val.rpt_quarter = :quarter,
K_GSDC_818,Data Explorer: Dữ liệu tài chính doanh nghiệp,Nhóm 19 — DN thông thường — Bảng cân đối kế toán,5. Đầu tư nắm giữ đến ngày đáo hạn,Base,GSDC,Fact Public Company Financial Report Value,Data Value,MEASURE,fct_public_company_financial_rpt_val.data_val,
K_GSDC_818,Data Explorer: Dữ liệu tài chính doanh nghiệp,Nhóm 19 — DN thông thường — Bảng cân đối kế toán,5. Đầu tư nắm giữ đến ngày đáo hạn,Base,GSDC,Financial Report Catalog Dimension,Row Description Reference,FILTER,JOIN financial_rpt_catalog_dim ON financial_rpt_catalog_dim.financial_rpt_catalog_dim_id = fct_public_company_financial_rpt_val.financial_rpt_catalog_dim_id WHERE financial_rpt_catalog_dim.financial_rpt_catalog_code LIKE 'BCDKT%' AND financial_rpt_catalog_dim.enterprise_tp_code = 'dn' AND financial_rpt_catalog_dim.row_description_reference = '255' AND financial_rpt_catalog_dim.column_description_reference = '1',
K_GSDC_818,Data Explorer: Dữ liệu tài chính doanh nghiệp,Nhóm 19 — DN thông thường — Bảng cân đối kế toán,5. Đầu tư nắm giữ đến ngày đáo hạn,Base,GSDC,Fact Public Company Financial Report Value,Report Year,FILTER,fct_public_company_financial_rpt_val.rpt_year = :year AND fct_public_company_financial_rpt_val.rpt_quarter = :quarter,
K_GSDC_819,Data Explorer: Dữ liệu tài chính doanh nghiệp,Nhóm 19 — DN thông thường — Bảng cân đối kế toán,VI – Tài sản dài hạn khác,Base,GSDC,Fact Public Company Financial Report Value,Data Value,MEASURE,fct_public_company_financial_rpt_val.data_val,
K_GSDC_819,Data Explorer: Dữ liệu tài chính doanh nghiệp,Nhóm 19 — DN thông thường — Bảng cân đối kế toán,VI – Tài sản dài hạn khác,Base,GSDC,Financial Report Catalog Dimension,Row Description Reference,FILTER,JOIN financial_rpt_catalog_dim ON financial_rpt_catalog_dim.financial_rpt_catalog_dim_id = fct_public_company_financial_rpt_val.financial_rpt_catalog_dim_id WHERE financial_rpt_catalog_dim.financial_rpt_catalog_code LIKE 'BCDKT%' AND financial_rpt_catalog_dim.enterprise_tp_code = 'dn' AND financial_rpt_catalog_dim.row_description_reference = '260' AND financial_rpt_catalog_dim.column_description_reference = '1',
K_GSDC_819,Data Explorer: Dữ liệu tài chính doanh nghiệp,Nhóm 19 — DN thông thường — Bảng cân đối kế toán,VI – Tài sản dài hạn khác,Base,GSDC,Fact Public Company Financial Report Value,Report Year,FILTER,fct_public_company_financial_rpt_val.rpt_year = :year AND fct_public_company_financial_rpt_val.rpt_quarter = :quarter,
K_GSDC_820,Data Explorer: Dữ liệu tài chính doanh nghiệp,Nhóm 19 — DN thông thường — Bảng cân đối kế toán,1. Chi phí trả trước dài hạn,Base,GSDC,Fact Public Company Financial Report Value,Data Value,MEASURE,fct_public_company_financial_rpt_val.data_val,
K_GSDC_820,Data Explorer: Dữ liệu tài chính doanh nghiệp,Nhóm 19 — DN thông thường — Bảng cân đối kế toán,1. Chi phí trả trước dài hạn,Base,GSDC,Financial Report Catalog Dimension,Row Description Reference,FILTER,JOIN financial_rpt_catalog_dim ON financial_rpt_catalog_dim.financial_rpt_catalog_dim_id = fct_public_company_financial_rpt_val.financial_rpt_catalog_dim_id WHERE financial_rpt_catalog_dim.financial_rpt_catalog_code LIKE 'BCDKT%' AND financial_rpt_catalog_dim.enterprise_tp_code = 'dn' AND financial_rpt_catalog_dim.row_description_reference = '261' AND financial_rpt_catalog_dim.column_description_reference = '1',
K_GSDC_820,Data Explorer: Dữ liệu tài chính doanh nghiệp,Nhóm 19 — DN thông thường — Bảng cân đối kế toán,1. Chi phí trả trước dài hạn,Base,GSDC,Fact Public Company Financial Report Value,Report Year,FILTER,fct_public_company_financial_rpt_val.rpt_year = :year AND fct_public_company_financial_rpt_val.rpt_quarter = :quarter,
K_GSDC_821,Data Explorer: Dữ liệu tài chính doanh nghiệp,Nhóm 19 — DN thông thường — Bảng cân đối kế toán,2. Tài sản thuế thu nhập hoãn lại,Base,GSDC,Fact Public Company Financial Report Value,Data Value,MEASURE,fct_public_company_financial_rpt_val.data_val,
K_GSDC_821,Data Explorer: Dữ liệu tài chính doanh nghiệp,Nhóm 19 — DN thông thường — Bảng cân đối kế toán,2. Tài sản thuế thu nhập hoãn lại,Base,GSDC,Financial Report Catalog Dimension,Row Description Reference,FILTER,JOIN financial_rpt_catalog_dim ON financial_rpt_catalog_dim.financial_rpt_catalog_dim_id = fct_public_company_financial_rpt_val.financial_rpt_catalog_dim_id WHERE financial_rpt_catalog_dim.financial_rpt_catalog_code LIKE 'BCDKT%' AND financial_rpt_catalog_dim.enterprise_tp_code = 'dn' AND financial_rpt_catalog_dim.row_description_reference = '262' AND financial_rpt_catalog_dim.column_description_reference = '1',
K_GSDC_821,Data Explorer: Dữ liệu tài chính doanh nghiệp,Nhóm 19 — DN thông thường — Bảng cân đối kế toán,2. Tài sản thuế thu nhập hoãn lại,Base,GSDC,Fact Public Company Financial Report Value,Report Year,FILTER,fct_public_company_financial_rpt_val.rpt_year = :year AND fct_public_company_financial_rpt_val.rpt_quarter = :quarter,
K_GSDC_822,Data Explorer: Dữ liệu tài chính doanh nghiệp,Nhóm 19 — DN thông thường — Bảng cân đối kế toán,"3. Thiết bị, vật tư, phụ tùng thay thế dài hạn",Base,GSDC,Fact Public Company Financial Report Value,Data Value,MEASURE,fct_public_company_financial_rpt_val.data_val,
K_GSDC_822,Data Explorer: Dữ liệu tài chính doanh nghiệp,Nhóm 19 — DN thông thường — Bảng cân đối kế toán,"3. Thiết bị, vật tư, phụ tùng thay thế dài hạn",Base,GSDC,Financial Report Catalog Dimension,Row Description Reference,FILTER,JOIN financial_rpt_catalog_dim ON financial_rpt_catalog_dim.financial_rpt_catalog_dim_id = fct_public_company_financial_rpt_val.financial_rpt_catalog_dim_id WHERE financial_rpt_catalog_dim.financial_rpt_catalog_code LIKE 'BCDKT%' AND financial_rpt_catalog_dim.enterprise_tp_code = 'dn' AND financial_rpt_catalog_dim.row_description_reference = '263' AND financial_rpt_catalog_dim.column_description_reference = '1',
K_GSDC_822,Data Explorer: Dữ liệu tài chính doanh nghiệp,Nhóm 19 — DN thông thường — Bảng cân đối kế toán,"3. Thiết bị, vật tư, phụ tùng thay thế dài hạn",Base,GSDC,Fact Public Company Financial Report Value,Report Year,FILTER,fct_public_company_financial_rpt_val.rpt_year = :year AND fct_public_company_financial_rpt_val.rpt_quarter = :quarter,
K_GSDC_823,Data Explorer: Dữ liệu tài chính doanh nghiệp,Nhóm 19 — DN thông thường — Bảng cân đối kế toán,4. Tài sản dài hạn khác,Base,GSDC,Fact Public Company Financial Report Value,Data Value,MEASURE,fct_public_company_financial_rpt_val.data_val,
K_GSDC_823,Data Explorer: Dữ liệu tài chính doanh nghiệp,Nhóm 19 — DN thông thường — Bảng cân đối kế toán,4. Tài sản dài hạn khác,Base,GSDC,Financial Report Catalog Dimension,Row Description Reference,FILTER,JOIN financial_rpt_catalog_dim ON financial_rpt_catalog_dim.financial_rpt_catalog_dim_id = fct_public_company_financial_rpt_val.financial_rpt_catalog_dim_id WHERE financial_rpt_catalog_dim.financial_rpt_catalog_code LIKE 'BCDKT%' AND financial_rpt_catalog_dim.enterprise_tp_code = 'dn' AND financial_rpt_catalog_dim.row_description_reference = '268' AND financial_rpt_catalog_dim.column_description_reference = '1',
K_GSDC_823,Data Explorer: Dữ liệu tài chính doanh nghiệp,Nhóm 19 — DN thông thường — Bảng cân đối kế toán,4. Tài sản dài hạn khác,Base,GSDC,Fact Public Company Financial Report Value,Report Year,FILTER,fct_public_company_financial_rpt_val.rpt_year = :year AND fct_public_company_financial_rpt_val.rpt_quarter = :quarter,
K_GSDC_824,Data Explorer: Dữ liệu tài chính doanh nghiệp,Nhóm 19 — DN thông thường — Bảng cân đối kế toán,5. Lợi thế thương mại,Base,GSDC,Fact Public Company Financial Report Value,Data Value,MEASURE,fct_public_company_financial_rpt_val.data_val,
K_GSDC_824,Data Explorer: Dữ liệu tài chính doanh nghiệp,Nhóm 19 — DN thông thường — Bảng cân đối kế toán,5. Lợi thế thương mại,Base,GSDC,Financial Report Catalog Dimension,Row Description Reference,FILTER,JOIN financial_rpt_catalog_dim ON financial_rpt_catalog_dim.financial_rpt_catalog_dim_id = fct_public_company_financial_rpt_val.financial_rpt_catalog_dim_id WHERE financial_rpt_catalog_dim.financial_rpt_catalog_code LIKE 'BCDKT%' AND financial_rpt_catalog_dim.enterprise_tp_code = 'dn' AND financial_rpt_catalog_dim.row_description_reference = '269' AND financial_rpt_catalog_dim.column_description_reference = '1',
K_GSDC_824,Data Explorer: Dữ liệu tài chính doanh nghiệp,Nhóm 19 — DN thông thường — Bảng cân đối kế toán,5. Lợi thế thương mại,Base,GSDC,Fact Public Company Financial Report Value,Report Year,FILTER,fct_public_company_financial_rpt_val.rpt_year = :year AND fct_public_company_financial_rpt_val.rpt_quarter = :quarter,
K_GSDC_825,Data Explorer: Dữ liệu tài chính doanh nghiệp,Nhóm 19 — DN thông thường — Bảng cân đối kế toán,Tổng cộng tài sản,Base,GSDC,Fact Public Company Financial Report Value,Data Value,MEASURE,fct_public_company_financial_rpt_val.data_val,
K_GSDC_825,Data Explorer: Dữ liệu tài chính doanh nghiệp,Nhóm 19 — DN thông thường — Bảng cân đối kế toán,Tổng cộng tài sản,Base,GSDC,Financial Report Catalog Dimension,Row Description Reference,FILTER,JOIN financial_rpt_catalog_dim ON financial_rpt_catalog_dim.financial_rpt_catalog_dim_id = fct_public_company_financial_rpt_val.financial_rpt_catalog_dim_id WHERE financial_rpt_catalog_dim.financial_rpt_catalog_code LIKE 'BCDKT%' AND financial_rpt_catalog_dim.enterprise_tp_code = 'dn' AND financial_rpt_catalog_dim.row_description_reference = '270' AND financial_rpt_catalog_dim.column_description_reference = '1',
K_GSDC_825,Data Explorer: Dữ liệu tài chính doanh nghiệp,Nhóm 19 — DN thông thường — Bảng cân đối kế toán,Tổng cộng tài sản,Base,GSDC,Fact Public Company Financial Report Value,Report Year,FILTER,fct_public_company_financial_rpt_val.rpt_year = :year AND fct_public_company_financial_rpt_val.rpt_quarter = :quarter,
K_GSDC_826,Data Explorer: Dữ liệu tài chính doanh nghiệp,Nhóm 19 — DN thông thường — Bảng cân đối kế toán,C – Nợ phải trả,Base,GSDC,Fact Public Company Financial Report Value,Data Value,MEASURE,fct_public_company_financial_rpt_val.data_val,
K_GSDC_826,Data Explorer: Dữ liệu tài chính doanh nghiệp,Nhóm 19 — DN thông thường — Bảng cân đối kế toán,C – Nợ phải trả,Base,GSDC,Financial Report Catalog Dimension,Row Description Reference,FILTER,JOIN financial_rpt_catalog_dim ON financial_rpt_catalog_dim.financial_rpt_catalog_dim_id = fct_public_company_financial_rpt_val.financial_rpt_catalog_dim_id WHERE financial_rpt_catalog_dim.financial_rpt_catalog_code LIKE 'BCDKT%' AND financial_rpt_catalog_dim.enterprise_tp_code = 'dn' AND financial_rpt_catalog_dim.row_description_reference = '300' AND financial_rpt_catalog_dim.column_description_reference = '1',
K_GSDC_826,Data Explorer: Dữ liệu tài chính doanh nghiệp,Nhóm 19 — DN thông thường — Bảng cân đối kế toán,C – Nợ phải trả,Base,GSDC,Fact Public Company Financial Report Value,Report Year,FILTER,fct_public_company_financial_rpt_val.rpt_year = :year AND fct_public_company_financial_rpt_val.rpt_quarter = :quarter,
K_GSDC_827,Data Explorer: Dữ liệu tài chính doanh nghiệp,Nhóm 19 — DN thông thường — Bảng cân đối kế toán,I – Nợ ngắn hạn,Base,GSDC,Fact Public Company Financial Report Value,Data Value,MEASURE,fct_public_company_financial_rpt_val.data_val,
K_GSDC_827,Data Explorer: Dữ liệu tài chính doanh nghiệp,Nhóm 19 — DN thông thường — Bảng cân đối kế toán,I – Nợ ngắn hạn,Base,GSDC,Financial Report Catalog Dimension,Row Description Reference,FILTER,JOIN financial_rpt_catalog_dim ON financial_rpt_catalog_dim.financial_rpt_catalog_dim_id = fct_public_company_financial_rpt_val.financial_rpt_catalog_dim_id WHERE financial_rpt_catalog_dim.financial_rpt_catalog_code LIKE 'BCDKT%' AND financial_rpt_catalog_dim.enterprise_tp_code = 'dn' AND financial_rpt_catalog_dim.row_description_reference = '310' AND financial_rpt_catalog_dim.column_description_reference = '1',
K_GSDC_827,Data Explorer: Dữ liệu tài chính doanh nghiệp,Nhóm 19 — DN thông thường — Bảng cân đối kế toán,I – Nợ ngắn hạn,Base,GSDC,Fact Public Company Financial Report Value,Report Year,FILTER,fct_public_company_financial_rpt_val.rpt_year = :year AND fct_public_company_financial_rpt_val.rpt_quarter = :quarter,
K_GSDC_828,Data Explorer: Dữ liệu tài chính doanh nghiệp,Nhóm 19 — DN thông thường — Bảng cân đối kế toán,1. Phải trả người bán ngắn hạn,Base,GSDC,Fact Public Company Financial Report Value,Data Value,MEASURE,fct_public_company_financial_rpt_val.data_val,
K_GSDC_828,Data Explorer: Dữ liệu tài chính doanh nghiệp,Nhóm 19 — DN thông thường — Bảng cân đối kế toán,1. Phải trả người bán ngắn hạn,Base,GSDC,Financial Report Catalog Dimension,Row Description Reference,FILTER,JOIN financial_rpt_catalog_dim ON financial_rpt_catalog_dim.financial_rpt_catalog_dim_id = fct_public_company_financial_rpt_val.financial_rpt_catalog_dim_id WHERE financial_rpt_catalog_dim.financial_rpt_catalog_code LIKE 'BCDKT%' AND financial_rpt_catalog_dim.enterprise_tp_code = 'dn' AND financial_rpt_catalog_dim.row_description_reference = '311' AND financial_rpt_catalog_dim.column_description_reference = '1',
K_GSDC_828,Data Explorer: Dữ liệu tài chính doanh nghiệp,Nhóm 19 — DN thông thường — Bảng cân đối kế toán,1. Phải trả người bán ngắn hạn,Base,GSDC,Fact Public Company Financial Report Value,Report Year,FILTER,fct_public_company_financial_rpt_val.rpt_year = :year AND fct_public_company_financial_rpt_val.rpt_quarter = :quarter,
K_GSDC_829,Data Explorer: Dữ liệu tài chính doanh nghiệp,Nhóm 19 — DN thông thường — Bảng cân đối kế toán,2. Người mua trả tiền trước ngắn hạn,Base,GSDC,Fact Public Company Financial Report Value,Data Value,MEASURE,fct_public_company_financial_rpt_val.data_val,
K_GSDC_829,Data Explorer: Dữ liệu tài chính doanh nghiệp,Nhóm 19 — DN thông thường — Bảng cân đối kế toán,2. Người mua trả tiền trước ngắn hạn,Base,GSDC,Financial Report Catalog Dimension,Row Description Reference,FILTER,JOIN financial_rpt_catalog_dim ON financial_rpt_catalog_dim.financial_rpt_catalog_dim_id = fct_public_company_financial_rpt_val.financial_rpt_catalog_dim_id WHERE financial_rpt_catalog_dim.financial_rpt_catalog_code LIKE 'BCDKT%' AND financial_rpt_catalog_dim.enterprise_tp_code = 'dn' AND financial_rpt_catalog_dim.row_description_reference = '312' AND financial_rpt_catalog_dim.column_description_reference = '1',
K_GSDC_829,Data Explorer: Dữ liệu tài chính doanh nghiệp,Nhóm 19 — DN thông thường — Bảng cân đối kế toán,2. Người mua trả tiền trước ngắn hạn,Base,GSDC,Fact Public Company Financial Report Value,Report Year,FILTER,fct_public_company_financial_rpt_val.rpt_year = :year AND fct_public_company_financial_rpt_val.rpt_quarter = :quarter,
K_GSDC_830,Data Explorer: Dữ liệu tài chính doanh nghiệp,Nhóm 19 — DN thông thường — Bảng cân đối kế toán,3. Thuế và các khoản phải nộp Nhà nước,Base,GSDC,Fact Public Company Financial Report Value,Data Value,MEASURE,fct_public_company_financial_rpt_val.data_val,
K_GSDC_830,Data Explorer: Dữ liệu tài chính doanh nghiệp,Nhóm 19 — DN thông thường — Bảng cân đối kế toán,3. Thuế và các khoản phải nộp Nhà nước,Base,GSDC,Financial Report Catalog Dimension,Row Description Reference,FILTER,JOIN financial_rpt_catalog_dim ON financial_rpt_catalog_dim.financial_rpt_catalog_dim_id = fct_public_company_financial_rpt_val.financial_rpt_catalog_dim_id WHERE financial_rpt_catalog_dim.financial_rpt_catalog_code LIKE 'BCDKT%' AND financial_rpt_catalog_dim.enterprise_tp_code = 'dn' AND financial_rpt_catalog_dim.row_description_reference = '313' AND financial_rpt_catalog_dim.column_description_reference = '1',
K_GSDC_830,Data Explorer: Dữ liệu tài chính doanh nghiệp,Nhóm 19 — DN thông thường — Bảng cân đối kế toán,3. Thuế và các khoản phải nộp Nhà nước,Base,GSDC,Fact Public Company Financial Report Value,Report Year,FILTER,fct_public_company_financial_rpt_val.rpt_year = :year AND fct_public_company_financial_rpt_val.rpt_quarter = :quarter,
K_GSDC_831,Data Explorer: Dữ liệu tài chính doanh nghiệp,Nhóm 19 — DN thông thường — Bảng cân đối kế toán,4. Phải trả người lao động,Base,GSDC,Fact Public Company Financial Report Value,Data Value,MEASURE,fct_public_company_financial_rpt_val.data_val,
K_GSDC_831,Data Explorer: Dữ liệu tài chính doanh nghiệp,Nhóm 19 — DN thông thường — Bảng cân đối kế toán,4. Phải trả người lao động,Base,GSDC,Financial Report Catalog Dimension,Row Description Reference,FILTER,JOIN financial_rpt_catalog_dim ON financial_rpt_catalog_dim.financial_rpt_catalog_dim_id = fct_public_company_financial_rpt_val.financial_rpt_catalog_dim_id WHERE financial_rpt_catalog_dim.financial_rpt_catalog_code LIKE 'BCDKT%' AND financial_rpt_catalog_dim.enterprise_tp_code = 'dn' AND financial_rpt_catalog_dim.row_description_reference = '314' AND financial_rpt_catalog_dim.column_description_reference = '1',
K_GSDC_831,Data Explorer: Dữ liệu tài chính doanh nghiệp,Nhóm 19 — DN thông thường — Bảng cân đối kế toán,4. Phải trả người lao động,Base,GSDC,Fact Public Company Financial Report Value,Report Year,FILTER,fct_public_company_financial_rpt_val.rpt_year = :year AND fct_public_company_financial_rpt_val.rpt_quarter = :quarter,
K_GSDC_832,Data Explorer: Dữ liệu tài chính doanh nghiệp,Nhóm 19 — DN thông thường — Bảng cân đối kế toán,5. Chi phí phải trả ngắn hạn,Base,GSDC,Fact Public Company Financial Report Value,Data Value,MEASURE,fct_public_company_financial_rpt_val.data_val,
K_GSDC_832,Data Explorer: Dữ liệu tài chính doanh nghiệp,Nhóm 19 — DN thông thường — Bảng cân đối kế toán,5. Chi phí phải trả ngắn hạn,Base,GSDC,Financial Report Catalog Dimension,Row Description Reference,FILTER,JOIN financial_rpt_catalog_dim ON financial_rpt_catalog_dim.financial_rpt_catalog_dim_id = fct_public_company_financial_rpt_val.financial_rpt_catalog_dim_id WHERE financial_rpt_catalog_dim.financial_rpt_catalog_code LIKE 'BCDKT%' AND financial_rpt_catalog_dim.enterprise_tp_code = 'dn' AND financial_rpt_catalog_dim.row_description_reference = '315' AND financial_rpt_catalog_dim.column_description_reference = '1',
K_GSDC_832,Data Explorer: Dữ liệu tài chính doanh nghiệp,Nhóm 19 — DN thông thường — Bảng cân đối kế toán,5. Chi phí phải trả ngắn hạn,Base,GSDC,Fact Public Company Financial Report Value,Report Year,FILTER,fct_public_company_financial_rpt_val.rpt_year = :year AND fct_public_company_financial_rpt_val.rpt_quarter = :quarter,
K_GSDC_833,Data Explorer: Dữ liệu tài chính doanh nghiệp,Nhóm 19 — DN thông thường — Bảng cân đối kế toán,6. Phải trả nội bộ ngắn hạn,Base,GSDC,Fact Public Company Financial Report Value,Data Value,MEASURE,fct_public_company_financial_rpt_val.data_val,
K_GSDC_833,Data Explorer: Dữ liệu tài chính doanh nghiệp,Nhóm 19 — DN thông thường — Bảng cân đối kế toán,6. Phải trả nội bộ ngắn hạn,Base,GSDC,Financial Report Catalog Dimension,Row Description Reference,FILTER,JOIN financial_rpt_catalog_dim ON financial_rpt_catalog_dim.financial_rpt_catalog_dim_id = fct_public_company_financial_rpt_val.financial_rpt_catalog_dim_id WHERE financial_rpt_catalog_dim.financial_rpt_catalog_code LIKE 'BCDKT%' AND financial_rpt_catalog_dim.enterprise_tp_code = 'dn' AND financial_rpt_catalog_dim.row_description_reference = '316' AND financial_rpt_catalog_dim.column_description_reference = '1',
K_GSDC_833,Data Explorer: Dữ liệu tài chính doanh nghiệp,Nhóm 19 — DN thông thường — Bảng cân đối kế toán,6. Phải trả nội bộ ngắn hạn,Base,GSDC,Fact Public Company Financial Report Value,Report Year,FILTER,fct_public_company_financial_rpt_val.rpt_year = :year AND fct_public_company_financial_rpt_val.rpt_quarter = :quarter,
K_GSDC_834,Data Explorer: Dữ liệu tài chính doanh nghiệp,Nhóm 19 — DN thông thường — Bảng cân đối kế toán,7. Phải trả theo tiến độ HĐXD,Base,GSDC,Fact Public Company Financial Report Value,Data Value,MEASURE,fct_public_company_financial_rpt_val.data_val,
K_GSDC_834,Data Explorer: Dữ liệu tài chính doanh nghiệp,Nhóm 19 — DN thông thường — Bảng cân đối kế toán,7. Phải trả theo tiến độ HĐXD,Base,GSDC,Financial Report Catalog Dimension,Row Description Reference,FILTER,JOIN financial_rpt_catalog_dim ON financial_rpt_catalog_dim.financial_rpt_catalog_dim_id = fct_public_company_financial_rpt_val.financial_rpt_catalog_dim_id WHERE financial_rpt_catalog_dim.financial_rpt_catalog_code LIKE 'BCDKT%' AND financial_rpt_catalog_dim.enterprise_tp_code = 'dn' AND financial_rpt_catalog_dim.row_description_reference = '317' AND financial_rpt_catalog_dim.column_description_reference = '1',
K_GSDC_834,Data Explorer: Dữ liệu tài chính doanh nghiệp,Nhóm 19 — DN thông thường — Bảng cân đối kế toán,7. Phải trả theo tiến độ HĐXD,Base,GSDC,Fact Public Company Financial Report Value,Report Year,FILTER,fct_public_company_financial_rpt_val.rpt_year = :year AND fct_public_company_financial_rpt_val.rpt_quarter = :quarter,
K_GSDC_835,Data Explorer: Dữ liệu tài chính doanh nghiệp,Nhóm 19 — DN thông thường — Bảng cân đối kế toán,8. Doanh thu chưa thực hiện ngắn hạn,Base,GSDC,Fact Public Company Financial Report Value,Data Value,MEASURE,fct_public_company_financial_rpt_val.data_val,
K_GSDC_835,Data Explorer: Dữ liệu tài chính doanh nghiệp,Nhóm 19 — DN thông thường — Bảng cân đối kế toán,8. Doanh thu chưa thực hiện ngắn hạn,Base,GSDC,Financial Report Catalog Dimension,Row Description Reference,FILTER,JOIN financial_rpt_catalog_dim ON financial_rpt_catalog_dim.financial_rpt_catalog_dim_id = fct_public_company_financial_rpt_val.financial_rpt_catalog_dim_id WHERE financial_rpt_catalog_dim.financial_rpt_catalog_code LIKE 'BCDKT%' AND financial_rpt_catalog_dim.enterprise_tp_code = 'dn' AND financial_rpt_catalog_dim.row_description_reference = '318' AND financial_rpt_catalog_dim.column_description_reference = '1',
K_GSDC_835,Data Explorer: Dữ liệu tài chính doanh nghiệp,Nhóm 19 — DN thông thường — Bảng cân đối kế toán,8. Doanh thu chưa thực hiện ngắn hạn,Base,GSDC,Fact Public Company Financial Report Value,Report Year,FILTER,fct_public_company_financial_rpt_val.rpt_year = :year AND fct_public_company_financial_rpt_val.rpt_quarter = :quarter,
K_GSDC_836,Data Explorer: Dữ liệu tài chính doanh nghiệp,Nhóm 19 — DN thông thường — Bảng cân đối kế toán,9. Phải trả ngắn hạn khác,Base,GSDC,Fact Public Company Financial Report Value,Data Value,MEASURE,fct_public_company_financial_rpt_val.data_val,
K_GSDC_836,Data Explorer: Dữ liệu tài chính doanh nghiệp,Nhóm 19 — DN thông thường — Bảng cân đối kế toán,9. Phải trả ngắn hạn khác,Base,GSDC,Financial Report Catalog Dimension,Row Description Reference,FILTER,JOIN financial_rpt_catalog_dim ON financial_rpt_catalog_dim.financial_rpt_catalog_dim_id = fct_public_company_financial_rpt_val.financial_rpt_catalog_dim_id WHERE financial_rpt_catalog_dim.financial_rpt_catalog_code LIKE 'BCDKT%' AND financial_rpt_catalog_dim.enterprise_tp_code = 'dn' AND financial_rpt_catalog_dim.row_description_reference = '319' AND financial_rpt_catalog_dim.column_description_reference = '1',
K_GSDC_836,Data Explorer: Dữ liệu tài chính doanh nghiệp,Nhóm 19 — DN thông thường — Bảng cân đối kế toán,9. Phải trả ngắn hạn khác,Base,GSDC,Fact Public Company Financial Report Value,Report Year,FILTER,fct_public_company_financial_rpt_val.rpt_year = :year AND fct_public_company_financial_rpt_val.rpt_quarter = :quarter,
K_GSDC_837,Data Explorer: Dữ liệu tài chính doanh nghiệp,Nhóm 19 — DN thông thường — Bảng cân đối kế toán,10. Vay và nợ thuê tài chính ngắn hạn,Base,GSDC,Fact Public Company Financial Report Value,Data Value,MEASURE,fct_public_company_financial_rpt_val.data_val,
K_GSDC_837,Data Explorer: Dữ liệu tài chính doanh nghiệp,Nhóm 19 — DN thông thường — Bảng cân đối kế toán,10. Vay và nợ thuê tài chính ngắn hạn,Base,GSDC,Financial Report Catalog Dimension,Row Description Reference,FILTER,JOIN financial_rpt_catalog_dim ON financial_rpt_catalog_dim.financial_rpt_catalog_dim_id = fct_public_company_financial_rpt_val.financial_rpt_catalog_dim_id WHERE financial_rpt_catalog_dim.financial_rpt_catalog_code LIKE 'BCDKT%' AND financial_rpt_catalog_dim.enterprise_tp_code = 'dn' AND financial_rpt_catalog_dim.row_description_reference = '320' AND financial_rpt_catalog_dim.column_description_reference = '1',
K_GSDC_837,Data Explorer: Dữ liệu tài chính doanh nghiệp,Nhóm 19 — DN thông thường — Bảng cân đối kế toán,10. Vay và nợ thuê tài chính ngắn hạn,Base,GSDC,Fact Public Company Financial Report Value,Report Year,FILTER,fct_public_company_financial_rpt_val.rpt_year = :year AND fct_public_company_financial_rpt_val.rpt_quarter = :quarter,
K_GSDC_838,Data Explorer: Dữ liệu tài chính doanh nghiệp,Nhóm 19 — DN thông thường — Bảng cân đối kế toán,11. Dự phòng phải trả ngắn hạn,Base,GSDC,Fact Public Company Financial Report Value,Data Value,MEASURE,fct_public_company_financial_rpt_val.data_val,
K_GSDC_838,Data Explorer: Dữ liệu tài chính doanh nghiệp,Nhóm 19 — DN thông thường — Bảng cân đối kế toán,11. Dự phòng phải trả ngắn hạn,Base,GSDC,Financial Report Catalog Dimension,Row Description Reference,FILTER,JOIN financial_rpt_catalog_dim ON financial_rpt_catalog_dim.financial_rpt_catalog_dim_id = fct_public_company_financial_rpt_val.financial_rpt_catalog_dim_id WHERE financial_rpt_catalog_dim.financial_rpt_catalog_code LIKE 'BCDKT%' AND financial_rpt_catalog_dim.enterprise_tp_code = 'dn' AND financial_rpt_catalog_dim.row_description_reference = '321' AND financial_rpt_catalog_dim.column_description_reference = '1',
K_GSDC_838,Data Explorer: Dữ liệu tài chính doanh nghiệp,Nhóm 19 — DN thông thường — Bảng cân đối kế toán,11. Dự phòng phải trả ngắn hạn,Base,GSDC,Fact Public Company Financial Report Value,Report Year,FILTER,fct_public_company_financial_rpt_val.rpt_year = :year AND fct_public_company_financial_rpt_val.rpt_quarter = :quarter,
K_GSDC_839,Data Explorer: Dữ liệu tài chính doanh nghiệp,Nhóm 19 — DN thông thường — Bảng cân đối kế toán,"12. Quỹ khen thưởng, phúc lợi",Base,GSDC,Fact Public Company Financial Report Value,Data Value,MEASURE,fct_public_company_financial_rpt_val.data_val,
K_GSDC_839,Data Explorer: Dữ liệu tài chính doanh nghiệp,Nhóm 19 — DN thông thường — Bảng cân đối kế toán,"12. Quỹ khen thưởng, phúc lợi",Base,GSDC,Financial Report Catalog Dimension,Row Description Reference,FILTER,JOIN financial_rpt_catalog_dim ON financial_rpt_catalog_dim.financial_rpt_catalog_dim_id = fct_public_company_financial_rpt_val.financial_rpt_catalog_dim_id WHERE financial_rpt_catalog_dim.financial_rpt_catalog_code LIKE 'BCDKT%' AND financial_rpt_catalog_dim.enterprise_tp_code = 'dn' AND financial_rpt_catalog_dim.row_description_reference = '322' AND financial_rpt_catalog_dim.column_description_reference = '1',
K_GSDC_839,Data Explorer: Dữ liệu tài chính doanh nghiệp,Nhóm 19 — DN thông thường — Bảng cân đối kế toán,"12. Quỹ khen thưởng, phúc lợi",Base,GSDC,Fact Public Company Financial Report Value,Report Year,FILTER,fct_public_company_financial_rpt_val.rpt_year = :year AND fct_public_company_financial_rpt_val.rpt_quarter = :quarter,
K_GSDC_840,Data Explorer: Dữ liệu tài chính doanh nghiệp,Nhóm 19 — DN thông thường — Bảng cân đối kế toán,13. Quỹ bình ổn giá,Base,GSDC,Fact Public Company Financial Report Value,Data Value,MEASURE,fct_public_company_financial_rpt_val.data_val,
K_GSDC_840,Data Explorer: Dữ liệu tài chính doanh nghiệp,Nhóm 19 — DN thông thường — Bảng cân đối kế toán,13. Quỹ bình ổn giá,Base,GSDC,Financial Report Catalog Dimension,Row Description Reference,FILTER,JOIN financial_rpt_catalog_dim ON financial_rpt_catalog_dim.financial_rpt_catalog_dim_id = fct_public_company_financial_rpt_val.financial_rpt_catalog_dim_id WHERE financial_rpt_catalog_dim.financial_rpt_catalog_code LIKE 'BCDKT%' AND financial_rpt_catalog_dim.enterprise_tp_code = 'dn' AND financial_rpt_catalog_dim.row_description_reference = '323' AND financial_rpt_catalog_dim.column_description_reference = '1',
K_GSDC_840,Data Explorer: Dữ liệu tài chính doanh nghiệp,Nhóm 19 — DN thông thường — Bảng cân đối kế toán,13. Quỹ bình ổn giá,Base,GSDC,Fact Public Company Financial Report Value,Report Year,FILTER,fct_public_company_financial_rpt_val.rpt_year = :year AND fct_public_company_financial_rpt_val.rpt_quarter = :quarter,
K_GSDC_841,Data Explorer: Dữ liệu tài chính doanh nghiệp,Nhóm 19 — DN thông thường — Bảng cân đối kế toán,14. Giao dịch mua bán lại trái phiếu CP,Base,GSDC,Fact Public Company Financial Report Value,Data Value,MEASURE,fct_public_company_financial_rpt_val.data_val,
K_GSDC_841,Data Explorer: Dữ liệu tài chính doanh nghiệp,Nhóm 19 — DN thông thường — Bảng cân đối kế toán,14. Giao dịch mua bán lại trái phiếu CP,Base,GSDC,Financial Report Catalog Dimension,Row Description Reference,FILTER,JOIN financial_rpt_catalog_dim ON financial_rpt_catalog_dim.financial_rpt_catalog_dim_id = fct_public_company_financial_rpt_val.financial_rpt_catalog_dim_id WHERE financial_rpt_catalog_dim.financial_rpt_catalog_code LIKE 'BCDKT%' AND financial_rpt_catalog_dim.enterprise_tp_code = 'dn' AND financial_rpt_catalog_dim.row_description_reference = '324' AND financial_rpt_catalog_dim.column_description_reference = '1',
K_GSDC_841,Data Explorer: Dữ liệu tài chính doanh nghiệp,Nhóm 19 — DN thông thường — Bảng cân đối kế toán,14. Giao dịch mua bán lại trái phiếu CP,Base,GSDC,Fact Public Company Financial Report Value,Report Year,FILTER,fct_public_company_financial_rpt_val.rpt_year = :year AND fct_public_company_financial_rpt_val.rpt_quarter = :quarter,
K_GSDC_842,Data Explorer: Dữ liệu tài chính doanh nghiệp,Nhóm 19 — DN thông thường — Bảng cân đối kế toán,II – Nợ dài hạn,Base,GSDC,Fact Public Company Financial Report Value,Data Value,MEASURE,fct_public_company_financial_rpt_val.data_val,
K_GSDC_842,Data Explorer: Dữ liệu tài chính doanh nghiệp,Nhóm 19 — DN thông thường — Bảng cân đối kế toán,II – Nợ dài hạn,Base,GSDC,Financial Report Catalog Dimension,Row Description Reference,FILTER,JOIN financial_rpt_catalog_dim ON financial_rpt_catalog_dim.financial_rpt_catalog_dim_id = fct_public_company_financial_rpt_val.financial_rpt_catalog_dim_id WHERE financial_rpt_catalog_dim.financial_rpt_catalog_code LIKE 'BCDKT%' AND financial_rpt_catalog_dim.enterprise_tp_code = 'dn' AND financial_rpt_catalog_dim.row_description_reference = '330' AND financial_rpt_catalog_dim.column_description_reference = '1',
K_GSDC_842,Data Explorer: Dữ liệu tài chính doanh nghiệp,Nhóm 19 — DN thông thường — Bảng cân đối kế toán,II – Nợ dài hạn,Base,GSDC,Fact Public Company Financial Report Value,Report Year,FILTER,fct_public_company_financial_rpt_val.rpt_year = :year AND fct_public_company_financial_rpt_val.rpt_quarter = :quarter,
K_GSDC_843,Data Explorer: Dữ liệu tài chính doanh nghiệp,Nhóm 19 — DN thông thường — Bảng cân đối kế toán,1. Phải trả người bán dài hạn,Base,GSDC,Fact Public Company Financial Report Value,Data Value,MEASURE,fct_public_company_financial_rpt_val.data_val,
K_GSDC_843,Data Explorer: Dữ liệu tài chính doanh nghiệp,Nhóm 19 — DN thông thường — Bảng cân đối kế toán,1. Phải trả người bán dài hạn,Base,GSDC,Financial Report Catalog Dimension,Row Description Reference,FILTER,JOIN financial_rpt_catalog_dim ON financial_rpt_catalog_dim.financial_rpt_catalog_dim_id = fct_public_company_financial_rpt_val.financial_rpt_catalog_dim_id WHERE financial_rpt_catalog_dim.financial_rpt_catalog_code LIKE 'BCDKT%' AND financial_rpt_catalog_dim.enterprise_tp_code = 'dn' AND financial_rpt_catalog_dim.row_description_reference = '331' AND financial_rpt_catalog_dim.column_description_reference = '1',
K_GSDC_843,Data Explorer: Dữ liệu tài chính doanh nghiệp,Nhóm 19 — DN thông thường — Bảng cân đối kế toán,1. Phải trả người bán dài hạn,Base,GSDC,Fact Public Company Financial Report Value,Report Year,FILTER,fct_public_company_financial_rpt_val.rpt_year = :year AND fct_public_company_financial_rpt_val.rpt_quarter = :quarter,
K_GSDC_844,Data Explorer: Dữ liệu tài chính doanh nghiệp,Nhóm 19 — DN thông thường — Bảng cân đối kế toán,2. Người mua trả tiền trước dài hạn,Base,GSDC,Fact Public Company Financial Report Value,Data Value,MEASURE,fct_public_company_financial_rpt_val.data_val,
K_GSDC_844,Data Explorer: Dữ liệu tài chính doanh nghiệp,Nhóm 19 — DN thông thường — Bảng cân đối kế toán,2. Người mua trả tiền trước dài hạn,Base,GSDC,Financial Report Catalog Dimension,Row Description Reference,FILTER,JOIN financial_rpt_catalog_dim ON financial_rpt_catalog_dim.financial_rpt_catalog_dim_id = fct_public_company_financial_rpt_val.financial_rpt_catalog_dim_id WHERE financial_rpt_catalog_dim.financial_rpt_catalog_code LIKE 'BCDKT%' AND financial_rpt_catalog_dim.enterprise_tp_code = 'dn' AND financial_rpt_catalog_dim.row_description_reference = '332' AND financial_rpt_catalog_dim.column_description_reference = '1',
K_GSDC_844,Data Explorer: Dữ liệu tài chính doanh nghiệp,Nhóm 19 — DN thông thường — Bảng cân đối kế toán,2. Người mua trả tiền trước dài hạn,Base,GSDC,Fact Public Company Financial Report Value,Report Year,FILTER,fct_public_company_financial_rpt_val.rpt_year = :year AND fct_public_company_financial_rpt_val.rpt_quarter = :quarter,
K_GSDC_845,Data Explorer: Dữ liệu tài chính doanh nghiệp,Nhóm 19 — DN thông thường — Bảng cân đối kế toán,3. Chi phí phải trả dài hạn,Base,GSDC,Fact Public Company Financial Report Value,Data Value,MEASURE,fct_public_company_financial_rpt_val.data_val,
K_GSDC_845,Data Explorer: Dữ liệu tài chính doanh nghiệp,Nhóm 19 — DN thông thường — Bảng cân đối kế toán,3. Chi phí phải trả dài hạn,Base,GSDC,Financial Report Catalog Dimension,Row Description Reference,FILTER,JOIN financial_rpt_catalog_dim ON financial_rpt_catalog_dim.financial_rpt_catalog_dim_id = fct_public_company_financial_rpt_val.financial_rpt_catalog_dim_id WHERE financial_rpt_catalog_dim.financial_rpt_catalog_code LIKE 'BCDKT%' AND financial_rpt_catalog_dim.enterprise_tp_code = 'dn' AND financial_rpt_catalog_dim.row_description_reference = '333' AND financial_rpt_catalog_dim.column_description_reference = '1',
K_GSDC_845,Data Explorer: Dữ liệu tài chính doanh nghiệp,Nhóm 19 — DN thông thường — Bảng cân đối kế toán,3. Chi phí phải trả dài hạn,Base,GSDC,Fact Public Company Financial Report Value,Report Year,FILTER,fct_public_company_financial_rpt_val.rpt_year = :year AND fct_public_company_financial_rpt_val.rpt_quarter = :quarter,
K_GSDC_846,Data Explorer: Dữ liệu tài chính doanh nghiệp,Nhóm 19 — DN thông thường — Bảng cân đối kế toán,4. Phải trả nội bộ về vốn kinh doanh,Base,GSDC,Fact Public Company Financial Report Value,Data Value,MEASURE,fct_public_company_financial_rpt_val.data_val,
K_GSDC_846,Data Explorer: Dữ liệu tài chính doanh nghiệp,Nhóm 19 — DN thông thường — Bảng cân đối kế toán,4. Phải trả nội bộ về vốn kinh doanh,Base,GSDC,Financial Report Catalog Dimension,Row Description Reference,FILTER,JOIN financial_rpt_catalog_dim ON financial_rpt_catalog_dim.financial_rpt_catalog_dim_id = fct_public_company_financial_rpt_val.financial_rpt_catalog_dim_id WHERE financial_rpt_catalog_dim.financial_rpt_catalog_code LIKE 'BCDKT%' AND financial_rpt_catalog_dim.enterprise_tp_code = 'dn' AND financial_rpt_catalog_dim.row_description_reference = '334' AND financial_rpt_catalog_dim.column_description_reference = '1',
K_GSDC_846,Data Explorer: Dữ liệu tài chính doanh nghiệp,Nhóm 19 — DN thông thường — Bảng cân đối kế toán,4. Phải trả nội bộ về vốn kinh doanh,Base,GSDC,Fact Public Company Financial Report Value,Report Year,FILTER,fct_public_company_financial_rpt_val.rpt_year = :year AND fct_public_company_financial_rpt_val.rpt_quarter = :quarter,
K_GSDC_847,Data Explorer: Dữ liệu tài chính doanh nghiệp,Nhóm 19 — DN thông thường — Bảng cân đối kế toán,5. Phải trả nội bộ dài hạn,Base,GSDC,Fact Public Company Financial Report Value,Data Value,MEASURE,fct_public_company_financial_rpt_val.data_val,
K_GSDC_847,Data Explorer: Dữ liệu tài chính doanh nghiệp,Nhóm 19 — DN thông thường — Bảng cân đối kế toán,5. Phải trả nội bộ dài hạn,Base,GSDC,Financial Report Catalog Dimension,Row Description Reference,FILTER,JOIN financial_rpt_catalog_dim ON financial_rpt_catalog_dim.financial_rpt_catalog_dim_id = fct_public_company_financial_rpt_val.financial_rpt_catalog_dim_id WHERE financial_rpt_catalog_dim.financial_rpt_catalog_code LIKE 'BCDKT%' AND financial_rpt_catalog_dim.enterprise_tp_code = 'dn' AND financial_rpt_catalog_dim.row_description_reference = '335' AND financial_rpt_catalog_dim.column_description_reference = '1',
K_GSDC_847,Data Explorer: Dữ liệu tài chính doanh nghiệp,Nhóm 19 — DN thông thường — Bảng cân đối kế toán,5. Phải trả nội bộ dài hạn,Base,GSDC,Fact Public Company Financial Report Value,Report Year,FILTER,fct_public_company_financial_rpt_val.rpt_year = :year AND fct_public_company_financial_rpt_val.rpt_quarter = :quarter,
K_GSDC_848,Data Explorer: Dữ liệu tài chính doanh nghiệp,Nhóm 19 — DN thông thường — Bảng cân đối kế toán,6. Doanh thu chưa thực hiện dài hạn,Base,GSDC,Fact Public Company Financial Report Value,Data Value,MEASURE,fct_public_company_financial_rpt_val.data_val,
K_GSDC_848,Data Explorer: Dữ liệu tài chính doanh nghiệp,Nhóm 19 — DN thông thường — Bảng cân đối kế toán,6. Doanh thu chưa thực hiện dài hạn,Base,GSDC,Financial Report Catalog Dimension,Row Description Reference,FILTER,JOIN financial_rpt_catalog_dim ON financial_rpt_catalog_dim.financial_rpt_catalog_dim_id = fct_public_company_financial_rpt_val.financial_rpt_catalog_dim_id WHERE financial_rpt_catalog_dim.financial_rpt_catalog_code LIKE 'BCDKT%' AND financial_rpt_catalog_dim.enterprise_tp_code = 'dn' AND financial_rpt_catalog_dim.row_description_reference = '336' AND financial_rpt_catalog_dim.column_description_reference = '1',
K_GSDC_848,Data Explorer: Dữ liệu tài chính doanh nghiệp,Nhóm 19 — DN thông thường — Bảng cân đối kế toán,6. Doanh thu chưa thực hiện dài hạn,Base,GSDC,Fact Public Company Financial Report Value,Report Year,FILTER,fct_public_company_financial_rpt_val.rpt_year = :year AND fct_public_company_financial_rpt_val.rpt_quarter = :quarter,
K_GSDC_849,Data Explorer: Dữ liệu tài chính doanh nghiệp,Nhóm 19 — DN thông thường — Bảng cân đối kế toán,7. Phải trả dài hạn khác,Base,GSDC,Fact Public Company Financial Report Value,Data Value,MEASURE,fct_public_company_financial_rpt_val.data_val,
K_GSDC_849,Data Explorer: Dữ liệu tài chính doanh nghiệp,Nhóm 19 — DN thông thường — Bảng cân đối kế toán,7. Phải trả dài hạn khác,Base,GSDC,Financial Report Catalog Dimension,Row Description Reference,FILTER,JOIN financial_rpt_catalog_dim ON financial_rpt_catalog_dim.financial_rpt_catalog_dim_id = fct_public_company_financial_rpt_val.financial_rpt_catalog_dim_id WHERE financial_rpt_catalog_dim.financial_rpt_catalog_code LIKE 'BCDKT%' AND financial_rpt_catalog_dim.enterprise_tp_code = 'dn' AND financial_rpt_catalog_dim.row_description_reference = '337' AND financial_rpt_catalog_dim.column_description_reference = '1',
K_GSDC_849,Data Explorer: Dữ liệu tài chính doanh nghiệp,Nhóm 19 — DN thông thường — Bảng cân đối kế toán,7. Phải trả dài hạn khác,Base,GSDC,Fact Public Company Financial Report Value,Report Year,FILTER,fct_public_company_financial_rpt_val.rpt_year = :year AND fct_public_company_financial_rpt_val.rpt_quarter = :quarter,
K_GSDC_850,Data Explorer: Dữ liệu tài chính doanh nghiệp,Nhóm 19 — DN thông thường — Bảng cân đối kế toán,8. Vay và nợ thuê tài chính dài hạn,Base,GSDC,Fact Public Company Financial Report Value,Data Value,MEASURE,fct_public_company_financial_rpt_val.data_val,
K_GSDC_850,Data Explorer: Dữ liệu tài chính doanh nghiệp,Nhóm 19 — DN thông thường — Bảng cân đối kế toán,8. Vay và nợ thuê tài chính dài hạn,Base,GSDC,Financial Report Catalog Dimension,Row Description Reference,FILTER,JOIN financial_rpt_catalog_dim ON financial_rpt_catalog_dim.financial_rpt_catalog_dim_id = fct_public_company_financial_rpt_val.financial_rpt_catalog_dim_id WHERE financial_rpt_catalog_dim.financial_rpt_catalog_code LIKE 'BCDKT%' AND financial_rpt_catalog_dim.enterprise_tp_code = 'dn' AND financial_rpt_catalog_dim.row_description_reference = '338' AND financial_rpt_catalog_dim.column_description_reference = '1',
K_GSDC_850,Data Explorer: Dữ liệu tài chính doanh nghiệp,Nhóm 19 — DN thông thường — Bảng cân đối kế toán,8. Vay và nợ thuê tài chính dài hạn,Base,GSDC,Fact Public Company Financial Report Value,Report Year,FILTER,fct_public_company_financial_rpt_val.rpt_year = :year AND fct_public_company_financial_rpt_val.rpt_quarter = :quarter,
K_GSDC_851,Data Explorer: Dữ liệu tài chính doanh nghiệp,Nhóm 19 — DN thông thường — Bảng cân đối kế toán,9. Trái phiếu chuyển đổi,Base,GSDC,Fact Public Company Financial Report Value,Data Value,MEASURE,fct_public_company_financial_rpt_val.data_val,
K_GSDC_851,Data Explorer: Dữ liệu tài chính doanh nghiệp,Nhóm 19 — DN thông thường — Bảng cân đối kế toán,9. Trái phiếu chuyển đổi,Base,GSDC,Financial Report Catalog Dimension,Row Description Reference,FILTER,JOIN financial_rpt_catalog_dim ON financial_rpt_catalog_dim.financial_rpt_catalog_dim_id = fct_public_company_financial_rpt_val.financial_rpt_catalog_dim_id WHERE financial_rpt_catalog_dim.financial_rpt_catalog_code LIKE 'BCDKT%' AND financial_rpt_catalog_dim.enterprise_tp_code = 'dn' AND financial_rpt_catalog_dim.row_description_reference = '339' AND financial_rpt_catalog_dim.column_description_reference = '1',
K_GSDC_851,Data Explorer: Dữ liệu tài chính doanh nghiệp,Nhóm 19 — DN thông thường — Bảng cân đối kế toán,9. Trái phiếu chuyển đổi,Base,GSDC,Fact Public Company Financial Report Value,Report Year,FILTER,fct_public_company_financial_rpt_val.rpt_year = :year AND fct_public_company_financial_rpt_val.rpt_quarter = :quarter,
K_GSDC_852,Data Explorer: Dữ liệu tài chính doanh nghiệp,Nhóm 19 — DN thông thường — Bảng cân đối kế toán,10. Cổ phiếu ưu đãi,Base,GSDC,Fact Public Company Financial Report Value,Data Value,MEASURE,fct_public_company_financial_rpt_val.data_val,
K_GSDC_852,Data Explorer: Dữ liệu tài chính doanh nghiệp,Nhóm 19 — DN thông thường — Bảng cân đối kế toán,10. Cổ phiếu ưu đãi,Base,GSDC,Financial Report Catalog Dimension,Row Description Reference,FILTER,JOIN financial_rpt_catalog_dim ON financial_rpt_catalog_dim.financial_rpt_catalog_dim_id = fct_public_company_financial_rpt_val.financial_rpt_catalog_dim_id WHERE financial_rpt_catalog_dim.financial_rpt_catalog_code LIKE 'BCDKT%' AND financial_rpt_catalog_dim.enterprise_tp_code = 'dn' AND financial_rpt_catalog_dim.row_description_reference = '340' AND financial_rpt_catalog_dim.column_description_reference = '1',
K_GSDC_852,Data Explorer: Dữ liệu tài chính doanh nghiệp,Nhóm 19 — DN thông thường — Bảng cân đối kế toán,10. Cổ phiếu ưu đãi,Base,GSDC,Fact Public Company Financial Report Value,Report Year,FILTER,fct_public_company_financial_rpt_val.rpt_year = :year AND fct_public_company_financial_rpt_val.rpt_quarter = :quarter,
K_GSDC_853,Data Explorer: Dữ liệu tài chính doanh nghiệp,Nhóm 19 — DN thông thường — Bảng cân đối kế toán,11. Thuế thu nhập hoãn lại phải trả,Base,GSDC,Fact Public Company Financial Report Value,Data Value,MEASURE,fct_public_company_financial_rpt_val.data_val,
K_GSDC_853,Data Explorer: Dữ liệu tài chính doanh nghiệp,Nhóm 19 — DN thông thường — Bảng cân đối kế toán,11. Thuế thu nhập hoãn lại phải trả,Base,GSDC,Financial Report Catalog Dimension,Row Description Reference,FILTER,JOIN financial_rpt_catalog_dim ON financial_rpt_catalog_dim.financial_rpt_catalog_dim_id = fct_public_company_financial_rpt_val.financial_rpt_catalog_dim_id WHERE financial_rpt_catalog_dim.financial_rpt_catalog_code LIKE 'BCDKT%' AND financial_rpt_catalog_dim.enterprise_tp_code = 'dn' AND financial_rpt_catalog_dim.row_description_reference = '341' AND financial_rpt_catalog_dim.column_description_reference = '1',
K_GSDC_853,Data Explorer: Dữ liệu tài chính doanh nghiệp,Nhóm 19 — DN thông thường — Bảng cân đối kế toán,11. Thuế thu nhập hoãn lại phải trả,Base,GSDC,Fact Public Company Financial Report Value,Report Year,FILTER,fct_public_company_financial_rpt_val.rpt_year = :year AND fct_public_company_financial_rpt_val.rpt_quarter = :quarter,
K_GSDC_854,Data Explorer: Dữ liệu tài chính doanh nghiệp,Nhóm 19 — DN thông thường — Bảng cân đối kế toán,12. Dự phòng phải trả dài hạn,Base,GSDC,Fact Public Company Financial Report Value,Data Value,MEASURE,fct_public_company_financial_rpt_val.data_val,
K_GSDC_854,Data Explorer: Dữ liệu tài chính doanh nghiệp,Nhóm 19 — DN thông thường — Bảng cân đối kế toán,12. Dự phòng phải trả dài hạn,Base,GSDC,Financial Report Catalog Dimension,Row Description Reference,FILTER,JOIN financial_rpt_catalog_dim ON financial_rpt_catalog_dim.financial_rpt_catalog_dim_id = fct_public_company_financial_rpt_val.financial_rpt_catalog_dim_id WHERE financial_rpt_catalog_dim.financial_rpt_catalog_code LIKE 'BCDKT%' AND financial_rpt_catalog_dim.enterprise_tp_code = 'dn' AND financial_rpt_catalog_dim.row_description_reference = '342' AND financial_rpt_catalog_dim.column_description_reference = '1',
K_GSDC_854,Data Explorer: Dữ liệu tài chính doanh nghiệp,Nhóm 19 — DN thông thường — Bảng cân đối kế toán,12. Dự phòng phải trả dài hạn,Base,GSDC,Fact Public Company Financial Report Value,Report Year,FILTER,fct_public_company_financial_rpt_val.rpt_year = :year AND fct_public_company_financial_rpt_val.rpt_quarter = :quarter,
K_GSDC_855,Data Explorer: Dữ liệu tài chính doanh nghiệp,Nhóm 19 — DN thông thường — Bảng cân đối kế toán,13. Quỹ phát triển KH&CN,Base,GSDC,Fact Public Company Financial Report Value,Data Value,MEASURE,fct_public_company_financial_rpt_val.data_val,
K_GSDC_855,Data Explorer: Dữ liệu tài chính doanh nghiệp,Nhóm 19 — DN thông thường — Bảng cân đối kế toán,13. Quỹ phát triển KH&CN,Base,GSDC,Financial Report Catalog Dimension,Row Description Reference,FILTER,JOIN financial_rpt_catalog_dim ON financial_rpt_catalog_dim.financial_rpt_catalog_dim_id = fct_public_company_financial_rpt_val.financial_rpt_catalog_dim_id WHERE financial_rpt_catalog_dim.financial_rpt_catalog_code LIKE 'BCDKT%' AND financial_rpt_catalog_dim.enterprise_tp_code = 'dn' AND financial_rpt_catalog_dim.row_description_reference = '343' AND financial_rpt_catalog_dim.column_description_reference = '1',
K_GSDC_855,Data Explorer: Dữ liệu tài chính doanh nghiệp,Nhóm 19 — DN thông thường — Bảng cân đối kế toán,13. Quỹ phát triển KH&CN,Base,GSDC,Fact Public Company Financial Report Value,Report Year,FILTER,fct_public_company_financial_rpt_val.rpt_year = :year AND fct_public_company_financial_rpt_val.rpt_quarter = :quarter,
K_GSDC_856,Data Explorer: Dữ liệu tài chính doanh nghiệp,Nhóm 19 — DN thông thường — Bảng cân đối kế toán,D – Vốn chủ sở hữu,Base,GSDC,Fact Public Company Financial Report Value,Data Value,MEASURE,fct_public_company_financial_rpt_val.data_val,
K_GSDC_856,Data Explorer: Dữ liệu tài chính doanh nghiệp,Nhóm 19 — DN thông thường — Bảng cân đối kế toán,D – Vốn chủ sở hữu,Base,GSDC,Financial Report Catalog Dimension,Row Description Reference,FILTER,JOIN financial_rpt_catalog_dim ON financial_rpt_catalog_dim.financial_rpt_catalog_dim_id = fct_public_company_financial_rpt_val.financial_rpt_catalog_dim_id WHERE financial_rpt_catalog_dim.financial_rpt_catalog_code LIKE 'BCDKT%' AND financial_rpt_catalog_dim.enterprise_tp_code = 'dn' AND financial_rpt_catalog_dim.row_description_reference = '400' AND financial_rpt_catalog_dim.column_description_reference = '1',
K_GSDC_856,Data Explorer: Dữ liệu tài chính doanh nghiệp,Nhóm 19 — DN thông thường — Bảng cân đối kế toán,D – Vốn chủ sở hữu,Base,GSDC,Fact Public Company Financial Report Value,Report Year,FILTER,fct_public_company_financial_rpt_val.rpt_year = :year AND fct_public_company_financial_rpt_val.rpt_quarter = :quarter,
K_GSDC_857,Data Explorer: Dữ liệu tài chính doanh nghiệp,Nhóm 19 — DN thông thường — Bảng cân đối kế toán,I – Vốn chủ sở hữu,Base,GSDC,Fact Public Company Financial Report Value,Data Value,MEASURE,fct_public_company_financial_rpt_val.data_val,
K_GSDC_857,Data Explorer: Dữ liệu tài chính doanh nghiệp,Nhóm 19 — DN thông thường — Bảng cân đối kế toán,I – Vốn chủ sở hữu,Base,GSDC,Financial Report Catalog Dimension,Row Description Reference,FILTER,JOIN financial_rpt_catalog_dim ON financial_rpt_catalog_dim.financial_rpt_catalog_dim_id = fct_public_company_financial_rpt_val.financial_rpt_catalog_dim_id WHERE financial_rpt_catalog_dim.financial_rpt_catalog_code LIKE 'BCDKT%' AND financial_rpt_catalog_dim.enterprise_tp_code = 'dn' AND financial_rpt_catalog_dim.row_description_reference = '410' AND financial_rpt_catalog_dim.column_description_reference = '1',
K_GSDC_857,Data Explorer: Dữ liệu tài chính doanh nghiệp,Nhóm 19 — DN thông thường — Bảng cân đối kế toán,I – Vốn chủ sở hữu,Base,GSDC,Fact Public Company Financial Report Value,Report Year,FILTER,fct_public_company_financial_rpt_val.rpt_year = :year AND fct_public_company_financial_rpt_val.rpt_quarter = :quarter,
K_GSDC_858,Data Explorer: Dữ liệu tài chính doanh nghiệp,Nhóm 19 — DN thông thường — Bảng cân đối kế toán,1. Vốn góp của chủ sở hữu,Base,GSDC,Fact Public Company Financial Report Value,Data Value,MEASURE,fct_public_company_financial_rpt_val.data_val,
K_GSDC_858,Data Explorer: Dữ liệu tài chính doanh nghiệp,Nhóm 19 — DN thông thường — Bảng cân đối kế toán,1. Vốn góp của chủ sở hữu,Base,GSDC,Financial Report Catalog Dimension,Row Description Reference,FILTER,JOIN financial_rpt_catalog_dim ON financial_rpt_catalog_dim.financial_rpt_catalog_dim_id = fct_public_company_financial_rpt_val.financial_rpt_catalog_dim_id WHERE financial_rpt_catalog_dim.financial_rpt_catalog_code LIKE 'BCDKT%' AND financial_rpt_catalog_dim.enterprise_tp_code = 'dn' AND financial_rpt_catalog_dim.row_description_reference = '411' AND financial_rpt_catalog_dim.column_description_reference = '1',
K_GSDC_858,Data Explorer: Dữ liệu tài chính doanh nghiệp,Nhóm 19 — DN thông thường — Bảng cân đối kế toán,1. Vốn góp của chủ sở hữu,Base,GSDC,Fact Public Company Financial Report Value,Report Year,FILTER,fct_public_company_financial_rpt_val.rpt_year = :year AND fct_public_company_financial_rpt_val.rpt_quarter = :quarter,
K_GSDC_859,Data Explorer: Dữ liệu tài chính doanh nghiệp,Nhóm 19 — DN thông thường — Bảng cân đối kế toán,1a. Cổ phiếu phổ thông có quyền biểu quyết,Base,GSDC,Fact Public Company Financial Report Value,Data Value,MEASURE,fct_public_company_financial_rpt_val.data_val,
K_GSDC_859,Data Explorer: Dữ liệu tài chính doanh nghiệp,Nhóm 19 — DN thông thường — Bảng cân đối kế toán,1a. Cổ phiếu phổ thông có quyền biểu quyết,Base,GSDC,Financial Report Catalog Dimension,Row Description Reference,FILTER,JOIN financial_rpt_catalog_dim ON financial_rpt_catalog_dim.financial_rpt_catalog_dim_id = fct_public_company_financial_rpt_val.financial_rpt_catalog_dim_id WHERE financial_rpt_catalog_dim.financial_rpt_catalog_code LIKE 'BCDKT%' AND financial_rpt_catalog_dim.enterprise_tp_code = 'dn' AND financial_rpt_catalog_dim.row_description_reference = '411a' AND financial_rpt_catalog_dim.column_description_reference = '1',
K_GSDC_859,Data Explorer: Dữ liệu tài chính doanh nghiệp,Nhóm 19 — DN thông thường — Bảng cân đối kế toán,1a. Cổ phiếu phổ thông có quyền biểu quyết,Base,GSDC,Fact Public Company Financial Report Value,Report Year,FILTER,fct_public_company_financial_rpt_val.rpt_year = :year AND fct_public_company_financial_rpt_val.rpt_quarter = :quarter,
K_GSDC_860,Data Explorer: Dữ liệu tài chính doanh nghiệp,Nhóm 19 — DN thông thường — Bảng cân đối kế toán,1b. Cổ phiếu ưu đãi,Base,GSDC,Fact Public Company Financial Report Value,Data Value,MEASURE,fct_public_company_financial_rpt_val.data_val,
K_GSDC_860,Data Explorer: Dữ liệu tài chính doanh nghiệp,Nhóm 19 — DN thông thường — Bảng cân đối kế toán,1b. Cổ phiếu ưu đãi,Base,GSDC,Financial Report Catalog Dimension,Row Description Reference,FILTER,JOIN financial_rpt_catalog_dim ON financial_rpt_catalog_dim.financial_rpt_catalog_dim_id = fct_public_company_financial_rpt_val.financial_rpt_catalog_dim_id WHERE financial_rpt_catalog_dim.financial_rpt_catalog_code LIKE 'BCDKT%' AND financial_rpt_catalog_dim.enterprise_tp_code = 'dn' AND financial_rpt_catalog_dim.row_description_reference = '411b' AND financial_rpt_catalog_dim.column_description_reference = '1',
K_GSDC_860,Data Explorer: Dữ liệu tài chính doanh nghiệp,Nhóm 19 — DN thông thường — Bảng cân đối kế toán,1b. Cổ phiếu ưu đãi,Base,GSDC,Fact Public Company Financial Report Value,Report Year,FILTER,fct_public_company_financial_rpt_val.rpt_year = :year AND fct_public_company_financial_rpt_val.rpt_quarter = :quarter,
K_GSDC_861,Data Explorer: Dữ liệu tài chính doanh nghiệp,Nhóm 19 — DN thông thường — Bảng cân đối kế toán,2. Thặng dư vốn cổ phần,Base,GSDC,Fact Public Company Financial Report Value,Data Value,MEASURE,fct_public_company_financial_rpt_val.data_val,
K_GSDC_861,Data Explorer: Dữ liệu tài chính doanh nghiệp,Nhóm 19 — DN thông thường — Bảng cân đối kế toán,2. Thặng dư vốn cổ phần,Base,GSDC,Financial Report Catalog Dimension,Row Description Reference,FILTER,JOIN financial_rpt_catalog_dim ON financial_rpt_catalog_dim.financial_rpt_catalog_dim_id = fct_public_company_financial_rpt_val.financial_rpt_catalog_dim_id WHERE financial_rpt_catalog_dim.financial_rpt_catalog_code LIKE 'BCDKT%' AND financial_rpt_catalog_dim.enterprise_tp_code = 'dn' AND financial_rpt_catalog_dim.row_description_reference = '412' AND financial_rpt_catalog_dim.column_description_reference = '1',
K_GSDC_861,Data Explorer: Dữ liệu tài chính doanh nghiệp,Nhóm 19 — DN thông thường — Bảng cân đối kế toán,2. Thặng dư vốn cổ phần,Base,GSDC,Fact Public Company Financial Report Value,Report Year,FILTER,fct_public_company_financial_rpt_val.rpt_year = :year AND fct_public_company_financial_rpt_val.rpt_quarter = :quarter,
K_GSDC_862,Data Explorer: Dữ liệu tài chính doanh nghiệp,Nhóm 19 — DN thông thường — Bảng cân đối kế toán,3. Quyền chọn chuyển đổi trái phiếu,Base,GSDC,Fact Public Company Financial Report Value,Data Value,MEASURE,fct_public_company_financial_rpt_val.data_val,
K_GSDC_862,Data Explorer: Dữ liệu tài chính doanh nghiệp,Nhóm 19 — DN thông thường — Bảng cân đối kế toán,3. Quyền chọn chuyển đổi trái phiếu,Base,GSDC,Financial Report Catalog Dimension,Row Description Reference,FILTER,JOIN financial_rpt_catalog_dim ON financial_rpt_catalog_dim.financial_rpt_catalog_dim_id = fct_public_company_financial_rpt_val.financial_rpt_catalog_dim_id WHERE financial_rpt_catalog_dim.financial_rpt_catalog_code LIKE 'BCDKT%' AND financial_rpt_catalog_dim.enterprise_tp_code = 'dn' AND financial_rpt_catalog_dim.row_description_reference = '413' AND financial_rpt_catalog_dim.column_description_reference = '1',
K_GSDC_862,Data Explorer: Dữ liệu tài chính doanh nghiệp,Nhóm 19 — DN thông thường — Bảng cân đối kế toán,3. Quyền chọn chuyển đổi trái phiếu,Base,GSDC,Fact Public Company Financial Report Value,Report Year,FILTER,fct_public_company_financial_rpt_val.rpt_year = :year AND fct_public_company_financial_rpt_val.rpt_quarter = :quarter,
K_GSDC_863,Data Explorer: Dữ liệu tài chính doanh nghiệp,Nhóm 19 — DN thông thường — Bảng cân đối kế toán,4. Vốn khác của chủ sở hữu,Base,GSDC,Fact Public Company Financial Report Value,Data Value,MEASURE,fct_public_company_financial_rpt_val.data_val,
K_GSDC_863,Data Explorer: Dữ liệu tài chính doanh nghiệp,Nhóm 19 — DN thông thường — Bảng cân đối kế toán,4. Vốn khác của chủ sở hữu,Base,GSDC,Financial Report Catalog Dimension,Row Description Reference,FILTER,JOIN financial_rpt_catalog_dim ON financial_rpt_catalog_dim.financial_rpt_catalog_dim_id = fct_public_company_financial_rpt_val.financial_rpt_catalog_dim_id WHERE financial_rpt_catalog_dim.financial_rpt_catalog_code LIKE 'BCDKT%' AND financial_rpt_catalog_dim.enterprise_tp_code = 'dn' AND financial_rpt_catalog_dim.row_description_reference = '414' AND financial_rpt_catalog_dim.column_description_reference = '1',
K_GSDC_863,Data Explorer: Dữ liệu tài chính doanh nghiệp,Nhóm 19 — DN thông thường — Bảng cân đối kế toán,4. Vốn khác của chủ sở hữu,Base,GSDC,Fact Public Company Financial Report Value,Report Year,FILTER,fct_public_company_financial_rpt_val.rpt_year = :year AND fct_public_company_financial_rpt_val.rpt_quarter = :quarter,
K_GSDC_864,Data Explorer: Dữ liệu tài chính doanh nghiệp,Nhóm 19 — DN thông thường — Bảng cân đối kế toán,5. Cổ phiếu quỹ,Base,GSDC,Fact Public Company Financial Report Value,Data Value,MEASURE,fct_public_company_financial_rpt_val.data_val,
K_GSDC_864,Data Explorer: Dữ liệu tài chính doanh nghiệp,Nhóm 19 — DN thông thường — Bảng cân đối kế toán,5. Cổ phiếu quỹ,Base,GSDC,Financial Report Catalog Dimension,Row Description Reference,FILTER,JOIN financial_rpt_catalog_dim ON financial_rpt_catalog_dim.financial_rpt_catalog_dim_id = fct_public_company_financial_rpt_val.financial_rpt_catalog_dim_id WHERE financial_rpt_catalog_dim.financial_rpt_catalog_code LIKE 'BCDKT%' AND financial_rpt_catalog_dim.enterprise_tp_code = 'dn' AND financial_rpt_catalog_dim.row_description_reference = '415' AND financial_rpt_catalog_dim.column_description_reference = '1',
K_GSDC_864,Data Explorer: Dữ liệu tài chính doanh nghiệp,Nhóm 19 — DN thông thường — Bảng cân đối kế toán,5. Cổ phiếu quỹ,Base,GSDC,Fact Public Company Financial Report Value,Report Year,FILTER,fct_public_company_financial_rpt_val.rpt_year = :year AND fct_public_company_financial_rpt_val.rpt_quarter = :quarter,
K_GSDC_865,Data Explorer: Dữ liệu tài chính doanh nghiệp,Nhóm 19 — DN thông thường — Bảng cân đối kế toán,6. Chênh lệch đánh giá lại tài sản,Base,GSDC,Fact Public Company Financial Report Value,Data Value,MEASURE,fct_public_company_financial_rpt_val.data_val,
K_GSDC_865,Data Explorer: Dữ liệu tài chính doanh nghiệp,Nhóm 19 — DN thông thường — Bảng cân đối kế toán,6. Chênh lệch đánh giá lại tài sản,Base,GSDC,Financial Report Catalog Dimension,Row Description Reference,FILTER,JOIN financial_rpt_catalog_dim ON financial_rpt_catalog_dim.financial_rpt_catalog_dim_id = fct_public_company_financial_rpt_val.financial_rpt_catalog_dim_id WHERE financial_rpt_catalog_dim.financial_rpt_catalog_code LIKE 'BCDKT%' AND financial_rpt_catalog_dim.enterprise_tp_code = 'dn' AND financial_rpt_catalog_dim.row_description_reference = '416' AND financial_rpt_catalog_dim.column_description_reference = '1',
K_GSDC_865,Data Explorer: Dữ liệu tài chính doanh nghiệp,Nhóm 19 — DN thông thường — Bảng cân đối kế toán,6. Chênh lệch đánh giá lại tài sản,Base,GSDC,Fact Public Company Financial Report Value,Report Year,FILTER,fct_public_company_financial_rpt_val.rpt_year = :year AND fct_public_company_financial_rpt_val.rpt_quarter = :quarter,
K_GSDC_866,Data Explorer: Dữ liệu tài chính doanh nghiệp,Nhóm 19 — DN thông thường — Bảng cân đối kế toán,7. Chênh lệch tỷ giá hối đoái,Base,GSDC,Fact Public Company Financial Report Value,Data Value,MEASURE,fct_public_company_financial_rpt_val.data_val,
K_GSDC_866,Data Explorer: Dữ liệu tài chính doanh nghiệp,Nhóm 19 — DN thông thường — Bảng cân đối kế toán,7. Chênh lệch tỷ giá hối đoái,Base,GSDC,Financial Report Catalog Dimension,Row Description Reference,FILTER,JOIN financial_rpt_catalog_dim ON financial_rpt_catalog_dim.financial_rpt_catalog_dim_id = fct_public_company_financial_rpt_val.financial_rpt_catalog_dim_id WHERE financial_rpt_catalog_dim.financial_rpt_catalog_code LIKE 'BCDKT%' AND financial_rpt_catalog_dim.enterprise_tp_code = 'dn' AND financial_rpt_catalog_dim.row_description_reference = '417' AND financial_rpt_catalog_dim.column_description_reference = '1',
K_GSDC_866,Data Explorer: Dữ liệu tài chính doanh nghiệp,Nhóm 19 — DN thông thường — Bảng cân đối kế toán,7. Chênh lệch tỷ giá hối đoái,Base,GSDC,Fact Public Company Financial Report Value,Report Year,FILTER,fct_public_company_financial_rpt_val.rpt_year = :year AND fct_public_company_financial_rpt_val.rpt_quarter = :quarter,
K_GSDC_867,Data Explorer: Dữ liệu tài chính doanh nghiệp,Nhóm 19 — DN thông thường — Bảng cân đối kế toán,8. Quỹ đầu tư phát triển,Base,GSDC,Fact Public Company Financial Report Value,Data Value,MEASURE,fct_public_company_financial_rpt_val.data_val,
K_GSDC_867,Data Explorer: Dữ liệu tài chính doanh nghiệp,Nhóm 19 — DN thông thường — Bảng cân đối kế toán,8. Quỹ đầu tư phát triển,Base,GSDC,Financial Report Catalog Dimension,Row Description Reference,FILTER,JOIN financial_rpt_catalog_dim ON financial_rpt_catalog_dim.financial_rpt_catalog_dim_id = fct_public_company_financial_rpt_val.financial_rpt_catalog_dim_id WHERE financial_rpt_catalog_dim.financial_rpt_catalog_code LIKE 'BCDKT%' AND financial_rpt_catalog_dim.enterprise_tp_code = 'dn' AND financial_rpt_catalog_dim.row_description_reference = '418' AND financial_rpt_catalog_dim.column_description_reference = '1',
K_GSDC_867,Data Explorer: Dữ liệu tài chính doanh nghiệp,Nhóm 19 — DN thông thường — Bảng cân đối kế toán,8. Quỹ đầu tư phát triển,Base,GSDC,Fact Public Company Financial Report Value,Report Year,FILTER,fct_public_company_financial_rpt_val.rpt_year = :year AND fct_public_company_financial_rpt_val.rpt_quarter = :quarter,
K_GSDC_868,Data Explorer: Dữ liệu tài chính doanh nghiệp,Nhóm 19 — DN thông thường — Bảng cân đối kế toán,9. Quỹ hỗ trợ sắp xếp doanh nghiệp,Base,GSDC,Fact Public Company Financial Report Value,Data Value,MEASURE,fct_public_company_financial_rpt_val.data_val,
K_GSDC_868,Data Explorer: Dữ liệu tài chính doanh nghiệp,Nhóm 19 — DN thông thường — Bảng cân đối kế toán,9. Quỹ hỗ trợ sắp xếp doanh nghiệp,Base,GSDC,Financial Report Catalog Dimension,Row Description Reference,FILTER,JOIN financial_rpt_catalog_dim ON financial_rpt_catalog_dim.financial_rpt_catalog_dim_id = fct_public_company_financial_rpt_val.financial_rpt_catalog_dim_id WHERE financial_rpt_catalog_dim.financial_rpt_catalog_code LIKE 'BCDKT%' AND financial_rpt_catalog_dim.enterprise_tp_code = 'dn' AND financial_rpt_catalog_dim.row_description_reference = '419' AND financial_rpt_catalog_dim.column_description_reference = '1',
K_GSDC_868,Data Explorer: Dữ liệu tài chính doanh nghiệp,Nhóm 19 — DN thông thường — Bảng cân đối kế toán,9. Quỹ hỗ trợ sắp xếp doanh nghiệp,Base,GSDC,Fact Public Company Financial Report Value,Report Year,FILTER,fct_public_company_financial_rpt_val.rpt_year = :year AND fct_public_company_financial_rpt_val.rpt_quarter = :quarter,
K_GSDC_869,Data Explorer: Dữ liệu tài chính doanh nghiệp,Nhóm 19 — DN thông thường — Bảng cân đối kế toán,10. Quỹ khác thuộc vốn chủ sở hữu,Base,GSDC,Fact Public Company Financial Report Value,Data Value,MEASURE,fct_public_company_financial_rpt_val.data_val,
K_GSDC_869,Data Explorer: Dữ liệu tài chính doanh nghiệp,Nhóm 19 — DN thông thường — Bảng cân đối kế toán,10. Quỹ khác thuộc vốn chủ sở hữu,Base,GSDC,Financial Report Catalog Dimension,Row Description Reference,FILTER,JOIN financial_rpt_catalog_dim ON financial_rpt_catalog_dim.financial_rpt_catalog_dim_id = fct_public_company_financial_rpt_val.financial_rpt_catalog_dim_id WHERE financial_rpt_catalog_dim.financial_rpt_catalog_code LIKE 'BCDKT%' AND financial_rpt_catalog_dim.enterprise_tp_code = 'dn' AND financial_rpt_catalog_dim.row_description_reference = '420' AND financial_rpt_catalog_dim.column_description_reference = '1',
K_GSDC_869,Data Explorer: Dữ liệu tài chính doanh nghiệp,Nhóm 19 — DN thông thường — Bảng cân đối kế toán,10. Quỹ khác thuộc vốn chủ sở hữu,Base,GSDC,Fact Public Company Financial Report Value,Report Year,FILTER,fct_public_company_financial_rpt_val.rpt_year = :year AND fct_public_company_financial_rpt_val.rpt_quarter = :quarter,
K_GSDC_870,Data Explorer: Dữ liệu tài chính doanh nghiệp,Nhóm 19 — DN thông thường — Bảng cân đối kế toán,11. Lợi nhuận sau thuế chưa phân phối,Base,GSDC,Fact Public Company Financial Report Value,Data Value,MEASURE,fct_public_company_financial_rpt_val.data_val,
K_GSDC_870,Data Explorer: Dữ liệu tài chính doanh nghiệp,Nhóm 19 — DN thông thường — Bảng cân đối kế toán,11. Lợi nhuận sau thuế chưa phân phối,Base,GSDC,Financial Report Catalog Dimension,Row Description Reference,FILTER,JOIN financial_rpt_catalog_dim ON financial_rpt_catalog_dim.financial_rpt_catalog_dim_id = fct_public_company_financial_rpt_val.financial_rpt_catalog_dim_id WHERE financial_rpt_catalog_dim.financial_rpt_catalog_code LIKE 'BCDKT%' AND financial_rpt_catalog_dim.enterprise_tp_code = 'dn' AND financial_rpt_catalog_dim.row_description_reference = '421' AND financial_rpt_catalog_dim.column_description_reference = '1',
K_GSDC_870,Data Explorer: Dữ liệu tài chính doanh nghiệp,Nhóm 19 — DN thông thường — Bảng cân đối kế toán,11. Lợi nhuận sau thuế chưa phân phối,Base,GSDC,Fact Public Company Financial Report Value,Report Year,FILTER,fct_public_company_financial_rpt_val.rpt_year = :year AND fct_public_company_financial_rpt_val.rpt_quarter = :quarter,
K_GSDC_871,Data Explorer: Dữ liệu tài chính doanh nghiệp,Nhóm 19 — DN thông thường — Bảng cân đối kế toán,11a. LNST chưa PP lũy kế đến đầu kỳ,Base,GSDC,Fact Public Company Financial Report Value,Data Value,MEASURE,fct_public_company_financial_rpt_val.data_val,
K_GSDC_871,Data Explorer: Dữ liệu tài chính doanh nghiệp,Nhóm 19 — DN thông thường — Bảng cân đối kế toán,11a. LNST chưa PP lũy kế đến đầu kỳ,Base,GSDC,Financial Report Catalog Dimension,Row Description Reference,FILTER,JOIN financial_rpt_catalog_dim ON financial_rpt_catalog_dim.financial_rpt_catalog_dim_id = fct_public_company_financial_rpt_val.financial_rpt_catalog_dim_id WHERE financial_rpt_catalog_dim.financial_rpt_catalog_code LIKE 'BCDKT%' AND financial_rpt_catalog_dim.enterprise_tp_code = 'dn' AND financial_rpt_catalog_dim.row_description_reference = '421a' AND financial_rpt_catalog_dim.column_description_reference = '1',
K_GSDC_871,Data Explorer: Dữ liệu tài chính doanh nghiệp,Nhóm 19 — DN thông thường — Bảng cân đối kế toán,11a. LNST chưa PP lũy kế đến đầu kỳ,Base,GSDC,Fact Public Company Financial Report Value,Report Year,FILTER,fct_public_company_financial_rpt_val.rpt_year = :year AND fct_public_company_financial_rpt_val.rpt_quarter = :quarter,
K_GSDC_872,Data Explorer: Dữ liệu tài chính doanh nghiệp,Nhóm 19 — DN thông thường — Bảng cân đối kế toán,11b. LNST chưa PP kỳ này,Base,GSDC,Fact Public Company Financial Report Value,Data Value,MEASURE,fct_public_company_financial_rpt_val.data_val,
K_GSDC_872,Data Explorer: Dữ liệu tài chính doanh nghiệp,Nhóm 19 — DN thông thường — Bảng cân đối kế toán,11b. LNST chưa PP kỳ này,Base,GSDC,Financial Report Catalog Dimension,Row Description Reference,FILTER,JOIN financial_rpt_catalog_dim ON financial_rpt_catalog_dim.financial_rpt_catalog_dim_id = fct_public_company_financial_rpt_val.financial_rpt_catalog_dim_id WHERE financial_rpt_catalog_dim.financial_rpt_catalog_code LIKE 'BCDKT%' AND financial_rpt_catalog_dim.enterprise_tp_code = 'dn' AND financial_rpt_catalog_dim.row_description_reference = '421b' AND financial_rpt_catalog_dim.column_description_reference = '1',
K_GSDC_872,Data Explorer: Dữ liệu tài chính doanh nghiệp,Nhóm 19 — DN thông thường — Bảng cân đối kế toán,11b. LNST chưa PP kỳ này,Base,GSDC,Fact Public Company Financial Report Value,Report Year,FILTER,fct_public_company_financial_rpt_val.rpt_year = :year AND fct_public_company_financial_rpt_val.rpt_quarter = :quarter,
K_GSDC_873,Data Explorer: Dữ liệu tài chính doanh nghiệp,Nhóm 19 — DN thông thường — Bảng cân đối kế toán,12. Nguồn vốn đầu tư XDCB,Base,GSDC,Fact Public Company Financial Report Value,Data Value,MEASURE,fct_public_company_financial_rpt_val.data_val,
K_GSDC_873,Data Explorer: Dữ liệu tài chính doanh nghiệp,Nhóm 19 — DN thông thường — Bảng cân đối kế toán,12. Nguồn vốn đầu tư XDCB,Base,GSDC,Financial Report Catalog Dimension,Row Description Reference,FILTER,JOIN financial_rpt_catalog_dim ON financial_rpt_catalog_dim.financial_rpt_catalog_dim_id = fct_public_company_financial_rpt_val.financial_rpt_catalog_dim_id WHERE financial_rpt_catalog_dim.financial_rpt_catalog_code LIKE 'BCDKT%' AND financial_rpt_catalog_dim.enterprise_tp_code = 'dn' AND financial_rpt_catalog_dim.row_description_reference = '422' AND financial_rpt_catalog_dim.column_description_reference = '1',
K_GSDC_873,Data Explorer: Dữ liệu tài chính doanh nghiệp,Nhóm 19 — DN thông thường — Bảng cân đối kế toán,12. Nguồn vốn đầu tư XDCB,Base,GSDC,Fact Public Company Financial Report Value,Report Year,FILTER,fct_public_company_financial_rpt_val.rpt_year = :year AND fct_public_company_financial_rpt_val.rpt_quarter = :quarter,
K_GSDC_874,Data Explorer: Dữ liệu tài chính doanh nghiệp,Nhóm 19 — DN thông thường — Bảng cân đối kế toán,13. Lợi ích của cổ đông không kiểm soát,Base,GSDC,Fact Public Company Financial Report Value,Data Value,MEASURE,fct_public_company_financial_rpt_val.data_val,
K_GSDC_874,Data Explorer: Dữ liệu tài chính doanh nghiệp,Nhóm 19 — DN thông thường — Bảng cân đối kế toán,13. Lợi ích của cổ đông không kiểm soát,Base,GSDC,Financial Report Catalog Dimension,Row Description Reference,FILTER,JOIN financial_rpt_catalog_dim ON financial_rpt_catalog_dim.financial_rpt_catalog_dim_id = fct_public_company_financial_rpt_val.financial_rpt_catalog_dim_id WHERE financial_rpt_catalog_dim.financial_rpt_catalog_code LIKE 'BCDKT%' AND financial_rpt_catalog_dim.enterprise_tp_code = 'dn' AND financial_rpt_catalog_dim.row_description_reference = '429' AND financial_rpt_catalog_dim.column_description_reference = '1',
K_GSDC_874,Data Explorer: Dữ liệu tài chính doanh nghiệp,Nhóm 19 — DN thông thường — Bảng cân đối kế toán,13. Lợi ích của cổ đông không kiểm soát,Base,GSDC,Fact Public Company Financial Report Value,Report Year,FILTER,fct_public_company_financial_rpt_val.rpt_year = :year AND fct_public_company_financial_rpt_val.rpt_quarter = :quarter,
K_GSDC_875,Data Explorer: Dữ liệu tài chính doanh nghiệp,Nhóm 19 — DN thông thường — Bảng cân đối kế toán,II – Nguồn kinh phí và quỹ khác,Base,GSDC,Fact Public Company Financial Report Value,Data Value,MEASURE,fct_public_company_financial_rpt_val.data_val,
K_GSDC_875,Data Explorer: Dữ liệu tài chính doanh nghiệp,Nhóm 19 — DN thông thường — Bảng cân đối kế toán,II – Nguồn kinh phí và quỹ khác,Base,GSDC,Financial Report Catalog Dimension,Row Description Reference,FILTER,JOIN financial_rpt_catalog_dim ON financial_rpt_catalog_dim.financial_rpt_catalog_dim_id = fct_public_company_financial_rpt_val.financial_rpt_catalog_dim_id WHERE financial_rpt_catalog_dim.financial_rpt_catalog_code LIKE 'BCDKT%' AND financial_rpt_catalog_dim.enterprise_tp_code = 'dn' AND financial_rpt_catalog_dim.row_description_reference = '430' AND financial_rpt_catalog_dim.column_description_reference = '1',
K_GSDC_875,Data Explorer: Dữ liệu tài chính doanh nghiệp,Nhóm 19 — DN thông thường — Bảng cân đối kế toán,II – Nguồn kinh phí và quỹ khác,Base,GSDC,Fact Public Company Financial Report Value,Report Year,FILTER,fct_public_company_financial_rpt_val.rpt_year = :year AND fct_public_company_financial_rpt_val.rpt_quarter = :quarter,
K_GSDC_876,Data Explorer: Dữ liệu tài chính doanh nghiệp,Nhóm 19 — DN thông thường — Bảng cân đối kế toán,1. Nguồn kinh phí,Base,GSDC,Fact Public Company Financial Report Value,Data Value,MEASURE,fct_public_company_financial_rpt_val.data_val,
K_GSDC_876,Data Explorer: Dữ liệu tài chính doanh nghiệp,Nhóm 19 — DN thông thường — Bảng cân đối kế toán,1. Nguồn kinh phí,Base,GSDC,Financial Report Catalog Dimension,Row Description Reference,FILTER,JOIN financial_rpt_catalog_dim ON financial_rpt_catalog_dim.financial_rpt_catalog_dim_id = fct_public_company_financial_rpt_val.financial_rpt_catalog_dim_id WHERE financial_rpt_catalog_dim.financial_rpt_catalog_code LIKE 'BCDKT%' AND financial_rpt_catalog_dim.enterprise_tp_code = 'dn' AND financial_rpt_catalog_dim.row_description_reference = '431' AND financial_rpt_catalog_dim.column_description_reference = '1',
K_GSDC_876,Data Explorer: Dữ liệu tài chính doanh nghiệp,Nhóm 19 — DN thông thường — Bảng cân đối kế toán,1. Nguồn kinh phí,Base,GSDC,Fact Public Company Financial Report Value,Report Year,FILTER,fct_public_company_financial_rpt_val.rpt_year = :year AND fct_public_company_financial_rpt_val.rpt_quarter = :quarter,
K_GSDC_877,Data Explorer: Dữ liệu tài chính doanh nghiệp,Nhóm 19 — DN thông thường — Bảng cân đối kế toán,2. Nguồn kinh phí đã hình thành TSCĐ,Base,GSDC,Fact Public Company Financial Report Value,Data Value,MEASURE,fct_public_company_financial_rpt_val.data_val,
K_GSDC_877,Data Explorer: Dữ liệu tài chính doanh nghiệp,Nhóm 19 — DN thông thường — Bảng cân đối kế toán,2. Nguồn kinh phí đã hình thành TSCĐ,Base,GSDC,Financial Report Catalog Dimension,Row Description Reference,FILTER,JOIN financial_rpt_catalog_dim ON financial_rpt_catalog_dim.financial_rpt_catalog_dim_id = fct_public_company_financial_rpt_val.financial_rpt_catalog_dim_id WHERE financial_rpt_catalog_dim.financial_rpt_catalog_code LIKE 'BCDKT%' AND financial_rpt_catalog_dim.enterprise_tp_code = 'dn' AND financial_rpt_catalog_dim.row_description_reference = '432' AND financial_rpt_catalog_dim.column_description_reference = '1',
K_GSDC_877,Data Explorer: Dữ liệu tài chính doanh nghiệp,Nhóm 19 — DN thông thường — Bảng cân đối kế toán,2. Nguồn kinh phí đã hình thành TSCĐ,Base,GSDC,Fact Public Company Financial Report Value,Report Year,FILTER,fct_public_company_financial_rpt_val.rpt_year = :year AND fct_public_company_financial_rpt_val.rpt_quarter = :quarter,
K_GSDC_878,Data Explorer: Dữ liệu tài chính doanh nghiệp,Nhóm 19 — DN thông thường — Bảng cân đối kế toán,Tổng cộng nguồn vốn,Base,GSDC,Fact Public Company Financial Report Value,Data Value,MEASURE,fct_public_company_financial_rpt_val.data_val,
K_GSDC_878,Data Explorer: Dữ liệu tài chính doanh nghiệp,Nhóm 19 — DN thông thường — Bảng cân đối kế toán,Tổng cộng nguồn vốn,Base,GSDC,Financial Report Catalog Dimension,Row Description Reference,FILTER,JOIN financial_rpt_catalog_dim ON financial_rpt_catalog_dim.financial_rpt_catalog_dim_id = fct_public_company_financial_rpt_val.financial_rpt_catalog_dim_id WHERE financial_rpt_catalog_dim.financial_rpt_catalog_code LIKE 'BCDKT%' AND financial_rpt_catalog_dim.enterprise_tp_code = 'dn' AND financial_rpt_catalog_dim.row_description_reference = '440' AND financial_rpt_catalog_dim.column_description_reference = '1',
K_GSDC_878,Data Explorer: Dữ liệu tài chính doanh nghiệp,Nhóm 19 — DN thông thường — Bảng cân đối kế toán,Tổng cộng nguồn vốn,Base,GSDC,Fact Public Company Financial Report Value,Report Year,FILTER,fct_public_company_financial_rpt_val.rpt_year = :year AND fct_public_company_financial_rpt_val.rpt_quarter = :quarter,
K_GSDC_879,Data Explorer: Dữ liệu tài chính doanh nghiệp,Nhóm 20 — DN thông thường — Báo cáo KQKD,1. Doanh thu bán hàng và cung cấp DV,Base,GSDC,Fact Public Company Financial Report Value,Data Value,MEASURE,fct_public_company_financial_rpt_val.data_val,
K_GSDC_879,Data Explorer: Dữ liệu tài chính doanh nghiệp,Nhóm 20 — DN thông thường — Báo cáo KQKD,1. Doanh thu bán hàng và cung cấp DV,Base,GSDC,Financial Report Catalog Dimension,Row Description Reference,FILTER,JOIN financial_rpt_catalog_dim ON financial_rpt_catalog_dim.financial_rpt_catalog_dim_id = fct_public_company_financial_rpt_val.financial_rpt_catalog_dim_id WHERE financial_rpt_catalog_dim.financial_rpt_catalog_code LIKE 'BCKQKD%' AND financial_rpt_catalog_dim.enterprise_tp_code = 'dn' AND financial_rpt_catalog_dim.row_description_reference = '01' AND financial_rpt_catalog_dim.column_description_reference = '1',
K_GSDC_879,Data Explorer: Dữ liệu tài chính doanh nghiệp,Nhóm 20 — DN thông thường — Báo cáo KQKD,1. Doanh thu bán hàng và cung cấp DV,Base,GSDC,Fact Public Company Financial Report Value,Report Year,FILTER,fct_public_company_financial_rpt_val.rpt_year = :year AND fct_public_company_financial_rpt_val.rpt_quarter = :quarter,
K_GSDC_880,Data Explorer: Dữ liệu tài chính doanh nghiệp,Nhóm 20 — DN thông thường — Báo cáo KQKD,2. Các khoản giảm trừ doanh thu,Base,GSDC,Fact Public Company Financial Report Value,Data Value,MEASURE,fct_public_company_financial_rpt_val.data_val,
K_GSDC_880,Data Explorer: Dữ liệu tài chính doanh nghiệp,Nhóm 20 — DN thông thường — Báo cáo KQKD,2. Các khoản giảm trừ doanh thu,Base,GSDC,Financial Report Catalog Dimension,Row Description Reference,FILTER,JOIN financial_rpt_catalog_dim ON financial_rpt_catalog_dim.financial_rpt_catalog_dim_id = fct_public_company_financial_rpt_val.financial_rpt_catalog_dim_id WHERE financial_rpt_catalog_dim.financial_rpt_catalog_code LIKE 'BCKQKD%' AND financial_rpt_catalog_dim.enterprise_tp_code = 'dn' AND financial_rpt_catalog_dim.row_description_reference = '02' AND financial_rpt_catalog_dim.column_description_reference = '1',
K_GSDC_880,Data Explorer: Dữ liệu tài chính doanh nghiệp,Nhóm 20 — DN thông thường — Báo cáo KQKD,2. Các khoản giảm trừ doanh thu,Base,GSDC,Fact Public Company Financial Report Value,Report Year,FILTER,fct_public_company_financial_rpt_val.rpt_year = :year AND fct_public_company_financial_rpt_val.rpt_quarter = :quarter,
K_GSDC_881,Data Explorer: Dữ liệu tài chính doanh nghiệp,Nhóm 20 — DN thông thường — Báo cáo KQKD,3. Doanh thu thuần về bán hàng và cung cấp DV,Base,GSDC,Fact Public Company Financial Report Value,Data Value,MEASURE,fct_public_company_financial_rpt_val.data_val,
K_GSDC_881,Data Explorer: Dữ liệu tài chính doanh nghiệp,Nhóm 20 — DN thông thường — Báo cáo KQKD,3. Doanh thu thuần về bán hàng và cung cấp DV,Base,GSDC,Financial Report Catalog Dimension,Row Description Reference,FILTER,JOIN financial_rpt_catalog_dim ON financial_rpt_catalog_dim.financial_rpt_catalog_dim_id = fct_public_company_financial_rpt_val.financial_rpt_catalog_dim_id WHERE financial_rpt_catalog_dim.financial_rpt_catalog_code LIKE 'BCKQKD%' AND financial_rpt_catalog_dim.enterprise_tp_code = 'dn' AND financial_rpt_catalog_dim.row_description_reference = '10' AND financial_rpt_catalog_dim.column_description_reference = '1',
K_GSDC_881,Data Explorer: Dữ liệu tài chính doanh nghiệp,Nhóm 20 — DN thông thường — Báo cáo KQKD,3. Doanh thu thuần về bán hàng và cung cấp DV,Base,GSDC,Fact Public Company Financial Report Value,Report Year,FILTER,fct_public_company_financial_rpt_val.rpt_year = :year AND fct_public_company_financial_rpt_val.rpt_quarter = :quarter,
K_GSDC_882,Data Explorer: Dữ liệu tài chính doanh nghiệp,Nhóm 20 — DN thông thường — Báo cáo KQKD,4. Giá vốn hàng bán,Base,GSDC,Fact Public Company Financial Report Value,Data Value,MEASURE,fct_public_company_financial_rpt_val.data_val,
K_GSDC_882,Data Explorer: Dữ liệu tài chính doanh nghiệp,Nhóm 20 — DN thông thường — Báo cáo KQKD,4. Giá vốn hàng bán,Base,GSDC,Financial Report Catalog Dimension,Row Description Reference,FILTER,JOIN financial_rpt_catalog_dim ON financial_rpt_catalog_dim.financial_rpt_catalog_dim_id = fct_public_company_financial_rpt_val.financial_rpt_catalog_dim_id WHERE financial_rpt_catalog_dim.financial_rpt_catalog_code LIKE 'BCKQKD%' AND financial_rpt_catalog_dim.enterprise_tp_code = 'dn' AND financial_rpt_catalog_dim.row_description_reference = '11' AND financial_rpt_catalog_dim.column_description_reference = '1',
K_GSDC_882,Data Explorer: Dữ liệu tài chính doanh nghiệp,Nhóm 20 — DN thông thường — Báo cáo KQKD,4. Giá vốn hàng bán,Base,GSDC,Fact Public Company Financial Report Value,Report Year,FILTER,fct_public_company_financial_rpt_val.rpt_year = :year AND fct_public_company_financial_rpt_val.rpt_quarter = :quarter,
K_GSDC_883,Data Explorer: Dữ liệu tài chính doanh nghiệp,Nhóm 20 — DN thông thường — Báo cáo KQKD,5. Lợi nhuận gộp về bán hàng và cung cấp DV,Base,GSDC,Fact Public Company Financial Report Value,Data Value,MEASURE,fct_public_company_financial_rpt_val.data_val,
K_GSDC_883,Data Explorer: Dữ liệu tài chính doanh nghiệp,Nhóm 20 — DN thông thường — Báo cáo KQKD,5. Lợi nhuận gộp về bán hàng và cung cấp DV,Base,GSDC,Financial Report Catalog Dimension,Row Description Reference,FILTER,JOIN financial_rpt_catalog_dim ON financial_rpt_catalog_dim.financial_rpt_catalog_dim_id = fct_public_company_financial_rpt_val.financial_rpt_catalog_dim_id WHERE financial_rpt_catalog_dim.financial_rpt_catalog_code LIKE 'BCKQKD%' AND financial_rpt_catalog_dim.enterprise_tp_code = 'dn' AND financial_rpt_catalog_dim.row_description_reference = '20' AND financial_rpt_catalog_dim.column_description_reference = '1',
K_GSDC_883,Data Explorer: Dữ liệu tài chính doanh nghiệp,Nhóm 20 — DN thông thường — Báo cáo KQKD,5. Lợi nhuận gộp về bán hàng và cung cấp DV,Base,GSDC,Fact Public Company Financial Report Value,Report Year,FILTER,fct_public_company_financial_rpt_val.rpt_year = :year AND fct_public_company_financial_rpt_val.rpt_quarter = :quarter,
K_GSDC_884,Data Explorer: Dữ liệu tài chính doanh nghiệp,Nhóm 20 — DN thông thường — Báo cáo KQKD,6. Doanh thu hoạt động tài chính,Base,GSDC,Fact Public Company Financial Report Value,Data Value,MEASURE,fct_public_company_financial_rpt_val.data_val,
K_GSDC_884,Data Explorer: Dữ liệu tài chính doanh nghiệp,Nhóm 20 — DN thông thường — Báo cáo KQKD,6. Doanh thu hoạt động tài chính,Base,GSDC,Financial Report Catalog Dimension,Row Description Reference,FILTER,JOIN financial_rpt_catalog_dim ON financial_rpt_catalog_dim.financial_rpt_catalog_dim_id = fct_public_company_financial_rpt_val.financial_rpt_catalog_dim_id WHERE financial_rpt_catalog_dim.financial_rpt_catalog_code LIKE 'BCKQKD%' AND financial_rpt_catalog_dim.enterprise_tp_code = 'dn' AND financial_rpt_catalog_dim.row_description_reference = '21' AND financial_rpt_catalog_dim.column_description_reference = '1',
K_GSDC_884,Data Explorer: Dữ liệu tài chính doanh nghiệp,Nhóm 20 — DN thông thường — Báo cáo KQKD,6. Doanh thu hoạt động tài chính,Base,GSDC,Fact Public Company Financial Report Value,Report Year,FILTER,fct_public_company_financial_rpt_val.rpt_year = :year AND fct_public_company_financial_rpt_val.rpt_quarter = :quarter,
K_GSDC_885,Data Explorer: Dữ liệu tài chính doanh nghiệp,Nhóm 20 — DN thông thường — Báo cáo KQKD,7. Chi phí tài chính,Base,GSDC,Fact Public Company Financial Report Value,Data Value,MEASURE,fct_public_company_financial_rpt_val.data_val,
K_GSDC_885,Data Explorer: Dữ liệu tài chính doanh nghiệp,Nhóm 20 — DN thông thường — Báo cáo KQKD,7. Chi phí tài chính,Base,GSDC,Financial Report Catalog Dimension,Row Description Reference,FILTER,JOIN financial_rpt_catalog_dim ON financial_rpt_catalog_dim.financial_rpt_catalog_dim_id = fct_public_company_financial_rpt_val.financial_rpt_catalog_dim_id WHERE financial_rpt_catalog_dim.financial_rpt_catalog_code LIKE 'BCKQKD%' AND financial_rpt_catalog_dim.enterprise_tp_code = 'dn' AND financial_rpt_catalog_dim.row_description_reference = '22' AND financial_rpt_catalog_dim.column_description_reference = '1',
K_GSDC_885,Data Explorer: Dữ liệu tài chính doanh nghiệp,Nhóm 20 — DN thông thường — Báo cáo KQKD,7. Chi phí tài chính,Base,GSDC,Fact Public Company Financial Report Value,Report Year,FILTER,fct_public_company_financial_rpt_val.rpt_year = :year AND fct_public_company_financial_rpt_val.rpt_quarter = :quarter,
K_GSDC_886,Data Explorer: Dữ liệu tài chính doanh nghiệp,Nhóm 20 — DN thông thường — Báo cáo KQKD,7. Chi phí tài chính — Chi phí lãi vay,Base,GSDC,Fact Public Company Financial Report Value,Data Value,MEASURE,fct_public_company_financial_rpt_val.data_val,
K_GSDC_886,Data Explorer: Dữ liệu tài chính doanh nghiệp,Nhóm 20 — DN thông thường — Báo cáo KQKD,7. Chi phí tài chính — Chi phí lãi vay,Base,GSDC,Financial Report Catalog Dimension,Row Description Reference,FILTER,JOIN financial_rpt_catalog_dim ON financial_rpt_catalog_dim.financial_rpt_catalog_dim_id = fct_public_company_financial_rpt_val.financial_rpt_catalog_dim_id WHERE financial_rpt_catalog_dim.financial_rpt_catalog_code LIKE 'BCKQKD%' AND financial_rpt_catalog_dim.enterprise_tp_code = 'dn' AND financial_rpt_catalog_dim.row_description_reference = '23' AND financial_rpt_catalog_dim.column_description_reference = '1',
K_GSDC_886,Data Explorer: Dữ liệu tài chính doanh nghiệp,Nhóm 20 — DN thông thường — Báo cáo KQKD,7. Chi phí tài chính — Chi phí lãi vay,Base,GSDC,Fact Public Company Financial Report Value,Report Year,FILTER,fct_public_company_financial_rpt_val.rpt_year = :year AND fct_public_company_financial_rpt_val.rpt_quarter = :quarter,
K_GSDC_887,Data Explorer: Dữ liệu tài chính doanh nghiệp,Nhóm 20 — DN thông thường — Báo cáo KQKD,"8. Phần lãi/lỗ trong công ty liên doanh, LK",Base,GSDC,Fact Public Company Financial Report Value,Data Value,MEASURE,fct_public_company_financial_rpt_val.data_val,
K_GSDC_887,Data Explorer: Dữ liệu tài chính doanh nghiệp,Nhóm 20 — DN thông thường — Báo cáo KQKD,"8. Phần lãi/lỗ trong công ty liên doanh, LK",Base,GSDC,Financial Report Catalog Dimension,Row Description Reference,FILTER,JOIN financial_rpt_catalog_dim ON financial_rpt_catalog_dim.financial_rpt_catalog_dim_id = fct_public_company_financial_rpt_val.financial_rpt_catalog_dim_id WHERE financial_rpt_catalog_dim.financial_rpt_catalog_code LIKE 'BCKQKD%' AND financial_rpt_catalog_dim.enterprise_tp_code = 'dn' AND financial_rpt_catalog_dim.row_description_reference = '24' AND financial_rpt_catalog_dim.column_description_reference = '1',
K_GSDC_887,Data Explorer: Dữ liệu tài chính doanh nghiệp,Nhóm 20 — DN thông thường — Báo cáo KQKD,"8. Phần lãi/lỗ trong công ty liên doanh, LK",Base,GSDC,Fact Public Company Financial Report Value,Report Year,FILTER,fct_public_company_financial_rpt_val.rpt_year = :year AND fct_public_company_financial_rpt_val.rpt_quarter = :quarter,
K_GSDC_888,Data Explorer: Dữ liệu tài chính doanh nghiệp,Nhóm 20 — DN thông thường — Báo cáo KQKD,9. Chi phí bán hàng,Base,GSDC,Fact Public Company Financial Report Value,Data Value,MEASURE,fct_public_company_financial_rpt_val.data_val,
K_GSDC_888,Data Explorer: Dữ liệu tài chính doanh nghiệp,Nhóm 20 — DN thông thường — Báo cáo KQKD,9. Chi phí bán hàng,Base,GSDC,Financial Report Catalog Dimension,Row Description Reference,FILTER,JOIN financial_rpt_catalog_dim ON financial_rpt_catalog_dim.financial_rpt_catalog_dim_id = fct_public_company_financial_rpt_val.financial_rpt_catalog_dim_id WHERE financial_rpt_catalog_dim.financial_rpt_catalog_code LIKE 'BCKQKD%' AND financial_rpt_catalog_dim.enterprise_tp_code = 'dn' AND financial_rpt_catalog_dim.row_description_reference = '25' AND financial_rpt_catalog_dim.column_description_reference = '1',
K_GSDC_888,Data Explorer: Dữ liệu tài chính doanh nghiệp,Nhóm 20 — DN thông thường — Báo cáo KQKD,9. Chi phí bán hàng,Base,GSDC,Fact Public Company Financial Report Value,Report Year,FILTER,fct_public_company_financial_rpt_val.rpt_year = :year AND fct_public_company_financial_rpt_val.rpt_quarter = :quarter,
K_GSDC_889,Data Explorer: Dữ liệu tài chính doanh nghiệp,Nhóm 20 — DN thông thường — Báo cáo KQKD,10. Chi phí quản lý doanh nghiệp,Base,GSDC,Fact Public Company Financial Report Value,Data Value,MEASURE,fct_public_company_financial_rpt_val.data_val,
K_GSDC_889,Data Explorer: Dữ liệu tài chính doanh nghiệp,Nhóm 20 — DN thông thường — Báo cáo KQKD,10. Chi phí quản lý doanh nghiệp,Base,GSDC,Financial Report Catalog Dimension,Row Description Reference,FILTER,JOIN financial_rpt_catalog_dim ON financial_rpt_catalog_dim.financial_rpt_catalog_dim_id = fct_public_company_financial_rpt_val.financial_rpt_catalog_dim_id WHERE financial_rpt_catalog_dim.financial_rpt_catalog_code LIKE 'BCKQKD%' AND financial_rpt_catalog_dim.enterprise_tp_code = 'dn' AND financial_rpt_catalog_dim.row_description_reference = '26' AND financial_rpt_catalog_dim.column_description_reference = '1',
K_GSDC_889,Data Explorer: Dữ liệu tài chính doanh nghiệp,Nhóm 20 — DN thông thường — Báo cáo KQKD,10. Chi phí quản lý doanh nghiệp,Base,GSDC,Fact Public Company Financial Report Value,Report Year,FILTER,fct_public_company_financial_rpt_val.rpt_year = :year AND fct_public_company_financial_rpt_val.rpt_quarter = :quarter,
K_GSDC_890,Data Explorer: Dữ liệu tài chính doanh nghiệp,Nhóm 20 — DN thông thường — Báo cáo KQKD,11. Lợi nhuận thuần từ HĐKD,Base,GSDC,Fact Public Company Financial Report Value,Data Value,MEASURE,fct_public_company_financial_rpt_val.data_val,
K_GSDC_890,Data Explorer: Dữ liệu tài chính doanh nghiệp,Nhóm 20 — DN thông thường — Báo cáo KQKD,11. Lợi nhuận thuần từ HĐKD,Base,GSDC,Financial Report Catalog Dimension,Row Description Reference,FILTER,JOIN financial_rpt_catalog_dim ON financial_rpt_catalog_dim.financial_rpt_catalog_dim_id = fct_public_company_financial_rpt_val.financial_rpt_catalog_dim_id WHERE financial_rpt_catalog_dim.financial_rpt_catalog_code LIKE 'BCKQKD%' AND financial_rpt_catalog_dim.enterprise_tp_code = 'dn' AND financial_rpt_catalog_dim.row_description_reference = '30' AND financial_rpt_catalog_dim.column_description_reference = '1',
K_GSDC_890,Data Explorer: Dữ liệu tài chính doanh nghiệp,Nhóm 20 — DN thông thường — Báo cáo KQKD,11. Lợi nhuận thuần từ HĐKD,Base,GSDC,Fact Public Company Financial Report Value,Report Year,FILTER,fct_public_company_financial_rpt_val.rpt_year = :year AND fct_public_company_financial_rpt_val.rpt_quarter = :quarter,
K_GSDC_891,Data Explorer: Dữ liệu tài chính doanh nghiệp,Nhóm 20 — DN thông thường — Báo cáo KQKD,12. Thu nhập khác,Base,GSDC,Fact Public Company Financial Report Value,Data Value,MEASURE,fct_public_company_financial_rpt_val.data_val,
K_GSDC_891,Data Explorer: Dữ liệu tài chính doanh nghiệp,Nhóm 20 — DN thông thường — Báo cáo KQKD,12. Thu nhập khác,Base,GSDC,Financial Report Catalog Dimension,Row Description Reference,FILTER,JOIN financial_rpt_catalog_dim ON financial_rpt_catalog_dim.financial_rpt_catalog_dim_id = fct_public_company_financial_rpt_val.financial_rpt_catalog_dim_id WHERE financial_rpt_catalog_dim.financial_rpt_catalog_code LIKE 'BCKQKD%' AND financial_rpt_catalog_dim.enterprise_tp_code = 'dn' AND financial_rpt_catalog_dim.row_description_reference = '31' AND financial_rpt_catalog_dim.column_description_reference = '1',
K_GSDC_891,Data Explorer: Dữ liệu tài chính doanh nghiệp,Nhóm 20 — DN thông thường — Báo cáo KQKD,12. Thu nhập khác,Base,GSDC,Fact Public Company Financial Report Value,Report Year,FILTER,fct_public_company_financial_rpt_val.rpt_year = :year AND fct_public_company_financial_rpt_val.rpt_quarter = :quarter,
K_GSDC_892,Data Explorer: Dữ liệu tài chính doanh nghiệp,Nhóm 20 — DN thông thường — Báo cáo KQKD,13. Chi phí khác,Base,GSDC,Fact Public Company Financial Report Value,Data Value,MEASURE,fct_public_company_financial_rpt_val.data_val,
K_GSDC_892,Data Explorer: Dữ liệu tài chính doanh nghiệp,Nhóm 20 — DN thông thường — Báo cáo KQKD,13. Chi phí khác,Base,GSDC,Financial Report Catalog Dimension,Row Description Reference,FILTER,JOIN financial_rpt_catalog_dim ON financial_rpt_catalog_dim.financial_rpt_catalog_dim_id = fct_public_company_financial_rpt_val.financial_rpt_catalog_dim_id WHERE financial_rpt_catalog_dim.financial_rpt_catalog_code LIKE 'BCKQKD%' AND financial_rpt_catalog_dim.enterprise_tp_code = 'dn' AND financial_rpt_catalog_dim.row_description_reference = '32' AND financial_rpt_catalog_dim.column_description_reference = '1',
K_GSDC_892,Data Explorer: Dữ liệu tài chính doanh nghiệp,Nhóm 20 — DN thông thường — Báo cáo KQKD,13. Chi phí khác,Base,GSDC,Fact Public Company Financial Report Value,Report Year,FILTER,fct_public_company_financial_rpt_val.rpt_year = :year AND fct_public_company_financial_rpt_val.rpt_quarter = :quarter,
K_GSDC_893,Data Explorer: Dữ liệu tài chính doanh nghiệp,Nhóm 20 — DN thông thường — Báo cáo KQKD,14. Lợi nhuận khác,Base,GSDC,Fact Public Company Financial Report Value,Data Value,MEASURE,fct_public_company_financial_rpt_val.data_val,
K_GSDC_893,Data Explorer: Dữ liệu tài chính doanh nghiệp,Nhóm 20 — DN thông thường — Báo cáo KQKD,14. Lợi nhuận khác,Base,GSDC,Financial Report Catalog Dimension,Row Description Reference,FILTER,JOIN financial_rpt_catalog_dim ON financial_rpt_catalog_dim.financial_rpt_catalog_dim_id = fct_public_company_financial_rpt_val.financial_rpt_catalog_dim_id WHERE financial_rpt_catalog_dim.financial_rpt_catalog_code LIKE 'BCKQKD%' AND financial_rpt_catalog_dim.enterprise_tp_code = 'dn' AND financial_rpt_catalog_dim.row_description_reference = '40' AND financial_rpt_catalog_dim.column_description_reference = '1',
K_GSDC_893,Data Explorer: Dữ liệu tài chính doanh nghiệp,Nhóm 20 — DN thông thường — Báo cáo KQKD,14. Lợi nhuận khác,Base,GSDC,Fact Public Company Financial Report Value,Report Year,FILTER,fct_public_company_financial_rpt_val.rpt_year = :year AND fct_public_company_financial_rpt_val.rpt_quarter = :quarter,
K_GSDC_894,Data Explorer: Dữ liệu tài chính doanh nghiệp,Nhóm 20 — DN thông thường — Báo cáo KQKD,15. Tổng lợi nhuận kế toán trước thuế,Base,GSDC,Fact Public Company Financial Report Value,Data Value,MEASURE,fct_public_company_financial_rpt_val.data_val,
K_GSDC_894,Data Explorer: Dữ liệu tài chính doanh nghiệp,Nhóm 20 — DN thông thường — Báo cáo KQKD,15. Tổng lợi nhuận kế toán trước thuế,Base,GSDC,Financial Report Catalog Dimension,Row Description Reference,FILTER,JOIN financial_rpt_catalog_dim ON financial_rpt_catalog_dim.financial_rpt_catalog_dim_id = fct_public_company_financial_rpt_val.financial_rpt_catalog_dim_id WHERE financial_rpt_catalog_dim.financial_rpt_catalog_code LIKE 'BCKQKD%' AND financial_rpt_catalog_dim.enterprise_tp_code = 'dn' AND financial_rpt_catalog_dim.row_description_reference = '50' AND financial_rpt_catalog_dim.column_description_reference = '1',
K_GSDC_894,Data Explorer: Dữ liệu tài chính doanh nghiệp,Nhóm 20 — DN thông thường — Báo cáo KQKD,15. Tổng lợi nhuận kế toán trước thuế,Base,GSDC,Fact Public Company Financial Report Value,Report Year,FILTER,fct_public_company_financial_rpt_val.rpt_year = :year AND fct_public_company_financial_rpt_val.rpt_quarter = :quarter,
K_GSDC_895,Data Explorer: Dữ liệu tài chính doanh nghiệp,Nhóm 20 — DN thông thường — Báo cáo KQKD,16. Chi phí thuế TNDN hiện hành,Base,GSDC,Fact Public Company Financial Report Value,Data Value,MEASURE,fct_public_company_financial_rpt_val.data_val,
K_GSDC_895,Data Explorer: Dữ liệu tài chính doanh nghiệp,Nhóm 20 — DN thông thường — Báo cáo KQKD,16. Chi phí thuế TNDN hiện hành,Base,GSDC,Financial Report Catalog Dimension,Row Description Reference,FILTER,JOIN financial_rpt_catalog_dim ON financial_rpt_catalog_dim.financial_rpt_catalog_dim_id = fct_public_company_financial_rpt_val.financial_rpt_catalog_dim_id WHERE financial_rpt_catalog_dim.financial_rpt_catalog_code LIKE 'BCKQKD%' AND financial_rpt_catalog_dim.enterprise_tp_code = 'dn' AND financial_rpt_catalog_dim.row_description_reference = '51' AND financial_rpt_catalog_dim.column_description_reference = '1',
K_GSDC_895,Data Explorer: Dữ liệu tài chính doanh nghiệp,Nhóm 20 — DN thông thường — Báo cáo KQKD,16. Chi phí thuế TNDN hiện hành,Base,GSDC,Fact Public Company Financial Report Value,Report Year,FILTER,fct_public_company_financial_rpt_val.rpt_year = :year AND fct_public_company_financial_rpt_val.rpt_quarter = :quarter,
K_GSDC_896,Data Explorer: Dữ liệu tài chính doanh nghiệp,Nhóm 20 — DN thông thường — Báo cáo KQKD,17. Chi phí thuế TNDN hoãn lại,Base,GSDC,Fact Public Company Financial Report Value,Data Value,MEASURE,fct_public_company_financial_rpt_val.data_val,
K_GSDC_896,Data Explorer: Dữ liệu tài chính doanh nghiệp,Nhóm 20 — DN thông thường — Báo cáo KQKD,17. Chi phí thuế TNDN hoãn lại,Base,GSDC,Financial Report Catalog Dimension,Row Description Reference,FILTER,JOIN financial_rpt_catalog_dim ON financial_rpt_catalog_dim.financial_rpt_catalog_dim_id = fct_public_company_financial_rpt_val.financial_rpt_catalog_dim_id WHERE financial_rpt_catalog_dim.financial_rpt_catalog_code LIKE 'BCKQKD%' AND financial_rpt_catalog_dim.enterprise_tp_code = 'dn' AND financial_rpt_catalog_dim.row_description_reference = '52' AND financial_rpt_catalog_dim.column_description_reference = '1',
K_GSDC_896,Data Explorer: Dữ liệu tài chính doanh nghiệp,Nhóm 20 — DN thông thường — Báo cáo KQKD,17. Chi phí thuế TNDN hoãn lại,Base,GSDC,Fact Public Company Financial Report Value,Report Year,FILTER,fct_public_company_financial_rpt_val.rpt_year = :year AND fct_public_company_financial_rpt_val.rpt_quarter = :quarter,
K_GSDC_897,Data Explorer: Dữ liệu tài chính doanh nghiệp,Nhóm 20 — DN thông thường — Báo cáo KQKD,18. Lợi nhuận sau thuế TNDN,Base,GSDC,Fact Public Company Financial Report Value,Data Value,MEASURE,fct_public_company_financial_rpt_val.data_val,
K_GSDC_897,Data Explorer: Dữ liệu tài chính doanh nghiệp,Nhóm 20 — DN thông thường — Báo cáo KQKD,18. Lợi nhuận sau thuế TNDN,Base,GSDC,Financial Report Catalog Dimension,Row Description Reference,FILTER,JOIN financial_rpt_catalog_dim ON financial_rpt_catalog_dim.financial_rpt_catalog_dim_id = fct_public_company_financial_rpt_val.financial_rpt_catalog_dim_id WHERE financial_rpt_catalog_dim.financial_rpt_catalog_code LIKE 'BCKQKD%' AND financial_rpt_catalog_dim.enterprise_tp_code = 'dn' AND financial_rpt_catalog_dim.row_description_reference = '60' AND financial_rpt_catalog_dim.column_description_reference = '1',
K_GSDC_897,Data Explorer: Dữ liệu tài chính doanh nghiệp,Nhóm 20 — DN thông thường — Báo cáo KQKD,18. Lợi nhuận sau thuế TNDN,Base,GSDC,Fact Public Company Financial Report Value,Report Year,FILTER,fct_public_company_financial_rpt_val.rpt_year = :year AND fct_public_company_financial_rpt_val.rpt_quarter = :quarter,
K_GSDC_898,Data Explorer: Dữ liệu tài chính doanh nghiệp,Nhóm 20 — DN thông thường — Báo cáo KQKD,19. LNST của công ty mẹ,Base,GSDC,Fact Public Company Financial Report Value,Data Value,MEASURE,fct_public_company_financial_rpt_val.data_val,
K_GSDC_898,Data Explorer: Dữ liệu tài chính doanh nghiệp,Nhóm 20 — DN thông thường — Báo cáo KQKD,19. LNST của công ty mẹ,Base,GSDC,Financial Report Catalog Dimension,Row Description Reference,FILTER,JOIN financial_rpt_catalog_dim ON financial_rpt_catalog_dim.financial_rpt_catalog_dim_id = fct_public_company_financial_rpt_val.financial_rpt_catalog_dim_id WHERE financial_rpt_catalog_dim.financial_rpt_catalog_code LIKE 'BCKQKD%' AND financial_rpt_catalog_dim.enterprise_tp_code = 'dn' AND financial_rpt_catalog_dim.row_description_reference = '61' AND financial_rpt_catalog_dim.column_description_reference = '1',
K_GSDC_898,Data Explorer: Dữ liệu tài chính doanh nghiệp,Nhóm 20 — DN thông thường — Báo cáo KQKD,19. LNST của công ty mẹ,Base,GSDC,Fact Public Company Financial Report Value,Report Year,FILTER,fct_public_company_financial_rpt_val.rpt_year = :year AND fct_public_company_financial_rpt_val.rpt_quarter = :quarter,
K_GSDC_899,Data Explorer: Dữ liệu tài chính doanh nghiệp,Nhóm 20 — DN thông thường — Báo cáo KQKD,20. LNST của cổ đông không kiểm soát,Base,GSDC,Fact Public Company Financial Report Value,Data Value,MEASURE,fct_public_company_financial_rpt_val.data_val,
K_GSDC_899,Data Explorer: Dữ liệu tài chính doanh nghiệp,Nhóm 20 — DN thông thường — Báo cáo KQKD,20. LNST của cổ đông không kiểm soát,Base,GSDC,Financial Report Catalog Dimension,Row Description Reference,FILTER,JOIN financial_rpt_catalog_dim ON financial_rpt_catalog_dim.financial_rpt_catalog_dim_id = fct_public_company_financial_rpt_val.financial_rpt_catalog_dim_id WHERE financial_rpt_catalog_dim.financial_rpt_catalog_code LIKE 'BCKQKD%' AND financial_rpt_catalog_dim.enterprise_tp_code = 'dn' AND financial_rpt_catalog_dim.row_description_reference = '62' AND financial_rpt_catalog_dim.column_description_reference = '1',
K_GSDC_899,Data Explorer: Dữ liệu tài chính doanh nghiệp,Nhóm 20 — DN thông thường — Báo cáo KQKD,20. LNST của cổ đông không kiểm soát,Base,GSDC,Fact Public Company Financial Report Value,Report Year,FILTER,fct_public_company_financial_rpt_val.rpt_year = :year AND fct_public_company_financial_rpt_val.rpt_quarter = :quarter,
K_GSDC_900,Data Explorer: Dữ liệu tài chính doanh nghiệp,Nhóm 20 — DN thông thường — Báo cáo KQKD,21. Lãi cơ bản trên cổ phiếu (EPS),Base,GSDC,Fact Public Company Financial Report Value,Data Value,MEASURE,fct_public_company_financial_rpt_val.data_val,
K_GSDC_900,Data Explorer: Dữ liệu tài chính doanh nghiệp,Nhóm 20 — DN thông thường — Báo cáo KQKD,21. Lãi cơ bản trên cổ phiếu (EPS),Base,GSDC,Financial Report Catalog Dimension,Row Description Reference,FILTER,JOIN financial_rpt_catalog_dim ON financial_rpt_catalog_dim.financial_rpt_catalog_dim_id = fct_public_company_financial_rpt_val.financial_rpt_catalog_dim_id WHERE financial_rpt_catalog_dim.financial_rpt_catalog_code LIKE 'BCKQKD%' AND financial_rpt_catalog_dim.enterprise_tp_code = 'dn' AND financial_rpt_catalog_dim.row_description_reference = '70' AND financial_rpt_catalog_dim.column_description_reference = '1',
K_GSDC_900,Data Explorer: Dữ liệu tài chính doanh nghiệp,Nhóm 20 — DN thông thường — Báo cáo KQKD,21. Lãi cơ bản trên cổ phiếu (EPS),Base,GSDC,Fact Public Company Financial Report Value,Report Year,FILTER,fct_public_company_financial_rpt_val.rpt_year = :year AND fct_public_company_financial_rpt_val.rpt_quarter = :quarter,
K_GSDC_901,Data Explorer: Dữ liệu tài chính doanh nghiệp,Nhóm 20 — DN thông thường — Báo cáo KQKD,22. Lãi suy giảm trên cổ phiếu,Base,GSDC,Fact Public Company Financial Report Value,Data Value,MEASURE,fct_public_company_financial_rpt_val.data_val,
K_GSDC_901,Data Explorer: Dữ liệu tài chính doanh nghiệp,Nhóm 20 — DN thông thường — Báo cáo KQKD,22. Lãi suy giảm trên cổ phiếu,Base,GSDC,Financial Report Catalog Dimension,Row Description Reference,FILTER,JOIN financial_rpt_catalog_dim ON financial_rpt_catalog_dim.financial_rpt_catalog_dim_id = fct_public_company_financial_rpt_val.financial_rpt_catalog_dim_id WHERE financial_rpt_catalog_dim.financial_rpt_catalog_code LIKE 'BCKQKD%' AND financial_rpt_catalog_dim.enterprise_tp_code = 'dn' AND financial_rpt_catalog_dim.row_description_reference = '71' AND financial_rpt_catalog_dim.column_description_reference = '1',
K_GSDC_901,Data Explorer: Dữ liệu tài chính doanh nghiệp,Nhóm 20 — DN thông thường — Báo cáo KQKD,22. Lãi suy giảm trên cổ phiếu,Base,GSDC,Fact Public Company Financial Report Value,Report Year,FILTER,fct_public_company_financial_rpt_val.rpt_year = :year AND fct_public_company_financial_rpt_val.rpt_quarter = :quarter,
K_GSDC_903,Data Explorer: Dữ liệu tài chính doanh nghiệp,Nhóm 21 — DN thông thường — Báo cáo LCTT trực tiếp,"1. Tiền thu từ bán hàng, cung cấp DV và DT khác",Base,GSDC,Fact Public Company Financial Report Value,Data Value,MEASURE,fct_public_company_financial_rpt_val.data_val,
K_GSDC_903,Data Explorer: Dữ liệu tài chính doanh nghiệp,Nhóm 21 — DN thông thường — Báo cáo LCTT trực tiếp,"1. Tiền thu từ bán hàng, cung cấp DV và DT khác",Base,GSDC,Financial Report Catalog Dimension,Row Description Reference,FILTER,JOIN financial_rpt_catalog_dim ON financial_rpt_catalog_dim.financial_rpt_catalog_dim_id = fct_public_company_financial_rpt_val.financial_rpt_catalog_dim_id WHERE financial_rpt_catalog_dim.financial_rpt_catalog_code LIKE 'BCLCTT_TT%' AND financial_rpt_catalog_dim.enterprise_tp_code = 'dn' AND financial_rpt_catalog_dim.row_description_reference = '01' AND financial_rpt_catalog_dim.column_description_reference = '1',
K_GSDC_903,Data Explorer: Dữ liệu tài chính doanh nghiệp,Nhóm 21 — DN thông thường — Báo cáo LCTT trực tiếp,"1. Tiền thu từ bán hàng, cung cấp DV và DT khác",Base,GSDC,Fact Public Company Financial Report Value,Report Year,FILTER,fct_public_company_financial_rpt_val.rpt_year = :year AND fct_public_company_financial_rpt_val.rpt_quarter = :quarter,
K_GSDC_904,Data Explorer: Dữ liệu tài chính doanh nghiệp,Nhóm 21 — DN thông thường — Báo cáo LCTT trực tiếp,2. Tiền chi trả cho người cung cấp hàng hóa và DV,Base,GSDC,Fact Public Company Financial Report Value,Data Value,MEASURE,fct_public_company_financial_rpt_val.data_val,
K_GSDC_904,Data Explorer: Dữ liệu tài chính doanh nghiệp,Nhóm 21 — DN thông thường — Báo cáo LCTT trực tiếp,2. Tiền chi trả cho người cung cấp hàng hóa và DV,Base,GSDC,Financial Report Catalog Dimension,Row Description Reference,FILTER,JOIN financial_rpt_catalog_dim ON financial_rpt_catalog_dim.financial_rpt_catalog_dim_id = fct_public_company_financial_rpt_val.financial_rpt_catalog_dim_id WHERE financial_rpt_catalog_dim.financial_rpt_catalog_code LIKE 'BCLCTT_TT%' AND financial_rpt_catalog_dim.enterprise_tp_code = 'dn' AND financial_rpt_catalog_dim.row_description_reference = '02' AND financial_rpt_catalog_dim.column_description_reference = '1',
K_GSDC_904,Data Explorer: Dữ liệu tài chính doanh nghiệp,Nhóm 21 — DN thông thường — Báo cáo LCTT trực tiếp,2. Tiền chi trả cho người cung cấp hàng hóa và DV,Base,GSDC,Fact Public Company Financial Report Value,Report Year,FILTER,fct_public_company_financial_rpt_val.rpt_year = :year AND fct_public_company_financial_rpt_val.rpt_quarter = :quarter,
K_GSDC_905,Data Explorer: Dữ liệu tài chính doanh nghiệp,Nhóm 21 — DN thông thường — Báo cáo LCTT trực tiếp,3. Tiền chi trả cho người lao động,Base,GSDC,Fact Public Company Financial Report Value,Data Value,MEASURE,fct_public_company_financial_rpt_val.data_val,
K_GSDC_905,Data Explorer: Dữ liệu tài chính doanh nghiệp,Nhóm 21 — DN thông thường — Báo cáo LCTT trực tiếp,3. Tiền chi trả cho người lao động,Base,GSDC,Financial Report Catalog Dimension,Row Description Reference,FILTER,JOIN financial_rpt_catalog_dim ON financial_rpt_catalog_dim.financial_rpt_catalog_dim_id = fct_public_company_financial_rpt_val.financial_rpt_catalog_dim_id WHERE financial_rpt_catalog_dim.financial_rpt_catalog_code LIKE 'BCLCTT_TT%' AND financial_rpt_catalog_dim.enterprise_tp_code = 'dn' AND financial_rpt_catalog_dim.row_description_reference = '03' AND financial_rpt_catalog_dim.column_description_reference = '1',
K_GSDC_905,Data Explorer: Dữ liệu tài chính doanh nghiệp,Nhóm 21 — DN thông thường — Báo cáo LCTT trực tiếp,3. Tiền chi trả cho người lao động,Base,GSDC,Fact Public Company Financial Report Value,Report Year,FILTER,fct_public_company_financial_rpt_val.rpt_year = :year AND fct_public_company_financial_rpt_val.rpt_quarter = :quarter,
K_GSDC_906,Data Explorer: Dữ liệu tài chính doanh nghiệp,Nhóm 21 — DN thông thường — Báo cáo LCTT trực tiếp,4. Tiền lãi vay đã trả,Base,GSDC,Fact Public Company Financial Report Value,Data Value,MEASURE,fct_public_company_financial_rpt_val.data_val,
K_GSDC_906,Data Explorer: Dữ liệu tài chính doanh nghiệp,Nhóm 21 — DN thông thường — Báo cáo LCTT trực tiếp,4. Tiền lãi vay đã trả,Base,GSDC,Financial Report Catalog Dimension,Row Description Reference,FILTER,JOIN financial_rpt_catalog_dim ON financial_rpt_catalog_dim.financial_rpt_catalog_dim_id = fct_public_company_financial_rpt_val.financial_rpt_catalog_dim_id WHERE financial_rpt_catalog_dim.financial_rpt_catalog_code LIKE 'BCLCTT_TT%' AND financial_rpt_catalog_dim.enterprise_tp_code = 'dn' AND financial_rpt_catalog_dim.row_description_reference = '04' AND financial_rpt_catalog_dim.column_description_reference = '1',
K_GSDC_906,Data Explorer: Dữ liệu tài chính doanh nghiệp,Nhóm 21 — DN thông thường — Báo cáo LCTT trực tiếp,4. Tiền lãi vay đã trả,Base,GSDC,Fact Public Company Financial Report Value,Report Year,FILTER,fct_public_company_financial_rpt_val.rpt_year = :year AND fct_public_company_financial_rpt_val.rpt_quarter = :quarter,
K_GSDC_907,Data Explorer: Dữ liệu tài chính doanh nghiệp,Nhóm 21 — DN thông thường — Báo cáo LCTT trực tiếp,5. Thuế TNDN đã nộp,Base,GSDC,Fact Public Company Financial Report Value,Data Value,MEASURE,fct_public_company_financial_rpt_val.data_val,
K_GSDC_907,Data Explorer: Dữ liệu tài chính doanh nghiệp,Nhóm 21 — DN thông thường — Báo cáo LCTT trực tiếp,5. Thuế TNDN đã nộp,Base,GSDC,Financial Report Catalog Dimension,Row Description Reference,FILTER,JOIN financial_rpt_catalog_dim ON financial_rpt_catalog_dim.financial_rpt_catalog_dim_id = fct_public_company_financial_rpt_val.financial_rpt_catalog_dim_id WHERE financial_rpt_catalog_dim.financial_rpt_catalog_code LIKE 'BCLCTT_TT%' AND financial_rpt_catalog_dim.enterprise_tp_code = 'dn' AND financial_rpt_catalog_dim.row_description_reference = '05' AND financial_rpt_catalog_dim.column_description_reference = '1',
K_GSDC_907,Data Explorer: Dữ liệu tài chính doanh nghiệp,Nhóm 21 — DN thông thường — Báo cáo LCTT trực tiếp,5. Thuế TNDN đã nộp,Base,GSDC,Fact Public Company Financial Report Value,Report Year,FILTER,fct_public_company_financial_rpt_val.rpt_year = :year AND fct_public_company_financial_rpt_val.rpt_quarter = :quarter,
K_GSDC_908,Data Explorer: Dữ liệu tài chính doanh nghiệp,Nhóm 21 — DN thông thường — Báo cáo LCTT trực tiếp,6. Tiền thu khác từ HĐKD,Base,GSDC,Fact Public Company Financial Report Value,Data Value,MEASURE,fct_public_company_financial_rpt_val.data_val,
K_GSDC_908,Data Explorer: Dữ liệu tài chính doanh nghiệp,Nhóm 21 — DN thông thường — Báo cáo LCTT trực tiếp,6. Tiền thu khác từ HĐKD,Base,GSDC,Financial Report Catalog Dimension,Row Description Reference,FILTER,JOIN financial_rpt_catalog_dim ON financial_rpt_catalog_dim.financial_rpt_catalog_dim_id = fct_public_company_financial_rpt_val.financial_rpt_catalog_dim_id WHERE financial_rpt_catalog_dim.financial_rpt_catalog_code LIKE 'BCLCTT_TT%' AND financial_rpt_catalog_dim.enterprise_tp_code = 'dn' AND financial_rpt_catalog_dim.row_description_reference = '06' AND financial_rpt_catalog_dim.column_description_reference = '1',
K_GSDC_908,Data Explorer: Dữ liệu tài chính doanh nghiệp,Nhóm 21 — DN thông thường — Báo cáo LCTT trực tiếp,6. Tiền thu khác từ HĐKD,Base,GSDC,Fact Public Company Financial Report Value,Report Year,FILTER,fct_public_company_financial_rpt_val.rpt_year = :year AND fct_public_company_financial_rpt_val.rpt_quarter = :quarter,
K_GSDC_909,Data Explorer: Dữ liệu tài chính doanh nghiệp,Nhóm 21 — DN thông thường — Báo cáo LCTT trực tiếp,7. Tiền chi khác cho HĐKD,Base,GSDC,Fact Public Company Financial Report Value,Data Value,MEASURE,fct_public_company_financial_rpt_val.data_val,
K_GSDC_909,Data Explorer: Dữ liệu tài chính doanh nghiệp,Nhóm 21 — DN thông thường — Báo cáo LCTT trực tiếp,7. Tiền chi khác cho HĐKD,Base,GSDC,Financial Report Catalog Dimension,Row Description Reference,FILTER,JOIN financial_rpt_catalog_dim ON financial_rpt_catalog_dim.financial_rpt_catalog_dim_id = fct_public_company_financial_rpt_val.financial_rpt_catalog_dim_id WHERE financial_rpt_catalog_dim.financial_rpt_catalog_code LIKE 'BCLCTT_TT%' AND financial_rpt_catalog_dim.enterprise_tp_code = 'dn' AND financial_rpt_catalog_dim.row_description_reference = '07' AND financial_rpt_catalog_dim.column_description_reference = '1',
K_GSDC_909,Data Explorer: Dữ liệu tài chính doanh nghiệp,Nhóm 21 — DN thông thường — Báo cáo LCTT trực tiếp,7. Tiền chi khác cho HĐKD,Base,GSDC,Fact Public Company Financial Report Value,Report Year,FILTER,fct_public_company_financial_rpt_val.rpt_year = :year AND fct_public_company_financial_rpt_val.rpt_quarter = :quarter,
K_GSDC_910,Data Explorer: Dữ liệu tài chính doanh nghiệp,Nhóm 21 — DN thông thường — Báo cáo LCTT trực tiếp,Lưu chuyển tiền thuần từ HĐKD,Base,GSDC,Fact Public Company Financial Report Value,Data Value,MEASURE,fct_public_company_financial_rpt_val.data_val,
K_GSDC_910,Data Explorer: Dữ liệu tài chính doanh nghiệp,Nhóm 21 — DN thông thường — Báo cáo LCTT trực tiếp,Lưu chuyển tiền thuần từ HĐKD,Base,GSDC,Financial Report Catalog Dimension,Row Description Reference,FILTER,JOIN financial_rpt_catalog_dim ON financial_rpt_catalog_dim.financial_rpt_catalog_dim_id = fct_public_company_financial_rpt_val.financial_rpt_catalog_dim_id WHERE financial_rpt_catalog_dim.financial_rpt_catalog_code LIKE 'BCLCTT_TT%' AND financial_rpt_catalog_dim.enterprise_tp_code = 'dn' AND financial_rpt_catalog_dim.row_description_reference = '20' AND financial_rpt_catalog_dim.column_description_reference = '1',
K_GSDC_910,Data Explorer: Dữ liệu tài chính doanh nghiệp,Nhóm 21 — DN thông thường — Báo cáo LCTT trực tiếp,Lưu chuyển tiền thuần từ HĐKD,Base,GSDC,Fact Public Company Financial Report Value,Report Year,FILTER,fct_public_company_financial_rpt_val.rpt_year = :year AND fct_public_company_financial_rpt_val.rpt_quarter = :quarter,
K_GSDC_912,Data Explorer: Dữ liệu tài chính doanh nghiệp,Nhóm 21 — DN thông thường — Báo cáo LCTT trực tiếp,1. Tiền chi mua sắm TSCĐ và TSDH khác,Base,GSDC,Fact Public Company Financial Report Value,Data Value,MEASURE,fct_public_company_financial_rpt_val.data_val,
K_GSDC_912,Data Explorer: Dữ liệu tài chính doanh nghiệp,Nhóm 21 — DN thông thường — Báo cáo LCTT trực tiếp,1. Tiền chi mua sắm TSCĐ và TSDH khác,Base,GSDC,Financial Report Catalog Dimension,Row Description Reference,FILTER,JOIN financial_rpt_catalog_dim ON financial_rpt_catalog_dim.financial_rpt_catalog_dim_id = fct_public_company_financial_rpt_val.financial_rpt_catalog_dim_id WHERE financial_rpt_catalog_dim.financial_rpt_catalog_code LIKE 'BCLCTT_TT%' AND financial_rpt_catalog_dim.enterprise_tp_code = 'dn' AND financial_rpt_catalog_dim.row_description_reference = '21' AND financial_rpt_catalog_dim.column_description_reference = '1',
K_GSDC_912,Data Explorer: Dữ liệu tài chính doanh nghiệp,Nhóm 21 — DN thông thường — Báo cáo LCTT trực tiếp,1. Tiền chi mua sắm TSCĐ và TSDH khác,Base,GSDC,Fact Public Company Financial Report Value,Report Year,FILTER,fct_public_company_financial_rpt_val.rpt_year = :year AND fct_public_company_financial_rpt_val.rpt_quarter = :quarter,
K_GSDC_913,Data Explorer: Dữ liệu tài chính doanh nghiệp,Nhóm 21 — DN thông thường — Báo cáo LCTT trực tiếp,"2. Tiền thu từ thanh lý, nhượng bán TSCĐ và TSDH",Base,GSDC,Fact Public Company Financial Report Value,Data Value,MEASURE,fct_public_company_financial_rpt_val.data_val,
K_GSDC_913,Data Explorer: Dữ liệu tài chính doanh nghiệp,Nhóm 21 — DN thông thường — Báo cáo LCTT trực tiếp,"2. Tiền thu từ thanh lý, nhượng bán TSCĐ và TSDH",Base,GSDC,Financial Report Catalog Dimension,Row Description Reference,FILTER,JOIN financial_rpt_catalog_dim ON financial_rpt_catalog_dim.financial_rpt_catalog_dim_id = fct_public_company_financial_rpt_val.financial_rpt_catalog_dim_id WHERE financial_rpt_catalog_dim.financial_rpt_catalog_code LIKE 'BCLCTT_TT%' AND financial_rpt_catalog_dim.enterprise_tp_code = 'dn' AND financial_rpt_catalog_dim.row_description_reference = '22' AND financial_rpt_catalog_dim.column_description_reference = '1',
K_GSDC_913,Data Explorer: Dữ liệu tài chính doanh nghiệp,Nhóm 21 — DN thông thường — Báo cáo LCTT trực tiếp,"2. Tiền thu từ thanh lý, nhượng bán TSCĐ và TSDH",Base,GSDC,Fact Public Company Financial Report Value,Report Year,FILTER,fct_public_company_financial_rpt_val.rpt_year = :year AND fct_public_company_financial_rpt_val.rpt_quarter = :quarter,
K_GSDC_914,Data Explorer: Dữ liệu tài chính doanh nghiệp,Nhóm 21 — DN thông thường — Báo cáo LCTT trực tiếp,"3. Tiền chi cho vay, mua công cụ nợ",Base,GSDC,Fact Public Company Financial Report Value,Data Value,MEASURE,fct_public_company_financial_rpt_val.data_val,
K_GSDC_914,Data Explorer: Dữ liệu tài chính doanh nghiệp,Nhóm 21 — DN thông thường — Báo cáo LCTT trực tiếp,"3. Tiền chi cho vay, mua công cụ nợ",Base,GSDC,Financial Report Catalog Dimension,Row Description Reference,FILTER,JOIN financial_rpt_catalog_dim ON financial_rpt_catalog_dim.financial_rpt_catalog_dim_id = fct_public_company_financial_rpt_val.financial_rpt_catalog_dim_id WHERE financial_rpt_catalog_dim.financial_rpt_catalog_code LIKE 'BCLCTT_TT%' AND financial_rpt_catalog_dim.enterprise_tp_code = 'dn' AND financial_rpt_catalog_dim.row_description_reference = '23' AND financial_rpt_catalog_dim.column_description_reference = '1',
K_GSDC_914,Data Explorer: Dữ liệu tài chính doanh nghiệp,Nhóm 21 — DN thông thường — Báo cáo LCTT trực tiếp,"3. Tiền chi cho vay, mua công cụ nợ",Base,GSDC,Fact Public Company Financial Report Value,Report Year,FILTER,fct_public_company_financial_rpt_val.rpt_year = :year AND fct_public_company_financial_rpt_val.rpt_quarter = :quarter,
K_GSDC_915,Data Explorer: Dữ liệu tài chính doanh nghiệp,Nhóm 21 — DN thông thường — Báo cáo LCTT trực tiếp,"4. Tiền thu hồi cho vay, bán lại công cụ nợ",Base,GSDC,Fact Public Company Financial Report Value,Data Value,MEASURE,fct_public_company_financial_rpt_val.data_val,
K_GSDC_915,Data Explorer: Dữ liệu tài chính doanh nghiệp,Nhóm 21 — DN thông thường — Báo cáo LCTT trực tiếp,"4. Tiền thu hồi cho vay, bán lại công cụ nợ",Base,GSDC,Financial Report Catalog Dimension,Row Description Reference,FILTER,JOIN financial_rpt_catalog_dim ON financial_rpt_catalog_dim.financial_rpt_catalog_dim_id = fct_public_company_financial_rpt_val.financial_rpt_catalog_dim_id WHERE financial_rpt_catalog_dim.financial_rpt_catalog_code LIKE 'BCLCTT_TT%' AND financial_rpt_catalog_dim.enterprise_tp_code = 'dn' AND financial_rpt_catalog_dim.row_description_reference = '24' AND financial_rpt_catalog_dim.column_description_reference = '1',
K_GSDC_915,Data Explorer: Dữ liệu tài chính doanh nghiệp,Nhóm 21 — DN thông thường — Báo cáo LCTT trực tiếp,"4. Tiền thu hồi cho vay, bán lại công cụ nợ",Base,GSDC,Fact Public Company Financial Report Value,Report Year,FILTER,fct_public_company_financial_rpt_val.rpt_year = :year AND fct_public_company_financial_rpt_val.rpt_quarter = :quarter,
K_GSDC_916,Data Explorer: Dữ liệu tài chính doanh nghiệp,Nhóm 21 — DN thông thường — Báo cáo LCTT trực tiếp,5. Tiền chi đầu tư góp vốn vào đơn vị khác,Base,GSDC,Fact Public Company Financial Report Value,Data Value,MEASURE,fct_public_company_financial_rpt_val.data_val,
K_GSDC_916,Data Explorer: Dữ liệu tài chính doanh nghiệp,Nhóm 21 — DN thông thường — Báo cáo LCTT trực tiếp,5. Tiền chi đầu tư góp vốn vào đơn vị khác,Base,GSDC,Financial Report Catalog Dimension,Row Description Reference,FILTER,JOIN financial_rpt_catalog_dim ON financial_rpt_catalog_dim.financial_rpt_catalog_dim_id = fct_public_company_financial_rpt_val.financial_rpt_catalog_dim_id WHERE financial_rpt_catalog_dim.financial_rpt_catalog_code LIKE 'BCLCTT_TT%' AND financial_rpt_catalog_dim.enterprise_tp_code = 'dn' AND financial_rpt_catalog_dim.row_description_reference = '25' AND financial_rpt_catalog_dim.column_description_reference = '1',
K_GSDC_916,Data Explorer: Dữ liệu tài chính doanh nghiệp,Nhóm 21 — DN thông thường — Báo cáo LCTT trực tiếp,5. Tiền chi đầu tư góp vốn vào đơn vị khác,Base,GSDC,Fact Public Company Financial Report Value,Report Year,FILTER,fct_public_company_financial_rpt_val.rpt_year = :year AND fct_public_company_financial_rpt_val.rpt_quarter = :quarter,
K_GSDC_917,Data Explorer: Dữ liệu tài chính doanh nghiệp,Nhóm 21 — DN thông thường — Báo cáo LCTT trực tiếp,6. Tiền thu hồi đầu tư góp vốn,Base,GSDC,Fact Public Company Financial Report Value,Data Value,MEASURE,fct_public_company_financial_rpt_val.data_val,
K_GSDC_917,Data Explorer: Dữ liệu tài chính doanh nghiệp,Nhóm 21 — DN thông thường — Báo cáo LCTT trực tiếp,6. Tiền thu hồi đầu tư góp vốn,Base,GSDC,Financial Report Catalog Dimension,Row Description Reference,FILTER,JOIN financial_rpt_catalog_dim ON financial_rpt_catalog_dim.financial_rpt_catalog_dim_id = fct_public_company_financial_rpt_val.financial_rpt_catalog_dim_id WHERE financial_rpt_catalog_dim.financial_rpt_catalog_code LIKE 'BCLCTT_TT%' AND financial_rpt_catalog_dim.enterprise_tp_code = 'dn' AND financial_rpt_catalog_dim.row_description_reference = '26' AND financial_rpt_catalog_dim.column_description_reference = '1',
K_GSDC_917,Data Explorer: Dữ liệu tài chính doanh nghiệp,Nhóm 21 — DN thông thường — Báo cáo LCTT trực tiếp,6. Tiền thu hồi đầu tư góp vốn,Base,GSDC,Fact Public Company Financial Report Value,Report Year,FILTER,fct_public_company_financial_rpt_val.rpt_year = :year AND fct_public_company_financial_rpt_val.rpt_quarter = :quarter,
K_GSDC_918,Data Explorer: Dữ liệu tài chính doanh nghiệp,Nhóm 21 — DN thông thường — Báo cáo LCTT trực tiếp,"7. Tiền thu lãi cho vay, cổ tức và LN được chia",Base,GSDC,Fact Public Company Financial Report Value,Data Value,MEASURE,fct_public_company_financial_rpt_val.data_val,
K_GSDC_918,Data Explorer: Dữ liệu tài chính doanh nghiệp,Nhóm 21 — DN thông thường — Báo cáo LCTT trực tiếp,"7. Tiền thu lãi cho vay, cổ tức và LN được chia",Base,GSDC,Financial Report Catalog Dimension,Row Description Reference,FILTER,JOIN financial_rpt_catalog_dim ON financial_rpt_catalog_dim.financial_rpt_catalog_dim_id = fct_public_company_financial_rpt_val.financial_rpt_catalog_dim_id WHERE financial_rpt_catalog_dim.financial_rpt_catalog_code LIKE 'BCLCTT_TT%' AND financial_rpt_catalog_dim.enterprise_tp_code = 'dn' AND financial_rpt_catalog_dim.row_description_reference = '27' AND financial_rpt_catalog_dim.column_description_reference = '1',
K_GSDC_918,Data Explorer: Dữ liệu tài chính doanh nghiệp,Nhóm 21 — DN thông thường — Báo cáo LCTT trực tiếp,"7. Tiền thu lãi cho vay, cổ tức và LN được chia",Base,GSDC,Fact Public Company Financial Report Value,Report Year,FILTER,fct_public_company_financial_rpt_val.rpt_year = :year AND fct_public_company_financial_rpt_val.rpt_quarter = :quarter,
K_GSDC_919,Data Explorer: Dữ liệu tài chính doanh nghiệp,Nhóm 21 — DN thông thường — Báo cáo LCTT trực tiếp,Lưu chuyển tiền thuần từ HĐ đầu tư,Base,GSDC,Fact Public Company Financial Report Value,Data Value,MEASURE,fct_public_company_financial_rpt_val.data_val,
K_GSDC_919,Data Explorer: Dữ liệu tài chính doanh nghiệp,Nhóm 21 — DN thông thường — Báo cáo LCTT trực tiếp,Lưu chuyển tiền thuần từ HĐ đầu tư,Base,GSDC,Financial Report Catalog Dimension,Row Description Reference,FILTER,JOIN financial_rpt_catalog_dim ON financial_rpt_catalog_dim.financial_rpt_catalog_dim_id = fct_public_company_financial_rpt_val.financial_rpt_catalog_dim_id WHERE financial_rpt_catalog_dim.financial_rpt_catalog_code LIKE 'BCLCTT_TT%' AND financial_rpt_catalog_dim.enterprise_tp_code = 'dn' AND financial_rpt_catalog_dim.row_description_reference = '30' AND financial_rpt_catalog_dim.column_description_reference = '1',
K_GSDC_919,Data Explorer: Dữ liệu tài chính doanh nghiệp,Nhóm 21 — DN thông thường — Báo cáo LCTT trực tiếp,Lưu chuyển tiền thuần từ HĐ đầu tư,Base,GSDC,Fact Public Company Financial Report Value,Report Year,FILTER,fct_public_company_financial_rpt_val.rpt_year = :year AND fct_public_company_financial_rpt_val.rpt_quarter = :quarter,
K_GSDC_921,Data Explorer: Dữ liệu tài chính doanh nghiệp,Nhóm 21 — DN thông thường — Báo cáo LCTT trực tiếp,"1. Tiền thu từ phát hành CP, nhận vốn góp",Base,GSDC,Fact Public Company Financial Report Value,Data Value,MEASURE,fct_public_company_financial_rpt_val.data_val,
K_GSDC_921,Data Explorer: Dữ liệu tài chính doanh nghiệp,Nhóm 21 — DN thông thường — Báo cáo LCTT trực tiếp,"1. Tiền thu từ phát hành CP, nhận vốn góp",Base,GSDC,Financial Report Catalog Dimension,Row Description Reference,FILTER,JOIN financial_rpt_catalog_dim ON financial_rpt_catalog_dim.financial_rpt_catalog_dim_id = fct_public_company_financial_rpt_val.financial_rpt_catalog_dim_id WHERE financial_rpt_catalog_dim.financial_rpt_catalog_code LIKE 'BCLCTT_TT%' AND financial_rpt_catalog_dim.enterprise_tp_code = 'dn' AND financial_rpt_catalog_dim.row_description_reference = '31' AND financial_rpt_catalog_dim.column_description_reference = '1',
K_GSDC_921,Data Explorer: Dữ liệu tài chính doanh nghiệp,Nhóm 21 — DN thông thường — Báo cáo LCTT trực tiếp,"1. Tiền thu từ phát hành CP, nhận vốn góp",Base,GSDC,Fact Public Company Financial Report Value,Report Year,FILTER,fct_public_company_financial_rpt_val.rpt_year = :year AND fct_public_company_financial_rpt_val.rpt_quarter = :quarter,
K_GSDC_922,Data Explorer: Dữ liệu tài chính doanh nghiệp,Nhóm 21 — DN thông thường — Báo cáo LCTT trực tiếp,"2. Tiền trả lại vốn góp, mua lại CP đã phát hành",Base,GSDC,Fact Public Company Financial Report Value,Data Value,MEASURE,fct_public_company_financial_rpt_val.data_val,
K_GSDC_922,Data Explorer: Dữ liệu tài chính doanh nghiệp,Nhóm 21 — DN thông thường — Báo cáo LCTT trực tiếp,"2. Tiền trả lại vốn góp, mua lại CP đã phát hành",Base,GSDC,Financial Report Catalog Dimension,Row Description Reference,FILTER,JOIN financial_rpt_catalog_dim ON financial_rpt_catalog_dim.financial_rpt_catalog_dim_id = fct_public_company_financial_rpt_val.financial_rpt_catalog_dim_id WHERE financial_rpt_catalog_dim.financial_rpt_catalog_code LIKE 'BCLCTT_TT%' AND financial_rpt_catalog_dim.enterprise_tp_code = 'dn' AND financial_rpt_catalog_dim.row_description_reference = '32' AND financial_rpt_catalog_dim.column_description_reference = '1',
K_GSDC_922,Data Explorer: Dữ liệu tài chính doanh nghiệp,Nhóm 21 — DN thông thường — Báo cáo LCTT trực tiếp,"2. Tiền trả lại vốn góp, mua lại CP đã phát hành",Base,GSDC,Fact Public Company Financial Report Value,Report Year,FILTER,fct_public_company_financial_rpt_val.rpt_year = :year AND fct_public_company_financial_rpt_val.rpt_quarter = :quarter,
K_GSDC_923,Data Explorer: Dữ liệu tài chính doanh nghiệp,Nhóm 21 — DN thông thường — Báo cáo LCTT trực tiếp,3. Tiền thu từ đi vay,Base,GSDC,Fact Public Company Financial Report Value,Data Value,MEASURE,fct_public_company_financial_rpt_val.data_val,
K_GSDC_923,Data Explorer: Dữ liệu tài chính doanh nghiệp,Nhóm 21 — DN thông thường — Báo cáo LCTT trực tiếp,3. Tiền thu từ đi vay,Base,GSDC,Financial Report Catalog Dimension,Row Description Reference,FILTER,JOIN financial_rpt_catalog_dim ON financial_rpt_catalog_dim.financial_rpt_catalog_dim_id = fct_public_company_financial_rpt_val.financial_rpt_catalog_dim_id WHERE financial_rpt_catalog_dim.financial_rpt_catalog_code LIKE 'BCLCTT_TT%' AND financial_rpt_catalog_dim.enterprise_tp_code = 'dn' AND financial_rpt_catalog_dim.row_description_reference = '33' AND financial_rpt_catalog_dim.column_description_reference = '1',
K_GSDC_923,Data Explorer: Dữ liệu tài chính doanh nghiệp,Nhóm 21 — DN thông thường — Báo cáo LCTT trực tiếp,3. Tiền thu từ đi vay,Base,GSDC,Fact Public Company Financial Report Value,Report Year,FILTER,fct_public_company_financial_rpt_val.rpt_year = :year AND fct_public_company_financial_rpt_val.rpt_quarter = :quarter,
K_GSDC_924,Data Explorer: Dữ liệu tài chính doanh nghiệp,Nhóm 21 — DN thông thường — Báo cáo LCTT trực tiếp,4. Tiền trả nợ gốc vay,Base,GSDC,Fact Public Company Financial Report Value,Data Value,MEASURE,fct_public_company_financial_rpt_val.data_val,
K_GSDC_924,Data Explorer: Dữ liệu tài chính doanh nghiệp,Nhóm 21 — DN thông thường — Báo cáo LCTT trực tiếp,4. Tiền trả nợ gốc vay,Base,GSDC,Financial Report Catalog Dimension,Row Description Reference,FILTER,JOIN financial_rpt_catalog_dim ON financial_rpt_catalog_dim.financial_rpt_catalog_dim_id = fct_public_company_financial_rpt_val.financial_rpt_catalog_dim_id WHERE financial_rpt_catalog_dim.financial_rpt_catalog_code LIKE 'BCLCTT_TT%' AND financial_rpt_catalog_dim.enterprise_tp_code = 'dn' AND financial_rpt_catalog_dim.row_description_reference = '34' AND financial_rpt_catalog_dim.column_description_reference = '1',
K_GSDC_924,Data Explorer: Dữ liệu tài chính doanh nghiệp,Nhóm 21 — DN thông thường — Báo cáo LCTT trực tiếp,4. Tiền trả nợ gốc vay,Base,GSDC,Fact Public Company Financial Report Value,Report Year,FILTER,fct_public_company_financial_rpt_val.rpt_year = :year AND fct_public_company_financial_rpt_val.rpt_quarter = :quarter,
K_GSDC_925,Data Explorer: Dữ liệu tài chính doanh nghiệp,Nhóm 21 — DN thông thường — Báo cáo LCTT trực tiếp,5. Tiền trả nợ gốc thuê tài chính,Base,GSDC,Fact Public Company Financial Report Value,Data Value,MEASURE,fct_public_company_financial_rpt_val.data_val,
K_GSDC_925,Data Explorer: Dữ liệu tài chính doanh nghiệp,Nhóm 21 — DN thông thường — Báo cáo LCTT trực tiếp,5. Tiền trả nợ gốc thuê tài chính,Base,GSDC,Financial Report Catalog Dimension,Row Description Reference,FILTER,JOIN financial_rpt_catalog_dim ON financial_rpt_catalog_dim.financial_rpt_catalog_dim_id = fct_public_company_financial_rpt_val.financial_rpt_catalog_dim_id WHERE financial_rpt_catalog_dim.financial_rpt_catalog_code LIKE 'BCLCTT_TT%' AND financial_rpt_catalog_dim.enterprise_tp_code = 'dn' AND financial_rpt_catalog_dim.row_description_reference = '35' AND financial_rpt_catalog_dim.column_description_reference = '1',
K_GSDC_925,Data Explorer: Dữ liệu tài chính doanh nghiệp,Nhóm 21 — DN thông thường — Báo cáo LCTT trực tiếp,5. Tiền trả nợ gốc thuê tài chính,Base,GSDC,Fact Public Company Financial Report Value,Report Year,FILTER,fct_public_company_financial_rpt_val.rpt_year = :year AND fct_public_company_financial_rpt_val.rpt_quarter = :quarter,
K_GSDC_926,Data Explorer: Dữ liệu tài chính doanh nghiệp,Nhóm 21 — DN thông thường — Báo cáo LCTT trực tiếp,"6. Cổ tức, lợi nhuận đã trả cho chủ sở hữu",Base,GSDC,Fact Public Company Financial Report Value,Data Value,MEASURE,fct_public_company_financial_rpt_val.data_val,
K_GSDC_926,Data Explorer: Dữ liệu tài chính doanh nghiệp,Nhóm 21 — DN thông thường — Báo cáo LCTT trực tiếp,"6. Cổ tức, lợi nhuận đã trả cho chủ sở hữu",Base,GSDC,Financial Report Catalog Dimension,Row Description Reference,FILTER,JOIN financial_rpt_catalog_dim ON financial_rpt_catalog_dim.financial_rpt_catalog_dim_id = fct_public_company_financial_rpt_val.financial_rpt_catalog_dim_id WHERE financial_rpt_catalog_dim.financial_rpt_catalog_code LIKE 'BCLCTT_TT%' AND financial_rpt_catalog_dim.enterprise_tp_code = 'dn' AND financial_rpt_catalog_dim.row_description_reference = '36' AND financial_rpt_catalog_dim.column_description_reference = '1',
K_GSDC_926,Data Explorer: Dữ liệu tài chính doanh nghiệp,Nhóm 21 — DN thông thường — Báo cáo LCTT trực tiếp,"6. Cổ tức, lợi nhuận đã trả cho chủ sở hữu",Base,GSDC,Fact Public Company Financial Report Value,Report Year,FILTER,fct_public_company_financial_rpt_val.rpt_year = :year AND fct_public_company_financial_rpt_val.rpt_quarter = :quarter,
K_GSDC_927,Data Explorer: Dữ liệu tài chính doanh nghiệp,Nhóm 21 — DN thông thường — Báo cáo LCTT trực tiếp,Lưu chuyển tiền thuần từ HĐ tài chính,Base,GSDC,Fact Public Company Financial Report Value,Data Value,MEASURE,fct_public_company_financial_rpt_val.data_val,
K_GSDC_927,Data Explorer: Dữ liệu tài chính doanh nghiệp,Nhóm 21 — DN thông thường — Báo cáo LCTT trực tiếp,Lưu chuyển tiền thuần từ HĐ tài chính,Base,GSDC,Financial Report Catalog Dimension,Row Description Reference,FILTER,JOIN financial_rpt_catalog_dim ON financial_rpt_catalog_dim.financial_rpt_catalog_dim_id = fct_public_company_financial_rpt_val.financial_rpt_catalog_dim_id WHERE financial_rpt_catalog_dim.financial_rpt_catalog_code LIKE 'BCLCTT_TT%' AND financial_rpt_catalog_dim.enterprise_tp_code = 'dn' AND financial_rpt_catalog_dim.row_description_reference = '40' AND financial_rpt_catalog_dim.column_description_reference = '1',
K_GSDC_927,Data Explorer: Dữ liệu tài chính doanh nghiệp,Nhóm 21 — DN thông thường — Báo cáo LCTT trực tiếp,Lưu chuyển tiền thuần từ HĐ tài chính,Base,GSDC,Fact Public Company Financial Report Value,Report Year,FILTER,fct_public_company_financial_rpt_val.rpt_year = :year AND fct_public_company_financial_rpt_val.rpt_quarter = :quarter,
K_GSDC_928,Data Explorer: Dữ liệu tài chính doanh nghiệp,Nhóm 21 — DN thông thường — Báo cáo LCTT trực tiếp,Lưu chuyển tiền thuần trong kỳ,Base,GSDC,Fact Public Company Financial Report Value,Data Value,MEASURE,fct_public_company_financial_rpt_val.data_val,
K_GSDC_928,Data Explorer: Dữ liệu tài chính doanh nghiệp,Nhóm 21 — DN thông thường — Báo cáo LCTT trực tiếp,Lưu chuyển tiền thuần trong kỳ,Base,GSDC,Financial Report Catalog Dimension,Row Description Reference,FILTER,JOIN financial_rpt_catalog_dim ON financial_rpt_catalog_dim.financial_rpt_catalog_dim_id = fct_public_company_financial_rpt_val.financial_rpt_catalog_dim_id WHERE financial_rpt_catalog_dim.financial_rpt_catalog_code LIKE 'BCLCTT_TT%' AND financial_rpt_catalog_dim.enterprise_tp_code = 'dn' AND financial_rpt_catalog_dim.row_description_reference = '50' AND financial_rpt_catalog_dim.column_description_reference = '1',
K_GSDC_928,Data Explorer: Dữ liệu tài chính doanh nghiệp,Nhóm 21 — DN thông thường — Báo cáo LCTT trực tiếp,Lưu chuyển tiền thuần trong kỳ,Base,GSDC,Fact Public Company Financial Report Value,Report Year,FILTER,fct_public_company_financial_rpt_val.rpt_year = :year AND fct_public_company_financial_rpt_val.rpt_quarter = :quarter,
K_GSDC_929,Data Explorer: Dữ liệu tài chính doanh nghiệp,Nhóm 21 — DN thông thường — Báo cáo LCTT trực tiếp,Tiền và tương đương tiền đầu kỳ,Base,GSDC,Fact Public Company Financial Report Value,Data Value,MEASURE,fct_public_company_financial_rpt_val.data_val,
K_GSDC_929,Data Explorer: Dữ liệu tài chính doanh nghiệp,Nhóm 21 — DN thông thường — Báo cáo LCTT trực tiếp,Tiền và tương đương tiền đầu kỳ,Base,GSDC,Financial Report Catalog Dimension,Row Description Reference,FILTER,JOIN financial_rpt_catalog_dim ON financial_rpt_catalog_dim.financial_rpt_catalog_dim_id = fct_public_company_financial_rpt_val.financial_rpt_catalog_dim_id WHERE financial_rpt_catalog_dim.financial_rpt_catalog_code LIKE 'BCLCTT_TT%' AND financial_rpt_catalog_dim.enterprise_tp_code = 'dn' AND financial_rpt_catalog_dim.row_description_reference = '60' AND financial_rpt_catalog_dim.column_description_reference = '1',
K_GSDC_929,Data Explorer: Dữ liệu tài chính doanh nghiệp,Nhóm 21 — DN thông thường — Báo cáo LCTT trực tiếp,Tiền và tương đương tiền đầu kỳ,Base,GSDC,Fact Public Company Financial Report Value,Report Year,FILTER,fct_public_company_financial_rpt_val.rpt_year = :year AND fct_public_company_financial_rpt_val.rpt_quarter = :quarter,
K_GSDC_930,Data Explorer: Dữ liệu tài chính doanh nghiệp,Nhóm 21 — DN thông thường — Báo cáo LCTT trực tiếp,Ảnh hưởng của thay đổi tỷ giá hối đoái,Base,GSDC,Fact Public Company Financial Report Value,Data Value,MEASURE,fct_public_company_financial_rpt_val.data_val,
K_GSDC_930,Data Explorer: Dữ liệu tài chính doanh nghiệp,Nhóm 21 — DN thông thường — Báo cáo LCTT trực tiếp,Ảnh hưởng của thay đổi tỷ giá hối đoái,Base,GSDC,Financial Report Catalog Dimension,Row Description Reference,FILTER,JOIN financial_rpt_catalog_dim ON financial_rpt_catalog_dim.financial_rpt_catalog_dim_id = fct_public_company_financial_rpt_val.financial_rpt_catalog_dim_id WHERE financial_rpt_catalog_dim.financial_rpt_catalog_code LIKE 'BCLCTT_TT%' AND financial_rpt_catalog_dim.enterprise_tp_code = 'dn' AND financial_rpt_catalog_dim.row_description_reference = '61' AND financial_rpt_catalog_dim.column_description_reference = '1',
K_GSDC_930,Data Explorer: Dữ liệu tài chính doanh nghiệp,Nhóm 21 — DN thông thường — Báo cáo LCTT trực tiếp,Ảnh hưởng của thay đổi tỷ giá hối đoái,Base,GSDC,Fact Public Company Financial Report Value,Report Year,FILTER,fct_public_company_financial_rpt_val.rpt_year = :year AND fct_public_company_financial_rpt_val.rpt_quarter = :quarter,
K_GSDC_931,Data Explorer: Dữ liệu tài chính doanh nghiệp,Nhóm 21 — DN thông thường — Báo cáo LCTT trực tiếp,Tiền và tương đương tiền cuối kỳ,Base,GSDC,Fact Public Company Financial Report Value,Data Value,MEASURE,fct_public_company_financial_rpt_val.data_val,
K_GSDC_931,Data Explorer: Dữ liệu tài chính doanh nghiệp,Nhóm 21 — DN thông thường — Báo cáo LCTT trực tiếp,Tiền và tương đương tiền cuối kỳ,Base,GSDC,Financial Report Catalog Dimension,Row Description Reference,FILTER,JOIN financial_rpt_catalog_dim ON financial_rpt_catalog_dim.financial_rpt_catalog_dim_id = fct_public_company_financial_rpt_val.financial_rpt_catalog_dim_id WHERE financial_rpt_catalog_dim.financial_rpt_catalog_code LIKE 'BCLCTT_TT%' AND financial_rpt_catalog_dim.enterprise_tp_code = 'dn' AND financial_rpt_catalog_dim.row_description_reference = '70' AND financial_rpt_catalog_dim.column_description_reference = '1',
K_GSDC_931,Data Explorer: Dữ liệu tài chính doanh nghiệp,Nhóm 21 — DN thông thường — Báo cáo LCTT trực tiếp,Tiền và tương đương tiền cuối kỳ,Base,GSDC,Fact Public Company Financial Report Value,Report Year,FILTER,fct_public_company_financial_rpt_val.rpt_year = :year AND fct_public_company_financial_rpt_val.rpt_quarter = :quarter,
K_GSDC_902,Data Explorer: Dữ liệu tài chính doanh nghiệp,Nhóm 21 — DN thông thường — Báo cáo LCTT trực tiếp,I. Lưu chuyển tiền từ hoạt động kinh doanh,N/A,GSDC,,,SLICER,,"Section label — không có logic tính toán, dùng cho hiển thị phân cấp trong Data Explorer"
K_GSDC_911,Data Explorer: Dữ liệu tài chính doanh nghiệp,Nhóm 21 — DN thông thường — Báo cáo LCTT trực tiếp,II. Lưu chuyển tiền từ hoạt động đầu tư,N/A,GSDC,,,SLICER,,"Section label — không có logic tính toán, dùng cho hiển thị phân cấp trong Data Explorer"
K_GSDC_920,Data Explorer: Dữ liệu tài chính doanh nghiệp,Nhóm 21 — DN thông thường — Báo cáo LCTT trực tiếp,III. Lưu chuyển tiền từ hoạt động tài chính,N/A,GSDC,,,SLICER,,"Section label — không có logic tính toán, dùng cho hiển thị phân cấp trong Data Explorer"
K_GSDC_933,Data Explorer: Dữ liệu tài chính doanh nghiệp,Nhóm 22 — DN thông thường — Báo cáo LCTT gián tiếp,1. Lợi nhuận trước thuế,Base,GSDC,Fact Public Company Financial Report Value,Data Value,MEASURE,fct_public_company_financial_rpt_val.data_val,
K_GSDC_933,Data Explorer: Dữ liệu tài chính doanh nghiệp,Nhóm 22 — DN thông thường — Báo cáo LCTT gián tiếp,1. Lợi nhuận trước thuế,Base,GSDC,Financial Report Catalog Dimension,Row Description Reference,FILTER,JOIN financial_rpt_catalog_dim ON financial_rpt_catalog_dim.financial_rpt_catalog_dim_id = fct_public_company_financial_rpt_val.financial_rpt_catalog_dim_id WHERE financial_rpt_catalog_dim.financial_rpt_catalog_code LIKE 'BCLCTT_GT%' AND financial_rpt_catalog_dim.enterprise_tp_code = 'dn' AND financial_rpt_catalog_dim.row_description_reference = '01' AND financial_rpt_catalog_dim.column_description_reference = '1',
K_GSDC_933,Data Explorer: Dữ liệu tài chính doanh nghiệp,Nhóm 22 — DN thông thường — Báo cáo LCTT gián tiếp,1. Lợi nhuận trước thuế,Base,GSDC,Fact Public Company Financial Report Value,Report Year,FILTER,fct_public_company_financial_rpt_val.rpt_year = :year AND fct_public_company_financial_rpt_val.rpt_quarter = :quarter,
K_GSDC_935,Data Explorer: Dữ liệu tài chính doanh nghiệp,Nhóm 22 — DN thông thường — Báo cáo LCTT gián tiếp,Khấu hao TSCĐ và BĐSĐT,Base,GSDC,Fact Public Company Financial Report Value,Data Value,MEASURE,fct_public_company_financial_rpt_val.data_val,
K_GSDC_935,Data Explorer: Dữ liệu tài chính doanh nghiệp,Nhóm 22 — DN thông thường — Báo cáo LCTT gián tiếp,Khấu hao TSCĐ và BĐSĐT,Base,GSDC,Financial Report Catalog Dimension,Row Description Reference,FILTER,JOIN financial_rpt_catalog_dim ON financial_rpt_catalog_dim.financial_rpt_catalog_dim_id = fct_public_company_financial_rpt_val.financial_rpt_catalog_dim_id WHERE financial_rpt_catalog_dim.financial_rpt_catalog_code LIKE 'BCLCTT_GT%' AND financial_rpt_catalog_dim.enterprise_tp_code = 'dn' AND financial_rpt_catalog_dim.row_description_reference = '02' AND financial_rpt_catalog_dim.column_description_reference = '1',
K_GSDC_935,Data Explorer: Dữ liệu tài chính doanh nghiệp,Nhóm 22 — DN thông thường — Báo cáo LCTT gián tiếp,Khấu hao TSCĐ và BĐSĐT,Base,GSDC,Fact Public Company Financial Report Value,Report Year,FILTER,fct_public_company_financial_rpt_val.rpt_year = :year AND fct_public_company_financial_rpt_val.rpt_quarter = :quarter,
K_GSDC_936,Data Explorer: Dữ liệu tài chính doanh nghiệp,Nhóm 22 — DN thông thường — Báo cáo LCTT gián tiếp,Các khoản dự phòng,Base,GSDC,Fact Public Company Financial Report Value,Data Value,MEASURE,fct_public_company_financial_rpt_val.data_val,
K_GSDC_936,Data Explorer: Dữ liệu tài chính doanh nghiệp,Nhóm 22 — DN thông thường — Báo cáo LCTT gián tiếp,Các khoản dự phòng,Base,GSDC,Financial Report Catalog Dimension,Row Description Reference,FILTER,JOIN financial_rpt_catalog_dim ON financial_rpt_catalog_dim.financial_rpt_catalog_dim_id = fct_public_company_financial_rpt_val.financial_rpt_catalog_dim_id WHERE financial_rpt_catalog_dim.financial_rpt_catalog_code LIKE 'BCLCTT_GT%' AND financial_rpt_catalog_dim.enterprise_tp_code = 'dn' AND financial_rpt_catalog_dim.row_description_reference = '03' AND financial_rpt_catalog_dim.column_description_reference = '1',
K_GSDC_936,Data Explorer: Dữ liệu tài chính doanh nghiệp,Nhóm 22 — DN thông thường — Báo cáo LCTT gián tiếp,Các khoản dự phòng,Base,GSDC,Fact Public Company Financial Report Value,Report Year,FILTER,fct_public_company_financial_rpt_val.rpt_year = :year AND fct_public_company_financial_rpt_val.rpt_quarter = :quarter,
K_GSDC_937,Data Explorer: Dữ liệu tài chính doanh nghiệp,Nhóm 22 — DN thông thường — Báo cáo LCTT gián tiếp,Lãi/lỗ chênh lệch tỷ giá do đánh giá lại,Base,GSDC,Fact Public Company Financial Report Value,Data Value,MEASURE,fct_public_company_financial_rpt_val.data_val,
K_GSDC_937,Data Explorer: Dữ liệu tài chính doanh nghiệp,Nhóm 22 — DN thông thường — Báo cáo LCTT gián tiếp,Lãi/lỗ chênh lệch tỷ giá do đánh giá lại,Base,GSDC,Financial Report Catalog Dimension,Row Description Reference,FILTER,JOIN financial_rpt_catalog_dim ON financial_rpt_catalog_dim.financial_rpt_catalog_dim_id = fct_public_company_financial_rpt_val.financial_rpt_catalog_dim_id WHERE financial_rpt_catalog_dim.financial_rpt_catalog_code LIKE 'BCLCTT_GT%' AND financial_rpt_catalog_dim.enterprise_tp_code = 'dn' AND financial_rpt_catalog_dim.row_description_reference = '04' AND financial_rpt_catalog_dim.column_description_reference = '1',
K_GSDC_937,Data Explorer: Dữ liệu tài chính doanh nghiệp,Nhóm 22 — DN thông thường — Báo cáo LCTT gián tiếp,Lãi/lỗ chênh lệch tỷ giá do đánh giá lại,Base,GSDC,Fact Public Company Financial Report Value,Report Year,FILTER,fct_public_company_financial_rpt_val.rpt_year = :year AND fct_public_company_financial_rpt_val.rpt_quarter = :quarter,
K_GSDC_938,Data Explorer: Dữ liệu tài chính doanh nghiệp,Nhóm 22 — DN thông thường — Báo cáo LCTT gián tiếp,Lãi/lỗ từ hoạt động đầu tư,Base,GSDC,Fact Public Company Financial Report Value,Data Value,MEASURE,fct_public_company_financial_rpt_val.data_val,
K_GSDC_938,Data Explorer: Dữ liệu tài chính doanh nghiệp,Nhóm 22 — DN thông thường — Báo cáo LCTT gián tiếp,Lãi/lỗ từ hoạt động đầu tư,Base,GSDC,Financial Report Catalog Dimension,Row Description Reference,FILTER,JOIN financial_rpt_catalog_dim ON financial_rpt_catalog_dim.financial_rpt_catalog_dim_id = fct_public_company_financial_rpt_val.financial_rpt_catalog_dim_id WHERE financial_rpt_catalog_dim.financial_rpt_catalog_code LIKE 'BCLCTT_GT%' AND financial_rpt_catalog_dim.enterprise_tp_code = 'dn' AND financial_rpt_catalog_dim.row_description_reference = '05' AND financial_rpt_catalog_dim.column_description_reference = '1',
K_GSDC_938,Data Explorer: Dữ liệu tài chính doanh nghiệp,Nhóm 22 — DN thông thường — Báo cáo LCTT gián tiếp,Lãi/lỗ từ hoạt động đầu tư,Base,GSDC,Fact Public Company Financial Report Value,Report Year,FILTER,fct_public_company_financial_rpt_val.rpt_year = :year AND fct_public_company_financial_rpt_val.rpt_quarter = :quarter,
K_GSDC_939,Data Explorer: Dữ liệu tài chính doanh nghiệp,Nhóm 22 — DN thông thường — Báo cáo LCTT gián tiếp,Chi phí lãi vay,Base,GSDC,Fact Public Company Financial Report Value,Data Value,MEASURE,fct_public_company_financial_rpt_val.data_val,
K_GSDC_939,Data Explorer: Dữ liệu tài chính doanh nghiệp,Nhóm 22 — DN thông thường — Báo cáo LCTT gián tiếp,Chi phí lãi vay,Base,GSDC,Financial Report Catalog Dimension,Row Description Reference,FILTER,JOIN financial_rpt_catalog_dim ON financial_rpt_catalog_dim.financial_rpt_catalog_dim_id = fct_public_company_financial_rpt_val.financial_rpt_catalog_dim_id WHERE financial_rpt_catalog_dim.financial_rpt_catalog_code LIKE 'BCLCTT_GT%' AND financial_rpt_catalog_dim.enterprise_tp_code = 'dn' AND financial_rpt_catalog_dim.row_description_reference = '06' AND financial_rpt_catalog_dim.column_description_reference = '1',
K_GSDC_939,Data Explorer: Dữ liệu tài chính doanh nghiệp,Nhóm 22 — DN thông thường — Báo cáo LCTT gián tiếp,Chi phí lãi vay,Base,GSDC,Fact Public Company Financial Report Value,Report Year,FILTER,fct_public_company_financial_rpt_val.rpt_year = :year AND fct_public_company_financial_rpt_val.rpt_quarter = :quarter,
K_GSDC_940,Data Explorer: Dữ liệu tài chính doanh nghiệp,Nhóm 22 — DN thông thường — Báo cáo LCTT gián tiếp,Các khoản điều chỉnh khác,Base,GSDC,Fact Public Company Financial Report Value,Data Value,MEASURE,fct_public_company_financial_rpt_val.data_val,
K_GSDC_940,Data Explorer: Dữ liệu tài chính doanh nghiệp,Nhóm 22 — DN thông thường — Báo cáo LCTT gián tiếp,Các khoản điều chỉnh khác,Base,GSDC,Financial Report Catalog Dimension,Row Description Reference,FILTER,JOIN financial_rpt_catalog_dim ON financial_rpt_catalog_dim.financial_rpt_catalog_dim_id = fct_public_company_financial_rpt_val.financial_rpt_catalog_dim_id WHERE financial_rpt_catalog_dim.financial_rpt_catalog_code LIKE 'BCLCTT_GT%' AND financial_rpt_catalog_dim.enterprise_tp_code = 'dn' AND financial_rpt_catalog_dim.row_description_reference = '07' AND financial_rpt_catalog_dim.column_description_reference = '1',
K_GSDC_940,Data Explorer: Dữ liệu tài chính doanh nghiệp,Nhóm 22 — DN thông thường — Báo cáo LCTT gián tiếp,Các khoản điều chỉnh khác,Base,GSDC,Fact Public Company Financial Report Value,Report Year,FILTER,fct_public_company_financial_rpt_val.rpt_year = :year AND fct_public_company_financial_rpt_val.rpt_quarter = :quarter,
K_GSDC_941,Data Explorer: Dữ liệu tài chính doanh nghiệp,Nhóm 22 — DN thông thường — Báo cáo LCTT gián tiếp,3. LN từ HĐKD trước thay đổi vốn lưu động,Base,GSDC,Fact Public Company Financial Report Value,Data Value,MEASURE,fct_public_company_financial_rpt_val.data_val,
K_GSDC_941,Data Explorer: Dữ liệu tài chính doanh nghiệp,Nhóm 22 — DN thông thường — Báo cáo LCTT gián tiếp,3. LN từ HĐKD trước thay đổi vốn lưu động,Base,GSDC,Financial Report Catalog Dimension,Row Description Reference,FILTER,JOIN financial_rpt_catalog_dim ON financial_rpt_catalog_dim.financial_rpt_catalog_dim_id = fct_public_company_financial_rpt_val.financial_rpt_catalog_dim_id WHERE financial_rpt_catalog_dim.financial_rpt_catalog_code LIKE 'BCLCTT_GT%' AND financial_rpt_catalog_dim.enterprise_tp_code = 'dn' AND financial_rpt_catalog_dim.row_description_reference = '8' AND financial_rpt_catalog_dim.column_description_reference = '1',
K_GSDC_941,Data Explorer: Dữ liệu tài chính doanh nghiệp,Nhóm 22 — DN thông thường — Báo cáo LCTT gián tiếp,3. LN từ HĐKD trước thay đổi vốn lưu động,Base,GSDC,Fact Public Company Financial Report Value,Report Year,FILTER,fct_public_company_financial_rpt_val.rpt_year = :year AND fct_public_company_financial_rpt_val.rpt_quarter = :quarter,
K_GSDC_942,Data Explorer: Dữ liệu tài chính doanh nghiệp,Nhóm 22 — DN thông thường — Báo cáo LCTT gián tiếp,Tăng/giảm các khoản phải thu,Base,GSDC,Fact Public Company Financial Report Value,Data Value,MEASURE,fct_public_company_financial_rpt_val.data_val,
K_GSDC_942,Data Explorer: Dữ liệu tài chính doanh nghiệp,Nhóm 22 — DN thông thường — Báo cáo LCTT gián tiếp,Tăng/giảm các khoản phải thu,Base,GSDC,Financial Report Catalog Dimension,Row Description Reference,FILTER,JOIN financial_rpt_catalog_dim ON financial_rpt_catalog_dim.financial_rpt_catalog_dim_id = fct_public_company_financial_rpt_val.financial_rpt_catalog_dim_id WHERE financial_rpt_catalog_dim.financial_rpt_catalog_code LIKE 'BCLCTT_GT%' AND financial_rpt_catalog_dim.enterprise_tp_code = 'dn' AND financial_rpt_catalog_dim.row_description_reference = '9' AND financial_rpt_catalog_dim.column_description_reference = '1',
K_GSDC_942,Data Explorer: Dữ liệu tài chính doanh nghiệp,Nhóm 22 — DN thông thường — Báo cáo LCTT gián tiếp,Tăng/giảm các khoản phải thu,Base,GSDC,Fact Public Company Financial Report Value,Report Year,FILTER,fct_public_company_financial_rpt_val.rpt_year = :year AND fct_public_company_financial_rpt_val.rpt_quarter = :quarter,
K_GSDC_943,Data Explorer: Dữ liệu tài chính doanh nghiệp,Nhóm 22 — DN thông thường — Báo cáo LCTT gián tiếp,Tăng/giảm hàng tồn kho,Base,GSDC,Fact Public Company Financial Report Value,Data Value,MEASURE,fct_public_company_financial_rpt_val.data_val,
K_GSDC_943,Data Explorer: Dữ liệu tài chính doanh nghiệp,Nhóm 22 — DN thông thường — Báo cáo LCTT gián tiếp,Tăng/giảm hàng tồn kho,Base,GSDC,Financial Report Catalog Dimension,Row Description Reference,FILTER,JOIN financial_rpt_catalog_dim ON financial_rpt_catalog_dim.financial_rpt_catalog_dim_id = fct_public_company_financial_rpt_val.financial_rpt_catalog_dim_id WHERE financial_rpt_catalog_dim.financial_rpt_catalog_code LIKE 'BCLCTT_GT%' AND financial_rpt_catalog_dim.enterprise_tp_code = 'dn' AND financial_rpt_catalog_dim.row_description_reference = '10' AND financial_rpt_catalog_dim.column_description_reference = '1',
K_GSDC_943,Data Explorer: Dữ liệu tài chính doanh nghiệp,Nhóm 22 — DN thông thường — Báo cáo LCTT gián tiếp,Tăng/giảm hàng tồn kho,Base,GSDC,Fact Public Company Financial Report Value,Report Year,FILTER,fct_public_company_financial_rpt_val.rpt_year = :year AND fct_public_company_financial_rpt_val.rpt_quarter = :quarter,
K_GSDC_944,Data Explorer: Dữ liệu tài chính doanh nghiệp,Nhóm 22 — DN thông thường — Báo cáo LCTT gián tiếp,Tăng/giảm các khoản phải trả,Base,GSDC,Fact Public Company Financial Report Value,Data Value,MEASURE,fct_public_company_financial_rpt_val.data_val,
K_GSDC_944,Data Explorer: Dữ liệu tài chính doanh nghiệp,Nhóm 22 — DN thông thường — Báo cáo LCTT gián tiếp,Tăng/giảm các khoản phải trả,Base,GSDC,Financial Report Catalog Dimension,Row Description Reference,FILTER,JOIN financial_rpt_catalog_dim ON financial_rpt_catalog_dim.financial_rpt_catalog_dim_id = fct_public_company_financial_rpt_val.financial_rpt_catalog_dim_id WHERE financial_rpt_catalog_dim.financial_rpt_catalog_code LIKE 'BCLCTT_GT%' AND financial_rpt_catalog_dim.enterprise_tp_code = 'dn' AND financial_rpt_catalog_dim.row_description_reference = '11' AND financial_rpt_catalog_dim.column_description_reference = '1',
K_GSDC_944,Data Explorer: Dữ liệu tài chính doanh nghiệp,Nhóm 22 — DN thông thường — Báo cáo LCTT gián tiếp,Tăng/giảm các khoản phải trả,Base,GSDC,Fact Public Company Financial Report Value,Report Year,FILTER,fct_public_company_financial_rpt_val.rpt_year = :year AND fct_public_company_financial_rpt_val.rpt_quarter = :quarter,
K_GSDC_945,Data Explorer: Dữ liệu tài chính doanh nghiệp,Nhóm 22 — DN thông thường — Báo cáo LCTT gián tiếp,Tăng/giảm chi phí trả trước,Base,GSDC,Fact Public Company Financial Report Value,Data Value,MEASURE,fct_public_company_financial_rpt_val.data_val,
K_GSDC_945,Data Explorer: Dữ liệu tài chính doanh nghiệp,Nhóm 22 — DN thông thường — Báo cáo LCTT gián tiếp,Tăng/giảm chi phí trả trước,Base,GSDC,Financial Report Catalog Dimension,Row Description Reference,FILTER,JOIN financial_rpt_catalog_dim ON financial_rpt_catalog_dim.financial_rpt_catalog_dim_id = fct_public_company_financial_rpt_val.financial_rpt_catalog_dim_id WHERE financial_rpt_catalog_dim.financial_rpt_catalog_code LIKE 'BCLCTT_GT%' AND financial_rpt_catalog_dim.enterprise_tp_code = 'dn' AND financial_rpt_catalog_dim.row_description_reference = '12' AND financial_rpt_catalog_dim.column_description_reference = '1',
K_GSDC_945,Data Explorer: Dữ liệu tài chính doanh nghiệp,Nhóm 22 — DN thông thường — Báo cáo LCTT gián tiếp,Tăng/giảm chi phí trả trước,Base,GSDC,Fact Public Company Financial Report Value,Report Year,FILTER,fct_public_company_financial_rpt_val.rpt_year = :year AND fct_public_company_financial_rpt_val.rpt_quarter = :quarter,
K_GSDC_946,Data Explorer: Dữ liệu tài chính doanh nghiệp,Nhóm 22 — DN thông thường — Báo cáo LCTT gián tiếp,Tăng/giảm chứng khoán kinh doanh,Base,GSDC,Fact Public Company Financial Report Value,Data Value,MEASURE,fct_public_company_financial_rpt_val.data_val,
K_GSDC_946,Data Explorer: Dữ liệu tài chính doanh nghiệp,Nhóm 22 — DN thông thường — Báo cáo LCTT gián tiếp,Tăng/giảm chứng khoán kinh doanh,Base,GSDC,Financial Report Catalog Dimension,Row Description Reference,FILTER,JOIN financial_rpt_catalog_dim ON financial_rpt_catalog_dim.financial_rpt_catalog_dim_id = fct_public_company_financial_rpt_val.financial_rpt_catalog_dim_id WHERE financial_rpt_catalog_dim.financial_rpt_catalog_code LIKE 'BCLCTT_GT%' AND financial_rpt_catalog_dim.enterprise_tp_code = 'dn' AND financial_rpt_catalog_dim.row_description_reference = '13' AND financial_rpt_catalog_dim.column_description_reference = '1',
K_GSDC_946,Data Explorer: Dữ liệu tài chính doanh nghiệp,Nhóm 22 — DN thông thường — Báo cáo LCTT gián tiếp,Tăng/giảm chứng khoán kinh doanh,Base,GSDC,Fact Public Company Financial Report Value,Report Year,FILTER,fct_public_company_financial_rpt_val.rpt_year = :year AND fct_public_company_financial_rpt_val.rpt_quarter = :quarter,
K_GSDC_947,Data Explorer: Dữ liệu tài chính doanh nghiệp,Nhóm 22 — DN thông thường — Báo cáo LCTT gián tiếp,Tiền lãi vay đã trả,Base,GSDC,Fact Public Company Financial Report Value,Data Value,MEASURE,fct_public_company_financial_rpt_val.data_val,
K_GSDC_947,Data Explorer: Dữ liệu tài chính doanh nghiệp,Nhóm 22 — DN thông thường — Báo cáo LCTT gián tiếp,Tiền lãi vay đã trả,Base,GSDC,Financial Report Catalog Dimension,Row Description Reference,FILTER,JOIN financial_rpt_catalog_dim ON financial_rpt_catalog_dim.financial_rpt_catalog_dim_id = fct_public_company_financial_rpt_val.financial_rpt_catalog_dim_id WHERE financial_rpt_catalog_dim.financial_rpt_catalog_code LIKE 'BCLCTT_GT%' AND financial_rpt_catalog_dim.enterprise_tp_code = 'dn' AND financial_rpt_catalog_dim.row_description_reference = '14' AND financial_rpt_catalog_dim.column_description_reference = '1',
K_GSDC_947,Data Explorer: Dữ liệu tài chính doanh nghiệp,Nhóm 22 — DN thông thường — Báo cáo LCTT gián tiếp,Tiền lãi vay đã trả,Base,GSDC,Fact Public Company Financial Report Value,Report Year,FILTER,fct_public_company_financial_rpt_val.rpt_year = :year AND fct_public_company_financial_rpt_val.rpt_quarter = :quarter,
K_GSDC_948,Data Explorer: Dữ liệu tài chính doanh nghiệp,Nhóm 22 — DN thông thường — Báo cáo LCTT gián tiếp,Thuế TNDN đã nộp,Base,GSDC,Fact Public Company Financial Report Value,Data Value,MEASURE,fct_public_company_financial_rpt_val.data_val,
K_GSDC_948,Data Explorer: Dữ liệu tài chính doanh nghiệp,Nhóm 22 — DN thông thường — Báo cáo LCTT gián tiếp,Thuế TNDN đã nộp,Base,GSDC,Financial Report Catalog Dimension,Row Description Reference,FILTER,JOIN financial_rpt_catalog_dim ON financial_rpt_catalog_dim.financial_rpt_catalog_dim_id = fct_public_company_financial_rpt_val.financial_rpt_catalog_dim_id WHERE financial_rpt_catalog_dim.financial_rpt_catalog_code LIKE 'BCLCTT_GT%' AND financial_rpt_catalog_dim.enterprise_tp_code = 'dn' AND financial_rpt_catalog_dim.row_description_reference = '15' AND financial_rpt_catalog_dim.column_description_reference = '1',
K_GSDC_948,Data Explorer: Dữ liệu tài chính doanh nghiệp,Nhóm 22 — DN thông thường — Báo cáo LCTT gián tiếp,Thuế TNDN đã nộp,Base,GSDC,Fact Public Company Financial Report Value,Report Year,FILTER,fct_public_company_financial_rpt_val.rpt_year = :year AND fct_public_company_financial_rpt_val.rpt_quarter = :quarter,
K_GSDC_949,Data Explorer: Dữ liệu tài chính doanh nghiệp,Nhóm 22 — DN thông thường — Báo cáo LCTT gián tiếp,Tiền thu khác từ HĐKD,Base,GSDC,Fact Public Company Financial Report Value,Data Value,MEASURE,fct_public_company_financial_rpt_val.data_val,
K_GSDC_949,Data Explorer: Dữ liệu tài chính doanh nghiệp,Nhóm 22 — DN thông thường — Báo cáo LCTT gián tiếp,Tiền thu khác từ HĐKD,Base,GSDC,Financial Report Catalog Dimension,Row Description Reference,FILTER,JOIN financial_rpt_catalog_dim ON financial_rpt_catalog_dim.financial_rpt_catalog_dim_id = fct_public_company_financial_rpt_val.financial_rpt_catalog_dim_id WHERE financial_rpt_catalog_dim.financial_rpt_catalog_code LIKE 'BCLCTT_GT%' AND financial_rpt_catalog_dim.enterprise_tp_code = 'dn' AND financial_rpt_catalog_dim.row_description_reference = '16' AND financial_rpt_catalog_dim.column_description_reference = '1',
K_GSDC_949,Data Explorer: Dữ liệu tài chính doanh nghiệp,Nhóm 22 — DN thông thường — Báo cáo LCTT gián tiếp,Tiền thu khác từ HĐKD,Base,GSDC,Fact Public Company Financial Report Value,Report Year,FILTER,fct_public_company_financial_rpt_val.rpt_year = :year AND fct_public_company_financial_rpt_val.rpt_quarter = :quarter,
K_GSDC_950,Data Explorer: Dữ liệu tài chính doanh nghiệp,Nhóm 22 — DN thông thường — Báo cáo LCTT gián tiếp,Tiền chi khác cho HĐKD,Base,GSDC,Fact Public Company Financial Report Value,Data Value,MEASURE,fct_public_company_financial_rpt_val.data_val,
K_GSDC_950,Data Explorer: Dữ liệu tài chính doanh nghiệp,Nhóm 22 — DN thông thường — Báo cáo LCTT gián tiếp,Tiền chi khác cho HĐKD,Base,GSDC,Financial Report Catalog Dimension,Row Description Reference,FILTER,JOIN financial_rpt_catalog_dim ON financial_rpt_catalog_dim.financial_rpt_catalog_dim_id = fct_public_company_financial_rpt_val.financial_rpt_catalog_dim_id WHERE financial_rpt_catalog_dim.financial_rpt_catalog_code LIKE 'BCLCTT_GT%' AND financial_rpt_catalog_dim.enterprise_tp_code = 'dn' AND financial_rpt_catalog_dim.row_description_reference = '17' AND financial_rpt_catalog_dim.column_description_reference = '1',
K_GSDC_950,Data Explorer: Dữ liệu tài chính doanh nghiệp,Nhóm 22 — DN thông thường — Báo cáo LCTT gián tiếp,Tiền chi khác cho HĐKD,Base,GSDC,Fact Public Company Financial Report Value,Report Year,FILTER,fct_public_company_financial_rpt_val.rpt_year = :year AND fct_public_company_financial_rpt_val.rpt_quarter = :quarter,
K_GSDC_951,Data Explorer: Dữ liệu tài chính doanh nghiệp,Nhóm 22 — DN thông thường — Báo cáo LCTT gián tiếp,Lưu chuyển tiền thuần từ HĐKD,Base,GSDC,Fact Public Company Financial Report Value,Data Value,MEASURE,fct_public_company_financial_rpt_val.data_val,
K_GSDC_951,Data Explorer: Dữ liệu tài chính doanh nghiệp,Nhóm 22 — DN thông thường — Báo cáo LCTT gián tiếp,Lưu chuyển tiền thuần từ HĐKD,Base,GSDC,Financial Report Catalog Dimension,Row Description Reference,FILTER,JOIN financial_rpt_catalog_dim ON financial_rpt_catalog_dim.financial_rpt_catalog_dim_id = fct_public_company_financial_rpt_val.financial_rpt_catalog_dim_id WHERE financial_rpt_catalog_dim.financial_rpt_catalog_code LIKE 'BCLCTT_GT%' AND financial_rpt_catalog_dim.enterprise_tp_code = 'dn' AND financial_rpt_catalog_dim.row_description_reference = '20' AND financial_rpt_catalog_dim.column_description_reference = '1',
K_GSDC_951,Data Explorer: Dữ liệu tài chính doanh nghiệp,Nhóm 22 — DN thông thường — Báo cáo LCTT gián tiếp,Lưu chuyển tiền thuần từ HĐKD,Base,GSDC,Fact Public Company Financial Report Value,Report Year,FILTER,fct_public_company_financial_rpt_val.rpt_year = :year AND fct_public_company_financial_rpt_val.rpt_quarter = :quarter,
K_GSDC_953,Data Explorer: Dữ liệu tài chính doanh nghiệp,Nhóm 22 — DN thông thường — Báo cáo LCTT gián tiếp,1. Tiền chi mua sắm TSCĐ và TSDH khác,Base,GSDC,Fact Public Company Financial Report Value,Data Value,MEASURE,fct_public_company_financial_rpt_val.data_val,
K_GSDC_953,Data Explorer: Dữ liệu tài chính doanh nghiệp,Nhóm 22 — DN thông thường — Báo cáo LCTT gián tiếp,1. Tiền chi mua sắm TSCĐ và TSDH khác,Base,GSDC,Financial Report Catalog Dimension,Row Description Reference,FILTER,JOIN financial_rpt_catalog_dim ON financial_rpt_catalog_dim.financial_rpt_catalog_dim_id = fct_public_company_financial_rpt_val.financial_rpt_catalog_dim_id WHERE financial_rpt_catalog_dim.financial_rpt_catalog_code LIKE 'BCLCTT_GT%' AND financial_rpt_catalog_dim.enterprise_tp_code = 'dn' AND financial_rpt_catalog_dim.row_description_reference = '21' AND financial_rpt_catalog_dim.column_description_reference = '1',
K_GSDC_953,Data Explorer: Dữ liệu tài chính doanh nghiệp,Nhóm 22 — DN thông thường — Báo cáo LCTT gián tiếp,1. Tiền chi mua sắm TSCĐ và TSDH khác,Base,GSDC,Fact Public Company Financial Report Value,Report Year,FILTER,fct_public_company_financial_rpt_val.rpt_year = :year AND fct_public_company_financial_rpt_val.rpt_quarter = :quarter,
K_GSDC_954,Data Explorer: Dữ liệu tài chính doanh nghiệp,Nhóm 22 — DN thông thường — Báo cáo LCTT gián tiếp,"2. Tiền thu từ thanh lý, nhượng bán TSCĐ",Base,GSDC,Fact Public Company Financial Report Value,Data Value,MEASURE,fct_public_company_financial_rpt_val.data_val,
K_GSDC_954,Data Explorer: Dữ liệu tài chính doanh nghiệp,Nhóm 22 — DN thông thường — Báo cáo LCTT gián tiếp,"2. Tiền thu từ thanh lý, nhượng bán TSCĐ",Base,GSDC,Financial Report Catalog Dimension,Row Description Reference,FILTER,JOIN financial_rpt_catalog_dim ON financial_rpt_catalog_dim.financial_rpt_catalog_dim_id = fct_public_company_financial_rpt_val.financial_rpt_catalog_dim_id WHERE financial_rpt_catalog_dim.financial_rpt_catalog_code LIKE 'BCLCTT_GT%' AND financial_rpt_catalog_dim.enterprise_tp_code = 'dn' AND financial_rpt_catalog_dim.row_description_reference = '22' AND financial_rpt_catalog_dim.column_description_reference = '1',
K_GSDC_954,Data Explorer: Dữ liệu tài chính doanh nghiệp,Nhóm 22 — DN thông thường — Báo cáo LCTT gián tiếp,"2. Tiền thu từ thanh lý, nhượng bán TSCĐ",Base,GSDC,Fact Public Company Financial Report Value,Report Year,FILTER,fct_public_company_financial_rpt_val.rpt_year = :year AND fct_public_company_financial_rpt_val.rpt_quarter = :quarter,
K_GSDC_955,Data Explorer: Dữ liệu tài chính doanh nghiệp,Nhóm 22 — DN thông thường — Báo cáo LCTT gián tiếp,"3. Tiền chi cho vay, mua công cụ nợ",Base,GSDC,Fact Public Company Financial Report Value,Data Value,MEASURE,fct_public_company_financial_rpt_val.data_val,
K_GSDC_955,Data Explorer: Dữ liệu tài chính doanh nghiệp,Nhóm 22 — DN thông thường — Báo cáo LCTT gián tiếp,"3. Tiền chi cho vay, mua công cụ nợ",Base,GSDC,Financial Report Catalog Dimension,Row Description Reference,FILTER,JOIN financial_rpt_catalog_dim ON financial_rpt_catalog_dim.financial_rpt_catalog_dim_id = fct_public_company_financial_rpt_val.financial_rpt_catalog_dim_id WHERE financial_rpt_catalog_dim.financial_rpt_catalog_code LIKE 'BCLCTT_GT%' AND financial_rpt_catalog_dim.enterprise_tp_code = 'dn' AND financial_rpt_catalog_dim.row_description_reference = '23' AND financial_rpt_catalog_dim.column_description_reference = '1',
K_GSDC_955,Data Explorer: Dữ liệu tài chính doanh nghiệp,Nhóm 22 — DN thông thường — Báo cáo LCTT gián tiếp,"3. Tiền chi cho vay, mua công cụ nợ",Base,GSDC,Fact Public Company Financial Report Value,Report Year,FILTER,fct_public_company_financial_rpt_val.rpt_year = :year AND fct_public_company_financial_rpt_val.rpt_quarter = :quarter,
K_GSDC_956,Data Explorer: Dữ liệu tài chính doanh nghiệp,Nhóm 22 — DN thông thường — Báo cáo LCTT gián tiếp,"4. Tiền thu hồi cho vay, bán lại công cụ nợ",Base,GSDC,Fact Public Company Financial Report Value,Data Value,MEASURE,fct_public_company_financial_rpt_val.data_val,
K_GSDC_956,Data Explorer: Dữ liệu tài chính doanh nghiệp,Nhóm 22 — DN thông thường — Báo cáo LCTT gián tiếp,"4. Tiền thu hồi cho vay, bán lại công cụ nợ",Base,GSDC,Financial Report Catalog Dimension,Row Description Reference,FILTER,JOIN financial_rpt_catalog_dim ON financial_rpt_catalog_dim.financial_rpt_catalog_dim_id = fct_public_company_financial_rpt_val.financial_rpt_catalog_dim_id WHERE financial_rpt_catalog_dim.financial_rpt_catalog_code LIKE 'BCLCTT_GT%' AND financial_rpt_catalog_dim.enterprise_tp_code = 'dn' AND financial_rpt_catalog_dim.row_description_reference = '24' AND financial_rpt_catalog_dim.column_description_reference = '1',
K_GSDC_956,Data Explorer: Dữ liệu tài chính doanh nghiệp,Nhóm 22 — DN thông thường — Báo cáo LCTT gián tiếp,"4. Tiền thu hồi cho vay, bán lại công cụ nợ",Base,GSDC,Fact Public Company Financial Report Value,Report Year,FILTER,fct_public_company_financial_rpt_val.rpt_year = :year AND fct_public_company_financial_rpt_val.rpt_quarter = :quarter,
K_GSDC_957,Data Explorer: Dữ liệu tài chính doanh nghiệp,Nhóm 22 — DN thông thường — Báo cáo LCTT gián tiếp,5. Tiền chi đầu tư góp vốn vào đơn vị khác,Base,GSDC,Fact Public Company Financial Report Value,Data Value,MEASURE,fct_public_company_financial_rpt_val.data_val,
K_GSDC_957,Data Explorer: Dữ liệu tài chính doanh nghiệp,Nhóm 22 — DN thông thường — Báo cáo LCTT gián tiếp,5. Tiền chi đầu tư góp vốn vào đơn vị khác,Base,GSDC,Financial Report Catalog Dimension,Row Description Reference,FILTER,JOIN financial_rpt_catalog_dim ON financial_rpt_catalog_dim.financial_rpt_catalog_dim_id = fct_public_company_financial_rpt_val.financial_rpt_catalog_dim_id WHERE financial_rpt_catalog_dim.financial_rpt_catalog_code LIKE 'BCLCTT_GT%' AND financial_rpt_catalog_dim.enterprise_tp_code = 'dn' AND financial_rpt_catalog_dim.row_description_reference = '25' AND financial_rpt_catalog_dim.column_description_reference = '1',
K_GSDC_957,Data Explorer: Dữ liệu tài chính doanh nghiệp,Nhóm 22 — DN thông thường — Báo cáo LCTT gián tiếp,5. Tiền chi đầu tư góp vốn vào đơn vị khác,Base,GSDC,Fact Public Company Financial Report Value,Report Year,FILTER,fct_public_company_financial_rpt_val.rpt_year = :year AND fct_public_company_financial_rpt_val.rpt_quarter = :quarter,
K_GSDC_958,Data Explorer: Dữ liệu tài chính doanh nghiệp,Nhóm 22 — DN thông thường — Báo cáo LCTT gián tiếp,6. Tiền thu hồi đầu tư góp vốn,Base,GSDC,Fact Public Company Financial Report Value,Data Value,MEASURE,fct_public_company_financial_rpt_val.data_val,
K_GSDC_958,Data Explorer: Dữ liệu tài chính doanh nghiệp,Nhóm 22 — DN thông thường — Báo cáo LCTT gián tiếp,6. Tiền thu hồi đầu tư góp vốn,Base,GSDC,Financial Report Catalog Dimension,Row Description Reference,FILTER,JOIN financial_rpt_catalog_dim ON financial_rpt_catalog_dim.financial_rpt_catalog_dim_id = fct_public_company_financial_rpt_val.financial_rpt_catalog_dim_id WHERE financial_rpt_catalog_dim.financial_rpt_catalog_code LIKE 'BCLCTT_GT%' AND financial_rpt_catalog_dim.enterprise_tp_code = 'dn' AND financial_rpt_catalog_dim.row_description_reference = '26' AND financial_rpt_catalog_dim.column_description_reference = '1',
K_GSDC_958,Data Explorer: Dữ liệu tài chính doanh nghiệp,Nhóm 22 — DN thông thường — Báo cáo LCTT gián tiếp,6. Tiền thu hồi đầu tư góp vốn,Base,GSDC,Fact Public Company Financial Report Value,Report Year,FILTER,fct_public_company_financial_rpt_val.rpt_year = :year AND fct_public_company_financial_rpt_val.rpt_quarter = :quarter,
K_GSDC_959,Data Explorer: Dữ liệu tài chính doanh nghiệp,Nhóm 22 — DN thông thường — Báo cáo LCTT gián tiếp,"7. Tiền thu lãi cho vay, cổ tức và LN",Base,GSDC,Fact Public Company Financial Report Value,Data Value,MEASURE,fct_public_company_financial_rpt_val.data_val,
K_GSDC_959,Data Explorer: Dữ liệu tài chính doanh nghiệp,Nhóm 22 — DN thông thường — Báo cáo LCTT gián tiếp,"7. Tiền thu lãi cho vay, cổ tức và LN",Base,GSDC,Financial Report Catalog Dimension,Row Description Reference,FILTER,JOIN financial_rpt_catalog_dim ON financial_rpt_catalog_dim.financial_rpt_catalog_dim_id = fct_public_company_financial_rpt_val.financial_rpt_catalog_dim_id WHERE financial_rpt_catalog_dim.financial_rpt_catalog_code LIKE 'BCLCTT_GT%' AND financial_rpt_catalog_dim.enterprise_tp_code = 'dn' AND financial_rpt_catalog_dim.row_description_reference = '27' AND financial_rpt_catalog_dim.column_description_reference = '1',
K_GSDC_959,Data Explorer: Dữ liệu tài chính doanh nghiệp,Nhóm 22 — DN thông thường — Báo cáo LCTT gián tiếp,"7. Tiền thu lãi cho vay, cổ tức và LN",Base,GSDC,Fact Public Company Financial Report Value,Report Year,FILTER,fct_public_company_financial_rpt_val.rpt_year = :year AND fct_public_company_financial_rpt_val.rpt_quarter = :quarter,
K_GSDC_960,Data Explorer: Dữ liệu tài chính doanh nghiệp,Nhóm 22 — DN thông thường — Báo cáo LCTT gián tiếp,Lưu chuyển tiền thuần từ HĐ đầu tư,Base,GSDC,Fact Public Company Financial Report Value,Data Value,MEASURE,fct_public_company_financial_rpt_val.data_val,
K_GSDC_960,Data Explorer: Dữ liệu tài chính doanh nghiệp,Nhóm 22 — DN thông thường — Báo cáo LCTT gián tiếp,Lưu chuyển tiền thuần từ HĐ đầu tư,Base,GSDC,Financial Report Catalog Dimension,Row Description Reference,FILTER,JOIN financial_rpt_catalog_dim ON financial_rpt_catalog_dim.financial_rpt_catalog_dim_id = fct_public_company_financial_rpt_val.financial_rpt_catalog_dim_id WHERE financial_rpt_catalog_dim.financial_rpt_catalog_code LIKE 'BCLCTT_GT%' AND financial_rpt_catalog_dim.enterprise_tp_code = 'dn' AND financial_rpt_catalog_dim.row_description_reference = '30' AND financial_rpt_catalog_dim.column_description_reference = '1',
K_GSDC_960,Data Explorer: Dữ liệu tài chính doanh nghiệp,Nhóm 22 — DN thông thường — Báo cáo LCTT gián tiếp,Lưu chuyển tiền thuần từ HĐ đầu tư,Base,GSDC,Fact Public Company Financial Report Value,Report Year,FILTER,fct_public_company_financial_rpt_val.rpt_year = :year AND fct_public_company_financial_rpt_val.rpt_quarter = :quarter,
K_GSDC_962,Data Explorer: Dữ liệu tài chính doanh nghiệp,Nhóm 22 — DN thông thường — Báo cáo LCTT gián tiếp,"1. Tiền thu từ phát hành CP, nhận vốn góp",Base,GSDC,Fact Public Company Financial Report Value,Data Value,MEASURE,fct_public_company_financial_rpt_val.data_val,
K_GSDC_962,Data Explorer: Dữ liệu tài chính doanh nghiệp,Nhóm 22 — DN thông thường — Báo cáo LCTT gián tiếp,"1. Tiền thu từ phát hành CP, nhận vốn góp",Base,GSDC,Financial Report Catalog Dimension,Row Description Reference,FILTER,JOIN financial_rpt_catalog_dim ON financial_rpt_catalog_dim.financial_rpt_catalog_dim_id = fct_public_company_financial_rpt_val.financial_rpt_catalog_dim_id WHERE financial_rpt_catalog_dim.financial_rpt_catalog_code LIKE 'BCLCTT_GT%' AND financial_rpt_catalog_dim.enterprise_tp_code = 'dn' AND financial_rpt_catalog_dim.row_description_reference = '31' AND financial_rpt_catalog_dim.column_description_reference = '1',
K_GSDC_962,Data Explorer: Dữ liệu tài chính doanh nghiệp,Nhóm 22 — DN thông thường — Báo cáo LCTT gián tiếp,"1. Tiền thu từ phát hành CP, nhận vốn góp",Base,GSDC,Fact Public Company Financial Report Value,Report Year,FILTER,fct_public_company_financial_rpt_val.rpt_year = :year AND fct_public_company_financial_rpt_val.rpt_quarter = :quarter,
K_GSDC_963,Data Explorer: Dữ liệu tài chính doanh nghiệp,Nhóm 22 — DN thông thường — Báo cáo LCTT gián tiếp,"2. Tiền trả lại vốn góp, mua lại CP",Base,GSDC,Fact Public Company Financial Report Value,Data Value,MEASURE,fct_public_company_financial_rpt_val.data_val,
K_GSDC_963,Data Explorer: Dữ liệu tài chính doanh nghiệp,Nhóm 22 — DN thông thường — Báo cáo LCTT gián tiếp,"2. Tiền trả lại vốn góp, mua lại CP",Base,GSDC,Financial Report Catalog Dimension,Row Description Reference,FILTER,JOIN financial_rpt_catalog_dim ON financial_rpt_catalog_dim.financial_rpt_catalog_dim_id = fct_public_company_financial_rpt_val.financial_rpt_catalog_dim_id WHERE financial_rpt_catalog_dim.financial_rpt_catalog_code LIKE 'BCLCTT_GT%' AND financial_rpt_catalog_dim.enterprise_tp_code = 'dn' AND financial_rpt_catalog_dim.row_description_reference = '32' AND financial_rpt_catalog_dim.column_description_reference = '1',
K_GSDC_963,Data Explorer: Dữ liệu tài chính doanh nghiệp,Nhóm 22 — DN thông thường — Báo cáo LCTT gián tiếp,"2. Tiền trả lại vốn góp, mua lại CP",Base,GSDC,Fact Public Company Financial Report Value,Report Year,FILTER,fct_public_company_financial_rpt_val.rpt_year = :year AND fct_public_company_financial_rpt_val.rpt_quarter = :quarter,
K_GSDC_964,Data Explorer: Dữ liệu tài chính doanh nghiệp,Nhóm 22 — DN thông thường — Báo cáo LCTT gián tiếp,3. Tiền thu từ đi vay,Base,GSDC,Fact Public Company Financial Report Value,Data Value,MEASURE,fct_public_company_financial_rpt_val.data_val,
K_GSDC_964,Data Explorer: Dữ liệu tài chính doanh nghiệp,Nhóm 22 — DN thông thường — Báo cáo LCTT gián tiếp,3. Tiền thu từ đi vay,Base,GSDC,Financial Report Catalog Dimension,Row Description Reference,FILTER,JOIN financial_rpt_catalog_dim ON financial_rpt_catalog_dim.financial_rpt_catalog_dim_id = fct_public_company_financial_rpt_val.financial_rpt_catalog_dim_id WHERE financial_rpt_catalog_dim.financial_rpt_catalog_code LIKE 'BCLCTT_GT%' AND financial_rpt_catalog_dim.enterprise_tp_code = 'dn' AND financial_rpt_catalog_dim.row_description_reference = '33' AND financial_rpt_catalog_dim.column_description_reference = '1',
K_GSDC_964,Data Explorer: Dữ liệu tài chính doanh nghiệp,Nhóm 22 — DN thông thường — Báo cáo LCTT gián tiếp,3. Tiền thu từ đi vay,Base,GSDC,Fact Public Company Financial Report Value,Report Year,FILTER,fct_public_company_financial_rpt_val.rpt_year = :year AND fct_public_company_financial_rpt_val.rpt_quarter = :quarter,
K_GSDC_965,Data Explorer: Dữ liệu tài chính doanh nghiệp,Nhóm 22 — DN thông thường — Báo cáo LCTT gián tiếp,4. Tiền trả nợ gốc vay,Base,GSDC,Fact Public Company Financial Report Value,Data Value,MEASURE,fct_public_company_financial_rpt_val.data_val,
K_GSDC_965,Data Explorer: Dữ liệu tài chính doanh nghiệp,Nhóm 22 — DN thông thường — Báo cáo LCTT gián tiếp,4. Tiền trả nợ gốc vay,Base,GSDC,Financial Report Catalog Dimension,Row Description Reference,FILTER,JOIN financial_rpt_catalog_dim ON financial_rpt_catalog_dim.financial_rpt_catalog_dim_id = fct_public_company_financial_rpt_val.financial_rpt_catalog_dim_id WHERE financial_rpt_catalog_dim.financial_rpt_catalog_code LIKE 'BCLCTT_GT%' AND financial_rpt_catalog_dim.enterprise_tp_code = 'dn' AND financial_rpt_catalog_dim.row_description_reference = '34' AND financial_rpt_catalog_dim.column_description_reference = '1',
K_GSDC_965,Data Explorer: Dữ liệu tài chính doanh nghiệp,Nhóm 22 — DN thông thường — Báo cáo LCTT gián tiếp,4. Tiền trả nợ gốc vay,Base,GSDC,Fact Public Company Financial Report Value,Report Year,FILTER,fct_public_company_financial_rpt_val.rpt_year = :year AND fct_public_company_financial_rpt_val.rpt_quarter = :quarter,
K_GSDC_966,Data Explorer: Dữ liệu tài chính doanh nghiệp,Nhóm 22 — DN thông thường — Báo cáo LCTT gián tiếp,5. Tiền trả nợ gốc thuê tài chính,Base,GSDC,Fact Public Company Financial Report Value,Data Value,MEASURE,fct_public_company_financial_rpt_val.data_val,
K_GSDC_966,Data Explorer: Dữ liệu tài chính doanh nghiệp,Nhóm 22 — DN thông thường — Báo cáo LCTT gián tiếp,5. Tiền trả nợ gốc thuê tài chính,Base,GSDC,Financial Report Catalog Dimension,Row Description Reference,FILTER,JOIN financial_rpt_catalog_dim ON financial_rpt_catalog_dim.financial_rpt_catalog_dim_id = fct_public_company_financial_rpt_val.financial_rpt_catalog_dim_id WHERE financial_rpt_catalog_dim.financial_rpt_catalog_code LIKE 'BCLCTT_GT%' AND financial_rpt_catalog_dim.enterprise_tp_code = 'dn' AND financial_rpt_catalog_dim.row_description_reference = '35' AND financial_rpt_catalog_dim.column_description_reference = '1',
K_GSDC_966,Data Explorer: Dữ liệu tài chính doanh nghiệp,Nhóm 22 — DN thông thường — Báo cáo LCTT gián tiếp,5. Tiền trả nợ gốc thuê tài chính,Base,GSDC,Fact Public Company Financial Report Value,Report Year,FILTER,fct_public_company_financial_rpt_val.rpt_year = :year AND fct_public_company_financial_rpt_val.rpt_quarter = :quarter,
K_GSDC_967,Data Explorer: Dữ liệu tài chính doanh nghiệp,Nhóm 22 — DN thông thường — Báo cáo LCTT gián tiếp,"6. Cổ tức, lợi nhuận đã trả cho chủ sở hữu",Base,GSDC,Fact Public Company Financial Report Value,Data Value,MEASURE,fct_public_company_financial_rpt_val.data_val,
K_GSDC_967,Data Explorer: Dữ liệu tài chính doanh nghiệp,Nhóm 22 — DN thông thường — Báo cáo LCTT gián tiếp,"6. Cổ tức, lợi nhuận đã trả cho chủ sở hữu",Base,GSDC,Financial Report Catalog Dimension,Row Description Reference,FILTER,JOIN financial_rpt_catalog_dim ON financial_rpt_catalog_dim.financial_rpt_catalog_dim_id = fct_public_company_financial_rpt_val.financial_rpt_catalog_dim_id WHERE financial_rpt_catalog_dim.financial_rpt_catalog_code LIKE 'BCLCTT_GT%' AND financial_rpt_catalog_dim.enterprise_tp_code = 'dn' AND financial_rpt_catalog_dim.row_description_reference = '36' AND financial_rpt_catalog_dim.column_description_reference = '1',
K_GSDC_967,Data Explorer: Dữ liệu tài chính doanh nghiệp,Nhóm 22 — DN thông thường — Báo cáo LCTT gián tiếp,"6. Cổ tức, lợi nhuận đã trả cho chủ sở hữu",Base,GSDC,Fact Public Company Financial Report Value,Report Year,FILTER,fct_public_company_financial_rpt_val.rpt_year = :year AND fct_public_company_financial_rpt_val.rpt_quarter = :quarter,
K_GSDC_968,Data Explorer: Dữ liệu tài chính doanh nghiệp,Nhóm 22 — DN thông thường — Báo cáo LCTT gián tiếp,7. Tiền thu từ vốn góp của CĐKKS,Base,GSDC,Fact Public Company Financial Report Value,Data Value,MEASURE,fct_public_company_financial_rpt_val.data_val,
K_GSDC_968,Data Explorer: Dữ liệu tài chính doanh nghiệp,Nhóm 22 — DN thông thường — Báo cáo LCTT gián tiếp,7. Tiền thu từ vốn góp của CĐKKS,Base,GSDC,Financial Report Catalog Dimension,Row Description Reference,FILTER,JOIN financial_rpt_catalog_dim ON financial_rpt_catalog_dim.financial_rpt_catalog_dim_id = fct_public_company_financial_rpt_val.financial_rpt_catalog_dim_id WHERE financial_rpt_catalog_dim.financial_rpt_catalog_code LIKE 'BCLCTT_GT%' AND financial_rpt_catalog_dim.enterprise_tp_code = 'dn' AND financial_rpt_catalog_dim.row_description_reference = '37' AND financial_rpt_catalog_dim.column_description_reference = '1',
K_GSDC_968,Data Explorer: Dữ liệu tài chính doanh nghiệp,Nhóm 22 — DN thông thường — Báo cáo LCTT gián tiếp,7. Tiền thu từ vốn góp của CĐKKS,Base,GSDC,Fact Public Company Financial Report Value,Report Year,FILTER,fct_public_company_financial_rpt_val.rpt_year = :year AND fct_public_company_financial_rpt_val.rpt_quarter = :quarter,
K_GSDC_969,Data Explorer: Dữ liệu tài chính doanh nghiệp,Nhóm 22 — DN thông thường — Báo cáo LCTT gián tiếp,Lưu chuyển tiền thuần từ HĐ tài chính,Base,GSDC,Fact Public Company Financial Report Value,Data Value,MEASURE,fct_public_company_financial_rpt_val.data_val,
K_GSDC_969,Data Explorer: Dữ liệu tài chính doanh nghiệp,Nhóm 22 — DN thông thường — Báo cáo LCTT gián tiếp,Lưu chuyển tiền thuần từ HĐ tài chính,Base,GSDC,Financial Report Catalog Dimension,Row Description Reference,FILTER,JOIN financial_rpt_catalog_dim ON financial_rpt_catalog_dim.financial_rpt_catalog_dim_id = fct_public_company_financial_rpt_val.financial_rpt_catalog_dim_id WHERE financial_rpt_catalog_dim.financial_rpt_catalog_code LIKE 'BCLCTT_GT%' AND financial_rpt_catalog_dim.enterprise_tp_code = 'dn' AND financial_rpt_catalog_dim.row_description_reference = '40' AND financial_rpt_catalog_dim.column_description_reference = '1',
K_GSDC_969,Data Explorer: Dữ liệu tài chính doanh nghiệp,Nhóm 22 — DN thông thường — Báo cáo LCTT gián tiếp,Lưu chuyển tiền thuần từ HĐ tài chính,Base,GSDC,Fact Public Company Financial Report Value,Report Year,FILTER,fct_public_company_financial_rpt_val.rpt_year = :year AND fct_public_company_financial_rpt_val.rpt_quarter = :quarter,
K_GSDC_970,Data Explorer: Dữ liệu tài chính doanh nghiệp,Nhóm 22 — DN thông thường — Báo cáo LCTT gián tiếp,Lưu chuyển tiền thuần trong kỳ,Base,GSDC,Fact Public Company Financial Report Value,Data Value,MEASURE,fct_public_company_financial_rpt_val.data_val,
K_GSDC_970,Data Explorer: Dữ liệu tài chính doanh nghiệp,Nhóm 22 — DN thông thường — Báo cáo LCTT gián tiếp,Lưu chuyển tiền thuần trong kỳ,Base,GSDC,Financial Report Catalog Dimension,Row Description Reference,FILTER,JOIN financial_rpt_catalog_dim ON financial_rpt_catalog_dim.financial_rpt_catalog_dim_id = fct_public_company_financial_rpt_val.financial_rpt_catalog_dim_id WHERE financial_rpt_catalog_dim.financial_rpt_catalog_code LIKE 'BCLCTT_GT%' AND financial_rpt_catalog_dim.enterprise_tp_code = 'dn' AND financial_rpt_catalog_dim.row_description_reference = '50' AND financial_rpt_catalog_dim.column_description_reference = '1',
K_GSDC_970,Data Explorer: Dữ liệu tài chính doanh nghiệp,Nhóm 22 — DN thông thường — Báo cáo LCTT gián tiếp,Lưu chuyển tiền thuần trong kỳ,Base,GSDC,Fact Public Company Financial Report Value,Report Year,FILTER,fct_public_company_financial_rpt_val.rpt_year = :year AND fct_public_company_financial_rpt_val.rpt_quarter = :quarter,
K_GSDC_971,Data Explorer: Dữ liệu tài chính doanh nghiệp,Nhóm 22 — DN thông thường — Báo cáo LCTT gián tiếp,Tiền và tương đương tiền đầu kỳ,Base,GSDC,Fact Public Company Financial Report Value,Data Value,MEASURE,fct_public_company_financial_rpt_val.data_val,
K_GSDC_971,Data Explorer: Dữ liệu tài chính doanh nghiệp,Nhóm 22 — DN thông thường — Báo cáo LCTT gián tiếp,Tiền và tương đương tiền đầu kỳ,Base,GSDC,Financial Report Catalog Dimension,Row Description Reference,FILTER,JOIN financial_rpt_catalog_dim ON financial_rpt_catalog_dim.financial_rpt_catalog_dim_id = fct_public_company_financial_rpt_val.financial_rpt_catalog_dim_id WHERE financial_rpt_catalog_dim.financial_rpt_catalog_code LIKE 'BCLCTT_GT%' AND financial_rpt_catalog_dim.enterprise_tp_code = 'dn' AND financial_rpt_catalog_dim.row_description_reference = '60' AND financial_rpt_catalog_dim.column_description_reference = '1',
K_GSDC_971,Data Explorer: Dữ liệu tài chính doanh nghiệp,Nhóm 22 — DN thông thường — Báo cáo LCTT gián tiếp,Tiền và tương đương tiền đầu kỳ,Base,GSDC,Fact Public Company Financial Report Value,Report Year,FILTER,fct_public_company_financial_rpt_val.rpt_year = :year AND fct_public_company_financial_rpt_val.rpt_quarter = :quarter,
K_GSDC_972,Data Explorer: Dữ liệu tài chính doanh nghiệp,Nhóm 22 — DN thông thường — Báo cáo LCTT gián tiếp,Ảnh hưởng của thay đổi tỷ giá hối đoái quy đổi ngoại tệ,Base,GSDC,Fact Public Company Financial Report Value,Data Value,MEASURE,fct_public_company_financial_rpt_val.data_val,
K_GSDC_972,Data Explorer: Dữ liệu tài chính doanh nghiệp,Nhóm 22 — DN thông thường — Báo cáo LCTT gián tiếp,Ảnh hưởng của thay đổi tỷ giá hối đoái quy đổi ngoại tệ,Base,GSDC,Financial Report Catalog Dimension,Row Description Reference,FILTER,JOIN financial_rpt_catalog_dim ON financial_rpt_catalog_dim.financial_rpt_catalog_dim_id = fct_public_company_financial_rpt_val.financial_rpt_catalog_dim_id WHERE financial_rpt_catalog_dim.financial_rpt_catalog_code LIKE 'BCLCTT_GT%' AND financial_rpt_catalog_dim.enterprise_tp_code = 'dn' AND financial_rpt_catalog_dim.row_description_reference = '61' AND financial_rpt_catalog_dim.column_description_reference = '1',
K_GSDC_972,Data Explorer: Dữ liệu tài chính doanh nghiệp,Nhóm 22 — DN thông thường — Báo cáo LCTT gián tiếp,Ảnh hưởng của thay đổi tỷ giá hối đoái quy đổi ngoại tệ,Base,GSDC,Fact Public Company Financial Report Value,Report Year,FILTER,fct_public_company_financial_rpt_val.rpt_year = :year AND fct_public_company_financial_rpt_val.rpt_quarter = :quarter,
K_GSDC_973,Data Explorer: Dữ liệu tài chính doanh nghiệp,Nhóm 22 — DN thông thường — Báo cáo LCTT gián tiếp,Tiền và tương đương tiền cuối kỳ,Base,GSDC,Fact Public Company Financial Report Value,Data Value,MEASURE,fct_public_company_financial_rpt_val.data_val,
K_GSDC_973,Data Explorer: Dữ liệu tài chính doanh nghiệp,Nhóm 22 — DN thông thường — Báo cáo LCTT gián tiếp,Tiền và tương đương tiền cuối kỳ,Base,GSDC,Financial Report Catalog Dimension,Row Description Reference,FILTER,JOIN financial_rpt_catalog_dim ON financial_rpt_catalog_dim.financial_rpt_catalog_dim_id = fct_public_company_financial_rpt_val.financial_rpt_catalog_dim_id WHERE financial_rpt_catalog_dim.financial_rpt_catalog_code LIKE 'BCLCTT_GT%' AND financial_rpt_catalog_dim.enterprise_tp_code = 'dn' AND financial_rpt_catalog_dim.row_description_reference = '70' AND financial_rpt_catalog_dim.column_description_reference = '1',
K_GSDC_973,Data Explorer: Dữ liệu tài chính doanh nghiệp,Nhóm 22 — DN thông thường — Báo cáo LCTT gián tiếp,Tiền và tương đương tiền cuối kỳ,Base,GSDC,Fact Public Company Financial Report Value,Report Year,FILTER,fct_public_company_financial_rpt_val.rpt_year = :year AND fct_public_company_financial_rpt_val.rpt_quarter = :quarter,
K_GSDC_932,Data Explorer: Dữ liệu tài chính doanh nghiệp,Nhóm 22 — DN thông thường — Báo cáo LCTT gián tiếp,I. Lưu chuyển tiền từ hoạt động kinh doanh,N/A,GSDC,,,SLICER,,"Section label — không có logic tính toán, dùng cho hiển thị phân cấp trong Data Explorer"
K_GSDC_934,Data Explorer: Dữ liệu tài chính doanh nghiệp,Nhóm 22 — DN thông thường — Báo cáo LCTT gián tiếp,2. Điều chỉnh cho các khoản,N/A,GSDC,,,SLICER,,"Section label — không có logic tính toán, dùng cho hiển thị phân cấp trong Data Explorer"
K_GSDC_952,Data Explorer: Dữ liệu tài chính doanh nghiệp,Nhóm 22 — DN thông thường — Báo cáo LCTT gián tiếp,II. Lưu chuyển tiền từ hoạt động đầu tư,N/A,GSDC,,,SLICER,,"Section label — không có logic tính toán, dùng cho hiển thị phân cấp trong Data Explorer"
K_GSDC_961,Data Explorer: Dữ liệu tài chính doanh nghiệp,Nhóm 22 — DN thông thường — Báo cáo LCTT gián tiếp,III. Lưu chuyển tiền từ hoạt động tài chính,N/A,GSDC,,,SLICER,,"Section label — không có logic tính toán, dùng cho hiển thị phân cấp trong Data Explorer"
K_GSDC_974,Data Explorer: Dữ liệu tài chính doanh nghiệp,Nhóm 23 — DN bảo hiểm — Bảng cân đối kế toán,A - Tài sản ngắn hạn (100),Base,GSDC,Fact Public Company Financial Report Value,Data Value,MEASURE,fct_public_company_financial_rpt_val.data_val,
K_GSDC_974,Data Explorer: Dữ liệu tài chính doanh nghiệp,Nhóm 23 — DN bảo hiểm — Bảng cân đối kế toán,A - Tài sản ngắn hạn (100),Base,GSDC,Financial Report Catalog Dimension,Row Description Reference,FILTER,JOIN financial_rpt_catalog_dim ON financial_rpt_catalog_dim.financial_rpt_catalog_dim_id = fct_public_company_financial_rpt_val.financial_rpt_catalog_dim_id WHERE financial_rpt_catalog_dim.financial_rpt_catalog_code LIKE 'BCDKT%' AND financial_rpt_catalog_dim.enterprise_tp_code = 'bh' AND financial_rpt_catalog_dim.row_description_reference = '100' AND financial_rpt_catalog_dim.column_description_reference = '1',
K_GSDC_974,Data Explorer: Dữ liệu tài chính doanh nghiệp,Nhóm 23 — DN bảo hiểm — Bảng cân đối kế toán,A - Tài sản ngắn hạn (100),Base,GSDC,Fact Public Company Financial Report Value,Report Year,FILTER,fct_public_company_financial_rpt_val.rpt_year = :year AND fct_public_company_financial_rpt_val.rpt_quarter = :quarter,
K_GSDC_975,Data Explorer: Dữ liệu tài chính doanh nghiệp,Nhóm 23 — DN bảo hiểm — Bảng cân đối kế toán,I. Tiền và các khoản tương đương tiền,Base,GSDC,Fact Public Company Financial Report Value,Data Value,MEASURE,fct_public_company_financial_rpt_val.data_val,
K_GSDC_975,Data Explorer: Dữ liệu tài chính doanh nghiệp,Nhóm 23 — DN bảo hiểm — Bảng cân đối kế toán,I. Tiền và các khoản tương đương tiền,Base,GSDC,Financial Report Catalog Dimension,Row Description Reference,FILTER,JOIN financial_rpt_catalog_dim ON financial_rpt_catalog_dim.financial_rpt_catalog_dim_id = fct_public_company_financial_rpt_val.financial_rpt_catalog_dim_id WHERE financial_rpt_catalog_dim.financial_rpt_catalog_code LIKE 'BCDKT%' AND financial_rpt_catalog_dim.enterprise_tp_code = 'bh' AND financial_rpt_catalog_dim.row_description_reference = '110' AND financial_rpt_catalog_dim.column_description_reference = '1',
K_GSDC_975,Data Explorer: Dữ liệu tài chính doanh nghiệp,Nhóm 23 — DN bảo hiểm — Bảng cân đối kế toán,I. Tiền và các khoản tương đương tiền,Base,GSDC,Fact Public Company Financial Report Value,Report Year,FILTER,fct_public_company_financial_rpt_val.rpt_year = :year AND fct_public_company_financial_rpt_val.rpt_quarter = :quarter,
K_GSDC_976,Data Explorer: Dữ liệu tài chính doanh nghiệp,Nhóm 23 — DN bảo hiểm — Bảng cân đối kế toán,1. Tiền,Base,GSDC,Fact Public Company Financial Report Value,Data Value,MEASURE,fct_public_company_financial_rpt_val.data_val,
K_GSDC_976,Data Explorer: Dữ liệu tài chính doanh nghiệp,Nhóm 23 — DN bảo hiểm — Bảng cân đối kế toán,1. Tiền,Base,GSDC,Financial Report Catalog Dimension,Row Description Reference,FILTER,JOIN financial_rpt_catalog_dim ON financial_rpt_catalog_dim.financial_rpt_catalog_dim_id = fct_public_company_financial_rpt_val.financial_rpt_catalog_dim_id WHERE financial_rpt_catalog_dim.financial_rpt_catalog_code LIKE 'BCDKT%' AND financial_rpt_catalog_dim.enterprise_tp_code = 'bh' AND financial_rpt_catalog_dim.row_description_reference = '111' AND financial_rpt_catalog_dim.column_description_reference = '1',
K_GSDC_976,Data Explorer: Dữ liệu tài chính doanh nghiệp,Nhóm 23 — DN bảo hiểm — Bảng cân đối kế toán,1. Tiền,Base,GSDC,Fact Public Company Financial Report Value,Report Year,FILTER,fct_public_company_financial_rpt_val.rpt_year = :year AND fct_public_company_financial_rpt_val.rpt_quarter = :quarter,
K_GSDC_977,Data Explorer: Dữ liệu tài chính doanh nghiệp,Nhóm 23 — DN bảo hiểm — Bảng cân đối kế toán,2. Các khoản tương đương tiền,Base,GSDC,Fact Public Company Financial Report Value,Data Value,MEASURE,fct_public_company_financial_rpt_val.data_val,
K_GSDC_977,Data Explorer: Dữ liệu tài chính doanh nghiệp,Nhóm 23 — DN bảo hiểm — Bảng cân đối kế toán,2. Các khoản tương đương tiền,Base,GSDC,Financial Report Catalog Dimension,Row Description Reference,FILTER,JOIN financial_rpt_catalog_dim ON financial_rpt_catalog_dim.financial_rpt_catalog_dim_id = fct_public_company_financial_rpt_val.financial_rpt_catalog_dim_id WHERE financial_rpt_catalog_dim.financial_rpt_catalog_code LIKE 'BCDKT%' AND financial_rpt_catalog_dim.enterprise_tp_code = 'bh' AND financial_rpt_catalog_dim.row_description_reference = '112' AND financial_rpt_catalog_dim.column_description_reference = '1',
K_GSDC_977,Data Explorer: Dữ liệu tài chính doanh nghiệp,Nhóm 23 — DN bảo hiểm — Bảng cân đối kế toán,2. Các khoản tương đương tiền,Base,GSDC,Fact Public Company Financial Report Value,Report Year,FILTER,fct_public_company_financial_rpt_val.rpt_year = :year AND fct_public_company_financial_rpt_val.rpt_quarter = :quarter,
K_GSDC_978,Data Explorer: Dữ liệu tài chính doanh nghiệp,Nhóm 23 — DN bảo hiểm — Bảng cân đối kế toán,II. Các khoản đầu tư tài chính ngắn hạn,Base,GSDC,Fact Public Company Financial Report Value,Data Value,MEASURE,fct_public_company_financial_rpt_val.data_val,
K_GSDC_978,Data Explorer: Dữ liệu tài chính doanh nghiệp,Nhóm 23 — DN bảo hiểm — Bảng cân đối kế toán,II. Các khoản đầu tư tài chính ngắn hạn,Base,GSDC,Financial Report Catalog Dimension,Row Description Reference,FILTER,JOIN financial_rpt_catalog_dim ON financial_rpt_catalog_dim.financial_rpt_catalog_dim_id = fct_public_company_financial_rpt_val.financial_rpt_catalog_dim_id WHERE financial_rpt_catalog_dim.financial_rpt_catalog_code LIKE 'BCDKT%' AND financial_rpt_catalog_dim.enterprise_tp_code = 'bh' AND financial_rpt_catalog_dim.row_description_reference = '120' AND financial_rpt_catalog_dim.column_description_reference = '1',
K_GSDC_978,Data Explorer: Dữ liệu tài chính doanh nghiệp,Nhóm 23 — DN bảo hiểm — Bảng cân đối kế toán,II. Các khoản đầu tư tài chính ngắn hạn,Base,GSDC,Fact Public Company Financial Report Value,Report Year,FILTER,fct_public_company_financial_rpt_val.rpt_year = :year AND fct_public_company_financial_rpt_val.rpt_quarter = :quarter,
K_GSDC_979,Data Explorer: Dữ liệu tài chính doanh nghiệp,Nhóm 23 — DN bảo hiểm — Bảng cân đối kế toán,1. Đầu tư ngắn hạn,Base,GSDC,Fact Public Company Financial Report Value,Data Value,MEASURE,fct_public_company_financial_rpt_val.data_val,
K_GSDC_979,Data Explorer: Dữ liệu tài chính doanh nghiệp,Nhóm 23 — DN bảo hiểm — Bảng cân đối kế toán,1. Đầu tư ngắn hạn,Base,GSDC,Financial Report Catalog Dimension,Row Description Reference,FILTER,JOIN financial_rpt_catalog_dim ON financial_rpt_catalog_dim.financial_rpt_catalog_dim_id = fct_public_company_financial_rpt_val.financial_rpt_catalog_dim_id WHERE financial_rpt_catalog_dim.financial_rpt_catalog_code LIKE 'BCDKT%' AND financial_rpt_catalog_dim.enterprise_tp_code = 'bh' AND financial_rpt_catalog_dim.row_description_reference = '121' AND financial_rpt_catalog_dim.column_description_reference = '1',
K_GSDC_979,Data Explorer: Dữ liệu tài chính doanh nghiệp,Nhóm 23 — DN bảo hiểm — Bảng cân đối kế toán,1. Đầu tư ngắn hạn,Base,GSDC,Fact Public Company Financial Report Value,Report Year,FILTER,fct_public_company_financial_rpt_val.rpt_year = :year AND fct_public_company_financial_rpt_val.rpt_quarter = :quarter,
K_GSDC_980,Data Explorer: Dữ liệu tài chính doanh nghiệp,Nhóm 23 — DN bảo hiểm — Bảng cân đối kế toán,2. Dự phòng giảm giá đầu tư ngắn hạn,Base,GSDC,Fact Public Company Financial Report Value,Data Value,MEASURE,fct_public_company_financial_rpt_val.data_val,
K_GSDC_980,Data Explorer: Dữ liệu tài chính doanh nghiệp,Nhóm 23 — DN bảo hiểm — Bảng cân đối kế toán,2. Dự phòng giảm giá đầu tư ngắn hạn,Base,GSDC,Financial Report Catalog Dimension,Row Description Reference,FILTER,JOIN financial_rpt_catalog_dim ON financial_rpt_catalog_dim.financial_rpt_catalog_dim_id = fct_public_company_financial_rpt_val.financial_rpt_catalog_dim_id WHERE financial_rpt_catalog_dim.financial_rpt_catalog_code LIKE 'BCDKT%' AND financial_rpt_catalog_dim.enterprise_tp_code = 'bh' AND financial_rpt_catalog_dim.row_description_reference = '129' AND financial_rpt_catalog_dim.column_description_reference = '1',
K_GSDC_980,Data Explorer: Dữ liệu tài chính doanh nghiệp,Nhóm 23 — DN bảo hiểm — Bảng cân đối kế toán,2. Dự phòng giảm giá đầu tư ngắn hạn,Base,GSDC,Fact Public Company Financial Report Value,Report Year,FILTER,fct_public_company_financial_rpt_val.rpt_year = :year AND fct_public_company_financial_rpt_val.rpt_quarter = :quarter,
K_GSDC_981,Data Explorer: Dữ liệu tài chính doanh nghiệp,Nhóm 23 — DN bảo hiểm — Bảng cân đối kế toán,III. Các khoản phải thu ngắn hạn,Base,GSDC,Fact Public Company Financial Report Value,Data Value,MEASURE,fct_public_company_financial_rpt_val.data_val,
K_GSDC_981,Data Explorer: Dữ liệu tài chính doanh nghiệp,Nhóm 23 — DN bảo hiểm — Bảng cân đối kế toán,III. Các khoản phải thu ngắn hạn,Base,GSDC,Financial Report Catalog Dimension,Row Description Reference,FILTER,JOIN financial_rpt_catalog_dim ON financial_rpt_catalog_dim.financial_rpt_catalog_dim_id = fct_public_company_financial_rpt_val.financial_rpt_catalog_dim_id WHERE financial_rpt_catalog_dim.financial_rpt_catalog_code LIKE 'BCDKT%' AND financial_rpt_catalog_dim.enterprise_tp_code = 'bh' AND financial_rpt_catalog_dim.row_description_reference = '130' AND financial_rpt_catalog_dim.column_description_reference = '1',
K_GSDC_981,Data Explorer: Dữ liệu tài chính doanh nghiệp,Nhóm 23 — DN bảo hiểm — Bảng cân đối kế toán,III. Các khoản phải thu ngắn hạn,Base,GSDC,Fact Public Company Financial Report Value,Report Year,FILTER,fct_public_company_financial_rpt_val.rpt_year = :year AND fct_public_company_financial_rpt_val.rpt_quarter = :quarter,
K_GSDC_982,Data Explorer: Dữ liệu tài chính doanh nghiệp,Nhóm 23 — DN bảo hiểm — Bảng cân đối kế toán,1. Phải thu của khách hàng,Base,GSDC,Fact Public Company Financial Report Value,Data Value,MEASURE,fct_public_company_financial_rpt_val.data_val,
K_GSDC_982,Data Explorer: Dữ liệu tài chính doanh nghiệp,Nhóm 23 — DN bảo hiểm — Bảng cân đối kế toán,1. Phải thu của khách hàng,Base,GSDC,Financial Report Catalog Dimension,Row Description Reference,FILTER,JOIN financial_rpt_catalog_dim ON financial_rpt_catalog_dim.financial_rpt_catalog_dim_id = fct_public_company_financial_rpt_val.financial_rpt_catalog_dim_id WHERE financial_rpt_catalog_dim.financial_rpt_catalog_code LIKE 'BCDKT%' AND financial_rpt_catalog_dim.enterprise_tp_code = 'bh' AND financial_rpt_catalog_dim.row_description_reference = '131' AND financial_rpt_catalog_dim.column_description_reference = '1',
K_GSDC_982,Data Explorer: Dữ liệu tài chính doanh nghiệp,Nhóm 23 — DN bảo hiểm — Bảng cân đối kế toán,1. Phải thu của khách hàng,Base,GSDC,Fact Public Company Financial Report Value,Report Year,FILTER,fct_public_company_financial_rpt_val.rpt_year = :year AND fct_public_company_financial_rpt_val.rpt_quarter = :quarter,
K_GSDC_983,Data Explorer: Dữ liệu tài chính doanh nghiệp,Nhóm 23 — DN bảo hiểm — Bảng cân đối kế toán,1.1 Phải thu về hợp đồng bảo hiểm,Base,GSDC,Fact Public Company Financial Report Value,Data Value,MEASURE,fct_public_company_financial_rpt_val.data_val,
K_GSDC_983,Data Explorer: Dữ liệu tài chính doanh nghiệp,Nhóm 23 — DN bảo hiểm — Bảng cân đối kế toán,1.1 Phải thu về hợp đồng bảo hiểm,Base,GSDC,Financial Report Catalog Dimension,Row Description Reference,FILTER,JOIN financial_rpt_catalog_dim ON financial_rpt_catalog_dim.financial_rpt_catalog_dim_id = fct_public_company_financial_rpt_val.financial_rpt_catalog_dim_id WHERE financial_rpt_catalog_dim.financial_rpt_catalog_code LIKE 'BCDKT%' AND financial_rpt_catalog_dim.enterprise_tp_code = 'bh' AND financial_rpt_catalog_dim.row_description_reference = '131.1' AND financial_rpt_catalog_dim.column_description_reference = '1',
K_GSDC_983,Data Explorer: Dữ liệu tài chính doanh nghiệp,Nhóm 23 — DN bảo hiểm — Bảng cân đối kế toán,1.1 Phải thu về hợp đồng bảo hiểm,Base,GSDC,Fact Public Company Financial Report Value,Report Year,FILTER,fct_public_company_financial_rpt_val.rpt_year = :year AND fct_public_company_financial_rpt_val.rpt_quarter = :quarter,
K_GSDC_984,Data Explorer: Dữ liệu tài chính doanh nghiệp,Nhóm 23 — DN bảo hiểm — Bảng cân đối kế toán,1.2 Phải thu khác của khách hàng,Base,GSDC,Fact Public Company Financial Report Value,Data Value,MEASURE,fct_public_company_financial_rpt_val.data_val,
K_GSDC_984,Data Explorer: Dữ liệu tài chính doanh nghiệp,Nhóm 23 — DN bảo hiểm — Bảng cân đối kế toán,1.2 Phải thu khác của khách hàng,Base,GSDC,Financial Report Catalog Dimension,Row Description Reference,FILTER,JOIN financial_rpt_catalog_dim ON financial_rpt_catalog_dim.financial_rpt_catalog_dim_id = fct_public_company_financial_rpt_val.financial_rpt_catalog_dim_id WHERE financial_rpt_catalog_dim.financial_rpt_catalog_code LIKE 'BCDKT%' AND financial_rpt_catalog_dim.enterprise_tp_code = 'bh' AND financial_rpt_catalog_dim.row_description_reference = '131.2' AND financial_rpt_catalog_dim.column_description_reference = '1',
K_GSDC_984,Data Explorer: Dữ liệu tài chính doanh nghiệp,Nhóm 23 — DN bảo hiểm — Bảng cân đối kế toán,1.2 Phải thu khác của khách hàng,Base,GSDC,Fact Public Company Financial Report Value,Report Year,FILTER,fct_public_company_financial_rpt_val.rpt_year = :year AND fct_public_company_financial_rpt_val.rpt_quarter = :quarter,
K_GSDC_985,Data Explorer: Dữ liệu tài chính doanh nghiệp,Nhóm 23 — DN bảo hiểm — Bảng cân đối kế toán,2. Trả trước cho người bán,Base,GSDC,Fact Public Company Financial Report Value,Data Value,MEASURE,fct_public_company_financial_rpt_val.data_val,
K_GSDC_985,Data Explorer: Dữ liệu tài chính doanh nghiệp,Nhóm 23 — DN bảo hiểm — Bảng cân đối kế toán,2. Trả trước cho người bán,Base,GSDC,Financial Report Catalog Dimension,Row Description Reference,FILTER,JOIN financial_rpt_catalog_dim ON financial_rpt_catalog_dim.financial_rpt_catalog_dim_id = fct_public_company_financial_rpt_val.financial_rpt_catalog_dim_id WHERE financial_rpt_catalog_dim.financial_rpt_catalog_code LIKE 'BCDKT%' AND financial_rpt_catalog_dim.enterprise_tp_code = 'bh' AND financial_rpt_catalog_dim.row_description_reference = '132' AND financial_rpt_catalog_dim.column_description_reference = '1',
K_GSDC_985,Data Explorer: Dữ liệu tài chính doanh nghiệp,Nhóm 23 — DN bảo hiểm — Bảng cân đối kế toán,2. Trả trước cho người bán,Base,GSDC,Fact Public Company Financial Report Value,Report Year,FILTER,fct_public_company_financial_rpt_val.rpt_year = :year AND fct_public_company_financial_rpt_val.rpt_quarter = :quarter,
K_GSDC_986,Data Explorer: Dữ liệu tài chính doanh nghiệp,Nhóm 23 — DN bảo hiểm — Bảng cân đối kế toán,3. Phải thu nội bộ ngắn hạn,Base,GSDC,Fact Public Company Financial Report Value,Data Value,MEASURE,fct_public_company_financial_rpt_val.data_val,
K_GSDC_986,Data Explorer: Dữ liệu tài chính doanh nghiệp,Nhóm 23 — DN bảo hiểm — Bảng cân đối kế toán,3. Phải thu nội bộ ngắn hạn,Base,GSDC,Financial Report Catalog Dimension,Row Description Reference,FILTER,JOIN financial_rpt_catalog_dim ON financial_rpt_catalog_dim.financial_rpt_catalog_dim_id = fct_public_company_financial_rpt_val.financial_rpt_catalog_dim_id WHERE financial_rpt_catalog_dim.financial_rpt_catalog_code LIKE 'BCDKT%' AND financial_rpt_catalog_dim.enterprise_tp_code = 'bh' AND financial_rpt_catalog_dim.row_description_reference = '133' AND financial_rpt_catalog_dim.column_description_reference = '1',
K_GSDC_986,Data Explorer: Dữ liệu tài chính doanh nghiệp,Nhóm 23 — DN bảo hiểm — Bảng cân đối kế toán,3. Phải thu nội bộ ngắn hạn,Base,GSDC,Fact Public Company Financial Report Value,Report Year,FILTER,fct_public_company_financial_rpt_val.rpt_year = :year AND fct_public_company_financial_rpt_val.rpt_quarter = :quarter,
K_GSDC_987,Data Explorer: Dữ liệu tài chính doanh nghiệp,Nhóm 23 — DN bảo hiểm — Bảng cân đối kế toán,4. Các khoản phải thu khác,Base,GSDC,Fact Public Company Financial Report Value,Data Value,MEASURE,fct_public_company_financial_rpt_val.data_val,
K_GSDC_987,Data Explorer: Dữ liệu tài chính doanh nghiệp,Nhóm 23 — DN bảo hiểm — Bảng cân đối kế toán,4. Các khoản phải thu khác,Base,GSDC,Financial Report Catalog Dimension,Row Description Reference,FILTER,JOIN financial_rpt_catalog_dim ON financial_rpt_catalog_dim.financial_rpt_catalog_dim_id = fct_public_company_financial_rpt_val.financial_rpt_catalog_dim_id WHERE financial_rpt_catalog_dim.financial_rpt_catalog_code LIKE 'BCDKT%' AND financial_rpt_catalog_dim.enterprise_tp_code = 'bh' AND financial_rpt_catalog_dim.row_description_reference = '135' AND financial_rpt_catalog_dim.column_description_reference = '1',
K_GSDC_987,Data Explorer: Dữ liệu tài chính doanh nghiệp,Nhóm 23 — DN bảo hiểm — Bảng cân đối kế toán,4. Các khoản phải thu khác,Base,GSDC,Fact Public Company Financial Report Value,Report Year,FILTER,fct_public_company_financial_rpt_val.rpt_year = :year AND fct_public_company_financial_rpt_val.rpt_quarter = :quarter,
K_GSDC_988,Data Explorer: Dữ liệu tài chính doanh nghiệp,Nhóm 23 — DN bảo hiểm — Bảng cân đối kế toán,5. Dự phòng các khoản phải thu khó đòi,Base,GSDC,Fact Public Company Financial Report Value,Data Value,MEASURE,fct_public_company_financial_rpt_val.data_val,
K_GSDC_988,Data Explorer: Dữ liệu tài chính doanh nghiệp,Nhóm 23 — DN bảo hiểm — Bảng cân đối kế toán,5. Dự phòng các khoản phải thu khó đòi,Base,GSDC,Financial Report Catalog Dimension,Row Description Reference,FILTER,JOIN financial_rpt_catalog_dim ON financial_rpt_catalog_dim.financial_rpt_catalog_dim_id = fct_public_company_financial_rpt_val.financial_rpt_catalog_dim_id WHERE financial_rpt_catalog_dim.financial_rpt_catalog_code LIKE 'BCDKT%' AND financial_rpt_catalog_dim.enterprise_tp_code = 'bh' AND financial_rpt_catalog_dim.row_description_reference = '139' AND financial_rpt_catalog_dim.column_description_reference = '1',
K_GSDC_988,Data Explorer: Dữ liệu tài chính doanh nghiệp,Nhóm 23 — DN bảo hiểm — Bảng cân đối kế toán,5. Dự phòng các khoản phải thu khó đòi,Base,GSDC,Fact Public Company Financial Report Value,Report Year,FILTER,fct_public_company_financial_rpt_val.rpt_year = :year AND fct_public_company_financial_rpt_val.rpt_quarter = :quarter,
K_GSDC_989,Data Explorer: Dữ liệu tài chính doanh nghiệp,Nhóm 23 — DN bảo hiểm — Bảng cân đối kế toán,IV. Hàng tồn kho,Base,GSDC,Fact Public Company Financial Report Value,Data Value,MEASURE,fct_public_company_financial_rpt_val.data_val,
K_GSDC_989,Data Explorer: Dữ liệu tài chính doanh nghiệp,Nhóm 23 — DN bảo hiểm — Bảng cân đối kế toán,IV. Hàng tồn kho,Base,GSDC,Financial Report Catalog Dimension,Row Description Reference,FILTER,JOIN financial_rpt_catalog_dim ON financial_rpt_catalog_dim.financial_rpt_catalog_dim_id = fct_public_company_financial_rpt_val.financial_rpt_catalog_dim_id WHERE financial_rpt_catalog_dim.financial_rpt_catalog_code LIKE 'BCDKT%' AND financial_rpt_catalog_dim.enterprise_tp_code = 'bh' AND financial_rpt_catalog_dim.row_description_reference = '140' AND financial_rpt_catalog_dim.column_description_reference = '1',
K_GSDC_989,Data Explorer: Dữ liệu tài chính doanh nghiệp,Nhóm 23 — DN bảo hiểm — Bảng cân đối kế toán,IV. Hàng tồn kho,Base,GSDC,Fact Public Company Financial Report Value,Report Year,FILTER,fct_public_company_financial_rpt_val.rpt_year = :year AND fct_public_company_financial_rpt_val.rpt_quarter = :quarter,
K_GSDC_990,Data Explorer: Dữ liệu tài chính doanh nghiệp,Nhóm 23 — DN bảo hiểm — Bảng cân đối kế toán,1. Hàng tồn kho,Base,GSDC,Fact Public Company Financial Report Value,Data Value,MEASURE,fct_public_company_financial_rpt_val.data_val,
K_GSDC_990,Data Explorer: Dữ liệu tài chính doanh nghiệp,Nhóm 23 — DN bảo hiểm — Bảng cân đối kế toán,1. Hàng tồn kho,Base,GSDC,Financial Report Catalog Dimension,Row Description Reference,FILTER,JOIN financial_rpt_catalog_dim ON financial_rpt_catalog_dim.financial_rpt_catalog_dim_id = fct_public_company_financial_rpt_val.financial_rpt_catalog_dim_id WHERE financial_rpt_catalog_dim.financial_rpt_catalog_code LIKE 'BCDKT%' AND financial_rpt_catalog_dim.enterprise_tp_code = 'bh' AND financial_rpt_catalog_dim.row_description_reference = '141' AND financial_rpt_catalog_dim.column_description_reference = '1',
K_GSDC_990,Data Explorer: Dữ liệu tài chính doanh nghiệp,Nhóm 23 — DN bảo hiểm — Bảng cân đối kế toán,1. Hàng tồn kho,Base,GSDC,Fact Public Company Financial Report Value,Report Year,FILTER,fct_public_company_financial_rpt_val.rpt_year = :year AND fct_public_company_financial_rpt_val.rpt_quarter = :quarter,
K_GSDC_991,Data Explorer: Dữ liệu tài chính doanh nghiệp,Nhóm 23 — DN bảo hiểm — Bảng cân đối kế toán,2. Dự phòng giảm giá hàng tồn kho,Base,GSDC,Fact Public Company Financial Report Value,Data Value,MEASURE,fct_public_company_financial_rpt_val.data_val,
K_GSDC_991,Data Explorer: Dữ liệu tài chính doanh nghiệp,Nhóm 23 — DN bảo hiểm — Bảng cân đối kế toán,2. Dự phòng giảm giá hàng tồn kho,Base,GSDC,Financial Report Catalog Dimension,Row Description Reference,FILTER,JOIN financial_rpt_catalog_dim ON financial_rpt_catalog_dim.financial_rpt_catalog_dim_id = fct_public_company_financial_rpt_val.financial_rpt_catalog_dim_id WHERE financial_rpt_catalog_dim.financial_rpt_catalog_code LIKE 'BCDKT%' AND financial_rpt_catalog_dim.enterprise_tp_code = 'bh' AND financial_rpt_catalog_dim.row_description_reference = '149' AND financial_rpt_catalog_dim.column_description_reference = '1',
K_GSDC_991,Data Explorer: Dữ liệu tài chính doanh nghiệp,Nhóm 23 — DN bảo hiểm — Bảng cân đối kế toán,2. Dự phòng giảm giá hàng tồn kho,Base,GSDC,Fact Public Company Financial Report Value,Report Year,FILTER,fct_public_company_financial_rpt_val.rpt_year = :year AND fct_public_company_financial_rpt_val.rpt_quarter = :quarter,
K_GSDC_992,Data Explorer: Dữ liệu tài chính doanh nghiệp,Nhóm 23 — DN bảo hiểm — Bảng cân đối kế toán,V. Tài sản ngắn hạn khác,Base,GSDC,Fact Public Company Financial Report Value,Data Value,MEASURE,fct_public_company_financial_rpt_val.data_val,
K_GSDC_992,Data Explorer: Dữ liệu tài chính doanh nghiệp,Nhóm 23 — DN bảo hiểm — Bảng cân đối kế toán,V. Tài sản ngắn hạn khác,Base,GSDC,Financial Report Catalog Dimension,Row Description Reference,FILTER,JOIN financial_rpt_catalog_dim ON financial_rpt_catalog_dim.financial_rpt_catalog_dim_id = fct_public_company_financial_rpt_val.financial_rpt_catalog_dim_id WHERE financial_rpt_catalog_dim.financial_rpt_catalog_code LIKE 'BCDKT%' AND financial_rpt_catalog_dim.enterprise_tp_code = 'bh' AND financial_rpt_catalog_dim.row_description_reference = '150' AND financial_rpt_catalog_dim.column_description_reference = '1',
K_GSDC_992,Data Explorer: Dữ liệu tài chính doanh nghiệp,Nhóm 23 — DN bảo hiểm — Bảng cân đối kế toán,V. Tài sản ngắn hạn khác,Base,GSDC,Fact Public Company Financial Report Value,Report Year,FILTER,fct_public_company_financial_rpt_val.rpt_year = :year AND fct_public_company_financial_rpt_val.rpt_quarter = :quarter,
K_GSDC_993,Data Explorer: Dữ liệu tài chính doanh nghiệp,Nhóm 23 — DN bảo hiểm — Bảng cân đối kế toán,1. Chi phí trả trước ngắn hạn,Base,GSDC,Fact Public Company Financial Report Value,Data Value,MEASURE,fct_public_company_financial_rpt_val.data_val,
K_GSDC_993,Data Explorer: Dữ liệu tài chính doanh nghiệp,Nhóm 23 — DN bảo hiểm — Bảng cân đối kế toán,1. Chi phí trả trước ngắn hạn,Base,GSDC,Financial Report Catalog Dimension,Row Description Reference,FILTER,JOIN financial_rpt_catalog_dim ON financial_rpt_catalog_dim.financial_rpt_catalog_dim_id = fct_public_company_financial_rpt_val.financial_rpt_catalog_dim_id WHERE financial_rpt_catalog_dim.financial_rpt_catalog_code LIKE 'BCDKT%' AND financial_rpt_catalog_dim.enterprise_tp_code = 'bh' AND financial_rpt_catalog_dim.row_description_reference = '151' AND financial_rpt_catalog_dim.column_description_reference = '1',
K_GSDC_993,Data Explorer: Dữ liệu tài chính doanh nghiệp,Nhóm 23 — DN bảo hiểm — Bảng cân đối kế toán,1. Chi phí trả trước ngắn hạn,Base,GSDC,Fact Public Company Financial Report Value,Report Year,FILTER,fct_public_company_financial_rpt_val.rpt_year = :year AND fct_public_company_financial_rpt_val.rpt_quarter = :quarter,
K_GSDC_994,Data Explorer: Dữ liệu tài chính doanh nghiệp,Nhóm 23 — DN bảo hiểm — Bảng cân đối kế toán,1.1. Chi phí hoa hồng chưa phân bổ,Base,GSDC,Fact Public Company Financial Report Value,Data Value,MEASURE,fct_public_company_financial_rpt_val.data_val,
K_GSDC_994,Data Explorer: Dữ liệu tài chính doanh nghiệp,Nhóm 23 — DN bảo hiểm — Bảng cân đối kế toán,1.1. Chi phí hoa hồng chưa phân bổ,Base,GSDC,Financial Report Catalog Dimension,Row Description Reference,FILTER,JOIN financial_rpt_catalog_dim ON financial_rpt_catalog_dim.financial_rpt_catalog_dim_id = fct_public_company_financial_rpt_val.financial_rpt_catalog_dim_id WHERE financial_rpt_catalog_dim.financial_rpt_catalog_code LIKE 'BCDKT%' AND financial_rpt_catalog_dim.enterprise_tp_code = 'bh' AND financial_rpt_catalog_dim.row_description_reference = '151.1' AND financial_rpt_catalog_dim.column_description_reference = '1',
K_GSDC_994,Data Explorer: Dữ liệu tài chính doanh nghiệp,Nhóm 23 — DN bảo hiểm — Bảng cân đối kế toán,1.1. Chi phí hoa hồng chưa phân bổ,Base,GSDC,Fact Public Company Financial Report Value,Report Year,FILTER,fct_public_company_financial_rpt_val.rpt_year = :year AND fct_public_company_financial_rpt_val.rpt_quarter = :quarter,
K_GSDC_995,Data Explorer: Dữ liệu tài chính doanh nghiệp,Nhóm 23 — DN bảo hiểm — Bảng cân đối kế toán,1.2. Chi phí trả trước ngắn hạn khác,Base,GSDC,Fact Public Company Financial Report Value,Data Value,MEASURE,fct_public_company_financial_rpt_val.data_val,
K_GSDC_995,Data Explorer: Dữ liệu tài chính doanh nghiệp,Nhóm 23 — DN bảo hiểm — Bảng cân đối kế toán,1.2. Chi phí trả trước ngắn hạn khác,Base,GSDC,Financial Report Catalog Dimension,Row Description Reference,FILTER,JOIN financial_rpt_catalog_dim ON financial_rpt_catalog_dim.financial_rpt_catalog_dim_id = fct_public_company_financial_rpt_val.financial_rpt_catalog_dim_id WHERE financial_rpt_catalog_dim.financial_rpt_catalog_code LIKE 'BCDKT%' AND financial_rpt_catalog_dim.enterprise_tp_code = 'bh' AND financial_rpt_catalog_dim.row_description_reference = '151.2' AND financial_rpt_catalog_dim.column_description_reference = '1',
K_GSDC_995,Data Explorer: Dữ liệu tài chính doanh nghiệp,Nhóm 23 — DN bảo hiểm — Bảng cân đối kế toán,1.2. Chi phí trả trước ngắn hạn khác,Base,GSDC,Fact Public Company Financial Report Value,Report Year,FILTER,fct_public_company_financial_rpt_val.rpt_year = :year AND fct_public_company_financial_rpt_val.rpt_quarter = :quarter,
K_GSDC_996,Data Explorer: Dữ liệu tài chính doanh nghiệp,Nhóm 23 — DN bảo hiểm — Bảng cân đối kế toán,2. Thuế GTGT được khấu trừ,Base,GSDC,Fact Public Company Financial Report Value,Data Value,MEASURE,fct_public_company_financial_rpt_val.data_val,
K_GSDC_996,Data Explorer: Dữ liệu tài chính doanh nghiệp,Nhóm 23 — DN bảo hiểm — Bảng cân đối kế toán,2. Thuế GTGT được khấu trừ,Base,GSDC,Financial Report Catalog Dimension,Row Description Reference,FILTER,JOIN financial_rpt_catalog_dim ON financial_rpt_catalog_dim.financial_rpt_catalog_dim_id = fct_public_company_financial_rpt_val.financial_rpt_catalog_dim_id WHERE financial_rpt_catalog_dim.financial_rpt_catalog_code LIKE 'BCDKT%' AND financial_rpt_catalog_dim.enterprise_tp_code = 'bh' AND financial_rpt_catalog_dim.row_description_reference = '152' AND financial_rpt_catalog_dim.column_description_reference = '1',
K_GSDC_996,Data Explorer: Dữ liệu tài chính doanh nghiệp,Nhóm 23 — DN bảo hiểm — Bảng cân đối kế toán,2. Thuế GTGT được khấu trừ,Base,GSDC,Fact Public Company Financial Report Value,Report Year,FILTER,fct_public_company_financial_rpt_val.rpt_year = :year AND fct_public_company_financial_rpt_val.rpt_quarter = :quarter,
K_GSDC_997,Data Explorer: Dữ liệu tài chính doanh nghiệp,Nhóm 23 — DN bảo hiểm — Bảng cân đối kế toán,3. Thuế và các khoản khác phải thu Nhà nước,Base,GSDC,Fact Public Company Financial Report Value,Data Value,MEASURE,fct_public_company_financial_rpt_val.data_val,
K_GSDC_997,Data Explorer: Dữ liệu tài chính doanh nghiệp,Nhóm 23 — DN bảo hiểm — Bảng cân đối kế toán,3. Thuế và các khoản khác phải thu Nhà nước,Base,GSDC,Financial Report Catalog Dimension,Row Description Reference,FILTER,JOIN financial_rpt_catalog_dim ON financial_rpt_catalog_dim.financial_rpt_catalog_dim_id = fct_public_company_financial_rpt_val.financial_rpt_catalog_dim_id WHERE financial_rpt_catalog_dim.financial_rpt_catalog_code LIKE 'BCDKT%' AND financial_rpt_catalog_dim.enterprise_tp_code = 'bh' AND financial_rpt_catalog_dim.row_description_reference = '154' AND financial_rpt_catalog_dim.column_description_reference = '1',
K_GSDC_997,Data Explorer: Dữ liệu tài chính doanh nghiệp,Nhóm 23 — DN bảo hiểm — Bảng cân đối kế toán,3. Thuế và các khoản khác phải thu Nhà nước,Base,GSDC,Fact Public Company Financial Report Value,Report Year,FILTER,fct_public_company_financial_rpt_val.rpt_year = :year AND fct_public_company_financial_rpt_val.rpt_quarter = :quarter,
K_GSDC_998,Data Explorer: Dữ liệu tài chính doanh nghiệp,Nhóm 23 — DN bảo hiểm — Bảng cân đối kế toán,4. Giao dịch mua bán lại trái phiếu Chính phủ,Base,GSDC,Fact Public Company Financial Report Value,Data Value,MEASURE,fct_public_company_financial_rpt_val.data_val,
K_GSDC_998,Data Explorer: Dữ liệu tài chính doanh nghiệp,Nhóm 23 — DN bảo hiểm — Bảng cân đối kế toán,4. Giao dịch mua bán lại trái phiếu Chính phủ,Base,GSDC,Financial Report Catalog Dimension,Row Description Reference,FILTER,JOIN financial_rpt_catalog_dim ON financial_rpt_catalog_dim.financial_rpt_catalog_dim_id = fct_public_company_financial_rpt_val.financial_rpt_catalog_dim_id WHERE financial_rpt_catalog_dim.financial_rpt_catalog_code LIKE 'BCDKT%' AND financial_rpt_catalog_dim.enterprise_tp_code = 'bh' AND financial_rpt_catalog_dim.row_description_reference = '157' AND financial_rpt_catalog_dim.column_description_reference = '1',
K_GSDC_998,Data Explorer: Dữ liệu tài chính doanh nghiệp,Nhóm 23 — DN bảo hiểm — Bảng cân đối kế toán,4. Giao dịch mua bán lại trái phiếu Chính phủ,Base,GSDC,Fact Public Company Financial Report Value,Report Year,FILTER,fct_public_company_financial_rpt_val.rpt_year = :year AND fct_public_company_financial_rpt_val.rpt_quarter = :quarter,
K_GSDC_999,Data Explorer: Dữ liệu tài chính doanh nghiệp,Nhóm 23 — DN bảo hiểm — Bảng cân đối kế toán,5. Tài sản ngắn hạn khác,Base,GSDC,Fact Public Company Financial Report Value,Data Value,MEASURE,fct_public_company_financial_rpt_val.data_val,
K_GSDC_999,Data Explorer: Dữ liệu tài chính doanh nghiệp,Nhóm 23 — DN bảo hiểm — Bảng cân đối kế toán,5. Tài sản ngắn hạn khác,Base,GSDC,Financial Report Catalog Dimension,Row Description Reference,FILTER,JOIN financial_rpt_catalog_dim ON financial_rpt_catalog_dim.financial_rpt_catalog_dim_id = fct_public_company_financial_rpt_val.financial_rpt_catalog_dim_id WHERE financial_rpt_catalog_dim.financial_rpt_catalog_code LIKE 'BCDKT%' AND financial_rpt_catalog_dim.enterprise_tp_code = 'bh' AND financial_rpt_catalog_dim.row_description_reference = '158' AND financial_rpt_catalog_dim.column_description_reference = '1',
K_GSDC_999,Data Explorer: Dữ liệu tài chính doanh nghiệp,Nhóm 23 — DN bảo hiểm — Bảng cân đối kế toán,5. Tài sản ngắn hạn khác,Base,GSDC,Fact Public Company Financial Report Value,Report Year,FILTER,fct_public_company_financial_rpt_val.rpt_year = :year AND fct_public_company_financial_rpt_val.rpt_quarter = :quarter,
K_GSDC_1000,Data Explorer: Dữ liệu tài chính doanh nghiệp,Nhóm 23 — DN bảo hiểm — Bảng cân đối kế toán,VIII. Tài sản tái bảo hiểm,Base,GSDC,Fact Public Company Financial Report Value,Data Value,MEASURE,fct_public_company_financial_rpt_val.data_val,
K_GSDC_1000,Data Explorer: Dữ liệu tài chính doanh nghiệp,Nhóm 23 — DN bảo hiểm — Bảng cân đối kế toán,VIII. Tài sản tái bảo hiểm,Base,GSDC,Financial Report Catalog Dimension,Row Description Reference,FILTER,JOIN financial_rpt_catalog_dim ON financial_rpt_catalog_dim.financial_rpt_catalog_dim_id = fct_public_company_financial_rpt_val.financial_rpt_catalog_dim_id WHERE financial_rpt_catalog_dim.financial_rpt_catalog_code LIKE 'BCDKT%' AND financial_rpt_catalog_dim.enterprise_tp_code = 'bh' AND financial_rpt_catalog_dim.row_description_reference = '190' AND financial_rpt_catalog_dim.column_description_reference = '1',
K_GSDC_1000,Data Explorer: Dữ liệu tài chính doanh nghiệp,Nhóm 23 — DN bảo hiểm — Bảng cân đối kế toán,VIII. Tài sản tái bảo hiểm,Base,GSDC,Fact Public Company Financial Report Value,Report Year,FILTER,fct_public_company_financial_rpt_val.rpt_year = :year AND fct_public_company_financial_rpt_val.rpt_quarter = :quarter,
K_GSDC_1001,Data Explorer: Dữ liệu tài chính doanh nghiệp,Nhóm 23 — DN bảo hiểm — Bảng cân đối kế toán,1. Dự phòng phí nhượng tái bảo hiểm,Base,GSDC,Fact Public Company Financial Report Value,Data Value,MEASURE,fct_public_company_financial_rpt_val.data_val,
K_GSDC_1001,Data Explorer: Dữ liệu tài chính doanh nghiệp,Nhóm 23 — DN bảo hiểm — Bảng cân đối kế toán,1. Dự phòng phí nhượng tái bảo hiểm,Base,GSDC,Financial Report Catalog Dimension,Row Description Reference,FILTER,JOIN financial_rpt_catalog_dim ON financial_rpt_catalog_dim.financial_rpt_catalog_dim_id = fct_public_company_financial_rpt_val.financial_rpt_catalog_dim_id WHERE financial_rpt_catalog_dim.financial_rpt_catalog_code LIKE 'BCDKT%' AND financial_rpt_catalog_dim.enterprise_tp_code = 'bh' AND financial_rpt_catalog_dim.row_description_reference = '191' AND financial_rpt_catalog_dim.column_description_reference = '1',
K_GSDC_1001,Data Explorer: Dữ liệu tài chính doanh nghiệp,Nhóm 23 — DN bảo hiểm — Bảng cân đối kế toán,1. Dự phòng phí nhượng tái bảo hiểm,Base,GSDC,Fact Public Company Financial Report Value,Report Year,FILTER,fct_public_company_financial_rpt_val.rpt_year = :year AND fct_public_company_financial_rpt_val.rpt_quarter = :quarter,
K_GSDC_1002,Data Explorer: Dữ liệu tài chính doanh nghiệp,Nhóm 23 — DN bảo hiểm — Bảng cân đối kế toán,2. Dự phòng bồi thường nhượng tái bảo hiểm,Base,GSDC,Fact Public Company Financial Report Value,Data Value,MEASURE,fct_public_company_financial_rpt_val.data_val,
K_GSDC_1002,Data Explorer: Dữ liệu tài chính doanh nghiệp,Nhóm 23 — DN bảo hiểm — Bảng cân đối kế toán,2. Dự phòng bồi thường nhượng tái bảo hiểm,Base,GSDC,Financial Report Catalog Dimension,Row Description Reference,FILTER,JOIN financial_rpt_catalog_dim ON financial_rpt_catalog_dim.financial_rpt_catalog_dim_id = fct_public_company_financial_rpt_val.financial_rpt_catalog_dim_id WHERE financial_rpt_catalog_dim.financial_rpt_catalog_code LIKE 'BCDKT%' AND financial_rpt_catalog_dim.enterprise_tp_code = 'bh' AND financial_rpt_catalog_dim.row_description_reference = '192' AND financial_rpt_catalog_dim.column_description_reference = '1',
K_GSDC_1002,Data Explorer: Dữ liệu tài chính doanh nghiệp,Nhóm 23 — DN bảo hiểm — Bảng cân đối kế toán,2. Dự phòng bồi thường nhượng tái bảo hiểm,Base,GSDC,Fact Public Company Financial Report Value,Report Year,FILTER,fct_public_company_financial_rpt_val.rpt_year = :year AND fct_public_company_financial_rpt_val.rpt_quarter = :quarter,
K_GSDC_1003,Data Explorer: Dữ liệu tài chính doanh nghiệp,Nhóm 23 — DN bảo hiểm — Bảng cân đối kế toán,B - Tài sản dài hạn (200),Base,GSDC,Fact Public Company Financial Report Value,Data Value,MEASURE,fct_public_company_financial_rpt_val.data_val,
K_GSDC_1003,Data Explorer: Dữ liệu tài chính doanh nghiệp,Nhóm 23 — DN bảo hiểm — Bảng cân đối kế toán,B - Tài sản dài hạn (200),Base,GSDC,Financial Report Catalog Dimension,Row Description Reference,FILTER,JOIN financial_rpt_catalog_dim ON financial_rpt_catalog_dim.financial_rpt_catalog_dim_id = fct_public_company_financial_rpt_val.financial_rpt_catalog_dim_id WHERE financial_rpt_catalog_dim.financial_rpt_catalog_code LIKE 'BCDKT%' AND financial_rpt_catalog_dim.enterprise_tp_code = 'bh' AND financial_rpt_catalog_dim.row_description_reference = '200' AND financial_rpt_catalog_dim.column_description_reference = '1',
K_GSDC_1003,Data Explorer: Dữ liệu tài chính doanh nghiệp,Nhóm 23 — DN bảo hiểm — Bảng cân đối kế toán,B - Tài sản dài hạn (200),Base,GSDC,Fact Public Company Financial Report Value,Report Year,FILTER,fct_public_company_financial_rpt_val.rpt_year = :year AND fct_public_company_financial_rpt_val.rpt_quarter = :quarter,
K_GSDC_1004,Data Explorer: Dữ liệu tài chính doanh nghiệp,Nhóm 23 — DN bảo hiểm — Bảng cân đối kế toán,I. Các khoản phải thu dài hạn,Base,GSDC,Fact Public Company Financial Report Value,Data Value,MEASURE,fct_public_company_financial_rpt_val.data_val,
K_GSDC_1004,Data Explorer: Dữ liệu tài chính doanh nghiệp,Nhóm 23 — DN bảo hiểm — Bảng cân đối kế toán,I. Các khoản phải thu dài hạn,Base,GSDC,Financial Report Catalog Dimension,Row Description Reference,FILTER,JOIN financial_rpt_catalog_dim ON financial_rpt_catalog_dim.financial_rpt_catalog_dim_id = fct_public_company_financial_rpt_val.financial_rpt_catalog_dim_id WHERE financial_rpt_catalog_dim.financial_rpt_catalog_code LIKE 'BCDKT%' AND financial_rpt_catalog_dim.enterprise_tp_code = 'bh' AND financial_rpt_catalog_dim.row_description_reference = '210' AND financial_rpt_catalog_dim.column_description_reference = '1',
K_GSDC_1004,Data Explorer: Dữ liệu tài chính doanh nghiệp,Nhóm 23 — DN bảo hiểm — Bảng cân đối kế toán,I. Các khoản phải thu dài hạn,Base,GSDC,Fact Public Company Financial Report Value,Report Year,FILTER,fct_public_company_financial_rpt_val.rpt_year = :year AND fct_public_company_financial_rpt_val.rpt_quarter = :quarter,
K_GSDC_1005,Data Explorer: Dữ liệu tài chính doanh nghiệp,Nhóm 23 — DN bảo hiểm — Bảng cân đối kế toán,1. Phải thu dài hạn của khách hàng,Base,GSDC,Fact Public Company Financial Report Value,Data Value,MEASURE,fct_public_company_financial_rpt_val.data_val,
K_GSDC_1005,Data Explorer: Dữ liệu tài chính doanh nghiệp,Nhóm 23 — DN bảo hiểm — Bảng cân đối kế toán,1. Phải thu dài hạn của khách hàng,Base,GSDC,Financial Report Catalog Dimension,Row Description Reference,FILTER,JOIN financial_rpt_catalog_dim ON financial_rpt_catalog_dim.financial_rpt_catalog_dim_id = fct_public_company_financial_rpt_val.financial_rpt_catalog_dim_id WHERE financial_rpt_catalog_dim.financial_rpt_catalog_code LIKE 'BCDKT%' AND financial_rpt_catalog_dim.enterprise_tp_code = 'bh' AND financial_rpt_catalog_dim.row_description_reference = '211' AND financial_rpt_catalog_dim.column_description_reference = '1',
K_GSDC_1005,Data Explorer: Dữ liệu tài chính doanh nghiệp,Nhóm 23 — DN bảo hiểm — Bảng cân đối kế toán,1. Phải thu dài hạn của khách hàng,Base,GSDC,Fact Public Company Financial Report Value,Report Year,FILTER,fct_public_company_financial_rpt_val.rpt_year = :year AND fct_public_company_financial_rpt_val.rpt_quarter = :quarter,
K_GSDC_1006,Data Explorer: Dữ liệu tài chính doanh nghiệp,Nhóm 23 — DN bảo hiểm — Bảng cân đối kế toán,2. Vốn kinh doanh của đơn vị trực thuộc,Base,GSDC,Fact Public Company Financial Report Value,Data Value,MEASURE,fct_public_company_financial_rpt_val.data_val,
K_GSDC_1006,Data Explorer: Dữ liệu tài chính doanh nghiệp,Nhóm 23 — DN bảo hiểm — Bảng cân đối kế toán,2. Vốn kinh doanh của đơn vị trực thuộc,Base,GSDC,Financial Report Catalog Dimension,Row Description Reference,FILTER,JOIN financial_rpt_catalog_dim ON financial_rpt_catalog_dim.financial_rpt_catalog_dim_id = fct_public_company_financial_rpt_val.financial_rpt_catalog_dim_id WHERE financial_rpt_catalog_dim.financial_rpt_catalog_code LIKE 'BCDKT%' AND financial_rpt_catalog_dim.enterprise_tp_code = 'bh' AND financial_rpt_catalog_dim.row_description_reference = '212' AND financial_rpt_catalog_dim.column_description_reference = '1',
K_GSDC_1006,Data Explorer: Dữ liệu tài chính doanh nghiệp,Nhóm 23 — DN bảo hiểm — Bảng cân đối kế toán,2. Vốn kinh doanh của đơn vị trực thuộc,Base,GSDC,Fact Public Company Financial Report Value,Report Year,FILTER,fct_public_company_financial_rpt_val.rpt_year = :year AND fct_public_company_financial_rpt_val.rpt_quarter = :quarter,
K_GSDC_1007,Data Explorer: Dữ liệu tài chính doanh nghiệp,Nhóm 23 — DN bảo hiểm — Bảng cân đối kế toán,3. Phải thu dài hạn nội bộ,Base,GSDC,Fact Public Company Financial Report Value,Data Value,MEASURE,fct_public_company_financial_rpt_val.data_val,
K_GSDC_1007,Data Explorer: Dữ liệu tài chính doanh nghiệp,Nhóm 23 — DN bảo hiểm — Bảng cân đối kế toán,3. Phải thu dài hạn nội bộ,Base,GSDC,Financial Report Catalog Dimension,Row Description Reference,FILTER,JOIN financial_rpt_catalog_dim ON financial_rpt_catalog_dim.financial_rpt_catalog_dim_id = fct_public_company_financial_rpt_val.financial_rpt_catalog_dim_id WHERE financial_rpt_catalog_dim.financial_rpt_catalog_code LIKE 'BCDKT%' AND financial_rpt_catalog_dim.enterprise_tp_code = 'bh' AND financial_rpt_catalog_dim.row_description_reference = '213' AND financial_rpt_catalog_dim.column_description_reference = '1',
K_GSDC_1007,Data Explorer: Dữ liệu tài chính doanh nghiệp,Nhóm 23 — DN bảo hiểm — Bảng cân đối kế toán,3. Phải thu dài hạn nội bộ,Base,GSDC,Fact Public Company Financial Report Value,Report Year,FILTER,fct_public_company_financial_rpt_val.rpt_year = :year AND fct_public_company_financial_rpt_val.rpt_quarter = :quarter,
K_GSDC_1008,Data Explorer: Dữ liệu tài chính doanh nghiệp,Nhóm 23 — DN bảo hiểm — Bảng cân đối kế toán,4. Phải thu dài hạn khác,Base,GSDC,Fact Public Company Financial Report Value,Data Value,MEASURE,fct_public_company_financial_rpt_val.data_val,
K_GSDC_1008,Data Explorer: Dữ liệu tài chính doanh nghiệp,Nhóm 23 — DN bảo hiểm — Bảng cân đối kế toán,4. Phải thu dài hạn khác,Base,GSDC,Financial Report Catalog Dimension,Row Description Reference,FILTER,JOIN financial_rpt_catalog_dim ON financial_rpt_catalog_dim.financial_rpt_catalog_dim_id = fct_public_company_financial_rpt_val.financial_rpt_catalog_dim_id WHERE financial_rpt_catalog_dim.financial_rpt_catalog_code LIKE 'BCDKT%' AND financial_rpt_catalog_dim.enterprise_tp_code = 'bh' AND financial_rpt_catalog_dim.row_description_reference = '218' AND financial_rpt_catalog_dim.column_description_reference = '1',
K_GSDC_1008,Data Explorer: Dữ liệu tài chính doanh nghiệp,Nhóm 23 — DN bảo hiểm — Bảng cân đối kế toán,4. Phải thu dài hạn khác,Base,GSDC,Fact Public Company Financial Report Value,Report Year,FILTER,fct_public_company_financial_rpt_val.rpt_year = :year AND fct_public_company_financial_rpt_val.rpt_quarter = :quarter,
K_GSDC_1009,Data Explorer: Dữ liệu tài chính doanh nghiệp,Nhóm 23 — DN bảo hiểm — Bảng cân đối kế toán,4.1. Kí quỹ bảo hiểm,Base,GSDC,Fact Public Company Financial Report Value,Data Value,MEASURE,fct_public_company_financial_rpt_val.data_val,
K_GSDC_1009,Data Explorer: Dữ liệu tài chính doanh nghiệp,Nhóm 23 — DN bảo hiểm — Bảng cân đối kế toán,4.1. Kí quỹ bảo hiểm,Base,GSDC,Financial Report Catalog Dimension,Row Description Reference,FILTER,JOIN financial_rpt_catalog_dim ON financial_rpt_catalog_dim.financial_rpt_catalog_dim_id = fct_public_company_financial_rpt_val.financial_rpt_catalog_dim_id WHERE financial_rpt_catalog_dim.financial_rpt_catalog_code LIKE 'BCDKT%' AND financial_rpt_catalog_dim.enterprise_tp_code = 'bh' AND financial_rpt_catalog_dim.row_description_reference = '218.1' AND financial_rpt_catalog_dim.column_description_reference = '1',
K_GSDC_1009,Data Explorer: Dữ liệu tài chính doanh nghiệp,Nhóm 23 — DN bảo hiểm — Bảng cân đối kế toán,4.1. Kí quỹ bảo hiểm,Base,GSDC,Fact Public Company Financial Report Value,Report Year,FILTER,fct_public_company_financial_rpt_val.rpt_year = :year AND fct_public_company_financial_rpt_val.rpt_quarter = :quarter,
K_GSDC_1010,Data Explorer: Dữ liệu tài chính doanh nghiệp,Nhóm 23 — DN bảo hiểm — Bảng cân đối kế toán,4.2. Phải thu dài hạn khác,Base,GSDC,Fact Public Company Financial Report Value,Data Value,MEASURE,fct_public_company_financial_rpt_val.data_val,
K_GSDC_1010,Data Explorer: Dữ liệu tài chính doanh nghiệp,Nhóm 23 — DN bảo hiểm — Bảng cân đối kế toán,4.2. Phải thu dài hạn khác,Base,GSDC,Financial Report Catalog Dimension,Row Description Reference,FILTER,JOIN financial_rpt_catalog_dim ON financial_rpt_catalog_dim.financial_rpt_catalog_dim_id = fct_public_company_financial_rpt_val.financial_rpt_catalog_dim_id WHERE financial_rpt_catalog_dim.financial_rpt_catalog_code LIKE 'BCDKT%' AND financial_rpt_catalog_dim.enterprise_tp_code = 'bh' AND financial_rpt_catalog_dim.row_description_reference = '218.2' AND financial_rpt_catalog_dim.column_description_reference = '1',
K_GSDC_1010,Data Explorer: Dữ liệu tài chính doanh nghiệp,Nhóm 23 — DN bảo hiểm — Bảng cân đối kế toán,4.2. Phải thu dài hạn khác,Base,GSDC,Fact Public Company Financial Report Value,Report Year,FILTER,fct_public_company_financial_rpt_val.rpt_year = :year AND fct_public_company_financial_rpt_val.rpt_quarter = :quarter,
K_GSDC_1011,Data Explorer: Dữ liệu tài chính doanh nghiệp,Nhóm 23 — DN bảo hiểm — Bảng cân đối kế toán,II. Tài sản cố định,Base,GSDC,Fact Public Company Financial Report Value,Data Value,MEASURE,fct_public_company_financial_rpt_val.data_val,
K_GSDC_1011,Data Explorer: Dữ liệu tài chính doanh nghiệp,Nhóm 23 — DN bảo hiểm — Bảng cân đối kế toán,II. Tài sản cố định,Base,GSDC,Financial Report Catalog Dimension,Row Description Reference,FILTER,JOIN financial_rpt_catalog_dim ON financial_rpt_catalog_dim.financial_rpt_catalog_dim_id = fct_public_company_financial_rpt_val.financial_rpt_catalog_dim_id WHERE financial_rpt_catalog_dim.financial_rpt_catalog_code LIKE 'BCDKT%' AND financial_rpt_catalog_dim.enterprise_tp_code = 'bh' AND financial_rpt_catalog_dim.row_description_reference = '220' AND financial_rpt_catalog_dim.column_description_reference = '1',
K_GSDC_1011,Data Explorer: Dữ liệu tài chính doanh nghiệp,Nhóm 23 — DN bảo hiểm — Bảng cân đối kế toán,II. Tài sản cố định,Base,GSDC,Fact Public Company Financial Report Value,Report Year,FILTER,fct_public_company_financial_rpt_val.rpt_year = :year AND fct_public_company_financial_rpt_val.rpt_quarter = :quarter,
K_GSDC_1012,Data Explorer: Dữ liệu tài chính doanh nghiệp,Nhóm 23 — DN bảo hiểm — Bảng cân đối kế toán,1. Tài sản cố định hữu hình,Base,GSDC,Fact Public Company Financial Report Value,Data Value,MEASURE,fct_public_company_financial_rpt_val.data_val,
K_GSDC_1012,Data Explorer: Dữ liệu tài chính doanh nghiệp,Nhóm 23 — DN bảo hiểm — Bảng cân đối kế toán,1. Tài sản cố định hữu hình,Base,GSDC,Financial Report Catalog Dimension,Row Description Reference,FILTER,JOIN financial_rpt_catalog_dim ON financial_rpt_catalog_dim.financial_rpt_catalog_dim_id = fct_public_company_financial_rpt_val.financial_rpt_catalog_dim_id WHERE financial_rpt_catalog_dim.financial_rpt_catalog_code LIKE 'BCDKT%' AND financial_rpt_catalog_dim.enterprise_tp_code = 'bh' AND financial_rpt_catalog_dim.row_description_reference = '221' AND financial_rpt_catalog_dim.column_description_reference = '1',
K_GSDC_1012,Data Explorer: Dữ liệu tài chính doanh nghiệp,Nhóm 23 — DN bảo hiểm — Bảng cân đối kế toán,1. Tài sản cố định hữu hình,Base,GSDC,Fact Public Company Financial Report Value,Report Year,FILTER,fct_public_company_financial_rpt_val.rpt_year = :year AND fct_public_company_financial_rpt_val.rpt_quarter = :quarter,
K_GSDC_1013,Data Explorer: Dữ liệu tài chính doanh nghiệp,Nhóm 23 — DN bảo hiểm — Bảng cân đối kế toán,· Nguyên giá,Base,GSDC,Fact Public Company Financial Report Value,Data Value,MEASURE,fct_public_company_financial_rpt_val.data_val,
K_GSDC_1013,Data Explorer: Dữ liệu tài chính doanh nghiệp,Nhóm 23 — DN bảo hiểm — Bảng cân đối kế toán,· Nguyên giá,Base,GSDC,Financial Report Catalog Dimension,Row Description Reference,FILTER,JOIN financial_rpt_catalog_dim ON financial_rpt_catalog_dim.financial_rpt_catalog_dim_id = fct_public_company_financial_rpt_val.financial_rpt_catalog_dim_id WHERE financial_rpt_catalog_dim.financial_rpt_catalog_code LIKE 'BCDKT%' AND financial_rpt_catalog_dim.enterprise_tp_code = 'bh' AND financial_rpt_catalog_dim.row_description_reference = '222' AND financial_rpt_catalog_dim.column_description_reference = '1',
K_GSDC_1013,Data Explorer: Dữ liệu tài chính doanh nghiệp,Nhóm 23 — DN bảo hiểm — Bảng cân đối kế toán,· Nguyên giá,Base,GSDC,Fact Public Company Financial Report Value,Report Year,FILTER,fct_public_company_financial_rpt_val.rpt_year = :year AND fct_public_company_financial_rpt_val.rpt_quarter = :quarter,
K_GSDC_1014,Data Explorer: Dữ liệu tài chính doanh nghiệp,Nhóm 23 — DN bảo hiểm — Bảng cân đối kế toán,· Giá trị hao mòn luỹ kế (*),Base,GSDC,Fact Public Company Financial Report Value,Data Value,MEASURE,fct_public_company_financial_rpt_val.data_val,
K_GSDC_1014,Data Explorer: Dữ liệu tài chính doanh nghiệp,Nhóm 23 — DN bảo hiểm — Bảng cân đối kế toán,· Giá trị hao mòn luỹ kế (*),Base,GSDC,Financial Report Catalog Dimension,Row Description Reference,FILTER,JOIN financial_rpt_catalog_dim ON financial_rpt_catalog_dim.financial_rpt_catalog_dim_id = fct_public_company_financial_rpt_val.financial_rpt_catalog_dim_id WHERE financial_rpt_catalog_dim.financial_rpt_catalog_code LIKE 'BCDKT%' AND financial_rpt_catalog_dim.enterprise_tp_code = 'bh' AND financial_rpt_catalog_dim.row_description_reference = '223' AND financial_rpt_catalog_dim.column_description_reference = '1',
K_GSDC_1014,Data Explorer: Dữ liệu tài chính doanh nghiệp,Nhóm 23 — DN bảo hiểm — Bảng cân đối kế toán,· Giá trị hao mòn luỹ kế (*),Base,GSDC,Fact Public Company Financial Report Value,Report Year,FILTER,fct_public_company_financial_rpt_val.rpt_year = :year AND fct_public_company_financial_rpt_val.rpt_quarter = :quarter,
K_GSDC_1015,Data Explorer: Dữ liệu tài chính doanh nghiệp,Nhóm 23 — DN bảo hiểm — Bảng cân đối kế toán,2. Tài sản cố định thuê tài chính,Base,GSDC,Fact Public Company Financial Report Value,Data Value,MEASURE,fct_public_company_financial_rpt_val.data_val,
K_GSDC_1015,Data Explorer: Dữ liệu tài chính doanh nghiệp,Nhóm 23 — DN bảo hiểm — Bảng cân đối kế toán,2. Tài sản cố định thuê tài chính,Base,GSDC,Financial Report Catalog Dimension,Row Description Reference,FILTER,JOIN financial_rpt_catalog_dim ON financial_rpt_catalog_dim.financial_rpt_catalog_dim_id = fct_public_company_financial_rpt_val.financial_rpt_catalog_dim_id WHERE financial_rpt_catalog_dim.financial_rpt_catalog_code LIKE 'BCDKT%' AND financial_rpt_catalog_dim.enterprise_tp_code = 'bh' AND financial_rpt_catalog_dim.row_description_reference = '224' AND financial_rpt_catalog_dim.column_description_reference = '1',
K_GSDC_1015,Data Explorer: Dữ liệu tài chính doanh nghiệp,Nhóm 23 — DN bảo hiểm — Bảng cân đối kế toán,2. Tài sản cố định thuê tài chính,Base,GSDC,Fact Public Company Financial Report Value,Report Year,FILTER,fct_public_company_financial_rpt_val.rpt_year = :year AND fct_public_company_financial_rpt_val.rpt_quarter = :quarter,
K_GSDC_1016,Data Explorer: Dữ liệu tài chính doanh nghiệp,Nhóm 23 — DN bảo hiểm — Bảng cân đối kế toán,· Nguyên giá,Base,GSDC,Fact Public Company Financial Report Value,Data Value,MEASURE,fct_public_company_financial_rpt_val.data_val,
K_GSDC_1016,Data Explorer: Dữ liệu tài chính doanh nghiệp,Nhóm 23 — DN bảo hiểm — Bảng cân đối kế toán,· Nguyên giá,Base,GSDC,Financial Report Catalog Dimension,Row Description Reference,FILTER,JOIN financial_rpt_catalog_dim ON financial_rpt_catalog_dim.financial_rpt_catalog_dim_id = fct_public_company_financial_rpt_val.financial_rpt_catalog_dim_id WHERE financial_rpt_catalog_dim.financial_rpt_catalog_code LIKE 'BCDKT%' AND financial_rpt_catalog_dim.enterprise_tp_code = 'bh' AND financial_rpt_catalog_dim.row_description_reference = '225' AND financial_rpt_catalog_dim.column_description_reference = '1',
K_GSDC_1016,Data Explorer: Dữ liệu tài chính doanh nghiệp,Nhóm 23 — DN bảo hiểm — Bảng cân đối kế toán,· Nguyên giá,Base,GSDC,Fact Public Company Financial Report Value,Report Year,FILTER,fct_public_company_financial_rpt_val.rpt_year = :year AND fct_public_company_financial_rpt_val.rpt_quarter = :quarter,
K_GSDC_1017,Data Explorer: Dữ liệu tài chính doanh nghiệp,Nhóm 23 — DN bảo hiểm — Bảng cân đối kế toán,· Giá trị hao mòn luỹ kế (*),Base,GSDC,Fact Public Company Financial Report Value,Data Value,MEASURE,fct_public_company_financial_rpt_val.data_val,
K_GSDC_1017,Data Explorer: Dữ liệu tài chính doanh nghiệp,Nhóm 23 — DN bảo hiểm — Bảng cân đối kế toán,· Giá trị hao mòn luỹ kế (*),Base,GSDC,Financial Report Catalog Dimension,Row Description Reference,FILTER,JOIN financial_rpt_catalog_dim ON financial_rpt_catalog_dim.financial_rpt_catalog_dim_id = fct_public_company_financial_rpt_val.financial_rpt_catalog_dim_id WHERE financial_rpt_catalog_dim.financial_rpt_catalog_code LIKE 'BCDKT%' AND financial_rpt_catalog_dim.enterprise_tp_code = 'bh' AND financial_rpt_catalog_dim.row_description_reference = '226' AND financial_rpt_catalog_dim.column_description_reference = '1',
K_GSDC_1017,Data Explorer: Dữ liệu tài chính doanh nghiệp,Nhóm 23 — DN bảo hiểm — Bảng cân đối kế toán,· Giá trị hao mòn luỹ kế (*),Base,GSDC,Fact Public Company Financial Report Value,Report Year,FILTER,fct_public_company_financial_rpt_val.rpt_year = :year AND fct_public_company_financial_rpt_val.rpt_quarter = :quarter,
K_GSDC_1018,Data Explorer: Dữ liệu tài chính doanh nghiệp,Nhóm 23 — DN bảo hiểm — Bảng cân đối kế toán,3. Tài sản cố định vô hình,Base,GSDC,Fact Public Company Financial Report Value,Data Value,MEASURE,fct_public_company_financial_rpt_val.data_val,
K_GSDC_1018,Data Explorer: Dữ liệu tài chính doanh nghiệp,Nhóm 23 — DN bảo hiểm — Bảng cân đối kế toán,3. Tài sản cố định vô hình,Base,GSDC,Financial Report Catalog Dimension,Row Description Reference,FILTER,JOIN financial_rpt_catalog_dim ON financial_rpt_catalog_dim.financial_rpt_catalog_dim_id = fct_public_company_financial_rpt_val.financial_rpt_catalog_dim_id WHERE financial_rpt_catalog_dim.financial_rpt_catalog_code LIKE 'BCDKT%' AND financial_rpt_catalog_dim.enterprise_tp_code = 'bh' AND financial_rpt_catalog_dim.row_description_reference = '227' AND financial_rpt_catalog_dim.column_description_reference = '1',
K_GSDC_1018,Data Explorer: Dữ liệu tài chính doanh nghiệp,Nhóm 23 — DN bảo hiểm — Bảng cân đối kế toán,3. Tài sản cố định vô hình,Base,GSDC,Fact Public Company Financial Report Value,Report Year,FILTER,fct_public_company_financial_rpt_val.rpt_year = :year AND fct_public_company_financial_rpt_val.rpt_quarter = :quarter,
K_GSDC_1019,Data Explorer: Dữ liệu tài chính doanh nghiệp,Nhóm 23 — DN bảo hiểm — Bảng cân đối kế toán,· Nguyên giá,Base,GSDC,Fact Public Company Financial Report Value,Data Value,MEASURE,fct_public_company_financial_rpt_val.data_val,
K_GSDC_1019,Data Explorer: Dữ liệu tài chính doanh nghiệp,Nhóm 23 — DN bảo hiểm — Bảng cân đối kế toán,· Nguyên giá,Base,GSDC,Financial Report Catalog Dimension,Row Description Reference,FILTER,JOIN financial_rpt_catalog_dim ON financial_rpt_catalog_dim.financial_rpt_catalog_dim_id = fct_public_company_financial_rpt_val.financial_rpt_catalog_dim_id WHERE financial_rpt_catalog_dim.financial_rpt_catalog_code LIKE 'BCDKT%' AND financial_rpt_catalog_dim.enterprise_tp_code = 'bh' AND financial_rpt_catalog_dim.row_description_reference = '228' AND financial_rpt_catalog_dim.column_description_reference = '1',
K_GSDC_1019,Data Explorer: Dữ liệu tài chính doanh nghiệp,Nhóm 23 — DN bảo hiểm — Bảng cân đối kế toán,· Nguyên giá,Base,GSDC,Fact Public Company Financial Report Value,Report Year,FILTER,fct_public_company_financial_rpt_val.rpt_year = :year AND fct_public_company_financial_rpt_val.rpt_quarter = :quarter,
K_GSDC_1020,Data Explorer: Dữ liệu tài chính doanh nghiệp,Nhóm 23 — DN bảo hiểm — Bảng cân đối kế toán,· Giá trị hao mòn luỹ kế (*),Base,GSDC,Fact Public Company Financial Report Value,Data Value,MEASURE,fct_public_company_financial_rpt_val.data_val,
K_GSDC_1020,Data Explorer: Dữ liệu tài chính doanh nghiệp,Nhóm 23 — DN bảo hiểm — Bảng cân đối kế toán,· Giá trị hao mòn luỹ kế (*),Base,GSDC,Financial Report Catalog Dimension,Row Description Reference,FILTER,JOIN financial_rpt_catalog_dim ON financial_rpt_catalog_dim.financial_rpt_catalog_dim_id = fct_public_company_financial_rpt_val.financial_rpt_catalog_dim_id WHERE financial_rpt_catalog_dim.financial_rpt_catalog_code LIKE 'BCDKT%' AND financial_rpt_catalog_dim.enterprise_tp_code = 'bh' AND financial_rpt_catalog_dim.row_description_reference = '229' AND financial_rpt_catalog_dim.column_description_reference = '1',
K_GSDC_1020,Data Explorer: Dữ liệu tài chính doanh nghiệp,Nhóm 23 — DN bảo hiểm — Bảng cân đối kế toán,· Giá trị hao mòn luỹ kế (*),Base,GSDC,Fact Public Company Financial Report Value,Report Year,FILTER,fct_public_company_financial_rpt_val.rpt_year = :year AND fct_public_company_financial_rpt_val.rpt_quarter = :quarter,
K_GSDC_1021,Data Explorer: Dữ liệu tài chính doanh nghiệp,Nhóm 23 — DN bảo hiểm — Bảng cân đối kế toán,4. Chi phí xây dựng cơ bản dở dang,Base,GSDC,Fact Public Company Financial Report Value,Data Value,MEASURE,fct_public_company_financial_rpt_val.data_val,
K_GSDC_1021,Data Explorer: Dữ liệu tài chính doanh nghiệp,Nhóm 23 — DN bảo hiểm — Bảng cân đối kế toán,4. Chi phí xây dựng cơ bản dở dang,Base,GSDC,Financial Report Catalog Dimension,Row Description Reference,FILTER,JOIN financial_rpt_catalog_dim ON financial_rpt_catalog_dim.financial_rpt_catalog_dim_id = fct_public_company_financial_rpt_val.financial_rpt_catalog_dim_id WHERE financial_rpt_catalog_dim.financial_rpt_catalog_code LIKE 'BCDKT%' AND financial_rpt_catalog_dim.enterprise_tp_code = 'bh' AND financial_rpt_catalog_dim.row_description_reference = '230' AND financial_rpt_catalog_dim.column_description_reference = '1',
K_GSDC_1021,Data Explorer: Dữ liệu tài chính doanh nghiệp,Nhóm 23 — DN bảo hiểm — Bảng cân đối kế toán,4. Chi phí xây dựng cơ bản dở dang,Base,GSDC,Fact Public Company Financial Report Value,Report Year,FILTER,fct_public_company_financial_rpt_val.rpt_year = :year AND fct_public_company_financial_rpt_val.rpt_quarter = :quarter,
K_GSDC_1022,Data Explorer: Dữ liệu tài chính doanh nghiệp,Nhóm 23 — DN bảo hiểm — Bảng cân đối kế toán,III. Bất động sản đầu tư,Base,GSDC,Fact Public Company Financial Report Value,Data Value,MEASURE,fct_public_company_financial_rpt_val.data_val,
K_GSDC_1022,Data Explorer: Dữ liệu tài chính doanh nghiệp,Nhóm 23 — DN bảo hiểm — Bảng cân đối kế toán,III. Bất động sản đầu tư,Base,GSDC,Financial Report Catalog Dimension,Row Description Reference,FILTER,JOIN financial_rpt_catalog_dim ON financial_rpt_catalog_dim.financial_rpt_catalog_dim_id = fct_public_company_financial_rpt_val.financial_rpt_catalog_dim_id WHERE financial_rpt_catalog_dim.financial_rpt_catalog_code LIKE 'BCDKT%' AND financial_rpt_catalog_dim.enterprise_tp_code = 'bh' AND financial_rpt_catalog_dim.row_description_reference = '240' AND financial_rpt_catalog_dim.column_description_reference = '1',
K_GSDC_1022,Data Explorer: Dữ liệu tài chính doanh nghiệp,Nhóm 23 — DN bảo hiểm — Bảng cân đối kế toán,III. Bất động sản đầu tư,Base,GSDC,Fact Public Company Financial Report Value,Report Year,FILTER,fct_public_company_financial_rpt_val.rpt_year = :year AND fct_public_company_financial_rpt_val.rpt_quarter = :quarter,
K_GSDC_1023,Data Explorer: Dữ liệu tài chính doanh nghiệp,Nhóm 23 — DN bảo hiểm — Bảng cân đối kế toán,· Nguyên giá,Base,GSDC,Fact Public Company Financial Report Value,Data Value,MEASURE,fct_public_company_financial_rpt_val.data_val,
K_GSDC_1023,Data Explorer: Dữ liệu tài chính doanh nghiệp,Nhóm 23 — DN bảo hiểm — Bảng cân đối kế toán,· Nguyên giá,Base,GSDC,Financial Report Catalog Dimension,Row Description Reference,FILTER,JOIN financial_rpt_catalog_dim ON financial_rpt_catalog_dim.financial_rpt_catalog_dim_id = fct_public_company_financial_rpt_val.financial_rpt_catalog_dim_id WHERE financial_rpt_catalog_dim.financial_rpt_catalog_code LIKE 'BCDKT%' AND financial_rpt_catalog_dim.enterprise_tp_code = 'bh' AND financial_rpt_catalog_dim.row_description_reference = '241' AND financial_rpt_catalog_dim.column_description_reference = '1',
K_GSDC_1023,Data Explorer: Dữ liệu tài chính doanh nghiệp,Nhóm 23 — DN bảo hiểm — Bảng cân đối kế toán,· Nguyên giá,Base,GSDC,Fact Public Company Financial Report Value,Report Year,FILTER,fct_public_company_financial_rpt_val.rpt_year = :year AND fct_public_company_financial_rpt_val.rpt_quarter = :quarter,
K_GSDC_1024,Data Explorer: Dữ liệu tài chính doanh nghiệp,Nhóm 23 — DN bảo hiểm — Bảng cân đối kế toán,· Giá trị hao mòn luỹ kế,Base,GSDC,Fact Public Company Financial Report Value,Data Value,MEASURE,fct_public_company_financial_rpt_val.data_val,
K_GSDC_1024,Data Explorer: Dữ liệu tài chính doanh nghiệp,Nhóm 23 — DN bảo hiểm — Bảng cân đối kế toán,· Giá trị hao mòn luỹ kế,Base,GSDC,Financial Report Catalog Dimension,Row Description Reference,FILTER,JOIN financial_rpt_catalog_dim ON financial_rpt_catalog_dim.financial_rpt_catalog_dim_id = fct_public_company_financial_rpt_val.financial_rpt_catalog_dim_id WHERE financial_rpt_catalog_dim.financial_rpt_catalog_code LIKE 'BCDKT%' AND financial_rpt_catalog_dim.enterprise_tp_code = 'bh' AND financial_rpt_catalog_dim.row_description_reference = '242' AND financial_rpt_catalog_dim.column_description_reference = '1',
K_GSDC_1024,Data Explorer: Dữ liệu tài chính doanh nghiệp,Nhóm 23 — DN bảo hiểm — Bảng cân đối kế toán,· Giá trị hao mòn luỹ kế,Base,GSDC,Fact Public Company Financial Report Value,Report Year,FILTER,fct_public_company_financial_rpt_val.rpt_year = :year AND fct_public_company_financial_rpt_val.rpt_quarter = :quarter,
K_GSDC_1025,Data Explorer: Dữ liệu tài chính doanh nghiệp,Nhóm 23 — DN bảo hiểm — Bảng cân đối kế toán,IV. Các khoản đầu tư tài chính dài hạn,Base,GSDC,Fact Public Company Financial Report Value,Data Value,MEASURE,fct_public_company_financial_rpt_val.data_val,
K_GSDC_1025,Data Explorer: Dữ liệu tài chính doanh nghiệp,Nhóm 23 — DN bảo hiểm — Bảng cân đối kế toán,IV. Các khoản đầu tư tài chính dài hạn,Base,GSDC,Financial Report Catalog Dimension,Row Description Reference,FILTER,JOIN financial_rpt_catalog_dim ON financial_rpt_catalog_dim.financial_rpt_catalog_dim_id = fct_public_company_financial_rpt_val.financial_rpt_catalog_dim_id WHERE financial_rpt_catalog_dim.financial_rpt_catalog_code LIKE 'BCDKT%' AND financial_rpt_catalog_dim.enterprise_tp_code = 'bh' AND financial_rpt_catalog_dim.row_description_reference = '250' AND financial_rpt_catalog_dim.column_description_reference = '1',
K_GSDC_1025,Data Explorer: Dữ liệu tài chính doanh nghiệp,Nhóm 23 — DN bảo hiểm — Bảng cân đối kế toán,IV. Các khoản đầu tư tài chính dài hạn,Base,GSDC,Fact Public Company Financial Report Value,Report Year,FILTER,fct_public_company_financial_rpt_val.rpt_year = :year AND fct_public_company_financial_rpt_val.rpt_quarter = :quarter,
K_GSDC_1026,Data Explorer: Dữ liệu tài chính doanh nghiệp,Nhóm 23 — DN bảo hiểm — Bảng cân đối kế toán,1. Đầu tư vào công ty con,Base,GSDC,Fact Public Company Financial Report Value,Data Value,MEASURE,fct_public_company_financial_rpt_val.data_val,
K_GSDC_1026,Data Explorer: Dữ liệu tài chính doanh nghiệp,Nhóm 23 — DN bảo hiểm — Bảng cân đối kế toán,1. Đầu tư vào công ty con,Base,GSDC,Financial Report Catalog Dimension,Row Description Reference,FILTER,JOIN financial_rpt_catalog_dim ON financial_rpt_catalog_dim.financial_rpt_catalog_dim_id = fct_public_company_financial_rpt_val.financial_rpt_catalog_dim_id WHERE financial_rpt_catalog_dim.financial_rpt_catalog_code LIKE 'BCDKT%' AND financial_rpt_catalog_dim.enterprise_tp_code = 'bh' AND financial_rpt_catalog_dim.row_description_reference = '251' AND financial_rpt_catalog_dim.column_description_reference = '1',
K_GSDC_1026,Data Explorer: Dữ liệu tài chính doanh nghiệp,Nhóm 23 — DN bảo hiểm — Bảng cân đối kế toán,1. Đầu tư vào công ty con,Base,GSDC,Fact Public Company Financial Report Value,Report Year,FILTER,fct_public_company_financial_rpt_val.rpt_year = :year AND fct_public_company_financial_rpt_val.rpt_quarter = :quarter,
K_GSDC_1027,Data Explorer: Dữ liệu tài chính doanh nghiệp,Nhóm 23 — DN bảo hiểm — Bảng cân đối kế toán,"2. Đầu tư vào công ty liên kết, liên doanh",Base,GSDC,Fact Public Company Financial Report Value,Data Value,MEASURE,fct_public_company_financial_rpt_val.data_val,
K_GSDC_1027,Data Explorer: Dữ liệu tài chính doanh nghiệp,Nhóm 23 — DN bảo hiểm — Bảng cân đối kế toán,"2. Đầu tư vào công ty liên kết, liên doanh",Base,GSDC,Financial Report Catalog Dimension,Row Description Reference,FILTER,JOIN financial_rpt_catalog_dim ON financial_rpt_catalog_dim.financial_rpt_catalog_dim_id = fct_public_company_financial_rpt_val.financial_rpt_catalog_dim_id WHERE financial_rpt_catalog_dim.financial_rpt_catalog_code LIKE 'BCDKT%' AND financial_rpt_catalog_dim.enterprise_tp_code = 'bh' AND financial_rpt_catalog_dim.row_description_reference = '252' AND financial_rpt_catalog_dim.column_description_reference = '1',
K_GSDC_1027,Data Explorer: Dữ liệu tài chính doanh nghiệp,Nhóm 23 — DN bảo hiểm — Bảng cân đối kế toán,"2. Đầu tư vào công ty liên kết, liên doanh",Base,GSDC,Fact Public Company Financial Report Value,Report Year,FILTER,fct_public_company_financial_rpt_val.rpt_year = :year AND fct_public_company_financial_rpt_val.rpt_quarter = :quarter,
K_GSDC_1028,Data Explorer: Dữ liệu tài chính doanh nghiệp,Nhóm 23 — DN bảo hiểm — Bảng cân đối kế toán,3. Đầu tư dài hạn khác,Base,GSDC,Fact Public Company Financial Report Value,Data Value,MEASURE,fct_public_company_financial_rpt_val.data_val,
K_GSDC_1028,Data Explorer: Dữ liệu tài chính doanh nghiệp,Nhóm 23 — DN bảo hiểm — Bảng cân đối kế toán,3. Đầu tư dài hạn khác,Base,GSDC,Financial Report Catalog Dimension,Row Description Reference,FILTER,JOIN financial_rpt_catalog_dim ON financial_rpt_catalog_dim.financial_rpt_catalog_dim_id = fct_public_company_financial_rpt_val.financial_rpt_catalog_dim_id WHERE financial_rpt_catalog_dim.financial_rpt_catalog_code LIKE 'BCDKT%' AND financial_rpt_catalog_dim.enterprise_tp_code = 'bh' AND financial_rpt_catalog_dim.row_description_reference = '258' AND financial_rpt_catalog_dim.column_description_reference = '1',
K_GSDC_1028,Data Explorer: Dữ liệu tài chính doanh nghiệp,Nhóm 23 — DN bảo hiểm — Bảng cân đối kế toán,3. Đầu tư dài hạn khác,Base,GSDC,Fact Public Company Financial Report Value,Report Year,FILTER,fct_public_company_financial_rpt_val.rpt_year = :year AND fct_public_company_financial_rpt_val.rpt_quarter = :quarter,
K_GSDC_1029,Data Explorer: Dữ liệu tài chính doanh nghiệp,Nhóm 23 — DN bảo hiểm — Bảng cân đối kế toán,4. Dự phòng giảm giá đầu tư tài chính dài hạn,Base,GSDC,Fact Public Company Financial Report Value,Data Value,MEASURE,fct_public_company_financial_rpt_val.data_val,
K_GSDC_1029,Data Explorer: Dữ liệu tài chính doanh nghiệp,Nhóm 23 — DN bảo hiểm — Bảng cân đối kế toán,4. Dự phòng giảm giá đầu tư tài chính dài hạn,Base,GSDC,Financial Report Catalog Dimension,Row Description Reference,FILTER,JOIN financial_rpt_catalog_dim ON financial_rpt_catalog_dim.financial_rpt_catalog_dim_id = fct_public_company_financial_rpt_val.financial_rpt_catalog_dim_id WHERE financial_rpt_catalog_dim.financial_rpt_catalog_code LIKE 'BCDKT%' AND financial_rpt_catalog_dim.enterprise_tp_code = 'bh' AND financial_rpt_catalog_dim.row_description_reference = '259' AND financial_rpt_catalog_dim.column_description_reference = '1',
K_GSDC_1029,Data Explorer: Dữ liệu tài chính doanh nghiệp,Nhóm 23 — DN bảo hiểm — Bảng cân đối kế toán,4. Dự phòng giảm giá đầu tư tài chính dài hạn,Base,GSDC,Fact Public Company Financial Report Value,Report Year,FILTER,fct_public_company_financial_rpt_val.rpt_year = :year AND fct_public_company_financial_rpt_val.rpt_quarter = :quarter,
K_GSDC_1030,Data Explorer: Dữ liệu tài chính doanh nghiệp,Nhóm 23 — DN bảo hiểm — Bảng cân đối kế toán,V. Tài sản dài hạn khác,Base,GSDC,Fact Public Company Financial Report Value,Data Value,MEASURE,fct_public_company_financial_rpt_val.data_val,
K_GSDC_1030,Data Explorer: Dữ liệu tài chính doanh nghiệp,Nhóm 23 — DN bảo hiểm — Bảng cân đối kế toán,V. Tài sản dài hạn khác,Base,GSDC,Financial Report Catalog Dimension,Row Description Reference,FILTER,JOIN financial_rpt_catalog_dim ON financial_rpt_catalog_dim.financial_rpt_catalog_dim_id = fct_public_company_financial_rpt_val.financial_rpt_catalog_dim_id WHERE financial_rpt_catalog_dim.financial_rpt_catalog_code LIKE 'BCDKT%' AND financial_rpt_catalog_dim.enterprise_tp_code = 'bh' AND financial_rpt_catalog_dim.row_description_reference = '260' AND financial_rpt_catalog_dim.column_description_reference = '1',
K_GSDC_1030,Data Explorer: Dữ liệu tài chính doanh nghiệp,Nhóm 23 — DN bảo hiểm — Bảng cân đối kế toán,V. Tài sản dài hạn khác,Base,GSDC,Fact Public Company Financial Report Value,Report Year,FILTER,fct_public_company_financial_rpt_val.rpt_year = :year AND fct_public_company_financial_rpt_val.rpt_quarter = :quarter,
K_GSDC_1031,Data Explorer: Dữ liệu tài chính doanh nghiệp,Nhóm 23 — DN bảo hiểm — Bảng cân đối kế toán,1. Chi phí trả trước dài hạn,Base,GSDC,Fact Public Company Financial Report Value,Data Value,MEASURE,fct_public_company_financial_rpt_val.data_val,
K_GSDC_1031,Data Explorer: Dữ liệu tài chính doanh nghiệp,Nhóm 23 — DN bảo hiểm — Bảng cân đối kế toán,1. Chi phí trả trước dài hạn,Base,GSDC,Financial Report Catalog Dimension,Row Description Reference,FILTER,JOIN financial_rpt_catalog_dim ON financial_rpt_catalog_dim.financial_rpt_catalog_dim_id = fct_public_company_financial_rpt_val.financial_rpt_catalog_dim_id WHERE financial_rpt_catalog_dim.financial_rpt_catalog_code LIKE 'BCDKT%' AND financial_rpt_catalog_dim.enterprise_tp_code = 'bh' AND financial_rpt_catalog_dim.row_description_reference = '261' AND financial_rpt_catalog_dim.column_description_reference = '1',
K_GSDC_1031,Data Explorer: Dữ liệu tài chính doanh nghiệp,Nhóm 23 — DN bảo hiểm — Bảng cân đối kế toán,1. Chi phí trả trước dài hạn,Base,GSDC,Fact Public Company Financial Report Value,Report Year,FILTER,fct_public_company_financial_rpt_val.rpt_year = :year AND fct_public_company_financial_rpt_val.rpt_quarter = :quarter,
K_GSDC_1032,Data Explorer: Dữ liệu tài chính doanh nghiệp,Nhóm 23 — DN bảo hiểm — Bảng cân đối kế toán,Tổng cộng tài sản (270),Base,GSDC,Fact Public Company Financial Report Value,Data Value,MEASURE,fct_public_company_financial_rpt_val.data_val,
K_GSDC_1032,Data Explorer: Dữ liệu tài chính doanh nghiệp,Nhóm 23 — DN bảo hiểm — Bảng cân đối kế toán,Tổng cộng tài sản (270),Base,GSDC,Financial Report Catalog Dimension,Row Description Reference,FILTER,JOIN financial_rpt_catalog_dim ON financial_rpt_catalog_dim.financial_rpt_catalog_dim_id = fct_public_company_financial_rpt_val.financial_rpt_catalog_dim_id WHERE financial_rpt_catalog_dim.financial_rpt_catalog_code LIKE 'BCDKT%' AND financial_rpt_catalog_dim.enterprise_tp_code = 'bh' AND financial_rpt_catalog_dim.row_description_reference = '270' AND financial_rpt_catalog_dim.column_description_reference = '1',
K_GSDC_1032,Data Explorer: Dữ liệu tài chính doanh nghiệp,Nhóm 23 — DN bảo hiểm — Bảng cân đối kế toán,Tổng cộng tài sản (270),Base,GSDC,Fact Public Company Financial Report Value,Report Year,FILTER,fct_public_company_financial_rpt_val.rpt_year = :year AND fct_public_company_financial_rpt_val.rpt_quarter = :quarter,
K_GSDC_1033,Data Explorer: Dữ liệu tài chính doanh nghiệp,Nhóm 23 — DN bảo hiểm — Bảng cân đối kế toán,A - Nợ phải trả (300),Base,GSDC,Fact Public Company Financial Report Value,Data Value,MEASURE,fct_public_company_financial_rpt_val.data_val,
K_GSDC_1033,Data Explorer: Dữ liệu tài chính doanh nghiệp,Nhóm 23 — DN bảo hiểm — Bảng cân đối kế toán,A - Nợ phải trả (300),Base,GSDC,Financial Report Catalog Dimension,Row Description Reference,FILTER,JOIN financial_rpt_catalog_dim ON financial_rpt_catalog_dim.financial_rpt_catalog_dim_id = fct_public_company_financial_rpt_val.financial_rpt_catalog_dim_id WHERE financial_rpt_catalog_dim.financial_rpt_catalog_code LIKE 'BCDKT%' AND financial_rpt_catalog_dim.enterprise_tp_code = 'bh' AND financial_rpt_catalog_dim.row_description_reference = '300' AND financial_rpt_catalog_dim.column_description_reference = '1',
K_GSDC_1033,Data Explorer: Dữ liệu tài chính doanh nghiệp,Nhóm 23 — DN bảo hiểm — Bảng cân đối kế toán,A - Nợ phải trả (300),Base,GSDC,Fact Public Company Financial Report Value,Report Year,FILTER,fct_public_company_financial_rpt_val.rpt_year = :year AND fct_public_company_financial_rpt_val.rpt_quarter = :quarter,
K_GSDC_1034,Data Explorer: Dữ liệu tài chính doanh nghiệp,Nhóm 23 — DN bảo hiểm — Bảng cân đối kế toán,I. Nợ ngắn hạn,Base,GSDC,Fact Public Company Financial Report Value,Data Value,MEASURE,fct_public_company_financial_rpt_val.data_val,
K_GSDC_1034,Data Explorer: Dữ liệu tài chính doanh nghiệp,Nhóm 23 — DN bảo hiểm — Bảng cân đối kế toán,I. Nợ ngắn hạn,Base,GSDC,Financial Report Catalog Dimension,Row Description Reference,FILTER,JOIN financial_rpt_catalog_dim ON financial_rpt_catalog_dim.financial_rpt_catalog_dim_id = fct_public_company_financial_rpt_val.financial_rpt_catalog_dim_id WHERE financial_rpt_catalog_dim.financial_rpt_catalog_code LIKE 'BCDKT%' AND financial_rpt_catalog_dim.enterprise_tp_code = 'bh' AND financial_rpt_catalog_dim.row_description_reference = '310' AND financial_rpt_catalog_dim.column_description_reference = '1',
K_GSDC_1034,Data Explorer: Dữ liệu tài chính doanh nghiệp,Nhóm 23 — DN bảo hiểm — Bảng cân đối kế toán,I. Nợ ngắn hạn,Base,GSDC,Fact Public Company Financial Report Value,Report Year,FILTER,fct_public_company_financial_rpt_val.rpt_year = :year AND fct_public_company_financial_rpt_val.rpt_quarter = :quarter,
K_GSDC_1035,Data Explorer: Dữ liệu tài chính doanh nghiệp,Nhóm 23 — DN bảo hiểm — Bảng cân đối kế toán,1. Vay và nợ ngắn hạn,Base,GSDC,Fact Public Company Financial Report Value,Data Value,MEASURE,fct_public_company_financial_rpt_val.data_val,
K_GSDC_1035,Data Explorer: Dữ liệu tài chính doanh nghiệp,Nhóm 23 — DN bảo hiểm — Bảng cân đối kế toán,1. Vay và nợ ngắn hạn,Base,GSDC,Financial Report Catalog Dimension,Row Description Reference,FILTER,JOIN financial_rpt_catalog_dim ON financial_rpt_catalog_dim.financial_rpt_catalog_dim_id = fct_public_company_financial_rpt_val.financial_rpt_catalog_dim_id WHERE financial_rpt_catalog_dim.financial_rpt_catalog_code LIKE 'BCDKT%' AND financial_rpt_catalog_dim.enterprise_tp_code = 'bh' AND financial_rpt_catalog_dim.row_description_reference = '311' AND financial_rpt_catalog_dim.column_description_reference = '1',
K_GSDC_1035,Data Explorer: Dữ liệu tài chính doanh nghiệp,Nhóm 23 — DN bảo hiểm — Bảng cân đối kế toán,1. Vay và nợ ngắn hạn,Base,GSDC,Fact Public Company Financial Report Value,Report Year,FILTER,fct_public_company_financial_rpt_val.rpt_year = :year AND fct_public_company_financial_rpt_val.rpt_quarter = :quarter,
K_GSDC_1036,Data Explorer: Dữ liệu tài chính doanh nghiệp,Nhóm 23 — DN bảo hiểm — Bảng cân đối kế toán,2. Phải trả cho người bán,Base,GSDC,Fact Public Company Financial Report Value,Data Value,MEASURE,fct_public_company_financial_rpt_val.data_val,
K_GSDC_1036,Data Explorer: Dữ liệu tài chính doanh nghiệp,Nhóm 23 — DN bảo hiểm — Bảng cân đối kế toán,2. Phải trả cho người bán,Base,GSDC,Financial Report Catalog Dimension,Row Description Reference,FILTER,JOIN financial_rpt_catalog_dim ON financial_rpt_catalog_dim.financial_rpt_catalog_dim_id = fct_public_company_financial_rpt_val.financial_rpt_catalog_dim_id WHERE financial_rpt_catalog_dim.financial_rpt_catalog_code LIKE 'BCDKT%' AND financial_rpt_catalog_dim.enterprise_tp_code = 'bh' AND financial_rpt_catalog_dim.row_description_reference = '312' AND financial_rpt_catalog_dim.column_description_reference = '1',
K_GSDC_1036,Data Explorer: Dữ liệu tài chính doanh nghiệp,Nhóm 23 — DN bảo hiểm — Bảng cân đối kế toán,2. Phải trả cho người bán,Base,GSDC,Fact Public Company Financial Report Value,Report Year,FILTER,fct_public_company_financial_rpt_val.rpt_year = :year AND fct_public_company_financial_rpt_val.rpt_quarter = :quarter,
K_GSDC_1037,Data Explorer: Dữ liệu tài chính doanh nghiệp,Nhóm 23 — DN bảo hiểm — Bảng cân đối kế toán,2.1. Phải trả về hợp đồng bảo hiểm,Base,GSDC,Fact Public Company Financial Report Value,Data Value,MEASURE,fct_public_company_financial_rpt_val.data_val,
K_GSDC_1037,Data Explorer: Dữ liệu tài chính doanh nghiệp,Nhóm 23 — DN bảo hiểm — Bảng cân đối kế toán,2.1. Phải trả về hợp đồng bảo hiểm,Base,GSDC,Financial Report Catalog Dimension,Row Description Reference,FILTER,JOIN financial_rpt_catalog_dim ON financial_rpt_catalog_dim.financial_rpt_catalog_dim_id = fct_public_company_financial_rpt_val.financial_rpt_catalog_dim_id WHERE financial_rpt_catalog_dim.financial_rpt_catalog_code LIKE 'BCDKT%' AND financial_rpt_catalog_dim.enterprise_tp_code = 'bh' AND financial_rpt_catalog_dim.row_description_reference = '312.1' AND financial_rpt_catalog_dim.column_description_reference = '1',
K_GSDC_1037,Data Explorer: Dữ liệu tài chính doanh nghiệp,Nhóm 23 — DN bảo hiểm — Bảng cân đối kế toán,2.1. Phải trả về hợp đồng bảo hiểm,Base,GSDC,Fact Public Company Financial Report Value,Report Year,FILTER,fct_public_company_financial_rpt_val.rpt_year = :year AND fct_public_company_financial_rpt_val.rpt_quarter = :quarter,
K_GSDC_1038,Data Explorer: Dữ liệu tài chính doanh nghiệp,Nhóm 23 — DN bảo hiểm — Bảng cân đối kế toán,2.2. Phải trả khác cho người bán,Base,GSDC,Fact Public Company Financial Report Value,Data Value,MEASURE,fct_public_company_financial_rpt_val.data_val,
K_GSDC_1038,Data Explorer: Dữ liệu tài chính doanh nghiệp,Nhóm 23 — DN bảo hiểm — Bảng cân đối kế toán,2.2. Phải trả khác cho người bán,Base,GSDC,Financial Report Catalog Dimension,Row Description Reference,FILTER,JOIN financial_rpt_catalog_dim ON financial_rpt_catalog_dim.financial_rpt_catalog_dim_id = fct_public_company_financial_rpt_val.financial_rpt_catalog_dim_id WHERE financial_rpt_catalog_dim.financial_rpt_catalog_code LIKE 'BCDKT%' AND financial_rpt_catalog_dim.enterprise_tp_code = 'bh' AND financial_rpt_catalog_dim.row_description_reference = '312.2' AND financial_rpt_catalog_dim.column_description_reference = '1',
K_GSDC_1038,Data Explorer: Dữ liệu tài chính doanh nghiệp,Nhóm 23 — DN bảo hiểm — Bảng cân đối kế toán,2.2. Phải trả khác cho người bán,Base,GSDC,Fact Public Company Financial Report Value,Report Year,FILTER,fct_public_company_financial_rpt_val.rpt_year = :year AND fct_public_company_financial_rpt_val.rpt_quarter = :quarter,
K_GSDC_1039,Data Explorer: Dữ liệu tài chính doanh nghiệp,Nhóm 23 — DN bảo hiểm — Bảng cân đối kế toán,3. Người mua trả tiền trước,Base,GSDC,Fact Public Company Financial Report Value,Data Value,MEASURE,fct_public_company_financial_rpt_val.data_val,
K_GSDC_1039,Data Explorer: Dữ liệu tài chính doanh nghiệp,Nhóm 23 — DN bảo hiểm — Bảng cân đối kế toán,3. Người mua trả tiền trước,Base,GSDC,Financial Report Catalog Dimension,Row Description Reference,FILTER,JOIN financial_rpt_catalog_dim ON financial_rpt_catalog_dim.financial_rpt_catalog_dim_id = fct_public_company_financial_rpt_val.financial_rpt_catalog_dim_id WHERE financial_rpt_catalog_dim.financial_rpt_catalog_code LIKE 'BCDKT%' AND financial_rpt_catalog_dim.enterprise_tp_code = 'bh' AND financial_rpt_catalog_dim.row_description_reference = '313' AND financial_rpt_catalog_dim.column_description_reference = '1',
K_GSDC_1039,Data Explorer: Dữ liệu tài chính doanh nghiệp,Nhóm 23 — DN bảo hiểm — Bảng cân đối kế toán,3. Người mua trả tiền trước,Base,GSDC,Fact Public Company Financial Report Value,Report Year,FILTER,fct_public_company_financial_rpt_val.rpt_year = :year AND fct_public_company_financial_rpt_val.rpt_quarter = :quarter,
K_GSDC_1040,Data Explorer: Dữ liệu tài chính doanh nghiệp,Nhóm 23 — DN bảo hiểm — Bảng cân đối kế toán,4. Thuế và các khoản phải nộp Nhà nước,Base,GSDC,Fact Public Company Financial Report Value,Data Value,MEASURE,fct_public_company_financial_rpt_val.data_val,
K_GSDC_1040,Data Explorer: Dữ liệu tài chính doanh nghiệp,Nhóm 23 — DN bảo hiểm — Bảng cân đối kế toán,4. Thuế và các khoản phải nộp Nhà nước,Base,GSDC,Financial Report Catalog Dimension,Row Description Reference,FILTER,JOIN financial_rpt_catalog_dim ON financial_rpt_catalog_dim.financial_rpt_catalog_dim_id = fct_public_company_financial_rpt_val.financial_rpt_catalog_dim_id WHERE financial_rpt_catalog_dim.financial_rpt_catalog_code LIKE 'BCDKT%' AND financial_rpt_catalog_dim.enterprise_tp_code = 'bh' AND financial_rpt_catalog_dim.row_description_reference = '314' AND financial_rpt_catalog_dim.column_description_reference = '1',
K_GSDC_1040,Data Explorer: Dữ liệu tài chính doanh nghiệp,Nhóm 23 — DN bảo hiểm — Bảng cân đối kế toán,4. Thuế và các khoản phải nộp Nhà nước,Base,GSDC,Fact Public Company Financial Report Value,Report Year,FILTER,fct_public_company_financial_rpt_val.rpt_year = :year AND fct_public_company_financial_rpt_val.rpt_quarter = :quarter,
K_GSDC_1041,Data Explorer: Dữ liệu tài chính doanh nghiệp,Nhóm 23 — DN bảo hiểm — Bảng cân đối kế toán,5. Phải trả người lao động,Base,GSDC,Fact Public Company Financial Report Value,Data Value,MEASURE,fct_public_company_financial_rpt_val.data_val,
K_GSDC_1041,Data Explorer: Dữ liệu tài chính doanh nghiệp,Nhóm 23 — DN bảo hiểm — Bảng cân đối kế toán,5. Phải trả người lao động,Base,GSDC,Financial Report Catalog Dimension,Row Description Reference,FILTER,JOIN financial_rpt_catalog_dim ON financial_rpt_catalog_dim.financial_rpt_catalog_dim_id = fct_public_company_financial_rpt_val.financial_rpt_catalog_dim_id WHERE financial_rpt_catalog_dim.financial_rpt_catalog_code LIKE 'BCDKT%' AND financial_rpt_catalog_dim.enterprise_tp_code = 'bh' AND financial_rpt_catalog_dim.row_description_reference = '315' AND financial_rpt_catalog_dim.column_description_reference = '1',
K_GSDC_1041,Data Explorer: Dữ liệu tài chính doanh nghiệp,Nhóm 23 — DN bảo hiểm — Bảng cân đối kế toán,5. Phải trả người lao động,Base,GSDC,Fact Public Company Financial Report Value,Report Year,FILTER,fct_public_company_financial_rpt_val.rpt_year = :year AND fct_public_company_financial_rpt_val.rpt_quarter = :quarter,
K_GSDC_1042,Data Explorer: Dữ liệu tài chính doanh nghiệp,Nhóm 23 — DN bảo hiểm — Bảng cân đối kế toán,6. Chi phí phải trả,Base,GSDC,Fact Public Company Financial Report Value,Data Value,MEASURE,fct_public_company_financial_rpt_val.data_val,
K_GSDC_1042,Data Explorer: Dữ liệu tài chính doanh nghiệp,Nhóm 23 — DN bảo hiểm — Bảng cân đối kế toán,6. Chi phí phải trả,Base,GSDC,Financial Report Catalog Dimension,Row Description Reference,FILTER,JOIN financial_rpt_catalog_dim ON financial_rpt_catalog_dim.financial_rpt_catalog_dim_id = fct_public_company_financial_rpt_val.financial_rpt_catalog_dim_id WHERE financial_rpt_catalog_dim.financial_rpt_catalog_code LIKE 'BCDKT%' AND financial_rpt_catalog_dim.enterprise_tp_code = 'bh' AND financial_rpt_catalog_dim.row_description_reference = '316' AND financial_rpt_catalog_dim.column_description_reference = '1',
K_GSDC_1042,Data Explorer: Dữ liệu tài chính doanh nghiệp,Nhóm 23 — DN bảo hiểm — Bảng cân đối kế toán,6. Chi phí phải trả,Base,GSDC,Fact Public Company Financial Report Value,Report Year,FILTER,fct_public_company_financial_rpt_val.rpt_year = :year AND fct_public_company_financial_rpt_val.rpt_quarter = :quarter,
K_GSDC_1043,Data Explorer: Dữ liệu tài chính doanh nghiệp,Nhóm 23 — DN bảo hiểm — Bảng cân đối kế toán,7. Phải trả nội bộ,Base,GSDC,Fact Public Company Financial Report Value,Data Value,MEASURE,fct_public_company_financial_rpt_val.data_val,
K_GSDC_1043,Data Explorer: Dữ liệu tài chính doanh nghiệp,Nhóm 23 — DN bảo hiểm — Bảng cân đối kế toán,7. Phải trả nội bộ,Base,GSDC,Financial Report Catalog Dimension,Row Description Reference,FILTER,JOIN financial_rpt_catalog_dim ON financial_rpt_catalog_dim.financial_rpt_catalog_dim_id = fct_public_company_financial_rpt_val.financial_rpt_catalog_dim_id WHERE financial_rpt_catalog_dim.financial_rpt_catalog_code LIKE 'BCDKT%' AND financial_rpt_catalog_dim.enterprise_tp_code = 'bh' AND financial_rpt_catalog_dim.row_description_reference = '317' AND financial_rpt_catalog_dim.column_description_reference = '1',
K_GSDC_1043,Data Explorer: Dữ liệu tài chính doanh nghiệp,Nhóm 23 — DN bảo hiểm — Bảng cân đối kế toán,7. Phải trả nội bộ,Base,GSDC,Fact Public Company Financial Report Value,Report Year,FILTER,fct_public_company_financial_rpt_val.rpt_year = :year AND fct_public_company_financial_rpt_val.rpt_quarter = :quarter,
K_GSDC_1044,Data Explorer: Dữ liệu tài chính doanh nghiệp,Nhóm 23 — DN bảo hiểm — Bảng cân đối kế toán,8. Doanh thu chưa thực hiện ngắn hạn,Base,GSDC,Fact Public Company Financial Report Value,Data Value,MEASURE,fct_public_company_financial_rpt_val.data_val,
K_GSDC_1044,Data Explorer: Dữ liệu tài chính doanh nghiệp,Nhóm 23 — DN bảo hiểm — Bảng cân đối kế toán,8. Doanh thu chưa thực hiện ngắn hạn,Base,GSDC,Financial Report Catalog Dimension,Row Description Reference,FILTER,JOIN financial_rpt_catalog_dim ON financial_rpt_catalog_dim.financial_rpt_catalog_dim_id = fct_public_company_financial_rpt_val.financial_rpt_catalog_dim_id WHERE financial_rpt_catalog_dim.financial_rpt_catalog_code LIKE 'BCDKT%' AND financial_rpt_catalog_dim.enterprise_tp_code = 'bh' AND financial_rpt_catalog_dim.row_description_reference = '318' AND financial_rpt_catalog_dim.column_description_reference = '1',
K_GSDC_1044,Data Explorer: Dữ liệu tài chính doanh nghiệp,Nhóm 23 — DN bảo hiểm — Bảng cân đối kế toán,8. Doanh thu chưa thực hiện ngắn hạn,Base,GSDC,Fact Public Company Financial Report Value,Report Year,FILTER,fct_public_company_financial_rpt_val.rpt_year = :year AND fct_public_company_financial_rpt_val.rpt_quarter = :quarter,
K_GSDC_1045,Data Explorer: Dữ liệu tài chính doanh nghiệp,Nhóm 23 — DN bảo hiểm — Bảng cân đối kế toán,"9. Các khoản phải trả, phải nộp khác",Base,GSDC,Fact Public Company Financial Report Value,Data Value,MEASURE,fct_public_company_financial_rpt_val.data_val,
K_GSDC_1045,Data Explorer: Dữ liệu tài chính doanh nghiệp,Nhóm 23 — DN bảo hiểm — Bảng cân đối kế toán,"9. Các khoản phải trả, phải nộp khác",Base,GSDC,Financial Report Catalog Dimension,Row Description Reference,FILTER,JOIN financial_rpt_catalog_dim ON financial_rpt_catalog_dim.financial_rpt_catalog_dim_id = fct_public_company_financial_rpt_val.financial_rpt_catalog_dim_id WHERE financial_rpt_catalog_dim.financial_rpt_catalog_code LIKE 'BCDKT%' AND financial_rpt_catalog_dim.enterprise_tp_code = 'bh' AND financial_rpt_catalog_dim.row_description_reference = '319' AND financial_rpt_catalog_dim.column_description_reference = '1',
K_GSDC_1045,Data Explorer: Dữ liệu tài chính doanh nghiệp,Nhóm 23 — DN bảo hiểm — Bảng cân đối kế toán,"9. Các khoản phải trả, phải nộp khác",Base,GSDC,Fact Public Company Financial Report Value,Report Year,FILTER,fct_public_company_financial_rpt_val.rpt_year = :year AND fct_public_company_financial_rpt_val.rpt_quarter = :quarter,
K_GSDC_1046,Data Explorer: Dữ liệu tài chính doanh nghiệp,Nhóm 23 — DN bảo hiểm — Bảng cân đối kế toán,10. Doanh thu hoa hồng chưa được hưởng,Base,GSDC,Fact Public Company Financial Report Value,Data Value,MEASURE,fct_public_company_financial_rpt_val.data_val,
K_GSDC_1046,Data Explorer: Dữ liệu tài chính doanh nghiệp,Nhóm 23 — DN bảo hiểm — Bảng cân đối kế toán,10. Doanh thu hoa hồng chưa được hưởng,Base,GSDC,Financial Report Catalog Dimension,Row Description Reference,FILTER,JOIN financial_rpt_catalog_dim ON financial_rpt_catalog_dim.financial_rpt_catalog_dim_id = fct_public_company_financial_rpt_val.financial_rpt_catalog_dim_id WHERE financial_rpt_catalog_dim.financial_rpt_catalog_code LIKE 'BCDKT%' AND financial_rpt_catalog_dim.enterprise_tp_code = 'bh' AND financial_rpt_catalog_dim.row_description_reference = '319.1' AND financial_rpt_catalog_dim.column_description_reference = '1',
K_GSDC_1046,Data Explorer: Dữ liệu tài chính doanh nghiệp,Nhóm 23 — DN bảo hiểm — Bảng cân đối kế toán,10. Doanh thu hoa hồng chưa được hưởng,Base,GSDC,Fact Public Company Financial Report Value,Report Year,FILTER,fct_public_company_financial_rpt_val.rpt_year = :year AND fct_public_company_financial_rpt_val.rpt_quarter = :quarter,
K_GSDC_1047,Data Explorer: Dữ liệu tài chính doanh nghiệp,Nhóm 23 — DN bảo hiểm — Bảng cân đối kế toán,11. Dự phòng phải trả ngắn hạn,Base,GSDC,Fact Public Company Financial Report Value,Data Value,MEASURE,fct_public_company_financial_rpt_val.data_val,
K_GSDC_1047,Data Explorer: Dữ liệu tài chính doanh nghiệp,Nhóm 23 — DN bảo hiểm — Bảng cân đối kế toán,11. Dự phòng phải trả ngắn hạn,Base,GSDC,Financial Report Catalog Dimension,Row Description Reference,FILTER,JOIN financial_rpt_catalog_dim ON financial_rpt_catalog_dim.financial_rpt_catalog_dim_id = fct_public_company_financial_rpt_val.financial_rpt_catalog_dim_id WHERE financial_rpt_catalog_dim.financial_rpt_catalog_code LIKE 'BCDKT%' AND financial_rpt_catalog_dim.enterprise_tp_code = 'bh' AND financial_rpt_catalog_dim.row_description_reference = '320' AND financial_rpt_catalog_dim.column_description_reference = '1',
K_GSDC_1047,Data Explorer: Dữ liệu tài chính doanh nghiệp,Nhóm 23 — DN bảo hiểm — Bảng cân đối kế toán,11. Dự phòng phải trả ngắn hạn,Base,GSDC,Fact Public Company Financial Report Value,Report Year,FILTER,fct_public_company_financial_rpt_val.rpt_year = :year AND fct_public_company_financial_rpt_val.rpt_quarter = :quarter,
K_GSDC_1048,Data Explorer: Dữ liệu tài chính doanh nghiệp,Nhóm 23 — DN bảo hiểm — Bảng cân đối kế toán,"12. Quỹ khen thưởng, phúc lợi",Base,GSDC,Fact Public Company Financial Report Value,Data Value,MEASURE,fct_public_company_financial_rpt_val.data_val,
K_GSDC_1048,Data Explorer: Dữ liệu tài chính doanh nghiệp,Nhóm 23 — DN bảo hiểm — Bảng cân đối kế toán,"12. Quỹ khen thưởng, phúc lợi",Base,GSDC,Financial Report Catalog Dimension,Row Description Reference,FILTER,JOIN financial_rpt_catalog_dim ON financial_rpt_catalog_dim.financial_rpt_catalog_dim_id = fct_public_company_financial_rpt_val.financial_rpt_catalog_dim_id WHERE financial_rpt_catalog_dim.financial_rpt_catalog_code LIKE 'BCDKT%' AND financial_rpt_catalog_dim.enterprise_tp_code = 'bh' AND financial_rpt_catalog_dim.row_description_reference = '323' AND financial_rpt_catalog_dim.column_description_reference = '1',
K_GSDC_1048,Data Explorer: Dữ liệu tài chính doanh nghiệp,Nhóm 23 — DN bảo hiểm — Bảng cân đối kế toán,"12. Quỹ khen thưởng, phúc lợi",Base,GSDC,Fact Public Company Financial Report Value,Report Year,FILTER,fct_public_company_financial_rpt_val.rpt_year = :year AND fct_public_company_financial_rpt_val.rpt_quarter = :quarter,
K_GSDC_1049,Data Explorer: Dữ liệu tài chính doanh nghiệp,Nhóm 23 — DN bảo hiểm — Bảng cân đối kế toán,13. Giao dịch mua bán lại trái phiếu Chính phủ,Base,GSDC,Fact Public Company Financial Report Value,Data Value,MEASURE,fct_public_company_financial_rpt_val.data_val,
K_GSDC_1049,Data Explorer: Dữ liệu tài chính doanh nghiệp,Nhóm 23 — DN bảo hiểm — Bảng cân đối kế toán,13. Giao dịch mua bán lại trái phiếu Chính phủ,Base,GSDC,Financial Report Catalog Dimension,Row Description Reference,FILTER,JOIN financial_rpt_catalog_dim ON financial_rpt_catalog_dim.financial_rpt_catalog_dim_id = fct_public_company_financial_rpt_val.financial_rpt_catalog_dim_id WHERE financial_rpt_catalog_dim.financial_rpt_catalog_code LIKE 'BCDKT%' AND financial_rpt_catalog_dim.enterprise_tp_code = 'bh' AND financial_rpt_catalog_dim.row_description_reference = '327' AND financial_rpt_catalog_dim.column_description_reference = '1',
K_GSDC_1049,Data Explorer: Dữ liệu tài chính doanh nghiệp,Nhóm 23 — DN bảo hiểm — Bảng cân đối kế toán,13. Giao dịch mua bán lại trái phiếu Chính phủ,Base,GSDC,Fact Public Company Financial Report Value,Report Year,FILTER,fct_public_company_financial_rpt_val.rpt_year = :year AND fct_public_company_financial_rpt_val.rpt_quarter = :quarter,
K_GSDC_1050,Data Explorer: Dữ liệu tài chính doanh nghiệp,Nhóm 23 — DN bảo hiểm — Bảng cân đối kế toán,14. Dự phòng nghiệp vụ,Base,GSDC,Fact Public Company Financial Report Value,Data Value,MEASURE,fct_public_company_financial_rpt_val.data_val,
K_GSDC_1050,Data Explorer: Dữ liệu tài chính doanh nghiệp,Nhóm 23 — DN bảo hiểm — Bảng cân đối kế toán,14. Dự phòng nghiệp vụ,Base,GSDC,Financial Report Catalog Dimension,Row Description Reference,FILTER,JOIN financial_rpt_catalog_dim ON financial_rpt_catalog_dim.financial_rpt_catalog_dim_id = fct_public_company_financial_rpt_val.financial_rpt_catalog_dim_id WHERE financial_rpt_catalog_dim.financial_rpt_catalog_code LIKE 'BCDKT%' AND financial_rpt_catalog_dim.enterprise_tp_code = 'bh' AND financial_rpt_catalog_dim.row_description_reference = '329' AND financial_rpt_catalog_dim.column_description_reference = '1',
K_GSDC_1050,Data Explorer: Dữ liệu tài chính doanh nghiệp,Nhóm 23 — DN bảo hiểm — Bảng cân đối kế toán,14. Dự phòng nghiệp vụ,Base,GSDC,Fact Public Company Financial Report Value,Report Year,FILTER,fct_public_company_financial_rpt_val.rpt_year = :year AND fct_public_company_financial_rpt_val.rpt_quarter = :quarter,
K_GSDC_1051,Data Explorer: Dữ liệu tài chính doanh nghiệp,Nhóm 23 — DN bảo hiểm — Bảng cân đối kế toán,14.1. Dự phòng phí bảo hiểm gốc và nhận TBH,Base,GSDC,Fact Public Company Financial Report Value,Data Value,MEASURE,fct_public_company_financial_rpt_val.data_val,
K_GSDC_1051,Data Explorer: Dữ liệu tài chính doanh nghiệp,Nhóm 23 — DN bảo hiểm — Bảng cân đối kế toán,14.1. Dự phòng phí bảo hiểm gốc và nhận TBH,Base,GSDC,Financial Report Catalog Dimension,Row Description Reference,FILTER,JOIN financial_rpt_catalog_dim ON financial_rpt_catalog_dim.financial_rpt_catalog_dim_id = fct_public_company_financial_rpt_val.financial_rpt_catalog_dim_id WHERE financial_rpt_catalog_dim.financial_rpt_catalog_code LIKE 'BCDKT%' AND financial_rpt_catalog_dim.enterprise_tp_code = 'bh' AND financial_rpt_catalog_dim.row_description_reference = '329.1' AND financial_rpt_catalog_dim.column_description_reference = '1',
K_GSDC_1051,Data Explorer: Dữ liệu tài chính doanh nghiệp,Nhóm 23 — DN bảo hiểm — Bảng cân đối kế toán,14.1. Dự phòng phí bảo hiểm gốc và nhận TBH,Base,GSDC,Fact Public Company Financial Report Value,Report Year,FILTER,fct_public_company_financial_rpt_val.rpt_year = :year AND fct_public_company_financial_rpt_val.rpt_quarter = :quarter,
K_GSDC_1052,Data Explorer: Dữ liệu tài chính doanh nghiệp,Nhóm 23 — DN bảo hiểm — Bảng cân đối kế toán,14.2. Dự phòng bồi thường bảo hiểm gốc và nhận TBH,Base,GSDC,Fact Public Company Financial Report Value,Data Value,MEASURE,fct_public_company_financial_rpt_val.data_val,
K_GSDC_1052,Data Explorer: Dữ liệu tài chính doanh nghiệp,Nhóm 23 — DN bảo hiểm — Bảng cân đối kế toán,14.2. Dự phòng bồi thường bảo hiểm gốc và nhận TBH,Base,GSDC,Financial Report Catalog Dimension,Row Description Reference,FILTER,JOIN financial_rpt_catalog_dim ON financial_rpt_catalog_dim.financial_rpt_catalog_dim_id = fct_public_company_financial_rpt_val.financial_rpt_catalog_dim_id WHERE financial_rpt_catalog_dim.financial_rpt_catalog_code LIKE 'BCDKT%' AND financial_rpt_catalog_dim.enterprise_tp_code = 'bh' AND financial_rpt_catalog_dim.row_description_reference = '329.2' AND financial_rpt_catalog_dim.column_description_reference = '1',
K_GSDC_1052,Data Explorer: Dữ liệu tài chính doanh nghiệp,Nhóm 23 — DN bảo hiểm — Bảng cân đối kế toán,14.2. Dự phòng bồi thường bảo hiểm gốc và nhận TBH,Base,GSDC,Fact Public Company Financial Report Value,Report Year,FILTER,fct_public_company_financial_rpt_val.rpt_year = :year AND fct_public_company_financial_rpt_val.rpt_quarter = :quarter,
K_GSDC_1053,Data Explorer: Dữ liệu tài chính doanh nghiệp,Nhóm 23 — DN bảo hiểm — Bảng cân đối kế toán,14.3. Dự phòng dao động lớn,Base,GSDC,Fact Public Company Financial Report Value,Data Value,MEASURE,fct_public_company_financial_rpt_val.data_val,
K_GSDC_1053,Data Explorer: Dữ liệu tài chính doanh nghiệp,Nhóm 23 — DN bảo hiểm — Bảng cân đối kế toán,14.3. Dự phòng dao động lớn,Base,GSDC,Financial Report Catalog Dimension,Row Description Reference,FILTER,JOIN financial_rpt_catalog_dim ON financial_rpt_catalog_dim.financial_rpt_catalog_dim_id = fct_public_company_financial_rpt_val.financial_rpt_catalog_dim_id WHERE financial_rpt_catalog_dim.financial_rpt_catalog_code LIKE 'BCDKT%' AND financial_rpt_catalog_dim.enterprise_tp_code = 'bh' AND financial_rpt_catalog_dim.row_description_reference = '329.3' AND financial_rpt_catalog_dim.column_description_reference = '1',
K_GSDC_1053,Data Explorer: Dữ liệu tài chính doanh nghiệp,Nhóm 23 — DN bảo hiểm — Bảng cân đối kế toán,14.3. Dự phòng dao động lớn,Base,GSDC,Fact Public Company Financial Report Value,Report Year,FILTER,fct_public_company_financial_rpt_val.rpt_year = :year AND fct_public_company_financial_rpt_val.rpt_quarter = :quarter,
K_GSDC_1054,Data Explorer: Dữ liệu tài chính doanh nghiệp,Nhóm 23 — DN bảo hiểm — Bảng cân đối kế toán,II. Nợ dài hạn,Base,GSDC,Fact Public Company Financial Report Value,Data Value,MEASURE,fct_public_company_financial_rpt_val.data_val,
K_GSDC_1054,Data Explorer: Dữ liệu tài chính doanh nghiệp,Nhóm 23 — DN bảo hiểm — Bảng cân đối kế toán,II. Nợ dài hạn,Base,GSDC,Financial Report Catalog Dimension,Row Description Reference,FILTER,JOIN financial_rpt_catalog_dim ON financial_rpt_catalog_dim.financial_rpt_catalog_dim_id = fct_public_company_financial_rpt_val.financial_rpt_catalog_dim_id WHERE financial_rpt_catalog_dim.financial_rpt_catalog_code LIKE 'BCDKT%' AND financial_rpt_catalog_dim.enterprise_tp_code = 'bh' AND financial_rpt_catalog_dim.row_description_reference = '330' AND financial_rpt_catalog_dim.column_description_reference = '1',
K_GSDC_1054,Data Explorer: Dữ liệu tài chính doanh nghiệp,Nhóm 23 — DN bảo hiểm — Bảng cân đối kế toán,II. Nợ dài hạn,Base,GSDC,Fact Public Company Financial Report Value,Report Year,FILTER,fct_public_company_financial_rpt_val.rpt_year = :year AND fct_public_company_financial_rpt_val.rpt_quarter = :quarter,
K_GSDC_1055,Data Explorer: Dữ liệu tài chính doanh nghiệp,Nhóm 23 — DN bảo hiểm — Bảng cân đối kế toán,1. Phải trả dài hạn người bán,Base,GSDC,Fact Public Company Financial Report Value,Data Value,MEASURE,fct_public_company_financial_rpt_val.data_val,
K_GSDC_1055,Data Explorer: Dữ liệu tài chính doanh nghiệp,Nhóm 23 — DN bảo hiểm — Bảng cân đối kế toán,1. Phải trả dài hạn người bán,Base,GSDC,Financial Report Catalog Dimension,Row Description Reference,FILTER,JOIN financial_rpt_catalog_dim ON financial_rpt_catalog_dim.financial_rpt_catalog_dim_id = fct_public_company_financial_rpt_val.financial_rpt_catalog_dim_id WHERE financial_rpt_catalog_dim.financial_rpt_catalog_code LIKE 'BCDKT%' AND financial_rpt_catalog_dim.enterprise_tp_code = 'bh' AND financial_rpt_catalog_dim.row_description_reference = '331' AND financial_rpt_catalog_dim.column_description_reference = '1',
K_GSDC_1055,Data Explorer: Dữ liệu tài chính doanh nghiệp,Nhóm 23 — DN bảo hiểm — Bảng cân đối kế toán,1. Phải trả dài hạn người bán,Base,GSDC,Fact Public Company Financial Report Value,Report Year,FILTER,fct_public_company_financial_rpt_val.rpt_year = :year AND fct_public_company_financial_rpt_val.rpt_quarter = :quarter,
K_GSDC_1056,Data Explorer: Dữ liệu tài chính doanh nghiệp,Nhóm 23 — DN bảo hiểm — Bảng cân đối kế toán,2. Phải trả dài hạn nội bộ,Base,GSDC,Fact Public Company Financial Report Value,Data Value,MEASURE,fct_public_company_financial_rpt_val.data_val,
K_GSDC_1056,Data Explorer: Dữ liệu tài chính doanh nghiệp,Nhóm 23 — DN bảo hiểm — Bảng cân đối kế toán,2. Phải trả dài hạn nội bộ,Base,GSDC,Financial Report Catalog Dimension,Row Description Reference,FILTER,JOIN financial_rpt_catalog_dim ON financial_rpt_catalog_dim.financial_rpt_catalog_dim_id = fct_public_company_financial_rpt_val.financial_rpt_catalog_dim_id WHERE financial_rpt_catalog_dim.financial_rpt_catalog_code LIKE 'BCDKT%' AND financial_rpt_catalog_dim.enterprise_tp_code = 'bh' AND financial_rpt_catalog_dim.row_description_reference = '332' AND financial_rpt_catalog_dim.column_description_reference = '1',
K_GSDC_1056,Data Explorer: Dữ liệu tài chính doanh nghiệp,Nhóm 23 — DN bảo hiểm — Bảng cân đối kế toán,2. Phải trả dài hạn nội bộ,Base,GSDC,Fact Public Company Financial Report Value,Report Year,FILTER,fct_public_company_financial_rpt_val.rpt_year = :year AND fct_public_company_financial_rpt_val.rpt_quarter = :quarter,
K_GSDC_1057,Data Explorer: Dữ liệu tài chính doanh nghiệp,Nhóm 23 — DN bảo hiểm — Bảng cân đối kế toán,3. Phải trả dài hạn khác,Base,GSDC,Fact Public Company Financial Report Value,Data Value,MEASURE,fct_public_company_financial_rpt_val.data_val,
K_GSDC_1057,Data Explorer: Dữ liệu tài chính doanh nghiệp,Nhóm 23 — DN bảo hiểm — Bảng cân đối kế toán,3. Phải trả dài hạn khác,Base,GSDC,Financial Report Catalog Dimension,Row Description Reference,FILTER,JOIN financial_rpt_catalog_dim ON financial_rpt_catalog_dim.financial_rpt_catalog_dim_id = fct_public_company_financial_rpt_val.financial_rpt_catalog_dim_id WHERE financial_rpt_catalog_dim.financial_rpt_catalog_code LIKE 'BCDKT%' AND financial_rpt_catalog_dim.enterprise_tp_code = 'bh' AND financial_rpt_catalog_dim.row_description_reference = '333' AND financial_rpt_catalog_dim.column_description_reference = '1',
K_GSDC_1057,Data Explorer: Dữ liệu tài chính doanh nghiệp,Nhóm 23 — DN bảo hiểm — Bảng cân đối kế toán,3. Phải trả dài hạn khác,Base,GSDC,Fact Public Company Financial Report Value,Report Year,FILTER,fct_public_company_financial_rpt_val.rpt_year = :year AND fct_public_company_financial_rpt_val.rpt_quarter = :quarter,
K_GSDC_1058,Data Explorer: Dữ liệu tài chính doanh nghiệp,Nhóm 23 — DN bảo hiểm — Bảng cân đối kế toán,4. Vay và nợ dài hạn,Base,GSDC,Fact Public Company Financial Report Value,Data Value,MEASURE,fct_public_company_financial_rpt_val.data_val,
K_GSDC_1058,Data Explorer: Dữ liệu tài chính doanh nghiệp,Nhóm 23 — DN bảo hiểm — Bảng cân đối kế toán,4. Vay và nợ dài hạn,Base,GSDC,Financial Report Catalog Dimension,Row Description Reference,FILTER,JOIN financial_rpt_catalog_dim ON financial_rpt_catalog_dim.financial_rpt_catalog_dim_id = fct_public_company_financial_rpt_val.financial_rpt_catalog_dim_id WHERE financial_rpt_catalog_dim.financial_rpt_catalog_code LIKE 'BCDKT%' AND financial_rpt_catalog_dim.enterprise_tp_code = 'bh' AND financial_rpt_catalog_dim.row_description_reference = '334' AND financial_rpt_catalog_dim.column_description_reference = '1',
K_GSDC_1058,Data Explorer: Dữ liệu tài chính doanh nghiệp,Nhóm 23 — DN bảo hiểm — Bảng cân đối kế toán,4. Vay và nợ dài hạn,Base,GSDC,Fact Public Company Financial Report Value,Report Year,FILTER,fct_public_company_financial_rpt_val.rpt_year = :year AND fct_public_company_financial_rpt_val.rpt_quarter = :quarter,
K_GSDC_1059,Data Explorer: Dữ liệu tài chính doanh nghiệp,Nhóm 23 — DN bảo hiểm — Bảng cân đối kế toán,5. Thuế thu nhập hoãn lại phải trả,Base,GSDC,Fact Public Company Financial Report Value,Data Value,MEASURE,fct_public_company_financial_rpt_val.data_val,
K_GSDC_1059,Data Explorer: Dữ liệu tài chính doanh nghiệp,Nhóm 23 — DN bảo hiểm — Bảng cân đối kế toán,5. Thuế thu nhập hoãn lại phải trả,Base,GSDC,Financial Report Catalog Dimension,Row Description Reference,FILTER,JOIN financial_rpt_catalog_dim ON financial_rpt_catalog_dim.financial_rpt_catalog_dim_id = fct_public_company_financial_rpt_val.financial_rpt_catalog_dim_id WHERE financial_rpt_catalog_dim.financial_rpt_catalog_code LIKE 'BCDKT%' AND financial_rpt_catalog_dim.enterprise_tp_code = 'bh' AND financial_rpt_catalog_dim.row_description_reference = '335' AND financial_rpt_catalog_dim.column_description_reference = '1',
K_GSDC_1059,Data Explorer: Dữ liệu tài chính doanh nghiệp,Nhóm 23 — DN bảo hiểm — Bảng cân đối kế toán,5. Thuế thu nhập hoãn lại phải trả,Base,GSDC,Fact Public Company Financial Report Value,Report Year,FILTER,fct_public_company_financial_rpt_val.rpt_year = :year AND fct_public_company_financial_rpt_val.rpt_quarter = :quarter,
K_GSDC_1060,Data Explorer: Dữ liệu tài chính doanh nghiệp,Nhóm 23 — DN bảo hiểm — Bảng cân đối kế toán,6. Dự phòng trợ cấp mất việc làm,Base,GSDC,Fact Public Company Financial Report Value,Data Value,MEASURE,fct_public_company_financial_rpt_val.data_val,
K_GSDC_1060,Data Explorer: Dữ liệu tài chính doanh nghiệp,Nhóm 23 — DN bảo hiểm — Bảng cân đối kế toán,6. Dự phòng trợ cấp mất việc làm,Base,GSDC,Financial Report Catalog Dimension,Row Description Reference,FILTER,JOIN financial_rpt_catalog_dim ON financial_rpt_catalog_dim.financial_rpt_catalog_dim_id = fct_public_company_financial_rpt_val.financial_rpt_catalog_dim_id WHERE financial_rpt_catalog_dim.financial_rpt_catalog_code LIKE 'BCDKT%' AND financial_rpt_catalog_dim.enterprise_tp_code = 'bh' AND financial_rpt_catalog_dim.row_description_reference = '336' AND financial_rpt_catalog_dim.column_description_reference = '1',
K_GSDC_1060,Data Explorer: Dữ liệu tài chính doanh nghiệp,Nhóm 23 — DN bảo hiểm — Bảng cân đối kế toán,6. Dự phòng trợ cấp mất việc làm,Base,GSDC,Fact Public Company Financial Report Value,Report Year,FILTER,fct_public_company_financial_rpt_val.rpt_year = :year AND fct_public_company_financial_rpt_val.rpt_quarter = :quarter,
K_GSDC_1061,Data Explorer: Dữ liệu tài chính doanh nghiệp,Nhóm 23 — DN bảo hiểm — Bảng cân đối kế toán,7. Dự phòng phải trả dài hạn,Base,GSDC,Fact Public Company Financial Report Value,Data Value,MEASURE,fct_public_company_financial_rpt_val.data_val,
K_GSDC_1061,Data Explorer: Dữ liệu tài chính doanh nghiệp,Nhóm 23 — DN bảo hiểm — Bảng cân đối kế toán,7. Dự phòng phải trả dài hạn,Base,GSDC,Financial Report Catalog Dimension,Row Description Reference,FILTER,JOIN financial_rpt_catalog_dim ON financial_rpt_catalog_dim.financial_rpt_catalog_dim_id = fct_public_company_financial_rpt_val.financial_rpt_catalog_dim_id WHERE financial_rpt_catalog_dim.financial_rpt_catalog_code LIKE 'BCDKT%' AND financial_rpt_catalog_dim.enterprise_tp_code = 'bh' AND financial_rpt_catalog_dim.row_description_reference = '337' AND financial_rpt_catalog_dim.column_description_reference = '1',
K_GSDC_1061,Data Explorer: Dữ liệu tài chính doanh nghiệp,Nhóm 23 — DN bảo hiểm — Bảng cân đối kế toán,7. Dự phòng phải trả dài hạn,Base,GSDC,Fact Public Company Financial Report Value,Report Year,FILTER,fct_public_company_financial_rpt_val.rpt_year = :year AND fct_public_company_financial_rpt_val.rpt_quarter = :quarter,
K_GSDC_1062,Data Explorer: Dữ liệu tài chính doanh nghiệp,Nhóm 23 — DN bảo hiểm — Bảng cân đối kế toán,8. Doanh thu chưa thực hiện dài hạn,Base,GSDC,Fact Public Company Financial Report Value,Data Value,MEASURE,fct_public_company_financial_rpt_val.data_val,
K_GSDC_1062,Data Explorer: Dữ liệu tài chính doanh nghiệp,Nhóm 23 — DN bảo hiểm — Bảng cân đối kế toán,8. Doanh thu chưa thực hiện dài hạn,Base,GSDC,Financial Report Catalog Dimension,Row Description Reference,FILTER,JOIN financial_rpt_catalog_dim ON financial_rpt_catalog_dim.financial_rpt_catalog_dim_id = fct_public_company_financial_rpt_val.financial_rpt_catalog_dim_id WHERE financial_rpt_catalog_dim.financial_rpt_catalog_code LIKE 'BCDKT%' AND financial_rpt_catalog_dim.enterprise_tp_code = 'bh' AND financial_rpt_catalog_dim.row_description_reference = '338' AND financial_rpt_catalog_dim.column_description_reference = '1',
K_GSDC_1062,Data Explorer: Dữ liệu tài chính doanh nghiệp,Nhóm 23 — DN bảo hiểm — Bảng cân đối kế toán,8. Doanh thu chưa thực hiện dài hạn,Base,GSDC,Fact Public Company Financial Report Value,Report Year,FILTER,fct_public_company_financial_rpt_val.rpt_year = :year AND fct_public_company_financial_rpt_val.rpt_quarter = :quarter,
K_GSDC_1063,Data Explorer: Dữ liệu tài chính doanh nghiệp,Nhóm 23 — DN bảo hiểm — Bảng cân đối kế toán,9. Quỹ phát triển khoa học và công nghệ,Base,GSDC,Fact Public Company Financial Report Value,Data Value,MEASURE,fct_public_company_financial_rpt_val.data_val,
K_GSDC_1063,Data Explorer: Dữ liệu tài chính doanh nghiệp,Nhóm 23 — DN bảo hiểm — Bảng cân đối kế toán,9. Quỹ phát triển khoa học và công nghệ,Base,GSDC,Financial Report Catalog Dimension,Row Description Reference,FILTER,JOIN financial_rpt_catalog_dim ON financial_rpt_catalog_dim.financial_rpt_catalog_dim_id = fct_public_company_financial_rpt_val.financial_rpt_catalog_dim_id WHERE financial_rpt_catalog_dim.financial_rpt_catalog_code LIKE 'BCDKT%' AND financial_rpt_catalog_dim.enterprise_tp_code = 'bh' AND financial_rpt_catalog_dim.row_description_reference = '339' AND financial_rpt_catalog_dim.column_description_reference = '1',
K_GSDC_1063,Data Explorer: Dữ liệu tài chính doanh nghiệp,Nhóm 23 — DN bảo hiểm — Bảng cân đối kế toán,9. Quỹ phát triển khoa học và công nghệ,Base,GSDC,Fact Public Company Financial Report Value,Report Year,FILTER,fct_public_company_financial_rpt_val.rpt_year = :year AND fct_public_company_financial_rpt_val.rpt_quarter = :quarter,
K_GSDC_1064,Data Explorer: Dữ liệu tài chính doanh nghiệp,Nhóm 23 — DN bảo hiểm — Bảng cân đối kế toán,B - Vốn chủ sở hữu (400),Base,GSDC,Fact Public Company Financial Report Value,Data Value,MEASURE,fct_public_company_financial_rpt_val.data_val,
K_GSDC_1064,Data Explorer: Dữ liệu tài chính doanh nghiệp,Nhóm 23 — DN bảo hiểm — Bảng cân đối kế toán,B - Vốn chủ sở hữu (400),Base,GSDC,Financial Report Catalog Dimension,Row Description Reference,FILTER,JOIN financial_rpt_catalog_dim ON financial_rpt_catalog_dim.financial_rpt_catalog_dim_id = fct_public_company_financial_rpt_val.financial_rpt_catalog_dim_id WHERE financial_rpt_catalog_dim.financial_rpt_catalog_code LIKE 'BCDKT%' AND financial_rpt_catalog_dim.enterprise_tp_code = 'bh' AND financial_rpt_catalog_dim.row_description_reference = '400' AND financial_rpt_catalog_dim.column_description_reference = '1',
K_GSDC_1064,Data Explorer: Dữ liệu tài chính doanh nghiệp,Nhóm 23 — DN bảo hiểm — Bảng cân đối kế toán,B - Vốn chủ sở hữu (400),Base,GSDC,Fact Public Company Financial Report Value,Report Year,FILTER,fct_public_company_financial_rpt_val.rpt_year = :year AND fct_public_company_financial_rpt_val.rpt_quarter = :quarter,
K_GSDC_1065,Data Explorer: Dữ liệu tài chính doanh nghiệp,Nhóm 23 — DN bảo hiểm — Bảng cân đối kế toán,I. Vốn chủ sở hữu,Base,GSDC,Fact Public Company Financial Report Value,Data Value,MEASURE,fct_public_company_financial_rpt_val.data_val,
K_GSDC_1065,Data Explorer: Dữ liệu tài chính doanh nghiệp,Nhóm 23 — DN bảo hiểm — Bảng cân đối kế toán,I. Vốn chủ sở hữu,Base,GSDC,Financial Report Catalog Dimension,Row Description Reference,FILTER,JOIN financial_rpt_catalog_dim ON financial_rpt_catalog_dim.financial_rpt_catalog_dim_id = fct_public_company_financial_rpt_val.financial_rpt_catalog_dim_id WHERE financial_rpt_catalog_dim.financial_rpt_catalog_code LIKE 'BCDKT%' AND financial_rpt_catalog_dim.enterprise_tp_code = 'bh' AND financial_rpt_catalog_dim.row_description_reference = '410' AND financial_rpt_catalog_dim.column_description_reference = '1',
K_GSDC_1065,Data Explorer: Dữ liệu tài chính doanh nghiệp,Nhóm 23 — DN bảo hiểm — Bảng cân đối kế toán,I. Vốn chủ sở hữu,Base,GSDC,Fact Public Company Financial Report Value,Report Year,FILTER,fct_public_company_financial_rpt_val.rpt_year = :year AND fct_public_company_financial_rpt_val.rpt_quarter = :quarter,
K_GSDC_1066,Data Explorer: Dữ liệu tài chính doanh nghiệp,Nhóm 23 — DN bảo hiểm — Bảng cân đối kế toán,1. Vốn đầu tư của chủ sở hữu,Base,GSDC,Fact Public Company Financial Report Value,Data Value,MEASURE,fct_public_company_financial_rpt_val.data_val,
K_GSDC_1066,Data Explorer: Dữ liệu tài chính doanh nghiệp,Nhóm 23 — DN bảo hiểm — Bảng cân đối kế toán,1. Vốn đầu tư của chủ sở hữu,Base,GSDC,Financial Report Catalog Dimension,Row Description Reference,FILTER,JOIN financial_rpt_catalog_dim ON financial_rpt_catalog_dim.financial_rpt_catalog_dim_id = fct_public_company_financial_rpt_val.financial_rpt_catalog_dim_id WHERE financial_rpt_catalog_dim.financial_rpt_catalog_code LIKE 'BCDKT%' AND financial_rpt_catalog_dim.enterprise_tp_code = 'bh' AND financial_rpt_catalog_dim.row_description_reference = '411' AND financial_rpt_catalog_dim.column_description_reference = '1',
K_GSDC_1066,Data Explorer: Dữ liệu tài chính doanh nghiệp,Nhóm 23 — DN bảo hiểm — Bảng cân đối kế toán,1. Vốn đầu tư của chủ sở hữu,Base,GSDC,Fact Public Company Financial Report Value,Report Year,FILTER,fct_public_company_financial_rpt_val.rpt_year = :year AND fct_public_company_financial_rpt_val.rpt_quarter = :quarter,
K_GSDC_1067,Data Explorer: Dữ liệu tài chính doanh nghiệp,Nhóm 23 — DN bảo hiểm — Bảng cân đối kế toán,2. Thặng dư vốn cổ phần,Base,GSDC,Fact Public Company Financial Report Value,Data Value,MEASURE,fct_public_company_financial_rpt_val.data_val,
K_GSDC_1067,Data Explorer: Dữ liệu tài chính doanh nghiệp,Nhóm 23 — DN bảo hiểm — Bảng cân đối kế toán,2. Thặng dư vốn cổ phần,Base,GSDC,Financial Report Catalog Dimension,Row Description Reference,FILTER,JOIN financial_rpt_catalog_dim ON financial_rpt_catalog_dim.financial_rpt_catalog_dim_id = fct_public_company_financial_rpt_val.financial_rpt_catalog_dim_id WHERE financial_rpt_catalog_dim.financial_rpt_catalog_code LIKE 'BCDKT%' AND financial_rpt_catalog_dim.enterprise_tp_code = 'bh' AND financial_rpt_catalog_dim.row_description_reference = '412' AND financial_rpt_catalog_dim.column_description_reference = '1',
K_GSDC_1067,Data Explorer: Dữ liệu tài chính doanh nghiệp,Nhóm 23 — DN bảo hiểm — Bảng cân đối kế toán,2. Thặng dư vốn cổ phần,Base,GSDC,Fact Public Company Financial Report Value,Report Year,FILTER,fct_public_company_financial_rpt_val.rpt_year = :year AND fct_public_company_financial_rpt_val.rpt_quarter = :quarter,
K_GSDC_1068,Data Explorer: Dữ liệu tài chính doanh nghiệp,Nhóm 23 — DN bảo hiểm — Bảng cân đối kế toán,3. Vốn khác của chủ sở hữu,Base,GSDC,Fact Public Company Financial Report Value,Data Value,MEASURE,fct_public_company_financial_rpt_val.data_val,
K_GSDC_1068,Data Explorer: Dữ liệu tài chính doanh nghiệp,Nhóm 23 — DN bảo hiểm — Bảng cân đối kế toán,3. Vốn khác của chủ sở hữu,Base,GSDC,Financial Report Catalog Dimension,Row Description Reference,FILTER,JOIN financial_rpt_catalog_dim ON financial_rpt_catalog_dim.financial_rpt_catalog_dim_id = fct_public_company_financial_rpt_val.financial_rpt_catalog_dim_id WHERE financial_rpt_catalog_dim.financial_rpt_catalog_code LIKE 'BCDKT%' AND financial_rpt_catalog_dim.enterprise_tp_code = 'bh' AND financial_rpt_catalog_dim.row_description_reference = '413' AND financial_rpt_catalog_dim.column_description_reference = '1',
K_GSDC_1068,Data Explorer: Dữ liệu tài chính doanh nghiệp,Nhóm 23 — DN bảo hiểm — Bảng cân đối kế toán,3. Vốn khác của chủ sở hữu,Base,GSDC,Fact Public Company Financial Report Value,Report Year,FILTER,fct_public_company_financial_rpt_val.rpt_year = :year AND fct_public_company_financial_rpt_val.rpt_quarter = :quarter,
K_GSDC_1069,Data Explorer: Dữ liệu tài chính doanh nghiệp,Nhóm 23 — DN bảo hiểm — Bảng cân đối kế toán,4. Cổ phiếu quỹ,Base,GSDC,Fact Public Company Financial Report Value,Data Value,MEASURE,fct_public_company_financial_rpt_val.data_val,
K_GSDC_1069,Data Explorer: Dữ liệu tài chính doanh nghiệp,Nhóm 23 — DN bảo hiểm — Bảng cân đối kế toán,4. Cổ phiếu quỹ,Base,GSDC,Financial Report Catalog Dimension,Row Description Reference,FILTER,JOIN financial_rpt_catalog_dim ON financial_rpt_catalog_dim.financial_rpt_catalog_dim_id = fct_public_company_financial_rpt_val.financial_rpt_catalog_dim_id WHERE financial_rpt_catalog_dim.financial_rpt_catalog_code LIKE 'BCDKT%' AND financial_rpt_catalog_dim.enterprise_tp_code = 'bh' AND financial_rpt_catalog_dim.row_description_reference = '414' AND financial_rpt_catalog_dim.column_description_reference = '1',
K_GSDC_1069,Data Explorer: Dữ liệu tài chính doanh nghiệp,Nhóm 23 — DN bảo hiểm — Bảng cân đối kế toán,4. Cổ phiếu quỹ,Base,GSDC,Fact Public Company Financial Report Value,Report Year,FILTER,fct_public_company_financial_rpt_val.rpt_year = :year AND fct_public_company_financial_rpt_val.rpt_quarter = :quarter,
K_GSDC_1070,Data Explorer: Dữ liệu tài chính doanh nghiệp,Nhóm 23 — DN bảo hiểm — Bảng cân đối kế toán,5. Chênh lệch đánh giá lại tài sản,Base,GSDC,Fact Public Company Financial Report Value,Data Value,MEASURE,fct_public_company_financial_rpt_val.data_val,
K_GSDC_1070,Data Explorer: Dữ liệu tài chính doanh nghiệp,Nhóm 23 — DN bảo hiểm — Bảng cân đối kế toán,5. Chênh lệch đánh giá lại tài sản,Base,GSDC,Financial Report Catalog Dimension,Row Description Reference,FILTER,JOIN financial_rpt_catalog_dim ON financial_rpt_catalog_dim.financial_rpt_catalog_dim_id = fct_public_company_financial_rpt_val.financial_rpt_catalog_dim_id WHERE financial_rpt_catalog_dim.financial_rpt_catalog_code LIKE 'BCDKT%' AND financial_rpt_catalog_dim.enterprise_tp_code = 'bh' AND financial_rpt_catalog_dim.row_description_reference = '415' AND financial_rpt_catalog_dim.column_description_reference = '1',
K_GSDC_1070,Data Explorer: Dữ liệu tài chính doanh nghiệp,Nhóm 23 — DN bảo hiểm — Bảng cân đối kế toán,5. Chênh lệch đánh giá lại tài sản,Base,GSDC,Fact Public Company Financial Report Value,Report Year,FILTER,fct_public_company_financial_rpt_val.rpt_year = :year AND fct_public_company_financial_rpt_val.rpt_quarter = :quarter,
K_GSDC_1071,Data Explorer: Dữ liệu tài chính doanh nghiệp,Nhóm 23 — DN bảo hiểm — Bảng cân đối kế toán,6. Chênh lệch tỷ giá hối đoái,Base,GSDC,Fact Public Company Financial Report Value,Data Value,MEASURE,fct_public_company_financial_rpt_val.data_val,
K_GSDC_1071,Data Explorer: Dữ liệu tài chính doanh nghiệp,Nhóm 23 — DN bảo hiểm — Bảng cân đối kế toán,6. Chênh lệch tỷ giá hối đoái,Base,GSDC,Financial Report Catalog Dimension,Row Description Reference,FILTER,JOIN financial_rpt_catalog_dim ON financial_rpt_catalog_dim.financial_rpt_catalog_dim_id = fct_public_company_financial_rpt_val.financial_rpt_catalog_dim_id WHERE financial_rpt_catalog_dim.financial_rpt_catalog_code LIKE 'BCDKT%' AND financial_rpt_catalog_dim.enterprise_tp_code = 'bh' AND financial_rpt_catalog_dim.row_description_reference = '416' AND financial_rpt_catalog_dim.column_description_reference = '1',
K_GSDC_1071,Data Explorer: Dữ liệu tài chính doanh nghiệp,Nhóm 23 — DN bảo hiểm — Bảng cân đối kế toán,6. Chênh lệch tỷ giá hối đoái,Base,GSDC,Fact Public Company Financial Report Value,Report Year,FILTER,fct_public_company_financial_rpt_val.rpt_year = :year AND fct_public_company_financial_rpt_val.rpt_quarter = :quarter,
K_GSDC_1072,Data Explorer: Dữ liệu tài chính doanh nghiệp,Nhóm 23 — DN bảo hiểm — Bảng cân đối kế toán,7. Quỹ đầu tư phát triển,Base,GSDC,Fact Public Company Financial Report Value,Data Value,MEASURE,fct_public_company_financial_rpt_val.data_val,
K_GSDC_1072,Data Explorer: Dữ liệu tài chính doanh nghiệp,Nhóm 23 — DN bảo hiểm — Bảng cân đối kế toán,7. Quỹ đầu tư phát triển,Base,GSDC,Financial Report Catalog Dimension,Row Description Reference,FILTER,JOIN financial_rpt_catalog_dim ON financial_rpt_catalog_dim.financial_rpt_catalog_dim_id = fct_public_company_financial_rpt_val.financial_rpt_catalog_dim_id WHERE financial_rpt_catalog_dim.financial_rpt_catalog_code LIKE 'BCDKT%' AND financial_rpt_catalog_dim.enterprise_tp_code = 'bh' AND financial_rpt_catalog_dim.row_description_reference = '417' AND financial_rpt_catalog_dim.column_description_reference = '1',
K_GSDC_1072,Data Explorer: Dữ liệu tài chính doanh nghiệp,Nhóm 23 — DN bảo hiểm — Bảng cân đối kế toán,7. Quỹ đầu tư phát triển,Base,GSDC,Fact Public Company Financial Report Value,Report Year,FILTER,fct_public_company_financial_rpt_val.rpt_year = :year AND fct_public_company_financial_rpt_val.rpt_quarter = :quarter,
K_GSDC_1073,Data Explorer: Dữ liệu tài chính doanh nghiệp,Nhóm 23 — DN bảo hiểm — Bảng cân đối kế toán,8. Quỹ dự phòng tài chính,Base,GSDC,Fact Public Company Financial Report Value,Data Value,MEASURE,fct_public_company_financial_rpt_val.data_val,
K_GSDC_1073,Data Explorer: Dữ liệu tài chính doanh nghiệp,Nhóm 23 — DN bảo hiểm — Bảng cân đối kế toán,8. Quỹ dự phòng tài chính,Base,GSDC,Financial Report Catalog Dimension,Row Description Reference,FILTER,JOIN financial_rpt_catalog_dim ON financial_rpt_catalog_dim.financial_rpt_catalog_dim_id = fct_public_company_financial_rpt_val.financial_rpt_catalog_dim_id WHERE financial_rpt_catalog_dim.financial_rpt_catalog_code LIKE 'BCDKT%' AND financial_rpt_catalog_dim.enterprise_tp_code = 'bh' AND financial_rpt_catalog_dim.row_description_reference = '418' AND financial_rpt_catalog_dim.column_description_reference = '1',
K_GSDC_1073,Data Explorer: Dữ liệu tài chính doanh nghiệp,Nhóm 23 — DN bảo hiểm — Bảng cân đối kế toán,8. Quỹ dự phòng tài chính,Base,GSDC,Fact Public Company Financial Report Value,Report Year,FILTER,fct_public_company_financial_rpt_val.rpt_year = :year AND fct_public_company_financial_rpt_val.rpt_quarter = :quarter,
K_GSDC_1074,Data Explorer: Dữ liệu tài chính doanh nghiệp,Nhóm 23 — DN bảo hiểm — Bảng cân đối kế toán,9. Quỹ dự trữ bắt buộc,Base,GSDC,Fact Public Company Financial Report Value,Data Value,MEASURE,fct_public_company_financial_rpt_val.data_val,
K_GSDC_1074,Data Explorer: Dữ liệu tài chính doanh nghiệp,Nhóm 23 — DN bảo hiểm — Bảng cân đối kế toán,9. Quỹ dự trữ bắt buộc,Base,GSDC,Financial Report Catalog Dimension,Row Description Reference,FILTER,JOIN financial_rpt_catalog_dim ON financial_rpt_catalog_dim.financial_rpt_catalog_dim_id = fct_public_company_financial_rpt_val.financial_rpt_catalog_dim_id WHERE financial_rpt_catalog_dim.financial_rpt_catalog_code LIKE 'BCDKT%' AND financial_rpt_catalog_dim.enterprise_tp_code = 'bh' AND financial_rpt_catalog_dim.row_description_reference = '419' AND financial_rpt_catalog_dim.column_description_reference = '1',
K_GSDC_1074,Data Explorer: Dữ liệu tài chính doanh nghiệp,Nhóm 23 — DN bảo hiểm — Bảng cân đối kế toán,9. Quỹ dự trữ bắt buộc,Base,GSDC,Fact Public Company Financial Report Value,Report Year,FILTER,fct_public_company_financial_rpt_val.rpt_year = :year AND fct_public_company_financial_rpt_val.rpt_quarter = :quarter,
K_GSDC_1075,Data Explorer: Dữ liệu tài chính doanh nghiệp,Nhóm 23 — DN bảo hiểm — Bảng cân đối kế toán,10. Quỹ khác thuộc vốn chủ sở hữu,Base,GSDC,Fact Public Company Financial Report Value,Data Value,MEASURE,fct_public_company_financial_rpt_val.data_val,
K_GSDC_1075,Data Explorer: Dữ liệu tài chính doanh nghiệp,Nhóm 23 — DN bảo hiểm — Bảng cân đối kế toán,10. Quỹ khác thuộc vốn chủ sở hữu,Base,GSDC,Financial Report Catalog Dimension,Row Description Reference,FILTER,JOIN financial_rpt_catalog_dim ON financial_rpt_catalog_dim.financial_rpt_catalog_dim_id = fct_public_company_financial_rpt_val.financial_rpt_catalog_dim_id WHERE financial_rpt_catalog_dim.financial_rpt_catalog_code LIKE 'BCDKT%' AND financial_rpt_catalog_dim.enterprise_tp_code = 'bh' AND financial_rpt_catalog_dim.row_description_reference = '420' AND financial_rpt_catalog_dim.column_description_reference = '1',
K_GSDC_1075,Data Explorer: Dữ liệu tài chính doanh nghiệp,Nhóm 23 — DN bảo hiểm — Bảng cân đối kế toán,10. Quỹ khác thuộc vốn chủ sở hữu,Base,GSDC,Fact Public Company Financial Report Value,Report Year,FILTER,fct_public_company_financial_rpt_val.rpt_year = :year AND fct_public_company_financial_rpt_val.rpt_quarter = :quarter,
K_GSDC_1076,Data Explorer: Dữ liệu tài chính doanh nghiệp,Nhóm 23 — DN bảo hiểm — Bảng cân đối kế toán,11. Lợi nhuận sau thuế chưa phân phối,Base,GSDC,Fact Public Company Financial Report Value,Data Value,MEASURE,fct_public_company_financial_rpt_val.data_val,
K_GSDC_1076,Data Explorer: Dữ liệu tài chính doanh nghiệp,Nhóm 23 — DN bảo hiểm — Bảng cân đối kế toán,11. Lợi nhuận sau thuế chưa phân phối,Base,GSDC,Financial Report Catalog Dimension,Row Description Reference,FILTER,JOIN financial_rpt_catalog_dim ON financial_rpt_catalog_dim.financial_rpt_catalog_dim_id = fct_public_company_financial_rpt_val.financial_rpt_catalog_dim_id WHERE financial_rpt_catalog_dim.financial_rpt_catalog_code LIKE 'BCDKT%' AND financial_rpt_catalog_dim.enterprise_tp_code = 'bh' AND financial_rpt_catalog_dim.row_description_reference = '421' AND financial_rpt_catalog_dim.column_description_reference = '1',
K_GSDC_1076,Data Explorer: Dữ liệu tài chính doanh nghiệp,Nhóm 23 — DN bảo hiểm — Bảng cân đối kế toán,11. Lợi nhuận sau thuế chưa phân phối,Base,GSDC,Fact Public Company Financial Report Value,Report Year,FILTER,fct_public_company_financial_rpt_val.rpt_year = :year AND fct_public_company_financial_rpt_val.rpt_quarter = :quarter,
K_GSDC_1077,Data Explorer: Dữ liệu tài chính doanh nghiệp,Nhóm 23 — DN bảo hiểm — Bảng cân đối kế toán,Tổng cộng nguồn vốn (440),Base,GSDC,Fact Public Company Financial Report Value,Data Value,MEASURE,fct_public_company_financial_rpt_val.data_val,
K_GSDC_1077,Data Explorer: Dữ liệu tài chính doanh nghiệp,Nhóm 23 — DN bảo hiểm — Bảng cân đối kế toán,Tổng cộng nguồn vốn (440),Base,GSDC,Financial Report Catalog Dimension,Row Description Reference,FILTER,JOIN financial_rpt_catalog_dim ON financial_rpt_catalog_dim.financial_rpt_catalog_dim_id = fct_public_company_financial_rpt_val.financial_rpt_catalog_dim_id WHERE financial_rpt_catalog_dim.financial_rpt_catalog_code LIKE 'BCDKT%' AND financial_rpt_catalog_dim.enterprise_tp_code = 'bh' AND financial_rpt_catalog_dim.row_description_reference = '440' AND financial_rpt_catalog_dim.column_description_reference = '1',
K_GSDC_1077,Data Explorer: Dữ liệu tài chính doanh nghiệp,Nhóm 23 — DN bảo hiểm — Bảng cân đối kế toán,Tổng cộng nguồn vốn (440),Base,GSDC,Fact Public Company Financial Report Value,Report Year,FILTER,fct_public_company_financial_rpt_val.rpt_year = :year AND fct_public_company_financial_rpt_val.rpt_quarter = :quarter,
K_GSDC_1078,Data Explorer: Dữ liệu tài chính doanh nghiệp,Nhóm 24 — DN bảo hiểm — Báo cáo KQKD,1. Doanh thu thuần hoạt động kinh doanh bảo hiểm,Base,GSDC,Fact Public Company Financial Report Value,Data Value,MEASURE,fct_public_company_financial_rpt_val.data_val,
K_GSDC_1078,Data Explorer: Dữ liệu tài chính doanh nghiệp,Nhóm 24 — DN bảo hiểm — Báo cáo KQKD,1. Doanh thu thuần hoạt động kinh doanh bảo hiểm,Base,GSDC,Financial Report Catalog Dimension,Row Description Reference,FILTER,JOIN financial_rpt_catalog_dim ON financial_rpt_catalog_dim.financial_rpt_catalog_dim_id = fct_public_company_financial_rpt_val.financial_rpt_catalog_dim_id WHERE financial_rpt_catalog_dim.financial_rpt_catalog_code LIKE 'BCKQKD%' AND financial_rpt_catalog_dim.enterprise_tp_code = 'bh' AND financial_rpt_catalog_dim.row_description_reference = '10' AND financial_rpt_catalog_dim.column_description_reference = '1',
K_GSDC_1078,Data Explorer: Dữ liệu tài chính doanh nghiệp,Nhóm 24 — DN bảo hiểm — Báo cáo KQKD,1. Doanh thu thuần hoạt động kinh doanh bảo hiểm,Base,GSDC,Fact Public Company Financial Report Value,Report Year,FILTER,fct_public_company_financial_rpt_val.rpt_year = :year AND fct_public_company_financial_rpt_val.rpt_quarter = :quarter,
K_GSDC_1079,Data Explorer: Dữ liệu tài chính doanh nghiệp,Nhóm 24 — DN bảo hiểm — Báo cáo KQKD,2. Doanh thu kinh doanh bất động sản đầu tư,Base,GSDC,Fact Public Company Financial Report Value,Data Value,MEASURE,fct_public_company_financial_rpt_val.data_val,
K_GSDC_1079,Data Explorer: Dữ liệu tài chính doanh nghiệp,Nhóm 24 — DN bảo hiểm — Báo cáo KQKD,2. Doanh thu kinh doanh bất động sản đầu tư,Base,GSDC,Financial Report Catalog Dimension,Row Description Reference,FILTER,JOIN financial_rpt_catalog_dim ON financial_rpt_catalog_dim.financial_rpt_catalog_dim_id = fct_public_company_financial_rpt_val.financial_rpt_catalog_dim_id WHERE financial_rpt_catalog_dim.financial_rpt_catalog_code LIKE 'BCKQKD%' AND financial_rpt_catalog_dim.enterprise_tp_code = 'bh' AND financial_rpt_catalog_dim.row_description_reference = '11' AND financial_rpt_catalog_dim.column_description_reference = '1',
K_GSDC_1079,Data Explorer: Dữ liệu tài chính doanh nghiệp,Nhóm 24 — DN bảo hiểm — Báo cáo KQKD,2. Doanh thu kinh doanh bất động sản đầu tư,Base,GSDC,Fact Public Company Financial Report Value,Report Year,FILTER,fct_public_company_financial_rpt_val.rpt_year = :year AND fct_public_company_financial_rpt_val.rpt_quarter = :quarter,
K_GSDC_1080,Data Explorer: Dữ liệu tài chính doanh nghiệp,Nhóm 24 — DN bảo hiểm — Báo cáo KQKD,3. Doanh thu hoạt động tài chính,Base,GSDC,Fact Public Company Financial Report Value,Data Value,MEASURE,fct_public_company_financial_rpt_val.data_val,
K_GSDC_1080,Data Explorer: Dữ liệu tài chính doanh nghiệp,Nhóm 24 — DN bảo hiểm — Báo cáo KQKD,3. Doanh thu hoạt động tài chính,Base,GSDC,Financial Report Catalog Dimension,Row Description Reference,FILTER,JOIN financial_rpt_catalog_dim ON financial_rpt_catalog_dim.financial_rpt_catalog_dim_id = fct_public_company_financial_rpt_val.financial_rpt_catalog_dim_id WHERE financial_rpt_catalog_dim.financial_rpt_catalog_code LIKE 'BCKQKD%' AND financial_rpt_catalog_dim.enterprise_tp_code = 'bh' AND financial_rpt_catalog_dim.row_description_reference = '12' AND financial_rpt_catalog_dim.column_description_reference = '1',
K_GSDC_1080,Data Explorer: Dữ liệu tài chính doanh nghiệp,Nhóm 24 — DN bảo hiểm — Báo cáo KQKD,3. Doanh thu hoạt động tài chính,Base,GSDC,Fact Public Company Financial Report Value,Report Year,FILTER,fct_public_company_financial_rpt_val.rpt_year = :year AND fct_public_company_financial_rpt_val.rpt_quarter = :quarter,
K_GSDC_1081,Data Explorer: Dữ liệu tài chính doanh nghiệp,Nhóm 24 — DN bảo hiểm — Báo cáo KQKD,4. Thu nhập khác,Base,GSDC,Fact Public Company Financial Report Value,Data Value,MEASURE,fct_public_company_financial_rpt_val.data_val,
K_GSDC_1081,Data Explorer: Dữ liệu tài chính doanh nghiệp,Nhóm 24 — DN bảo hiểm — Báo cáo KQKD,4. Thu nhập khác,Base,GSDC,Financial Report Catalog Dimension,Row Description Reference,FILTER,JOIN financial_rpt_catalog_dim ON financial_rpt_catalog_dim.financial_rpt_catalog_dim_id = fct_public_company_financial_rpt_val.financial_rpt_catalog_dim_id WHERE financial_rpt_catalog_dim.financial_rpt_catalog_code LIKE 'BCKQKD%' AND financial_rpt_catalog_dim.enterprise_tp_code = 'bh' AND financial_rpt_catalog_dim.row_description_reference = '13' AND financial_rpt_catalog_dim.column_description_reference = '1',
K_GSDC_1081,Data Explorer: Dữ liệu tài chính doanh nghiệp,Nhóm 24 — DN bảo hiểm — Báo cáo KQKD,4. Thu nhập khác,Base,GSDC,Fact Public Company Financial Report Value,Report Year,FILTER,fct_public_company_financial_rpt_val.rpt_year = :year AND fct_public_company_financial_rpt_val.rpt_quarter = :quarter,
K_GSDC_1082,Data Explorer: Dữ liệu tài chính doanh nghiệp,Nhóm 24 — DN bảo hiểm — Báo cáo KQKD,5. Tổng chi phí hoạt động kinh doanh bảo hiểm,Base,GSDC,Fact Public Company Financial Report Value,Data Value,MEASURE,fct_public_company_financial_rpt_val.data_val,
K_GSDC_1082,Data Explorer: Dữ liệu tài chính doanh nghiệp,Nhóm 24 — DN bảo hiểm — Báo cáo KQKD,5. Tổng chi phí hoạt động kinh doanh bảo hiểm,Base,GSDC,Financial Report Catalog Dimension,Row Description Reference,FILTER,JOIN financial_rpt_catalog_dim ON financial_rpt_catalog_dim.financial_rpt_catalog_dim_id = fct_public_company_financial_rpt_val.financial_rpt_catalog_dim_id WHERE financial_rpt_catalog_dim.financial_rpt_catalog_code LIKE 'BCKQKD%' AND financial_rpt_catalog_dim.enterprise_tp_code = 'bh' AND financial_rpt_catalog_dim.row_description_reference = '20' AND financial_rpt_catalog_dim.column_description_reference = '1',
K_GSDC_1082,Data Explorer: Dữ liệu tài chính doanh nghiệp,Nhóm 24 — DN bảo hiểm — Báo cáo KQKD,5. Tổng chi phí hoạt động kinh doanh bảo hiểm,Base,GSDC,Fact Public Company Financial Report Value,Report Year,FILTER,fct_public_company_financial_rpt_val.rpt_year = :year AND fct_public_company_financial_rpt_val.rpt_quarter = :quarter,
K_GSDC_1083,Data Explorer: Dữ liệu tài chính doanh nghiệp,Nhóm 24 — DN bảo hiểm — Báo cáo KQKD,6. Giá vốn bất động sản đầu tư,Base,GSDC,Fact Public Company Financial Report Value,Data Value,MEASURE,fct_public_company_financial_rpt_val.data_val,
K_GSDC_1083,Data Explorer: Dữ liệu tài chính doanh nghiệp,Nhóm 24 — DN bảo hiểm — Báo cáo KQKD,6. Giá vốn bất động sản đầu tư,Base,GSDC,Financial Report Catalog Dimension,Row Description Reference,FILTER,JOIN financial_rpt_catalog_dim ON financial_rpt_catalog_dim.financial_rpt_catalog_dim_id = fct_public_company_financial_rpt_val.financial_rpt_catalog_dim_id WHERE financial_rpt_catalog_dim.financial_rpt_catalog_code LIKE 'BCKQKD%' AND financial_rpt_catalog_dim.enterprise_tp_code = 'bh' AND financial_rpt_catalog_dim.row_description_reference = '21' AND financial_rpt_catalog_dim.column_description_reference = '1',
K_GSDC_1083,Data Explorer: Dữ liệu tài chính doanh nghiệp,Nhóm 24 — DN bảo hiểm — Báo cáo KQKD,6. Giá vốn bất động sản đầu tư,Base,GSDC,Fact Public Company Financial Report Value,Report Year,FILTER,fct_public_company_financial_rpt_val.rpt_year = :year AND fct_public_company_financial_rpt_val.rpt_quarter = :quarter,
K_GSDC_1084,Data Explorer: Dữ liệu tài chính doanh nghiệp,Nhóm 24 — DN bảo hiểm — Báo cáo KQKD,7. Chi phí hoạt động tài chính,Base,GSDC,Fact Public Company Financial Report Value,Data Value,MEASURE,fct_public_company_financial_rpt_val.data_val,
K_GSDC_1084,Data Explorer: Dữ liệu tài chính doanh nghiệp,Nhóm 24 — DN bảo hiểm — Báo cáo KQKD,7. Chi phí hoạt động tài chính,Base,GSDC,Financial Report Catalog Dimension,Row Description Reference,FILTER,JOIN financial_rpt_catalog_dim ON financial_rpt_catalog_dim.financial_rpt_catalog_dim_id = fct_public_company_financial_rpt_val.financial_rpt_catalog_dim_id WHERE financial_rpt_catalog_dim.financial_rpt_catalog_code LIKE 'BCKQKD%' AND financial_rpt_catalog_dim.enterprise_tp_code = 'bh' AND financial_rpt_catalog_dim.row_description_reference = '22' AND financial_rpt_catalog_dim.column_description_reference = '1',
K_GSDC_1084,Data Explorer: Dữ liệu tài chính doanh nghiệp,Nhóm 24 — DN bảo hiểm — Báo cáo KQKD,7. Chi phí hoạt động tài chính,Base,GSDC,Fact Public Company Financial Report Value,Report Year,FILTER,fct_public_company_financial_rpt_val.rpt_year = :year AND fct_public_company_financial_rpt_val.rpt_quarter = :quarter,
K_GSDC_1085,Data Explorer: Dữ liệu tài chính doanh nghiệp,Nhóm 24 — DN bảo hiểm — Báo cáo KQKD,8. Chi phí quản lý doanh nghiệp,Base,GSDC,Fact Public Company Financial Report Value,Data Value,MEASURE,fct_public_company_financial_rpt_val.data_val,
K_GSDC_1085,Data Explorer: Dữ liệu tài chính doanh nghiệp,Nhóm 24 — DN bảo hiểm — Báo cáo KQKD,8. Chi phí quản lý doanh nghiệp,Base,GSDC,Financial Report Catalog Dimension,Row Description Reference,FILTER,JOIN financial_rpt_catalog_dim ON financial_rpt_catalog_dim.financial_rpt_catalog_dim_id = fct_public_company_financial_rpt_val.financial_rpt_catalog_dim_id WHERE financial_rpt_catalog_dim.financial_rpt_catalog_code LIKE 'BCKQKD%' AND financial_rpt_catalog_dim.enterprise_tp_code = 'bh' AND financial_rpt_catalog_dim.row_description_reference = '23' AND financial_rpt_catalog_dim.column_description_reference = '1',
K_GSDC_1085,Data Explorer: Dữ liệu tài chính doanh nghiệp,Nhóm 24 — DN bảo hiểm — Báo cáo KQKD,8. Chi phí quản lý doanh nghiệp,Base,GSDC,Fact Public Company Financial Report Value,Report Year,FILTER,fct_public_company_financial_rpt_val.rpt_year = :year AND fct_public_company_financial_rpt_val.rpt_quarter = :quarter,
K_GSDC_1086,Data Explorer: Dữ liệu tài chính doanh nghiệp,Nhóm 24 — DN bảo hiểm — Báo cáo KQKD,9. Chi phí khác,Base,GSDC,Fact Public Company Financial Report Value,Data Value,MEASURE,fct_public_company_financial_rpt_val.data_val,
K_GSDC_1086,Data Explorer: Dữ liệu tài chính doanh nghiệp,Nhóm 24 — DN bảo hiểm — Báo cáo KQKD,9. Chi phí khác,Base,GSDC,Financial Report Catalog Dimension,Row Description Reference,FILTER,JOIN financial_rpt_catalog_dim ON financial_rpt_catalog_dim.financial_rpt_catalog_dim_id = fct_public_company_financial_rpt_val.financial_rpt_catalog_dim_id WHERE financial_rpt_catalog_dim.financial_rpt_catalog_code LIKE 'BCKQKD%' AND financial_rpt_catalog_dim.enterprise_tp_code = 'bh' AND financial_rpt_catalog_dim.row_description_reference = '24' AND financial_rpt_catalog_dim.column_description_reference = '1',
K_GSDC_1086,Data Explorer: Dữ liệu tài chính doanh nghiệp,Nhóm 24 — DN bảo hiểm — Báo cáo KQKD,9. Chi phí khác,Base,GSDC,Fact Public Company Financial Report Value,Report Year,FILTER,fct_public_company_financial_rpt_val.rpt_year = :year AND fct_public_company_financial_rpt_val.rpt_quarter = :quarter,
K_GSDC_1087,Data Explorer: Dữ liệu tài chính doanh nghiệp,Nhóm 24 — DN bảo hiểm — Báo cáo KQKD,10. Tổng lợi nhuận kế toán trước thuế (50=10+11+12+13-20-21-22-23-24),Base,GSDC,Fact Public Company Financial Report Value,Data Value,MEASURE,fct_public_company_financial_rpt_val.data_val,
K_GSDC_1087,Data Explorer: Dữ liệu tài chính doanh nghiệp,Nhóm 24 — DN bảo hiểm — Báo cáo KQKD,10. Tổng lợi nhuận kế toán trước thuế (50=10+11+12+13-20-21-22-23-24),Base,GSDC,Financial Report Catalog Dimension,Row Description Reference,FILTER,JOIN financial_rpt_catalog_dim ON financial_rpt_catalog_dim.financial_rpt_catalog_dim_id = fct_public_company_financial_rpt_val.financial_rpt_catalog_dim_id WHERE financial_rpt_catalog_dim.financial_rpt_catalog_code LIKE 'BCKQKD%' AND financial_rpt_catalog_dim.enterprise_tp_code = 'bh' AND financial_rpt_catalog_dim.row_description_reference = '50' AND financial_rpt_catalog_dim.column_description_reference = '1',
K_GSDC_1087,Data Explorer: Dữ liệu tài chính doanh nghiệp,Nhóm 24 — DN bảo hiểm — Báo cáo KQKD,10. Tổng lợi nhuận kế toán trước thuế (50=10+11+12+13-20-21-22-23-24),Base,GSDC,Fact Public Company Financial Report Value,Report Year,FILTER,fct_public_company_financial_rpt_val.rpt_year = :year AND fct_public_company_financial_rpt_val.rpt_quarter = :quarter,
K_GSDC_1088,Data Explorer: Dữ liệu tài chính doanh nghiệp,Nhóm 24 — DN bảo hiểm — Báo cáo KQKD,11. Chi phí thuế TNDN hiện hành,Base,GSDC,Fact Public Company Financial Report Value,Data Value,MEASURE,fct_public_company_financial_rpt_val.data_val,
K_GSDC_1088,Data Explorer: Dữ liệu tài chính doanh nghiệp,Nhóm 24 — DN bảo hiểm — Báo cáo KQKD,11. Chi phí thuế TNDN hiện hành,Base,GSDC,Financial Report Catalog Dimension,Row Description Reference,FILTER,JOIN financial_rpt_catalog_dim ON financial_rpt_catalog_dim.financial_rpt_catalog_dim_id = fct_public_company_financial_rpt_val.financial_rpt_catalog_dim_id WHERE financial_rpt_catalog_dim.financial_rpt_catalog_code LIKE 'BCKQKD%' AND financial_rpt_catalog_dim.enterprise_tp_code = 'bh' AND financial_rpt_catalog_dim.row_description_reference = '51' AND financial_rpt_catalog_dim.column_description_reference = '1',
K_GSDC_1088,Data Explorer: Dữ liệu tài chính doanh nghiệp,Nhóm 24 — DN bảo hiểm — Báo cáo KQKD,11. Chi phí thuế TNDN hiện hành,Base,GSDC,Fact Public Company Financial Report Value,Report Year,FILTER,fct_public_company_financial_rpt_val.rpt_year = :year AND fct_public_company_financial_rpt_val.rpt_quarter = :quarter,
K_GSDC_1089,Data Explorer: Dữ liệu tài chính doanh nghiệp,Nhóm 24 — DN bảo hiểm — Báo cáo KQKD,12. Chi phí thuế TNDN hoãn lại,Base,GSDC,Fact Public Company Financial Report Value,Data Value,MEASURE,fct_public_company_financial_rpt_val.data_val,
K_GSDC_1089,Data Explorer: Dữ liệu tài chính doanh nghiệp,Nhóm 24 — DN bảo hiểm — Báo cáo KQKD,12. Chi phí thuế TNDN hoãn lại,Base,GSDC,Financial Report Catalog Dimension,Row Description Reference,FILTER,JOIN financial_rpt_catalog_dim ON financial_rpt_catalog_dim.financial_rpt_catalog_dim_id = fct_public_company_financial_rpt_val.financial_rpt_catalog_dim_id WHERE financial_rpt_catalog_dim.financial_rpt_catalog_code LIKE 'BCKQKD%' AND financial_rpt_catalog_dim.enterprise_tp_code = 'bh' AND financial_rpt_catalog_dim.row_description_reference = '52' AND financial_rpt_catalog_dim.column_description_reference = '1',
K_GSDC_1089,Data Explorer: Dữ liệu tài chính doanh nghiệp,Nhóm 24 — DN bảo hiểm — Báo cáo KQKD,12. Chi phí thuế TNDN hoãn lại,Base,GSDC,Fact Public Company Financial Report Value,Report Year,FILTER,fct_public_company_financial_rpt_val.rpt_year = :year AND fct_public_company_financial_rpt_val.rpt_quarter = :quarter,
K_GSDC_1090,Data Explorer: Dữ liệu tài chính doanh nghiệp,Nhóm 24 — DN bảo hiểm — Báo cáo KQKD,13. Lợi nhuận sau thuế thu nhập doanh nghiệp (60=50-51-52),Base,GSDC,Fact Public Company Financial Report Value,Data Value,MEASURE,fct_public_company_financial_rpt_val.data_val,
K_GSDC_1090,Data Explorer: Dữ liệu tài chính doanh nghiệp,Nhóm 24 — DN bảo hiểm — Báo cáo KQKD,13. Lợi nhuận sau thuế thu nhập doanh nghiệp (60=50-51-52),Base,GSDC,Financial Report Catalog Dimension,Row Description Reference,FILTER,JOIN financial_rpt_catalog_dim ON financial_rpt_catalog_dim.financial_rpt_catalog_dim_id = fct_public_company_financial_rpt_val.financial_rpt_catalog_dim_id WHERE financial_rpt_catalog_dim.financial_rpt_catalog_code LIKE 'BCKQKD%' AND financial_rpt_catalog_dim.enterprise_tp_code = 'bh' AND financial_rpt_catalog_dim.row_description_reference = '60' AND financial_rpt_catalog_dim.column_description_reference = '1',
K_GSDC_1090,Data Explorer: Dữ liệu tài chính doanh nghiệp,Nhóm 24 — DN bảo hiểm — Báo cáo KQKD,13. Lợi nhuận sau thuế thu nhập doanh nghiệp (60=50-51-52),Base,GSDC,Fact Public Company Financial Report Value,Report Year,FILTER,fct_public_company_financial_rpt_val.rpt_year = :year AND fct_public_company_financial_rpt_val.rpt_quarter = :quarter,
K_GSDC_1091,Data Explorer: Dữ liệu tài chính doanh nghiệp,Nhóm 24 — DN bảo hiểm — Báo cáo KQKD,14. Lợi ích của cổ đông không kiểm soát,Base,GSDC,Fact Public Company Financial Report Value,Data Value,MEASURE,fct_public_company_financial_rpt_val.data_val,
K_GSDC_1091,Data Explorer: Dữ liệu tài chính doanh nghiệp,Nhóm 24 — DN bảo hiểm — Báo cáo KQKD,14. Lợi ích của cổ đông không kiểm soát,Base,GSDC,Financial Report Catalog Dimension,Row Description Reference,FILTER,JOIN financial_rpt_catalog_dim ON financial_rpt_catalog_dim.financial_rpt_catalog_dim_id = fct_public_company_financial_rpt_val.financial_rpt_catalog_dim_id WHERE financial_rpt_catalog_dim.financial_rpt_catalog_code LIKE 'BCKQKD%' AND financial_rpt_catalog_dim.enterprise_tp_code = 'bh' AND financial_rpt_catalog_dim.row_description_reference = '61' AND financial_rpt_catalog_dim.column_description_reference = '1',
K_GSDC_1091,Data Explorer: Dữ liệu tài chính doanh nghiệp,Nhóm 24 — DN bảo hiểm — Báo cáo KQKD,14. Lợi ích của cổ đông không kiểm soát,Base,GSDC,Fact Public Company Financial Report Value,Report Year,FILTER,fct_public_company_financial_rpt_val.rpt_year = :year AND fct_public_company_financial_rpt_val.rpt_quarter = :quarter,
K_GSDC_1092,Data Explorer: Dữ liệu tài chính doanh nghiệp,Nhóm 24 — DN bảo hiểm — Báo cáo KQKD,15. Lợi nhuận sau thuế (62=60-61),Base,GSDC,Fact Public Company Financial Report Value,Data Value,MEASURE,fct_public_company_financial_rpt_val.data_val,
K_GSDC_1092,Data Explorer: Dữ liệu tài chính doanh nghiệp,Nhóm 24 — DN bảo hiểm — Báo cáo KQKD,15. Lợi nhuận sau thuế (62=60-61),Base,GSDC,Financial Report Catalog Dimension,Row Description Reference,FILTER,JOIN financial_rpt_catalog_dim ON financial_rpt_catalog_dim.financial_rpt_catalog_dim_id = fct_public_company_financial_rpt_val.financial_rpt_catalog_dim_id WHERE financial_rpt_catalog_dim.financial_rpt_catalog_code LIKE 'BCKQKD%' AND financial_rpt_catalog_dim.enterprise_tp_code = 'bh' AND financial_rpt_catalog_dim.row_description_reference = '62' AND financial_rpt_catalog_dim.column_description_reference = '1',
K_GSDC_1092,Data Explorer: Dữ liệu tài chính doanh nghiệp,Nhóm 24 — DN bảo hiểm — Báo cáo KQKD,15. Lợi nhuận sau thuế (62=60-61),Base,GSDC,Fact Public Company Financial Report Value,Report Year,FILTER,fct_public_company_financial_rpt_val.rpt_year = :year AND fct_public_company_financial_rpt_val.rpt_quarter = :quarter,
K_GSDC_1093,Data Explorer: Dữ liệu tài chính doanh nghiệp,Nhóm 24 — DN bảo hiểm — Báo cáo KQKD,16. Lãi cơ bản trên cổ phiếu,Base,GSDC,Fact Public Company Financial Report Value,Data Value,MEASURE,fct_public_company_financial_rpt_val.data_val,
K_GSDC_1093,Data Explorer: Dữ liệu tài chính doanh nghiệp,Nhóm 24 — DN bảo hiểm — Báo cáo KQKD,16. Lãi cơ bản trên cổ phiếu,Base,GSDC,Financial Report Catalog Dimension,Row Description Reference,FILTER,JOIN financial_rpt_catalog_dim ON financial_rpt_catalog_dim.financial_rpt_catalog_dim_id = fct_public_company_financial_rpt_val.financial_rpt_catalog_dim_id WHERE financial_rpt_catalog_dim.financial_rpt_catalog_code LIKE 'BCKQKD%' AND financial_rpt_catalog_dim.enterprise_tp_code = 'bh' AND financial_rpt_catalog_dim.row_description_reference = '70' AND financial_rpt_catalog_dim.column_description_reference = '1',
K_GSDC_1093,Data Explorer: Dữ liệu tài chính doanh nghiệp,Nhóm 24 — DN bảo hiểm — Báo cáo KQKD,16. Lãi cơ bản trên cổ phiếu,Base,GSDC,Fact Public Company Financial Report Value,Report Year,FILTER,fct_public_company_financial_rpt_val.rpt_year = :year AND fct_public_company_financial_rpt_val.rpt_quarter = :quarter,
K_GSDC_1095,Data Explorer: Dữ liệu tài chính doanh nghiệp,Nhóm 25 — DN bảo hiểm — Báo cáo LCTT trực tiếp,1. Tiền từ thu phí và hoa hồng,Base,GSDC,Fact Public Company Financial Report Value,Data Value,MEASURE,fct_public_company_financial_rpt_val.data_val,
K_GSDC_1095,Data Explorer: Dữ liệu tài chính doanh nghiệp,Nhóm 25 — DN bảo hiểm — Báo cáo LCTT trực tiếp,1. Tiền từ thu phí và hoa hồng,Base,GSDC,Financial Report Catalog Dimension,Row Description Reference,FILTER,JOIN financial_rpt_catalog_dim ON financial_rpt_catalog_dim.financial_rpt_catalog_dim_id = fct_public_company_financial_rpt_val.financial_rpt_catalog_dim_id WHERE financial_rpt_catalog_dim.financial_rpt_catalog_code LIKE 'BCLCTT_TT%' AND financial_rpt_catalog_dim.enterprise_tp_code = 'bh' AND financial_rpt_catalog_dim.row_description_reference = '01' AND financial_rpt_catalog_dim.column_description_reference = '1',
K_GSDC_1095,Data Explorer: Dữ liệu tài chính doanh nghiệp,Nhóm 25 — DN bảo hiểm — Báo cáo LCTT trực tiếp,1. Tiền từ thu phí và hoa hồng,Base,GSDC,Fact Public Company Financial Report Value,Report Year,FILTER,fct_public_company_financial_rpt_val.rpt_year = :year AND fct_public_company_financial_rpt_val.rpt_quarter = :quarter,
K_GSDC_1096,Data Explorer: Dữ liệu tài chính doanh nghiệp,Nhóm 25 — DN bảo hiểm — Báo cáo LCTT trực tiếp,2. Tiền thu từ các khoản nợ phí và hoa hồng,Base,GSDC,Fact Public Company Financial Report Value,Data Value,MEASURE,fct_public_company_financial_rpt_val.data_val,
K_GSDC_1096,Data Explorer: Dữ liệu tài chính doanh nghiệp,Nhóm 25 — DN bảo hiểm — Báo cáo LCTT trực tiếp,2. Tiền thu từ các khoản nợ phí và hoa hồng,Base,GSDC,Financial Report Catalog Dimension,Row Description Reference,FILTER,JOIN financial_rpt_catalog_dim ON financial_rpt_catalog_dim.financial_rpt_catalog_dim_id = fct_public_company_financial_rpt_val.financial_rpt_catalog_dim_id WHERE financial_rpt_catalog_dim.financial_rpt_catalog_code LIKE 'BCLCTT_TT%' AND financial_rpt_catalog_dim.enterprise_tp_code = 'bh' AND financial_rpt_catalog_dim.row_description_reference = '02' AND financial_rpt_catalog_dim.column_description_reference = '1',
K_GSDC_1096,Data Explorer: Dữ liệu tài chính doanh nghiệp,Nhóm 25 — DN bảo hiểm — Báo cáo LCTT trực tiếp,2. Tiền thu từ các khoản nợ phí và hoa hồng,Base,GSDC,Fact Public Company Financial Report Value,Report Year,FILTER,fct_public_company_financial_rpt_val.rpt_year = :year AND fct_public_company_financial_rpt_val.rpt_quarter = :quarter,
K_GSDC_1097,Data Explorer: Dữ liệu tài chính doanh nghiệp,Nhóm 25 — DN bảo hiểm — Báo cáo LCTT trực tiếp,3. Tiền thu từ các khoản thu được giảm chi,Base,GSDC,Fact Public Company Financial Report Value,Data Value,MEASURE,fct_public_company_financial_rpt_val.data_val,
K_GSDC_1097,Data Explorer: Dữ liệu tài chính doanh nghiệp,Nhóm 25 — DN bảo hiểm — Báo cáo LCTT trực tiếp,3. Tiền thu từ các khoản thu được giảm chi,Base,GSDC,Financial Report Catalog Dimension,Row Description Reference,FILTER,JOIN financial_rpt_catalog_dim ON financial_rpt_catalog_dim.financial_rpt_catalog_dim_id = fct_public_company_financial_rpt_val.financial_rpt_catalog_dim_id WHERE financial_rpt_catalog_dim.financial_rpt_catalog_code LIKE 'BCLCTT_TT%' AND financial_rpt_catalog_dim.enterprise_tp_code = 'bh' AND financial_rpt_catalog_dim.row_description_reference = '03' AND financial_rpt_catalog_dim.column_description_reference = '1',
K_GSDC_1097,Data Explorer: Dữ liệu tài chính doanh nghiệp,Nhóm 25 — DN bảo hiểm — Báo cáo LCTT trực tiếp,3. Tiền thu từ các khoản thu được giảm chi,Base,GSDC,Fact Public Company Financial Report Value,Report Year,FILTER,fct_public_company_financial_rpt_val.rpt_year = :year AND fct_public_company_financial_rpt_val.rpt_quarter = :quarter,
K_GSDC_1098,Data Explorer: Dữ liệu tài chính doanh nghiệp,Nhóm 25 — DN bảo hiểm — Báo cáo LCTT trực tiếp,4. Tiền thu từ các hoạt động kinh doanh khác,Base,GSDC,Fact Public Company Financial Report Value,Data Value,MEASURE,fct_public_company_financial_rpt_val.data_val,
K_GSDC_1098,Data Explorer: Dữ liệu tài chính doanh nghiệp,Nhóm 25 — DN bảo hiểm — Báo cáo LCTT trực tiếp,4. Tiền thu từ các hoạt động kinh doanh khác,Base,GSDC,Financial Report Catalog Dimension,Row Description Reference,FILTER,JOIN financial_rpt_catalog_dim ON financial_rpt_catalog_dim.financial_rpt_catalog_dim_id = fct_public_company_financial_rpt_val.financial_rpt_catalog_dim_id WHERE financial_rpt_catalog_dim.financial_rpt_catalog_code LIKE 'BCLCTT_TT%' AND financial_rpt_catalog_dim.enterprise_tp_code = 'bh' AND financial_rpt_catalog_dim.row_description_reference = '04' AND financial_rpt_catalog_dim.column_description_reference = '1',
K_GSDC_1098,Data Explorer: Dữ liệu tài chính doanh nghiệp,Nhóm 25 — DN bảo hiểm — Báo cáo LCTT trực tiếp,4. Tiền thu từ các hoạt động kinh doanh khác,Base,GSDC,Fact Public Company Financial Report Value,Report Year,FILTER,fct_public_company_financial_rpt_val.rpt_year = :year AND fct_public_company_financial_rpt_val.rpt_quarter = :quarter,
K_GSDC_1099,Data Explorer: Dữ liệu tài chính doanh nghiệp,Nhóm 25 — DN bảo hiểm — Báo cáo LCTT trực tiếp,5. Trả tiền bồi thường bảo hiểm,Base,GSDC,Fact Public Company Financial Report Value,Data Value,MEASURE,fct_public_company_financial_rpt_val.data_val,
K_GSDC_1099,Data Explorer: Dữ liệu tài chính doanh nghiệp,Nhóm 25 — DN bảo hiểm — Báo cáo LCTT trực tiếp,5. Trả tiền bồi thường bảo hiểm,Base,GSDC,Financial Report Catalog Dimension,Row Description Reference,FILTER,JOIN financial_rpt_catalog_dim ON financial_rpt_catalog_dim.financial_rpt_catalog_dim_id = fct_public_company_financial_rpt_val.financial_rpt_catalog_dim_id WHERE financial_rpt_catalog_dim.financial_rpt_catalog_code LIKE 'BCLCTT_TT%' AND financial_rpt_catalog_dim.enterprise_tp_code = 'bh' AND financial_rpt_catalog_dim.row_description_reference = '05' AND financial_rpt_catalog_dim.column_description_reference = '1',
K_GSDC_1099,Data Explorer: Dữ liệu tài chính doanh nghiệp,Nhóm 25 — DN bảo hiểm — Báo cáo LCTT trực tiếp,5. Trả tiền bồi thường bảo hiểm,Base,GSDC,Fact Public Company Financial Report Value,Report Year,FILTER,fct_public_company_financial_rpt_val.rpt_year = :year AND fct_public_company_financial_rpt_val.rpt_quarter = :quarter,
K_GSDC_1100,Data Explorer: Dữ liệu tài chính doanh nghiệp,Nhóm 25 — DN bảo hiểm — Báo cáo LCTT trực tiếp,6. Trả tiền hoa hồng và các khoản nợ khác của kinh doanh bảo hiểm,Base,GSDC,Fact Public Company Financial Report Value,Data Value,MEASURE,fct_public_company_financial_rpt_val.data_val,
K_GSDC_1100,Data Explorer: Dữ liệu tài chính doanh nghiệp,Nhóm 25 — DN bảo hiểm — Báo cáo LCTT trực tiếp,6. Trả tiền hoa hồng và các khoản nợ khác của kinh doanh bảo hiểm,Base,GSDC,Financial Report Catalog Dimension,Row Description Reference,FILTER,JOIN financial_rpt_catalog_dim ON financial_rpt_catalog_dim.financial_rpt_catalog_dim_id = fct_public_company_financial_rpt_val.financial_rpt_catalog_dim_id WHERE financial_rpt_catalog_dim.financial_rpt_catalog_code LIKE 'BCLCTT_TT%' AND financial_rpt_catalog_dim.enterprise_tp_code = 'bh' AND financial_rpt_catalog_dim.row_description_reference = '06' AND financial_rpt_catalog_dim.column_description_reference = '1',
K_GSDC_1100,Data Explorer: Dữ liệu tài chính doanh nghiệp,Nhóm 25 — DN bảo hiểm — Báo cáo LCTT trực tiếp,6. Trả tiền hoa hồng và các khoản nợ khác của kinh doanh bảo hiểm,Base,GSDC,Fact Public Company Financial Report Value,Report Year,FILTER,fct_public_company_financial_rpt_val.rpt_year = :year AND fct_public_company_financial_rpt_val.rpt_quarter = :quarter,
K_GSDC_1101,Data Explorer: Dữ liệu tài chính doanh nghiệp,Nhóm 25 — DN bảo hiểm — Báo cáo LCTT trực tiếp,"7. Trả tiền cho người bán, người cung cấp dịch vụ",Base,GSDC,Fact Public Company Financial Report Value,Data Value,MEASURE,fct_public_company_financial_rpt_val.data_val,
K_GSDC_1101,Data Explorer: Dữ liệu tài chính doanh nghiệp,Nhóm 25 — DN bảo hiểm — Báo cáo LCTT trực tiếp,"7. Trả tiền cho người bán, người cung cấp dịch vụ",Base,GSDC,Financial Report Catalog Dimension,Row Description Reference,FILTER,JOIN financial_rpt_catalog_dim ON financial_rpt_catalog_dim.financial_rpt_catalog_dim_id = fct_public_company_financial_rpt_val.financial_rpt_catalog_dim_id WHERE financial_rpt_catalog_dim.financial_rpt_catalog_code LIKE 'BCLCTT_TT%' AND financial_rpt_catalog_dim.enterprise_tp_code = 'bh' AND financial_rpt_catalog_dim.row_description_reference = '07' AND financial_rpt_catalog_dim.column_description_reference = '1',
K_GSDC_1101,Data Explorer: Dữ liệu tài chính doanh nghiệp,Nhóm 25 — DN bảo hiểm — Báo cáo LCTT trực tiếp,"7. Trả tiền cho người bán, người cung cấp dịch vụ",Base,GSDC,Fact Public Company Financial Report Value,Report Year,FILTER,fct_public_company_financial_rpt_val.rpt_year = :year AND fct_public_company_financial_rpt_val.rpt_quarter = :quarter,
K_GSDC_1102,Data Explorer: Dữ liệu tài chính doanh nghiệp,Nhóm 25 — DN bảo hiểm — Báo cáo LCTT trực tiếp,8. Trả tiền cho cán bộ công nhân viên,Base,GSDC,Fact Public Company Financial Report Value,Data Value,MEASURE,fct_public_company_financial_rpt_val.data_val,
K_GSDC_1102,Data Explorer: Dữ liệu tài chính doanh nghiệp,Nhóm 25 — DN bảo hiểm — Báo cáo LCTT trực tiếp,8. Trả tiền cho cán bộ công nhân viên,Base,GSDC,Financial Report Catalog Dimension,Row Description Reference,FILTER,JOIN financial_rpt_catalog_dim ON financial_rpt_catalog_dim.financial_rpt_catalog_dim_id = fct_public_company_financial_rpt_val.financial_rpt_catalog_dim_id WHERE financial_rpt_catalog_dim.financial_rpt_catalog_code LIKE 'BCLCTT_TT%' AND financial_rpt_catalog_dim.enterprise_tp_code = 'bh' AND financial_rpt_catalog_dim.row_description_reference = '08' AND financial_rpt_catalog_dim.column_description_reference = '1',
K_GSDC_1102,Data Explorer: Dữ liệu tài chính doanh nghiệp,Nhóm 25 — DN bảo hiểm — Báo cáo LCTT trực tiếp,8. Trả tiền cho cán bộ công nhân viên,Base,GSDC,Fact Public Company Financial Report Value,Report Year,FILTER,fct_public_company_financial_rpt_val.rpt_year = :year AND fct_public_company_financial_rpt_val.rpt_quarter = :quarter,
K_GSDC_1103,Data Explorer: Dữ liệu tài chính doanh nghiệp,Nhóm 25 — DN bảo hiểm — Báo cáo LCTT trực tiếp,9. Trả tiền nộp thuế và các khoản nợ Nhà nước,Base,GSDC,Fact Public Company Financial Report Value,Data Value,MEASURE,fct_public_company_financial_rpt_val.data_val,
K_GSDC_1103,Data Explorer: Dữ liệu tài chính doanh nghiệp,Nhóm 25 — DN bảo hiểm — Báo cáo LCTT trực tiếp,9. Trả tiền nộp thuế và các khoản nợ Nhà nước,Base,GSDC,Financial Report Catalog Dimension,Row Description Reference,FILTER,JOIN financial_rpt_catalog_dim ON financial_rpt_catalog_dim.financial_rpt_catalog_dim_id = fct_public_company_financial_rpt_val.financial_rpt_catalog_dim_id WHERE financial_rpt_catalog_dim.financial_rpt_catalog_code LIKE 'BCLCTT_TT%' AND financial_rpt_catalog_dim.enterprise_tp_code = 'bh' AND financial_rpt_catalog_dim.row_description_reference = '09' AND financial_rpt_catalog_dim.column_description_reference = '1',
K_GSDC_1103,Data Explorer: Dữ liệu tài chính doanh nghiệp,Nhóm 25 — DN bảo hiểm — Báo cáo LCTT trực tiếp,9. Trả tiền nộp thuế và các khoản nợ Nhà nước,Base,GSDC,Fact Public Company Financial Report Value,Report Year,FILTER,fct_public_company_financial_rpt_val.rpt_year = :year AND fct_public_company_financial_rpt_val.rpt_quarter = :quarter,
K_GSDC_1104,Data Explorer: Dữ liệu tài chính doanh nghiệp,Nhóm 25 — DN bảo hiểm — Báo cáo LCTT trực tiếp,10. Trả tiền cho các khoản nợ khác,Base,GSDC,Fact Public Company Financial Report Value,Data Value,MEASURE,fct_public_company_financial_rpt_val.data_val,
K_GSDC_1104,Data Explorer: Dữ liệu tài chính doanh nghiệp,Nhóm 25 — DN bảo hiểm — Báo cáo LCTT trực tiếp,10. Trả tiền cho các khoản nợ khác,Base,GSDC,Financial Report Catalog Dimension,Row Description Reference,FILTER,JOIN financial_rpt_catalog_dim ON financial_rpt_catalog_dim.financial_rpt_catalog_dim_id = fct_public_company_financial_rpt_val.financial_rpt_catalog_dim_id WHERE financial_rpt_catalog_dim.financial_rpt_catalog_code LIKE 'BCLCTT_TT%' AND financial_rpt_catalog_dim.enterprise_tp_code = 'bh' AND financial_rpt_catalog_dim.row_description_reference = '10' AND financial_rpt_catalog_dim.column_description_reference = '1',
K_GSDC_1104,Data Explorer: Dữ liệu tài chính doanh nghiệp,Nhóm 25 — DN bảo hiểm — Báo cáo LCTT trực tiếp,10. Trả tiền cho các khoản nợ khác,Base,GSDC,Fact Public Company Financial Report Value,Report Year,FILTER,fct_public_company_financial_rpt_val.rpt_year = :year AND fct_public_company_financial_rpt_val.rpt_quarter = :quarter,
K_GSDC_1105,Data Explorer: Dữ liệu tài chính doanh nghiệp,Nhóm 25 — DN bảo hiểm — Báo cáo LCTT trực tiếp,11. Tiền tạm ứng cho cán bộ công nhân viên và ứng trước cho người bán,Base,GSDC,Fact Public Company Financial Report Value,Data Value,MEASURE,fct_public_company_financial_rpt_val.data_val,
K_GSDC_1105,Data Explorer: Dữ liệu tài chính doanh nghiệp,Nhóm 25 — DN bảo hiểm — Báo cáo LCTT trực tiếp,11. Tiền tạm ứng cho cán bộ công nhân viên và ứng trước cho người bán,Base,GSDC,Financial Report Catalog Dimension,Row Description Reference,FILTER,JOIN financial_rpt_catalog_dim ON financial_rpt_catalog_dim.financial_rpt_catalog_dim_id = fct_public_company_financial_rpt_val.financial_rpt_catalog_dim_id WHERE financial_rpt_catalog_dim.financial_rpt_catalog_code LIKE 'BCLCTT_TT%' AND financial_rpt_catalog_dim.enterprise_tp_code = 'bh' AND financial_rpt_catalog_dim.row_description_reference = '11' AND financial_rpt_catalog_dim.column_description_reference = '1',
K_GSDC_1105,Data Explorer: Dữ liệu tài chính doanh nghiệp,Nhóm 25 — DN bảo hiểm — Báo cáo LCTT trực tiếp,11. Tiền tạm ứng cho cán bộ công nhân viên và ứng trước cho người bán,Base,GSDC,Fact Public Company Financial Report Value,Report Year,FILTER,fct_public_company_financial_rpt_val.rpt_year = :year AND fct_public_company_financial_rpt_val.rpt_quarter = :quarter,
K_GSDC_1106,Data Explorer: Dữ liệu tài chính doanh nghiệp,Nhóm 25 — DN bảo hiểm — Báo cáo LCTT trực tiếp,Lưu chuyển tiền thuần từ hoạt động kinh doanh,Base,GSDC,Fact Public Company Financial Report Value,Data Value,MEASURE,fct_public_company_financial_rpt_val.data_val,
K_GSDC_1106,Data Explorer: Dữ liệu tài chính doanh nghiệp,Nhóm 25 — DN bảo hiểm — Báo cáo LCTT trực tiếp,Lưu chuyển tiền thuần từ hoạt động kinh doanh,Base,GSDC,Financial Report Catalog Dimension,Row Description Reference,FILTER,JOIN financial_rpt_catalog_dim ON financial_rpt_catalog_dim.financial_rpt_catalog_dim_id = fct_public_company_financial_rpt_val.financial_rpt_catalog_dim_id WHERE financial_rpt_catalog_dim.financial_rpt_catalog_code LIKE 'BCLCTT_TT%' AND financial_rpt_catalog_dim.enterprise_tp_code = 'bh' AND financial_rpt_catalog_dim.row_description_reference = '20' AND financial_rpt_catalog_dim.column_description_reference = '1',
K_GSDC_1106,Data Explorer: Dữ liệu tài chính doanh nghiệp,Nhóm 25 — DN bảo hiểm — Báo cáo LCTT trực tiếp,Lưu chuyển tiền thuần từ hoạt động kinh doanh,Base,GSDC,Fact Public Company Financial Report Value,Report Year,FILTER,fct_public_company_financial_rpt_val.rpt_year = :year AND fct_public_company_financial_rpt_val.rpt_quarter = :quarter,
K_GSDC_1108,Data Explorer: Dữ liệu tài chính doanh nghiệp,Nhóm 25 — DN bảo hiểm — Báo cáo LCTT trực tiếp,1. Tiền thu từ các khoản đầu tư vào đơn vị khác,Base,GSDC,Fact Public Company Financial Report Value,Data Value,MEASURE,fct_public_company_financial_rpt_val.data_val,
K_GSDC_1108,Data Explorer: Dữ liệu tài chính doanh nghiệp,Nhóm 25 — DN bảo hiểm — Báo cáo LCTT trực tiếp,1. Tiền thu từ các khoản đầu tư vào đơn vị khác,Base,GSDC,Financial Report Catalog Dimension,Row Description Reference,FILTER,JOIN financial_rpt_catalog_dim ON financial_rpt_catalog_dim.financial_rpt_catalog_dim_id = fct_public_company_financial_rpt_val.financial_rpt_catalog_dim_id WHERE financial_rpt_catalog_dim.financial_rpt_catalog_code LIKE 'BCLCTT_TT%' AND financial_rpt_catalog_dim.enterprise_tp_code = 'bh' AND financial_rpt_catalog_dim.row_description_reference = '21' AND financial_rpt_catalog_dim.column_description_reference = '1',
K_GSDC_1108,Data Explorer: Dữ liệu tài chính doanh nghiệp,Nhóm 25 — DN bảo hiểm — Báo cáo LCTT trực tiếp,1. Tiền thu từ các khoản đầu tư vào đơn vị khác,Base,GSDC,Fact Public Company Financial Report Value,Report Year,FILTER,fct_public_company_financial_rpt_val.rpt_year = :year AND fct_public_company_financial_rpt_val.rpt_quarter = :quarter,
K_GSDC_1109,Data Explorer: Dữ liệu tài chính doanh nghiệp,Nhóm 25 — DN bảo hiểm — Báo cáo LCTT trực tiếp,2. Tiền thu lãi đầu tư,Base,GSDC,Fact Public Company Financial Report Value,Data Value,MEASURE,fct_public_company_financial_rpt_val.data_val,
K_GSDC_1109,Data Explorer: Dữ liệu tài chính doanh nghiệp,Nhóm 25 — DN bảo hiểm — Báo cáo LCTT trực tiếp,2. Tiền thu lãi đầu tư,Base,GSDC,Financial Report Catalog Dimension,Row Description Reference,FILTER,JOIN financial_rpt_catalog_dim ON financial_rpt_catalog_dim.financial_rpt_catalog_dim_id = fct_public_company_financial_rpt_val.financial_rpt_catalog_dim_id WHERE financial_rpt_catalog_dim.financial_rpt_catalog_code LIKE 'BCLCTT_TT%' AND financial_rpt_catalog_dim.enterprise_tp_code = 'bh' AND financial_rpt_catalog_dim.row_description_reference = '22' AND financial_rpt_catalog_dim.column_description_reference = '1',
K_GSDC_1109,Data Explorer: Dữ liệu tài chính doanh nghiệp,Nhóm 25 — DN bảo hiểm — Báo cáo LCTT trực tiếp,2. Tiền thu lãi đầu tư,Base,GSDC,Fact Public Company Financial Report Value,Report Year,FILTER,fct_public_company_financial_rpt_val.rpt_year = :year AND fct_public_company_financial_rpt_val.rpt_quarter = :quarter,
K_GSDC_1110,Data Explorer: Dữ liệu tài chính doanh nghiệp,Nhóm 25 — DN bảo hiểm — Báo cáo LCTT trực tiếp,3. Tiền thu do bán tài sản cố định,Base,GSDC,Fact Public Company Financial Report Value,Data Value,MEASURE,fct_public_company_financial_rpt_val.data_val,
K_GSDC_1110,Data Explorer: Dữ liệu tài chính doanh nghiệp,Nhóm 25 — DN bảo hiểm — Báo cáo LCTT trực tiếp,3. Tiền thu do bán tài sản cố định,Base,GSDC,Financial Report Catalog Dimension,Row Description Reference,FILTER,JOIN financial_rpt_catalog_dim ON financial_rpt_catalog_dim.financial_rpt_catalog_dim_id = fct_public_company_financial_rpt_val.financial_rpt_catalog_dim_id WHERE financial_rpt_catalog_dim.financial_rpt_catalog_code LIKE 'BCLCTT_TT%' AND financial_rpt_catalog_dim.enterprise_tp_code = 'bh' AND financial_rpt_catalog_dim.row_description_reference = '23' AND financial_rpt_catalog_dim.column_description_reference = '1',
K_GSDC_1110,Data Explorer: Dữ liệu tài chính doanh nghiệp,Nhóm 25 — DN bảo hiểm — Báo cáo LCTT trực tiếp,3. Tiền thu do bán tài sản cố định,Base,GSDC,Fact Public Company Financial Report Value,Report Year,FILTER,fct_public_company_financial_rpt_val.rpt_year = :year AND fct_public_company_financial_rpt_val.rpt_quarter = :quarter,
K_GSDC_1111,Data Explorer: Dữ liệu tài chính doanh nghiệp,Nhóm 25 — DN bảo hiểm — Báo cáo LCTT trực tiếp,4. Tiền đầu tư vào các đơn vị khác,Base,GSDC,Fact Public Company Financial Report Value,Data Value,MEASURE,fct_public_company_financial_rpt_val.data_val,
K_GSDC_1111,Data Explorer: Dữ liệu tài chính doanh nghiệp,Nhóm 25 — DN bảo hiểm — Báo cáo LCTT trực tiếp,4. Tiền đầu tư vào các đơn vị khác,Base,GSDC,Financial Report Catalog Dimension,Row Description Reference,FILTER,JOIN financial_rpt_catalog_dim ON financial_rpt_catalog_dim.financial_rpt_catalog_dim_id = fct_public_company_financial_rpt_val.financial_rpt_catalog_dim_id WHERE financial_rpt_catalog_dim.financial_rpt_catalog_code LIKE 'BCLCTT_TT%' AND financial_rpt_catalog_dim.enterprise_tp_code = 'bh' AND financial_rpt_catalog_dim.row_description_reference = '24' AND financial_rpt_catalog_dim.column_description_reference = '1',
K_GSDC_1111,Data Explorer: Dữ liệu tài chính doanh nghiệp,Nhóm 25 — DN bảo hiểm — Báo cáo LCTT trực tiếp,4. Tiền đầu tư vào các đơn vị khác,Base,GSDC,Fact Public Company Financial Report Value,Report Year,FILTER,fct_public_company_financial_rpt_val.rpt_year = :year AND fct_public_company_financial_rpt_val.rpt_quarter = :quarter,
K_GSDC_1112,Data Explorer: Dữ liệu tài chính doanh nghiệp,Nhóm 25 — DN bảo hiểm — Báo cáo LCTT trực tiếp,5. Tiền mua tài sản cố định,Base,GSDC,Fact Public Company Financial Report Value,Data Value,MEASURE,fct_public_company_financial_rpt_val.data_val,
K_GSDC_1112,Data Explorer: Dữ liệu tài chính doanh nghiệp,Nhóm 25 — DN bảo hiểm — Báo cáo LCTT trực tiếp,5. Tiền mua tài sản cố định,Base,GSDC,Financial Report Catalog Dimension,Row Description Reference,FILTER,JOIN financial_rpt_catalog_dim ON financial_rpt_catalog_dim.financial_rpt_catalog_dim_id = fct_public_company_financial_rpt_val.financial_rpt_catalog_dim_id WHERE financial_rpt_catalog_dim.financial_rpt_catalog_code LIKE 'BCLCTT_TT%' AND financial_rpt_catalog_dim.enterprise_tp_code = 'bh' AND financial_rpt_catalog_dim.row_description_reference = '25' AND financial_rpt_catalog_dim.column_description_reference = '1',
K_GSDC_1112,Data Explorer: Dữ liệu tài chính doanh nghiệp,Nhóm 25 — DN bảo hiểm — Báo cáo LCTT trực tiếp,5. Tiền mua tài sản cố định,Base,GSDC,Fact Public Company Financial Report Value,Report Year,FILTER,fct_public_company_financial_rpt_val.rpt_year = :year AND fct_public_company_financial_rpt_val.rpt_quarter = :quarter,
K_GSDC_1113,Data Explorer: Dữ liệu tài chính doanh nghiệp,Nhóm 25 — DN bảo hiểm — Báo cáo LCTT trực tiếp,Lưu chuyển tiền thuần từ hoạt động đầu tư,Base,GSDC,Fact Public Company Financial Report Value,Data Value,MEASURE,fct_public_company_financial_rpt_val.data_val,
K_GSDC_1113,Data Explorer: Dữ liệu tài chính doanh nghiệp,Nhóm 25 — DN bảo hiểm — Báo cáo LCTT trực tiếp,Lưu chuyển tiền thuần từ hoạt động đầu tư,Base,GSDC,Financial Report Catalog Dimension,Row Description Reference,FILTER,JOIN financial_rpt_catalog_dim ON financial_rpt_catalog_dim.financial_rpt_catalog_dim_id = fct_public_company_financial_rpt_val.financial_rpt_catalog_dim_id WHERE financial_rpt_catalog_dim.financial_rpt_catalog_code LIKE 'BCLCTT_TT%' AND financial_rpt_catalog_dim.enterprise_tp_code = 'bh' AND financial_rpt_catalog_dim.row_description_reference = '30' AND financial_rpt_catalog_dim.column_description_reference = '1',
K_GSDC_1113,Data Explorer: Dữ liệu tài chính doanh nghiệp,Nhóm 25 — DN bảo hiểm — Báo cáo LCTT trực tiếp,Lưu chuyển tiền thuần từ hoạt động đầu tư,Base,GSDC,Fact Public Company Financial Report Value,Report Year,FILTER,fct_public_company_financial_rpt_val.rpt_year = :year AND fct_public_company_financial_rpt_val.rpt_quarter = :quarter,
K_GSDC_1115,Data Explorer: Dữ liệu tài chính doanh nghiệp,Nhóm 25 — DN bảo hiểm — Báo cáo LCTT trực tiếp,1. Tiền thu do đi vay,Base,GSDC,Fact Public Company Financial Report Value,Data Value,MEASURE,fct_public_company_financial_rpt_val.data_val,
K_GSDC_1115,Data Explorer: Dữ liệu tài chính doanh nghiệp,Nhóm 25 — DN bảo hiểm — Báo cáo LCTT trực tiếp,1. Tiền thu do đi vay,Base,GSDC,Financial Report Catalog Dimension,Row Description Reference,FILTER,JOIN financial_rpt_catalog_dim ON financial_rpt_catalog_dim.financial_rpt_catalog_dim_id = fct_public_company_financial_rpt_val.financial_rpt_catalog_dim_id WHERE financial_rpt_catalog_dim.financial_rpt_catalog_code LIKE 'BCLCTT_TT%' AND financial_rpt_catalog_dim.enterprise_tp_code = 'bh' AND financial_rpt_catalog_dim.row_description_reference = '31' AND financial_rpt_catalog_dim.column_description_reference = '1',
K_GSDC_1115,Data Explorer: Dữ liệu tài chính doanh nghiệp,Nhóm 25 — DN bảo hiểm — Báo cáo LCTT trực tiếp,1. Tiền thu do đi vay,Base,GSDC,Fact Public Company Financial Report Value,Report Year,FILTER,fct_public_company_financial_rpt_val.rpt_year = :year AND fct_public_company_financial_rpt_val.rpt_quarter = :quarter,
K_GSDC_1116,Data Explorer: Dữ liệu tài chính doanh nghiệp,Nhóm 25 — DN bảo hiểm — Báo cáo LCTT trực tiếp,2. Tiền thu do các chủ sở hữu góp vốn,Base,GSDC,Fact Public Company Financial Report Value,Data Value,MEASURE,fct_public_company_financial_rpt_val.data_val,
K_GSDC_1116,Data Explorer: Dữ liệu tài chính doanh nghiệp,Nhóm 25 — DN bảo hiểm — Báo cáo LCTT trực tiếp,2. Tiền thu do các chủ sở hữu góp vốn,Base,GSDC,Financial Report Catalog Dimension,Row Description Reference,FILTER,JOIN financial_rpt_catalog_dim ON financial_rpt_catalog_dim.financial_rpt_catalog_dim_id = fct_public_company_financial_rpt_val.financial_rpt_catalog_dim_id WHERE financial_rpt_catalog_dim.financial_rpt_catalog_code LIKE 'BCLCTT_TT%' AND financial_rpt_catalog_dim.enterprise_tp_code = 'bh' AND financial_rpt_catalog_dim.row_description_reference = '32' AND financial_rpt_catalog_dim.column_description_reference = '1',
K_GSDC_1116,Data Explorer: Dữ liệu tài chính doanh nghiệp,Nhóm 25 — DN bảo hiểm — Báo cáo LCTT trực tiếp,2. Tiền thu do các chủ sở hữu góp vốn,Base,GSDC,Fact Public Company Financial Report Value,Report Year,FILTER,fct_public_company_financial_rpt_val.rpt_year = :year AND fct_public_company_financial_rpt_val.rpt_quarter = :quarter,
K_GSDC_1117,Data Explorer: Dữ liệu tài chính doanh nghiệp,Nhóm 25 — DN bảo hiểm — Báo cáo LCTT trực tiếp,3. Tiền thu từ lãi tiền gửi,Base,GSDC,Fact Public Company Financial Report Value,Data Value,MEASURE,fct_public_company_financial_rpt_val.data_val,
K_GSDC_1117,Data Explorer: Dữ liệu tài chính doanh nghiệp,Nhóm 25 — DN bảo hiểm — Báo cáo LCTT trực tiếp,3. Tiền thu từ lãi tiền gửi,Base,GSDC,Financial Report Catalog Dimension,Row Description Reference,FILTER,JOIN financial_rpt_catalog_dim ON financial_rpt_catalog_dim.financial_rpt_catalog_dim_id = fct_public_company_financial_rpt_val.financial_rpt_catalog_dim_id WHERE financial_rpt_catalog_dim.financial_rpt_catalog_code LIKE 'BCLCTT_TT%' AND financial_rpt_catalog_dim.enterprise_tp_code = 'bh' AND financial_rpt_catalog_dim.row_description_reference = '33' AND financial_rpt_catalog_dim.column_description_reference = '1',
K_GSDC_1117,Data Explorer: Dữ liệu tài chính doanh nghiệp,Nhóm 25 — DN bảo hiểm — Báo cáo LCTT trực tiếp,3. Tiền thu từ lãi tiền gửi,Base,GSDC,Fact Public Company Financial Report Value,Report Year,FILTER,fct_public_company_financial_rpt_val.rpt_year = :year AND fct_public_company_financial_rpt_val.rpt_quarter = :quarter,
K_GSDC_1118,Data Explorer: Dữ liệu tài chính doanh nghiệp,Nhóm 25 — DN bảo hiểm — Báo cáo LCTT trực tiếp,4. Tiền đã trả nợ vay,Base,GSDC,Fact Public Company Financial Report Value,Data Value,MEASURE,fct_public_company_financial_rpt_val.data_val,
K_GSDC_1118,Data Explorer: Dữ liệu tài chính doanh nghiệp,Nhóm 25 — DN bảo hiểm — Báo cáo LCTT trực tiếp,4. Tiền đã trả nợ vay,Base,GSDC,Financial Report Catalog Dimension,Row Description Reference,FILTER,JOIN financial_rpt_catalog_dim ON financial_rpt_catalog_dim.financial_rpt_catalog_dim_id = fct_public_company_financial_rpt_val.financial_rpt_catalog_dim_id WHERE financial_rpt_catalog_dim.financial_rpt_catalog_code LIKE 'BCLCTT_TT%' AND financial_rpt_catalog_dim.enterprise_tp_code = 'bh' AND financial_rpt_catalog_dim.row_description_reference = '34' AND financial_rpt_catalog_dim.column_description_reference = '1',
K_GSDC_1118,Data Explorer: Dữ liệu tài chính doanh nghiệp,Nhóm 25 — DN bảo hiểm — Báo cáo LCTT trực tiếp,4. Tiền đã trả nợ vay,Base,GSDC,Fact Public Company Financial Report Value,Report Year,FILTER,fct_public_company_financial_rpt_val.rpt_year = :year AND fct_public_company_financial_rpt_val.rpt_quarter = :quarter,
K_GSDC_1119,Data Explorer: Dữ liệu tài chính doanh nghiệp,Nhóm 25 — DN bảo hiểm — Báo cáo LCTT trực tiếp,5. Tiền đã hoàn vốn cho các chủ sở hữu,Base,GSDC,Fact Public Company Financial Report Value,Data Value,MEASURE,fct_public_company_financial_rpt_val.data_val,
K_GSDC_1119,Data Explorer: Dữ liệu tài chính doanh nghiệp,Nhóm 25 — DN bảo hiểm — Báo cáo LCTT trực tiếp,5. Tiền đã hoàn vốn cho các chủ sở hữu,Base,GSDC,Financial Report Catalog Dimension,Row Description Reference,FILTER,JOIN financial_rpt_catalog_dim ON financial_rpt_catalog_dim.financial_rpt_catalog_dim_id = fct_public_company_financial_rpt_val.financial_rpt_catalog_dim_id WHERE financial_rpt_catalog_dim.financial_rpt_catalog_code LIKE 'BCLCTT_TT%' AND financial_rpt_catalog_dim.enterprise_tp_code = 'bh' AND financial_rpt_catalog_dim.row_description_reference = '35' AND financial_rpt_catalog_dim.column_description_reference = '1',
K_GSDC_1119,Data Explorer: Dữ liệu tài chính doanh nghiệp,Nhóm 25 — DN bảo hiểm — Báo cáo LCTT trực tiếp,5. Tiền đã hoàn vốn cho các chủ sở hữu,Base,GSDC,Fact Public Company Financial Report Value,Report Year,FILTER,fct_public_company_financial_rpt_val.rpt_year = :year AND fct_public_company_financial_rpt_val.rpt_quarter = :quarter,
K_GSDC_1120,Data Explorer: Dữ liệu tài chính doanh nghiệp,Nhóm 25 — DN bảo hiểm — Báo cáo LCTT trực tiếp,6. Tiền lãi đã trả cho các nhà đầu tư vào doanh nghiệp,Base,GSDC,Fact Public Company Financial Report Value,Data Value,MEASURE,fct_public_company_financial_rpt_val.data_val,
K_GSDC_1120,Data Explorer: Dữ liệu tài chính doanh nghiệp,Nhóm 25 — DN bảo hiểm — Báo cáo LCTT trực tiếp,6. Tiền lãi đã trả cho các nhà đầu tư vào doanh nghiệp,Base,GSDC,Financial Report Catalog Dimension,Row Description Reference,FILTER,JOIN financial_rpt_catalog_dim ON financial_rpt_catalog_dim.financial_rpt_catalog_dim_id = fct_public_company_financial_rpt_val.financial_rpt_catalog_dim_id WHERE financial_rpt_catalog_dim.financial_rpt_catalog_code LIKE 'BCLCTT_TT%' AND financial_rpt_catalog_dim.enterprise_tp_code = 'bh' AND financial_rpt_catalog_dim.row_description_reference = '36' AND financial_rpt_catalog_dim.column_description_reference = '1',
K_GSDC_1120,Data Explorer: Dữ liệu tài chính doanh nghiệp,Nhóm 25 — DN bảo hiểm — Báo cáo LCTT trực tiếp,6. Tiền lãi đã trả cho các nhà đầu tư vào doanh nghiệp,Base,GSDC,Fact Public Company Financial Report Value,Report Year,FILTER,fct_public_company_financial_rpt_val.rpt_year = :year AND fct_public_company_financial_rpt_val.rpt_quarter = :quarter,
K_GSDC_1121,Data Explorer: Dữ liệu tài chính doanh nghiệp,Nhóm 25 — DN bảo hiểm — Báo cáo LCTT trực tiếp,Lưu chuyển tiền thuần từ hoạt động tài chính,Base,GSDC,Fact Public Company Financial Report Value,Data Value,MEASURE,fct_public_company_financial_rpt_val.data_val,
K_GSDC_1121,Data Explorer: Dữ liệu tài chính doanh nghiệp,Nhóm 25 — DN bảo hiểm — Báo cáo LCTT trực tiếp,Lưu chuyển tiền thuần từ hoạt động tài chính,Base,GSDC,Financial Report Catalog Dimension,Row Description Reference,FILTER,JOIN financial_rpt_catalog_dim ON financial_rpt_catalog_dim.financial_rpt_catalog_dim_id = fct_public_company_financial_rpt_val.financial_rpt_catalog_dim_id WHERE financial_rpt_catalog_dim.financial_rpt_catalog_code LIKE 'BCLCTT_TT%' AND financial_rpt_catalog_dim.enterprise_tp_code = 'bh' AND financial_rpt_catalog_dim.row_description_reference = '40' AND financial_rpt_catalog_dim.column_description_reference = '1',
K_GSDC_1121,Data Explorer: Dữ liệu tài chính doanh nghiệp,Nhóm 25 — DN bảo hiểm — Báo cáo LCTT trực tiếp,Lưu chuyển tiền thuần từ hoạt động tài chính,Base,GSDC,Fact Public Company Financial Report Value,Report Year,FILTER,fct_public_company_financial_rpt_val.rpt_year = :year AND fct_public_company_financial_rpt_val.rpt_quarter = :quarter,
K_GSDC_1122,Data Explorer: Dữ liệu tài chính doanh nghiệp,Nhóm 25 — DN bảo hiểm — Báo cáo LCTT trực tiếp,Lưu chuyển tiền thuần trong kỳ (50 = 20+30+40),Base,GSDC,Fact Public Company Financial Report Value,Data Value,MEASURE,fct_public_company_financial_rpt_val.data_val,
K_GSDC_1122,Data Explorer: Dữ liệu tài chính doanh nghiệp,Nhóm 25 — DN bảo hiểm — Báo cáo LCTT trực tiếp,Lưu chuyển tiền thuần trong kỳ (50 = 20+30+40),Base,GSDC,Financial Report Catalog Dimension,Row Description Reference,FILTER,JOIN financial_rpt_catalog_dim ON financial_rpt_catalog_dim.financial_rpt_catalog_dim_id = fct_public_company_financial_rpt_val.financial_rpt_catalog_dim_id WHERE financial_rpt_catalog_dim.financial_rpt_catalog_code LIKE 'BCLCTT_TT%' AND financial_rpt_catalog_dim.enterprise_tp_code = 'bh' AND financial_rpt_catalog_dim.row_description_reference = '50' AND financial_rpt_catalog_dim.column_description_reference = '1',
K_GSDC_1122,Data Explorer: Dữ liệu tài chính doanh nghiệp,Nhóm 25 — DN bảo hiểm — Báo cáo LCTT trực tiếp,Lưu chuyển tiền thuần trong kỳ (50 = 20+30+40),Base,GSDC,Fact Public Company Financial Report Value,Report Year,FILTER,fct_public_company_financial_rpt_val.rpt_year = :year AND fct_public_company_financial_rpt_val.rpt_quarter = :quarter,
K_GSDC_1123,Data Explorer: Dữ liệu tài chính doanh nghiệp,Nhóm 25 — DN bảo hiểm — Báo cáo LCTT trực tiếp,Tiền tồn đầu kỳ,Base,GSDC,Fact Public Company Financial Report Value,Data Value,MEASURE,fct_public_company_financial_rpt_val.data_val,
K_GSDC_1123,Data Explorer: Dữ liệu tài chính doanh nghiệp,Nhóm 25 — DN bảo hiểm — Báo cáo LCTT trực tiếp,Tiền tồn đầu kỳ,Base,GSDC,Financial Report Catalog Dimension,Row Description Reference,FILTER,JOIN financial_rpt_catalog_dim ON financial_rpt_catalog_dim.financial_rpt_catalog_dim_id = fct_public_company_financial_rpt_val.financial_rpt_catalog_dim_id WHERE financial_rpt_catalog_dim.financial_rpt_catalog_code LIKE 'BCLCTT_TT%' AND financial_rpt_catalog_dim.enterprise_tp_code = 'bh' AND financial_rpt_catalog_dim.row_description_reference = '60' AND financial_rpt_catalog_dim.column_description_reference = '1',
K_GSDC_1123,Data Explorer: Dữ liệu tài chính doanh nghiệp,Nhóm 25 — DN bảo hiểm — Báo cáo LCTT trực tiếp,Tiền tồn đầu kỳ,Base,GSDC,Fact Public Company Financial Report Value,Report Year,FILTER,fct_public_company_financial_rpt_val.rpt_year = :year AND fct_public_company_financial_rpt_val.rpt_quarter = :quarter,
K_GSDC_1124,Data Explorer: Dữ liệu tài chính doanh nghiệp,Nhóm 25 — DN bảo hiểm — Báo cáo LCTT trực tiếp,Tiền tồn cuối kỳ (70 = 50+60),Base,GSDC,Fact Public Company Financial Report Value,Data Value,MEASURE,fct_public_company_financial_rpt_val.data_val,
K_GSDC_1124,Data Explorer: Dữ liệu tài chính doanh nghiệp,Nhóm 25 — DN bảo hiểm — Báo cáo LCTT trực tiếp,Tiền tồn cuối kỳ (70 = 50+60),Base,GSDC,Financial Report Catalog Dimension,Row Description Reference,FILTER,JOIN financial_rpt_catalog_dim ON financial_rpt_catalog_dim.financial_rpt_catalog_dim_id = fct_public_company_financial_rpt_val.financial_rpt_catalog_dim_id WHERE financial_rpt_catalog_dim.financial_rpt_catalog_code LIKE 'BCLCTT_TT%' AND financial_rpt_catalog_dim.enterprise_tp_code = 'bh' AND financial_rpt_catalog_dim.row_description_reference = '70' AND financial_rpt_catalog_dim.column_description_reference = '1',
K_GSDC_1124,Data Explorer: Dữ liệu tài chính doanh nghiệp,Nhóm 25 — DN bảo hiểm — Báo cáo LCTT trực tiếp,Tiền tồn cuối kỳ (70 = 50+60),Base,GSDC,Fact Public Company Financial Report Value,Report Year,FILTER,fct_public_company_financial_rpt_val.rpt_year = :year AND fct_public_company_financial_rpt_val.rpt_quarter = :quarter,
K_GSDC_1094,Data Explorer: Dữ liệu tài chính doanh nghiệp,Nhóm 25 — DN bảo hiểm — Báo cáo LCTT trực tiếp,I - Lưu chuyển tiền từ hoạt động kinh doanh,N/A,GSDC,,,SLICER,,"Section label — không có logic tính toán, dùng cho hiển thị phân cấp trong Data Explorer"
K_GSDC_1107,Data Explorer: Dữ liệu tài chính doanh nghiệp,Nhóm 25 — DN bảo hiểm — Báo cáo LCTT trực tiếp,II - Lưu chuyển tiền từ hoạt động đầu tư,N/A,GSDC,,,SLICER,,"Section label — không có logic tính toán, dùng cho hiển thị phân cấp trong Data Explorer"
K_GSDC_1114,Data Explorer: Dữ liệu tài chính doanh nghiệp,Nhóm 25 — DN bảo hiểm — Báo cáo LCTT trực tiếp,III - Lưu chuyển tiền từ hoạt động tài chính,N/A,GSDC,,,SLICER,,"Section label — không có logic tính toán, dùng cho hiển thị phân cấp trong Data Explorer"
K_GSDC_1126,Data Explorer: Dữ liệu tài chính doanh nghiệp,Nhóm 26 — DN bảo hiểm — Báo cáo LCTT gián tiếp,1. Lợi nhuận trước thuế,Base,GSDC,Fact Public Company Financial Report Value,Data Value,MEASURE,fct_public_company_financial_rpt_val.data_val,
K_GSDC_1126,Data Explorer: Dữ liệu tài chính doanh nghiệp,Nhóm 26 — DN bảo hiểm — Báo cáo LCTT gián tiếp,1. Lợi nhuận trước thuế,Base,GSDC,Financial Report Catalog Dimension,Row Description Reference,FILTER,JOIN financial_rpt_catalog_dim ON financial_rpt_catalog_dim.financial_rpt_catalog_dim_id = fct_public_company_financial_rpt_val.financial_rpt_catalog_dim_id WHERE financial_rpt_catalog_dim.financial_rpt_catalog_code LIKE 'BCLCTT_GT%' AND financial_rpt_catalog_dim.enterprise_tp_code = 'bh' AND financial_rpt_catalog_dim.row_description_reference = '01' AND financial_rpt_catalog_dim.column_description_reference = '1',
K_GSDC_1126,Data Explorer: Dữ liệu tài chính doanh nghiệp,Nhóm 26 — DN bảo hiểm — Báo cáo LCTT gián tiếp,1. Lợi nhuận trước thuế,Base,GSDC,Fact Public Company Financial Report Value,Report Year,FILTER,fct_public_company_financial_rpt_val.rpt_year = :year AND fct_public_company_financial_rpt_val.rpt_quarter = :quarter,
K_GSDC_1128,Data Explorer: Dữ liệu tài chính doanh nghiệp,Nhóm 26 — DN bảo hiểm — Báo cáo LCTT gián tiếp,· Khấu hao TSCĐ và BĐSĐT,Base,GSDC,Fact Public Company Financial Report Value,Data Value,MEASURE,fct_public_company_financial_rpt_val.data_val,
K_GSDC_1128,Data Explorer: Dữ liệu tài chính doanh nghiệp,Nhóm 26 — DN bảo hiểm — Báo cáo LCTT gián tiếp,· Khấu hao TSCĐ và BĐSĐT,Base,GSDC,Financial Report Catalog Dimension,Row Description Reference,FILTER,JOIN financial_rpt_catalog_dim ON financial_rpt_catalog_dim.financial_rpt_catalog_dim_id = fct_public_company_financial_rpt_val.financial_rpt_catalog_dim_id WHERE financial_rpt_catalog_dim.financial_rpt_catalog_code LIKE 'BCLCTT_GT%' AND financial_rpt_catalog_dim.enterprise_tp_code = 'bh' AND financial_rpt_catalog_dim.row_description_reference = '02' AND financial_rpt_catalog_dim.column_description_reference = '1',
K_GSDC_1128,Data Explorer: Dữ liệu tài chính doanh nghiệp,Nhóm 26 — DN bảo hiểm — Báo cáo LCTT gián tiếp,· Khấu hao TSCĐ và BĐSĐT,Base,GSDC,Fact Public Company Financial Report Value,Report Year,FILTER,fct_public_company_financial_rpt_val.rpt_year = :year AND fct_public_company_financial_rpt_val.rpt_quarter = :quarter,
K_GSDC_1129,Data Explorer: Dữ liệu tài chính doanh nghiệp,Nhóm 26 — DN bảo hiểm — Báo cáo LCTT gián tiếp,· Các khoản dự phòng,Base,GSDC,Fact Public Company Financial Report Value,Data Value,MEASURE,fct_public_company_financial_rpt_val.data_val,
K_GSDC_1129,Data Explorer: Dữ liệu tài chính doanh nghiệp,Nhóm 26 — DN bảo hiểm — Báo cáo LCTT gián tiếp,· Các khoản dự phòng,Base,GSDC,Financial Report Catalog Dimension,Row Description Reference,FILTER,JOIN financial_rpt_catalog_dim ON financial_rpt_catalog_dim.financial_rpt_catalog_dim_id = fct_public_company_financial_rpt_val.financial_rpt_catalog_dim_id WHERE financial_rpt_catalog_dim.financial_rpt_catalog_code LIKE 'BCLCTT_GT%' AND financial_rpt_catalog_dim.enterprise_tp_code = 'bh' AND financial_rpt_catalog_dim.row_description_reference = '03' AND financial_rpt_catalog_dim.column_description_reference = '1',
K_GSDC_1129,Data Explorer: Dữ liệu tài chính doanh nghiệp,Nhóm 26 — DN bảo hiểm — Báo cáo LCTT gián tiếp,· Các khoản dự phòng,Base,GSDC,Fact Public Company Financial Report Value,Report Year,FILTER,fct_public_company_financial_rpt_val.rpt_year = :year AND fct_public_company_financial_rpt_val.rpt_quarter = :quarter,
K_GSDC_1130,Data Explorer: Dữ liệu tài chính doanh nghiệp,Nhóm 26 — DN bảo hiểm — Báo cáo LCTT gián tiếp,"· Lãi, lỗ chênh lệch tỷ giá hối đoái do đánh giá lại các khoản mục tiền tệ có gốc ngoại tệ",Base,GSDC,Fact Public Company Financial Report Value,Data Value,MEASURE,fct_public_company_financial_rpt_val.data_val,
K_GSDC_1130,Data Explorer: Dữ liệu tài chính doanh nghiệp,Nhóm 26 — DN bảo hiểm — Báo cáo LCTT gián tiếp,"· Lãi, lỗ chênh lệch tỷ giá hối đoái do đánh giá lại các khoản mục tiền tệ có gốc ngoại tệ",Base,GSDC,Financial Report Catalog Dimension,Row Description Reference,FILTER,JOIN financial_rpt_catalog_dim ON financial_rpt_catalog_dim.financial_rpt_catalog_dim_id = fct_public_company_financial_rpt_val.financial_rpt_catalog_dim_id WHERE financial_rpt_catalog_dim.financial_rpt_catalog_code LIKE 'BCLCTT_GT%' AND financial_rpt_catalog_dim.enterprise_tp_code = 'bh' AND financial_rpt_catalog_dim.row_description_reference = '04' AND financial_rpt_catalog_dim.column_description_reference = '1',
K_GSDC_1130,Data Explorer: Dữ liệu tài chính doanh nghiệp,Nhóm 26 — DN bảo hiểm — Báo cáo LCTT gián tiếp,"· Lãi, lỗ chênh lệch tỷ giá hối đoái do đánh giá lại các khoản mục tiền tệ có gốc ngoại tệ",Base,GSDC,Fact Public Company Financial Report Value,Report Year,FILTER,fct_public_company_financial_rpt_val.rpt_year = :year AND fct_public_company_financial_rpt_val.rpt_quarter = :quarter,
K_GSDC_1131,Data Explorer: Dữ liệu tài chính doanh nghiệp,Nhóm 26 — DN bảo hiểm — Báo cáo LCTT gián tiếp,"· Lãi, lỗ từ hoạt động đầu tư",Base,GSDC,Fact Public Company Financial Report Value,Data Value,MEASURE,fct_public_company_financial_rpt_val.data_val,
K_GSDC_1131,Data Explorer: Dữ liệu tài chính doanh nghiệp,Nhóm 26 — DN bảo hiểm — Báo cáo LCTT gián tiếp,"· Lãi, lỗ từ hoạt động đầu tư",Base,GSDC,Financial Report Catalog Dimension,Row Description Reference,FILTER,JOIN financial_rpt_catalog_dim ON financial_rpt_catalog_dim.financial_rpt_catalog_dim_id = fct_public_company_financial_rpt_val.financial_rpt_catalog_dim_id WHERE financial_rpt_catalog_dim.financial_rpt_catalog_code LIKE 'BCLCTT_GT%' AND financial_rpt_catalog_dim.enterprise_tp_code = 'bh' AND financial_rpt_catalog_dim.row_description_reference = '05' AND financial_rpt_catalog_dim.column_description_reference = '1',
K_GSDC_1131,Data Explorer: Dữ liệu tài chính doanh nghiệp,Nhóm 26 — DN bảo hiểm — Báo cáo LCTT gián tiếp,"· Lãi, lỗ từ hoạt động đầu tư",Base,GSDC,Fact Public Company Financial Report Value,Report Year,FILTER,fct_public_company_financial_rpt_val.rpt_year = :year AND fct_public_company_financial_rpt_val.rpt_quarter = :quarter,
K_GSDC_1132,Data Explorer: Dữ liệu tài chính doanh nghiệp,Nhóm 26 — DN bảo hiểm — Báo cáo LCTT gián tiếp,· Chi phí lãi vay,Base,GSDC,Fact Public Company Financial Report Value,Data Value,MEASURE,fct_public_company_financial_rpt_val.data_val,
K_GSDC_1132,Data Explorer: Dữ liệu tài chính doanh nghiệp,Nhóm 26 — DN bảo hiểm — Báo cáo LCTT gián tiếp,· Chi phí lãi vay,Base,GSDC,Financial Report Catalog Dimension,Row Description Reference,FILTER,JOIN financial_rpt_catalog_dim ON financial_rpt_catalog_dim.financial_rpt_catalog_dim_id = fct_public_company_financial_rpt_val.financial_rpt_catalog_dim_id WHERE financial_rpt_catalog_dim.financial_rpt_catalog_code LIKE 'BCLCTT_GT%' AND financial_rpt_catalog_dim.enterprise_tp_code = 'bh' AND financial_rpt_catalog_dim.row_description_reference = '06' AND financial_rpt_catalog_dim.column_description_reference = '1',
K_GSDC_1132,Data Explorer: Dữ liệu tài chính doanh nghiệp,Nhóm 26 — DN bảo hiểm — Báo cáo LCTT gián tiếp,· Chi phí lãi vay,Base,GSDC,Fact Public Company Financial Report Value,Report Year,FILTER,fct_public_company_financial_rpt_val.rpt_year = :year AND fct_public_company_financial_rpt_val.rpt_quarter = :quarter,
K_GSDC_1133,Data Explorer: Dữ liệu tài chính doanh nghiệp,Nhóm 26 — DN bảo hiểm — Báo cáo LCTT gián tiếp,· Các khoản điều chỉnh khác,Base,GSDC,Fact Public Company Financial Report Value,Data Value,MEASURE,fct_public_company_financial_rpt_val.data_val,
K_GSDC_1133,Data Explorer: Dữ liệu tài chính doanh nghiệp,Nhóm 26 — DN bảo hiểm — Báo cáo LCTT gián tiếp,· Các khoản điều chỉnh khác,Base,GSDC,Financial Report Catalog Dimension,Row Description Reference,FILTER,JOIN financial_rpt_catalog_dim ON financial_rpt_catalog_dim.financial_rpt_catalog_dim_id = fct_public_company_financial_rpt_val.financial_rpt_catalog_dim_id WHERE financial_rpt_catalog_dim.financial_rpt_catalog_code LIKE 'BCLCTT_GT%' AND financial_rpt_catalog_dim.enterprise_tp_code = 'bh' AND financial_rpt_catalog_dim.row_description_reference = '07' AND financial_rpt_catalog_dim.column_description_reference = '1',
K_GSDC_1133,Data Explorer: Dữ liệu tài chính doanh nghiệp,Nhóm 26 — DN bảo hiểm — Báo cáo LCTT gián tiếp,· Các khoản điều chỉnh khác,Base,GSDC,Fact Public Company Financial Report Value,Report Year,FILTER,fct_public_company_financial_rpt_val.rpt_year = :year AND fct_public_company_financial_rpt_val.rpt_quarter = :quarter,
K_GSDC_1134,Data Explorer: Dữ liệu tài chính doanh nghiệp,Nhóm 26 — DN bảo hiểm — Báo cáo LCTT gián tiếp,3. Lợi nhuận từ hoạt động kinh doanh trước thay đổi vốn lưu động,Base,GSDC,Fact Public Company Financial Report Value,Data Value,MEASURE,fct_public_company_financial_rpt_val.data_val,
K_GSDC_1134,Data Explorer: Dữ liệu tài chính doanh nghiệp,Nhóm 26 — DN bảo hiểm — Báo cáo LCTT gián tiếp,3. Lợi nhuận từ hoạt động kinh doanh trước thay đổi vốn lưu động,Base,GSDC,Financial Report Catalog Dimension,Row Description Reference,FILTER,JOIN financial_rpt_catalog_dim ON financial_rpt_catalog_dim.financial_rpt_catalog_dim_id = fct_public_company_financial_rpt_val.financial_rpt_catalog_dim_id WHERE financial_rpt_catalog_dim.financial_rpt_catalog_code LIKE 'BCLCTT_GT%' AND financial_rpt_catalog_dim.enterprise_tp_code = 'bh' AND financial_rpt_catalog_dim.row_description_reference = '08' AND financial_rpt_catalog_dim.column_description_reference = '1',
K_GSDC_1134,Data Explorer: Dữ liệu tài chính doanh nghiệp,Nhóm 26 — DN bảo hiểm — Báo cáo LCTT gián tiếp,3. Lợi nhuận từ hoạt động kinh doanh trước thay đổi vốn lưu động,Base,GSDC,Fact Public Company Financial Report Value,Report Year,FILTER,fct_public_company_financial_rpt_val.rpt_year = :year AND fct_public_company_financial_rpt_val.rpt_quarter = :quarter,
K_GSDC_1135,Data Explorer: Dữ liệu tài chính doanh nghiệp,Nhóm 26 — DN bảo hiểm — Báo cáo LCTT gián tiếp,"· Tăng, giảm các khoản phải thu",Base,GSDC,Fact Public Company Financial Report Value,Data Value,MEASURE,fct_public_company_financial_rpt_val.data_val,
K_GSDC_1135,Data Explorer: Dữ liệu tài chính doanh nghiệp,Nhóm 26 — DN bảo hiểm — Báo cáo LCTT gián tiếp,"· Tăng, giảm các khoản phải thu",Base,GSDC,Financial Report Catalog Dimension,Row Description Reference,FILTER,JOIN financial_rpt_catalog_dim ON financial_rpt_catalog_dim.financial_rpt_catalog_dim_id = fct_public_company_financial_rpt_val.financial_rpt_catalog_dim_id WHERE financial_rpt_catalog_dim.financial_rpt_catalog_code LIKE 'BCLCTT_GT%' AND financial_rpt_catalog_dim.enterprise_tp_code = 'bh' AND financial_rpt_catalog_dim.row_description_reference = '09' AND financial_rpt_catalog_dim.column_description_reference = '1',
K_GSDC_1135,Data Explorer: Dữ liệu tài chính doanh nghiệp,Nhóm 26 — DN bảo hiểm — Báo cáo LCTT gián tiếp,"· Tăng, giảm các khoản phải thu",Base,GSDC,Fact Public Company Financial Report Value,Report Year,FILTER,fct_public_company_financial_rpt_val.rpt_year = :year AND fct_public_company_financial_rpt_val.rpt_quarter = :quarter,
K_GSDC_1136,Data Explorer: Dữ liệu tài chính doanh nghiệp,Nhóm 26 — DN bảo hiểm — Báo cáo LCTT gián tiếp,"· Tăng, giảm hàng tồn kho",Base,GSDC,Fact Public Company Financial Report Value,Data Value,MEASURE,fct_public_company_financial_rpt_val.data_val,
K_GSDC_1136,Data Explorer: Dữ liệu tài chính doanh nghiệp,Nhóm 26 — DN bảo hiểm — Báo cáo LCTT gián tiếp,"· Tăng, giảm hàng tồn kho",Base,GSDC,Financial Report Catalog Dimension,Row Description Reference,FILTER,JOIN financial_rpt_catalog_dim ON financial_rpt_catalog_dim.financial_rpt_catalog_dim_id = fct_public_company_financial_rpt_val.financial_rpt_catalog_dim_id WHERE financial_rpt_catalog_dim.financial_rpt_catalog_code LIKE 'BCLCTT_GT%' AND financial_rpt_catalog_dim.enterprise_tp_code = 'bh' AND financial_rpt_catalog_dim.row_description_reference = '10' AND financial_rpt_catalog_dim.column_description_reference = '1',
K_GSDC_1136,Data Explorer: Dữ liệu tài chính doanh nghiệp,Nhóm 26 — DN bảo hiểm — Báo cáo LCTT gián tiếp,"· Tăng, giảm hàng tồn kho",Base,GSDC,Fact Public Company Financial Report Value,Report Year,FILTER,fct_public_company_financial_rpt_val.rpt_year = :year AND fct_public_company_financial_rpt_val.rpt_quarter = :quarter,
K_GSDC_1137,Data Explorer: Dữ liệu tài chính doanh nghiệp,Nhóm 26 — DN bảo hiểm — Báo cáo LCTT gián tiếp,"· Tăng, giảm các khoản phải trả (Không kể lãi vay phải trả, thuế thu nhập doanh nghiệp phải nộp)",Base,GSDC,Fact Public Company Financial Report Value,Data Value,MEASURE,fct_public_company_financial_rpt_val.data_val,
K_GSDC_1137,Data Explorer: Dữ liệu tài chính doanh nghiệp,Nhóm 26 — DN bảo hiểm — Báo cáo LCTT gián tiếp,"· Tăng, giảm các khoản phải trả (Không kể lãi vay phải trả, thuế thu nhập doanh nghiệp phải nộp)",Base,GSDC,Financial Report Catalog Dimension,Row Description Reference,FILTER,JOIN financial_rpt_catalog_dim ON financial_rpt_catalog_dim.financial_rpt_catalog_dim_id = fct_public_company_financial_rpt_val.financial_rpt_catalog_dim_id WHERE financial_rpt_catalog_dim.financial_rpt_catalog_code LIKE 'BCLCTT_GT%' AND financial_rpt_catalog_dim.enterprise_tp_code = 'bh' AND financial_rpt_catalog_dim.row_description_reference = '11' AND financial_rpt_catalog_dim.column_description_reference = '1',
K_GSDC_1137,Data Explorer: Dữ liệu tài chính doanh nghiệp,Nhóm 26 — DN bảo hiểm — Báo cáo LCTT gián tiếp,"· Tăng, giảm các khoản phải trả (Không kể lãi vay phải trả, thuế thu nhập doanh nghiệp phải nộp)",Base,GSDC,Fact Public Company Financial Report Value,Report Year,FILTER,fct_public_company_financial_rpt_val.rpt_year = :year AND fct_public_company_financial_rpt_val.rpt_quarter = :quarter,
K_GSDC_1138,Data Explorer: Dữ liệu tài chính doanh nghiệp,Nhóm 26 — DN bảo hiểm — Báo cáo LCTT gián tiếp,"· Tăng, giảm chi phí trả trước",Base,GSDC,Fact Public Company Financial Report Value,Data Value,MEASURE,fct_public_company_financial_rpt_val.data_val,
K_GSDC_1138,Data Explorer: Dữ liệu tài chính doanh nghiệp,Nhóm 26 — DN bảo hiểm — Báo cáo LCTT gián tiếp,"· Tăng, giảm chi phí trả trước",Base,GSDC,Financial Report Catalog Dimension,Row Description Reference,FILTER,JOIN financial_rpt_catalog_dim ON financial_rpt_catalog_dim.financial_rpt_catalog_dim_id = fct_public_company_financial_rpt_val.financial_rpt_catalog_dim_id WHERE financial_rpt_catalog_dim.financial_rpt_catalog_code LIKE 'BCLCTT_GT%' AND financial_rpt_catalog_dim.enterprise_tp_code = 'bh' AND financial_rpt_catalog_dim.row_description_reference = '12' AND financial_rpt_catalog_dim.column_description_reference = '1',
K_GSDC_1138,Data Explorer: Dữ liệu tài chính doanh nghiệp,Nhóm 26 — DN bảo hiểm — Báo cáo LCTT gián tiếp,"· Tăng, giảm chi phí trả trước",Base,GSDC,Fact Public Company Financial Report Value,Report Year,FILTER,fct_public_company_financial_rpt_val.rpt_year = :year AND fct_public_company_financial_rpt_val.rpt_quarter = :quarter,
K_GSDC_1139,Data Explorer: Dữ liệu tài chính doanh nghiệp,Nhóm 26 — DN bảo hiểm — Báo cáo LCTT gián tiếp,"· Tăng, giảm chứng khoán kinh doanh",Base,GSDC,Fact Public Company Financial Report Value,Data Value,MEASURE,fct_public_company_financial_rpt_val.data_val,
K_GSDC_1139,Data Explorer: Dữ liệu tài chính doanh nghiệp,Nhóm 26 — DN bảo hiểm — Báo cáo LCTT gián tiếp,"· Tăng, giảm chứng khoán kinh doanh",Base,GSDC,Financial Report Catalog Dimension,Row Description Reference,FILTER,JOIN financial_rpt_catalog_dim ON financial_rpt_catalog_dim.financial_rpt_catalog_dim_id = fct_public_company_financial_rpt_val.financial_rpt_catalog_dim_id WHERE financial_rpt_catalog_dim.financial_rpt_catalog_code LIKE 'BCLCTT_GT%' AND financial_rpt_catalog_dim.enterprise_tp_code = 'bh' AND financial_rpt_catalog_dim.row_description_reference = '13' AND financial_rpt_catalog_dim.column_description_reference = '1',
K_GSDC_1139,Data Explorer: Dữ liệu tài chính doanh nghiệp,Nhóm 26 — DN bảo hiểm — Báo cáo LCTT gián tiếp,"· Tăng, giảm chứng khoán kinh doanh",Base,GSDC,Fact Public Company Financial Report Value,Report Year,FILTER,fct_public_company_financial_rpt_val.rpt_year = :year AND fct_public_company_financial_rpt_val.rpt_quarter = :quarter,
K_GSDC_1140,Data Explorer: Dữ liệu tài chính doanh nghiệp,Nhóm 26 — DN bảo hiểm — Báo cáo LCTT gián tiếp,· Tiền lãi vay đã trả,Base,GSDC,Fact Public Company Financial Report Value,Data Value,MEASURE,fct_public_company_financial_rpt_val.data_val,
K_GSDC_1140,Data Explorer: Dữ liệu tài chính doanh nghiệp,Nhóm 26 — DN bảo hiểm — Báo cáo LCTT gián tiếp,· Tiền lãi vay đã trả,Base,GSDC,Financial Report Catalog Dimension,Row Description Reference,FILTER,JOIN financial_rpt_catalog_dim ON financial_rpt_catalog_dim.financial_rpt_catalog_dim_id = fct_public_company_financial_rpt_val.financial_rpt_catalog_dim_id WHERE financial_rpt_catalog_dim.financial_rpt_catalog_code LIKE 'BCLCTT_GT%' AND financial_rpt_catalog_dim.enterprise_tp_code = 'bh' AND financial_rpt_catalog_dim.row_description_reference = '14' AND financial_rpt_catalog_dim.column_description_reference = '1',
K_GSDC_1140,Data Explorer: Dữ liệu tài chính doanh nghiệp,Nhóm 26 — DN bảo hiểm — Báo cáo LCTT gián tiếp,· Tiền lãi vay đã trả,Base,GSDC,Fact Public Company Financial Report Value,Report Year,FILTER,fct_public_company_financial_rpt_val.rpt_year = :year AND fct_public_company_financial_rpt_val.rpt_quarter = :quarter,
K_GSDC_1141,Data Explorer: Dữ liệu tài chính doanh nghiệp,Nhóm 26 — DN bảo hiểm — Báo cáo LCTT gián tiếp,· Thuế thu nhập doanh nghiệp đã nộp,Base,GSDC,Fact Public Company Financial Report Value,Data Value,MEASURE,fct_public_company_financial_rpt_val.data_val,
K_GSDC_1141,Data Explorer: Dữ liệu tài chính doanh nghiệp,Nhóm 26 — DN bảo hiểm — Báo cáo LCTT gián tiếp,· Thuế thu nhập doanh nghiệp đã nộp,Base,GSDC,Financial Report Catalog Dimension,Row Description Reference,FILTER,JOIN financial_rpt_catalog_dim ON financial_rpt_catalog_dim.financial_rpt_catalog_dim_id = fct_public_company_financial_rpt_val.financial_rpt_catalog_dim_id WHERE financial_rpt_catalog_dim.financial_rpt_catalog_code LIKE 'BCLCTT_GT%' AND financial_rpt_catalog_dim.enterprise_tp_code = 'bh' AND financial_rpt_catalog_dim.row_description_reference = '15' AND financial_rpt_catalog_dim.column_description_reference = '1',
K_GSDC_1141,Data Explorer: Dữ liệu tài chính doanh nghiệp,Nhóm 26 — DN bảo hiểm — Báo cáo LCTT gián tiếp,· Thuế thu nhập doanh nghiệp đã nộp,Base,GSDC,Fact Public Company Financial Report Value,Report Year,FILTER,fct_public_company_financial_rpt_val.rpt_year = :year AND fct_public_company_financial_rpt_val.rpt_quarter = :quarter,
K_GSDC_1142,Data Explorer: Dữ liệu tài chính doanh nghiệp,Nhóm 26 — DN bảo hiểm — Báo cáo LCTT gián tiếp,· Tiền thu khác từ hoạt động kinh doanh,Base,GSDC,Fact Public Company Financial Report Value,Data Value,MEASURE,fct_public_company_financial_rpt_val.data_val,
K_GSDC_1142,Data Explorer: Dữ liệu tài chính doanh nghiệp,Nhóm 26 — DN bảo hiểm — Báo cáo LCTT gián tiếp,· Tiền thu khác từ hoạt động kinh doanh,Base,GSDC,Financial Report Catalog Dimension,Row Description Reference,FILTER,JOIN financial_rpt_catalog_dim ON financial_rpt_catalog_dim.financial_rpt_catalog_dim_id = fct_public_company_financial_rpt_val.financial_rpt_catalog_dim_id WHERE financial_rpt_catalog_dim.financial_rpt_catalog_code LIKE 'BCLCTT_GT%' AND financial_rpt_catalog_dim.enterprise_tp_code = 'bh' AND financial_rpt_catalog_dim.row_description_reference = '16' AND financial_rpt_catalog_dim.column_description_reference = '1',
K_GSDC_1142,Data Explorer: Dữ liệu tài chính doanh nghiệp,Nhóm 26 — DN bảo hiểm — Báo cáo LCTT gián tiếp,· Tiền thu khác từ hoạt động kinh doanh,Base,GSDC,Fact Public Company Financial Report Value,Report Year,FILTER,fct_public_company_financial_rpt_val.rpt_year = :year AND fct_public_company_financial_rpt_val.rpt_quarter = :quarter,
K_GSDC_1143,Data Explorer: Dữ liệu tài chính doanh nghiệp,Nhóm 26 — DN bảo hiểm — Báo cáo LCTT gián tiếp,· Tiền chi khác cho hoạt động kinh doanh,Base,GSDC,Fact Public Company Financial Report Value,Data Value,MEASURE,fct_public_company_financial_rpt_val.data_val,
K_GSDC_1143,Data Explorer: Dữ liệu tài chính doanh nghiệp,Nhóm 26 — DN bảo hiểm — Báo cáo LCTT gián tiếp,· Tiền chi khác cho hoạt động kinh doanh,Base,GSDC,Financial Report Catalog Dimension,Row Description Reference,FILTER,JOIN financial_rpt_catalog_dim ON financial_rpt_catalog_dim.financial_rpt_catalog_dim_id = fct_public_company_financial_rpt_val.financial_rpt_catalog_dim_id WHERE financial_rpt_catalog_dim.financial_rpt_catalog_code LIKE 'BCLCTT_GT%' AND financial_rpt_catalog_dim.enterprise_tp_code = 'bh' AND financial_rpt_catalog_dim.row_description_reference = '17' AND financial_rpt_catalog_dim.column_description_reference = '1',
K_GSDC_1143,Data Explorer: Dữ liệu tài chính doanh nghiệp,Nhóm 26 — DN bảo hiểm — Báo cáo LCTT gián tiếp,· Tiền chi khác cho hoạt động kinh doanh,Base,GSDC,Fact Public Company Financial Report Value,Report Year,FILTER,fct_public_company_financial_rpt_val.rpt_year = :year AND fct_public_company_financial_rpt_val.rpt_quarter = :quarter,
K_GSDC_1144,Data Explorer: Dữ liệu tài chính doanh nghiệp,Nhóm 26 — DN bảo hiểm — Báo cáo LCTT gián tiếp,Lưu chuyển tiền thuần từ hoạt động kinh doanh,Base,GSDC,Fact Public Company Financial Report Value,Data Value,MEASURE,fct_public_company_financial_rpt_val.data_val,
K_GSDC_1144,Data Explorer: Dữ liệu tài chính doanh nghiệp,Nhóm 26 — DN bảo hiểm — Báo cáo LCTT gián tiếp,Lưu chuyển tiền thuần từ hoạt động kinh doanh,Base,GSDC,Financial Report Catalog Dimension,Row Description Reference,FILTER,JOIN financial_rpt_catalog_dim ON financial_rpt_catalog_dim.financial_rpt_catalog_dim_id = fct_public_company_financial_rpt_val.financial_rpt_catalog_dim_id WHERE financial_rpt_catalog_dim.financial_rpt_catalog_code LIKE 'BCLCTT_GT%' AND financial_rpt_catalog_dim.enterprise_tp_code = 'bh' AND financial_rpt_catalog_dim.row_description_reference = '20' AND financial_rpt_catalog_dim.column_description_reference = '1',
K_GSDC_1144,Data Explorer: Dữ liệu tài chính doanh nghiệp,Nhóm 26 — DN bảo hiểm — Báo cáo LCTT gián tiếp,Lưu chuyển tiền thuần từ hoạt động kinh doanh,Base,GSDC,Fact Public Company Financial Report Value,Report Year,FILTER,fct_public_company_financial_rpt_val.rpt_year = :year AND fct_public_company_financial_rpt_val.rpt_quarter = :quarter,
K_GSDC_1146,Data Explorer: Dữ liệu tài chính doanh nghiệp,Nhóm 26 — DN bảo hiểm — Báo cáo LCTT gián tiếp,"1.Tiền chi để mua sắm, xây dựng TSCĐ và các tài sản dài hạn khác",Base,GSDC,Fact Public Company Financial Report Value,Data Value,MEASURE,fct_public_company_financial_rpt_val.data_val,
K_GSDC_1146,Data Explorer: Dữ liệu tài chính doanh nghiệp,Nhóm 26 — DN bảo hiểm — Báo cáo LCTT gián tiếp,"1.Tiền chi để mua sắm, xây dựng TSCĐ và các tài sản dài hạn khác",Base,GSDC,Financial Report Catalog Dimension,Row Description Reference,FILTER,JOIN financial_rpt_catalog_dim ON financial_rpt_catalog_dim.financial_rpt_catalog_dim_id = fct_public_company_financial_rpt_val.financial_rpt_catalog_dim_id WHERE financial_rpt_catalog_dim.financial_rpt_catalog_code LIKE 'BCLCTT_GT%' AND financial_rpt_catalog_dim.enterprise_tp_code = 'bh' AND financial_rpt_catalog_dim.row_description_reference = '21' AND financial_rpt_catalog_dim.column_description_reference = '1',
K_GSDC_1146,Data Explorer: Dữ liệu tài chính doanh nghiệp,Nhóm 26 — DN bảo hiểm — Báo cáo LCTT gián tiếp,"1.Tiền chi để mua sắm, xây dựng TSCĐ và các tài sản dài hạn khác",Base,GSDC,Fact Public Company Financial Report Value,Report Year,FILTER,fct_public_company_financial_rpt_val.rpt_year = :year AND fct_public_company_financial_rpt_val.rpt_quarter = :quarter,
K_GSDC_1147,Data Explorer: Dữ liệu tài chính doanh nghiệp,Nhóm 26 — DN bảo hiểm — Báo cáo LCTT gián tiếp,"2.Tiền thu từ thanh lý, nhượng bán TSCĐ và các tài sản dài hạn khác",Base,GSDC,Fact Public Company Financial Report Value,Data Value,MEASURE,fct_public_company_financial_rpt_val.data_val,
K_GSDC_1147,Data Explorer: Dữ liệu tài chính doanh nghiệp,Nhóm 26 — DN bảo hiểm — Báo cáo LCTT gián tiếp,"2.Tiền thu từ thanh lý, nhượng bán TSCĐ và các tài sản dài hạn khác",Base,GSDC,Financial Report Catalog Dimension,Row Description Reference,FILTER,JOIN financial_rpt_catalog_dim ON financial_rpt_catalog_dim.financial_rpt_catalog_dim_id = fct_public_company_financial_rpt_val.financial_rpt_catalog_dim_id WHERE financial_rpt_catalog_dim.financial_rpt_catalog_code LIKE 'BCLCTT_GT%' AND financial_rpt_catalog_dim.enterprise_tp_code = 'bh' AND financial_rpt_catalog_dim.row_description_reference = '22' AND financial_rpt_catalog_dim.column_description_reference = '1',
K_GSDC_1147,Data Explorer: Dữ liệu tài chính doanh nghiệp,Nhóm 26 — DN bảo hiểm — Báo cáo LCTT gián tiếp,"2.Tiền thu từ thanh lý, nhượng bán TSCĐ và các tài sản dài hạn khác",Base,GSDC,Fact Public Company Financial Report Value,Report Year,FILTER,fct_public_company_financial_rpt_val.rpt_year = :year AND fct_public_company_financial_rpt_val.rpt_quarter = :quarter,
K_GSDC_1148,Data Explorer: Dữ liệu tài chính doanh nghiệp,Nhóm 26 — DN bảo hiểm — Báo cáo LCTT gián tiếp,"3.Tiền chi cho vay, mua các công cụ nợ của đơn vị khác",Base,GSDC,Fact Public Company Financial Report Value,Data Value,MEASURE,fct_public_company_financial_rpt_val.data_val,
K_GSDC_1148,Data Explorer: Dữ liệu tài chính doanh nghiệp,Nhóm 26 — DN bảo hiểm — Báo cáo LCTT gián tiếp,"3.Tiền chi cho vay, mua các công cụ nợ của đơn vị khác",Base,GSDC,Financial Report Catalog Dimension,Row Description Reference,FILTER,JOIN financial_rpt_catalog_dim ON financial_rpt_catalog_dim.financial_rpt_catalog_dim_id = fct_public_company_financial_rpt_val.financial_rpt_catalog_dim_id WHERE financial_rpt_catalog_dim.financial_rpt_catalog_code LIKE 'BCLCTT_GT%' AND financial_rpt_catalog_dim.enterprise_tp_code = 'bh' AND financial_rpt_catalog_dim.row_description_reference = '23' AND financial_rpt_catalog_dim.column_description_reference = '1',
K_GSDC_1148,Data Explorer: Dữ liệu tài chính doanh nghiệp,Nhóm 26 — DN bảo hiểm — Báo cáo LCTT gián tiếp,"3.Tiền chi cho vay, mua các công cụ nợ của đơn vị khác",Base,GSDC,Fact Public Company Financial Report Value,Report Year,FILTER,fct_public_company_financial_rpt_val.rpt_year = :year AND fct_public_company_financial_rpt_val.rpt_quarter = :quarter,
K_GSDC_1149,Data Explorer: Dữ liệu tài chính doanh nghiệp,Nhóm 26 — DN bảo hiểm — Báo cáo LCTT gián tiếp,"4.Tiền thu hồi cho vay, bán lại các công cụ nợ của đơn vị khác",Base,GSDC,Fact Public Company Financial Report Value,Data Value,MEASURE,fct_public_company_financial_rpt_val.data_val,
K_GSDC_1149,Data Explorer: Dữ liệu tài chính doanh nghiệp,Nhóm 26 — DN bảo hiểm — Báo cáo LCTT gián tiếp,"4.Tiền thu hồi cho vay, bán lại các công cụ nợ của đơn vị khác",Base,GSDC,Financial Report Catalog Dimension,Row Description Reference,FILTER,JOIN financial_rpt_catalog_dim ON financial_rpt_catalog_dim.financial_rpt_catalog_dim_id = fct_public_company_financial_rpt_val.financial_rpt_catalog_dim_id WHERE financial_rpt_catalog_dim.financial_rpt_catalog_code LIKE 'BCLCTT_GT%' AND financial_rpt_catalog_dim.enterprise_tp_code = 'bh' AND financial_rpt_catalog_dim.row_description_reference = '24' AND financial_rpt_catalog_dim.column_description_reference = '1',
K_GSDC_1149,Data Explorer: Dữ liệu tài chính doanh nghiệp,Nhóm 26 — DN bảo hiểm — Báo cáo LCTT gián tiếp,"4.Tiền thu hồi cho vay, bán lại các công cụ nợ của đơn vị khác",Base,GSDC,Fact Public Company Financial Report Value,Report Year,FILTER,fct_public_company_financial_rpt_val.rpt_year = :year AND fct_public_company_financial_rpt_val.rpt_quarter = :quarter,
K_GSDC_1150,Data Explorer: Dữ liệu tài chính doanh nghiệp,Nhóm 26 — DN bảo hiểm — Báo cáo LCTT gián tiếp,5.Tiền chi đầu tư góp vốn vào đơn vị khác,Base,GSDC,Fact Public Company Financial Report Value,Data Value,MEASURE,fct_public_company_financial_rpt_val.data_val,
K_GSDC_1150,Data Explorer: Dữ liệu tài chính doanh nghiệp,Nhóm 26 — DN bảo hiểm — Báo cáo LCTT gián tiếp,5.Tiền chi đầu tư góp vốn vào đơn vị khác,Base,GSDC,Financial Report Catalog Dimension,Row Description Reference,FILTER,JOIN financial_rpt_catalog_dim ON financial_rpt_catalog_dim.financial_rpt_catalog_dim_id = fct_public_company_financial_rpt_val.financial_rpt_catalog_dim_id WHERE financial_rpt_catalog_dim.financial_rpt_catalog_code LIKE 'BCLCTT_GT%' AND financial_rpt_catalog_dim.enterprise_tp_code = 'bh' AND financial_rpt_catalog_dim.row_description_reference = '25' AND financial_rpt_catalog_dim.column_description_reference = '1',
K_GSDC_1150,Data Explorer: Dữ liệu tài chính doanh nghiệp,Nhóm 26 — DN bảo hiểm — Báo cáo LCTT gián tiếp,5.Tiền chi đầu tư góp vốn vào đơn vị khác,Base,GSDC,Fact Public Company Financial Report Value,Report Year,FILTER,fct_public_company_financial_rpt_val.rpt_year = :year AND fct_public_company_financial_rpt_val.rpt_quarter = :quarter,
K_GSDC_1151,Data Explorer: Dữ liệu tài chính doanh nghiệp,Nhóm 26 — DN bảo hiểm — Báo cáo LCTT gián tiếp,6.Tiền thu hồi đầu tư góp vốn vào đơn vị khác,Base,GSDC,Fact Public Company Financial Report Value,Data Value,MEASURE,fct_public_company_financial_rpt_val.data_val,
K_GSDC_1151,Data Explorer: Dữ liệu tài chính doanh nghiệp,Nhóm 26 — DN bảo hiểm — Báo cáo LCTT gián tiếp,6.Tiền thu hồi đầu tư góp vốn vào đơn vị khác,Base,GSDC,Financial Report Catalog Dimension,Row Description Reference,FILTER,JOIN financial_rpt_catalog_dim ON financial_rpt_catalog_dim.financial_rpt_catalog_dim_id = fct_public_company_financial_rpt_val.financial_rpt_catalog_dim_id WHERE financial_rpt_catalog_dim.financial_rpt_catalog_code LIKE 'BCLCTT_GT%' AND financial_rpt_catalog_dim.enterprise_tp_code = 'bh' AND financial_rpt_catalog_dim.row_description_reference = '26' AND financial_rpt_catalog_dim.column_description_reference = '1',
K_GSDC_1151,Data Explorer: Dữ liệu tài chính doanh nghiệp,Nhóm 26 — DN bảo hiểm — Báo cáo LCTT gián tiếp,6.Tiền thu hồi đầu tư góp vốn vào đơn vị khác,Base,GSDC,Fact Public Company Financial Report Value,Report Year,FILTER,fct_public_company_financial_rpt_val.rpt_year = :year AND fct_public_company_financial_rpt_val.rpt_quarter = :quarter,
K_GSDC_1152,Data Explorer: Dữ liệu tài chính doanh nghiệp,Nhóm 26 — DN bảo hiểm — Báo cáo LCTT gián tiếp,"7.Tiền thu lãi cho vay, cổ tức và lợi nhuận được chia",Base,GSDC,Fact Public Company Financial Report Value,Data Value,MEASURE,fct_public_company_financial_rpt_val.data_val,
K_GSDC_1152,Data Explorer: Dữ liệu tài chính doanh nghiệp,Nhóm 26 — DN bảo hiểm — Báo cáo LCTT gián tiếp,"7.Tiền thu lãi cho vay, cổ tức và lợi nhuận được chia",Base,GSDC,Financial Report Catalog Dimension,Row Description Reference,FILTER,JOIN financial_rpt_catalog_dim ON financial_rpt_catalog_dim.financial_rpt_catalog_dim_id = fct_public_company_financial_rpt_val.financial_rpt_catalog_dim_id WHERE financial_rpt_catalog_dim.financial_rpt_catalog_code LIKE 'BCLCTT_GT%' AND financial_rpt_catalog_dim.enterprise_tp_code = 'bh' AND financial_rpt_catalog_dim.row_description_reference = '27' AND financial_rpt_catalog_dim.column_description_reference = '1',
K_GSDC_1152,Data Explorer: Dữ liệu tài chính doanh nghiệp,Nhóm 26 — DN bảo hiểm — Báo cáo LCTT gián tiếp,"7.Tiền thu lãi cho vay, cổ tức và lợi nhuận được chia",Base,GSDC,Fact Public Company Financial Report Value,Report Year,FILTER,fct_public_company_financial_rpt_val.rpt_year = :year AND fct_public_company_financial_rpt_val.rpt_quarter = :quarter,
K_GSDC_1153,Data Explorer: Dữ liệu tài chính doanh nghiệp,Nhóm 26 — DN bảo hiểm — Báo cáo LCTT gián tiếp,Lưu chuyển tiền thuần từ hoạt động đầu tư,Base,GSDC,Fact Public Company Financial Report Value,Data Value,MEASURE,fct_public_company_financial_rpt_val.data_val,
K_GSDC_1153,Data Explorer: Dữ liệu tài chính doanh nghiệp,Nhóm 26 — DN bảo hiểm — Báo cáo LCTT gián tiếp,Lưu chuyển tiền thuần từ hoạt động đầu tư,Base,GSDC,Financial Report Catalog Dimension,Row Description Reference,FILTER,JOIN financial_rpt_catalog_dim ON financial_rpt_catalog_dim.financial_rpt_catalog_dim_id = fct_public_company_financial_rpt_val.financial_rpt_catalog_dim_id WHERE financial_rpt_catalog_dim.financial_rpt_catalog_code LIKE 'BCLCTT_GT%' AND financial_rpt_catalog_dim.enterprise_tp_code = 'bh' AND financial_rpt_catalog_dim.row_description_reference = '30' AND financial_rpt_catalog_dim.column_description_reference = '1',
K_GSDC_1153,Data Explorer: Dữ liệu tài chính doanh nghiệp,Nhóm 26 — DN bảo hiểm — Báo cáo LCTT gián tiếp,Lưu chuyển tiền thuần từ hoạt động đầu tư,Base,GSDC,Fact Public Company Financial Report Value,Report Year,FILTER,fct_public_company_financial_rpt_val.rpt_year = :year AND fct_public_company_financial_rpt_val.rpt_quarter = :quarter,
K_GSDC_1155,Data Explorer: Dữ liệu tài chính doanh nghiệp,Nhóm 26 — DN bảo hiểm — Báo cáo LCTT gián tiếp,"1. Tiền thu từ phát hành cổ phiếu, nhận vốn góp của chủ sở hữu",Base,GSDC,Fact Public Company Financial Report Value,Data Value,MEASURE,fct_public_company_financial_rpt_val.data_val,
K_GSDC_1155,Data Explorer: Dữ liệu tài chính doanh nghiệp,Nhóm 26 — DN bảo hiểm — Báo cáo LCTT gián tiếp,"1. Tiền thu từ phát hành cổ phiếu, nhận vốn góp của chủ sở hữu",Base,GSDC,Financial Report Catalog Dimension,Row Description Reference,FILTER,JOIN financial_rpt_catalog_dim ON financial_rpt_catalog_dim.financial_rpt_catalog_dim_id = fct_public_company_financial_rpt_val.financial_rpt_catalog_dim_id WHERE financial_rpt_catalog_dim.financial_rpt_catalog_code LIKE 'BCLCTT_GT%' AND financial_rpt_catalog_dim.enterprise_tp_code = 'bh' AND financial_rpt_catalog_dim.row_description_reference = '31' AND financial_rpt_catalog_dim.column_description_reference = '1',
K_GSDC_1155,Data Explorer: Dữ liệu tài chính doanh nghiệp,Nhóm 26 — DN bảo hiểm — Báo cáo LCTT gián tiếp,"1. Tiền thu từ phát hành cổ phiếu, nhận vốn góp của chủ sở hữu",Base,GSDC,Fact Public Company Financial Report Value,Report Year,FILTER,fct_public_company_financial_rpt_val.rpt_year = :year AND fct_public_company_financial_rpt_val.rpt_quarter = :quarter,
K_GSDC_1156,Data Explorer: Dữ liệu tài chính doanh nghiệp,Nhóm 26 — DN bảo hiểm — Báo cáo LCTT gián tiếp,"2. Tiền trả lại vốn góp cho các chủ sở hữu, mua lại cổ phiếu của doanh nghiệp đã phát hành",Base,GSDC,Fact Public Company Financial Report Value,Data Value,MEASURE,fct_public_company_financial_rpt_val.data_val,
K_GSDC_1156,Data Explorer: Dữ liệu tài chính doanh nghiệp,Nhóm 26 — DN bảo hiểm — Báo cáo LCTT gián tiếp,"2. Tiền trả lại vốn góp cho các chủ sở hữu, mua lại cổ phiếu của doanh nghiệp đã phát hành",Base,GSDC,Financial Report Catalog Dimension,Row Description Reference,FILTER,JOIN financial_rpt_catalog_dim ON financial_rpt_catalog_dim.financial_rpt_catalog_dim_id = fct_public_company_financial_rpt_val.financial_rpt_catalog_dim_id WHERE financial_rpt_catalog_dim.financial_rpt_catalog_code LIKE 'BCLCTT_GT%' AND financial_rpt_catalog_dim.enterprise_tp_code = 'bh' AND financial_rpt_catalog_dim.row_description_reference = '32' AND financial_rpt_catalog_dim.column_description_reference = '1',
K_GSDC_1156,Data Explorer: Dữ liệu tài chính doanh nghiệp,Nhóm 26 — DN bảo hiểm — Báo cáo LCTT gián tiếp,"2. Tiền trả lại vốn góp cho các chủ sở hữu, mua lại cổ phiếu của doanh nghiệp đã phát hành",Base,GSDC,Fact Public Company Financial Report Value,Report Year,FILTER,fct_public_company_financial_rpt_val.rpt_year = :year AND fct_public_company_financial_rpt_val.rpt_quarter = :quarter,
K_GSDC_1157,Data Explorer: Dữ liệu tài chính doanh nghiệp,Nhóm 26 — DN bảo hiểm — Báo cáo LCTT gián tiếp,3. Tiền thu từ đi vay,Base,GSDC,Fact Public Company Financial Report Value,Data Value,MEASURE,fct_public_company_financial_rpt_val.data_val,
K_GSDC_1157,Data Explorer: Dữ liệu tài chính doanh nghiệp,Nhóm 26 — DN bảo hiểm — Báo cáo LCTT gián tiếp,3. Tiền thu từ đi vay,Base,GSDC,Financial Report Catalog Dimension,Row Description Reference,FILTER,JOIN financial_rpt_catalog_dim ON financial_rpt_catalog_dim.financial_rpt_catalog_dim_id = fct_public_company_financial_rpt_val.financial_rpt_catalog_dim_id WHERE financial_rpt_catalog_dim.financial_rpt_catalog_code LIKE 'BCLCTT_GT%' AND financial_rpt_catalog_dim.enterprise_tp_code = 'bh' AND financial_rpt_catalog_dim.row_description_reference = '33' AND financial_rpt_catalog_dim.column_description_reference = '1',
K_GSDC_1157,Data Explorer: Dữ liệu tài chính doanh nghiệp,Nhóm 26 — DN bảo hiểm — Báo cáo LCTT gián tiếp,3. Tiền thu từ đi vay,Base,GSDC,Fact Public Company Financial Report Value,Report Year,FILTER,fct_public_company_financial_rpt_val.rpt_year = :year AND fct_public_company_financial_rpt_val.rpt_quarter = :quarter,
K_GSDC_1158,Data Explorer: Dữ liệu tài chính doanh nghiệp,Nhóm 26 — DN bảo hiểm — Báo cáo LCTT gián tiếp,4. Tiền trả nợ gốc vay,Base,GSDC,Fact Public Company Financial Report Value,Data Value,MEASURE,fct_public_company_financial_rpt_val.data_val,
K_GSDC_1158,Data Explorer: Dữ liệu tài chính doanh nghiệp,Nhóm 26 — DN bảo hiểm — Báo cáo LCTT gián tiếp,4. Tiền trả nợ gốc vay,Base,GSDC,Financial Report Catalog Dimension,Row Description Reference,FILTER,JOIN financial_rpt_catalog_dim ON financial_rpt_catalog_dim.financial_rpt_catalog_dim_id = fct_public_company_financial_rpt_val.financial_rpt_catalog_dim_id WHERE financial_rpt_catalog_dim.financial_rpt_catalog_code LIKE 'BCLCTT_GT%' AND financial_rpt_catalog_dim.enterprise_tp_code = 'bh' AND financial_rpt_catalog_dim.row_description_reference = '34' AND financial_rpt_catalog_dim.column_description_reference = '1',
K_GSDC_1158,Data Explorer: Dữ liệu tài chính doanh nghiệp,Nhóm 26 — DN bảo hiểm — Báo cáo LCTT gián tiếp,4. Tiền trả nợ gốc vay,Base,GSDC,Fact Public Company Financial Report Value,Report Year,FILTER,fct_public_company_financial_rpt_val.rpt_year = :year AND fct_public_company_financial_rpt_val.rpt_quarter = :quarter,
K_GSDC_1159,Data Explorer: Dữ liệu tài chính doanh nghiệp,Nhóm 26 — DN bảo hiểm — Báo cáo LCTT gián tiếp,5. Tiền trả nợ gốc thuê tài chính,Base,GSDC,Fact Public Company Financial Report Value,Data Value,MEASURE,fct_public_company_financial_rpt_val.data_val,
K_GSDC_1159,Data Explorer: Dữ liệu tài chính doanh nghiệp,Nhóm 26 — DN bảo hiểm — Báo cáo LCTT gián tiếp,5. Tiền trả nợ gốc thuê tài chính,Base,GSDC,Financial Report Catalog Dimension,Row Description Reference,FILTER,JOIN financial_rpt_catalog_dim ON financial_rpt_catalog_dim.financial_rpt_catalog_dim_id = fct_public_company_financial_rpt_val.financial_rpt_catalog_dim_id WHERE financial_rpt_catalog_dim.financial_rpt_catalog_code LIKE 'BCLCTT_GT%' AND financial_rpt_catalog_dim.enterprise_tp_code = 'bh' AND financial_rpt_catalog_dim.row_description_reference = '35' AND financial_rpt_catalog_dim.column_description_reference = '1',
K_GSDC_1159,Data Explorer: Dữ liệu tài chính doanh nghiệp,Nhóm 26 — DN bảo hiểm — Báo cáo LCTT gián tiếp,5. Tiền trả nợ gốc thuê tài chính,Base,GSDC,Fact Public Company Financial Report Value,Report Year,FILTER,fct_public_company_financial_rpt_val.rpt_year = :year AND fct_public_company_financial_rpt_val.rpt_quarter = :quarter,
K_GSDC_1160,Data Explorer: Dữ liệu tài chính doanh nghiệp,Nhóm 26 — DN bảo hiểm — Báo cáo LCTT gián tiếp,"6. Cổ tức, lợi nhuận đã trả cho chủ sở hữu",Base,GSDC,Fact Public Company Financial Report Value,Data Value,MEASURE,fct_public_company_financial_rpt_val.data_val,
K_GSDC_1160,Data Explorer: Dữ liệu tài chính doanh nghiệp,Nhóm 26 — DN bảo hiểm — Báo cáo LCTT gián tiếp,"6. Cổ tức, lợi nhuận đã trả cho chủ sở hữu",Base,GSDC,Financial Report Catalog Dimension,Row Description Reference,FILTER,JOIN financial_rpt_catalog_dim ON financial_rpt_catalog_dim.financial_rpt_catalog_dim_id = fct_public_company_financial_rpt_val.financial_rpt_catalog_dim_id WHERE financial_rpt_catalog_dim.financial_rpt_catalog_code LIKE 'BCLCTT_GT%' AND financial_rpt_catalog_dim.enterprise_tp_code = 'bh' AND financial_rpt_catalog_dim.row_description_reference = '36' AND financial_rpt_catalog_dim.column_description_reference = '1',
K_GSDC_1160,Data Explorer: Dữ liệu tài chính doanh nghiệp,Nhóm 26 — DN bảo hiểm — Báo cáo LCTT gián tiếp,"6. Cổ tức, lợi nhuận đã trả cho chủ sở hữu",Base,GSDC,Fact Public Company Financial Report Value,Report Year,FILTER,fct_public_company_financial_rpt_val.rpt_year = :year AND fct_public_company_financial_rpt_val.rpt_quarter = :quarter,
K_GSDC_1161,Data Explorer: Dữ liệu tài chính doanh nghiệp,Nhóm 26 — DN bảo hiểm — Báo cáo LCTT gián tiếp,Lưu chuyển tiền thuần từ hoạt động tài chính,Base,GSDC,Fact Public Company Financial Report Value,Data Value,MEASURE,fct_public_company_financial_rpt_val.data_val,
K_GSDC_1161,Data Explorer: Dữ liệu tài chính doanh nghiệp,Nhóm 26 — DN bảo hiểm — Báo cáo LCTT gián tiếp,Lưu chuyển tiền thuần từ hoạt động tài chính,Base,GSDC,Financial Report Catalog Dimension,Row Description Reference,FILTER,JOIN financial_rpt_catalog_dim ON financial_rpt_catalog_dim.financial_rpt_catalog_dim_id = fct_public_company_financial_rpt_val.financial_rpt_catalog_dim_id WHERE financial_rpt_catalog_dim.financial_rpt_catalog_code LIKE 'BCLCTT_GT%' AND financial_rpt_catalog_dim.enterprise_tp_code = 'bh' AND financial_rpt_catalog_dim.row_description_reference = '40' AND financial_rpt_catalog_dim.column_description_reference = '1',
K_GSDC_1161,Data Explorer: Dữ liệu tài chính doanh nghiệp,Nhóm 26 — DN bảo hiểm — Báo cáo LCTT gián tiếp,Lưu chuyển tiền thuần từ hoạt động tài chính,Base,GSDC,Fact Public Company Financial Report Value,Report Year,FILTER,fct_public_company_financial_rpt_val.rpt_year = :year AND fct_public_company_financial_rpt_val.rpt_quarter = :quarter,
K_GSDC_1162,Data Explorer: Dữ liệu tài chính doanh nghiệp,Nhóm 26 — DN bảo hiểm — Báo cáo LCTT gián tiếp,Lưu chuyển tiền thuần trong kỳ (50 = 20+30+40),Base,GSDC,Fact Public Company Financial Report Value,Data Value,MEASURE,fct_public_company_financial_rpt_val.data_val,
K_GSDC_1162,Data Explorer: Dữ liệu tài chính doanh nghiệp,Nhóm 26 — DN bảo hiểm — Báo cáo LCTT gián tiếp,Lưu chuyển tiền thuần trong kỳ (50 = 20+30+40),Base,GSDC,Financial Report Catalog Dimension,Row Description Reference,FILTER,JOIN financial_rpt_catalog_dim ON financial_rpt_catalog_dim.financial_rpt_catalog_dim_id = fct_public_company_financial_rpt_val.financial_rpt_catalog_dim_id WHERE financial_rpt_catalog_dim.financial_rpt_catalog_code LIKE 'BCLCTT_GT%' AND financial_rpt_catalog_dim.enterprise_tp_code = 'bh' AND financial_rpt_catalog_dim.row_description_reference = '50' AND financial_rpt_catalog_dim.column_description_reference = '1',
K_GSDC_1162,Data Explorer: Dữ liệu tài chính doanh nghiệp,Nhóm 26 — DN bảo hiểm — Báo cáo LCTT gián tiếp,Lưu chuyển tiền thuần trong kỳ (50 = 20+30+40),Base,GSDC,Fact Public Company Financial Report Value,Report Year,FILTER,fct_public_company_financial_rpt_val.rpt_year = :year AND fct_public_company_financial_rpt_val.rpt_quarter = :quarter,
K_GSDC_1163,Data Explorer: Dữ liệu tài chính doanh nghiệp,Nhóm 26 — DN bảo hiểm — Báo cáo LCTT gián tiếp,Tiền và tương đương tiền đầu kỳ,Base,GSDC,Fact Public Company Financial Report Value,Data Value,MEASURE,fct_public_company_financial_rpt_val.data_val,
K_GSDC_1163,Data Explorer: Dữ liệu tài chính doanh nghiệp,Nhóm 26 — DN bảo hiểm — Báo cáo LCTT gián tiếp,Tiền và tương đương tiền đầu kỳ,Base,GSDC,Financial Report Catalog Dimension,Row Description Reference,FILTER,JOIN financial_rpt_catalog_dim ON financial_rpt_catalog_dim.financial_rpt_catalog_dim_id = fct_public_company_financial_rpt_val.financial_rpt_catalog_dim_id WHERE financial_rpt_catalog_dim.financial_rpt_catalog_code LIKE 'BCLCTT_GT%' AND financial_rpt_catalog_dim.enterprise_tp_code = 'bh' AND financial_rpt_catalog_dim.row_description_reference = '60' AND financial_rpt_catalog_dim.column_description_reference = '1',
K_GSDC_1163,Data Explorer: Dữ liệu tài chính doanh nghiệp,Nhóm 26 — DN bảo hiểm — Báo cáo LCTT gián tiếp,Tiền và tương đương tiền đầu kỳ,Base,GSDC,Fact Public Company Financial Report Value,Report Year,FILTER,fct_public_company_financial_rpt_val.rpt_year = :year AND fct_public_company_financial_rpt_val.rpt_quarter = :quarter,
K_GSDC_1164,Data Explorer: Dữ liệu tài chính doanh nghiệp,Nhóm 26 — DN bảo hiểm — Báo cáo LCTT gián tiếp,Ảnh hưởng của thay đổi tỷ giá hối đoái quy đổi ngoại tệ,Base,GSDC,Fact Public Company Financial Report Value,Data Value,MEASURE,fct_public_company_financial_rpt_val.data_val,
K_GSDC_1164,Data Explorer: Dữ liệu tài chính doanh nghiệp,Nhóm 26 — DN bảo hiểm — Báo cáo LCTT gián tiếp,Ảnh hưởng của thay đổi tỷ giá hối đoái quy đổi ngoại tệ,Base,GSDC,Financial Report Catalog Dimension,Row Description Reference,FILTER,JOIN financial_rpt_catalog_dim ON financial_rpt_catalog_dim.financial_rpt_catalog_dim_id = fct_public_company_financial_rpt_val.financial_rpt_catalog_dim_id WHERE financial_rpt_catalog_dim.financial_rpt_catalog_code LIKE 'BCLCTT_GT%' AND financial_rpt_catalog_dim.enterprise_tp_code = 'bh' AND financial_rpt_catalog_dim.row_description_reference = '61' AND financial_rpt_catalog_dim.column_description_reference = '1',
K_GSDC_1164,Data Explorer: Dữ liệu tài chính doanh nghiệp,Nhóm 26 — DN bảo hiểm — Báo cáo LCTT gián tiếp,Ảnh hưởng của thay đổi tỷ giá hối đoái quy đổi ngoại tệ,Base,GSDC,Fact Public Company Financial Report Value,Report Year,FILTER,fct_public_company_financial_rpt_val.rpt_year = :year AND fct_public_company_financial_rpt_val.rpt_quarter = :quarter,
K_GSDC_1165,Data Explorer: Dữ liệu tài chính doanh nghiệp,Nhóm 26 — DN bảo hiểm — Báo cáo LCTT gián tiếp,Tiền và tương đương tiền cuối kỳ (70 = 50+60+61),Base,GSDC,Fact Public Company Financial Report Value,Data Value,MEASURE,fct_public_company_financial_rpt_val.data_val,
K_GSDC_1165,Data Explorer: Dữ liệu tài chính doanh nghiệp,Nhóm 26 — DN bảo hiểm — Báo cáo LCTT gián tiếp,Tiền và tương đương tiền cuối kỳ (70 = 50+60+61),Base,GSDC,Financial Report Catalog Dimension,Row Description Reference,FILTER,JOIN financial_rpt_catalog_dim ON financial_rpt_catalog_dim.financial_rpt_catalog_dim_id = fct_public_company_financial_rpt_val.financial_rpt_catalog_dim_id WHERE financial_rpt_catalog_dim.financial_rpt_catalog_code LIKE 'BCLCTT_GT%' AND financial_rpt_catalog_dim.enterprise_tp_code = 'bh' AND financial_rpt_catalog_dim.row_description_reference = '70' AND financial_rpt_catalog_dim.column_description_reference = '1',
K_GSDC_1165,Data Explorer: Dữ liệu tài chính doanh nghiệp,Nhóm 26 — DN bảo hiểm — Báo cáo LCTT gián tiếp,Tiền và tương đương tiền cuối kỳ (70 = 50+60+61),Base,GSDC,Fact Public Company Financial Report Value,Report Year,FILTER,fct_public_company_financial_rpt_val.rpt_year = :year AND fct_public_company_financial_rpt_val.rpt_quarter = :quarter,
K_GSDC_1125,Data Explorer: Dữ liệu tài chính doanh nghiệp,Nhóm 26 — DN bảo hiểm — Báo cáo LCTT gián tiếp,I. Lưu chuyển tiền từ hoạt động kinh doanh,N/A,GSDC,,,SLICER,,"Section label — không có logic tính toán, dùng cho hiển thị phân cấp trong Data Explorer"
K_GSDC_1127,Data Explorer: Dữ liệu tài chính doanh nghiệp,Nhóm 26 — DN bảo hiểm — Báo cáo LCTT gián tiếp,2. Điều chỉnh cho các khoản,N/A,GSDC,,,SLICER,,"Section label — không có logic tính toán, dùng cho hiển thị phân cấp trong Data Explorer"
K_GSDC_1145,Data Explorer: Dữ liệu tài chính doanh nghiệp,Nhóm 26 — DN bảo hiểm — Báo cáo LCTT gián tiếp,II. Lưu chuyển tiền từ hoạt động đầu tư,N/A,GSDC,,,SLICER,,"Section label — không có logic tính toán, dùng cho hiển thị phân cấp trong Data Explorer"
K_GSDC_1154,Data Explorer: Dữ liệu tài chính doanh nghiệp,Nhóm 26 — DN bảo hiểm — Báo cáo LCTT gián tiếp,III. Lưu chuyển tiền từ hoạt động tài chính,N/A,GSDC,,,SLICER,,"Section label — không có logic tính toán, dùng cho hiển thị phân cấp trong Data Explorer"
K_GSDC_1167,Data Explorer: Dữ liệu tài chính doanh nghiệp,Nhóm 27 — TCTD — Bảng cân đối kế toán,"I. Tiền mặt, vàng bạc, đá quý",Base,GSDC,Fact Public Company Financial Report Value,Data Value,MEASURE,fct_public_company_financial_rpt_val.data_val,
K_GSDC_1167,Data Explorer: Dữ liệu tài chính doanh nghiệp,Nhóm 27 — TCTD — Bảng cân đối kế toán,"I. Tiền mặt, vàng bạc, đá quý",Base,GSDC,Financial Report Catalog Dimension,Row Description Reference,FILTER,JOIN financial_rpt_catalog_dim ON financial_rpt_catalog_dim.financial_rpt_catalog_dim_id = fct_public_company_financial_rpt_val.financial_rpt_catalog_dim_id WHERE financial_rpt_catalog_dim.financial_rpt_catalog_code LIKE 'BCDKT%' AND financial_rpt_catalog_dim.enterprise_tp_code = 'td' AND financial_rpt_catalog_dim.row_description_reference = '110' AND financial_rpt_catalog_dim.column_description_reference = '1',
K_GSDC_1167,Data Explorer: Dữ liệu tài chính doanh nghiệp,Nhóm 27 — TCTD — Bảng cân đối kế toán,"I. Tiền mặt, vàng bạc, đá quý",Base,GSDC,Fact Public Company Financial Report Value,Report Year,FILTER,fct_public_company_financial_rpt_val.rpt_year = :year AND fct_public_company_financial_rpt_val.rpt_quarter = :quarter,
K_GSDC_1168,Data Explorer: Dữ liệu tài chính doanh nghiệp,Nhóm 27 — TCTD — Bảng cân đối kế toán,II. Tiền gửi tại NHNN,Base,GSDC,Fact Public Company Financial Report Value,Data Value,MEASURE,fct_public_company_financial_rpt_val.data_val,
K_GSDC_1168,Data Explorer: Dữ liệu tài chính doanh nghiệp,Nhóm 27 — TCTD — Bảng cân đối kế toán,II. Tiền gửi tại NHNN,Base,GSDC,Financial Report Catalog Dimension,Row Description Reference,FILTER,JOIN financial_rpt_catalog_dim ON financial_rpt_catalog_dim.financial_rpt_catalog_dim_id = fct_public_company_financial_rpt_val.financial_rpt_catalog_dim_id WHERE financial_rpt_catalog_dim.financial_rpt_catalog_code LIKE 'BCDKT%' AND financial_rpt_catalog_dim.enterprise_tp_code = 'td' AND financial_rpt_catalog_dim.row_description_reference = '120' AND financial_rpt_catalog_dim.column_description_reference = '1',
K_GSDC_1168,Data Explorer: Dữ liệu tài chính doanh nghiệp,Nhóm 27 — TCTD — Bảng cân đối kế toán,II. Tiền gửi tại NHNN,Base,GSDC,Fact Public Company Financial Report Value,Report Year,FILTER,fct_public_company_financial_rpt_val.rpt_year = :year AND fct_public_company_financial_rpt_val.rpt_quarter = :quarter,
K_GSDC_1169,Data Explorer: Dữ liệu tài chính doanh nghiệp,Nhóm 27 — TCTD — Bảng cân đối kế toán,"III. Tiền, vàng gửi tại các TCTD khác và cho vay các TCTD khác",Base,GSDC,Fact Public Company Financial Report Value,Data Value,MEASURE,fct_public_company_financial_rpt_val.data_val,
K_GSDC_1169,Data Explorer: Dữ liệu tài chính doanh nghiệp,Nhóm 27 — TCTD — Bảng cân đối kế toán,"III. Tiền, vàng gửi tại các TCTD khác và cho vay các TCTD khác",Base,GSDC,Financial Report Catalog Dimension,Row Description Reference,FILTER,JOIN financial_rpt_catalog_dim ON financial_rpt_catalog_dim.financial_rpt_catalog_dim_id = fct_public_company_financial_rpt_val.financial_rpt_catalog_dim_id WHERE financial_rpt_catalog_dim.financial_rpt_catalog_code LIKE 'BCDKT%' AND financial_rpt_catalog_dim.enterprise_tp_code = 'td' AND financial_rpt_catalog_dim.row_description_reference = '130' AND financial_rpt_catalog_dim.column_description_reference = '1',
K_GSDC_1169,Data Explorer: Dữ liệu tài chính doanh nghiệp,Nhóm 27 — TCTD — Bảng cân đối kế toán,"III. Tiền, vàng gửi tại các TCTD khác và cho vay các TCTD khác",Base,GSDC,Fact Public Company Financial Report Value,Report Year,FILTER,fct_public_company_financial_rpt_val.rpt_year = :year AND fct_public_company_financial_rpt_val.rpt_quarter = :quarter,
K_GSDC_1170,Data Explorer: Dữ liệu tài chính doanh nghiệp,Nhóm 27 — TCTD — Bảng cân đối kế toán,"1. Tiền, vàng gửi tại các TCTD khác",Base,GSDC,Fact Public Company Financial Report Value,Data Value,MEASURE,fct_public_company_financial_rpt_val.data_val,
K_GSDC_1170,Data Explorer: Dữ liệu tài chính doanh nghiệp,Nhóm 27 — TCTD — Bảng cân đối kế toán,"1. Tiền, vàng gửi tại các TCTD khác",Base,GSDC,Financial Report Catalog Dimension,Row Description Reference,FILTER,JOIN financial_rpt_catalog_dim ON financial_rpt_catalog_dim.financial_rpt_catalog_dim_id = fct_public_company_financial_rpt_val.financial_rpt_catalog_dim_id WHERE financial_rpt_catalog_dim.financial_rpt_catalog_code LIKE 'BCDKT%' AND financial_rpt_catalog_dim.enterprise_tp_code = 'td' AND financial_rpt_catalog_dim.row_description_reference = '131' AND financial_rpt_catalog_dim.column_description_reference = '1',
K_GSDC_1170,Data Explorer: Dữ liệu tài chính doanh nghiệp,Nhóm 27 — TCTD — Bảng cân đối kế toán,"1. Tiền, vàng gửi tại các TCTD khác",Base,GSDC,Fact Public Company Financial Report Value,Report Year,FILTER,fct_public_company_financial_rpt_val.rpt_year = :year AND fct_public_company_financial_rpt_val.rpt_quarter = :quarter,
K_GSDC_1171,Data Explorer: Dữ liệu tài chính doanh nghiệp,Nhóm 27 — TCTD — Bảng cân đối kế toán,2. Cho vay các TCTD khác,Base,GSDC,Fact Public Company Financial Report Value,Data Value,MEASURE,fct_public_company_financial_rpt_val.data_val,
K_GSDC_1171,Data Explorer: Dữ liệu tài chính doanh nghiệp,Nhóm 27 — TCTD — Bảng cân đối kế toán,2. Cho vay các TCTD khác,Base,GSDC,Financial Report Catalog Dimension,Row Description Reference,FILTER,JOIN financial_rpt_catalog_dim ON financial_rpt_catalog_dim.financial_rpt_catalog_dim_id = fct_public_company_financial_rpt_val.financial_rpt_catalog_dim_id WHERE financial_rpt_catalog_dim.financial_rpt_catalog_code LIKE 'BCDKT%' AND financial_rpt_catalog_dim.enterprise_tp_code = 'td' AND financial_rpt_catalog_dim.row_description_reference = '132' AND financial_rpt_catalog_dim.column_description_reference = '1',
K_GSDC_1171,Data Explorer: Dữ liệu tài chính doanh nghiệp,Nhóm 27 — TCTD — Bảng cân đối kế toán,2. Cho vay các TCTD khác,Base,GSDC,Fact Public Company Financial Report Value,Report Year,FILTER,fct_public_company_financial_rpt_val.rpt_year = :year AND fct_public_company_financial_rpt_val.rpt_quarter = :quarter,
K_GSDC_1172,Data Explorer: Dữ liệu tài chính doanh nghiệp,Nhóm 27 — TCTD — Bảng cân đối kế toán,3. Dự phòng rủi ro cho vay các TCTD khác (*),Base,GSDC,Fact Public Company Financial Report Value,Data Value,MEASURE,fct_public_company_financial_rpt_val.data_val,
K_GSDC_1172,Data Explorer: Dữ liệu tài chính doanh nghiệp,Nhóm 27 — TCTD — Bảng cân đối kế toán,3. Dự phòng rủi ro cho vay các TCTD khác (*),Base,GSDC,Financial Report Catalog Dimension,Row Description Reference,FILTER,JOIN financial_rpt_catalog_dim ON financial_rpt_catalog_dim.financial_rpt_catalog_dim_id = fct_public_company_financial_rpt_val.financial_rpt_catalog_dim_id WHERE financial_rpt_catalog_dim.financial_rpt_catalog_code LIKE 'BCDKT%' AND financial_rpt_catalog_dim.enterprise_tp_code = 'td' AND financial_rpt_catalog_dim.row_description_reference = '139' AND financial_rpt_catalog_dim.column_description_reference = '1',
K_GSDC_1172,Data Explorer: Dữ liệu tài chính doanh nghiệp,Nhóm 27 — TCTD — Bảng cân đối kế toán,3. Dự phòng rủi ro cho vay các TCTD khác (*),Base,GSDC,Fact Public Company Financial Report Value,Report Year,FILTER,fct_public_company_financial_rpt_val.rpt_year = :year AND fct_public_company_financial_rpt_val.rpt_quarter = :quarter,
K_GSDC_1173,Data Explorer: Dữ liệu tài chính doanh nghiệp,Nhóm 27 — TCTD — Bảng cân đối kế toán,IV. Chứng khoán kinh doanh,Base,GSDC,Fact Public Company Financial Report Value,Data Value,MEASURE,fct_public_company_financial_rpt_val.data_val,
K_GSDC_1173,Data Explorer: Dữ liệu tài chính doanh nghiệp,Nhóm 27 — TCTD — Bảng cân đối kế toán,IV. Chứng khoán kinh doanh,Base,GSDC,Financial Report Catalog Dimension,Row Description Reference,FILTER,JOIN financial_rpt_catalog_dim ON financial_rpt_catalog_dim.financial_rpt_catalog_dim_id = fct_public_company_financial_rpt_val.financial_rpt_catalog_dim_id WHERE financial_rpt_catalog_dim.financial_rpt_catalog_code LIKE 'BCDKT%' AND financial_rpt_catalog_dim.enterprise_tp_code = 'td' AND financial_rpt_catalog_dim.row_description_reference = '140' AND financial_rpt_catalog_dim.column_description_reference = '1',
K_GSDC_1173,Data Explorer: Dữ liệu tài chính doanh nghiệp,Nhóm 27 — TCTD — Bảng cân đối kế toán,IV. Chứng khoán kinh doanh,Base,GSDC,Fact Public Company Financial Report Value,Report Year,FILTER,fct_public_company_financial_rpt_val.rpt_year = :year AND fct_public_company_financial_rpt_val.rpt_quarter = :quarter,
K_GSDC_1174,Data Explorer: Dữ liệu tài chính doanh nghiệp,Nhóm 27 — TCTD — Bảng cân đối kế toán,1. Chứng khoán kinh doanh (1),Base,GSDC,Fact Public Company Financial Report Value,Data Value,MEASURE,fct_public_company_financial_rpt_val.data_val,
K_GSDC_1174,Data Explorer: Dữ liệu tài chính doanh nghiệp,Nhóm 27 — TCTD — Bảng cân đối kế toán,1. Chứng khoán kinh doanh (1),Base,GSDC,Financial Report Catalog Dimension,Row Description Reference,FILTER,JOIN financial_rpt_catalog_dim ON financial_rpt_catalog_dim.financial_rpt_catalog_dim_id = fct_public_company_financial_rpt_val.financial_rpt_catalog_dim_id WHERE financial_rpt_catalog_dim.financial_rpt_catalog_code LIKE 'BCDKT%' AND financial_rpt_catalog_dim.enterprise_tp_code = 'td' AND financial_rpt_catalog_dim.row_description_reference = '141' AND financial_rpt_catalog_dim.column_description_reference = '1',
K_GSDC_1174,Data Explorer: Dữ liệu tài chính doanh nghiệp,Nhóm 27 — TCTD — Bảng cân đối kế toán,1. Chứng khoán kinh doanh (1),Base,GSDC,Fact Public Company Financial Report Value,Report Year,FILTER,fct_public_company_financial_rpt_val.rpt_year = :year AND fct_public_company_financial_rpt_val.rpt_quarter = :quarter,
K_GSDC_1175,Data Explorer: Dữ liệu tài chính doanh nghiệp,Nhóm 27 — TCTD — Bảng cân đối kế toán,2. Dự phòng giảm giá chứng khoán kinh doanh (*),Base,GSDC,Fact Public Company Financial Report Value,Data Value,MEASURE,fct_public_company_financial_rpt_val.data_val,
K_GSDC_1175,Data Explorer: Dữ liệu tài chính doanh nghiệp,Nhóm 27 — TCTD — Bảng cân đối kế toán,2. Dự phòng giảm giá chứng khoán kinh doanh (*),Base,GSDC,Financial Report Catalog Dimension,Row Description Reference,FILTER,JOIN financial_rpt_catalog_dim ON financial_rpt_catalog_dim.financial_rpt_catalog_dim_id = fct_public_company_financial_rpt_val.financial_rpt_catalog_dim_id WHERE financial_rpt_catalog_dim.financial_rpt_catalog_code LIKE 'BCDKT%' AND financial_rpt_catalog_dim.enterprise_tp_code = 'td' AND financial_rpt_catalog_dim.row_description_reference = '149' AND financial_rpt_catalog_dim.column_description_reference = '1',
K_GSDC_1175,Data Explorer: Dữ liệu tài chính doanh nghiệp,Nhóm 27 — TCTD — Bảng cân đối kế toán,2. Dự phòng giảm giá chứng khoán kinh doanh (*),Base,GSDC,Fact Public Company Financial Report Value,Report Year,FILTER,fct_public_company_financial_rpt_val.rpt_year = :year AND fct_public_company_financial_rpt_val.rpt_quarter = :quarter,
K_GSDC_1176,Data Explorer: Dữ liệu tài chính doanh nghiệp,Nhóm 27 — TCTD — Bảng cân đối kế toán,V. Các công cụ tài chính phái sinh và các tài sản tài chính khác,Base,GSDC,Fact Public Company Financial Report Value,Data Value,MEASURE,fct_public_company_financial_rpt_val.data_val,
K_GSDC_1176,Data Explorer: Dữ liệu tài chính doanh nghiệp,Nhóm 27 — TCTD — Bảng cân đối kế toán,V. Các công cụ tài chính phái sinh và các tài sản tài chính khác,Base,GSDC,Financial Report Catalog Dimension,Row Description Reference,FILTER,JOIN financial_rpt_catalog_dim ON financial_rpt_catalog_dim.financial_rpt_catalog_dim_id = fct_public_company_financial_rpt_val.financial_rpt_catalog_dim_id WHERE financial_rpt_catalog_dim.financial_rpt_catalog_code LIKE 'BCDKT%' AND financial_rpt_catalog_dim.enterprise_tp_code = 'td' AND financial_rpt_catalog_dim.row_description_reference = '150' AND financial_rpt_catalog_dim.column_description_reference = '1',
K_GSDC_1176,Data Explorer: Dữ liệu tài chính doanh nghiệp,Nhóm 27 — TCTD — Bảng cân đối kế toán,V. Các công cụ tài chính phái sinh và các tài sản tài chính khác,Base,GSDC,Fact Public Company Financial Report Value,Report Year,FILTER,fct_public_company_financial_rpt_val.rpt_year = :year AND fct_public_company_financial_rpt_val.rpt_quarter = :quarter,
K_GSDC_1177,Data Explorer: Dữ liệu tài chính doanh nghiệp,Nhóm 27 — TCTD — Bảng cân đối kế toán,VI. Cho vay khách hàng,Base,GSDC,Fact Public Company Financial Report Value,Data Value,MEASURE,fct_public_company_financial_rpt_val.data_val,
K_GSDC_1177,Data Explorer: Dữ liệu tài chính doanh nghiệp,Nhóm 27 — TCTD — Bảng cân đối kế toán,VI. Cho vay khách hàng,Base,GSDC,Financial Report Catalog Dimension,Row Description Reference,FILTER,JOIN financial_rpt_catalog_dim ON financial_rpt_catalog_dim.financial_rpt_catalog_dim_id = fct_public_company_financial_rpt_val.financial_rpt_catalog_dim_id WHERE financial_rpt_catalog_dim.financial_rpt_catalog_code LIKE 'BCDKT%' AND financial_rpt_catalog_dim.enterprise_tp_code = 'td' AND financial_rpt_catalog_dim.row_description_reference = '160' AND financial_rpt_catalog_dim.column_description_reference = '1',
K_GSDC_1177,Data Explorer: Dữ liệu tài chính doanh nghiệp,Nhóm 27 — TCTD — Bảng cân đối kế toán,VI. Cho vay khách hàng,Base,GSDC,Fact Public Company Financial Report Value,Report Year,FILTER,fct_public_company_financial_rpt_val.rpt_year = :year AND fct_public_company_financial_rpt_val.rpt_quarter = :quarter,
K_GSDC_1178,Data Explorer: Dữ liệu tài chính doanh nghiệp,Nhóm 27 — TCTD — Bảng cân đối kế toán,1. Cho vay khách hàng,Base,GSDC,Fact Public Company Financial Report Value,Data Value,MEASURE,fct_public_company_financial_rpt_val.data_val,
K_GSDC_1178,Data Explorer: Dữ liệu tài chính doanh nghiệp,Nhóm 27 — TCTD — Bảng cân đối kế toán,1. Cho vay khách hàng,Base,GSDC,Financial Report Catalog Dimension,Row Description Reference,FILTER,JOIN financial_rpt_catalog_dim ON financial_rpt_catalog_dim.financial_rpt_catalog_dim_id = fct_public_company_financial_rpt_val.financial_rpt_catalog_dim_id WHERE financial_rpt_catalog_dim.financial_rpt_catalog_code LIKE 'BCDKT%' AND financial_rpt_catalog_dim.enterprise_tp_code = 'td' AND financial_rpt_catalog_dim.row_description_reference = '161' AND financial_rpt_catalog_dim.column_description_reference = '1',
K_GSDC_1178,Data Explorer: Dữ liệu tài chính doanh nghiệp,Nhóm 27 — TCTD — Bảng cân đối kế toán,1. Cho vay khách hàng,Base,GSDC,Fact Public Company Financial Report Value,Report Year,FILTER,fct_public_company_financial_rpt_val.rpt_year = :year AND fct_public_company_financial_rpt_val.rpt_quarter = :quarter,
K_GSDC_1179,Data Explorer: Dữ liệu tài chính doanh nghiệp,Nhóm 27 — TCTD — Bảng cân đối kế toán,2. Dự phòng rủi ro cho vay khách hàng (*),Base,GSDC,Fact Public Company Financial Report Value,Data Value,MEASURE,fct_public_company_financial_rpt_val.data_val,
K_GSDC_1179,Data Explorer: Dữ liệu tài chính doanh nghiệp,Nhóm 27 — TCTD — Bảng cân đối kế toán,2. Dự phòng rủi ro cho vay khách hàng (*),Base,GSDC,Financial Report Catalog Dimension,Row Description Reference,FILTER,JOIN financial_rpt_catalog_dim ON financial_rpt_catalog_dim.financial_rpt_catalog_dim_id = fct_public_company_financial_rpt_val.financial_rpt_catalog_dim_id WHERE financial_rpt_catalog_dim.financial_rpt_catalog_code LIKE 'BCDKT%' AND financial_rpt_catalog_dim.enterprise_tp_code = 'td' AND financial_rpt_catalog_dim.row_description_reference = '169' AND financial_rpt_catalog_dim.column_description_reference = '1',
K_GSDC_1179,Data Explorer: Dữ liệu tài chính doanh nghiệp,Nhóm 27 — TCTD — Bảng cân đối kế toán,2. Dự phòng rủi ro cho vay khách hàng (*),Base,GSDC,Fact Public Company Financial Report Value,Report Year,FILTER,fct_public_company_financial_rpt_val.rpt_year = :year AND fct_public_company_financial_rpt_val.rpt_quarter = :quarter,
K_GSDC_1180,Data Explorer: Dữ liệu tài chính doanh nghiệp,Nhóm 27 — TCTD — Bảng cân đối kế toán,VII. Hoạt động mua nợ,Base,GSDC,Fact Public Company Financial Report Value,Data Value,MEASURE,fct_public_company_financial_rpt_val.data_val,
K_GSDC_1180,Data Explorer: Dữ liệu tài chính doanh nghiệp,Nhóm 27 — TCTD — Bảng cân đối kế toán,VII. Hoạt động mua nợ,Base,GSDC,Financial Report Catalog Dimension,Row Description Reference,FILTER,JOIN financial_rpt_catalog_dim ON financial_rpt_catalog_dim.financial_rpt_catalog_dim_id = fct_public_company_financial_rpt_val.financial_rpt_catalog_dim_id WHERE financial_rpt_catalog_dim.financial_rpt_catalog_code LIKE 'BCDKT%' AND financial_rpt_catalog_dim.enterprise_tp_code = 'td' AND financial_rpt_catalog_dim.row_description_reference = '180' AND financial_rpt_catalog_dim.column_description_reference = '1',
K_GSDC_1180,Data Explorer: Dữ liệu tài chính doanh nghiệp,Nhóm 27 — TCTD — Bảng cân đối kế toán,VII. Hoạt động mua nợ,Base,GSDC,Fact Public Company Financial Report Value,Report Year,FILTER,fct_public_company_financial_rpt_val.rpt_year = :year AND fct_public_company_financial_rpt_val.rpt_quarter = :quarter,
K_GSDC_1181,Data Explorer: Dữ liệu tài chính doanh nghiệp,Nhóm 27 — TCTD — Bảng cân đối kế toán,1. Mua nợ,Base,GSDC,Fact Public Company Financial Report Value,Data Value,MEASURE,fct_public_company_financial_rpt_val.data_val,
K_GSDC_1181,Data Explorer: Dữ liệu tài chính doanh nghiệp,Nhóm 27 — TCTD — Bảng cân đối kế toán,1. Mua nợ,Base,GSDC,Financial Report Catalog Dimension,Row Description Reference,FILTER,JOIN financial_rpt_catalog_dim ON financial_rpt_catalog_dim.financial_rpt_catalog_dim_id = fct_public_company_financial_rpt_val.financial_rpt_catalog_dim_id WHERE financial_rpt_catalog_dim.financial_rpt_catalog_code LIKE 'BCDKT%' AND financial_rpt_catalog_dim.enterprise_tp_code = 'td' AND financial_rpt_catalog_dim.row_description_reference = '181' AND financial_rpt_catalog_dim.column_description_reference = '1',
K_GSDC_1181,Data Explorer: Dữ liệu tài chính doanh nghiệp,Nhóm 27 — TCTD — Bảng cân đối kế toán,1. Mua nợ,Base,GSDC,Fact Public Company Financial Report Value,Report Year,FILTER,fct_public_company_financial_rpt_val.rpt_year = :year AND fct_public_company_financial_rpt_val.rpt_quarter = :quarter,
K_GSDC_1182,Data Explorer: Dữ liệu tài chính doanh nghiệp,Nhóm 27 — TCTD — Bảng cân đối kế toán,2. Dự phòng rủi ro hoạt động mua nợ,Base,GSDC,Fact Public Company Financial Report Value,Data Value,MEASURE,fct_public_company_financial_rpt_val.data_val,
K_GSDC_1182,Data Explorer: Dữ liệu tài chính doanh nghiệp,Nhóm 27 — TCTD — Bảng cân đối kế toán,2. Dự phòng rủi ro hoạt động mua nợ,Base,GSDC,Financial Report Catalog Dimension,Row Description Reference,FILTER,JOIN financial_rpt_catalog_dim ON financial_rpt_catalog_dim.financial_rpt_catalog_dim_id = fct_public_company_financial_rpt_val.financial_rpt_catalog_dim_id WHERE financial_rpt_catalog_dim.financial_rpt_catalog_code LIKE 'BCDKT%' AND financial_rpt_catalog_dim.enterprise_tp_code = 'td' AND financial_rpt_catalog_dim.row_description_reference = '189' AND financial_rpt_catalog_dim.column_description_reference = '1',
K_GSDC_1182,Data Explorer: Dữ liệu tài chính doanh nghiệp,Nhóm 27 — TCTD — Bảng cân đối kế toán,2. Dự phòng rủi ro hoạt động mua nợ,Base,GSDC,Fact Public Company Financial Report Value,Report Year,FILTER,fct_public_company_financial_rpt_val.rpt_year = :year AND fct_public_company_financial_rpt_val.rpt_quarter = :quarter,
K_GSDC_1183,Data Explorer: Dữ liệu tài chính doanh nghiệp,Nhóm 27 — TCTD — Bảng cân đối kế toán,VIII. Chứng khoán đầu tư,Base,GSDC,Fact Public Company Financial Report Value,Data Value,MEASURE,fct_public_company_financial_rpt_val.data_val,
K_GSDC_1183,Data Explorer: Dữ liệu tài chính doanh nghiệp,Nhóm 27 — TCTD — Bảng cân đối kế toán,VIII. Chứng khoán đầu tư,Base,GSDC,Financial Report Catalog Dimension,Row Description Reference,FILTER,JOIN financial_rpt_catalog_dim ON financial_rpt_catalog_dim.financial_rpt_catalog_dim_id = fct_public_company_financial_rpt_val.financial_rpt_catalog_dim_id WHERE financial_rpt_catalog_dim.financial_rpt_catalog_code LIKE 'BCDKT%' AND financial_rpt_catalog_dim.enterprise_tp_code = 'td' AND financial_rpt_catalog_dim.row_description_reference = '170' AND financial_rpt_catalog_dim.column_description_reference = '1',
K_GSDC_1183,Data Explorer: Dữ liệu tài chính doanh nghiệp,Nhóm 27 — TCTD — Bảng cân đối kế toán,VIII. Chứng khoán đầu tư,Base,GSDC,Fact Public Company Financial Report Value,Report Year,FILTER,fct_public_company_financial_rpt_val.rpt_year = :year AND fct_public_company_financial_rpt_val.rpt_quarter = :quarter,
K_GSDC_1184,Data Explorer: Dữ liệu tài chính doanh nghiệp,Nhóm 27 — TCTD — Bảng cân đối kế toán,1. Chứng khoán đầu tư sẵn sàng để bán (2),Base,GSDC,Fact Public Company Financial Report Value,Data Value,MEASURE,fct_public_company_financial_rpt_val.data_val,
K_GSDC_1184,Data Explorer: Dữ liệu tài chính doanh nghiệp,Nhóm 27 — TCTD — Bảng cân đối kế toán,1. Chứng khoán đầu tư sẵn sàng để bán (2),Base,GSDC,Financial Report Catalog Dimension,Row Description Reference,FILTER,JOIN financial_rpt_catalog_dim ON financial_rpt_catalog_dim.financial_rpt_catalog_dim_id = fct_public_company_financial_rpt_val.financial_rpt_catalog_dim_id WHERE financial_rpt_catalog_dim.financial_rpt_catalog_code LIKE 'BCDKT%' AND financial_rpt_catalog_dim.enterprise_tp_code = 'td' AND financial_rpt_catalog_dim.row_description_reference = '171' AND financial_rpt_catalog_dim.column_description_reference = '1',
K_GSDC_1184,Data Explorer: Dữ liệu tài chính doanh nghiệp,Nhóm 27 — TCTD — Bảng cân đối kế toán,1. Chứng khoán đầu tư sẵn sàng để bán (2),Base,GSDC,Fact Public Company Financial Report Value,Report Year,FILTER,fct_public_company_financial_rpt_val.rpt_year = :year AND fct_public_company_financial_rpt_val.rpt_quarter = :quarter,
K_GSDC_1185,Data Explorer: Dữ liệu tài chính doanh nghiệp,Nhóm 27 — TCTD — Bảng cân đối kế toán,2. Chứng khoán đầu tư giữ đến ngày đáo hạn,Base,GSDC,Fact Public Company Financial Report Value,Data Value,MEASURE,fct_public_company_financial_rpt_val.data_val,
K_GSDC_1185,Data Explorer: Dữ liệu tài chính doanh nghiệp,Nhóm 27 — TCTD — Bảng cân đối kế toán,2. Chứng khoán đầu tư giữ đến ngày đáo hạn,Base,GSDC,Financial Report Catalog Dimension,Row Description Reference,FILTER,JOIN financial_rpt_catalog_dim ON financial_rpt_catalog_dim.financial_rpt_catalog_dim_id = fct_public_company_financial_rpt_val.financial_rpt_catalog_dim_id WHERE financial_rpt_catalog_dim.financial_rpt_catalog_code LIKE 'BCDKT%' AND financial_rpt_catalog_dim.enterprise_tp_code = 'td' AND financial_rpt_catalog_dim.row_description_reference = '172' AND financial_rpt_catalog_dim.column_description_reference = '1',
K_GSDC_1185,Data Explorer: Dữ liệu tài chính doanh nghiệp,Nhóm 27 — TCTD — Bảng cân đối kế toán,2. Chứng khoán đầu tư giữ đến ngày đáo hạn,Base,GSDC,Fact Public Company Financial Report Value,Report Year,FILTER,fct_public_company_financial_rpt_val.rpt_year = :year AND fct_public_company_financial_rpt_val.rpt_quarter = :quarter,
K_GSDC_1186,Data Explorer: Dữ liệu tài chính doanh nghiệp,Nhóm 27 — TCTD — Bảng cân đối kế toán,3. Dự phòng giảm giá chứng khoán đầu tư (*),Base,GSDC,Fact Public Company Financial Report Value,Data Value,MEASURE,fct_public_company_financial_rpt_val.data_val,
K_GSDC_1186,Data Explorer: Dữ liệu tài chính doanh nghiệp,Nhóm 27 — TCTD — Bảng cân đối kế toán,3. Dự phòng giảm giá chứng khoán đầu tư (*),Base,GSDC,Financial Report Catalog Dimension,Row Description Reference,FILTER,JOIN financial_rpt_catalog_dim ON financial_rpt_catalog_dim.financial_rpt_catalog_dim_id = fct_public_company_financial_rpt_val.financial_rpt_catalog_dim_id WHERE financial_rpt_catalog_dim.financial_rpt_catalog_code LIKE 'BCDKT%' AND financial_rpt_catalog_dim.enterprise_tp_code = 'td' AND financial_rpt_catalog_dim.row_description_reference = '179' AND financial_rpt_catalog_dim.column_description_reference = '1',
K_GSDC_1186,Data Explorer: Dữ liệu tài chính doanh nghiệp,Nhóm 27 — TCTD — Bảng cân đối kế toán,3. Dự phòng giảm giá chứng khoán đầu tư (*),Base,GSDC,Fact Public Company Financial Report Value,Report Year,FILTER,fct_public_company_financial_rpt_val.rpt_year = :year AND fct_public_company_financial_rpt_val.rpt_quarter = :quarter,
K_GSDC_1187,Data Explorer: Dữ liệu tài chính doanh nghiệp,Nhóm 27 — TCTD — Bảng cân đối kế toán,"IX. Góp vốn, đầu tư dài hạn",Base,GSDC,Fact Public Company Financial Report Value,Data Value,MEASURE,fct_public_company_financial_rpt_val.data_val,
K_GSDC_1187,Data Explorer: Dữ liệu tài chính doanh nghiệp,Nhóm 27 — TCTD — Bảng cân đối kế toán,"IX. Góp vốn, đầu tư dài hạn",Base,GSDC,Financial Report Catalog Dimension,Row Description Reference,FILTER,JOIN financial_rpt_catalog_dim ON financial_rpt_catalog_dim.financial_rpt_catalog_dim_id = fct_public_company_financial_rpt_val.financial_rpt_catalog_dim_id WHERE financial_rpt_catalog_dim.financial_rpt_catalog_code LIKE 'BCDKT%' AND financial_rpt_catalog_dim.enterprise_tp_code = 'td' AND financial_rpt_catalog_dim.row_description_reference = '210' AND financial_rpt_catalog_dim.column_description_reference = '1',
K_GSDC_1187,Data Explorer: Dữ liệu tài chính doanh nghiệp,Nhóm 27 — TCTD — Bảng cân đối kế toán,"IX. Góp vốn, đầu tư dài hạn",Base,GSDC,Fact Public Company Financial Report Value,Report Year,FILTER,fct_public_company_financial_rpt_val.rpt_year = :year AND fct_public_company_financial_rpt_val.rpt_quarter = :quarter,
K_GSDC_1188,Data Explorer: Dữ liệu tài chính doanh nghiệp,Nhóm 27 — TCTD — Bảng cân đối kế toán,1. Đầu tư vào công ty con,Base,GSDC,Fact Public Company Financial Report Value,Data Value,MEASURE,fct_public_company_financial_rpt_val.data_val,
K_GSDC_1188,Data Explorer: Dữ liệu tài chính doanh nghiệp,Nhóm 27 — TCTD — Bảng cân đối kế toán,1. Đầu tư vào công ty con,Base,GSDC,Financial Report Catalog Dimension,Row Description Reference,FILTER,JOIN financial_rpt_catalog_dim ON financial_rpt_catalog_dim.financial_rpt_catalog_dim_id = fct_public_company_financial_rpt_val.financial_rpt_catalog_dim_id WHERE financial_rpt_catalog_dim.financial_rpt_catalog_code LIKE 'BCDKT%' AND financial_rpt_catalog_dim.enterprise_tp_code = 'td' AND financial_rpt_catalog_dim.row_description_reference = '211' AND financial_rpt_catalog_dim.column_description_reference = '1',
K_GSDC_1188,Data Explorer: Dữ liệu tài chính doanh nghiệp,Nhóm 27 — TCTD — Bảng cân đối kế toán,1. Đầu tư vào công ty con,Base,GSDC,Fact Public Company Financial Report Value,Report Year,FILTER,fct_public_company_financial_rpt_val.rpt_year = :year AND fct_public_company_financial_rpt_val.rpt_quarter = :quarter,
K_GSDC_1189,Data Explorer: Dữ liệu tài chính doanh nghiệp,Nhóm 27 — TCTD — Bảng cân đối kế toán,2. Vốn góp liên doanh,Base,GSDC,Fact Public Company Financial Report Value,Data Value,MEASURE,fct_public_company_financial_rpt_val.data_val,
K_GSDC_1189,Data Explorer: Dữ liệu tài chính doanh nghiệp,Nhóm 27 — TCTD — Bảng cân đối kế toán,2. Vốn góp liên doanh,Base,GSDC,Financial Report Catalog Dimension,Row Description Reference,FILTER,JOIN financial_rpt_catalog_dim ON financial_rpt_catalog_dim.financial_rpt_catalog_dim_id = fct_public_company_financial_rpt_val.financial_rpt_catalog_dim_id WHERE financial_rpt_catalog_dim.financial_rpt_catalog_code LIKE 'BCDKT%' AND financial_rpt_catalog_dim.enterprise_tp_code = 'td' AND financial_rpt_catalog_dim.row_description_reference = '212' AND financial_rpt_catalog_dim.column_description_reference = '1',
K_GSDC_1189,Data Explorer: Dữ liệu tài chính doanh nghiệp,Nhóm 27 — TCTD — Bảng cân đối kế toán,2. Vốn góp liên doanh,Base,GSDC,Fact Public Company Financial Report Value,Report Year,FILTER,fct_public_company_financial_rpt_val.rpt_year = :year AND fct_public_company_financial_rpt_val.rpt_quarter = :quarter,
K_GSDC_1190,Data Explorer: Dữ liệu tài chính doanh nghiệp,Nhóm 27 — TCTD — Bảng cân đối kế toán,3. Đầu tư vào công ty liên kết,Base,GSDC,Fact Public Company Financial Report Value,Data Value,MEASURE,fct_public_company_financial_rpt_val.data_val,
K_GSDC_1190,Data Explorer: Dữ liệu tài chính doanh nghiệp,Nhóm 27 — TCTD — Bảng cân đối kế toán,3. Đầu tư vào công ty liên kết,Base,GSDC,Financial Report Catalog Dimension,Row Description Reference,FILTER,JOIN financial_rpt_catalog_dim ON financial_rpt_catalog_dim.financial_rpt_catalog_dim_id = fct_public_company_financial_rpt_val.financial_rpt_catalog_dim_id WHERE financial_rpt_catalog_dim.financial_rpt_catalog_code LIKE 'BCDKT%' AND financial_rpt_catalog_dim.enterprise_tp_code = 'td' AND financial_rpt_catalog_dim.row_description_reference = '213' AND financial_rpt_catalog_dim.column_description_reference = '1',
K_GSDC_1190,Data Explorer: Dữ liệu tài chính doanh nghiệp,Nhóm 27 — TCTD — Bảng cân đối kế toán,3. Đầu tư vào công ty liên kết,Base,GSDC,Fact Public Company Financial Report Value,Report Year,FILTER,fct_public_company_financial_rpt_val.rpt_year = :year AND fct_public_company_financial_rpt_val.rpt_quarter = :quarter,
K_GSDC_1191,Data Explorer: Dữ liệu tài chính doanh nghiệp,Nhóm 27 — TCTD — Bảng cân đối kế toán,4. Đầu tư dài hạn khác,Base,GSDC,Fact Public Company Financial Report Value,Data Value,MEASURE,fct_public_company_financial_rpt_val.data_val,
K_GSDC_1191,Data Explorer: Dữ liệu tài chính doanh nghiệp,Nhóm 27 — TCTD — Bảng cân đối kế toán,4. Đầu tư dài hạn khác,Base,GSDC,Financial Report Catalog Dimension,Row Description Reference,FILTER,JOIN financial_rpt_catalog_dim ON financial_rpt_catalog_dim.financial_rpt_catalog_dim_id = fct_public_company_financial_rpt_val.financial_rpt_catalog_dim_id WHERE financial_rpt_catalog_dim.financial_rpt_catalog_code LIKE 'BCDKT%' AND financial_rpt_catalog_dim.enterprise_tp_code = 'td' AND financial_rpt_catalog_dim.row_description_reference = '214' AND financial_rpt_catalog_dim.column_description_reference = '1',
K_GSDC_1191,Data Explorer: Dữ liệu tài chính doanh nghiệp,Nhóm 27 — TCTD — Bảng cân đối kế toán,4. Đầu tư dài hạn khác,Base,GSDC,Fact Public Company Financial Report Value,Report Year,FILTER,fct_public_company_financial_rpt_val.rpt_year = :year AND fct_public_company_financial_rpt_val.rpt_quarter = :quarter,
K_GSDC_1192,Data Explorer: Dữ liệu tài chính doanh nghiệp,Nhóm 27 — TCTD — Bảng cân đối kế toán,5. Dự phòng giảm giá đầu tư dài hạn (*),Base,GSDC,Fact Public Company Financial Report Value,Data Value,MEASURE,fct_public_company_financial_rpt_val.data_val,
K_GSDC_1192,Data Explorer: Dữ liệu tài chính doanh nghiệp,Nhóm 27 — TCTD — Bảng cân đối kế toán,5. Dự phòng giảm giá đầu tư dài hạn (*),Base,GSDC,Financial Report Catalog Dimension,Row Description Reference,FILTER,JOIN financial_rpt_catalog_dim ON financial_rpt_catalog_dim.financial_rpt_catalog_dim_id = fct_public_company_financial_rpt_val.financial_rpt_catalog_dim_id WHERE financial_rpt_catalog_dim.financial_rpt_catalog_code LIKE 'BCDKT%' AND financial_rpt_catalog_dim.enterprise_tp_code = 'td' AND financial_rpt_catalog_dim.row_description_reference = '219' AND financial_rpt_catalog_dim.column_description_reference = '1',
K_GSDC_1192,Data Explorer: Dữ liệu tài chính doanh nghiệp,Nhóm 27 — TCTD — Bảng cân đối kế toán,5. Dự phòng giảm giá đầu tư dài hạn (*),Base,GSDC,Fact Public Company Financial Report Value,Report Year,FILTER,fct_public_company_financial_rpt_val.rpt_year = :year AND fct_public_company_financial_rpt_val.rpt_quarter = :quarter,
K_GSDC_1193,Data Explorer: Dữ liệu tài chính doanh nghiệp,Nhóm 27 — TCTD — Bảng cân đối kế toán,X. Tài sản cố định,Base,GSDC,Fact Public Company Financial Report Value,Data Value,MEASURE,fct_public_company_financial_rpt_val.data_val,
K_GSDC_1193,Data Explorer: Dữ liệu tài chính doanh nghiệp,Nhóm 27 — TCTD — Bảng cân đối kế toán,X. Tài sản cố định,Base,GSDC,Financial Report Catalog Dimension,Row Description Reference,FILTER,JOIN financial_rpt_catalog_dim ON financial_rpt_catalog_dim.financial_rpt_catalog_dim_id = fct_public_company_financial_rpt_val.financial_rpt_catalog_dim_id WHERE financial_rpt_catalog_dim.financial_rpt_catalog_code LIKE 'BCDKT%' AND financial_rpt_catalog_dim.enterprise_tp_code = 'td' AND financial_rpt_catalog_dim.row_description_reference = '220' AND financial_rpt_catalog_dim.column_description_reference = '1',
K_GSDC_1193,Data Explorer: Dữ liệu tài chính doanh nghiệp,Nhóm 27 — TCTD — Bảng cân đối kế toán,X. Tài sản cố định,Base,GSDC,Fact Public Company Financial Report Value,Report Year,FILTER,fct_public_company_financial_rpt_val.rpt_year = :year AND fct_public_company_financial_rpt_val.rpt_quarter = :quarter,
K_GSDC_1194,Data Explorer: Dữ liệu tài chính doanh nghiệp,Nhóm 27 — TCTD — Bảng cân đối kế toán,1. Tài sản cố định hữu hình,Base,GSDC,Fact Public Company Financial Report Value,Data Value,MEASURE,fct_public_company_financial_rpt_val.data_val,
K_GSDC_1194,Data Explorer: Dữ liệu tài chính doanh nghiệp,Nhóm 27 — TCTD — Bảng cân đối kế toán,1. Tài sản cố định hữu hình,Base,GSDC,Financial Report Catalog Dimension,Row Description Reference,FILTER,JOIN financial_rpt_catalog_dim ON financial_rpt_catalog_dim.financial_rpt_catalog_dim_id = fct_public_company_financial_rpt_val.financial_rpt_catalog_dim_id WHERE financial_rpt_catalog_dim.financial_rpt_catalog_code LIKE 'BCDKT%' AND financial_rpt_catalog_dim.enterprise_tp_code = 'td' AND financial_rpt_catalog_dim.row_description_reference = '221' AND financial_rpt_catalog_dim.column_description_reference = '1',
K_GSDC_1194,Data Explorer: Dữ liệu tài chính doanh nghiệp,Nhóm 27 — TCTD — Bảng cân đối kế toán,1. Tài sản cố định hữu hình,Base,GSDC,Fact Public Company Financial Report Value,Report Year,FILTER,fct_public_company_financial_rpt_val.rpt_year = :year AND fct_public_company_financial_rpt_val.rpt_quarter = :quarter,
K_GSDC_1195,Data Explorer: Dữ liệu tài chính doanh nghiệp,Nhóm 27 — TCTD — Bảng cân đối kế toán,a. Nguyên giá TSCĐ,Base,GSDC,Fact Public Company Financial Report Value,Data Value,MEASURE,fct_public_company_financial_rpt_val.data_val,
K_GSDC_1195,Data Explorer: Dữ liệu tài chính doanh nghiệp,Nhóm 27 — TCTD — Bảng cân đối kế toán,a. Nguyên giá TSCĐ,Base,GSDC,Financial Report Catalog Dimension,Row Description Reference,FILTER,JOIN financial_rpt_catalog_dim ON financial_rpt_catalog_dim.financial_rpt_catalog_dim_id = fct_public_company_financial_rpt_val.financial_rpt_catalog_dim_id WHERE financial_rpt_catalog_dim.financial_rpt_catalog_code LIKE 'BCDKT%' AND financial_rpt_catalog_dim.enterprise_tp_code = 'td' AND financial_rpt_catalog_dim.row_description_reference = '222' AND financial_rpt_catalog_dim.column_description_reference = '1',
K_GSDC_1195,Data Explorer: Dữ liệu tài chính doanh nghiệp,Nhóm 27 — TCTD — Bảng cân đối kế toán,a. Nguyên giá TSCĐ,Base,GSDC,Fact Public Company Financial Report Value,Report Year,FILTER,fct_public_company_financial_rpt_val.rpt_year = :year AND fct_public_company_financial_rpt_val.rpt_quarter = :quarter,
K_GSDC_1196,Data Explorer: Dữ liệu tài chính doanh nghiệp,Nhóm 27 — TCTD — Bảng cân đối kế toán,b. Hao mòn TSCĐ (*),Base,GSDC,Fact Public Company Financial Report Value,Data Value,MEASURE,fct_public_company_financial_rpt_val.data_val,
K_GSDC_1196,Data Explorer: Dữ liệu tài chính doanh nghiệp,Nhóm 27 — TCTD — Bảng cân đối kế toán,b. Hao mòn TSCĐ (*),Base,GSDC,Financial Report Catalog Dimension,Row Description Reference,FILTER,JOIN financial_rpt_catalog_dim ON financial_rpt_catalog_dim.financial_rpt_catalog_dim_id = fct_public_company_financial_rpt_val.financial_rpt_catalog_dim_id WHERE financial_rpt_catalog_dim.financial_rpt_catalog_code LIKE 'BCDKT%' AND financial_rpt_catalog_dim.enterprise_tp_code = 'td' AND financial_rpt_catalog_dim.row_description_reference = '223' AND financial_rpt_catalog_dim.column_description_reference = '1',
K_GSDC_1196,Data Explorer: Dữ liệu tài chính doanh nghiệp,Nhóm 27 — TCTD — Bảng cân đối kế toán,b. Hao mòn TSCĐ (*),Base,GSDC,Fact Public Company Financial Report Value,Report Year,FILTER,fct_public_company_financial_rpt_val.rpt_year = :year AND fct_public_company_financial_rpt_val.rpt_quarter = :quarter,
K_GSDC_1197,Data Explorer: Dữ liệu tài chính doanh nghiệp,Nhóm 27 — TCTD — Bảng cân đối kế toán,2. Tài sản cố định thuê tài chính,Base,GSDC,Fact Public Company Financial Report Value,Data Value,MEASURE,fct_public_company_financial_rpt_val.data_val,
K_GSDC_1197,Data Explorer: Dữ liệu tài chính doanh nghiệp,Nhóm 27 — TCTD — Bảng cân đối kế toán,2. Tài sản cố định thuê tài chính,Base,GSDC,Financial Report Catalog Dimension,Row Description Reference,FILTER,JOIN financial_rpt_catalog_dim ON financial_rpt_catalog_dim.financial_rpt_catalog_dim_id = fct_public_company_financial_rpt_val.financial_rpt_catalog_dim_id WHERE financial_rpt_catalog_dim.financial_rpt_catalog_code LIKE 'BCDKT%' AND financial_rpt_catalog_dim.enterprise_tp_code = 'td' AND financial_rpt_catalog_dim.row_description_reference = '224' AND financial_rpt_catalog_dim.column_description_reference = '1',
K_GSDC_1197,Data Explorer: Dữ liệu tài chính doanh nghiệp,Nhóm 27 — TCTD — Bảng cân đối kế toán,2. Tài sản cố định thuê tài chính,Base,GSDC,Fact Public Company Financial Report Value,Report Year,FILTER,fct_public_company_financial_rpt_val.rpt_year = :year AND fct_public_company_financial_rpt_val.rpt_quarter = :quarter,
K_GSDC_1198,Data Explorer: Dữ liệu tài chính doanh nghiệp,Nhóm 27 — TCTD — Bảng cân đối kế toán,a. Nguyên giá TSCĐ,Base,GSDC,Fact Public Company Financial Report Value,Data Value,MEASURE,fct_public_company_financial_rpt_val.data_val,
K_GSDC_1198,Data Explorer: Dữ liệu tài chính doanh nghiệp,Nhóm 27 — TCTD — Bảng cân đối kế toán,a. Nguyên giá TSCĐ,Base,GSDC,Financial Report Catalog Dimension,Row Description Reference,FILTER,JOIN financial_rpt_catalog_dim ON financial_rpt_catalog_dim.financial_rpt_catalog_dim_id = fct_public_company_financial_rpt_val.financial_rpt_catalog_dim_id WHERE financial_rpt_catalog_dim.financial_rpt_catalog_code LIKE 'BCDKT%' AND financial_rpt_catalog_dim.enterprise_tp_code = 'td' AND financial_rpt_catalog_dim.row_description_reference = '225' AND financial_rpt_catalog_dim.column_description_reference = '1',
K_GSDC_1198,Data Explorer: Dữ liệu tài chính doanh nghiệp,Nhóm 27 — TCTD — Bảng cân đối kế toán,a. Nguyên giá TSCĐ,Base,GSDC,Fact Public Company Financial Report Value,Report Year,FILTER,fct_public_company_financial_rpt_val.rpt_year = :year AND fct_public_company_financial_rpt_val.rpt_quarter = :quarter,
K_GSDC_1199,Data Explorer: Dữ liệu tài chính doanh nghiệp,Nhóm 27 — TCTD — Bảng cân đối kế toán,b. Hao mòn TSCĐ (*),Base,GSDC,Fact Public Company Financial Report Value,Data Value,MEASURE,fct_public_company_financial_rpt_val.data_val,
K_GSDC_1199,Data Explorer: Dữ liệu tài chính doanh nghiệp,Nhóm 27 — TCTD — Bảng cân đối kế toán,b. Hao mòn TSCĐ (*),Base,GSDC,Financial Report Catalog Dimension,Row Description Reference,FILTER,JOIN financial_rpt_catalog_dim ON financial_rpt_catalog_dim.financial_rpt_catalog_dim_id = fct_public_company_financial_rpt_val.financial_rpt_catalog_dim_id WHERE financial_rpt_catalog_dim.financial_rpt_catalog_code LIKE 'BCDKT%' AND financial_rpt_catalog_dim.enterprise_tp_code = 'td' AND financial_rpt_catalog_dim.row_description_reference = '226' AND financial_rpt_catalog_dim.column_description_reference = '1',
K_GSDC_1199,Data Explorer: Dữ liệu tài chính doanh nghiệp,Nhóm 27 — TCTD — Bảng cân đối kế toán,b. Hao mòn TSCĐ (*),Base,GSDC,Fact Public Company Financial Report Value,Report Year,FILTER,fct_public_company_financial_rpt_val.rpt_year = :year AND fct_public_company_financial_rpt_val.rpt_quarter = :quarter,
K_GSDC_1200,Data Explorer: Dữ liệu tài chính doanh nghiệp,Nhóm 27 — TCTD — Bảng cân đối kế toán,3. Tài sản cố định vô hình,Base,GSDC,Fact Public Company Financial Report Value,Data Value,MEASURE,fct_public_company_financial_rpt_val.data_val,
K_GSDC_1200,Data Explorer: Dữ liệu tài chính doanh nghiệp,Nhóm 27 — TCTD — Bảng cân đối kế toán,3. Tài sản cố định vô hình,Base,GSDC,Financial Report Catalog Dimension,Row Description Reference,FILTER,JOIN financial_rpt_catalog_dim ON financial_rpt_catalog_dim.financial_rpt_catalog_dim_id = fct_public_company_financial_rpt_val.financial_rpt_catalog_dim_id WHERE financial_rpt_catalog_dim.financial_rpt_catalog_code LIKE 'BCDKT%' AND financial_rpt_catalog_dim.enterprise_tp_code = 'td' AND financial_rpt_catalog_dim.row_description_reference = '227' AND financial_rpt_catalog_dim.column_description_reference = '1',
K_GSDC_1200,Data Explorer: Dữ liệu tài chính doanh nghiệp,Nhóm 27 — TCTD — Bảng cân đối kế toán,3. Tài sản cố định vô hình,Base,GSDC,Fact Public Company Financial Report Value,Report Year,FILTER,fct_public_company_financial_rpt_val.rpt_year = :year AND fct_public_company_financial_rpt_val.rpt_quarter = :quarter,
K_GSDC_1201,Data Explorer: Dữ liệu tài chính doanh nghiệp,Nhóm 27 — TCTD — Bảng cân đối kế toán,a. Nguyên giá TSCĐ,Base,GSDC,Fact Public Company Financial Report Value,Data Value,MEASURE,fct_public_company_financial_rpt_val.data_val,
K_GSDC_1201,Data Explorer: Dữ liệu tài chính doanh nghiệp,Nhóm 27 — TCTD — Bảng cân đối kế toán,a. Nguyên giá TSCĐ,Base,GSDC,Financial Report Catalog Dimension,Row Description Reference,FILTER,JOIN financial_rpt_catalog_dim ON financial_rpt_catalog_dim.financial_rpt_catalog_dim_id = fct_public_company_financial_rpt_val.financial_rpt_catalog_dim_id WHERE financial_rpt_catalog_dim.financial_rpt_catalog_code LIKE 'BCDKT%' AND financial_rpt_catalog_dim.enterprise_tp_code = 'td' AND financial_rpt_catalog_dim.row_description_reference = '228' AND financial_rpt_catalog_dim.column_description_reference = '1',
K_GSDC_1201,Data Explorer: Dữ liệu tài chính doanh nghiệp,Nhóm 27 — TCTD — Bảng cân đối kế toán,a. Nguyên giá TSCĐ,Base,GSDC,Fact Public Company Financial Report Value,Report Year,FILTER,fct_public_company_financial_rpt_val.rpt_year = :year AND fct_public_company_financial_rpt_val.rpt_quarter = :quarter,
K_GSDC_1202,Data Explorer: Dữ liệu tài chính doanh nghiệp,Nhóm 27 — TCTD — Bảng cân đối kế toán,b. Hao mòn TSCĐ (*),Base,GSDC,Fact Public Company Financial Report Value,Data Value,MEASURE,fct_public_company_financial_rpt_val.data_val,
K_GSDC_1202,Data Explorer: Dữ liệu tài chính doanh nghiệp,Nhóm 27 — TCTD — Bảng cân đối kế toán,b. Hao mòn TSCĐ (*),Base,GSDC,Financial Report Catalog Dimension,Row Description Reference,FILTER,JOIN financial_rpt_catalog_dim ON financial_rpt_catalog_dim.financial_rpt_catalog_dim_id = fct_public_company_financial_rpt_val.financial_rpt_catalog_dim_id WHERE financial_rpt_catalog_dim.financial_rpt_catalog_code LIKE 'BCDKT%' AND financial_rpt_catalog_dim.enterprise_tp_code = 'td' AND financial_rpt_catalog_dim.row_description_reference = '229' AND financial_rpt_catalog_dim.column_description_reference = '1',
K_GSDC_1202,Data Explorer: Dữ liệu tài chính doanh nghiệp,Nhóm 27 — TCTD — Bảng cân đối kế toán,b. Hao mòn TSCĐ (*),Base,GSDC,Fact Public Company Financial Report Value,Report Year,FILTER,fct_public_company_financial_rpt_val.rpt_year = :year AND fct_public_company_financial_rpt_val.rpt_quarter = :quarter,
K_GSDC_1203,Data Explorer: Dữ liệu tài chính doanh nghiệp,Nhóm 27 — TCTD — Bảng cân đối kế toán,XI. Bất động sản đầu tư,Base,GSDC,Fact Public Company Financial Report Value,Data Value,MEASURE,fct_public_company_financial_rpt_val.data_val,
K_GSDC_1203,Data Explorer: Dữ liệu tài chính doanh nghiệp,Nhóm 27 — TCTD — Bảng cân đối kế toán,XI. Bất động sản đầu tư,Base,GSDC,Financial Report Catalog Dimension,Row Description Reference,FILTER,JOIN financial_rpt_catalog_dim ON financial_rpt_catalog_dim.financial_rpt_catalog_dim_id = fct_public_company_financial_rpt_val.financial_rpt_catalog_dim_id WHERE financial_rpt_catalog_dim.financial_rpt_catalog_code LIKE 'BCDKT%' AND financial_rpt_catalog_dim.enterprise_tp_code = 'td' AND financial_rpt_catalog_dim.row_description_reference = '240' AND financial_rpt_catalog_dim.column_description_reference = '1',
K_GSDC_1203,Data Explorer: Dữ liệu tài chính doanh nghiệp,Nhóm 27 — TCTD — Bảng cân đối kế toán,XI. Bất động sản đầu tư,Base,GSDC,Fact Public Company Financial Report Value,Report Year,FILTER,fct_public_company_financial_rpt_val.rpt_year = :year AND fct_public_company_financial_rpt_val.rpt_quarter = :quarter,
K_GSDC_1204,Data Explorer: Dữ liệu tài chính doanh nghiệp,Nhóm 27 — TCTD — Bảng cân đối kế toán,a. Nguyên giá BĐSĐT,Base,GSDC,Fact Public Company Financial Report Value,Data Value,MEASURE,fct_public_company_financial_rpt_val.data_val,
K_GSDC_1204,Data Explorer: Dữ liệu tài chính doanh nghiệp,Nhóm 27 — TCTD — Bảng cân đối kế toán,a. Nguyên giá BĐSĐT,Base,GSDC,Financial Report Catalog Dimension,Row Description Reference,FILTER,JOIN financial_rpt_catalog_dim ON financial_rpt_catalog_dim.financial_rpt_catalog_dim_id = fct_public_company_financial_rpt_val.financial_rpt_catalog_dim_id WHERE financial_rpt_catalog_dim.financial_rpt_catalog_code LIKE 'BCDKT%' AND financial_rpt_catalog_dim.enterprise_tp_code = 'td' AND financial_rpt_catalog_dim.row_description_reference = '241' AND financial_rpt_catalog_dim.column_description_reference = '1',
K_GSDC_1204,Data Explorer: Dữ liệu tài chính doanh nghiệp,Nhóm 27 — TCTD — Bảng cân đối kế toán,a. Nguyên giá BĐSĐT,Base,GSDC,Fact Public Company Financial Report Value,Report Year,FILTER,fct_public_company_financial_rpt_val.rpt_year = :year AND fct_public_company_financial_rpt_val.rpt_quarter = :quarter,
K_GSDC_1205,Data Explorer: Dữ liệu tài chính doanh nghiệp,Nhóm 27 — TCTD — Bảng cân đối kế toán,b. Hao mòn BĐSĐT (*),Base,GSDC,Fact Public Company Financial Report Value,Data Value,MEASURE,fct_public_company_financial_rpt_val.data_val,
K_GSDC_1205,Data Explorer: Dữ liệu tài chính doanh nghiệp,Nhóm 27 — TCTD — Bảng cân đối kế toán,b. Hao mòn BĐSĐT (*),Base,GSDC,Financial Report Catalog Dimension,Row Description Reference,FILTER,JOIN financial_rpt_catalog_dim ON financial_rpt_catalog_dim.financial_rpt_catalog_dim_id = fct_public_company_financial_rpt_val.financial_rpt_catalog_dim_id WHERE financial_rpt_catalog_dim.financial_rpt_catalog_code LIKE 'BCDKT%' AND financial_rpt_catalog_dim.enterprise_tp_code = 'td' AND financial_rpt_catalog_dim.row_description_reference = '242' AND financial_rpt_catalog_dim.column_description_reference = '1',
K_GSDC_1205,Data Explorer: Dữ liệu tài chính doanh nghiệp,Nhóm 27 — TCTD — Bảng cân đối kế toán,b. Hao mòn BĐSĐT (*),Base,GSDC,Fact Public Company Financial Report Value,Report Year,FILTER,fct_public_company_financial_rpt_val.rpt_year = :year AND fct_public_company_financial_rpt_val.rpt_quarter = :quarter,
K_GSDC_1206,Data Explorer: Dữ liệu tài chính doanh nghiệp,Nhóm 27 — TCTD — Bảng cân đối kế toán,XII. Tài sản Có khác,Base,GSDC,Fact Public Company Financial Report Value,Data Value,MEASURE,fct_public_company_financial_rpt_val.data_val,
K_GSDC_1206,Data Explorer: Dữ liệu tài chính doanh nghiệp,Nhóm 27 — TCTD — Bảng cân đối kế toán,XII. Tài sản Có khác,Base,GSDC,Financial Report Catalog Dimension,Row Description Reference,FILTER,JOIN financial_rpt_catalog_dim ON financial_rpt_catalog_dim.financial_rpt_catalog_dim_id = fct_public_company_financial_rpt_val.financial_rpt_catalog_dim_id WHERE financial_rpt_catalog_dim.financial_rpt_catalog_code LIKE 'BCDKT%' AND financial_rpt_catalog_dim.enterprise_tp_code = 'td' AND financial_rpt_catalog_dim.row_description_reference = '250' AND financial_rpt_catalog_dim.column_description_reference = '1',
K_GSDC_1206,Data Explorer: Dữ liệu tài chính doanh nghiệp,Nhóm 27 — TCTD — Bảng cân đối kế toán,XII. Tài sản Có khác,Base,GSDC,Fact Public Company Financial Report Value,Report Year,FILTER,fct_public_company_financial_rpt_val.rpt_year = :year AND fct_public_company_financial_rpt_val.rpt_quarter = :quarter,
K_GSDC_1207,Data Explorer: Dữ liệu tài chính doanh nghiệp,Nhóm 27 — TCTD — Bảng cân đối kế toán,1. Các khoản phải thu,Base,GSDC,Fact Public Company Financial Report Value,Data Value,MEASURE,fct_public_company_financial_rpt_val.data_val,
K_GSDC_1207,Data Explorer: Dữ liệu tài chính doanh nghiệp,Nhóm 27 — TCTD — Bảng cân đối kế toán,1. Các khoản phải thu,Base,GSDC,Financial Report Catalog Dimension,Row Description Reference,FILTER,JOIN financial_rpt_catalog_dim ON financial_rpt_catalog_dim.financial_rpt_catalog_dim_id = fct_public_company_financial_rpt_val.financial_rpt_catalog_dim_id WHERE financial_rpt_catalog_dim.financial_rpt_catalog_code LIKE 'BCDKT%' AND financial_rpt_catalog_dim.enterprise_tp_code = 'td' AND financial_rpt_catalog_dim.row_description_reference = '251' AND financial_rpt_catalog_dim.column_description_reference = '1',
K_GSDC_1207,Data Explorer: Dữ liệu tài chính doanh nghiệp,Nhóm 27 — TCTD — Bảng cân đối kế toán,1. Các khoản phải thu,Base,GSDC,Fact Public Company Financial Report Value,Report Year,FILTER,fct_public_company_financial_rpt_val.rpt_year = :year AND fct_public_company_financial_rpt_val.rpt_quarter = :quarter,
K_GSDC_1208,Data Explorer: Dữ liệu tài chính doanh nghiệp,Nhóm 27 — TCTD — Bảng cân đối kế toán,"2. Các khoản lãi, phí phải thu",Base,GSDC,Fact Public Company Financial Report Value,Data Value,MEASURE,fct_public_company_financial_rpt_val.data_val,
K_GSDC_1208,Data Explorer: Dữ liệu tài chính doanh nghiệp,Nhóm 27 — TCTD — Bảng cân đối kế toán,"2. Các khoản lãi, phí phải thu",Base,GSDC,Financial Report Catalog Dimension,Row Description Reference,FILTER,JOIN financial_rpt_catalog_dim ON financial_rpt_catalog_dim.financial_rpt_catalog_dim_id = fct_public_company_financial_rpt_val.financial_rpt_catalog_dim_id WHERE financial_rpt_catalog_dim.financial_rpt_catalog_code LIKE 'BCDKT%' AND financial_rpt_catalog_dim.enterprise_tp_code = 'td' AND financial_rpt_catalog_dim.row_description_reference = '252' AND financial_rpt_catalog_dim.column_description_reference = '1',
K_GSDC_1208,Data Explorer: Dữ liệu tài chính doanh nghiệp,Nhóm 27 — TCTD — Bảng cân đối kế toán,"2. Các khoản lãi, phí phải thu",Base,GSDC,Fact Public Company Financial Report Value,Report Year,FILTER,fct_public_company_financial_rpt_val.rpt_year = :year AND fct_public_company_financial_rpt_val.rpt_quarter = :quarter,
K_GSDC_1209,Data Explorer: Dữ liệu tài chính doanh nghiệp,Nhóm 27 — TCTD — Bảng cân đối kế toán,3. Tài sản thuế TNDN hoãn lại,Base,GSDC,Fact Public Company Financial Report Value,Data Value,MEASURE,fct_public_company_financial_rpt_val.data_val,
K_GSDC_1209,Data Explorer: Dữ liệu tài chính doanh nghiệp,Nhóm 27 — TCTD — Bảng cân đối kế toán,3. Tài sản thuế TNDN hoãn lại,Base,GSDC,Financial Report Catalog Dimension,Row Description Reference,FILTER,JOIN financial_rpt_catalog_dim ON financial_rpt_catalog_dim.financial_rpt_catalog_dim_id = fct_public_company_financial_rpt_val.financial_rpt_catalog_dim_id WHERE financial_rpt_catalog_dim.financial_rpt_catalog_code LIKE 'BCDKT%' AND financial_rpt_catalog_dim.enterprise_tp_code = 'td' AND financial_rpt_catalog_dim.row_description_reference = '253' AND financial_rpt_catalog_dim.column_description_reference = '1',
K_GSDC_1209,Data Explorer: Dữ liệu tài chính doanh nghiệp,Nhóm 27 — TCTD — Bảng cân đối kế toán,3. Tài sản thuế TNDN hoãn lại,Base,GSDC,Fact Public Company Financial Report Value,Report Year,FILTER,fct_public_company_financial_rpt_val.rpt_year = :year AND fct_public_company_financial_rpt_val.rpt_quarter = :quarter,
K_GSDC_1210,Data Explorer: Dữ liệu tài chính doanh nghiệp,Nhóm 27 — TCTD — Bảng cân đối kế toán,4. Tài sản Có khác,Base,GSDC,Fact Public Company Financial Report Value,Data Value,MEASURE,fct_public_company_financial_rpt_val.data_val,
K_GSDC_1210,Data Explorer: Dữ liệu tài chính doanh nghiệp,Nhóm 27 — TCTD — Bảng cân đối kế toán,4. Tài sản Có khác,Base,GSDC,Financial Report Catalog Dimension,Row Description Reference,FILTER,JOIN financial_rpt_catalog_dim ON financial_rpt_catalog_dim.financial_rpt_catalog_dim_id = fct_public_company_financial_rpt_val.financial_rpt_catalog_dim_id WHERE financial_rpt_catalog_dim.financial_rpt_catalog_code LIKE 'BCDKT%' AND financial_rpt_catalog_dim.enterprise_tp_code = 'td' AND financial_rpt_catalog_dim.row_description_reference = '254' AND financial_rpt_catalog_dim.column_description_reference = '1',
K_GSDC_1210,Data Explorer: Dữ liệu tài chính doanh nghiệp,Nhóm 27 — TCTD — Bảng cân đối kế toán,4. Tài sản Có khác,Base,GSDC,Fact Public Company Financial Report Value,Report Year,FILTER,fct_public_company_financial_rpt_val.rpt_year = :year AND fct_public_company_financial_rpt_val.rpt_quarter = :quarter,
K_GSDC_1211,Data Explorer: Dữ liệu tài chính doanh nghiệp,Nhóm 27 — TCTD — Bảng cân đối kế toán,· Trong đó: Lợi thế thương mại,Base,GSDC,Fact Public Company Financial Report Value,Data Value,MEASURE,fct_public_company_financial_rpt_val.data_val,
K_GSDC_1211,Data Explorer: Dữ liệu tài chính doanh nghiệp,Nhóm 27 — TCTD — Bảng cân đối kế toán,· Trong đó: Lợi thế thương mại,Base,GSDC,Financial Report Catalog Dimension,Row Description Reference,FILTER,JOIN financial_rpt_catalog_dim ON financial_rpt_catalog_dim.financial_rpt_catalog_dim_id = fct_public_company_financial_rpt_val.financial_rpt_catalog_dim_id WHERE financial_rpt_catalog_dim.financial_rpt_catalog_code LIKE 'BCDKT%' AND financial_rpt_catalog_dim.enterprise_tp_code = 'td' AND financial_rpt_catalog_dim.row_description_reference = '255' AND financial_rpt_catalog_dim.column_description_reference = '1',
K_GSDC_1211,Data Explorer: Dữ liệu tài chính doanh nghiệp,Nhóm 27 — TCTD — Bảng cân đối kế toán,· Trong đó: Lợi thế thương mại,Base,GSDC,Fact Public Company Financial Report Value,Report Year,FILTER,fct_public_company_financial_rpt_val.rpt_year = :year AND fct_public_company_financial_rpt_val.rpt_quarter = :quarter,
K_GSDC_1212,Data Explorer: Dữ liệu tài chính doanh nghiệp,Nhóm 27 — TCTD — Bảng cân đối kế toán,5. Các khoản dự phòng rủi ro cho các tài sản Có nội bảng khác (*),Base,GSDC,Fact Public Company Financial Report Value,Data Value,MEASURE,fct_public_company_financial_rpt_val.data_val,
K_GSDC_1212,Data Explorer: Dữ liệu tài chính doanh nghiệp,Nhóm 27 — TCTD — Bảng cân đối kế toán,5. Các khoản dự phòng rủi ro cho các tài sản Có nội bảng khác (*),Base,GSDC,Financial Report Catalog Dimension,Row Description Reference,FILTER,JOIN financial_rpt_catalog_dim ON financial_rpt_catalog_dim.financial_rpt_catalog_dim_id = fct_public_company_financial_rpt_val.financial_rpt_catalog_dim_id WHERE financial_rpt_catalog_dim.financial_rpt_catalog_code LIKE 'BCDKT%' AND financial_rpt_catalog_dim.enterprise_tp_code = 'td' AND financial_rpt_catalog_dim.row_description_reference = '259' AND financial_rpt_catalog_dim.column_description_reference = '1',
K_GSDC_1212,Data Explorer: Dữ liệu tài chính doanh nghiệp,Nhóm 27 — TCTD — Bảng cân đối kế toán,5. Các khoản dự phòng rủi ro cho các tài sản Có nội bảng khác (*),Base,GSDC,Fact Public Company Financial Report Value,Report Year,FILTER,fct_public_company_financial_rpt_val.rpt_year = :year AND fct_public_company_financial_rpt_val.rpt_quarter = :quarter,
K_GSDC_1213,Data Explorer: Dữ liệu tài chính doanh nghiệp,Nhóm 27 — TCTD — Bảng cân đối kế toán,Tổng tài sản Có,Base,GSDC,Fact Public Company Financial Report Value,Data Value,MEASURE,fct_public_company_financial_rpt_val.data_val,
K_GSDC_1213,Data Explorer: Dữ liệu tài chính doanh nghiệp,Nhóm 27 — TCTD — Bảng cân đối kế toán,Tổng tài sản Có,Base,GSDC,Financial Report Catalog Dimension,Row Description Reference,FILTER,JOIN financial_rpt_catalog_dim ON financial_rpt_catalog_dim.financial_rpt_catalog_dim_id = fct_public_company_financial_rpt_val.financial_rpt_catalog_dim_id WHERE financial_rpt_catalog_dim.financial_rpt_catalog_code LIKE 'BCDKT%' AND financial_rpt_catalog_dim.enterprise_tp_code = 'td' AND financial_rpt_catalog_dim.row_description_reference = '300' AND financial_rpt_catalog_dim.column_description_reference = '1',
K_GSDC_1213,Data Explorer: Dữ liệu tài chính doanh nghiệp,Nhóm 27 — TCTD — Bảng cân đối kế toán,Tổng tài sản Có,Base,GSDC,Fact Public Company Financial Report Value,Report Year,FILTER,fct_public_company_financial_rpt_val.rpt_year = :year AND fct_public_company_financial_rpt_val.rpt_quarter = :quarter,
K_GSDC_1214,Data Explorer: Dữ liệu tài chính doanh nghiệp,Nhóm 27 — TCTD — Bảng cân đối kế toán,B. Nợ phải trả và vốn chủ sở hữu,Base,GSDC,Fact Public Company Financial Report Value,Data Value,MEASURE,fct_public_company_financial_rpt_val.data_val,
K_GSDC_1214,Data Explorer: Dữ liệu tài chính doanh nghiệp,Nhóm 27 — TCTD — Bảng cân đối kế toán,B. Nợ phải trả và vốn chủ sở hữu,Base,GSDC,Financial Report Catalog Dimension,Row Description Reference,FILTER,JOIN financial_rpt_catalog_dim ON financial_rpt_catalog_dim.financial_rpt_catalog_dim_id = fct_public_company_financial_rpt_val.financial_rpt_catalog_dim_id WHERE financial_rpt_catalog_dim.financial_rpt_catalog_code LIKE 'BCDKT%' AND financial_rpt_catalog_dim.enterprise_tp_code = 'td' AND financial_rpt_catalog_dim.row_description_reference = 'NV' AND financial_rpt_catalog_dim.column_description_reference = '1',
K_GSDC_1214,Data Explorer: Dữ liệu tài chính doanh nghiệp,Nhóm 27 — TCTD — Bảng cân đối kế toán,B. Nợ phải trả và vốn chủ sở hữu,Base,GSDC,Fact Public Company Financial Report Value,Report Year,FILTER,fct_public_company_financial_rpt_val.rpt_year = :year AND fct_public_company_financial_rpt_val.rpt_quarter = :quarter,
K_GSDC_1215,Data Explorer: Dữ liệu tài chính doanh nghiệp,Nhóm 27 — TCTD — Bảng cân đối kế toán,I. Các khoản nợ Chính phủ và NHNN,Base,GSDC,Fact Public Company Financial Report Value,Data Value,MEASURE,fct_public_company_financial_rpt_val.data_val,
K_GSDC_1215,Data Explorer: Dữ liệu tài chính doanh nghiệp,Nhóm 27 — TCTD — Bảng cân đối kế toán,I. Các khoản nợ Chính phủ và NHNN,Base,GSDC,Financial Report Catalog Dimension,Row Description Reference,FILTER,JOIN financial_rpt_catalog_dim ON financial_rpt_catalog_dim.financial_rpt_catalog_dim_id = fct_public_company_financial_rpt_val.financial_rpt_catalog_dim_id WHERE financial_rpt_catalog_dim.financial_rpt_catalog_code LIKE 'BCDKT%' AND financial_rpt_catalog_dim.enterprise_tp_code = 'td' AND financial_rpt_catalog_dim.row_description_reference = '310' AND financial_rpt_catalog_dim.column_description_reference = '1',
K_GSDC_1215,Data Explorer: Dữ liệu tài chính doanh nghiệp,Nhóm 27 — TCTD — Bảng cân đối kế toán,I. Các khoản nợ Chính phủ và NHNN,Base,GSDC,Fact Public Company Financial Report Value,Report Year,FILTER,fct_public_company_financial_rpt_val.rpt_year = :year AND fct_public_company_financial_rpt_val.rpt_quarter = :quarter,
K_GSDC_1216,Data Explorer: Dữ liệu tài chính doanh nghiệp,Nhóm 27 — TCTD — Bảng cân đối kế toán,II. Tiền gửi và vay các TCTD khác,Base,GSDC,Fact Public Company Financial Report Value,Data Value,MEASURE,fct_public_company_financial_rpt_val.data_val,
K_GSDC_1216,Data Explorer: Dữ liệu tài chính doanh nghiệp,Nhóm 27 — TCTD — Bảng cân đối kế toán,II. Tiền gửi và vay các TCTD khác,Base,GSDC,Financial Report Catalog Dimension,Row Description Reference,FILTER,JOIN financial_rpt_catalog_dim ON financial_rpt_catalog_dim.financial_rpt_catalog_dim_id = fct_public_company_financial_rpt_val.financial_rpt_catalog_dim_id WHERE financial_rpt_catalog_dim.financial_rpt_catalog_code LIKE 'BCDKT%' AND financial_rpt_catalog_dim.enterprise_tp_code = 'td' AND financial_rpt_catalog_dim.row_description_reference = '320' AND financial_rpt_catalog_dim.column_description_reference = '1',
K_GSDC_1216,Data Explorer: Dữ liệu tài chính doanh nghiệp,Nhóm 27 — TCTD — Bảng cân đối kế toán,II. Tiền gửi và vay các TCTD khác,Base,GSDC,Fact Public Company Financial Report Value,Report Year,FILTER,fct_public_company_financial_rpt_val.rpt_year = :year AND fct_public_company_financial_rpt_val.rpt_quarter = :quarter,
K_GSDC_1217,Data Explorer: Dữ liệu tài chính doanh nghiệp,Nhóm 27 — TCTD — Bảng cân đối kế toán,1. Tiền gửi của các TCTD khác,Base,GSDC,Fact Public Company Financial Report Value,Data Value,MEASURE,fct_public_company_financial_rpt_val.data_val,
K_GSDC_1217,Data Explorer: Dữ liệu tài chính doanh nghiệp,Nhóm 27 — TCTD — Bảng cân đối kế toán,1. Tiền gửi của các TCTD khác,Base,GSDC,Financial Report Catalog Dimension,Row Description Reference,FILTER,JOIN financial_rpt_catalog_dim ON financial_rpt_catalog_dim.financial_rpt_catalog_dim_id = fct_public_company_financial_rpt_val.financial_rpt_catalog_dim_id WHERE financial_rpt_catalog_dim.financial_rpt_catalog_code LIKE 'BCDKT%' AND financial_rpt_catalog_dim.enterprise_tp_code = 'td' AND financial_rpt_catalog_dim.row_description_reference = '321' AND financial_rpt_catalog_dim.column_description_reference = '1',
K_GSDC_1217,Data Explorer: Dữ liệu tài chính doanh nghiệp,Nhóm 27 — TCTD — Bảng cân đối kế toán,1. Tiền gửi của các TCTD khác,Base,GSDC,Fact Public Company Financial Report Value,Report Year,FILTER,fct_public_company_financial_rpt_val.rpt_year = :year AND fct_public_company_financial_rpt_val.rpt_quarter = :quarter,
K_GSDC_1218,Data Explorer: Dữ liệu tài chính doanh nghiệp,Nhóm 27 — TCTD — Bảng cân đối kế toán,2. Vay các TCTD khác,Base,GSDC,Fact Public Company Financial Report Value,Data Value,MEASURE,fct_public_company_financial_rpt_val.data_val,
K_GSDC_1218,Data Explorer: Dữ liệu tài chính doanh nghiệp,Nhóm 27 — TCTD — Bảng cân đối kế toán,2. Vay các TCTD khác,Base,GSDC,Financial Report Catalog Dimension,Row Description Reference,FILTER,JOIN financial_rpt_catalog_dim ON financial_rpt_catalog_dim.financial_rpt_catalog_dim_id = fct_public_company_financial_rpt_val.financial_rpt_catalog_dim_id WHERE financial_rpt_catalog_dim.financial_rpt_catalog_code LIKE 'BCDKT%' AND financial_rpt_catalog_dim.enterprise_tp_code = 'td' AND financial_rpt_catalog_dim.row_description_reference = '322' AND financial_rpt_catalog_dim.column_description_reference = '1',
K_GSDC_1218,Data Explorer: Dữ liệu tài chính doanh nghiệp,Nhóm 27 — TCTD — Bảng cân đối kế toán,2. Vay các TCTD khác,Base,GSDC,Fact Public Company Financial Report Value,Report Year,FILTER,fct_public_company_financial_rpt_val.rpt_year = :year AND fct_public_company_financial_rpt_val.rpt_quarter = :quarter,
K_GSDC_1219,Data Explorer: Dữ liệu tài chính doanh nghiệp,Nhóm 27 — TCTD — Bảng cân đối kế toán,III. Tiền gửi của khách hàng,Base,GSDC,Fact Public Company Financial Report Value,Data Value,MEASURE,fct_public_company_financial_rpt_val.data_val,
K_GSDC_1219,Data Explorer: Dữ liệu tài chính doanh nghiệp,Nhóm 27 — TCTD — Bảng cân đối kế toán,III. Tiền gửi của khách hàng,Base,GSDC,Financial Report Catalog Dimension,Row Description Reference,FILTER,JOIN financial_rpt_catalog_dim ON financial_rpt_catalog_dim.financial_rpt_catalog_dim_id = fct_public_company_financial_rpt_val.financial_rpt_catalog_dim_id WHERE financial_rpt_catalog_dim.financial_rpt_catalog_code LIKE 'BCDKT%' AND financial_rpt_catalog_dim.enterprise_tp_code = 'td' AND financial_rpt_catalog_dim.row_description_reference = '330' AND financial_rpt_catalog_dim.column_description_reference = '1',
K_GSDC_1219,Data Explorer: Dữ liệu tài chính doanh nghiệp,Nhóm 27 — TCTD — Bảng cân đối kế toán,III. Tiền gửi của khách hàng,Base,GSDC,Fact Public Company Financial Report Value,Report Year,FILTER,fct_public_company_financial_rpt_val.rpt_year = :year AND fct_public_company_financial_rpt_val.rpt_quarter = :quarter,
K_GSDC_1220,Data Explorer: Dữ liệu tài chính doanh nghiệp,Nhóm 27 — TCTD — Bảng cân đối kế toán,IV. Các công cụ tài chính phái sinh và các khoản nợ tài chính khác,Base,GSDC,Fact Public Company Financial Report Value,Data Value,MEASURE,fct_public_company_financial_rpt_val.data_val,
K_GSDC_1220,Data Explorer: Dữ liệu tài chính doanh nghiệp,Nhóm 27 — TCTD — Bảng cân đối kế toán,IV. Các công cụ tài chính phái sinh và các khoản nợ tài chính khác,Base,GSDC,Financial Report Catalog Dimension,Row Description Reference,FILTER,JOIN financial_rpt_catalog_dim ON financial_rpt_catalog_dim.financial_rpt_catalog_dim_id = fct_public_company_financial_rpt_val.financial_rpt_catalog_dim_id WHERE financial_rpt_catalog_dim.financial_rpt_catalog_code LIKE 'BCDKT%' AND financial_rpt_catalog_dim.enterprise_tp_code = 'td' AND financial_rpt_catalog_dim.row_description_reference = '340' AND financial_rpt_catalog_dim.column_description_reference = '1',
K_GSDC_1220,Data Explorer: Dữ liệu tài chính doanh nghiệp,Nhóm 27 — TCTD — Bảng cân đối kế toán,IV. Các công cụ tài chính phái sinh và các khoản nợ tài chính khác,Base,GSDC,Fact Public Company Financial Report Value,Report Year,FILTER,fct_public_company_financial_rpt_val.rpt_year = :year AND fct_public_company_financial_rpt_val.rpt_quarter = :quarter,
K_GSDC_1221,Data Explorer: Dữ liệu tài chính doanh nghiệp,Nhóm 27 — TCTD — Bảng cân đối kế toán,"V. Vốn tài trợ, uỷ thác đầu tư, cho vay TCTD chịu rủi ro",Base,GSDC,Fact Public Company Financial Report Value,Data Value,MEASURE,fct_public_company_financial_rpt_val.data_val,
K_GSDC_1221,Data Explorer: Dữ liệu tài chính doanh nghiệp,Nhóm 27 — TCTD — Bảng cân đối kế toán,"V. Vốn tài trợ, uỷ thác đầu tư, cho vay TCTD chịu rủi ro",Base,GSDC,Financial Report Catalog Dimension,Row Description Reference,FILTER,JOIN financial_rpt_catalog_dim ON financial_rpt_catalog_dim.financial_rpt_catalog_dim_id = fct_public_company_financial_rpt_val.financial_rpt_catalog_dim_id WHERE financial_rpt_catalog_dim.financial_rpt_catalog_code LIKE 'BCDKT%' AND financial_rpt_catalog_dim.enterprise_tp_code = 'td' AND financial_rpt_catalog_dim.row_description_reference = '350' AND financial_rpt_catalog_dim.column_description_reference = '1',
K_GSDC_1221,Data Explorer: Dữ liệu tài chính doanh nghiệp,Nhóm 27 — TCTD — Bảng cân đối kế toán,"V. Vốn tài trợ, uỷ thác đầu tư, cho vay TCTD chịu rủi ro",Base,GSDC,Fact Public Company Financial Report Value,Report Year,FILTER,fct_public_company_financial_rpt_val.rpt_year = :year AND fct_public_company_financial_rpt_val.rpt_quarter = :quarter,
K_GSDC_1222,Data Explorer: Dữ liệu tài chính doanh nghiệp,Nhóm 27 — TCTD — Bảng cân đối kế toán,VI. Phát hành giấy tờ có giá,Base,GSDC,Fact Public Company Financial Report Value,Data Value,MEASURE,fct_public_company_financial_rpt_val.data_val,
K_GSDC_1222,Data Explorer: Dữ liệu tài chính doanh nghiệp,Nhóm 27 — TCTD — Bảng cân đối kế toán,VI. Phát hành giấy tờ có giá,Base,GSDC,Financial Report Catalog Dimension,Row Description Reference,FILTER,JOIN financial_rpt_catalog_dim ON financial_rpt_catalog_dim.financial_rpt_catalog_dim_id = fct_public_company_financial_rpt_val.financial_rpt_catalog_dim_id WHERE financial_rpt_catalog_dim.financial_rpt_catalog_code LIKE 'BCDKT%' AND financial_rpt_catalog_dim.enterprise_tp_code = 'td' AND financial_rpt_catalog_dim.row_description_reference = '360' AND financial_rpt_catalog_dim.column_description_reference = '1',
K_GSDC_1222,Data Explorer: Dữ liệu tài chính doanh nghiệp,Nhóm 27 — TCTD — Bảng cân đối kế toán,VI. Phát hành giấy tờ có giá,Base,GSDC,Fact Public Company Financial Report Value,Report Year,FILTER,fct_public_company_financial_rpt_val.rpt_year = :year AND fct_public_company_financial_rpt_val.rpt_quarter = :quarter,
K_GSDC_1223,Data Explorer: Dữ liệu tài chính doanh nghiệp,Nhóm 27 — TCTD — Bảng cân đối kế toán,VII. Các khoản nợ khác,Base,GSDC,Fact Public Company Financial Report Value,Data Value,MEASURE,fct_public_company_financial_rpt_val.data_val,
K_GSDC_1223,Data Explorer: Dữ liệu tài chính doanh nghiệp,Nhóm 27 — TCTD — Bảng cân đối kế toán,VII. Các khoản nợ khác,Base,GSDC,Financial Report Catalog Dimension,Row Description Reference,FILTER,JOIN financial_rpt_catalog_dim ON financial_rpt_catalog_dim.financial_rpt_catalog_dim_id = fct_public_company_financial_rpt_val.financial_rpt_catalog_dim_id WHERE financial_rpt_catalog_dim.financial_rpt_catalog_code LIKE 'BCDKT%' AND financial_rpt_catalog_dim.enterprise_tp_code = 'td' AND financial_rpt_catalog_dim.row_description_reference = '370' AND financial_rpt_catalog_dim.column_description_reference = '1',
K_GSDC_1223,Data Explorer: Dữ liệu tài chính doanh nghiệp,Nhóm 27 — TCTD — Bảng cân đối kế toán,VII. Các khoản nợ khác,Base,GSDC,Fact Public Company Financial Report Value,Report Year,FILTER,fct_public_company_financial_rpt_val.rpt_year = :year AND fct_public_company_financial_rpt_val.rpt_quarter = :quarter,
K_GSDC_1224,Data Explorer: Dữ liệu tài chính doanh nghiệp,Nhóm 27 — TCTD — Bảng cân đối kế toán,"1. Các khoản lãi, phí phải trả",Base,GSDC,Fact Public Company Financial Report Value,Data Value,MEASURE,fct_public_company_financial_rpt_val.data_val,
K_GSDC_1224,Data Explorer: Dữ liệu tài chính doanh nghiệp,Nhóm 27 — TCTD — Bảng cân đối kế toán,"1. Các khoản lãi, phí phải trả",Base,GSDC,Financial Report Catalog Dimension,Row Description Reference,FILTER,JOIN financial_rpt_catalog_dim ON financial_rpt_catalog_dim.financial_rpt_catalog_dim_id = fct_public_company_financial_rpt_val.financial_rpt_catalog_dim_id WHERE financial_rpt_catalog_dim.financial_rpt_catalog_code LIKE 'BCDKT%' AND financial_rpt_catalog_dim.enterprise_tp_code = 'td' AND financial_rpt_catalog_dim.row_description_reference = '371' AND financial_rpt_catalog_dim.column_description_reference = '1',
K_GSDC_1224,Data Explorer: Dữ liệu tài chính doanh nghiệp,Nhóm 27 — TCTD — Bảng cân đối kế toán,"1. Các khoản lãi, phí phải trả",Base,GSDC,Fact Public Company Financial Report Value,Report Year,FILTER,fct_public_company_financial_rpt_val.rpt_year = :year AND fct_public_company_financial_rpt_val.rpt_quarter = :quarter,
K_GSDC_1225,Data Explorer: Dữ liệu tài chính doanh nghiệp,Nhóm 27 — TCTD — Bảng cân đối kế toán,2. Thuế TNDN hoãn lại phải trả,Base,GSDC,Fact Public Company Financial Report Value,Data Value,MEASURE,fct_public_company_financial_rpt_val.data_val,
K_GSDC_1225,Data Explorer: Dữ liệu tài chính doanh nghiệp,Nhóm 27 — TCTD — Bảng cân đối kế toán,2. Thuế TNDN hoãn lại phải trả,Base,GSDC,Financial Report Catalog Dimension,Row Description Reference,FILTER,JOIN financial_rpt_catalog_dim ON financial_rpt_catalog_dim.financial_rpt_catalog_dim_id = fct_public_company_financial_rpt_val.financial_rpt_catalog_dim_id WHERE financial_rpt_catalog_dim.financial_rpt_catalog_code LIKE 'BCDKT%' AND financial_rpt_catalog_dim.enterprise_tp_code = 'td' AND financial_rpt_catalog_dim.row_description_reference = '372' AND financial_rpt_catalog_dim.column_description_reference = '1',
K_GSDC_1225,Data Explorer: Dữ liệu tài chính doanh nghiệp,Nhóm 27 — TCTD — Bảng cân đối kế toán,2. Thuế TNDN hoãn lại phải trả,Base,GSDC,Fact Public Company Financial Report Value,Report Year,FILTER,fct_public_company_financial_rpt_val.rpt_year = :year AND fct_public_company_financial_rpt_val.rpt_quarter = :quarter,
K_GSDC_1226,Data Explorer: Dữ liệu tài chính doanh nghiệp,Nhóm 27 — TCTD — Bảng cân đối kế toán,3. Các khoản phải trả và công nợ khác,Base,GSDC,Fact Public Company Financial Report Value,Data Value,MEASURE,fct_public_company_financial_rpt_val.data_val,
K_GSDC_1226,Data Explorer: Dữ liệu tài chính doanh nghiệp,Nhóm 27 — TCTD — Bảng cân đối kế toán,3. Các khoản phải trả và công nợ khác,Base,GSDC,Financial Report Catalog Dimension,Row Description Reference,FILTER,JOIN financial_rpt_catalog_dim ON financial_rpt_catalog_dim.financial_rpt_catalog_dim_id = fct_public_company_financial_rpt_val.financial_rpt_catalog_dim_id WHERE financial_rpt_catalog_dim.financial_rpt_catalog_code LIKE 'BCDKT%' AND financial_rpt_catalog_dim.enterprise_tp_code = 'td' AND financial_rpt_catalog_dim.row_description_reference = '373' AND financial_rpt_catalog_dim.column_description_reference = '1',
K_GSDC_1226,Data Explorer: Dữ liệu tài chính doanh nghiệp,Nhóm 27 — TCTD — Bảng cân đối kế toán,3. Các khoản phải trả và công nợ khác,Base,GSDC,Fact Public Company Financial Report Value,Report Year,FILTER,fct_public_company_financial_rpt_val.rpt_year = :year AND fct_public_company_financial_rpt_val.rpt_quarter = :quarter,
K_GSDC_1227,Data Explorer: Dữ liệu tài chính doanh nghiệp,Nhóm 27 — TCTD — Bảng cân đối kế toán,4. Dự phòng rủi ro khác (Dự phòng cho công nợ tiềm ẩn và cam kết ngoại bảng),Base,GSDC,Fact Public Company Financial Report Value,Data Value,MEASURE,fct_public_company_financial_rpt_val.data_val,
K_GSDC_1227,Data Explorer: Dữ liệu tài chính doanh nghiệp,Nhóm 27 — TCTD — Bảng cân đối kế toán,4. Dự phòng rủi ro khác (Dự phòng cho công nợ tiềm ẩn và cam kết ngoại bảng),Base,GSDC,Financial Report Catalog Dimension,Row Description Reference,FILTER,JOIN financial_rpt_catalog_dim ON financial_rpt_catalog_dim.financial_rpt_catalog_dim_id = fct_public_company_financial_rpt_val.financial_rpt_catalog_dim_id WHERE financial_rpt_catalog_dim.financial_rpt_catalog_code LIKE 'BCDKT%' AND financial_rpt_catalog_dim.enterprise_tp_code = 'td' AND financial_rpt_catalog_dim.row_description_reference = '379' AND financial_rpt_catalog_dim.column_description_reference = '1',
K_GSDC_1227,Data Explorer: Dữ liệu tài chính doanh nghiệp,Nhóm 27 — TCTD — Bảng cân đối kế toán,4. Dự phòng rủi ro khác (Dự phòng cho công nợ tiềm ẩn và cam kết ngoại bảng),Base,GSDC,Fact Public Company Financial Report Value,Report Year,FILTER,fct_public_company_financial_rpt_val.rpt_year = :year AND fct_public_company_financial_rpt_val.rpt_quarter = :quarter,
K_GSDC_1228,Data Explorer: Dữ liệu tài chính doanh nghiệp,Nhóm 27 — TCTD — Bảng cân đối kế toán,Tổng nợ phải trả,Base,GSDC,Fact Public Company Financial Report Value,Data Value,MEASURE,fct_public_company_financial_rpt_val.data_val,
K_GSDC_1228,Data Explorer: Dữ liệu tài chính doanh nghiệp,Nhóm 27 — TCTD — Bảng cân đối kế toán,Tổng nợ phải trả,Base,GSDC,Financial Report Catalog Dimension,Row Description Reference,FILTER,JOIN financial_rpt_catalog_dim ON financial_rpt_catalog_dim.financial_rpt_catalog_dim_id = fct_public_company_financial_rpt_val.financial_rpt_catalog_dim_id WHERE financial_rpt_catalog_dim.financial_rpt_catalog_code LIKE 'BCDKT%' AND financial_rpt_catalog_dim.enterprise_tp_code = 'td' AND financial_rpt_catalog_dim.row_description_reference = '400' AND financial_rpt_catalog_dim.column_description_reference = '1',
K_GSDC_1228,Data Explorer: Dữ liệu tài chính doanh nghiệp,Nhóm 27 — TCTD — Bảng cân đối kế toán,Tổng nợ phải trả,Base,GSDC,Fact Public Company Financial Report Value,Report Year,FILTER,fct_public_company_financial_rpt_val.rpt_year = :year AND fct_public_company_financial_rpt_val.rpt_quarter = :quarter,
K_GSDC_1229,Data Explorer: Dữ liệu tài chính doanh nghiệp,Nhóm 27 — TCTD — Bảng cân đối kế toán,VIII. Vốn và các quỹ,Base,GSDC,Fact Public Company Financial Report Value,Data Value,MEASURE,fct_public_company_financial_rpt_val.data_val,
K_GSDC_1229,Data Explorer: Dữ liệu tài chính doanh nghiệp,Nhóm 27 — TCTD — Bảng cân đối kế toán,VIII. Vốn và các quỹ,Base,GSDC,Financial Report Catalog Dimension,Row Description Reference,FILTER,JOIN financial_rpt_catalog_dim ON financial_rpt_catalog_dim.financial_rpt_catalog_dim_id = fct_public_company_financial_rpt_val.financial_rpt_catalog_dim_id WHERE financial_rpt_catalog_dim.financial_rpt_catalog_code LIKE 'BCDKT%' AND financial_rpt_catalog_dim.enterprise_tp_code = 'td' AND financial_rpt_catalog_dim.row_description_reference = '500' AND financial_rpt_catalog_dim.column_description_reference = '1',
K_GSDC_1229,Data Explorer: Dữ liệu tài chính doanh nghiệp,Nhóm 27 — TCTD — Bảng cân đối kế toán,VIII. Vốn và các quỹ,Base,GSDC,Fact Public Company Financial Report Value,Report Year,FILTER,fct_public_company_financial_rpt_val.rpt_year = :year AND fct_public_company_financial_rpt_val.rpt_quarter = :quarter,
K_GSDC_1230,Data Explorer: Dữ liệu tài chính doanh nghiệp,Nhóm 27 — TCTD — Bảng cân đối kế toán,1. Vốn của TCTD,Base,GSDC,Fact Public Company Financial Report Value,Data Value,MEASURE,fct_public_company_financial_rpt_val.data_val,
K_GSDC_1230,Data Explorer: Dữ liệu tài chính doanh nghiệp,Nhóm 27 — TCTD — Bảng cân đối kế toán,1. Vốn của TCTD,Base,GSDC,Financial Report Catalog Dimension,Row Description Reference,FILTER,JOIN financial_rpt_catalog_dim ON financial_rpt_catalog_dim.financial_rpt_catalog_dim_id = fct_public_company_financial_rpt_val.financial_rpt_catalog_dim_id WHERE financial_rpt_catalog_dim.financial_rpt_catalog_code LIKE 'BCDKT%' AND financial_rpt_catalog_dim.enterprise_tp_code = 'td' AND financial_rpt_catalog_dim.row_description_reference = '410' AND financial_rpt_catalog_dim.column_description_reference = '1',
K_GSDC_1230,Data Explorer: Dữ liệu tài chính doanh nghiệp,Nhóm 27 — TCTD — Bảng cân đối kế toán,1. Vốn của TCTD,Base,GSDC,Fact Public Company Financial Report Value,Report Year,FILTER,fct_public_company_financial_rpt_val.rpt_year = :year AND fct_public_company_financial_rpt_val.rpt_quarter = :quarter,
K_GSDC_1231,Data Explorer: Dữ liệu tài chính doanh nghiệp,Nhóm 27 — TCTD — Bảng cân đối kế toán,a. Vốn điều lệ,Base,GSDC,Fact Public Company Financial Report Value,Data Value,MEASURE,fct_public_company_financial_rpt_val.data_val,
K_GSDC_1231,Data Explorer: Dữ liệu tài chính doanh nghiệp,Nhóm 27 — TCTD — Bảng cân đối kế toán,a. Vốn điều lệ,Base,GSDC,Financial Report Catalog Dimension,Row Description Reference,FILTER,JOIN financial_rpt_catalog_dim ON financial_rpt_catalog_dim.financial_rpt_catalog_dim_id = fct_public_company_financial_rpt_val.financial_rpt_catalog_dim_id WHERE financial_rpt_catalog_dim.financial_rpt_catalog_code LIKE 'BCDKT%' AND financial_rpt_catalog_dim.enterprise_tp_code = 'td' AND financial_rpt_catalog_dim.row_description_reference = '411' AND financial_rpt_catalog_dim.column_description_reference = '1',
K_GSDC_1231,Data Explorer: Dữ liệu tài chính doanh nghiệp,Nhóm 27 — TCTD — Bảng cân đối kế toán,a. Vốn điều lệ,Base,GSDC,Fact Public Company Financial Report Value,Report Year,FILTER,fct_public_company_financial_rpt_val.rpt_year = :year AND fct_public_company_financial_rpt_val.rpt_quarter = :quarter,
K_GSDC_1232,Data Explorer: Dữ liệu tài chính doanh nghiệp,Nhóm 27 — TCTD — Bảng cân đối kế toán,b. Vốn đầu tư XDCB,Base,GSDC,Fact Public Company Financial Report Value,Data Value,MEASURE,fct_public_company_financial_rpt_val.data_val,
K_GSDC_1232,Data Explorer: Dữ liệu tài chính doanh nghiệp,Nhóm 27 — TCTD — Bảng cân đối kế toán,b. Vốn đầu tư XDCB,Base,GSDC,Financial Report Catalog Dimension,Row Description Reference,FILTER,JOIN financial_rpt_catalog_dim ON financial_rpt_catalog_dim.financial_rpt_catalog_dim_id = fct_public_company_financial_rpt_val.financial_rpt_catalog_dim_id WHERE financial_rpt_catalog_dim.financial_rpt_catalog_code LIKE 'BCDKT%' AND financial_rpt_catalog_dim.enterprise_tp_code = 'td' AND financial_rpt_catalog_dim.row_description_reference = '412' AND financial_rpt_catalog_dim.column_description_reference = '1',
K_GSDC_1232,Data Explorer: Dữ liệu tài chính doanh nghiệp,Nhóm 27 — TCTD — Bảng cân đối kế toán,b. Vốn đầu tư XDCB,Base,GSDC,Fact Public Company Financial Report Value,Report Year,FILTER,fct_public_company_financial_rpt_val.rpt_year = :year AND fct_public_company_financial_rpt_val.rpt_quarter = :quarter,
K_GSDC_1233,Data Explorer: Dữ liệu tài chính doanh nghiệp,Nhóm 27 — TCTD — Bảng cân đối kế toán,c. Thặng dư vốn cổ phần,Base,GSDC,Fact Public Company Financial Report Value,Data Value,MEASURE,fct_public_company_financial_rpt_val.data_val,
K_GSDC_1233,Data Explorer: Dữ liệu tài chính doanh nghiệp,Nhóm 27 — TCTD — Bảng cân đối kế toán,c. Thặng dư vốn cổ phần,Base,GSDC,Financial Report Catalog Dimension,Row Description Reference,FILTER,JOIN financial_rpt_catalog_dim ON financial_rpt_catalog_dim.financial_rpt_catalog_dim_id = fct_public_company_financial_rpt_val.financial_rpt_catalog_dim_id WHERE financial_rpt_catalog_dim.financial_rpt_catalog_code LIKE 'BCDKT%' AND financial_rpt_catalog_dim.enterprise_tp_code = 'td' AND financial_rpt_catalog_dim.row_description_reference = '413' AND financial_rpt_catalog_dim.column_description_reference = '1',
K_GSDC_1233,Data Explorer: Dữ liệu tài chính doanh nghiệp,Nhóm 27 — TCTD — Bảng cân đối kế toán,c. Thặng dư vốn cổ phần,Base,GSDC,Fact Public Company Financial Report Value,Report Year,FILTER,fct_public_company_financial_rpt_val.rpt_year = :year AND fct_public_company_financial_rpt_val.rpt_quarter = :quarter,
K_GSDC_1234,Data Explorer: Dữ liệu tài chính doanh nghiệp,Nhóm 27 — TCTD — Bảng cân đối kế toán,d. Cổ phiếu quỹ (*),Base,GSDC,Fact Public Company Financial Report Value,Data Value,MEASURE,fct_public_company_financial_rpt_val.data_val,
K_GSDC_1234,Data Explorer: Dữ liệu tài chính doanh nghiệp,Nhóm 27 — TCTD — Bảng cân đối kế toán,d. Cổ phiếu quỹ (*),Base,GSDC,Financial Report Catalog Dimension,Row Description Reference,FILTER,JOIN financial_rpt_catalog_dim ON financial_rpt_catalog_dim.financial_rpt_catalog_dim_id = fct_public_company_financial_rpt_val.financial_rpt_catalog_dim_id WHERE financial_rpt_catalog_dim.financial_rpt_catalog_code LIKE 'BCDKT%' AND financial_rpt_catalog_dim.enterprise_tp_code = 'td' AND financial_rpt_catalog_dim.row_description_reference = '414' AND financial_rpt_catalog_dim.column_description_reference = '1',
K_GSDC_1234,Data Explorer: Dữ liệu tài chính doanh nghiệp,Nhóm 27 — TCTD — Bảng cân đối kế toán,d. Cổ phiếu quỹ (*),Base,GSDC,Fact Public Company Financial Report Value,Report Year,FILTER,fct_public_company_financial_rpt_val.rpt_year = :year AND fct_public_company_financial_rpt_val.rpt_quarter = :quarter,
K_GSDC_1235,Data Explorer: Dữ liệu tài chính doanh nghiệp,Nhóm 27 — TCTD — Bảng cân đối kế toán,e. Cổ phiếu ưu đãi,Base,GSDC,Fact Public Company Financial Report Value,Data Value,MEASURE,fct_public_company_financial_rpt_val.data_val,
K_GSDC_1235,Data Explorer: Dữ liệu tài chính doanh nghiệp,Nhóm 27 — TCTD — Bảng cân đối kế toán,e. Cổ phiếu ưu đãi,Base,GSDC,Financial Report Catalog Dimension,Row Description Reference,FILTER,JOIN financial_rpt_catalog_dim ON financial_rpt_catalog_dim.financial_rpt_catalog_dim_id = fct_public_company_financial_rpt_val.financial_rpt_catalog_dim_id WHERE financial_rpt_catalog_dim.financial_rpt_catalog_code LIKE 'BCDKT%' AND financial_rpt_catalog_dim.enterprise_tp_code = 'td' AND financial_rpt_catalog_dim.row_description_reference = '415' AND financial_rpt_catalog_dim.column_description_reference = '1',
K_GSDC_1235,Data Explorer: Dữ liệu tài chính doanh nghiệp,Nhóm 27 — TCTD — Bảng cân đối kế toán,e. Cổ phiếu ưu đãi,Base,GSDC,Fact Public Company Financial Report Value,Report Year,FILTER,fct_public_company_financial_rpt_val.rpt_year = :year AND fct_public_company_financial_rpt_val.rpt_quarter = :quarter,
K_GSDC_1236,Data Explorer: Dữ liệu tài chính doanh nghiệp,Nhóm 27 — TCTD — Bảng cân đối kế toán,g. Vốn khác,Base,GSDC,Fact Public Company Financial Report Value,Data Value,MEASURE,fct_public_company_financial_rpt_val.data_val,
K_GSDC_1236,Data Explorer: Dữ liệu tài chính doanh nghiệp,Nhóm 27 — TCTD — Bảng cân đối kế toán,g. Vốn khác,Base,GSDC,Financial Report Catalog Dimension,Row Description Reference,FILTER,JOIN financial_rpt_catalog_dim ON financial_rpt_catalog_dim.financial_rpt_catalog_dim_id = fct_public_company_financial_rpt_val.financial_rpt_catalog_dim_id WHERE financial_rpt_catalog_dim.financial_rpt_catalog_code LIKE 'BCDKT%' AND financial_rpt_catalog_dim.enterprise_tp_code = 'td' AND financial_rpt_catalog_dim.row_description_reference = '416' AND financial_rpt_catalog_dim.column_description_reference = '1',
K_GSDC_1236,Data Explorer: Dữ liệu tài chính doanh nghiệp,Nhóm 27 — TCTD — Bảng cân đối kế toán,g. Vốn khác,Base,GSDC,Fact Public Company Financial Report Value,Report Year,FILTER,fct_public_company_financial_rpt_val.rpt_year = :year AND fct_public_company_financial_rpt_val.rpt_quarter = :quarter,
K_GSDC_1237,Data Explorer: Dữ liệu tài chính doanh nghiệp,Nhóm 27 — TCTD — Bảng cân đối kế toán,2. Quỹ của TCTD,Base,GSDC,Fact Public Company Financial Report Value,Data Value,MEASURE,fct_public_company_financial_rpt_val.data_val,
K_GSDC_1237,Data Explorer: Dữ liệu tài chính doanh nghiệp,Nhóm 27 — TCTD — Bảng cân đối kế toán,2. Quỹ của TCTD,Base,GSDC,Financial Report Catalog Dimension,Row Description Reference,FILTER,JOIN financial_rpt_catalog_dim ON financial_rpt_catalog_dim.financial_rpt_catalog_dim_id = fct_public_company_financial_rpt_val.financial_rpt_catalog_dim_id WHERE financial_rpt_catalog_dim.financial_rpt_catalog_code LIKE 'BCDKT%' AND financial_rpt_catalog_dim.enterprise_tp_code = 'td' AND financial_rpt_catalog_dim.row_description_reference = '420' AND financial_rpt_catalog_dim.column_description_reference = '1',
K_GSDC_1237,Data Explorer: Dữ liệu tài chính doanh nghiệp,Nhóm 27 — TCTD — Bảng cân đối kế toán,2. Quỹ của TCTD,Base,GSDC,Fact Public Company Financial Report Value,Report Year,FILTER,fct_public_company_financial_rpt_val.rpt_year = :year AND fct_public_company_financial_rpt_val.rpt_quarter = :quarter,
K_GSDC_1238,Data Explorer: Dữ liệu tài chính doanh nghiệp,Nhóm 27 — TCTD — Bảng cân đối kế toán,3. Chênh lệch tỷ giá hối đoái (3),Base,GSDC,Fact Public Company Financial Report Value,Data Value,MEASURE,fct_public_company_financial_rpt_val.data_val,
K_GSDC_1238,Data Explorer: Dữ liệu tài chính doanh nghiệp,Nhóm 27 — TCTD — Bảng cân đối kế toán,3. Chênh lệch tỷ giá hối đoái (3),Base,GSDC,Financial Report Catalog Dimension,Row Description Reference,FILTER,JOIN financial_rpt_catalog_dim ON financial_rpt_catalog_dim.financial_rpt_catalog_dim_id = fct_public_company_financial_rpt_val.financial_rpt_catalog_dim_id WHERE financial_rpt_catalog_dim.financial_rpt_catalog_code LIKE 'BCDKT%' AND financial_rpt_catalog_dim.enterprise_tp_code = 'td' AND financial_rpt_catalog_dim.row_description_reference = '430' AND financial_rpt_catalog_dim.column_description_reference = '1',
K_GSDC_1238,Data Explorer: Dữ liệu tài chính doanh nghiệp,Nhóm 27 — TCTD — Bảng cân đối kế toán,3. Chênh lệch tỷ giá hối đoái (3),Base,GSDC,Fact Public Company Financial Report Value,Report Year,FILTER,fct_public_company_financial_rpt_val.rpt_year = :year AND fct_public_company_financial_rpt_val.rpt_quarter = :quarter,
K_GSDC_1239,Data Explorer: Dữ liệu tài chính doanh nghiệp,Nhóm 27 — TCTD — Bảng cân đối kế toán,4. Chênh lệch đánh giá lại tài sản,Base,GSDC,Fact Public Company Financial Report Value,Data Value,MEASURE,fct_public_company_financial_rpt_val.data_val,
K_GSDC_1239,Data Explorer: Dữ liệu tài chính doanh nghiệp,Nhóm 27 — TCTD — Bảng cân đối kế toán,4. Chênh lệch đánh giá lại tài sản,Base,GSDC,Financial Report Catalog Dimension,Row Description Reference,FILTER,JOIN financial_rpt_catalog_dim ON financial_rpt_catalog_dim.financial_rpt_catalog_dim_id = fct_public_company_financial_rpt_val.financial_rpt_catalog_dim_id WHERE financial_rpt_catalog_dim.financial_rpt_catalog_code LIKE 'BCDKT%' AND financial_rpt_catalog_dim.enterprise_tp_code = 'td' AND financial_rpt_catalog_dim.row_description_reference = '440' AND financial_rpt_catalog_dim.column_description_reference = '1',
K_GSDC_1239,Data Explorer: Dữ liệu tài chính doanh nghiệp,Nhóm 27 — TCTD — Bảng cân đối kế toán,4. Chênh lệch đánh giá lại tài sản,Base,GSDC,Fact Public Company Financial Report Value,Report Year,FILTER,fct_public_company_financial_rpt_val.rpt_year = :year AND fct_public_company_financial_rpt_val.rpt_quarter = :quarter,
K_GSDC_1240,Data Explorer: Dữ liệu tài chính doanh nghiệp,Nhóm 27 — TCTD — Bảng cân đối kế toán,5. Lợi nhuận chưa phân phối/ Lỗ lũy kế (3),Base,GSDC,Fact Public Company Financial Report Value,Data Value,MEASURE,fct_public_company_financial_rpt_val.data_val,
K_GSDC_1240,Data Explorer: Dữ liệu tài chính doanh nghiệp,Nhóm 27 — TCTD — Bảng cân đối kế toán,5. Lợi nhuận chưa phân phối/ Lỗ lũy kế (3),Base,GSDC,Financial Report Catalog Dimension,Row Description Reference,FILTER,JOIN financial_rpt_catalog_dim ON financial_rpt_catalog_dim.financial_rpt_catalog_dim_id = fct_public_company_financial_rpt_val.financial_rpt_catalog_dim_id WHERE financial_rpt_catalog_dim.financial_rpt_catalog_code LIKE 'BCDKT%' AND financial_rpt_catalog_dim.enterprise_tp_code = 'td' AND financial_rpt_catalog_dim.row_description_reference = '450' AND financial_rpt_catalog_dim.column_description_reference = '1',
K_GSDC_1240,Data Explorer: Dữ liệu tài chính doanh nghiệp,Nhóm 27 — TCTD — Bảng cân đối kế toán,5. Lợi nhuận chưa phân phối/ Lỗ lũy kế (3),Base,GSDC,Fact Public Company Financial Report Value,Report Year,FILTER,fct_public_company_financial_rpt_val.rpt_year = :year AND fct_public_company_financial_rpt_val.rpt_quarter = :quarter,
K_GSDC_1241,Data Explorer: Dữ liệu tài chính doanh nghiệp,Nhóm 27 — TCTD — Bảng cân đối kế toán,IX. Lợi ích của cổ đông thiểu số,Base,GSDC,Fact Public Company Financial Report Value,Data Value,MEASURE,fct_public_company_financial_rpt_val.data_val,
K_GSDC_1241,Data Explorer: Dữ liệu tài chính doanh nghiệp,Nhóm 27 — TCTD — Bảng cân đối kế toán,IX. Lợi ích của cổ đông thiểu số,Base,GSDC,Financial Report Catalog Dimension,Row Description Reference,FILTER,JOIN financial_rpt_catalog_dim ON financial_rpt_catalog_dim.financial_rpt_catalog_dim_id = fct_public_company_financial_rpt_val.financial_rpt_catalog_dim_id WHERE financial_rpt_catalog_dim.financial_rpt_catalog_code LIKE 'BCDKT%' AND financial_rpt_catalog_dim.enterprise_tp_code = 'td' AND financial_rpt_catalog_dim.row_description_reference = '700' AND financial_rpt_catalog_dim.column_description_reference = '1',
K_GSDC_1241,Data Explorer: Dữ liệu tài chính doanh nghiệp,Nhóm 27 — TCTD — Bảng cân đối kế toán,IX. Lợi ích của cổ đông thiểu số,Base,GSDC,Fact Public Company Financial Report Value,Report Year,FILTER,fct_public_company_financial_rpt_val.rpt_year = :year AND fct_public_company_financial_rpt_val.rpt_quarter = :quarter,
K_GSDC_1242,Data Explorer: Dữ liệu tài chính doanh nghiệp,Nhóm 27 — TCTD — Bảng cân đối kế toán,Tổng nợ phải trả và vốn chủ sở hữu,Base,GSDC,Fact Public Company Financial Report Value,Data Value,MEASURE,fct_public_company_financial_rpt_val.data_val,
K_GSDC_1242,Data Explorer: Dữ liệu tài chính doanh nghiệp,Nhóm 27 — TCTD — Bảng cân đối kế toán,Tổng nợ phải trả và vốn chủ sở hữu,Base,GSDC,Financial Report Catalog Dimension,Row Description Reference,FILTER,JOIN financial_rpt_catalog_dim ON financial_rpt_catalog_dim.financial_rpt_catalog_dim_id = fct_public_company_financial_rpt_val.financial_rpt_catalog_dim_id WHERE financial_rpt_catalog_dim.financial_rpt_catalog_code LIKE 'BCDKT%' AND financial_rpt_catalog_dim.enterprise_tp_code = 'td' AND financial_rpt_catalog_dim.row_description_reference = '800' AND financial_rpt_catalog_dim.column_description_reference = '1',
K_GSDC_1242,Data Explorer: Dữ liệu tài chính doanh nghiệp,Nhóm 27 — TCTD — Bảng cân đối kế toán,Tổng nợ phải trả và vốn chủ sở hữu,Base,GSDC,Fact Public Company Financial Report Value,Report Year,FILTER,fct_public_company_financial_rpt_val.rpt_year = :year AND fct_public_company_financial_rpt_val.rpt_quarter = :quarter,
K_GSDC_1244,Data Explorer: Dữ liệu tài chính doanh nghiệp,Nhóm 27 — TCTD — Bảng cân đối kế toán,I.Nghĩa vụ nợ tiềm ẩn,Base,GSDC,Fact Public Company Financial Report Value,Data Value,MEASURE,fct_public_company_financial_rpt_val.data_val,
K_GSDC_1244,Data Explorer: Dữ liệu tài chính doanh nghiệp,Nhóm 27 — TCTD — Bảng cân đối kế toán,I.Nghĩa vụ nợ tiềm ẩn,Base,GSDC,Financial Report Catalog Dimension,Row Description Reference,FILTER,JOIN financial_rpt_catalog_dim ON financial_rpt_catalog_dim.financial_rpt_catalog_dim_id = fct_public_company_financial_rpt_val.financial_rpt_catalog_dim_id WHERE financial_rpt_catalog_dim.financial_rpt_catalog_code LIKE 'BCDKT%' AND financial_rpt_catalog_dim.enterprise_tp_code = 'td' AND financial_rpt_catalog_dim.row_description_reference = '910' AND financial_rpt_catalog_dim.column_description_reference = '1',
K_GSDC_1244,Data Explorer: Dữ liệu tài chính doanh nghiệp,Nhóm 27 — TCTD — Bảng cân đối kế toán,I.Nghĩa vụ nợ tiềm ẩn,Base,GSDC,Fact Public Company Financial Report Value,Report Year,FILTER,fct_public_company_financial_rpt_val.rpt_year = :year AND fct_public_company_financial_rpt_val.rpt_quarter = :quarter,
K_GSDC_1245,Data Explorer: Dữ liệu tài chính doanh nghiệp,Nhóm 27 — TCTD — Bảng cân đối kế toán,1.Bảo lãnh vay vốn,Base,GSDC,Fact Public Company Financial Report Value,Data Value,MEASURE,fct_public_company_financial_rpt_val.data_val,
K_GSDC_1245,Data Explorer: Dữ liệu tài chính doanh nghiệp,Nhóm 27 — TCTD — Bảng cân đối kế toán,1.Bảo lãnh vay vốn,Base,GSDC,Financial Report Catalog Dimension,Row Description Reference,FILTER,JOIN financial_rpt_catalog_dim ON financial_rpt_catalog_dim.financial_rpt_catalog_dim_id = fct_public_company_financial_rpt_val.financial_rpt_catalog_dim_id WHERE financial_rpt_catalog_dim.financial_rpt_catalog_code LIKE 'BCDKT%' AND financial_rpt_catalog_dim.enterprise_tp_code = 'td' AND financial_rpt_catalog_dim.row_description_reference = '911' AND financial_rpt_catalog_dim.column_description_reference = '1',
K_GSDC_1245,Data Explorer: Dữ liệu tài chính doanh nghiệp,Nhóm 27 — TCTD — Bảng cân đối kế toán,1.Bảo lãnh vay vốn,Base,GSDC,Fact Public Company Financial Report Value,Report Year,FILTER,fct_public_company_financial_rpt_val.rpt_year = :year AND fct_public_company_financial_rpt_val.rpt_quarter = :quarter,
K_GSDC_1246,Data Explorer: Dữ liệu tài chính doanh nghiệp,Nhóm 27 — TCTD — Bảng cân đối kế toán,2.Cam kết trong nghiệp vụ L/C,Base,GSDC,Fact Public Company Financial Report Value,Data Value,MEASURE,fct_public_company_financial_rpt_val.data_val,
K_GSDC_1246,Data Explorer: Dữ liệu tài chính doanh nghiệp,Nhóm 27 — TCTD — Bảng cân đối kế toán,2.Cam kết trong nghiệp vụ L/C,Base,GSDC,Financial Report Catalog Dimension,Row Description Reference,FILTER,JOIN financial_rpt_catalog_dim ON financial_rpt_catalog_dim.financial_rpt_catalog_dim_id = fct_public_company_financial_rpt_val.financial_rpt_catalog_dim_id WHERE financial_rpt_catalog_dim.financial_rpt_catalog_code LIKE 'BCDKT%' AND financial_rpt_catalog_dim.enterprise_tp_code = 'td' AND financial_rpt_catalog_dim.row_description_reference = '912' AND financial_rpt_catalog_dim.column_description_reference = '1',
K_GSDC_1246,Data Explorer: Dữ liệu tài chính doanh nghiệp,Nhóm 27 — TCTD — Bảng cân đối kế toán,2.Cam kết trong nghiệp vụ L/C,Base,GSDC,Fact Public Company Financial Report Value,Report Year,FILTER,fct_public_company_financial_rpt_val.rpt_year = :year AND fct_public_company_financial_rpt_val.rpt_quarter = :quarter,
K_GSDC_1247,Data Explorer: Dữ liệu tài chính doanh nghiệp,Nhóm 27 — TCTD — Bảng cân đối kế toán,3.Bảo lãnh khác,Base,GSDC,Fact Public Company Financial Report Value,Data Value,MEASURE,fct_public_company_financial_rpt_val.data_val,
K_GSDC_1247,Data Explorer: Dữ liệu tài chính doanh nghiệp,Nhóm 27 — TCTD — Bảng cân đối kế toán,3.Bảo lãnh khác,Base,GSDC,Financial Report Catalog Dimension,Row Description Reference,FILTER,JOIN financial_rpt_catalog_dim ON financial_rpt_catalog_dim.financial_rpt_catalog_dim_id = fct_public_company_financial_rpt_val.financial_rpt_catalog_dim_id WHERE financial_rpt_catalog_dim.financial_rpt_catalog_code LIKE 'BCDKT%' AND financial_rpt_catalog_dim.enterprise_tp_code = 'td' AND financial_rpt_catalog_dim.row_description_reference = '913' AND financial_rpt_catalog_dim.column_description_reference = '1',
K_GSDC_1247,Data Explorer: Dữ liệu tài chính doanh nghiệp,Nhóm 27 — TCTD — Bảng cân đối kế toán,3.Bảo lãnh khác,Base,GSDC,Fact Public Company Financial Report Value,Report Year,FILTER,fct_public_company_financial_rpt_val.rpt_year = :year AND fct_public_company_financial_rpt_val.rpt_quarter = :quarter,
K_GSDC_1248,Data Explorer: Dữ liệu tài chính doanh nghiệp,Nhóm 27 — TCTD — Bảng cân đối kế toán,II.Các cam kết đưa ra,Base,GSDC,Fact Public Company Financial Report Value,Data Value,MEASURE,fct_public_company_financial_rpt_val.data_val,
K_GSDC_1248,Data Explorer: Dữ liệu tài chính doanh nghiệp,Nhóm 27 — TCTD — Bảng cân đối kế toán,II.Các cam kết đưa ra,Base,GSDC,Financial Report Catalog Dimension,Row Description Reference,FILTER,JOIN financial_rpt_catalog_dim ON financial_rpt_catalog_dim.financial_rpt_catalog_dim_id = fct_public_company_financial_rpt_val.financial_rpt_catalog_dim_id WHERE financial_rpt_catalog_dim.financial_rpt_catalog_code LIKE 'BCDKT%' AND financial_rpt_catalog_dim.enterprise_tp_code = 'td' AND financial_rpt_catalog_dim.row_description_reference = '920' AND financial_rpt_catalog_dim.column_description_reference = '1',
K_GSDC_1248,Data Explorer: Dữ liệu tài chính doanh nghiệp,Nhóm 27 — TCTD — Bảng cân đối kế toán,II.Các cam kết đưa ra,Base,GSDC,Fact Public Company Financial Report Value,Report Year,FILTER,fct_public_company_financial_rpt_val.rpt_year = :year AND fct_public_company_financial_rpt_val.rpt_quarter = :quarter,
K_GSDC_1249,Data Explorer: Dữ liệu tài chính doanh nghiệp,Nhóm 27 — TCTD — Bảng cân đối kế toán,1.Cam kết tài trợ cho khách hàng,Base,GSDC,Fact Public Company Financial Report Value,Data Value,MEASURE,fct_public_company_financial_rpt_val.data_val,
K_GSDC_1249,Data Explorer: Dữ liệu tài chính doanh nghiệp,Nhóm 27 — TCTD — Bảng cân đối kế toán,1.Cam kết tài trợ cho khách hàng,Base,GSDC,Financial Report Catalog Dimension,Row Description Reference,FILTER,JOIN financial_rpt_catalog_dim ON financial_rpt_catalog_dim.financial_rpt_catalog_dim_id = fct_public_company_financial_rpt_val.financial_rpt_catalog_dim_id WHERE financial_rpt_catalog_dim.financial_rpt_catalog_code LIKE 'BCDKT%' AND financial_rpt_catalog_dim.enterprise_tp_code = 'td' AND financial_rpt_catalog_dim.row_description_reference = '921' AND financial_rpt_catalog_dim.column_description_reference = '1',
K_GSDC_1249,Data Explorer: Dữ liệu tài chính doanh nghiệp,Nhóm 27 — TCTD — Bảng cân đối kế toán,1.Cam kết tài trợ cho khách hàng,Base,GSDC,Fact Public Company Financial Report Value,Report Year,FILTER,fct_public_company_financial_rpt_val.rpt_year = :year AND fct_public_company_financial_rpt_val.rpt_quarter = :quarter,
K_GSDC_1250,Data Explorer: Dữ liệu tài chính doanh nghiệp,Nhóm 27 — TCTD — Bảng cân đối kế toán,2.Cam kết khác,Base,GSDC,Fact Public Company Financial Report Value,Data Value,MEASURE,fct_public_company_financial_rpt_val.data_val,
K_GSDC_1250,Data Explorer: Dữ liệu tài chính doanh nghiệp,Nhóm 27 — TCTD — Bảng cân đối kế toán,2.Cam kết khác,Base,GSDC,Financial Report Catalog Dimension,Row Description Reference,FILTER,JOIN financial_rpt_catalog_dim ON financial_rpt_catalog_dim.financial_rpt_catalog_dim_id = fct_public_company_financial_rpt_val.financial_rpt_catalog_dim_id WHERE financial_rpt_catalog_dim.financial_rpt_catalog_code LIKE 'BCDKT%' AND financial_rpt_catalog_dim.enterprise_tp_code = 'td' AND financial_rpt_catalog_dim.row_description_reference = '922' AND financial_rpt_catalog_dim.column_description_reference = '1',
K_GSDC_1250,Data Explorer: Dữ liệu tài chính doanh nghiệp,Nhóm 27 — TCTD — Bảng cân đối kế toán,2.Cam kết khác,Base,GSDC,Fact Public Company Financial Report Value,Report Year,FILTER,fct_public_company_financial_rpt_val.rpt_year = :year AND fct_public_company_financial_rpt_val.rpt_quarter = :quarter,
K_GSDC_1166,Data Explorer: Dữ liệu tài chính doanh nghiệp,Nhóm 27 — TCTD — Bảng cân đối kế toán,A. TÀI SẢN,N/A,GSDC,,,SLICER,,"Section label — không có logic tính toán, dùng cho hiển thị phân cấp trong Data Explorer"
K_GSDC_1243,Data Explorer: Dữ liệu tài chính doanh nghiệp,Nhóm 27 — TCTD — Bảng cân đối kế toán,CÁC CHỈ TIÊU NGOÀI BẢNG,N/A,GSDC,,,SLICER,,"Section label — không có logic tính toán, dùng cho hiển thị phân cấp trong Data Explorer"
K_GSDC_1251,Data Explorer: Dữ liệu tài chính doanh nghiệp,Nhóm 28 — TCTD — Báo cáo KQKD,1. Thu nhập lãi và các khoản thu nhập tương tự,Base,GSDC,Fact Public Company Financial Report Value,Data Value,MEASURE,fct_public_company_financial_rpt_val.data_val,
K_GSDC_1251,Data Explorer: Dữ liệu tài chính doanh nghiệp,Nhóm 28 — TCTD — Báo cáo KQKD,1. Thu nhập lãi và các khoản thu nhập tương tự,Base,GSDC,Financial Report Catalog Dimension,Row Description Reference,FILTER,JOIN financial_rpt_catalog_dim ON financial_rpt_catalog_dim.financial_rpt_catalog_dim_id = fct_public_company_financial_rpt_val.financial_rpt_catalog_dim_id WHERE financial_rpt_catalog_dim.financial_rpt_catalog_code LIKE 'BCKQKD%' AND financial_rpt_catalog_dim.enterprise_tp_code = 'td' AND financial_rpt_catalog_dim.row_description_reference = '01' AND financial_rpt_catalog_dim.column_description_reference = '1',
K_GSDC_1251,Data Explorer: Dữ liệu tài chính doanh nghiệp,Nhóm 28 — TCTD — Báo cáo KQKD,1. Thu nhập lãi và các khoản thu nhập tương tự,Base,GSDC,Fact Public Company Financial Report Value,Report Year,FILTER,fct_public_company_financial_rpt_val.rpt_year = :year AND fct_public_company_financial_rpt_val.rpt_quarter = :quarter,
K_GSDC_1252,Data Explorer: Dữ liệu tài chính doanh nghiệp,Nhóm 28 — TCTD — Báo cáo KQKD,2. Chi phí lãi và các chi phí tương tự,Base,GSDC,Fact Public Company Financial Report Value,Data Value,MEASURE,fct_public_company_financial_rpt_val.data_val,
K_GSDC_1252,Data Explorer: Dữ liệu tài chính doanh nghiệp,Nhóm 28 — TCTD — Báo cáo KQKD,2. Chi phí lãi và các chi phí tương tự,Base,GSDC,Financial Report Catalog Dimension,Row Description Reference,FILTER,JOIN financial_rpt_catalog_dim ON financial_rpt_catalog_dim.financial_rpt_catalog_dim_id = fct_public_company_financial_rpt_val.financial_rpt_catalog_dim_id WHERE financial_rpt_catalog_dim.financial_rpt_catalog_code LIKE 'BCKQKD%' AND financial_rpt_catalog_dim.enterprise_tp_code = 'td' AND financial_rpt_catalog_dim.row_description_reference = '02' AND financial_rpt_catalog_dim.column_description_reference = '1',
K_GSDC_1252,Data Explorer: Dữ liệu tài chính doanh nghiệp,Nhóm 28 — TCTD — Báo cáo KQKD,2. Chi phí lãi và các chi phí tương tự,Base,GSDC,Fact Public Company Financial Report Value,Report Year,FILTER,fct_public_company_financial_rpt_val.rpt_year = :year AND fct_public_company_financial_rpt_val.rpt_quarter = :quarter,
K_GSDC_1253,Data Explorer: Dữ liệu tài chính doanh nghiệp,Nhóm 28 — TCTD — Báo cáo KQKD,I. Thu nhập lãi thuần,Base,GSDC,Fact Public Company Financial Report Value,Data Value,MEASURE,fct_public_company_financial_rpt_val.data_val,
K_GSDC_1253,Data Explorer: Dữ liệu tài chính doanh nghiệp,Nhóm 28 — TCTD — Báo cáo KQKD,I. Thu nhập lãi thuần,Base,GSDC,Financial Report Catalog Dimension,Row Description Reference,FILTER,JOIN financial_rpt_catalog_dim ON financial_rpt_catalog_dim.financial_rpt_catalog_dim_id = fct_public_company_financial_rpt_val.financial_rpt_catalog_dim_id WHERE financial_rpt_catalog_dim.financial_rpt_catalog_code LIKE 'BCKQKD%' AND financial_rpt_catalog_dim.enterprise_tp_code = 'td' AND financial_rpt_catalog_dim.row_description_reference = '03' AND financial_rpt_catalog_dim.column_description_reference = '1',
K_GSDC_1253,Data Explorer: Dữ liệu tài chính doanh nghiệp,Nhóm 28 — TCTD — Báo cáo KQKD,I. Thu nhập lãi thuần,Base,GSDC,Fact Public Company Financial Report Value,Report Year,FILTER,fct_public_company_financial_rpt_val.rpt_year = :year AND fct_public_company_financial_rpt_val.rpt_quarter = :quarter,
K_GSDC_1254,Data Explorer: Dữ liệu tài chính doanh nghiệp,Nhóm 28 — TCTD — Báo cáo KQKD,3. Thu nhập từ hoạt động dịch vụ,Base,GSDC,Fact Public Company Financial Report Value,Data Value,MEASURE,fct_public_company_financial_rpt_val.data_val,
K_GSDC_1254,Data Explorer: Dữ liệu tài chính doanh nghiệp,Nhóm 28 — TCTD — Báo cáo KQKD,3. Thu nhập từ hoạt động dịch vụ,Base,GSDC,Financial Report Catalog Dimension,Row Description Reference,FILTER,JOIN financial_rpt_catalog_dim ON financial_rpt_catalog_dim.financial_rpt_catalog_dim_id = fct_public_company_financial_rpt_val.financial_rpt_catalog_dim_id WHERE financial_rpt_catalog_dim.financial_rpt_catalog_code LIKE 'BCKQKD%' AND financial_rpt_catalog_dim.enterprise_tp_code = 'td' AND financial_rpt_catalog_dim.row_description_reference = '04' AND financial_rpt_catalog_dim.column_description_reference = '1',
K_GSDC_1254,Data Explorer: Dữ liệu tài chính doanh nghiệp,Nhóm 28 — TCTD — Báo cáo KQKD,3. Thu nhập từ hoạt động dịch vụ,Base,GSDC,Fact Public Company Financial Report Value,Report Year,FILTER,fct_public_company_financial_rpt_val.rpt_year = :year AND fct_public_company_financial_rpt_val.rpt_quarter = :quarter,
K_GSDC_1255,Data Explorer: Dữ liệu tài chính doanh nghiệp,Nhóm 28 — TCTD — Báo cáo KQKD,4. Chi phí hoạt động dịch vụ,Base,GSDC,Fact Public Company Financial Report Value,Data Value,MEASURE,fct_public_company_financial_rpt_val.data_val,
K_GSDC_1255,Data Explorer: Dữ liệu tài chính doanh nghiệp,Nhóm 28 — TCTD — Báo cáo KQKD,4. Chi phí hoạt động dịch vụ,Base,GSDC,Financial Report Catalog Dimension,Row Description Reference,FILTER,JOIN financial_rpt_catalog_dim ON financial_rpt_catalog_dim.financial_rpt_catalog_dim_id = fct_public_company_financial_rpt_val.financial_rpt_catalog_dim_id WHERE financial_rpt_catalog_dim.financial_rpt_catalog_code LIKE 'BCKQKD%' AND financial_rpt_catalog_dim.enterprise_tp_code = 'td' AND financial_rpt_catalog_dim.row_description_reference = '05' AND financial_rpt_catalog_dim.column_description_reference = '1',
K_GSDC_1255,Data Explorer: Dữ liệu tài chính doanh nghiệp,Nhóm 28 — TCTD — Báo cáo KQKD,4. Chi phí hoạt động dịch vụ,Base,GSDC,Fact Public Company Financial Report Value,Report Year,FILTER,fct_public_company_financial_rpt_val.rpt_year = :year AND fct_public_company_financial_rpt_val.rpt_quarter = :quarter,
K_GSDC_1256,Data Explorer: Dữ liệu tài chính doanh nghiệp,Nhóm 28 — TCTD — Báo cáo KQKD,II. Lãi/ lỗ thuần từ hoạt động dịch vụ,Base,GSDC,Fact Public Company Financial Report Value,Data Value,MEASURE,fct_public_company_financial_rpt_val.data_val,
K_GSDC_1256,Data Explorer: Dữ liệu tài chính doanh nghiệp,Nhóm 28 — TCTD — Báo cáo KQKD,II. Lãi/ lỗ thuần từ hoạt động dịch vụ,Base,GSDC,Financial Report Catalog Dimension,Row Description Reference,FILTER,JOIN financial_rpt_catalog_dim ON financial_rpt_catalog_dim.financial_rpt_catalog_dim_id = fct_public_company_financial_rpt_val.financial_rpt_catalog_dim_id WHERE financial_rpt_catalog_dim.financial_rpt_catalog_code LIKE 'BCKQKD%' AND financial_rpt_catalog_dim.enterprise_tp_code = 'td' AND financial_rpt_catalog_dim.row_description_reference = '06' AND financial_rpt_catalog_dim.column_description_reference = '1',
K_GSDC_1256,Data Explorer: Dữ liệu tài chính doanh nghiệp,Nhóm 28 — TCTD — Báo cáo KQKD,II. Lãi/ lỗ thuần từ hoạt động dịch vụ,Base,GSDC,Fact Public Company Financial Report Value,Report Year,FILTER,fct_public_company_financial_rpt_val.rpt_year = :year AND fct_public_company_financial_rpt_val.rpt_quarter = :quarter,
K_GSDC_1257,Data Explorer: Dữ liệu tài chính doanh nghiệp,Nhóm 28 — TCTD — Báo cáo KQKD,III. Lãi/ lỗ thuần từ hoạt động kinh doanh ngoại hối,Base,GSDC,Fact Public Company Financial Report Value,Data Value,MEASURE,fct_public_company_financial_rpt_val.data_val,
K_GSDC_1257,Data Explorer: Dữ liệu tài chính doanh nghiệp,Nhóm 28 — TCTD — Báo cáo KQKD,III. Lãi/ lỗ thuần từ hoạt động kinh doanh ngoại hối,Base,GSDC,Financial Report Catalog Dimension,Row Description Reference,FILTER,JOIN financial_rpt_catalog_dim ON financial_rpt_catalog_dim.financial_rpt_catalog_dim_id = fct_public_company_financial_rpt_val.financial_rpt_catalog_dim_id WHERE financial_rpt_catalog_dim.financial_rpt_catalog_code LIKE 'BCKQKD%' AND financial_rpt_catalog_dim.enterprise_tp_code = 'td' AND financial_rpt_catalog_dim.row_description_reference = '07' AND financial_rpt_catalog_dim.column_description_reference = '1',
K_GSDC_1257,Data Explorer: Dữ liệu tài chính doanh nghiệp,Nhóm 28 — TCTD — Báo cáo KQKD,III. Lãi/ lỗ thuần từ hoạt động kinh doanh ngoại hối,Base,GSDC,Fact Public Company Financial Report Value,Report Year,FILTER,fct_public_company_financial_rpt_val.rpt_year = :year AND fct_public_company_financial_rpt_val.rpt_quarter = :quarter,
K_GSDC_1258,Data Explorer: Dữ liệu tài chính doanh nghiệp,Nhóm 28 — TCTD — Báo cáo KQKD,IV. Lãi/ lỗ thuần từ mua bán chứng khoán kinh doanh,Base,GSDC,Fact Public Company Financial Report Value,Data Value,MEASURE,fct_public_company_financial_rpt_val.data_val,
K_GSDC_1258,Data Explorer: Dữ liệu tài chính doanh nghiệp,Nhóm 28 — TCTD — Báo cáo KQKD,IV. Lãi/ lỗ thuần từ mua bán chứng khoán kinh doanh,Base,GSDC,Financial Report Catalog Dimension,Row Description Reference,FILTER,JOIN financial_rpt_catalog_dim ON financial_rpt_catalog_dim.financial_rpt_catalog_dim_id = fct_public_company_financial_rpt_val.financial_rpt_catalog_dim_id WHERE financial_rpt_catalog_dim.financial_rpt_catalog_code LIKE 'BCKQKD%' AND financial_rpt_catalog_dim.enterprise_tp_code = 'td' AND financial_rpt_catalog_dim.row_description_reference = '08' AND financial_rpt_catalog_dim.column_description_reference = '1',
K_GSDC_1258,Data Explorer: Dữ liệu tài chính doanh nghiệp,Nhóm 28 — TCTD — Báo cáo KQKD,IV. Lãi/ lỗ thuần từ mua bán chứng khoán kinh doanh,Base,GSDC,Fact Public Company Financial Report Value,Report Year,FILTER,fct_public_company_financial_rpt_val.rpt_year = :year AND fct_public_company_financial_rpt_val.rpt_quarter = :quarter,
K_GSDC_1259,Data Explorer: Dữ liệu tài chính doanh nghiệp,Nhóm 28 — TCTD — Báo cáo KQKD,V. Lãi/ lỗ thuần từ mua bán chứng khoán đầu tư,Base,GSDC,Fact Public Company Financial Report Value,Data Value,MEASURE,fct_public_company_financial_rpt_val.data_val,
K_GSDC_1259,Data Explorer: Dữ liệu tài chính doanh nghiệp,Nhóm 28 — TCTD — Báo cáo KQKD,V. Lãi/ lỗ thuần từ mua bán chứng khoán đầu tư,Base,GSDC,Financial Report Catalog Dimension,Row Description Reference,FILTER,JOIN financial_rpt_catalog_dim ON financial_rpt_catalog_dim.financial_rpt_catalog_dim_id = fct_public_company_financial_rpt_val.financial_rpt_catalog_dim_id WHERE financial_rpt_catalog_dim.financial_rpt_catalog_code LIKE 'BCKQKD%' AND financial_rpt_catalog_dim.enterprise_tp_code = 'td' AND financial_rpt_catalog_dim.row_description_reference = '09' AND financial_rpt_catalog_dim.column_description_reference = '1',
K_GSDC_1259,Data Explorer: Dữ liệu tài chính doanh nghiệp,Nhóm 28 — TCTD — Báo cáo KQKD,V. Lãi/ lỗ thuần từ mua bán chứng khoán đầu tư,Base,GSDC,Fact Public Company Financial Report Value,Report Year,FILTER,fct_public_company_financial_rpt_val.rpt_year = :year AND fct_public_company_financial_rpt_val.rpt_quarter = :quarter,
K_GSDC_1260,Data Explorer: Dữ liệu tài chính doanh nghiệp,Nhóm 28 — TCTD — Báo cáo KQKD,5. Thu nhập từ hoạt động khác,Base,GSDC,Fact Public Company Financial Report Value,Data Value,MEASURE,fct_public_company_financial_rpt_val.data_val,
K_GSDC_1260,Data Explorer: Dữ liệu tài chính doanh nghiệp,Nhóm 28 — TCTD — Báo cáo KQKD,5. Thu nhập từ hoạt động khác,Base,GSDC,Financial Report Catalog Dimension,Row Description Reference,FILTER,JOIN financial_rpt_catalog_dim ON financial_rpt_catalog_dim.financial_rpt_catalog_dim_id = fct_public_company_financial_rpt_val.financial_rpt_catalog_dim_id WHERE financial_rpt_catalog_dim.financial_rpt_catalog_code LIKE 'BCKQKD%' AND financial_rpt_catalog_dim.enterprise_tp_code = 'td' AND financial_rpt_catalog_dim.row_description_reference = '10' AND financial_rpt_catalog_dim.column_description_reference = '1',
K_GSDC_1260,Data Explorer: Dữ liệu tài chính doanh nghiệp,Nhóm 28 — TCTD — Báo cáo KQKD,5. Thu nhập từ hoạt động khác,Base,GSDC,Fact Public Company Financial Report Value,Report Year,FILTER,fct_public_company_financial_rpt_val.rpt_year = :year AND fct_public_company_financial_rpt_val.rpt_quarter = :quarter,
K_GSDC_1261,Data Explorer: Dữ liệu tài chính doanh nghiệp,Nhóm 28 — TCTD — Báo cáo KQKD,6. Chi phí hoạt động khác,Base,GSDC,Fact Public Company Financial Report Value,Data Value,MEASURE,fct_public_company_financial_rpt_val.data_val,
K_GSDC_1261,Data Explorer: Dữ liệu tài chính doanh nghiệp,Nhóm 28 — TCTD — Báo cáo KQKD,6. Chi phí hoạt động khác,Base,GSDC,Financial Report Catalog Dimension,Row Description Reference,FILTER,JOIN financial_rpt_catalog_dim ON financial_rpt_catalog_dim.financial_rpt_catalog_dim_id = fct_public_company_financial_rpt_val.financial_rpt_catalog_dim_id WHERE financial_rpt_catalog_dim.financial_rpt_catalog_code LIKE 'BCKQKD%' AND financial_rpt_catalog_dim.enterprise_tp_code = 'td' AND financial_rpt_catalog_dim.row_description_reference = '11' AND financial_rpt_catalog_dim.column_description_reference = '1',
K_GSDC_1261,Data Explorer: Dữ liệu tài chính doanh nghiệp,Nhóm 28 — TCTD — Báo cáo KQKD,6. Chi phí hoạt động khác,Base,GSDC,Fact Public Company Financial Report Value,Report Year,FILTER,fct_public_company_financial_rpt_val.rpt_year = :year AND fct_public_company_financial_rpt_val.rpt_quarter = :quarter,
K_GSDC_1262,Data Explorer: Dữ liệu tài chính doanh nghiệp,Nhóm 28 — TCTD — Báo cáo KQKD,Vl. Lãi/ lỗ thuần từ hoạt động khác,Base,GSDC,Fact Public Company Financial Report Value,Data Value,MEASURE,fct_public_company_financial_rpt_val.data_val,
K_GSDC_1262,Data Explorer: Dữ liệu tài chính doanh nghiệp,Nhóm 28 — TCTD — Báo cáo KQKD,Vl. Lãi/ lỗ thuần từ hoạt động khác,Base,GSDC,Financial Report Catalog Dimension,Row Description Reference,FILTER,JOIN financial_rpt_catalog_dim ON financial_rpt_catalog_dim.financial_rpt_catalog_dim_id = fct_public_company_financial_rpt_val.financial_rpt_catalog_dim_id WHERE financial_rpt_catalog_dim.financial_rpt_catalog_code LIKE 'BCKQKD%' AND financial_rpt_catalog_dim.enterprise_tp_code = 'td' AND financial_rpt_catalog_dim.row_description_reference = '12' AND financial_rpt_catalog_dim.column_description_reference = '1',
K_GSDC_1262,Data Explorer: Dữ liệu tài chính doanh nghiệp,Nhóm 28 — TCTD — Báo cáo KQKD,Vl. Lãi/ lỗ thuần từ hoạt động khác,Base,GSDC,Fact Public Company Financial Report Value,Report Year,FILTER,fct_public_company_financial_rpt_val.rpt_year = :year AND fct_public_company_financial_rpt_val.rpt_quarter = :quarter,
K_GSDC_1263,Data Explorer: Dữ liệu tài chính doanh nghiệp,Nhóm 28 — TCTD — Báo cáo KQKD,"VII. Thu nhập từ góp vốn, mua cổ phần",Base,GSDC,Fact Public Company Financial Report Value,Data Value,MEASURE,fct_public_company_financial_rpt_val.data_val,
K_GSDC_1263,Data Explorer: Dữ liệu tài chính doanh nghiệp,Nhóm 28 — TCTD — Báo cáo KQKD,"VII. Thu nhập từ góp vốn, mua cổ phần",Base,GSDC,Financial Report Catalog Dimension,Row Description Reference,FILTER,JOIN financial_rpt_catalog_dim ON financial_rpt_catalog_dim.financial_rpt_catalog_dim_id = fct_public_company_financial_rpt_val.financial_rpt_catalog_dim_id WHERE financial_rpt_catalog_dim.financial_rpt_catalog_code LIKE 'BCKQKD%' AND financial_rpt_catalog_dim.enterprise_tp_code = 'td' AND financial_rpt_catalog_dim.row_description_reference = '13' AND financial_rpt_catalog_dim.column_description_reference = '1',
K_GSDC_1263,Data Explorer: Dữ liệu tài chính doanh nghiệp,Nhóm 28 — TCTD — Báo cáo KQKD,"VII. Thu nhập từ góp vốn, mua cổ phần",Base,GSDC,Fact Public Company Financial Report Value,Report Year,FILTER,fct_public_company_financial_rpt_val.rpt_year = :year AND fct_public_company_financial_rpt_val.rpt_quarter = :quarter,
K_GSDC_1264,Data Explorer: Dữ liệu tài chính doanh nghiệp,Nhóm 28 — TCTD — Báo cáo KQKD,VIII. Chi phí hoạt động,Base,GSDC,Fact Public Company Financial Report Value,Data Value,MEASURE,fct_public_company_financial_rpt_val.data_val,
K_GSDC_1264,Data Explorer: Dữ liệu tài chính doanh nghiệp,Nhóm 28 — TCTD — Báo cáo KQKD,VIII. Chi phí hoạt động,Base,GSDC,Financial Report Catalog Dimension,Row Description Reference,FILTER,JOIN financial_rpt_catalog_dim ON financial_rpt_catalog_dim.financial_rpt_catalog_dim_id = fct_public_company_financial_rpt_val.financial_rpt_catalog_dim_id WHERE financial_rpt_catalog_dim.financial_rpt_catalog_code LIKE 'BCKQKD%' AND financial_rpt_catalog_dim.enterprise_tp_code = 'td' AND financial_rpt_catalog_dim.row_description_reference = '14' AND financial_rpt_catalog_dim.column_description_reference = '1',
K_GSDC_1264,Data Explorer: Dữ liệu tài chính doanh nghiệp,Nhóm 28 — TCTD — Báo cáo KQKD,VIII. Chi phí hoạt động,Base,GSDC,Fact Public Company Financial Report Value,Report Year,FILTER,fct_public_company_financial_rpt_val.rpt_year = :year AND fct_public_company_financial_rpt_val.rpt_quarter = :quarter,
K_GSDC_1265,Data Explorer: Dữ liệu tài chính doanh nghiệp,Nhóm 28 — TCTD — Báo cáo KQKD,IX. Lợi nhuận thuần từ hoạt động kinh doanh trước chi phí dự phòng,Base,GSDC,Fact Public Company Financial Report Value,Data Value,MEASURE,fct_public_company_financial_rpt_val.data_val,
K_GSDC_1265,Data Explorer: Dữ liệu tài chính doanh nghiệp,Nhóm 28 — TCTD — Báo cáo KQKD,IX. Lợi nhuận thuần từ hoạt động kinh doanh trước chi phí dự phòng,Base,GSDC,Financial Report Catalog Dimension,Row Description Reference,FILTER,JOIN financial_rpt_catalog_dim ON financial_rpt_catalog_dim.financial_rpt_catalog_dim_id = fct_public_company_financial_rpt_val.financial_rpt_catalog_dim_id WHERE financial_rpt_catalog_dim.financial_rpt_catalog_code LIKE 'BCKQKD%' AND financial_rpt_catalog_dim.enterprise_tp_code = 'td' AND financial_rpt_catalog_dim.row_description_reference = '15' AND financial_rpt_catalog_dim.column_description_reference = '1',
K_GSDC_1265,Data Explorer: Dữ liệu tài chính doanh nghiệp,Nhóm 28 — TCTD — Báo cáo KQKD,IX. Lợi nhuận thuần từ hoạt động kinh doanh trước chi phí dự phòng,Base,GSDC,Fact Public Company Financial Report Value,Report Year,FILTER,fct_public_company_financial_rpt_val.rpt_year = :year AND fct_public_company_financial_rpt_val.rpt_quarter = :quarter,
K_GSDC_1266,Data Explorer: Dữ liệu tài chính doanh nghiệp,Nhóm 28 — TCTD — Báo cáo KQKD,X. Chi phí dự phòng rủi ro tín dụng,Base,GSDC,Fact Public Company Financial Report Value,Data Value,MEASURE,fct_public_company_financial_rpt_val.data_val,
K_GSDC_1266,Data Explorer: Dữ liệu tài chính doanh nghiệp,Nhóm 28 — TCTD — Báo cáo KQKD,X. Chi phí dự phòng rủi ro tín dụng,Base,GSDC,Financial Report Catalog Dimension,Row Description Reference,FILTER,JOIN financial_rpt_catalog_dim ON financial_rpt_catalog_dim.financial_rpt_catalog_dim_id = fct_public_company_financial_rpt_val.financial_rpt_catalog_dim_id WHERE financial_rpt_catalog_dim.financial_rpt_catalog_code LIKE 'BCKQKD%' AND financial_rpt_catalog_dim.enterprise_tp_code = 'td' AND financial_rpt_catalog_dim.row_description_reference = '16' AND financial_rpt_catalog_dim.column_description_reference = '1',
K_GSDC_1266,Data Explorer: Dữ liệu tài chính doanh nghiệp,Nhóm 28 — TCTD — Báo cáo KQKD,X. Chi phí dự phòng rủi ro tín dụng,Base,GSDC,Fact Public Company Financial Report Value,Report Year,FILTER,fct_public_company_financial_rpt_val.rpt_year = :year AND fct_public_company_financial_rpt_val.rpt_quarter = :quarter,
K_GSDC_1267,Data Explorer: Dữ liệu tài chính doanh nghiệp,Nhóm 28 — TCTD — Báo cáo KQKD,XI. Tổng lợi nhuận trước thuế,Base,GSDC,Fact Public Company Financial Report Value,Data Value,MEASURE,fct_public_company_financial_rpt_val.data_val,
K_GSDC_1267,Data Explorer: Dữ liệu tài chính doanh nghiệp,Nhóm 28 — TCTD — Báo cáo KQKD,XI. Tổng lợi nhuận trước thuế,Base,GSDC,Financial Report Catalog Dimension,Row Description Reference,FILTER,JOIN financial_rpt_catalog_dim ON financial_rpt_catalog_dim.financial_rpt_catalog_dim_id = fct_public_company_financial_rpt_val.financial_rpt_catalog_dim_id WHERE financial_rpt_catalog_dim.financial_rpt_catalog_code LIKE 'BCKQKD%' AND financial_rpt_catalog_dim.enterprise_tp_code = 'td' AND financial_rpt_catalog_dim.row_description_reference = '17' AND financial_rpt_catalog_dim.column_description_reference = '1',
K_GSDC_1267,Data Explorer: Dữ liệu tài chính doanh nghiệp,Nhóm 28 — TCTD — Báo cáo KQKD,XI. Tổng lợi nhuận trước thuế,Base,GSDC,Fact Public Company Financial Report Value,Report Year,FILTER,fct_public_company_financial_rpt_val.rpt_year = :year AND fct_public_company_financial_rpt_val.rpt_quarter = :quarter,
K_GSDC_1268,Data Explorer: Dữ liệu tài chính doanh nghiệp,Nhóm 28 — TCTD — Báo cáo KQKD,7. Chi phí thuế TNDN hiện hành,Base,GSDC,Fact Public Company Financial Report Value,Data Value,MEASURE,fct_public_company_financial_rpt_val.data_val,
K_GSDC_1268,Data Explorer: Dữ liệu tài chính doanh nghiệp,Nhóm 28 — TCTD — Báo cáo KQKD,7. Chi phí thuế TNDN hiện hành,Base,GSDC,Financial Report Catalog Dimension,Row Description Reference,FILTER,JOIN financial_rpt_catalog_dim ON financial_rpt_catalog_dim.financial_rpt_catalog_dim_id = fct_public_company_financial_rpt_val.financial_rpt_catalog_dim_id WHERE financial_rpt_catalog_dim.financial_rpt_catalog_code LIKE 'BCKQKD%' AND financial_rpt_catalog_dim.enterprise_tp_code = 'td' AND financial_rpt_catalog_dim.row_description_reference = '18' AND financial_rpt_catalog_dim.column_description_reference = '1',
K_GSDC_1268,Data Explorer: Dữ liệu tài chính doanh nghiệp,Nhóm 28 — TCTD — Báo cáo KQKD,7. Chi phí thuế TNDN hiện hành,Base,GSDC,Fact Public Company Financial Report Value,Report Year,FILTER,fct_public_company_financial_rpt_val.rpt_year = :year AND fct_public_company_financial_rpt_val.rpt_quarter = :quarter,
K_GSDC_1269,Data Explorer: Dữ liệu tài chính doanh nghiệp,Nhóm 28 — TCTD — Báo cáo KQKD,8. Chi phí thuế TNDN hoãn lại,Base,GSDC,Fact Public Company Financial Report Value,Data Value,MEASURE,fct_public_company_financial_rpt_val.data_val,
K_GSDC_1269,Data Explorer: Dữ liệu tài chính doanh nghiệp,Nhóm 28 — TCTD — Báo cáo KQKD,8. Chi phí thuế TNDN hoãn lại,Base,GSDC,Financial Report Catalog Dimension,Row Description Reference,FILTER,JOIN financial_rpt_catalog_dim ON financial_rpt_catalog_dim.financial_rpt_catalog_dim_id = fct_public_company_financial_rpt_val.financial_rpt_catalog_dim_id WHERE financial_rpt_catalog_dim.financial_rpt_catalog_code LIKE 'BCKQKD%' AND financial_rpt_catalog_dim.enterprise_tp_code = 'td' AND financial_rpt_catalog_dim.row_description_reference = '19' AND financial_rpt_catalog_dim.column_description_reference = '1',
K_GSDC_1269,Data Explorer: Dữ liệu tài chính doanh nghiệp,Nhóm 28 — TCTD — Báo cáo KQKD,8. Chi phí thuế TNDN hoãn lại,Base,GSDC,Fact Public Company Financial Report Value,Report Year,FILTER,fct_public_company_financial_rpt_val.rpt_year = :year AND fct_public_company_financial_rpt_val.rpt_quarter = :quarter,
K_GSDC_1270,Data Explorer: Dữ liệu tài chính doanh nghiệp,Nhóm 28 — TCTD — Báo cáo KQKD,XII. Chi phí thuế TNDN,Base,GSDC,Fact Public Company Financial Report Value,Data Value,MEASURE,fct_public_company_financial_rpt_val.data_val,
K_GSDC_1270,Data Explorer: Dữ liệu tài chính doanh nghiệp,Nhóm 28 — TCTD — Báo cáo KQKD,XII. Chi phí thuế TNDN,Base,GSDC,Financial Report Catalog Dimension,Row Description Reference,FILTER,JOIN financial_rpt_catalog_dim ON financial_rpt_catalog_dim.financial_rpt_catalog_dim_id = fct_public_company_financial_rpt_val.financial_rpt_catalog_dim_id WHERE financial_rpt_catalog_dim.financial_rpt_catalog_code LIKE 'BCKQKD%' AND financial_rpt_catalog_dim.enterprise_tp_code = 'td' AND financial_rpt_catalog_dim.row_description_reference = '20' AND financial_rpt_catalog_dim.column_description_reference = '1',
K_GSDC_1270,Data Explorer: Dữ liệu tài chính doanh nghiệp,Nhóm 28 — TCTD — Báo cáo KQKD,XII. Chi phí thuế TNDN,Base,GSDC,Fact Public Company Financial Report Value,Report Year,FILTER,fct_public_company_financial_rpt_val.rpt_year = :year AND fct_public_company_financial_rpt_val.rpt_quarter = :quarter,
K_GSDC_1271,Data Explorer: Dữ liệu tài chính doanh nghiệp,Nhóm 28 — TCTD — Báo cáo KQKD,XIII. Lợi nhuận sau thuế,Base,GSDC,Fact Public Company Financial Report Value,Data Value,MEASURE,fct_public_company_financial_rpt_val.data_val,
K_GSDC_1271,Data Explorer: Dữ liệu tài chính doanh nghiệp,Nhóm 28 — TCTD — Báo cáo KQKD,XIII. Lợi nhuận sau thuế,Base,GSDC,Financial Report Catalog Dimension,Row Description Reference,FILTER,JOIN financial_rpt_catalog_dim ON financial_rpt_catalog_dim.financial_rpt_catalog_dim_id = fct_public_company_financial_rpt_val.financial_rpt_catalog_dim_id WHERE financial_rpt_catalog_dim.financial_rpt_catalog_code LIKE 'BCKQKD%' AND financial_rpt_catalog_dim.enterprise_tp_code = 'td' AND financial_rpt_catalog_dim.row_description_reference = '21' AND financial_rpt_catalog_dim.column_description_reference = '1',
K_GSDC_1271,Data Explorer: Dữ liệu tài chính doanh nghiệp,Nhóm 28 — TCTD — Báo cáo KQKD,XIII. Lợi nhuận sau thuế,Base,GSDC,Fact Public Company Financial Report Value,Report Year,FILTER,fct_public_company_financial_rpt_val.rpt_year = :year AND fct_public_company_financial_rpt_val.rpt_quarter = :quarter,
K_GSDC_1272,Data Explorer: Dữ liệu tài chính doanh nghiệp,Nhóm 28 — TCTD — Báo cáo KQKD,XIV. Lợi ích của cổ đông thiểu số,Base,GSDC,Fact Public Company Financial Report Value,Data Value,MEASURE,fct_public_company_financial_rpt_val.data_val,
K_GSDC_1272,Data Explorer: Dữ liệu tài chính doanh nghiệp,Nhóm 28 — TCTD — Báo cáo KQKD,XIV. Lợi ích của cổ đông thiểu số,Base,GSDC,Financial Report Catalog Dimension,Row Description Reference,FILTER,JOIN financial_rpt_catalog_dim ON financial_rpt_catalog_dim.financial_rpt_catalog_dim_id = fct_public_company_financial_rpt_val.financial_rpt_catalog_dim_id WHERE financial_rpt_catalog_dim.financial_rpt_catalog_code LIKE 'BCKQKD%' AND financial_rpt_catalog_dim.enterprise_tp_code = 'td' AND financial_rpt_catalog_dim.row_description_reference = '22' AND financial_rpt_catalog_dim.column_description_reference = '1',
K_GSDC_1272,Data Explorer: Dữ liệu tài chính doanh nghiệp,Nhóm 28 — TCTD — Báo cáo KQKD,XIV. Lợi ích của cổ đông thiểu số,Base,GSDC,Fact Public Company Financial Report Value,Report Year,FILTER,fct_public_company_financial_rpt_val.rpt_year = :year AND fct_public_company_financial_rpt_val.rpt_quarter = :quarter,
K_GSDC_1273,Data Explorer: Dữ liệu tài chính doanh nghiệp,Nhóm 28 — TCTD — Báo cáo KQKD,XV. Lãi cơ bản trên cổ phiếu,Base,GSDC,Fact Public Company Financial Report Value,Data Value,MEASURE,fct_public_company_financial_rpt_val.data_val,
K_GSDC_1273,Data Explorer: Dữ liệu tài chính doanh nghiệp,Nhóm 28 — TCTD — Báo cáo KQKD,XV. Lãi cơ bản trên cổ phiếu,Base,GSDC,Financial Report Catalog Dimension,Row Description Reference,FILTER,JOIN financial_rpt_catalog_dim ON financial_rpt_catalog_dim.financial_rpt_catalog_dim_id = fct_public_company_financial_rpt_val.financial_rpt_catalog_dim_id WHERE financial_rpt_catalog_dim.financial_rpt_catalog_code LIKE 'BCKQKD%' AND financial_rpt_catalog_dim.enterprise_tp_code = 'td' AND financial_rpt_catalog_dim.row_description_reference = '23' AND financial_rpt_catalog_dim.column_description_reference = '1',
K_GSDC_1273,Data Explorer: Dữ liệu tài chính doanh nghiệp,Nhóm 28 — TCTD — Báo cáo KQKD,XV. Lãi cơ bản trên cổ phiếu,Base,GSDC,Fact Public Company Financial Report Value,Report Year,FILTER,fct_public_company_financial_rpt_val.rpt_year = :year AND fct_public_company_financial_rpt_val.rpt_quarter = :quarter,
K_GSDC_1275,Data Explorer: Dữ liệu tài chính doanh nghiệp,Nhóm 29 — TCTD — Báo cáo LCTT trực tiếp,1. Thu nhập lãi và các khoản thu nhập tương tự nhận được,Base,GSDC,Fact Public Company Financial Report Value,Data Value,MEASURE,fct_public_company_financial_rpt_val.data_val,
K_GSDC_1275,Data Explorer: Dữ liệu tài chính doanh nghiệp,Nhóm 29 — TCTD — Báo cáo LCTT trực tiếp,1. Thu nhập lãi và các khoản thu nhập tương tự nhận được,Base,GSDC,Financial Report Catalog Dimension,Row Description Reference,FILTER,JOIN financial_rpt_catalog_dim ON financial_rpt_catalog_dim.financial_rpt_catalog_dim_id = fct_public_company_financial_rpt_val.financial_rpt_catalog_dim_id WHERE financial_rpt_catalog_dim.financial_rpt_catalog_code LIKE 'BCLCTT_TT%' AND financial_rpt_catalog_dim.enterprise_tp_code = 'td' AND financial_rpt_catalog_dim.row_description_reference = '01' AND financial_rpt_catalog_dim.column_description_reference = '1',
K_GSDC_1275,Data Explorer: Dữ liệu tài chính doanh nghiệp,Nhóm 29 — TCTD — Báo cáo LCTT trực tiếp,1. Thu nhập lãi và các khoản thu nhập tương tự nhận được,Base,GSDC,Fact Public Company Financial Report Value,Report Year,FILTER,fct_public_company_financial_rpt_val.rpt_year = :year AND fct_public_company_financial_rpt_val.rpt_quarter = :quarter,
K_GSDC_1276,Data Explorer: Dữ liệu tài chính doanh nghiệp,Nhóm 29 — TCTD — Báo cáo LCTT trực tiếp,2. Chi phí lãi và các chi phí tương tự đã trả (*),Base,GSDC,Fact Public Company Financial Report Value,Data Value,MEASURE,fct_public_company_financial_rpt_val.data_val,
K_GSDC_1276,Data Explorer: Dữ liệu tài chính doanh nghiệp,Nhóm 29 — TCTD — Báo cáo LCTT trực tiếp,2. Chi phí lãi và các chi phí tương tự đã trả (*),Base,GSDC,Financial Report Catalog Dimension,Row Description Reference,FILTER,JOIN financial_rpt_catalog_dim ON financial_rpt_catalog_dim.financial_rpt_catalog_dim_id = fct_public_company_financial_rpt_val.financial_rpt_catalog_dim_id WHERE financial_rpt_catalog_dim.financial_rpt_catalog_code LIKE 'BCLCTT_TT%' AND financial_rpt_catalog_dim.enterprise_tp_code = 'td' AND financial_rpt_catalog_dim.row_description_reference = '02' AND financial_rpt_catalog_dim.column_description_reference = '1',
K_GSDC_1276,Data Explorer: Dữ liệu tài chính doanh nghiệp,Nhóm 29 — TCTD — Báo cáo LCTT trực tiếp,2. Chi phí lãi và các chi phí tương tự đã trả (*),Base,GSDC,Fact Public Company Financial Report Value,Report Year,FILTER,fct_public_company_financial_rpt_val.rpt_year = :year AND fct_public_company_financial_rpt_val.rpt_quarter = :quarter,
K_GSDC_1277,Data Explorer: Dữ liệu tài chính doanh nghiệp,Nhóm 29 — TCTD — Báo cáo LCTT trực tiếp,3. Thu nhập từ hoạt động dịch vụ nhận được,Base,GSDC,Fact Public Company Financial Report Value,Data Value,MEASURE,fct_public_company_financial_rpt_val.data_val,
K_GSDC_1277,Data Explorer: Dữ liệu tài chính doanh nghiệp,Nhóm 29 — TCTD — Báo cáo LCTT trực tiếp,3. Thu nhập từ hoạt động dịch vụ nhận được,Base,GSDC,Financial Report Catalog Dimension,Row Description Reference,FILTER,JOIN financial_rpt_catalog_dim ON financial_rpt_catalog_dim.financial_rpt_catalog_dim_id = fct_public_company_financial_rpt_val.financial_rpt_catalog_dim_id WHERE financial_rpt_catalog_dim.financial_rpt_catalog_code LIKE 'BCLCTT_TT%' AND financial_rpt_catalog_dim.enterprise_tp_code = 'td' AND financial_rpt_catalog_dim.row_description_reference = '03' AND financial_rpt_catalog_dim.column_description_reference = '1',
K_GSDC_1277,Data Explorer: Dữ liệu tài chính doanh nghiệp,Nhóm 29 — TCTD — Báo cáo LCTT trực tiếp,3. Thu nhập từ hoạt động dịch vụ nhận được,Base,GSDC,Fact Public Company Financial Report Value,Report Year,FILTER,fct_public_company_financial_rpt_val.rpt_year = :year AND fct_public_company_financial_rpt_val.rpt_quarter = :quarter,
K_GSDC_1278,Data Explorer: Dữ liệu tài chính doanh nghiệp,Nhóm 29 — TCTD — Báo cáo LCTT trực tiếp,4. Chênh lệch số tiền thực thu/thực chi từ hoạt động kinh doanh,Base,GSDC,Fact Public Company Financial Report Value,Data Value,MEASURE,fct_public_company_financial_rpt_val.data_val,
K_GSDC_1278,Data Explorer: Dữ liệu tài chính doanh nghiệp,Nhóm 29 — TCTD — Báo cáo LCTT trực tiếp,4. Chênh lệch số tiền thực thu/thực chi từ hoạt động kinh doanh,Base,GSDC,Financial Report Catalog Dimension,Row Description Reference,FILTER,JOIN financial_rpt_catalog_dim ON financial_rpt_catalog_dim.financial_rpt_catalog_dim_id = fct_public_company_financial_rpt_val.financial_rpt_catalog_dim_id WHERE financial_rpt_catalog_dim.financial_rpt_catalog_code LIKE 'BCLCTT_TT%' AND financial_rpt_catalog_dim.enterprise_tp_code = 'td' AND financial_rpt_catalog_dim.row_description_reference = '04' AND financial_rpt_catalog_dim.column_description_reference = '1',
K_GSDC_1278,Data Explorer: Dữ liệu tài chính doanh nghiệp,Nhóm 29 — TCTD — Báo cáo LCTT trực tiếp,4. Chênh lệch số tiền thực thu/thực chi từ hoạt động kinh doanh,Base,GSDC,Fact Public Company Financial Report Value,Report Year,FILTER,fct_public_company_financial_rpt_val.rpt_year = :year AND fct_public_company_financial_rpt_val.rpt_quarter = :quarter,
K_GSDC_1279,Data Explorer: Dữ liệu tài chính doanh nghiệp,Nhóm 29 — TCTD — Báo cáo LCTT trực tiếp,5. Thu nhập khác,Base,GSDC,Fact Public Company Financial Report Value,Data Value,MEASURE,fct_public_company_financial_rpt_val.data_val,
K_GSDC_1279,Data Explorer: Dữ liệu tài chính doanh nghiệp,Nhóm 29 — TCTD — Báo cáo LCTT trực tiếp,5. Thu nhập khác,Base,GSDC,Financial Report Catalog Dimension,Row Description Reference,FILTER,JOIN financial_rpt_catalog_dim ON financial_rpt_catalog_dim.financial_rpt_catalog_dim_id = fct_public_company_financial_rpt_val.financial_rpt_catalog_dim_id WHERE financial_rpt_catalog_dim.financial_rpt_catalog_code LIKE 'BCLCTT_TT%' AND financial_rpt_catalog_dim.enterprise_tp_code = 'td' AND financial_rpt_catalog_dim.row_description_reference = '05' AND financial_rpt_catalog_dim.column_description_reference = '1',
K_GSDC_1279,Data Explorer: Dữ liệu tài chính doanh nghiệp,Nhóm 29 — TCTD — Báo cáo LCTT trực tiếp,5. Thu nhập khác,Base,GSDC,Fact Public Company Financial Report Value,Report Year,FILTER,fct_public_company_financial_rpt_val.rpt_year = :year AND fct_public_company_financial_rpt_val.rpt_quarter = :quarter,
K_GSDC_1280,Data Explorer: Dữ liệu tài chính doanh nghiệp,Nhóm 29 — TCTD — Báo cáo LCTT trực tiếp,"6. Tiền thu các khoản nợ đã được xử lý xoá, bù đắp bằng nguồn rủi ro",Base,GSDC,Fact Public Company Financial Report Value,Data Value,MEASURE,fct_public_company_financial_rpt_val.data_val,
K_GSDC_1280,Data Explorer: Dữ liệu tài chính doanh nghiệp,Nhóm 29 — TCTD — Báo cáo LCTT trực tiếp,"6. Tiền thu các khoản nợ đã được xử lý xoá, bù đắp bằng nguồn rủi ro",Base,GSDC,Financial Report Catalog Dimension,Row Description Reference,FILTER,JOIN financial_rpt_catalog_dim ON financial_rpt_catalog_dim.financial_rpt_catalog_dim_id = fct_public_company_financial_rpt_val.financial_rpt_catalog_dim_id WHERE financial_rpt_catalog_dim.financial_rpt_catalog_code LIKE 'BCLCTT_TT%' AND financial_rpt_catalog_dim.enterprise_tp_code = 'td' AND financial_rpt_catalog_dim.row_description_reference = '06' AND financial_rpt_catalog_dim.column_description_reference = '1',
K_GSDC_1280,Data Explorer: Dữ liệu tài chính doanh nghiệp,Nhóm 29 — TCTD — Báo cáo LCTT trực tiếp,"6. Tiền thu các khoản nợ đã được xử lý xoá, bù đắp bằng nguồn rủi ro",Base,GSDC,Fact Public Company Financial Report Value,Report Year,FILTER,fct_public_company_financial_rpt_val.rpt_year = :year AND fct_public_company_financial_rpt_val.rpt_quarter = :quarter,
K_GSDC_1281,Data Explorer: Dữ liệu tài chính doanh nghiệp,Nhóm 29 — TCTD — Báo cáo LCTT trực tiếp,"7. Tiền chi trả cho nhân viên và hoạt động quản lý, công vụ (*)",Base,GSDC,Fact Public Company Financial Report Value,Data Value,MEASURE,fct_public_company_financial_rpt_val.data_val,
K_GSDC_1281,Data Explorer: Dữ liệu tài chính doanh nghiệp,Nhóm 29 — TCTD — Báo cáo LCTT trực tiếp,"7. Tiền chi trả cho nhân viên và hoạt động quản lý, công vụ (*)",Base,GSDC,Financial Report Catalog Dimension,Row Description Reference,FILTER,JOIN financial_rpt_catalog_dim ON financial_rpt_catalog_dim.financial_rpt_catalog_dim_id = fct_public_company_financial_rpt_val.financial_rpt_catalog_dim_id WHERE financial_rpt_catalog_dim.financial_rpt_catalog_code LIKE 'BCLCTT_TT%' AND financial_rpt_catalog_dim.enterprise_tp_code = 'td' AND financial_rpt_catalog_dim.row_description_reference = '07' AND financial_rpt_catalog_dim.column_description_reference = '1',
K_GSDC_1281,Data Explorer: Dữ liệu tài chính doanh nghiệp,Nhóm 29 — TCTD — Báo cáo LCTT trực tiếp,"7. Tiền chi trả cho nhân viên và hoạt động quản lý, công vụ (*)",Base,GSDC,Fact Public Company Financial Report Value,Report Year,FILTER,fct_public_company_financial_rpt_val.rpt_year = :year AND fct_public_company_financial_rpt_val.rpt_quarter = :quarter,
K_GSDC_1282,Data Explorer: Dữ liệu tài chính doanh nghiệp,Nhóm 29 — TCTD — Báo cáo LCTT trực tiếp,8. Tiền thuế thu nhập thực nộp trong kỳ (*),Base,GSDC,Fact Public Company Financial Report Value,Data Value,MEASURE,fct_public_company_financial_rpt_val.data_val,
K_GSDC_1282,Data Explorer: Dữ liệu tài chính doanh nghiệp,Nhóm 29 — TCTD — Báo cáo LCTT trực tiếp,8. Tiền thuế thu nhập thực nộp trong kỳ (*),Base,GSDC,Financial Report Catalog Dimension,Row Description Reference,FILTER,JOIN financial_rpt_catalog_dim ON financial_rpt_catalog_dim.financial_rpt_catalog_dim_id = fct_public_company_financial_rpt_val.financial_rpt_catalog_dim_id WHERE financial_rpt_catalog_dim.financial_rpt_catalog_code LIKE 'BCLCTT_TT%' AND financial_rpt_catalog_dim.enterprise_tp_code = 'td' AND financial_rpt_catalog_dim.row_description_reference = '08' AND financial_rpt_catalog_dim.column_description_reference = '1',
K_GSDC_1282,Data Explorer: Dữ liệu tài chính doanh nghiệp,Nhóm 29 — TCTD — Báo cáo LCTT trực tiếp,8. Tiền thuế thu nhập thực nộp trong kỳ (*),Base,GSDC,Fact Public Company Financial Report Value,Report Year,FILTER,fct_public_company_financial_rpt_val.rpt_year = :year AND fct_public_company_financial_rpt_val.rpt_quarter = :quarter,
K_GSDC_1283,Data Explorer: Dữ liệu tài chính doanh nghiệp,Nhóm 29 — TCTD — Báo cáo LCTT trực tiếp,B. Lưu chuyển tiền thuần từ hoạt động kinh doanh trước những thay đổi,Base,GSDC,Fact Public Company Financial Report Value,Data Value,MEASURE,fct_public_company_financial_rpt_val.data_val,
K_GSDC_1283,Data Explorer: Dữ liệu tài chính doanh nghiệp,Nhóm 29 — TCTD — Báo cáo LCTT trực tiếp,B. Lưu chuyển tiền thuần từ hoạt động kinh doanh trước những thay đổi,Base,GSDC,Financial Report Catalog Dimension,Row Description Reference,FILTER,JOIN financial_rpt_catalog_dim ON financial_rpt_catalog_dim.financial_rpt_catalog_dim_id = fct_public_company_financial_rpt_val.financial_rpt_catalog_dim_id WHERE financial_rpt_catalog_dim.financial_rpt_catalog_code LIKE 'BCLCTT_TT%' AND financial_rpt_catalog_dim.enterprise_tp_code = 'td' AND financial_rpt_catalog_dim.row_description_reference = '09' AND financial_rpt_catalog_dim.column_description_reference = '1',
K_GSDC_1283,Data Explorer: Dữ liệu tài chính doanh nghiệp,Nhóm 29 — TCTD — Báo cáo LCTT trực tiếp,B. Lưu chuyển tiền thuần từ hoạt động kinh doanh trước những thay đổi,Base,GSDC,Fact Public Company Financial Report Value,Report Year,FILTER,fct_public_company_financial_rpt_val.rpt_year = :year AND fct_public_company_financial_rpt_val.rpt_quarter = :quarter,
K_GSDC_1285,Data Explorer: Dữ liệu tài chính doanh nghiệp,Nhóm 29 — TCTD — Báo cáo LCTT trực tiếp,"9. (Tăng)/ Giảm các khoản tiền, vàng gửi và cho vay các TCTD khác",Base,GSDC,Fact Public Company Financial Report Value,Data Value,MEASURE,fct_public_company_financial_rpt_val.data_val,
K_GSDC_1285,Data Explorer: Dữ liệu tài chính doanh nghiệp,Nhóm 29 — TCTD — Báo cáo LCTT trực tiếp,"9. (Tăng)/ Giảm các khoản tiền, vàng gửi và cho vay các TCTD khác",Base,GSDC,Financial Report Catalog Dimension,Row Description Reference,FILTER,JOIN financial_rpt_catalog_dim ON financial_rpt_catalog_dim.financial_rpt_catalog_dim_id = fct_public_company_financial_rpt_val.financial_rpt_catalog_dim_id WHERE financial_rpt_catalog_dim.financial_rpt_catalog_code LIKE 'BCLCTT_TT%' AND financial_rpt_catalog_dim.enterprise_tp_code = 'td' AND financial_rpt_catalog_dim.row_description_reference = '10' AND financial_rpt_catalog_dim.column_description_reference = '1',
K_GSDC_1285,Data Explorer: Dữ liệu tài chính doanh nghiệp,Nhóm 29 — TCTD — Báo cáo LCTT trực tiếp,"9. (Tăng)/ Giảm các khoản tiền, vàng gửi và cho vay các TCTD khác",Base,GSDC,Fact Public Company Financial Report Value,Report Year,FILTER,fct_public_company_financial_rpt_val.rpt_year = :year AND fct_public_company_financial_rpt_val.rpt_quarter = :quarter,
K_GSDC_1286,Data Explorer: Dữ liệu tài chính doanh nghiệp,Nhóm 29 — TCTD — Báo cáo LCTT trực tiếp,10. (Tăng)/ Giảm các khoản về kinh doanh chứng khoán,Base,GSDC,Fact Public Company Financial Report Value,Data Value,MEASURE,fct_public_company_financial_rpt_val.data_val,
K_GSDC_1286,Data Explorer: Dữ liệu tài chính doanh nghiệp,Nhóm 29 — TCTD — Báo cáo LCTT trực tiếp,10. (Tăng)/ Giảm các khoản về kinh doanh chứng khoán,Base,GSDC,Financial Report Catalog Dimension,Row Description Reference,FILTER,JOIN financial_rpt_catalog_dim ON financial_rpt_catalog_dim.financial_rpt_catalog_dim_id = fct_public_company_financial_rpt_val.financial_rpt_catalog_dim_id WHERE financial_rpt_catalog_dim.financial_rpt_catalog_code LIKE 'BCLCTT_TT%' AND financial_rpt_catalog_dim.enterprise_tp_code = 'td' AND financial_rpt_catalog_dim.row_description_reference = '11' AND financial_rpt_catalog_dim.column_description_reference = '1',
K_GSDC_1286,Data Explorer: Dữ liệu tài chính doanh nghiệp,Nhóm 29 — TCTD — Báo cáo LCTT trực tiếp,10. (Tăng)/ Giảm các khoản về kinh doanh chứng khoán,Base,GSDC,Fact Public Company Financial Report Value,Report Year,FILTER,fct_public_company_financial_rpt_val.rpt_year = :year AND fct_public_company_financial_rpt_val.rpt_quarter = :quarter,
K_GSDC_1287,Data Explorer: Dữ liệu tài chính doanh nghiệp,Nhóm 29 — TCTD — Báo cáo LCTT trực tiếp,11. (Tăng)/ Giảm các công cụ tài chính phái sinh và các tài sản tài chính,Base,GSDC,Fact Public Company Financial Report Value,Data Value,MEASURE,fct_public_company_financial_rpt_val.data_val,
K_GSDC_1287,Data Explorer: Dữ liệu tài chính doanh nghiệp,Nhóm 29 — TCTD — Báo cáo LCTT trực tiếp,11. (Tăng)/ Giảm các công cụ tài chính phái sinh và các tài sản tài chính,Base,GSDC,Financial Report Catalog Dimension,Row Description Reference,FILTER,JOIN financial_rpt_catalog_dim ON financial_rpt_catalog_dim.financial_rpt_catalog_dim_id = fct_public_company_financial_rpt_val.financial_rpt_catalog_dim_id WHERE financial_rpt_catalog_dim.financial_rpt_catalog_code LIKE 'BCLCTT_TT%' AND financial_rpt_catalog_dim.enterprise_tp_code = 'td' AND financial_rpt_catalog_dim.row_description_reference = '12' AND financial_rpt_catalog_dim.column_description_reference = '1',
K_GSDC_1287,Data Explorer: Dữ liệu tài chính doanh nghiệp,Nhóm 29 — TCTD — Báo cáo LCTT trực tiếp,11. (Tăng)/ Giảm các công cụ tài chính phái sinh và các tài sản tài chính,Base,GSDC,Fact Public Company Financial Report Value,Report Year,FILTER,fct_public_company_financial_rpt_val.rpt_year = :year AND fct_public_company_financial_rpt_val.rpt_quarter = :quarter,
K_GSDC_1288,Data Explorer: Dữ liệu tài chính doanh nghiệp,Nhóm 29 — TCTD — Báo cáo LCTT trực tiếp,12. (Tăng)/ Giảm các khoản cho vay khách hàng,Base,GSDC,Fact Public Company Financial Report Value,Data Value,MEASURE,fct_public_company_financial_rpt_val.data_val,
K_GSDC_1288,Data Explorer: Dữ liệu tài chính doanh nghiệp,Nhóm 29 — TCTD — Báo cáo LCTT trực tiếp,12. (Tăng)/ Giảm các khoản cho vay khách hàng,Base,GSDC,Financial Report Catalog Dimension,Row Description Reference,FILTER,JOIN financial_rpt_catalog_dim ON financial_rpt_catalog_dim.financial_rpt_catalog_dim_id = fct_public_company_financial_rpt_val.financial_rpt_catalog_dim_id WHERE financial_rpt_catalog_dim.financial_rpt_catalog_code LIKE 'BCLCTT_TT%' AND financial_rpt_catalog_dim.enterprise_tp_code = 'td' AND financial_rpt_catalog_dim.row_description_reference = '13' AND financial_rpt_catalog_dim.column_description_reference = '1',
K_GSDC_1288,Data Explorer: Dữ liệu tài chính doanh nghiệp,Nhóm 29 — TCTD — Báo cáo LCTT trực tiếp,12. (Tăng)/ Giảm các khoản cho vay khách hàng,Base,GSDC,Fact Public Company Financial Report Value,Report Year,FILTER,fct_public_company_financial_rpt_val.rpt_year = :year AND fct_public_company_financial_rpt_val.rpt_quarter = :quarter,
K_GSDC_1289,Data Explorer: Dữ liệu tài chính doanh nghiệp,Nhóm 29 — TCTD — Báo cáo LCTT trực tiếp,13. Giảm nguồn dự phòng để bù đắp tổn thất các khoản,Base,GSDC,Fact Public Company Financial Report Value,Data Value,MEASURE,fct_public_company_financial_rpt_val.data_val,
K_GSDC_1289,Data Explorer: Dữ liệu tài chính doanh nghiệp,Nhóm 29 — TCTD — Báo cáo LCTT trực tiếp,13. Giảm nguồn dự phòng để bù đắp tổn thất các khoản,Base,GSDC,Financial Report Catalog Dimension,Row Description Reference,FILTER,JOIN financial_rpt_catalog_dim ON financial_rpt_catalog_dim.financial_rpt_catalog_dim_id = fct_public_company_financial_rpt_val.financial_rpt_catalog_dim_id WHERE financial_rpt_catalog_dim.financial_rpt_catalog_code LIKE 'BCLCTT_TT%' AND financial_rpt_catalog_dim.enterprise_tp_code = 'td' AND financial_rpt_catalog_dim.row_description_reference = '14' AND financial_rpt_catalog_dim.column_description_reference = '1',
K_GSDC_1289,Data Explorer: Dữ liệu tài chính doanh nghiệp,Nhóm 29 — TCTD — Báo cáo LCTT trực tiếp,13. Giảm nguồn dự phòng để bù đắp tổn thất các khoản,Base,GSDC,Fact Public Company Financial Report Value,Report Year,FILTER,fct_public_company_financial_rpt_val.rpt_year = :year AND fct_public_company_financial_rpt_val.rpt_quarter = :quarter,
K_GSDC_1290,Data Explorer: Dữ liệu tài chính doanh nghiệp,Nhóm 29 — TCTD — Báo cáo LCTT trực tiếp,14. (Tăng)/ Giảm khác về tài sản hoạt động,Base,GSDC,Fact Public Company Financial Report Value,Data Value,MEASURE,fct_public_company_financial_rpt_val.data_val,
K_GSDC_1290,Data Explorer: Dữ liệu tài chính doanh nghiệp,Nhóm 29 — TCTD — Báo cáo LCTT trực tiếp,14. (Tăng)/ Giảm khác về tài sản hoạt động,Base,GSDC,Financial Report Catalog Dimension,Row Description Reference,FILTER,JOIN financial_rpt_catalog_dim ON financial_rpt_catalog_dim.financial_rpt_catalog_dim_id = fct_public_company_financial_rpt_val.financial_rpt_catalog_dim_id WHERE financial_rpt_catalog_dim.financial_rpt_catalog_code LIKE 'BCLCTT_TT%' AND financial_rpt_catalog_dim.enterprise_tp_code = 'td' AND financial_rpt_catalog_dim.row_description_reference = '15' AND financial_rpt_catalog_dim.column_description_reference = '1',
K_GSDC_1290,Data Explorer: Dữ liệu tài chính doanh nghiệp,Nhóm 29 — TCTD — Báo cáo LCTT trực tiếp,14. (Tăng)/ Giảm khác về tài sản hoạt động,Base,GSDC,Fact Public Company Financial Report Value,Report Year,FILTER,fct_public_company_financial_rpt_val.rpt_year = :year AND fct_public_company_financial_rpt_val.rpt_quarter = :quarter,
K_GSDC_1292,Data Explorer: Dữ liệu tài chính doanh nghiệp,Nhóm 29 — TCTD — Báo cáo LCTT trực tiếp,15. Tăng/ (Giảm) các khoản nợ chính phủ và NHNN,Base,GSDC,Fact Public Company Financial Report Value,Data Value,MEASURE,fct_public_company_financial_rpt_val.data_val,
K_GSDC_1292,Data Explorer: Dữ liệu tài chính doanh nghiệp,Nhóm 29 — TCTD — Báo cáo LCTT trực tiếp,15. Tăng/ (Giảm) các khoản nợ chính phủ và NHNN,Base,GSDC,Financial Report Catalog Dimension,Row Description Reference,FILTER,JOIN financial_rpt_catalog_dim ON financial_rpt_catalog_dim.financial_rpt_catalog_dim_id = fct_public_company_financial_rpt_val.financial_rpt_catalog_dim_id WHERE financial_rpt_catalog_dim.financial_rpt_catalog_code LIKE 'BCLCTT_TT%' AND financial_rpt_catalog_dim.enterprise_tp_code = 'td' AND financial_rpt_catalog_dim.row_description_reference = '16' AND financial_rpt_catalog_dim.column_description_reference = '1',
K_GSDC_1292,Data Explorer: Dữ liệu tài chính doanh nghiệp,Nhóm 29 — TCTD — Báo cáo LCTT trực tiếp,15. Tăng/ (Giảm) các khoản nợ chính phủ và NHNN,Base,GSDC,Fact Public Company Financial Report Value,Report Year,FILTER,fct_public_company_financial_rpt_val.rpt_year = :year AND fct_public_company_financial_rpt_val.rpt_quarter = :quarter,
K_GSDC_1293,Data Explorer: Dữ liệu tài chính doanh nghiệp,Nhóm 29 — TCTD — Báo cáo LCTT trực tiếp,"16. Tăng/ (Giảm) các khoản tiền gửi, tiền vay các tổ chức tín dụng",Base,GSDC,Fact Public Company Financial Report Value,Data Value,MEASURE,fct_public_company_financial_rpt_val.data_val,
K_GSDC_1293,Data Explorer: Dữ liệu tài chính doanh nghiệp,Nhóm 29 — TCTD — Báo cáo LCTT trực tiếp,"16. Tăng/ (Giảm) các khoản tiền gửi, tiền vay các tổ chức tín dụng",Base,GSDC,Financial Report Catalog Dimension,Row Description Reference,FILTER,JOIN financial_rpt_catalog_dim ON financial_rpt_catalog_dim.financial_rpt_catalog_dim_id = fct_public_company_financial_rpt_val.financial_rpt_catalog_dim_id WHERE financial_rpt_catalog_dim.financial_rpt_catalog_code LIKE 'BCLCTT_TT%' AND financial_rpt_catalog_dim.enterprise_tp_code = 'td' AND financial_rpt_catalog_dim.row_description_reference = '17' AND financial_rpt_catalog_dim.column_description_reference = '1',
K_GSDC_1293,Data Explorer: Dữ liệu tài chính doanh nghiệp,Nhóm 29 — TCTD — Báo cáo LCTT trực tiếp,"16. Tăng/ (Giảm) các khoản tiền gửi, tiền vay các tổ chức tín dụng",Base,GSDC,Fact Public Company Financial Report Value,Report Year,FILTER,fct_public_company_financial_rpt_val.rpt_year = :year AND fct_public_company_financial_rpt_val.rpt_quarter = :quarter,
K_GSDC_1294,Data Explorer: Dữ liệu tài chính doanh nghiệp,Nhóm 29 — TCTD — Báo cáo LCTT trực tiếp,17. Tăng/ (Giảm) tiền gửi của khách hàng (bao gồm cả Kho bạc Nhà nước),Base,GSDC,Fact Public Company Financial Report Value,Data Value,MEASURE,fct_public_company_financial_rpt_val.data_val,
K_GSDC_1294,Data Explorer: Dữ liệu tài chính doanh nghiệp,Nhóm 29 — TCTD — Báo cáo LCTT trực tiếp,17. Tăng/ (Giảm) tiền gửi của khách hàng (bao gồm cả Kho bạc Nhà nước),Base,GSDC,Financial Report Catalog Dimension,Row Description Reference,FILTER,JOIN financial_rpt_catalog_dim ON financial_rpt_catalog_dim.financial_rpt_catalog_dim_id = fct_public_company_financial_rpt_val.financial_rpt_catalog_dim_id WHERE financial_rpt_catalog_dim.financial_rpt_catalog_code LIKE 'BCLCTT_TT%' AND financial_rpt_catalog_dim.enterprise_tp_code = 'td' AND financial_rpt_catalog_dim.row_description_reference = '18' AND financial_rpt_catalog_dim.column_description_reference = '1',
K_GSDC_1294,Data Explorer: Dữ liệu tài chính doanh nghiệp,Nhóm 29 — TCTD — Báo cáo LCTT trực tiếp,17. Tăng/ (Giảm) tiền gửi của khách hàng (bao gồm cả Kho bạc Nhà nước),Base,GSDC,Fact Public Company Financial Report Value,Report Year,FILTER,fct_public_company_financial_rpt_val.rpt_year = :year AND fct_public_company_financial_rpt_val.rpt_quarter = :quarter,
K_GSDC_1295,Data Explorer: Dữ liệu tài chính doanh nghiệp,Nhóm 29 — TCTD — Báo cáo LCTT trực tiếp,18. Tăng/ (Giảm) phát hành giấy tờ có giá (ngoại trừ giấy tờ có giá dài hạn),Base,GSDC,Fact Public Company Financial Report Value,Data Value,MEASURE,fct_public_company_financial_rpt_val.data_val,
K_GSDC_1295,Data Explorer: Dữ liệu tài chính doanh nghiệp,Nhóm 29 — TCTD — Báo cáo LCTT trực tiếp,18. Tăng/ (Giảm) phát hành giấy tờ có giá (ngoại trừ giấy tờ có giá dài hạn),Base,GSDC,Financial Report Catalog Dimension,Row Description Reference,FILTER,JOIN financial_rpt_catalog_dim ON financial_rpt_catalog_dim.financial_rpt_catalog_dim_id = fct_public_company_financial_rpt_val.financial_rpt_catalog_dim_id WHERE financial_rpt_catalog_dim.financial_rpt_catalog_code LIKE 'BCLCTT_TT%' AND financial_rpt_catalog_dim.enterprise_tp_code = 'td' AND financial_rpt_catalog_dim.row_description_reference = '19' AND financial_rpt_catalog_dim.column_description_reference = '1',
K_GSDC_1295,Data Explorer: Dữ liệu tài chính doanh nghiệp,Nhóm 29 — TCTD — Báo cáo LCTT trực tiếp,18. Tăng/ (Giảm) phát hành giấy tờ có giá (ngoại trừ giấy tờ có giá dài hạn),Base,GSDC,Fact Public Company Financial Report Value,Report Year,FILTER,fct_public_company_financial_rpt_val.rpt_year = :year AND fct_public_company_financial_rpt_val.rpt_quarter = :quarter,
K_GSDC_1296,Data Explorer: Dữ liệu tài chính doanh nghiệp,Nhóm 29 — TCTD — Báo cáo LCTT trực tiếp,"19. Tăng/ (Giảm) vốn tài trợ, uỷ thác đầu tư, cho vay mà TCTD chịu rủi ro",Base,GSDC,Fact Public Company Financial Report Value,Data Value,MEASURE,fct_public_company_financial_rpt_val.data_val,
K_GSDC_1296,Data Explorer: Dữ liệu tài chính doanh nghiệp,Nhóm 29 — TCTD — Báo cáo LCTT trực tiếp,"19. Tăng/ (Giảm) vốn tài trợ, uỷ thác đầu tư, cho vay mà TCTD chịu rủi ro",Base,GSDC,Financial Report Catalog Dimension,Row Description Reference,FILTER,JOIN financial_rpt_catalog_dim ON financial_rpt_catalog_dim.financial_rpt_catalog_dim_id = fct_public_company_financial_rpt_val.financial_rpt_catalog_dim_id WHERE financial_rpt_catalog_dim.financial_rpt_catalog_code LIKE 'BCLCTT_TT%' AND financial_rpt_catalog_dim.enterprise_tp_code = 'td' AND financial_rpt_catalog_dim.row_description_reference = '20' AND financial_rpt_catalog_dim.column_description_reference = '1',
K_GSDC_1296,Data Explorer: Dữ liệu tài chính doanh nghiệp,Nhóm 29 — TCTD — Báo cáo LCTT trực tiếp,"19. Tăng/ (Giảm) vốn tài trợ, uỷ thác đầu tư, cho vay mà TCTD chịu rủi ro",Base,GSDC,Fact Public Company Financial Report Value,Report Year,FILTER,fct_public_company_financial_rpt_val.rpt_year = :year AND fct_public_company_financial_rpt_val.rpt_quarter = :quarter,
K_GSDC_1297,Data Explorer: Dữ liệu tài chính doanh nghiệp,Nhóm 29 — TCTD — Báo cáo LCTT trực tiếp,20. Tăng/ (Giảm) các công cụ tài chính phái sinh và các khoản nợ tài chính,Base,GSDC,Fact Public Company Financial Report Value,Data Value,MEASURE,fct_public_company_financial_rpt_val.data_val,
K_GSDC_1297,Data Explorer: Dữ liệu tài chính doanh nghiệp,Nhóm 29 — TCTD — Báo cáo LCTT trực tiếp,20. Tăng/ (Giảm) các công cụ tài chính phái sinh và các khoản nợ tài chính,Base,GSDC,Financial Report Catalog Dimension,Row Description Reference,FILTER,JOIN financial_rpt_catalog_dim ON financial_rpt_catalog_dim.financial_rpt_catalog_dim_id = fct_public_company_financial_rpt_val.financial_rpt_catalog_dim_id WHERE financial_rpt_catalog_dim.financial_rpt_catalog_code LIKE 'BCLCTT_TT%' AND financial_rpt_catalog_dim.enterprise_tp_code = 'td' AND financial_rpt_catalog_dim.row_description_reference = '21' AND financial_rpt_catalog_dim.column_description_reference = '1',
K_GSDC_1297,Data Explorer: Dữ liệu tài chính doanh nghiệp,Nhóm 29 — TCTD — Báo cáo LCTT trực tiếp,20. Tăng/ (Giảm) các công cụ tài chính phái sinh và các khoản nợ tài chính,Base,GSDC,Fact Public Company Financial Report Value,Report Year,FILTER,fct_public_company_financial_rpt_val.rpt_year = :year AND fct_public_company_financial_rpt_val.rpt_quarter = :quarter,
K_GSDC_1298,Data Explorer: Dữ liệu tài chính doanh nghiệp,Nhóm 29 — TCTD — Báo cáo LCTT trực tiếp,21. Tăng/ (Giảm) khác về công nợ hoạt động,Base,GSDC,Fact Public Company Financial Report Value,Data Value,MEASURE,fct_public_company_financial_rpt_val.data_val,
K_GSDC_1298,Data Explorer: Dữ liệu tài chính doanh nghiệp,Nhóm 29 — TCTD — Báo cáo LCTT trực tiếp,21. Tăng/ (Giảm) khác về công nợ hoạt động,Base,GSDC,Financial Report Catalog Dimension,Row Description Reference,FILTER,JOIN financial_rpt_catalog_dim ON financial_rpt_catalog_dim.financial_rpt_catalog_dim_id = fct_public_company_financial_rpt_val.financial_rpt_catalog_dim_id WHERE financial_rpt_catalog_dim.financial_rpt_catalog_code LIKE 'BCLCTT_TT%' AND financial_rpt_catalog_dim.enterprise_tp_code = 'td' AND financial_rpt_catalog_dim.row_description_reference = '22' AND financial_rpt_catalog_dim.column_description_reference = '1',
K_GSDC_1298,Data Explorer: Dữ liệu tài chính doanh nghiệp,Nhóm 29 — TCTD — Báo cáo LCTT trực tiếp,21. Tăng/ (Giảm) khác về công nợ hoạt động,Base,GSDC,Fact Public Company Financial Report Value,Report Year,FILTER,fct_public_company_financial_rpt_val.rpt_year = :year AND fct_public_company_financial_rpt_val.rpt_quarter = :quarter,
K_GSDC_1299,Data Explorer: Dữ liệu tài chính doanh nghiệp,Nhóm 29 — TCTD — Báo cáo LCTT trực tiếp,22. Chi từ các quỹ của TCTD (*),Base,GSDC,Fact Public Company Financial Report Value,Data Value,MEASURE,fct_public_company_financial_rpt_val.data_val,
K_GSDC_1299,Data Explorer: Dữ liệu tài chính doanh nghiệp,Nhóm 29 — TCTD — Báo cáo LCTT trực tiếp,22. Chi từ các quỹ của TCTD (*),Base,GSDC,Financial Report Catalog Dimension,Row Description Reference,FILTER,JOIN financial_rpt_catalog_dim ON financial_rpt_catalog_dim.financial_rpt_catalog_dim_id = fct_public_company_financial_rpt_val.financial_rpt_catalog_dim_id WHERE financial_rpt_catalog_dim.financial_rpt_catalog_code LIKE 'BCLCTT_TT%' AND financial_rpt_catalog_dim.enterprise_tp_code = 'td' AND financial_rpt_catalog_dim.row_description_reference = '23' AND financial_rpt_catalog_dim.column_description_reference = '1',
K_GSDC_1299,Data Explorer: Dữ liệu tài chính doanh nghiệp,Nhóm 29 — TCTD — Báo cáo LCTT trực tiếp,22. Chi từ các quỹ của TCTD (*),Base,GSDC,Fact Public Company Financial Report Value,Report Year,FILTER,fct_public_company_financial_rpt_val.rpt_year = :year AND fct_public_company_financial_rpt_val.rpt_quarter = :quarter,
K_GSDC_1300,Data Explorer: Dữ liệu tài chính doanh nghiệp,Nhóm 29 — TCTD — Báo cáo LCTT trực tiếp,I. Lưu chuyển tiền thuần từ hoạt động kinh doanh,Base,GSDC,Fact Public Company Financial Report Value,Data Value,MEASURE,fct_public_company_financial_rpt_val.data_val,
K_GSDC_1300,Data Explorer: Dữ liệu tài chính doanh nghiệp,Nhóm 29 — TCTD — Báo cáo LCTT trực tiếp,I. Lưu chuyển tiền thuần từ hoạt động kinh doanh,Base,GSDC,Financial Report Catalog Dimension,Row Description Reference,FILTER,JOIN financial_rpt_catalog_dim ON financial_rpt_catalog_dim.financial_rpt_catalog_dim_id = fct_public_company_financial_rpt_val.financial_rpt_catalog_dim_id WHERE financial_rpt_catalog_dim.financial_rpt_catalog_code LIKE 'BCLCTT_TT%' AND financial_rpt_catalog_dim.enterprise_tp_code = 'td' AND financial_rpt_catalog_dim.row_description_reference = '24' AND financial_rpt_catalog_dim.column_description_reference = '1',
K_GSDC_1300,Data Explorer: Dữ liệu tài chính doanh nghiệp,Nhóm 29 — TCTD — Báo cáo LCTT trực tiếp,I. Lưu chuyển tiền thuần từ hoạt động kinh doanh,Base,GSDC,Fact Public Company Financial Report Value,Report Year,FILTER,fct_public_company_financial_rpt_val.rpt_year = :year AND fct_public_company_financial_rpt_val.rpt_quarter = :quarter,
K_GSDC_1302,Data Explorer: Dữ liệu tài chính doanh nghiệp,Nhóm 29 — TCTD — Báo cáo LCTT trực tiếp,1. Mua sắm tài sản cố định (*),Base,GSDC,Fact Public Company Financial Report Value,Data Value,MEASURE,fct_public_company_financial_rpt_val.data_val,
K_GSDC_1302,Data Explorer: Dữ liệu tài chính doanh nghiệp,Nhóm 29 — TCTD — Báo cáo LCTT trực tiếp,1. Mua sắm tài sản cố định (*),Base,GSDC,Financial Report Catalog Dimension,Row Description Reference,FILTER,JOIN financial_rpt_catalog_dim ON financial_rpt_catalog_dim.financial_rpt_catalog_dim_id = fct_public_company_financial_rpt_val.financial_rpt_catalog_dim_id WHERE financial_rpt_catalog_dim.financial_rpt_catalog_code LIKE 'BCLCTT_TT%' AND financial_rpt_catalog_dim.enterprise_tp_code = 'td' AND financial_rpt_catalog_dim.row_description_reference = '25' AND financial_rpt_catalog_dim.column_description_reference = '1',
K_GSDC_1302,Data Explorer: Dữ liệu tài chính doanh nghiệp,Nhóm 29 — TCTD — Báo cáo LCTT trực tiếp,1. Mua sắm tài sản cố định (*),Base,GSDC,Fact Public Company Financial Report Value,Report Year,FILTER,fct_public_company_financial_rpt_val.rpt_year = :year AND fct_public_company_financial_rpt_val.rpt_quarter = :quarter,
K_GSDC_1303,Data Explorer: Dữ liệu tài chính doanh nghiệp,Nhóm 29 — TCTD — Báo cáo LCTT trực tiếp,"2. Tiền thu từ thanh lý, nhượng bán TSCĐ",Base,GSDC,Fact Public Company Financial Report Value,Data Value,MEASURE,fct_public_company_financial_rpt_val.data_val,
K_GSDC_1303,Data Explorer: Dữ liệu tài chính doanh nghiệp,Nhóm 29 — TCTD — Báo cáo LCTT trực tiếp,"2. Tiền thu từ thanh lý, nhượng bán TSCĐ",Base,GSDC,Financial Report Catalog Dimension,Row Description Reference,FILTER,JOIN financial_rpt_catalog_dim ON financial_rpt_catalog_dim.financial_rpt_catalog_dim_id = fct_public_company_financial_rpt_val.financial_rpt_catalog_dim_id WHERE financial_rpt_catalog_dim.financial_rpt_catalog_code LIKE 'BCLCTT_TT%' AND financial_rpt_catalog_dim.enterprise_tp_code = 'td' AND financial_rpt_catalog_dim.row_description_reference = '26' AND financial_rpt_catalog_dim.column_description_reference = '1',
K_GSDC_1303,Data Explorer: Dữ liệu tài chính doanh nghiệp,Nhóm 29 — TCTD — Báo cáo LCTT trực tiếp,"2. Tiền thu từ thanh lý, nhượng bán TSCĐ",Base,GSDC,Fact Public Company Financial Report Value,Report Year,FILTER,fct_public_company_financial_rpt_val.rpt_year = :year AND fct_public_company_financial_rpt_val.rpt_quarter = :quarter,
K_GSDC_1304,Data Explorer: Dữ liệu tài chính doanh nghiệp,Nhóm 29 — TCTD — Báo cáo LCTT trực tiếp,"3. Tiền chi từ thanh lý, nhượng bán TSCĐ (*)",Base,GSDC,Fact Public Company Financial Report Value,Data Value,MEASURE,fct_public_company_financial_rpt_val.data_val,
K_GSDC_1304,Data Explorer: Dữ liệu tài chính doanh nghiệp,Nhóm 29 — TCTD — Báo cáo LCTT trực tiếp,"3. Tiền chi từ thanh lý, nhượng bán TSCĐ (*)",Base,GSDC,Financial Report Catalog Dimension,Row Description Reference,FILTER,JOIN financial_rpt_catalog_dim ON financial_rpt_catalog_dim.financial_rpt_catalog_dim_id = fct_public_company_financial_rpt_val.financial_rpt_catalog_dim_id WHERE financial_rpt_catalog_dim.financial_rpt_catalog_code LIKE 'BCLCTT_TT%' AND financial_rpt_catalog_dim.enterprise_tp_code = 'td' AND financial_rpt_catalog_dim.row_description_reference = '27' AND financial_rpt_catalog_dim.column_description_reference = '1',
K_GSDC_1304,Data Explorer: Dữ liệu tài chính doanh nghiệp,Nhóm 29 — TCTD — Báo cáo LCTT trực tiếp,"3. Tiền chi từ thanh lý, nhượng bán TSCĐ (*)",Base,GSDC,Fact Public Company Financial Report Value,Report Year,FILTER,fct_public_company_financial_rpt_val.rpt_year = :year AND fct_public_company_financial_rpt_val.rpt_quarter = :quarter,
K_GSDC_1305,Data Explorer: Dữ liệu tài chính doanh nghiệp,Nhóm 29 — TCTD — Báo cáo LCTT trực tiếp,4. Mua sắm bất động sản đầu tư (*),Base,GSDC,Fact Public Company Financial Report Value,Data Value,MEASURE,fct_public_company_financial_rpt_val.data_val,
K_GSDC_1305,Data Explorer: Dữ liệu tài chính doanh nghiệp,Nhóm 29 — TCTD — Báo cáo LCTT trực tiếp,4. Mua sắm bất động sản đầu tư (*),Base,GSDC,Financial Report Catalog Dimension,Row Description Reference,FILTER,JOIN financial_rpt_catalog_dim ON financial_rpt_catalog_dim.financial_rpt_catalog_dim_id = fct_public_company_financial_rpt_val.financial_rpt_catalog_dim_id WHERE financial_rpt_catalog_dim.financial_rpt_catalog_code LIKE 'BCLCTT_TT%' AND financial_rpt_catalog_dim.enterprise_tp_code = 'td' AND financial_rpt_catalog_dim.row_description_reference = '28' AND financial_rpt_catalog_dim.column_description_reference = '1',
K_GSDC_1305,Data Explorer: Dữ liệu tài chính doanh nghiệp,Nhóm 29 — TCTD — Báo cáo LCTT trực tiếp,4. Mua sắm bất động sản đầu tư (*),Base,GSDC,Fact Public Company Financial Report Value,Report Year,FILTER,fct_public_company_financial_rpt_val.rpt_year = :year AND fct_public_company_financial_rpt_val.rpt_quarter = :quarter,
K_GSDC_1306,Data Explorer: Dữ liệu tài chính doanh nghiệp,Nhóm 29 — TCTD — Báo cáo LCTT trực tiếp,"5. Tiền thu từ bán, thanh lý bất động sản đầu tư",Base,GSDC,Fact Public Company Financial Report Value,Data Value,MEASURE,fct_public_company_financial_rpt_val.data_val,
K_GSDC_1306,Data Explorer: Dữ liệu tài chính doanh nghiệp,Nhóm 29 — TCTD — Báo cáo LCTT trực tiếp,"5. Tiền thu từ bán, thanh lý bất động sản đầu tư",Base,GSDC,Financial Report Catalog Dimension,Row Description Reference,FILTER,JOIN financial_rpt_catalog_dim ON financial_rpt_catalog_dim.financial_rpt_catalog_dim_id = fct_public_company_financial_rpt_val.financial_rpt_catalog_dim_id WHERE financial_rpt_catalog_dim.financial_rpt_catalog_code LIKE 'BCLCTT_TT%' AND financial_rpt_catalog_dim.enterprise_tp_code = 'td' AND financial_rpt_catalog_dim.row_description_reference = '29' AND financial_rpt_catalog_dim.column_description_reference = '1',
K_GSDC_1306,Data Explorer: Dữ liệu tài chính doanh nghiệp,Nhóm 29 — TCTD — Báo cáo LCTT trực tiếp,"5. Tiền thu từ bán, thanh lý bất động sản đầu tư",Base,GSDC,Fact Public Company Financial Report Value,Report Year,FILTER,fct_public_company_financial_rpt_val.rpt_year = :year AND fct_public_company_financial_rpt_val.rpt_quarter = :quarter,
K_GSDC_1307,Data Explorer: Dữ liệu tài chính doanh nghiệp,Nhóm 29 — TCTD — Báo cáo LCTT trực tiếp,"6. Tiền chi ra do bán, thanh lý bất động sản đầu tư (*)",Base,GSDC,Fact Public Company Financial Report Value,Data Value,MEASURE,fct_public_company_financial_rpt_val.data_val,
K_GSDC_1307,Data Explorer: Dữ liệu tài chính doanh nghiệp,Nhóm 29 — TCTD — Báo cáo LCTT trực tiếp,"6. Tiền chi ra do bán, thanh lý bất động sản đầu tư (*)",Base,GSDC,Financial Report Catalog Dimension,Row Description Reference,FILTER,JOIN financial_rpt_catalog_dim ON financial_rpt_catalog_dim.financial_rpt_catalog_dim_id = fct_public_company_financial_rpt_val.financial_rpt_catalog_dim_id WHERE financial_rpt_catalog_dim.financial_rpt_catalog_code LIKE 'BCLCTT_TT%' AND financial_rpt_catalog_dim.enterprise_tp_code = 'td' AND financial_rpt_catalog_dim.row_description_reference = '30' AND financial_rpt_catalog_dim.column_description_reference = '1',
K_GSDC_1307,Data Explorer: Dữ liệu tài chính doanh nghiệp,Nhóm 29 — TCTD — Báo cáo LCTT trực tiếp,"6. Tiền chi ra do bán, thanh lý bất động sản đầu tư (*)",Base,GSDC,Fact Public Company Financial Report Value,Report Year,FILTER,fct_public_company_financial_rpt_val.rpt_year = :year AND fct_public_company_financial_rpt_val.rpt_quarter = :quarter,
K_GSDC_1308,Data Explorer: Dữ liệu tài chính doanh nghiệp,Nhóm 29 — TCTD — Báo cáo LCTT trực tiếp,"7. Tiền chi đầu tư, góp vốn vào các đơn vị khác",Base,GSDC,Fact Public Company Financial Report Value,Data Value,MEASURE,fct_public_company_financial_rpt_val.data_val,
K_GSDC_1308,Data Explorer: Dữ liệu tài chính doanh nghiệp,Nhóm 29 — TCTD — Báo cáo LCTT trực tiếp,"7. Tiền chi đầu tư, góp vốn vào các đơn vị khác",Base,GSDC,Financial Report Catalog Dimension,Row Description Reference,FILTER,JOIN financial_rpt_catalog_dim ON financial_rpt_catalog_dim.financial_rpt_catalog_dim_id = fct_public_company_financial_rpt_val.financial_rpt_catalog_dim_id WHERE financial_rpt_catalog_dim.financial_rpt_catalog_code LIKE 'BCLCTT_TT%' AND financial_rpt_catalog_dim.enterprise_tp_code = 'td' AND financial_rpt_catalog_dim.row_description_reference = '31' AND financial_rpt_catalog_dim.column_description_reference = '1',
K_GSDC_1308,Data Explorer: Dữ liệu tài chính doanh nghiệp,Nhóm 29 — TCTD — Báo cáo LCTT trực tiếp,"7. Tiền chi đầu tư, góp vốn vào các đơn vị khác",Base,GSDC,Fact Public Company Financial Report Value,Report Year,FILTER,fct_public_company_financial_rpt_val.rpt_year = :year AND fct_public_company_financial_rpt_val.rpt_quarter = :quarter,
K_GSDC_1309,Data Explorer: Dữ liệu tài chính doanh nghiệp,Nhóm 29 — TCTD — Báo cáo LCTT trực tiếp,"8. Tiền thu đầu tư, góp vốn vào các đơn vị khác",Base,GSDC,Fact Public Company Financial Report Value,Data Value,MEASURE,fct_public_company_financial_rpt_val.data_val,
K_GSDC_1309,Data Explorer: Dữ liệu tài chính doanh nghiệp,Nhóm 29 — TCTD — Báo cáo LCTT trực tiếp,"8. Tiền thu đầu tư, góp vốn vào các đơn vị khác",Base,GSDC,Financial Report Catalog Dimension,Row Description Reference,FILTER,JOIN financial_rpt_catalog_dim ON financial_rpt_catalog_dim.financial_rpt_catalog_dim_id = fct_public_company_financial_rpt_val.financial_rpt_catalog_dim_id WHERE financial_rpt_catalog_dim.financial_rpt_catalog_code LIKE 'BCLCTT_TT%' AND financial_rpt_catalog_dim.enterprise_tp_code = 'td' AND financial_rpt_catalog_dim.row_description_reference = '32' AND financial_rpt_catalog_dim.column_description_reference = '1',
K_GSDC_1309,Data Explorer: Dữ liệu tài chính doanh nghiệp,Nhóm 29 — TCTD — Báo cáo LCTT trực tiếp,"8. Tiền thu đầu tư, góp vốn vào các đơn vị khác",Base,GSDC,Fact Public Company Financial Report Value,Report Year,FILTER,fct_public_company_financial_rpt_val.rpt_year = :year AND fct_public_company_financial_rpt_val.rpt_quarter = :quarter,
K_GSDC_1310,Data Explorer: Dữ liệu tài chính doanh nghiệp,Nhóm 29 — TCTD — Báo cáo LCTT trực tiếp,"9. Tiền thu cổ tức và lợi nhuận được chia từ các khoản đầu tư, góp vốn",Base,GSDC,Fact Public Company Financial Report Value,Data Value,MEASURE,fct_public_company_financial_rpt_val.data_val,
K_GSDC_1310,Data Explorer: Dữ liệu tài chính doanh nghiệp,Nhóm 29 — TCTD — Báo cáo LCTT trực tiếp,"9. Tiền thu cổ tức và lợi nhuận được chia từ các khoản đầu tư, góp vốn",Base,GSDC,Financial Report Catalog Dimension,Row Description Reference,FILTER,JOIN financial_rpt_catalog_dim ON financial_rpt_catalog_dim.financial_rpt_catalog_dim_id = fct_public_company_financial_rpt_val.financial_rpt_catalog_dim_id WHERE financial_rpt_catalog_dim.financial_rpt_catalog_code LIKE 'BCLCTT_TT%' AND financial_rpt_catalog_dim.enterprise_tp_code = 'td' AND financial_rpt_catalog_dim.row_description_reference = '33' AND financial_rpt_catalog_dim.column_description_reference = '1',
K_GSDC_1310,Data Explorer: Dữ liệu tài chính doanh nghiệp,Nhóm 29 — TCTD — Báo cáo LCTT trực tiếp,"9. Tiền thu cổ tức và lợi nhuận được chia từ các khoản đầu tư, góp vốn",Base,GSDC,Fact Public Company Financial Report Value,Report Year,FILTER,fct_public_company_financial_rpt_val.rpt_year = :year AND fct_public_company_financial_rpt_val.rpt_quarter = :quarter,
K_GSDC_1311,Data Explorer: Dữ liệu tài chính doanh nghiệp,Nhóm 29 — TCTD — Báo cáo LCTT trực tiếp,II. Lưu chuyển tiền thuần từ hoạt động đầu tư,Base,GSDC,Fact Public Company Financial Report Value,Data Value,MEASURE,fct_public_company_financial_rpt_val.data_val,
K_GSDC_1311,Data Explorer: Dữ liệu tài chính doanh nghiệp,Nhóm 29 — TCTD — Báo cáo LCTT trực tiếp,II. Lưu chuyển tiền thuần từ hoạt động đầu tư,Base,GSDC,Financial Report Catalog Dimension,Row Description Reference,FILTER,JOIN financial_rpt_catalog_dim ON financial_rpt_catalog_dim.financial_rpt_catalog_dim_id = fct_public_company_financial_rpt_val.financial_rpt_catalog_dim_id WHERE financial_rpt_catalog_dim.financial_rpt_catalog_code LIKE 'BCLCTT_TT%' AND financial_rpt_catalog_dim.enterprise_tp_code = 'td' AND financial_rpt_catalog_dim.row_description_reference = '34' AND financial_rpt_catalog_dim.column_description_reference = '1',
K_GSDC_1311,Data Explorer: Dữ liệu tài chính doanh nghiệp,Nhóm 29 — TCTD — Báo cáo LCTT trực tiếp,II. Lưu chuyển tiền thuần từ hoạt động đầu tư,Base,GSDC,Fact Public Company Financial Report Value,Report Year,FILTER,fct_public_company_financial_rpt_val.rpt_year = :year AND fct_public_company_financial_rpt_val.rpt_quarter = :quarter,
K_GSDC_1313,Data Explorer: Dữ liệu tài chính doanh nghiệp,Nhóm 29 — TCTD — Báo cáo LCTT trực tiếp,1. Tăng vốn cổ phần từ góp vốn và/hoặc phát hành cổ phiếu,Base,GSDC,Fact Public Company Financial Report Value,Data Value,MEASURE,fct_public_company_financial_rpt_val.data_val,
K_GSDC_1313,Data Explorer: Dữ liệu tài chính doanh nghiệp,Nhóm 29 — TCTD — Báo cáo LCTT trực tiếp,1. Tăng vốn cổ phần từ góp vốn và/hoặc phát hành cổ phiếu,Base,GSDC,Financial Report Catalog Dimension,Row Description Reference,FILTER,JOIN financial_rpt_catalog_dim ON financial_rpt_catalog_dim.financial_rpt_catalog_dim_id = fct_public_company_financial_rpt_val.financial_rpt_catalog_dim_id WHERE financial_rpt_catalog_dim.financial_rpt_catalog_code LIKE 'BCLCTT_TT%' AND financial_rpt_catalog_dim.enterprise_tp_code = 'td' AND financial_rpt_catalog_dim.row_description_reference = '35' AND financial_rpt_catalog_dim.column_description_reference = '1',
K_GSDC_1313,Data Explorer: Dữ liệu tài chính doanh nghiệp,Nhóm 29 — TCTD — Báo cáo LCTT trực tiếp,1. Tăng vốn cổ phần từ góp vốn và/hoặc phát hành cổ phiếu,Base,GSDC,Fact Public Company Financial Report Value,Report Year,FILTER,fct_public_company_financial_rpt_val.rpt_year = :year AND fct_public_company_financial_rpt_val.rpt_quarter = :quarter,
K_GSDC_1314,Data Explorer: Dữ liệu tài chính doanh nghiệp,Nhóm 29 — TCTD — Báo cáo LCTT trực tiếp,2. Tiền thu từ phát hành giấy tờ có giá dài hạn có đủ điều kiện tính vào vốn,Base,GSDC,Fact Public Company Financial Report Value,Data Value,MEASURE,fct_public_company_financial_rpt_val.data_val,
K_GSDC_1314,Data Explorer: Dữ liệu tài chính doanh nghiệp,Nhóm 29 — TCTD — Báo cáo LCTT trực tiếp,2. Tiền thu từ phát hành giấy tờ có giá dài hạn có đủ điều kiện tính vào vốn,Base,GSDC,Financial Report Catalog Dimension,Row Description Reference,FILTER,JOIN financial_rpt_catalog_dim ON financial_rpt_catalog_dim.financial_rpt_catalog_dim_id = fct_public_company_financial_rpt_val.financial_rpt_catalog_dim_id WHERE financial_rpt_catalog_dim.financial_rpt_catalog_code LIKE 'BCLCTT_TT%' AND financial_rpt_catalog_dim.enterprise_tp_code = 'td' AND financial_rpt_catalog_dim.row_description_reference = '36' AND financial_rpt_catalog_dim.column_description_reference = '1',
K_GSDC_1314,Data Explorer: Dữ liệu tài chính doanh nghiệp,Nhóm 29 — TCTD — Báo cáo LCTT trực tiếp,2. Tiền thu từ phát hành giấy tờ có giá dài hạn có đủ điều kiện tính vào vốn,Base,GSDC,Fact Public Company Financial Report Value,Report Year,FILTER,fct_public_company_financial_rpt_val.rpt_year = :year AND fct_public_company_financial_rpt_val.rpt_quarter = :quarter,
K_GSDC_1315,Data Explorer: Dữ liệu tài chính doanh nghiệp,Nhóm 29 — TCTD — Báo cáo LCTT trực tiếp,3. Tiền chi thanh toán giấy tờ có giá dài hạn có đủ điều kiện tính vào vốn,Base,GSDC,Fact Public Company Financial Report Value,Data Value,MEASURE,fct_public_company_financial_rpt_val.data_val,
K_GSDC_1315,Data Explorer: Dữ liệu tài chính doanh nghiệp,Nhóm 29 — TCTD — Báo cáo LCTT trực tiếp,3. Tiền chi thanh toán giấy tờ có giá dài hạn có đủ điều kiện tính vào vốn,Base,GSDC,Financial Report Catalog Dimension,Row Description Reference,FILTER,JOIN financial_rpt_catalog_dim ON financial_rpt_catalog_dim.financial_rpt_catalog_dim_id = fct_public_company_financial_rpt_val.financial_rpt_catalog_dim_id WHERE financial_rpt_catalog_dim.financial_rpt_catalog_code LIKE 'BCLCTT_TT%' AND financial_rpt_catalog_dim.enterprise_tp_code = 'td' AND financial_rpt_catalog_dim.row_description_reference = '37' AND financial_rpt_catalog_dim.column_description_reference = '1',
K_GSDC_1315,Data Explorer: Dữ liệu tài chính doanh nghiệp,Nhóm 29 — TCTD — Báo cáo LCTT trực tiếp,3. Tiền chi thanh toán giấy tờ có giá dài hạn có đủ điều kiện tính vào vốn,Base,GSDC,Fact Public Company Financial Report Value,Report Year,FILTER,fct_public_company_financial_rpt_val.rpt_year = :year AND fct_public_company_financial_rpt_val.rpt_quarter = :quarter,
K_GSDC_1316,Data Explorer: Dữ liệu tài chính doanh nghiệp,Nhóm 29 — TCTD — Báo cáo LCTT trực tiếp,"4. Cổ tức trả cho cổ đông, lợi nhuận đã chia (*)",Base,GSDC,Fact Public Company Financial Report Value,Data Value,MEASURE,fct_public_company_financial_rpt_val.data_val,
K_GSDC_1316,Data Explorer: Dữ liệu tài chính doanh nghiệp,Nhóm 29 — TCTD — Báo cáo LCTT trực tiếp,"4. Cổ tức trả cho cổ đông, lợi nhuận đã chia (*)",Base,GSDC,Financial Report Catalog Dimension,Row Description Reference,FILTER,JOIN financial_rpt_catalog_dim ON financial_rpt_catalog_dim.financial_rpt_catalog_dim_id = fct_public_company_financial_rpt_val.financial_rpt_catalog_dim_id WHERE financial_rpt_catalog_dim.financial_rpt_catalog_code LIKE 'BCLCTT_TT%' AND financial_rpt_catalog_dim.enterprise_tp_code = 'td' AND financial_rpt_catalog_dim.row_description_reference = '38' AND financial_rpt_catalog_dim.column_description_reference = '1',
K_GSDC_1316,Data Explorer: Dữ liệu tài chính doanh nghiệp,Nhóm 29 — TCTD — Báo cáo LCTT trực tiếp,"4. Cổ tức trả cho cổ đông, lợi nhuận đã chia (*)",Base,GSDC,Fact Public Company Financial Report Value,Report Year,FILTER,fct_public_company_financial_rpt_val.rpt_year = :year AND fct_public_company_financial_rpt_val.rpt_quarter = :quarter,
K_GSDC_1317,Data Explorer: Dữ liệu tài chính doanh nghiệp,Nhóm 29 — TCTD — Báo cáo LCTT trực tiếp,5. Tiền chi ra mua cổ phiếu ngân quỹ (*),Base,GSDC,Fact Public Company Financial Report Value,Data Value,MEASURE,fct_public_company_financial_rpt_val.data_val,
K_GSDC_1317,Data Explorer: Dữ liệu tài chính doanh nghiệp,Nhóm 29 — TCTD — Báo cáo LCTT trực tiếp,5. Tiền chi ra mua cổ phiếu ngân quỹ (*),Base,GSDC,Financial Report Catalog Dimension,Row Description Reference,FILTER,JOIN financial_rpt_catalog_dim ON financial_rpt_catalog_dim.financial_rpt_catalog_dim_id = fct_public_company_financial_rpt_val.financial_rpt_catalog_dim_id WHERE financial_rpt_catalog_dim.financial_rpt_catalog_code LIKE 'BCLCTT_TT%' AND financial_rpt_catalog_dim.enterprise_tp_code = 'td' AND financial_rpt_catalog_dim.row_description_reference = '39' AND financial_rpt_catalog_dim.column_description_reference = '1',
K_GSDC_1317,Data Explorer: Dữ liệu tài chính doanh nghiệp,Nhóm 29 — TCTD — Báo cáo LCTT trực tiếp,5. Tiền chi ra mua cổ phiếu ngân quỹ (*),Base,GSDC,Fact Public Company Financial Report Value,Report Year,FILTER,fct_public_company_financial_rpt_val.rpt_year = :year AND fct_public_company_financial_rpt_val.rpt_quarter = :quarter,
K_GSDC_1318,Data Explorer: Dữ liệu tài chính doanh nghiệp,Nhóm 29 — TCTD — Báo cáo LCTT trực tiếp,6. Tiền thu được do bán cổ phiếu ngân quỹ,Base,GSDC,Fact Public Company Financial Report Value,Data Value,MEASURE,fct_public_company_financial_rpt_val.data_val,
K_GSDC_1318,Data Explorer: Dữ liệu tài chính doanh nghiệp,Nhóm 29 — TCTD — Báo cáo LCTT trực tiếp,6. Tiền thu được do bán cổ phiếu ngân quỹ,Base,GSDC,Financial Report Catalog Dimension,Row Description Reference,FILTER,JOIN financial_rpt_catalog_dim ON financial_rpt_catalog_dim.financial_rpt_catalog_dim_id = fct_public_company_financial_rpt_val.financial_rpt_catalog_dim_id WHERE financial_rpt_catalog_dim.financial_rpt_catalog_code LIKE 'BCLCTT_TT%' AND financial_rpt_catalog_dim.enterprise_tp_code = 'td' AND financial_rpt_catalog_dim.row_description_reference = '40' AND financial_rpt_catalog_dim.column_description_reference = '1',
K_GSDC_1318,Data Explorer: Dữ liệu tài chính doanh nghiệp,Nhóm 29 — TCTD — Báo cáo LCTT trực tiếp,6. Tiền thu được do bán cổ phiếu ngân quỹ,Base,GSDC,Fact Public Company Financial Report Value,Report Year,FILTER,fct_public_company_financial_rpt_val.rpt_year = :year AND fct_public_company_financial_rpt_val.rpt_quarter = :quarter,
K_GSDC_1319,Data Explorer: Dữ liệu tài chính doanh nghiệp,Nhóm 29 — TCTD — Báo cáo LCTT trực tiếp,III. Lưu chuyển tiền thuần từ hoạt động tài chính,Base,GSDC,Fact Public Company Financial Report Value,Data Value,MEASURE,fct_public_company_financial_rpt_val.data_val,
K_GSDC_1319,Data Explorer: Dữ liệu tài chính doanh nghiệp,Nhóm 29 — TCTD — Báo cáo LCTT trực tiếp,III. Lưu chuyển tiền thuần từ hoạt động tài chính,Base,GSDC,Financial Report Catalog Dimension,Row Description Reference,FILTER,JOIN financial_rpt_catalog_dim ON financial_rpt_catalog_dim.financial_rpt_catalog_dim_id = fct_public_company_financial_rpt_val.financial_rpt_catalog_dim_id WHERE financial_rpt_catalog_dim.financial_rpt_catalog_code LIKE 'BCLCTT_TT%' AND financial_rpt_catalog_dim.enterprise_tp_code = 'td' AND financial_rpt_catalog_dim.row_description_reference = '41' AND financial_rpt_catalog_dim.column_description_reference = '1',
K_GSDC_1319,Data Explorer: Dữ liệu tài chính doanh nghiệp,Nhóm 29 — TCTD — Báo cáo LCTT trực tiếp,III. Lưu chuyển tiền thuần từ hoạt động tài chính,Base,GSDC,Fact Public Company Financial Report Value,Report Year,FILTER,fct_public_company_financial_rpt_val.rpt_year = :year AND fct_public_company_financial_rpt_val.rpt_quarter = :quarter,
K_GSDC_1320,Data Explorer: Dữ liệu tài chính doanh nghiệp,Nhóm 29 — TCTD — Báo cáo LCTT trực tiếp,IV. Lưu chuyển tiền thuần trong kỳ,Base,GSDC,Fact Public Company Financial Report Value,Data Value,MEASURE,fct_public_company_financial_rpt_val.data_val,
K_GSDC_1320,Data Explorer: Dữ liệu tài chính doanh nghiệp,Nhóm 29 — TCTD — Báo cáo LCTT trực tiếp,IV. Lưu chuyển tiền thuần trong kỳ,Base,GSDC,Financial Report Catalog Dimension,Row Description Reference,FILTER,JOIN financial_rpt_catalog_dim ON financial_rpt_catalog_dim.financial_rpt_catalog_dim_id = fct_public_company_financial_rpt_val.financial_rpt_catalog_dim_id WHERE financial_rpt_catalog_dim.financial_rpt_catalog_code LIKE 'BCLCTT_TT%' AND financial_rpt_catalog_dim.enterprise_tp_code = 'td' AND financial_rpt_catalog_dim.row_description_reference = '42' AND financial_rpt_catalog_dim.column_description_reference = '1',
K_GSDC_1320,Data Explorer: Dữ liệu tài chính doanh nghiệp,Nhóm 29 — TCTD — Báo cáo LCTT trực tiếp,IV. Lưu chuyển tiền thuần trong kỳ,Base,GSDC,Fact Public Company Financial Report Value,Report Year,FILTER,fct_public_company_financial_rpt_val.rpt_year = :year AND fct_public_company_financial_rpt_val.rpt_quarter = :quarter,
K_GSDC_1321,Data Explorer: Dữ liệu tài chính doanh nghiệp,Nhóm 29 — TCTD — Báo cáo LCTT trực tiếp,V. Tiền và các khoản tương đương tiền tại thời điểm đầu kỳ,Base,GSDC,Fact Public Company Financial Report Value,Data Value,MEASURE,fct_public_company_financial_rpt_val.data_val,
K_GSDC_1321,Data Explorer: Dữ liệu tài chính doanh nghiệp,Nhóm 29 — TCTD — Báo cáo LCTT trực tiếp,V. Tiền và các khoản tương đương tiền tại thời điểm đầu kỳ,Base,GSDC,Financial Report Catalog Dimension,Row Description Reference,FILTER,JOIN financial_rpt_catalog_dim ON financial_rpt_catalog_dim.financial_rpt_catalog_dim_id = fct_public_company_financial_rpt_val.financial_rpt_catalog_dim_id WHERE financial_rpt_catalog_dim.financial_rpt_catalog_code LIKE 'BCLCTT_TT%' AND financial_rpt_catalog_dim.enterprise_tp_code = 'td' AND financial_rpt_catalog_dim.row_description_reference = '43' AND financial_rpt_catalog_dim.column_description_reference = '1',
K_GSDC_1321,Data Explorer: Dữ liệu tài chính doanh nghiệp,Nhóm 29 — TCTD — Báo cáo LCTT trực tiếp,V. Tiền và các khoản tương đương tiền tại thời điểm đầu kỳ,Base,GSDC,Fact Public Company Financial Report Value,Report Year,FILTER,fct_public_company_financial_rpt_val.rpt_year = :year AND fct_public_company_financial_rpt_val.rpt_quarter = :quarter,
K_GSDC_1322,Data Explorer: Dữ liệu tài chính doanh nghiệp,Nhóm 29 — TCTD — Báo cáo LCTT trực tiếp,VI. Điều chỉnh ảnh hưởng của thay đổi tỷ giá,Base,GSDC,Fact Public Company Financial Report Value,Data Value,MEASURE,fct_public_company_financial_rpt_val.data_val,
K_GSDC_1322,Data Explorer: Dữ liệu tài chính doanh nghiệp,Nhóm 29 — TCTD — Báo cáo LCTT trực tiếp,VI. Điều chỉnh ảnh hưởng của thay đổi tỷ giá,Base,GSDC,Financial Report Catalog Dimension,Row Description Reference,FILTER,JOIN financial_rpt_catalog_dim ON financial_rpt_catalog_dim.financial_rpt_catalog_dim_id = fct_public_company_financial_rpt_val.financial_rpt_catalog_dim_id WHERE financial_rpt_catalog_dim.financial_rpt_catalog_code LIKE 'BCLCTT_TT%' AND financial_rpt_catalog_dim.enterprise_tp_code = 'td' AND financial_rpt_catalog_dim.row_description_reference = '44' AND financial_rpt_catalog_dim.column_description_reference = '1',
K_GSDC_1322,Data Explorer: Dữ liệu tài chính doanh nghiệp,Nhóm 29 — TCTD — Báo cáo LCTT trực tiếp,VI. Điều chỉnh ảnh hưởng của thay đổi tỷ giá,Base,GSDC,Fact Public Company Financial Report Value,Report Year,FILTER,fct_public_company_financial_rpt_val.rpt_year = :year AND fct_public_company_financial_rpt_val.rpt_quarter = :quarter,
K_GSDC_1323,Data Explorer: Dữ liệu tài chính doanh nghiệp,Nhóm 29 — TCTD — Báo cáo LCTT trực tiếp,VII. Tiền và các khoản tương đương tiền tại thời điểm cuối kỳ,Base,GSDC,Fact Public Company Financial Report Value,Data Value,MEASURE,fct_public_company_financial_rpt_val.data_val,
K_GSDC_1323,Data Explorer: Dữ liệu tài chính doanh nghiệp,Nhóm 29 — TCTD — Báo cáo LCTT trực tiếp,VII. Tiền và các khoản tương đương tiền tại thời điểm cuối kỳ,Base,GSDC,Financial Report Catalog Dimension,Row Description Reference,FILTER,JOIN financial_rpt_catalog_dim ON financial_rpt_catalog_dim.financial_rpt_catalog_dim_id = fct_public_company_financial_rpt_val.financial_rpt_catalog_dim_id WHERE financial_rpt_catalog_dim.financial_rpt_catalog_code LIKE 'BCLCTT_TT%' AND financial_rpt_catalog_dim.enterprise_tp_code = 'td' AND financial_rpt_catalog_dim.row_description_reference = '45' AND financial_rpt_catalog_dim.column_description_reference = '1',
K_GSDC_1323,Data Explorer: Dữ liệu tài chính doanh nghiệp,Nhóm 29 — TCTD — Báo cáo LCTT trực tiếp,VII. Tiền và các khoản tương đương tiền tại thời điểm cuối kỳ,Base,GSDC,Fact Public Company Financial Report Value,Report Year,FILTER,fct_public_company_financial_rpt_val.rpt_year = :year AND fct_public_company_financial_rpt_val.rpt_quarter = :quarter,
K_GSDC_1274,Data Explorer: Dữ liệu tài chính doanh nghiệp,Nhóm 29 — TCTD — Báo cáo LCTT trực tiếp,A. Lưu chuyển tiền từ hoạt động kinh doanh,N/A,GSDC,,,SLICER,,"Section label — không có logic tính toán, dùng cho hiển thị phân cấp trong Data Explorer"
K_GSDC_1284,Data Explorer: Dữ liệu tài chính doanh nghiệp,Nhóm 29 — TCTD — Báo cáo LCTT trực tiếp,Những thay đổi về tài sản hoạt động,N/A,GSDC,,,SLICER,,"Section label — không có logic tính toán, dùng cho hiển thị phân cấp trong Data Explorer"
K_GSDC_1291,Data Explorer: Dữ liệu tài chính doanh nghiệp,Nhóm 29 — TCTD — Báo cáo LCTT trực tiếp,Những thay đổi về công nợ hoạt động,N/A,GSDC,,,SLICER,,"Section label — không có logic tính toán, dùng cho hiển thị phân cấp trong Data Explorer"
K_GSDC_1301,Data Explorer: Dữ liệu tài chính doanh nghiệp,Nhóm 29 — TCTD — Báo cáo LCTT trực tiếp,Lưu chuyển tiền từ hoạt động đầu tư,N/A,GSDC,,,SLICER,,"Section label — không có logic tính toán, dùng cho hiển thị phân cấp trong Data Explorer"
K_GSDC_1312,Data Explorer: Dữ liệu tài chính doanh nghiệp,Nhóm 29 — TCTD — Báo cáo LCTT trực tiếp,Lưu chuyển tiền từ hoạt động tài chính,N/A,GSDC,,,SLICER,,"Section label — không có logic tính toán, dùng cho hiển thị phân cấp trong Data Explorer"
K_GSDC_1325,Data Explorer: Dữ liệu tài chính doanh nghiệp,Nhóm 30 — TCTD — Báo cáo LCTT gián tiếp,Lợi nhuận trước thuế,Base,GSDC,Fact Public Company Financial Report Value,Data Value,MEASURE,fct_public_company_financial_rpt_val.data_val,
K_GSDC_1325,Data Explorer: Dữ liệu tài chính doanh nghiệp,Nhóm 30 — TCTD — Báo cáo LCTT gián tiếp,Lợi nhuận trước thuế,Base,GSDC,Financial Report Catalog Dimension,Row Description Reference,FILTER,JOIN financial_rpt_catalog_dim ON financial_rpt_catalog_dim.financial_rpt_catalog_dim_id = fct_public_company_financial_rpt_val.financial_rpt_catalog_dim_id WHERE financial_rpt_catalog_dim.financial_rpt_catalog_code LIKE 'BCLCTT_GT%' AND financial_rpt_catalog_dim.enterprise_tp_code = 'td' AND financial_rpt_catalog_dim.row_description_reference = '01' AND financial_rpt_catalog_dim.column_description_reference = '1',
K_GSDC_1325,Data Explorer: Dữ liệu tài chính doanh nghiệp,Nhóm 30 — TCTD — Báo cáo LCTT gián tiếp,Lợi nhuận trước thuế,Base,GSDC,Fact Public Company Financial Report Value,Report Year,FILTER,fct_public_company_financial_rpt_val.rpt_year = :year AND fct_public_company_financial_rpt_val.rpt_quarter = :quarter,
K_GSDC_1327,Data Explorer: Dữ liệu tài chính doanh nghiệp,Nhóm 30 — TCTD — Báo cáo LCTT gián tiếp,"2. Khấu hao TSCĐ, bất động sản đầu tư",Base,GSDC,Fact Public Company Financial Report Value,Data Value,MEASURE,fct_public_company_financial_rpt_val.data_val,
K_GSDC_1327,Data Explorer: Dữ liệu tài chính doanh nghiệp,Nhóm 30 — TCTD — Báo cáo LCTT gián tiếp,"2. Khấu hao TSCĐ, bất động sản đầu tư",Base,GSDC,Financial Report Catalog Dimension,Row Description Reference,FILTER,JOIN financial_rpt_catalog_dim ON financial_rpt_catalog_dim.financial_rpt_catalog_dim_id = fct_public_company_financial_rpt_val.financial_rpt_catalog_dim_id WHERE financial_rpt_catalog_dim.financial_rpt_catalog_code LIKE 'BCLCTT_GT%' AND financial_rpt_catalog_dim.enterprise_tp_code = 'td' AND financial_rpt_catalog_dim.row_description_reference = '02' AND financial_rpt_catalog_dim.column_description_reference = '1',
K_GSDC_1327,Data Explorer: Dữ liệu tài chính doanh nghiệp,Nhóm 30 — TCTD — Báo cáo LCTT gián tiếp,"2. Khấu hao TSCĐ, bất động sản đầu tư",Base,GSDC,Fact Public Company Financial Report Value,Report Year,FILTER,fct_public_company_financial_rpt_val.rpt_year = :year AND fct_public_company_financial_rpt_val.rpt_quarter = :quarter,
K_GSDC_1328,Data Explorer: Dữ liệu tài chính doanh nghiệp,Nhóm 30 — TCTD — Báo cáo LCTT gián tiếp,"3. Dự phòng rủi ro tín dụng, giảm giá, đầu tư tăng thêm/ (hoàn nhập) trong kỳ",Base,GSDC,Fact Public Company Financial Report Value,Data Value,MEASURE,fct_public_company_financial_rpt_val.data_val,
K_GSDC_1328,Data Explorer: Dữ liệu tài chính doanh nghiệp,Nhóm 30 — TCTD — Báo cáo LCTT gián tiếp,"3. Dự phòng rủi ro tín dụng, giảm giá, đầu tư tăng thêm/ (hoàn nhập) trong kỳ",Base,GSDC,Financial Report Catalog Dimension,Row Description Reference,FILTER,JOIN financial_rpt_catalog_dim ON financial_rpt_catalog_dim.financial_rpt_catalog_dim_id = fct_public_company_financial_rpt_val.financial_rpt_catalog_dim_id WHERE financial_rpt_catalog_dim.financial_rpt_catalog_code LIKE 'BCLCTT_GT%' AND financial_rpt_catalog_dim.enterprise_tp_code = 'td' AND financial_rpt_catalog_dim.row_description_reference = '03' AND financial_rpt_catalog_dim.column_description_reference = '1',
K_GSDC_1328,Data Explorer: Dữ liệu tài chính doanh nghiệp,Nhóm 30 — TCTD — Báo cáo LCTT gián tiếp,"3. Dự phòng rủi ro tín dụng, giảm giá, đầu tư tăng thêm/ (hoàn nhập) trong kỳ",Base,GSDC,Fact Public Company Financial Report Value,Report Year,FILTER,fct_public_company_financial_rpt_val.rpt_year = :year AND fct_public_company_financial_rpt_val.rpt_quarter = :quarter,
K_GSDC_1329,Data Explorer: Dữ liệu tài chính doanh nghiệp,Nhóm 30 — TCTD — Báo cáo LCTT gián tiếp,4. Lãi và phí phải thu trong kỳ (thực tế chưa thu) (*),Base,GSDC,Fact Public Company Financial Report Value,Data Value,MEASURE,fct_public_company_financial_rpt_val.data_val,
K_GSDC_1329,Data Explorer: Dữ liệu tài chính doanh nghiệp,Nhóm 30 — TCTD — Báo cáo LCTT gián tiếp,4. Lãi và phí phải thu trong kỳ (thực tế chưa thu) (*),Base,GSDC,Financial Report Catalog Dimension,Row Description Reference,FILTER,JOIN financial_rpt_catalog_dim ON financial_rpt_catalog_dim.financial_rpt_catalog_dim_id = fct_public_company_financial_rpt_val.financial_rpt_catalog_dim_id WHERE financial_rpt_catalog_dim.financial_rpt_catalog_code LIKE 'BCLCTT_GT%' AND financial_rpt_catalog_dim.enterprise_tp_code = 'td' AND financial_rpt_catalog_dim.row_description_reference = '04' AND financial_rpt_catalog_dim.column_description_reference = '1',
K_GSDC_1329,Data Explorer: Dữ liệu tài chính doanh nghiệp,Nhóm 30 — TCTD — Báo cáo LCTT gián tiếp,4. Lãi và phí phải thu trong kỳ (thực tế chưa thu) (*),Base,GSDC,Fact Public Company Financial Report Value,Report Year,FILTER,fct_public_company_financial_rpt_val.rpt_year = :year AND fct_public_company_financial_rpt_val.rpt_quarter = :quarter,
K_GSDC_1330,Data Explorer: Dữ liệu tài chính doanh nghiệp,Nhóm 30 — TCTD — Báo cáo LCTT gián tiếp,5. Lãi và phí phải trả trong kỳ (thực tế chưa trả),Base,GSDC,Fact Public Company Financial Report Value,Data Value,MEASURE,fct_public_company_financial_rpt_val.data_val,
K_GSDC_1330,Data Explorer: Dữ liệu tài chính doanh nghiệp,Nhóm 30 — TCTD — Báo cáo LCTT gián tiếp,5. Lãi và phí phải trả trong kỳ (thực tế chưa trả),Base,GSDC,Financial Report Catalog Dimension,Row Description Reference,FILTER,JOIN financial_rpt_catalog_dim ON financial_rpt_catalog_dim.financial_rpt_catalog_dim_id = fct_public_company_financial_rpt_val.financial_rpt_catalog_dim_id WHERE financial_rpt_catalog_dim.financial_rpt_catalog_code LIKE 'BCLCTT_GT%' AND financial_rpt_catalog_dim.enterprise_tp_code = 'td' AND financial_rpt_catalog_dim.row_description_reference = '05' AND financial_rpt_catalog_dim.column_description_reference = '1',
K_GSDC_1330,Data Explorer: Dữ liệu tài chính doanh nghiệp,Nhóm 30 — TCTD — Báo cáo LCTT gián tiếp,5. Lãi và phí phải trả trong kỳ (thực tế chưa trả),Base,GSDC,Fact Public Company Financial Report Value,Report Year,FILTER,fct_public_company_financial_rpt_val.rpt_year = :year AND fct_public_company_financial_rpt_val.rpt_quarter = :quarter,
K_GSDC_1331,Data Explorer: Dữ liệu tài chính doanh nghiệp,Nhóm 30 — TCTD — Báo cáo LCTT gián tiếp,6. (Lãi)/ lỗ do thanh lý TSCĐ,Base,GSDC,Fact Public Company Financial Report Value,Data Value,MEASURE,fct_public_company_financial_rpt_val.data_val,
K_GSDC_1331,Data Explorer: Dữ liệu tài chính doanh nghiệp,Nhóm 30 — TCTD — Báo cáo LCTT gián tiếp,6. (Lãi)/ lỗ do thanh lý TSCĐ,Base,GSDC,Financial Report Catalog Dimension,Row Description Reference,FILTER,JOIN financial_rpt_catalog_dim ON financial_rpt_catalog_dim.financial_rpt_catalog_dim_id = fct_public_company_financial_rpt_val.financial_rpt_catalog_dim_id WHERE financial_rpt_catalog_dim.financial_rpt_catalog_code LIKE 'BCLCTT_GT%' AND financial_rpt_catalog_dim.enterprise_tp_code = 'td' AND financial_rpt_catalog_dim.row_description_reference = '06' AND financial_rpt_catalog_dim.column_description_reference = '1',
K_GSDC_1331,Data Explorer: Dữ liệu tài chính doanh nghiệp,Nhóm 30 — TCTD — Báo cáo LCTT gián tiếp,6. (Lãi)/ lỗ do thanh lý TSCĐ,Base,GSDC,Fact Public Company Financial Report Value,Report Year,FILTER,fct_public_company_financial_rpt_val.rpt_year = :year AND fct_public_company_financial_rpt_val.rpt_quarter = :quarter,
K_GSDC_1332,Data Explorer: Dữ liệu tài chính doanh nghiệp,Nhóm 30 — TCTD — Báo cáo LCTT gián tiếp,"7. (Lãi)/ lỗ do bán, thanh lý bất động sản đầu tư",Base,GSDC,Fact Public Company Financial Report Value,Data Value,MEASURE,fct_public_company_financial_rpt_val.data_val,
K_GSDC_1332,Data Explorer: Dữ liệu tài chính doanh nghiệp,Nhóm 30 — TCTD — Báo cáo LCTT gián tiếp,"7. (Lãi)/ lỗ do bán, thanh lý bất động sản đầu tư",Base,GSDC,Financial Report Catalog Dimension,Row Description Reference,FILTER,JOIN financial_rpt_catalog_dim ON financial_rpt_catalog_dim.financial_rpt_catalog_dim_id = fct_public_company_financial_rpt_val.financial_rpt_catalog_dim_id WHERE financial_rpt_catalog_dim.financial_rpt_catalog_code LIKE 'BCLCTT_GT%' AND financial_rpt_catalog_dim.enterprise_tp_code = 'td' AND financial_rpt_catalog_dim.row_description_reference = '07' AND financial_rpt_catalog_dim.column_description_reference = '1',
K_GSDC_1332,Data Explorer: Dữ liệu tài chính doanh nghiệp,Nhóm 30 — TCTD — Báo cáo LCTT gián tiếp,"7. (Lãi)/ lỗ do bán, thanh lý bất động sản đầu tư",Base,GSDC,Fact Public Company Financial Report Value,Report Year,FILTER,fct_public_company_financial_rpt_val.rpt_year = :year AND fct_public_company_financial_rpt_val.rpt_quarter = :quarter,
K_GSDC_1333,Data Explorer: Dữ liệu tài chính doanh nghiệp,Nhóm 30 — TCTD — Báo cáo LCTT gián tiếp,"8. (Lãi)/ lỗ do thanh lý những khoản đầu tư, góp vốn dài hạn",Base,GSDC,Fact Public Company Financial Report Value,Data Value,MEASURE,fct_public_company_financial_rpt_val.data_val,
K_GSDC_1333,Data Explorer: Dữ liệu tài chính doanh nghiệp,Nhóm 30 — TCTD — Báo cáo LCTT gián tiếp,"8. (Lãi)/ lỗ do thanh lý những khoản đầu tư, góp vốn dài hạn",Base,GSDC,Financial Report Catalog Dimension,Row Description Reference,FILTER,JOIN financial_rpt_catalog_dim ON financial_rpt_catalog_dim.financial_rpt_catalog_dim_id = fct_public_company_financial_rpt_val.financial_rpt_catalog_dim_id WHERE financial_rpt_catalog_dim.financial_rpt_catalog_code LIKE 'BCLCTT_GT%' AND financial_rpt_catalog_dim.enterprise_tp_code = 'td' AND financial_rpt_catalog_dim.row_description_reference = '08' AND financial_rpt_catalog_dim.column_description_reference = '1',
K_GSDC_1333,Data Explorer: Dữ liệu tài chính doanh nghiệp,Nhóm 30 — TCTD — Báo cáo LCTT gián tiếp,"8. (Lãi)/ lỗ do thanh lý những khoản đầu tư, góp vốn dài hạn",Base,GSDC,Fact Public Company Financial Report Value,Report Year,FILTER,fct_public_company_financial_rpt_val.rpt_year = :year AND fct_public_company_financial_rpt_val.rpt_quarter = :quarter,
K_GSDC_1334,Data Explorer: Dữ liệu tài chính doanh nghiệp,Nhóm 30 — TCTD — Báo cáo LCTT gián tiếp,9. Chênh lệch tỷ giá hối đoái chưa thực hiện,Base,GSDC,Fact Public Company Financial Report Value,Data Value,MEASURE,fct_public_company_financial_rpt_val.data_val,
K_GSDC_1334,Data Explorer: Dữ liệu tài chính doanh nghiệp,Nhóm 30 — TCTD — Báo cáo LCTT gián tiếp,9. Chênh lệch tỷ giá hối đoái chưa thực hiện,Base,GSDC,Financial Report Catalog Dimension,Row Description Reference,FILTER,JOIN financial_rpt_catalog_dim ON financial_rpt_catalog_dim.financial_rpt_catalog_dim_id = fct_public_company_financial_rpt_val.financial_rpt_catalog_dim_id WHERE financial_rpt_catalog_dim.financial_rpt_catalog_code LIKE 'BCLCTT_GT%' AND financial_rpt_catalog_dim.enterprise_tp_code = 'td' AND financial_rpt_catalog_dim.row_description_reference = '09' AND financial_rpt_catalog_dim.column_description_reference = '1',
K_GSDC_1334,Data Explorer: Dữ liệu tài chính doanh nghiệp,Nhóm 30 — TCTD — Báo cáo LCTT gián tiếp,9. Chênh lệch tỷ giá hối đoái chưa thực hiện,Base,GSDC,Fact Public Company Financial Report Value,Report Year,FILTER,fct_public_company_financial_rpt_val.rpt_year = :year AND fct_public_company_financial_rpt_val.rpt_quarter = :quarter,
K_GSDC_1335,Data Explorer: Dữ liệu tài chính doanh nghiệp,Nhóm 30 — TCTD — Báo cáo LCTT gián tiếp,10. Các điều chỉnh khác,Base,GSDC,Fact Public Company Financial Report Value,Data Value,MEASURE,fct_public_company_financial_rpt_val.data_val,
K_GSDC_1335,Data Explorer: Dữ liệu tài chính doanh nghiệp,Nhóm 30 — TCTD — Báo cáo LCTT gián tiếp,10. Các điều chỉnh khác,Base,GSDC,Financial Report Catalog Dimension,Row Description Reference,FILTER,JOIN financial_rpt_catalog_dim ON financial_rpt_catalog_dim.financial_rpt_catalog_dim_id = fct_public_company_financial_rpt_val.financial_rpt_catalog_dim_id WHERE financial_rpt_catalog_dim.financial_rpt_catalog_code LIKE 'BCLCTT_GT%' AND financial_rpt_catalog_dim.enterprise_tp_code = 'td' AND financial_rpt_catalog_dim.row_description_reference = '10' AND financial_rpt_catalog_dim.column_description_reference = '1',
K_GSDC_1335,Data Explorer: Dữ liệu tài chính doanh nghiệp,Nhóm 30 — TCTD — Báo cáo LCTT gián tiếp,10. Các điều chỉnh khác,Base,GSDC,Fact Public Company Financial Report Value,Report Year,FILTER,fct_public_company_financial_rpt_val.rpt_year = :year AND fct_public_company_financial_rpt_val.rpt_quarter = :quarter,
K_GSDC_1338,Data Explorer: Dữ liệu tài chính doanh nghiệp,Nhóm 30 — TCTD — Báo cáo LCTT gián tiếp,"11. (Tăng)/ Giảm các khoản tiền, vàng gửi và cho vay các TCTD",Base,GSDC,Fact Public Company Financial Report Value,Data Value,MEASURE,fct_public_company_financial_rpt_val.data_val,
K_GSDC_1338,Data Explorer: Dữ liệu tài chính doanh nghiệp,Nhóm 30 — TCTD — Báo cáo LCTT gián tiếp,"11. (Tăng)/ Giảm các khoản tiền, vàng gửi và cho vay các TCTD",Base,GSDC,Financial Report Catalog Dimension,Row Description Reference,FILTER,JOIN financial_rpt_catalog_dim ON financial_rpt_catalog_dim.financial_rpt_catalog_dim_id = fct_public_company_financial_rpt_val.financial_rpt_catalog_dim_id WHERE financial_rpt_catalog_dim.financial_rpt_catalog_code LIKE 'BCLCTT_GT%' AND financial_rpt_catalog_dim.enterprise_tp_code = 'td' AND financial_rpt_catalog_dim.row_description_reference = '11' AND financial_rpt_catalog_dim.column_description_reference = '1',
K_GSDC_1338,Data Explorer: Dữ liệu tài chính doanh nghiệp,Nhóm 30 — TCTD — Báo cáo LCTT gián tiếp,"11. (Tăng)/ Giảm các khoản tiền, vàng gửi và cho vay các TCTD",Base,GSDC,Fact Public Company Financial Report Value,Report Year,FILTER,fct_public_company_financial_rpt_val.rpt_year = :year AND fct_public_company_financial_rpt_val.rpt_quarter = :quarter,
K_GSDC_1339,Data Explorer: Dữ liệu tài chính doanh nghiệp,Nhóm 30 — TCTD — Báo cáo LCTT gián tiếp,12. (Tăng)/ Giảm các khoản về kinh doanh chứng khoán,Base,GSDC,Fact Public Company Financial Report Value,Data Value,MEASURE,fct_public_company_financial_rpt_val.data_val,
K_GSDC_1339,Data Explorer: Dữ liệu tài chính doanh nghiệp,Nhóm 30 — TCTD — Báo cáo LCTT gián tiếp,12. (Tăng)/ Giảm các khoản về kinh doanh chứng khoán,Base,GSDC,Financial Report Catalog Dimension,Row Description Reference,FILTER,JOIN financial_rpt_catalog_dim ON financial_rpt_catalog_dim.financial_rpt_catalog_dim_id = fct_public_company_financial_rpt_val.financial_rpt_catalog_dim_id WHERE financial_rpt_catalog_dim.financial_rpt_catalog_code LIKE 'BCLCTT_GT%' AND financial_rpt_catalog_dim.enterprise_tp_code = 'td' AND financial_rpt_catalog_dim.row_description_reference = '12' AND financial_rpt_catalog_dim.column_description_reference = '1',
K_GSDC_1339,Data Explorer: Dữ liệu tài chính doanh nghiệp,Nhóm 30 — TCTD — Báo cáo LCTT gián tiếp,12. (Tăng)/ Giảm các khoản về kinh doanh chứng khoán,Base,GSDC,Fact Public Company Financial Report Value,Report Year,FILTER,fct_public_company_financial_rpt_val.rpt_year = :year AND fct_public_company_financial_rpt_val.rpt_quarter = :quarter,
K_GSDC_1340,Data Explorer: Dữ liệu tài chính doanh nghiệp,Nhóm 30 — TCTD — Báo cáo LCTT gián tiếp,13. (Tăng)/ Giảm các công cụ tài chính phái sinh và các tài sản tài chính,Base,GSDC,Fact Public Company Financial Report Value,Data Value,MEASURE,fct_public_company_financial_rpt_val.data_val,
K_GSDC_1340,Data Explorer: Dữ liệu tài chính doanh nghiệp,Nhóm 30 — TCTD — Báo cáo LCTT gián tiếp,13. (Tăng)/ Giảm các công cụ tài chính phái sinh và các tài sản tài chính,Base,GSDC,Financial Report Catalog Dimension,Row Description Reference,FILTER,JOIN financial_rpt_catalog_dim ON financial_rpt_catalog_dim.financial_rpt_catalog_dim_id = fct_public_company_financial_rpt_val.financial_rpt_catalog_dim_id WHERE financial_rpt_catalog_dim.financial_rpt_catalog_code LIKE 'BCLCTT_GT%' AND financial_rpt_catalog_dim.enterprise_tp_code = 'td' AND financial_rpt_catalog_dim.row_description_reference = '13' AND financial_rpt_catalog_dim.column_description_reference = '1',
K_GSDC_1340,Data Explorer: Dữ liệu tài chính doanh nghiệp,Nhóm 30 — TCTD — Báo cáo LCTT gián tiếp,13. (Tăng)/ Giảm các công cụ tài chính phái sinh và các tài sản tài chính,Base,GSDC,Fact Public Company Financial Report Value,Report Year,FILTER,fct_public_company_financial_rpt_val.rpt_year = :year AND fct_public_company_financial_rpt_val.rpt_quarter = :quarter,
K_GSDC_1341,Data Explorer: Dữ liệu tài chính doanh nghiệp,Nhóm 30 — TCTD — Báo cáo LCTT gián tiếp,14. (Tăng)/ Giảm các khoản cho vay khách hàng,Base,GSDC,Fact Public Company Financial Report Value,Data Value,MEASURE,fct_public_company_financial_rpt_val.data_val,
K_GSDC_1341,Data Explorer: Dữ liệu tài chính doanh nghiệp,Nhóm 30 — TCTD — Báo cáo LCTT gián tiếp,14. (Tăng)/ Giảm các khoản cho vay khách hàng,Base,GSDC,Financial Report Catalog Dimension,Row Description Reference,FILTER,JOIN financial_rpt_catalog_dim ON financial_rpt_catalog_dim.financial_rpt_catalog_dim_id = fct_public_company_financial_rpt_val.financial_rpt_catalog_dim_id WHERE financial_rpt_catalog_dim.financial_rpt_catalog_code LIKE 'BCLCTT_GT%' AND financial_rpt_catalog_dim.enterprise_tp_code = 'td' AND financial_rpt_catalog_dim.row_description_reference = '14' AND financial_rpt_catalog_dim.column_description_reference = '1',
K_GSDC_1341,Data Explorer: Dữ liệu tài chính doanh nghiệp,Nhóm 30 — TCTD — Báo cáo LCTT gián tiếp,14. (Tăng)/ Giảm các khoản cho vay khách hàng,Base,GSDC,Fact Public Company Financial Report Value,Report Year,FILTER,fct_public_company_financial_rpt_val.rpt_year = :year AND fct_public_company_financial_rpt_val.rpt_quarter = :quarter,
K_GSDC_1342,Data Explorer: Dữ liệu tài chính doanh nghiệp,Nhóm 30 — TCTD — Báo cáo LCTT gián tiếp,"15. (Tăng)/ Giảm lãi, phí phải thu",Base,GSDC,Fact Public Company Financial Report Value,Data Value,MEASURE,fct_public_company_financial_rpt_val.data_val,
K_GSDC_1342,Data Explorer: Dữ liệu tài chính doanh nghiệp,Nhóm 30 — TCTD — Báo cáo LCTT gián tiếp,"15. (Tăng)/ Giảm lãi, phí phải thu",Base,GSDC,Financial Report Catalog Dimension,Row Description Reference,FILTER,JOIN financial_rpt_catalog_dim ON financial_rpt_catalog_dim.financial_rpt_catalog_dim_id = fct_public_company_financial_rpt_val.financial_rpt_catalog_dim_id WHERE financial_rpt_catalog_dim.financial_rpt_catalog_code LIKE 'BCLCTT_GT%' AND financial_rpt_catalog_dim.enterprise_tp_code = 'td' AND financial_rpt_catalog_dim.row_description_reference = '15' AND financial_rpt_catalog_dim.column_description_reference = '1',
K_GSDC_1342,Data Explorer: Dữ liệu tài chính doanh nghiệp,Nhóm 30 — TCTD — Báo cáo LCTT gián tiếp,"15. (Tăng)/ Giảm lãi, phí phải thu",Base,GSDC,Fact Public Company Financial Report Value,Report Year,FILTER,fct_public_company_financial_rpt_val.rpt_year = :year AND fct_public_company_financial_rpt_val.rpt_quarter = :quarter,
K_GSDC_1343,Data Explorer: Dữ liệu tài chính doanh nghiệp,Nhóm 30 — TCTD — Báo cáo LCTT gián tiếp,16. (Giảm)/ Tăng nguồn dự phòng để bù đắp tổn thất các khoản,Base,GSDC,Fact Public Company Financial Report Value,Data Value,MEASURE,fct_public_company_financial_rpt_val.data_val,
K_GSDC_1343,Data Explorer: Dữ liệu tài chính doanh nghiệp,Nhóm 30 — TCTD — Báo cáo LCTT gián tiếp,16. (Giảm)/ Tăng nguồn dự phòng để bù đắp tổn thất các khoản,Base,GSDC,Financial Report Catalog Dimension,Row Description Reference,FILTER,JOIN financial_rpt_catalog_dim ON financial_rpt_catalog_dim.financial_rpt_catalog_dim_id = fct_public_company_financial_rpt_val.financial_rpt_catalog_dim_id WHERE financial_rpt_catalog_dim.financial_rpt_catalog_code LIKE 'BCLCTT_GT%' AND financial_rpt_catalog_dim.enterprise_tp_code = 'td' AND financial_rpt_catalog_dim.row_description_reference = '16' AND financial_rpt_catalog_dim.column_description_reference = '1',
K_GSDC_1343,Data Explorer: Dữ liệu tài chính doanh nghiệp,Nhóm 30 — TCTD — Báo cáo LCTT gián tiếp,16. (Giảm)/ Tăng nguồn dự phòng để bù đắp tổn thất các khoản,Base,GSDC,Fact Public Company Financial Report Value,Report Year,FILTER,fct_public_company_financial_rpt_val.rpt_year = :year AND fct_public_company_financial_rpt_val.rpt_quarter = :quarter,
K_GSDC_1344,Data Explorer: Dữ liệu tài chính doanh nghiệp,Nhóm 30 — TCTD — Báo cáo LCTT gián tiếp,17. (Tăng)/ Giảm khác về tài sản hoạt động,Base,GSDC,Fact Public Company Financial Report Value,Data Value,MEASURE,fct_public_company_financial_rpt_val.data_val,
K_GSDC_1344,Data Explorer: Dữ liệu tài chính doanh nghiệp,Nhóm 30 — TCTD — Báo cáo LCTT gián tiếp,17. (Tăng)/ Giảm khác về tài sản hoạt động,Base,GSDC,Financial Report Catalog Dimension,Row Description Reference,FILTER,JOIN financial_rpt_catalog_dim ON financial_rpt_catalog_dim.financial_rpt_catalog_dim_id = fct_public_company_financial_rpt_val.financial_rpt_catalog_dim_id WHERE financial_rpt_catalog_dim.financial_rpt_catalog_code LIKE 'BCLCTT_GT%' AND financial_rpt_catalog_dim.enterprise_tp_code = 'td' AND financial_rpt_catalog_dim.row_description_reference = '17' AND financial_rpt_catalog_dim.column_description_reference = '1',
K_GSDC_1344,Data Explorer: Dữ liệu tài chính doanh nghiệp,Nhóm 30 — TCTD — Báo cáo LCTT gián tiếp,17. (Tăng)/ Giảm khác về tài sản hoạt động,Base,GSDC,Fact Public Company Financial Report Value,Report Year,FILTER,fct_public_company_financial_rpt_val.rpt_year = :year AND fct_public_company_financial_rpt_val.rpt_quarter = :quarter,
K_GSDC_1346,Data Explorer: Dữ liệu tài chính doanh nghiệp,Nhóm 30 — TCTD — Báo cáo LCTT gián tiếp,18. Tăng/ (Giảm) các khoản nợ chính phủ và NHNN,Base,GSDC,Fact Public Company Financial Report Value,Data Value,MEASURE,fct_public_company_financial_rpt_val.data_val,
K_GSDC_1346,Data Explorer: Dữ liệu tài chính doanh nghiệp,Nhóm 30 — TCTD — Báo cáo LCTT gián tiếp,18. Tăng/ (Giảm) các khoản nợ chính phủ và NHNN,Base,GSDC,Financial Report Catalog Dimension,Row Description Reference,FILTER,JOIN financial_rpt_catalog_dim ON financial_rpt_catalog_dim.financial_rpt_catalog_dim_id = fct_public_company_financial_rpt_val.financial_rpt_catalog_dim_id WHERE financial_rpt_catalog_dim.financial_rpt_catalog_code LIKE 'BCLCTT_GT%' AND financial_rpt_catalog_dim.enterprise_tp_code = 'td' AND financial_rpt_catalog_dim.row_description_reference = '18' AND financial_rpt_catalog_dim.column_description_reference = '1',
K_GSDC_1346,Data Explorer: Dữ liệu tài chính doanh nghiệp,Nhóm 30 — TCTD — Báo cáo LCTT gián tiếp,18. Tăng/ (Giảm) các khoản nợ chính phủ và NHNN,Base,GSDC,Fact Public Company Financial Report Value,Report Year,FILTER,fct_public_company_financial_rpt_val.rpt_year = :year AND fct_public_company_financial_rpt_val.rpt_quarter = :quarter,
K_GSDC_1347,Data Explorer: Dữ liệu tài chính doanh nghiệp,Nhóm 30 — TCTD — Báo cáo LCTT gián tiếp,19. Tăng/ (Giảm) các khoản tiền gửi và vay các TCTD,Base,GSDC,Fact Public Company Financial Report Value,Data Value,MEASURE,fct_public_company_financial_rpt_val.data_val,
K_GSDC_1347,Data Explorer: Dữ liệu tài chính doanh nghiệp,Nhóm 30 — TCTD — Báo cáo LCTT gián tiếp,19. Tăng/ (Giảm) các khoản tiền gửi và vay các TCTD,Base,GSDC,Financial Report Catalog Dimension,Row Description Reference,FILTER,JOIN financial_rpt_catalog_dim ON financial_rpt_catalog_dim.financial_rpt_catalog_dim_id = fct_public_company_financial_rpt_val.financial_rpt_catalog_dim_id WHERE financial_rpt_catalog_dim.financial_rpt_catalog_code LIKE 'BCLCTT_GT%' AND financial_rpt_catalog_dim.enterprise_tp_code = 'td' AND financial_rpt_catalog_dim.row_description_reference = '19' AND financial_rpt_catalog_dim.column_description_reference = '1',
K_GSDC_1347,Data Explorer: Dữ liệu tài chính doanh nghiệp,Nhóm 30 — TCTD — Báo cáo LCTT gián tiếp,19. Tăng/ (Giảm) các khoản tiền gửi và vay các TCTD,Base,GSDC,Fact Public Company Financial Report Value,Report Year,FILTER,fct_public_company_financial_rpt_val.rpt_year = :year AND fct_public_company_financial_rpt_val.rpt_quarter = :quarter,
K_GSDC_1348,Data Explorer: Dữ liệu tài chính doanh nghiệp,Nhóm 30 — TCTD — Báo cáo LCTT gián tiếp,20. Tăng/ (Giảm) tiền gửi của khách hàng (bao gồm cả Kho bạc Nhà nước),Base,GSDC,Fact Public Company Financial Report Value,Data Value,MEASURE,fct_public_company_financial_rpt_val.data_val,
K_GSDC_1348,Data Explorer: Dữ liệu tài chính doanh nghiệp,Nhóm 30 — TCTD — Báo cáo LCTT gián tiếp,20. Tăng/ (Giảm) tiền gửi của khách hàng (bao gồm cả Kho bạc Nhà nước),Base,GSDC,Financial Report Catalog Dimension,Row Description Reference,FILTER,JOIN financial_rpt_catalog_dim ON financial_rpt_catalog_dim.financial_rpt_catalog_dim_id = fct_public_company_financial_rpt_val.financial_rpt_catalog_dim_id WHERE financial_rpt_catalog_dim.financial_rpt_catalog_code LIKE 'BCLCTT_GT%' AND financial_rpt_catalog_dim.enterprise_tp_code = 'td' AND financial_rpt_catalog_dim.row_description_reference = '20' AND financial_rpt_catalog_dim.column_description_reference = '1',
K_GSDC_1348,Data Explorer: Dữ liệu tài chính doanh nghiệp,Nhóm 30 — TCTD — Báo cáo LCTT gián tiếp,20. Tăng/ (Giảm) tiền gửi của khách hàng (bao gồm cả Kho bạc Nhà nước),Base,GSDC,Fact Public Company Financial Report Value,Report Year,FILTER,fct_public_company_financial_rpt_val.rpt_year = :year AND fct_public_company_financial_rpt_val.rpt_quarter = :quarter,
K_GSDC_1349,Data Explorer: Dữ liệu tài chính doanh nghiệp,Nhóm 30 — TCTD — Báo cáo LCTT gián tiếp,21. Tăng/ (Giảm) các công cụ TC phái sinh và các khoản nợ tài chính khác,Base,GSDC,Fact Public Company Financial Report Value,Data Value,MEASURE,fct_public_company_financial_rpt_val.data_val,
K_GSDC_1349,Data Explorer: Dữ liệu tài chính doanh nghiệp,Nhóm 30 — TCTD — Báo cáo LCTT gián tiếp,21. Tăng/ (Giảm) các công cụ TC phái sinh và các khoản nợ tài chính khác,Base,GSDC,Financial Report Catalog Dimension,Row Description Reference,FILTER,JOIN financial_rpt_catalog_dim ON financial_rpt_catalog_dim.financial_rpt_catalog_dim_id = fct_public_company_financial_rpt_val.financial_rpt_catalog_dim_id WHERE financial_rpt_catalog_dim.financial_rpt_catalog_code LIKE 'BCLCTT_GT%' AND financial_rpt_catalog_dim.enterprise_tp_code = 'td' AND financial_rpt_catalog_dim.row_description_reference = '21' AND financial_rpt_catalog_dim.column_description_reference = '1',
K_GSDC_1349,Data Explorer: Dữ liệu tài chính doanh nghiệp,Nhóm 30 — TCTD — Báo cáo LCTT gián tiếp,21. Tăng/ (Giảm) các công cụ TC phái sinh và các khoản nợ tài chính khác,Base,GSDC,Fact Public Company Financial Report Value,Report Year,FILTER,fct_public_company_financial_rpt_val.rpt_year = :year AND fct_public_company_financial_rpt_val.rpt_quarter = :quarter,
K_GSDC_1350,Data Explorer: Dữ liệu tài chính doanh nghiệp,Nhóm 30 — TCTD — Báo cáo LCTT gián tiếp,"22. Tăng/ (Giảm) vốn tài trợ, uỷ thác đầu tư, cho vay mà TCTD phải chịu rủi ro",Base,GSDC,Fact Public Company Financial Report Value,Data Value,MEASURE,fct_public_company_financial_rpt_val.data_val,
K_GSDC_1350,Data Explorer: Dữ liệu tài chính doanh nghiệp,Nhóm 30 — TCTD — Báo cáo LCTT gián tiếp,"22. Tăng/ (Giảm) vốn tài trợ, uỷ thác đầu tư, cho vay mà TCTD phải chịu rủi ro",Base,GSDC,Financial Report Catalog Dimension,Row Description Reference,FILTER,JOIN financial_rpt_catalog_dim ON financial_rpt_catalog_dim.financial_rpt_catalog_dim_id = fct_public_company_financial_rpt_val.financial_rpt_catalog_dim_id WHERE financial_rpt_catalog_dim.financial_rpt_catalog_code LIKE 'BCLCTT_GT%' AND financial_rpt_catalog_dim.enterprise_tp_code = 'td' AND financial_rpt_catalog_dim.row_description_reference = '22' AND financial_rpt_catalog_dim.column_description_reference = '1',
K_GSDC_1350,Data Explorer: Dữ liệu tài chính doanh nghiệp,Nhóm 30 — TCTD — Báo cáo LCTT gián tiếp,"22. Tăng/ (Giảm) vốn tài trợ, uỷ thác đầu tư, cho vay mà TCTD phải chịu rủi ro",Base,GSDC,Fact Public Company Financial Report Value,Report Year,FILTER,fct_public_company_financial_rpt_val.rpt_year = :year AND fct_public_company_financial_rpt_val.rpt_quarter = :quarter,
K_GSDC_1351,Data Explorer: Dữ liệu tài chính doanh nghiệp,Nhóm 30 — TCTD — Báo cáo LCTT gián tiếp,23. Tăng/ (Giảm) phát hành giấy tờ có giá (ngoại trừ GTCG được tính vào vốn),Base,GSDC,Fact Public Company Financial Report Value,Data Value,MEASURE,fct_public_company_financial_rpt_val.data_val,
K_GSDC_1351,Data Explorer: Dữ liệu tài chính doanh nghiệp,Nhóm 30 — TCTD — Báo cáo LCTT gián tiếp,23. Tăng/ (Giảm) phát hành giấy tờ có giá (ngoại trừ GTCG được tính vào vốn),Base,GSDC,Financial Report Catalog Dimension,Row Description Reference,FILTER,JOIN financial_rpt_catalog_dim ON financial_rpt_catalog_dim.financial_rpt_catalog_dim_id = fct_public_company_financial_rpt_val.financial_rpt_catalog_dim_id WHERE financial_rpt_catalog_dim.financial_rpt_catalog_code LIKE 'BCLCTT_GT%' AND financial_rpt_catalog_dim.enterprise_tp_code = 'td' AND financial_rpt_catalog_dim.row_description_reference = '23' AND financial_rpt_catalog_dim.column_description_reference = '1',
K_GSDC_1351,Data Explorer: Dữ liệu tài chính doanh nghiệp,Nhóm 30 — TCTD — Báo cáo LCTT gián tiếp,23. Tăng/ (Giảm) phát hành giấy tờ có giá (ngoại trừ GTCG được tính vào vốn),Base,GSDC,Fact Public Company Financial Report Value,Report Year,FILTER,fct_public_company_financial_rpt_val.rpt_year = :year AND fct_public_company_financial_rpt_val.rpt_quarter = :quarter,
K_GSDC_1352,Data Explorer: Dữ liệu tài chính doanh nghiệp,Nhóm 30 — TCTD — Báo cáo LCTT gián tiếp,"24. Tăng/ (Giảm) lãi, phí phải trả",Base,GSDC,Fact Public Company Financial Report Value,Data Value,MEASURE,fct_public_company_financial_rpt_val.data_val,
K_GSDC_1352,Data Explorer: Dữ liệu tài chính doanh nghiệp,Nhóm 30 — TCTD — Báo cáo LCTT gián tiếp,"24. Tăng/ (Giảm) lãi, phí phải trả",Base,GSDC,Financial Report Catalog Dimension,Row Description Reference,FILTER,JOIN financial_rpt_catalog_dim ON financial_rpt_catalog_dim.financial_rpt_catalog_dim_id = fct_public_company_financial_rpt_val.financial_rpt_catalog_dim_id WHERE financial_rpt_catalog_dim.financial_rpt_catalog_code LIKE 'BCLCTT_GT%' AND financial_rpt_catalog_dim.enterprise_tp_code = 'td' AND financial_rpt_catalog_dim.row_description_reference = '24' AND financial_rpt_catalog_dim.column_description_reference = '1',
K_GSDC_1352,Data Explorer: Dữ liệu tài chính doanh nghiệp,Nhóm 30 — TCTD — Báo cáo LCTT gián tiếp,"24. Tăng/ (Giảm) lãi, phí phải trả",Base,GSDC,Fact Public Company Financial Report Value,Report Year,FILTER,fct_public_company_financial_rpt_val.rpt_year = :year AND fct_public_company_financial_rpt_val.rpt_quarter = :quarter,
K_GSDC_1353,Data Explorer: Dữ liệu tài chính doanh nghiệp,Nhóm 30 — TCTD — Báo cáo LCTT gián tiếp,25. Tăng/(Giảm) khác về công nợ hoạt động,Base,GSDC,Fact Public Company Financial Report Value,Data Value,MEASURE,fct_public_company_financial_rpt_val.data_val,
K_GSDC_1353,Data Explorer: Dữ liệu tài chính doanh nghiệp,Nhóm 30 — TCTD — Báo cáo LCTT gián tiếp,25. Tăng/(Giảm) khác về công nợ hoạt động,Base,GSDC,Financial Report Catalog Dimension,Row Description Reference,FILTER,JOIN financial_rpt_catalog_dim ON financial_rpt_catalog_dim.financial_rpt_catalog_dim_id = fct_public_company_financial_rpt_val.financial_rpt_catalog_dim_id WHERE financial_rpt_catalog_dim.financial_rpt_catalog_code LIKE 'BCLCTT_GT%' AND financial_rpt_catalog_dim.enterprise_tp_code = 'td' AND financial_rpt_catalog_dim.row_description_reference = '25' AND financial_rpt_catalog_dim.column_description_reference = '1',
K_GSDC_1353,Data Explorer: Dữ liệu tài chính doanh nghiệp,Nhóm 30 — TCTD — Báo cáo LCTT gián tiếp,25. Tăng/(Giảm) khác về công nợ hoạt động,Base,GSDC,Fact Public Company Financial Report Value,Report Year,FILTER,fct_public_company_financial_rpt_val.rpt_year = :year AND fct_public_company_financial_rpt_val.rpt_quarter = :quarter,
K_GSDC_1354,Data Explorer: Dữ liệu tài chính doanh nghiệp,Nhóm 30 — TCTD — Báo cáo LCTT gián tiếp,Lưu chuyển tiền thuần từ hoạt động kinh doanh trước thuế thu nhập,Base,GSDC,Fact Public Company Financial Report Value,Data Value,MEASURE,fct_public_company_financial_rpt_val.data_val,
K_GSDC_1354,Data Explorer: Dữ liệu tài chính doanh nghiệp,Nhóm 30 — TCTD — Báo cáo LCTT gián tiếp,Lưu chuyển tiền thuần từ hoạt động kinh doanh trước thuế thu nhập,Base,GSDC,Financial Report Catalog Dimension,Row Description Reference,FILTER,JOIN financial_rpt_catalog_dim ON financial_rpt_catalog_dim.financial_rpt_catalog_dim_id = fct_public_company_financial_rpt_val.financial_rpt_catalog_dim_id WHERE financial_rpt_catalog_dim.financial_rpt_catalog_code LIKE 'BCLCTT_GT%' AND financial_rpt_catalog_dim.enterprise_tp_code = 'td' AND financial_rpt_catalog_dim.row_description_reference = '26' AND financial_rpt_catalog_dim.column_description_reference = '1',
K_GSDC_1354,Data Explorer: Dữ liệu tài chính doanh nghiệp,Nhóm 30 — TCTD — Báo cáo LCTT gián tiếp,Lưu chuyển tiền thuần từ hoạt động kinh doanh trước thuế thu nhập,Base,GSDC,Fact Public Company Financial Report Value,Report Year,FILTER,fct_public_company_financial_rpt_val.rpt_year = :year AND fct_public_company_financial_rpt_val.rpt_quarter = :quarter,
K_GSDC_1355,Data Explorer: Dữ liệu tài chính doanh nghiệp,Nhóm 30 — TCTD — Báo cáo LCTT gián tiếp,26. Thuế TNDN đã nộp (*),Base,GSDC,Fact Public Company Financial Report Value,Data Value,MEASURE,fct_public_company_financial_rpt_val.data_val,
K_GSDC_1355,Data Explorer: Dữ liệu tài chính doanh nghiệp,Nhóm 30 — TCTD — Báo cáo LCTT gián tiếp,26. Thuế TNDN đã nộp (*),Base,GSDC,Financial Report Catalog Dimension,Row Description Reference,FILTER,JOIN financial_rpt_catalog_dim ON financial_rpt_catalog_dim.financial_rpt_catalog_dim_id = fct_public_company_financial_rpt_val.financial_rpt_catalog_dim_id WHERE financial_rpt_catalog_dim.financial_rpt_catalog_code LIKE 'BCLCTT_GT%' AND financial_rpt_catalog_dim.enterprise_tp_code = 'td' AND financial_rpt_catalog_dim.row_description_reference = '27' AND financial_rpt_catalog_dim.column_description_reference = '1',
K_GSDC_1355,Data Explorer: Dữ liệu tài chính doanh nghiệp,Nhóm 30 — TCTD — Báo cáo LCTT gián tiếp,26. Thuế TNDN đã nộp (*),Base,GSDC,Fact Public Company Financial Report Value,Report Year,FILTER,fct_public_company_financial_rpt_val.rpt_year = :year AND fct_public_company_financial_rpt_val.rpt_quarter = :quarter,
K_GSDC_1356,Data Explorer: Dữ liệu tài chính doanh nghiệp,Nhóm 30 — TCTD — Báo cáo LCTT gián tiếp,27. Chi từ các quỹ của TCTD (*),Base,GSDC,Fact Public Company Financial Report Value,Data Value,MEASURE,fct_public_company_financial_rpt_val.data_val,
K_GSDC_1356,Data Explorer: Dữ liệu tài chính doanh nghiệp,Nhóm 30 — TCTD — Báo cáo LCTT gián tiếp,27. Chi từ các quỹ của TCTD (*),Base,GSDC,Financial Report Catalog Dimension,Row Description Reference,FILTER,JOIN financial_rpt_catalog_dim ON financial_rpt_catalog_dim.financial_rpt_catalog_dim_id = fct_public_company_financial_rpt_val.financial_rpt_catalog_dim_id WHERE financial_rpt_catalog_dim.financial_rpt_catalog_code LIKE 'BCLCTT_GT%' AND financial_rpt_catalog_dim.enterprise_tp_code = 'td' AND financial_rpt_catalog_dim.row_description_reference = '28' AND financial_rpt_catalog_dim.column_description_reference = '1',
K_GSDC_1356,Data Explorer: Dữ liệu tài chính doanh nghiệp,Nhóm 30 — TCTD — Báo cáo LCTT gián tiếp,27. Chi từ các quỹ của TCTD (*),Base,GSDC,Fact Public Company Financial Report Value,Report Year,FILTER,fct_public_company_financial_rpt_val.rpt_year = :year AND fct_public_company_financial_rpt_val.rpt_quarter = :quarter,
K_GSDC_1357,Data Explorer: Dữ liệu tài chính doanh nghiệp,Nhóm 30 — TCTD — Báo cáo LCTT gián tiếp,I. Lưu chuyển tiền thuần từ hoạt động kinh doanh,Base,GSDC,Fact Public Company Financial Report Value,Data Value,MEASURE,fct_public_company_financial_rpt_val.data_val,
K_GSDC_1357,Data Explorer: Dữ liệu tài chính doanh nghiệp,Nhóm 30 — TCTD — Báo cáo LCTT gián tiếp,I. Lưu chuyển tiền thuần từ hoạt động kinh doanh,Base,GSDC,Financial Report Catalog Dimension,Row Description Reference,FILTER,JOIN financial_rpt_catalog_dim ON financial_rpt_catalog_dim.financial_rpt_catalog_dim_id = fct_public_company_financial_rpt_val.financial_rpt_catalog_dim_id WHERE financial_rpt_catalog_dim.financial_rpt_catalog_code LIKE 'BCLCTT_GT%' AND financial_rpt_catalog_dim.enterprise_tp_code = 'td' AND financial_rpt_catalog_dim.row_description_reference = '29' AND financial_rpt_catalog_dim.column_description_reference = '1',
K_GSDC_1357,Data Explorer: Dữ liệu tài chính doanh nghiệp,Nhóm 30 — TCTD — Báo cáo LCTT gián tiếp,I. Lưu chuyển tiền thuần từ hoạt động kinh doanh,Base,GSDC,Fact Public Company Financial Report Value,Report Year,FILTER,fct_public_company_financial_rpt_val.rpt_year = :year AND fct_public_company_financial_rpt_val.rpt_quarter = :quarter,
K_GSDC_1359,Data Explorer: Dữ liệu tài chính doanh nghiệp,Nhóm 30 — TCTD — Báo cáo LCTT gián tiếp,1. Mua sắm TSCĐ (*),Base,GSDC,Fact Public Company Financial Report Value,Data Value,MEASURE,fct_public_company_financial_rpt_val.data_val,
K_GSDC_1359,Data Explorer: Dữ liệu tài chính doanh nghiệp,Nhóm 30 — TCTD — Báo cáo LCTT gián tiếp,1. Mua sắm TSCĐ (*),Base,GSDC,Financial Report Catalog Dimension,Row Description Reference,FILTER,JOIN financial_rpt_catalog_dim ON financial_rpt_catalog_dim.financial_rpt_catalog_dim_id = fct_public_company_financial_rpt_val.financial_rpt_catalog_dim_id WHERE financial_rpt_catalog_dim.financial_rpt_catalog_code LIKE 'BCLCTT_GT%' AND financial_rpt_catalog_dim.enterprise_tp_code = 'td' AND financial_rpt_catalog_dim.row_description_reference = '30' AND financial_rpt_catalog_dim.column_description_reference = '1',
K_GSDC_1359,Data Explorer: Dữ liệu tài chính doanh nghiệp,Nhóm 30 — TCTD — Báo cáo LCTT gián tiếp,1. Mua sắm TSCĐ (*),Base,GSDC,Fact Public Company Financial Report Value,Report Year,FILTER,fct_public_company_financial_rpt_val.rpt_year = :year AND fct_public_company_financial_rpt_val.rpt_quarter = :quarter,
K_GSDC_1360,Data Explorer: Dữ liệu tài chính doanh nghiệp,Nhóm 30 — TCTD — Báo cáo LCTT gián tiếp,"2. Tiền thu từ thanh lý, nhượng bán TSCĐ",Base,GSDC,Fact Public Company Financial Report Value,Data Value,MEASURE,fct_public_company_financial_rpt_val.data_val,
K_GSDC_1360,Data Explorer: Dữ liệu tài chính doanh nghiệp,Nhóm 30 — TCTD — Báo cáo LCTT gián tiếp,"2. Tiền thu từ thanh lý, nhượng bán TSCĐ",Base,GSDC,Financial Report Catalog Dimension,Row Description Reference,FILTER,JOIN financial_rpt_catalog_dim ON financial_rpt_catalog_dim.financial_rpt_catalog_dim_id = fct_public_company_financial_rpt_val.financial_rpt_catalog_dim_id WHERE financial_rpt_catalog_dim.financial_rpt_catalog_code LIKE 'BCLCTT_GT%' AND financial_rpt_catalog_dim.enterprise_tp_code = 'td' AND financial_rpt_catalog_dim.row_description_reference = '31' AND financial_rpt_catalog_dim.column_description_reference = '1',
K_GSDC_1360,Data Explorer: Dữ liệu tài chính doanh nghiệp,Nhóm 30 — TCTD — Báo cáo LCTT gián tiếp,"2. Tiền thu từ thanh lý, nhượng bán TSCĐ",Base,GSDC,Fact Public Company Financial Report Value,Report Year,FILTER,fct_public_company_financial_rpt_val.rpt_year = :year AND fct_public_company_financial_rpt_val.rpt_quarter = :quarter,
K_GSDC_1361,Data Explorer: Dữ liệu tài chính doanh nghiệp,Nhóm 30 — TCTD — Báo cáo LCTT gián tiếp,"3. Tiền chi từ thanh lý, nhượng bán TSCĐ (*)",Base,GSDC,Fact Public Company Financial Report Value,Data Value,MEASURE,fct_public_company_financial_rpt_val.data_val,
K_GSDC_1361,Data Explorer: Dữ liệu tài chính doanh nghiệp,Nhóm 30 — TCTD — Báo cáo LCTT gián tiếp,"3. Tiền chi từ thanh lý, nhượng bán TSCĐ (*)",Base,GSDC,Financial Report Catalog Dimension,Row Description Reference,FILTER,JOIN financial_rpt_catalog_dim ON financial_rpt_catalog_dim.financial_rpt_catalog_dim_id = fct_public_company_financial_rpt_val.financial_rpt_catalog_dim_id WHERE financial_rpt_catalog_dim.financial_rpt_catalog_code LIKE 'BCLCTT_GT%' AND financial_rpt_catalog_dim.enterprise_tp_code = 'td' AND financial_rpt_catalog_dim.row_description_reference = '32' AND financial_rpt_catalog_dim.column_description_reference = '1',
K_GSDC_1361,Data Explorer: Dữ liệu tài chính doanh nghiệp,Nhóm 30 — TCTD — Báo cáo LCTT gián tiếp,"3. Tiền chi từ thanh lý, nhượng bán TSCĐ (*)",Base,GSDC,Fact Public Company Financial Report Value,Report Year,FILTER,fct_public_company_financial_rpt_val.rpt_year = :year AND fct_public_company_financial_rpt_val.rpt_quarter = :quarter,
K_GSDC_1362,Data Explorer: Dữ liệu tài chính doanh nghiệp,Nhóm 30 — TCTD — Báo cáo LCTT gián tiếp,4. Mua sắm bất động sản đầu tư (*),Base,GSDC,Fact Public Company Financial Report Value,Data Value,MEASURE,fct_public_company_financial_rpt_val.data_val,
K_GSDC_1362,Data Explorer: Dữ liệu tài chính doanh nghiệp,Nhóm 30 — TCTD — Báo cáo LCTT gián tiếp,4. Mua sắm bất động sản đầu tư (*),Base,GSDC,Financial Report Catalog Dimension,Row Description Reference,FILTER,JOIN financial_rpt_catalog_dim ON financial_rpt_catalog_dim.financial_rpt_catalog_dim_id = fct_public_company_financial_rpt_val.financial_rpt_catalog_dim_id WHERE financial_rpt_catalog_dim.financial_rpt_catalog_code LIKE 'BCLCTT_GT%' AND financial_rpt_catalog_dim.enterprise_tp_code = 'td' AND financial_rpt_catalog_dim.row_description_reference = '33' AND financial_rpt_catalog_dim.column_description_reference = '1',
K_GSDC_1362,Data Explorer: Dữ liệu tài chính doanh nghiệp,Nhóm 30 — TCTD — Báo cáo LCTT gián tiếp,4. Mua sắm bất động sản đầu tư (*),Base,GSDC,Fact Public Company Financial Report Value,Report Year,FILTER,fct_public_company_financial_rpt_val.rpt_year = :year AND fct_public_company_financial_rpt_val.rpt_quarter = :quarter,
K_GSDC_1363,Data Explorer: Dữ liệu tài chính doanh nghiệp,Nhóm 30 — TCTD — Báo cáo LCTT gián tiếp,"5. Tiền thu từ bán, thanh lý bất động sản đầu tư",Base,GSDC,Fact Public Company Financial Report Value,Data Value,MEASURE,fct_public_company_financial_rpt_val.data_val,
K_GSDC_1363,Data Explorer: Dữ liệu tài chính doanh nghiệp,Nhóm 30 — TCTD — Báo cáo LCTT gián tiếp,"5. Tiền thu từ bán, thanh lý bất động sản đầu tư",Base,GSDC,Financial Report Catalog Dimension,Row Description Reference,FILTER,JOIN financial_rpt_catalog_dim ON financial_rpt_catalog_dim.financial_rpt_catalog_dim_id = fct_public_company_financial_rpt_val.financial_rpt_catalog_dim_id WHERE financial_rpt_catalog_dim.financial_rpt_catalog_code LIKE 'BCLCTT_GT%' AND financial_rpt_catalog_dim.enterprise_tp_code = 'td' AND financial_rpt_catalog_dim.row_description_reference = '34' AND financial_rpt_catalog_dim.column_description_reference = '1',
K_GSDC_1363,Data Explorer: Dữ liệu tài chính doanh nghiệp,Nhóm 30 — TCTD — Báo cáo LCTT gián tiếp,"5. Tiền thu từ bán, thanh lý bất động sản đầu tư",Base,GSDC,Fact Public Company Financial Report Value,Report Year,FILTER,fct_public_company_financial_rpt_val.rpt_year = :year AND fct_public_company_financial_rpt_val.rpt_quarter = :quarter,
K_GSDC_1364,Data Explorer: Dữ liệu tài chính doanh nghiệp,Nhóm 30 — TCTD — Báo cáo LCTT gián tiếp,"6. Tiền chi ra do bán, thanh lý bất động sản đầu tư (*)",Base,GSDC,Fact Public Company Financial Report Value,Data Value,MEASURE,fct_public_company_financial_rpt_val.data_val,
K_GSDC_1364,Data Explorer: Dữ liệu tài chính doanh nghiệp,Nhóm 30 — TCTD — Báo cáo LCTT gián tiếp,"6. Tiền chi ra do bán, thanh lý bất động sản đầu tư (*)",Base,GSDC,Financial Report Catalog Dimension,Row Description Reference,FILTER,JOIN financial_rpt_catalog_dim ON financial_rpt_catalog_dim.financial_rpt_catalog_dim_id = fct_public_company_financial_rpt_val.financial_rpt_catalog_dim_id WHERE financial_rpt_catalog_dim.financial_rpt_catalog_code LIKE 'BCLCTT_GT%' AND financial_rpt_catalog_dim.enterprise_tp_code = 'td' AND financial_rpt_catalog_dim.row_description_reference = '35' AND financial_rpt_catalog_dim.column_description_reference = '1',
K_GSDC_1364,Data Explorer: Dữ liệu tài chính doanh nghiệp,Nhóm 30 — TCTD — Báo cáo LCTT gián tiếp,"6. Tiền chi ra do bán, thanh lý bất động sản đầu tư (*)",Base,GSDC,Fact Public Company Financial Report Value,Report Year,FILTER,fct_public_company_financial_rpt_val.rpt_year = :year AND fct_public_company_financial_rpt_val.rpt_quarter = :quarter,
K_GSDC_1365,Data Explorer: Dữ liệu tài chính doanh nghiệp,Nhóm 30 — TCTD — Báo cáo LCTT gián tiếp,"7. Tiền chi đầu tư, góp vốn vào các đơn vị khác",Base,GSDC,Fact Public Company Financial Report Value,Data Value,MEASURE,fct_public_company_financial_rpt_val.data_val,
K_GSDC_1365,Data Explorer: Dữ liệu tài chính doanh nghiệp,Nhóm 30 — TCTD — Báo cáo LCTT gián tiếp,"7. Tiền chi đầu tư, góp vốn vào các đơn vị khác",Base,GSDC,Financial Report Catalog Dimension,Row Description Reference,FILTER,JOIN financial_rpt_catalog_dim ON financial_rpt_catalog_dim.financial_rpt_catalog_dim_id = fct_public_company_financial_rpt_val.financial_rpt_catalog_dim_id WHERE financial_rpt_catalog_dim.financial_rpt_catalog_code LIKE 'BCLCTT_GT%' AND financial_rpt_catalog_dim.enterprise_tp_code = 'td' AND financial_rpt_catalog_dim.row_description_reference = '36' AND financial_rpt_catalog_dim.column_description_reference = '1',
K_GSDC_1365,Data Explorer: Dữ liệu tài chính doanh nghiệp,Nhóm 30 — TCTD — Báo cáo LCTT gián tiếp,"7. Tiền chi đầu tư, góp vốn vào các đơn vị khác",Base,GSDC,Fact Public Company Financial Report Value,Report Year,FILTER,fct_public_company_financial_rpt_val.rpt_year = :year AND fct_public_company_financial_rpt_val.rpt_quarter = :quarter,
K_GSDC_1366,Data Explorer: Dữ liệu tài chính doanh nghiệp,Nhóm 30 — TCTD — Báo cáo LCTT gián tiếp,"8. Tiền thu đầu tư, góp vốn vào các đơn vị khác",Base,GSDC,Fact Public Company Financial Report Value,Data Value,MEASURE,fct_public_company_financial_rpt_val.data_val,
K_GSDC_1366,Data Explorer: Dữ liệu tài chính doanh nghiệp,Nhóm 30 — TCTD — Báo cáo LCTT gián tiếp,"8. Tiền thu đầu tư, góp vốn vào các đơn vị khác",Base,GSDC,Financial Report Catalog Dimension,Row Description Reference,FILTER,JOIN financial_rpt_catalog_dim ON financial_rpt_catalog_dim.financial_rpt_catalog_dim_id = fct_public_company_financial_rpt_val.financial_rpt_catalog_dim_id WHERE financial_rpt_catalog_dim.financial_rpt_catalog_code LIKE 'BCLCTT_GT%' AND financial_rpt_catalog_dim.enterprise_tp_code = 'td' AND financial_rpt_catalog_dim.row_description_reference = '37' AND financial_rpt_catalog_dim.column_description_reference = '1',
K_GSDC_1366,Data Explorer: Dữ liệu tài chính doanh nghiệp,Nhóm 30 — TCTD — Báo cáo LCTT gián tiếp,"8. Tiền thu đầu tư, góp vốn vào các đơn vị khác",Base,GSDC,Fact Public Company Financial Report Value,Report Year,FILTER,fct_public_company_financial_rpt_val.rpt_year = :year AND fct_public_company_financial_rpt_val.rpt_quarter = :quarter,
K_GSDC_1367,Data Explorer: Dữ liệu tài chính doanh nghiệp,Nhóm 30 — TCTD — Báo cáo LCTT gián tiếp,"9. Tiền thu cổ tức và lợi nhuận được chia từ các khoản đầu tư, góp vốn",Base,GSDC,Fact Public Company Financial Report Value,Data Value,MEASURE,fct_public_company_financial_rpt_val.data_val,
K_GSDC_1367,Data Explorer: Dữ liệu tài chính doanh nghiệp,Nhóm 30 — TCTD — Báo cáo LCTT gián tiếp,"9. Tiền thu cổ tức và lợi nhuận được chia từ các khoản đầu tư, góp vốn",Base,GSDC,Financial Report Catalog Dimension,Row Description Reference,FILTER,JOIN financial_rpt_catalog_dim ON financial_rpt_catalog_dim.financial_rpt_catalog_dim_id = fct_public_company_financial_rpt_val.financial_rpt_catalog_dim_id WHERE financial_rpt_catalog_dim.financial_rpt_catalog_code LIKE 'BCLCTT_GT%' AND financial_rpt_catalog_dim.enterprise_tp_code = 'td' AND financial_rpt_catalog_dim.row_description_reference = '38' AND financial_rpt_catalog_dim.column_description_reference = '1',
K_GSDC_1367,Data Explorer: Dữ liệu tài chính doanh nghiệp,Nhóm 30 — TCTD — Báo cáo LCTT gián tiếp,"9. Tiền thu cổ tức và lợi nhuận được chia từ các khoản đầu tư, góp vốn",Base,GSDC,Fact Public Company Financial Report Value,Report Year,FILTER,fct_public_company_financial_rpt_val.rpt_year = :year AND fct_public_company_financial_rpt_val.rpt_quarter = :quarter,
K_GSDC_1368,Data Explorer: Dữ liệu tài chính doanh nghiệp,Nhóm 30 — TCTD — Báo cáo LCTT gián tiếp,II. Lưu chuyển từ hoạt động đầu tư,Base,GSDC,Fact Public Company Financial Report Value,Data Value,MEASURE,fct_public_company_financial_rpt_val.data_val,
K_GSDC_1368,Data Explorer: Dữ liệu tài chính doanh nghiệp,Nhóm 30 — TCTD — Báo cáo LCTT gián tiếp,II. Lưu chuyển từ hoạt động đầu tư,Base,GSDC,Financial Report Catalog Dimension,Row Description Reference,FILTER,JOIN financial_rpt_catalog_dim ON financial_rpt_catalog_dim.financial_rpt_catalog_dim_id = fct_public_company_financial_rpt_val.financial_rpt_catalog_dim_id WHERE financial_rpt_catalog_dim.financial_rpt_catalog_code LIKE 'BCLCTT_GT%' AND financial_rpt_catalog_dim.enterprise_tp_code = 'td' AND financial_rpt_catalog_dim.row_description_reference = '39' AND financial_rpt_catalog_dim.column_description_reference = '1',
K_GSDC_1368,Data Explorer: Dữ liệu tài chính doanh nghiệp,Nhóm 30 — TCTD — Báo cáo LCTT gián tiếp,II. Lưu chuyển từ hoạt động đầu tư,Base,GSDC,Fact Public Company Financial Report Value,Report Year,FILTER,fct_public_company_financial_rpt_val.rpt_year = :year AND fct_public_company_financial_rpt_val.rpt_quarter = :quarter,
K_GSDC_1370,Data Explorer: Dữ liệu tài chính doanh nghiệp,Nhóm 30 — TCTD — Báo cáo LCTT gián tiếp,1. Tăng vốn cổ phần từ góp vốn và/ hoặc phát hành cổ phiếu,Base,GSDC,Fact Public Company Financial Report Value,Data Value,MEASURE,fct_public_company_financial_rpt_val.data_val,
K_GSDC_1370,Data Explorer: Dữ liệu tài chính doanh nghiệp,Nhóm 30 — TCTD — Báo cáo LCTT gián tiếp,1. Tăng vốn cổ phần từ góp vốn và/ hoặc phát hành cổ phiếu,Base,GSDC,Financial Report Catalog Dimension,Row Description Reference,FILTER,JOIN financial_rpt_catalog_dim ON financial_rpt_catalog_dim.financial_rpt_catalog_dim_id = fct_public_company_financial_rpt_val.financial_rpt_catalog_dim_id WHERE financial_rpt_catalog_dim.financial_rpt_catalog_code LIKE 'BCLCTT_GT%' AND financial_rpt_catalog_dim.enterprise_tp_code = 'td' AND financial_rpt_catalog_dim.row_description_reference = '40' AND financial_rpt_catalog_dim.column_description_reference = '1',
K_GSDC_1370,Data Explorer: Dữ liệu tài chính doanh nghiệp,Nhóm 30 — TCTD — Báo cáo LCTT gián tiếp,1. Tăng vốn cổ phần từ góp vốn và/ hoặc phát hành cổ phiếu,Base,GSDC,Fact Public Company Financial Report Value,Report Year,FILTER,fct_public_company_financial_rpt_val.rpt_year = :year AND fct_public_company_financial_rpt_val.rpt_quarter = :quarter,
K_GSDC_1371,Data Explorer: Dữ liệu tài chính doanh nghiệp,Nhóm 30 — TCTD — Báo cáo LCTT gián tiếp,2. Tiền thu từ phát hành giấy tờ có giá dài hạn đủ điều kiện tính vào vốn,Base,GSDC,Fact Public Company Financial Report Value,Data Value,MEASURE,fct_public_company_financial_rpt_val.data_val,
K_GSDC_1371,Data Explorer: Dữ liệu tài chính doanh nghiệp,Nhóm 30 — TCTD — Báo cáo LCTT gián tiếp,2. Tiền thu từ phát hành giấy tờ có giá dài hạn đủ điều kiện tính vào vốn,Base,GSDC,Financial Report Catalog Dimension,Row Description Reference,FILTER,JOIN financial_rpt_catalog_dim ON financial_rpt_catalog_dim.financial_rpt_catalog_dim_id = fct_public_company_financial_rpt_val.financial_rpt_catalog_dim_id WHERE financial_rpt_catalog_dim.financial_rpt_catalog_code LIKE 'BCLCTT_GT%' AND financial_rpt_catalog_dim.enterprise_tp_code = 'td' AND financial_rpt_catalog_dim.row_description_reference = '41' AND financial_rpt_catalog_dim.column_description_reference = '1',
K_GSDC_1371,Data Explorer: Dữ liệu tài chính doanh nghiệp,Nhóm 30 — TCTD — Báo cáo LCTT gián tiếp,2. Tiền thu từ phát hành giấy tờ có giá dài hạn đủ điều kiện tính vào vốn,Base,GSDC,Fact Public Company Financial Report Value,Report Year,FILTER,fct_public_company_financial_rpt_val.rpt_year = :year AND fct_public_company_financial_rpt_val.rpt_quarter = :quarter,
K_GSDC_1372,Data Explorer: Dữ liệu tài chính doanh nghiệp,Nhóm 30 — TCTD — Báo cáo LCTT gián tiếp,3. Tiền chi thanh toán giấy tờ có giá dài hạn đủ điều kiện tính vào vốn,Base,GSDC,Fact Public Company Financial Report Value,Data Value,MEASURE,fct_public_company_financial_rpt_val.data_val,
K_GSDC_1372,Data Explorer: Dữ liệu tài chính doanh nghiệp,Nhóm 30 — TCTD — Báo cáo LCTT gián tiếp,3. Tiền chi thanh toán giấy tờ có giá dài hạn đủ điều kiện tính vào vốn,Base,GSDC,Financial Report Catalog Dimension,Row Description Reference,FILTER,JOIN financial_rpt_catalog_dim ON financial_rpt_catalog_dim.financial_rpt_catalog_dim_id = fct_public_company_financial_rpt_val.financial_rpt_catalog_dim_id WHERE financial_rpt_catalog_dim.financial_rpt_catalog_code LIKE 'BCLCTT_GT%' AND financial_rpt_catalog_dim.enterprise_tp_code = 'td' AND financial_rpt_catalog_dim.row_description_reference = '42' AND financial_rpt_catalog_dim.column_description_reference = '1',
K_GSDC_1372,Data Explorer: Dữ liệu tài chính doanh nghiệp,Nhóm 30 — TCTD — Báo cáo LCTT gián tiếp,3. Tiền chi thanh toán giấy tờ có giá dài hạn đủ điều kiện tính vào vốn,Base,GSDC,Fact Public Company Financial Report Value,Report Year,FILTER,fct_public_company_financial_rpt_val.rpt_year = :year AND fct_public_company_financial_rpt_val.rpt_quarter = :quarter,
K_GSDC_1373,Data Explorer: Dữ liệu tài chính doanh nghiệp,Nhóm 30 — TCTD — Báo cáo LCTT gián tiếp,"4. Cổ tức trả cho cổ đông, lợi nhuận đã chia (*)",Base,GSDC,Fact Public Company Financial Report Value,Data Value,MEASURE,fct_public_company_financial_rpt_val.data_val,
K_GSDC_1373,Data Explorer: Dữ liệu tài chính doanh nghiệp,Nhóm 30 — TCTD — Báo cáo LCTT gián tiếp,"4. Cổ tức trả cho cổ đông, lợi nhuận đã chia (*)",Base,GSDC,Financial Report Catalog Dimension,Row Description Reference,FILTER,JOIN financial_rpt_catalog_dim ON financial_rpt_catalog_dim.financial_rpt_catalog_dim_id = fct_public_company_financial_rpt_val.financial_rpt_catalog_dim_id WHERE financial_rpt_catalog_dim.financial_rpt_catalog_code LIKE 'BCLCTT_GT%' AND financial_rpt_catalog_dim.enterprise_tp_code = 'td' AND financial_rpt_catalog_dim.row_description_reference = '43' AND financial_rpt_catalog_dim.column_description_reference = '1',
K_GSDC_1373,Data Explorer: Dữ liệu tài chính doanh nghiệp,Nhóm 30 — TCTD — Báo cáo LCTT gián tiếp,"4. Cổ tức trả cho cổ đông, lợi nhuận đã chia (*)",Base,GSDC,Fact Public Company Financial Report Value,Report Year,FILTER,fct_public_company_financial_rpt_val.rpt_year = :year AND fct_public_company_financial_rpt_val.rpt_quarter = :quarter,
K_GSDC_1374,Data Explorer: Dữ liệu tài chính doanh nghiệp,Nhóm 30 — TCTD — Báo cáo LCTT gián tiếp,5. Tiền chi ra mua cổ phiếu quỹ (*),Base,GSDC,Fact Public Company Financial Report Value,Data Value,MEASURE,fct_public_company_financial_rpt_val.data_val,
K_GSDC_1374,Data Explorer: Dữ liệu tài chính doanh nghiệp,Nhóm 30 — TCTD — Báo cáo LCTT gián tiếp,5. Tiền chi ra mua cổ phiếu quỹ (*),Base,GSDC,Financial Report Catalog Dimension,Row Description Reference,FILTER,JOIN financial_rpt_catalog_dim ON financial_rpt_catalog_dim.financial_rpt_catalog_dim_id = fct_public_company_financial_rpt_val.financial_rpt_catalog_dim_id WHERE financial_rpt_catalog_dim.financial_rpt_catalog_code LIKE 'BCLCTT_GT%' AND financial_rpt_catalog_dim.enterprise_tp_code = 'td' AND financial_rpt_catalog_dim.row_description_reference = '44' AND financial_rpt_catalog_dim.column_description_reference = '1',
K_GSDC_1374,Data Explorer: Dữ liệu tài chính doanh nghiệp,Nhóm 30 — TCTD — Báo cáo LCTT gián tiếp,5. Tiền chi ra mua cổ phiếu quỹ (*),Base,GSDC,Fact Public Company Financial Report Value,Report Year,FILTER,fct_public_company_financial_rpt_val.rpt_year = :year AND fct_public_company_financial_rpt_val.rpt_quarter = :quarter,
K_GSDC_1375,Data Explorer: Dữ liệu tài chính doanh nghiệp,Nhóm 30 — TCTD — Báo cáo LCTT gián tiếp,6. Tiền thu được do bán cổ phiếu quỹ,Base,GSDC,Fact Public Company Financial Report Value,Data Value,MEASURE,fct_public_company_financial_rpt_val.data_val,
K_GSDC_1375,Data Explorer: Dữ liệu tài chính doanh nghiệp,Nhóm 30 — TCTD — Báo cáo LCTT gián tiếp,6. Tiền thu được do bán cổ phiếu quỹ,Base,GSDC,Financial Report Catalog Dimension,Row Description Reference,FILTER,JOIN financial_rpt_catalog_dim ON financial_rpt_catalog_dim.financial_rpt_catalog_dim_id = fct_public_company_financial_rpt_val.financial_rpt_catalog_dim_id WHERE financial_rpt_catalog_dim.financial_rpt_catalog_code LIKE 'BCLCTT_GT%' AND financial_rpt_catalog_dim.enterprise_tp_code = 'td' AND financial_rpt_catalog_dim.row_description_reference = '45' AND financial_rpt_catalog_dim.column_description_reference = '1',
K_GSDC_1375,Data Explorer: Dữ liệu tài chính doanh nghiệp,Nhóm 30 — TCTD — Báo cáo LCTT gián tiếp,6. Tiền thu được do bán cổ phiếu quỹ,Base,GSDC,Fact Public Company Financial Report Value,Report Year,FILTER,fct_public_company_financial_rpt_val.rpt_year = :year AND fct_public_company_financial_rpt_val.rpt_quarter = :quarter,
K_GSDC_1376,Data Explorer: Dữ liệu tài chính doanh nghiệp,Nhóm 30 — TCTD — Báo cáo LCTT gián tiếp,III. Lưu chuyển tiền từ hoạt động tài chính,Base,GSDC,Fact Public Company Financial Report Value,Data Value,MEASURE,fct_public_company_financial_rpt_val.data_val,
K_GSDC_1376,Data Explorer: Dữ liệu tài chính doanh nghiệp,Nhóm 30 — TCTD — Báo cáo LCTT gián tiếp,III. Lưu chuyển tiền từ hoạt động tài chính,Base,GSDC,Financial Report Catalog Dimension,Row Description Reference,FILTER,JOIN financial_rpt_catalog_dim ON financial_rpt_catalog_dim.financial_rpt_catalog_dim_id = fct_public_company_financial_rpt_val.financial_rpt_catalog_dim_id WHERE financial_rpt_catalog_dim.financial_rpt_catalog_code LIKE 'BCLCTT_GT%' AND financial_rpt_catalog_dim.enterprise_tp_code = 'td' AND financial_rpt_catalog_dim.row_description_reference = '46' AND financial_rpt_catalog_dim.column_description_reference = '1',
K_GSDC_1376,Data Explorer: Dữ liệu tài chính doanh nghiệp,Nhóm 30 — TCTD — Báo cáo LCTT gián tiếp,III. Lưu chuyển tiền từ hoạt động tài chính,Base,GSDC,Fact Public Company Financial Report Value,Report Year,FILTER,fct_public_company_financial_rpt_val.rpt_year = :year AND fct_public_company_financial_rpt_val.rpt_quarter = :quarter,
K_GSDC_1377,Data Explorer: Dữ liệu tài chính doanh nghiệp,Nhóm 30 — TCTD — Báo cáo LCTT gián tiếp,IV. Lưu chuyển tiền thuần trong kỳ,Base,GSDC,Fact Public Company Financial Report Value,Data Value,MEASURE,fct_public_company_financial_rpt_val.data_val,
K_GSDC_1377,Data Explorer: Dữ liệu tài chính doanh nghiệp,Nhóm 30 — TCTD — Báo cáo LCTT gián tiếp,IV. Lưu chuyển tiền thuần trong kỳ,Base,GSDC,Financial Report Catalog Dimension,Row Description Reference,FILTER,JOIN financial_rpt_catalog_dim ON financial_rpt_catalog_dim.financial_rpt_catalog_dim_id = fct_public_company_financial_rpt_val.financial_rpt_catalog_dim_id WHERE financial_rpt_catalog_dim.financial_rpt_catalog_code LIKE 'BCLCTT_GT%' AND financial_rpt_catalog_dim.enterprise_tp_code = 'td' AND financial_rpt_catalog_dim.row_description_reference = '47' AND financial_rpt_catalog_dim.column_description_reference = '1',
K_GSDC_1377,Data Explorer: Dữ liệu tài chính doanh nghiệp,Nhóm 30 — TCTD — Báo cáo LCTT gián tiếp,IV. Lưu chuyển tiền thuần trong kỳ,Base,GSDC,Fact Public Company Financial Report Value,Report Year,FILTER,fct_public_company_financial_rpt_val.rpt_year = :year AND fct_public_company_financial_rpt_val.rpt_quarter = :quarter,
K_GSDC_1378,Data Explorer: Dữ liệu tài chính doanh nghiệp,Nhóm 30 — TCTD — Báo cáo LCTT gián tiếp,V. Tiền và các khoản tương đương tiền tại thời điểm đầu kỳ,Base,GSDC,Fact Public Company Financial Report Value,Data Value,MEASURE,fct_public_company_financial_rpt_val.data_val,
K_GSDC_1378,Data Explorer: Dữ liệu tài chính doanh nghiệp,Nhóm 30 — TCTD — Báo cáo LCTT gián tiếp,V. Tiền và các khoản tương đương tiền tại thời điểm đầu kỳ,Base,GSDC,Financial Report Catalog Dimension,Row Description Reference,FILTER,JOIN financial_rpt_catalog_dim ON financial_rpt_catalog_dim.financial_rpt_catalog_dim_id = fct_public_company_financial_rpt_val.financial_rpt_catalog_dim_id WHERE financial_rpt_catalog_dim.financial_rpt_catalog_code LIKE 'BCLCTT_GT%' AND financial_rpt_catalog_dim.enterprise_tp_code = 'td' AND financial_rpt_catalog_dim.row_description_reference = '48' AND financial_rpt_catalog_dim.column_description_reference = '1',
K_GSDC_1378,Data Explorer: Dữ liệu tài chính doanh nghiệp,Nhóm 30 — TCTD — Báo cáo LCTT gián tiếp,V. Tiền và các khoản tương đương tiền tại thời điểm đầu kỳ,Base,GSDC,Fact Public Company Financial Report Value,Report Year,FILTER,fct_public_company_financial_rpt_val.rpt_year = :year AND fct_public_company_financial_rpt_val.rpt_quarter = :quarter,
K_GSDC_1379,Data Explorer: Dữ liệu tài chính doanh nghiệp,Nhóm 30 — TCTD — Báo cáo LCTT gián tiếp,VI. Điều chỉnh ảnh hưởng của thay đổi tỷ giá,Base,GSDC,Fact Public Company Financial Report Value,Data Value,MEASURE,fct_public_company_financial_rpt_val.data_val,
K_GSDC_1379,Data Explorer: Dữ liệu tài chính doanh nghiệp,Nhóm 30 — TCTD — Báo cáo LCTT gián tiếp,VI. Điều chỉnh ảnh hưởng của thay đổi tỷ giá,Base,GSDC,Financial Report Catalog Dimension,Row Description Reference,FILTER,JOIN financial_rpt_catalog_dim ON financial_rpt_catalog_dim.financial_rpt_catalog_dim_id = fct_public_company_financial_rpt_val.financial_rpt_catalog_dim_id WHERE financial_rpt_catalog_dim.financial_rpt_catalog_code LIKE 'BCLCTT_GT%' AND financial_rpt_catalog_dim.enterprise_tp_code = 'td' AND financial_rpt_catalog_dim.row_description_reference = '49' AND financial_rpt_catalog_dim.column_description_reference = '1',
K_GSDC_1379,Data Explorer: Dữ liệu tài chính doanh nghiệp,Nhóm 30 — TCTD — Báo cáo LCTT gián tiếp,VI. Điều chỉnh ảnh hưởng của thay đổi tỷ giá,Base,GSDC,Fact Public Company Financial Report Value,Report Year,FILTER,fct_public_company_financial_rpt_val.rpt_year = :year AND fct_public_company_financial_rpt_val.rpt_quarter = :quarter,
K_GSDC_1380,Data Explorer: Dữ liệu tài chính doanh nghiệp,Nhóm 30 — TCTD — Báo cáo LCTT gián tiếp,VII. Tiền và các khoản tương đương tiền tại thời điểm cuối kỳ,Base,GSDC,Fact Public Company Financial Report Value,Data Value,MEASURE,fct_public_company_financial_rpt_val.data_val,
K_GSDC_1380,Data Explorer: Dữ liệu tài chính doanh nghiệp,Nhóm 30 — TCTD — Báo cáo LCTT gián tiếp,VII. Tiền và các khoản tương đương tiền tại thời điểm cuối kỳ,Base,GSDC,Financial Report Catalog Dimension,Row Description Reference,FILTER,JOIN financial_rpt_catalog_dim ON financial_rpt_catalog_dim.financial_rpt_catalog_dim_id = fct_public_company_financial_rpt_val.financial_rpt_catalog_dim_id WHERE financial_rpt_catalog_dim.financial_rpt_catalog_code LIKE 'BCLCTT_GT%' AND financial_rpt_catalog_dim.enterprise_tp_code = 'td' AND financial_rpt_catalog_dim.row_description_reference = '50' AND financial_rpt_catalog_dim.column_description_reference = '1',
K_GSDC_1380,Data Explorer: Dữ liệu tài chính doanh nghiệp,Nhóm 30 — TCTD — Báo cáo LCTT gián tiếp,VII. Tiền và các khoản tương đương tiền tại thời điểm cuối kỳ,Base,GSDC,Fact Public Company Financial Report Value,Report Year,FILTER,fct_public_company_financial_rpt_val.rpt_year = :year AND fct_public_company_financial_rpt_val.rpt_quarter = :quarter,
K_GSDC_1324,Data Explorer: Dữ liệu tài chính doanh nghiệp,Nhóm 30 — TCTD — Báo cáo LCTT gián tiếp,Lưu chuyển tiền từ hoạt động kinh doanh,N/A,GSDC,,,SLICER,,"Section label — không có logic tính toán, dùng cho hiển thị phân cấp trong Data Explorer"
K_GSDC_1326,Data Explorer: Dữ liệu tài chính doanh nghiệp,Nhóm 30 — TCTD — Báo cáo LCTT gián tiếp,Điều chỉnh cho các khoản:,N/A,GSDC,,,SLICER,,"Section label — không có logic tính toán, dùng cho hiển thị phân cấp trong Data Explorer"
K_GSDC_1336,Data Explorer: Dữ liệu tài chính doanh nghiệp,Nhóm 30 — TCTD — Báo cáo LCTT gián tiếp,Những thay đổi về tài sản và công nợ hoạt động,N/A,GSDC,,,SLICER,,"Section label — không có logic tính toán, dùng cho hiển thị phân cấp trong Data Explorer"
K_GSDC_1337,Data Explorer: Dữ liệu tài chính doanh nghiệp,Nhóm 30 — TCTD — Báo cáo LCTT gián tiếp,Những thay đổi về tài sản hoạt động,N/A,GSDC,,,SLICER,,"Section label — không có logic tính toán, dùng cho hiển thị phân cấp trong Data Explorer"
K_GSDC_1345,Data Explorer: Dữ liệu tài chính doanh nghiệp,Nhóm 30 — TCTD — Báo cáo LCTT gián tiếp,Những thay đổi về công nợ hoạt động,N/A,GSDC,,,SLICER,,"Section label — không có logic tính toán, dùng cho hiển thị phân cấp trong Data Explorer"
K_GSDC_1358,Data Explorer: Dữ liệu tài chính doanh nghiệp,Nhóm 30 — TCTD — Báo cáo LCTT gián tiếp,Lưu chuyển tiền từ hoạt động đầu tư,N/A,GSDC,,,SLICER,,"Section label — không có logic tính toán, dùng cho hiển thị phân cấp trong Data Explorer"
K_GSDC_1369,Data Explorer: Dữ liệu tài chính doanh nghiệp,Nhóm 30 — TCTD — Báo cáo LCTT gián tiếp,Lưu chuyển tiền từ hoạt động tài chính,N/A,GSDC,,,SLICER,,"Section label — không có logic tính toán, dùng cho hiển thị phân cấp trong Data Explorer"
K_GSDC_1381,Dữ liệu về thông tin niêm yết,Nhóm 31 — Dữ liệu về thông tin niêm yết,Khối lượng cổ phiếu đang lưu hành,Base,GSDC,,,,,Pending - chưa có CSDL (biểu mẫu TT138/2025)
K_GSDC_1382,Dữ liệu về thông tin niêm yết,Nhóm 31 — Dữ liệu về thông tin niêm yết,Khối lượng cổ phiếu niêm yết,Base,GSDC,,,,,Pending - chưa có CSDL (biểu mẫu TT138/2025)
K_GSDC_1383,Dữ liệu về thông tin niêm yết,Nhóm 31 — Dữ liệu về thông tin niêm yết,Khối lượng cổ phiếu quỹ,Base,GSDC,,,,,Pending - chưa có CSDL (biểu mẫu TT138/2025)
K_GSDC_1384,Dữ liệu về thông tin niêm yết,Nhóm 31 — Dữ liệu về thông tin niêm yết,Khối lượng cổ phiếu tự do chuyển nhượng (Free Float),Base,GSDC,,,,,Pending - chưa có CSDL (biểu mẫu TT138/2025)
K_GSDC_1385,Dữ liệu về thông tin niêm yết,Nhóm 31 — Dữ liệu về thông tin niêm yết,Khối lượng cổ phiếu khối ngoại sở hữu,Base,GSDC,,,,,Pending - chưa có CSDL (biểu mẫu Ban PTTT)
K_GSDC_1386,Dữ liệu về thông tin niêm yết,Nhóm 31 — Dữ liệu về thông tin niêm yết,Tỷ lệ sở hữu nước ngoài hiện tại,Base,GSDC,,,,,Pending - chưa có CSDL (biểu mẫu Ban PTTT)
K_GSDC_1387,Dữ liệu về thông tin niêm yết,Nhóm 31 — Dữ liệu về thông tin niêm yết,Tỷ lệ sở hữu nước ngoài tối đa (Foreign Ownership Limit – FOL),Base,GSDC,,,,,Pending - chưa có CSDL (biểu mẫu Ban PTTT)
K_GSDC_1388,Dữ liệu về thông tin niêm yết,Nhóm 31 — Dữ liệu về thông tin niêm yết,Room ngoại còn lại,Base,GSDC,,,,,Pending - chưa có CSDL (biểu mẫu Ban PTTT)
K_GSDC_1389,Dữ liệu về thông tin niêm yết,Nhóm 31 — Dữ liệu về thông tin niêm yết,Khối lượng cổ phiếu sở hữu nhà nước,Base,GSDC,,,,,Pending - thiếu audit field created_date/update_dated để lọc theo tháng
K_GSDC_1390,Dữ liệu về thông tin niêm yết,Nhóm 31 — Dữ liệu về thông tin niêm yết,Tỷ lệ sở hữu nhà nước,Base,GSDC,,,,,Pending - thiếu audit field created_date/update_dated để lọc theo tháng
K_GSDC_1391,Data Explorer: Chấm điểm & Xếp loại CTDC,Nhóm 32 — Dữ liệu tổng hợp chấm điểm phân loại CTDC (Data Explorer),Tuân thủ,Base,GSDC,Fact Public Company Risk Score Snapshot,Compliance Score,MEASURE,fct_public_company_risk_score_snpst.compliance_score,
K_GSDC_1392,Data Explorer: Chấm điểm & Xếp loại CTDC,Nhóm 32 — Dữ liệu tổng hợp chấm điểm phân loại CTDC (Data Explorer),Phát hành,Base,GSDC,Fact Public Company Risk Score Snapshot,Issuance Score,MEASURE,fct_public_company_risk_score_snpst.issuance_score,
K_GSDC_1393,Data Explorer: Chấm điểm & Xếp loại CTDC,Nhóm 32 — Dữ liệu tổng hợp chấm điểm phân loại CTDC (Data Explorer),Tài chính,Base,GSDC,Fact Public Company Risk Score Snapshot,Financial Score,MEASURE,fct_public_company_risk_score_snpst.financial_score,
K_GSDC_1394,Data Explorer: Chấm điểm & Xếp loại CTDC,Nhóm 32 — Dữ liệu tổng hợp chấm điểm phân loại CTDC (Data Explorer),Phi tài chính & M-Score,Base,GSDC,Fact Public Company Risk Score Snapshot,Non Financial M Score,MEASURE,fct_public_company_risk_score_snpst.non_financial_m_score,
K_GSDC_1395,Data Explorer: Chấm điểm & Xếp loại CTDC,Nhóm 32 — Dữ liệu tổng hợp chấm điểm phân loại CTDC (Data Explorer),Xếp hạng tín nhiệm DN,Base,GSDC,Fact Public Company Risk Score Snapshot,Credit Rating Score,MEASURE,fct_public_company_risk_score_snpst.credit_rating_score,
K_GSDC_1396,Data Explorer: Chấm điểm & Xếp loại CTDC,Nhóm 32 — Dữ liệu tổng hợp chấm điểm phân loại CTDC (Data Explorer),Điểm tổng hợp,Base,GSDC,Fact Public Company Risk Score Snapshot,Total Score Percentage,MEASURE,fct_public_company_risk_score_snpst.total_score_percentage,
K_GSDC_1397,Data Explorer: Chấm điểm & Xếp loại CTDC,Nhóm 32 — Dữ liệu tổng hợp chấm điểm phân loại CTDC (Data Explorer),Mã CK doanh nghiệp,Chiều,GSDC,Public Company Dimension,Equity Ticker Symbol,SLICER,public_company_dim.equity_ticker_symbol,
K_GSDC_1398,Data Explorer: Chấm điểm & Xếp loại CTDC,Nhóm 32 — Dữ liệu tổng hợp chấm điểm phân loại CTDC (Data Explorer),Tên doanh nghiệp,Chiều,GSDC,Public Company Dimension,Public Company Name,SLICER,public_company_dim.public_company_nm,
K_GSDC_1399,Data Explorer: Chấm điểm & Xếp loại CTDC,Nhóm 33 — Phân loại CTDC theo chỉ tiêu tuân thủ (Data Explorer),Mã CK doanh nghiệp,Chiều,GSDC,Public Company Dimension,Equity Ticker Symbol,SLICER,public_company_dim.equity_ticker_symbol,
K_GSDC_1400,Data Explorer: Chấm điểm & Xếp loại CTDC,Nhóm 33 — Phân loại CTDC theo chỉ tiêu tuân thủ (Data Explorer),Tên doanh nghiệp,Chiều,GSDC,Public Company Dimension,Public Company Name,SLICER,public_company_dim.public_company_nm,
K_GSDC_1401,Data Explorer: Chấm điểm & Xếp loại CTDC,Nhóm 33 — Phân loại CTDC theo chỉ tiêu tuân thủ (Data Explorer),Công bố BCTC,Base,GSDC,Fact Public Company Compliance Score Snapshot,Công bố BCTC,MEASURE,fct_public_company_compliance_score_snpst.disclosure_bctc_score,
K_GSDC_1402,Data Explorer: Chấm điểm & Xếp loại CTDC,Nhóm 33 — Phân loại CTDC theo chỉ tiêu tuân thủ (Data Explorer),Công bố BCTN,Base,GSDC,Fact Public Company Compliance Score Snapshot,Công bố BCTN,MEASURE,fct_public_company_compliance_score_snpst.disclosure_bctn_score,
K_GSDC_1403,Data Explorer: Chấm điểm & Xếp loại CTDC,Nhóm 33 — Phân loại CTDC theo chỉ tiêu tuân thủ (Data Explorer),Công bố báo cáo tình hình quản trị,Base,GSDC,Fact Public Company Compliance Score Snapshot,Công bố báo cáo tình hình quản trị,MEASURE,fct_public_company_compliance_score_snpst.disclosure_governance_report_score,
K_GSDC_1404,Data Explorer: Chấm điểm & Xếp loại CTDC,Nhóm 33 — Phân loại CTDC theo chỉ tiêu tuân thủ (Data Explorer),Công bố thông tin Thay đổi TGĐ/CTHĐQT,Base,GSDC,Fact Public Company Compliance Score Snapshot,Công bố thông tin Thay đổi TGĐ/CTHĐQT,MEASURE,fct_public_company_compliance_score_snpst.disclosure_ceo_change_score,
K_GSDC_1405,Data Explorer: Chấm điểm & Xếp loại CTDC,Nhóm 33 — Phân loại CTDC theo chỉ tiêu tuân thủ (Data Explorer),Vi phạm từ UBCKNN,Base,GSDC,Fact Public Company Compliance Score Snapshot,Vi phạm từ UBCKNN,MEASURE,fct_public_company_compliance_score_snpst.violation_ubck_score,
K_GSDC_1406,Data Explorer: Chấm điểm & Xếp loại CTDC,Nhóm 33 — Phân loại CTDC theo chỉ tiêu tuân thủ (Data Explorer),Vi phạm từ các đơn vị khác,Base,GSDC,Fact Public Company Compliance Score Snapshot,Vi phạm từ các đơn vị khác,MEASURE,fct_public_company_compliance_score_snpst.violation_other_score,
K_GSDC_1407,Data Explorer: Chấm điểm & Xếp loại CTDC,Nhóm 33 — Phân loại CTDC theo chỉ tiêu tuân thủ (Data Explorer),Điều lệ Công ty và Các Quy chế hoạt động,Base,GSDC,Fact Public Company Compliance Score Snapshot,Điều lệ Công ty và Các Quy chế hoạt động,MEASURE,fct_public_company_compliance_score_snpst.charter_regulation_score,
K_GSDC_1408,Data Explorer: Chấm điểm & Xếp loại CTDC,Nhóm 33 — Phân loại CTDC theo chỉ tiêu tuân thủ (Data Explorer),Số lượng ĐHĐCĐ thường niên trong 6 tháng đầu năm,Base,GSDC,Fact Public Company Compliance Score Snapshot,Số lượng ĐHĐCĐ thường niên trong 6 tháng đầu năm,MEASURE,fct_public_company_compliance_score_snpst.annual_meeting_count_score,
K_GSDC_1409,Data Explorer: Chấm điểm & Xếp loại CTDC,Nhóm 33 — Phân loại CTDC theo chỉ tiêu tuân thủ (Data Explorer),Số lượng thành viên HĐQT độc lập,Base,GSDC,Fact Public Company Compliance Score Snapshot,Số lượng thành viên HĐQT độc lập,MEASURE,fct_public_company_compliance_score_snpst.independent_board_member_count_score,
K_GSDC_1410,Data Explorer: Chấm điểm & Xếp loại CTDC,Nhóm 33 — Phân loại CTDC theo chỉ tiêu tuân thủ (Data Explorer),Số lượng thành viên HĐQT không điều hành,Base,GSDC,Fact Public Company Compliance Score Snapshot,Số lượng thành viên HĐQT không điều hành,MEASURE,fct_public_company_compliance_score_snpst.non_executive_board_member_count_score,
K_GSDC_1411,Data Explorer: Chấm điểm & Xếp loại CTDC,Nhóm 33 — Phân loại CTDC theo chỉ tiêu tuân thủ (Data Explorer),Tư cách thành viên HĐQT/BKS/Kế toán trưởng,Base,GSDC,Fact Public Company Compliance Score Snapshot,Tư cách thành viên HĐQT/BKS/Kế toán trưởng,MEASURE,fct_public_company_compliance_score_snpst.board_member_qualification_score,
K_GSDC_1412,Data Explorer: Chấm điểm & Xếp loại CTDC,Nhóm 33 — Phân loại CTDC theo chỉ tiêu tuân thủ (Data Explorer),Số lượng thành viên BKS hoặc Ủy ban kiểm toán,Base,GSDC,Fact Public Company Compliance Score Snapshot,Số lượng thành viên BKS hoặc Ủy ban kiểm toán,MEASURE,fct_public_company_compliance_score_snpst.supervisory_board_count_score,
K_GSDC_1413,Data Explorer: Chấm điểm & Xếp loại CTDC,Nhóm 33 — Phân loại CTDC theo chỉ tiêu tuân thủ (Data Explorer),Báo cáo tiến độ sử dụng vốn,Base,GSDC,Fact Public Company Compliance Score Snapshot,Báo cáo tiến độ sử dụng vốn,MEASURE,fct_public_company_compliance_score_snpst.capital_use_progress_report_score,
K_GSDC_1414,Data Explorer: Chấm điểm & Xếp loại CTDC,Nhóm 33 — Phân loại CTDC theo chỉ tiêu tuân thủ (Data Explorer),Thay đổi phương án sử dụng vốn,Base,GSDC,Fact Public Company Compliance Score Snapshot,Thay đổi phương án sử dụng vốn,MEASURE,fct_public_company_compliance_score_snpst.capital_use_plan_change_score,
K_GSDC_1415,Data Explorer: Chấm điểm & Xếp loại CTDC,Nhóm 33 — Phân loại CTDC theo chỉ tiêu tuân thủ (Data Explorer),Tổng điểm Tuân thủ,Phái sinh,GSDC,Fact Public Company Compliance Score Snapshot,Total Compliance Score,MEASURE,fct_public_company_compliance_score_snpst.total_compliance_score,SUM(evaluation_score)
K_GSDC_1416,Data Explorer: Chấm điểm & Xếp loại CTDC,Nhóm 34 — Phân loại CTDC theo chỉ tiêu tài chính (Data Explorer),Mã CK doanh nghiệp,Chiều,GSDC,Public Company Dimension,Equity Ticker Symbol,SLICER,public_company_dim.equity_ticker_symbol,
K_GSDC_1417,Data Explorer: Chấm điểm & Xếp loại CTDC,Nhóm 34 — Phân loại CTDC theo chỉ tiêu tài chính (Data Explorer),Tên doanh nghiệp,Chiều,GSDC,Public Company Dimension,Public Company Name,SLICER,public_company_dim.public_company_nm,
K_GSDC_1418,Data Explorer: Chấm điểm & Xếp loại CTDC,Nhóm 34 — Phân loại CTDC theo chỉ tiêu tài chính (Data Explorer),Kiểm toán — Ý kiến kiểm toán,Base,GSDC,Fact Public Company Financial Score Snapshot,Kiểm toán — Ý kiến kiểm toán,MEASURE,fct_public_company_financial_score_snpst.audit_opinion_score,
K_GSDC_1419,Data Explorer: Chấm điểm & Xếp loại CTDC,Nhóm 34 — Phân loại CTDC theo chỉ tiêu tài chính (Data Explorer),ROA,Base,GSDC,Fact Public Company Financial Score Snapshot,ROA,MEASURE,fct_public_company_financial_score_snpst.roa_score,
K_GSDC_1420,Data Explorer: Chấm điểm & Xếp loại CTDC,Nhóm 34 — Phân loại CTDC theo chỉ tiêu tài chính (Data Explorer),Dòng tiền từ hoạt động kinh doanh,Base,GSDC,Fact Public Company Financial Score Snapshot,Dòng tiền từ hoạt động kinh doanh,MEASURE,fct_public_company_financial_score_snpst.operating_cash_flow_score,
K_GSDC_1421,Data Explorer: Chấm điểm & Xếp loại CTDC,Nhóm 34 — Phân loại CTDC theo chỉ tiêu tài chính (Data Explorer),Khả năng thanh toán hiện thời,Base,GSDC,Fact Public Company Financial Score Snapshot,Khả năng thanh toán hiện thời,MEASURE,fct_public_company_financial_score_snpst.current_ratio_score,
K_GSDC_1422,Data Explorer: Chấm điểm & Xếp loại CTDC,Nhóm 34 — Phân loại CTDC theo chỉ tiêu tài chính (Data Explorer),EBIT / Lãi vay,Base,GSDC,Fact Public Company Financial Score Snapshot,EBIT / Lãi vay,MEASURE,fct_public_company_financial_score_snpst.ebit_interest_coverage_score,
K_GSDC_1423,Data Explorer: Chấm điểm & Xếp loại CTDC,Nhóm 34 — Phân loại CTDC theo chỉ tiêu tài chính (Data Explorer),Nợ / VCSH,Base,GSDC,Fact Public Company Financial Score Snapshot,Nợ / VCSH,MEASURE,fct_public_company_financial_score_snpst.debt_to_equity_score,
K_GSDC_1424,Data Explorer: Chấm điểm & Xếp loại CTDC,Nhóm 34 — Phân loại CTDC theo chỉ tiêu tài chính (Data Explorer),VCSH,Base,GSDC,Fact Public Company Financial Score Snapshot,VCSH,MEASURE,fct_public_company_financial_score_snpst.equity_score,
K_GSDC_1425,Data Explorer: Chấm điểm & Xếp loại CTDC,Nhóm 34 — Phân loại CTDC theo chỉ tiêu tài chính (Data Explorer),ROE,Base,GSDC,Fact Public Company Financial Score Snapshot,ROE,MEASURE,fct_public_company_financial_score_snpst.roe_score,
K_GSDC_1426,Data Explorer: Chấm điểm & Xếp loại CTDC,Nhóm 34 — Phân loại CTDC theo chỉ tiêu tài chính (Data Explorer),Doanh thu từ HĐ tài chính / Lợi nhuận sau thuế,Base,GSDC,Fact Public Company Financial Score Snapshot,Doanh thu từ HĐ tài chính / Lợi nhuận sau thuế,MEASURE,fct_public_company_financial_score_snpst.financial_revenue_to_profit_score,
K_GSDC_1427,Data Explorer: Chấm điểm & Xếp loại CTDC,Nhóm 34 — Phân loại CTDC theo chỉ tiêu tài chính (Data Explorer),Doanh thu từ hoạt động khác / Lợi nhuận sau thuế,Base,GSDC,Fact Public Company Financial Score Snapshot,Doanh thu từ hoạt động khác / Lợi nhuận sau thuế,MEASURE,fct_public_company_financial_score_snpst.other_revenue_to_profit_score,
K_GSDC_1428,Data Explorer: Chấm điểm & Xếp loại CTDC,Nhóm 34 — Phân loại CTDC theo chỉ tiêu tài chính (Data Explorer),Tổng điểm Tài chính,Phái sinh,GSDC,Fact Public Company Financial Score Snapshot,Total Financial Score,MEASURE,fct_public_company_financial_score_snpst.total_financial_score,SUM(evaluation_score)
K_GSDC_1429,Data Explorer: Chấm điểm & Xếp loại CTDC,Nhóm 35 — Phân loại CTDC theo chỉ tiêu phát hành (Data Explorer),Mã doanh nghiệp,Chiều,GSDC,Public Company Dimension,Equity Ticker Symbol,SLICER,public_company_dim.equity_ticker_symbol,
K_GSDC_1430,Data Explorer: Chấm điểm & Xếp loại CTDC,Nhóm 35 — Phân loại CTDC theo chỉ tiêu phát hành (Data Explorer),Tên doanh nghiệp,Chiều,GSDC,Public Company Dimension,Public Company Name,SLICER,public_company_dim.public_company_nm,
K_GSDC_1431,Data Explorer: Chấm điểm & Xếp loại CTDC,Nhóm 35 — Phân loại CTDC theo chỉ tiêu phát hành (Data Explorer),Phát hành tăng vốn nhanh,Base,GSDC,Fact Public Company Issuance Score Snapshot,Phát hành tăng vốn nhanh,MEASURE,fct_public_company_issuance_score_snpst.rapid_capital_increase_score,
K_GSDC_1432,Data Explorer: Chấm điểm & Xếp loại CTDC,Nhóm 35 — Phân loại CTDC theo chỉ tiêu phát hành (Data Explorer),Số lần chào bán cổ phiếu riêng lẻ,Base,GSDC,Fact Public Company Issuance Score Snapshot,Số lần chào bán cổ phiếu riêng lẻ,MEASURE,fct_public_company_issuance_score_snpst.private_placement_count_score,
K_GSDC_1433,Data Explorer: Chấm điểm & Xếp loại CTDC,Nhóm 35 — Phân loại CTDC theo chỉ tiêu phát hành (Data Explorer),Số lần chào bán ra công chúng,Base,GSDC,Fact Public Company Issuance Score Snapshot,Số lần chào bán ra công chúng,MEASURE,fct_public_company_issuance_score_snpst.public_offering_count_score,
K_GSDC_1434,Data Explorer: Chấm điểm & Xếp loại CTDC,Nhóm 35 — Phân loại CTDC theo chỉ tiêu phát hành (Data Explorer),Số lần phát hành ESOP,Base,GSDC,Fact Public Company Issuance Score Snapshot,Số lần phát hành ESOP,MEASURE,fct_public_company_issuance_score_snpst.esop_issuance_count_score,
K_GSDC_1435,Data Explorer: Chấm điểm & Xếp loại CTDC,Nhóm 35 — Phân loại CTDC theo chỉ tiêu phát hành (Data Explorer),Tỷ lệ phát hành trái phiếu không có TSBĐ,Base,GSDC,Fact Public Company Issuance Score Snapshot,Tỷ lệ phát hành trái phiếu không có TSBĐ,MEASURE,fct_public_company_issuance_score_snpst.unsecured_bond_ratio_score,
K_GSDC_1436,Data Explorer: Chấm điểm & Xếp loại CTDC,Nhóm 35 — Phân loại CTDC theo chỉ tiêu phát hành (Data Explorer),Xếp hạng tín nhiệm,Base,GSDC,Fact Public Company Issuance Score Snapshot,Xếp hạng tín nhiệm,MEASURE,fct_public_company_issuance_score_snpst.credit_rating_score_issuance,
K_GSDC_1437,Data Explorer: Chấm điểm & Xếp loại CTDC,Nhóm 35 — Phân loại CTDC theo chỉ tiêu phát hành (Data Explorer),Dư nợ trái phiếu / Tổng VCSH,Base,GSDC,Fact Public Company Issuance Score Snapshot,Dư nợ trái phiếu / Tổng VCSH,MEASURE,fct_public_company_issuance_score_snpst.bond_debt_to_equity_score,
K_GSDC_1438,Data Explorer: Chấm điểm & Xếp loại CTDC,Nhóm 35 — Phân loại CTDC theo chỉ tiêu phát hành (Data Explorer),Tổng điểm Phát hành,Phái sinh,GSDC,Fact Public Company Issuance Score Snapshot,Total Issuance Score,MEASURE,fct_public_company_issuance_score_snpst.total_issuance_score,SUM(evaluation_score)
K_GSDC_1439,Data Explorer: Chấm điểm & Xếp loại CTDC,Nhóm 36 — Phân loại CTDC theo chỉ tiêu phi tài chính (Data Explorer),Mã doanh nghiệp,Chiều,GSDC,Public Company Dimension,Equity Ticker Symbol,SLICER,public_company_dim.equity_ticker_symbol,
K_GSDC_1440,Data Explorer: Chấm điểm & Xếp loại CTDC,Nhóm 36 — Phân loại CTDC theo chỉ tiêu phi tài chính (Data Explorer),Tên doanh nghiệp,Chiều,GSDC,Public Company Dimension,Public Company Name,SLICER,public_company_dim.public_company_nm,
K_GSDC_1441,Data Explorer: Chấm điểm & Xếp loại CTDC,Nhóm 36 — Phân loại CTDC theo chỉ tiêu phi tài chính (Data Explorer),Tình trạng DN từ Cục Đăng ký kinh doanh,Base,GSDC,Fact Public Company Non-Financial Score Snapshot,Tình trạng DN từ Cục Đăng ký kinh doanh,MEASURE,fct_public_company_nonfinancial_score_snpst.business_registration_status_score,
K_GSDC_1442,Data Explorer: Chấm điểm & Xếp loại CTDC,Nhóm 36 — Phân loại CTDC theo chỉ tiêu phi tài chính (Data Explorer),M-Score,Base,GSDC,Fact Public Company Non-Financial Score Snapshot,M-Score,MEASURE,fct_public_company_nonfinancial_score_snpst.m_score,
K_GSDC_1443,Data Explorer: Chấm điểm & Xếp loại CTDC,Nhóm 36 — Phân loại CTDC theo chỉ tiêu phi tài chính (Data Explorer),Tổng điểm Phi tài chính & M-Score,Phái sinh,GSDC,Fact Public Company Non-Financial Score Snapshot,Total Non-Financial Score,MEASURE,fct_public_company_nonfinancial_score_snpst.total_nonfinancial_score,SUM(evaluation_score)
K_GSDC_1444,Hệ số tài chính cơ bản,Nhóm 37 — Hệ số tài chính cơ bản,Tổng tài sản,Base,GSDC,Fact Public Company Financial Report Value,Data Value,MEASURE,SUM(fct_public_company_financial_rpt_val.data_val),không filter/breakdown bổ sung
K_GSDC_1444,Hệ số tài chính cơ bản,Nhóm 37 — Hệ số tài chính cơ bản,Tổng tài sản,Base,GSDC,Fact Public Company Financial Report Value,Data Value,FILTER,"JOIN financial_rpt_catalog_dim ON financial_rpt_catalog_dim.financial_rpt_catalog_dim_id = fct_public_company_financial_rpt_val.financial_rpt_catalog_dim_id WHERE ((financial_rpt_catalog_dim.enterprise_tp_code IN ('dn','bh') AND financial_rpt_catalog_dim.row_description_reference = '270') OR (financial_rpt_catalog_dim.enterprise_tp_code = 'td' AND financial_rpt_catalog_dim.row_description_reference = '300')) AND financial_rpt_catalog_dim.column_description_reference = '1'",
K_GSDC_1444,Hệ số tài chính cơ bản,Nhóm 37 — Hệ số tài chính cơ bản,Tổng tài sản,Base,GSDC,Fact Public Company Financial Report Value,Data Value,FILTER,fct_public_company_financial_rpt_val.rpt_year = :year AND fct_public_company_financial_rpt_val.rpt_quarter = :quarter,
K_GSDC_1445,Hệ số tài chính cơ bản,Nhóm 37 — Hệ số tài chính cơ bản,Nợ phải trả,Base,GSDC,Fact Public Company Financial Report Value,Data Value,MEASURE,SUM(fct_public_company_financial_rpt_val.data_val),không filter/breakdown bổ sung
K_GSDC_1445,Hệ số tài chính cơ bản,Nhóm 37 — Hệ số tài chính cơ bản,Nợ phải trả,Base,GSDC,Fact Public Company Financial Report Value,Data Value,FILTER,"JOIN financial_rpt_catalog_dim ON financial_rpt_catalog_dim.financial_rpt_catalog_dim_id = fct_public_company_financial_rpt_val.financial_rpt_catalog_dim_id WHERE ((financial_rpt_catalog_dim.enterprise_tp_code IN ('dn','bh') AND financial_rpt_catalog_dim.row_description_reference = '300') OR (financial_rpt_catalog_dim.enterprise_tp_code = 'td' AND financial_rpt_catalog_dim.row_description_reference = '400')) AND financial_rpt_catalog_dim.column_description_reference = '1'",
K_GSDC_1445,Hệ số tài chính cơ bản,Nhóm 37 — Hệ số tài chính cơ bản,Nợ phải trả,Base,GSDC,Fact Public Company Financial Report Value,Data Value,FILTER,fct_public_company_financial_rpt_val.rpt_year = :year AND fct_public_company_financial_rpt_val.rpt_quarter = :quarter,
K_GSDC_1446,Hệ số tài chính cơ bản,Nhóm 37 — Hệ số tài chính cơ bản,Vốn CSH,Base,GSDC,Fact Public Company Financial Report Value,Data Value,MEASURE,SUM(fct_public_company_financial_rpt_val.data_val),không filter/breakdown bổ sung
K_GSDC_1446,Hệ số tài chính cơ bản,Nhóm 37 — Hệ số tài chính cơ bản,Vốn CSH,Base,GSDC,Fact Public Company Financial Report Value,Data Value,FILTER,"JOIN financial_rpt_catalog_dim ON financial_rpt_catalog_dim.financial_rpt_catalog_dim_id = fct_public_company_financial_rpt_val.financial_rpt_catalog_dim_id WHERE ((financial_rpt_catalog_dim.enterprise_tp_code IN ('dn','bh') AND financial_rpt_catalog_dim.row_description_reference = '400') OR (financial_rpt_catalog_dim.enterprise_tp_code = 'td' AND financial_rpt_catalog_dim.row_description_reference = '500')) AND financial_rpt_catalog_dim.column_description_reference = '1'",
K_GSDC_1446,Hệ số tài chính cơ bản,Nhóm 37 — Hệ số tài chính cơ bản,Vốn CSH,Base,GSDC,Fact Public Company Financial Report Value,Data Value,FILTER,fct_public_company_financial_rpt_val.rpt_year = :year AND fct_public_company_financial_rpt_val.rpt_quarter = :quarter,
K_GSDC_1447,Hệ số tài chính cơ bản,Nhóm 37 — Hệ số tài chính cơ bản,Vốn điều lệ,Base,GSDC,Fact Public Company Financial Report Value,Data Value,MEASURE,SUM(fct_public_company_financial_rpt_val.data_val),không filter/breakdown bổ sung
K_GSDC_1447,Hệ số tài chính cơ bản,Nhóm 37 — Hệ số tài chính cơ bản,Vốn điều lệ,Base,GSDC,Fact Public Company Financial Report Value,Data Value,FILTER,JOIN financial_rpt_catalog_dim ON financial_rpt_catalog_dim.financial_rpt_catalog_dim_id = fct_public_company_financial_rpt_val.financial_rpt_catalog_dim_id WHERE financial_rpt_catalog_dim.row_description_reference IN ('411') AND financial_rpt_catalog_dim.column_description_reference = '1',
K_GSDC_1447,Hệ số tài chính cơ bản,Nhóm 37 — Hệ số tài chính cơ bản,Vốn điều lệ,Base,GSDC,Fact Public Company Financial Report Value,Data Value,FILTER,fct_public_company_financial_rpt_val.rpt_year = :year AND fct_public_company_financial_rpt_val.rpt_quarter = :quarter,
K_GSDC_1448,Hệ số tài chính cơ bản,Nhóm 37 — Hệ số tài chính cơ bản,Lợi nhuận sau thuế,Base,GSDC,Fact Public Company Financial Report Value,Data Value,MEASURE,SUM(fct_public_company_financial_rpt_val.data_val),không filter/breakdown bổ sung
K_GSDC_1448,Hệ số tài chính cơ bản,Nhóm 37 — Hệ số tài chính cơ bản,Lợi nhuận sau thuế,Base,GSDC,Fact Public Company Financial Report Value,Data Value,FILTER,"JOIN financial_rpt_catalog_dim ON financial_rpt_catalog_dim.financial_rpt_catalog_dim_id = fct_public_company_financial_rpt_val.financial_rpt_catalog_dim_id WHERE ((financial_rpt_catalog_dim.enterprise_tp_code IN ('dn','bh') AND financial_rpt_catalog_dim.row_description_reference = '60') OR (financial_rpt_catalog_dim.enterprise_tp_code = 'td' AND financial_rpt_catalog_dim.row_description_reference = '21')) AND financial_rpt_catalog_dim.column_description_reference = '1'",
K_GSDC_1448,Hệ số tài chính cơ bản,Nhóm 37 — Hệ số tài chính cơ bản,Lợi nhuận sau thuế,Base,GSDC,Fact Public Company Financial Report Value,Data Value,FILTER,fct_public_company_financial_rpt_val.rpt_year = :year AND fct_public_company_financial_rpt_val.rpt_quarter = :quarter,
K_GSDC_1449,Hệ số tài chính cơ bản,Nhóm 37 — Hệ số tài chính cơ bản,Hàng tồn kho,Base,GSDC,Fact Public Company Financial Report Value,Data Value,MEASURE,SUM(fct_public_company_financial_rpt_val.data_val),không filter/breakdown bổ sung
K_GSDC_1449,Hệ số tài chính cơ bản,Nhóm 37 — Hệ số tài chính cơ bản,Hàng tồn kho,Base,GSDC,Fact Public Company Financial Report Value,Data Value,FILTER,JOIN financial_rpt_catalog_dim ON financial_rpt_catalog_dim.financial_rpt_catalog_dim_id = fct_public_company_financial_rpt_val.financial_rpt_catalog_dim_id WHERE financial_rpt_catalog_dim.row_description_reference IN ('140') AND financial_rpt_catalog_dim.column_description_reference = '1',
K_GSDC_1449,Hệ số tài chính cơ bản,Nhóm 37 — Hệ số tài chính cơ bản,Hàng tồn kho,Base,GSDC,Fact Public Company Financial Report Value,Data Value,FILTER,fct_public_company_financial_rpt_val.rpt_year = :year AND fct_public_company_financial_rpt_val.rpt_quarter = :quarter,
K_GSDC_1450,Hệ số tài chính cơ bản,Nhóm 37 — Hệ số tài chính cơ bản,Doanh thu thuần,Base,GSDC,Fact Public Company Financial Report Value,Data Value,MEASURE,SUM(fct_public_company_financial_rpt_val.data_val),không filter/breakdown bổ sung
K_GSDC_1450,Hệ số tài chính cơ bản,Nhóm 37 — Hệ số tài chính cơ bản,Doanh thu thuần,Base,GSDC,Fact Public Company Financial Report Value,Data Value,FILTER,"JOIN financial_rpt_catalog_dim ON financial_rpt_catalog_dim.financial_rpt_catalog_dim_id = fct_public_company_financial_rpt_val.financial_rpt_catalog_dim_id WHERE ((financial_rpt_catalog_dim.enterprise_tp_code IN ('dn','bh') AND financial_rpt_catalog_dim.row_description_reference = '10') OR (financial_rpt_catalog_dim.enterprise_tp_code = 'td' AND financial_rpt_catalog_dim.row_description_reference = '03')) AND financial_rpt_catalog_dim.column_description_reference = '1'",
K_GSDC_1450,Hệ số tài chính cơ bản,Nhóm 37 — Hệ số tài chính cơ bản,Doanh thu thuần,Base,GSDC,Fact Public Company Financial Report Value,Data Value,FILTER,fct_public_company_financial_rpt_val.rpt_year = :year AND fct_public_company_financial_rpt_val.rpt_quarter = :quarter,
K_GSDC_1451,Hệ số tài chính cơ bản,Nhóm 37 — Hệ số tài chính cơ bản,Lợi nhuận dồn tích YTD,Base,GSDC,Fact Public Company Financial Report Value,Data Value,MEASURE,SUM(fct_public_company_financial_rpt_val.data_val),không filter/breakdown bổ sung
K_GSDC_1451,Hệ số tài chính cơ bản,Nhóm 37 — Hệ số tài chính cơ bản,Lợi nhuận dồn tích YTD,Base,GSDC,Fact Public Company Financial Report Value,Data Value,FILTER,JOIN financial_rpt_catalog_dim ON financial_rpt_catalog_dim.financial_rpt_catalog_dim_id = fct_public_company_financial_rpt_val.financial_rpt_catalog_dim_id WHERE financial_rpt_catalog_dim.row_description_reference IN ('421') AND financial_rpt_catalog_dim.column_description_reference = '1',
K_GSDC_1451,Hệ số tài chính cơ bản,Nhóm 37 — Hệ số tài chính cơ bản,Lợi nhuận dồn tích YTD,Base,GSDC,Fact Public Company Financial Report Value,Data Value,FILTER,fct_public_company_financial_rpt_val.rpt_year = :year AND fct_public_company_financial_rpt_val.rpt_quarter = :quarter,
K_GSDC_1452,Hệ số tài chính cơ bản,Nhóm 37 — Hệ số tài chính cơ bản,Phải thu,Base,GSDC,Fact Public Company Financial Report Value,Data Value,MEASURE,SUM(fct_public_company_financial_rpt_val.data_val),không filter/breakdown bổ sung
K_GSDC_1452,Hệ số tài chính cơ bản,Nhóm 37 — Hệ số tài chính cơ bản,Phải thu,Base,GSDC,Fact Public Company Financial Report Value,Data Value,FILTER,"JOIN financial_rpt_catalog_dim ON financial_rpt_catalog_dim.financial_rpt_catalog_dim_id = fct_public_company_financial_rpt_val.financial_rpt_catalog_dim_id WHERE ((financial_rpt_catalog_dim.enterprise_tp_code IN ('dn','bh') AND financial_rpt_catalog_dim.row_description_reference IN ('130','210')) OR (financial_rpt_catalog_dim.enterprise_tp_code = 'td' AND financial_rpt_catalog_dim.row_description_reference = '251')) AND financial_rpt_catalog_dim.column_description_reference = '1'",
K_GSDC_1452,Hệ số tài chính cơ bản,Nhóm 37 — Hệ số tài chính cơ bản,Phải thu,Base,GSDC,Fact Public Company Financial Report Value,Data Value,FILTER,fct_public_company_financial_rpt_val.rpt_year = :year AND fct_public_company_financial_rpt_val.rpt_quarter = :quarter,
K_GSDC_1453,Hệ số tài chính cơ bản,Nhóm 37 — Hệ số tài chính cơ bản,Tiền và tương đương tiền,Base,GSDC,Fact Public Company Financial Report Value,Data Value,MEASURE,SUM(fct_public_company_financial_rpt_val.data_val),không filter/breakdown bổ sung
K_GSDC_1453,Hệ số tài chính cơ bản,Nhóm 37 — Hệ số tài chính cơ bản,Tiền và tương đương tiền,Base,GSDC,Fact Public Company Financial Report Value,Data Value,FILTER,"JOIN financial_rpt_catalog_dim ON financial_rpt_catalog_dim.financial_rpt_catalog_dim_id = fct_public_company_financial_rpt_val.financial_rpt_catalog_dim_id WHERE ((financial_rpt_catalog_dim.enterprise_tp_code IN ('dn','bh') AND financial_rpt_catalog_dim.row_description_reference = '110') OR (financial_rpt_catalog_dim.enterprise_tp_code = 'td' AND financial_rpt_catalog_dim.row_description_reference IN ('110','120'))) AND financial_rpt_catalog_dim.column_description_reference = '1'",
K_GSDC_1453,Hệ số tài chính cơ bản,Nhóm 37 — Hệ số tài chính cơ bản,Tiền và tương đương tiền,Base,GSDC,Fact Public Company Financial Report Value,Data Value,FILTER,fct_public_company_financial_rpt_val.rpt_year = :year AND fct_public_company_financial_rpt_val.rpt_quarter = :quarter,
K_GSDC_1454,Hệ số tài chính cơ bản,Nhóm 37 — Hệ số tài chính cơ bản,ROA,Phái sinh,GSDC,,,DERIVED,"SUM(fct_public_company_financial_rpt_val.data_val | LNST row 60) / NULLIF(SUM((NVL(TSBQ_col2, TSBQ_col1) + NVL(TSBQ_col1, TSBQ_col2)) / 2), 0) * 100 | TSBQ_col1/col2 = fct_public_company_financial_rpt_val.data_val row 270, col_desc=1 (cuối kỳ)/2 (đầu kỳ) — nếu 1 vế null lấy vế còn lại làm cả 2, cả 2 null thì kết quả null",
K_GSDC_1455,Hệ số tài chính cơ bản,Nhóm 37 — Hệ số tài chính cơ bản,ROE,Phái sinh,GSDC,,,DERIVED,"SUM(fct_public_company_financial_rpt_val.data_val | LNST row 60) / NULLIF(SUM((NVL(VCSHBQ_col2, VCSHBQ_col1) + NVL(VCSHBQ_col1, VCSHBQ_col2)) / 2), 0) * 100 | VCSHBQ_col1/col2 = fct_public_company_financial_rpt_val.data_val row 400, col_desc=1 (cuối kỳ)/2 (đầu kỳ) — nếu 1 vế null lấy vế còn lại làm cả 2, cả 2 null thì kết quả null",
K_GSDC_1456,Hệ số tài chính cơ bản,Nhóm 37 — Hệ số tài chính cơ bản,Nợ / Vốn CSH,Phái sinh,GSDC,,,DERIVED,"SUM(fct_public_company_financial_rpt_val.data_val | Nợ row 300(dn/bh)/400(td)) / NULLIF(SUM(fct_public_company_financial_rpt_val.data_val | VCSH row 400(dn/bh)/500(td)), 0)",
K_GSDC_700,Báo cáo giám sát CTDC,Nhóm 38 — BC01.1: Báo cáo vĩ mô theo sàn,Sàn NY/ĐKGD,Chiều,GSDC,Public Company Regulatory Compliance Report,Equity Listing Exchange Code,GROUP_BY,public_company_regulatory_compliance_rpt.equity_listing_exchange_code,
K_GSDC_701,Báo cáo giám sát CTDC,Nhóm 38 — BC01.1: Báo cáo vĩ mô theo sàn,Số lượng DN,Phái sinh,GSDC,Public Company Regulatory Compliance Report,Company Count,MEASURE,public_company_regulatory_compliance_rpt.company_count,
K_GSDC_702,Báo cáo giám sát CTDC,Nhóm 38 — BC01.1: Báo cáo vĩ mô theo sàn,Số lượng BCTC đến hạn nộp,Base,GSDC,Public Company Regulatory Compliance Report,Report Due Count,MEASURE,public_company_regulatory_compliance_rpt.rpt_due_count,
K_GSDC_703,Báo cáo giám sát CTDC,Nhóm 38 — BC01.1: Báo cáo vĩ mô theo sàn,Số báo cáo (BCTC) đã nộp,Base,GSDC,Public Company Regulatory Compliance Report,Report Submitted Count,MEASURE,public_company_regulatory_compliance_rpt.rpt_submitted_count,
K_GSDC_704,Báo cáo giám sát CTDC,Nhóm 38 — BC01.1: Báo cáo vĩ mô theo sàn,Tỷ lệ nộp BCTC (%),Phái sinh,GSDC,,,DERIVED,"public_company_regulatory_compliance_rpt.rpt_submitted_count / NULLIF(public_company_regulatory_compliance_rpt.rpt_due_count, 0) * 100",
K_GSDC_705,Báo cáo giám sát CTDC,Nhóm 38 — BC01.1: Báo cáo vĩ mô theo sàn,Số CTDC báo lãi Năm N,Base,GSDC,Public Company Regulatory Compliance Report,Profitable Company Count Year N,MEASURE,public_company_regulatory_compliance_rpt.profitable_company_count_year_n,
K_GSDC_706,Báo cáo giám sát CTDC,Nhóm 38 — BC01.1: Báo cáo vĩ mô theo sàn,Tỷ lệ DN báo lãi Năm N (%),Phái sinh,GSDC,,,DERIVED,"public_company_regulatory_compliance_rpt.profitable_company_count_year_n / NULLIF(public_company_regulatory_compliance_rpt.company_count, 0) * 100",
K_GSDC_707,Báo cáo giám sát CTDC,Nhóm 38 — BC01.1: Báo cáo vĩ mô theo sàn,Số CTDC báo lãi Năm N-1,Base,GSDC,Public Company Regulatory Compliance Report,Profitable Company Count Year N1,MEASURE,public_company_regulatory_compliance_rpt.profitable_company_count_year_n1,
K_GSDC_708,Báo cáo giám sát CTDC,Nhóm 38 — BC01.1: Báo cáo vĩ mô theo sàn,Tỷ lệ DN báo lãi Năm N-1 (%),Phái sinh,GSDC,,,DERIVED,"public_company_regulatory_compliance_rpt.profitable_company_count_year_n1 / NULLIF(public_company_regulatory_compliance_rpt.company_count, 0) * 100",
K_GSDC_709,Báo cáo giám sát CTDC,Nhóm 39 — BC01.2: Báo cáo vĩ mô theo ngành,Ngành kinh tế,Chiều,GSDC,Public Company Industry Financial Report,Business Line Level 1 Code,GROUP_BY,public_company_industry_financial_rpt.business_line_level_1_code,
K_GSDC_710,Báo cáo giám sát CTDC,Nhóm 39 — BC01.2: Báo cáo vĩ mô theo ngành,DTT Năm N,Base,GSDC,Public Company Industry Financial Report,Net Revenue Amount Year N,MEASURE,public_company_industry_financial_rpt.net_revenue_amt_year_n,
K_GSDC_711,Báo cáo giám sát CTDC,Nhóm 39 — BC01.2: Báo cáo vĩ mô theo ngành,LNST Năm N,Base,GSDC,Public Company Industry Financial Report,Net Profit Amount Year N,MEASURE,public_company_industry_financial_rpt.net_profit_amt_year_n,
K_GSDC_712,Báo cáo giám sát CTDC,Nhóm 39 — BC01.2: Báo cáo vĩ mô theo ngành,ROA Năm N,Phái sinh,GSDC,Public Company Industry Financial Report,Roa Percentage Year N,MEASURE,public_company_industry_financial_rpt.roa_percentage_year_n,
K_GSDC_713,Báo cáo giám sát CTDC,Nhóm 39 — BC01.2: Báo cáo vĩ mô theo ngành,ROE Năm N,Phái sinh,GSDC,Public Company Industry Financial Report,Roe Percentage Year N,MEASURE,public_company_industry_financial_rpt.roe_percentage_year_n,
K_GSDC_714,Báo cáo giám sát CTDC,Nhóm 39 — BC01.2: Báo cáo vĩ mô theo ngành,DTT Năm N-1,Base,GSDC,Public Company Industry Financial Report,Net Revenue Amount Year N1,MEASURE,public_company_industry_financial_rpt.net_revenue_amt_year_n1,
K_GSDC_715,Báo cáo giám sát CTDC,Nhóm 39 — BC01.2: Báo cáo vĩ mô theo ngành,LNST Năm N-1,Base,GSDC,Public Company Industry Financial Report,Net Profit Amount Year N1,MEASURE,public_company_industry_financial_rpt.net_profit_amt_year_n1,
K_GSDC_716,Báo cáo giám sát CTDC,Nhóm 39 — BC01.2: Báo cáo vĩ mô theo ngành,ROA Năm N-1,Phái sinh,GSDC,Public Company Industry Financial Report,Roa Percentage Year N1,MEASURE,public_company_industry_financial_rpt.roa_percentage_year_n1,
K_GSDC_717,Báo cáo giám sát CTDC,Nhóm 39 — BC01.2: Báo cáo vĩ mô theo ngành,ROE Năm N-1,Phái sinh,GSDC,Public Company Industry Financial Report,Roe Percentage Year N1,MEASURE,public_company_industry_financial_rpt.roe_percentage_year_n1,
K_GSDC_718,Báo cáo giám sát CTDC,Nhóm 40 — BC01.3: Báo cáo vĩ mô đa kỳ (N/N-1/N-2),Kỳ báo cáo,Chiều,GSDC,,,SLICER,:year_n,"Tham số UI thuần, không map bảng"
K_GSDC_719,Báo cáo giám sát CTDC,Nhóm 40 — BC01.3: Báo cáo vĩ mô đa kỳ (N/N-1/N-2),Tổng tài sản Năm N,Base,GSDC,Public Company Multi-Period Financial Report,Total Asset Amount Year N,MEASURE,public_company_multi_period_financial_rpt.total_asset_amt_year_n,
K_GSDC_726,Báo cáo giám sát CTDC,Nhóm 40 — BC01.3: Báo cáo vĩ mô đa kỳ (N/N-1/N-2),Tổng tài sản Năm N-1,Base,GSDC,Public Company Multi-Period Financial Report,Total Asset Amount Year N1,MEASURE,public_company_multi_period_financial_rpt.total_asset_amt_year_n1,
K_GSDC_733,Báo cáo giám sát CTDC,Nhóm 40 — BC01.3: Báo cáo vĩ mô đa kỳ (N/N-1/N-2),Tổng tài sản Năm N-2,Base,GSDC,Public Company Multi-Period Financial Report,Total Asset Amount Year N2,MEASURE,public_company_multi_period_financial_rpt.total_asset_amt_year_n2,
K_GSDC_720,Báo cáo giám sát CTDC,Nhóm 40 — BC01.3: Báo cáo vĩ mô đa kỳ (N/N-1/N-2),Nợ phải trả Năm N,Base,GSDC,Public Company Multi-Period Financial Report,Total Liability Amount Year N,MEASURE,public_company_multi_period_financial_rpt.total_liability_amt_year_n,
K_GSDC_727,Báo cáo giám sát CTDC,Nhóm 40 — BC01.3: Báo cáo vĩ mô đa kỳ (N/N-1/N-2),Nợ phải trả Năm N-1,Base,GSDC,Public Company Multi-Period Financial Report,Total Liability Amount Year N1,MEASURE,public_company_multi_period_financial_rpt.total_liability_amt_year_n1,
K_GSDC_734,Báo cáo giám sát CTDC,Nhóm 40 — BC01.3: Báo cáo vĩ mô đa kỳ (N/N-1/N-2),Nợ phải trả Năm N-2,Base,GSDC,Public Company Multi-Period Financial Report,Total Liability Amount Year N2,MEASURE,public_company_multi_period_financial_rpt.total_liability_amt_year_n2,
K_GSDC_721,Báo cáo giám sát CTDC,Nhóm 40 — BC01.3: Báo cáo vĩ mô đa kỳ (N/N-1/N-2),Vốn chủ sở hữu Năm N,Base,GSDC,Public Company Multi-Period Financial Report,Equity Amount Year N,MEASURE,public_company_multi_period_financial_rpt.equity_amt_year_n,
K_GSDC_728,Báo cáo giám sát CTDC,Nhóm 40 — BC01.3: Báo cáo vĩ mô đa kỳ (N/N-1/N-2),Vốn chủ sở hữu Năm N-1,Base,GSDC,Public Company Multi-Period Financial Report,Equity Amount Year N1,MEASURE,public_company_multi_period_financial_rpt.equity_amt_year_n1,
K_GSDC_735,Báo cáo giám sát CTDC,Nhóm 40 — BC01.3: Báo cáo vĩ mô đa kỳ (N/N-1/N-2),Vốn chủ sở hữu Năm N-2,Base,GSDC,Public Company Multi-Period Financial Report,Equity Amount Year N2,MEASURE,public_company_multi_period_financial_rpt.equity_amt_year_n2,
K_GSDC_722,Báo cáo giám sát CTDC,Nhóm 40 — BC01.3: Báo cáo vĩ mô đa kỳ (N/N-1/N-2),Vốn điều lệ Năm N,Base,GSDC,Public Company Multi-Period Financial Report,Charter Capital Amount Year N,MEASURE,public_company_multi_period_financial_rpt.charter_capital_amt_year_n,
K_GSDC_729,Báo cáo giám sát CTDC,Nhóm 40 — BC01.3: Báo cáo vĩ mô đa kỳ (N/N-1/N-2),Vốn điều lệ Năm N-1,Base,GSDC,Public Company Multi-Period Financial Report,Charter Capital Amount Year N1,MEASURE,public_company_multi_period_financial_rpt.charter_capital_amt_year_n1,
K_GSDC_736,Báo cáo giám sát CTDC,Nhóm 40 — BC01.3: Báo cáo vĩ mô đa kỳ (N/N-1/N-2),Vốn điều lệ Năm N-2,Base,GSDC,Public Company Multi-Period Financial Report,Charter Capital Amount Year N2,MEASURE,public_company_multi_period_financial_rpt.charter_capital_amt_year_n2,
K_GSDC_723,Báo cáo giám sát CTDC,Nhóm 40 — BC01.3: Báo cáo vĩ mô đa kỳ (N/N-1/N-2),LNST Năm N,Base,GSDC,Public Company Multi-Period Financial Report,Net Profit Amount Year N,MEASURE,public_company_multi_period_financial_rpt.net_profit_amt_year_n,
K_GSDC_730,Báo cáo giám sát CTDC,Nhóm 40 — BC01.3: Báo cáo vĩ mô đa kỳ (N/N-1/N-2),LNST Năm N-1,Base,GSDC,Public Company Multi-Period Financial Report,Net Profit Amount Year N1,MEASURE,public_company_multi_period_financial_rpt.net_profit_amt_year_n1,
K_GSDC_737,Báo cáo giám sát CTDC,Nhóm 40 — BC01.3: Báo cáo vĩ mô đa kỳ (N/N-1/N-2),LNST Năm N-2,Base,GSDC,Public Company Multi-Period Financial Report,Net Profit Amount Year N2,MEASURE,public_company_multi_period_financial_rpt.net_profit_amt_year_n2,
K_GSDC_724,Báo cáo giám sát CTDC,Nhóm 40 — BC01.3: Báo cáo vĩ mô đa kỳ (N/N-1/N-2),ROA Năm N,Phái sinh,GSDC,Public Company Multi-Period Financial Report,Roa Percentage Year N,MEASURE,public_company_multi_period_financial_rpt.roa_percentage_year_n,
K_GSDC_731,Báo cáo giám sát CTDC,Nhóm 40 — BC01.3: Báo cáo vĩ mô đa kỳ (N/N-1/N-2),ROA Năm N-1,Phái sinh,GSDC,Public Company Multi-Period Financial Report,Roa Percentage Year N1,MEASURE,public_company_multi_period_financial_rpt.roa_percentage_year_n1,
K_GSDC_738,Báo cáo giám sát CTDC,Nhóm 40 — BC01.3: Báo cáo vĩ mô đa kỳ (N/N-1/N-2),ROA Năm N-2,Phái sinh,GSDC,Public Company Multi-Period Financial Report,Roa Percentage Year N2,MEASURE,public_company_multi_period_financial_rpt.roa_percentage_year_n2,
K_GSDC_725,Báo cáo giám sát CTDC,Nhóm 40 — BC01.3: Báo cáo vĩ mô đa kỳ (N/N-1/N-2),ROE Năm N,Phái sinh,GSDC,Public Company Multi-Period Financial Report,Roe Percentage Year N,MEASURE,public_company_multi_period_financial_rpt.roe_percentage_year_n,
K_GSDC_732,Báo cáo giám sát CTDC,Nhóm 40 — BC01.3: Báo cáo vĩ mô đa kỳ (N/N-1/N-2),ROE Năm N-1,Phái sinh,GSDC,Public Company Multi-Period Financial Report,Roe Percentage Year N1,MEASURE,public_company_multi_period_financial_rpt.roe_percentage_year_n1,
K_GSDC_739,Báo cáo giám sát CTDC,Nhóm 40 — BC01.3: Báo cáo vĩ mô đa kỳ (N/N-1/N-2),ROE Năm N-2,Phái sinh,GSDC,Public Company Multi-Period Financial Report,Roe Percentage Year N2,MEASURE,public_company_multi_period_financial_rpt.roe_percentage_year_n2,
K_GSDC_740,Báo cáo giám sát CTDC,Nhóm 41 — BC22: Tổng hợp tình hình tài chính CTDC theo sàn,Theo sàn,Chiều,GSDC,Public Company Exchange Financial Summary Report,Equity Listing Exchange Code,GROUP_BY,public_company_exchange_financial_summary_rpt.equity_listing_exchange_code,
K_GSDC_741,Báo cáo giám sát CTDC,Nhóm 41 — BC22: Tổng hợp tình hình tài chính CTDC theo sàn,Tổng tài sản theo sàn,Phái sinh,GSDC,Public Company Exchange Financial Summary Report,Total Asset Amount,MEASURE,public_company_exchange_financial_summary_rpt.total_asset_amt,
K_GSDC_741_YOY,Báo cáo giám sát CTDC,Nhóm 41 — BC22: Tổng hợp tình hình tài chính CTDC theo sàn,Tổng tài sản theo sàn — YoY,Phái sinh,GSDC,Public Company Exchange Financial Summary Report,Total Asset Yoy Percentage,MEASURE,public_company_exchange_financial_summary_rpt.total_asset_yoy_percentage,
K_GSDC_742,Báo cáo giám sát CTDC,Nhóm 41 — BC22: Tổng hợp tình hình tài chính CTDC theo sàn,Hàng tồn kho theo sàn,Phái sinh,GSDC,Public Company Exchange Financial Summary Report,Inventory Amount,MEASURE,public_company_exchange_financial_summary_rpt.inventory_amt,
K_GSDC_742_YOY,Báo cáo giám sát CTDC,Nhóm 41 — BC22: Tổng hợp tình hình tài chính CTDC theo sàn,Hàng tồn kho theo sàn — YoY,Phái sinh,GSDC,Public Company Exchange Financial Summary Report,Inventory Yoy Percentage,MEASURE,public_company_exchange_financial_summary_rpt.inventory_yoy_percentage,
K_GSDC_743,Báo cáo giám sát CTDC,Nhóm 41 — BC22: Tổng hợp tình hình tài chính CTDC theo sàn,Nợ phải trả theo sàn,Phái sinh,GSDC,Public Company Exchange Financial Summary Report,Total Liability Amount,MEASURE,public_company_exchange_financial_summary_rpt.total_liability_amt,
K_GSDC_743_YOY,Báo cáo giám sát CTDC,Nhóm 41 — BC22: Tổng hợp tình hình tài chính CTDC theo sàn,Nợ phải trả theo sàn — YoY,Phái sinh,GSDC,Public Company Exchange Financial Summary Report,Total Liability Yoy Percentage,MEASURE,public_company_exchange_financial_summary_rpt.total_liability_yoy_percentage,
K_GSDC_744,Báo cáo giám sát CTDC,Nhóm 41 — BC22: Tổng hợp tình hình tài chính CTDC theo sàn,Vốn chủ sở hữu theo sàn,Phái sinh,GSDC,Public Company Exchange Financial Summary Report,Equity Amount,MEASURE,public_company_exchange_financial_summary_rpt.equity_amt,
K_GSDC_744_YOY,Báo cáo giám sát CTDC,Nhóm 41 — BC22: Tổng hợp tình hình tài chính CTDC theo sàn,Vốn chủ sở hữu theo sàn — YoY,Phái sinh,GSDC,Public Company Exchange Financial Summary Report,Equity Yoy Percentage,MEASURE,public_company_exchange_financial_summary_rpt.equity_yoy_percentage,
K_GSDC_745,Báo cáo giám sát CTDC,Nhóm 41 — BC22: Tổng hợp tình hình tài chính CTDC theo sàn,Vốn góp của chủ sở hữu theo sàn,Phái sinh,GSDC,Public Company Exchange Financial Summary Report,Contributed Capital Amount,MEASURE,public_company_exchange_financial_summary_rpt.contributed_capital_amt,
K_GSDC_745_YOY,Báo cáo giám sát CTDC,Nhóm 41 — BC22: Tổng hợp tình hình tài chính CTDC theo sàn,Vốn góp của chủ sở hữu theo sàn — YoY,Phái sinh,GSDC,Public Company Exchange Financial Summary Report,Contributed Capital Yoy Percentage,MEASURE,public_company_exchange_financial_summary_rpt.contributed_capital_yoy_percentage,
K_GSDC_746,Báo cáo giám sát CTDC,Nhóm 41 — BC22: Tổng hợp tình hình tài chính CTDC theo sàn,LNST chưa phân phối theo sàn,Phái sinh,GSDC,Public Company Exchange Financial Summary Report,Undistributed Profit Amount,MEASURE,public_company_exchange_financial_summary_rpt.undistributed_profit_amt,
K_GSDC_746_YOY,Báo cáo giám sát CTDC,Nhóm 41 — BC22: Tổng hợp tình hình tài chính CTDC theo sàn,LNST chưa phân phối theo sàn — YoY,Phái sinh,GSDC,Public Company Exchange Financial Summary Report,Undistributed Profit Yoy Percentage,MEASURE,public_company_exchange_financial_summary_rpt.undistributed_profit_yoy_percentage,
K_GSDC_747,Báo cáo giám sát CTDC,Nhóm 41 — BC22: Tổng hợp tình hình tài chính CTDC theo sàn,Doanh thu thuần theo sàn,Phái sinh,GSDC,Public Company Exchange Financial Summary Report,Net Revenue Amount,MEASURE,public_company_exchange_financial_summary_rpt.net_revenue_amt,
K_GSDC_747_YOY,Báo cáo giám sát CTDC,Nhóm 41 — BC22: Tổng hợp tình hình tài chính CTDC theo sàn,Doanh thu thuần theo sàn — YoY,Phái sinh,GSDC,Public Company Exchange Financial Summary Report,Net Revenue Yoy Percentage,MEASURE,public_company_exchange_financial_summary_rpt.net_revenue_yoy_percentage,
K_GSDC_748,Báo cáo giám sát CTDC,Nhóm 41 — BC22: Tổng hợp tình hình tài chính CTDC theo sàn,LNKT trước thuế theo sàn,Phái sinh,GSDC,Public Company Exchange Financial Summary Report,Pre Tax Profit Amount,MEASURE,public_company_exchange_financial_summary_rpt.pre_tax_profit_amt,
K_GSDC_748_YOY,Báo cáo giám sát CTDC,Nhóm 41 — BC22: Tổng hợp tình hình tài chính CTDC theo sàn,LNKT trước thuế theo sàn — YoY,Phái sinh,GSDC,Public Company Exchange Financial Summary Report,Pre Tax Profit Yoy Percentage,MEASURE,public_company_exchange_financial_summary_rpt.pre_tax_profit_yoy_percentage,
K_GSDC_749,Báo cáo giám sát CTDC,Nhóm 41 — BC22: Tổng hợp tình hình tài chính CTDC theo sàn,LNST theo sàn,Phái sinh,GSDC,Public Company Exchange Financial Summary Report,Net Profit Amount,MEASURE,public_company_exchange_financial_summary_rpt.net_profit_amt,
K_GSDC_749_YOY,Báo cáo giám sát CTDC,Nhóm 41 — BC22: Tổng hợp tình hình tài chính CTDC theo sàn,LNST theo sàn — YoY,Phái sinh,GSDC,Public Company Exchange Financial Summary Report,Net Profit Yoy Percentage,MEASURE,public_company_exchange_financial_summary_rpt.net_profit_yoy_percentage,
K_GSDC_750,Báo cáo giám sát CTDC,Nhóm 41 — BC22: Tổng hợp tình hình tài chính CTDC theo sàn,ROA theo sàn,Phái sinh,GSDC,Public Company Exchange Financial Summary Report,Roa Percentage,MEASURE,public_company_exchange_financial_summary_rpt.roa_percentage,
K_GSDC_750_YOY,Báo cáo giám sát CTDC,Nhóm 41 — BC22: Tổng hợp tình hình tài chính CTDC theo sàn,ROA — YoY theo sàn,Phái sinh,GSDC,Public Company Exchange Financial Summary Report,Roa Yoy Difference,MEASURE,public_company_exchange_financial_summary_rpt.roa_yoy_difference,"Hiệu số (percentage point), không phải % tăng/giảm tương đối"
K_GSDC_751,Báo cáo giám sát CTDC,Nhóm 41 — BC22: Tổng hợp tình hình tài chính CTDC theo sàn,ROE theo sàn,Phái sinh,GSDC,Public Company Exchange Financial Summary Report,Roe Percentage,MEASURE,public_company_exchange_financial_summary_rpt.roe_percentage,
K_GSDC_751_YOY,Báo cáo giám sát CTDC,Nhóm 41 — BC22: Tổng hợp tình hình tài chính CTDC theo sàn,ROE — YoY theo sàn,Phái sinh,GSDC,Public Company Exchange Financial Summary Report,Roe Yoy Difference,MEASURE,public_company_exchange_financial_summary_rpt.roe_yoy_difference,"Hiệu số (percentage point), không phải % tăng/giảm tương đối"
