kpi_id,tab,nhom,kpi_name,tinh_chat,source_module,mart_table,mart_column,column_role,logic,ghi_chu
K_NDTNN_1,GIAO DỊCH,Nhóm 1 — KPI Cards tổng quan,Tổng giá trị mua của NĐTNN,Base,NDTNN,Fact Securities Foreign Trading Snapshot,Foreign Buy Value,MEASURE,SUM(fct_securities_foreign_trading_snpst.foreign_buy_val),
K_NDTNN_1,GIAO DỊCH,Nhóm 1 — KPI Cards tổng quan,Tổng giá trị mua của NĐTNN,Base,NDTNN,Fact Securities Foreign Trading Snapshot,Snapshot Date Dimension Id,FILTER,JOIN cdr_dt_dim ON cdr_dt_dim.cdr_dt_dim_id = fct_securities_foreign_trading_snpst.snpst_dt_dim_id WHERE cdr_dt_dim.cdr_dt = :pdate,
K_NDTNN_2,GIAO DỊCH,Nhóm 1 — KPI Cards tổng quan,Tổng giá trị bán của NĐTNN,Base,NDTNN,Fact Securities Foreign Trading Snapshot,Foreign Sell Value,MEASURE,SUM(fct_securities_foreign_trading_snpst.foreign_sell_val),
K_NDTNN_2,GIAO DỊCH,Nhóm 1 — KPI Cards tổng quan,Tổng giá trị bán của NĐTNN,Base,NDTNN,Fact Securities Foreign Trading Snapshot,Snapshot Date Dimension Id,FILTER,JOIN cdr_dt_dim ON cdr_dt_dim.cdr_dt_dim_id = fct_securities_foreign_trading_snpst.snpst_dt_dim_id WHERE cdr_dt_dim.cdr_dt = :pdate,
K_NDTNN_3,GIAO DỊCH,Nhóm 1 — KPI Cards tổng quan,Tổng giá trị giao dịch toàn thị trường,Base,NDTNN,Fact Securities Foreign Trading Snapshot,Total Market Value,MEASURE,SUM(fct_securities_foreign_trading_snpst.total_market_val),
K_NDTNN_3,GIAO DỊCH,Nhóm 1 — KPI Cards tổng quan,Tổng giá trị giao dịch toàn thị trường,Base,NDTNN,Fact Securities Foreign Trading Snapshot,Snapshot Date Dimension Id,FILTER,JOIN cdr_dt_dim ON cdr_dt_dim.cdr_dt_dim_id = fct_securities_foreign_trading_snpst.snpst_dt_dim_id WHERE cdr_dt_dim.cdr_dt = :pdate,
K_NDTNN_4,GIAO DỊCH,Nhóm 1 — KPI Cards tổng quan,Tỷ lệ tham gia,Phái sinh,NDTNN,,,DERIVED,(SUM(fct_securities_foreign_trading_snpst.foreign_buy_val) + SUM(fct_securities_foreign_trading_snpst.foreign_sell_val)) * 100 / (SUM(fct_securities_foreign_trading_snpst.total_market_val) * 2),GROUP BY Snapshot Date Dimension Id WHERE cdr_dt = :pdate — SUM xuyên suốt mọi mã CK trong ngày
K_NDTNN_5,GIAO DỊCH,Nhóm 1 — KPI Cards tổng quan,Tăng trưởng NĐT mới,Phái sinh,NDTNN,Fact Foreign Investor Report Value,Value Raw,MEASURE,"JOIN foreign_investor_report_structure_dim ON foreign_investor_report_structure_dim.foreign_investor_report_structure_dim_id = fct_foreign_investor_report_value.foreign_investor_report_structure_dim_id JOIN cdr_dt_dim ON cdr_dt_dim.cdr_dt_dim_id = fct_foreign_investor_report_value.submission_dt_dim_id → SUM(TRY_CAST(REGEXP_REPLACE(fct_foreign_investor_report_value.val_raw, '^''', '') AS DECIMAL(38,10))) WHERE foreign_investor_report_structure_dim.rpt_code = 'H0I8J' AND foreign_investor_report_structure_dim.sheet_nm = 'I' AND foreign_investor_report_structure_dim.column_path = 'Tổng số lượng tới thời điểm báo cáo' AND foreign_investor_report_structure_dim.row_path = 'Tổng' AND cdr_dt_dim.cdr_dt = :ngaynop","[THIẾT KẾ 2026-10-02 — BA đã map báo cáo động, Atomic FIMS fir_* đã thiết kế] BA dòng 8: báo cáo PLVI-TT51 (VSDC, kỳ tháng) mục I, dòng ""Tổng"", cột ""Tổng số lượng tới thời điểm báo cáo"" (lũy kế mã số GD cấp mới, YTD). Đọc 1 ô từ Fact Foreign Investor Report Value. SQL BA có lỗi cú pháp (dấu ; thừa, thiếu đóng nháy row_path) — thiết kế theo Điều kiện. O_NDTNN_38 [SỬA 2026-10-06] Bỏ cột `val_nbr` khỏi Fact (Data Modeler yêu cầu): số ép trực tiếp từ `val_raw` tại đây (TRY_CAST, NULL nếu không ép được)."
K_NDTNN_6,GIAO DỊCH,Nhóm 1 — KPI Cards tổng quan,Tăng trưởng NĐT Cá nhân mới,Phái sinh,NDTNN,Fact Foreign Investor Report Value,Value Raw,MEASURE,"JOIN foreign_investor_report_structure_dim ON foreign_investor_report_structure_dim.foreign_investor_report_structure_dim_id = fct_foreign_investor_report_value.foreign_investor_report_structure_dim_id JOIN cdr_dt_dim ON cdr_dt_dim.cdr_dt_dim_id = fct_foreign_investor_report_value.submission_dt_dim_id → SUM(TRY_CAST(REGEXP_REPLACE(fct_foreign_investor_report_value.val_raw, '^''', '') AS DECIMAL(38,10))) WHERE foreign_investor_report_structure_dim.rpt_code = 'H0I8J' AND foreign_investor_report_structure_dim.sheet_nm = 'I' AND foreign_investor_report_structure_dim.column_path = 'Tổng số lượng tới thời điểm báo cáo' AND foreign_investor_report_structure_dim.row_path = 'Cá nhân' AND cdr_dt_dim.cdr_dt = :ngaynop","[THIẾT KẾ 2026-10-02 — BA đã map báo cáo động, Atomic FIMS fir_* đã thiết kế] BA dòng 9: báo cáo PLVI-TT51 (VSDC, kỳ tháng) mục I, dòng ""Cá nhân"", cột ""Tổng số lượng tới thời điểm báo cáo"" (lũy kế mã số GD cấp mới, YTD). Đọc 1 ô từ Fact Foreign Investor Report Value. SQL BA có lỗi cú pháp (dấu ; thừa, thiếu đóng nháy row_path) — thiết kế theo Điều kiện. O_NDTNN_38 [SỬA 2026-10-06] Bỏ cột `val_nbr` khỏi Fact (Data Modeler yêu cầu): số ép trực tiếp từ `val_raw` tại đây (TRY_CAST, NULL nếu không ép được)."
K_NDTNN_7,GIAO DỊCH,Nhóm 1 — KPI Cards tổng quan,Tăng trưởng NĐT Tổ chức mới,Phái sinh,NDTNN,Fact Foreign Investor Report Value,Value Raw,MEASURE,"JOIN foreign_investor_report_structure_dim ON foreign_investor_report_structure_dim.foreign_investor_report_structure_dim_id = fct_foreign_investor_report_value.foreign_investor_report_structure_dim_id JOIN cdr_dt_dim ON cdr_dt_dim.cdr_dt_dim_id = fct_foreign_investor_report_value.submission_dt_dim_id → SUM(TRY_CAST(REGEXP_REPLACE(fct_foreign_investor_report_value.val_raw, '^''', '') AS DECIMAL(38,10))) WHERE foreign_investor_report_structure_dim.rpt_code = 'H0I8J' AND foreign_investor_report_structure_dim.sheet_nm = 'I' AND foreign_investor_report_structure_dim.column_path = 'Tổng số lượng tới thời điểm báo cáo' AND foreign_investor_report_structure_dim.row_path = 'Tổ chức' AND cdr_dt_dim.cdr_dt = :ngaynop","[THIẾT KẾ 2026-10-02 — BA đã map báo cáo động, Atomic FIMS fir_* đã thiết kế] BA dòng 10: báo cáo PLVI-TT51 (VSDC, kỳ tháng) mục I, dòng ""Tổ chức"", cột ""Tổng số lượng tới thời điểm báo cáo"" (lũy kế mã số GD cấp mới, YTD). Đọc 1 ô từ Fact Foreign Investor Report Value. SQL BA có lỗi cú pháp (dấu ; thừa, thiếu đóng nháy row_path) — thiết kế theo Điều kiện. O_NDTNN_38 [SỬA 2026-10-06] Bỏ cột `val_nbr` khỏi Fact (Data Modeler yêu cầu): số ép trực tiếp từ `val_raw` tại đây (TRY_CAST, NULL nếu không ép được)."
K_NDTNN_8,GIAO DỊCH,Nhóm 2 — Tổng giá trị mua/bán ròng của NĐTNN,Ngành,Base,NDTNN,Public Company Dimension,Classification Business Line Name,GROUP_BY,"COALESCE(public_company_dim.classification_business_line_nm, 'Chưa phân ngành')","[SỬA 2026-09-24, đối chiếu câu lệnh BA STT 2] COALESCE 'Chưa phân ngành' cho mã không có ngành (BA coalesce(c.industry_name, 'Chưa phân ngành'))"
K_NDTNN_9,GIAO DỊCH,Nhóm 2 — Tổng giá trị mua/bán ròng của NĐTNN,Mã CK,Base,NDTNN,Securities Dimension,Symbol,GROUP_BY,securities_dim.symbol,
K_NDTNN_10,GIAO DỊCH,Nhóm 2 — Tổng giá trị mua/bán ròng của NĐTNN,Giá trị mua/bán ròng,Phái sinh,NDTNN,Fact Securities Foreign Trading Snapshot,,MEASURE,SUM(fct_securities_foreign_trading_snpst.foreign_buy_val - fct_securities_foreign_trading_snpst.foreign_sell_val),
K_NDTNN_10,GIAO DỊCH,Nhóm 2 — Tổng giá trị mua/bán ròng của NĐTNN,Giá trị mua/bán ròng,Phái sinh,NDTNN,Fact Securities Foreign Trading Snapshot,Snapshot Date Dimension Id,GROUP_BY,JOIN cdr_dt_dim ON cdr_dt_dim.cdr_dt_dim_id = fct_securities_foreign_trading_snpst.snpst_dt_dim_id → cdr_dt_dim.month,Bar chart trục X = Tháng
K_NDTNN_11,GIAO DỊCH,Nhóm 2 — Tổng giá trị mua/bán ròng của NĐTNN,Lũy kế mua/bán ròng,Phái sinh,NDTNN,Fact Securities Foreign Trading Snapshot,,MEASURE,SUM(fct_securities_foreign_trading_snpst.foreign_buy_val) - SUM(fct_securities_foreign_trading_snpst.foreign_sell_val),
K_NDTNN_11,GIAO DỊCH,Nhóm 2 — Tổng giá trị mua/bán ròng của NĐTNN,Lũy kế mua/bán ròng,Phái sinh,NDTNN,Fact Securities Foreign Trading Snapshot,Snapshot Date Dimension Id,FILTER,JOIN cdr_dt_dim ON cdr_dt_dim.cdr_dt_dim_id = fct_securities_foreign_trading_snpst.snpst_dt_dim_id WHERE cdr_dt_dim.cdr_dt BETWEEN :pdate AND :pdate1,
K_NDTNN_12,GIAO DỊCH,Nhóm 2 — Tổng giá trị mua/bán ròng của NĐTNN,Top 5 ngành bán ròng,Phái sinh,NDTNN,,,DERIVED,SUM(fct_securities_foreign_trading_snpst.foreign_sell_val) - SUM(fct_securities_foreign_trading_snpst.foreign_buy_val),[SỬA 2026-09-18] Đổi từ Tổng Bán thành BÁN RÒNG. Dashboard BI cần filter chênh lệch > 0
K_NDTNN_12,GIAO DỊCH,Nhóm 2 — Tổng giá trị mua/bán ròng của NĐTNN,Top 5 ngành bán ròng,Phái sinh,NDTNN,,,FILTER,JOIN cdr_dt_dim ON cdr_dt_dim.cdr_dt_dim_id = fct_securities_foreign_trading_snpst.snpst_dt_dim_id WHERE cdr_dt_dim.cdr_dt BETWEEN :pdate AND :pdate1,"[SỬA 2026-09-24, đối chiếu câu lệnh BA STT 2] Lọc khoảng ngày BETWEEN (BA trade_date BETWEEN :pdat1 AND :pdat2) — trước đây sai lọc 1 ngày :pdate"
K_NDTNN_12,GIAO DỊCH,Nhóm 2 — Tổng giá trị mua/bán ròng của NĐTNN,Top 5 ngành bán ròng,Phái sinh,NDTNN,,,GROUP_BY,"LEFT JOIN public_company_dim ON public_company_dim.public_company_dim_id = fct_securities_foreign_trading_snpst.public_company_dim_id GROUP BY COALESCE(public_company_dim.classification_business_line_nm, 'Chưa phân ngành') HAVING SUM(fct_securities_foreign_trading_snpst.foreign_sell_val) - SUM(fct_securities_foreign_trading_snpst.foreign_buy_val) > 0 ORDER BY SUM(fct_securities_foreign_trading_snpst.foreign_sell_val) - SUM(fct_securities_foreign_trading_snpst.foreign_buy_val) DESC FETCH FIRST 5 ROWS ONLY","[SỬA 2026-09-24, đối chiếu câu lệnh BA STT 2] HAVING bán ròng > 0 + top 5 đưa vào logic (BA HAVING mua_ban_rong < 0 ORDER BY ASC LIMIT 5); LEFT JOIN + COALESCE ngành"
K_NDTNN_13,GIAO DỊCH,Nhóm 2 — Tổng giá trị mua/bán ròng của NĐTNN,Top 5 ngành mua ròng,Phái sinh,NDTNN,,,DERIVED,SUM(fct_securities_foreign_trading_snpst.foreign_buy_val) - SUM(fct_securities_foreign_trading_snpst.foreign_sell_val),[SỬA 2026-09-18] Đổi từ Tổng Mua thành MUA RÒNG. Dashboard BI cần filter chênh lệch > 0
K_NDTNN_13,GIAO DỊCH,Nhóm 2 — Tổng giá trị mua/bán ròng của NĐTNN,Top 5 ngành mua ròng,Phái sinh,NDTNN,,,FILTER,JOIN cdr_dt_dim ON cdr_dt_dim.cdr_dt_dim_id = fct_securities_foreign_trading_snpst.snpst_dt_dim_id WHERE cdr_dt_dim.cdr_dt BETWEEN :pdate AND :pdate1,"[SỬA 2026-09-24, đối chiếu câu lệnh BA STT 2] Lọc khoảng ngày BETWEEN (BA trade_date BETWEEN :pdat1 AND :pdat2) — trước đây sai lọc 1 ngày :pdate"
K_NDTNN_13,GIAO DỊCH,Nhóm 2 — Tổng giá trị mua/bán ròng của NĐTNN,Top 5 ngành mua ròng,Phái sinh,NDTNN,,,GROUP_BY,"LEFT JOIN public_company_dim ON public_company_dim.public_company_dim_id = fct_securities_foreign_trading_snpst.public_company_dim_id GROUP BY COALESCE(public_company_dim.classification_business_line_nm, 'Chưa phân ngành') HAVING SUM(fct_securities_foreign_trading_snpst.foreign_buy_val) - SUM(fct_securities_foreign_trading_snpst.foreign_sell_val) > 0 ORDER BY SUM(fct_securities_foreign_trading_snpst.foreign_buy_val) - SUM(fct_securities_foreign_trading_snpst.foreign_sell_val) DESC FETCH FIRST 5 ROWS ONLY","[SỬA 2026-09-24, đối chiếu câu lệnh BA STT 2] HAVING mua ròng > 0 + top 5 đưa vào logic (BA HAVING mua_ban_rong > 0 ORDER BY DESC LIMIT 5); LEFT JOIN + COALESCE ngành"
K_NDTNN_14,GIAO DỊCH,Nhóm 2 — Tổng giá trị mua/bán ròng của NĐTNN,Top 5 mã bán ròng,Phái sinh,NDTNN,,,DERIVED,SUM(fct_securities_foreign_trading_snpst.foreign_sell_val) - SUM(fct_securities_foreign_trading_snpst.foreign_buy_val),[SỬA 2026-09-18] Cập nhật ghi chú: Dashboard BI cần filter chênh lệch > 0 để lọt vào Top
K_NDTNN_14,GIAO DỊCH,Nhóm 2 — Tổng giá trị mua/bán ròng của NĐTNN,Top 5 mã bán ròng,Phái sinh,NDTNN,,,FILTER,JOIN cdr_dt_dim ON cdr_dt_dim.cdr_dt_dim_id = fct_securities_foreign_trading_snpst.snpst_dt_dim_id WHERE cdr_dt_dim.cdr_dt BETWEEN :pdate AND :pdate1,
K_NDTNN_14,GIAO DỊCH,Nhóm 2 — Tổng giá trị mua/bán ròng của NĐTNN,Top 5 mã bán ròng,Phái sinh,NDTNN,,,GROUP_BY,securities_dim.symbol HAVING SUM(fct_securities_foreign_trading_snpst.foreign_sell_val) - SUM(fct_securities_foreign_trading_snpst.foreign_buy_val) > 0 ORDER BY SUM(fct_securities_foreign_trading_snpst.foreign_sell_val) - SUM(fct_securities_foreign_trading_snpst.foreign_buy_val) DESC FETCH FIRST 5 ROWS ONLY,"[SỬA 2026-09-24, đối chiếu câu lệnh BA STT 2] HAVING bán ròng > 0 đưa vào logic (BA HAVING < 0)"
K_NDTNN_15,GIAO DỊCH,Nhóm 2 — Tổng giá trị mua/bán ròng của NĐTNN,Top 5 mã mua ròng,Phái sinh,NDTNN,,,DERIVED,SUM(fct_securities_foreign_trading_snpst.foreign_buy_val) - SUM(fct_securities_foreign_trading_snpst.foreign_sell_val),[SỬA 2026-09-18] Cập nhật ghi chú: Dashboard BI cần filter chênh lệch > 0 để lọt vào Top
K_NDTNN_15,GIAO DỊCH,Nhóm 2 — Tổng giá trị mua/bán ròng của NĐTNN,Top 5 mã mua ròng,Phái sinh,NDTNN,,,FILTER,JOIN cdr_dt_dim ON cdr_dt_dim.cdr_dt_dim_id = fct_securities_foreign_trading_snpst.snpst_dt_dim_id WHERE cdr_dt_dim.cdr_dt BETWEEN :pdate AND :pdate1,
K_NDTNN_15,GIAO DỊCH,Nhóm 2 — Tổng giá trị mua/bán ròng của NĐTNN,Top 5 mã mua ròng,Phái sinh,NDTNN,,,GROUP_BY,securities_dim.symbol HAVING SUM(fct_securities_foreign_trading_snpst.foreign_buy_val) - SUM(fct_securities_foreign_trading_snpst.foreign_sell_val) > 0 ORDER BY SUM(fct_securities_foreign_trading_snpst.foreign_buy_val) - SUM(fct_securities_foreign_trading_snpst.foreign_sell_val) DESC FETCH FIRST 5 ROWS ONLY,"[SỬA 2026-09-24, đối chiếu câu lệnh BA STT 2] HAVING mua ròng > 0 đưa vào logic (BA HAVING > 0)"
K_NDTNN_16,GIAO DỊCH,Nhóm 2 — Tổng giá trị mua/bán ròng của NĐTNN,Tỷ trọng theo ngành,Phái sinh,NDTNN,Fact Securities Foreign Trading Snapshot,,MEASURE,"ROUND(SUM(fct_securities_foreign_trading_snpst.foreign_buy_val + fct_securities_foreign_trading_snpst.foreign_sell_val) / NULLIF(SUM(fct_securities_foreign_trading_snpst.total_market_val)*2, 0) * 100, 2)",Mẫu số SUM theo TOÀN NGÀNH
K_NDTNN_16,GIAO DỊCH,Nhóm 2 — Tổng giá trị mua/bán ròng của NĐTNN,Tỷ trọng theo ngành,Phái sinh,NDTNN,Fact Securities Foreign Trading Snapshot,Snapshot Date Dimension Id,FILTER,JOIN cdr_dt_dim ON cdr_dt_dim.cdr_dt_dim_id = fct_securities_foreign_trading_snpst.snpst_dt_dim_id WHERE cdr_dt_dim.cdr_dt BETWEEN :pdate AND :pdate1,"[SỬA 2026-09-24, đối chiếu câu lệnh BA STT 2] Lọc khoảng ngày BETWEEN (BA trade_date BETWEEN :pdat1 AND :pdat2) — trước đây sai lọc 1 ngày :pdate"
K_NDTNN_16,GIAO DỊCH,Nhóm 2 — Tổng giá trị mua/bán ròng của NĐTNN,Tỷ trọng theo ngành,Phái sinh,NDTNN,Public Company Dimension,Classification Business Line Name,GROUP_BY,"LEFT JOIN public_company_dim ON public_company_dim.public_company_dim_id = fct_securities_foreign_trading_snpst.public_company_dim_id GROUP BY COALESCE(public_company_dim.classification_business_line_nm, 'Chưa phân ngành') ORDER BY kết quả DESC FETCH FIRST 5 ROWS ONLY","[SỬA 2026-09-24, đối chiếu câu lệnh BA STT 2] Top 5 ngành (BA ORDER BY ty_trong_nganh_pct DESC LIMIT 5); LEFT JOIN + COALESCE ngành"
K_NDTNN_17,GIAO DỊCH,Nhóm 2 — Tổng giá trị mua/bán ròng của NĐTNN,Top mã tỷ trọng cao,Phái sinh,NDTNN,Fact Securities Foreign Trading Snapshot,,MEASURE,"ROUND(SUM(fct_securities_foreign_trading_snpst.foreign_buy_val + fct_securities_foreign_trading_snpst.foreign_sell_val) / NULLIF(SUM(fct_securities_foreign_trading_snpst.total_market_val)*2, 0) * 100, 2)",Mẫu số SUM theo TỪNG MÃ CK
K_NDTNN_17,GIAO DỊCH,Nhóm 2 — Tổng giá trị mua/bán ròng của NĐTNN,Top mã tỷ trọng cao,Phái sinh,NDTNN,Fact Securities Foreign Trading Snapshot,Snapshot Date Dimension Id,FILTER,JOIN cdr_dt_dim ON cdr_dt_dim.cdr_dt_dim_id = fct_securities_foreign_trading_snpst.snpst_dt_dim_id WHERE cdr_dt_dim.cdr_dt BETWEEN :pdate AND :pdate1,"[SỬA 2026-09-24, đối chiếu câu lệnh BA STT 2] Lọc khoảng ngày BETWEEN (BA trade_date BETWEEN :pdat1 AND :pdat2) — trước đây sai lọc 1 ngày :pdate"
K_NDTNN_17,GIAO DỊCH,Nhóm 2 — Tổng giá trị mua/bán ròng của NĐTNN,Top mã tỷ trọng cao,Phái sinh,NDTNN,Securities Dimension,Symbol,GROUP_BY,securities_dim.symbol ORDER BY kết quả DESC FETCH FIRST 5 ROWS ONLY,
K_NDTNN_1,GIAO DỊCH,Nhóm 2 — Tổng giá trị mua/bán ròng của NĐTNN,Tổng giá trị mua của NĐTNN,Base,NDTNN,Fact Securities Foreign Trading Snapshot,Foreign Buy Value,MEASURE,SUM(fct_securities_foreign_trading_snpst.foreign_buy_val),Reuse từ Nhóm 1
K_NDTNN_2,GIAO DỊCH,Nhóm 2 — Tổng giá trị mua/bán ròng của NĐTNN,Tổng giá trị bán của NĐTNN,Base,NDTNN,Fact Securities Foreign Trading Snapshot,Foreign Sell Value,MEASURE,SUM(fct_securities_foreign_trading_snpst.foreign_sell_val),Reuse từ Nhóm 1
K_NDTNN_3,GIAO DỊCH,Nhóm 2 — Tổng giá trị mua/bán ròng của NĐTNN,Tổng giá trị giao dịch toàn thị trường,Base,NDTNN,Fact Securities Foreign Trading Snapshot,Total Market Value,MEASURE,SUM(fct_securities_foreign_trading_snpst.total_market_val),Reuse từ Nhóm 1
K_NDTNN_4,GIAO DỊCH,Nhóm 2 — Tổng giá trị mua/bán ròng của NĐTNN,Tỷ trọng giao dịch theo ngày,Phái sinh,NDTNN,,,DERIVED,(SUM(fct_securities_foreign_trading_snpst.foreign_buy_val) + SUM(fct_securities_foreign_trading_snpst.foreign_sell_val)) * 100 / (SUM(fct_securities_foreign_trading_snpst.total_market_val) * 2),Reuse công thức K_NDTNN_4 (Nhóm 1) — tên hiển thị khác
K_NDTNN_4,GIAO DỊCH,Nhóm 2 — Tổng giá trị mua/bán ròng của NĐTNN,Tỷ trọng giao dịch theo ngày,Phái sinh,NDTNN,Fact Securities Foreign Trading Snapshot,Snapshot Date Dimension Id,GROUP_BY,JOIN cdr_dt_dim ON cdr_dt_dim.cdr_dt_dim_id = fct_securities_foreign_trading_snpst.snpst_dt_dim_id WHERE cdr_dt_dim.cdr_dt BETWEEN :pdate AND :pdate1 GROUP BY cdr_dt_dim.cdr_dt,"[SỬA 2026-09-24, đối chiếu câu lệnh BA STT 2] Bổ sung dòng GROUP BY ngày — BA trả chuỗi tỷ trọng theo từng trade_date trong khoảng (GROUP BY trade_date)"
K_NDTNN_18,GIAO DỊCH,Nhóm 2 — Tổng giá trị mua/bán ròng của NĐTNN,Tổng giá trị giao dịch NĐTNN,Phái sinh,NDTNN,,,DERIVED,SUM(fct_securities_foreign_trading_snpst.foreign_buy_val) + SUM(fct_securities_foreign_trading_snpst.foreign_sell_val),Đánh giá Trùng — tái sử dụng logic K_NDTNN_1/2
K_NDTNN_19,GIAO DỊCH,Nhóm 2 — Tổng giá trị mua/bán ròng của NĐTNN,Tỷ trọng TB phiên,Phái sinh,NDTNN,Fact Securities Foreign Trading Snapshot,,MEASURE,"AVG(ty_trong_ngay) trong đó ty_trong_ngay = (SUM(fct_securities_foreign_trading_snpst.foreign_buy_val) + SUM(fct_securities_foreign_trading_snpst.foreign_sell_val)) / (SUM(fct_securities_foreign_trading_snpst.total_market_val) * 2) * 100, mỗi SUM GROUP BY fct_securities_foreign_trading_snpst.snpst_dt_dim_id (xuyên suốt mọi Securities_Dimension_Id trong ngày) TRƯỚC khi tính ty_trong_ngay và AVG qua các ngày","[SỬA 2026-09-24, đối chiếu câu lệnh BA STT 2] Giữ theo MÔ TẢ BA (AVG tỷ trọng các ngày) — câu lệnh BA lại tính tỷ trọng gộp cả kỳ / số ngày, mâu thuẫn mô tả; chờ BA chốt — xem O_NDTNN_34 | Sửa 2026-07-24 (datamart-review): logic cũ AVG trực tiếp trên grain 1 mã CK x 1 ngày của Fact, thiếu buoc SUM theo ngày trước - sai với công thức BA/HLD (Tổng tỷ trọng trong kỳ / Số ngày GD thực tế)"
K_NDTNN_19,GIAO DỊCH,Nhóm 2 — Tổng giá trị mua/bán ròng của NĐTNN,Tỷ trọng TB phiên,Phái sinh,NDTNN,Fact Securities Foreign Trading Snapshot,Snapshot Date Dimension Id,FILTER,JOIN cdr_dt_dim ON cdr_dt_dim.cdr_dt_dim_id = fct_securities_foreign_trading_snpst.snpst_dt_dim_id WHERE cdr_dt_dim.cdr_dt BETWEEN :pdate AND :pdate1,
K_NDTNN_20,GIÁM SÁT DÒNG VỐN,Nhóm 3 — KPI Cards Dòng tiền vào/ra/ròng,Dòng tiền vào,Phái sinh,NDTNN,Fact Foreign Investor Report Value,Value Raw,MEASURE,"JOIN foreign_investor_report_structure_dim ON foreign_investor_report_structure_dim.foreign_investor_report_structure_dim_id = fct_foreign_investor_report_value.foreign_investor_report_structure_dim_id JOIN cdr_dt_dim ON cdr_dt_dim.cdr_dt_dim_id = fct_foreign_investor_report_value.submission_dt_dim_id → SUM(TRY_CAST(REGEXP_REPLACE(fct_foreign_investor_report_value.val_raw, '^''', '') AS DECIMAL(38,10))) WHERE foreign_investor_report_structure_dim.rpt_code = 'IBOU9' AND foreign_investor_report_structure_dim.column_path = 'Tổng giá trị ngoại tệ đổi sang VND trong kỳ báo cáo (đơn vị USD)' AND foreign_investor_report_structure_dim.row_path = 'Tổng= (1) + (2)' AND cdr_dt_dim.cdr_dt = :ngaynop","[THIẾT KẾ 2026-10-02 — BA đã map báo cáo động, Atomic FIMS fir_* đã thiết kế] BA dòng 28: báo cáo PLIV-TT51 (IBOU9, Ngân hàng lưu ký, kỳ nửa tháng), dòng ""Tổng= (1) + (2)"", cột ""Tổng giá trị ngoại tệ đổi sang VND trong kỳ báo cáo (đơn vị USD)"". Đơn vị USD. Lấy ngày cuối tháng (Note BA); đơn vị USD khác VND của các Nhóm khác [SỬA 2026-10-06] Bỏ cột `val_nbr` khỏi Fact (Data Modeler yêu cầu): số ép trực tiếp từ `val_raw` tại đây (TRY_CAST, NULL nếu không ép được)."
K_NDTNN_21,GIÁM SÁT DÒNG VỐN,Nhóm 3 — KPI Cards Dòng tiền vào/ra/ròng,Dòng tiền ra,Phái sinh,NDTNN,Fact Foreign Investor Report Value,Value Raw,MEASURE,"JOIN foreign_investor_report_structure_dim ON foreign_investor_report_structure_dim.foreign_investor_report_structure_dim_id = fct_foreign_investor_report_value.foreign_investor_report_structure_dim_id JOIN cdr_dt_dim ON cdr_dt_dim.cdr_dt_dim_id = fct_foreign_investor_report_value.submission_dt_dim_id → SUM(TRY_CAST(REGEXP_REPLACE(fct_foreign_investor_report_value.val_raw, '^''', '') AS DECIMAL(38,10))) WHERE foreign_investor_report_structure_dim.rpt_code = 'IBOU9' AND foreign_investor_report_structure_dim.column_path = 'Tổng giá trị VND đổi ra ngoại tệ và chuyển ra trong kỳ báo cáo (đơn vị USD)' AND foreign_investor_report_structure_dim.row_path = 'Tổng= (1) + (2)' AND cdr_dt_dim.cdr_dt = :ngaynop","[THIẾT KẾ 2026-10-02 — BA đã map báo cáo động, Atomic FIMS fir_* đã thiết kế] BA dòng 29: báo cáo PLIV-TT51 (IBOU9, Ngân hàng lưu ký, kỳ nửa tháng), dòng ""Tổng= (1) + (2)"", cột ""Tổng giá trị VND đổi ra ngoại tệ và chuyển ra trong kỳ báo cáo (đơn vị USD)"". Đơn vị USD. Lấy ngày cuối tháng (Note BA); đơn vị USD khác VND của các Nhóm khác [SỬA 2026-10-06] Bỏ cột `val_nbr` khỏi Fact (Data Modeler yêu cầu): số ép trực tiếp từ `val_raw` tại đây (TRY_CAST, NULL nếu không ép được)."
K_NDTNN_22,GIÁM SÁT DÒNG VỐN,Nhóm 3 — KPI Cards Dòng tiền vào/ra/ròng,Dòng tiền ròng,Phái sinh,NDTNN,Fact Foreign Investor Report Value,Value Raw,MEASURE,"JOIN foreign_investor_report_structure_dim ON foreign_investor_report_structure_dim.foreign_investor_report_structure_dim_id = fct_foreign_investor_report_value.foreign_investor_report_structure_dim_id JOIN cdr_dt_dim ON cdr_dt_dim.cdr_dt_dim_id = fct_foreign_investor_report_value.submission_dt_dim_id → SUM(TRY_CAST(REGEXP_REPLACE(fct_foreign_investor_report_value.val_raw, '^''', '') AS DECIMAL(38,10))) WHERE foreign_investor_report_structure_dim.rpt_code = 'IBOU9' AND foreign_investor_report_structure_dim.column_path = 'Giá trị dòng vốn vào trong kỳ báo cáo (+/-) (đơn vị USD)' AND foreign_investor_report_structure_dim.row_path = 'Tổng= (1) + (2)' AND cdr_dt_dim.cdr_dt = :ngaynop","[THIẾT KẾ 2026-10-02 — BA đã map báo cáo động, Atomic FIMS fir_* đã thiết kế] BA dòng 27: báo cáo PLIV-TT51 (IBOU9, Ngân hàng lưu ký, kỳ nửa tháng), dòng ""Tổng= (1) + (2)"", cột ""Giá trị dòng vốn vào trong kỳ báo cáo (+/-) (đơn vị USD)"". Đơn vị USD. Lấy ngày cuối tháng (Note BA); K_NDTNN_22 đọc trực tiếp ô (+/-) theo BA (không tính vào − ra như HLD cũ); nên đối chiếu K_NDTNN_22 = K_NDTNN_20 − K_NDTNN_21 khi có dữ liệu. O_NDTNN_38 [SỬA 2026-10-06] Bỏ cột `val_nbr` khỏi Fact (Data Modeler yêu cầu): số ép trực tiếp từ `val_raw` tại đây (TRY_CAST, NULL nếu không ép được)."
K_NDTNN_23,GIÁM SÁT DÒNG VỐN,Nhóm 4 — Dòng vốn đầu tư gián tiếp nước ngoài,Loại hình NĐTNN,,NDTNN,Fact Foreign Investor Portfolio Report Snapshot,Investor Type Name,SLICER,fct_foreign_investor_portfolio_report_snpst.investor_type_nm,"[THIẾT KẾ 2026-10-02 — BA đã map báo cáo động, Atomic FIMS fir_* đã thiết kế] BA dòng 31: cột ""Loại hình đối với tổ chức"" của báo cáo PLIII-TT51 (59WJB/BZ5X4, sheet II). BA Note: nếu loại hình có chi tiết thì lấy luôn phân loại theo báo cáo"
K_NDTNN_24,GIÁM SÁT DÒNG VỐN,Nhóm 4 — Dòng vốn đầu tư gián tiếp nước ngoài,Quốc gia,,NDTNN,Fact Foreign Investor Portfolio Report Snapshot,Nationality Name,SLICER,fct_foreign_investor_portfolio_report_snpst.nationality_nm,"[THIẾT KẾ 2026-10-02 — BA đã map báo cáo động, Atomic FIMS fir_* đã thiết kế] BA dòng 32: cột ""Quốc tịch"" của báo cáo PLIII-TT51 (59WJB/BZ5X4, sheet II). Dùng cột văn bản trên Fact, không dùng Geographic Area Dimension (chưa có nguồn Atomic — O_NDTNN_21)"
K_NDTNN_25,GIÁM SÁT DÒNG VỐN,Nhóm 4 — Dòng vốn đầu tư gián tiếp nước ngoài,Dòng vốn ròng,Phái sinh,NDTNN,Fact Foreign Investor Portfolio Report Snapshot,Total Portfolio Value,MEASURE,JOIN cdr_dt_dim ON cdr_dt_dim.cdr_dt_dim_id = fct_foreign_investor_portfolio_report_snpst.snpst_dt_dim_id → SUM(fct_foreign_investor_portfolio_report_snpst.total_portfolio_val) WHERE cdr_dt_dim.cdr_dt = :ngaynop,"[THIẾT KẾ 2026-10-02 — BA đã map báo cáo động, Atomic FIMS fir_* đã thiết kế] BA dòng 30 (Dòng vốn ròng): thiết kế theo Điều kiện + SQL tham khảo của BA — báo cáo PLIII-TT51 59WJB/BZ5X4 sheet II, SUM cột ""Tổng giá trị danh mục > Giá trị"" theo loại hình. Mô tả BA gọi là ""dòng vốn ròng"" (IBOU9) nhưng phép tính BA là tổng giá trị danh mục, trùng Nhóm 6 (BA đánh giá Trùng); nếu BA đổi sang IBOU9 thì chuyển sang Fact Foreign Investor Capital Flow Snapshot. O_NDTNN_38"
K_NDTNN_26,GIÁM SÁT DÒNG VỐN,Nhóm 4 — Dòng vốn đầu tư gián tiếp nước ngoài,Dòng vốn ròng — Quỹ,Phái sinh,NDTNN,Fact Foreign Investor Portfolio Report Snapshot,Total Portfolio Value,MEASURE,JOIN cdr_dt_dim ON cdr_dt_dim.cdr_dt_dim_id = fct_foreign_investor_portfolio_report_snpst.snpst_dt_dim_id → SUM(fct_foreign_investor_portfolio_report_snpst.total_portfolio_val) WHERE cdr_dt_dim.cdr_dt = :ngaynop AND fct_foreign_investor_portfolio_report_snpst.fund_ind = 1,"[THIẾT KẾ 2026-10-02 — BA đã map báo cáo động, Atomic FIMS fir_* đã thiết kế] BA dòng 33 (Quỹ): thiết kế theo Điều kiện + SQL tham khảo của BA — báo cáo PLIII-TT51 59WJB/BZ5X4 sheet II, SUM cột ""Tổng giá trị danh mục > Giá trị"" theo loại hình. Mô tả BA gọi là ""dòng vốn ròng"" (IBOU9) nhưng phép tính BA là tổng giá trị danh mục, trùng Nhóm 6 (BA đánh giá Trùng); nếu BA đổi sang IBOU9 thì chuyển sang Fact Foreign Investor Capital Flow Snapshot. O_NDTNN_38"
K_NDTNN_27,GIÁM SÁT DÒNG VỐN,Nhóm 4 — Dòng vốn đầu tư gián tiếp nước ngoài,Dòng vốn ròng — Cá nhân,Phái sinh,NDTNN,Fact Foreign Investor Portfolio Report Snapshot,Total Portfolio Value,MEASURE,JOIN cdr_dt_dim ON cdr_dt_dim.cdr_dt_dim_id = fct_foreign_investor_portfolio_report_snpst.snpst_dt_dim_id → SUM(fct_foreign_investor_portfolio_report_snpst.total_portfolio_val) WHERE cdr_dt_dim.cdr_dt = :ngaynop AND fct_foreign_investor_portfolio_report_snpst.individual_ind = 1,"[THIẾT KẾ 2026-10-02 — BA đã map báo cáo động, Atomic FIMS fir_* đã thiết kế] BA dòng 34 (Cá nhân): thiết kế theo Điều kiện + SQL tham khảo của BA — báo cáo PLIII-TT51 59WJB/BZ5X4 sheet II, SUM cột ""Tổng giá trị danh mục > Giá trị"" theo loại hình. Mô tả BA gọi là ""dòng vốn ròng"" (IBOU9) nhưng phép tính BA là tổng giá trị danh mục, trùng Nhóm 6 (BA đánh giá Trùng); nếu BA đổi sang IBOU9 thì chuyển sang Fact Foreign Investor Capital Flow Snapshot. O_NDTNN_38"
K_NDTNN_28,GIÁM SÁT DÒNG VỐN,Nhóm 4 — Dòng vốn đầu tư gián tiếp nước ngoài,Dòng vốn ròng — Tổ chức khác quỹ,Phái sinh,NDTNN,Fact Foreign Investor Portfolio Report Snapshot,Total Portfolio Value,MEASURE,JOIN cdr_dt_dim ON cdr_dt_dim.cdr_dt_dim_id = fct_foreign_investor_portfolio_report_snpst.snpst_dt_dim_id → SUM(fct_foreign_investor_portfolio_report_snpst.total_portfolio_val) WHERE cdr_dt_dim.cdr_dt = :ngaynop AND fct_foreign_investor_portfolio_report_snpst.non_fund_org_ind = 1,"[THIẾT KẾ 2026-10-02 — BA đã map báo cáo động, Atomic FIMS fir_* đã thiết kế] BA dòng 35 (Tổ chức khác quỹ): thiết kế theo Điều kiện + SQL tham khảo của BA — báo cáo PLIII-TT51 59WJB/BZ5X4 sheet II, SUM cột ""Tổng giá trị danh mục > Giá trị"" theo loại hình. Mô tả BA gọi là ""dòng vốn ròng"" (IBOU9) nhưng phép tính BA là tổng giá trị danh mục, trùng Nhóm 6 (BA đánh giá Trùng); nếu BA đổi sang IBOU9 thì chuyển sang Fact Foreign Investor Capital Flow Snapshot. O_NDTNN_38"
K_NDTNN_29,GIÁM SÁT DÒNG VỐN,Nhóm 4 — Dòng vốn đầu tư gián tiếp nước ngoài,Top 5 quốc gia vào ròng,Phái sinh,NDTNN,Fact Foreign Investor Capital Flow Snapshot,Capital Flow Net Value,MEASURE,JOIN cdr_dt_dim ON cdr_dt_dim.cdr_dt_dim_id = fct_foreign_investor_capital_flow_snpst.snpst_dt_dim_id → SUM(fct_foreign_investor_capital_flow_snpst.capital_flow_net_val) WHERE cdr_dt_dim.cdr_dt = :ngaynop AND fct_foreign_investor_capital_flow_snpst.nationality_nm IS NOT NULL GROUP BY fct_foreign_investor_capital_flow_snpst.nationality_nm HAVING SUM(fct_foreign_investor_capital_flow_snpst.capital_flow_net_val) > 0 ORDER BY SUM(fct_foreign_investor_capital_flow_snpst.capital_flow_net_val) DESC LIMIT 5,"[THIẾT KẾ 2026-10-02 — BA đã map báo cáo động, Atomic FIMS fir_* đã thiết kế] BA dòng 36: IBOU9 sheet I, SUM cột ""Giá trị dòng vốn vào trong kỳ báo cáo (+/-) (đơn vị USD)"" theo Quốc tịch, top 5 dương. Top-N xử lý ở lớp báo cáo"
K_NDTNN_30,GIÁM SÁT DÒNG VỐN,Nhóm 4 — Dòng vốn đầu tư gián tiếp nước ngoài,Top 5 quốc gia rút ròng,Phái sinh,NDTNN,Fact Foreign Investor Capital Flow Snapshot,Capital Flow Net Value,MEASURE,JOIN cdr_dt_dim ON cdr_dt_dim.cdr_dt_dim_id = fct_foreign_investor_capital_flow_snpst.snpst_dt_dim_id → SUM(fct_foreign_investor_capital_flow_snpst.capital_flow_net_val) WHERE cdr_dt_dim.cdr_dt = :ngaynop AND fct_foreign_investor_capital_flow_snpst.nationality_nm IS NOT NULL GROUP BY fct_foreign_investor_capital_flow_snpst.nationality_nm HAVING SUM(fct_foreign_investor_capital_flow_snpst.capital_flow_net_val) < 0 ORDER BY SUM(fct_foreign_investor_capital_flow_snpst.capital_flow_net_val) ASC LIMIT 5,"[THIẾT KẾ 2026-10-02 — BA đã map báo cáo động, Atomic FIMS fir_* đã thiết kế] BA dòng 37: như K_NDTNN_29 nhưng top 5 âm nhiều nhất"
K_NDTNN_31,GIÁM SÁT DÒNG VỐN,Nhóm 4 — Dòng vốn đầu tư gián tiếp nước ngoài,Top 5 NĐT vào ròng,Phái sinh,NDTNN,Fact Foreign Investor Capital Flow Snapshot,Capital Flow Net Value,MEASURE,JOIN cdr_dt_dim ON cdr_dt_dim.cdr_dt_dim_id = fct_foreign_investor_capital_flow_snpst.snpst_dt_dim_id → SUM(fct_foreign_investor_capital_flow_snpst.capital_flow_net_val) WHERE cdr_dt_dim.cdr_dt = :ngaynop AND fct_foreign_investor_capital_flow_snpst.investor_nm IS NOT NULL GROUP BY fct_foreign_investor_capital_flow_snpst.investor_nm HAVING SUM(fct_foreign_investor_capital_flow_snpst.capital_flow_net_val) > 0 ORDER BY SUM(fct_foreign_investor_capital_flow_snpst.capital_flow_net_val) DESC LIMIT 5,"[THIẾT KẾ 2026-10-02 — BA đã map báo cáo động, Atomic FIMS fir_* đã thiết kế] BA dòng 38: IBOU9 sheet I, SUM theo ""Tên nhà đầu tư"", top 5 dương"
K_NDTNN_32,GIÁM SÁT DÒNG VỐN,Nhóm 4 — Dòng vốn đầu tư gián tiếp nước ngoài,Top 5 NĐT rút ròng,Phái sinh,NDTNN,Fact Foreign Investor Capital Flow Snapshot,Capital Flow Net Value,MEASURE,JOIN cdr_dt_dim ON cdr_dt_dim.cdr_dt_dim_id = fct_foreign_investor_capital_flow_snpst.snpst_dt_dim_id → SUM(fct_foreign_investor_capital_flow_snpst.capital_flow_net_val) WHERE cdr_dt_dim.cdr_dt = :ngaynop AND fct_foreign_investor_capital_flow_snpst.investor_nm IS NOT NULL GROUP BY fct_foreign_investor_capital_flow_snpst.investor_nm HAVING SUM(fct_foreign_investor_capital_flow_snpst.capital_flow_net_val) < 0 ORDER BY SUM(fct_foreign_investor_capital_flow_snpst.capital_flow_net_val) ASC LIMIT 5,"[THIẾT KẾ 2026-10-02 — BA đã map báo cáo động, Atomic FIMS fir_* đã thiết kế] BA dòng 39: như K_NDTNN_31 nhưng top 5 âm nhiều nhất"
K_NDTNN_33,GIÁM SÁT DÒNG VỐN,Nhóm 5 — Tương quan Net Flow & VN-Index,Giá trị mua/bán ròng,Phái sinh,NDTNN,Fact Foreign Net Flow Market Index Snapshot,Foreign Net Trading Value,MEASURE,fct_foreign_net_flow_market_index_snpst.foreign_net_trading_val,"[THIẾT KẾ LẠI 2026-09-24] Chuyển từ DERIVED trên Fact Securities Foreign Trading Snapshot (Nhóm 2) sang cột vật lý của Fact riêng Nhóm 5 — ETL đã SUM xuyên mọi mã CK loại 1/2/3 (HOSE + HNX) và trừ Foreign Sell Value khỏi Foreign Buy Value. Lưu VND, quy đổi Tỷ đồng ở presentation"
K_NDTNN_33,GIÁM SÁT DÒNG VỐN,Nhóm 5 — Tương quan Net Flow & VN-Index,Giá trị mua/bán ròng,Phái sinh,NDTNN,Fact Foreign Net Flow Market Index Snapshot,Snapshot Date Dimension Id,GROUP_BY,JOIN cdr_dt_dim ON cdr_dt_dim.cdr_dt_dim_id = fct_foreign_net_flow_market_index_snpst.snpst_dt_dim_id WHERE cdr_dt_dim.cdr_dt BETWEEN :tu_ngay AND :den_ngay,"Trục X ngày của biểu đồ — 1 dòng Fact / ngày, không cần SUM lại"
K_NDTNN_34,GIÁM SÁT DÒNG VỐN,Nhóm 5 — Tương quan Net Flow & VN-Index,Điểm đóng cửa chỉ số (VN-Index),Base,NDTNN,Fact Foreign Net Flow Market Index Snapshot,Market Index Close Value,MEASURE,fct_foreign_net_flow_market_index_snpst.market_index_close_val,[THIẾT KẾ LẠI 2026-09-24] Chuyển từ Fact Market Index Snapshot (QLKD) sang Fact riêng Nhóm 5 — ETL lấy bản ghi Index Time lớn nhất trong ngày từ Atomic Market Index Snapshot
K_NDTNN_34,GIÁM SÁT DÒNG VỐN,Nhóm 5 — Tương quan Net Flow & VN-Index,Điểm đóng cửa chỉ số (VN-Index),Base,NDTNN,Fact Foreign Net Flow Market Index Snapshot,Market Index Dimension Id,FILTER,JOIN market_index_dim ON market_index_dim.market_index_dim_id = fct_foreign_net_flow_market_index_snpst.market_index_dim_id WHERE market_index_dim.market_id = '10' AND market_index_dim.market_code = 'HOSE',
K_NDTNN_34,GIÁM SÁT DÒNG VỐN,Nhóm 5 — Tương quan Net Flow & VN-Index,Điểm đóng cửa chỉ số (VN-Index),Base,NDTNN,Fact Foreign Net Flow Market Index Snapshot,Snapshot Date Dimension Id,GROUP_BY,JOIN cdr_dt_dim ON cdr_dt_dim.cdr_dt_dim_id = fct_foreign_net_flow_market_index_snpst.snpst_dt_dim_id WHERE cdr_dt_dim.cdr_dt BETWEEN :tu_ngay AND :den_ngay,Cùng trục X ngày với K_NDTNN_33
K_NDTNN_35,GIÁM SÁT DÒNG VỐN,Nhóm 5 — Tương quan Net Flow & VN-Index,Dòng tiền ròng lũy kế (tháng),Phái sinh,NDTNN,Fact Foreign Net Flow Market Index Snapshot,Foreign Net Capital Flow MTD Amount,MEASURE,fct_foreign_net_flow_market_index_snpst.foreign_net_capital_flow_mtd_amt,"[THIẾT KẾ 2026-10-02 — BA đã map báo cáo động, Atomic FIMS fir_* đã thiết kế] BA dòng 40: IBOU9, dòng ""Tổng= (1) + (2)"", cột ""Giá trị dòng vốn vào trong kỳ báo cáo (+/-) (đơn vị USD)"". Cột vật lý đã dự phòng trên Fact; ETL lấy từ fir_value (xem LLD). USD khác 2 series VND; semi-additive. Quy tắc ""ưu tiên kỳ nửa tháng"" chờ dev (O_NDTNN_33/38)"
K_NDTNN_36,DANH MỤC,Nhóm 6 — Thống kê danh mục,Loại hình nhà đầu tư,Chiều,NDTNN,Fact Foreign Investor Portfolio Report Snapshot,Investor Type Name,SLICER,fct_foreign_investor_portfolio_report_snpst.investor_type_nm,"[THIẾT KẾ 2026-10-02 — BA đã map báo cáo động, Atomic FIMS fir_* đã thiết kế] BA dòng 44: cột ""Loại hình đối với tổ chức"" của báo cáo PLIII-TT51 (Trùng K_NDTNN_23). [ĐỔI NGUỒN] trước đây dùng `Foreign Investor Dimension.Investor Type Code` (FIMS.INVESTOR)"
K_NDTNN_37,DANH MỤC,Nhóm 6 — Thống kê danh mục,Tổng giá trị danh mục,Phái sinh,NDTNN,Fact Foreign Investor Portfolio Report Snapshot,Total Portfolio Value,MEASURE,JOIN cdr_dt_dim ON cdr_dt_dim.cdr_dt_dim_id = fct_foreign_investor_portfolio_report_snpst.snpst_dt_dim_id → SUM(fct_foreign_investor_portfolio_report_snpst.total_portfolio_val) WHERE cdr_dt_dim.cdr_dt = :ngaynop,"[THIẾT KẾ 2026-10-02 — BA đã map báo cáo động, Atomic FIMS fir_* đã thiết kế] BA dòng 43: PLIII-TT51 (59WJB/BZ5X4) sheet II, cột ""Tổng giá trị danh mục > Giá trị"", bỏ dòng tổng — lọc ở ETL nạp Fact (WHERE fir_value.total_row_ind = 0, cùng section_echo/band_overflow/static_copy/rpt_marker = 0), nên Fact KHÔNG có cột total_row_ind và KPI không cần lọc thêm. Độ chi tiết tháng, toàn thị trường"
K_NDTNN_38,DANH MỤC,Nhóm 6 — Thống kê danh mục,Danh mục Cá nhân,Phái sinh,NDTNN,Fact Foreign Investor Portfolio Report Snapshot,Total Portfolio Value,MEASURE,JOIN cdr_dt_dim ON cdr_dt_dim.cdr_dt_dim_id = fct_foreign_investor_portfolio_report_snpst.snpst_dt_dim_id → SUM(fct_foreign_investor_portfolio_report_snpst.total_portfolio_val) WHERE cdr_dt_dim.cdr_dt = :ngaynop AND fct_foreign_investor_portfolio_report_snpst.individual_ind = 1,"[THIẾT KẾ 2026-10-02 — BA đã map báo cáo động, Atomic FIMS fir_* đã thiết kế] BA dòng 45: tổng giá trị danh mục của NĐTNN Cá nhân. row_path = B-Cá nhân"
K_NDTNN_39,DANH MỤC,Nhóm 6 — Thống kê danh mục,Danh mục Quỹ,Phái sinh,NDTNN,Fact Foreign Investor Portfolio Report Snapshot,Total Portfolio Value,MEASURE,JOIN cdr_dt_dim ON cdr_dt_dim.cdr_dt_dim_id = fct_foreign_investor_portfolio_report_snpst.snpst_dt_dim_id → SUM(fct_foreign_investor_portfolio_report_snpst.total_portfolio_val) WHERE cdr_dt_dim.cdr_dt = :ngaynop AND fct_foreign_investor_portfolio_report_snpst.fund_ind = 1,"[THIẾT KẾ 2026-10-02 — BA đã map báo cáo động, Atomic FIMS fir_* đã thiết kế] BA dòng 46: tổng giá trị danh mục của NĐTNN Quỹ. Điều kiện của BA không loại trừ lẫn nhau giữa ""quỹ"" và ""tổ chức khác quỹ"" (loại hình chứa cả ""Công ty"" và ""quỹ"") — giữ nguyên theo BA, xem O_NDTNN_38"
K_NDTNN_40,DANH MỤC,Nhóm 6 — Thống kê danh mục,Danh mục Tổ chức khác quỹ,Phái sinh,NDTNN,Fact Foreign Investor Portfolio Report Snapshot,Total Portfolio Value,MEASURE,JOIN cdr_dt_dim ON cdr_dt_dim.cdr_dt_dim_id = fct_foreign_investor_portfolio_report_snpst.snpst_dt_dim_id → SUM(fct_foreign_investor_portfolio_report_snpst.total_portfolio_val) WHERE cdr_dt_dim.cdr_dt = :ngaynop AND fct_foreign_investor_portfolio_report_snpst.non_fund_org_ind = 1,"[THIẾT KẾ 2026-10-02 — BA đã map báo cáo động, Atomic FIMS fir_* đã thiết kế] BA dòng 47: tổng giá trị danh mục của NĐTNN Tổ chức khác quỹ. Điều kiện của BA không loại trừ lẫn nhau giữa ""quỹ"" và ""tổ chức khác quỹ"" (loại hình chứa cả ""Công ty"" và ""quỹ"") — giữ nguyên theo BA, xem O_NDTNN_38"
K_NDTNN_41,DANH MỤC,Nhóm 6 — Thống kê danh mục,Top 5 quốc gia theo GTDM,Phái sinh,NDTNN,Fact Foreign Investor Portfolio Report Snapshot,Total Portfolio Value,MEASURE,JOIN cdr_dt_dim ON cdr_dt_dim.cdr_dt_dim_id = fct_foreign_investor_portfolio_report_snpst.snpst_dt_dim_id → SUM(fct_foreign_investor_portfolio_report_snpst.total_portfolio_val) WHERE cdr_dt_dim.cdr_dt = :ngaynop GROUP BY fct_foreign_investor_portfolio_report_snpst.nationality_nm ORDER BY SUM(fct_foreign_investor_portfolio_report_snpst.total_portfolio_val) DESC LIMIT 5,"[THIẾT KẾ 2026-10-02 — BA đã map báo cáo động, Atomic FIMS fir_* đã thiết kế] BA dòng 48: top 5 quốc tịch theo tổng giá trị danh mục. Top-N ở lớp báo cáo"
K_NDTNN_42,DANH MỤC,Nhóm 6 — Thống kê danh mục,Top 5 NĐT theo GTDM,Phái sinh,NDTNN,Fact Foreign Investor Portfolio Report Snapshot,Total Portfolio Value,MEASURE,JOIN cdr_dt_dim ON cdr_dt_dim.cdr_dt_dim_id = fct_foreign_investor_portfolio_report_snpst.snpst_dt_dim_id → SUM(fct_foreign_investor_portfolio_report_snpst.total_portfolio_val) WHERE cdr_dt_dim.cdr_dt = :ngaynop GROUP BY fct_foreign_investor_portfolio_report_snpst.investor_nm ORDER BY SUM(fct_foreign_investor_portfolio_report_snpst.total_portfolio_val) DESC LIMIT 5,"[THIẾT KẾ 2026-10-02 — BA đã map báo cáo động, Atomic FIMS fir_* đã thiết kế] BA dòng 49: top 5 nhà đầu tư (Tên khách hàng) theo tổng giá trị danh mục"
K_NDTNN_43,DANH MỤC,Nhóm 7 — Cơ cấu danh mục theo loại hình tài sản,Giá trị tài sản,Base,NDTNN,Fact Foreign Investor Portfolio Report Snapshot,Total Portfolio Value,MEASURE,JOIN cdr_dt_dim ON cdr_dt_dim.cdr_dt_dim_id = fct_foreign_investor_portfolio_report_snpst.snpst_dt_dim_id → SUM(fct_foreign_investor_portfolio_report_snpst.total_portfolio_val) WHERE cdr_dt_dim.cdr_dt = :ngaynop,"[THIẾT KẾ 2026-10-02 — BA đã map báo cáo động, Atomic FIMS fir_* đã thiết kế] BA dòng 50: giá trị tài sản (mẫu số tỷ trọng) = tổng giá trị danh mục. Cột `bill_val` (tín phiếu) đã lưu nhưng BA không có dòng KPI riêng"
K_NDTNN_44,DANH MỤC,Nhóm 7 — Cơ cấu danh mục theo loại hình tài sản,Loại tài sản,Chiều,NDTNN,,,DERIVED,"Chiều Loại tài sản = tên cột tài sản của fct_foreign_investor_portfolio_report_snpst (bill_val, bond_val, listed_equity_fund_val, upcom_equity_val, capital_contribution_val, cash_equivalent_val) — UNPIVOT tại lớp báo cáo","[THIẾT KẾ 2026-10-02 — BA đã map báo cáo động, Atomic FIMS fir_* đã thiết kế] BA dòng 51 — chiều không lưu cột vật lý"
K_NDTNN_45,DANH MỤC,Nhóm 7 — Cơ cấu danh mục theo loại hình tài sản,GT tài sản — Cổ phiếu/CCQ niêm yết,Phái sinh,NDTNN,Fact Foreign Investor Portfolio Report Snapshot,Listed Equity Fund Value,MEASURE,JOIN cdr_dt_dim ON cdr_dt_dim.cdr_dt_dim_id = fct_foreign_investor_portfolio_report_snpst.snpst_dt_dim_id → SUM(fct_foreign_investor_portfolio_report_snpst.listed_equity_fund_val) WHERE cdr_dt_dim.cdr_dt = :ngaynop,"[THIẾT KẾ 2026-10-02 — BA đã map báo cáo động, Atomic FIMS fir_* đã thiết kế] BA dòng 52: Cổ phiếu, CCQ niêm yết. Trái phiếu = tổng 3 kỳ hạn còn lại (<12 tháng, 12–24 tháng, >24 tháng) nếu là K_NDTNN_46"
K_NDTNN_46,DANH MỤC,Nhóm 7 — Cơ cấu danh mục theo loại hình tài sản,GT tài sản — Trái phiếu,Phái sinh,NDTNN,Fact Foreign Investor Portfolio Report Snapshot,Bond Value,MEASURE,JOIN cdr_dt_dim ON cdr_dt_dim.cdr_dt_dim_id = fct_foreign_investor_portfolio_report_snpst.snpst_dt_dim_id → SUM(fct_foreign_investor_portfolio_report_snpst.bond_val) WHERE cdr_dt_dim.cdr_dt = :ngaynop,"[THIẾT KẾ 2026-10-02 — BA đã map báo cáo động, Atomic FIMS fir_* đã thiết kế] BA dòng 53: Trái phiếu. Trái phiếu = tổng 3 kỳ hạn còn lại (<12 tháng, 12–24 tháng, >24 tháng) nếu là K_NDTNN_46"
K_NDTNN_47,DANH MỤC,Nhóm 7 — Cơ cấu danh mục theo loại hình tài sản,GT tài sản — UPCoM,Phái sinh,NDTNN,Fact Foreign Investor Portfolio Report Snapshot,Upcom Equity Value,MEASURE,JOIN cdr_dt_dim ON cdr_dt_dim.cdr_dt_dim_id = fct_foreign_investor_portfolio_report_snpst.snpst_dt_dim_id → SUM(fct_foreign_investor_portfolio_report_snpst.upcom_equity_val) WHERE cdr_dt_dim.cdr_dt = :ngaynop,"[THIẾT KẾ 2026-10-02 — BA đã map báo cáo động, Atomic FIMS fir_* đã thiết kế] BA dòng 54: UPCoM. Trái phiếu = tổng 3 kỳ hạn còn lại (<12 tháng, 12–24 tháng, >24 tháng) nếu là K_NDTNN_46"
K_NDTNN_48,DANH MỤC,Nhóm 7 — Cơ cấu danh mục theo loại hình tài sản,GT tài sản — Vốn góp/CP tư/CK khác,Phái sinh,NDTNN,Fact Foreign Investor Portfolio Report Snapshot,Capital Contribution Value,MEASURE,JOIN cdr_dt_dim ON cdr_dt_dim.cdr_dt_dim_id = fct_foreign_investor_portfolio_report_snpst.snpst_dt_dim_id → SUM(fct_foreign_investor_portfolio_report_snpst.capital_contribution_val) WHERE cdr_dt_dim.cdr_dt = :ngaynop,"[THIẾT KẾ 2026-10-02 — BA đã map báo cáo động, Atomic FIMS fir_* đã thiết kế] BA dòng 55: Vốn góp, mua cổ phần, quỹ thành viên và chứng khoán khác. Trái phiếu = tổng 3 kỳ hạn còn lại (<12 tháng, 12–24 tháng, >24 tháng) nếu là K_NDTNN_46"
K_NDTNN_49,DANH MỤC,Nhóm 7 — Cơ cấu danh mục theo loại hình tài sản,GT tài sản — Tiền và tương đương,Phái sinh,NDTNN,Fact Foreign Investor Portfolio Report Snapshot,Cash Equivalent Value,MEASURE,JOIN cdr_dt_dim ON cdr_dt_dim.cdr_dt_dim_id = fct_foreign_investor_portfolio_report_snpst.snpst_dt_dim_id → SUM(fct_foreign_investor_portfolio_report_snpst.cash_equivalent_val) WHERE cdr_dt_dim.cdr_dt = :ngaynop,"[THIẾT KẾ 2026-10-02 — BA đã map báo cáo động, Atomic FIMS fir_* đã thiết kế] BA dòng 56: Tiền và tương đương tiền. Trái phiếu = tổng 3 kỳ hạn còn lại (<12 tháng, 12–24 tháng, >24 tháng) nếu là K_NDTNN_46"
K_NDTNN_50,DANH MỤC,Nhóm 8 — Phân ngành của NĐTNN,Nhóm ngành,Base,NDTNN,Public Company Dimension,Classification Business Line Name,SLICER,public_company_dim.classification_business_line_nm,"[SUA 2026-09-18] Chuyen READY - K_NDTNN_51 (measure duy nhat dung Chieu nay) da co nguon (xem O_NDTNN_12 Resolved mot phan). Reuse Public Company Dimension tu Nhom 2, cong thuc khong doi"
K_NDTNN_51,DANH MỤC,Nhóm 8 — Phân ngành của NĐTNN,Tỷ trọng danh mục theo ngành,Phái sinh,NDTNN,,,DERIVED,SUM(fct_public_company_foreign_holding_snpst.foreign_holding_value) GROUP BY public_company_dim.classification_business_line_nm / SUM(fct_public_company_foreign_holding_snpst.foreign_holding_value) GROUP BY fct_public_company_foreign_holding_snpst.snpst_dt_dim_id * 100,"[SUA 2026-09-18, Resolved mot phan O_NDTNN_12] Chuyen READY - nguon Foreign Holding Value moi bo sung tren Fact Public Company Foreign Holding Snapshot (reuse partial GSDC, cross-module) = Current Foreign Holding Quantity x Close Price (JOIN Security Trading Snapshot). Mau so SUM toan thi truong cung ky snapshot (thang)"
K_NDTNN_52,DANH MỤC,Nhóm 9 — Sở hữu NĐT nước ngoài ROOM,Mã CK,Base,NDTNN,Fact Public Company Foreign Ownership Snapshot,Ticker Symbol,SLICER,fct_public_company_foreign_ownership_snpst.ticker_symbol,[MỚI 2026-09-17] Atomic Foreign Ownership Info (VSDC) vừa thiết kế — đóng O_NDTNN_22
K_NDTNN_53,DANH MỤC,Nhóm 9 — Sở hữu NĐT nước ngoài ROOM,Tỷ lệ sở hữu (theo mã CK),Base,NDTNN,Fact Public Company Foreign Ownership Snapshot,Max Foreign Ownership Ratio,MEASURE,fct_public_company_foreign_ownership_snpst.max_foreign_ownership_ratio,"[SỬA 2026-10-02 — BA cập nhật SQL Nhóm 9/10] BA dòng 59/60: tỷ lệ sở hữu lấy trực tiếp cột nguồn `max_foreign_ownership_ratio` (ty_le_so_huu), thay công thức current × 100 / max trước đây (Đóng O_NDTNN_22)"
K_NDTNN_54,DANH MỤC,Nhóm 9 — Sở hữu NĐT nước ngoài ROOM,Room còn lại (theo mã CK),Phái sinh,NDTNN,,,DERIVED,fct_public_company_foreign_ownership_snpst.remaining_foreign_holding_quantity * 100 / fct_public_company_foreign_ownership_snpst.total_issued_share_quantity,[MỚI 2026-09-17] Công thức theo HLD: remaining_shares_foreign_can_hold x 100 / total_issued_shares. Đóng O_NDTNN_22
K_NDTNN_55,DANH MỤC,Nhóm 9 — Sở hữu NĐT nước ngoài ROOM,Room tối đa,Base,NDTNN,Fact Public Company Foreign Ownership Snapshot,Max Foreign Holding Quantity,MEASURE,fct_public_company_foreign_ownership_snpst.max_foreign_holding_quantity,"[SỬA 2026-10-02 — BA cập nhật SQL Nhóm 9/10] BA dòng 62: Room tối đa = `max_shares_foreign_can_hold` (room_toi_da) → `max_foreign_holding_quantity` (trước đây trỏ `max_foreign_ownership_ratio`, nay thuộc K_NDTNN_53). Đơn vị cổ phiếu"
K_NDTNN_56,DANH MỤC,Nhóm 9 — Sở hữu NĐT nước ngoài ROOM,Top 5 mã có room còn lại thấp nhất,Phái sinh,NDTNN,,,DERIVED,fct_public_company_foreign_ownership_snpst.remaining_foreign_holding_quantity ORDER BY fct_public_company_foreign_ownership_snpst.remaining_foreign_holding_quantity ASC FETCH FIRST 5 ROWS ONLY,"[SỬA 2026-10-02 — BA cập nhật SQL Nhóm 9/10] BA dòng 63: SQL `order by remaining_shares_foreign_can_hold asc limit 5`, BỎ điều kiện `max_shares_foreign_can_hold > 0` (mã kín room nay nằm trong Top 5); xếp theo số cổ phiếu còn lại như SQL BA"
K_NDTNN_57,DANH MỤC,Nhóm 9 — Sở hữu NĐT nước ngoài ROOM,Room theo ngành (%),Phái sinh,NDTNN,,,DERIVED,LOOKUP public_company_dim ON public_company_dim.public_company_dim_id = fct_public_company_foreign_ownership_snpst.public_company_dim_id → SUM(fct_public_company_foreign_ownership_snpst.current_foreign_holding_quantity) * 100 / SUM(fct_public_company_foreign_ownership_snpst.max_foreign_holding_quantity) GROUP BY public_company_dim.classification_business_line_nm,[MỚI 2026-09-17] Public Company Dimension reuse từ GSDC (Nhóm 8). Đóng O_NDTNN_22
K_NDTNN_54,DANH MỤC,Nhóm 10 — Cảnh báo ngưỡng Room còn lại của NĐTNN,Room còn lại (cổ phiếu),Phái sinh,NDTNN,,,DERIVED,fct_public_company_foreign_ownership_snpst.remaining_foreign_holding_quantity WHERE fct_public_company_foreign_ownership_snpst.max_foreign_holding_quantity = 0 ORDER BY fct_public_company_foreign_ownership_snpst.remaining_foreign_holding_quantity ASC,"[SỬA 2026-10-02 — BA cập nhật SQL Nhóm 9/10] BA dòng 65: BỎ `limit 5` — trả toàn bộ mã kín room (max_shares_foreign_can_hold = 0), sắp xếp room còn lại tăng dần; giá trị là số cổ phiếu còn lại theo SQL BA"
K_NDTNN_58,NĐTNN 360,Nhóm 11 — Hồ sơ định danh,Thông tin nhà đầu tư,Thuộc tính,NDTNN,Operational Foreign Investor 360 Profile,Investor Name,SLICER,opr_foreign_investor_360_profile.investor_nm,
K_NDTNN_59,NĐTNN 360,Nhóm 11 — Hồ sơ định danh,Quốc tịch,Thuộc tính,NDTNN,Operational Foreign Investor 360 Profile,Nationality Name,SLICER,opr_foreign_investor_360_profile.nationality_nm,Sửa 2026-10-01: BA NATIONAL.Name — tên quốc tịch (ECAT qua nationality_id); nationality_code giữ làm khóa lọc
K_NDTNN_60,NĐTNN 360,Nhóm 11 — Hồ sơ định danh,Mã số giao dịch (MSGD),Thuộc tính,NDTNN,Operational Foreign Investor 360 Profile,Investor Code,SLICER,opr_foreign_investor_360_profile.investor_code,
K_NDTNN_61,NĐTNN 360,Nhóm 11 — Hồ sơ định danh,Ngân hàng lưu ký,Thuộc tính,NDTNN,Operational Foreign Investor 360 Profile,Custodian Bank Name,SLICER,opr_foreign_investor_360_profile.custodian_bank_nm,
K_NDTNN_62,NĐTNN 360,Nhóm 11 — Hồ sơ định danh,Loại hình NĐT,Thuộc tính,NDTNN,Operational Foreign Investor 360 Profile,Investor Type Name,SLICER,opr_foreign_investor_360_profile.investor_tp_nm,"Sửa 2026-10-01: BA INVESTORTYPE.Name — tên loại hình (cl_value FIMS_INVESTOR_TYPE); investor_tp_code giữ làm khóa lọc [SỬA 2026-10-07, đồng bộ Atomic FIMS UAT 20261006] Tên lấy từ entity cl_fims_investor_type (cl_fims_investor_tp_nm) thay cl_value FIMS_INVESTOR_TYPE (scheme đã deprecated); investor_tp_code nay = cl_fims_investor_tp_code (SName) — O_NDTNN_40."
K_NDTNN_63,NĐTNN 360,Nhóm 11 — Hồ sơ định danh,Đại diện giao dịch,Thuộc tính,NDTNN,Operational Foreign Investor 360 Profile,Director Name,SLICER,opr_foreign_investor_360_profile.director_nm,
K_NDTNN_60,NĐTNN 360,Nhóm 11 — Hồ sơ định danh,Mã số giao dịch (MSGD),Thuộc tính,NDTNN,Operational Foreign Investor 360 Profile,Source System Code,FILTER,src_stm_code = 'FIMS_INVESTOR',Forward-compat: lọc đúng nguồn khi bảng có nhiều src_stm_code
K_NDTNN_255,NĐTNN 360,Nhóm 11 — Hồ sơ định danh,Trạng thái xác thực đại diện giao dịch,Thuộc tính,NDTNN,Operational Foreign Investor 360 Profile,Investor Status Name,SLICER,opr_foreign_investor_360_profile.investor_status_nm,"BA STT 11 dòng 72 (STATUS.Name qua INVESTOR.StatusId) — Atomic chỉ có Activity Status ở cấp Investor không tách riêng theo Director; dùng làm proxy hiển thị ở thẻ Đại diện giao dịch theo mockup | Sửa 2026-10-01: BA STATUS.Name — hiển thị tên (cl_value FIMS_ACTIVITY_STATUS); investor_status_code giữ làm khóa lọc [SỬA 2026-10-07, đồng bộ Atomic FIMS UAT 20261006] Tên lấy từ entity cl_fims_status (cl_fims_status_nm ← FIMS.STATUS.Name) thay cl_value FIMS_ACTIVITY_STATUS (scheme đã deprecated); investor_status_code nay = cl_fims_status_code — O_NDTNN_40."
K_NDTNN_60,NĐTNN 360,Nhóm 11 — Hồ sơ định danh,Mã số giao dịch (MSGD),Thuộc tính,NDTNN,Operational Foreign Investor 360 Profile,Identification Number,SLICER,opr_foreign_investor_360_profile.identification_nbr,"[MỚI 2026-10-01] Khóa nối kỹ thuật (số giấy tờ ĐÃ MASKED, không hiển thị) → opr_investor_compliance_hist.subject_id_nbr (Nhóm 13) [SỬA 2026-10-07, đồng bộ Atomic FIMS UAT 20261006] Chỉ lấy dòng IdNo (identification_tp_code ≠ BUSINESS_LICENSE): Atomic nay có thêm dòng BusinessNumber cho NĐT tổ chức — tránh nhân dòng, giữ khóa nối Nhóm 13 (O_NDTNN_40)."
K_NDTNN_64,NĐTNN 360,Nhóm 12 — Biến động tài sản,Thông tin nhà đầu tư,Thuộc tính,NDTNN,Foreign Investor Dimension,Investor Name,SLICER,foreign_investor_dim.investor_nm,"[SỬA 2026-10-02 — giữ Dimension] BA dòng 73 ""Tên, MSGD của NĐTNN"" (Doing): dùng lại `Foreign Investor Dimension` (FIMS.INVESTOR — tên `investor_nm`, mã số GD `investor_id`) làm slicer chọn nhà đầu tư; K_NDTNN_65 lọc `fct_foreign_investor_portfolio_report_snpst.investor_nm = :ten_ndt` (nối theo tên khách hàng vì Fact báo cáo chưa có cột MSGD). O_NDTNN_38"
K_NDTNN_65,NĐTNN 360,Nhóm 12 — Biến động tài sản,Tổng giá trị danh mục,Phái sinh,NDTNN,Fact Foreign Investor Portfolio Report Snapshot,Total Portfolio Value,MEASURE,JOIN cdr_dt_dim ON cdr_dt_dim.cdr_dt_dim_id = fct_foreign_investor_portfolio_report_snpst.snpst_dt_dim_id → SUM(fct_foreign_investor_portfolio_report_snpst.total_portfolio_val) WHERE cdr_dt_dim.cdr_dt = :ngaynop AND fct_foreign_investor_portfolio_report_snpst.investor_nm = :ten_ndt GROUP BY fct_foreign_investor_portfolio_report_snpst.investor_nm,"[THIẾT KẾ 2026-10-02 — BA đã map báo cáo động, Atomic FIMS fir_* đã thiết kế] BA dòng 74: PIVOT ""Tên khách hàng"" + ""Tổng giá trị danh mục > Giá trị"" (PLIII-TT51 59WJB/BZ5X4 sheet II) theo từng nhà đầu tư. BA còn Doing — thiết kế theo SQL tham khảo hiện có. O_NDTNN_38"
K_NDTNN_66,NĐTNN 360,Nhóm 13 — Lịch sử tuân thủ,Thông tin nhà đầu tư,Base,NDTNN,Operational Investor Compliance History,Subject Name,SLICER,opr_investor_compliance_hist.subject_nm,"Đánh giá Trùng — tên/MSGD NĐTNN, dùng chung hồ sơ 360"
K_NDTNN_67,NĐTNN 360,Nhóm 13 — Lịch sử tuân thủ,Ngày quyết định,Base,NDTNN,Operational Investor Compliance History,Issued Date,SLICER,opr_investor_compliance_hist.issued_dt,Sửa 2026-10-01: lọc Issued Date BETWEEN :pdate1 AND :pdate2 (BA)
K_NDTNN_68,NĐTNN 360,Nhóm 13 — Lịch sử tuân thủ,Phân loại,Base,NDTNN,Operational Investor Compliance History,Penalty Type Name,SLICER,opr_investor_compliance_hist.penalty_tp_nm,Sửa 2026-10-01: LEFT JOIN hành vi → penalty_type (BA)
K_NDTNN_69,NĐTNN 360,Nhóm 13 — Lịch sử tuân thủ,Nội dung/Trích yếu,Base,NDTNN,Operational Investor Compliance History,Description,SLICER,opr_investor_compliance_hist.description,
K_NDTNN_70,NĐTNN 360,Nhóm 13 — Lịch sử tuân thủ,Mức độ,Base,NDTNN,,,,,Out-of-scope — BA không có trường xác định mức độ vi phạm
K_NDTNN_71,NĐTNN 360,Nhóm 13 — Lịch sử tuân thủ,Trạng thái,Base,NDTNN,Operational Investor Compliance History,Life Cycle Status Code,SLICER,opr_investor_compliance_hist.life_cycle_status_code,
K_NDTNN_66,NĐTNN 360,Nhóm 13 — Lịch sử tuân thủ,Thông tin nhà đầu tư,Base,NDTNN,Operational Investor Compliance History,Subject Id Number,FILTER,opr_investor_compliance_hist.subject_id_nbr = :selected_investor_identification_nbr,"Sửa 2026-10-01: lọc theo số giấy tờ ĐÃ MASKED của NĐT đang chọn (opr_foreign_investor_360_profile.identification_nbr, Nhóm 11) — Data Modeler xác nhận; thay lọc tạm theo tên và FILTER nhầm theo mã hành vi (O_NDTNN_36)"
K_NDTNN_66,NĐTNN 360,Nhóm 13 — Lịch sử tuân thủ,Thông tin nhà đầu tư,Base,NDTNN,Operational Investor Compliance History,Source System Code,FILTER,src_stm_code = 'THANHTRA_PENALTY_DECISION_SUBJECT',Forward-compat: lọc đúng nguồn khi bảng có nhiều src_stm_code
K_NDTNN_72,BÁO CÁO,Nhóm 14 — Báo cáo thống kê tình hình giao dịch của NĐTNN trên thị trường chứng khoán,Cổ phiếu - GT NĐTNN mua chứng khoán,Base,NDTNN,Foreign Investor Trading Statistics Report,Buy Value,MEASURE,foreign_investor_trading_statistics_rpt.buy_val WHERE foreign_investor_trading_statistics_rpt.security_tp_group = 'STOCK',
K_NDTNN_72,BÁO CÁO,Nhóm 14 — Báo cáo thống kê tình hình giao dịch của NĐTNN trên thị trường chứng khoán,Cổ phiếu - GT NĐTNN mua chứng khoán,Base,NDTNN,Foreign Investor Trading Statistics Report,Report Date,FILTER,foreign_investor_trading_statistics_rpt.report_dt BETWEEN :pdat1 AND :pdat2,"[SỬA 2026-09-17, đồng bộ BA mới] BA cập nhật filter thành khoảng ngày (Từ ngày :pdat1 - Đến ngày :pdat2) cho cả HOSE/HNX, thay cho tham số đơn :pdate cũ — báo cáo thống kê tổng hợp theo kỳ, không phải 1 ngày đơn"
K_NDTNN_73,BÁO CÁO,Nhóm 14 — Báo cáo thống kê tình hình giao dịch của NĐTNN trên thị trường chứng khoán,Cổ phiếu - GT NĐTNN bán chứng khoán,Base,NDTNN,Foreign Investor Trading Statistics Report,Sell Value,MEASURE,foreign_investor_trading_statistics_rpt.sell_val WHERE foreign_investor_trading_statistics_rpt.security_tp_group = 'STOCK',
K_NDTNN_73,BÁO CÁO,Nhóm 14 — Báo cáo thống kê tình hình giao dịch của NĐTNN trên thị trường chứng khoán,Cổ phiếu - GT NĐTNN bán chứng khoán,Base,NDTNN,Foreign Investor Trading Statistics Report,Report Date,FILTER,foreign_investor_trading_statistics_rpt.report_dt BETWEEN :pdat1 AND :pdat2,"[SỬA 2026-09-17, đồng bộ BA mới] BA cập nhật filter thành khoảng ngày (Từ ngày :pdat1 - Đến ngày :pdat2) cho cả HOSE/HNX, thay cho tham số đơn :pdate cũ — báo cáo thống kê tổng hợp theo kỳ, không phải 1 ngày đơn"
K_NDTNN_74,BÁO CÁO,Nhóm 14 — Báo cáo thống kê tình hình giao dịch của NĐTNN trên thị trường chứng khoán,Cổ phiếu - GT NĐTNN mua/bán ròng chứng khoán,Phái sinh,NDTNN,,,DERIVED,foreign_investor_trading_statistics_rpt.buy_val - foreign_investor_trading_statistics_rpt.sell_val WHERE foreign_investor_trading_statistics_rpt.security_tp_group = 'STOCK' AND foreign_investor_trading_statistics_rpt.report_dt = :pdate,
K_NDTNN_75,BÁO CÁO,Nhóm 14 — Báo cáo thống kê tình hình giao dịch của NĐTNN trên thị trường chứng khoán,Trái phiếu - GT NĐTNN mua chứng khoán,Base,NDTNN,Foreign Investor Trading Statistics Report,Buy Value,MEASURE,foreign_investor_trading_statistics_rpt.buy_val WHERE foreign_investor_trading_statistics_rpt.security_tp_group = 'BOND',
K_NDTNN_75,BÁO CÁO,Nhóm 14 — Báo cáo thống kê tình hình giao dịch của NĐTNN trên thị trường chứng khoán,Trái phiếu - GT NĐTNN mua chứng khoán,Base,NDTNN,Foreign Investor Trading Statistics Report,Report Date,FILTER,foreign_investor_trading_statistics_rpt.report_dt BETWEEN :pdat1 AND :pdat2,"[SỬA 2026-09-17, đồng bộ BA mới] BA cập nhật filter thành khoảng ngày (Từ ngày :pdat1 - Đến ngày :pdat2) cho cả HOSE/HNX, thay cho tham số đơn :pdate cũ — báo cáo thống kê tổng hợp theo kỳ, không phải 1 ngày đơn"
K_NDTNN_76,BÁO CÁO,Nhóm 14 — Báo cáo thống kê tình hình giao dịch của NĐTNN trên thị trường chứng khoán,Trái phiếu - GT NĐTNN bán chứng khoán,Base,NDTNN,Foreign Investor Trading Statistics Report,Sell Value,MEASURE,foreign_investor_trading_statistics_rpt.sell_val WHERE foreign_investor_trading_statistics_rpt.security_tp_group = 'BOND',
K_NDTNN_76,BÁO CÁO,Nhóm 14 — Báo cáo thống kê tình hình giao dịch của NĐTNN trên thị trường chứng khoán,Trái phiếu - GT NĐTNN bán chứng khoán,Base,NDTNN,Foreign Investor Trading Statistics Report,Report Date,FILTER,foreign_investor_trading_statistics_rpt.report_dt BETWEEN :pdat1 AND :pdat2,"[SỬA 2026-09-17, đồng bộ BA mới] BA cập nhật filter thành khoảng ngày (Từ ngày :pdat1 - Đến ngày :pdat2) cho cả HOSE/HNX, thay cho tham số đơn :pdate cũ — báo cáo thống kê tổng hợp theo kỳ, không phải 1 ngày đơn"
K_NDTNN_77,BÁO CÁO,Nhóm 14 — Báo cáo thống kê tình hình giao dịch của NĐTNN trên thị trường chứng khoán,Trái phiếu - GT NĐTNN mua/bán ròng chứng khoán,Phái sinh,NDTNN,,,DERIVED,foreign_investor_trading_statistics_rpt.buy_val - foreign_investor_trading_statistics_rpt.sell_val WHERE foreign_investor_trading_statistics_rpt.security_tp_group = 'BOND' AND foreign_investor_trading_statistics_rpt.report_dt = :pdate,
K_NDTNN_78,BÁO CÁO,Nhóm 14 — Báo cáo thống kê tình hình giao dịch của NĐTNN trên thị trường chứng khoán,CCQ - GT NĐTNN mua chứng khoán,Base,NDTNN,Foreign Investor Trading Statistics Report,Buy Value,MEASURE,foreign_investor_trading_statistics_rpt.buy_val WHERE foreign_investor_trading_statistics_rpt.security_tp_group = 'FUND_CERT',
K_NDTNN_78,BÁO CÁO,Nhóm 14 — Báo cáo thống kê tình hình giao dịch của NĐTNN trên thị trường chứng khoán,CCQ - GT NĐTNN mua chứng khoán,Base,NDTNN,Foreign Investor Trading Statistics Report,Report Date,FILTER,foreign_investor_trading_statistics_rpt.report_dt BETWEEN :pdat1 AND :pdat2,"[SỬA 2026-09-17, đồng bộ BA mới] BA cập nhật filter thành khoảng ngày (Từ ngày :pdat1 - Đến ngày :pdat2) cho cả HOSE/HNX, thay cho tham số đơn :pdate cũ — báo cáo thống kê tổng hợp theo kỳ, không phải 1 ngày đơn"
K_NDTNN_79,BÁO CÁO,Nhóm 14 — Báo cáo thống kê tình hình giao dịch của NĐTNN trên thị trường chứng khoán,CCQ - GT NĐTNN bán chứng khoán,Base,NDTNN,Foreign Investor Trading Statistics Report,Sell Value,MEASURE,foreign_investor_trading_statistics_rpt.sell_val WHERE foreign_investor_trading_statistics_rpt.security_tp_group = 'FUND_CERT',
K_NDTNN_79,BÁO CÁO,Nhóm 14 — Báo cáo thống kê tình hình giao dịch của NĐTNN trên thị trường chứng khoán,CCQ - GT NĐTNN bán chứng khoán,Base,NDTNN,Foreign Investor Trading Statistics Report,Report Date,FILTER,foreign_investor_trading_statistics_rpt.report_dt BETWEEN :pdat1 AND :pdat2,"[SỬA 2026-09-17, đồng bộ BA mới] BA cập nhật filter thành khoảng ngày (Từ ngày :pdat1 - Đến ngày :pdat2) cho cả HOSE/HNX, thay cho tham số đơn :pdate cũ — báo cáo thống kê tổng hợp theo kỳ, không phải 1 ngày đơn"
K_NDTNN_80,BÁO CÁO,Nhóm 14 — Báo cáo thống kê tình hình giao dịch của NĐTNN trên thị trường chứng khoán,CCQ - GT NĐTNN mua/bán ròng chứng khoán,Phái sinh,NDTNN,,,DERIVED,foreign_investor_trading_statistics_rpt.buy_val - foreign_investor_trading_statistics_rpt.sell_val WHERE foreign_investor_trading_statistics_rpt.security_tp_group = 'FUND_CERT' AND foreign_investor_trading_statistics_rpt.report_dt = :pdate,
K_NDTNN_81,BÁO CÁO,Nhóm 14 — Báo cáo thống kê tình hình giao dịch của NĐTNN trên thị trường chứng khoán,Tổng - GT NĐTNN mua chứng khoán,Base,NDTNN,Foreign Investor Trading Statistics Report,Buy Value,MEASURE,foreign_investor_trading_statistics_rpt.buy_val WHERE foreign_investor_trading_statistics_rpt.security_tp_group = 'TOTAL',
K_NDTNN_81,BÁO CÁO,Nhóm 14 — Báo cáo thống kê tình hình giao dịch của NĐTNN trên thị trường chứng khoán,Tổng - GT NĐTNN mua chứng khoán,Base,NDTNN,Foreign Investor Trading Statistics Report,Report Date,FILTER,foreign_investor_trading_statistics_rpt.report_dt BETWEEN :pdat1 AND :pdat2,"[SỬA 2026-09-17, đồng bộ BA mới] BA cập nhật filter thành khoảng ngày (Từ ngày :pdat1 - Đến ngày :pdat2) cho cả HOSE/HNX, thay cho tham số đơn :pdate cũ — báo cáo thống kê tổng hợp theo kỳ, không phải 1 ngày đơn"
K_NDTNN_82,BÁO CÁO,Nhóm 14 — Báo cáo thống kê tình hình giao dịch của NĐTNN trên thị trường chứng khoán,Tổng - GT NĐTNN bán chứng khoán,Base,NDTNN,Foreign Investor Trading Statistics Report,Sell Value,MEASURE,foreign_investor_trading_statistics_rpt.sell_val WHERE foreign_investor_trading_statistics_rpt.security_tp_group = 'TOTAL',
K_NDTNN_82,BÁO CÁO,Nhóm 14 — Báo cáo thống kê tình hình giao dịch của NĐTNN trên thị trường chứng khoán,Tổng - GT NĐTNN bán chứng khoán,Base,NDTNN,Foreign Investor Trading Statistics Report,Report Date,FILTER,foreign_investor_trading_statistics_rpt.report_dt BETWEEN :pdat1 AND :pdat2,"[SỬA 2026-09-17, đồng bộ BA mới] BA cập nhật filter thành khoảng ngày (Từ ngày :pdat1 - Đến ngày :pdat2) cho cả HOSE/HNX, thay cho tham số đơn :pdate cũ — báo cáo thống kê tổng hợp theo kỳ, không phải 1 ngày đơn"
K_NDTNN_83,BÁO CÁO,Nhóm 14 — Báo cáo thống kê tình hình giao dịch của NĐTNN trên thị trường chứng khoán,Tổng - GT NĐTNN mua/bán ròng chứng khoán,Phái sinh,NDTNN,,,DERIVED,foreign_investor_trading_statistics_rpt.buy_val - foreign_investor_trading_statistics_rpt.sell_val WHERE foreign_investor_trading_statistics_rpt.security_tp_group = 'TOTAL' AND foreign_investor_trading_statistics_rpt.report_dt = :pdate,
K_NDTNN_72,BÁO CÁO,Nhóm 14 — Báo cáo thống kê tình hình giao dịch của NĐTNN trên thị trường chứng khoán,Cổ phiếu - GT NĐTNN mua chứng khoán,Base,NDTNN,Foreign Investor Trading Statistics Report,Source System Code,FILTER,"src_stm_code IN ('ORDERTRADE_TRADE_BOOK_HOSE','ORDERTRADE_TRADE_BOOK_HNX')",Forward-compat: lọc đúng nguồn khi bảng có nhiều src_stm_code
K_NDTNN_84,BÁO CÁO,Nhóm 15 — Báo cáo thống kê tình hình giao dịch của NĐTNN trên thị trường chứng khoán – biểu chi tiết,Tài khoản giao dịch NĐTNN,Base,NDTNN,Foreign Investor Trading Detail Report,Account Number,SLICER,foreign_investor_trading_detail_rpt.account_nbr,
K_NDTNN_85,BÁO CÁO,Nhóm 15 — Báo cáo thống kê tình hình giao dịch của NĐTNN trên thị trường chứng khoán – biểu chi tiết,Mã CK,Base,NDTNN,Foreign Investor Trading Detail Report,Symbol,SLICER,foreign_investor_trading_detail_rpt.symbol,"Symbol lấy qua JOIN Securities Dimension (HOSE symbol; HNX isin_code → symbol), denormalize text — không lưu FK securities_dim_id"
K_NDTNN_86,BÁO CÁO,Nhóm 15 — Báo cáo thống kê tình hình giao dịch của NĐTNN trên thị trường chứng khoán – biểu chi tiết,KL mua chứng khoán,Base,NDTNN,Foreign Investor Trading Detail Report,Execution Volume,MEASURE,SUM(foreign_investor_trading_detail_rpt.execution_vol),"Sửa 2026-10-01: SUM theo khoảng ngày, gộp theo (tài khoản, mã CK) — BA SQL mới"
K_NDTNN_86,BÁO CÁO,Nhóm 15 — Báo cáo thống kê tình hình giao dịch của NĐTNN trên thị trường chứng khoán – biểu chi tiết,KL mua chứng khoán,Base,NDTNN,Foreign Investor Trading Detail Report,Trade Direction Code,FILTER,foreign_investor_trading_detail_rpt.trade_direction_code = 'BUY',
K_NDTNN_87,BÁO CÁO,Nhóm 15 — Báo cáo thống kê tình hình giao dịch của NĐTNN trên thị trường chứng khoán – biểu chi tiết,KL bán CK,Base,NDTNN,Foreign Investor Trading Detail Report,Execution Volume,MEASURE,SUM(foreign_investor_trading_detail_rpt.execution_vol),"Sửa 2026-10-01: SUM theo khoảng ngày, gộp theo (tài khoản, mã CK) — BA SQL mới"
K_NDTNN_87,BÁO CÁO,Nhóm 15 — Báo cáo thống kê tình hình giao dịch của NĐTNN trên thị trường chứng khoán – biểu chi tiết,KL bán CK,Base,NDTNN,Foreign Investor Trading Detail Report,Trade Direction Code,FILTER,foreign_investor_trading_detail_rpt.trade_direction_code = 'SELL',
K_NDTNN_88,BÁO CÁO,Nhóm 15 — Báo cáo thống kê tình hình giao dịch của NĐTNN trên thị trường chứng khoán – biểu chi tiết,GT mua chứng khoán,Base,NDTNN,Foreign Investor Trading Detail Report,Execution Value,MEASURE,SUM(foreign_investor_trading_detail_rpt.execution_val),"Sửa 2026-10-01: SUM theo khoảng ngày, gộp theo (tài khoản, mã CK) — BA SQL mới"
K_NDTNN_88,BÁO CÁO,Nhóm 15 — Báo cáo thống kê tình hình giao dịch của NĐTNN trên thị trường chứng khoán – biểu chi tiết,GT mua chứng khoán,Base,NDTNN,Foreign Investor Trading Detail Report,Trade Direction Code,FILTER,foreign_investor_trading_detail_rpt.trade_direction_code = 'BUY',
K_NDTNN_89,BÁO CÁO,Nhóm 15 — Báo cáo thống kê tình hình giao dịch của NĐTNN trên thị trường chứng khoán – biểu chi tiết,GT bán chứng khoán,Base,NDTNN,Foreign Investor Trading Detail Report,Execution Value,MEASURE,SUM(foreign_investor_trading_detail_rpt.execution_val),"Sửa 2026-10-01: SUM theo khoảng ngày, gộp theo (tài khoản, mã CK) — BA SQL mới"
K_NDTNN_89,BÁO CÁO,Nhóm 15 — Báo cáo thống kê tình hình giao dịch của NĐTNN trên thị trường chứng khoán – biểu chi tiết,GT bán chứng khoán,Base,NDTNN,Foreign Investor Trading Detail Report,Trade Direction Code,FILTER,foreign_investor_trading_detail_rpt.trade_direction_code = 'SELL',
K_NDTNN_84,BÁO CÁO,Nhóm 15 — Báo cáo thống kê tình hình giao dịch của NĐTNN trên thị trường chứng khoán – biểu chi tiết,Tài khoản giao dịch NĐTNN,Base,NDTNN,Foreign Investor Trading Detail Report,Report Date,FILTER,foreign_investor_trading_detail_rpt.report_dt BETWEEN :pdat1 AND :pdat2,Sửa 2026-10-01: BA lọc trade_date BETWEEN :pdat1 AND :pdat2 (trước đây = :pdate 1 ngày)
K_NDTNN_84,BÁO CÁO,Nhóm 15 — Báo cáo thống kê tình hình giao dịch của NĐTNN trên thị trường chứng khoán – biểu chi tiết,Tài khoản giao dịch NĐTNN,Base,NDTNN,Foreign Investor Trading Detail Report,Source System Code,FILTER,"src_stm_code IN ('ORDERTRADE_TRADE_BOOK_HOSE','ORDERTRADE_TRADE_BOOK_HNX')",Forward-compat: lọc đúng nguồn khi bảng có nhiều src_stm_code
K_NDTNN_86,BÁO CÁO,Nhóm 15 — Báo cáo thống kê tình hình giao dịch của NĐTNN trên thị trường chứng khoán – biểu chi tiết,KL mua chứng khoán,Base,NDTNN,Foreign Investor Trading Detail Report,Account Number,GROUP_BY,"GROUP BY foreign_investor_trading_detail_rpt.account_nbr, foreign_investor_trading_detail_rpt.symbol","[MỚI 2026-10-01] BA SQL gộp theo (tai_khoan_giao_dich, ma_ck) trên khoảng ngày"
K_NDTNN_87,BÁO CÁO,Nhóm 15 — Báo cáo thống kê tình hình giao dịch của NĐTNN trên thị trường chứng khoán – biểu chi tiết,KL bán CK,Base,NDTNN,Foreign Investor Trading Detail Report,Account Number,GROUP_BY,"GROUP BY foreign_investor_trading_detail_rpt.account_nbr, foreign_investor_trading_detail_rpt.symbol","[MỚI 2026-10-01] BA SQL gộp theo (tai_khoan_giao_dich, ma_ck) trên khoảng ngày"
K_NDTNN_88,BÁO CÁO,Nhóm 15 — Báo cáo thống kê tình hình giao dịch của NĐTNN trên thị trường chứng khoán – biểu chi tiết,GT mua chứng khoán,Base,NDTNN,Foreign Investor Trading Detail Report,Account Number,GROUP_BY,"GROUP BY foreign_investor_trading_detail_rpt.account_nbr, foreign_investor_trading_detail_rpt.symbol","[MỚI 2026-10-01] BA SQL gộp theo (tai_khoan_giao_dich, ma_ck) trên khoảng ngày"
K_NDTNN_89,BÁO CÁO,Nhóm 15 — Báo cáo thống kê tình hình giao dịch của NĐTNN trên thị trường chứng khoán – biểu chi tiết,GT bán chứng khoán,Base,NDTNN,Foreign Investor Trading Detail Report,Account Number,GROUP_BY,"GROUP BY foreign_investor_trading_detail_rpt.account_nbr, foreign_investor_trading_detail_rpt.symbol","[MỚI 2026-10-01] BA SQL gộp theo (tai_khoan_giao_dich, ma_ck) trên khoảng ngày"
K_NDTNN_90,DATA EXPLORER,Nhóm 16 — Data Explorer Dòng vốn ròng của NĐTNN,Tháng,,NDTNN,Fact Foreign Investor Capital Flow Snapshot,Period Value,SLICER,fct_foreign_investor_capital_flow_snpst.period_val,"[THIẾT KẾ 2026-10-02 — BA đã map báo cáo động, Atomic FIMS fir_* đã thiết kế] BA dòng 99: RPTMEMBER.PeriodValue → `period_val` (VD T09/2026)"
K_NDTNN_91,DATA EXPLORER,Nhóm 16 — Data Explorer Dòng vốn ròng của NĐTNN,Quốc gia,Phái sinh,NDTNN,Fact Foreign Investor Capital Flow Snapshot,Nationality Name,SLICER,fct_foreign_investor_capital_flow_snpst.nationality_nm,"[THIẾT KẾ 2026-10-02 — BA đã map báo cáo động, Atomic FIMS fir_* đã thiết kế] BA dòng 100: tổng hợp vốn vào/rút ròng theo Quốc gia"
K_NDTNN_92,DATA EXPLORER,Nhóm 16 — Data Explorer Dòng vốn ròng của NĐTNN,Nhà đầu tư,Phái sinh,NDTNN,Fact Foreign Investor Capital Flow Snapshot,Investor Name,SLICER,fct_foreign_investor_capital_flow_snpst.investor_nm,"[THIẾT KẾ 2026-10-02 — BA đã map báo cáo động, Atomic FIMS fir_* đã thiết kế] BA dòng 101: tổng hợp theo nhà đầu tư"
K_NDTNN_93,DATA EXPLORER,Nhóm 16 — Data Explorer Dòng vốn ròng của NĐTNN,Vốn đầu tư vào ròng,Phái sinh,NDTNN,Fact Foreign Investor Capital Flow Snapshot,Capital Flow Net Value,MEASURE,"→ GREATEST(SUM(fct_foreign_investor_capital_flow_snpst.capital_flow_net_val), 0) GROUP BY fct_foreign_investor_capital_flow_snpst.period_val, fct_foreign_investor_capital_flow_snpst.nationality_nm, fct_foreign_investor_capital_flow_snpst.investor_nm","[THIẾT KẾ 2026-10-02 — BA đã map báo cáo động, Atomic FIMS fir_* đã thiết kế] BA dòng 102: cột (3) GT dòng vốn vào. Vào ròng = phần dương của tổng (giả định — O_NDTNN_38)"
K_NDTNN_94,DATA EXPLORER,Nhóm 16 — Data Explorer Dòng vốn ròng của NĐTNN,Vốn đầu tư rút ròng,Phái sinh,NDTNN,Fact Foreign Investor Capital Flow Snapshot,Capital Flow Net Value,MEASURE,"→ GREATEST(-SUM(fct_foreign_investor_capital_flow_snpst.capital_flow_net_val), 0) GROUP BY fct_foreign_investor_capital_flow_snpst.period_val, fct_foreign_investor_capital_flow_snpst.nationality_nm, fct_foreign_investor_capital_flow_snpst.investor_nm","[THIẾT KẾ 2026-10-02 — BA đã map báo cáo động, Atomic FIMS fir_* đã thiết kế] BA dòng 103: rút ròng = phần âm của tổng, lấy giá trị tuyệt đối (giả định — O_NDTNN_38)"
K_NDTNN_95,DATA EXPLORER,Nhóm 17 — Data Explorer Tổng giá trị danh mục của NĐTNN,Tháng,,NDTNN,Fact Foreign Investor Portfolio Report Snapshot,Period Value,SLICER,fct_foreign_investor_portfolio_report_snpst.period_val,"[THIẾT KẾ 2026-10-02 — BA đã map báo cáo động, Atomic FIMS fir_* đã thiết kế] BA dòng 104: RPTMEMBER.PeriodValue → `period_val`"
K_NDTNN_96,DATA EXPLORER,Nhóm 17 — Data Explorer Tổng giá trị danh mục của NĐTNN,Quốc gia,Phái sinh,NDTNN,Fact Foreign Investor Portfolio Report Snapshot,Nationality Name,SLICER,fct_foreign_investor_portfolio_report_snpst.nationality_nm,"[THIẾT KẾ 2026-10-02 — BA đã map báo cáo động, Atomic FIMS fir_* đã thiết kế] BA dòng 105: GROUP BY Quốc tịch"
K_NDTNN_97,DATA EXPLORER,Nhóm 17 — Data Explorer Tổng giá trị danh mục của NĐTNN,Tên NĐT,Phái sinh,NDTNN,Fact Foreign Investor Portfolio Report Snapshot,Investor Name,SLICER,fct_foreign_investor_portfolio_report_snpst.investor_nm,"[THIẾT KẾ 2026-10-02 — BA đã map báo cáo động, Atomic FIMS fir_* đã thiết kế] BA dòng 106: GROUP BY Tên khách hàng"
K_NDTNN_98,DATA EXPLORER,Nhóm 17 — Data Explorer Tổng giá trị danh mục của NĐTNN,Tổng giá trị danh mục,Base,NDTNN,Fact Foreign Investor Portfolio Report Snapshot,Total Portfolio Value,MEASURE,"→ SUM(fct_foreign_investor_portfolio_report_snpst.total_portfolio_val) GROUP BY fct_foreign_investor_portfolio_report_snpst.period_val, fct_foreign_investor_portfolio_report_snpst.nationality_nm, fct_foreign_investor_portfolio_report_snpst.investor_nm","[THIẾT KẾ 2026-10-02 — BA đã map báo cáo động, Atomic FIMS fir_* đã thiết kế] BA dòng 107: cột Tổng giá trị danh mục, dòng Tổng= (1)+(2) → dòng báo cáo (bỏ dòng tổng để không cộng trùng)"
K_NDTNN_99,DATA EXPLORER,Nhóm 18 — Data Explorer Pass-through PLV-TT51,Loại báo cáo,Chiều,NDTNN,Foreign Investor Report Structure Dimension,Report Type Name,SLICER,foreign_investor_report_structure_dim.report_type_nm WHERE foreign_investor_report_structure_dim.rpt_nm = 'Hoạt động quản lý danh mục đầu tư/chỉ định đầu tư cho nhà đầu tư nước ngoài (PLV-TT51/2021/TT-BTC)',"[THIẾT KẾ 2026-10-02 — BA đã map báo cáo động, Atomic FIMS fir_* đã thiết kế] Data Explorer: metadata của báo cáo động trong generic store FIMS (Fact Foreign Investor Report Value). Báo cáo xác định theo tên (BA ""Tên báo cáo""); cần profile dữ liệu để chốt Report Code — O_NDTNN_27/38. Loại báo cáo = `report_type_nm` (Định kỳ/Bất thường) — BA: REPORTTYPE.NAME; Atomic fir_* không có nguồn nên suy ra theo danh sách báo cáo bất thường của BA (LLD Foreign Investor Report Structure Dimension) — O_NDTNN_38"
K_NDTNN_100,DATA EXPLORER,Nhóm 18 — Data Explorer Pass-through PLV-TT51,Kỳ báo cáo,Chiều,NDTNN,Fact Foreign Investor Report Value,Period Type Code,SLICER,JOIN foreign_investor_report_structure_dim ON foreign_investor_report_structure_dim.foreign_investor_report_structure_dim_id = fct_foreign_investor_report_value.foreign_investor_report_structure_dim_id → fct_foreign_investor_report_value.period_tp_code WHERE foreign_investor_report_structure_dim.rpt_nm = 'Hoạt động quản lý danh mục đầu tư/chỉ định đầu tư cho nhà đầu tư nước ngoài (PLV-TT51/2021/TT-BTC)',"[THIẾT KẾ 2026-10-02 — BA đã map báo cáo động, Atomic FIMS fir_* đã thiết kế] Data Explorer: metadata của báo cáo động trong generic store FIMS (Fact Foreign Investor Report Value). Báo cáo xác định theo tên (BA ""Tên báo cáo""); cần profile dữ liệu để chốt Report Code — O_NDTNN_27/38. Kỳ báo cáo = `period_tp_code` (BA: RPTMEMBER.PeriodType)"
K_NDTNN_101,DATA EXPLORER,Nhóm 18 — Data Explorer Pass-through PLV-TT51,Mã báo cáo,Chiều,NDTNN,Foreign Investor Report Structure Dimension,Report Code,SLICER,foreign_investor_report_structure_dim.rpt_code WHERE foreign_investor_report_structure_dim.rpt_nm = 'Hoạt động quản lý danh mục đầu tư/chỉ định đầu tư cho nhà đầu tư nước ngoài (PLV-TT51/2021/TT-BTC)',"[THIẾT KẾ 2026-10-02 — BA đã map báo cáo động, Atomic FIMS fir_* đã thiết kế] Data Explorer: metadata của báo cáo động trong generic store FIMS (Fact Foreign Investor Report Value). Báo cáo xác định theo tên (BA ""Tên báo cáo""); cần profile dữ liệu để chốt Report Code — O_NDTNN_27/38. Mã báo cáo = `rpt_code` (BA: RPTMEMBER.RPID)"
K_NDTNN_102,DATA EXPLORER,Nhóm 18 — Data Explorer Pass-through PLV-TT51,Tên báo cáo,Chiều,NDTNN,Foreign Investor Report Structure Dimension,Report Name,SLICER,foreign_investor_report_structure_dim.rpt_nm WHERE foreign_investor_report_structure_dim.rpt_nm = 'Hoạt động quản lý danh mục đầu tư/chỉ định đầu tư cho nhà đầu tư nước ngoài (PLV-TT51/2021/TT-BTC)',"[THIẾT KẾ 2026-10-02 — BA đã map báo cáo động, Atomic FIMS fir_* đã thiết kế] Data Explorer: metadata của báo cáo động trong generic store FIMS (Fact Foreign Investor Report Value). Báo cáo xác định theo tên (BA ""Tên báo cáo""); cần profile dữ liệu để chốt Report Code — O_NDTNN_27/38. Tên báo cáo cố định theo BA"
K_NDTNN_103,DATA EXPLORER,Nhóm 18 — Data Explorer Pass-through PLV-TT51,Mã chỉ tiêu,Chiều,NDTNN,Foreign Investor Report Structure Dimension,Structure Code,SLICER,foreign_investor_report_structure_dim.structure_code WHERE foreign_investor_report_structure_dim.rpt_nm = 'Hoạt động quản lý danh mục đầu tư/chỉ định đầu tư cho nhà đầu tư nước ngoài (PLV-TT51/2021/TT-BTC)',"[THIẾT KẾ 2026-10-02 — BA đã map báo cáo động, Atomic FIMS fir_* đã thiết kế] Data Explorer: metadata của báo cáo động trong generic store FIMS (Fact Foreign Investor Report Value). Báo cáo xác định theo tên (BA ""Tên báo cáo""); cần profile dữ liệu để chốt Report Code — O_NDTNN_27/38. Mã chỉ tiêu = mã ô cấu trúc `structure_code` (BA: RPT_FIELD_CATALOG.MA_CHI_TIEU) — giả định, O_NDTNN_38"
K_NDTNN_104,DATA EXPLORER,Nhóm 18 — Data Explorer Pass-through PLV-TT51,Tên chỉ tiêu,Chiều,NDTNN,Foreign Investor Report Structure Dimension,Column Path,SLICER,"CONCAT(foreign_investor_report_structure_dim.row_path, ' > ', foreign_investor_report_structure_dim.column_path) WHERE foreign_investor_report_structure_dim.rpt_nm = 'Hoạt động quản lý danh mục đầu tư/chỉ định đầu tư cho nhà đầu tư nước ngoài (PLV-TT51/2021/TT-BTC)'","[THIẾT KẾ 2026-10-02 — BA đã map báo cáo động, Atomic FIMS fir_* đã thiết kế] Data Explorer: metadata của báo cáo động trong generic store FIMS (Fact Foreign Investor Report Value). Báo cáo xác định theo tên (BA ""Tên báo cáo""); cần profile dữ liệu để chốt Report Code — O_NDTNN_27/38. Tên chỉ tiêu = nhãn dòng > nhãn cột của ô (BA: RPT_FIELD_CATALOG.TEN_CHI_TIEU) — giả định, O_NDTNN_38"
K_NDTNN_105,DATA EXPLORER,"Nhóm 19 — CTCK - Báo cáo thống kê danh mục lưu ký NĐTNN, tổ chức phát hành CCLK tại nước ngoài (PLIII-TT51/2021/TT-BTC)",Loại báo cáo,Chiều,NDTNN,Foreign Investor Report Structure Dimension,Report Type Name,SLICER,"foreign_investor_report_structure_dim.report_type_nm WHERE foreign_investor_report_structure_dim.rpt_nm = 'Báo cáo thống kê danh mục lưu ký của nhà đầu tư nước ngoài, tổ chức phát hành chứng chỉ lưu ký tại nước ngoài (PLIII-TT51/2021/TT-BTC)'","[THIẾT KẾ 2026-10-02 — BA đã map báo cáo động, Atomic FIMS fir_* đã thiết kế] Data Explorer: metadata của báo cáo động trong generic store FIMS (Fact Foreign Investor Report Value). Báo cáo xác định theo tên (BA ""Tên báo cáo""); cần profile dữ liệu để chốt Report Code — O_NDTNN_27/38. Loại báo cáo = `report_type_nm` (Định kỳ/Bất thường) — BA: REPORTTYPE.NAME; Atomic fir_* không có nguồn nên suy ra theo danh sách báo cáo bất thường của BA (LLD Foreign Investor Report Structure Dimension) — O_NDTNN_38"
K_NDTNN_106,DATA EXPLORER,"Nhóm 19 — CTCK - Báo cáo thống kê danh mục lưu ký NĐTNN, tổ chức phát hành CCLK tại nước ngoài (PLIII-TT51/2021/TT-BTC)",Kỳ báo cáo,Chiều,NDTNN,Fact Foreign Investor Report Value,Period Type Code,SLICER,"JOIN foreign_investor_report_structure_dim ON foreign_investor_report_structure_dim.foreign_investor_report_structure_dim_id = fct_foreign_investor_report_value.foreign_investor_report_structure_dim_id → fct_foreign_investor_report_value.period_tp_code WHERE foreign_investor_report_structure_dim.rpt_nm = 'Báo cáo thống kê danh mục lưu ký của nhà đầu tư nước ngoài, tổ chức phát hành chứng chỉ lưu ký tại nước ngoài (PLIII-TT51/2021/TT-BTC)'","[THIẾT KẾ 2026-10-02 — BA đã map báo cáo động, Atomic FIMS fir_* đã thiết kế] Data Explorer: metadata của báo cáo động trong generic store FIMS (Fact Foreign Investor Report Value). Báo cáo xác định theo tên (BA ""Tên báo cáo""); cần profile dữ liệu để chốt Report Code — O_NDTNN_27/38. Kỳ báo cáo = `period_tp_code` (BA: RPTMEMBER.PeriodType)"
K_NDTNN_107,DATA EXPLORER,"Nhóm 19 — CTCK - Báo cáo thống kê danh mục lưu ký NĐTNN, tổ chức phát hành CCLK tại nước ngoài (PLIII-TT51/2021/TT-BTC)",Mã báo cáo,Chiều,NDTNN,Foreign Investor Report Structure Dimension,Report Code,SLICER,"foreign_investor_report_structure_dim.rpt_code WHERE foreign_investor_report_structure_dim.rpt_nm = 'Báo cáo thống kê danh mục lưu ký của nhà đầu tư nước ngoài, tổ chức phát hành chứng chỉ lưu ký tại nước ngoài (PLIII-TT51/2021/TT-BTC)'","[THIẾT KẾ 2026-10-02 — BA đã map báo cáo động, Atomic FIMS fir_* đã thiết kế] Data Explorer: metadata của báo cáo động trong generic store FIMS (Fact Foreign Investor Report Value). Báo cáo xác định theo tên (BA ""Tên báo cáo""); cần profile dữ liệu để chốt Report Code — O_NDTNN_27/38. Mã báo cáo = `rpt_code` (BA: RPTMEMBER.RPID)"
K_NDTNN_108,DATA EXPLORER,"Nhóm 19 — CTCK - Báo cáo thống kê danh mục lưu ký NĐTNN, tổ chức phát hành CCLK tại nước ngoài (PLIII-TT51/2021/TT-BTC)",Tên báo cáo,Chiều,NDTNN,Foreign Investor Report Structure Dimension,Report Name,SLICER,"foreign_investor_report_structure_dim.rpt_nm WHERE foreign_investor_report_structure_dim.rpt_nm = 'Báo cáo thống kê danh mục lưu ký của nhà đầu tư nước ngoài, tổ chức phát hành chứng chỉ lưu ký tại nước ngoài (PLIII-TT51/2021/TT-BTC)'","[THIẾT KẾ 2026-10-02 — BA đã map báo cáo động, Atomic FIMS fir_* đã thiết kế] Data Explorer: metadata của báo cáo động trong generic store FIMS (Fact Foreign Investor Report Value). Báo cáo xác định theo tên (BA ""Tên báo cáo""); cần profile dữ liệu để chốt Report Code — O_NDTNN_27/38. Tên báo cáo cố định theo BA"
K_NDTNN_109,DATA EXPLORER,"Nhóm 19 — CTCK - Báo cáo thống kê danh mục lưu ký NĐTNN, tổ chức phát hành CCLK tại nước ngoài (PLIII-TT51/2021/TT-BTC)",Mã chỉ tiêu,Chiều,NDTNN,Foreign Investor Report Structure Dimension,Structure Code,SLICER,"foreign_investor_report_structure_dim.structure_code WHERE foreign_investor_report_structure_dim.rpt_nm = 'Báo cáo thống kê danh mục lưu ký của nhà đầu tư nước ngoài, tổ chức phát hành chứng chỉ lưu ký tại nước ngoài (PLIII-TT51/2021/TT-BTC)'","[THIẾT KẾ 2026-10-02 — BA đã map báo cáo động, Atomic FIMS fir_* đã thiết kế] Data Explorer: metadata của báo cáo động trong generic store FIMS (Fact Foreign Investor Report Value). Báo cáo xác định theo tên (BA ""Tên báo cáo""); cần profile dữ liệu để chốt Report Code — O_NDTNN_27/38. Mã chỉ tiêu = mã ô cấu trúc `structure_code` (BA: RPT_FIELD_CATALOG.MA_CHI_TIEU) — giả định, O_NDTNN_38"
K_NDTNN_110,DATA EXPLORER,"Nhóm 19 — CTCK - Báo cáo thống kê danh mục lưu ký NĐTNN, tổ chức phát hành CCLK tại nước ngoài (PLIII-TT51/2021/TT-BTC)",Tên chỉ tiêu,Chiều,NDTNN,Foreign Investor Report Structure Dimension,Column Path,SLICER,"CONCAT(foreign_investor_report_structure_dim.row_path, ' > ', foreign_investor_report_structure_dim.column_path) WHERE foreign_investor_report_structure_dim.rpt_nm = 'Báo cáo thống kê danh mục lưu ký của nhà đầu tư nước ngoài, tổ chức phát hành chứng chỉ lưu ký tại nước ngoài (PLIII-TT51/2021/TT-BTC)'","[THIẾT KẾ 2026-10-02 — BA đã map báo cáo động, Atomic FIMS fir_* đã thiết kế] Data Explorer: metadata của báo cáo động trong generic store FIMS (Fact Foreign Investor Report Value). Báo cáo xác định theo tên (BA ""Tên báo cáo""); cần profile dữ liệu để chốt Report Code — O_NDTNN_27/38. Tên chỉ tiêu = nhãn dòng > nhãn cột của ô (BA: RPT_FIELD_CATALOG.TEN_CHI_TIEU) — giả định, O_NDTNN_38"
K_NDTNN_111,DATA EXPLORER,Nhóm 20 — CTCK - Hoạt động quản lý danh mục đầu tư/chỉ định đầu tư cho NĐTNN (PLV-TT51/2021/TT-BTC),Loại báo cáo,Chiều,NDTNN,Foreign Investor Report Structure Dimension,Report Type Name,SLICER,foreign_investor_report_structure_dim.report_type_nm WHERE foreign_investor_report_structure_dim.rpt_nm = 'Hoạt động quản lý danh mục đầu tư/chỉ định đầu tư cho nhà đầu tư nước ngoài (PLV-TT51/2021/TT-BTC)',"[THIẾT KẾ 2026-10-02 — BA đã map báo cáo động, Atomic FIMS fir_* đã thiết kế] Data Explorer: metadata của báo cáo động trong generic store FIMS (Fact Foreign Investor Report Value). Báo cáo xác định theo tên (BA ""Tên báo cáo""); cần profile dữ liệu để chốt Report Code — O_NDTNN_27/38. Loại báo cáo = `report_type_nm` (Định kỳ/Bất thường) — BA: REPORTTYPE.NAME; Atomic fir_* không có nguồn nên suy ra theo danh sách báo cáo bất thường của BA (LLD Foreign Investor Report Structure Dimension) — O_NDTNN_38"
K_NDTNN_112,DATA EXPLORER,Nhóm 20 — CTCK - Hoạt động quản lý danh mục đầu tư/chỉ định đầu tư cho NĐTNN (PLV-TT51/2021/TT-BTC),Kỳ báo cáo,Chiều,NDTNN,Fact Foreign Investor Report Value,Period Type Code,SLICER,JOIN foreign_investor_report_structure_dim ON foreign_investor_report_structure_dim.foreign_investor_report_structure_dim_id = fct_foreign_investor_report_value.foreign_investor_report_structure_dim_id → fct_foreign_investor_report_value.period_tp_code WHERE foreign_investor_report_structure_dim.rpt_nm = 'Hoạt động quản lý danh mục đầu tư/chỉ định đầu tư cho nhà đầu tư nước ngoài (PLV-TT51/2021/TT-BTC)',"[THIẾT KẾ 2026-10-02 — BA đã map báo cáo động, Atomic FIMS fir_* đã thiết kế] Data Explorer: metadata của báo cáo động trong generic store FIMS (Fact Foreign Investor Report Value). Báo cáo xác định theo tên (BA ""Tên báo cáo""); cần profile dữ liệu để chốt Report Code — O_NDTNN_27/38. Kỳ báo cáo = `period_tp_code` (BA: RPTMEMBER.PeriodType)"
K_NDTNN_113,DATA EXPLORER,Nhóm 20 — CTCK - Hoạt động quản lý danh mục đầu tư/chỉ định đầu tư cho NĐTNN (PLV-TT51/2021/TT-BTC),Mã báo cáo,Chiều,NDTNN,Foreign Investor Report Structure Dimension,Report Code,SLICER,foreign_investor_report_structure_dim.rpt_code WHERE foreign_investor_report_structure_dim.rpt_nm = 'Hoạt động quản lý danh mục đầu tư/chỉ định đầu tư cho nhà đầu tư nước ngoài (PLV-TT51/2021/TT-BTC)',"[THIẾT KẾ 2026-10-02 — BA đã map báo cáo động, Atomic FIMS fir_* đã thiết kế] Data Explorer: metadata của báo cáo động trong generic store FIMS (Fact Foreign Investor Report Value). Báo cáo xác định theo tên (BA ""Tên báo cáo""); cần profile dữ liệu để chốt Report Code — O_NDTNN_27/38. Mã báo cáo = `rpt_code` (BA: RPTMEMBER.RPID)"
K_NDTNN_114,DATA EXPLORER,Nhóm 20 — CTCK - Hoạt động quản lý danh mục đầu tư/chỉ định đầu tư cho NĐTNN (PLV-TT51/2021/TT-BTC),Tên báo cáo,Chiều,NDTNN,Foreign Investor Report Structure Dimension,Report Name,SLICER,foreign_investor_report_structure_dim.rpt_nm WHERE foreign_investor_report_structure_dim.rpt_nm = 'Hoạt động quản lý danh mục đầu tư/chỉ định đầu tư cho nhà đầu tư nước ngoài (PLV-TT51/2021/TT-BTC)',"[THIẾT KẾ 2026-10-02 — BA đã map báo cáo động, Atomic FIMS fir_* đã thiết kế] Data Explorer: metadata của báo cáo động trong generic store FIMS (Fact Foreign Investor Report Value). Báo cáo xác định theo tên (BA ""Tên báo cáo""); cần profile dữ liệu để chốt Report Code — O_NDTNN_27/38. Tên báo cáo cố định theo BA"
K_NDTNN_115,DATA EXPLORER,Nhóm 20 — CTCK - Hoạt động quản lý danh mục đầu tư/chỉ định đầu tư cho NĐTNN (PLV-TT51/2021/TT-BTC),Mã chỉ tiêu,Chiều,NDTNN,Foreign Investor Report Structure Dimension,Structure Code,SLICER,foreign_investor_report_structure_dim.structure_code WHERE foreign_investor_report_structure_dim.rpt_nm = 'Hoạt động quản lý danh mục đầu tư/chỉ định đầu tư cho nhà đầu tư nước ngoài (PLV-TT51/2021/TT-BTC)',"[THIẾT KẾ 2026-10-02 — BA đã map báo cáo động, Atomic FIMS fir_* đã thiết kế] Data Explorer: metadata của báo cáo động trong generic store FIMS (Fact Foreign Investor Report Value). Báo cáo xác định theo tên (BA ""Tên báo cáo""); cần profile dữ liệu để chốt Report Code — O_NDTNN_27/38. Mã chỉ tiêu = mã ô cấu trúc `structure_code` (BA: RPT_FIELD_CATALOG.MA_CHI_TIEU) — giả định, O_NDTNN_38"
K_NDTNN_116,DATA EXPLORER,Nhóm 20 — CTCK - Hoạt động quản lý danh mục đầu tư/chỉ định đầu tư cho NĐTNN (PLV-TT51/2021/TT-BTC),Tên chỉ tiêu,Chiều,NDTNN,Foreign Investor Report Structure Dimension,Column Path,SLICER,"CONCAT(foreign_investor_report_structure_dim.row_path, ' > ', foreign_investor_report_structure_dim.column_path) WHERE foreign_investor_report_structure_dim.rpt_nm = 'Hoạt động quản lý danh mục đầu tư/chỉ định đầu tư cho nhà đầu tư nước ngoài (PLV-TT51/2021/TT-BTC)'","[THIẾT KẾ 2026-10-02 — BA đã map báo cáo động, Atomic FIMS fir_* đã thiết kế] Data Explorer: metadata của báo cáo động trong generic store FIMS (Fact Foreign Investor Report Value). Báo cáo xác định theo tên (BA ""Tên báo cáo""); cần profile dữ liệu để chốt Report Code — O_NDTNN_27/38. Tên chỉ tiêu = nhãn dòng > nhãn cột của ô (BA: RPT_FIELD_CATALOG.TEN_CHI_TIEU) — giả định, O_NDTNN_38"
K_NDTNN_117,DATA EXPLORER,"Nhóm 21 — Ngân hàng lưu ký - Báo cáo thống kê danh mục lưu ký NĐTNN, tổ chức phát hành CCLK tại nước ngoài (PLIII-TT51/2011/TT-BTC)",Loại báo cáo,Chiều,NDTNN,Foreign Investor Report Structure Dimension,Report Type Name,SLICER,"foreign_investor_report_structure_dim.report_type_nm WHERE foreign_investor_report_structure_dim.rpt_nm = 'Báo cáo thống kê danh mục lưu ký của nhà đầu tư nước ngoài, tổ chức phát hành chứng chỉ lưu ký tại nước ngoài (PLIII-TT51/2011/TT-BTC)'","[THIẾT KẾ 2026-10-02 — BA đã map báo cáo động, Atomic FIMS fir_* đã thiết kế] Data Explorer: metadata của báo cáo động trong generic store FIMS (Fact Foreign Investor Report Value). Báo cáo xác định theo tên (BA ""Tên báo cáo""); cần profile dữ liệu để chốt Report Code — O_NDTNN_27/38. Loại báo cáo = `report_type_nm` (Định kỳ/Bất thường) — BA: REPORTTYPE.NAME; Atomic fir_* không có nguồn nên suy ra theo danh sách báo cáo bất thường của BA (LLD Foreign Investor Report Structure Dimension) — O_NDTNN_38"
K_NDTNN_118,DATA EXPLORER,"Nhóm 21 — Ngân hàng lưu ký - Báo cáo thống kê danh mục lưu ký NĐTNN, tổ chức phát hành CCLK tại nước ngoài (PLIII-TT51/2011/TT-BTC)",Kỳ báo cáo,Chiều,NDTNN,Fact Foreign Investor Report Value,Period Type Code,SLICER,"JOIN foreign_investor_report_structure_dim ON foreign_investor_report_structure_dim.foreign_investor_report_structure_dim_id = fct_foreign_investor_report_value.foreign_investor_report_structure_dim_id → fct_foreign_investor_report_value.period_tp_code WHERE foreign_investor_report_structure_dim.rpt_nm = 'Báo cáo thống kê danh mục lưu ký của nhà đầu tư nước ngoài, tổ chức phát hành chứng chỉ lưu ký tại nước ngoài (PLIII-TT51/2011/TT-BTC)'","[THIẾT KẾ 2026-10-02 — BA đã map báo cáo động, Atomic FIMS fir_* đã thiết kế] Data Explorer: metadata của báo cáo động trong generic store FIMS (Fact Foreign Investor Report Value). Báo cáo xác định theo tên (BA ""Tên báo cáo""); cần profile dữ liệu để chốt Report Code — O_NDTNN_27/38. Kỳ báo cáo = `period_tp_code` (BA: RPTMEMBER.PeriodType)"
K_NDTNN_119,DATA EXPLORER,"Nhóm 21 — Ngân hàng lưu ký - Báo cáo thống kê danh mục lưu ký NĐTNN, tổ chức phát hành CCLK tại nước ngoài (PLIII-TT51/2011/TT-BTC)",Mã báo cáo,Chiều,NDTNN,Foreign Investor Report Structure Dimension,Report Code,SLICER,"foreign_investor_report_structure_dim.rpt_code WHERE foreign_investor_report_structure_dim.rpt_nm = 'Báo cáo thống kê danh mục lưu ký của nhà đầu tư nước ngoài, tổ chức phát hành chứng chỉ lưu ký tại nước ngoài (PLIII-TT51/2011/TT-BTC)'","[THIẾT KẾ 2026-10-02 — BA đã map báo cáo động, Atomic FIMS fir_* đã thiết kế] Data Explorer: metadata của báo cáo động trong generic store FIMS (Fact Foreign Investor Report Value). Báo cáo xác định theo tên (BA ""Tên báo cáo""); cần profile dữ liệu để chốt Report Code — O_NDTNN_27/38. Mã báo cáo = `rpt_code` (BA: RPTMEMBER.RPID)"
K_NDTNN_120,DATA EXPLORER,"Nhóm 21 — Ngân hàng lưu ký - Báo cáo thống kê danh mục lưu ký NĐTNN, tổ chức phát hành CCLK tại nước ngoài (PLIII-TT51/2011/TT-BTC)",Tên báo cáo,Chiều,NDTNN,Foreign Investor Report Structure Dimension,Report Name,SLICER,"foreign_investor_report_structure_dim.rpt_nm WHERE foreign_investor_report_structure_dim.rpt_nm = 'Báo cáo thống kê danh mục lưu ký của nhà đầu tư nước ngoài, tổ chức phát hành chứng chỉ lưu ký tại nước ngoài (PLIII-TT51/2011/TT-BTC)'","[THIẾT KẾ 2026-10-02 — BA đã map báo cáo động, Atomic FIMS fir_* đã thiết kế] Data Explorer: metadata của báo cáo động trong generic store FIMS (Fact Foreign Investor Report Value). Báo cáo xác định theo tên (BA ""Tên báo cáo""); cần profile dữ liệu để chốt Report Code — O_NDTNN_27/38. Tên báo cáo cố định theo BA"
K_NDTNN_121,DATA EXPLORER,"Nhóm 21 — Ngân hàng lưu ký - Báo cáo thống kê danh mục lưu ký NĐTNN, tổ chức phát hành CCLK tại nước ngoài (PLIII-TT51/2011/TT-BTC)",Mã chỉ tiêu,Chiều,NDTNN,Foreign Investor Report Structure Dimension,Structure Code,SLICER,"foreign_investor_report_structure_dim.structure_code WHERE foreign_investor_report_structure_dim.rpt_nm = 'Báo cáo thống kê danh mục lưu ký của nhà đầu tư nước ngoài, tổ chức phát hành chứng chỉ lưu ký tại nước ngoài (PLIII-TT51/2011/TT-BTC)'","[THIẾT KẾ 2026-10-02 — BA đã map báo cáo động, Atomic FIMS fir_* đã thiết kế] Data Explorer: metadata của báo cáo động trong generic store FIMS (Fact Foreign Investor Report Value). Báo cáo xác định theo tên (BA ""Tên báo cáo""); cần profile dữ liệu để chốt Report Code — O_NDTNN_27/38. Mã chỉ tiêu = mã ô cấu trúc `structure_code` (BA: RPT_FIELD_CATALOG.MA_CHI_TIEU) — giả định, O_NDTNN_38"
K_NDTNN_122,DATA EXPLORER,"Nhóm 21 — Ngân hàng lưu ký - Báo cáo thống kê danh mục lưu ký NĐTNN, tổ chức phát hành CCLK tại nước ngoài (PLIII-TT51/2011/TT-BTC)",Tên chỉ tiêu,Chiều,NDTNN,Foreign Investor Report Structure Dimension,Column Path,SLICER,"CONCAT(foreign_investor_report_structure_dim.row_path, ' > ', foreign_investor_report_structure_dim.column_path) WHERE foreign_investor_report_structure_dim.rpt_nm = 'Báo cáo thống kê danh mục lưu ký của nhà đầu tư nước ngoài, tổ chức phát hành chứng chỉ lưu ký tại nước ngoài (PLIII-TT51/2011/TT-BTC)'","[THIẾT KẾ 2026-10-02 — BA đã map báo cáo động, Atomic FIMS fir_* đã thiết kế] Data Explorer: metadata của báo cáo động trong generic store FIMS (Fact Foreign Investor Report Value). Báo cáo xác định theo tên (BA ""Tên báo cáo""); cần profile dữ liệu để chốt Report Code — O_NDTNN_27/38. Tên chỉ tiêu = nhãn dòng > nhãn cột của ô (BA: RPT_FIELD_CATALOG.TEN_CHI_TIEU) — giả định, O_NDTNN_38"
K_NDTNN_123,DATA EXPLORER,"Nhóm 22 — Ngân hàng lưu ký - Báo cáo hoạt động chu chuyển vốn của NĐTNN, tổ chức phát hành CCLK tại nước ngoài (PLIV-TT51/2021/TT-BTC)",Loại báo cáo,Chiều,NDTNN,Foreign Investor Report Structure Dimension,Report Type Name,SLICER,"foreign_investor_report_structure_dim.report_type_nm WHERE foreign_investor_report_structure_dim.rpt_nm = 'Báo cáo hoạt động chu chuyển vốn của nhà đầu tư nước ngoài, tổ chức phát hành chứng chỉ lưu ký tại nước ngoài (PLIV- TT51/2021/TT-BTC)'","[THIẾT KẾ 2026-10-02 — BA đã map báo cáo động, Atomic FIMS fir_* đã thiết kế] Data Explorer: metadata của báo cáo động trong generic store FIMS (Fact Foreign Investor Report Value). Báo cáo xác định theo tên (BA ""Tên báo cáo""); cần profile dữ liệu để chốt Report Code — O_NDTNN_27/38. Loại báo cáo = `report_type_nm` (Định kỳ/Bất thường) — BA: REPORTTYPE.NAME; Atomic fir_* không có nguồn nên suy ra theo danh sách báo cáo bất thường của BA (LLD Foreign Investor Report Structure Dimension) — O_NDTNN_38"
K_NDTNN_124,DATA EXPLORER,"Nhóm 22 — Ngân hàng lưu ký - Báo cáo hoạt động chu chuyển vốn của NĐTNN, tổ chức phát hành CCLK tại nước ngoài (PLIV-TT51/2021/TT-BTC)",Kỳ báo cáo,Chiều,NDTNN,Fact Foreign Investor Report Value,Period Type Code,SLICER,"JOIN foreign_investor_report_structure_dim ON foreign_investor_report_structure_dim.foreign_investor_report_structure_dim_id = fct_foreign_investor_report_value.foreign_investor_report_structure_dim_id → fct_foreign_investor_report_value.period_tp_code WHERE foreign_investor_report_structure_dim.rpt_nm = 'Báo cáo hoạt động chu chuyển vốn của nhà đầu tư nước ngoài, tổ chức phát hành chứng chỉ lưu ký tại nước ngoài (PLIV- TT51/2021/TT-BTC)'","[THIẾT KẾ 2026-10-02 — BA đã map báo cáo động, Atomic FIMS fir_* đã thiết kế] Data Explorer: metadata của báo cáo động trong generic store FIMS (Fact Foreign Investor Report Value). Báo cáo xác định theo tên (BA ""Tên báo cáo""); cần profile dữ liệu để chốt Report Code — O_NDTNN_27/38. Kỳ báo cáo = `period_tp_code` (BA: RPTMEMBER.PeriodType)"
K_NDTNN_125,DATA EXPLORER,"Nhóm 22 — Ngân hàng lưu ký - Báo cáo hoạt động chu chuyển vốn của NĐTNN, tổ chức phát hành CCLK tại nước ngoài (PLIV-TT51/2021/TT-BTC)",Mã báo cáo,Chiều,NDTNN,Foreign Investor Report Structure Dimension,Report Code,SLICER,"foreign_investor_report_structure_dim.rpt_code WHERE foreign_investor_report_structure_dim.rpt_nm = 'Báo cáo hoạt động chu chuyển vốn của nhà đầu tư nước ngoài, tổ chức phát hành chứng chỉ lưu ký tại nước ngoài (PLIV- TT51/2021/TT-BTC)'","[THIẾT KẾ 2026-10-02 — BA đã map báo cáo động, Atomic FIMS fir_* đã thiết kế] Data Explorer: metadata của báo cáo động trong generic store FIMS (Fact Foreign Investor Report Value). Báo cáo xác định theo tên (BA ""Tên báo cáo""); cần profile dữ liệu để chốt Report Code — O_NDTNN_27/38. Mã báo cáo = `rpt_code` (BA: RPTMEMBER.RPID)"
K_NDTNN_126,DATA EXPLORER,"Nhóm 22 — Ngân hàng lưu ký - Báo cáo hoạt động chu chuyển vốn của NĐTNN, tổ chức phát hành CCLK tại nước ngoài (PLIV-TT51/2021/TT-BTC)",Tên báo cáo,Chiều,NDTNN,Foreign Investor Report Structure Dimension,Report Name,SLICER,"foreign_investor_report_structure_dim.rpt_nm WHERE foreign_investor_report_structure_dim.rpt_nm = 'Báo cáo hoạt động chu chuyển vốn của nhà đầu tư nước ngoài, tổ chức phát hành chứng chỉ lưu ký tại nước ngoài (PLIV- TT51/2021/TT-BTC)'","[THIẾT KẾ 2026-10-02 — BA đã map báo cáo động, Atomic FIMS fir_* đã thiết kế] Data Explorer: metadata của báo cáo động trong generic store FIMS (Fact Foreign Investor Report Value). Báo cáo xác định theo tên (BA ""Tên báo cáo""); cần profile dữ liệu để chốt Report Code — O_NDTNN_27/38. Tên báo cáo cố định theo BA"
K_NDTNN_127,DATA EXPLORER,"Nhóm 22 — Ngân hàng lưu ký - Báo cáo hoạt động chu chuyển vốn của NĐTNN, tổ chức phát hành CCLK tại nước ngoài (PLIV-TT51/2021/TT-BTC)",Mã chỉ tiêu,Chiều,NDTNN,Foreign Investor Report Structure Dimension,Structure Code,SLICER,"foreign_investor_report_structure_dim.structure_code WHERE foreign_investor_report_structure_dim.rpt_nm = 'Báo cáo hoạt động chu chuyển vốn của nhà đầu tư nước ngoài, tổ chức phát hành chứng chỉ lưu ký tại nước ngoài (PLIV- TT51/2021/TT-BTC)'","[THIẾT KẾ 2026-10-02 — BA đã map báo cáo động, Atomic FIMS fir_* đã thiết kế] Data Explorer: metadata của báo cáo động trong generic store FIMS (Fact Foreign Investor Report Value). Báo cáo xác định theo tên (BA ""Tên báo cáo""); cần profile dữ liệu để chốt Report Code — O_NDTNN_27/38. Mã chỉ tiêu = mã ô cấu trúc `structure_code` (BA: RPT_FIELD_CATALOG.MA_CHI_TIEU) — giả định, O_NDTNN_38"
K_NDTNN_128,DATA EXPLORER,"Nhóm 22 — Ngân hàng lưu ký - Báo cáo hoạt động chu chuyển vốn của NĐTNN, tổ chức phát hành CCLK tại nước ngoài (PLIV-TT51/2021/TT-BTC)",Tên chỉ tiêu,Chiều,NDTNN,Foreign Investor Report Structure Dimension,Column Path,SLICER,"CONCAT(foreign_investor_report_structure_dim.row_path, ' > ', foreign_investor_report_structure_dim.column_path) WHERE foreign_investor_report_structure_dim.rpt_nm = 'Báo cáo hoạt động chu chuyển vốn của nhà đầu tư nước ngoài, tổ chức phát hành chứng chỉ lưu ký tại nước ngoài (PLIV- TT51/2021/TT-BTC)'","[THIẾT KẾ 2026-10-02 — BA đã map báo cáo động, Atomic FIMS fir_* đã thiết kế] Data Explorer: metadata của báo cáo động trong generic store FIMS (Fact Foreign Investor Report Value). Báo cáo xác định theo tên (BA ""Tên báo cáo""); cần profile dữ liệu để chốt Report Code — O_NDTNN_27/38. Tên chỉ tiêu = nhãn dòng > nhãn cột của ô (BA: RPT_FIELD_CATALOG.TEN_CHI_TIEU) — giả định, O_NDTNN_38"
K_NDTNN_129,DATA EXPLORER,Nhóm 23 — Ngân hàng lưu ký - Báo cáo số liệu hoạt động NĐTNN,Loại báo cáo,Chiều,NDTNN,Foreign Investor Report Structure Dimension,Report Type Name,SLICER,foreign_investor_report_structure_dim.report_type_nm WHERE foreign_investor_report_structure_dim.rpt_nm = 'Báo cáo số liệu hoạt động nhà đầu tư nước ngoài',"[THIẾT KẾ 2026-10-02 — BA đã map báo cáo động, Atomic FIMS fir_* đã thiết kế] Data Explorer: metadata của báo cáo động trong generic store FIMS (Fact Foreign Investor Report Value). Báo cáo xác định theo tên (BA ""Tên báo cáo""); cần profile dữ liệu để chốt Report Code — O_NDTNN_27/38. Loại báo cáo = `report_type_nm` (Định kỳ/Bất thường) — BA: REPORTTYPE.NAME; Atomic fir_* không có nguồn nên suy ra theo danh sách báo cáo bất thường của BA (LLD Foreign Investor Report Structure Dimension) — O_NDTNN_38"
K_NDTNN_130,DATA EXPLORER,Nhóm 23 — Ngân hàng lưu ký - Báo cáo số liệu hoạt động NĐTNN,Kỳ báo cáo,Chiều,NDTNN,Fact Foreign Investor Report Value,Period Type Code,SLICER,JOIN foreign_investor_report_structure_dim ON foreign_investor_report_structure_dim.foreign_investor_report_structure_dim_id = fct_foreign_investor_report_value.foreign_investor_report_structure_dim_id → fct_foreign_investor_report_value.period_tp_code WHERE foreign_investor_report_structure_dim.rpt_nm = 'Báo cáo số liệu hoạt động nhà đầu tư nước ngoài',"[THIẾT KẾ 2026-10-02 — BA đã map báo cáo động, Atomic FIMS fir_* đã thiết kế] Data Explorer: metadata của báo cáo động trong generic store FIMS (Fact Foreign Investor Report Value). Báo cáo xác định theo tên (BA ""Tên báo cáo""); cần profile dữ liệu để chốt Report Code — O_NDTNN_27/38. Kỳ báo cáo = `period_tp_code` (BA: RPTMEMBER.PeriodType)"
K_NDTNN_131,DATA EXPLORER,Nhóm 23 — Ngân hàng lưu ký - Báo cáo số liệu hoạt động NĐTNN,Mã báo cáo,Chiều,NDTNN,Foreign Investor Report Structure Dimension,Report Code,SLICER,foreign_investor_report_structure_dim.rpt_code WHERE foreign_investor_report_structure_dim.rpt_nm = 'Báo cáo số liệu hoạt động nhà đầu tư nước ngoài',"[THIẾT KẾ 2026-10-02 — BA đã map báo cáo động, Atomic FIMS fir_* đã thiết kế] Data Explorer: metadata của báo cáo động trong generic store FIMS (Fact Foreign Investor Report Value). Báo cáo xác định theo tên (BA ""Tên báo cáo""); cần profile dữ liệu để chốt Report Code — O_NDTNN_27/38. Mã báo cáo = `rpt_code` (BA: RPTMEMBER.RPID)"
K_NDTNN_132,DATA EXPLORER,Nhóm 23 — Ngân hàng lưu ký - Báo cáo số liệu hoạt động NĐTNN,Tên báo cáo,Chiều,NDTNN,Foreign Investor Report Structure Dimension,Report Name,SLICER,foreign_investor_report_structure_dim.rpt_nm WHERE foreign_investor_report_structure_dim.rpt_nm = 'Báo cáo số liệu hoạt động nhà đầu tư nước ngoài',"[THIẾT KẾ 2026-10-02 — BA đã map báo cáo động, Atomic FIMS fir_* đã thiết kế] Data Explorer: metadata của báo cáo động trong generic store FIMS (Fact Foreign Investor Report Value). Báo cáo xác định theo tên (BA ""Tên báo cáo""); cần profile dữ liệu để chốt Report Code — O_NDTNN_27/38. Tên báo cáo cố định theo BA"
K_NDTNN_133,DATA EXPLORER,Nhóm 23 — Ngân hàng lưu ký - Báo cáo số liệu hoạt động NĐTNN,Mã chỉ tiêu,Chiều,NDTNN,Foreign Investor Report Structure Dimension,Structure Code,SLICER,foreign_investor_report_structure_dim.structure_code WHERE foreign_investor_report_structure_dim.rpt_nm = 'Báo cáo số liệu hoạt động nhà đầu tư nước ngoài',"[THIẾT KẾ 2026-10-02 — BA đã map báo cáo động, Atomic FIMS fir_* đã thiết kế] Data Explorer: metadata của báo cáo động trong generic store FIMS (Fact Foreign Investor Report Value). Báo cáo xác định theo tên (BA ""Tên báo cáo""); cần profile dữ liệu để chốt Report Code — O_NDTNN_27/38. Mã chỉ tiêu = mã ô cấu trúc `structure_code` (BA: RPT_FIELD_CATALOG.MA_CHI_TIEU) — giả định, O_NDTNN_38"
K_NDTNN_134,DATA EXPLORER,Nhóm 23 — Ngân hàng lưu ký - Báo cáo số liệu hoạt động NĐTNN,Tên chỉ tiêu,Chiều,NDTNN,Foreign Investor Report Structure Dimension,Column Path,SLICER,"CONCAT(foreign_investor_report_structure_dim.row_path, ' > ', foreign_investor_report_structure_dim.column_path) WHERE foreign_investor_report_structure_dim.rpt_nm = 'Báo cáo số liệu hoạt động nhà đầu tư nước ngoài'","[THIẾT KẾ 2026-10-02 — BA đã map báo cáo động, Atomic FIMS fir_* đã thiết kế] Data Explorer: metadata của báo cáo động trong generic store FIMS (Fact Foreign Investor Report Value). Báo cáo xác định theo tên (BA ""Tên báo cáo""); cần profile dữ liệu để chốt Report Code — O_NDTNN_27/38. Tên chỉ tiêu = nhãn dòng > nhãn cột của ô (BA: RPT_FIELD_CATALOG.TEN_CHI_TIEU) — giả định, O_NDTNN_38"
K_NDTNN_135,DATA EXPLORER,Nhóm 24 — Ngân hàng lưu ký - Báo cáo Hoạt động lưu ký chứng khoán của NĐTNN,Loại báo cáo,Chiều,NDTNN,Foreign Investor Report Structure Dimension,Report Type Name,SLICER,foreign_investor_report_structure_dim.report_type_nm WHERE foreign_investor_report_structure_dim.rpt_nm = 'Báo cáo Hoạt động lưu ký chứng khoán của NĐTNN',"[THIẾT KẾ 2026-10-02 — BA đã map báo cáo động, Atomic FIMS fir_* đã thiết kế] Data Explorer: metadata của báo cáo động trong generic store FIMS (Fact Foreign Investor Report Value). Báo cáo xác định theo tên (BA ""Tên báo cáo""); cần profile dữ liệu để chốt Report Code — O_NDTNN_27/38. Loại báo cáo = `report_type_nm` (Định kỳ/Bất thường) — BA: REPORTTYPE.NAME; Atomic fir_* không có nguồn nên suy ra theo danh sách báo cáo bất thường của BA (LLD Foreign Investor Report Structure Dimension) — O_NDTNN_38"
K_NDTNN_136,DATA EXPLORER,Nhóm 24 — Ngân hàng lưu ký - Báo cáo Hoạt động lưu ký chứng khoán của NĐTNN,Kỳ báo cáo,Chiều,NDTNN,Fact Foreign Investor Report Value,Period Type Code,SLICER,JOIN foreign_investor_report_structure_dim ON foreign_investor_report_structure_dim.foreign_investor_report_structure_dim_id = fct_foreign_investor_report_value.foreign_investor_report_structure_dim_id → fct_foreign_investor_report_value.period_tp_code WHERE foreign_investor_report_structure_dim.rpt_nm = 'Báo cáo Hoạt động lưu ký chứng khoán của NĐTNN',"[THIẾT KẾ 2026-10-02 — BA đã map báo cáo động, Atomic FIMS fir_* đã thiết kế] Data Explorer: metadata của báo cáo động trong generic store FIMS (Fact Foreign Investor Report Value). Báo cáo xác định theo tên (BA ""Tên báo cáo""); cần profile dữ liệu để chốt Report Code — O_NDTNN_27/38. Kỳ báo cáo = `period_tp_code` (BA: RPTMEMBER.PeriodType)"
K_NDTNN_137,DATA EXPLORER,Nhóm 24 — Ngân hàng lưu ký - Báo cáo Hoạt động lưu ký chứng khoán của NĐTNN,Mã báo cáo,Chiều,NDTNN,Foreign Investor Report Structure Dimension,Report Code,SLICER,foreign_investor_report_structure_dim.rpt_code WHERE foreign_investor_report_structure_dim.rpt_nm = 'Báo cáo Hoạt động lưu ký chứng khoán của NĐTNN',"[THIẾT KẾ 2026-10-02 — BA đã map báo cáo động, Atomic FIMS fir_* đã thiết kế] Data Explorer: metadata của báo cáo động trong generic store FIMS (Fact Foreign Investor Report Value). Báo cáo xác định theo tên (BA ""Tên báo cáo""); cần profile dữ liệu để chốt Report Code — O_NDTNN_27/38. Mã báo cáo = `rpt_code` (BA: RPTMEMBER.RPID)"
K_NDTNN_138,DATA EXPLORER,Nhóm 24 — Ngân hàng lưu ký - Báo cáo Hoạt động lưu ký chứng khoán của NĐTNN,Tên báo cáo,Chiều,NDTNN,Foreign Investor Report Structure Dimension,Report Name,SLICER,foreign_investor_report_structure_dim.rpt_nm WHERE foreign_investor_report_structure_dim.rpt_nm = 'Báo cáo Hoạt động lưu ký chứng khoán của NĐTNN',"[THIẾT KẾ 2026-10-02 — BA đã map báo cáo động, Atomic FIMS fir_* đã thiết kế] Data Explorer: metadata của báo cáo động trong generic store FIMS (Fact Foreign Investor Report Value). Báo cáo xác định theo tên (BA ""Tên báo cáo""); cần profile dữ liệu để chốt Report Code — O_NDTNN_27/38. Tên báo cáo cố định theo BA"
K_NDTNN_139,DATA EXPLORER,Nhóm 24 — Ngân hàng lưu ký - Báo cáo Hoạt động lưu ký chứng khoán của NĐTNN,Mã chỉ tiêu,Chiều,NDTNN,Foreign Investor Report Structure Dimension,Structure Code,SLICER,foreign_investor_report_structure_dim.structure_code WHERE foreign_investor_report_structure_dim.rpt_nm = 'Báo cáo Hoạt động lưu ký chứng khoán của NĐTNN',"[THIẾT KẾ 2026-10-02 — BA đã map báo cáo động, Atomic FIMS fir_* đã thiết kế] Data Explorer: metadata của báo cáo động trong generic store FIMS (Fact Foreign Investor Report Value). Báo cáo xác định theo tên (BA ""Tên báo cáo""); cần profile dữ liệu để chốt Report Code — O_NDTNN_27/38. Mã chỉ tiêu = mã ô cấu trúc `structure_code` (BA: RPT_FIELD_CATALOG.MA_CHI_TIEU) — giả định, O_NDTNN_38"
K_NDTNN_140,DATA EXPLORER,Nhóm 24 — Ngân hàng lưu ký - Báo cáo Hoạt động lưu ký chứng khoán của NĐTNN,Tên chỉ tiêu,Chiều,NDTNN,Foreign Investor Report Structure Dimension,Column Path,SLICER,"CONCAT(foreign_investor_report_structure_dim.row_path, ' > ', foreign_investor_report_structure_dim.column_path) WHERE foreign_investor_report_structure_dim.rpt_nm = 'Báo cáo Hoạt động lưu ký chứng khoán của NĐTNN'","[THIẾT KẾ 2026-10-02 — BA đã map báo cáo động, Atomic FIMS fir_* đã thiết kế] Data Explorer: metadata của báo cáo động trong generic store FIMS (Fact Foreign Investor Report Value). Báo cáo xác định theo tên (BA ""Tên báo cáo""); cần profile dữ liệu để chốt Report Code — O_NDTNN_27/38. Tên chỉ tiêu = nhãn dòng > nhãn cột của ô (BA: RPT_FIELD_CATALOG.TEN_CHI_TIEU) — giả định, O_NDTNN_38"
K_NDTNN_141,DATA EXPLORER,Nhóm 25 — Đại diện CBTT - Giấy chỉ định/ủy quyền thực hiện CBTT của NĐTNN hoặc nhóm NĐTNN có liên quan,Loại báo cáo,Chiều,NDTNN,Foreign Investor Report Structure Dimension,Report Type Name,SLICER,foreign_investor_report_structure_dim.report_type_nm WHERE foreign_investor_report_structure_dim.rpt_nm = 'Giấy chỉ định/ủy quyền thực hiện công bố thông tin của nhà đầu tư nước ngoài hoặc nhóm các nhà đầu tư nước ngoài có liên quan',"[THIẾT KẾ 2026-10-02 — BA đã map báo cáo động, Atomic FIMS fir_* đã thiết kế] Data Explorer: metadata của báo cáo động trong generic store FIMS (Fact Foreign Investor Report Value). Báo cáo xác định theo tên (BA ""Tên báo cáo""); cần profile dữ liệu để chốt Report Code — O_NDTNN_27/38. Loại báo cáo = `report_type_nm` (Định kỳ/Bất thường) — BA: REPORTTYPE.NAME; Atomic fir_* không có nguồn nên suy ra theo danh sách báo cáo bất thường của BA (LLD Foreign Investor Report Structure Dimension) — O_NDTNN_38"
K_NDTNN_142,DATA EXPLORER,Nhóm 25 — Đại diện CBTT - Giấy chỉ định/ủy quyền thực hiện CBTT của NĐTNN hoặc nhóm NĐTNN có liên quan,Kỳ báo cáo,Chiều,NDTNN,Fact Foreign Investor Report Value,Period Type Code,SLICER,JOIN foreign_investor_report_structure_dim ON foreign_investor_report_structure_dim.foreign_investor_report_structure_dim_id = fct_foreign_investor_report_value.foreign_investor_report_structure_dim_id → fct_foreign_investor_report_value.period_tp_code WHERE foreign_investor_report_structure_dim.rpt_nm = 'Giấy chỉ định/ủy quyền thực hiện công bố thông tin của nhà đầu tư nước ngoài hoặc nhóm các nhà đầu tư nước ngoài có liên quan',"[THIẾT KẾ 2026-10-02 — BA đã map báo cáo động, Atomic FIMS fir_* đã thiết kế] Data Explorer: metadata của báo cáo động trong generic store FIMS (Fact Foreign Investor Report Value). Báo cáo xác định theo tên (BA ""Tên báo cáo""); cần profile dữ liệu để chốt Report Code — O_NDTNN_27/38. Kỳ báo cáo = `period_tp_code` (BA: RPTMEMBER.PeriodType)"
K_NDTNN_143,DATA EXPLORER,Nhóm 25 — Đại diện CBTT - Giấy chỉ định/ủy quyền thực hiện CBTT của NĐTNN hoặc nhóm NĐTNN có liên quan,Mã báo cáo,Chiều,NDTNN,Foreign Investor Report Structure Dimension,Report Code,SLICER,foreign_investor_report_structure_dim.rpt_code WHERE foreign_investor_report_structure_dim.rpt_nm = 'Giấy chỉ định/ủy quyền thực hiện công bố thông tin của nhà đầu tư nước ngoài hoặc nhóm các nhà đầu tư nước ngoài có liên quan',"[THIẾT KẾ 2026-10-02 — BA đã map báo cáo động, Atomic FIMS fir_* đã thiết kế] Data Explorer: metadata của báo cáo động trong generic store FIMS (Fact Foreign Investor Report Value). Báo cáo xác định theo tên (BA ""Tên báo cáo""); cần profile dữ liệu để chốt Report Code — O_NDTNN_27/38. Mã báo cáo = `rpt_code` (BA: RPTMEMBER.RPID)"
K_NDTNN_144,DATA EXPLORER,Nhóm 25 — Đại diện CBTT - Giấy chỉ định/ủy quyền thực hiện CBTT của NĐTNN hoặc nhóm NĐTNN có liên quan,Tên báo cáo,Chiều,NDTNN,Foreign Investor Report Structure Dimension,Report Name,SLICER,foreign_investor_report_structure_dim.rpt_nm WHERE foreign_investor_report_structure_dim.rpt_nm = 'Giấy chỉ định/ủy quyền thực hiện công bố thông tin của nhà đầu tư nước ngoài hoặc nhóm các nhà đầu tư nước ngoài có liên quan',"[THIẾT KẾ 2026-10-02 — BA đã map báo cáo động, Atomic FIMS fir_* đã thiết kế] Data Explorer: metadata của báo cáo động trong generic store FIMS (Fact Foreign Investor Report Value). Báo cáo xác định theo tên (BA ""Tên báo cáo""); cần profile dữ liệu để chốt Report Code — O_NDTNN_27/38. Tên báo cáo cố định theo BA"
K_NDTNN_145,DATA EXPLORER,Nhóm 25 — Đại diện CBTT - Giấy chỉ định/ủy quyền thực hiện CBTT của NĐTNN hoặc nhóm NĐTNN có liên quan,Mã chỉ tiêu,Chiều,NDTNN,Foreign Investor Report Structure Dimension,Structure Code,SLICER,foreign_investor_report_structure_dim.structure_code WHERE foreign_investor_report_structure_dim.rpt_nm = 'Giấy chỉ định/ủy quyền thực hiện công bố thông tin của nhà đầu tư nước ngoài hoặc nhóm các nhà đầu tư nước ngoài có liên quan',"[THIẾT KẾ 2026-10-02 — BA đã map báo cáo động, Atomic FIMS fir_* đã thiết kế] Data Explorer: metadata của báo cáo động trong generic store FIMS (Fact Foreign Investor Report Value). Báo cáo xác định theo tên (BA ""Tên báo cáo""); cần profile dữ liệu để chốt Report Code — O_NDTNN_27/38. Mã chỉ tiêu = mã ô cấu trúc `structure_code` (BA: RPT_FIELD_CATALOG.MA_CHI_TIEU) — giả định, O_NDTNN_38"
K_NDTNN_146,DATA EXPLORER,Nhóm 25 — Đại diện CBTT - Giấy chỉ định/ủy quyền thực hiện CBTT của NĐTNN hoặc nhóm NĐTNN có liên quan,Tên chỉ tiêu,Chiều,NDTNN,Foreign Investor Report Structure Dimension,Column Path,SLICER,"CONCAT(foreign_investor_report_structure_dim.row_path, ' > ', foreign_investor_report_structure_dim.column_path) WHERE foreign_investor_report_structure_dim.rpt_nm = 'Giấy chỉ định/ủy quyền thực hiện công bố thông tin của nhà đầu tư nước ngoài hoặc nhóm các nhà đầu tư nước ngoài có liên quan'","[THIẾT KẾ 2026-10-02 — BA đã map báo cáo động, Atomic FIMS fir_* đã thiết kế] Data Explorer: metadata của báo cáo động trong generic store FIMS (Fact Foreign Investor Report Value). Báo cáo xác định theo tên (BA ""Tên báo cáo""); cần profile dữ liệu để chốt Report Code — O_NDTNN_27/38. Tên chỉ tiêu = nhãn dòng > nhãn cột của ô (BA: RPT_FIELD_CATALOG.TEN_CHI_TIEU) — giả định, O_NDTNN_38"
K_NDTNN_147,DATA EXPLORER,"Nhóm 26 — Đại diện CBTT - Báo cáo về sở hữu của nhóm NĐTNN có liên quan là cổ đông lớn, NĐT nắm giữ từ 5% trở lên CP/CCQ đóng (PLIX-TT96/2020/TT-BTC)",Loại báo cáo,Chiều,NDTNN,Foreign Investor Report Structure Dimension,Report Type Name,SLICER,"foreign_investor_report_structure_dim.report_type_nm WHERE foreign_investor_report_structure_dim.rpt_nm = 'Báo cáo về sở hữu của nhóm nhà đầu tư nước ngoài có liên quan là cổ đông lớn, nhà đầu tư nắm giữ từ 5% trở lên cổ phiếu/chứng chỉ quỹ đóng (PLIX- TT96/2020/TT-BTC)'","[THIẾT KẾ 2026-10-02 — BA đã map báo cáo động, Atomic FIMS fir_* đã thiết kế] Data Explorer: metadata của báo cáo động trong generic store FIMS (Fact Foreign Investor Report Value). Báo cáo xác định theo tên (BA ""Tên báo cáo""); cần profile dữ liệu để chốt Report Code — O_NDTNN_27/38. Loại báo cáo = `report_type_nm` (Định kỳ/Bất thường) — BA: REPORTTYPE.NAME; Atomic fir_* không có nguồn nên suy ra theo danh sách báo cáo bất thường của BA (LLD Foreign Investor Report Structure Dimension) — O_NDTNN_38"
K_NDTNN_148,DATA EXPLORER,"Nhóm 26 — Đại diện CBTT - Báo cáo về sở hữu của nhóm NĐTNN có liên quan là cổ đông lớn, NĐT nắm giữ từ 5% trở lên CP/CCQ đóng (PLIX-TT96/2020/TT-BTC)",Kỳ báo cáo,Chiều,NDTNN,Fact Foreign Investor Report Value,Period Type Code,SLICER,"JOIN foreign_investor_report_structure_dim ON foreign_investor_report_structure_dim.foreign_investor_report_structure_dim_id = fct_foreign_investor_report_value.foreign_investor_report_structure_dim_id → fct_foreign_investor_report_value.period_tp_code WHERE foreign_investor_report_structure_dim.rpt_nm = 'Báo cáo về sở hữu của nhóm nhà đầu tư nước ngoài có liên quan là cổ đông lớn, nhà đầu tư nắm giữ từ 5% trở lên cổ phiếu/chứng chỉ quỹ đóng (PLIX- TT96/2020/TT-BTC)'","[THIẾT KẾ 2026-10-02 — BA đã map báo cáo động, Atomic FIMS fir_* đã thiết kế] Data Explorer: metadata của báo cáo động trong generic store FIMS (Fact Foreign Investor Report Value). Báo cáo xác định theo tên (BA ""Tên báo cáo""); cần profile dữ liệu để chốt Report Code — O_NDTNN_27/38. Kỳ báo cáo = `period_tp_code` (BA: RPTMEMBER.PeriodType)"
K_NDTNN_149,DATA EXPLORER,"Nhóm 26 — Đại diện CBTT - Báo cáo về sở hữu của nhóm NĐTNN có liên quan là cổ đông lớn, NĐT nắm giữ từ 5% trở lên CP/CCQ đóng (PLIX-TT96/2020/TT-BTC)",Mã báo cáo,Chiều,NDTNN,Foreign Investor Report Structure Dimension,Report Code,SLICER,"foreign_investor_report_structure_dim.rpt_code WHERE foreign_investor_report_structure_dim.rpt_nm = 'Báo cáo về sở hữu của nhóm nhà đầu tư nước ngoài có liên quan là cổ đông lớn, nhà đầu tư nắm giữ từ 5% trở lên cổ phiếu/chứng chỉ quỹ đóng (PLIX- TT96/2020/TT-BTC)'","[THIẾT KẾ 2026-10-02 — BA đã map báo cáo động, Atomic FIMS fir_* đã thiết kế] Data Explorer: metadata của báo cáo động trong generic store FIMS (Fact Foreign Investor Report Value). Báo cáo xác định theo tên (BA ""Tên báo cáo""); cần profile dữ liệu để chốt Report Code — O_NDTNN_27/38. Mã báo cáo = `rpt_code` (BA: RPTMEMBER.RPID)"
K_NDTNN_150,DATA EXPLORER,"Nhóm 26 — Đại diện CBTT - Báo cáo về sở hữu của nhóm NĐTNN có liên quan là cổ đông lớn, NĐT nắm giữ từ 5% trở lên CP/CCQ đóng (PLIX-TT96/2020/TT-BTC)",Tên báo cáo,Chiều,NDTNN,Foreign Investor Report Structure Dimension,Report Name,SLICER,"foreign_investor_report_structure_dim.rpt_nm WHERE foreign_investor_report_structure_dim.rpt_nm = 'Báo cáo về sở hữu của nhóm nhà đầu tư nước ngoài có liên quan là cổ đông lớn, nhà đầu tư nắm giữ từ 5% trở lên cổ phiếu/chứng chỉ quỹ đóng (PLIX- TT96/2020/TT-BTC)'","[THIẾT KẾ 2026-10-02 — BA đã map báo cáo động, Atomic FIMS fir_* đã thiết kế] Data Explorer: metadata của báo cáo động trong generic store FIMS (Fact Foreign Investor Report Value). Báo cáo xác định theo tên (BA ""Tên báo cáo""); cần profile dữ liệu để chốt Report Code — O_NDTNN_27/38. Tên báo cáo cố định theo BA"
K_NDTNN_151,DATA EXPLORER,"Nhóm 26 — Đại diện CBTT - Báo cáo về sở hữu của nhóm NĐTNN có liên quan là cổ đông lớn, NĐT nắm giữ từ 5% trở lên CP/CCQ đóng (PLIX-TT96/2020/TT-BTC)",Mã chỉ tiêu,Chiều,NDTNN,Foreign Investor Report Structure Dimension,Structure Code,SLICER,"foreign_investor_report_structure_dim.structure_code WHERE foreign_investor_report_structure_dim.rpt_nm = 'Báo cáo về sở hữu của nhóm nhà đầu tư nước ngoài có liên quan là cổ đông lớn, nhà đầu tư nắm giữ từ 5% trở lên cổ phiếu/chứng chỉ quỹ đóng (PLIX- TT96/2020/TT-BTC)'","[THIẾT KẾ 2026-10-02 — BA đã map báo cáo động, Atomic FIMS fir_* đã thiết kế] Data Explorer: metadata của báo cáo động trong generic store FIMS (Fact Foreign Investor Report Value). Báo cáo xác định theo tên (BA ""Tên báo cáo""); cần profile dữ liệu để chốt Report Code — O_NDTNN_27/38. Mã chỉ tiêu = mã ô cấu trúc `structure_code` (BA: RPT_FIELD_CATALOG.MA_CHI_TIEU) — giả định, O_NDTNN_38"
K_NDTNN_152,DATA EXPLORER,"Nhóm 26 — Đại diện CBTT - Báo cáo về sở hữu của nhóm NĐTNN có liên quan là cổ đông lớn, NĐT nắm giữ từ 5% trở lên CP/CCQ đóng (PLIX-TT96/2020/TT-BTC)",Tên chỉ tiêu,Chiều,NDTNN,Foreign Investor Report Structure Dimension,Column Path,SLICER,"CONCAT(foreign_investor_report_structure_dim.row_path, ' > ', foreign_investor_report_structure_dim.column_path) WHERE foreign_investor_report_structure_dim.rpt_nm = 'Báo cáo về sở hữu của nhóm nhà đầu tư nước ngoài có liên quan là cổ đông lớn, nhà đầu tư nắm giữ từ 5% trở lên cổ phiếu/chứng chỉ quỹ đóng (PLIX- TT96/2020/TT-BTC)'","[THIẾT KẾ 2026-10-02 — BA đã map báo cáo động, Atomic FIMS fir_* đã thiết kế] Data Explorer: metadata của báo cáo động trong generic store FIMS (Fact Foreign Investor Report Value). Báo cáo xác định theo tên (BA ""Tên báo cáo""); cần profile dữ liệu để chốt Report Code — O_NDTNN_27/38. Tên chỉ tiêu = nhãn dòng > nhãn cột của ô (BA: RPT_FIELD_CATALOG.TEN_CHI_TIEU) — giả định, O_NDTNN_38"
K_NDTNN_153,DATA EXPLORER,"Nhóm 27 — Đại diện CBTT - Báo cáo thay đổi về sở hữu của nhóm NĐTNN có liên quan là cổ đông lớn, NĐT nắm giữ từ 5% trở lên CP/CCQ đóng (PLX-TT96/2020/TT-BTC)",Loại báo cáo,Chiều,NDTNN,Foreign Investor Report Structure Dimension,Report Type Name,SLICER,"foreign_investor_report_structure_dim.report_type_nm WHERE foreign_investor_report_structure_dim.rpt_nm = 'Báo cáo thay đổi về sở hữu của nhóm nhà đầu tư nước ngoài có liên quan là cổ động lớn, nhà đầu tư nắm giữ từ 5% trở lên cổ phiếu/ chứng chỉ quỹ đóng (PLX- TT96/2020/TT-BTC)'","[THIẾT KẾ 2026-10-02 — BA đã map báo cáo động, Atomic FIMS fir_* đã thiết kế] Data Explorer: metadata của báo cáo động trong generic store FIMS (Fact Foreign Investor Report Value). Báo cáo xác định theo tên (BA ""Tên báo cáo""); cần profile dữ liệu để chốt Report Code — O_NDTNN_27/38. Loại báo cáo = `report_type_nm` (Định kỳ/Bất thường) — BA: REPORTTYPE.NAME; Atomic fir_* không có nguồn nên suy ra theo danh sách báo cáo bất thường của BA (LLD Foreign Investor Report Structure Dimension) — O_NDTNN_38"
K_NDTNN_154,DATA EXPLORER,"Nhóm 27 — Đại diện CBTT - Báo cáo thay đổi về sở hữu của nhóm NĐTNN có liên quan là cổ đông lớn, NĐT nắm giữ từ 5% trở lên CP/CCQ đóng (PLX-TT96/2020/TT-BTC)",Kỳ báo cáo,Chiều,NDTNN,Fact Foreign Investor Report Value,Period Type Code,SLICER,"JOIN foreign_investor_report_structure_dim ON foreign_investor_report_structure_dim.foreign_investor_report_structure_dim_id = fct_foreign_investor_report_value.foreign_investor_report_structure_dim_id → fct_foreign_investor_report_value.period_tp_code WHERE foreign_investor_report_structure_dim.rpt_nm = 'Báo cáo thay đổi về sở hữu của nhóm nhà đầu tư nước ngoài có liên quan là cổ động lớn, nhà đầu tư nắm giữ từ 5% trở lên cổ phiếu/ chứng chỉ quỹ đóng (PLX- TT96/2020/TT-BTC)'","[THIẾT KẾ 2026-10-02 — BA đã map báo cáo động, Atomic FIMS fir_* đã thiết kế] Data Explorer: metadata của báo cáo động trong generic store FIMS (Fact Foreign Investor Report Value). Báo cáo xác định theo tên (BA ""Tên báo cáo""); cần profile dữ liệu để chốt Report Code — O_NDTNN_27/38. Kỳ báo cáo = `period_tp_code` (BA: RPTMEMBER.PeriodType)"
K_NDTNN_155,DATA EXPLORER,"Nhóm 27 — Đại diện CBTT - Báo cáo thay đổi về sở hữu của nhóm NĐTNN có liên quan là cổ đông lớn, NĐT nắm giữ từ 5% trở lên CP/CCQ đóng (PLX-TT96/2020/TT-BTC)",Mã báo cáo,Chiều,NDTNN,Foreign Investor Report Structure Dimension,Report Code,SLICER,"foreign_investor_report_structure_dim.rpt_code WHERE foreign_investor_report_structure_dim.rpt_nm = 'Báo cáo thay đổi về sở hữu của nhóm nhà đầu tư nước ngoài có liên quan là cổ động lớn, nhà đầu tư nắm giữ từ 5% trở lên cổ phiếu/ chứng chỉ quỹ đóng (PLX- TT96/2020/TT-BTC)'","[THIẾT KẾ 2026-10-02 — BA đã map báo cáo động, Atomic FIMS fir_* đã thiết kế] Data Explorer: metadata của báo cáo động trong generic store FIMS (Fact Foreign Investor Report Value). Báo cáo xác định theo tên (BA ""Tên báo cáo""); cần profile dữ liệu để chốt Report Code — O_NDTNN_27/38. Mã báo cáo = `rpt_code` (BA: RPTMEMBER.RPID)"
K_NDTNN_156,DATA EXPLORER,"Nhóm 27 — Đại diện CBTT - Báo cáo thay đổi về sở hữu của nhóm NĐTNN có liên quan là cổ đông lớn, NĐT nắm giữ từ 5% trở lên CP/CCQ đóng (PLX-TT96/2020/TT-BTC)",Tên báo cáo,Chiều,NDTNN,Foreign Investor Report Structure Dimension,Report Name,SLICER,"foreign_investor_report_structure_dim.rpt_nm WHERE foreign_investor_report_structure_dim.rpt_nm = 'Báo cáo thay đổi về sở hữu của nhóm nhà đầu tư nước ngoài có liên quan là cổ động lớn, nhà đầu tư nắm giữ từ 5% trở lên cổ phiếu/ chứng chỉ quỹ đóng (PLX- TT96/2020/TT-BTC)'","[THIẾT KẾ 2026-10-02 — BA đã map báo cáo động, Atomic FIMS fir_* đã thiết kế] Data Explorer: metadata của báo cáo động trong generic store FIMS (Fact Foreign Investor Report Value). Báo cáo xác định theo tên (BA ""Tên báo cáo""); cần profile dữ liệu để chốt Report Code — O_NDTNN_27/38. Tên báo cáo cố định theo BA"
K_NDTNN_157,DATA EXPLORER,"Nhóm 27 — Đại diện CBTT - Báo cáo thay đổi về sở hữu của nhóm NĐTNN có liên quan là cổ đông lớn, NĐT nắm giữ từ 5% trở lên CP/CCQ đóng (PLX-TT96/2020/TT-BTC)",Mã chỉ tiêu,Chiều,NDTNN,Foreign Investor Report Structure Dimension,Structure Code,SLICER,"foreign_investor_report_structure_dim.structure_code WHERE foreign_investor_report_structure_dim.rpt_nm = 'Báo cáo thay đổi về sở hữu của nhóm nhà đầu tư nước ngoài có liên quan là cổ động lớn, nhà đầu tư nắm giữ từ 5% trở lên cổ phiếu/ chứng chỉ quỹ đóng (PLX- TT96/2020/TT-BTC)'","[THIẾT KẾ 2026-10-02 — BA đã map báo cáo động, Atomic FIMS fir_* đã thiết kế] Data Explorer: metadata của báo cáo động trong generic store FIMS (Fact Foreign Investor Report Value). Báo cáo xác định theo tên (BA ""Tên báo cáo""); cần profile dữ liệu để chốt Report Code — O_NDTNN_27/38. Mã chỉ tiêu = mã ô cấu trúc `structure_code` (BA: RPT_FIELD_CATALOG.MA_CHI_TIEU) — giả định, O_NDTNN_38"
K_NDTNN_158,DATA EXPLORER,"Nhóm 27 — Đại diện CBTT - Báo cáo thay đổi về sở hữu của nhóm NĐTNN có liên quan là cổ đông lớn, NĐT nắm giữ từ 5% trở lên CP/CCQ đóng (PLX-TT96/2020/TT-BTC)",Tên chỉ tiêu,Chiều,NDTNN,Foreign Investor Report Structure Dimension,Column Path,SLICER,"CONCAT(foreign_investor_report_structure_dim.row_path, ' > ', foreign_investor_report_structure_dim.column_path) WHERE foreign_investor_report_structure_dim.rpt_nm = 'Báo cáo thay đổi về sở hữu của nhóm nhà đầu tư nước ngoài có liên quan là cổ động lớn, nhà đầu tư nắm giữ từ 5% trở lên cổ phiếu/ chứng chỉ quỹ đóng (PLX- TT96/2020/TT-BTC)'","[THIẾT KẾ 2026-10-02 — BA đã map báo cáo động, Atomic FIMS fir_* đã thiết kế] Data Explorer: metadata của báo cáo động trong generic store FIMS (Fact Foreign Investor Report Value). Báo cáo xác định theo tên (BA ""Tên báo cáo""); cần profile dữ liệu để chốt Report Code — O_NDTNN_27/38. Tên chỉ tiêu = nhãn dòng > nhãn cột của ô (BA: RPT_FIELD_CATALOG.TEN_CHI_TIEU) — giả định, O_NDTNN_38"
K_NDTNN_159,DATA EXPLORER,"Nhóm 28 — Đại diện CBTT - Báo cáo về ngày trở thành/không còn là cổ đông lớn, NĐT nắm giữ từ 5% trở lên CP/CCQ đóng",Loại báo cáo,Chiều,NDTNN,Foreign Investor Report Structure Dimension,Report Type Name,SLICER,"foreign_investor_report_structure_dim.report_type_nm WHERE foreign_investor_report_structure_dim.rpt_nm = 'Báo cáo về ngày trở thành/không còn là cổ đông lớn, nhà đầu tư nắm giữ từ 5% trở lên cổ phiếu/chứng chỉ quỹ đóng'","[THIẾT KẾ 2026-10-02 — BA đã map báo cáo động, Atomic FIMS fir_* đã thiết kế] Data Explorer: metadata của báo cáo động trong generic store FIMS (Fact Foreign Investor Report Value). Báo cáo xác định theo tên (BA ""Tên báo cáo""); cần profile dữ liệu để chốt Report Code — O_NDTNN_27/38. Loại báo cáo = `report_type_nm` (Định kỳ/Bất thường) — BA: REPORTTYPE.NAME; Atomic fir_* không có nguồn nên suy ra theo danh sách báo cáo bất thường của BA (LLD Foreign Investor Report Structure Dimension) — O_NDTNN_38"
K_NDTNN_160,DATA EXPLORER,"Nhóm 28 — Đại diện CBTT - Báo cáo về ngày trở thành/không còn là cổ đông lớn, NĐT nắm giữ từ 5% trở lên CP/CCQ đóng",Kỳ báo cáo,Chiều,NDTNN,Fact Foreign Investor Report Value,Period Type Code,SLICER,"JOIN foreign_investor_report_structure_dim ON foreign_investor_report_structure_dim.foreign_investor_report_structure_dim_id = fct_foreign_investor_report_value.foreign_investor_report_structure_dim_id → fct_foreign_investor_report_value.period_tp_code WHERE foreign_investor_report_structure_dim.rpt_nm = 'Báo cáo về ngày trở thành/không còn là cổ đông lớn, nhà đầu tư nắm giữ từ 5% trở lên cổ phiếu/chứng chỉ quỹ đóng'","[THIẾT KẾ 2026-10-02 — BA đã map báo cáo động, Atomic FIMS fir_* đã thiết kế] Data Explorer: metadata của báo cáo động trong generic store FIMS (Fact Foreign Investor Report Value). Báo cáo xác định theo tên (BA ""Tên báo cáo""); cần profile dữ liệu để chốt Report Code — O_NDTNN_27/38. Kỳ báo cáo = `period_tp_code` (BA: RPTMEMBER.PeriodType)"
K_NDTNN_161,DATA EXPLORER,"Nhóm 28 — Đại diện CBTT - Báo cáo về ngày trở thành/không còn là cổ đông lớn, NĐT nắm giữ từ 5% trở lên CP/CCQ đóng",Mã báo cáo,Chiều,NDTNN,Foreign Investor Report Structure Dimension,Report Code,SLICER,"foreign_investor_report_structure_dim.rpt_code WHERE foreign_investor_report_structure_dim.rpt_nm = 'Báo cáo về ngày trở thành/không còn là cổ đông lớn, nhà đầu tư nắm giữ từ 5% trở lên cổ phiếu/chứng chỉ quỹ đóng'","[THIẾT KẾ 2026-10-02 — BA đã map báo cáo động, Atomic FIMS fir_* đã thiết kế] Data Explorer: metadata của báo cáo động trong generic store FIMS (Fact Foreign Investor Report Value). Báo cáo xác định theo tên (BA ""Tên báo cáo""); cần profile dữ liệu để chốt Report Code — O_NDTNN_27/38. Mã báo cáo = `rpt_code` (BA: RPTMEMBER.RPID)"
K_NDTNN_162,DATA EXPLORER,"Nhóm 28 — Đại diện CBTT - Báo cáo về ngày trở thành/không còn là cổ đông lớn, NĐT nắm giữ từ 5% trở lên CP/CCQ đóng",Tên báo cáo,Chiều,NDTNN,Foreign Investor Report Structure Dimension,Report Name,SLICER,"foreign_investor_report_structure_dim.rpt_nm WHERE foreign_investor_report_structure_dim.rpt_nm = 'Báo cáo về ngày trở thành/không còn là cổ đông lớn, nhà đầu tư nắm giữ từ 5% trở lên cổ phiếu/chứng chỉ quỹ đóng'","[THIẾT KẾ 2026-10-02 — BA đã map báo cáo động, Atomic FIMS fir_* đã thiết kế] Data Explorer: metadata của báo cáo động trong generic store FIMS (Fact Foreign Investor Report Value). Báo cáo xác định theo tên (BA ""Tên báo cáo""); cần profile dữ liệu để chốt Report Code — O_NDTNN_27/38. Tên báo cáo cố định theo BA"
K_NDTNN_163,DATA EXPLORER,"Nhóm 28 — Đại diện CBTT - Báo cáo về ngày trở thành/không còn là cổ đông lớn, NĐT nắm giữ từ 5% trở lên CP/CCQ đóng",Mã chỉ tiêu,Chiều,NDTNN,Foreign Investor Report Structure Dimension,Structure Code,SLICER,"foreign_investor_report_structure_dim.structure_code WHERE foreign_investor_report_structure_dim.rpt_nm = 'Báo cáo về ngày trở thành/không còn là cổ đông lớn, nhà đầu tư nắm giữ từ 5% trở lên cổ phiếu/chứng chỉ quỹ đóng'","[THIẾT KẾ 2026-10-02 — BA đã map báo cáo động, Atomic FIMS fir_* đã thiết kế] Data Explorer: metadata của báo cáo động trong generic store FIMS (Fact Foreign Investor Report Value). Báo cáo xác định theo tên (BA ""Tên báo cáo""); cần profile dữ liệu để chốt Report Code — O_NDTNN_27/38. Mã chỉ tiêu = mã ô cấu trúc `structure_code` (BA: RPT_FIELD_CATALOG.MA_CHI_TIEU) — giả định, O_NDTNN_38"
K_NDTNN_164,DATA EXPLORER,"Nhóm 28 — Đại diện CBTT - Báo cáo về ngày trở thành/không còn là cổ đông lớn, NĐT nắm giữ từ 5% trở lên CP/CCQ đóng",Tên chỉ tiêu,Chiều,NDTNN,Foreign Investor Report Structure Dimension,Column Path,SLICER,"CONCAT(foreign_investor_report_structure_dim.row_path, ' > ', foreign_investor_report_structure_dim.column_path) WHERE foreign_investor_report_structure_dim.rpt_nm = 'Báo cáo về ngày trở thành/không còn là cổ đông lớn, nhà đầu tư nắm giữ từ 5% trở lên cổ phiếu/chứng chỉ quỹ đóng'","[THIẾT KẾ 2026-10-02 — BA đã map báo cáo động, Atomic FIMS fir_* đã thiết kế] Data Explorer: metadata của báo cáo động trong generic store FIMS (Fact Foreign Investor Report Value). Báo cáo xác định theo tên (BA ""Tên báo cáo""); cần profile dữ liệu để chốt Report Code — O_NDTNN_27/38. Tên chỉ tiêu = nhãn dòng > nhãn cột của ô (BA: RPT_FIELD_CATALOG.TEN_CHI_TIEU) — giả định, O_NDTNN_38"
K_NDTNN_165,DATA EXPLORER,"Nhóm 29 — Đại diện CBTT - Báo cáo về thay đổi sở hữu của cổ đông lớn, NĐT nắm giữ từ 5% trở lên CP/CCQ đóng",Loại báo cáo,Chiều,NDTNN,Foreign Investor Report Structure Dimension,Report Type Name,SLICER,"foreign_investor_report_structure_dim.report_type_nm WHERE foreign_investor_report_structure_dim.rpt_nm = 'Báo cáo về thay đổi sở hữu của cổ đông lớn, nhà đầu tư nắm giữ từ 5% trở lên cổ phiếu/chứng chỉ quỹ đóng'","[THIẾT KẾ 2026-10-02 — BA đã map báo cáo động, Atomic FIMS fir_* đã thiết kế] Data Explorer: metadata của báo cáo động trong generic store FIMS (Fact Foreign Investor Report Value). Báo cáo xác định theo tên (BA ""Tên báo cáo""); cần profile dữ liệu để chốt Report Code — O_NDTNN_27/38. Loại báo cáo = `report_type_nm` (Định kỳ/Bất thường) — BA: REPORTTYPE.NAME; Atomic fir_* không có nguồn nên suy ra theo danh sách báo cáo bất thường của BA (LLD Foreign Investor Report Structure Dimension) — O_NDTNN_38"
K_NDTNN_166,DATA EXPLORER,"Nhóm 29 — Đại diện CBTT - Báo cáo về thay đổi sở hữu của cổ đông lớn, NĐT nắm giữ từ 5% trở lên CP/CCQ đóng",Kỳ báo cáo,Chiều,NDTNN,Fact Foreign Investor Report Value,Period Type Code,SLICER,"JOIN foreign_investor_report_structure_dim ON foreign_investor_report_structure_dim.foreign_investor_report_structure_dim_id = fct_foreign_investor_report_value.foreign_investor_report_structure_dim_id → fct_foreign_investor_report_value.period_tp_code WHERE foreign_investor_report_structure_dim.rpt_nm = 'Báo cáo về thay đổi sở hữu của cổ đông lớn, nhà đầu tư nắm giữ từ 5% trở lên cổ phiếu/chứng chỉ quỹ đóng'","[THIẾT KẾ 2026-10-02 — BA đã map báo cáo động, Atomic FIMS fir_* đã thiết kế] Data Explorer: metadata của báo cáo động trong generic store FIMS (Fact Foreign Investor Report Value). Báo cáo xác định theo tên (BA ""Tên báo cáo""); cần profile dữ liệu để chốt Report Code — O_NDTNN_27/38. Kỳ báo cáo = `period_tp_code` (BA: RPTMEMBER.PeriodType)"
K_NDTNN_167,DATA EXPLORER,"Nhóm 29 — Đại diện CBTT - Báo cáo về thay đổi sở hữu của cổ đông lớn, NĐT nắm giữ từ 5% trở lên CP/CCQ đóng",Mã báo cáo,Chiều,NDTNN,Foreign Investor Report Structure Dimension,Report Code,SLICER,"foreign_investor_report_structure_dim.rpt_code WHERE foreign_investor_report_structure_dim.rpt_nm = 'Báo cáo về thay đổi sở hữu của cổ đông lớn, nhà đầu tư nắm giữ từ 5% trở lên cổ phiếu/chứng chỉ quỹ đóng'","[THIẾT KẾ 2026-10-02 — BA đã map báo cáo động, Atomic FIMS fir_* đã thiết kế] Data Explorer: metadata của báo cáo động trong generic store FIMS (Fact Foreign Investor Report Value). Báo cáo xác định theo tên (BA ""Tên báo cáo""); cần profile dữ liệu để chốt Report Code — O_NDTNN_27/38. Mã báo cáo = `rpt_code` (BA: RPTMEMBER.RPID)"
K_NDTNN_168,DATA EXPLORER,"Nhóm 29 — Đại diện CBTT - Báo cáo về thay đổi sở hữu của cổ đông lớn, NĐT nắm giữ từ 5% trở lên CP/CCQ đóng",Tên báo cáo,Chiều,NDTNN,Foreign Investor Report Structure Dimension,Report Name,SLICER,"foreign_investor_report_structure_dim.rpt_nm WHERE foreign_investor_report_structure_dim.rpt_nm = 'Báo cáo về thay đổi sở hữu của cổ đông lớn, nhà đầu tư nắm giữ từ 5% trở lên cổ phiếu/chứng chỉ quỹ đóng'","[THIẾT KẾ 2026-10-02 — BA đã map báo cáo động, Atomic FIMS fir_* đã thiết kế] Data Explorer: metadata của báo cáo động trong generic store FIMS (Fact Foreign Investor Report Value). Báo cáo xác định theo tên (BA ""Tên báo cáo""); cần profile dữ liệu để chốt Report Code — O_NDTNN_27/38. Tên báo cáo cố định theo BA"
K_NDTNN_169,DATA EXPLORER,"Nhóm 29 — Đại diện CBTT - Báo cáo về thay đổi sở hữu của cổ đông lớn, NĐT nắm giữ từ 5% trở lên CP/CCQ đóng",Mã chỉ tiêu,Chiều,NDTNN,Foreign Investor Report Structure Dimension,Structure Code,SLICER,"foreign_investor_report_structure_dim.structure_code WHERE foreign_investor_report_structure_dim.rpt_nm = 'Báo cáo về thay đổi sở hữu của cổ đông lớn, nhà đầu tư nắm giữ từ 5% trở lên cổ phiếu/chứng chỉ quỹ đóng'","[THIẾT KẾ 2026-10-02 — BA đã map báo cáo động, Atomic FIMS fir_* đã thiết kế] Data Explorer: metadata của báo cáo động trong generic store FIMS (Fact Foreign Investor Report Value). Báo cáo xác định theo tên (BA ""Tên báo cáo""); cần profile dữ liệu để chốt Report Code — O_NDTNN_27/38. Mã chỉ tiêu = mã ô cấu trúc `structure_code` (BA: RPT_FIELD_CATALOG.MA_CHI_TIEU) — giả định, O_NDTNN_38"
K_NDTNN_170,DATA EXPLORER,"Nhóm 29 — Đại diện CBTT - Báo cáo về thay đổi sở hữu của cổ đông lớn, NĐT nắm giữ từ 5% trở lên CP/CCQ đóng",Tên chỉ tiêu,Chiều,NDTNN,Foreign Investor Report Structure Dimension,Column Path,SLICER,"CONCAT(foreign_investor_report_structure_dim.row_path, ' > ', foreign_investor_report_structure_dim.column_path) WHERE foreign_investor_report_structure_dim.rpt_nm = 'Báo cáo về thay đổi sở hữu của cổ đông lớn, nhà đầu tư nắm giữ từ 5% trở lên cổ phiếu/chứng chỉ quỹ đóng'","[THIẾT KẾ 2026-10-02 — BA đã map báo cáo động, Atomic FIMS fir_* đã thiết kế] Data Explorer: metadata của báo cáo động trong generic store FIMS (Fact Foreign Investor Report Value). Báo cáo xác định theo tên (BA ""Tên báo cáo""); cần profile dữ liệu để chốt Report Code — O_NDTNN_27/38. Tên chỉ tiêu = nhãn dòng > nhãn cột của ô (BA: RPT_FIELD_CATALOG.TEN_CHI_TIEU) — giả định, O_NDTNN_38"
K_NDTNN_171,DATA EXPLORER,Nhóm 30 — Đại diện CBTT - Cập nhật thay đổi về danh sách nhóm NĐTNN có liên quan (PLII-TT51/2021/TT-BTC),Loại báo cáo,Chiều,NDTNN,Foreign Investor Report Structure Dimension,Report Type Name,SLICER,foreign_investor_report_structure_dim.report_type_nm WHERE foreign_investor_report_structure_dim.rpt_nm = 'Cập nhật thay đổi về danh sách nhóm NĐT NN có liên quan (PL II- TT51/2021/TT-BTC)',"[THIẾT KẾ 2026-10-02 — BA đã map báo cáo động, Atomic FIMS fir_* đã thiết kế] Data Explorer: metadata của báo cáo động trong generic store FIMS (Fact Foreign Investor Report Value). Báo cáo xác định theo tên (BA ""Tên báo cáo""); cần profile dữ liệu để chốt Report Code — O_NDTNN_27/38. Loại báo cáo = `report_type_nm` (Định kỳ/Bất thường) — BA: REPORTTYPE.NAME; Atomic fir_* không có nguồn nên suy ra theo danh sách báo cáo bất thường của BA (LLD Foreign Investor Report Structure Dimension) — O_NDTNN_38"
K_NDTNN_172,DATA EXPLORER,Nhóm 30 — Đại diện CBTT - Cập nhật thay đổi về danh sách nhóm NĐTNN có liên quan (PLII-TT51/2021/TT-BTC),Kỳ báo cáo,Chiều,NDTNN,Fact Foreign Investor Report Value,Period Type Code,SLICER,JOIN foreign_investor_report_structure_dim ON foreign_investor_report_structure_dim.foreign_investor_report_structure_dim_id = fct_foreign_investor_report_value.foreign_investor_report_structure_dim_id → fct_foreign_investor_report_value.period_tp_code WHERE foreign_investor_report_structure_dim.rpt_nm = 'Cập nhật thay đổi về danh sách nhóm NĐT NN có liên quan (PL II- TT51/2021/TT-BTC)',"[THIẾT KẾ 2026-10-02 — BA đã map báo cáo động, Atomic FIMS fir_* đã thiết kế] Data Explorer: metadata của báo cáo động trong generic store FIMS (Fact Foreign Investor Report Value). Báo cáo xác định theo tên (BA ""Tên báo cáo""); cần profile dữ liệu để chốt Report Code — O_NDTNN_27/38. Kỳ báo cáo = `period_tp_code` (BA: RPTMEMBER.PeriodType)"
K_NDTNN_173,DATA EXPLORER,Nhóm 30 — Đại diện CBTT - Cập nhật thay đổi về danh sách nhóm NĐTNN có liên quan (PLII-TT51/2021/TT-BTC),Mã báo cáo,Chiều,NDTNN,Foreign Investor Report Structure Dimension,Report Code,SLICER,foreign_investor_report_structure_dim.rpt_code WHERE foreign_investor_report_structure_dim.rpt_nm = 'Cập nhật thay đổi về danh sách nhóm NĐT NN có liên quan (PL II- TT51/2021/TT-BTC)',"[THIẾT KẾ 2026-10-02 — BA đã map báo cáo động, Atomic FIMS fir_* đã thiết kế] Data Explorer: metadata của báo cáo động trong generic store FIMS (Fact Foreign Investor Report Value). Báo cáo xác định theo tên (BA ""Tên báo cáo""); cần profile dữ liệu để chốt Report Code — O_NDTNN_27/38. Mã báo cáo = `rpt_code` (BA: RPTMEMBER.RPID)"
K_NDTNN_174,DATA EXPLORER,Nhóm 30 — Đại diện CBTT - Cập nhật thay đổi về danh sách nhóm NĐTNN có liên quan (PLII-TT51/2021/TT-BTC),Tên báo cáo,Chiều,NDTNN,Foreign Investor Report Structure Dimension,Report Name,SLICER,foreign_investor_report_structure_dim.rpt_nm WHERE foreign_investor_report_structure_dim.rpt_nm = 'Cập nhật thay đổi về danh sách nhóm NĐT NN có liên quan (PL II- TT51/2021/TT-BTC)',"[THIẾT KẾ 2026-10-02 — BA đã map báo cáo động, Atomic FIMS fir_* đã thiết kế] Data Explorer: metadata của báo cáo động trong generic store FIMS (Fact Foreign Investor Report Value). Báo cáo xác định theo tên (BA ""Tên báo cáo""); cần profile dữ liệu để chốt Report Code — O_NDTNN_27/38. Tên báo cáo cố định theo BA"
K_NDTNN_175,DATA EXPLORER,Nhóm 30 — Đại diện CBTT - Cập nhật thay đổi về danh sách nhóm NĐTNN có liên quan (PLII-TT51/2021/TT-BTC),Mã chỉ tiêu,Chiều,NDTNN,Foreign Investor Report Structure Dimension,Structure Code,SLICER,foreign_investor_report_structure_dim.structure_code WHERE foreign_investor_report_structure_dim.rpt_nm = 'Cập nhật thay đổi về danh sách nhóm NĐT NN có liên quan (PL II- TT51/2021/TT-BTC)',"[THIẾT KẾ 2026-10-02 — BA đã map báo cáo động, Atomic FIMS fir_* đã thiết kế] Data Explorer: metadata của báo cáo động trong generic store FIMS (Fact Foreign Investor Report Value). Báo cáo xác định theo tên (BA ""Tên báo cáo""); cần profile dữ liệu để chốt Report Code — O_NDTNN_27/38. Mã chỉ tiêu = mã ô cấu trúc `structure_code` (BA: RPT_FIELD_CATALOG.MA_CHI_TIEU) — giả định, O_NDTNN_38"
K_NDTNN_176,DATA EXPLORER,Nhóm 30 — Đại diện CBTT - Cập nhật thay đổi về danh sách nhóm NĐTNN có liên quan (PLII-TT51/2021/TT-BTC),Tên chỉ tiêu,Chiều,NDTNN,Foreign Investor Report Structure Dimension,Column Path,SLICER,"CONCAT(foreign_investor_report_structure_dim.row_path, ' > ', foreign_investor_report_structure_dim.column_path) WHERE foreign_investor_report_structure_dim.rpt_nm = 'Cập nhật thay đổi về danh sách nhóm NĐT NN có liên quan (PL II- TT51/2021/TT-BTC)'","[THIẾT KẾ 2026-10-02 — BA đã map báo cáo động, Atomic FIMS fir_* đã thiết kế] Data Explorer: metadata của báo cáo động trong generic store FIMS (Fact Foreign Investor Report Value). Báo cáo xác định theo tên (BA ""Tên báo cáo""); cần profile dữ liệu để chốt Report Code — O_NDTNN_27/38. Tên chỉ tiêu = nhãn dòng > nhãn cột của ô (BA: RPT_FIELD_CATALOG.TEN_CHI_TIEU) — giả định, O_NDTNN_38"
K_NDTNN_177,DATA EXPLORER,Nhóm 31 — Đại diện giao dịch - Báo cáo tình hình hoạt động đầu tư của NĐTNN (PLVIII-TT51/2021/TT-BTC),Loại báo cáo,Chiều,NDTNN,Foreign Investor Report Structure Dimension,Report Type Name,SLICER,foreign_investor_report_structure_dim.report_type_nm WHERE foreign_investor_report_structure_dim.rpt_nm = 'Báo cáo tình hình hoạt động đầu tư của nhà đầu tư nước ngoài (PL VIII-TT51/2021/TT-BTC)',"[THIẾT KẾ 2026-10-02 — BA đã map báo cáo động, Atomic FIMS fir_* đã thiết kế] Data Explorer: metadata của báo cáo động trong generic store FIMS (Fact Foreign Investor Report Value). Báo cáo xác định theo tên (BA ""Tên báo cáo""); cần profile dữ liệu để chốt Report Code — O_NDTNN_27/38. Loại báo cáo = `report_type_nm` (Định kỳ/Bất thường) — BA: REPORTTYPE.NAME; Atomic fir_* không có nguồn nên suy ra theo danh sách báo cáo bất thường của BA (LLD Foreign Investor Report Structure Dimension) — O_NDTNN_38"
K_NDTNN_178,DATA EXPLORER,Nhóm 31 — Đại diện giao dịch - Báo cáo tình hình hoạt động đầu tư của NĐTNN (PLVIII-TT51/2021/TT-BTC),Kỳ báo cáo,Chiều,NDTNN,Fact Foreign Investor Report Value,Period Type Code,SLICER,JOIN foreign_investor_report_structure_dim ON foreign_investor_report_structure_dim.foreign_investor_report_structure_dim_id = fct_foreign_investor_report_value.foreign_investor_report_structure_dim_id → fct_foreign_investor_report_value.period_tp_code WHERE foreign_investor_report_structure_dim.rpt_nm = 'Báo cáo tình hình hoạt động đầu tư của nhà đầu tư nước ngoài (PL VIII-TT51/2021/TT-BTC)',"[THIẾT KẾ 2026-10-02 — BA đã map báo cáo động, Atomic FIMS fir_* đã thiết kế] Data Explorer: metadata của báo cáo động trong generic store FIMS (Fact Foreign Investor Report Value). Báo cáo xác định theo tên (BA ""Tên báo cáo""); cần profile dữ liệu để chốt Report Code — O_NDTNN_27/38. Kỳ báo cáo = `period_tp_code` (BA: RPTMEMBER.PeriodType)"
K_NDTNN_179,DATA EXPLORER,Nhóm 31 — Đại diện giao dịch - Báo cáo tình hình hoạt động đầu tư của NĐTNN (PLVIII-TT51/2021/TT-BTC),Mã báo cáo,Chiều,NDTNN,Foreign Investor Report Structure Dimension,Report Code,SLICER,foreign_investor_report_structure_dim.rpt_code WHERE foreign_investor_report_structure_dim.rpt_nm = 'Báo cáo tình hình hoạt động đầu tư của nhà đầu tư nước ngoài (PL VIII-TT51/2021/TT-BTC)',"[THIẾT KẾ 2026-10-02 — BA đã map báo cáo động, Atomic FIMS fir_* đã thiết kế] Data Explorer: metadata của báo cáo động trong generic store FIMS (Fact Foreign Investor Report Value). Báo cáo xác định theo tên (BA ""Tên báo cáo""); cần profile dữ liệu để chốt Report Code — O_NDTNN_27/38. Mã báo cáo = `rpt_code` (BA: RPTMEMBER.RPID)"
K_NDTNN_180,DATA EXPLORER,Nhóm 31 — Đại diện giao dịch - Báo cáo tình hình hoạt động đầu tư của NĐTNN (PLVIII-TT51/2021/TT-BTC),Tên báo cáo,Chiều,NDTNN,Foreign Investor Report Structure Dimension,Report Name,SLICER,foreign_investor_report_structure_dim.rpt_nm WHERE foreign_investor_report_structure_dim.rpt_nm = 'Báo cáo tình hình hoạt động đầu tư của nhà đầu tư nước ngoài (PL VIII-TT51/2021/TT-BTC)',"[THIẾT KẾ 2026-10-02 — BA đã map báo cáo động, Atomic FIMS fir_* đã thiết kế] Data Explorer: metadata của báo cáo động trong generic store FIMS (Fact Foreign Investor Report Value). Báo cáo xác định theo tên (BA ""Tên báo cáo""); cần profile dữ liệu để chốt Report Code — O_NDTNN_27/38. Tên báo cáo cố định theo BA"
K_NDTNN_181,DATA EXPLORER,Nhóm 31 — Đại diện giao dịch - Báo cáo tình hình hoạt động đầu tư của NĐTNN (PLVIII-TT51/2021/TT-BTC),Mã chỉ tiêu,Chiều,NDTNN,Foreign Investor Report Structure Dimension,Structure Code,SLICER,foreign_investor_report_structure_dim.structure_code WHERE foreign_investor_report_structure_dim.rpt_nm = 'Báo cáo tình hình hoạt động đầu tư của nhà đầu tư nước ngoài (PL VIII-TT51/2021/TT-BTC)',"[THIẾT KẾ 2026-10-02 — BA đã map báo cáo động, Atomic FIMS fir_* đã thiết kế] Data Explorer: metadata của báo cáo động trong generic store FIMS (Fact Foreign Investor Report Value). Báo cáo xác định theo tên (BA ""Tên báo cáo""); cần profile dữ liệu để chốt Report Code — O_NDTNN_27/38. Mã chỉ tiêu = mã ô cấu trúc `structure_code` (BA: RPT_FIELD_CATALOG.MA_CHI_TIEU) — giả định, O_NDTNN_38"
K_NDTNN_182,DATA EXPLORER,Nhóm 31 — Đại diện giao dịch - Báo cáo tình hình hoạt động đầu tư của NĐTNN (PLVIII-TT51/2021/TT-BTC),Tên chỉ tiêu,Chiều,NDTNN,Foreign Investor Report Structure Dimension,Column Path,SLICER,"CONCAT(foreign_investor_report_structure_dim.row_path, ' > ', foreign_investor_report_structure_dim.column_path) WHERE foreign_investor_report_structure_dim.rpt_nm = 'Báo cáo tình hình hoạt động đầu tư của nhà đầu tư nước ngoài (PL VIII-TT51/2021/TT-BTC)'","[THIẾT KẾ 2026-10-02 — BA đã map báo cáo động, Atomic FIMS fir_* đã thiết kế] Data Explorer: metadata của báo cáo động trong generic store FIMS (Fact Foreign Investor Report Value). Báo cáo xác định theo tên (BA ""Tên báo cáo""); cần profile dữ liệu để chốt Report Code — O_NDTNN_27/38. Tên chỉ tiêu = nhãn dòng > nhãn cột của ô (BA: RPT_FIELD_CATALOG.TEN_CHI_TIEU) — giả định, O_NDTNN_38"
K_NDTNN_183,DATA EXPLORER,"Nhóm 32 — NĐTNN - Báo cáo về ngày trở thành/không còn là cổ đông lớn, NĐT nắm giữ từ 5% trở lên CP/CCQ đóng",Loại báo cáo,Chiều,NDTNN,Foreign Investor Report Structure Dimension,Report Type Name,SLICER,"foreign_investor_report_structure_dim.report_type_nm WHERE foreign_investor_report_structure_dim.rpt_nm = 'Báo cáo về ngày trở thành/không còn là cổ đông lớn, nhà đầu tư nắm giữ từ 5% trở lên cổ phiếu/chứng chỉ quỹ đóng'","[THIẾT KẾ 2026-10-02 — BA đã map báo cáo động, Atomic FIMS fir_* đã thiết kế] Data Explorer: metadata của báo cáo động trong generic store FIMS (Fact Foreign Investor Report Value). Báo cáo xác định theo tên (BA ""Tên báo cáo""); cần profile dữ liệu để chốt Report Code — O_NDTNN_27/38. Loại báo cáo = `report_type_nm` (Định kỳ/Bất thường) — BA: REPORTTYPE.NAME; Atomic fir_* không có nguồn nên suy ra theo danh sách báo cáo bất thường của BA (LLD Foreign Investor Report Structure Dimension) — O_NDTNN_38"
K_NDTNN_184,DATA EXPLORER,"Nhóm 32 — NĐTNN - Báo cáo về ngày trở thành/không còn là cổ đông lớn, NĐT nắm giữ từ 5% trở lên CP/CCQ đóng",Kỳ báo cáo,Chiều,NDTNN,Fact Foreign Investor Report Value,Period Type Code,SLICER,"JOIN foreign_investor_report_structure_dim ON foreign_investor_report_structure_dim.foreign_investor_report_structure_dim_id = fct_foreign_investor_report_value.foreign_investor_report_structure_dim_id → fct_foreign_investor_report_value.period_tp_code WHERE foreign_investor_report_structure_dim.rpt_nm = 'Báo cáo về ngày trở thành/không còn là cổ đông lớn, nhà đầu tư nắm giữ từ 5% trở lên cổ phiếu/chứng chỉ quỹ đóng'","[THIẾT KẾ 2026-10-02 — BA đã map báo cáo động, Atomic FIMS fir_* đã thiết kế] Data Explorer: metadata của báo cáo động trong generic store FIMS (Fact Foreign Investor Report Value). Báo cáo xác định theo tên (BA ""Tên báo cáo""); cần profile dữ liệu để chốt Report Code — O_NDTNN_27/38. Kỳ báo cáo = `period_tp_code` (BA: RPTMEMBER.PeriodType)"
K_NDTNN_185,DATA EXPLORER,"Nhóm 32 — NĐTNN - Báo cáo về ngày trở thành/không còn là cổ đông lớn, NĐT nắm giữ từ 5% trở lên CP/CCQ đóng",Mã báo cáo,Chiều,NDTNN,Foreign Investor Report Structure Dimension,Report Code,SLICER,"foreign_investor_report_structure_dim.rpt_code WHERE foreign_investor_report_structure_dim.rpt_nm = 'Báo cáo về ngày trở thành/không còn là cổ đông lớn, nhà đầu tư nắm giữ từ 5% trở lên cổ phiếu/chứng chỉ quỹ đóng'","[THIẾT KẾ 2026-10-02 — BA đã map báo cáo động, Atomic FIMS fir_* đã thiết kế] Data Explorer: metadata của báo cáo động trong generic store FIMS (Fact Foreign Investor Report Value). Báo cáo xác định theo tên (BA ""Tên báo cáo""); cần profile dữ liệu để chốt Report Code — O_NDTNN_27/38. Mã báo cáo = `rpt_code` (BA: RPTMEMBER.RPID)"
K_NDTNN_186,DATA EXPLORER,"Nhóm 32 — NĐTNN - Báo cáo về ngày trở thành/không còn là cổ đông lớn, NĐT nắm giữ từ 5% trở lên CP/CCQ đóng",Tên báo cáo,Chiều,NDTNN,Foreign Investor Report Structure Dimension,Report Name,SLICER,"foreign_investor_report_structure_dim.rpt_nm WHERE foreign_investor_report_structure_dim.rpt_nm = 'Báo cáo về ngày trở thành/không còn là cổ đông lớn, nhà đầu tư nắm giữ từ 5% trở lên cổ phiếu/chứng chỉ quỹ đóng'","[THIẾT KẾ 2026-10-02 — BA đã map báo cáo động, Atomic FIMS fir_* đã thiết kế] Data Explorer: metadata của báo cáo động trong generic store FIMS (Fact Foreign Investor Report Value). Báo cáo xác định theo tên (BA ""Tên báo cáo""); cần profile dữ liệu để chốt Report Code — O_NDTNN_27/38. Tên báo cáo cố định theo BA"
K_NDTNN_187,DATA EXPLORER,"Nhóm 32 — NĐTNN - Báo cáo về ngày trở thành/không còn là cổ đông lớn, NĐT nắm giữ từ 5% trở lên CP/CCQ đóng",Mã chỉ tiêu,Chiều,NDTNN,Foreign Investor Report Structure Dimension,Structure Code,SLICER,"foreign_investor_report_structure_dim.structure_code WHERE foreign_investor_report_structure_dim.rpt_nm = 'Báo cáo về ngày trở thành/không còn là cổ đông lớn, nhà đầu tư nắm giữ từ 5% trở lên cổ phiếu/chứng chỉ quỹ đóng'","[THIẾT KẾ 2026-10-02 — BA đã map báo cáo động, Atomic FIMS fir_* đã thiết kế] Data Explorer: metadata của báo cáo động trong generic store FIMS (Fact Foreign Investor Report Value). Báo cáo xác định theo tên (BA ""Tên báo cáo""); cần profile dữ liệu để chốt Report Code — O_NDTNN_27/38. Mã chỉ tiêu = mã ô cấu trúc `structure_code` (BA: RPT_FIELD_CATALOG.MA_CHI_TIEU) — giả định, O_NDTNN_38"
K_NDTNN_188,DATA EXPLORER,"Nhóm 32 — NĐTNN - Báo cáo về ngày trở thành/không còn là cổ đông lớn, NĐT nắm giữ từ 5% trở lên CP/CCQ đóng",Tên chỉ tiêu,Chiều,NDTNN,Foreign Investor Report Structure Dimension,Column Path,SLICER,"CONCAT(foreign_investor_report_structure_dim.row_path, ' > ', foreign_investor_report_structure_dim.column_path) WHERE foreign_investor_report_structure_dim.rpt_nm = 'Báo cáo về ngày trở thành/không còn là cổ đông lớn, nhà đầu tư nắm giữ từ 5% trở lên cổ phiếu/chứng chỉ quỹ đóng'","[THIẾT KẾ 2026-10-02 — BA đã map báo cáo động, Atomic FIMS fir_* đã thiết kế] Data Explorer: metadata của báo cáo động trong generic store FIMS (Fact Foreign Investor Report Value). Báo cáo xác định theo tên (BA ""Tên báo cáo""); cần profile dữ liệu để chốt Report Code — O_NDTNN_27/38. Tên chỉ tiêu = nhãn dòng > nhãn cột của ô (BA: RPT_FIELD_CATALOG.TEN_CHI_TIEU) — giả định, O_NDTNN_38"
K_NDTNN_189,DATA EXPLORER,"Nhóm 33 — NĐTNN - Báo cáo về thay đổi sở hữu của cổ đông lớn, NĐT nắm giữ từ 5% trở lên CP/CCQ đóng",Loại báo cáo,Chiều,NDTNN,Foreign Investor Report Structure Dimension,Report Type Name,SLICER,"foreign_investor_report_structure_dim.report_type_nm WHERE foreign_investor_report_structure_dim.rpt_nm = 'Báo cáo về thay đổi sở hữu của cổ đông lớn, nhà đầu tư nắm giữ từ 5% trở lên cổ phiếu/chứng chỉ quỹ đóng'","[THIẾT KẾ 2026-10-02 — BA đã map báo cáo động, Atomic FIMS fir_* đã thiết kế] Data Explorer: metadata của báo cáo động trong generic store FIMS (Fact Foreign Investor Report Value). Báo cáo xác định theo tên (BA ""Tên báo cáo""); cần profile dữ liệu để chốt Report Code — O_NDTNN_27/38. Loại báo cáo = `report_type_nm` (Định kỳ/Bất thường) — BA: REPORTTYPE.NAME; Atomic fir_* không có nguồn nên suy ra theo danh sách báo cáo bất thường của BA (LLD Foreign Investor Report Structure Dimension) — O_NDTNN_38"
K_NDTNN_190,DATA EXPLORER,"Nhóm 33 — NĐTNN - Báo cáo về thay đổi sở hữu của cổ đông lớn, NĐT nắm giữ từ 5% trở lên CP/CCQ đóng",Kỳ báo cáo,Chiều,NDTNN,Fact Foreign Investor Report Value,Period Type Code,SLICER,"JOIN foreign_investor_report_structure_dim ON foreign_investor_report_structure_dim.foreign_investor_report_structure_dim_id = fct_foreign_investor_report_value.foreign_investor_report_structure_dim_id → fct_foreign_investor_report_value.period_tp_code WHERE foreign_investor_report_structure_dim.rpt_nm = 'Báo cáo về thay đổi sở hữu của cổ đông lớn, nhà đầu tư nắm giữ từ 5% trở lên cổ phiếu/chứng chỉ quỹ đóng'","[THIẾT KẾ 2026-10-02 — BA đã map báo cáo động, Atomic FIMS fir_* đã thiết kế] Data Explorer: metadata của báo cáo động trong generic store FIMS (Fact Foreign Investor Report Value). Báo cáo xác định theo tên (BA ""Tên báo cáo""); cần profile dữ liệu để chốt Report Code — O_NDTNN_27/38. Kỳ báo cáo = `period_tp_code` (BA: RPTMEMBER.PeriodType)"
K_NDTNN_191,DATA EXPLORER,"Nhóm 33 — NĐTNN - Báo cáo về thay đổi sở hữu của cổ đông lớn, NĐT nắm giữ từ 5% trở lên CP/CCQ đóng",Mã báo cáo,Chiều,NDTNN,Foreign Investor Report Structure Dimension,Report Code,SLICER,"foreign_investor_report_structure_dim.rpt_code WHERE foreign_investor_report_structure_dim.rpt_nm = 'Báo cáo về thay đổi sở hữu của cổ đông lớn, nhà đầu tư nắm giữ từ 5% trở lên cổ phiếu/chứng chỉ quỹ đóng'","[THIẾT KẾ 2026-10-02 — BA đã map báo cáo động, Atomic FIMS fir_* đã thiết kế] Data Explorer: metadata của báo cáo động trong generic store FIMS (Fact Foreign Investor Report Value). Báo cáo xác định theo tên (BA ""Tên báo cáo""); cần profile dữ liệu để chốt Report Code — O_NDTNN_27/38. Mã báo cáo = `rpt_code` (BA: RPTMEMBER.RPID)"
K_NDTNN_192,DATA EXPLORER,"Nhóm 33 — NĐTNN - Báo cáo về thay đổi sở hữu của cổ đông lớn, NĐT nắm giữ từ 5% trở lên CP/CCQ đóng",Tên báo cáo,Chiều,NDTNN,Foreign Investor Report Structure Dimension,Report Name,SLICER,"foreign_investor_report_structure_dim.rpt_nm WHERE foreign_investor_report_structure_dim.rpt_nm = 'Báo cáo về thay đổi sở hữu của cổ đông lớn, nhà đầu tư nắm giữ từ 5% trở lên cổ phiếu/chứng chỉ quỹ đóng'","[THIẾT KẾ 2026-10-02 — BA đã map báo cáo động, Atomic FIMS fir_* đã thiết kế] Data Explorer: metadata của báo cáo động trong generic store FIMS (Fact Foreign Investor Report Value). Báo cáo xác định theo tên (BA ""Tên báo cáo""); cần profile dữ liệu để chốt Report Code — O_NDTNN_27/38. Tên báo cáo cố định theo BA"
K_NDTNN_193,DATA EXPLORER,"Nhóm 33 — NĐTNN - Báo cáo về thay đổi sở hữu của cổ đông lớn, NĐT nắm giữ từ 5% trở lên CP/CCQ đóng",Mã chỉ tiêu,Chiều,NDTNN,Foreign Investor Report Structure Dimension,Structure Code,SLICER,"foreign_investor_report_structure_dim.structure_code WHERE foreign_investor_report_structure_dim.rpt_nm = 'Báo cáo về thay đổi sở hữu của cổ đông lớn, nhà đầu tư nắm giữ từ 5% trở lên cổ phiếu/chứng chỉ quỹ đóng'","[THIẾT KẾ 2026-10-02 — BA đã map báo cáo động, Atomic FIMS fir_* đã thiết kế] Data Explorer: metadata của báo cáo động trong generic store FIMS (Fact Foreign Investor Report Value). Báo cáo xác định theo tên (BA ""Tên báo cáo""); cần profile dữ liệu để chốt Report Code — O_NDTNN_27/38. Mã chỉ tiêu = mã ô cấu trúc `structure_code` (BA: RPT_FIELD_CATALOG.MA_CHI_TIEU) — giả định, O_NDTNN_38"
K_NDTNN_194,DATA EXPLORER,"Nhóm 33 — NĐTNN - Báo cáo về thay đổi sở hữu của cổ đông lớn, NĐT nắm giữ từ 5% trở lên CP/CCQ đóng",Tên chỉ tiêu,Chiều,NDTNN,Foreign Investor Report Structure Dimension,Column Path,SLICER,"CONCAT(foreign_investor_report_structure_dim.row_path, ' > ', foreign_investor_report_structure_dim.column_path) WHERE foreign_investor_report_structure_dim.rpt_nm = 'Báo cáo về thay đổi sở hữu của cổ đông lớn, nhà đầu tư nắm giữ từ 5% trở lên cổ phiếu/chứng chỉ quỹ đóng'","[THIẾT KẾ 2026-10-02 — BA đã map báo cáo động, Atomic FIMS fir_* đã thiết kế] Data Explorer: metadata của báo cáo động trong generic store FIMS (Fact Foreign Investor Report Value). Báo cáo xác định theo tên (BA ""Tên báo cáo""); cần profile dữ liệu để chốt Report Code — O_NDTNN_27/38. Tên chỉ tiêu = nhãn dòng > nhãn cột của ô (BA: RPT_FIELD_CATALOG.TEN_CHI_TIEU) — giả định, O_NDTNN_38"
K_NDTNN_195,DATA EXPLORER,Nhóm 34 — NĐTNN - Thông báo giao dịch CP/CCQ/chứng quyền có bảo đảm của người nội bộ và người có liên quan,Loại báo cáo,Chiều,NDTNN,Foreign Investor Report Structure Dimension,Report Type Name,SLICER,foreign_investor_report_structure_dim.report_type_nm WHERE foreign_investor_report_structure_dim.rpt_nm = 'Thông báo giao dịch cổ phiếu/chứng chỉ quỹ/chứng quyền có bảo đảm của người nội bộ và người có liên quan của người nội bộ',"[THIẾT KẾ 2026-10-02 — BA đã map báo cáo động, Atomic FIMS fir_* đã thiết kế] Data Explorer: metadata của báo cáo động trong generic store FIMS (Fact Foreign Investor Report Value). Báo cáo xác định theo tên (BA ""Tên báo cáo""); cần profile dữ liệu để chốt Report Code — O_NDTNN_27/38. Loại báo cáo = `report_type_nm` (Định kỳ/Bất thường) — BA: REPORTTYPE.NAME; Atomic fir_* không có nguồn nên suy ra theo danh sách báo cáo bất thường của BA (LLD Foreign Investor Report Structure Dimension) — O_NDTNN_38"
K_NDTNN_196,DATA EXPLORER,Nhóm 34 — NĐTNN - Thông báo giao dịch CP/CCQ/chứng quyền có bảo đảm của người nội bộ và người có liên quan,Kỳ báo cáo,Chiều,NDTNN,Fact Foreign Investor Report Value,Period Type Code,SLICER,JOIN foreign_investor_report_structure_dim ON foreign_investor_report_structure_dim.foreign_investor_report_structure_dim_id = fct_foreign_investor_report_value.foreign_investor_report_structure_dim_id → fct_foreign_investor_report_value.period_tp_code WHERE foreign_investor_report_structure_dim.rpt_nm = 'Thông báo giao dịch cổ phiếu/chứng chỉ quỹ/chứng quyền có bảo đảm của người nội bộ và người có liên quan của người nội bộ',"[THIẾT KẾ 2026-10-02 — BA đã map báo cáo động, Atomic FIMS fir_* đã thiết kế] Data Explorer: metadata của báo cáo động trong generic store FIMS (Fact Foreign Investor Report Value). Báo cáo xác định theo tên (BA ""Tên báo cáo""); cần profile dữ liệu để chốt Report Code — O_NDTNN_27/38. Kỳ báo cáo = `period_tp_code` (BA: RPTMEMBER.PeriodType)"
K_NDTNN_197,DATA EXPLORER,Nhóm 34 — NĐTNN - Thông báo giao dịch CP/CCQ/chứng quyền có bảo đảm của người nội bộ và người có liên quan,Mã báo cáo,Chiều,NDTNN,Foreign Investor Report Structure Dimension,Report Code,SLICER,foreign_investor_report_structure_dim.rpt_code WHERE foreign_investor_report_structure_dim.rpt_nm = 'Thông báo giao dịch cổ phiếu/chứng chỉ quỹ/chứng quyền có bảo đảm của người nội bộ và người có liên quan của người nội bộ',"[THIẾT KẾ 2026-10-02 — BA đã map báo cáo động, Atomic FIMS fir_* đã thiết kế] Data Explorer: metadata của báo cáo động trong generic store FIMS (Fact Foreign Investor Report Value). Báo cáo xác định theo tên (BA ""Tên báo cáo""); cần profile dữ liệu để chốt Report Code — O_NDTNN_27/38. Mã báo cáo = `rpt_code` (BA: RPTMEMBER.RPID)"
K_NDTNN_198,DATA EXPLORER,Nhóm 34 — NĐTNN - Thông báo giao dịch CP/CCQ/chứng quyền có bảo đảm của người nội bộ và người có liên quan,Tên báo cáo,Chiều,NDTNN,Foreign Investor Report Structure Dimension,Report Name,SLICER,foreign_investor_report_structure_dim.rpt_nm WHERE foreign_investor_report_structure_dim.rpt_nm = 'Thông báo giao dịch cổ phiếu/chứng chỉ quỹ/chứng quyền có bảo đảm của người nội bộ và người có liên quan của người nội bộ',"[THIẾT KẾ 2026-10-02 — BA đã map báo cáo động, Atomic FIMS fir_* đã thiết kế] Data Explorer: metadata của báo cáo động trong generic store FIMS (Fact Foreign Investor Report Value). Báo cáo xác định theo tên (BA ""Tên báo cáo""); cần profile dữ liệu để chốt Report Code — O_NDTNN_27/38. Tên báo cáo cố định theo BA"
K_NDTNN_199,DATA EXPLORER,Nhóm 34 — NĐTNN - Thông báo giao dịch CP/CCQ/chứng quyền có bảo đảm của người nội bộ và người có liên quan,Mã chỉ tiêu,Chiều,NDTNN,Foreign Investor Report Structure Dimension,Structure Code,SLICER,foreign_investor_report_structure_dim.structure_code WHERE foreign_investor_report_structure_dim.rpt_nm = 'Thông báo giao dịch cổ phiếu/chứng chỉ quỹ/chứng quyền có bảo đảm của người nội bộ và người có liên quan của người nội bộ',"[THIẾT KẾ 2026-10-02 — BA đã map báo cáo động, Atomic FIMS fir_* đã thiết kế] Data Explorer: metadata của báo cáo động trong generic store FIMS (Fact Foreign Investor Report Value). Báo cáo xác định theo tên (BA ""Tên báo cáo""); cần profile dữ liệu để chốt Report Code — O_NDTNN_27/38. Mã chỉ tiêu = mã ô cấu trúc `structure_code` (BA: RPT_FIELD_CATALOG.MA_CHI_TIEU) — giả định, O_NDTNN_38"
K_NDTNN_200,DATA EXPLORER,Nhóm 34 — NĐTNN - Thông báo giao dịch CP/CCQ/chứng quyền có bảo đảm của người nội bộ và người có liên quan,Tên chỉ tiêu,Chiều,NDTNN,Foreign Investor Report Structure Dimension,Column Path,SLICER,"CONCAT(foreign_investor_report_structure_dim.row_path, ' > ', foreign_investor_report_structure_dim.column_path) WHERE foreign_investor_report_structure_dim.rpt_nm = 'Thông báo giao dịch cổ phiếu/chứng chỉ quỹ/chứng quyền có bảo đảm của người nội bộ và người có liên quan của người nội bộ'","[THIẾT KẾ 2026-10-02 — BA đã map báo cáo động, Atomic FIMS fir_* đã thiết kế] Data Explorer: metadata của báo cáo động trong generic store FIMS (Fact Foreign Investor Report Value). Báo cáo xác định theo tên (BA ""Tên báo cáo""); cần profile dữ liệu để chốt Report Code — O_NDTNN_27/38. Tên chỉ tiêu = nhãn dòng > nhãn cột của ô (BA: RPT_FIELD_CATALOG.TEN_CHI_TIEU) — giả định, O_NDTNN_38"
K_NDTNN_201,DATA EXPLORER,"Nhóm 35 — NĐTNN - Thông báo giao dịch trái phiếu chuyển đổi, quyền mua CP/CCQ, quyền mua TPCĐ của người nội bộ và người có liên quan",Loại báo cáo,Chiều,NDTNN,Foreign Investor Report Structure Dimension,Report Type Name,SLICER,"foreign_investor_report_structure_dim.report_type_nm WHERE foreign_investor_report_structure_dim.rpt_nm = 'Thông báo giao dịch trái phiếu chuyển đổi, quyền mua cổ phiếu/chứng chỉ quỹ, quyền mua trái phiếu chuyển đổi của người nội bộ và người có liên quan của người nội bộ'","[THIẾT KẾ 2026-10-02 — BA đã map báo cáo động, Atomic FIMS fir_* đã thiết kế] Data Explorer: metadata của báo cáo động trong generic store FIMS (Fact Foreign Investor Report Value). Báo cáo xác định theo tên (BA ""Tên báo cáo""); cần profile dữ liệu để chốt Report Code — O_NDTNN_27/38. Loại báo cáo = `report_type_nm` (Định kỳ/Bất thường) — BA: REPORTTYPE.NAME; Atomic fir_* không có nguồn nên suy ra theo danh sách báo cáo bất thường của BA (LLD Foreign Investor Report Structure Dimension) — O_NDTNN_38"
K_NDTNN_202,DATA EXPLORER,"Nhóm 35 — NĐTNN - Thông báo giao dịch trái phiếu chuyển đổi, quyền mua CP/CCQ, quyền mua TPCĐ của người nội bộ và người có liên quan",Kỳ báo cáo,Chiều,NDTNN,Fact Foreign Investor Report Value,Period Type Code,SLICER,"JOIN foreign_investor_report_structure_dim ON foreign_investor_report_structure_dim.foreign_investor_report_structure_dim_id = fct_foreign_investor_report_value.foreign_investor_report_structure_dim_id → fct_foreign_investor_report_value.period_tp_code WHERE foreign_investor_report_structure_dim.rpt_nm = 'Thông báo giao dịch trái phiếu chuyển đổi, quyền mua cổ phiếu/chứng chỉ quỹ, quyền mua trái phiếu chuyển đổi của người nội bộ và người có liên quan của người nội bộ'","[THIẾT KẾ 2026-10-02 — BA đã map báo cáo động, Atomic FIMS fir_* đã thiết kế] Data Explorer: metadata của báo cáo động trong generic store FIMS (Fact Foreign Investor Report Value). Báo cáo xác định theo tên (BA ""Tên báo cáo""); cần profile dữ liệu để chốt Report Code — O_NDTNN_27/38. Kỳ báo cáo = `period_tp_code` (BA: RPTMEMBER.PeriodType)"
K_NDTNN_203,DATA EXPLORER,"Nhóm 35 — NĐTNN - Thông báo giao dịch trái phiếu chuyển đổi, quyền mua CP/CCQ, quyền mua TPCĐ của người nội bộ và người có liên quan",Mã báo cáo,Chiều,NDTNN,Foreign Investor Report Structure Dimension,Report Code,SLICER,"foreign_investor_report_structure_dim.rpt_code WHERE foreign_investor_report_structure_dim.rpt_nm = 'Thông báo giao dịch trái phiếu chuyển đổi, quyền mua cổ phiếu/chứng chỉ quỹ, quyền mua trái phiếu chuyển đổi của người nội bộ và người có liên quan của người nội bộ'","[THIẾT KẾ 2026-10-02 — BA đã map báo cáo động, Atomic FIMS fir_* đã thiết kế] Data Explorer: metadata của báo cáo động trong generic store FIMS (Fact Foreign Investor Report Value). Báo cáo xác định theo tên (BA ""Tên báo cáo""); cần profile dữ liệu để chốt Report Code — O_NDTNN_27/38. Mã báo cáo = `rpt_code` (BA: RPTMEMBER.RPID)"
K_NDTNN_204,DATA EXPLORER,"Nhóm 35 — NĐTNN - Thông báo giao dịch trái phiếu chuyển đổi, quyền mua CP/CCQ, quyền mua TPCĐ của người nội bộ và người có liên quan",Tên báo cáo,Chiều,NDTNN,Foreign Investor Report Structure Dimension,Report Name,SLICER,"foreign_investor_report_structure_dim.rpt_nm WHERE foreign_investor_report_structure_dim.rpt_nm = 'Thông báo giao dịch trái phiếu chuyển đổi, quyền mua cổ phiếu/chứng chỉ quỹ, quyền mua trái phiếu chuyển đổi của người nội bộ và người có liên quan của người nội bộ'","[THIẾT KẾ 2026-10-02 — BA đã map báo cáo động, Atomic FIMS fir_* đã thiết kế] Data Explorer: metadata của báo cáo động trong generic store FIMS (Fact Foreign Investor Report Value). Báo cáo xác định theo tên (BA ""Tên báo cáo""); cần profile dữ liệu để chốt Report Code — O_NDTNN_27/38. Tên báo cáo cố định theo BA"
K_NDTNN_205,DATA EXPLORER,"Nhóm 35 — NĐTNN - Thông báo giao dịch trái phiếu chuyển đổi, quyền mua CP/CCQ, quyền mua TPCĐ của người nội bộ và người có liên quan",Mã chỉ tiêu,Chiều,NDTNN,Foreign Investor Report Structure Dimension,Structure Code,SLICER,"foreign_investor_report_structure_dim.structure_code WHERE foreign_investor_report_structure_dim.rpt_nm = 'Thông báo giao dịch trái phiếu chuyển đổi, quyền mua cổ phiếu/chứng chỉ quỹ, quyền mua trái phiếu chuyển đổi của người nội bộ và người có liên quan của người nội bộ'","[THIẾT KẾ 2026-10-02 — BA đã map báo cáo động, Atomic FIMS fir_* đã thiết kế] Data Explorer: metadata của báo cáo động trong generic store FIMS (Fact Foreign Investor Report Value). Báo cáo xác định theo tên (BA ""Tên báo cáo""); cần profile dữ liệu để chốt Report Code — O_NDTNN_27/38. Mã chỉ tiêu = mã ô cấu trúc `structure_code` (BA: RPT_FIELD_CATALOG.MA_CHI_TIEU) — giả định, O_NDTNN_38"
K_NDTNN_206,DATA EXPLORER,"Nhóm 35 — NĐTNN - Thông báo giao dịch trái phiếu chuyển đổi, quyền mua CP/CCQ, quyền mua TPCĐ của người nội bộ và người có liên quan",Tên chỉ tiêu,Chiều,NDTNN,Foreign Investor Report Structure Dimension,Column Path,SLICER,"CONCAT(foreign_investor_report_structure_dim.row_path, ' > ', foreign_investor_report_structure_dim.column_path) WHERE foreign_investor_report_structure_dim.rpt_nm = 'Thông báo giao dịch trái phiếu chuyển đổi, quyền mua cổ phiếu/chứng chỉ quỹ, quyền mua trái phiếu chuyển đổi của người nội bộ và người có liên quan của người nội bộ'","[THIẾT KẾ 2026-10-02 — BA đã map báo cáo động, Atomic FIMS fir_* đã thiết kế] Data Explorer: metadata của báo cáo động trong generic store FIMS (Fact Foreign Investor Report Value). Báo cáo xác định theo tên (BA ""Tên báo cáo""); cần profile dữ liệu để chốt Report Code — O_NDTNN_27/38. Tên chỉ tiêu = nhãn dòng > nhãn cột của ô (BA: RPT_FIELD_CATALOG.TEN_CHI_TIEU) — giả định, O_NDTNN_38"
K_NDTNN_207,DATA EXPLORER,Nhóm 36 — NĐTNN - Báo cáo kết quả giao dịch CP/CCQ/chứng quyền có bảo đảm của người nội bộ và người có liên quan,Loại báo cáo,Chiều,NDTNN,Foreign Investor Report Structure Dimension,Report Type Name,SLICER,foreign_investor_report_structure_dim.report_type_nm WHERE foreign_investor_report_structure_dim.rpt_nm = 'Báo cáo kết quả giao dịch cổ phiếu/chứng chỉ quỹ/chứng quyền có bảo đảm của người nội bộ và người có liên quan của người nội bộ',"[THIẾT KẾ 2026-10-02 — BA đã map báo cáo động, Atomic FIMS fir_* đã thiết kế] Data Explorer: metadata của báo cáo động trong generic store FIMS (Fact Foreign Investor Report Value). Báo cáo xác định theo tên (BA ""Tên báo cáo""); cần profile dữ liệu để chốt Report Code — O_NDTNN_27/38. Loại báo cáo = `report_type_nm` (Định kỳ/Bất thường) — BA: REPORTTYPE.NAME; Atomic fir_* không có nguồn nên suy ra theo danh sách báo cáo bất thường của BA (LLD Foreign Investor Report Structure Dimension) — O_NDTNN_38"
K_NDTNN_208,DATA EXPLORER,Nhóm 36 — NĐTNN - Báo cáo kết quả giao dịch CP/CCQ/chứng quyền có bảo đảm của người nội bộ và người có liên quan,Kỳ báo cáo,Chiều,NDTNN,Fact Foreign Investor Report Value,Period Type Code,SLICER,JOIN foreign_investor_report_structure_dim ON foreign_investor_report_structure_dim.foreign_investor_report_structure_dim_id = fct_foreign_investor_report_value.foreign_investor_report_structure_dim_id → fct_foreign_investor_report_value.period_tp_code WHERE foreign_investor_report_structure_dim.rpt_nm = 'Báo cáo kết quả giao dịch cổ phiếu/chứng chỉ quỹ/chứng quyền có bảo đảm của người nội bộ và người có liên quan của người nội bộ',"[THIẾT KẾ 2026-10-02 — BA đã map báo cáo động, Atomic FIMS fir_* đã thiết kế] Data Explorer: metadata của báo cáo động trong generic store FIMS (Fact Foreign Investor Report Value). Báo cáo xác định theo tên (BA ""Tên báo cáo""); cần profile dữ liệu để chốt Report Code — O_NDTNN_27/38. Kỳ báo cáo = `period_tp_code` (BA: RPTMEMBER.PeriodType)"
K_NDTNN_209,DATA EXPLORER,Nhóm 36 — NĐTNN - Báo cáo kết quả giao dịch CP/CCQ/chứng quyền có bảo đảm của người nội bộ và người có liên quan,Mã báo cáo,Chiều,NDTNN,Foreign Investor Report Structure Dimension,Report Code,SLICER,foreign_investor_report_structure_dim.rpt_code WHERE foreign_investor_report_structure_dim.rpt_nm = 'Báo cáo kết quả giao dịch cổ phiếu/chứng chỉ quỹ/chứng quyền có bảo đảm của người nội bộ và người có liên quan của người nội bộ',"[THIẾT KẾ 2026-10-02 — BA đã map báo cáo động, Atomic FIMS fir_* đã thiết kế] Data Explorer: metadata của báo cáo động trong generic store FIMS (Fact Foreign Investor Report Value). Báo cáo xác định theo tên (BA ""Tên báo cáo""); cần profile dữ liệu để chốt Report Code — O_NDTNN_27/38. Mã báo cáo = `rpt_code` (BA: RPTMEMBER.RPID)"
K_NDTNN_210,DATA EXPLORER,Nhóm 36 — NĐTNN - Báo cáo kết quả giao dịch CP/CCQ/chứng quyền có bảo đảm của người nội bộ và người có liên quan,Tên báo cáo,Chiều,NDTNN,Foreign Investor Report Structure Dimension,Report Name,SLICER,foreign_investor_report_structure_dim.rpt_nm WHERE foreign_investor_report_structure_dim.rpt_nm = 'Báo cáo kết quả giao dịch cổ phiếu/chứng chỉ quỹ/chứng quyền có bảo đảm của người nội bộ và người có liên quan của người nội bộ',"[THIẾT KẾ 2026-10-02 — BA đã map báo cáo động, Atomic FIMS fir_* đã thiết kế] Data Explorer: metadata của báo cáo động trong generic store FIMS (Fact Foreign Investor Report Value). Báo cáo xác định theo tên (BA ""Tên báo cáo""); cần profile dữ liệu để chốt Report Code — O_NDTNN_27/38. Tên báo cáo cố định theo BA"
K_NDTNN_211,DATA EXPLORER,Nhóm 36 — NĐTNN - Báo cáo kết quả giao dịch CP/CCQ/chứng quyền có bảo đảm của người nội bộ và người có liên quan,Mã chỉ tiêu,Chiều,NDTNN,Foreign Investor Report Structure Dimension,Structure Code,SLICER,foreign_investor_report_structure_dim.structure_code WHERE foreign_investor_report_structure_dim.rpt_nm = 'Báo cáo kết quả giao dịch cổ phiếu/chứng chỉ quỹ/chứng quyền có bảo đảm của người nội bộ và người có liên quan của người nội bộ',"[THIẾT KẾ 2026-10-02 — BA đã map báo cáo động, Atomic FIMS fir_* đã thiết kế] Data Explorer: metadata của báo cáo động trong generic store FIMS (Fact Foreign Investor Report Value). Báo cáo xác định theo tên (BA ""Tên báo cáo""); cần profile dữ liệu để chốt Report Code — O_NDTNN_27/38. Mã chỉ tiêu = mã ô cấu trúc `structure_code` (BA: RPT_FIELD_CATALOG.MA_CHI_TIEU) — giả định, O_NDTNN_38"
K_NDTNN_212,DATA EXPLORER,Nhóm 36 — NĐTNN - Báo cáo kết quả giao dịch CP/CCQ/chứng quyền có bảo đảm của người nội bộ và người có liên quan,Tên chỉ tiêu,Chiều,NDTNN,Foreign Investor Report Structure Dimension,Column Path,SLICER,"CONCAT(foreign_investor_report_structure_dim.row_path, ' > ', foreign_investor_report_structure_dim.column_path) WHERE foreign_investor_report_structure_dim.rpt_nm = 'Báo cáo kết quả giao dịch cổ phiếu/chứng chỉ quỹ/chứng quyền có bảo đảm của người nội bộ và người có liên quan của người nội bộ'","[THIẾT KẾ 2026-10-02 — BA đã map báo cáo động, Atomic FIMS fir_* đã thiết kế] Data Explorer: metadata của báo cáo động trong generic store FIMS (Fact Foreign Investor Report Value). Báo cáo xác định theo tên (BA ""Tên báo cáo""); cần profile dữ liệu để chốt Report Code — O_NDTNN_27/38. Tên chỉ tiêu = nhãn dòng > nhãn cột của ô (BA: RPT_FIELD_CATALOG.TEN_CHI_TIEU) — giả định, O_NDTNN_38"
K_NDTNN_213,DATA EXPLORER,"Nhóm 37 — NĐTNN - Báo cáo kết quả giao dịch TPCĐ, quyền mua CP/CCQ, quyền mua TPCĐ của người nội bộ và người có liên quan",Loại báo cáo,Chiều,NDTNN,Foreign Investor Report Structure Dimension,Report Type Name,SLICER,"foreign_investor_report_structure_dim.report_type_nm WHERE foreign_investor_report_structure_dim.rpt_nm = 'Báo cáo kết quả giao dịch trái phiếu chuyển đổi, quyền mua cổ phiếu/chứng chỉ quỹ, quyền mua trái phiếu chuyển đổi của người nội bộ và người có liên quan của người nội bộ'","[THIẾT KẾ 2026-10-02 — BA đã map báo cáo động, Atomic FIMS fir_* đã thiết kế] Data Explorer: metadata của báo cáo động trong generic store FIMS (Fact Foreign Investor Report Value). Báo cáo xác định theo tên (BA ""Tên báo cáo""); cần profile dữ liệu để chốt Report Code — O_NDTNN_27/38. Loại báo cáo = `report_type_nm` (Định kỳ/Bất thường) — BA: REPORTTYPE.NAME; Atomic fir_* không có nguồn nên suy ra theo danh sách báo cáo bất thường của BA (LLD Foreign Investor Report Structure Dimension) — O_NDTNN_38"
K_NDTNN_214,DATA EXPLORER,"Nhóm 37 — NĐTNN - Báo cáo kết quả giao dịch TPCĐ, quyền mua CP/CCQ, quyền mua TPCĐ của người nội bộ và người có liên quan",Kỳ báo cáo,Chiều,NDTNN,Fact Foreign Investor Report Value,Period Type Code,SLICER,"JOIN foreign_investor_report_structure_dim ON foreign_investor_report_structure_dim.foreign_investor_report_structure_dim_id = fct_foreign_investor_report_value.foreign_investor_report_structure_dim_id → fct_foreign_investor_report_value.period_tp_code WHERE foreign_investor_report_structure_dim.rpt_nm = 'Báo cáo kết quả giao dịch trái phiếu chuyển đổi, quyền mua cổ phiếu/chứng chỉ quỹ, quyền mua trái phiếu chuyển đổi của người nội bộ và người có liên quan của người nội bộ'","[THIẾT KẾ 2026-10-02 — BA đã map báo cáo động, Atomic FIMS fir_* đã thiết kế] Data Explorer: metadata của báo cáo động trong generic store FIMS (Fact Foreign Investor Report Value). Báo cáo xác định theo tên (BA ""Tên báo cáo""); cần profile dữ liệu để chốt Report Code — O_NDTNN_27/38. Kỳ báo cáo = `period_tp_code` (BA: RPTMEMBER.PeriodType)"
K_NDTNN_215,DATA EXPLORER,"Nhóm 37 — NĐTNN - Báo cáo kết quả giao dịch TPCĐ, quyền mua CP/CCQ, quyền mua TPCĐ của người nội bộ và người có liên quan",Mã báo cáo,Chiều,NDTNN,Foreign Investor Report Structure Dimension,Report Code,SLICER,"foreign_investor_report_structure_dim.rpt_code WHERE foreign_investor_report_structure_dim.rpt_nm = 'Báo cáo kết quả giao dịch trái phiếu chuyển đổi, quyền mua cổ phiếu/chứng chỉ quỹ, quyền mua trái phiếu chuyển đổi của người nội bộ và người có liên quan của người nội bộ'","[THIẾT KẾ 2026-10-02 — BA đã map báo cáo động, Atomic FIMS fir_* đã thiết kế] Data Explorer: metadata của báo cáo động trong generic store FIMS (Fact Foreign Investor Report Value). Báo cáo xác định theo tên (BA ""Tên báo cáo""); cần profile dữ liệu để chốt Report Code — O_NDTNN_27/38. Mã báo cáo = `rpt_code` (BA: RPTMEMBER.RPID)"
K_NDTNN_216,DATA EXPLORER,"Nhóm 37 — NĐTNN - Báo cáo kết quả giao dịch TPCĐ, quyền mua CP/CCQ, quyền mua TPCĐ của người nội bộ và người có liên quan",Tên báo cáo,Chiều,NDTNN,Foreign Investor Report Structure Dimension,Report Name,SLICER,"foreign_investor_report_structure_dim.rpt_nm WHERE foreign_investor_report_structure_dim.rpt_nm = 'Báo cáo kết quả giao dịch trái phiếu chuyển đổi, quyền mua cổ phiếu/chứng chỉ quỹ, quyền mua trái phiếu chuyển đổi của người nội bộ và người có liên quan của người nội bộ'","[THIẾT KẾ 2026-10-02 — BA đã map báo cáo động, Atomic FIMS fir_* đã thiết kế] Data Explorer: metadata của báo cáo động trong generic store FIMS (Fact Foreign Investor Report Value). Báo cáo xác định theo tên (BA ""Tên báo cáo""); cần profile dữ liệu để chốt Report Code — O_NDTNN_27/38. Tên báo cáo cố định theo BA"
K_NDTNN_217,DATA EXPLORER,"Nhóm 37 — NĐTNN - Báo cáo kết quả giao dịch TPCĐ, quyền mua CP/CCQ, quyền mua TPCĐ của người nội bộ và người có liên quan",Mã chỉ tiêu,Chiều,NDTNN,Foreign Investor Report Structure Dimension,Structure Code,SLICER,"foreign_investor_report_structure_dim.structure_code WHERE foreign_investor_report_structure_dim.rpt_nm = 'Báo cáo kết quả giao dịch trái phiếu chuyển đổi, quyền mua cổ phiếu/chứng chỉ quỹ, quyền mua trái phiếu chuyển đổi của người nội bộ và người có liên quan của người nội bộ'","[THIẾT KẾ 2026-10-02 — BA đã map báo cáo động, Atomic FIMS fir_* đã thiết kế] Data Explorer: metadata của báo cáo động trong generic store FIMS (Fact Foreign Investor Report Value). Báo cáo xác định theo tên (BA ""Tên báo cáo""); cần profile dữ liệu để chốt Report Code — O_NDTNN_27/38. Mã chỉ tiêu = mã ô cấu trúc `structure_code` (BA: RPT_FIELD_CATALOG.MA_CHI_TIEU) — giả định, O_NDTNN_38"
K_NDTNN_218,DATA EXPLORER,"Nhóm 37 — NĐTNN - Báo cáo kết quả giao dịch TPCĐ, quyền mua CP/CCQ, quyền mua TPCĐ của người nội bộ và người có liên quan",Tên chỉ tiêu,Chiều,NDTNN,Foreign Investor Report Structure Dimension,Column Path,SLICER,"CONCAT(foreign_investor_report_structure_dim.row_path, ' > ', foreign_investor_report_structure_dim.column_path) WHERE foreign_investor_report_structure_dim.rpt_nm = 'Báo cáo kết quả giao dịch trái phiếu chuyển đổi, quyền mua cổ phiếu/chứng chỉ quỹ, quyền mua trái phiếu chuyển đổi của người nội bộ và người có liên quan của người nội bộ'","[THIẾT KẾ 2026-10-02 — BA đã map báo cáo động, Atomic FIMS fir_* đã thiết kế] Data Explorer: metadata của báo cáo động trong generic store FIMS (Fact Foreign Investor Report Value). Báo cáo xác định theo tên (BA ""Tên báo cáo""); cần profile dữ liệu để chốt Report Code — O_NDTNN_27/38. Tên chỉ tiêu = nhãn dòng > nhãn cột của ô (BA: RPT_FIELD_CATALOG.TEN_CHI_TIEU) — giả định, O_NDTNN_38"
K_NDTNN_219,DATA EXPLORER,"Nhóm 38 — SGDCK - Báo cáo tình hình giao dịch của NĐTNN, tổ chức phát hành CCLK tại nước ngoài (PLVII-TT51/2021/TT-BTC)",Loại báo cáo,Chiều,NDTNN,Foreign Investor Report Structure Dimension,Report Type Name,SLICER,"foreign_investor_report_structure_dim.report_type_nm WHERE foreign_investor_report_structure_dim.rpt_nm = 'Báo cáo tình hình giao dịch của nhà đầu tư nước ngoài, tổ chức phát hành chứng chỉ lưu ký tại nước ngoài (PLVII- TT51/2021/TT-BTC).'","[THIẾT KẾ 2026-10-02 — BA đã map báo cáo động, Atomic FIMS fir_* đã thiết kế] Data Explorer: metadata của báo cáo động trong generic store FIMS (Fact Foreign Investor Report Value). Báo cáo xác định theo tên (BA ""Tên báo cáo""); cần profile dữ liệu để chốt Report Code — O_NDTNN_27/38. Loại báo cáo = `report_type_nm` (Định kỳ/Bất thường) — BA: REPORTTYPE.NAME; Atomic fir_* không có nguồn nên suy ra theo danh sách báo cáo bất thường của BA (LLD Foreign Investor Report Structure Dimension) — O_NDTNN_38"
K_NDTNN_220,DATA EXPLORER,"Nhóm 38 — SGDCK - Báo cáo tình hình giao dịch của NĐTNN, tổ chức phát hành CCLK tại nước ngoài (PLVII-TT51/2021/TT-BTC)",Kỳ báo cáo,Chiều,NDTNN,Fact Foreign Investor Report Value,Period Type Code,SLICER,"JOIN foreign_investor_report_structure_dim ON foreign_investor_report_structure_dim.foreign_investor_report_structure_dim_id = fct_foreign_investor_report_value.foreign_investor_report_structure_dim_id → fct_foreign_investor_report_value.period_tp_code WHERE foreign_investor_report_structure_dim.rpt_nm = 'Báo cáo tình hình giao dịch của nhà đầu tư nước ngoài, tổ chức phát hành chứng chỉ lưu ký tại nước ngoài (PLVII- TT51/2021/TT-BTC).'","[THIẾT KẾ 2026-10-02 — BA đã map báo cáo động, Atomic FIMS fir_* đã thiết kế] Data Explorer: metadata của báo cáo động trong generic store FIMS (Fact Foreign Investor Report Value). Báo cáo xác định theo tên (BA ""Tên báo cáo""); cần profile dữ liệu để chốt Report Code — O_NDTNN_27/38. Kỳ báo cáo = `period_tp_code` (BA: RPTMEMBER.PeriodType)"
K_NDTNN_221,DATA EXPLORER,"Nhóm 38 — SGDCK - Báo cáo tình hình giao dịch của NĐTNN, tổ chức phát hành CCLK tại nước ngoài (PLVII-TT51/2021/TT-BTC)",Mã báo cáo,Chiều,NDTNN,Foreign Investor Report Structure Dimension,Report Code,SLICER,"foreign_investor_report_structure_dim.rpt_code WHERE foreign_investor_report_structure_dim.rpt_nm = 'Báo cáo tình hình giao dịch của nhà đầu tư nước ngoài, tổ chức phát hành chứng chỉ lưu ký tại nước ngoài (PLVII- TT51/2021/TT-BTC).'","[THIẾT KẾ 2026-10-02 — BA đã map báo cáo động, Atomic FIMS fir_* đã thiết kế] Data Explorer: metadata của báo cáo động trong generic store FIMS (Fact Foreign Investor Report Value). Báo cáo xác định theo tên (BA ""Tên báo cáo""); cần profile dữ liệu để chốt Report Code — O_NDTNN_27/38. Mã báo cáo = `rpt_code` (BA: RPTMEMBER.RPID)"
K_NDTNN_222,DATA EXPLORER,"Nhóm 38 — SGDCK - Báo cáo tình hình giao dịch của NĐTNN, tổ chức phát hành CCLK tại nước ngoài (PLVII-TT51/2021/TT-BTC)",Tên báo cáo,Chiều,NDTNN,Foreign Investor Report Structure Dimension,Report Name,SLICER,"foreign_investor_report_structure_dim.rpt_nm WHERE foreign_investor_report_structure_dim.rpt_nm = 'Báo cáo tình hình giao dịch của nhà đầu tư nước ngoài, tổ chức phát hành chứng chỉ lưu ký tại nước ngoài (PLVII- TT51/2021/TT-BTC).'","[THIẾT KẾ 2026-10-02 — BA đã map báo cáo động, Atomic FIMS fir_* đã thiết kế] Data Explorer: metadata của báo cáo động trong generic store FIMS (Fact Foreign Investor Report Value). Báo cáo xác định theo tên (BA ""Tên báo cáo""); cần profile dữ liệu để chốt Report Code — O_NDTNN_27/38. Tên báo cáo cố định theo BA"
K_NDTNN_223,DATA EXPLORER,"Nhóm 38 — SGDCK - Báo cáo tình hình giao dịch của NĐTNN, tổ chức phát hành CCLK tại nước ngoài (PLVII-TT51/2021/TT-BTC)",Mã chỉ tiêu,Chiều,NDTNN,Foreign Investor Report Structure Dimension,Structure Code,SLICER,"foreign_investor_report_structure_dim.structure_code WHERE foreign_investor_report_structure_dim.rpt_nm = 'Báo cáo tình hình giao dịch của nhà đầu tư nước ngoài, tổ chức phát hành chứng chỉ lưu ký tại nước ngoài (PLVII- TT51/2021/TT-BTC).'","[THIẾT KẾ 2026-10-02 — BA đã map báo cáo động, Atomic FIMS fir_* đã thiết kế] Data Explorer: metadata của báo cáo động trong generic store FIMS (Fact Foreign Investor Report Value). Báo cáo xác định theo tên (BA ""Tên báo cáo""); cần profile dữ liệu để chốt Report Code — O_NDTNN_27/38. Mã chỉ tiêu = mã ô cấu trúc `structure_code` (BA: RPT_FIELD_CATALOG.MA_CHI_TIEU) — giả định, O_NDTNN_38"
K_NDTNN_224,DATA EXPLORER,"Nhóm 38 — SGDCK - Báo cáo tình hình giao dịch của NĐTNN, tổ chức phát hành CCLK tại nước ngoài (PLVII-TT51/2021/TT-BTC)",Tên chỉ tiêu,Chiều,NDTNN,Foreign Investor Report Structure Dimension,Column Path,SLICER,"CONCAT(foreign_investor_report_structure_dim.row_path, ' > ', foreign_investor_report_structure_dim.column_path) WHERE foreign_investor_report_structure_dim.rpt_nm = 'Báo cáo tình hình giao dịch của nhà đầu tư nước ngoài, tổ chức phát hành chứng chỉ lưu ký tại nước ngoài (PLVII- TT51/2021/TT-BTC).'","[THIẾT KẾ 2026-10-02 — BA đã map báo cáo động, Atomic FIMS fir_* đã thiết kế] Data Explorer: metadata của báo cáo động trong generic store FIMS (Fact Foreign Investor Report Value). Báo cáo xác định theo tên (BA ""Tên báo cáo""); cần profile dữ liệu để chốt Report Code — O_NDTNN_27/38. Tên chỉ tiêu = nhãn dòng > nhãn cột của ô (BA: RPT_FIELD_CATALOG.TEN_CHI_TIEU) — giả định, O_NDTNN_38"
K_NDTNN_225,DATA EXPLORER,Nhóm 39 — VSDC - Báo cáo hoạt động cấp mã số giao dịch (PLVI-TT51/2021/TT-BTC),Loại báo cáo,Chiều,NDTNN,Foreign Investor Report Structure Dimension,Report Type Name,SLICER,foreign_investor_report_structure_dim.report_type_nm WHERE foreign_investor_report_structure_dim.rpt_nm = 'Báo cáo hoạt động cấp mã số giao dịch (PLVI-TT51/2021/TT-BTC)',"[THIẾT KẾ 2026-10-02 — BA đã map báo cáo động, Atomic FIMS fir_* đã thiết kế] Data Explorer: metadata của báo cáo động trong generic store FIMS (Fact Foreign Investor Report Value). Báo cáo xác định theo tên (BA ""Tên báo cáo""); cần profile dữ liệu để chốt Report Code — O_NDTNN_27/38. Loại báo cáo = `report_type_nm` (Định kỳ/Bất thường) — BA: REPORTTYPE.NAME; Atomic fir_* không có nguồn nên suy ra theo danh sách báo cáo bất thường của BA (LLD Foreign Investor Report Structure Dimension) — O_NDTNN_38"
K_NDTNN_226,DATA EXPLORER,Nhóm 39 — VSDC - Báo cáo hoạt động cấp mã số giao dịch (PLVI-TT51/2021/TT-BTC),Kỳ báo cáo,Chiều,NDTNN,Fact Foreign Investor Report Value,Period Type Code,SLICER,JOIN foreign_investor_report_structure_dim ON foreign_investor_report_structure_dim.foreign_investor_report_structure_dim_id = fct_foreign_investor_report_value.foreign_investor_report_structure_dim_id → fct_foreign_investor_report_value.period_tp_code WHERE foreign_investor_report_structure_dim.rpt_nm = 'Báo cáo hoạt động cấp mã số giao dịch (PLVI-TT51/2021/TT-BTC)',"[THIẾT KẾ 2026-10-02 — BA đã map báo cáo động, Atomic FIMS fir_* đã thiết kế] Data Explorer: metadata của báo cáo động trong generic store FIMS (Fact Foreign Investor Report Value). Báo cáo xác định theo tên (BA ""Tên báo cáo""); cần profile dữ liệu để chốt Report Code — O_NDTNN_27/38. Kỳ báo cáo = `period_tp_code` (BA: RPTMEMBER.PeriodType)"
K_NDTNN_227,DATA EXPLORER,Nhóm 39 — VSDC - Báo cáo hoạt động cấp mã số giao dịch (PLVI-TT51/2021/TT-BTC),Mã báo cáo,Chiều,NDTNN,Foreign Investor Report Structure Dimension,Report Code,SLICER,foreign_investor_report_structure_dim.rpt_code WHERE foreign_investor_report_structure_dim.rpt_nm = 'Báo cáo hoạt động cấp mã số giao dịch (PLVI-TT51/2021/TT-BTC)',"[THIẾT KẾ 2026-10-02 — BA đã map báo cáo động, Atomic FIMS fir_* đã thiết kế] Data Explorer: metadata của báo cáo động trong generic store FIMS (Fact Foreign Investor Report Value). Báo cáo xác định theo tên (BA ""Tên báo cáo""); cần profile dữ liệu để chốt Report Code — O_NDTNN_27/38. Mã báo cáo = `rpt_code` (BA: RPTMEMBER.RPID)"
K_NDTNN_228,DATA EXPLORER,Nhóm 39 — VSDC - Báo cáo hoạt động cấp mã số giao dịch (PLVI-TT51/2021/TT-BTC),Tên báo cáo,Chiều,NDTNN,Foreign Investor Report Structure Dimension,Report Name,SLICER,foreign_investor_report_structure_dim.rpt_nm WHERE foreign_investor_report_structure_dim.rpt_nm = 'Báo cáo hoạt động cấp mã số giao dịch (PLVI-TT51/2021/TT-BTC)',"[THIẾT KẾ 2026-10-02 — BA đã map báo cáo động, Atomic FIMS fir_* đã thiết kế] Data Explorer: metadata của báo cáo động trong generic store FIMS (Fact Foreign Investor Report Value). Báo cáo xác định theo tên (BA ""Tên báo cáo""); cần profile dữ liệu để chốt Report Code — O_NDTNN_27/38. Tên báo cáo cố định theo BA"
K_NDTNN_229,DATA EXPLORER,Nhóm 39 — VSDC - Báo cáo hoạt động cấp mã số giao dịch (PLVI-TT51/2021/TT-BTC),Mã chỉ tiêu,Chiều,NDTNN,Foreign Investor Report Structure Dimension,Structure Code,SLICER,foreign_investor_report_structure_dim.structure_code WHERE foreign_investor_report_structure_dim.rpt_nm = 'Báo cáo hoạt động cấp mã số giao dịch (PLVI-TT51/2021/TT-BTC)',"[THIẾT KẾ 2026-10-02 — BA đã map báo cáo động, Atomic FIMS fir_* đã thiết kế] Data Explorer: metadata của báo cáo động trong generic store FIMS (Fact Foreign Investor Report Value). Báo cáo xác định theo tên (BA ""Tên báo cáo""); cần profile dữ liệu để chốt Report Code — O_NDTNN_27/38. Mã chỉ tiêu = mã ô cấu trúc `structure_code` (BA: RPT_FIELD_CATALOG.MA_CHI_TIEU) — giả định, O_NDTNN_38"
K_NDTNN_230,DATA EXPLORER,Nhóm 39 — VSDC - Báo cáo hoạt động cấp mã số giao dịch (PLVI-TT51/2021/TT-BTC),Tên chỉ tiêu,Chiều,NDTNN,Foreign Investor Report Structure Dimension,Column Path,SLICER,"CONCAT(foreign_investor_report_structure_dim.row_path, ' > ', foreign_investor_report_structure_dim.column_path) WHERE foreign_investor_report_structure_dim.rpt_nm = 'Báo cáo hoạt động cấp mã số giao dịch (PLVI-TT51/2021/TT-BTC)'","[THIẾT KẾ 2026-10-02 — BA đã map báo cáo động, Atomic FIMS fir_* đã thiết kế] Data Explorer: metadata của báo cáo động trong generic store FIMS (Fact Foreign Investor Report Value). Báo cáo xác định theo tên (BA ""Tên báo cáo""); cần profile dữ liệu để chốt Report Code — O_NDTNN_27/38. Tên chỉ tiêu = nhãn dòng > nhãn cột của ô (BA: RPT_FIELD_CATALOG.TEN_CHI_TIEU) — giả định, O_NDTNN_38"
K_NDTNN_231,DATA EXPLORER,Nhóm 40 — VSDC - Báo cáo danh mục của từng NĐT nước ngoài,Loại báo cáo,Chiều,NDTNN,Foreign Investor Report Structure Dimension,Report Type Name,SLICER,foreign_investor_report_structure_dim.report_type_nm WHERE foreign_investor_report_structure_dim.rpt_nm = 'Báo cáo danh mục của từng NĐT nước ngoài',"[THIẾT KẾ 2026-10-02 — BA đã map báo cáo động, Atomic FIMS fir_* đã thiết kế] Data Explorer: metadata của báo cáo động trong generic store FIMS (Fact Foreign Investor Report Value). Báo cáo xác định theo tên (BA ""Tên báo cáo""); cần profile dữ liệu để chốt Report Code — O_NDTNN_27/38. Loại báo cáo = `report_type_nm` (Định kỳ/Bất thường) — BA: REPORTTYPE.NAME; Atomic fir_* không có nguồn nên suy ra theo danh sách báo cáo bất thường của BA (LLD Foreign Investor Report Structure Dimension) — O_NDTNN_38"
K_NDTNN_232,DATA EXPLORER,Nhóm 40 — VSDC - Báo cáo danh mục của từng NĐT nước ngoài,Kỳ báo cáo,Chiều,NDTNN,Fact Foreign Investor Report Value,Period Type Code,SLICER,JOIN foreign_investor_report_structure_dim ON foreign_investor_report_structure_dim.foreign_investor_report_structure_dim_id = fct_foreign_investor_report_value.foreign_investor_report_structure_dim_id → fct_foreign_investor_report_value.period_tp_code WHERE foreign_investor_report_structure_dim.rpt_nm = 'Báo cáo danh mục của từng NĐT nước ngoài',"[THIẾT KẾ 2026-10-02 — BA đã map báo cáo động, Atomic FIMS fir_* đã thiết kế] Data Explorer: metadata của báo cáo động trong generic store FIMS (Fact Foreign Investor Report Value). Báo cáo xác định theo tên (BA ""Tên báo cáo""); cần profile dữ liệu để chốt Report Code — O_NDTNN_27/38. Kỳ báo cáo = `period_tp_code` (BA: RPTMEMBER.PeriodType)"
K_NDTNN_233,DATA EXPLORER,Nhóm 40 — VSDC - Báo cáo danh mục của từng NĐT nước ngoài,Mã báo cáo,Chiều,NDTNN,Foreign Investor Report Structure Dimension,Report Code,SLICER,foreign_investor_report_structure_dim.rpt_code WHERE foreign_investor_report_structure_dim.rpt_nm = 'Báo cáo danh mục của từng NĐT nước ngoài',"[THIẾT KẾ 2026-10-02 — BA đã map báo cáo động, Atomic FIMS fir_* đã thiết kế] Data Explorer: metadata của báo cáo động trong generic store FIMS (Fact Foreign Investor Report Value). Báo cáo xác định theo tên (BA ""Tên báo cáo""); cần profile dữ liệu để chốt Report Code — O_NDTNN_27/38. Mã báo cáo = `rpt_code` (BA: RPTMEMBER.RPID)"
K_NDTNN_234,DATA EXPLORER,Nhóm 40 — VSDC - Báo cáo danh mục của từng NĐT nước ngoài,Tên báo cáo,Chiều,NDTNN,Foreign Investor Report Structure Dimension,Report Name,SLICER,foreign_investor_report_structure_dim.rpt_nm WHERE foreign_investor_report_structure_dim.rpt_nm = 'Báo cáo danh mục của từng NĐT nước ngoài',"[THIẾT KẾ 2026-10-02 — BA đã map báo cáo động, Atomic FIMS fir_* đã thiết kế] Data Explorer: metadata của báo cáo động trong generic store FIMS (Fact Foreign Investor Report Value). Báo cáo xác định theo tên (BA ""Tên báo cáo""); cần profile dữ liệu để chốt Report Code — O_NDTNN_27/38. Tên báo cáo cố định theo BA"
K_NDTNN_235,DATA EXPLORER,Nhóm 40 — VSDC - Báo cáo danh mục của từng NĐT nước ngoài,Mã chỉ tiêu,Chiều,NDTNN,Foreign Investor Report Structure Dimension,Structure Code,SLICER,foreign_investor_report_structure_dim.structure_code WHERE foreign_investor_report_structure_dim.rpt_nm = 'Báo cáo danh mục của từng NĐT nước ngoài',"[THIẾT KẾ 2026-10-02 — BA đã map báo cáo động, Atomic FIMS fir_* đã thiết kế] Data Explorer: metadata của báo cáo động trong generic store FIMS (Fact Foreign Investor Report Value). Báo cáo xác định theo tên (BA ""Tên báo cáo""); cần profile dữ liệu để chốt Report Code — O_NDTNN_27/38. Mã chỉ tiêu = mã ô cấu trúc `structure_code` (BA: RPT_FIELD_CATALOG.MA_CHI_TIEU) — giả định, O_NDTNN_38"
K_NDTNN_236,DATA EXPLORER,Nhóm 40 — VSDC - Báo cáo danh mục của từng NĐT nước ngoài,Tên chỉ tiêu,Chiều,NDTNN,Foreign Investor Report Structure Dimension,Column Path,SLICER,"CONCAT(foreign_investor_report_structure_dim.row_path, ' > ', foreign_investor_report_structure_dim.column_path) WHERE foreign_investor_report_structure_dim.rpt_nm = 'Báo cáo danh mục của từng NĐT nước ngoài'","[THIẾT KẾ 2026-10-02 — BA đã map báo cáo động, Atomic FIMS fir_* đã thiết kế] Data Explorer: metadata của báo cáo động trong generic store FIMS (Fact Foreign Investor Report Value). Báo cáo xác định theo tên (BA ""Tên báo cáo""); cần profile dữ liệu để chốt Report Code — O_NDTNN_27/38. Tên chỉ tiêu = nhãn dòng > nhãn cột của ô (BA: RPT_FIELD_CATALOG.TEN_CHI_TIEU) — giả định, O_NDTNN_38"
K_NDTNN_237,DATA EXPLORER,Nhóm 41 — VSDC - Báo cáo thống kê tình hình nắm giữ chứng khoán của NĐTNN,Loại báo cáo,Chiều,NDTNN,Foreign Investor Report Structure Dimension,Report Type Name,SLICER,foreign_investor_report_structure_dim.report_type_nm WHERE foreign_investor_report_structure_dim.rpt_nm = 'Báo cáo thống kê tình hình nắm giữ chứng khoán của nhà đầu tư nước ngoài',"[THIẾT KẾ 2026-10-02 — BA đã map báo cáo động, Atomic FIMS fir_* đã thiết kế] Data Explorer: metadata của báo cáo động trong generic store FIMS (Fact Foreign Investor Report Value). Báo cáo xác định theo tên (BA ""Tên báo cáo""); cần profile dữ liệu để chốt Report Code — O_NDTNN_27/38. Loại báo cáo = `report_type_nm` (Định kỳ/Bất thường) — BA: REPORTTYPE.NAME; Atomic fir_* không có nguồn nên suy ra theo danh sách báo cáo bất thường của BA (LLD Foreign Investor Report Structure Dimension) — O_NDTNN_38"
K_NDTNN_238,DATA EXPLORER,Nhóm 41 — VSDC - Báo cáo thống kê tình hình nắm giữ chứng khoán của NĐTNN,Kỳ báo cáo,Chiều,NDTNN,Fact Foreign Investor Report Value,Period Type Code,SLICER,JOIN foreign_investor_report_structure_dim ON foreign_investor_report_structure_dim.foreign_investor_report_structure_dim_id = fct_foreign_investor_report_value.foreign_investor_report_structure_dim_id → fct_foreign_investor_report_value.period_tp_code WHERE foreign_investor_report_structure_dim.rpt_nm = 'Báo cáo thống kê tình hình nắm giữ chứng khoán của nhà đầu tư nước ngoài',"[THIẾT KẾ 2026-10-02 — BA đã map báo cáo động, Atomic FIMS fir_* đã thiết kế] Data Explorer: metadata của báo cáo động trong generic store FIMS (Fact Foreign Investor Report Value). Báo cáo xác định theo tên (BA ""Tên báo cáo""); cần profile dữ liệu để chốt Report Code — O_NDTNN_27/38. Kỳ báo cáo = `period_tp_code` (BA: RPTMEMBER.PeriodType)"
K_NDTNN_239,DATA EXPLORER,Nhóm 41 — VSDC - Báo cáo thống kê tình hình nắm giữ chứng khoán của NĐTNN,Mã báo cáo,Chiều,NDTNN,Foreign Investor Report Structure Dimension,Report Code,SLICER,foreign_investor_report_structure_dim.rpt_code WHERE foreign_investor_report_structure_dim.rpt_nm = 'Báo cáo thống kê tình hình nắm giữ chứng khoán của nhà đầu tư nước ngoài',"[THIẾT KẾ 2026-10-02 — BA đã map báo cáo động, Atomic FIMS fir_* đã thiết kế] Data Explorer: metadata của báo cáo động trong generic store FIMS (Fact Foreign Investor Report Value). Báo cáo xác định theo tên (BA ""Tên báo cáo""); cần profile dữ liệu để chốt Report Code — O_NDTNN_27/38. Mã báo cáo = `rpt_code` (BA: RPTMEMBER.RPID)"
K_NDTNN_240,DATA EXPLORER,Nhóm 41 — VSDC - Báo cáo thống kê tình hình nắm giữ chứng khoán của NĐTNN,Tên báo cáo,Chiều,NDTNN,Foreign Investor Report Structure Dimension,Report Name,SLICER,foreign_investor_report_structure_dim.rpt_nm WHERE foreign_investor_report_structure_dim.rpt_nm = 'Báo cáo thống kê tình hình nắm giữ chứng khoán của nhà đầu tư nước ngoài',"[THIẾT KẾ 2026-10-02 — BA đã map báo cáo động, Atomic FIMS fir_* đã thiết kế] Data Explorer: metadata của báo cáo động trong generic store FIMS (Fact Foreign Investor Report Value). Báo cáo xác định theo tên (BA ""Tên báo cáo""); cần profile dữ liệu để chốt Report Code — O_NDTNN_27/38. Tên báo cáo cố định theo BA"
K_NDTNN_241,DATA EXPLORER,Nhóm 41 — VSDC - Báo cáo thống kê tình hình nắm giữ chứng khoán của NĐTNN,Mã chỉ tiêu,Chiều,NDTNN,Foreign Investor Report Structure Dimension,Structure Code,SLICER,foreign_investor_report_structure_dim.structure_code WHERE foreign_investor_report_structure_dim.rpt_nm = 'Báo cáo thống kê tình hình nắm giữ chứng khoán của nhà đầu tư nước ngoài',"[THIẾT KẾ 2026-10-02 — BA đã map báo cáo động, Atomic FIMS fir_* đã thiết kế] Data Explorer: metadata của báo cáo động trong generic store FIMS (Fact Foreign Investor Report Value). Báo cáo xác định theo tên (BA ""Tên báo cáo""); cần profile dữ liệu để chốt Report Code — O_NDTNN_27/38. Mã chỉ tiêu = mã ô cấu trúc `structure_code` (BA: RPT_FIELD_CATALOG.MA_CHI_TIEU) — giả định, O_NDTNN_38"
K_NDTNN_242,DATA EXPLORER,Nhóm 41 — VSDC - Báo cáo thống kê tình hình nắm giữ chứng khoán của NĐTNN,Tên chỉ tiêu,Chiều,NDTNN,Foreign Investor Report Structure Dimension,Column Path,SLICER,"CONCAT(foreign_investor_report_structure_dim.row_path, ' > ', foreign_investor_report_structure_dim.column_path) WHERE foreign_investor_report_structure_dim.rpt_nm = 'Báo cáo thống kê tình hình nắm giữ chứng khoán của nhà đầu tư nước ngoài'","[THIẾT KẾ 2026-10-02 — BA đã map báo cáo động, Atomic FIMS fir_* đã thiết kế] Data Explorer: metadata của báo cáo động trong generic store FIMS (Fact Foreign Investor Report Value). Báo cáo xác định theo tên (BA ""Tên báo cáo""); cần profile dữ liệu để chốt Report Code — O_NDTNN_27/38. Tên chỉ tiêu = nhãn dòng > nhãn cột của ô (BA: RPT_FIELD_CATALOG.TEN_CHI_TIEU) — giả định, O_NDTNN_38"
K_NDTNN_243,DATA EXPLORER,"Nhóm 42 — VSDC - Báo cáo thống kê tình hình phát hành chứng khoán ra công chúng, phát hành thêm chứng khoán đã niêm yết/đăng ký giao dịch",Loại báo cáo,Chiều,NDTNN,Foreign Investor Report Structure Dimension,Report Type Name,SLICER,"foreign_investor_report_structure_dim.report_type_nm WHERE foreign_investor_report_structure_dim.rpt_nm = 'Báo cáo thống kê tình hình phát hành chứng khoán ra công chúng, phát hành thêm chứng khoán đã niêm yết/ đăng ký giao dịch'","[THIẾT KẾ 2026-10-02 — BA đã map báo cáo động, Atomic FIMS fir_* đã thiết kế] Data Explorer: metadata của báo cáo động trong generic store FIMS (Fact Foreign Investor Report Value). Báo cáo xác định theo tên (BA ""Tên báo cáo""); cần profile dữ liệu để chốt Report Code — O_NDTNN_27/38. Loại báo cáo = `report_type_nm` (Định kỳ/Bất thường) — BA: REPORTTYPE.NAME; Atomic fir_* không có nguồn nên suy ra theo danh sách báo cáo bất thường của BA (LLD Foreign Investor Report Structure Dimension) — O_NDTNN_38"
K_NDTNN_244,DATA EXPLORER,"Nhóm 42 — VSDC - Báo cáo thống kê tình hình phát hành chứng khoán ra công chúng, phát hành thêm chứng khoán đã niêm yết/đăng ký giao dịch",Kỳ báo cáo,Chiều,NDTNN,Fact Foreign Investor Report Value,Period Type Code,SLICER,"JOIN foreign_investor_report_structure_dim ON foreign_investor_report_structure_dim.foreign_investor_report_structure_dim_id = fct_foreign_investor_report_value.foreign_investor_report_structure_dim_id → fct_foreign_investor_report_value.period_tp_code WHERE foreign_investor_report_structure_dim.rpt_nm = 'Báo cáo thống kê tình hình phát hành chứng khoán ra công chúng, phát hành thêm chứng khoán đã niêm yết/ đăng ký giao dịch'","[THIẾT KẾ 2026-10-02 — BA đã map báo cáo động, Atomic FIMS fir_* đã thiết kế] Data Explorer: metadata của báo cáo động trong generic store FIMS (Fact Foreign Investor Report Value). Báo cáo xác định theo tên (BA ""Tên báo cáo""); cần profile dữ liệu để chốt Report Code — O_NDTNN_27/38. Kỳ báo cáo = `period_tp_code` (BA: RPTMEMBER.PeriodType)"
K_NDTNN_245,DATA EXPLORER,"Nhóm 42 — VSDC - Báo cáo thống kê tình hình phát hành chứng khoán ra công chúng, phát hành thêm chứng khoán đã niêm yết/đăng ký giao dịch",Mã báo cáo,Chiều,NDTNN,Foreign Investor Report Structure Dimension,Report Code,SLICER,"foreign_investor_report_structure_dim.rpt_code WHERE foreign_investor_report_structure_dim.rpt_nm = 'Báo cáo thống kê tình hình phát hành chứng khoán ra công chúng, phát hành thêm chứng khoán đã niêm yết/ đăng ký giao dịch'","[THIẾT KẾ 2026-10-02 — BA đã map báo cáo động, Atomic FIMS fir_* đã thiết kế] Data Explorer: metadata của báo cáo động trong generic store FIMS (Fact Foreign Investor Report Value). Báo cáo xác định theo tên (BA ""Tên báo cáo""); cần profile dữ liệu để chốt Report Code — O_NDTNN_27/38. Mã báo cáo = `rpt_code` (BA: RPTMEMBER.RPID)"
K_NDTNN_246,DATA EXPLORER,"Nhóm 42 — VSDC - Báo cáo thống kê tình hình phát hành chứng khoán ra công chúng, phát hành thêm chứng khoán đã niêm yết/đăng ký giao dịch",Tên báo cáo,Chiều,NDTNN,Foreign Investor Report Structure Dimension,Report Name,SLICER,"foreign_investor_report_structure_dim.rpt_nm WHERE foreign_investor_report_structure_dim.rpt_nm = 'Báo cáo thống kê tình hình phát hành chứng khoán ra công chúng, phát hành thêm chứng khoán đã niêm yết/ đăng ký giao dịch'","[THIẾT KẾ 2026-10-02 — BA đã map báo cáo động, Atomic FIMS fir_* đã thiết kế] Data Explorer: metadata của báo cáo động trong generic store FIMS (Fact Foreign Investor Report Value). Báo cáo xác định theo tên (BA ""Tên báo cáo""); cần profile dữ liệu để chốt Report Code — O_NDTNN_27/38. Tên báo cáo cố định theo BA"
K_NDTNN_247,DATA EXPLORER,"Nhóm 42 — VSDC - Báo cáo thống kê tình hình phát hành chứng khoán ra công chúng, phát hành thêm chứng khoán đã niêm yết/đăng ký giao dịch",Mã chỉ tiêu,Chiều,NDTNN,Foreign Investor Report Structure Dimension,Structure Code,SLICER,"foreign_investor_report_structure_dim.structure_code WHERE foreign_investor_report_structure_dim.rpt_nm = 'Báo cáo thống kê tình hình phát hành chứng khoán ra công chúng, phát hành thêm chứng khoán đã niêm yết/ đăng ký giao dịch'","[THIẾT KẾ 2026-10-02 — BA đã map báo cáo động, Atomic FIMS fir_* đã thiết kế] Data Explorer: metadata của báo cáo động trong generic store FIMS (Fact Foreign Investor Report Value). Báo cáo xác định theo tên (BA ""Tên báo cáo""); cần profile dữ liệu để chốt Report Code — O_NDTNN_27/38. Mã chỉ tiêu = mã ô cấu trúc `structure_code` (BA: RPT_FIELD_CATALOG.MA_CHI_TIEU) — giả định, O_NDTNN_38"
K_NDTNN_248,DATA EXPLORER,"Nhóm 42 — VSDC - Báo cáo thống kê tình hình phát hành chứng khoán ra công chúng, phát hành thêm chứng khoán đã niêm yết/đăng ký giao dịch",Tên chỉ tiêu,Chiều,NDTNN,Foreign Investor Report Structure Dimension,Column Path,SLICER,"CONCAT(foreign_investor_report_structure_dim.row_path, ' > ', foreign_investor_report_structure_dim.column_path) WHERE foreign_investor_report_structure_dim.rpt_nm = 'Báo cáo thống kê tình hình phát hành chứng khoán ra công chúng, phát hành thêm chứng khoán đã niêm yết/ đăng ký giao dịch'","[THIẾT KẾ 2026-10-02 — BA đã map báo cáo động, Atomic FIMS fir_* đã thiết kế] Data Explorer: metadata của báo cáo động trong generic store FIMS (Fact Foreign Investor Report Value). Báo cáo xác định theo tên (BA ""Tên báo cáo""); cần profile dữ liệu để chốt Report Code — O_NDTNN_27/38. Tên chỉ tiêu = nhãn dòng > nhãn cột của ô (BA: RPT_FIELD_CATALOG.TEN_CHI_TIEU) — giả định, O_NDTNN_38"
K_NDTNN_249,DATA EXPLORER,Nhóm 43 — VSDC - Báo cáo thống kê tình hình chia cổ tức cho NĐTNN,Loại báo cáo,Chiều,NDTNN,Foreign Investor Report Structure Dimension,Report Type Name,SLICER,foreign_investor_report_structure_dim.report_type_nm WHERE foreign_investor_report_structure_dim.rpt_nm = 'Báo cáo thống kê tình hình chia cổ tức cho nhà đầu tư nước ngoài',"[THIẾT KẾ 2026-10-02 — BA đã map báo cáo động, Atomic FIMS fir_* đã thiết kế] Data Explorer: metadata của báo cáo động trong generic store FIMS (Fact Foreign Investor Report Value). Báo cáo xác định theo tên (BA ""Tên báo cáo""); cần profile dữ liệu để chốt Report Code — O_NDTNN_27/38. Loại báo cáo = `report_type_nm` (Định kỳ/Bất thường) — BA: REPORTTYPE.NAME; Atomic fir_* không có nguồn nên suy ra theo danh sách báo cáo bất thường của BA (LLD Foreign Investor Report Structure Dimension) — O_NDTNN_38"
K_NDTNN_250,DATA EXPLORER,Nhóm 43 — VSDC - Báo cáo thống kê tình hình chia cổ tức cho NĐTNN,Kỳ báo cáo,Chiều,NDTNN,Fact Foreign Investor Report Value,Period Type Code,SLICER,JOIN foreign_investor_report_structure_dim ON foreign_investor_report_structure_dim.foreign_investor_report_structure_dim_id = fct_foreign_investor_report_value.foreign_investor_report_structure_dim_id → fct_foreign_investor_report_value.period_tp_code WHERE foreign_investor_report_structure_dim.rpt_nm = 'Báo cáo thống kê tình hình chia cổ tức cho nhà đầu tư nước ngoài',"[THIẾT KẾ 2026-10-02 — BA đã map báo cáo động, Atomic FIMS fir_* đã thiết kế] Data Explorer: metadata của báo cáo động trong generic store FIMS (Fact Foreign Investor Report Value). Báo cáo xác định theo tên (BA ""Tên báo cáo""); cần profile dữ liệu để chốt Report Code — O_NDTNN_27/38. Kỳ báo cáo = `period_tp_code` (BA: RPTMEMBER.PeriodType)"
K_NDTNN_251,DATA EXPLORER,Nhóm 43 — VSDC - Báo cáo thống kê tình hình chia cổ tức cho NĐTNN,Mã báo cáo,Chiều,NDTNN,Foreign Investor Report Structure Dimension,Report Code,SLICER,foreign_investor_report_structure_dim.rpt_code WHERE foreign_investor_report_structure_dim.rpt_nm = 'Báo cáo thống kê tình hình chia cổ tức cho nhà đầu tư nước ngoài',"[THIẾT KẾ 2026-10-02 — BA đã map báo cáo động, Atomic FIMS fir_* đã thiết kế] Data Explorer: metadata của báo cáo động trong generic store FIMS (Fact Foreign Investor Report Value). Báo cáo xác định theo tên (BA ""Tên báo cáo""); cần profile dữ liệu để chốt Report Code — O_NDTNN_27/38. Mã báo cáo = `rpt_code` (BA: RPTMEMBER.RPID)"
K_NDTNN_252,DATA EXPLORER,Nhóm 43 — VSDC - Báo cáo thống kê tình hình chia cổ tức cho NĐTNN,Tên báo cáo,Chiều,NDTNN,Foreign Investor Report Structure Dimension,Report Name,SLICER,foreign_investor_report_structure_dim.rpt_nm WHERE foreign_investor_report_structure_dim.rpt_nm = 'Báo cáo thống kê tình hình chia cổ tức cho nhà đầu tư nước ngoài',"[THIẾT KẾ 2026-10-02 — BA đã map báo cáo động, Atomic FIMS fir_* đã thiết kế] Data Explorer: metadata của báo cáo động trong generic store FIMS (Fact Foreign Investor Report Value). Báo cáo xác định theo tên (BA ""Tên báo cáo""); cần profile dữ liệu để chốt Report Code — O_NDTNN_27/38. Tên báo cáo cố định theo BA"
K_NDTNN_253,DATA EXPLORER,Nhóm 43 — VSDC - Báo cáo thống kê tình hình chia cổ tức cho NĐTNN,Mã chỉ tiêu,Chiều,NDTNN,Foreign Investor Report Structure Dimension,Structure Code,SLICER,foreign_investor_report_structure_dim.structure_code WHERE foreign_investor_report_structure_dim.rpt_nm = 'Báo cáo thống kê tình hình chia cổ tức cho nhà đầu tư nước ngoài',"[THIẾT KẾ 2026-10-02 — BA đã map báo cáo động, Atomic FIMS fir_* đã thiết kế] Data Explorer: metadata của báo cáo động trong generic store FIMS (Fact Foreign Investor Report Value). Báo cáo xác định theo tên (BA ""Tên báo cáo""); cần profile dữ liệu để chốt Report Code — O_NDTNN_27/38. Mã chỉ tiêu = mã ô cấu trúc `structure_code` (BA: RPT_FIELD_CATALOG.MA_CHI_TIEU) — giả định, O_NDTNN_38"
K_NDTNN_254,DATA EXPLORER,Nhóm 43 — VSDC - Báo cáo thống kê tình hình chia cổ tức cho NĐTNN,Tên chỉ tiêu,Chiều,NDTNN,Foreign Investor Report Structure Dimension,Column Path,SLICER,"CONCAT(foreign_investor_report_structure_dim.row_path, ' > ', foreign_investor_report_structure_dim.column_path) WHERE foreign_investor_report_structure_dim.rpt_nm = 'Báo cáo thống kê tình hình chia cổ tức cho nhà đầu tư nước ngoài'","[THIẾT KẾ 2026-10-02 — BA đã map báo cáo động, Atomic FIMS fir_* đã thiết kế] Data Explorer: metadata của báo cáo động trong generic store FIMS (Fact Foreign Investor Report Value). Báo cáo xác định theo tên (BA ""Tên báo cáo""); cần profile dữ liệu để chốt Report Code — O_NDTNN_27/38. Tên chỉ tiêu = nhãn dòng > nhãn cột của ô (BA: RPT_FIELD_CATALOG.TEN_CHI_TIEU) — giả định, O_NDTNN_38"
