kpi_id,tab,nhom,kpi_name,tinh_chat,source_module,mart_table,mart_column,column_role,logic,ghi_chu
K_QLKD_1,TỔNG QUAN,Nhóm 1 — Chỉ tiêu thống kê chung,Chiều Trạng thái công ty,Base,QLKD,Securities Company Dimension,Company Status Code,SLICER,securities_company_dim.company_status_code,
K_QLKD_2,TỔNG QUAN,Nhóm 1 — Chỉ tiêu thống kê chung,Chiều thời gian theo ngày,Base,QLKD,Fact Securities Company Status Snapshot,Snapshot Date Dimension Id,SLICER,JOIN cdr_dt_dim ON cdr_dt_dim.cdr_dt_dim_id = fct_securities_company_status_snpst.snpst_dt_dim_id,
K_QLKD_3,TỔNG QUAN,Nhóm 1 — Chỉ tiêu thống kê chung,So sánh cùng kỳ năm trước tổng số lượng CTCK,Phái sinh,QLKD,,,DERIVED,"( COUNT(DISTINCT fct_securities_company_status_snpst.securities_company_dim_id | snpst yr=:Y) - COUNT(DISTINCT fct_securities_company_status_snpst.securities_company_dim_id | snpst yr=:Y-1) ) / NULLIF( COUNT(DISTINCT fct_securities_company_status_snpst.securities_company_dim_id | snpst yr=:Y-1) , 0) * 100",YoY % tăng trưởng — presentation layer resolve 2 năm
K_QLKD_4,TỔNG QUAN,Nhóm 1 — Chỉ tiêu thống kê chung,Tổng số lượng CTCK đã được cấp phép,Base,QLKD,Fact Securities Company Status Snapshot,Securities Company Dimension Id,MEASURE,COUNT(DISTINCT fct_securities_company_status_snpst.securities_company_dim_id),
K_QLKD_5,TỔNG QUAN,Nhóm 1 — Chỉ tiêu thống kê chung,Số lượng CTCK đang hoạt động bình thường,Base,QLKD,Fact Securities Company Status Snapshot,Securities Company Dimension Id,MEASURE,COUNT(DISTINCT fct_securities_company_status_snpst.securities_company_dim_id),
K_QLKD_5,TỔNG QUAN,Nhóm 1 — Chỉ tiêu thống kê chung,Số lượng CTCK đang hoạt động bình thường,Base,QLKD,Securities Company Dimension,Company Status Code,FILTER,securities_company_dim.company_status_code = 'ACTIVE',
K_QLKD_6,TỔNG QUAN,Nhóm 1 — Chỉ tiêu thống kê chung,Số lượng CTCK đã bị thu hồi,Base,QLKD,Fact Securities Company Status Snapshot,Securities Company Dimension Id,MEASURE,COUNT(DISTINCT fct_securities_company_status_snpst.securities_company_dim_id),
K_QLKD_6,TỔNG QUAN,Nhóm 1 — Chỉ tiêu thống kê chung,Số lượng CTCK đã bị thu hồi,Base,QLKD,Securities Company Dimension,Company Status Code,FILTER,securities_company_dim.company_status_code = 'REVOKED',
K_QLKD_7,TỔNG QUAN,Nhóm 1 — Chỉ tiêu thống kê chung,Số lượng CTCK thuộc diện cảnh báo,Base,QLKD,Fact Securities Company Status Snapshot,Securities Company Dimension Id,MEASURE,COUNT(DISTINCT fct_securities_company_status_snpst.securities_company_dim_id),
K_QLKD_7,TỔNG QUAN,Nhóm 1 — Chỉ tiêu thống kê chung,Số lượng CTCK thuộc diện cảnh báo,Base,QLKD,Securities Company Dimension,Company Status Code,FILTER,securities_company_dim.company_status_code = 'WARNING',
K_QLKD_8,TỔNG QUAN,Nhóm 1 — Chỉ tiêu thống kê chung,Số lượng CTCK thuộc diện kiểm soát,Base,QLKD,Fact Securities Company Status Snapshot,Securities Company Dimension Id,MEASURE,COUNT(DISTINCT fct_securities_company_status_snpst.securities_company_dim_id),
K_QLKD_8,TỔNG QUAN,Nhóm 1 — Chỉ tiêu thống kê chung,Số lượng CTCK thuộc diện kiểm soát,Base,QLKD,Securities Company Dimension,Company Status Code,FILTER,securities_company_dim.company_status_code = 'CONTROLLED',
K_QLKD_9,TỔNG QUAN,Nhóm 1 — Chỉ tiêu thống kê chung,Số lượng CTCK thuộc diện kiểm soát đặc biệt,Base,QLKD,Fact Securities Company Status Snapshot,Securities Company Dimension Id,MEASURE,COUNT(DISTINCT fct_securities_company_status_snpst.securities_company_dim_id),
K_QLKD_9,TỔNG QUAN,Nhóm 1 — Chỉ tiêu thống kê chung,Số lượng CTCK thuộc diện kiểm soát đặc biệt,Base,QLKD,Securities Company Dimension,Company Status Code,FILTER,securities_company_dim.company_status_code = 'SPECIAL_CONTROLLED',
K_QLKD_10,TỔNG QUAN,Nhóm 1 — Chỉ tiêu thống kê chung,Số lượng CTCK đình chỉ hoạt động,Base,QLKD,Fact Securities Company Status Snapshot,Securities Company Dimension Id,MEASURE,COUNT(DISTINCT fct_securities_company_status_snpst.securities_company_dim_id),
K_QLKD_10,TỔNG QUAN,Nhóm 1 — Chỉ tiêu thống kê chung,Số lượng CTCK đình chỉ hoạt động,Base,QLKD,Securities Company Dimension,Company Status Code,FILTER,securities_company_dim.company_status_code = 'SUSPENDED',
K_QLKD_11,TỔNG QUAN,Nhóm 1 — Chỉ tiêu thống kê chung,Số lượng CTCK trạng thái khác,Base,QLKD,Fact Securities Company Status Snapshot,Securities Company Dimension Id,MEASURE,COUNT(DISTINCT fct_securities_company_status_snpst.securities_company_dim_id),
K_QLKD_11,TỔNG QUAN,Nhóm 1 — Chỉ tiêu thống kê chung,Số lượng CTCK trạng thái khác,Base,QLKD,Securities Company Dimension,Company Status Code,FILTER,securities_company_dim.company_status_code NOT IN ('ACTIVE'|'REVOKED'|'WARNING'|'CONTROLLED'|'SPECIAL_CONTROLLED'|'SUSPENDED'),
K_QLKD_12,TỔNG QUAN,Nhóm 1 — Chỉ tiêu thống kê chung,Số tài khoản có phát sinh giao dịch,Base,QLKD,,,,,Pending - chưa thiết kế nguồn
K_QLKD_13,TỔNG QUAN,Nhóm 1 — Chỉ tiêu thống kê chung,Số dư tiền gửi giao dịch,Base,QLKD,,,,,Pending - chưa thiết kế nguồn
K_QLKD_14,TỔNG QUAN,Nhóm 2 — Biểu đồ Nghiệp vụ,Chiều thời gian theo ngày,Chiều,QLKD,,,,,Pending - chưa thiết kế nguồn
K_QLKD_15,TỔNG QUAN,Nhóm 2 — Biểu đồ Nghiệp vụ,Chiều nghiệp vụ kinh doanh chứng khoán,Chiều,QLKD,,,,,Pending - chưa thiết kế nguồn
K_QLKD_16,TỔNG QUAN,Nhóm 2 — Biểu đồ Nghiệp vụ,Số CTCK theo nghiệp vụ môi giới,Cơ sở,QLKD,,,,,Pending - chưa thiết kế nguồn
K_QLKD_17,TỔNG QUAN,Nhóm 2 — Biểu đồ Nghiệp vụ,Số CTCK theo nghiệp vụ bảo lãnh,Cơ sở,QLKD,,,,,Pending - chưa thiết kế nguồn
K_QLKD_18,TỔNG QUAN,Nhóm 2 — Biểu đồ Nghiệp vụ,Số CTCK theo nghiệp vụ tư vấn,Cơ sở,QLKD,,,,,Pending - chưa thiết kế nguồn
K_QLKD_19,TỔNG QUAN,Nhóm 2 — Biểu đồ Nghiệp vụ,Số CTCK theo nghiệp vụ tự doanh,Cơ sở,QLKD,,,,,Pending - chưa thiết kế nguồn
K_QLKD_20,TỔNG QUAN,Nhóm 3 — Biểu đồ Dịch vụ,Chiều thời gian theo ngày,Base,QLKD,Fact Securities Company Service Registration,Registration Date Dimension Id,SLICER,JOIN cdr_dt_dim ON cdr_dt_dim.cdr_dt_dim_id = fct_securities_company_service_registration.registration_dt_dim_id,
K_QLKD_21,TỔNG QUAN,Nhóm 3 — Biểu đồ Dịch vụ,Chiều dịch vụ kinh doanh chứng khoán,Base,QLKD,Service Type Dimension,Classification Service Name,SLICER,service_tp_dim.cl_service_nm,
K_QLKD_22,TỔNG QUAN,Nhóm 3 — Biểu đồ Dịch vụ,Số CTCK theo dịch vụ giao dịch ký quỹ,Base,QLKD,Fact Securities Company Service Registration,Securities Company Dimension Id,MEASURE,COUNT(DISTINCT fct_securities_company_service_registration.securities_company_dim_id),
K_QLKD_22,TỔNG QUAN,Nhóm 3 — Biểu đồ Dịch vụ,Số CTCK theo dịch vụ giao dịch ký quỹ,Base,QLKD,Service Type Dimension,Classification Service Name,FILTER,service_tp_dim.cl_service_nm LIKE '%giao dịch ký quỹ%',
K_QLKD_23,TỔNG QUAN,Nhóm 3 — Biểu đồ Dịch vụ,Số CTCK theo dịch vụ ứng trước tiền bán,Base,QLKD,Fact Securities Company Service Registration,Securities Company Dimension Id,MEASURE,COUNT(DISTINCT fct_securities_company_service_registration.securities_company_dim_id),
K_QLKD_23,TỔNG QUAN,Nhóm 3 — Biểu đồ Dịch vụ,Số CTCK theo dịch vụ ứng trước tiền bán,Base,QLKD,Service Type Dimension,Classification Service Name,FILTER,service_tp_dim.cl_service_nm LIKE '%ứng trước tiền bán%',Hiện = 0 do CAT_SERVICE thiếu danh mục — xem O_QLKD_21
K_QLKD_24,TỔNG QUAN,Nhóm 3 — Biểu đồ Dịch vụ,Số CTCK theo dịch vụ lưu ký,Base,QLKD,Fact Securities Company Service Registration,Securities Company Dimension Id,MEASURE,COUNT(DISTINCT fct_securities_company_service_registration.securities_company_dim_id),
K_QLKD_24,TỔNG QUAN,Nhóm 3 — Biểu đồ Dịch vụ,Số CTCK theo dịch vụ lưu ký,Base,QLKD,Service Type Dimension,Classification Service Name,FILTER,service_tp_dim.cl_service_nm LIKE '%lưu ký%',Hiện = 0 do CAT_SERVICE thiếu danh mục — xem O_QLKD_21
K_QLKD_25,TỔNG QUAN,Nhóm 4 — Biểu đồ Dịch vụ phái sinh,Chiều thời gian theo ngày,Base,QLKD,Fact Securities Company Service Registration,Registration Date Dimension Id,SLICER,JOIN cdr_dt_dim ON cdr_dt_dim.cdr_dt_dim_id = fct_securities_company_service_registration.registration_dt_dim_id,
K_QLKD_26,TỔNG QUAN,Nhóm 4 — Biểu đồ Dịch vụ phái sinh,Chiều dịch vụ phái sinh,Base,QLKD,Service Type Dimension,Classification Service Name,SLICER,service_tp_dim.cl_service_nm LIKE '%phái sinh%',
K_QLKD_27,TỔNG QUAN,Nhóm 4 — Biểu đồ Dịch vụ phái sinh,Số CTCK phái sinh dịch vụ môi giới,Base,QLKD,Fact Securities Company Service Registration,Securities Company Dimension Id,MEASURE,COUNT(DISTINCT fct_securities_company_service_registration.securities_company_dim_id),
K_QLKD_27,TỔNG QUAN,Nhóm 4 — Biểu đồ Dịch vụ phái sinh,Số CTCK phái sinh dịch vụ môi giới,Base,QLKD,Service Type Dimension,Classification Service Name,FILTER,service_tp_dim.cl_service_nm LIKE '%phái sinh%' AND service_tp_dim.cl_service_nm LIKE '%môi giới%',
K_QLKD_28,TỔNG QUAN,Nhóm 4 — Biểu đồ Dịch vụ phái sinh,Số CTCK phái sinh dịch vụ tư vấn,Base,QLKD,Fact Securities Company Service Registration,Securities Company Dimension Id,MEASURE,COUNT(DISTINCT fct_securities_company_service_registration.securities_company_dim_id),
K_QLKD_28,TỔNG QUAN,Nhóm 4 — Biểu đồ Dịch vụ phái sinh,Số CTCK phái sinh dịch vụ tư vấn,Base,QLKD,Service Type Dimension,Classification Service Name,FILTER,service_tp_dim.cl_service_nm LIKE '%phái sinh%' AND service_tp_dim.cl_service_nm LIKE '%tư vấn%',
K_QLKD_29,TỔNG QUAN,Nhóm 4 — Biểu đồ Dịch vụ phái sinh,Số CTCK phái sinh dịch vụ tự doanh,Base,QLKD,Fact Securities Company Service Registration,Securities Company Dimension Id,MEASURE,COUNT(DISTINCT fct_securities_company_service_registration.securities_company_dim_id),
K_QLKD_29,TỔNG QUAN,Nhóm 4 — Biểu đồ Dịch vụ phái sinh,Số CTCK phái sinh dịch vụ tự doanh,Base,QLKD,Service Type Dimension,Classification Service Name,FILTER,service_tp_dim.cl_service_nm LIKE '%phái sinh%' AND service_tp_dim.cl_service_nm LIKE '%tự doanh%',
K_QLKD_30,TỔNG QUAN,Nhóm 5 — Duy trì điều kiện cấp phép GPHL,Chiều thời gian theo ngày,Base,QLKD,Fact Securities Company License Condition Snapshot,Snapshot Date Dimension Id,SLICER,JOIN cdr_dt_dim ON cdr_dt_dim.cdr_dt_dim_id = fct_securities_company_license_condition_snpst.snpst_dt_dim_id,
K_QLKD_31,TỔNG QUAN,Nhóm 5 — Duy trì điều kiện cấp phép GPHL,Các loại duy trì điều kiện cấp phép,Base,QLKD,Fact Securities Company License Condition Snapshot,Severity Level,SLICER,fct_securities_company_license_condition_snpst.severity_level,
K_QLKD_32,TỔNG QUAN,Nhóm 5 — Duy trì điều kiện cấp phép GPHL,Số CTCK duy trì tốt — Giấy phép hoạt động,Base,QLKD,Fact Securities Company License Condition Snapshot,Securities Company Dimension Id,MEASURE,COUNT(DISTINCT fct_securities_company_license_condition_snpst.securities_company_dim_id),
K_QLKD_32,TỔNG QUAN,Nhóm 5 — Duy trì điều kiện cấp phép GPHL,Số CTCK duy trì tốt — Giấy phép hoạt động,Base,QLKD,Fact Securities Company License Condition Snapshot,Severity Level,FILTER,fct_securities_company_license_condition_snpst.severity_level = '1',
K_QLKD_32,TỔNG QUAN,Nhóm 5 — Duy trì điều kiện cấp phép GPHL,Số CTCK duy trì tốt — Giấy phép hoạt động,Base,QLKD,Fact Securities Company License Condition Snapshot,Indicator Code,FILTER,fct_securities_company_license_condition_snpst.indicator_code = 'DUY_TRI_DKCP_GPKD',
K_QLKD_33,TỔNG QUAN,Nhóm 5 — Duy trì điều kiện cấp phép GPHL,Số CTCK gần giới hạn duy trì — Giấy phép hoạt động,Base,QLKD,Fact Securities Company License Condition Snapshot,Securities Company Dimension Id,MEASURE,COUNT(DISTINCT fct_securities_company_license_condition_snpst.securities_company_dim_id),
K_QLKD_33,TỔNG QUAN,Nhóm 5 — Duy trì điều kiện cấp phép GPHL,Số CTCK gần giới hạn duy trì — Giấy phép hoạt động,Base,QLKD,Fact Securities Company License Condition Snapshot,Severity Level,FILTER,fct_securities_company_license_condition_snpst.severity_level = '2',
K_QLKD_33,TỔNG QUAN,Nhóm 5 — Duy trì điều kiện cấp phép GPHL,Số CTCK gần giới hạn duy trì — Giấy phép hoạt động,Base,QLKD,Fact Securities Company License Condition Snapshot,Indicator Code,FILTER,fct_securities_company_license_condition_snpst.indicator_code = 'DUY_TRI_DKCP_GPKD',
K_QLKD_34,TỔNG QUAN,Nhóm 5 — Duy trì điều kiện cấp phép GPHL,Số CTCK không duy trì điều kiện — Giấy phép hoạt động,Base,QLKD,Fact Securities Company License Condition Snapshot,Securities Company Dimension Id,MEASURE,COUNT(DISTINCT fct_securities_company_license_condition_snpst.securities_company_dim_id),
K_QLKD_34,TỔNG QUAN,Nhóm 5 — Duy trì điều kiện cấp phép GPHL,Số CTCK không duy trì điều kiện — Giấy phép hoạt động,Base,QLKD,Fact Securities Company License Condition Snapshot,Severity Level,FILTER,fct_securities_company_license_condition_snpst.severity_level = '3',
K_QLKD_34,TỔNG QUAN,Nhóm 5 — Duy trì điều kiện cấp phép GPHL,Số CTCK không duy trì điều kiện — Giấy phép hoạt động,Base,QLKD,Fact Securities Company License Condition Snapshot,Indicator Code,FILTER,fct_securities_company_license_condition_snpst.indicator_code = 'DUY_TRI_DKCP_GPKD',
K_QLKD_30,TỔNG QUAN,Nhóm 6 — Duy trì điều kiện cấp phép Phái sinh KDCKPS,Chiều thời gian theo ngày (reuse từ Nhóm 5),Base,QLKD,Fact Securities Company License Condition Snapshot,Snapshot Date Dimension Id,SLICER,JOIN cdr_dt_dim ON cdr_dt_dim.cdr_dt_dim_id = fct_securities_company_license_condition_snpst.snpst_dt_dim_id,Reuse từ Nhóm 5
K_QLKD_31,TỔNG QUAN,Nhóm 6 — Duy trì điều kiện cấp phép Phái sinh KDCKPS,Các loại duy trì điều kiện cấp phép (reuse từ Nhóm 5),Base,QLKD,Fact Securities Company License Condition Snapshot,Severity Level,SLICER,fct_securities_company_license_condition_snpst.severity_level,Reuse từ Nhóm 5
K_QLKD_35,TỔNG QUAN,Nhóm 6 — Duy trì điều kiện cấp phép Phái sinh KDCKPS,Số CTCK duy trì tốt — Phái sinh KDCKPS,Base,QLKD,Fact Securities Company License Condition Snapshot,Securities Company Dimension Id,MEASURE,COUNT(DISTINCT fct_securities_company_license_condition_snpst.securities_company_dim_id),
K_QLKD_35,TỔNG QUAN,Nhóm 6 — Duy trì điều kiện cấp phép Phái sinh KDCKPS,Số CTCK duy trì tốt — Phái sinh KDCKPS,Base,QLKD,Fact Securities Company License Condition Snapshot,Severity Level,FILTER,fct_securities_company_license_condition_snpst.severity_level = '1',
K_QLKD_35,TỔNG QUAN,Nhóm 6 — Duy trì điều kiện cấp phép Phái sinh KDCKPS,Số CTCK duy trì tốt — Phái sinh KDCKPS,Base,QLKD,Fact Securities Company License Condition Snapshot,Indicator Code,FILTER,fct_securities_company_license_condition_snpst.indicator_code = 'DUY_TRI_DKCP_CTCK_PHAI_SINH',
K_QLKD_36,TỔNG QUAN,Nhóm 6 — Duy trì điều kiện cấp phép Phái sinh KDCKPS,Số CTCK gần giới hạn duy trì — Phái sinh KDCKPS,Base,QLKD,Fact Securities Company License Condition Snapshot,Securities Company Dimension Id,MEASURE,COUNT(DISTINCT fct_securities_company_license_condition_snpst.securities_company_dim_id),
K_QLKD_36,TỔNG QUAN,Nhóm 6 — Duy trì điều kiện cấp phép Phái sinh KDCKPS,Số CTCK gần giới hạn duy trì — Phái sinh KDCKPS,Base,QLKD,Fact Securities Company License Condition Snapshot,Severity Level,FILTER,fct_securities_company_license_condition_snpst.severity_level = '2',
K_QLKD_36,TỔNG QUAN,Nhóm 6 — Duy trì điều kiện cấp phép Phái sinh KDCKPS,Số CTCK gần giới hạn duy trì — Phái sinh KDCKPS,Base,QLKD,Fact Securities Company License Condition Snapshot,Indicator Code,FILTER,fct_securities_company_license_condition_snpst.indicator_code = 'DUY_TRI_DKCP_CTCK_PHAI_SINH',
K_QLKD_37,TỔNG QUAN,Nhóm 6 — Duy trì điều kiện cấp phép Phái sinh KDCKPS,Số CTCK không duy trì điều kiện — Phái sinh KDCKPS,Base,QLKD,Fact Securities Company License Condition Snapshot,Securities Company Dimension Id,MEASURE,COUNT(DISTINCT fct_securities_company_license_condition_snpst.securities_company_dim_id),
K_QLKD_37,TỔNG QUAN,Nhóm 6 — Duy trì điều kiện cấp phép Phái sinh KDCKPS,Số CTCK không duy trì điều kiện — Phái sinh KDCKPS,Base,QLKD,Fact Securities Company License Condition Snapshot,Severity Level,FILTER,fct_securities_company_license_condition_snpst.severity_level = '3',
K_QLKD_37,TỔNG QUAN,Nhóm 6 — Duy trì điều kiện cấp phép Phái sinh KDCKPS,Số CTCK không duy trì điều kiện — Phái sinh KDCKPS,Base,QLKD,Fact Securities Company License Condition Snapshot,Indicator Code,FILTER,fct_securities_company_license_condition_snpst.indicator_code = 'DUY_TRI_DKCP_CTCK_PHAI_SINH',
K_QLKD_30,TỔNG QUAN,Nhóm 7 — Duy trì điều kiện cấp phép Phái sinh BTTT,Chiều thời gian theo ngày (reuse từ Nhóm 5),Base,QLKD,Fact Securities Company License Condition Snapshot,Snapshot Date Dimension Id,SLICER,JOIN cdr_dt_dim ON cdr_dt_dim.cdr_dt_dim_id = fct_securities_company_license_condition_snpst.snpst_dt_dim_id,Reuse từ Nhóm 5
K_QLKD_31,TỔNG QUAN,Nhóm 7 — Duy trì điều kiện cấp phép Phái sinh BTTT,Các loại duy trì điều kiện cấp phép (reuse từ Nhóm 5),Base,QLKD,Fact Securities Company License Condition Snapshot,Severity Level,SLICER,fct_securities_company_license_condition_snpst.severity_level,Reuse từ Nhóm 5
K_QLKD_38,TỔNG QUAN,Nhóm 7 — Duy trì điều kiện cấp phép Phái sinh BTTT,Số CTCK duy trì tốt — Phái sinh bù trừ thanh toán,Base,QLKD,Fact Securities Company License Condition Snapshot,Securities Company Dimension Id,MEASURE,COUNT(DISTINCT fct_securities_company_license_condition_snpst.securities_company_dim_id),
K_QLKD_38,TỔNG QUAN,Nhóm 7 — Duy trì điều kiện cấp phép Phái sinh BTTT,Số CTCK duy trì tốt — Phái sinh bù trừ thanh toán,Base,QLKD,Fact Securities Company License Condition Snapshot,Severity Level,FILTER,fct_securities_company_license_condition_snpst.severity_level = '1',
K_QLKD_38,TỔNG QUAN,Nhóm 7 — Duy trì điều kiện cấp phép Phái sinh BTTT,Số CTCK duy trì tốt — Phái sinh bù trừ thanh toán,Base,QLKD,Fact Securities Company License Condition Snapshot,Indicator Code,FILTER,fct_securities_company_license_condition_snpst.indicator_code = 'DUY_TRI_DKCP_CTCKPS_BU_TRU',
K_QLKD_39,TỔNG QUAN,Nhóm 7 — Duy trì điều kiện cấp phép Phái sinh BTTT,Số CTCK gần giới hạn duy trì — Phái sinh bù trừ thanh toán,Base,QLKD,Fact Securities Company License Condition Snapshot,Securities Company Dimension Id,MEASURE,COUNT(DISTINCT fct_securities_company_license_condition_snpst.securities_company_dim_id),
K_QLKD_39,TỔNG QUAN,Nhóm 7 — Duy trì điều kiện cấp phép Phái sinh BTTT,Số CTCK gần giới hạn duy trì — Phái sinh bù trừ thanh toán,Base,QLKD,Fact Securities Company License Condition Snapshot,Severity Level,FILTER,fct_securities_company_license_condition_snpst.severity_level = '2',
K_QLKD_39,TỔNG QUAN,Nhóm 7 — Duy trì điều kiện cấp phép Phái sinh BTTT,Số CTCK gần giới hạn duy trì — Phái sinh bù trừ thanh toán,Base,QLKD,Fact Securities Company License Condition Snapshot,Indicator Code,FILTER,fct_securities_company_license_condition_snpst.indicator_code = 'DUY_TRI_DKCP_CTCKPS_BU_TRU',
K_QLKD_40,TỔNG QUAN,Nhóm 7 — Duy trì điều kiện cấp phép Phái sinh BTTT,Số CTCK không duy trì điều kiện — Phái sinh bù trừ thanh toán,Base,QLKD,Fact Securities Company License Condition Snapshot,Securities Company Dimension Id,MEASURE,COUNT(DISTINCT fct_securities_company_license_condition_snpst.securities_company_dim_id),
K_QLKD_40,TỔNG QUAN,Nhóm 7 — Duy trì điều kiện cấp phép Phái sinh BTTT,Số CTCK không duy trì điều kiện — Phái sinh bù trừ thanh toán,Base,QLKD,Fact Securities Company License Condition Snapshot,Severity Level,FILTER,fct_securities_company_license_condition_snpst.severity_level = '3',
K_QLKD_40,TỔNG QUAN,Nhóm 7 — Duy trì điều kiện cấp phép Phái sinh BTTT,Số CTCK không duy trì điều kiện — Phái sinh bù trừ thanh toán,Base,QLKD,Fact Securities Company License Condition Snapshot,Indicator Code,FILTER,fct_securities_company_license_condition_snpst.indicator_code = 'DUY_TRI_DKCP_CTCKPS_BU_TRU',
K_QLKD_41,TỔNG QUAN,Nhóm 8 — Cơ cấu tài sản,Chiều thời gian theo quý,Chiều,QLKD,,,,,Pending - chưa thiết kế nguồn
K_QLKD_42,TỔNG QUAN,Nhóm 8 — Cơ cấu tài sản,Tiền và tương đương tiền — toàn TT,Cơ sở,QLKD,,,,,Pending - chưa thiết kế nguồn
K_QLKD_43,TỔNG QUAN,Nhóm 8 — Cơ cấu tài sản,TS TC ghi nhận qua lãi/lỗ — toàn TT,Cơ sở,QLKD,,,,,Pending - chưa thiết kế nguồn
K_QLKD_44,TỔNG QUAN,Nhóm 8 — Cơ cấu tài sản,Đầu tư nắm giữ đến đáo hạn — toàn TT,Cơ sở,QLKD,,,,,Pending - chưa thiết kế nguồn
K_QLKD_45,TỔNG QUAN,Nhóm 8 — Cơ cấu tài sản,TS TC sẵn sàng để bán — toàn TT,Cơ sở,QLKD,,,,,Pending - chưa thiết kế nguồn
K_QLKD_46,TỔNG QUAN,Nhóm 8 — Cơ cấu tài sản,Các khoản cho vay — toàn TT,Cơ sở,QLKD,,,,,Pending - chưa thiết kế nguồn
K_QLKD_47,TỔNG QUAN,Nhóm 8 — Cơ cấu tài sản,Tài sản khác — toàn TT,Cơ sở,QLKD,,,,,Pending - chưa thiết kế nguồn
K_QLKD_48,TỔNG QUAN,Nhóm 9 — Cơ cấu nguồn vốn,Chiều thời gian theo quý,Chiều,QLKD,,,,,Pending - chưa thiết kế nguồn
K_QLKD_49,TỔNG QUAN,Nhóm 9 — Cơ cấu nguồn vốn,Vay và nợ thuê tài chính ngắn hạn — toàn TT,Cơ sở,QLKD,,,,,Pending - chưa thiết kế nguồn
K_QLKD_50,TỔNG QUAN,Nhóm 9 — Cơ cấu nguồn vốn,Nợ phải trả dài hạn — toàn TT,Cơ sở,QLKD,,,,,Pending - chưa thiết kế nguồn
K_QLKD_51,TỔNG QUAN,Nhóm 9 — Cơ cấu nguồn vốn,Vốn chủ sở hữu — toàn TT,Cơ sở,QLKD,,,,,Pending - chưa thiết kế nguồn
K_QLKD_52,TỔNG QUAN,Nhóm 9 — Cơ cấu nguồn vốn,Nguồn vốn khác — toàn TT,Cơ sở,QLKD,,,,,Pending - chưa thiết kế nguồn
K_QLKD_53,GIÁM SÁT,Nhóm 10 — Giám sát tuân thủ nộp báo cáo,Chiều thời gian theo ngày,Chiều,QLKD,,,,,Pending - chưa thiết kế nguồn
K_QLKD_54,GIÁM SÁT,Nhóm 10 — Giám sát tuân thủ nộp báo cáo,Trạng thái nộp báo cáo,Chiều,QLKD,,,,,Pending - chưa thiết kế nguồn
K_QLKD_55,GIÁM SÁT,Nhóm 10 — Giám sát tuân thủ nộp báo cáo,Số báo cáo đúng hạn,Cơ sở,QLKD,,,,,Pending - chưa thiết kế nguồn
K_QLKD_56,GIÁM SÁT,Nhóm 10 — Giám sát tuân thủ nộp báo cáo,Số báo cáo chậm,Cơ sở,QLKD,,,,,Pending - chưa thiết kế nguồn
K_QLKD_57,GIÁM SÁT,Nhóm 10 — Giám sát tuân thủ nộp báo cáo,Số báo cáo chưa nộp,Cơ sở,QLKD,,,,,Pending - chưa thiết kế nguồn
K_QLKD_58,GIÁM SÁT,Nhóm 10 — Giám sát tuân thủ nộp báo cáo,Tỷ lệ tuân thủ,Phái sinh,QLKD,,,,,Pending - chưa thiết kế nguồn
K_QLKD_59,GIÁM SÁT,Nhóm 11 — Cơ cấu vốn chủ sở hữu,Chiều thời gian theo quý,Chiều,QLKD,,,,,Pending - chưa thiết kế nguồn
K_QLKD_60,GIÁM SÁT,Nhóm 11 — Cơ cấu vốn chủ sở hữu,Vốn đầu tư của CSH — toàn TT,Cơ sở,QLKD,,,,,Pending - chưa thiết kế nguồn
K_QLKD_61,GIÁM SÁT,Nhóm 11 — Cơ cấu vốn chủ sở hữu,Lợi nhuận sau thuế chưa phân phối — toàn TT,Cơ sở,QLKD,,,,,Pending - chưa thiết kế nguồn
K_QLKD_62,GIÁM SÁT,Nhóm 11 — Cơ cấu vốn chủ sở hữu,Quỹ và thặng dư vốn cổ phần — toàn TT,Cơ sở,QLKD,,,,,Pending - chưa thiết kế nguồn
K_QLKD_63,GIÁM SÁT,Nhóm 11 — Cơ cấu vốn chủ sở hữu,Vốn khác — toàn TT,Cơ sở,QLKD,,,,,Pending - chưa thiết kế nguồn
K_QLKD_64,GIÁM SÁT,Nhóm 12 — Vốn đầu tư CSH theo quý,Chiều thời gian theo quý,Chiều,QLKD,,,,,Pending - chưa thiết kế nguồn
K_QLKD_65,GIÁM SÁT,Nhóm 12 — Vốn đầu tư CSH theo quý,Vốn góp của chủ sở hữu — toàn TT,Cơ sở,QLKD,,,,,Pending - chưa thiết kế nguồn
K_QLKD_66,GIÁM SÁT,Nhóm 13 — Nguồn vốn tăng thêm,Chiều thời gian theo tháng,Base,QLKD,Fact Securities Company Capital Raising Event,Event Date Dimension Id,SLICER,JOIN cdr_dt_dim ON cdr_dt_dim.cdr_dt_dim_id = fct_securities_company_capital_raising_event.event_dt_dim_id,
K_QLKD_67,GIÁM SÁT,Nhóm 13 — Nguồn vốn tăng thêm,Chiều Phân loại hình thức tăng vốn,Base,QLKD,Offering Form Dimension,Capital Raising Form Name,SLICER,offering_form_dim.capital_raising_form_nm,
K_QLKD_68,GIÁM SÁT,Nhóm 13 — Nguồn vốn tăng thêm,Vốn tăng thêm do chào bán ra công chúng,Base,QLKD,Fact Securities Company Capital Raising Event,Proceeds Collected Amount,MEASURE,SUM(fct_securities_company_capital_raising_event.proceeds_collected_amt),
K_QLKD_68,GIÁM SÁT,Nhóm 13 — Nguồn vốn tăng thêm,Vốn tăng thêm do chào bán ra công chúng,Base,QLKD,Offering Form Dimension,Capital Raising Form Code,FILTER,offering_form_dim.capital_raising_form_code = 'PUBLIC_STOCK_OFFERING',
K_QLKD_69,GIÁM SÁT,Nhóm 13 — Nguồn vốn tăng thêm,Vốn tăng thêm do chào bán riêng lẻ,Base,QLKD,Fact Securities Company Capital Raising Event,Proceeds Collected Amount,MEASURE,SUM(fct_securities_company_capital_raising_event.proceeds_collected_amt),
K_QLKD_69,GIÁM SÁT,Nhóm 13 — Nguồn vốn tăng thêm,Vốn tăng thêm do chào bán riêng lẻ,Base,QLKD,Offering Form Dimension,Capital Raising Form Code,FILTER,offering_form_dim.capital_raising_form_code = 'PRIVATE_STOCK_OFFERING',
K_QLKD_70,GIÁM SÁT,Nhóm 13 — Nguồn vốn tăng thêm,Vốn tăng thêm do chào bán khác,Base,QLKD,Fact Securities Company Capital Raising Event,Proceeds Collected Amount,MEASURE,SUM(fct_securities_company_capital_raising_event.proceeds_collected_amt),
K_QLKD_70,GIÁM SÁT,Nhóm 13 — Nguồn vốn tăng thêm,Vốn tăng thêm do chào bán khác,Base,QLKD,Offering Form Dimension,Capital Raising Form Code,FILTER,offering_form_dim.capital_raising_form_code = 'OTHER_STOCK_OFFERING',
K_QLKD_71,GIÁM SÁT,Nhóm 13 — Nguồn vốn tăng thêm,Vốn tăng thêm do phát hành TP riêng lẻ,Base,QLKD,Fact Securities Company Capital Raising Event,Proceeds Collected Amount,MEASURE,SUM(fct_securities_company_capital_raising_event.proceeds_collected_amt),
K_QLKD_71,GIÁM SÁT,Nhóm 13 — Nguồn vốn tăng thêm,Vốn tăng thêm do phát hành TP riêng lẻ,Base,QLKD,Offering Form Dimension,Capital Raising Form Code,FILTER,offering_form_dim.capital_raising_form_code = 'PRIVATE_BOND_ISSUANCE',
K_QLKD_72,GIÁM SÁT,Nhóm 13 — Nguồn vốn tăng thêm,Vốn tăng thêm do phát hành TP ra công chúng,Base,QLKD,Fact Securities Company Capital Raising Event,Proceeds Collected Amount,MEASURE,SUM(fct_securities_company_capital_raising_event.proceeds_collected_amt),
K_QLKD_72,GIÁM SÁT,Nhóm 13 — Nguồn vốn tăng thêm,Vốn tăng thêm do phát hành TP ra công chúng,Base,QLKD,Offering Form Dimension,Capital Raising Form Code,FILTER,offering_form_dim.capital_raising_form_code = 'PUBLIC_BOND_ISSUANCE',
K_QLKD_73,GIÁM SÁT,Nhóm 14 — Tỷ lệ an toàn tài chính Số lượng CTCK,Chiều thời gian theo Tháng,Chiều,QLKD,,,,,Pending - chưa thiết kế nguồn
K_QLKD_74,GIÁM SÁT,Nhóm 14 — Tỷ lệ an toàn tài chính Số lượng CTCK,Phân loại tỷ lệ vốn khả dụng,Chiều,QLKD,,,,,Pending - chưa thiết kế nguồn
K_QLKD_75,GIÁM SÁT,Nhóm 14 — Tỷ lệ an toàn tài chính Số lượng CTCK,Số CTCK TLVKD mức cao (>150%),Cơ sở,QLKD,,,,,Pending - chưa thiết kế nguồn
K_QLKD_76,GIÁM SÁT,Nhóm 14 — Tỷ lệ an toàn tài chính Số lượng CTCK,Số CTCK TLVKD mức trung bình (120–150%),Cơ sở,QLKD,,,,,Pending - chưa thiết kế nguồn
K_QLKD_77,GIÁM SÁT,Nhóm 14 — Tỷ lệ an toàn tài chính Số lượng CTCK,Số CTCK TLVKD mức thấp (<120%),Cơ sở,QLKD,,,,,Pending - chưa thiết kế nguồn
K_QLKD_78,GIÁM SÁT,Nhóm 15 — Doanh thu & Lợi nhuận,Chiều thời gian theo quý,Chiều,QLKD,,,,,Pending - chưa thiết kế nguồn
K_QLKD_79,GIÁM SÁT,Nhóm 15 — Doanh thu & Lợi nhuận,Tổng doanh thu — toàn TT,Cơ sở,QLKD,,,,,Pending - chưa thiết kế nguồn
K_QLKD_80,GIÁM SÁT,Nhóm 15 — Doanh thu & Lợi nhuận,Lợi nhuận sau thuế — toàn TT,Cơ sở,QLKD,,,,,Pending - chưa thiết kế nguồn
K_QLKD_81,GIÁM SÁT,Nhóm 15 — Doanh thu & Lợi nhuận,Cơ cấu DT nghiệp vụ môi giới,Cơ sở,QLKD,,,,,Pending - chưa thiết kế nguồn
K_QLKD_82,GIÁM SÁT,Nhóm 15 — Doanh thu & Lợi nhuận,Cơ cấu DT nghiệp vụ tự doanh,Cơ sở,QLKD,,,,,Pending - chưa thiết kế nguồn
K_QLKD_83,GIÁM SÁT,Nhóm 15 — Doanh thu & Lợi nhuận,Cơ cấu DT nghiệp vụ tư vấn,Cơ sở,QLKD,,,,,Pending - chưa thiết kế nguồn
K_QLKD_84,GIÁM SÁT,Nhóm 15 — Doanh thu & Lợi nhuận,Cơ cấu DT nghiệp vụ bảo lãnh,Cơ sở,QLKD,,,,,Pending - chưa thiết kế nguồn
K_QLKD_85,GIÁM SÁT,Nhóm 15 — Doanh thu & Lợi nhuận,Cơ cấu DT nghiệp vụ khác,Cơ sở,QLKD,,,,,Pending - chưa thiết kế nguồn
K_QLKD_86,GIÁM SÁT,Nhóm 16 — Tương quan Margin & Diễn biến thị trường,Chiều thời gian theo Tháng,Base,QLKD,,,,,Pending - chưa thiết kế nguồn
K_QLKD_87,GIÁM SÁT,Nhóm 16 — Tương quan Margin & Diễn biến thị trường,Tổng dư nợ margin — toàn TT,Base,QLKD,,,,,Pending - chưa thiết kế nguồn
K_QLKD_88,GIÁM SÁT,Nhóm 16 — Tương quan Margin & Diễn biến thị trường,Chỉ số VN-Index,Base,QLKD,Fact Market Index Snapshot,Market Index Value,MEASURE,fct_market_index_snpst.market_index_val,
K_QLKD_88,GIÁM SÁT,Nhóm 16 — Tương quan Margin & Diễn biến thị trường,Chỉ số VN-Index,Base,QLKD,Fact Market Index Snapshot,Market Index Dimension Id,FILTER,JOIN market_index_dim ON market_index_dim.market_index_dim_id = fct_market_index_snpst.market_index_dim_id WHERE market_index_dim.market_code = 'HOSE',
K_QLKD_89,GIÁM SÁT,Nhóm 16 — Tương quan Margin & Diễn biến thị trường,Chỉ số HNX Index,Base,QLKD,Fact Market Index Snapshot,Market Index Value,MEASURE,fct_market_index_snpst.market_index_val,
K_QLKD_89,GIÁM SÁT,Nhóm 16 — Tương quan Margin & Diễn biến thị trường,Chỉ số HNX Index,Base,QLKD,Fact Market Index Snapshot,Market Index Dimension Id,FILTER,JOIN market_index_dim ON market_index_dim.market_index_dim_id = fct_market_index_snpst.market_index_dim_id WHERE market_index_dim.market_code = 'HNX',
K_QLKD_90,GIÁM SÁT,Nhóm 16 — Tương quan Margin & Diễn biến thị trường,Chỉ số UPCOM Index,Base,QLKD,Fact Market Index Snapshot,Market Index Value,MEASURE,fct_market_index_snpst.market_index_val,
K_QLKD_90,GIÁM SÁT,Nhóm 16 — Tương quan Margin & Diễn biến thị trường,Chỉ số UPCOM Index,Base,QLKD,Fact Market Index Snapshot,Market Index Dimension Id,FILTER,JOIN market_index_dim ON market_index_dim.market_index_dim_id = fct_market_index_snpst.market_index_dim_id WHERE market_index_dim.market_code = 'UPCOM',
K_QLKD_91,GIÁM SÁT,Nhóm 16 — Tương quan Margin & Diễn biến thị trường,Chỉ số VN30,Base,QLKD,Fact Market Index Snapshot,Market Index Value,MEASURE,fct_market_index_snpst.market_index_val,
K_QLKD_91,GIÁM SÁT,Nhóm 16 — Tương quan Margin & Diễn biến thị trường,Chỉ số VN30,Base,QLKD,Fact Market Index Snapshot,Market Index Dimension Id,FILTER,JOIN market_index_dim ON market_index_dim.market_index_dim_id = fct_market_index_snpst.market_index_dim_id WHERE market_index_dim.market_code = '30',
K_QLKD_92,GIÁM SÁT,Nhóm 17 — Thị phần môi giới,Chiều thời gian theo quý,Chiều,QLKD,,,,,Pending - chưa thiết kế nguồn
K_QLKD_93,GIÁM SÁT,Nhóm 17 — Thị phần môi giới,Chiều sàn giao dịch,Chiều,QLKD,,,,,Pending - chưa thiết kế nguồn
K_QLKD_94,GIÁM SÁT,Nhóm 17 — Thị phần môi giới,Chiều top CTCK có thị phần cao nhất,Chiều,QLKD,,,,,Pending - chưa thiết kế nguồn
K_QLKD_95,GIÁM SÁT,Nhóm 17 — Thị phần môi giới,Thị phần môi giới của từng CTCK,Cơ sở,QLKD,,,,,Pending - chưa thiết kế nguồn
K_QLKD_96,GIÁM SÁT,Nhóm 17 — Thị phần môi giới,Xếp hạng thị phần môi giới,Phái sinh,QLKD,,,,,Pending - chưa thiết kế nguồn
K_QLKD_97,GIÁM SÁT,Nhóm 18 — Lưu chuyển tiền thuần CFO,Chiều mã CTCK,Chiều,QLKD,,,,,Pending - chưa thiết kế nguồn
K_QLKD_98,GIÁM SÁT,Nhóm 18 — Lưu chuyển tiền thuần CFO,LNST — per CTCK,Cơ sở,QLKD,,,,,Pending - chưa thiết kế nguồn
K_QLKD_99,GIÁM SÁT,Nhóm 18 — Lưu chuyển tiền thuần CFO,CFO (dòng tiền hoạt động KD) — per CTCK,Cơ sở,QLKD,,,,,Pending - chưa thiết kế nguồn
K_QLKD_100,HỒ SƠ CTCK 360,Nhóm 19 — Banner tổng quan CTCK,Chiều mã CTCK,Chiều,QLKD,,,,,Pending - chưa thiết kế nguồn
K_QLKD_101,HỒ SƠ CTCK 360,Nhóm 19 — Banner tổng quan CTCK,Chiều thời gian theo tháng,Chiều,QLKD,,,,,Pending - chưa thiết kế nguồn
K_QLKD_102,HỒ SƠ CTCK 360,Nhóm 19 — Banner tổng quan CTCK,Vốn chủ sở hữu — per CTCK,Cơ sở,QLKD,,,,,Pending - chưa thiết kế nguồn
K_QLKD_103,HỒ SƠ CTCK 360,Nhóm 19 — Banner tổng quan CTCK,Dư nợ margin — per CTCK,Cơ sở,QLKD,,,,,Pending - chưa thiết kế nguồn
K_QLKD_104,HỒ SƠ CTCK 360,Nhóm 19 — Banner tổng quan CTCK,Tỷ lệ ATTC — per CTCK,Cơ sở,QLKD,,,,,Pending - chưa thiết kế nguồn
K_QLKD_105,HỒ SƠ CTCK 360,Nhóm 19 — Banner tổng quan CTCK,Số nhân viên — per CTCK,Cơ sở,QLKD,,,,,Pending - chưa thiết kế nguồn
K_QLKD_106,HỒ SƠ CTCK 360,Nhóm 19 — Banner tổng quan CTCK,Vốn điều lệ — per CTCK,Cơ sở,QLKD,,,,,Pending - chưa thiết kế nguồn
K_QLKD_107,HỒ SƠ CTCK 360,Nhóm 20 — Biến động vốn CSH,Biến động vốn CSH theo quý — per CTCK,Cơ sở,QLKD,,,,,Pending - chưa thiết kế nguồn
K_QLKD_108,HỒ SƠ CTCK 360,Nhóm 21 — Cơ cấu tổng tài sản CTCK,Chiều thời gian theo quý,Chiều,QLKD,,,,,Pending - chưa thiết kế nguồn
K_QLKD_109,HỒ SƠ CTCK 360,Nhóm 21 — Cơ cấu tổng tài sản CTCK,Tiền và tương đương tiền — per CTCK,Cơ sở,QLKD,,,,,Pending - chưa thiết kế nguồn
K_QLKD_110,HỒ SƠ CTCK 360,Nhóm 21 — Cơ cấu tổng tài sản CTCK,Tài sản tài chính ghi nhận thông qua lãi/lỗ — per CTCK,Cơ sở,QLKD,,,,,Pending - chưa thiết kế nguồn
K_QLKD_111,HỒ SƠ CTCK 360,Nhóm 21 — Cơ cấu tổng tài sản CTCK,Các khoản đầu tư nắm giữ đến ngày đáo hạn — per CTCK,Cơ sở,QLKD,,,,,Pending - chưa thiết kế nguồn
K_QLKD_113,HỒ SƠ CTCK 360,Nhóm 21 — Cơ cấu tổng tài sản CTCK,Tài sản tài chính sẵn sàng để bán — per CTCK,Cơ sở,QLKD,,,,,Pending - chưa thiết kế nguồn
K_QLKD_114,HỒ SƠ CTCK 360,Nhóm 21 — Cơ cấu tổng tài sản CTCK,Các khoản cho vay — per CTCK,Cơ sở,QLKD,,,,,Pending - chưa thiết kế nguồn
K_QLKD_115,HỒ SƠ CTCK 360,Nhóm 21 — Cơ cấu tổng tài sản CTCK,Khác — per CTCK,Cơ sở,QLKD,,,,,Pending - chưa thiết kế nguồn
K_QLKD_108,HỒ SƠ CTCK 360,Nhóm 22 — Cơ cấu nguồn vốn CTCK,Chiều thời gian theo quý (reuse từ Nhóm 21),Chiều,QLKD,,,,,Pending - chưa thiết kế nguồn
K_QLKD_116,HỒ SƠ CTCK 360,Nhóm 22 — Cơ cấu nguồn vốn CTCK,Vay và nợ thuê tài chính ngắn hạn — per CTCK,Cơ sở,QLKD,,,,,Pending - chưa thiết kế nguồn
K_QLKD_117,HỒ SƠ CTCK 360,Nhóm 22 — Cơ cấu nguồn vốn CTCK,Nợ phải trả dài hạn — per CTCK,Cơ sở,QLKD,,,,,Pending - chưa thiết kế nguồn
K_QLKD_118,HỒ SƠ CTCK 360,Nhóm 22 — Cơ cấu nguồn vốn CTCK,Vốn chủ sở hữu — per CTCK,Cơ sở,QLKD,,,,,Pending - chưa thiết kế nguồn
K_QLKD_119,HỒ SƠ CTCK 360,Nhóm 22 — Cơ cấu nguồn vốn CTCK,Khác — per CTCK,Cơ sở,QLKD,,,,,Pending - chưa thiết kế nguồn
K_QLKD_120,HỒ SƠ CTCK 360,Nhóm 23 — Doanh thu & Lợi nhuận per CTCK,Chiều thời gian theo quý,Chiều,QLKD,,,,,Pending - chưa thiết kế nguồn
K_QLKD_121,HỒ SƠ CTCK 360,Nhóm 23 — Doanh thu & Lợi nhuận per CTCK,Cơ cấu doanh thu theo nghiệp vụ môi giới — per CTCK,Cơ sở,QLKD,,,,,Pending - chưa thiết kế nguồn
K_QLKD_122,HỒ SƠ CTCK 360,Nhóm 23 — Doanh thu & Lợi nhuận per CTCK,Cơ cấu doanh thu theo nghiệp vụ tự doanh — per CTCK,Cơ sở,QLKD,,,,,Pending - chưa thiết kế nguồn
K_QLKD_123,HỒ SƠ CTCK 360,Nhóm 23 — Doanh thu & Lợi nhuận per CTCK,Cơ cấu doanh thu theo nghiệp vụ tư vấn — per CTCK,Cơ sở,QLKD,,,,,Pending - chưa thiết kế nguồn
K_QLKD_124,HỒ SƠ CTCK 360,Nhóm 23 — Doanh thu & Lợi nhuận per CTCK,Cơ cấu doanh thu theo nghiệp vụ bảo lãnh — per CTCK,Cơ sở,QLKD,,,,,Pending - chưa thiết kế nguồn
K_QLKD_125,HỒ SƠ CTCK 360,Nhóm 23 — Doanh thu & Lợi nhuận per CTCK,Doanh thu — per CTCK,Cơ sở,QLKD,,,,,Pending - chưa thiết kế nguồn
K_QLKD_126,HỒ SƠ CTCK 360,Nhóm 23 — Doanh thu & Lợi nhuận per CTCK,Lợi nhuận sau thuế — per CTCK,Cơ sở,QLKD,,,,,Pending - chưa thiết kế nguồn
K_QLKD_127,HỒ SƠ CTCK 360,Nhóm 24 — Chỉ số dư nợ margin/vốn CSH CTCK,Chiều thời gian theo tháng,Chiều,QLKD,,,,,Pending - chưa thiết kế nguồn
K_QLKD_128,HỒ SƠ CTCK 360,Nhóm 24 — Chỉ số dư nợ margin/vốn CSH CTCK,Tỷ lệ dư nợ Margin/VCSH — per CTCK,Phái sinh,QLKD,,,,,Pending - chưa thiết kế nguồn
K_QLKD_127,HỒ SƠ CTCK 360,Nhóm 25 — Tỷ lệ an toàn tài chính,Chiều thời gian theo tháng (reuse từ Nhóm 24),Chiều,QLKD,,,,,Pending - chưa thiết kế nguồn
K_QLKD_129,HỒ SƠ CTCK 360,Nhóm 25 — Tỷ lệ an toàn tài chính,Tỷ lệ ATTC theo tháng — per CTCK,Cơ sở,QLKD,,,,,Pending - chưa thiết kế nguồn
K_QLKD_130,HỒ SƠ CTCK 360,Nhóm 26 — Các chỉ tiêu chung,Chiều thời gian theo quý,Chiều,QLKD,,,,,Pending - chưa thiết kế nguồn
K_QLKD_131,HỒ SƠ CTCK 360,Nhóm 26 — Các chỉ tiêu chung,Doanh thu YTD — per CTCK,Cơ sở,QLKD,,,,,Pending - chưa thiết kế nguồn
K_QLKD_132,HỒ SƠ CTCK 360,Nhóm 26 — Các chỉ tiêu chung,Lợi nhuận sau thuế YTD — per CTCK,Cơ sở,QLKD,,,,,Pending - chưa thiết kế nguồn
K_QLKD_133,HỒ SƠ CTCK 360,Nhóm 26 — Các chỉ tiêu chung,ROA — per CTCK,Phái sinh,QLKD,,,,,Pending - chưa thiết kế nguồn
K_QLKD_134,HỒ SƠ CTCK 360,Nhóm 26 — Các chỉ tiêu chung,ROE — per CTCK,Phái sinh,QLKD,,,,,Pending - chưa thiết kế nguồn
K_QLKD_130,HỒ SƠ CTCK 360,Nhóm 27 — Lịch sử báo cáo tài chính,Chiều thời gian theo quý (reuse từ Nhóm 26),Chiều,QLKD,,,,,Pending - chưa thiết kế nguồn
K_QLKD_135,HỒ SƠ CTCK 360,Nhóm 27 — Lịch sử báo cáo tài chính,Kỳ báo cáo — per CTCK,Cơ sở,QLKD,,,,,Pending - chưa thiết kế nguồn
K_QLKD_136,HỒ SƠ CTCK 360,Nhóm 27 — Lịch sử báo cáo tài chính,Doanh thu (tỷ VNĐ) — theo từng kỳ,Cơ sở,QLKD,,,,,Pending - chưa thiết kế nguồn
K_QLKD_137,HỒ SƠ CTCK 360,Nhóm 27 — Lịch sử báo cáo tài chính,Lợi nhuận (tỷ VNĐ) — theo từng kỳ,Cơ sở,QLKD,,,,,Pending - chưa thiết kế nguồn
K_QLKD_138,HỒ SƠ CTCK 360,Nhóm 27 — Lịch sử báo cáo tài chính,ROA (%) — theo từng kỳ,Phái sinh,QLKD,,,,,Pending - chưa thiết kế nguồn
K_QLKD_139,HỒ SƠ CTCK 360,Nhóm 27 — Lịch sử báo cáo tài chính,ROE (%) — theo từng kỳ,Phái sinh,QLKD,,,,,Pending - chưa thiết kế nguồn
K_QLKD_140,HỒ SƠ CTCK 360,Nhóm 27 — Lịch sử báo cáo tài chính,Ngày nộp — theo từng kỳ,Cơ sở,QLKD,,,,,Pending - chưa thiết kế nguồn
K_QLKD_141,HỒ SƠ CTCK 360,Nhóm 27 — Lịch sử báo cáo tài chính,Trạng thái — theo từng kỳ,Cơ sở,QLKD,,,,,Pending - chưa thiết kế nguồn
K_QLKD_142,HỒ SƠ CTCK 360 (NHNCK),Nhóm 28 — NHNCK Các chỉ tiêu chung,Chiều thời gian theo Ngày,Chiều,QLKD,,,,,Pending - chưa thiết kế nguồn
K_QLKD_143,HỒ SƠ CTCK 360 (NHNCK),Nhóm 28 — NHNCK Các chỉ tiêu chung,Tổng số lao động — per CTCK,Cơ sở,QLKD,,,,,Pending - chưa thiết kế nguồn
K_QLKD_144,HỒ SƠ CTCK 360 (NHNCK),Nhóm 28 — NHNCK Các chỉ tiêu chung,Số lao động có CCHN — per CTCK,Cơ sở,QLKD,,,,,Pending - chưa thiết kế nguồn
K_QLKD_145,HỒ SƠ CTCK 360 (NHNCK),Nhóm 28 — NHNCK Các chỉ tiêu chung,Số lao động chưa có CCHN — per CTCK,Cơ sở,QLKD,,,,,Pending - chưa thiết kế nguồn
K_QLKD_142,HỒ SƠ CTCK 360 (NHNCK),Nhóm 29 — Số lượng NHN theo nghiệp vụ,Chiều thời gian theo Ngày (reuse từ Nhóm 28),Chiều,QLKD,,,,,Pending - chưa thiết kế nguồn
K_QLKD_146,HỒ SƠ CTCK 360 (NHNCK),Nhóm 29 — Số lượng NHN theo nghiệp vụ,Chiều nghiệp vụ kinh doanh chứng khoán,Chiều,QLKD,,,,,Pending - chưa thiết kế nguồn
K_QLKD_147,HỒ SƠ CTCK 360 (NHNCK),Nhóm 29 — Số lượng NHN theo nghiệp vụ,Số lượng NHN theo nghiệp vụ môi giới — per CTCK,Cơ sở,QLKD,,,,,Pending - chưa thiết kế nguồn
K_QLKD_148,HỒ SƠ CTCK 360 (NHNCK),Nhóm 29 — Số lượng NHN theo nghiệp vụ,Số lượng NHN theo nghiệp vụ bảo lãnh phát hành — per CTCK,Cơ sở,QLKD,,,,,Pending - chưa thiết kế nguồn
K_QLKD_149,HỒ SƠ CTCK 360 (NHNCK),Nhóm 29 — Số lượng NHN theo nghiệp vụ,Số lượng NHN theo nghiệp vụ tư vấn — per CTCK,Cơ sở,QLKD,,,,,Pending - chưa thiết kế nguồn
K_QLKD_150,HỒ SƠ CTCK 360 (NHNCK),Nhóm 29 — Số lượng NHN theo nghiệp vụ,Số lượng NHN theo nghiệp vụ tự doanh — per CTCK,Cơ sở,QLKD,,,,,Pending - chưa thiết kế nguồn
K_QLKD_142,HỒ SƠ CTCK 360 (NHNCK),Nhóm 30 — Số lượng NHN theo dịch vụ CKPS,Chiều thời gian theo Ngày (reuse từ Nhóm 28),Chiều,QLKD,,,,,Pending - chưa thiết kế nguồn
K_QLKD_151,HỒ SƠ CTCK 360 (NHNCK),Nhóm 30 — Số lượng NHN theo dịch vụ CKPS,Chiều Dịch vụ phái sinh,Chiều,QLKD,,,,,Pending - chưa thiết kế nguồn
K_QLKD_152,HỒ SƠ CTCK 360 (NHNCK),Nhóm 30 — Số lượng NHN theo dịch vụ CKPS,Số lượng NHN liên quan CK phái sinh theo dịch vụ môi giới — per CTCK,Cơ sở,QLKD,,,,,Pending - chưa thiết kế nguồn
K_QLKD_153,HỒ SƠ CTCK 360 (NHNCK),Nhóm 30 — Số lượng NHN theo dịch vụ CKPS,Số lượng NHN liên quan CK phái sinh theo dịch vụ tư vấn — per CTCK,Cơ sở,QLKD,,,,,Pending - chưa thiết kế nguồn
K_QLKD_154,HỒ SƠ CTCK 360 (NHNCK),Nhóm 30 — Số lượng NHN theo dịch vụ CKPS,Số lượng NHN liên quan CK phái sinh theo dịch vụ tự doanh — per CTCK,Cơ sở,QLKD,,,,,Pending - chưa thiết kế nguồn
K_QLKD_155,HỒ SƠ CTCK 360,Nhóm 31 — Nhân sự & Quản trị CTCK,Chiều thời gian theo Ngày,Base,QLKD,Operational Securities Company Personnel Profile,Work Start Date,SLICER,opr_securities_company_personnel_profile.work_start_dt,
K_QLKD_156,HỒ SƠ CTCK 360,Nhóm 31 — Nhân sự & Quản trị CTCK,Họ và tên — per nhân sự,Base,QLKD,Operational Securities Company Personnel Profile,Full Name,SLICER,opr_securities_company_personnel_profile.full_nm,
K_QLKD_156,HỒ SƠ CTCK 360,Nhóm 31 — Nhân sự & Quản trị CTCK,Họ và tên — per nhân sự,Base,QLKD,Operational Securities Company Personnel Profile,Department,FILTER,opr_securities_company_personnel_profile.department,Nhóm hóa CASE/LIKE HĐQT/HĐTV/BKS/BĐH tại tầng báo cáo
K_QLKD_157,HỒ SƠ CTCK 360,Nhóm 31 — Nhân sự & Quản trị CTCK,Email — per nhân sự,Base,QLKD,Operational Securities Company Personnel Profile,Email,SLICER,opr_securities_company_personnel_profile.email,
K_QLKD_158,HỒ SƠ CTCK 360,Nhóm 31 — Nhân sự & Quản trị CTCK,Số điện thoại — per nhân sự,Base,QLKD,Operational Securities Company Personnel Profile,Phone,SLICER,opr_securities_company_personnel_profile.phone,
K_QLKD_159,HỒ SƠ CTCK 360,Nhóm 31 — Nhân sự & Quản trị CTCK,Chức vụ — per nhân sự,Base,QLKD,Operational Securities Company Personnel Profile,Position Name,SLICER,opr_securities_company_personnel_profile.position_nm,
K_QLKD_160,HỒ SƠ CTCK 360,Nhóm 31 — Nhân sự & Quản trị CTCK,Thời gian bắt đầu làm việc — per nhân sự,Base,QLKD,Operational Securities Company Personnel Profile,Work Start Date,SLICER,opr_securities_company_personnel_profile.work_start_dt,
K_QLKD_161,HỒ SƠ CTCK 360,Nhóm 32 — Các chỉ tiêu thống kê chung,Chiều thời gian theo Ngày,Base,QLKD,Operational Securities Company Organization Unit Profile,Decision Date,SLICER,opr_securities_company_organization_unit_profile.decision_dt,
K_QLKD_162,HỒ SƠ CTCK 360,Nhóm 32 — Các chỉ tiêu thống kê chung,Số lượng CN — per CTCK,Base,QLKD,Operational Securities Company Organization Unit Profile,Securities Company Organization Unit Code,MEASURE,COUNT(opr_securities_company_organization_unit_profile.sc_ou_code),
K_QLKD_162,HỒ SƠ CTCK 360,Nhóm 32 — Các chỉ tiêu thống kê chung,Số lượng CN — per CTCK,Base,QLKD,Operational Securities Company Organization Unit Profile,Organization Unit Type Code,FILTER,opr_securities_company_organization_unit_profile.ou_tp_code = 'BRANCH',
K_QLKD_162,HỒ SƠ CTCK 360,Nhóm 32 — Các chỉ tiêu thống kê chung,Số lượng CN — per CTCK,Base,QLKD,Operational Securities Company Organization Unit Profile,Source System Code,FILTER,opr_securities_company_organization_unit_profile.src_stm_code = 'SCMS_SC_FIRM_BRANCH',Forward-compat: lọc đúng nguồn khi bảng có nhiều src_stm_code
K_QLKD_163,HỒ SƠ CTCK 360,Nhóm 32 — Các chỉ tiêu thống kê chung,Số lượng PGD — per CTCK,Base,QLKD,Operational Securities Company Organization Unit Profile,Securities Company Organization Unit Code,MEASURE,COUNT(opr_securities_company_organization_unit_profile.sc_ou_code),
K_QLKD_163,HỒ SƠ CTCK 360,Nhóm 32 — Các chỉ tiêu thống kê chung,Số lượng PGD — per CTCK,Base,QLKD,Operational Securities Company Organization Unit Profile,Organization Unit Type Code,FILTER,opr_securities_company_organization_unit_profile.ou_tp_code = 'TRANSACTION_OFFICE',
K_QLKD_163,HỒ SƠ CTCK 360,Nhóm 32 — Các chỉ tiêu thống kê chung,Số lượng PGD — per CTCK,Base,QLKD,Operational Securities Company Organization Unit Profile,Source System Code,FILTER,opr_securities_company_organization_unit_profile.src_stm_code = 'SCMS_SC_FIRM_TRANSACTION_OFFICE',Forward-compat: lọc đúng nguồn khi bảng có nhiều src_stm_code
K_QLKD_164,HỒ SƠ CTCK 360,Nhóm 32 — Các chỉ tiêu thống kê chung,Số lượng VPĐD — per CTCK,Base,QLKD,Operational Securities Company Organization Unit Profile,Securities Company Organization Unit Code,MEASURE,COUNT(opr_securities_company_organization_unit_profile.sc_ou_code),
K_QLKD_164,HỒ SƠ CTCK 360,Nhóm 32 — Các chỉ tiêu thống kê chung,Số lượng VPĐD — per CTCK,Base,QLKD,Operational Securities Company Organization Unit Profile,Organization Unit Type Code,FILTER,opr_securities_company_organization_unit_profile.ou_tp_code = 'REP_OFFICE',
K_QLKD_164,HỒ SƠ CTCK 360,Nhóm 32 — Các chỉ tiêu thống kê chung,Số lượng VPĐD — per CTCK,Base,QLKD,Operational Securities Company Organization Unit Profile,Source System Code,FILTER,opr_securities_company_organization_unit_profile.src_stm_code = 'SCMS_SC_FIRM_REP_OFFICE',Forward-compat: lọc đúng nguồn khi bảng có nhiều src_stm_code
K_QLKD_161,HỒ SƠ CTCK 360,Nhóm 33 — CN PGD VPĐD theo từng nghiệp vụ,Chiều thời gian theo Ngày (reuse từ Nhóm 32),Chiều,QLKD,,,,,Pending - chưa thiết kế nguồn
K_QLKD_165,HỒ SƠ CTCK 360,Nhóm 33 — CN PGD VPĐD theo từng nghiệp vụ,Chiều nghiệp vụ kinh doanh chứng khoán,Chiều,QLKD,,,,,Pending - chưa thiết kế nguồn
K_QLKD_166,HỒ SƠ CTCK 360,Nhóm 33 — CN PGD VPĐD theo từng nghiệp vụ,"SL CN, PGD, VPĐD theo nghiệp vụ môi giới — per CTCK",Cơ sở,QLKD,,,,,Pending - chưa thiết kế nguồn
K_QLKD_167,HỒ SƠ CTCK 360,Nhóm 33 — CN PGD VPĐD theo từng nghiệp vụ,"SL CN, PGD, VPĐD theo nghiệp vụ bảo lãnh — per CTCK",Cơ sở,QLKD,,,,,Pending - chưa thiết kế nguồn
K_QLKD_168,HỒ SƠ CTCK 360,Nhóm 33 — CN PGD VPĐD theo từng nghiệp vụ,"SL CN, PGD, VPĐD theo nghiệp vụ tư vấn — per CTCK",Cơ sở,QLKD,,,,,Pending - chưa thiết kế nguồn
K_QLKD_169,HỒ SƠ CTCK 360,Nhóm 33 — CN PGD VPĐD theo từng nghiệp vụ,"SL CN, PGD, VPĐD theo nghiệp vụ tự doanh — per CTCK",Cơ sở,QLKD,,,,,Pending - chưa thiết kế nguồn
K_QLKD_161,HỒ SƠ CTCK 360,Nhóm 34 — CN PGD VPĐD theo dịch vụ được chấp thuận,Chiều thời gian theo Ngày (reuse từ Nhóm 32),Base,QLKD,Operational Securities Company Organization Unit Profile,Decision Date,SLICER,opr_securities_company_organization_unit_profile.decision_dt,Reuse từ Nhóm 32
K_QLKD_170,HỒ SƠ CTCK 360,Nhóm 34 — CN PGD VPĐD theo dịch vụ được chấp thuận,Chiều dịch vụ kinh doanh chứng khoán,Base,QLKD,Service Type Dimension,Classification Service Name,SLICER,service_tp_dim.cl_service_nm,
K_QLKD_171,HỒ SƠ CTCK 360,Nhóm 34 — CN PGD VPĐD theo dịch vụ được chấp thuận,SL CN PGD VPĐD theo dịch vụ giao dịch ký quỹ — per CTCK,Base,QLKD,Operational Securities Company Organization Unit Profile,Securities Company Organization Unit Code,MEASURE,COUNT(opr_securities_company_organization_unit_profile.sc_ou_code),UNION CN+PGD+VPĐD — điều kiện dịch vụ resolve qua Securities Company cấp CTCK không phải cấp đơn vị
K_QLKD_171,HỒ SƠ CTCK 360,Nhóm 34 — CN PGD VPĐD theo dịch vụ được chấp thuận,SL CN PGD VPĐD theo dịch vụ giao dịch ký quỹ — per CTCK,Base,QLKD,Service Type Dimension,Classification Service Name,FILTER,service_tp_dim.cl_service_nm LIKE '%giao dịch ký quỹ%',
K_QLKD_172,HỒ SƠ CTCK 360,Nhóm 34 — CN PGD VPĐD theo dịch vụ được chấp thuận,SL CN PGD VPĐD theo dịch vụ ứng trước tiền bán — per CTCK,Base,QLKD,Operational Securities Company Organization Unit Profile,Securities Company Organization Unit Code,MEASURE,COUNT(opr_securities_company_organization_unit_profile.sc_ou_code),
K_QLKD_172,HỒ SƠ CTCK 360,Nhóm 34 — CN PGD VPĐD theo dịch vụ được chấp thuận,SL CN PGD VPĐD theo dịch vụ ứng trước tiền bán — per CTCK,Base,QLKD,Service Type Dimension,Classification Service Name,FILTER,service_tp_dim.cl_service_nm LIKE '%ứng trước tiền bán%',Hiện = 0 do CAT_SERVICE thiếu danh mục — xem O_QLKD_21
K_QLKD_173,HỒ SƠ CTCK 360,Nhóm 34 — CN PGD VPĐD theo dịch vụ được chấp thuận,SL CN PGD VPĐD theo dịch vụ lưu ký — per CTCK,Base,QLKD,Operational Securities Company Organization Unit Profile,Securities Company Organization Unit Code,MEASURE,COUNT(opr_securities_company_organization_unit_profile.sc_ou_code),
K_QLKD_173,HỒ SƠ CTCK 360,Nhóm 34 — CN PGD VPĐD theo dịch vụ được chấp thuận,SL CN PGD VPĐD theo dịch vụ lưu ký — per CTCK,Base,QLKD,Service Type Dimension,Classification Service Name,FILTER,service_tp_dim.cl_service_nm LIKE '%lưu ký%',Hiện = 0 do CAT_SERVICE thiếu danh mục — xem O_QLKD_21
K_QLKD_161,HỒ SƠ CTCK 360,Nhóm 35 — CN PGD VPĐD dịch vụ chứng khoán phái sinh,Chiều thời gian theo Ngày (reuse từ Nhóm 32),Base,QLKD,Operational Securities Company Organization Unit Profile,Decision Date,SLICER,opr_securities_company_organization_unit_profile.decision_dt,Reuse từ Nhóm 32
K_QLKD_174,HỒ SƠ CTCK 360,Nhóm 35 — CN PGD VPĐD dịch vụ chứng khoán phái sinh,Chiều Dịch vụ phái sinh,Base,QLKD,Service Type Dimension,Classification Service Name,SLICER,service_tp_dim.cl_service_nm LIKE '%phái sinh%',
K_QLKD_175,HỒ SƠ CTCK 360,Nhóm 35 — CN PGD VPĐD dịch vụ chứng khoán phái sinh,SL CN PGD VPĐD phái sinh dịch vụ môi giới — per CTCK,Base,QLKD,Operational Securities Company Organization Unit Profile,Securities Company Organization Unit Code,MEASURE,COUNT(opr_securities_company_organization_unit_profile.sc_ou_code),
K_QLKD_175,HỒ SƠ CTCK 360,Nhóm 35 — CN PGD VPĐD dịch vụ chứng khoán phái sinh,SL CN PGD VPĐD phái sinh dịch vụ môi giới — per CTCK,Base,QLKD,Service Type Dimension,Classification Service Name,FILTER,service_tp_dim.cl_service_nm LIKE '%phái sinh%' AND service_tp_dim.cl_service_nm LIKE '%môi giới%',
K_QLKD_176,HỒ SƠ CTCK 360,Nhóm 35 — CN PGD VPĐD dịch vụ chứng khoán phái sinh,SL CN PGD VPĐD phái sinh dịch vụ tư vấn — per CTCK,Base,QLKD,Operational Securities Company Organization Unit Profile,Securities Company Organization Unit Code,MEASURE,COUNT(opr_securities_company_organization_unit_profile.sc_ou_code),
K_QLKD_176,HỒ SƠ CTCK 360,Nhóm 35 — CN PGD VPĐD dịch vụ chứng khoán phái sinh,SL CN PGD VPĐD phái sinh dịch vụ tư vấn — per CTCK,Base,QLKD,Service Type Dimension,Classification Service Name,FILTER,service_tp_dim.cl_service_nm LIKE '%phái sinh%' AND service_tp_dim.cl_service_nm LIKE '%tư vấn%',
K_QLKD_177,HỒ SƠ CTCK 360,Nhóm 35 — CN PGD VPĐD dịch vụ chứng khoán phái sinh,SL CN PGD VPĐD phái sinh dịch vụ tự doanh — per CTCK,Base,QLKD,Operational Securities Company Organization Unit Profile,Securities Company Organization Unit Code,MEASURE,COUNT(opr_securities_company_organization_unit_profile.sc_ou_code),
K_QLKD_177,HỒ SƠ CTCK 360,Nhóm 35 — CN PGD VPĐD dịch vụ chứng khoán phái sinh,SL CN PGD VPĐD phái sinh dịch vụ tự doanh — per CTCK,Base,QLKD,Service Type Dimension,Classification Service Name,FILTER,service_tp_dim.cl_service_nm LIKE '%phái sinh%' AND service_tp_dim.cl_service_nm LIKE '%tự doanh%',
K_QLKD_161,HỒ SƠ CTCK 360,Nhóm 36 — Duy trì điều kiện cấp phép (CN PGD VPĐD),Chiều thời gian theo Ngày (reuse từ Nhóm 32),Chiều,QLKD,,,,,Pending - chưa thiết kế nguồn
K_QLKD_31,HỒ SƠ CTCK 360,Nhóm 36 — Duy trì điều kiện cấp phép (CN PGD VPĐD),Các loại duy trì điều kiện cấp phép (reuse từ Nhóm 5),Chiều,QLKD,,,,,Pending - chưa thiết kế nguồn
K_QLKD_178,HỒ SƠ CTCK 360,Nhóm 36 — Duy trì điều kiện cấp phép (CN PGD VPĐD),"Số lượng CN, PGD, VPĐD đang duy trì tốt",Cơ sở,QLKD,,,,,Pending - chưa thiết kế nguồn
K_QLKD_179,HỒ SƠ CTCK 360,Nhóm 36 — Duy trì điều kiện cấp phép (CN PGD VPĐD),"Số lượng CN, PGD, VPĐD gần đến giới hạn duy trì",Cơ sở,QLKD,,,,,Pending - chưa thiết kế nguồn
K_QLKD_180,HỒ SƠ CTCK 360,Nhóm 36 — Duy trì điều kiện cấp phép (CN PGD VPĐD),"Số lượng CN, PGD, VPĐD không duy trì điều kiện cấp phép",Cơ sở,QLKD,,,,,Pending - chưa thiết kế nguồn
K_QLKD_181,HỒ SƠ CTCK 360,Nhóm 37 — Danh sách CN PGD VPĐD,Tên CN PGD VPĐD,Base,QLKD,Operational Securities Company Organization Unit Profile,Organization Unit Name,SLICER,opr_securities_company_organization_unit_profile.ou_nm,
K_QLKD_182,HỒ SƠ CTCK 360,Nhóm 37 — Danh sách CN PGD VPĐD,Địa chỉ CN PGD VPĐD,Base,QLKD,Operational Securities Company Organization Unit Profile,Address,SLICER,opr_securities_company_organization_unit_profile.adr_val,
K_QLKD_183,HỒ SƠ CTCK 360,Nhóm 37 — Danh sách CN PGD VPĐD,Nghiệp vụ — per đơn vị,Base,QLKD,,,,,Pending - chưa thiết kế nguồn
K_QLKD_184,HỒ SƠ CTCK 360,Nhóm 37 — Danh sách CN PGD VPĐD,Ngày thành lập,Base,QLKD,Operational Securities Company Organization Unit Profile,Decision Date,SLICER,opr_securities_company_organization_unit_profile.decision_dt,
K_QLKD_185,HỒ SƠ CTCK 360,Nhóm 37 — Danh sách CN PGD VPĐD,Giám đốc chi nhánh/Trưởng VPĐD,Base,QLKD,Operational Securities Company Organization Unit Profile,Director Name,SLICER,opr_securities_company_organization_unit_profile.director_nm,
K_QLKD_183,HỒ SƠ CTCK 360,Nhóm 37 — Danh sách CN PGD VPĐD,Nghiệp vụ — per đơn vị,Cơ sở,QLKD,,,,,Pending - chưa thiết kế nguồn
K_QLKD_186,HỒ SƠ CTCK 360,Nhóm 38 — Tuân thủ Các chỉ tiêu chung,Chiều thời gian theo Ngày,Base,QLKD,,,,,Pending - chưa thiết kế nguồn
K_QLKD_187,HỒ SƠ CTCK 360,Nhóm 38 — Tuân thủ Các chỉ tiêu chung,Báo cáo YTD đã nộp / tổng nghĩa vụ,Phái sinh,QLKD,,,,,Pending - chưa thiết kế nguồn
K_QLKD_188,HỒ SƠ CTCK 360,Nhóm 38 — Tuân thủ Các chỉ tiêu chung,Số quyết định xử phạt — per CTCK,Base,QLKD,Operational Securities Company Compliance History,Securities Company Administrative Penalty Decision Code,MEASURE,COUNT(DISTINCT opr_securities_company_compliance_hist.sc_administrative_pd_code),
K_QLKD_188,HỒ SƠ CTCK 360,Nhóm 38 — Tuân thủ Các chỉ tiêu chung,Số quyết định xử phạt — per CTCK,Base,QLKD,Operational Securities Company Compliance History,Event Type Code,FILTER,opr_securities_company_compliance_hist.event_tp_code = 'ADMIN_PENALTY_DECISION',
K_QLKD_188,HỒ SƠ CTCK 360,Nhóm 38 — Tuân thủ Các chỉ tiêu chung,Số quyết định xử phạt — per CTCK,Base,QLKD,Operational Securities Company Compliance History,Issued Date,FILTER,opr_securities_company_compliance_hist.issued_dt <= :ngay_chon,
K_QLKD_188,HỒ SƠ CTCK 360,Nhóm 38 — Tuân thủ Các chỉ tiêu chung,Số quyết định xử phạt — per CTCK,Base,QLKD,Operational Securities Company Compliance History,Decision Number,FILTER,opr_securities_company_compliance_hist.decision_nbr IS NOT NULL,
K_QLKD_189,HỒ SƠ CTCK 360,Nhóm 39 — Lịch sử nộp báo cáo của CTCK,Chiều thời gian theo Ngày,Chiều,QLKD,,,,,Pending - chưa thiết kế nguồn
K_QLKD_190,HỒ SƠ CTCK 360,Nhóm 39 — Lịch sử nộp báo cáo của CTCK,Loại báo cáo — per CTCK,Cơ sở,QLKD,,,,,Pending - chưa thiết kế nguồn
K_QLKD_191,HỒ SƠ CTCK 360,Nhóm 39 — Lịch sử nộp báo cáo của CTCK,Kỳ kê khai — per CTCK,Cơ sở,QLKD,,,,,Pending - chưa thiết kế nguồn
K_QLKD_192,HỒ SƠ CTCK 360,Nhóm 39 — Lịch sử nộp báo cáo của CTCK,Hạn nộp — per CTCK,Cơ sở,QLKD,,,,,Pending - chưa thiết kế nguồn
K_QLKD_193,HỒ SƠ CTCK 360,Nhóm 39 — Lịch sử nộp báo cáo của CTCK,Ngày nộp — per CTCK,Cơ sở,QLKD,,,,,Pending - chưa thiết kế nguồn
K_QLKD_194,HỒ SƠ CTCK 360,Nhóm 39 — Lịch sử nộp báo cáo của CTCK,Trạng thái — per CTCK,Cơ sở,QLKD,,,,,Pending - chưa thiết kế nguồn
K_QLKD_195,HỒ SƠ CTCK 360,Nhóm 40 — Lịch sử xử phạt thanh tra kiểm tra,Chiều thời gian theo Ngày,Base,QLKD,,,,,Pending - chưa thiết kế nguồn (BA SQL dùng SYSDATE placeholder)
K_QLKD_196,HỒ SƠ CTCK 360,Nhóm 40 — Lịch sử xử phạt thanh tra kiểm tra,Loại thanh tra kiểm tra,Base,QLKD,Operational Securities Company Compliance History,Inspection Type Code,SLICER,opr_securities_company_compliance_hist.form_tp_code,
K_QLKD_197,HỒ SƠ CTCK 360,Nhóm 40 — Lịch sử xử phạt thanh tra kiểm tra,Ngày ban hành quyết định thanh tra kiểm tra,Base,QLKD,Operational Securities Company Compliance History,Inspection Decision Date,SLICER,opr_securities_company_compliance_hist.insp_decision_dt,
K_QLKD_198,HỒ SƠ CTCK 360,Nhóm 40 — Lịch sử xử phạt thanh tra kiểm tra,Số quyết định xử phạt,Base,QLKD,Operational Securities Company Compliance History,Decision Number,SLICER,opr_securities_company_compliance_hist.decision_nbr,
K_QLKD_199,HỒ SƠ CTCK 360,Nhóm 40 — Lịch sử xử phạt thanh tra kiểm tra,Ngày ban hành quyết định xử phạt,Base,QLKD,Operational Securities Company Compliance History,Issued Date,SLICER,opr_securities_company_compliance_hist.issued_dt,
K_QLKD_200,HỒ SƠ CTCK 360,Nhóm 40 — Lịch sử xử phạt thanh tra kiểm tra,Hành vi vi phạm,Base,QLKD,Operational Securities Company Compliance History,Violation Behavior Name,SLICER,opr_securities_company_compliance_hist.violation_behavior_nm,
K_QLKD_201,HỒ SƠ CTCK 360,Nhóm 40 — Lịch sử xử phạt thanh tra kiểm tra,Hình thức xử phạt bổ sung,Base,QLKD,Operational Securities Company Compliance History,Supplementary Penalty Name,SLICER,opr_securities_company_compliance_hist.supplementary_penalty_nm,
K_QLKD_202,HỒ SƠ CTCK 360,Nhóm 40 — Lịch sử xử phạt thanh tra kiểm tra,Biện pháp khắc phục,Base,QLKD,Operational Securities Company Compliance History,Remedial Measure Name,SLICER,opr_securities_company_compliance_hist.remedial_measure_nm,
K_QLKD_204,TRA CỨU CÁ NHÂN,Nhóm 41a — Mạng lưới quan hệ 360,Tên cá nhân — per CTCK,Base,QLKD,Operational Individual Profile,Full Name,SLICER,opr_individual_profile.full_nm,
K_QLKD_205,TRA CỨU CÁ NHÂN,Nhóm 41a — Mạng lưới quan hệ 360,Vai trò chức vụ — per CTCK,Base,QLKD,Operational Individual Profile,Position Name,SLICER,opr_individual_profile.position_nm,
K_QLKD_203,TRA CỨU CÁ NHÂN,Nhóm 41a — Mạng lưới quan hệ 360,Chiều thời gian theo Ngày,Base,QLKD,,,,,Pending - chưa thiết kế nguồn
K_QLKD_206,TRA CỨU CÁ NHÂN,Nhóm 41a — Mạng lưới quan hệ 360,Người có liên quan Tên người có liên quan,Base,QLKD,Operational Individual Related Party Network,Related Person Full Name,SLICER,opr_individual_related_party_network.related_person_full_nm,
K_QLKD_207,TRA CỨU CÁ NHÂN,Nhóm 41a — Mạng lưới quan hệ 360,Người có liên quan Mối quan hệ của người có liên quan,Base,QLKD,Operational Individual Related Party Network,Relationship,SLICER,opr_individual_related_party_network.rltnp,
K_QLKD_208,TRA CỨU CÁ NHÂN,Nhóm 41a — Mạng lưới quan hệ 360,Người có liên quan Vai trò chức vụ của người có liên quan,Base,QLKD,Operational Individual Related Party Network,Representative Position,SLICER,opr_individual_related_party_network.representative_position,
K_QLKD_209,TRA CỨU CÁ NHÂN,Nhóm 41a — Mạng lưới quan hệ 360,Tỷ lệ sở hữu cổ phần,Base,QLKD,Operational Individual Related Party Network,Ownership Ratio,SLICER,opr_individual_related_party_network.ownership_ratio,
K_QLKD_210,TRA CỨU CÁ NHÂN,Nhóm 41b — Hồ sơ và danh mục,Số tổ chức cá nhân tham gia — per cá nhân,Base,QLKD,Operational Individual Listed Company Role,Securities Company Code,MEASURE,COUNT(DISTINCT opr_individual_listed_company_role.sc_code),
K_QLKD_211,TRA CỨU CÁ NHÂN,Nhóm 41b — Hồ sơ và danh mục,Danh sách vai trò tại tổ chức — per cá nhân,Base,QLKD,Operational Individual Listed Company Role,Representative Position,SLICER,opr_individual_listed_company_role.representative_position,
K_QLKD_211,TRA CỨU CÁ NHÂN,Nhóm 41b — Hồ sơ và danh mục,Danh sách vai trò tại tổ chức — per cá nhân,Base,QLKD,Operational Individual Listed Company Role,Shares Count,SLICER,opr_individual_listed_company_role.shares_count,
K_QLKD_212,TRA CỨU CÁ NHÂN,Nhóm 41b — Hồ sơ và danh mục,Danh sách tài khoản giao dịch — per cá nhân,Base,QLKD,Operational Individual Trading Account,Trading Account Number,SLICER,opr_individual_trading_account.trading_account,
K_QLKD_212,TRA CỨU CÁ NHÂN,Nhóm 41b — Hồ sơ và danh mục,Danh sách tài khoản giao dịch — per cá nhân,Base,QLKD,Operational Individual Trading Account,Securities Company Code,SLICER,opr_individual_trading_account.sc_code,
K_QLKD_213,TRA CỨU CÁ NHÂN,Nhóm 41c — Quá trình hành nghề Lịch sử công tác,Chiều thời gian theo Ngày,Base,QLKD,,,,,Pending - chưa thiết kế nguồn
K_QLKD_214,TRA CỨU CÁ NHÂN,Nhóm 41c — Quá trình hành nghề Lịch sử công tác,Tên công ty công tác,Base,QLKD,Operational Individual Work History,Securities Company Code,SLICER,opr_individual_work_hist.sc_code,
K_QLKD_215,TRA CỨU CÁ NHÂN,Nhóm 41c — Quá trình hành nghề Lịch sử công tác,Chức vụ tại công ty,Base,QLKD,Operational Individual Work History,Position Name,SLICER,opr_individual_work_hist.position_nm,
K_QLKD_216,TRA CỨU CÁ NHÂN,Nhóm 41c — Quá trình hành nghề Lịch sử công tác,Thời gian làm việc,Base,QLKD,Operational Individual Work History,Work Start Date,SLICER,opr_individual_work_hist.work_start_dt,
K_QLKD_216,TRA CỨU CÁ NHÂN,Nhóm 41c — Quá trình hành nghề Lịch sử công tác,Thời gian làm việc,Base,QLKD,Operational Individual Work History,Resignation Date,SLICER,opr_individual_work_hist.resignation_dt,
K_QLKD_217,TRA CỨU CÁ NHÂN,Nhóm 41c — Quá trình hành nghề Lịch sử công tác,Trạng thái công tác,Base,QLKD,Operational Individual Work History,Employment Status Code,SLICER,opr_individual_work_hist.employment_status_code,
K_QLKD_218,TRA CỨU CÁ NHÂN,Nhóm 41d — Lịch sử vi phạm xử phạt cá nhân,Chiều thời gian theo Ngày,Base,QLKD,,,,,Pending - chưa thiết kế nguồn (BA SQL dùng SYSDATE placeholder)
K_QLKD_219,TRA CỨU CÁ NHÂN,Nhóm 41d — Lịch sử vi phạm xử phạt cá nhân,Ngày ban hành quyết định xử phạt,Base,QLKD,Operational Individual Violation History,Issued Date,SLICER,opr_individual_violation_hist.issued_dt,
K_QLKD_220,TRA CỨU CÁ NHÂN,Nhóm 41d — Lịch sử vi phạm xử phạt cá nhân,Số quyết định xử phạt,Base,QLKD,Operational Individual Violation History,Decision Number,SLICER,opr_individual_violation_hist.decision_nbr,
K_QLKD_221,TRA CỨU CÁ NHÂN,Nhóm 41d — Lịch sử vi phạm xử phạt cá nhân,Nội dung vi phạm,Base,QLKD,Operational Individual Violation History,Violation Behavior Name,SLICER,opr_individual_violation_hist.violation_behavior_nm,
K_QLKD_222,TRA CỨU CÁ NHÂN,Nhóm 41d — Lịch sử vi phạm xử phạt cá nhân,Hình thức xử phạt,Base,QLKD,Operational Individual Violation History,Penalty Type Name,SLICER,opr_individual_violation_hist.penalty_tp_nm,
K_QLKD_223,TRA CỨU CÁ NHÂN,Nhóm 41d — Lịch sử vi phạm xử phạt cá nhân,Trạng thái quyết định,Base,QLKD,Operational Individual Violation History,Decision Status Code,SLICER,opr_individual_violation_hist.decision_status_code,
K_QLKD_224,DATA EXPLORER,Nhóm 42 — Chào bán phát hành (STT 42),Loại báo cáo,Chiều,QLKD,,,,,"Pending - chưa thiết kế nguồn (gap Atomic REPORT_CELL_VALUE, xem O_QLKD_23)"
K_QLKD_225,DATA EXPLORER,Nhóm 42 — Chào bán phát hành (STT 42),Kỳ báo cáo,Chiều,QLKD,,,,,"Pending - chưa thiết kế nguồn (gap Atomic REPORT_CELL_VALUE, xem O_QLKD_23)"
K_QLKD_226,DATA EXPLORER,Nhóm 42 — Chào bán phát hành (STT 42),Mã báo cáo,Chiều,QLKD,,,,,"Pending - chưa thiết kế nguồn (gap Atomic REPORT_CELL_VALUE, xem O_QLKD_23)"
K_QLKD_227,DATA EXPLORER,Nhóm 42 — Chào bán phát hành (STT 42),Tên báo cáo,Chiều,QLKD,,,,,"Pending - chưa thiết kế nguồn (gap Atomic REPORT_CELL_VALUE, xem O_QLKD_23)"
K_QLKD_228,DATA EXPLORER,Nhóm 42 — Chào bán phát hành (STT 42),Mã sheet,Chiều,QLKD,,,,,"Pending - chưa thiết kế nguồn (gap Atomic REPORT_CELL_VALUE, xem O_QLKD_23)"
K_QLKD_229,DATA EXPLORER,Nhóm 42 — Chào bán phát hành (STT 42),Tên sheet,Chiều,QLKD,,,,,"Pending - chưa thiết kế nguồn (gap Atomic REPORT_CELL_VALUE, xem O_QLKD_23)"
K_QLKD_230,DATA EXPLORER,Nhóm 42 — Chào bán phát hành (STT 42),Mã chỉ tiêu,Chiều,QLKD,,,,,"Pending - chưa thiết kế nguồn (gap Atomic REPORT_CELL_VALUE, xem O_QLKD_23)"
K_QLKD_231,DATA EXPLORER,Nhóm 42 — Chào bán phát hành (STT 42),Tên chỉ tiêu,Chiều,QLKD,,,,,"Pending - chưa thiết kế nguồn (gap Atomic REPORT_CELL_VALUE, xem O_QLKD_23)"
K_QLKD_232,DATA EXPLORER,Nhóm 42 — Chào bán phát hành (STT 42),Thời điểm báo cáo (tháng),Cơ sở,QLKD,,,,,"Pending - chưa thiết kế nguồn (gap Atomic REPORT_CELL_VALUE, xem O_QLKD_23)"
K_QLKD_233,DATA EXPLORER,Nhóm 42 — Chào bán phát hành (STT 42),Họ và tên chuyên viên,Cơ sở,QLKD,,,,,"Pending - chưa thiết kế nguồn (gap Atomic REPORT_CELL_VALUE, xem O_QLKD_23)"
K_QLKD_234,DATA EXPLORER,Nhóm 42 — Chào bán phát hành (STT 42),Tên công ty,Cơ sở,QLKD,,,,,"Pending - chưa thiết kế nguồn (gap Atomic REPORT_CELL_VALUE, xem O_QLKD_23)"
K_QLKD_235,DATA EXPLORER,Nhóm 42 — Chào bán phát hành (STT 42),Mã chứng khoán,Cơ sở,QLKD,,,,,"Pending - chưa thiết kế nguồn (gap Atomic REPORT_CELL_VALUE, xem O_QLKD_23)"
K_QLKD_236,DATA EXPLORER,Nhóm 42 — Chào bán phát hành (STT 42),Sàn giao dịch,Cơ sở,QLKD,,,,,"Pending - chưa thiết kế nguồn (gap Atomic REPORT_CELL_VALUE, xem O_QLKD_23)"
K_QLKD_237,DATA EXPLORER,Nhóm 42 — Chào bán phát hành (STT 42),Loại chứng khoán,Cơ sở,QLKD,,,,,"Pending - chưa thiết kế nguồn (gap Atomic REPORT_CELL_VALUE, xem O_QLKD_23)"
K_QLKD_238,DATA EXPLORER,Nhóm 42 — Chào bán phát hành (STT 42),Số giấy phép thành lập và hoạt động,Cơ sở,QLKD,,,,,"Pending - chưa thiết kế nguồn (gap Atomic REPORT_CELL_VALUE, xem O_QLKD_23)"
K_QLKD_239,DATA EXPLORER,Nhóm 42 — Chào bán phát hành (STT 42),Loại hình doanh nghiệp,Cơ sở,QLKD,,,,,"Pending - chưa thiết kế nguồn (gap Atomic REPORT_CELL_VALUE, xem O_QLKD_23)"
K_QLKD_240,DATA EXPLORER,Nhóm 42 — Chào bán phát hành (STT 42),Công ty đại chúng (Có/không),Cơ sở,QLKD,,,,,"Pending - chưa thiết kế nguồn (gap Atomic REPORT_CELL_VALUE, xem O_QLKD_23)"
K_QLKD_241,DATA EXPLORER,Nhóm 42 — Chào bán phát hành (STT 42),"Vốn điều lệ thực góp (đồng)
(trước thời điểm chào bán, phát hành, góp vốn)",Cơ sở,QLKD,,,,,"Pending - chưa thiết kế nguồn (gap Atomic REPORT_CELL_VALUE, xem O_QLKD_23)"
K_QLKD_242,DATA EXPLORER,Nhóm 42 — Chào bán phát hành (STT 42),Số Giấy chứng nhận chào bán,Cơ sở,QLKD,,,,,"Pending - chưa thiết kế nguồn (gap Atomic REPORT_CELL_VALUE, xem O_QLKD_23)"
K_QLKD_243,DATA EXPLORER,Nhóm 42 — Chào bán phát hành (STT 42),Số công văn gửi Công ty,Cơ sở,QLKD,,,,,"Pending - chưa thiết kế nguồn (gap Atomic REPORT_CELL_VALUE, xem O_QLKD_23)"
K_QLKD_244,DATA EXPLORER,Nhóm 42 — Chào bán phát hành (STT 42),"Ngày cấp GCN
(Ngày/tháng/năm)",Cơ sở,QLKD,,,,,"Pending - chưa thiết kế nguồn (gap Atomic REPORT_CELL_VALUE, xem O_QLKD_23)"
K_QLKD_245,DATA EXPLORER,Nhóm 42 — Chào bán phát hành (STT 42),"Ngày công văn
(Ngày/tháng/năm)",Cơ sở,QLKD,,,,,"Pending - chưa thiết kế nguồn (gap Atomic REPORT_CELL_VALUE, xem O_QLKD_23)"
K_QLKD_246,DATA EXPLORER,Nhóm 42 — Chào bán phát hành (STT 42),Đối tượng chào bán >> Cổ đông hiện hữu >> Ra công chúng >> Số lượng,Cơ sở,QLKD,,,,,"Pending - chưa thiết kế nguồn (gap Atomic REPORT_CELL_VALUE, xem O_QLKD_23)"
K_QLKD_247,DATA EXPLORER,Nhóm 42 — Chào bán phát hành (STT 42),Đối tượng chào bán >> Cổ đông hiện hữu >> Ra công chúng >> Giá (đồng),Cơ sở,QLKD,,,,,"Pending - chưa thiết kế nguồn (gap Atomic REPORT_CELL_VALUE, xem O_QLKD_23)"
K_QLKD_248,DATA EXPLORER,Nhóm 42 — Chào bán phát hành (STT 42),Đối tượng chào bán >> Cổ đông hiện hữu >> Ra công chúng >> Giá trị (đồng),Cơ sở,QLKD,,,,,"Pending - chưa thiết kế nguồn (gap Atomic REPORT_CELL_VALUE, xem O_QLKD_23)"
K_QLKD_249,DATA EXPLORER,Nhóm 42 — Chào bán phát hành (STT 42),Đối tượng chào bán >> Cổ đông hiện hữu >> CP Thưởng >> Số lượng,Cơ sở,QLKD,,,,,"Pending - chưa thiết kế nguồn (gap Atomic REPORT_CELL_VALUE, xem O_QLKD_23)"
K_QLKD_250,DATA EXPLORER,Nhóm 42 — Chào bán phát hành (STT 42),Đối tượng chào bán >> Cổ đông hiện hữu >> Trả Cổ tức = CP >> Số lượng,Cơ sở,QLKD,,,,,"Pending - chưa thiết kế nguồn (gap Atomic REPORT_CELL_VALUE, xem O_QLKD_23)"
K_QLKD_251,DATA EXPLORER,Nhóm 42 — Chào bán phát hành (STT 42),"Đối tượng chào bán >> Cán bộ CNV, HĐQT, BKS >> Phát hành có thu tiền >> Số lượng",Cơ sở,QLKD,,,,,"Pending - chưa thiết kế nguồn (gap Atomic REPORT_CELL_VALUE, xem O_QLKD_23)"
K_QLKD_252,DATA EXPLORER,Nhóm 42 — Chào bán phát hành (STT 42),"Đối tượng chào bán >> Cán bộ CNV, HĐQT, BKS >> Phát hành có thu tiền >> Giá (đồng)",Cơ sở,QLKD,,,,,"Pending - chưa thiết kế nguồn (gap Atomic REPORT_CELL_VALUE, xem O_QLKD_23)"
K_QLKD_253,DATA EXPLORER,Nhóm 42 — Chào bán phát hành (STT 42),"Đối tượng chào bán >> Cán bộ CNV, HĐQT, BKS >> Phát hành có thu tiền >> Giá trị (đồng)",Cơ sở,QLKD,,,,,"Pending - chưa thiết kế nguồn (gap Atomic REPORT_CELL_VALUE, xem O_QLKD_23)"
K_QLKD_254,DATA EXPLORER,Nhóm 42 — Chào bán phát hành (STT 42),"Đối tượng chào bán >> Cán bộ CNV, HĐQT, BKS >> Phát hành có thu tiền >> Số lượng người lao động",Cơ sở,QLKD,,,,,"Pending - chưa thiết kế nguồn (gap Atomic REPORT_CELL_VALUE, xem O_QLKD_23)"
K_QLKD_255,DATA EXPLORER,Nhóm 42 — Chào bán phát hành (STT 42),"Đối tượng chào bán >> Cán bộ CNV, HĐQT, BKS >> Cổ phiếu thưởng >> Số lượng",Cơ sở,QLKD,,,,,"Pending - chưa thiết kế nguồn (gap Atomic REPORT_CELL_VALUE, xem O_QLKD_23)"
K_QLKD_256,DATA EXPLORER,Nhóm 42 — Chào bán phát hành (STT 42),"Đối tượng chào bán >> Cán bộ CNV, HĐQT, BKS >> Cổ phiếu thưởng >> Giá trị (đồng)",Cơ sở,QLKD,,,,,"Pending - chưa thiết kế nguồn (gap Atomic REPORT_CELL_VALUE, xem O_QLKD_23)"
K_QLKD_257,DATA EXPLORER,Nhóm 42 — Chào bán phát hành (STT 42),"Đối tượng chào bán >> Cán bộ CNV, HĐQT, BKS >> Cổ phiếu thưởng >> Nguồn",Cơ sở,QLKD,,,,,"Pending - chưa thiết kế nguồn (gap Atomic REPORT_CELL_VALUE, xem O_QLKD_23)"
K_QLKD_258,DATA EXPLORER,Nhóm 42 — Chào bán phát hành (STT 42),"Đối tượng chào bán >> Cán bộ CNV, HĐQT, BKS >> Cổ phiếu thưởng >> Số lượng người lao động",Cơ sở,QLKD,,,,,"Pending - chưa thiết kế nguồn (gap Atomic REPORT_CELL_VALUE, xem O_QLKD_23)"
K_QLKD_259,DATA EXPLORER,Nhóm 42 — Chào bán phát hành (STT 42),Đối tượng chào bán >> Chào bán riêng lẻ >> Số lượng,Cơ sở,QLKD,,,,,"Pending - chưa thiết kế nguồn (gap Atomic REPORT_CELL_VALUE, xem O_QLKD_23)"
K_QLKD_260,DATA EXPLORER,Nhóm 42 — Chào bán phát hành (STT 42),Đối tượng chào bán >> Chào bán riêng lẻ >> Giá (đồng),Cơ sở,QLKD,,,,,"Pending - chưa thiết kế nguồn (gap Atomic REPORT_CELL_VALUE, xem O_QLKD_23)"
K_QLKD_261,DATA EXPLORER,Nhóm 42 — Chào bán phát hành (STT 42),Đối tượng chào bán >> Chào bán riêng lẻ >> Giá trị (đồng),Cơ sở,QLKD,,,,,"Pending - chưa thiết kế nguồn (gap Atomic REPORT_CELL_VALUE, xem O_QLKD_23)"
K_QLKD_262,DATA EXPLORER,Nhóm 42 — Chào bán phát hành (STT 42),Đối tượng chào bán >> Chào bán riêng lẻ >> Đối tượng,Cơ sở,QLKD,,,,,"Pending - chưa thiết kế nguồn (gap Atomic REPORT_CELL_VALUE, xem O_QLKD_23)"
K_QLKD_263,DATA EXPLORER,Nhóm 42 — Chào bán phát hành (STT 42),Đối tượng chào bán >> Đối tượng khác >> Đấu giá >> Số lượng,Cơ sở,QLKD,,,,,"Pending - chưa thiết kế nguồn (gap Atomic REPORT_CELL_VALUE, xem O_QLKD_23)"
K_QLKD_264,DATA EXPLORER,Nhóm 42 — Chào bán phát hành (STT 42),Đối tượng chào bán >> Đối tượng khác >> Đấu giá >> Giá khởi điểm (đồng),Cơ sở,QLKD,,,,,"Pending - chưa thiết kế nguồn (gap Atomic REPORT_CELL_VALUE, xem O_QLKD_23)"
K_QLKD_265,DATA EXPLORER,Nhóm 42 — Chào bán phát hành (STT 42),Đối tượng chào bán >> Đối tượng khác >> Đấu giá >> Giá trị (đồng),Cơ sở,QLKD,,,,,"Pending - chưa thiết kế nguồn (gap Atomic REPORT_CELL_VALUE, xem O_QLKD_23)"
K_QLKD_266,DATA EXPLORER,Nhóm 42 — Chào bán phát hành (STT 42),Đối tượng chào bán >> Đối tượng khác >> Khác >> Số lượng,Cơ sở,QLKD,,,,,"Pending - chưa thiết kế nguồn (gap Atomic REPORT_CELL_VALUE, xem O_QLKD_23)"
K_QLKD_267,DATA EXPLORER,Nhóm 42 — Chào bán phát hành (STT 42),Đối tượng chào bán >> Đối tượng khác >> Khác >> Giá (đồng),Cơ sở,QLKD,,,,,"Pending - chưa thiết kế nguồn (gap Atomic REPORT_CELL_VALUE, xem O_QLKD_23)"
K_QLKD_268,DATA EXPLORER,Nhóm 42 — Chào bán phát hành (STT 42),Đối tượng chào bán >> Đối tượng khác >> Khác >> Giá trị (đồng),Cơ sở,QLKD,,,,,"Pending - chưa thiết kế nguồn (gap Atomic REPORT_CELL_VALUE, xem O_QLKD_23)"
K_QLKD_269,DATA EXPLORER,Nhóm 42 — Chào bán phát hành (STT 42),Phát hành cổ phiếu để hoán đổi >> Số lượng,Cơ sở,QLKD,,,,,"Pending - chưa thiết kế nguồn (gap Atomic REPORT_CELL_VALUE, xem O_QLKD_23)"
K_QLKD_270,DATA EXPLORER,Nhóm 42 — Chào bán phát hành (STT 42),Phát hành cổ phiếu để hoán đổi >> Giá trị (đồng),Cơ sở,QLKD,,,,,"Pending - chưa thiết kế nguồn (gap Atomic REPORT_CELL_VALUE, xem O_QLKD_23)"
K_QLKD_271,DATA EXPLORER,Nhóm 42 — Chào bán phát hành (STT 42),Phát hành cổ phiếu để hoán đổi >> Mục đích,Cơ sở,QLKD,,,,,"Pending - chưa thiết kế nguồn (gap Atomic REPORT_CELL_VALUE, xem O_QLKD_23)"
K_QLKD_272,DATA EXPLORER,Nhóm 42 — Chào bán phát hành (STT 42),Chào bán của cổ đông lớn >> Số lượng,Cơ sở,QLKD,,,,,"Pending - chưa thiết kế nguồn (gap Atomic REPORT_CELL_VALUE, xem O_QLKD_23)"
K_QLKD_273,DATA EXPLORER,Nhóm 42 — Chào bán phát hành (STT 42),Chào bán của cổ đông lớn >> Giá (đồng),Cơ sở,QLKD,,,,,"Pending - chưa thiết kế nguồn (gap Atomic REPORT_CELL_VALUE, xem O_QLKD_23)"
K_QLKD_274,DATA EXPLORER,Nhóm 42 — Chào bán phát hành (STT 42),Chào bán của cổ đông lớn >> Giá trị (đồng),Cơ sở,QLKD,,,,,"Pending - chưa thiết kế nguồn (gap Atomic REPORT_CELL_VALUE, xem O_QLKD_23)"
K_QLKD_275,DATA EXPLORER,Nhóm 42 — Chào bán phát hành (STT 42),Chủ sở hữu góp vốn >> Giá trị (đồng),Cơ sở,QLKD,,,,,"Pending - chưa thiết kế nguồn (gap Atomic REPORT_CELL_VALUE, xem O_QLKD_23)"
K_QLKD_276,DATA EXPLORER,Nhóm 42 — Chào bán phát hành (STT 42),"Tổng số lượng chứng khoán chào bán, phát hành",Cơ sở,QLKD,,,,,"Pending - chưa thiết kế nguồn (gap Atomic REPORT_CELL_VALUE, xem O_QLKD_23)"
K_QLKD_277,DATA EXPLORER,Nhóm 42 — Chào bán phát hành (STT 42),"Tổng số tiền dự kiến thu được
(đồng)",Cơ sở,QLKD,,,,,"Pending - chưa thiết kế nguồn (gap Atomic REPORT_CELL_VALUE, xem O_QLKD_23)"
K_QLKD_278,DATA EXPLORER,Nhóm 42 — Chào bán phát hành (STT 42),"Ngày báo cáo kết quả
(Ngày/tháng/năm)",Cơ sở,QLKD,,,,,"Pending - chưa thiết kế nguồn (gap Atomic REPORT_CELL_VALUE, xem O_QLKD_23)"
K_QLKD_279,DATA EXPLORER,Nhóm 42 — Chào bán phát hành (STT 42),"Gia hạn đến ngày
(Ngày/tháng/năm)",Cơ sở,QLKD,,,,,"Pending - chưa thiết kế nguồn (gap Atomic REPORT_CELL_VALUE, xem O_QLKD_23)"
K_QLKD_280,DATA EXPLORER,Nhóm 42 — Chào bán phát hành (STT 42),Đánh giá,Cơ sở,QLKD,,,,,"Pending - chưa thiết kế nguồn (gap Atomic REPORT_CELL_VALUE, xem O_QLKD_23)"
K_QLKD_281,DATA EXPLORER,Nhóm 42 — Chào bán phát hành (STT 42),Thực tế >> Đối tượng chào bán >> Cổ đông hiện hữu >> Ra công chúng >> Số lượng,Cơ sở,QLKD,,,,,"Pending - chưa thiết kế nguồn (gap Atomic REPORT_CELL_VALUE, xem O_QLKD_23)"
K_QLKD_282,DATA EXPLORER,Nhóm 42 — Chào bán phát hành (STT 42),Thực tế >> Đối tượng chào bán >> Cổ đông hiện hữu >> Ra công chúng >> Giá (đồng),Cơ sở,QLKD,,,,,"Pending - chưa thiết kế nguồn (gap Atomic REPORT_CELL_VALUE, xem O_QLKD_23)"
K_QLKD_283,DATA EXPLORER,Nhóm 42 — Chào bán phát hành (STT 42),Thực tế >> Đối tượng chào bán >> Cổ đông hiện hữu >> Ra công chúng >> Giá trị (đồng),Cơ sở,QLKD,,,,,"Pending - chưa thiết kế nguồn (gap Atomic REPORT_CELL_VALUE, xem O_QLKD_23)"
K_QLKD_284,DATA EXPLORER,Nhóm 42 — Chào bán phát hành (STT 42),Thực tế >> Đối tượng chào bán >> Cổ đông hiện hữu >> Ra công chúng >> Số lượng nhà đầu tư nước ngoài tham gia,Cơ sở,QLKD,,,,,"Pending - chưa thiết kế nguồn (gap Atomic REPORT_CELL_VALUE, xem O_QLKD_23)"
K_QLKD_285,DATA EXPLORER,Nhóm 42 — Chào bán phát hành (STT 42),Thực tế >> Đối tượng chào bán >> Cổ đông hiện hữu >> Ra công chúng >> Giá trị phát hành cho nhà đầu tư nước ngoài (đồng),Cơ sở,QLKD,,,,,"Pending - chưa thiết kế nguồn (gap Atomic REPORT_CELL_VALUE, xem O_QLKD_23)"
K_QLKD_286,DATA EXPLORER,Nhóm 42 — Chào bán phát hành (STT 42),Thực tế >> Đối tượng chào bán >> Cổ đông hiện hữu >> CP Thưởng >> Số lượng,Cơ sở,QLKD,,,,,"Pending - chưa thiết kế nguồn (gap Atomic REPORT_CELL_VALUE, xem O_QLKD_23)"
K_QLKD_287,DATA EXPLORER,Nhóm 42 — Chào bán phát hành (STT 42),Thực tế >> Đối tượng chào bán >> Cổ đông hiện hữu >> Trả Cổ tức = CP >> Số lượng,Cơ sở,QLKD,,,,,"Pending - chưa thiết kế nguồn (gap Atomic REPORT_CELL_VALUE, xem O_QLKD_23)"
K_QLKD_288,DATA EXPLORER,Nhóm 42 — Chào bán phát hành (STT 42),"Thực tế >> Đối tượng chào bán >> Cán bộ CNV, HĐQT, BKS >> Phát hành có thu tiền >> Số lượng",Cơ sở,QLKD,,,,,"Pending - chưa thiết kế nguồn (gap Atomic REPORT_CELL_VALUE, xem O_QLKD_23)"
K_QLKD_289,DATA EXPLORER,Nhóm 42 — Chào bán phát hành (STT 42),"Thực tế >> Đối tượng chào bán >> Cán bộ CNV, HĐQT, BKS >> Phát hành có thu tiền >> Giá (đồng)",Cơ sở,QLKD,,,,,"Pending - chưa thiết kế nguồn (gap Atomic REPORT_CELL_VALUE, xem O_QLKD_23)"
K_QLKD_290,DATA EXPLORER,Nhóm 42 — Chào bán phát hành (STT 42),"Thực tế >> Đối tượng chào bán >> Cán bộ CNV, HĐQT, BKS >> Phát hành có thu tiền >> Giá trị (đồng)",Cơ sở,QLKD,,,,,"Pending - chưa thiết kế nguồn (gap Atomic REPORT_CELL_VALUE, xem O_QLKD_23)"
K_QLKD_291,DATA EXPLORER,Nhóm 42 — Chào bán phát hành (STT 42),"Thực tế >> Đối tượng chào bán >> Cán bộ CNV, HĐQT, BKS >> Phát hành có thu tiền >> Số lượng người lao động",Cơ sở,QLKD,,,,,"Pending - chưa thiết kế nguồn (gap Atomic REPORT_CELL_VALUE, xem O_QLKD_23)"
K_QLKD_292,DATA EXPLORER,Nhóm 42 — Chào bán phát hành (STT 42),"Thực tế >> Đối tượng chào bán >> Cán bộ CNV, HĐQT, BKS >> Cổ phiếu thưởng >> Số lượng",Cơ sở,QLKD,,,,,"Pending - chưa thiết kế nguồn (gap Atomic REPORT_CELL_VALUE, xem O_QLKD_23)"
K_QLKD_293,DATA EXPLORER,Nhóm 42 — Chào bán phát hành (STT 42),"Thực tế >> Đối tượng chào bán >> Cán bộ CNV, HĐQT, BKS >> Cổ phiếu thưởng >> Giá trị (đồng)",Cơ sở,QLKD,,,,,"Pending - chưa thiết kế nguồn (gap Atomic REPORT_CELL_VALUE, xem O_QLKD_23)"
K_QLKD_294,DATA EXPLORER,Nhóm 42 — Chào bán phát hành (STT 42),"Thực tế >> Đối tượng chào bán >> Cán bộ CNV, HĐQT, BKS >> Cổ phiếu thưởng >> Nguồn",Cơ sở,QLKD,,,,,"Pending - chưa thiết kế nguồn (gap Atomic REPORT_CELL_VALUE, xem O_QLKD_23)"
K_QLKD_295,DATA EXPLORER,Nhóm 42 — Chào bán phát hành (STT 42),"Thực tế >> Đối tượng chào bán >> Cán bộ CNV, HĐQT, BKS >> Cổ phiếu thưởng >> Số lượng người lao động",Cơ sở,QLKD,,,,,"Pending - chưa thiết kế nguồn (gap Atomic REPORT_CELL_VALUE, xem O_QLKD_23)"
K_QLKD_296,DATA EXPLORER,Nhóm 42 — Chào bán phát hành (STT 42),Thực tế >> Đối tượng chào bán >> Chào bán riêng lẻ >> Số lượng,Cơ sở,QLKD,,,,,"Pending - chưa thiết kế nguồn (gap Atomic REPORT_CELL_VALUE, xem O_QLKD_23)"
K_QLKD_297,DATA EXPLORER,Nhóm 42 — Chào bán phát hành (STT 42),Thực tế >> Đối tượng chào bán >> Chào bán riêng lẻ >> Giá (đồng),Cơ sở,QLKD,,,,,"Pending - chưa thiết kế nguồn (gap Atomic REPORT_CELL_VALUE, xem O_QLKD_23)"
K_QLKD_298,DATA EXPLORER,Nhóm 42 — Chào bán phát hành (STT 42),Thực tế >> Đối tượng chào bán >> Chào bán riêng lẻ >> Giá trị (đồng),Cơ sở,QLKD,,,,,"Pending - chưa thiết kế nguồn (gap Atomic REPORT_CELL_VALUE, xem O_QLKD_23)"
K_QLKD_299,DATA EXPLORER,Nhóm 42 — Chào bán phát hành (STT 42),Thực tế >> Đối tượng chào bán >> Chào bán riêng lẻ >> Đối tượng,Cơ sở,QLKD,,,,,"Pending - chưa thiết kế nguồn (gap Atomic REPORT_CELL_VALUE, xem O_QLKD_23)"
K_QLKD_300,DATA EXPLORER,Nhóm 42 — Chào bán phát hành (STT 42),Thực tế >> Đối tượng chào bán >> Chào bán riêng lẻ >> Số lượng nhà đầu tư nước ngoài tham gia,Cơ sở,QLKD,,,,,"Pending - chưa thiết kế nguồn (gap Atomic REPORT_CELL_VALUE, xem O_QLKD_23)"
K_QLKD_301,DATA EXPLORER,Nhóm 42 — Chào bán phát hành (STT 42),Thực tế >> Đối tượng chào bán >> Chào bán riêng lẻ >> Giá trị phát hành cho nhà đầu tư nước ngoài (đồng),Cơ sở,QLKD,,,,,"Pending - chưa thiết kế nguồn (gap Atomic REPORT_CELL_VALUE, xem O_QLKD_23)"
K_QLKD_302,DATA EXPLORER,Nhóm 42 — Chào bán phát hành (STT 42),Thực tế >> Đối tượng chào bán >> Đối tượng khác >> Đấu giá >> Số lượng,Cơ sở,QLKD,,,,,"Pending - chưa thiết kế nguồn (gap Atomic REPORT_CELL_VALUE, xem O_QLKD_23)"
K_QLKD_303,DATA EXPLORER,Nhóm 42 — Chào bán phát hành (STT 42),Thực tế >> Đối tượng chào bán >> Đối tượng khác >> Đấu giá >> Giá khời điểm (đồng),Cơ sở,QLKD,,,,,"Pending - chưa thiết kế nguồn (gap Atomic REPORT_CELL_VALUE, xem O_QLKD_23)"
K_QLKD_304,DATA EXPLORER,Nhóm 42 — Chào bán phát hành (STT 42),Thực tế >> Đối tượng chào bán >> Đối tượng khác >> Đấu giá >> Giá trị (đồng),Cơ sở,QLKD,,,,,"Pending - chưa thiết kế nguồn (gap Atomic REPORT_CELL_VALUE, xem O_QLKD_23)"
K_QLKD_305,DATA EXPLORER,Nhóm 42 — Chào bán phát hành (STT 42),Thực tế >> Đối tượng chào bán >> Đối tượng khác >> Khác >> Số lượng,Cơ sở,QLKD,,,,,"Pending - chưa thiết kế nguồn (gap Atomic REPORT_CELL_VALUE, xem O_QLKD_23)"
K_QLKD_306,DATA EXPLORER,Nhóm 42 — Chào bán phát hành (STT 42),Thực tế >> Đối tượng chào bán >> Đối tượng khác >> Khác >> Giá (đồng),Cơ sở,QLKD,,,,,"Pending - chưa thiết kế nguồn (gap Atomic REPORT_CELL_VALUE, xem O_QLKD_23)"
K_QLKD_307,DATA EXPLORER,Nhóm 42 — Chào bán phát hành (STT 42),Thực tế >> Đối tượng chào bán >> Đối tượng khác >> Khác >> Giá trị (đồng),Cơ sở,QLKD,,,,,"Pending - chưa thiết kế nguồn (gap Atomic REPORT_CELL_VALUE, xem O_QLKD_23)"
K_QLKD_308,DATA EXPLORER,Nhóm 42 — Chào bán phát hành (STT 42),Thực tế >> Phát hành cổ phiếu để hoán đổi >> Số lượng,Cơ sở,QLKD,,,,,"Pending - chưa thiết kế nguồn (gap Atomic REPORT_CELL_VALUE, xem O_QLKD_23)"
K_QLKD_309,DATA EXPLORER,Nhóm 42 — Chào bán phát hành (STT 42),Thực tế >> Phát hành cổ phiếu để hoán đổi >> Giá trị (đồng),Cơ sở,QLKD,,,,,"Pending - chưa thiết kế nguồn (gap Atomic REPORT_CELL_VALUE, xem O_QLKD_23)"
K_QLKD_310,DATA EXPLORER,Nhóm 42 — Chào bán phát hành (STT 42),Thực tế >> Phát hành cổ phiếu để hoán đổi >> Mục đích,Cơ sở,QLKD,,,,,"Pending - chưa thiết kế nguồn (gap Atomic REPORT_CELL_VALUE, xem O_QLKD_23)"
K_QLKD_311,DATA EXPLORER,Nhóm 42 — Chào bán phát hành (STT 42),Thực tế >> Chào bán của cổ đông lớn >> Số lượng,Cơ sở,QLKD,,,,,"Pending - chưa thiết kế nguồn (gap Atomic REPORT_CELL_VALUE, xem O_QLKD_23)"
K_QLKD_312,DATA EXPLORER,Nhóm 42 — Chào bán phát hành (STT 42),Thực tế >> Chào bán của cổ đông lớn >> Giá (đồng),Cơ sở,QLKD,,,,,"Pending - chưa thiết kế nguồn (gap Atomic REPORT_CELL_VALUE, xem O_QLKD_23)"
K_QLKD_313,DATA EXPLORER,Nhóm 42 — Chào bán phát hành (STT 42),Thực tế >> Chào bán của cổ đông lớn >> Giá trị (đồng),Cơ sở,QLKD,,,,,"Pending - chưa thiết kế nguồn (gap Atomic REPORT_CELL_VALUE, xem O_QLKD_23)"
K_QLKD_314,DATA EXPLORER,Nhóm 42 — Chào bán phát hành (STT 42),Thực tế >> Chủ sở hữu góp vốn >> Giá trị (đồng),Cơ sở,QLKD,,,,,"Pending - chưa thiết kế nguồn (gap Atomic REPORT_CELL_VALUE, xem O_QLKD_23)"
K_QLKD_315,DATA EXPLORER,Nhóm 42 — Chào bán phát hành (STT 42),Công ty thực hiện bảo lãnh,Cơ sở,QLKD,,,,,"Pending - chưa thiết kế nguồn (gap Atomic REPORT_CELL_VALUE, xem O_QLKD_23)"
K_QLKD_316,DATA EXPLORER,Nhóm 42 — Chào bán phát hành (STT 42),"Tổng số lượng chứng khoán chào bán, phát hành",Cơ sở,QLKD,,,,,"Pending - chưa thiết kế nguồn (gap Atomic REPORT_CELL_VALUE, xem O_QLKD_23)"
K_QLKD_317,DATA EXPLORER,Nhóm 42 — Chào bán phát hành (STT 42),"Mục đích sử dụng vốn
(Đối với doanh nghiệp không phải là công ty chứng khoán)",Cơ sở,QLKD,,,,,"Pending - chưa thiết kế nguồn (gap Atomic REPORT_CELL_VALUE, xem O_QLKD_23)"
K_QLKD_318,DATA EXPLORER,Nhóm 42 — Chào bán phát hành (STT 42),Tổng số tiền thu được (đồng),Cơ sở,QLKD,,,,,"Pending - chưa thiết kế nguồn (gap Atomic REPORT_CELL_VALUE, xem O_QLKD_23)"
K_QLKD_319,DATA EXPLORER,Nhóm 42 — Chào bán phát hành (STT 42),"Bổ sung vốn cho Môi giới chứng khoán
(đồng)",Cơ sở,QLKD,,,,,"Pending - chưa thiết kế nguồn (gap Atomic REPORT_CELL_VALUE, xem O_QLKD_23)"
K_QLKD_320,DATA EXPLORER,Nhóm 42 — Chào bán phát hành (STT 42),"Bổ sung vốn cho Tự doanh chứng khoán
(đồng)",Cơ sở,QLKD,,,,,"Pending - chưa thiết kế nguồn (gap Atomic REPORT_CELL_VALUE, xem O_QLKD_23)"
K_QLKD_321,DATA EXPLORER,Nhóm 42 — Chào bán phát hành (STT 42),Bổ sung vốn cho Bảo lãnh phát hành chứng khoán (đồng),Cơ sở,QLKD,,,,,"Pending - chưa thiết kế nguồn (gap Atomic REPORT_CELL_VALUE, xem O_QLKD_23)"
K_QLKD_322,DATA EXPLORER,Nhóm 42 — Chào bán phát hành (STT 42),Bổ sung vốn cho Tư vấn đầu tư chứng khoán (đồng),Cơ sở,QLKD,,,,,"Pending - chưa thiết kế nguồn (gap Atomic REPORT_CELL_VALUE, xem O_QLKD_23)"
K_QLKD_323,DATA EXPLORER,Nhóm 42 — Chào bán phát hành (STT 42),Bổ sung vốn Cho vay margin (đồng),Cơ sở,QLKD,,,,,"Pending - chưa thiết kế nguồn (gap Atomic REPORT_CELL_VALUE, xem O_QLKD_23)"
K_QLKD_324,DATA EXPLORER,Nhóm 42 — Chào bán phát hành (STT 42),Bổ sung vốn cho Ứng trước tiền bán (đồng),Cơ sở,QLKD,,,,,"Pending - chưa thiết kế nguồn (gap Atomic REPORT_CELL_VALUE, xem O_QLKD_23)"
K_QLKD_325,DATA EXPLORER,Nhóm 42 — Chào bán phát hành (STT 42),Sử dụng vào mục đích khác (đồng),Cơ sở,QLKD,,,,,"Pending - chưa thiết kế nguồn (gap Atomic REPORT_CELL_VALUE, xem O_QLKD_23)"
K_QLKD_326,DATA EXPLORER,Nhóm 42 — Chào bán phát hành (STT 42),Ghi chú,Cơ sở,QLKD,,,,,"Pending - chưa thiết kế nguồn (gap Atomic REPORT_CELL_VALUE, xem O_QLKD_23)"
K_QLKD_327,DATA EXPLORER,Nhóm 43 — Chào bán phát hành (STT 43),Loại báo cáo,Chiều,QLKD,,,,,"Pending - chưa thiết kế nguồn (gap Atomic REPORT_CELL_VALUE, xem O_QLKD_23)"
K_QLKD_328,DATA EXPLORER,Nhóm 43 — Chào bán phát hành (STT 43),Kỳ báo cáo,Chiều,QLKD,,,,,"Pending - chưa thiết kế nguồn (gap Atomic REPORT_CELL_VALUE, xem O_QLKD_23)"
K_QLKD_329,DATA EXPLORER,Nhóm 43 — Chào bán phát hành (STT 43),Mã báo cáo,Chiều,QLKD,,,,,"Pending - chưa thiết kế nguồn (gap Atomic REPORT_CELL_VALUE, xem O_QLKD_23)"
K_QLKD_330,DATA EXPLORER,Nhóm 43 — Chào bán phát hành (STT 43),Tên báo cáo,Chiều,QLKD,,,,,"Pending - chưa thiết kế nguồn (gap Atomic REPORT_CELL_VALUE, xem O_QLKD_23)"
K_QLKD_331,DATA EXPLORER,Nhóm 43 — Chào bán phát hành (STT 43),Mã sheet,Chiều,QLKD,,,,,"Pending - chưa thiết kế nguồn (gap Atomic REPORT_CELL_VALUE, xem O_QLKD_23)"
K_QLKD_332,DATA EXPLORER,Nhóm 43 — Chào bán phát hành (STT 43),Tên sheet,Chiều,QLKD,,,,,"Pending - chưa thiết kế nguồn (gap Atomic REPORT_CELL_VALUE, xem O_QLKD_23)"
K_QLKD_333,DATA EXPLORER,Nhóm 43 — Chào bán phát hành (STT 43),Mã chỉ tiêu,Chiều,QLKD,,,,,"Pending - chưa thiết kế nguồn (gap Atomic REPORT_CELL_VALUE, xem O_QLKD_23)"
K_QLKD_334,DATA EXPLORER,Nhóm 43 — Chào bán phát hành (STT 43),Tên chỉ tiêu,Chiều,QLKD,,,,,"Pending - chưa thiết kế nguồn (gap Atomic REPORT_CELL_VALUE, xem O_QLKD_23)"
K_QLKD_335,DATA EXPLORER,Nhóm 43 — Chào bán phát hành (STT 43),Thời điểm báo cáo (tháng),Cơ sở,QLKD,,,,,"Pending - chưa thiết kế nguồn (gap Atomic REPORT_CELL_VALUE, xem O_QLKD_23)"
K_QLKD_336,DATA EXPLORER,Nhóm 43 — Chào bán phát hành (STT 43),Họ và tên chuyên viên,Cơ sở,QLKD,,,,,"Pending - chưa thiết kế nguồn (gap Atomic REPORT_CELL_VALUE, xem O_QLKD_23)"
K_QLKD_337,DATA EXPLORER,Nhóm 43 — Chào bán phát hành (STT 43),Tên công ty,Cơ sở,QLKD,,,,,"Pending - chưa thiết kế nguồn (gap Atomic REPORT_CELL_VALUE, xem O_QLKD_23)"
K_QLKD_338,DATA EXPLORER,Nhóm 43 — Chào bán phát hành (STT 43),Mã chứng khoán,Cơ sở,QLKD,,,,,"Pending - chưa thiết kế nguồn (gap Atomic REPORT_CELL_VALUE, xem O_QLKD_23)"
K_QLKD_339,DATA EXPLORER,Nhóm 43 — Chào bán phát hành (STT 43),Sàn,Cơ sở,QLKD,,,,,"Pending - chưa thiết kế nguồn (gap Atomic REPORT_CELL_VALUE, xem O_QLKD_23)"
K_QLKD_340,DATA EXPLORER,Nhóm 43 — Chào bán phát hành (STT 43),Loại trái phiếu,Cơ sở,QLKD,,,,,"Pending - chưa thiết kế nguồn (gap Atomic REPORT_CELL_VALUE, xem O_QLKD_23)"
K_QLKD_341,DATA EXPLORER,Nhóm 43 — Chào bán phát hành (STT 43),Mệnh giá (đồng),Cơ sở,QLKD,,,,,"Pending - chưa thiết kế nguồn (gap Atomic REPORT_CELL_VALUE, xem O_QLKD_23)"
K_QLKD_342,DATA EXPLORER,Nhóm 43 — Chào bán phát hành (STT 43),Mã trái phiếu,Cơ sở,QLKD,,,,,"Pending - chưa thiết kế nguồn (gap Atomic REPORT_CELL_VALUE, xem O_QLKD_23)"
K_QLKD_343,DATA EXPLORER,Nhóm 43 — Chào bán phát hành (STT 43),Kỳ hạn trái phiếu (tháng),Cơ sở,QLKD,,,,,"Pending - chưa thiết kế nguồn (gap Atomic REPORT_CELL_VALUE, xem O_QLKD_23)"
K_QLKD_344,DATA EXPLORER,Nhóm 43 — Chào bán phát hành (STT 43),Kỳ trả lãi,Cơ sở,QLKD,,,,,"Pending - chưa thiết kế nguồn (gap Atomic REPORT_CELL_VALUE, xem O_QLKD_23)"
K_QLKD_345,DATA EXPLORER,Nhóm 43 — Chào bán phát hành (STT 43),Tên Đại diện người sở hữu trái phiếu,Cơ sở,QLKD,,,,,"Pending - chưa thiết kế nguồn (gap Atomic REPORT_CELL_VALUE, xem O_QLKD_23)"
K_QLKD_346,DATA EXPLORER,Nhóm 43 — Chào bán phát hành (STT 43),Số giấy phép thành lập và hoạt động,Cơ sở,QLKD,,,,,"Pending - chưa thiết kế nguồn (gap Atomic REPORT_CELL_VALUE, xem O_QLKD_23)"
K_QLKD_347,DATA EXPLORER,Nhóm 43 — Chào bán phát hành (STT 43),Số GCN,Cơ sở,QLKD,,,,,"Pending - chưa thiết kế nguồn (gap Atomic REPORT_CELL_VALUE, xem O_QLKD_23)"
K_QLKD_348,DATA EXPLORER,Nhóm 43 — Chào bán phát hành (STT 43),Số CV gửi Công ty,Cơ sở,QLKD,,,,,"Pending - chưa thiết kế nguồn (gap Atomic REPORT_CELL_VALUE, xem O_QLKD_23)"
K_QLKD_349,DATA EXPLORER,Nhóm 43 — Chào bán phát hành (STT 43),"Ngày cấp GCN
(Ngày/tháng/năm)",Cơ sở,QLKD,,,,,"Pending - chưa thiết kế nguồn (gap Atomic REPORT_CELL_VALUE, xem O_QLKD_23)"
K_QLKD_350,DATA EXPLORER,Nhóm 43 — Chào bán phát hành (STT 43),"Ngày công văn
(Ngày/tháng/năm)",Cơ sở,QLKD,,,,,"Pending - chưa thiết kế nguồn (gap Atomic REPORT_CELL_VALUE, xem O_QLKD_23)"
K_QLKD_351,DATA EXPLORER,Nhóm 43 — Chào bán phát hành (STT 43),Đối tượng chào bán >> Cổ đông hiện hữu >> Số lượng,Cơ sở,QLKD,,,,,"Pending - chưa thiết kế nguồn (gap Atomic REPORT_CELL_VALUE, xem O_QLKD_23)"
K_QLKD_352,DATA EXPLORER,Nhóm 43 — Chào bán phát hành (STT 43),Đối tượng chào bán >> Cổ đông hiện hữu >> Giá (đồng),Cơ sở,QLKD,,,,,"Pending - chưa thiết kế nguồn (gap Atomic REPORT_CELL_VALUE, xem O_QLKD_23)"
K_QLKD_353,DATA EXPLORER,Nhóm 43 — Chào bán phát hành (STT 43),Đối tượng chào bán >> Cổ đông hiện hữu >> Giá trị (đồng),Cơ sở,QLKD,,,,,"Pending - chưa thiết kế nguồn (gap Atomic REPORT_CELL_VALUE, xem O_QLKD_23)"
K_QLKD_354,DATA EXPLORER,Nhóm 43 — Chào bán phát hành (STT 43),Đối tượng chào bán >> Chào bán riêng lẻ >> Số lượng,Cơ sở,QLKD,,,,,"Pending - chưa thiết kế nguồn (gap Atomic REPORT_CELL_VALUE, xem O_QLKD_23)"
K_QLKD_355,DATA EXPLORER,Nhóm 43 — Chào bán phát hành (STT 43),Đối tượng chào bán >> Chào bán riêng lẻ >> Giá (đồng),Cơ sở,QLKD,,,,,"Pending - chưa thiết kế nguồn (gap Atomic REPORT_CELL_VALUE, xem O_QLKD_23)"
K_QLKD_356,DATA EXPLORER,Nhóm 43 — Chào bán phát hành (STT 43),Đối tượng chào bán >> Chào bán riêng lẻ >> Giá trị (đồng),Cơ sở,QLKD,,,,,"Pending - chưa thiết kế nguồn (gap Atomic REPORT_CELL_VALUE, xem O_QLKD_23)"
K_QLKD_357,DATA EXPLORER,Nhóm 43 — Chào bán phát hành (STT 43),Đối tượng chào bán >> Chào bán riêng lẻ >> Đối tượng,Cơ sở,QLKD,,,,,"Pending - chưa thiết kế nguồn (gap Atomic REPORT_CELL_VALUE, xem O_QLKD_23)"
K_QLKD_358,DATA EXPLORER,Nhóm 43 — Chào bán phát hành (STT 43),Đối tượng chào bán >> Đối tượng khác >> Đấu giá >> Số lượng,Cơ sở,QLKD,,,,,"Pending - chưa thiết kế nguồn (gap Atomic REPORT_CELL_VALUE, xem O_QLKD_23)"
K_QLKD_359,DATA EXPLORER,Nhóm 43 — Chào bán phát hành (STT 43),Đối tượng chào bán >> Đối tượng khác >> Đấu giá >> Giá khời điểm (đồng),Cơ sở,QLKD,,,,,"Pending - chưa thiết kế nguồn (gap Atomic REPORT_CELL_VALUE, xem O_QLKD_23)"
K_QLKD_360,DATA EXPLORER,Nhóm 43 — Chào bán phát hành (STT 43),Đối tượng chào bán >> Đối tượng khác >> Đấu giá >> Giá trị (đồng),Cơ sở,QLKD,,,,,"Pending - chưa thiết kế nguồn (gap Atomic REPORT_CELL_VALUE, xem O_QLKD_23)"
K_QLKD_361,DATA EXPLORER,Nhóm 43 — Chào bán phát hành (STT 43),Đối tượng chào bán >> Đối tượng khác >> Khác >> Số lượng,Cơ sở,QLKD,,,,,"Pending - chưa thiết kế nguồn (gap Atomic REPORT_CELL_VALUE, xem O_QLKD_23)"
K_QLKD_362,DATA EXPLORER,Nhóm 43 — Chào bán phát hành (STT 43),Đối tượng chào bán >> Đối tượng khác >> Khác >> Giá (đồng),Cơ sở,QLKD,,,,,"Pending - chưa thiết kế nguồn (gap Atomic REPORT_CELL_VALUE, xem O_QLKD_23)"
K_QLKD_363,DATA EXPLORER,Nhóm 43 — Chào bán phát hành (STT 43),Đối tượng chào bán >> Đối tượng khác >> Khác >> Giá trị (đồng),Cơ sở,QLKD,,,,,"Pending - chưa thiết kế nguồn (gap Atomic REPORT_CELL_VALUE, xem O_QLKD_23)"
K_QLKD_364,DATA EXPLORER,Nhóm 43 — Chào bán phát hành (STT 43),Đối tượng chào bán >> Phát hành trái phiếu ra thị trường quốc tế >> Số lượng,Cơ sở,QLKD,,,,,"Pending - chưa thiết kế nguồn (gap Atomic REPORT_CELL_VALUE, xem O_QLKD_23)"
K_QLKD_365,DATA EXPLORER,Nhóm 43 — Chào bán phát hành (STT 43),Đối tượng chào bán >> Phát hành trái phiếu ra thị trường quốc tế >> Giá (đồng),Cơ sở,QLKD,,,,,"Pending - chưa thiết kế nguồn (gap Atomic REPORT_CELL_VALUE, xem O_QLKD_23)"
K_QLKD_366,DATA EXPLORER,Nhóm 43 — Chào bán phát hành (STT 43),Đối tượng chào bán >> Phát hành trái phiếu ra thị trường quốc tế >> Giá trị (đồng),Cơ sở,QLKD,,,,,"Pending - chưa thiết kế nguồn (gap Atomic REPORT_CELL_VALUE, xem O_QLKD_23)"
K_QLKD_367,DATA EXPLORER,Nhóm 43 — Chào bán phát hành (STT 43),Tổng số lượng chứng khoán chào bán,Cơ sở,QLKD,,,,,"Pending - chưa thiết kế nguồn (gap Atomic REPORT_CELL_VALUE, xem O_QLKD_23)"
K_QLKD_368,DATA EXPLORER,Nhóm 43 — Chào bán phát hành (STT 43),Tổng số tiền dự kiến thu được (đồng),Cơ sở,QLKD,,,,,"Pending - chưa thiết kế nguồn (gap Atomic REPORT_CELL_VALUE, xem O_QLKD_23)"
K_QLKD_369,DATA EXPLORER,Nhóm 43 — Chào bán phát hành (STT 43),"Ngày BCKQ
(Ngày/tháng/năm)",Cơ sở,QLKD,,,,,"Pending - chưa thiết kế nguồn (gap Atomic REPORT_CELL_VALUE, xem O_QLKD_23)"
K_QLKD_370,DATA EXPLORER,Nhóm 43 — Chào bán phát hành (STT 43),"Gia hạn đến ngày
(Ngày/tháng/năm)",Cơ sở,QLKD,,,,,"Pending - chưa thiết kế nguồn (gap Atomic REPORT_CELL_VALUE, xem O_QLKD_23)"
K_QLKD_371,DATA EXPLORER,Nhóm 43 — Chào bán phát hành (STT 43),Đánh giá,Cơ sở,QLKD,,,,,"Pending - chưa thiết kế nguồn (gap Atomic REPORT_CELL_VALUE, xem O_QLKD_23)"
K_QLKD_372,DATA EXPLORER,Nhóm 43 — Chào bán phát hành (STT 43),Thực tế >> Đối tượng chào bán >> Cổ đông hiện hữu >> Số lượng,Cơ sở,QLKD,,,,,"Pending - chưa thiết kế nguồn (gap Atomic REPORT_CELL_VALUE, xem O_QLKD_23)"
K_QLKD_373,DATA EXPLORER,Nhóm 43 — Chào bán phát hành (STT 43),Thực tế >> Đối tượng chào bán >> Cổ đông hiện hữu >> Giá (đồng),Cơ sở,QLKD,,,,,"Pending - chưa thiết kế nguồn (gap Atomic REPORT_CELL_VALUE, xem O_QLKD_23)"
K_QLKD_374,DATA EXPLORER,Nhóm 43 — Chào bán phát hành (STT 43),Thực tế >> Đối tượng chào bán >> Cổ đông hiện hữu >> Giá trị (đồng),Cơ sở,QLKD,,,,,"Pending - chưa thiết kế nguồn (gap Atomic REPORT_CELL_VALUE, xem O_QLKD_23)"
K_QLKD_375,DATA EXPLORER,Nhóm 43 — Chào bán phát hành (STT 43),Thực tế >> Đối tượng chào bán >> Cổ đông hiện hữu >> Số lượng nhà đầu tư nước ngoài tham gia,Cơ sở,QLKD,,,,,"Pending - chưa thiết kế nguồn (gap Atomic REPORT_CELL_VALUE, xem O_QLKD_23)"
K_QLKD_376,DATA EXPLORER,Nhóm 43 — Chào bán phát hành (STT 43),Thực tế >> Đối tượng chào bán >> Cổ đông hiện hữu >> Giá trị phát hành cho nhà đầu tư nước ngoài (đồng),Cơ sở,QLKD,,,,,"Pending - chưa thiết kế nguồn (gap Atomic REPORT_CELL_VALUE, xem O_QLKD_23)"
K_QLKD_377,DATA EXPLORER,Nhóm 43 — Chào bán phát hành (STT 43),Thực tế >> Đối tượng chào bán >> Chào bán riêng lẻ >> Số lượng,Cơ sở,QLKD,,,,,"Pending - chưa thiết kế nguồn (gap Atomic REPORT_CELL_VALUE, xem O_QLKD_23)"
K_QLKD_378,DATA EXPLORER,Nhóm 43 — Chào bán phát hành (STT 43),Thực tế >> Đối tượng chào bán >> Chào bán riêng lẻ >> Giá (đồng),Cơ sở,QLKD,,,,,"Pending - chưa thiết kế nguồn (gap Atomic REPORT_CELL_VALUE, xem O_QLKD_23)"
K_QLKD_379,DATA EXPLORER,Nhóm 43 — Chào bán phát hành (STT 43),Thực tế >> Đối tượng chào bán >> Chào bán riêng lẻ >> Giá trị (đồng),Cơ sở,QLKD,,,,,"Pending - chưa thiết kế nguồn (gap Atomic REPORT_CELL_VALUE, xem O_QLKD_23)"
K_QLKD_380,DATA EXPLORER,Nhóm 43 — Chào bán phát hành (STT 43),Thực tế >> Đối tượng chào bán >> Chào bán riêng lẻ >> Đối tượng,Cơ sở,QLKD,,,,,"Pending - chưa thiết kế nguồn (gap Atomic REPORT_CELL_VALUE, xem O_QLKD_23)"
K_QLKD_381,DATA EXPLORER,Nhóm 43 — Chào bán phát hành (STT 43),Thực tế >> Đối tượng chào bán >> Chào bán riêng lẻ >> Số lượng nhà đầu tư nước ngoài tham gia,Cơ sở,QLKD,,,,,"Pending - chưa thiết kế nguồn (gap Atomic REPORT_CELL_VALUE, xem O_QLKD_23)"
K_QLKD_382,DATA EXPLORER,Nhóm 43 — Chào bán phát hành (STT 43),Thực tế >> Đối tượng chào bán >> Chào bán riêng lẻ >> Giá trị phát hành cho nhà đầu tư nước ngoài (đồng),Cơ sở,QLKD,,,,,"Pending - chưa thiết kế nguồn (gap Atomic REPORT_CELL_VALUE, xem O_QLKD_23)"
K_QLKD_383,DATA EXPLORER,Nhóm 43 — Chào bán phát hành (STT 43),Thực tế >> Đối tượng chào bán >> Đối tượng khác >> Đấu giá >> Số lượng,Cơ sở,QLKD,,,,,"Pending - chưa thiết kế nguồn (gap Atomic REPORT_CELL_VALUE, xem O_QLKD_23)"
K_QLKD_384,DATA EXPLORER,Nhóm 43 — Chào bán phát hành (STT 43),Thực tế >> Đối tượng chào bán >> Đối tượng khác >> Đấu giá >> Giá bình quân (đồng),Cơ sở,QLKD,,,,,"Pending - chưa thiết kế nguồn (gap Atomic REPORT_CELL_VALUE, xem O_QLKD_23)"
K_QLKD_385,DATA EXPLORER,Nhóm 43 — Chào bán phát hành (STT 43),Thực tế >> Đối tượng chào bán >> Đối tượng khác >> Đấu giá >> Giá trị (đồng),Cơ sở,QLKD,,,,,"Pending - chưa thiết kế nguồn (gap Atomic REPORT_CELL_VALUE, xem O_QLKD_23)"
K_QLKD_386,DATA EXPLORER,Nhóm 43 — Chào bán phát hành (STT 43),Thực tế >> Đối tượng chào bán >> Đối tượng khác >> Đấu giá >> Số lượng nhà đầu tư nước ngoài tham gia,Cơ sở,QLKD,,,,,"Pending - chưa thiết kế nguồn (gap Atomic REPORT_CELL_VALUE, xem O_QLKD_23)"
K_QLKD_387,DATA EXPLORER,Nhóm 43 — Chào bán phát hành (STT 43),Thực tế >> Đối tượng chào bán >> Đối tượng khác >> Đấu giá >> Giá trị phát hành cho nhà đầu tư nước ngoài (đồng),Cơ sở,QLKD,,,,,"Pending - chưa thiết kế nguồn (gap Atomic REPORT_CELL_VALUE, xem O_QLKD_23)"
K_QLKD_388,DATA EXPLORER,Nhóm 43 — Chào bán phát hành (STT 43),Thực tế >> Đối tượng chào bán >> Đối tượng khác >> Khác >> Số lượng,Cơ sở,QLKD,,,,,"Pending - chưa thiết kế nguồn (gap Atomic REPORT_CELL_VALUE, xem O_QLKD_23)"
K_QLKD_389,DATA EXPLORER,Nhóm 43 — Chào bán phát hành (STT 43),Thực tế >> Đối tượng chào bán >> Đối tượng khác >> Khác >> Giá (đồng),Cơ sở,QLKD,,,,,"Pending - chưa thiết kế nguồn (gap Atomic REPORT_CELL_VALUE, xem O_QLKD_23)"
K_QLKD_390,DATA EXPLORER,Nhóm 43 — Chào bán phát hành (STT 43),Thực tế >> Đối tượng chào bán >> Đối tượng khác >> Khác >> Giá trị (đồng),Cơ sở,QLKD,,,,,"Pending - chưa thiết kế nguồn (gap Atomic REPORT_CELL_VALUE, xem O_QLKD_23)"
K_QLKD_391,DATA EXPLORER,Nhóm 43 — Chào bán phát hành (STT 43),Thực tế >> Đối tượng chào bán >> Đối tượng khác >> Khác >> Số lượng nhà đầu tư nước ngoài tham gia,Cơ sở,QLKD,,,,,"Pending - chưa thiết kế nguồn (gap Atomic REPORT_CELL_VALUE, xem O_QLKD_23)"
K_QLKD_392,DATA EXPLORER,Nhóm 43 — Chào bán phát hành (STT 43),Thực tế >> Đối tượng chào bán >> Đối tượng khác >> Khác >> Giá trị phát hành cho nhà đầu tư nước ngoài (đồng),Cơ sở,QLKD,,,,,"Pending - chưa thiết kế nguồn (gap Atomic REPORT_CELL_VALUE, xem O_QLKD_23)"
K_QLKD_393,DATA EXPLORER,Nhóm 43 — Chào bán phát hành (STT 43),Thực tế >> Đối tượng chào bán >> Phát hành trái phiếu ra thị trường quốc tế >> Số lượng,Cơ sở,QLKD,,,,,"Pending - chưa thiết kế nguồn (gap Atomic REPORT_CELL_VALUE, xem O_QLKD_23)"
K_QLKD_394,DATA EXPLORER,Nhóm 43 — Chào bán phát hành (STT 43),Thực tế >> Đối tượng chào bán >> Phát hành trái phiếu ra thị trường quốc tế >> Giá (đồng),Cơ sở,QLKD,,,,,"Pending - chưa thiết kế nguồn (gap Atomic REPORT_CELL_VALUE, xem O_QLKD_23)"
K_QLKD_395,DATA EXPLORER,Nhóm 43 — Chào bán phát hành (STT 43),Thực tế >> Đối tượng chào bán >> Phát hành trái phiếu ra thị trường quốc tế >> Giá trị (đồng),Cơ sở,QLKD,,,,,"Pending - chưa thiết kế nguồn (gap Atomic REPORT_CELL_VALUE, xem O_QLKD_23)"
K_QLKD_396,DATA EXPLORER,Nhóm 43 — Chào bán phát hành (STT 43),Công ty thực hiện bảo lãnh,Cơ sở,QLKD,,,,,"Pending - chưa thiết kế nguồn (gap Atomic REPORT_CELL_VALUE, xem O_QLKD_23)"
K_QLKD_397,DATA EXPLORER,Nhóm 43 — Chào bán phát hành (STT 43),Tổng số lượng chứng khoán chào bán,Cơ sở,QLKD,,,,,"Pending - chưa thiết kế nguồn (gap Atomic REPORT_CELL_VALUE, xem O_QLKD_23)"
K_QLKD_398,DATA EXPLORER,Nhóm 43 — Chào bán phát hành (STT 43),"Mục đích sử dụng vốn
(Đối với doanh nghiệp không phải là công ty chứng khoán)",Cơ sở,QLKD,,,,,"Pending - chưa thiết kế nguồn (gap Atomic REPORT_CELL_VALUE, xem O_QLKD_23)"
K_QLKD_399,DATA EXPLORER,Nhóm 43 — Chào bán phát hành (STT 43),Tổng số tiền thu được (đồng),Cơ sở,QLKD,,,,,"Pending - chưa thiết kế nguồn (gap Atomic REPORT_CELL_VALUE, xem O_QLKD_23)"
K_QLKD_400,DATA EXPLORER,Nhóm 43 — Chào bán phát hành (STT 43),"Bổ sung vốn cho Môi giới chứng khoán
(đồng)",Cơ sở,QLKD,,,,,"Pending - chưa thiết kế nguồn (gap Atomic REPORT_CELL_VALUE, xem O_QLKD_23)"
K_QLKD_401,DATA EXPLORER,Nhóm 43 — Chào bán phát hành (STT 43),"Bổ sung vốn cho Tự doanh chứng khoán
(đồng)",Cơ sở,QLKD,,,,,"Pending - chưa thiết kế nguồn (gap Atomic REPORT_CELL_VALUE, xem O_QLKD_23)"
K_QLKD_402,DATA EXPLORER,Nhóm 43 — Chào bán phát hành (STT 43),Bổ sung vốn cho Bảo lãnh phát hành chứng khoán (đồng),Cơ sở,QLKD,,,,,"Pending - chưa thiết kế nguồn (gap Atomic REPORT_CELL_VALUE, xem O_QLKD_23)"
K_QLKD_403,DATA EXPLORER,Nhóm 43 — Chào bán phát hành (STT 43),Bổ sung vốn cho Tư vấn đầu tư chứng khoán (đồng),Cơ sở,QLKD,,,,,"Pending - chưa thiết kế nguồn (gap Atomic REPORT_CELL_VALUE, xem O_QLKD_23)"
K_QLKD_404,DATA EXPLORER,Nhóm 43 — Chào bán phát hành (STT 43),Bổ sung vốn Cho vay margin (đồng),Cơ sở,QLKD,,,,,"Pending - chưa thiết kế nguồn (gap Atomic REPORT_CELL_VALUE, xem O_QLKD_23)"
K_QLKD_405,DATA EXPLORER,Nhóm 43 — Chào bán phát hành (STT 43),Bổ sung vốn cho Ứng trước tiền bán (đồng),Cơ sở,QLKD,,,,,"Pending - chưa thiết kế nguồn (gap Atomic REPORT_CELL_VALUE, xem O_QLKD_23)"
K_QLKD_406,DATA EXPLORER,Nhóm 43 — Chào bán phát hành (STT 43),Sử dụng vào mục đích khác (đồng),Cơ sở,QLKD,,,,,"Pending - chưa thiết kế nguồn (gap Atomic REPORT_CELL_VALUE, xem O_QLKD_23)"
K_QLKD_407,DATA EXPLORER,Nhóm 43 — Chào bán phát hành (STT 43),Ghi chú,Cơ sở,QLKD,,,,,"Pending - chưa thiết kế nguồn (gap Atomic REPORT_CELL_VALUE, xem O_QLKD_23)"
K_QLKD_408,DATA EXPLORER,Nhóm 44 — Báo cáo giám sát (STT 44),Loại báo cáo,Chiều,QLKD,,,,,"Pending - chưa thiết kế nguồn (gap Atomic REPORT_CELL_VALUE, xem O_QLKD_23)"
K_QLKD_409,DATA EXPLORER,Nhóm 44 — Báo cáo giám sát (STT 44),Kỳ báo cáo,Chiều,QLKD,,,,,"Pending - chưa thiết kế nguồn (gap Atomic REPORT_CELL_VALUE, xem O_QLKD_23)"
K_QLKD_410,DATA EXPLORER,Nhóm 44 — Báo cáo giám sát (STT 44),Mã báo cáo,Chiều,QLKD,,,,,"Pending - chưa thiết kế nguồn (gap Atomic REPORT_CELL_VALUE, xem O_QLKD_23)"
K_QLKD_411,DATA EXPLORER,Nhóm 44 — Báo cáo giám sát (STT 44),Tên báo cáo,Chiều,QLKD,,,,,"Pending - chưa thiết kế nguồn (gap Atomic REPORT_CELL_VALUE, xem O_QLKD_23)"
K_QLKD_412,DATA EXPLORER,Nhóm 44 — Báo cáo giám sát (STT 44),Mã sheet,Chiều,QLKD,,,,,"Pending - chưa thiết kế nguồn (gap Atomic REPORT_CELL_VALUE, xem O_QLKD_23)"
K_QLKD_413,DATA EXPLORER,Nhóm 44 — Báo cáo giám sát (STT 44),Tên sheet,Chiều,QLKD,,,,,"Pending - chưa thiết kế nguồn (gap Atomic REPORT_CELL_VALUE, xem O_QLKD_23)"
K_QLKD_414,DATA EXPLORER,Nhóm 44 — Báo cáo giám sát (STT 44),Mã chỉ tiêu,Chiều,QLKD,,,,,"Pending - chưa thiết kế nguồn (gap Atomic REPORT_CELL_VALUE, xem O_QLKD_23)"
K_QLKD_415,DATA EXPLORER,Nhóm 44 — Báo cáo giám sát (STT 44),Tên chỉ tiêu,Chiều,QLKD,,,,,"Pending - chưa thiết kế nguồn (gap Atomic REPORT_CELL_VALUE, xem O_QLKD_23)"
K_QLKD_416,DATA EXPLORER,Nhóm 44 — Báo cáo giám sát (STT 44),Tên công ty chứng khoán,Cơ sở,QLKD,,,,,"Pending - chưa thiết kế nguồn (gap Atomic REPORT_CELL_VALUE, xem O_QLKD_23)"
K_QLKD_417,DATA EXPLORER,Nhóm 44 — Báo cáo giám sát (STT 44),Địa chỉ trụ sở chính,Cơ sở,QLKD,,,,,"Pending - chưa thiết kế nguồn (gap Atomic REPORT_CELL_VALUE, xem O_QLKD_23)"
K_QLKD_418,DATA EXPLORER,Nhóm 44 — Báo cáo giám sát (STT 44),Số điện thoại,Cơ sở,QLKD,,,,,"Pending - chưa thiết kế nguồn (gap Atomic REPORT_CELL_VALUE, xem O_QLKD_23)"
K_QLKD_419,DATA EXPLORER,Nhóm 44 — Báo cáo giám sát (STT 44),Số giấy phép thành lập và hoạt động lần đầu,Cơ sở,QLKD,,,,,"Pending - chưa thiết kế nguồn (gap Atomic REPORT_CELL_VALUE, xem O_QLKD_23)"
K_QLKD_420,DATA EXPLORER,Nhóm 44 — Báo cáo giám sát (STT 44),"Ngày giấy phép lần đầu
(Ngày/tháng/năm)",Cơ sở,QLKD,,,,,"Pending - chưa thiết kế nguồn (gap Atomic REPORT_CELL_VALUE, xem O_QLKD_23)"
K_QLKD_421,DATA EXPLORER,Nhóm 44 — Báo cáo giám sát (STT 44),Mã số doanh nghiệp,Cơ sở,QLKD,,,,,"Pending - chưa thiết kế nguồn (gap Atomic REPORT_CELL_VALUE, xem O_QLKD_23)"
K_QLKD_422,DATA EXPLORER,Nhóm 44 — Báo cáo giám sát (STT 44),Sàn giao dịch cổ phiếu,Cơ sở,QLKD,,,,,"Pending - chưa thiết kế nguồn (gap Atomic REPORT_CELL_VALUE, xem O_QLKD_23)"
K_QLKD_423,DATA EXPLORER,Nhóm 44 — Báo cáo giám sát (STT 44),Mã cổ phiếu,Cơ sở,QLKD,,,,,"Pending - chưa thiết kế nguồn (gap Atomic REPORT_CELL_VALUE, xem O_QLKD_23)"
K_QLKD_424,DATA EXPLORER,Nhóm 44 — Báo cáo giám sát (STT 44),Vốn điều lệ (Đồng),Cơ sở,QLKD,,,,,"Pending - chưa thiết kế nguồn (gap Atomic REPORT_CELL_VALUE, xem O_QLKD_23)"
K_QLKD_425,DATA EXPLORER,Nhóm 44 — Báo cáo giám sát (STT 44),Website,Cơ sở,QLKD,,,,,"Pending - chưa thiết kế nguồn (gap Atomic REPORT_CELL_VALUE, xem O_QLKD_23)"
K_QLKD_426,DATA EXPLORER,Nhóm 44 — Báo cáo giám sát (STT 44),Trạng thái hoạt động,Cơ sở,QLKD,,,,,"Pending - chưa thiết kế nguồn (gap Atomic REPORT_CELL_VALUE, xem O_QLKD_23)"
K_QLKD_427,DATA EXPLORER,Nhóm 44 — Báo cáo giám sát (STT 44),Nghiệp vụ được phép hoạt động >> Môi giới chứng khoán,Cơ sở,QLKD,,,,,"Pending - chưa thiết kế nguồn (gap Atomic REPORT_CELL_VALUE, xem O_QLKD_23)"
K_QLKD_428,DATA EXPLORER,Nhóm 44 — Báo cáo giám sát (STT 44),Nghiệp vụ được phép hoạt động >> Tự doanh chứng khoán,Cơ sở,QLKD,,,,,"Pending - chưa thiết kế nguồn (gap Atomic REPORT_CELL_VALUE, xem O_QLKD_23)"
K_QLKD_429,DATA EXPLORER,Nhóm 44 — Báo cáo giám sát (STT 44),Nghiệp vụ được phép hoạt động >> Bảo lãnh phát hành chứng khoán,Cơ sở,QLKD,,,,,"Pending - chưa thiết kế nguồn (gap Atomic REPORT_CELL_VALUE, xem O_QLKD_23)"
K_QLKD_430,DATA EXPLORER,Nhóm 44 — Báo cáo giám sát (STT 44),Nghiệp vụ được phép hoạt động >> Tư vấn đầu tư chứng khoán,Cơ sở,QLKD,,,,,"Pending - chưa thiết kế nguồn (gap Atomic REPORT_CELL_VALUE, xem O_QLKD_23)"
K_QLKD_431,DATA EXPLORER,Nhóm 44 — Báo cáo giám sát (STT 44),Hoạt động kinh doanh chứng khoán phái sinh >> Giấy chứng nhận kinh doanh phái sinh,Cơ sở,QLKD,,,,,"Pending - chưa thiết kế nguồn (gap Atomic REPORT_CELL_VALUE, xem O_QLKD_23)"
K_QLKD_432,DATA EXPLORER,Nhóm 44 — Báo cáo giám sát (STT 44),Hoạt động kinh doanh chứng khoán phái sinh >> Môi giới chứng khoán phái sinh,Cơ sở,QLKD,,,,,"Pending - chưa thiết kế nguồn (gap Atomic REPORT_CELL_VALUE, xem O_QLKD_23)"
K_QLKD_433,DATA EXPLORER,Nhóm 44 — Báo cáo giám sát (STT 44),Hoạt động kinh doanh chứng khoán phái sinh >> Tự doanh chứng khoán phái sinh,Cơ sở,QLKD,,,,,"Pending - chưa thiết kế nguồn (gap Atomic REPORT_CELL_VALUE, xem O_QLKD_23)"
K_QLKD_434,DATA EXPLORER,Nhóm 44 — Báo cáo giám sát (STT 44),Hoạt động kinh doanh chứng khoán phái sinh >> Tư vấn đầu tư chứng khoán phái sinh,Cơ sở,QLKD,,,,,"Pending - chưa thiết kế nguồn (gap Atomic REPORT_CELL_VALUE, xem O_QLKD_23)"
K_QLKD_435,DATA EXPLORER,Nhóm 45 — Báo cáo giám sát (STT 45),Loại báo cáo,Chiều,QLKD,,,,,"Pending - chưa thiết kế nguồn (gap Atomic REPORT_CELL_VALUE, xem O_QLKD_23)"
K_QLKD_436,DATA EXPLORER,Nhóm 45 — Báo cáo giám sát (STT 45),Kỳ báo cáo,Chiều,QLKD,,,,,"Pending - chưa thiết kế nguồn (gap Atomic REPORT_CELL_VALUE, xem O_QLKD_23)"
K_QLKD_437,DATA EXPLORER,Nhóm 45 — Báo cáo giám sát (STT 45),Mã báo cáo,Chiều,QLKD,,,,,"Pending - chưa thiết kế nguồn (gap Atomic REPORT_CELL_VALUE, xem O_QLKD_23)"
K_QLKD_438,DATA EXPLORER,Nhóm 45 — Báo cáo giám sát (STT 45),Tên báo cáo,Chiều,QLKD,,,,,"Pending - chưa thiết kế nguồn (gap Atomic REPORT_CELL_VALUE, xem O_QLKD_23)"
K_QLKD_439,DATA EXPLORER,Nhóm 45 — Báo cáo giám sát (STT 45),Mã sheet,Chiều,QLKD,,,,,"Pending - chưa thiết kế nguồn (gap Atomic REPORT_CELL_VALUE, xem O_QLKD_23)"
K_QLKD_440,DATA EXPLORER,Nhóm 45 — Báo cáo giám sát (STT 45),Tên sheet,Chiều,QLKD,,,,,"Pending - chưa thiết kế nguồn (gap Atomic REPORT_CELL_VALUE, xem O_QLKD_23)"
K_QLKD_441,DATA EXPLORER,Nhóm 45 — Báo cáo giám sát (STT 45),Mã chỉ tiêu,Chiều,QLKD,,,,,"Pending - chưa thiết kế nguồn (gap Atomic REPORT_CELL_VALUE, xem O_QLKD_23)"
K_QLKD_442,DATA EXPLORER,Nhóm 45 — Báo cáo giám sát (STT 45),Tên chỉ tiêu,Chiều,QLKD,,,,,"Pending - chưa thiết kế nguồn (gap Atomic REPORT_CELL_VALUE, xem O_QLKD_23)"
K_QLKD_443,DATA EXPLORER,Nhóm 45 — Báo cáo giám sát (STT 45),Tên công ty chứng khoán,Cơ sở,QLKD,,,,,"Pending - chưa thiết kế nguồn (gap Atomic REPORT_CELL_VALUE, xem O_QLKD_23)"
K_QLKD_444,DATA EXPLORER,Nhóm 45 — Báo cáo giám sát (STT 45),Địa chỉ trụ sở chính,Cơ sở,QLKD,,,,,"Pending - chưa thiết kế nguồn (gap Atomic REPORT_CELL_VALUE, xem O_QLKD_23)"
K_QLKD_445,DATA EXPLORER,Nhóm 45 — Báo cáo giám sát (STT 45),Số điện thoại,Cơ sở,QLKD,,,,,"Pending - chưa thiết kế nguồn (gap Atomic REPORT_CELL_VALUE, xem O_QLKD_23)"
K_QLKD_446,DATA EXPLORER,Nhóm 45 — Báo cáo giám sát (STT 45),"Số giấy phép thành lập và hoạt động 
lần đầu",Cơ sở,QLKD,,,,,"Pending - chưa thiết kế nguồn (gap Atomic REPORT_CELL_VALUE, xem O_QLKD_23)"
K_QLKD_447,DATA EXPLORER,Nhóm 45 — Báo cáo giám sát (STT 45),"Ngày giấy phép lần đầu
(Ngày/tháng/năm)",Cơ sở,QLKD,,,,,"Pending - chưa thiết kế nguồn (gap Atomic REPORT_CELL_VALUE, xem O_QLKD_23)"
K_QLKD_448,DATA EXPLORER,Nhóm 45 — Báo cáo giám sát (STT 45),Mã số doanh nghiệp,Cơ sở,QLKD,,,,,"Pending - chưa thiết kế nguồn (gap Atomic REPORT_CELL_VALUE, xem O_QLKD_23)"
K_QLKD_449,DATA EXPLORER,Nhóm 45 — Báo cáo giám sát (STT 45),Sàn giao dịch cổ phiếu,Cơ sở,QLKD,,,,,"Pending - chưa thiết kế nguồn (gap Atomic REPORT_CELL_VALUE, xem O_QLKD_23)"
K_QLKD_450,DATA EXPLORER,Nhóm 45 — Báo cáo giám sát (STT 45),Mã cổ phiếu,Cơ sở,QLKD,,,,,"Pending - chưa thiết kế nguồn (gap Atomic REPORT_CELL_VALUE, xem O_QLKD_23)"
K_QLKD_451,DATA EXPLORER,Nhóm 45 — Báo cáo giám sát (STT 45),Vốn điều lệ (Đồng),Cơ sở,QLKD,,,,,"Pending - chưa thiết kế nguồn (gap Atomic REPORT_CELL_VALUE, xem O_QLKD_23)"
K_QLKD_452,DATA EXPLORER,Nhóm 45 — Báo cáo giám sát (STT 45),Website,Cơ sở,QLKD,,,,,"Pending - chưa thiết kế nguồn (gap Atomic REPORT_CELL_VALUE, xem O_QLKD_23)"
K_QLKD_453,DATA EXPLORER,Nhóm 45 — Báo cáo giám sát (STT 45),Trạng thái hoạt động,Cơ sở,QLKD,,,,,"Pending - chưa thiết kế nguồn (gap Atomic REPORT_CELL_VALUE, xem O_QLKD_23)"
K_QLKD_454,DATA EXPLORER,Nhóm 45 — Báo cáo giám sát (STT 45),Nghiệp vụ được phép hoạt động >> Môi giới chứng khoán,Cơ sở,QLKD,,,,,"Pending - chưa thiết kế nguồn (gap Atomic REPORT_CELL_VALUE, xem O_QLKD_23)"
K_QLKD_455,DATA EXPLORER,Nhóm 45 — Báo cáo giám sát (STT 45),Nghiệp vụ được phép hoạt động >> Tự doanh chứng khoán,Cơ sở,QLKD,,,,,"Pending - chưa thiết kế nguồn (gap Atomic REPORT_CELL_VALUE, xem O_QLKD_23)"
K_QLKD_456,DATA EXPLORER,Nhóm 45 — Báo cáo giám sát (STT 45),Nghiệp vụ được phép hoạt động >> Bảo lãnh phát hành chứng khoán,Cơ sở,QLKD,,,,,"Pending - chưa thiết kế nguồn (gap Atomic REPORT_CELL_VALUE, xem O_QLKD_23)"
K_QLKD_457,DATA EXPLORER,Nhóm 45 — Báo cáo giám sát (STT 45),Nghiệp vụ được phép hoạt động >> Tư vấn đầu tư chứng khoán,Cơ sở,QLKD,,,,,"Pending - chưa thiết kế nguồn (gap Atomic REPORT_CELL_VALUE, xem O_QLKD_23)"
K_QLKD_458,DATA EXPLORER,Nhóm 45 — Báo cáo giám sát (STT 45),Hoạt động kinh doanh chứng khoán phái sinh >> Giấy chứng nhận kinh doanh phái sinh,Cơ sở,QLKD,,,,,"Pending - chưa thiết kế nguồn (gap Atomic REPORT_CELL_VALUE, xem O_QLKD_23)"
K_QLKD_459,DATA EXPLORER,Nhóm 45 — Báo cáo giám sát (STT 45),Hoạt động kinh doanh chứng khoán phái sinh >> Môi giới phái sinh,Cơ sở,QLKD,,,,,"Pending - chưa thiết kế nguồn (gap Atomic REPORT_CELL_VALUE, xem O_QLKD_23)"
K_QLKD_460,DATA EXPLORER,Nhóm 45 — Báo cáo giám sát (STT 45),Hoạt động kinh doanh chứng khoán phái sinh >> Tự doanh chứng khoán,Cơ sở,QLKD,,,,,"Pending - chưa thiết kế nguồn (gap Atomic REPORT_CELL_VALUE, xem O_QLKD_23)"
K_QLKD_461,DATA EXPLORER,Nhóm 45 — Báo cáo giám sát (STT 45),Hoạt động kinh doanh chứng khoán phái sinh >> Tư vấn đầu tư chứng khoán,Cơ sở,QLKD,,,,,"Pending - chưa thiết kế nguồn (gap Atomic REPORT_CELL_VALUE, xem O_QLKD_23)"
K_QLKD_462,DATA EXPLORER,Nhóm 45 — Báo cáo giám sát (STT 45),Chi nhánh >> Nghiệp vụ được ủy quyền cho chi nhánh >> Môi giới chứng khoán,Cơ sở,QLKD,,,,,"Pending - chưa thiết kế nguồn (gap Atomic REPORT_CELL_VALUE, xem O_QLKD_23)"
K_QLKD_463,DATA EXPLORER,Nhóm 45 — Báo cáo giám sát (STT 45),Chi nhánh >> Nghiệp vụ được ủy quyền cho chi nhánh >> Tự doanh chứng khoán,Cơ sở,QLKD,,,,,"Pending - chưa thiết kế nguồn (gap Atomic REPORT_CELL_VALUE, xem O_QLKD_23)"
K_QLKD_464,DATA EXPLORER,Nhóm 45 — Báo cáo giám sát (STT 45),Chi nhánh >> Nghiệp vụ được ủy quyền cho chi nhánh >> Bảo lãnh phát hành chứng khoán,Cơ sở,QLKD,,,,,"Pending - chưa thiết kế nguồn (gap Atomic REPORT_CELL_VALUE, xem O_QLKD_23)"
K_QLKD_465,DATA EXPLORER,Nhóm 45 — Báo cáo giám sát (STT 45),Chi nhánh >> Nghiệp vụ được ủy quyền cho chi nhánh >> Tư vấn đầu tư chứng khoán,Cơ sở,QLKD,,,,,"Pending - chưa thiết kế nguồn (gap Atomic REPORT_CELL_VALUE, xem O_QLKD_23)"
K_QLKD_466,DATA EXPLORER,Nhóm 45 — Báo cáo giám sát (STT 45),Phòng giao dịch >> Tên trụ sở hoặc tên chi nhánh được hỗ trợ,Cơ sở,QLKD,,,,,"Pending - chưa thiết kế nguồn (gap Atomic REPORT_CELL_VALUE, xem O_QLKD_23)"
K_QLKD_467,DATA EXPLORER,Nhóm 45 — Báo cáo giám sát (STT 45),Phòng giao dịch >> Nghiệp vụ hỗ trợ >> Môi giới chứng khoán,Cơ sở,QLKD,,,,,"Pending - chưa thiết kế nguồn (gap Atomic REPORT_CELL_VALUE, xem O_QLKD_23)"
K_QLKD_468,DATA EXPLORER,Nhóm 45 — Báo cáo giám sát (STT 45),Phòng giao dịch >> Nghiệp vụ hỗ trợ >> Tư vấn đầu tư chứng khoán,Cơ sở,QLKD,,,,,"Pending - chưa thiết kế nguồn (gap Atomic REPORT_CELL_VALUE, xem O_QLKD_23)"
K_QLKD_469,DATA EXPLORER,Nhóm 45 — Báo cáo giám sát (STT 45),Phòng giao dịch >> Nghiệp vụ hỗ trợ >> Lưu ký chứng khoán,Cơ sở,QLKD,,,,,"Pending - chưa thiết kế nguồn (gap Atomic REPORT_CELL_VALUE, xem O_QLKD_23)"
K_QLKD_470,DATA EXPLORER,Nhóm 45 — Báo cáo giám sát (STT 45),Đánh giá điều kiện về cơ sở vật chất của chi nhánh và phòng giao dịch >> Có trụ sở làm việc >> Tháng 1,Cơ sở,QLKD,,,,,"Pending - chưa thiết kế nguồn (gap Atomic REPORT_CELL_VALUE, xem O_QLKD_23)"
K_QLKD_471,DATA EXPLORER,Nhóm 45 — Báo cáo giám sát (STT 45),Đánh giá điều kiện về cơ sở vật chất của chi nhánh và phòng giao dịch >> Có trụ sở làm việc >> Tháng 2,Cơ sở,QLKD,,,,,"Pending - chưa thiết kế nguồn (gap Atomic REPORT_CELL_VALUE, xem O_QLKD_23)"
K_QLKD_472,DATA EXPLORER,Nhóm 45 — Báo cáo giám sát (STT 45),Đánh giá điều kiện về cơ sở vật chất của chi nhánh và phòng giao dịch >> Có trụ sở làm việc >> Tháng 3,Cơ sở,QLKD,,,,,"Pending - chưa thiết kế nguồn (gap Atomic REPORT_CELL_VALUE, xem O_QLKD_23)"
K_QLKD_473,DATA EXPLORER,Nhóm 45 — Báo cáo giám sát (STT 45),Đánh giá điều kiện về cơ sở vật chất của chi nhánh và phòng giao dịch >> Có trụ sở làm việc >> Tháng 4,Cơ sở,QLKD,,,,,"Pending - chưa thiết kế nguồn (gap Atomic REPORT_CELL_VALUE, xem O_QLKD_23)"
K_QLKD_474,DATA EXPLORER,Nhóm 45 — Báo cáo giám sát (STT 45),Đánh giá điều kiện về cơ sở vật chất của chi nhánh và phòng giao dịch >> Có trụ sở làm việc >> Tháng 5,Cơ sở,QLKD,,,,,"Pending - chưa thiết kế nguồn (gap Atomic REPORT_CELL_VALUE, xem O_QLKD_23)"
K_QLKD_475,DATA EXPLORER,Nhóm 45 — Báo cáo giám sát (STT 45),Đánh giá điều kiện về cơ sở vật chất của chi nhánh và phòng giao dịch >> Có trụ sở làm việc >> Tháng 6,Cơ sở,QLKD,,,,,"Pending - chưa thiết kế nguồn (gap Atomic REPORT_CELL_VALUE, xem O_QLKD_23)"
K_QLKD_476,DATA EXPLORER,Nhóm 45 — Báo cáo giám sát (STT 45),Đánh giá điều kiện về cơ sở vật chất của chi nhánh và phòng giao dịch >> Có trụ sở làm việc >> Tháng 7,Cơ sở,QLKD,,,,,"Pending - chưa thiết kế nguồn (gap Atomic REPORT_CELL_VALUE, xem O_QLKD_23)"
K_QLKD_477,DATA EXPLORER,Nhóm 45 — Báo cáo giám sát (STT 45),Đánh giá điều kiện về cơ sở vật chất của chi nhánh và phòng giao dịch >> Có trụ sở làm việc >> Tháng 8,Cơ sở,QLKD,,,,,"Pending - chưa thiết kế nguồn (gap Atomic REPORT_CELL_VALUE, xem O_QLKD_23)"
K_QLKD_478,DATA EXPLORER,Nhóm 45 — Báo cáo giám sát (STT 45),Đánh giá điều kiện về cơ sở vật chất của chi nhánh và phòng giao dịch >> Có trụ sở làm việc >> Tháng 9,Cơ sở,QLKD,,,,,"Pending - chưa thiết kế nguồn (gap Atomic REPORT_CELL_VALUE, xem O_QLKD_23)"
K_QLKD_479,DATA EXPLORER,Nhóm 45 — Báo cáo giám sát (STT 45),Đánh giá điều kiện về cơ sở vật chất của chi nhánh và phòng giao dịch >> Có trụ sở làm việc >> Tháng 10,Cơ sở,QLKD,,,,,"Pending - chưa thiết kế nguồn (gap Atomic REPORT_CELL_VALUE, xem O_QLKD_23)"
K_QLKD_480,DATA EXPLORER,Nhóm 45 — Báo cáo giám sát (STT 45),Đánh giá điều kiện về cơ sở vật chất của chi nhánh và phòng giao dịch >> Có trụ sở làm việc >> Tháng 11,Cơ sở,QLKD,,,,,"Pending - chưa thiết kế nguồn (gap Atomic REPORT_CELL_VALUE, xem O_QLKD_23)"
K_QLKD_481,DATA EXPLORER,Nhóm 45 — Báo cáo giám sát (STT 45),Đánh giá điều kiện về cơ sở vật chất của chi nhánh và phòng giao dịch >> Có trụ sở làm việc >> Tháng 12,Cơ sở,QLKD,,,,,"Pending - chưa thiết kế nguồn (gap Atomic REPORT_CELL_VALUE, xem O_QLKD_23)"
K_QLKD_482,DATA EXPLORER,Nhóm 45 — Báo cáo giám sát (STT 45),"Đánh giá điều kiện về cơ sở vật chất của chi nhánh và phòng giao dịch >> Có nằm trong phạm vi địa bàn tỉnh, thành phố trực thuộc trung ương nơi công ty chứng khoán đặt trụ sở chính hoặc chi nhánh >> Tháng 1",Cơ sở,QLKD,,,,,"Pending - chưa thiết kế nguồn (gap Atomic REPORT_CELL_VALUE, xem O_QLKD_23)"
K_QLKD_483,DATA EXPLORER,Nhóm 45 — Báo cáo giám sát (STT 45),"Đánh giá điều kiện về cơ sở vật chất của chi nhánh và phòng giao dịch >> Có nằm trong phạm vi địa bàn tỉnh, thành phố trực thuộc trung ương nơi công ty chứng khoán đặt trụ sở chính hoặc chi nhánh >> Tháng 2",Cơ sở,QLKD,,,,,"Pending - chưa thiết kế nguồn (gap Atomic REPORT_CELL_VALUE, xem O_QLKD_23)"
K_QLKD_484,DATA EXPLORER,Nhóm 45 — Báo cáo giám sát (STT 45),"Đánh giá điều kiện về cơ sở vật chất của chi nhánh và phòng giao dịch >> Có nằm trong phạm vi địa bàn tỉnh, thành phố trực thuộc trung ương nơi công ty chứng khoán đặt trụ sở chính hoặc chi nhánh >> Tháng 3",Cơ sở,QLKD,,,,,"Pending - chưa thiết kế nguồn (gap Atomic REPORT_CELL_VALUE, xem O_QLKD_23)"
K_QLKD_485,DATA EXPLORER,Nhóm 45 — Báo cáo giám sát (STT 45),"Đánh giá điều kiện về cơ sở vật chất của chi nhánh và phòng giao dịch >> Có nằm trong phạm vi địa bàn tỉnh, thành phố trực thuộc trung ương nơi công ty chứng khoán đặt trụ sở chính hoặc chi nhánh >> Tháng 4",Cơ sở,QLKD,,,,,"Pending - chưa thiết kế nguồn (gap Atomic REPORT_CELL_VALUE, xem O_QLKD_23)"
K_QLKD_486,DATA EXPLORER,Nhóm 45 — Báo cáo giám sát (STT 45),"Đánh giá điều kiện về cơ sở vật chất của chi nhánh và phòng giao dịch >> Có nằm trong phạm vi địa bàn tỉnh, thành phố trực thuộc trung ương nơi công ty chứng khoán đặt trụ sở chính hoặc chi nhánh >> Tháng 5",Cơ sở,QLKD,,,,,"Pending - chưa thiết kế nguồn (gap Atomic REPORT_CELL_VALUE, xem O_QLKD_23)"
K_QLKD_487,DATA EXPLORER,Nhóm 45 — Báo cáo giám sát (STT 45),"Đánh giá điều kiện về cơ sở vật chất của chi nhánh và phòng giao dịch >> Có nằm trong phạm vi địa bàn tỉnh, thành phố trực thuộc trung ương nơi công ty chứng khoán đặt trụ sở chính hoặc chi nhánh >> Tháng 6",Cơ sở,QLKD,,,,,"Pending - chưa thiết kế nguồn (gap Atomic REPORT_CELL_VALUE, xem O_QLKD_23)"
K_QLKD_488,DATA EXPLORER,Nhóm 45 — Báo cáo giám sát (STT 45),"Đánh giá điều kiện về cơ sở vật chất của chi nhánh và phòng giao dịch >> Có nằm trong phạm vi địa bàn tỉnh, thành phố trực thuộc trung ương nơi công ty chứng khoán đặt trụ sở chính hoặc chi nhánh >> Tháng 7",Cơ sở,QLKD,,,,,"Pending - chưa thiết kế nguồn (gap Atomic REPORT_CELL_VALUE, xem O_QLKD_23)"
K_QLKD_489,DATA EXPLORER,Nhóm 45 — Báo cáo giám sát (STT 45),"Đánh giá điều kiện về cơ sở vật chất của chi nhánh và phòng giao dịch >> Có nằm trong phạm vi địa bàn tỉnh, thành phố trực thuộc trung ương nơi công ty chứng khoán đặt trụ sở chính hoặc chi nhánh >> Tháng 8",Cơ sở,QLKD,,,,,"Pending - chưa thiết kế nguồn (gap Atomic REPORT_CELL_VALUE, xem O_QLKD_23)"
K_QLKD_490,DATA EXPLORER,Nhóm 45 — Báo cáo giám sát (STT 45),"Đánh giá điều kiện về cơ sở vật chất của chi nhánh và phòng giao dịch >> Có nằm trong phạm vi địa bàn tỉnh, thành phố trực thuộc trung ương nơi công ty chứng khoán đặt trụ sở chính hoặc chi nhánh >> Tháng 9",Cơ sở,QLKD,,,,,"Pending - chưa thiết kế nguồn (gap Atomic REPORT_CELL_VALUE, xem O_QLKD_23)"
K_QLKD_491,DATA EXPLORER,Nhóm 45 — Báo cáo giám sát (STT 45),"Đánh giá điều kiện về cơ sở vật chất của chi nhánh và phòng giao dịch >> Có nằm trong phạm vi địa bàn tỉnh, thành phố trực thuộc trung ương nơi công ty chứng khoán đặt trụ sở chính hoặc chi nhánh >> Tháng 10",Cơ sở,QLKD,,,,,"Pending - chưa thiết kế nguồn (gap Atomic REPORT_CELL_VALUE, xem O_QLKD_23)"
K_QLKD_492,DATA EXPLORER,Nhóm 45 — Báo cáo giám sát (STT 45),"Đánh giá điều kiện về cơ sở vật chất của chi nhánh và phòng giao dịch >> Có nằm trong phạm vi địa bàn tỉnh, thành phố trực thuộc trung ương nơi công ty chứng khoán đặt trụ sở chính hoặc chi nhánh >> Tháng 11",Cơ sở,QLKD,,,,,"Pending - chưa thiết kế nguồn (gap Atomic REPORT_CELL_VALUE, xem O_QLKD_23)"
K_QLKD_493,DATA EXPLORER,Nhóm 45 — Báo cáo giám sát (STT 45),"Đánh giá điều kiện về cơ sở vật chất của chi nhánh và phòng giao dịch >> Có nằm trong phạm vi địa bàn tỉnh, thành phố trực thuộc trung ương nơi công ty chứng khoán đặt trụ sở chính hoặc chi nhánh >> Tháng 12",Cơ sở,QLKD,,,,,"Pending - chưa thiết kế nguồn (gap Atomic REPORT_CELL_VALUE, xem O_QLKD_23)"
K_QLKD_494,DATA EXPLORER,Nhóm 45 — Báo cáo giám sát (STT 45),Đánh giá điều kiện về nhân sự của chi nhánh >> Có Giám đốc >> Tháng 1,Cơ sở,QLKD,,,,,"Pending - chưa thiết kế nguồn (gap Atomic REPORT_CELL_VALUE, xem O_QLKD_23)"
K_QLKD_495,DATA EXPLORER,Nhóm 45 — Báo cáo giám sát (STT 45),Đánh giá điều kiện về nhân sự của chi nhánh >> Có Giám đốc >> Tháng 2,Cơ sở,QLKD,,,,,"Pending - chưa thiết kế nguồn (gap Atomic REPORT_CELL_VALUE, xem O_QLKD_23)"
K_QLKD_496,DATA EXPLORER,Nhóm 45 — Báo cáo giám sát (STT 45),Đánh giá điều kiện về nhân sự của chi nhánh >> Có Giám đốc >> Tháng 3,Cơ sở,QLKD,,,,,"Pending - chưa thiết kế nguồn (gap Atomic REPORT_CELL_VALUE, xem O_QLKD_23)"
K_QLKD_497,DATA EXPLORER,Nhóm 45 — Báo cáo giám sát (STT 45),Đánh giá điều kiện về nhân sự của chi nhánh >> Có Giám đốc >> Tháng 4,Cơ sở,QLKD,,,,,"Pending - chưa thiết kế nguồn (gap Atomic REPORT_CELL_VALUE, xem O_QLKD_23)"
K_QLKD_498,DATA EXPLORER,Nhóm 45 — Báo cáo giám sát (STT 45),Đánh giá điều kiện về nhân sự của chi nhánh >> Có Giám đốc >> Tháng 5,Cơ sở,QLKD,,,,,"Pending - chưa thiết kế nguồn (gap Atomic REPORT_CELL_VALUE, xem O_QLKD_23)"
K_QLKD_499,DATA EXPLORER,Nhóm 45 — Báo cáo giám sát (STT 45),Đánh giá điều kiện về nhân sự của chi nhánh >> Có Giám đốc >> Tháng 6,Cơ sở,QLKD,,,,,"Pending - chưa thiết kế nguồn (gap Atomic REPORT_CELL_VALUE, xem O_QLKD_23)"
K_QLKD_500,DATA EXPLORER,Nhóm 45 — Báo cáo giám sát (STT 45),Đánh giá điều kiện về nhân sự của chi nhánh >> Có Giám đốc >> Tháng 7,Cơ sở,QLKD,,,,,"Pending - chưa thiết kế nguồn (gap Atomic REPORT_CELL_VALUE, xem O_QLKD_23)"
K_QLKD_501,DATA EXPLORER,Nhóm 45 — Báo cáo giám sát (STT 45),Đánh giá điều kiện về nhân sự của chi nhánh >> Có Giám đốc >> Tháng 8,Cơ sở,QLKD,,,,,"Pending - chưa thiết kế nguồn (gap Atomic REPORT_CELL_VALUE, xem O_QLKD_23)"
K_QLKD_502,DATA EXPLORER,Nhóm 45 — Báo cáo giám sát (STT 45),Đánh giá điều kiện về nhân sự của chi nhánh >> Có Giám đốc >> Tháng 9,Cơ sở,QLKD,,,,,"Pending - chưa thiết kế nguồn (gap Atomic REPORT_CELL_VALUE, xem O_QLKD_23)"
K_QLKD_503,DATA EXPLORER,Nhóm 45 — Báo cáo giám sát (STT 45),Đánh giá điều kiện về nhân sự của chi nhánh >> Có Giám đốc >> Tháng 10,Cơ sở,QLKD,,,,,"Pending - chưa thiết kế nguồn (gap Atomic REPORT_CELL_VALUE, xem O_QLKD_23)"
K_QLKD_504,DATA EXPLORER,Nhóm 45 — Báo cáo giám sát (STT 45),Đánh giá điều kiện về nhân sự của chi nhánh >> Có Giám đốc >> Tháng 11,Cơ sở,QLKD,,,,,"Pending - chưa thiết kế nguồn (gap Atomic REPORT_CELL_VALUE, xem O_QLKD_23)"
K_QLKD_505,DATA EXPLORER,Nhóm 45 — Báo cáo giám sát (STT 45),Đánh giá điều kiện về nhân sự của chi nhánh >> Có Giám đốc >> Tháng 12,Cơ sở,QLKD,,,,,"Pending - chưa thiết kế nguồn (gap Atomic REPORT_CELL_VALUE, xem O_QLKD_23)"
K_QLKD_506,DATA EXPLORER,Nhóm 45 — Báo cáo giám sát (STT 45),Đánh giá điều kiện về nhân sự của chi nhánh >> Có tối thiểu 2 nhân viên có chứng chỉ hành nghề cho mỗi nghiệp vụ >> Tháng 1,Cơ sở,QLKD,,,,,"Pending - chưa thiết kế nguồn (gap Atomic REPORT_CELL_VALUE, xem O_QLKD_23)"
K_QLKD_507,DATA EXPLORER,Nhóm 45 — Báo cáo giám sát (STT 45),Đánh giá điều kiện về nhân sự của chi nhánh >> Có tối thiểu 2 nhân viên có chứng chỉ hành nghề cho mỗi nghiệp vụ >> Tháng 2,Cơ sở,QLKD,,,,,"Pending - chưa thiết kế nguồn (gap Atomic REPORT_CELL_VALUE, xem O_QLKD_23)"
K_QLKD_508,DATA EXPLORER,Nhóm 45 — Báo cáo giám sát (STT 45),Đánh giá điều kiện về nhân sự của chi nhánh >> Có tối thiểu 2 nhân viên có chứng chỉ hành nghề cho mỗi nghiệp vụ >> Tháng 3,Cơ sở,QLKD,,,,,"Pending - chưa thiết kế nguồn (gap Atomic REPORT_CELL_VALUE, xem O_QLKD_23)"
K_QLKD_509,DATA EXPLORER,Nhóm 45 — Báo cáo giám sát (STT 45),Đánh giá điều kiện về nhân sự của chi nhánh >> Có tối thiểu 2 nhân viên có chứng chỉ hành nghề cho mỗi nghiệp vụ >> Tháng 4,Cơ sở,QLKD,,,,,"Pending - chưa thiết kế nguồn (gap Atomic REPORT_CELL_VALUE, xem O_QLKD_23)"
K_QLKD_510,DATA EXPLORER,Nhóm 45 — Báo cáo giám sát (STT 45),Đánh giá điều kiện về nhân sự của chi nhánh >> Có tối thiểu 2 nhân viên có chứng chỉ hành nghề cho mỗi nghiệp vụ >> Tháng 5,Cơ sở,QLKD,,,,,"Pending - chưa thiết kế nguồn (gap Atomic REPORT_CELL_VALUE, xem O_QLKD_23)"
K_QLKD_511,DATA EXPLORER,Nhóm 45 — Báo cáo giám sát (STT 45),Đánh giá điều kiện về nhân sự của chi nhánh >> Có tối thiểu 2 nhân viên có chứng chỉ hành nghề cho mỗi nghiệp vụ >> Tháng 6,Cơ sở,QLKD,,,,,"Pending - chưa thiết kế nguồn (gap Atomic REPORT_CELL_VALUE, xem O_QLKD_23)"
K_QLKD_512,DATA EXPLORER,Nhóm 45 — Báo cáo giám sát (STT 45),Đánh giá điều kiện về nhân sự của chi nhánh >> Có tối thiểu 2 nhân viên có chứng chỉ hành nghề cho mỗi nghiệp vụ >> Tháng 7,Cơ sở,QLKD,,,,,"Pending - chưa thiết kế nguồn (gap Atomic REPORT_CELL_VALUE, xem O_QLKD_23)"
K_QLKD_513,DATA EXPLORER,Nhóm 45 — Báo cáo giám sát (STT 45),Đánh giá điều kiện về nhân sự của chi nhánh >> Có tối thiểu 2 nhân viên có chứng chỉ hành nghề cho mỗi nghiệp vụ >> Tháng 8,Cơ sở,QLKD,,,,,"Pending - chưa thiết kế nguồn (gap Atomic REPORT_CELL_VALUE, xem O_QLKD_23)"
K_QLKD_514,DATA EXPLORER,Nhóm 45 — Báo cáo giám sát (STT 45),Đánh giá điều kiện về nhân sự của chi nhánh >> Có tối thiểu 2 nhân viên có chứng chỉ hành nghề cho mỗi nghiệp vụ >> Tháng 9,Cơ sở,QLKD,,,,,"Pending - chưa thiết kế nguồn (gap Atomic REPORT_CELL_VALUE, xem O_QLKD_23)"
K_QLKD_515,DATA EXPLORER,Nhóm 45 — Báo cáo giám sát (STT 45),Đánh giá điều kiện về nhân sự của chi nhánh >> Có tối thiểu 2 nhân viên có chứng chỉ hành nghề cho mỗi nghiệp vụ >> Tháng 10,Cơ sở,QLKD,,,,,"Pending - chưa thiết kế nguồn (gap Atomic REPORT_CELL_VALUE, xem O_QLKD_23)"
K_QLKD_516,DATA EXPLORER,Nhóm 45 — Báo cáo giám sát (STT 45),Đánh giá điều kiện về nhân sự của chi nhánh >> Có tối thiểu 2 nhân viên có chứng chỉ hành nghề cho mỗi nghiệp vụ >> Tháng 11,Cơ sở,QLKD,,,,,"Pending - chưa thiết kế nguồn (gap Atomic REPORT_CELL_VALUE, xem O_QLKD_23)"
K_QLKD_517,DATA EXPLORER,Nhóm 45 — Báo cáo giám sát (STT 45),Đánh giá điều kiện về nhân sự của chi nhánh >> Có tối thiểu 2 nhân viên có chứng chỉ hành nghề cho mỗi nghiệp vụ >> Tháng 12,Cơ sở,QLKD,,,,,"Pending - chưa thiết kế nguồn (gap Atomic REPORT_CELL_VALUE, xem O_QLKD_23)"
K_QLKD_518,DATA EXPLORER,Nhóm 45 — Báo cáo giám sát (STT 45),Đánh giá điều kiện về nhân sự của phòng giao dịch >> Có tối thiểu 02 người hành nghề chứng khoán >> Tháng 1,Cơ sở,QLKD,,,,,"Pending - chưa thiết kế nguồn (gap Atomic REPORT_CELL_VALUE, xem O_QLKD_23)"
K_QLKD_519,DATA EXPLORER,Nhóm 45 — Báo cáo giám sát (STT 45),Đánh giá điều kiện về nhân sự của phòng giao dịch >> Có tối thiểu 02 người hành nghề chứng khoán >> Tháng 2,Cơ sở,QLKD,,,,,"Pending - chưa thiết kế nguồn (gap Atomic REPORT_CELL_VALUE, xem O_QLKD_23)"
K_QLKD_520,DATA EXPLORER,Nhóm 45 — Báo cáo giám sát (STT 45),Đánh giá điều kiện về nhân sự của phòng giao dịch >> Có tối thiểu 02 người hành nghề chứng khoán >> Tháng 3,Cơ sở,QLKD,,,,,"Pending - chưa thiết kế nguồn (gap Atomic REPORT_CELL_VALUE, xem O_QLKD_23)"
K_QLKD_521,DATA EXPLORER,Nhóm 45 — Báo cáo giám sát (STT 45),Đánh giá điều kiện về nhân sự của phòng giao dịch >> Có tối thiểu 02 người hành nghề chứng khoán >> Tháng 4,Cơ sở,QLKD,,,,,"Pending - chưa thiết kế nguồn (gap Atomic REPORT_CELL_VALUE, xem O_QLKD_23)"
K_QLKD_522,DATA EXPLORER,Nhóm 45 — Báo cáo giám sát (STT 45),Đánh giá điều kiện về nhân sự của phòng giao dịch >> Có tối thiểu 02 người hành nghề chứng khoán >> Tháng 5,Cơ sở,QLKD,,,,,"Pending - chưa thiết kế nguồn (gap Atomic REPORT_CELL_VALUE, xem O_QLKD_23)"
K_QLKD_523,DATA EXPLORER,Nhóm 45 — Báo cáo giám sát (STT 45),Đánh giá điều kiện về nhân sự của phòng giao dịch >> Có tối thiểu 02 người hành nghề chứng khoán >> Tháng 6,Cơ sở,QLKD,,,,,"Pending - chưa thiết kế nguồn (gap Atomic REPORT_CELL_VALUE, xem O_QLKD_23)"
K_QLKD_524,DATA EXPLORER,Nhóm 45 — Báo cáo giám sát (STT 45),Đánh giá điều kiện về nhân sự của phòng giao dịch >> Có tối thiểu 02 người hành nghề chứng khoán >> Tháng 7,Cơ sở,QLKD,,,,,"Pending - chưa thiết kế nguồn (gap Atomic REPORT_CELL_VALUE, xem O_QLKD_23)"
K_QLKD_525,DATA EXPLORER,Nhóm 45 — Báo cáo giám sát (STT 45),Đánh giá điều kiện về nhân sự của phòng giao dịch >> Có tối thiểu 02 người hành nghề chứng khoán >> Tháng 8,Cơ sở,QLKD,,,,,"Pending - chưa thiết kế nguồn (gap Atomic REPORT_CELL_VALUE, xem O_QLKD_23)"
K_QLKD_526,DATA EXPLORER,Nhóm 45 — Báo cáo giám sát (STT 45),Đánh giá điều kiện về nhân sự của phòng giao dịch >> Có tối thiểu 02 người hành nghề chứng khoán >> Tháng 9,Cơ sở,QLKD,,,,,"Pending - chưa thiết kế nguồn (gap Atomic REPORT_CELL_VALUE, xem O_QLKD_23)"
K_QLKD_527,DATA EXPLORER,Nhóm 45 — Báo cáo giám sát (STT 45),Đánh giá điều kiện về nhân sự của phòng giao dịch >> Có tối thiểu 02 người hành nghề chứng khoán >> Tháng 10,Cơ sở,QLKD,,,,,"Pending - chưa thiết kế nguồn (gap Atomic REPORT_CELL_VALUE, xem O_QLKD_23)"
K_QLKD_528,DATA EXPLORER,Nhóm 45 — Báo cáo giám sát (STT 45),Đánh giá điều kiện về nhân sự của phòng giao dịch >> Có tối thiểu 02 người hành nghề chứng khoán >> Tháng 11,Cơ sở,QLKD,,,,,"Pending - chưa thiết kế nguồn (gap Atomic REPORT_CELL_VALUE, xem O_QLKD_23)"
K_QLKD_529,DATA EXPLORER,Nhóm 45 — Báo cáo giám sát (STT 45),Đánh giá điều kiện về nhân sự của phòng giao dịch >> Có tối thiểu 02 người hành nghề chứng khoán >> Tháng 12,Cơ sở,QLKD,,,,,"Pending - chưa thiết kế nguồn (gap Atomic REPORT_CELL_VALUE, xem O_QLKD_23)"
K_QLKD_530,DATA EXPLORER,Nhóm 46 — Báo cáo giám sát (STT 46),Loại báo cáo,Chiều,QLKD,,,,,"Pending - chưa thiết kế nguồn (gap Atomic REPORT_CELL_VALUE, xem O_QLKD_23)"
K_QLKD_531,DATA EXPLORER,Nhóm 46 — Báo cáo giám sát (STT 46),Kỳ báo cáo,Chiều,QLKD,,,,,"Pending - chưa thiết kế nguồn (gap Atomic REPORT_CELL_VALUE, xem O_QLKD_23)"
K_QLKD_532,DATA EXPLORER,Nhóm 46 — Báo cáo giám sát (STT 46),Mã báo cáo,Chiều,QLKD,,,,,"Pending - chưa thiết kế nguồn (gap Atomic REPORT_CELL_VALUE, xem O_QLKD_23)"
K_QLKD_533,DATA EXPLORER,Nhóm 46 — Báo cáo giám sát (STT 46),Tên báo cáo,Chiều,QLKD,,,,,"Pending - chưa thiết kế nguồn (gap Atomic REPORT_CELL_VALUE, xem O_QLKD_23)"
K_QLKD_534,DATA EXPLORER,Nhóm 46 — Báo cáo giám sát (STT 46),Mã sheet,Chiều,QLKD,,,,,"Pending - chưa thiết kế nguồn (gap Atomic REPORT_CELL_VALUE, xem O_QLKD_23)"
K_QLKD_535,DATA EXPLORER,Nhóm 46 — Báo cáo giám sát (STT 46),Tên sheet,Chiều,QLKD,,,,,"Pending - chưa thiết kế nguồn (gap Atomic REPORT_CELL_VALUE, xem O_QLKD_23)"
K_QLKD_536,DATA EXPLORER,Nhóm 46 — Báo cáo giám sát (STT 46),Mã chỉ tiêu,Chiều,QLKD,,,,,"Pending - chưa thiết kế nguồn (gap Atomic REPORT_CELL_VALUE, xem O_QLKD_23)"
K_QLKD_537,DATA EXPLORER,Nhóm 46 — Báo cáo giám sát (STT 46),Tên chỉ tiêu,Chiều,QLKD,,,,,"Pending - chưa thiết kế nguồn (gap Atomic REPORT_CELL_VALUE, xem O_QLKD_23)"
K_QLKD_538,DATA EXPLORER,Nhóm 46 — Báo cáo giám sát (STT 46),Tên công ty chứng khoán,Cơ sở,QLKD,,,,,"Pending - chưa thiết kế nguồn (gap Atomic REPORT_CELL_VALUE, xem O_QLKD_23)"
K_QLKD_539,DATA EXPLORER,Nhóm 46 — Báo cáo giám sát (STT 46),Địa chỉ trụ sở chính,Cơ sở,QLKD,,,,,"Pending - chưa thiết kế nguồn (gap Atomic REPORT_CELL_VALUE, xem O_QLKD_23)"
K_QLKD_540,DATA EXPLORER,Nhóm 46 — Báo cáo giám sát (STT 46),Số điện thoại,Cơ sở,QLKD,,,,,"Pending - chưa thiết kế nguồn (gap Atomic REPORT_CELL_VALUE, xem O_QLKD_23)"
K_QLKD_541,DATA EXPLORER,Nhóm 46 — Báo cáo giám sát (STT 46),"Số giấy phép thành lập và hoạt động 
lần đầu",Cơ sở,QLKD,,,,,"Pending - chưa thiết kế nguồn (gap Atomic REPORT_CELL_VALUE, xem O_QLKD_23)"
K_QLKD_542,DATA EXPLORER,Nhóm 46 — Báo cáo giám sát (STT 46),"Ngày giấy phép lần đầu
(Ngày/tháng/năm)",Cơ sở,QLKD,,,,,"Pending - chưa thiết kế nguồn (gap Atomic REPORT_CELL_VALUE, xem O_QLKD_23)"
K_QLKD_543,DATA EXPLORER,Nhóm 46 — Báo cáo giám sát (STT 46),Mã số doanh nghiệp,Cơ sở,QLKD,,,,,"Pending - chưa thiết kế nguồn (gap Atomic REPORT_CELL_VALUE, xem O_QLKD_23)"
K_QLKD_544,DATA EXPLORER,Nhóm 46 — Báo cáo giám sát (STT 46),Sàn giao dịch cổ phiếu,Cơ sở,QLKD,,,,,"Pending - chưa thiết kế nguồn (gap Atomic REPORT_CELL_VALUE, xem O_QLKD_23)"
K_QLKD_545,DATA EXPLORER,Nhóm 46 — Báo cáo giám sát (STT 46),Mã cổ phiếu,Cơ sở,QLKD,,,,,"Pending - chưa thiết kế nguồn (gap Atomic REPORT_CELL_VALUE, xem O_QLKD_23)"
K_QLKD_546,DATA EXPLORER,Nhóm 46 — Báo cáo giám sát (STT 46),Vốn điều lệ (Đồng),Cơ sở,QLKD,,,,,"Pending - chưa thiết kế nguồn (gap Atomic REPORT_CELL_VALUE, xem O_QLKD_23)"
K_QLKD_547,DATA EXPLORER,Nhóm 46 — Báo cáo giám sát (STT 46),Website,Cơ sở,QLKD,,,,,"Pending - chưa thiết kế nguồn (gap Atomic REPORT_CELL_VALUE, xem O_QLKD_23)"
K_QLKD_548,DATA EXPLORER,Nhóm 46 — Báo cáo giám sát (STT 46),Trạng thái hoạt động,Cơ sở,QLKD,,,,,"Pending - chưa thiết kế nguồn (gap Atomic REPORT_CELL_VALUE, xem O_QLKD_23)"
K_QLKD_549,DATA EXPLORER,Nhóm 46 — Báo cáo giám sát (STT 46),Nghiệp vụ được phép hoạt động >> Môi giới chứng khoán,Cơ sở,QLKD,,,,,"Pending - chưa thiết kế nguồn (gap Atomic REPORT_CELL_VALUE, xem O_QLKD_23)"
K_QLKD_550,DATA EXPLORER,Nhóm 46 — Báo cáo giám sát (STT 46),Nghiệp vụ được phép hoạt động >> Tự doanh chứng khoán,Cơ sở,QLKD,,,,,"Pending - chưa thiết kế nguồn (gap Atomic REPORT_CELL_VALUE, xem O_QLKD_23)"
K_QLKD_551,DATA EXPLORER,Nhóm 46 — Báo cáo giám sát (STT 46),Nghiệp vụ được phép hoạt động >> Bảo lãnh phát hành chứng khoán,Cơ sở,QLKD,,,,,"Pending - chưa thiết kế nguồn (gap Atomic REPORT_CELL_VALUE, xem O_QLKD_23)"
K_QLKD_552,DATA EXPLORER,Nhóm 46 — Báo cáo giám sát (STT 46),Nghiệp vụ được phép hoạt động >> Tư vấn đầu tư chứng khoán,Cơ sở,QLKD,,,,,"Pending - chưa thiết kế nguồn (gap Atomic REPORT_CELL_VALUE, xem O_QLKD_23)"
K_QLKD_553,DATA EXPLORER,Nhóm 46 — Báo cáo giám sát (STT 46),Hoạt động kinh doanh chứng khoán phái sinh >> Giấy chứng nhận kinh doanh phái sinh,Cơ sở,QLKD,,,,,"Pending - chưa thiết kế nguồn (gap Atomic REPORT_CELL_VALUE, xem O_QLKD_23)"
K_QLKD_554,DATA EXPLORER,Nhóm 46 — Báo cáo giám sát (STT 46),Hoạt động kinh doanh chứng khoán phái sinh >> Môi giới phái sinh,Cơ sở,QLKD,,,,,"Pending - chưa thiết kế nguồn (gap Atomic REPORT_CELL_VALUE, xem O_QLKD_23)"
K_QLKD_555,DATA EXPLORER,Nhóm 46 — Báo cáo giám sát (STT 46),Hoạt động kinh doanh chứng khoán phái sinh >> Tự doanh chứng khoán,Cơ sở,QLKD,,,,,"Pending - chưa thiết kế nguồn (gap Atomic REPORT_CELL_VALUE, xem O_QLKD_23)"
K_QLKD_556,DATA EXPLORER,Nhóm 46 — Báo cáo giám sát (STT 46),Hoạt động kinh doanh chứng khoán phái sinh >> Tư vấn đầu tư chứng khoán,Cơ sở,QLKD,,,,,"Pending - chưa thiết kế nguồn (gap Atomic REPORT_CELL_VALUE, xem O_QLKD_23)"
K_QLKD_557,DATA EXPLORER,Nhóm 46 — Báo cáo giám sát (STT 46),Được cấp phép đầy đủ 4 nghiệp vụ kinh doanh chứng khoán >> Có,Cơ sở,QLKD,,,,,"Pending - chưa thiết kế nguồn (gap Atomic REPORT_CELL_VALUE, xem O_QLKD_23)"
K_QLKD_558,DATA EXPLORER,Nhóm 46 — Báo cáo giám sát (STT 46),Được cấp phép đầy đủ 4 nghiệp vụ kinh doanh chứng khoán >> Không,Cơ sở,QLKD,,,,,"Pending - chưa thiết kế nguồn (gap Atomic REPORT_CELL_VALUE, xem O_QLKD_23)"
K_QLKD_559,DATA EXPLORER,Nhóm 46 — Báo cáo giám sát (STT 46),"Hoạt động môi giới chứng khoán phái sinh
Vốn điều lệ, Vốn chủ sở hữu > 800 tỷ đồng >> Quý I",Cơ sở,QLKD,,,,,"Pending - chưa thiết kế nguồn (gap Atomic REPORT_CELL_VALUE, xem O_QLKD_23)"
K_QLKD_560,DATA EXPLORER,Nhóm 46 — Báo cáo giám sát (STT 46),"Hoạt động môi giới chứng khoán phái sinh
Vốn điều lệ, Vốn chủ sở hữu > 800 tỷ đồng >> Quý II",Cơ sở,QLKD,,,,,"Pending - chưa thiết kế nguồn (gap Atomic REPORT_CELL_VALUE, xem O_QLKD_23)"
K_QLKD_561,DATA EXPLORER,Nhóm 46 — Báo cáo giám sát (STT 46),"Hoạt động môi giới chứng khoán phái sinh
Vốn điều lệ, Vốn chủ sở hữu > 800 tỷ đồng >> Bán niên",Cơ sở,QLKD,,,,,"Pending - chưa thiết kế nguồn (gap Atomic REPORT_CELL_VALUE, xem O_QLKD_23)"
K_QLKD_562,DATA EXPLORER,Nhóm 46 — Báo cáo giám sát (STT 46),"Hoạt động môi giới chứng khoán phái sinh
Vốn điều lệ, Vốn chủ sở hữu > 800 tỷ đồng >> Quý III",Cơ sở,QLKD,,,,,"Pending - chưa thiết kế nguồn (gap Atomic REPORT_CELL_VALUE, xem O_QLKD_23)"
K_QLKD_563,DATA EXPLORER,Nhóm 46 — Báo cáo giám sát (STT 46),"Hoạt động môi giới chứng khoán phái sinh
Vốn điều lệ, Vốn chủ sở hữu > 800 tỷ đồng >> Quý IV",Cơ sở,QLKD,,,,,"Pending - chưa thiết kế nguồn (gap Atomic REPORT_CELL_VALUE, xem O_QLKD_23)"
K_QLKD_564,DATA EXPLORER,Nhóm 46 — Báo cáo giám sát (STT 46),"Hoạt động môi giới chứng khoán phái sinh
Vốn điều lệ, Vốn chủ sở hữu > 800 tỷ đồng >> Năm",Cơ sở,QLKD,,,,,"Pending - chưa thiết kế nguồn (gap Atomic REPORT_CELL_VALUE, xem O_QLKD_23)"
K_QLKD_565,DATA EXPLORER,Nhóm 46 — Báo cáo giám sát (STT 46),"Hoạt động tự doanh chứng khoán phái sinh
Vốn điều lệ, Vốn chủ sở hữu > 600 tỷ đồng >> Quý I",Cơ sở,QLKD,,,,,"Pending - chưa thiết kế nguồn (gap Atomic REPORT_CELL_VALUE, xem O_QLKD_23)"
K_QLKD_566,DATA EXPLORER,Nhóm 46 — Báo cáo giám sát (STT 46),"Hoạt động tự doanh chứng khoán phái sinh
Vốn điều lệ, Vốn chủ sở hữu > 600 tỷ đồng >> Quý II",Cơ sở,QLKD,,,,,"Pending - chưa thiết kế nguồn (gap Atomic REPORT_CELL_VALUE, xem O_QLKD_23)"
K_QLKD_567,DATA EXPLORER,Nhóm 46 — Báo cáo giám sát (STT 46),"Hoạt động tự doanh chứng khoán phái sinh
Vốn điều lệ, Vốn chủ sở hữu > 600 tỷ đồng >> Bán niên",Cơ sở,QLKD,,,,,"Pending - chưa thiết kế nguồn (gap Atomic REPORT_CELL_VALUE, xem O_QLKD_23)"
K_QLKD_568,DATA EXPLORER,Nhóm 46 — Báo cáo giám sát (STT 46),"Hoạt động tự doanh chứng khoán phái sinh
Vốn điều lệ, Vốn chủ sở hữu > 600 tỷ đồng >> Quý III",Cơ sở,QLKD,,,,,"Pending - chưa thiết kế nguồn (gap Atomic REPORT_CELL_VALUE, xem O_QLKD_23)"
K_QLKD_569,DATA EXPLORER,Nhóm 46 — Báo cáo giám sát (STT 46),"Hoạt động tự doanh chứng khoán phái sinh
Vốn điều lệ, Vốn chủ sở hữu > 600 tỷ đồng >> Quý IV",Cơ sở,QLKD,,,,,"Pending - chưa thiết kế nguồn (gap Atomic REPORT_CELL_VALUE, xem O_QLKD_23)"
K_QLKD_570,DATA EXPLORER,Nhóm 46 — Báo cáo giám sát (STT 46),"Hoạt động tự doanh chứng khoán phái sinh
Vốn điều lệ, Vốn chủ sở hữu > 600 tỷ đồng >> Năm",Cơ sở,QLKD,,,,,"Pending - chưa thiết kế nguồn (gap Atomic REPORT_CELL_VALUE, xem O_QLKD_23)"
K_QLKD_571,DATA EXPLORER,Nhóm 46 — Báo cáo giám sát (STT 46),"Hoạt động tự doanh chứng khoán phái sinh
Vốn điều lệ, Vốn chủ sở hữu > 250 tỷ đồng >> Quý I",Cơ sở,QLKD,,,,,"Pending - chưa thiết kế nguồn (gap Atomic REPORT_CELL_VALUE, xem O_QLKD_23)"
K_QLKD_572,DATA EXPLORER,Nhóm 46 — Báo cáo giám sát (STT 46),"Hoạt động tự doanh chứng khoán phái sinh
Vốn điều lệ, Vốn chủ sở hữu > 250 tỷ đồng >> Quý II",Cơ sở,QLKD,,,,,"Pending - chưa thiết kế nguồn (gap Atomic REPORT_CELL_VALUE, xem O_QLKD_23)"
K_QLKD_573,DATA EXPLORER,Nhóm 46 — Báo cáo giám sát (STT 46),"Hoạt động tự doanh chứng khoán phái sinh
Vốn điều lệ, Vốn chủ sở hữu > 250 tỷ đồng >> Bán niên",Cơ sở,QLKD,,,,,"Pending - chưa thiết kế nguồn (gap Atomic REPORT_CELL_VALUE, xem O_QLKD_23)"
K_QLKD_574,DATA EXPLORER,Nhóm 46 — Báo cáo giám sát (STT 46),"Hoạt động tự doanh chứng khoán phái sinh
Vốn điều lệ, Vốn chủ sở hữu > 250 tỷ đồng >> Quý III",Cơ sở,QLKD,,,,,"Pending - chưa thiết kế nguồn (gap Atomic REPORT_CELL_VALUE, xem O_QLKD_23)"
K_QLKD_575,DATA EXPLORER,Nhóm 46 — Báo cáo giám sát (STT 46),"Hoạt động tự doanh chứng khoán phái sinh
Vốn điều lệ, Vốn chủ sở hữu > 250 tỷ đồng >> Quý IV",Cơ sở,QLKD,,,,,"Pending - chưa thiết kế nguồn (gap Atomic REPORT_CELL_VALUE, xem O_QLKD_23)"
K_QLKD_576,DATA EXPLORER,Nhóm 46 — Báo cáo giám sát (STT 46),"Hoạt động tự doanh chứng khoán phái sinh
Vốn điều lệ, Vốn chủ sở hữu > 250 tỷ đồng >> Năm",Cơ sở,QLKD,,,,,"Pending - chưa thiết kế nguồn (gap Atomic REPORT_CELL_VALUE, xem O_QLKD_23)"
K_QLKD_577,DATA EXPLORER,Nhóm 46 — Báo cáo giám sát (STT 46),"Hoạt động môi giới, tự doanh, tư vấn đầu tư chứng khoá phái sinh
Vốn điều lệ, Vốn chủ sở hữu > 800 tỷ đồng >> Quý I",Cơ sở,QLKD,,,,,"Pending - chưa thiết kế nguồn (gap Atomic REPORT_CELL_VALUE, xem O_QLKD_23)"
K_QLKD_578,DATA EXPLORER,Nhóm 46 — Báo cáo giám sát (STT 46),"Hoạt động môi giới, tự doanh, tư vấn đầu tư chứng khoá phái sinh
Vốn điều lệ, Vốn chủ sở hữu > 800 tỷ đồng >> Quý II",Cơ sở,QLKD,,,,,"Pending - chưa thiết kế nguồn (gap Atomic REPORT_CELL_VALUE, xem O_QLKD_23)"
K_QLKD_579,DATA EXPLORER,Nhóm 46 — Báo cáo giám sát (STT 46),"Hoạt động môi giới, tự doanh, tư vấn đầu tư chứng khoá phái sinh
Vốn điều lệ, Vốn chủ sở hữu > 800 tỷ đồng >> Bán niên",Cơ sở,QLKD,,,,,"Pending - chưa thiết kế nguồn (gap Atomic REPORT_CELL_VALUE, xem O_QLKD_23)"
K_QLKD_580,DATA EXPLORER,Nhóm 46 — Báo cáo giám sát (STT 46),"Hoạt động môi giới, tự doanh, tư vấn đầu tư chứng khoá phái sinh
Vốn điều lệ, Vốn chủ sở hữu > 800 tỷ đồng >> Quý III",Cơ sở,QLKD,,,,,"Pending - chưa thiết kế nguồn (gap Atomic REPORT_CELL_VALUE, xem O_QLKD_23)"
K_QLKD_581,DATA EXPLORER,Nhóm 46 — Báo cáo giám sát (STT 46),"Hoạt động môi giới, tự doanh, tư vấn đầu tư chứng khoá phái sinh
Vốn điều lệ, Vốn chủ sở hữu > 800 tỷ đồng >> Quý IV",Cơ sở,QLKD,,,,,"Pending - chưa thiết kế nguồn (gap Atomic REPORT_CELL_VALUE, xem O_QLKD_23)"
K_QLKD_582,DATA EXPLORER,Nhóm 46 — Báo cáo giám sát (STT 46),"Hoạt động môi giới, tự doanh, tư vấn đầu tư chứng khoá phái sinh
Vốn điều lệ, Vốn chủ sở hữu > 800 tỷ đồng >> Năm",Cơ sở,QLKD,,,,,"Pending - chưa thiết kế nguồn (gap Atomic REPORT_CELL_VALUE, xem O_QLKD_23)"
K_QLKD_583,DATA EXPLORER,Nhóm 46 — Báo cáo giám sát (STT 46),Có Tổng giám đốc (giám đốc) và Phó Tổng giám đốc (Phó giám đốc) phụ trách nghiệp vụ >> Có,Cơ sở,QLKD,,,,,"Pending - chưa thiết kế nguồn (gap Atomic REPORT_CELL_VALUE, xem O_QLKD_23)"
K_QLKD_584,DATA EXPLORER,Nhóm 46 — Báo cáo giám sát (STT 46),Có Tổng giám đốc (giám đốc) và Phó Tổng giám đốc (Phó giám đốc) phụ trách nghiệp vụ >> Không,Cơ sở,QLKD,,,,,"Pending - chưa thiết kế nguồn (gap Atomic REPORT_CELL_VALUE, xem O_QLKD_23)"
K_QLKD_585,DATA EXPLORER,Nhóm 46 — Báo cáo giám sát (STT 46),Có tối thiểu 5 nhân viên có chứng chỉ hành nghề cho mỗi nghiệp vụ >> Tháng 1,Cơ sở,QLKD,,,,,"Pending - chưa thiết kế nguồn (gap Atomic REPORT_CELL_VALUE, xem O_QLKD_23)"
K_QLKD_586,DATA EXPLORER,Nhóm 46 — Báo cáo giám sát (STT 46),Có tối thiểu 5 nhân viên có chứng chỉ hành nghề cho mỗi nghiệp vụ >> Tháng 2,Cơ sở,QLKD,,,,,"Pending - chưa thiết kế nguồn (gap Atomic REPORT_CELL_VALUE, xem O_QLKD_23)"
K_QLKD_587,DATA EXPLORER,Nhóm 46 — Báo cáo giám sát (STT 46),Có tối thiểu 5 nhân viên có chứng chỉ hành nghề cho mỗi nghiệp vụ >> Tháng 3,Cơ sở,QLKD,,,,,"Pending - chưa thiết kế nguồn (gap Atomic REPORT_CELL_VALUE, xem O_QLKD_23)"
K_QLKD_588,DATA EXPLORER,Nhóm 46 — Báo cáo giám sát (STT 46),Có tối thiểu 5 nhân viên có chứng chỉ hành nghề cho mỗi nghiệp vụ >> Tháng 4,Cơ sở,QLKD,,,,,"Pending - chưa thiết kế nguồn (gap Atomic REPORT_CELL_VALUE, xem O_QLKD_23)"
K_QLKD_589,DATA EXPLORER,Nhóm 46 — Báo cáo giám sát (STT 46),Có tối thiểu 5 nhân viên có chứng chỉ hành nghề cho mỗi nghiệp vụ >> Tháng 5,Cơ sở,QLKD,,,,,"Pending - chưa thiết kế nguồn (gap Atomic REPORT_CELL_VALUE, xem O_QLKD_23)"
K_QLKD_590,DATA EXPLORER,Nhóm 46 — Báo cáo giám sát (STT 46),Có tối thiểu 5 nhân viên có chứng chỉ hành nghề cho mỗi nghiệp vụ >> Tháng 6,Cơ sở,QLKD,,,,,"Pending - chưa thiết kế nguồn (gap Atomic REPORT_CELL_VALUE, xem O_QLKD_23)"
K_QLKD_591,DATA EXPLORER,Nhóm 46 — Báo cáo giám sát (STT 46),Có tối thiểu 5 nhân viên có chứng chỉ hành nghề cho mỗi nghiệp vụ >> Tháng 7,Cơ sở,QLKD,,,,,"Pending - chưa thiết kế nguồn (gap Atomic REPORT_CELL_VALUE, xem O_QLKD_23)"
K_QLKD_592,DATA EXPLORER,Nhóm 46 — Báo cáo giám sát (STT 46),Có tối thiểu 5 nhân viên có chứng chỉ hành nghề cho mỗi nghiệp vụ >> Tháng 8,Cơ sở,QLKD,,,,,"Pending - chưa thiết kế nguồn (gap Atomic REPORT_CELL_VALUE, xem O_QLKD_23)"
K_QLKD_593,DATA EXPLORER,Nhóm 46 — Báo cáo giám sát (STT 46),Có tối thiểu 5 nhân viên có chứng chỉ hành nghề cho mỗi nghiệp vụ >> Tháng 9,Cơ sở,QLKD,,,,,"Pending - chưa thiết kế nguồn (gap Atomic REPORT_CELL_VALUE, xem O_QLKD_23)"
K_QLKD_594,DATA EXPLORER,Nhóm 46 — Báo cáo giám sát (STT 46),Có tối thiểu 5 nhân viên có chứng chỉ hành nghề cho mỗi nghiệp vụ >> Tháng 10,Cơ sở,QLKD,,,,,"Pending - chưa thiết kế nguồn (gap Atomic REPORT_CELL_VALUE, xem O_QLKD_23)"
K_QLKD_595,DATA EXPLORER,Nhóm 46 — Báo cáo giám sát (STT 46),Có tối thiểu 5 nhân viên có chứng chỉ hành nghề cho mỗi nghiệp vụ >> Tháng 11,Cơ sở,QLKD,,,,,"Pending - chưa thiết kế nguồn (gap Atomic REPORT_CELL_VALUE, xem O_QLKD_23)"
K_QLKD_596,DATA EXPLORER,Nhóm 46 — Báo cáo giám sát (STT 46),Có tối thiểu 5 nhân viên có chứng chỉ hành nghề cho mỗi nghiệp vụ >> Tháng 12,Cơ sở,QLKD,,,,,"Pending - chưa thiết kế nguồn (gap Atomic REPORT_CELL_VALUE, xem O_QLKD_23)"
K_QLKD_597,DATA EXPLORER,Nhóm 46 — Báo cáo giám sát (STT 46),Có tỷ lệ vốn khả dụng đạt tối thiểu 220% >> Tháng 1,Cơ sở,QLKD,,,,,"Pending - chưa thiết kế nguồn (gap Atomic REPORT_CELL_VALUE, xem O_QLKD_23)"
K_QLKD_598,DATA EXPLORER,Nhóm 46 — Báo cáo giám sát (STT 46),Có tỷ lệ vốn khả dụng đạt tối thiểu 220% >> Tháng 2,Cơ sở,QLKD,,,,,"Pending - chưa thiết kế nguồn (gap Atomic REPORT_CELL_VALUE, xem O_QLKD_23)"
K_QLKD_599,DATA EXPLORER,Nhóm 46 — Báo cáo giám sát (STT 46),Có tỷ lệ vốn khả dụng đạt tối thiểu 220% >> Tháng 3,Cơ sở,QLKD,,,,,"Pending - chưa thiết kế nguồn (gap Atomic REPORT_CELL_VALUE, xem O_QLKD_23)"
K_QLKD_600,DATA EXPLORER,Nhóm 46 — Báo cáo giám sát (STT 46),Có tỷ lệ vốn khả dụng đạt tối thiểu 220% >> Tháng 4,Cơ sở,QLKD,,,,,"Pending - chưa thiết kế nguồn (gap Atomic REPORT_CELL_VALUE, xem O_QLKD_23)"
K_QLKD_601,DATA EXPLORER,Nhóm 46 — Báo cáo giám sát (STT 46),Có tỷ lệ vốn khả dụng đạt tối thiểu 220% >> Tháng 5,Cơ sở,QLKD,,,,,"Pending - chưa thiết kế nguồn (gap Atomic REPORT_CELL_VALUE, xem O_QLKD_23)"
K_QLKD_602,DATA EXPLORER,Nhóm 46 — Báo cáo giám sát (STT 46),Có tỷ lệ vốn khả dụng đạt tối thiểu 220% >> Tháng 6,Cơ sở,QLKD,,,,,"Pending - chưa thiết kế nguồn (gap Atomic REPORT_CELL_VALUE, xem O_QLKD_23)"
K_QLKD_603,DATA EXPLORER,Nhóm 46 — Báo cáo giám sát (STT 46),Có tỷ lệ vốn khả dụng đạt tối thiểu 220% >> Tháng 7,Cơ sở,QLKD,,,,,"Pending - chưa thiết kế nguồn (gap Atomic REPORT_CELL_VALUE, xem O_QLKD_23)"
K_QLKD_604,DATA EXPLORER,Nhóm 46 — Báo cáo giám sát (STT 46),Có tỷ lệ vốn khả dụng đạt tối thiểu 220% >> Tháng 8,Cơ sở,QLKD,,,,,"Pending - chưa thiết kế nguồn (gap Atomic REPORT_CELL_VALUE, xem O_QLKD_23)"
K_QLKD_605,DATA EXPLORER,Nhóm 46 — Báo cáo giám sát (STT 46),Có tỷ lệ vốn khả dụng đạt tối thiểu 220% >> Tháng 9,Cơ sở,QLKD,,,,,"Pending - chưa thiết kế nguồn (gap Atomic REPORT_CELL_VALUE, xem O_QLKD_23)"
K_QLKD_606,DATA EXPLORER,Nhóm 46 — Báo cáo giám sát (STT 46),Có tỷ lệ vốn khả dụng đạt tối thiểu 220% >> Tháng 10,Cơ sở,QLKD,,,,,"Pending - chưa thiết kế nguồn (gap Atomic REPORT_CELL_VALUE, xem O_QLKD_23)"
K_QLKD_607,DATA EXPLORER,Nhóm 46 — Báo cáo giám sát (STT 46),Có tỷ lệ vốn khả dụng đạt tối thiểu 220% >> Tháng 11,Cơ sở,QLKD,,,,,"Pending - chưa thiết kế nguồn (gap Atomic REPORT_CELL_VALUE, xem O_QLKD_23)"
K_QLKD_608,DATA EXPLORER,Nhóm 46 — Báo cáo giám sát (STT 46),Có tỷ lệ vốn khả dụng đạt tối thiểu 220% >> Tháng 12,Cơ sở,QLKD,,,,,"Pending - chưa thiết kế nguồn (gap Atomic REPORT_CELL_VALUE, xem O_QLKD_23)"
K_QLKD_609,DATA EXPLORER,Nhóm 46 — Báo cáo giám sát (STT 46),Giá trị lợi nhuận sau thuế trong năm,Cơ sở,QLKD,,,,,"Pending - chưa thiết kế nguồn (gap Atomic REPORT_CELL_VALUE, xem O_QLKD_23)"
K_QLKD_610,DATA EXPLORER,Nhóm 46 — Báo cáo giám sát (STT 46),Ý kiến của tổ chức kiểm toán được chấp thuận >> Năm,Cơ sở,QLKD,,,,,"Pending - chưa thiết kế nguồn (gap Atomic REPORT_CELL_VALUE, xem O_QLKD_23)"
K_QLKD_611,DATA EXPLORER,Nhóm 46 — Báo cáo giám sát (STT 46),Ý kiến của tổ chức kiểm toán được chấp thuận >> Bán niên,Cơ sở,QLKD,,,,,"Pending - chưa thiết kế nguồn (gap Atomic REPORT_CELL_VALUE, xem O_QLKD_23)"
K_QLKD_612,DATA EXPLORER,Nhóm 47 — Báo cáo giám sát (STT 47),Loại báo cáo,Chiều,QLKD,,,,,"Pending - chưa thiết kế nguồn (gap Atomic REPORT_CELL_VALUE, xem O_QLKD_23)"
K_QLKD_613,DATA EXPLORER,Nhóm 47 — Báo cáo giám sát (STT 47),Kỳ báo cáo,Chiều,QLKD,,,,,"Pending - chưa thiết kế nguồn (gap Atomic REPORT_CELL_VALUE, xem O_QLKD_23)"
K_QLKD_614,DATA EXPLORER,Nhóm 47 — Báo cáo giám sát (STT 47),Mã báo cáo,Chiều,QLKD,,,,,"Pending - chưa thiết kế nguồn (gap Atomic REPORT_CELL_VALUE, xem O_QLKD_23)"
K_QLKD_615,DATA EXPLORER,Nhóm 47 — Báo cáo giám sát (STT 47),Tên báo cáo,Chiều,QLKD,,,,,"Pending - chưa thiết kế nguồn (gap Atomic REPORT_CELL_VALUE, xem O_QLKD_23)"
K_QLKD_616,DATA EXPLORER,Nhóm 47 — Báo cáo giám sát (STT 47),Mã sheet,Chiều,QLKD,,,,,"Pending - chưa thiết kế nguồn (gap Atomic REPORT_CELL_VALUE, xem O_QLKD_23)"
K_QLKD_617,DATA EXPLORER,Nhóm 47 — Báo cáo giám sát (STT 47),Tên sheet,Chiều,QLKD,,,,,"Pending - chưa thiết kế nguồn (gap Atomic REPORT_CELL_VALUE, xem O_QLKD_23)"
K_QLKD_618,DATA EXPLORER,Nhóm 47 — Báo cáo giám sát (STT 47),Mã chỉ tiêu,Chiều,QLKD,,,,,"Pending - chưa thiết kế nguồn (gap Atomic REPORT_CELL_VALUE, xem O_QLKD_23)"
K_QLKD_619,DATA EXPLORER,Nhóm 47 — Báo cáo giám sát (STT 47),Tên chỉ tiêu,Chiều,QLKD,,,,,"Pending - chưa thiết kế nguồn (gap Atomic REPORT_CELL_VALUE, xem O_QLKD_23)"
K_QLKD_620,DATA EXPLORER,Nhóm 47 — Báo cáo giám sát (STT 47),Tên công ty chứng khoán,Cơ sở,QLKD,,,,,"Pending - chưa thiết kế nguồn (gap Atomic REPORT_CELL_VALUE, xem O_QLKD_23)"
K_QLKD_621,DATA EXPLORER,Nhóm 47 — Báo cáo giám sát (STT 47),Địa chỉ trụ sở chính,Cơ sở,QLKD,,,,,"Pending - chưa thiết kế nguồn (gap Atomic REPORT_CELL_VALUE, xem O_QLKD_23)"
K_QLKD_622,DATA EXPLORER,Nhóm 47 — Báo cáo giám sát (STT 47),Số điện thoại,Cơ sở,QLKD,,,,,"Pending - chưa thiết kế nguồn (gap Atomic REPORT_CELL_VALUE, xem O_QLKD_23)"
K_QLKD_623,DATA EXPLORER,Nhóm 47 — Báo cáo giám sát (STT 47),"Số giấy phép thành lập và hoạt động 
lần đầu",Cơ sở,QLKD,,,,,"Pending - chưa thiết kế nguồn (gap Atomic REPORT_CELL_VALUE, xem O_QLKD_23)"
K_QLKD_624,DATA EXPLORER,Nhóm 47 — Báo cáo giám sát (STT 47),"Ngày giấy phép lần đầu
(Ngày/tháng/năm)",Cơ sở,QLKD,,,,,"Pending - chưa thiết kế nguồn (gap Atomic REPORT_CELL_VALUE, xem O_QLKD_23)"
K_QLKD_625,DATA EXPLORER,Nhóm 47 — Báo cáo giám sát (STT 47),Mã số doanh nghiệp,Cơ sở,QLKD,,,,,"Pending - chưa thiết kế nguồn (gap Atomic REPORT_CELL_VALUE, xem O_QLKD_23)"
K_QLKD_626,DATA EXPLORER,Nhóm 47 — Báo cáo giám sát (STT 47),Sàn giao dịch cổ phiếu,Cơ sở,QLKD,,,,,"Pending - chưa thiết kế nguồn (gap Atomic REPORT_CELL_VALUE, xem O_QLKD_23)"
K_QLKD_627,DATA EXPLORER,Nhóm 47 — Báo cáo giám sát (STT 47),Mã cổ phiếu,Cơ sở,QLKD,,,,,"Pending - chưa thiết kế nguồn (gap Atomic REPORT_CELL_VALUE, xem O_QLKD_23)"
K_QLKD_628,DATA EXPLORER,Nhóm 47 — Báo cáo giám sát (STT 47),Vốn điều lệ (Đồng),Cơ sở,QLKD,,,,,"Pending - chưa thiết kế nguồn (gap Atomic REPORT_CELL_VALUE, xem O_QLKD_23)"
K_QLKD_629,DATA EXPLORER,Nhóm 47 — Báo cáo giám sát (STT 47),Website,Cơ sở,QLKD,,,,,"Pending - chưa thiết kế nguồn (gap Atomic REPORT_CELL_VALUE, xem O_QLKD_23)"
K_QLKD_630,DATA EXPLORER,Nhóm 47 — Báo cáo giám sát (STT 47),Trạng thái hoạt động,Cơ sở,QLKD,,,,,"Pending - chưa thiết kế nguồn (gap Atomic REPORT_CELL_VALUE, xem O_QLKD_23)"
K_QLKD_631,DATA EXPLORER,Nhóm 47 — Báo cáo giám sát (STT 47),Nghiệp vụ được phép hoạt động >> Môi giới chứng khoán,Cơ sở,QLKD,,,,,"Pending - chưa thiết kế nguồn (gap Atomic REPORT_CELL_VALUE, xem O_QLKD_23)"
K_QLKD_632,DATA EXPLORER,Nhóm 47 — Báo cáo giám sát (STT 47),Nghiệp vụ được phép hoạt động >> Tự doanh chứng khoán,Cơ sở,QLKD,,,,,"Pending - chưa thiết kế nguồn (gap Atomic REPORT_CELL_VALUE, xem O_QLKD_23)"
K_QLKD_633,DATA EXPLORER,Nhóm 47 — Báo cáo giám sát (STT 47),Nghiệp vụ được phép hoạt động >> Bảo lãnh phát hành chứng khoán,Cơ sở,QLKD,,,,,"Pending - chưa thiết kế nguồn (gap Atomic REPORT_CELL_VALUE, xem O_QLKD_23)"
K_QLKD_634,DATA EXPLORER,Nhóm 47 — Báo cáo giám sát (STT 47),Nghiệp vụ được phép hoạt động >> Tư vấn đầu tư chứng khoán,Cơ sở,QLKD,,,,,"Pending - chưa thiết kế nguồn (gap Atomic REPORT_CELL_VALUE, xem O_QLKD_23)"
K_QLKD_635,DATA EXPLORER,Nhóm 47 — Báo cáo giám sát (STT 47),Hoạt động kinh doanh chứng khoán phái sinh >> Giấy chứng nhận kinh doanh phái sinh,Cơ sở,QLKD,,,,,"Pending - chưa thiết kế nguồn (gap Atomic REPORT_CELL_VALUE, xem O_QLKD_23)"
K_QLKD_636,DATA EXPLORER,Nhóm 47 — Báo cáo giám sát (STT 47),Hoạt động kinh doanh chứng khoán phái sinh >> Môi giới phái sinh,Cơ sở,QLKD,,,,,"Pending - chưa thiết kế nguồn (gap Atomic REPORT_CELL_VALUE, xem O_QLKD_23)"
K_QLKD_637,DATA EXPLORER,Nhóm 47 — Báo cáo giám sát (STT 47),Hoạt động kinh doanh chứng khoán phái sinh >> Tự doanh chứng khoán,Cơ sở,QLKD,,,,,"Pending - chưa thiết kế nguồn (gap Atomic REPORT_CELL_VALUE, xem O_QLKD_23)"
K_QLKD_638,DATA EXPLORER,Nhóm 47 — Báo cáo giám sát (STT 47),Hoạt động kinh doanh chứng khoán phái sinh >> Tư vấn đầu tư chứng khoán,Cơ sở,QLKD,,,,,"Pending - chưa thiết kế nguồn (gap Atomic REPORT_CELL_VALUE, xem O_QLKD_23)"
K_QLKD_639,DATA EXPLORER,Nhóm 47 — Báo cáo giám sát (STT 47),Tại ngày 31/3 >> Vốn điều lệ tối thiểu,Cơ sở,QLKD,,,,,"Pending - chưa thiết kế nguồn (gap Atomic REPORT_CELL_VALUE, xem O_QLKD_23)"
K_QLKD_640,DATA EXPLORER,Nhóm 47 — Báo cáo giám sát (STT 47),Tại ngày 31/3 >> Vốn chủ sở hữu,Cơ sở,QLKD,,,,,"Pending - chưa thiết kế nguồn (gap Atomic REPORT_CELL_VALUE, xem O_QLKD_23)"
K_QLKD_641,DATA EXPLORER,Nhóm 47 — Báo cáo giám sát (STT 47),Tại ngày 31/3 >> Đánh giá,Cơ sở,QLKD,,,,,"Pending - chưa thiết kế nguồn (gap Atomic REPORT_CELL_VALUE, xem O_QLKD_23)"
K_QLKD_642,DATA EXPLORER,Nhóm 47 — Báo cáo giám sát (STT 47),Tại ngày 30/6 (quyết toán) >> Vốn điều lệ tối thiểu,Cơ sở,QLKD,,,,,"Pending - chưa thiết kế nguồn (gap Atomic REPORT_CELL_VALUE, xem O_QLKD_23)"
K_QLKD_643,DATA EXPLORER,Nhóm 47 — Báo cáo giám sát (STT 47),Tại ngày 30/6 (quyết toán) >> Vốn chủ sở hữu,Cơ sở,QLKD,,,,,"Pending - chưa thiết kế nguồn (gap Atomic REPORT_CELL_VALUE, xem O_QLKD_23)"
K_QLKD_644,DATA EXPLORER,Nhóm 47 — Báo cáo giám sát (STT 47),Tại ngày 30/6 (quyết toán) >> Đánh giá,Cơ sở,QLKD,,,,,"Pending - chưa thiết kế nguồn (gap Atomic REPORT_CELL_VALUE, xem O_QLKD_23)"
K_QLKD_645,DATA EXPLORER,Nhóm 47 — Báo cáo giám sát (STT 47),Tại ngày 30/6 (soát xét) >> Vốn điều lệ tối thiểu,Cơ sở,QLKD,,,,,"Pending - chưa thiết kế nguồn (gap Atomic REPORT_CELL_VALUE, xem O_QLKD_23)"
K_QLKD_646,DATA EXPLORER,Nhóm 47 — Báo cáo giám sát (STT 47),Tại ngày 30/6 (soát xét) >> Vốn chủ sở hữu,Cơ sở,QLKD,,,,,"Pending - chưa thiết kế nguồn (gap Atomic REPORT_CELL_VALUE, xem O_QLKD_23)"
K_QLKD_647,DATA EXPLORER,Nhóm 47 — Báo cáo giám sát (STT 47),Tại ngày 30/6 (soát xét) >> Đánh giá,Cơ sở,QLKD,,,,,"Pending - chưa thiết kế nguồn (gap Atomic REPORT_CELL_VALUE, xem O_QLKD_23)"
K_QLKD_648,DATA EXPLORER,Nhóm 47 — Báo cáo giám sát (STT 47),Tại ngày 31/12 (quyết toán) >> Vốn điều lệ tối thiểu,Cơ sở,QLKD,,,,,"Pending - chưa thiết kế nguồn (gap Atomic REPORT_CELL_VALUE, xem O_QLKD_23)"
K_QLKD_649,DATA EXPLORER,Nhóm 47 — Báo cáo giám sát (STT 47),Tại ngày 31/12 (quyết toán) >> Vốn chủ sở hữu,Cơ sở,QLKD,,,,,"Pending - chưa thiết kế nguồn (gap Atomic REPORT_CELL_VALUE, xem O_QLKD_23)"
K_QLKD_650,DATA EXPLORER,Nhóm 47 — Báo cáo giám sát (STT 47),Tại ngày 31/12 (quyết toán) >> Đánh giá,Cơ sở,QLKD,,,,,"Pending - chưa thiết kế nguồn (gap Atomic REPORT_CELL_VALUE, xem O_QLKD_23)"
K_QLKD_651,DATA EXPLORER,Nhóm 47 — Báo cáo giám sát (STT 47),Tại ngày 31/12 (kiểm toán) >> Vốn điều lệ tối thiểu,Cơ sở,QLKD,,,,,"Pending - chưa thiết kế nguồn (gap Atomic REPORT_CELL_VALUE, xem O_QLKD_23)"
K_QLKD_652,DATA EXPLORER,Nhóm 47 — Báo cáo giám sát (STT 47),Tại ngày 31/12 (kiểm toán) >> Vốn chủ sở hữu,Cơ sở,QLKD,,,,,"Pending - chưa thiết kế nguồn (gap Atomic REPORT_CELL_VALUE, xem O_QLKD_23)"
K_QLKD_653,DATA EXPLORER,Nhóm 47 — Báo cáo giám sát (STT 47),Tại ngày 31/12 (kiểm toán) >> Đánh giá,Cơ sở,QLKD,,,,,"Pending - chưa thiết kế nguồn (gap Atomic REPORT_CELL_VALUE, xem O_QLKD_23)"
K_QLKD_654,DATA EXPLORER,Nhóm 47 — Báo cáo giám sát (STT 47),"Cổ đông, thành viên góp vốn sở hữu từ 10% trở lên vốn điều lệ của 01 CTCK và người có liên quan của cổ đông, thành viên góp vốn đó (nếu có) không sở hữu trên 5% vốn điều lệ của 01 CTCK khác >> Tháng 1",Cơ sở,QLKD,,,,,"Pending - chưa thiết kế nguồn (gap Atomic REPORT_CELL_VALUE, xem O_QLKD_23)"
K_QLKD_655,DATA EXPLORER,Nhóm 47 — Báo cáo giám sát (STT 47),"Cổ đông, thành viên góp vốn sở hữu từ 10% trở lên vốn điều lệ của 01 CTCK và người có liên quan của cổ đông, thành viên góp vốn đó (nếu có) không sở hữu trên 5% vốn điều lệ của 01 CTCK khác >> Tháng 2",Cơ sở,QLKD,,,,,"Pending - chưa thiết kế nguồn (gap Atomic REPORT_CELL_VALUE, xem O_QLKD_23)"
K_QLKD_656,DATA EXPLORER,Nhóm 47 — Báo cáo giám sát (STT 47),"Cổ đông, thành viên góp vốn sở hữu từ 10% trở lên vốn điều lệ của 01 CTCK và người có liên quan của cổ đông, thành viên góp vốn đó (nếu có) không sở hữu trên 5% vốn điều lệ của 01 CTCK khác >> Tháng 3",Cơ sở,QLKD,,,,,"Pending - chưa thiết kế nguồn (gap Atomic REPORT_CELL_VALUE, xem O_QLKD_23)"
K_QLKD_657,DATA EXPLORER,Nhóm 47 — Báo cáo giám sát (STT 47),"Cổ đông, thành viên góp vốn sở hữu từ 10% trở lên vốn điều lệ của 01 CTCK và người có liên quan của cổ đông, thành viên góp vốn đó (nếu có) không sở hữu trên 5% vốn điều lệ của 01 CTCK khác >> Tháng 4",Cơ sở,QLKD,,,,,"Pending - chưa thiết kế nguồn (gap Atomic REPORT_CELL_VALUE, xem O_QLKD_23)"
K_QLKD_658,DATA EXPLORER,Nhóm 47 — Báo cáo giám sát (STT 47),"Cổ đông, thành viên góp vốn sở hữu từ 10% trở lên vốn điều lệ của 01 CTCK và người có liên quan của cổ đông, thành viên góp vốn đó (nếu có) không sở hữu trên 5% vốn điều lệ của 01 CTCK khác >> Tháng 5",Cơ sở,QLKD,,,,,"Pending - chưa thiết kế nguồn (gap Atomic REPORT_CELL_VALUE, xem O_QLKD_23)"
K_QLKD_659,DATA EXPLORER,Nhóm 47 — Báo cáo giám sát (STT 47),"Cổ đông, thành viên góp vốn sở hữu từ 10% trở lên vốn điều lệ của 01 CTCK và người có liên quan của cổ đông, thành viên góp vốn đó (nếu có) không sở hữu trên 5% vốn điều lệ của 01 CTCK khác >> Tháng 6",Cơ sở,QLKD,,,,,"Pending - chưa thiết kế nguồn (gap Atomic REPORT_CELL_VALUE, xem O_QLKD_23)"
K_QLKD_660,DATA EXPLORER,Nhóm 47 — Báo cáo giám sát (STT 47),"Cổ đông, thành viên góp vốn sở hữu từ 10% trở lên vốn điều lệ của 01 CTCK và người có liên quan của cổ đông, thành viên góp vốn đó (nếu có) không sở hữu trên 5% vốn điều lệ của 01 CTCK khác >> Tháng 7",Cơ sở,QLKD,,,,,"Pending - chưa thiết kế nguồn (gap Atomic REPORT_CELL_VALUE, xem O_QLKD_23)"
K_QLKD_661,DATA EXPLORER,Nhóm 47 — Báo cáo giám sát (STT 47),"Cổ đông, thành viên góp vốn sở hữu từ 10% trở lên vốn điều lệ của 01 CTCK và người có liên quan của cổ đông, thành viên góp vốn đó (nếu có) không sở hữu trên 5% vốn điều lệ của 01 CTCK khác >> Tháng 8",Cơ sở,QLKD,,,,,"Pending - chưa thiết kế nguồn (gap Atomic REPORT_CELL_VALUE, xem O_QLKD_23)"
K_QLKD_662,DATA EXPLORER,Nhóm 47 — Báo cáo giám sát (STT 47),"Cổ đông, thành viên góp vốn sở hữu từ 10% trở lên vốn điều lệ của 01 CTCK và người có liên quan của cổ đông, thành viên góp vốn đó (nếu có) không sở hữu trên 5% vốn điều lệ của 01 CTCK khác >> Tháng 9",Cơ sở,QLKD,,,,,"Pending - chưa thiết kế nguồn (gap Atomic REPORT_CELL_VALUE, xem O_QLKD_23)"
K_QLKD_663,DATA EXPLORER,Nhóm 47 — Báo cáo giám sát (STT 47),"Cổ đông, thành viên góp vốn sở hữu từ 10% trở lên vốn điều lệ của 01 CTCK và người có liên quan của cổ đông, thành viên góp vốn đó (nếu có) không sở hữu trên 5% vốn điều lệ của 01 CTCK khác >> Tháng 10",Cơ sở,QLKD,,,,,"Pending - chưa thiết kế nguồn (gap Atomic REPORT_CELL_VALUE, xem O_QLKD_23)"
K_QLKD_664,DATA EXPLORER,Nhóm 47 — Báo cáo giám sát (STT 47),"Cổ đông, thành viên góp vốn sở hữu từ 10% trở lên vốn điều lệ của 01 CTCK và người có liên quan của cổ đông, thành viên góp vốn đó (nếu có) không sở hữu trên 5% vốn điều lệ của 01 CTCK khác >> Tháng 11",Cơ sở,QLKD,,,,,"Pending - chưa thiết kế nguồn (gap Atomic REPORT_CELL_VALUE, xem O_QLKD_23)"
K_QLKD_665,DATA EXPLORER,Nhóm 47 — Báo cáo giám sát (STT 47),"Cổ đông, thành viên góp vốn sở hữu từ 10% trở lên vốn điều lệ của 01 CTCK và người có liên quan của cổ đông, thành viên góp vốn đó (nếu có) không sở hữu trên 5% vốn điều lệ của 01 CTCK khác >> Tháng 12",Cơ sở,QLKD,,,,,"Pending - chưa thiết kế nguồn (gap Atomic REPORT_CELL_VALUE, xem O_QLKD_23)"
K_QLKD_666,DATA EXPLORER,Nhóm 47 — Báo cáo giám sát (STT 47),Có trụ sở làm việc >> Tháng 1,Cơ sở,QLKD,,,,,"Pending - chưa thiết kế nguồn (gap Atomic REPORT_CELL_VALUE, xem O_QLKD_23)"
K_QLKD_667,DATA EXPLORER,Nhóm 47 — Báo cáo giám sát (STT 47),Có trụ sở làm việc >> Tháng 2,Cơ sở,QLKD,,,,,"Pending - chưa thiết kế nguồn (gap Atomic REPORT_CELL_VALUE, xem O_QLKD_23)"
K_QLKD_668,DATA EXPLORER,Nhóm 47 — Báo cáo giám sát (STT 47),Có trụ sở làm việc >> Tháng 3,Cơ sở,QLKD,,,,,"Pending - chưa thiết kế nguồn (gap Atomic REPORT_CELL_VALUE, xem O_QLKD_23)"
K_QLKD_669,DATA EXPLORER,Nhóm 47 — Báo cáo giám sát (STT 47),Có trụ sở làm việc >> Tháng 4,Cơ sở,QLKD,,,,,"Pending - chưa thiết kế nguồn (gap Atomic REPORT_CELL_VALUE, xem O_QLKD_23)"
K_QLKD_670,DATA EXPLORER,Nhóm 47 — Báo cáo giám sát (STT 47),Có trụ sở làm việc >> Tháng 5,Cơ sở,QLKD,,,,,"Pending - chưa thiết kế nguồn (gap Atomic REPORT_CELL_VALUE, xem O_QLKD_23)"
K_QLKD_671,DATA EXPLORER,Nhóm 47 — Báo cáo giám sát (STT 47),Có trụ sở làm việc >> Tháng 6,Cơ sở,QLKD,,,,,"Pending - chưa thiết kế nguồn (gap Atomic REPORT_CELL_VALUE, xem O_QLKD_23)"
K_QLKD_672,DATA EXPLORER,Nhóm 47 — Báo cáo giám sát (STT 47),Có trụ sở làm việc >> Tháng 7,Cơ sở,QLKD,,,,,"Pending - chưa thiết kế nguồn (gap Atomic REPORT_CELL_VALUE, xem O_QLKD_23)"
K_QLKD_673,DATA EXPLORER,Nhóm 47 — Báo cáo giám sát (STT 47),Có trụ sở làm việc >> Tháng 8,Cơ sở,QLKD,,,,,"Pending - chưa thiết kế nguồn (gap Atomic REPORT_CELL_VALUE, xem O_QLKD_23)"
K_QLKD_674,DATA EXPLORER,Nhóm 47 — Báo cáo giám sát (STT 47),Có trụ sở làm việc >> Tháng 9,Cơ sở,QLKD,,,,,"Pending - chưa thiết kế nguồn (gap Atomic REPORT_CELL_VALUE, xem O_QLKD_23)"
K_QLKD_675,DATA EXPLORER,Nhóm 47 — Báo cáo giám sát (STT 47),Có trụ sở làm việc >> Tháng 10,Cơ sở,QLKD,,,,,"Pending - chưa thiết kế nguồn (gap Atomic REPORT_CELL_VALUE, xem O_QLKD_23)"
K_QLKD_676,DATA EXPLORER,Nhóm 47 — Báo cáo giám sát (STT 47),Có trụ sở làm việc >> Tháng 11,Cơ sở,QLKD,,,,,"Pending - chưa thiết kế nguồn (gap Atomic REPORT_CELL_VALUE, xem O_QLKD_23)"
K_QLKD_677,DATA EXPLORER,Nhóm 47 — Báo cáo giám sát (STT 47),Có trụ sở làm việc >> Tháng 12,Cơ sở,QLKD,,,,,"Pending - chưa thiết kế nguồn (gap Atomic REPORT_CELL_VALUE, xem O_QLKD_23)"
K_QLKD_678,DATA EXPLORER,Nhóm 47 — Báo cáo giám sát (STT 47),Có Tổng giám đốc/Giám đốc >> Tháng 1,Cơ sở,QLKD,,,,,"Pending - chưa thiết kế nguồn (gap Atomic REPORT_CELL_VALUE, xem O_QLKD_23)"
K_QLKD_679,DATA EXPLORER,Nhóm 47 — Báo cáo giám sát (STT 47),Có Tổng giám đốc/Giám đốc >> Tháng 2,Cơ sở,QLKD,,,,,"Pending - chưa thiết kế nguồn (gap Atomic REPORT_CELL_VALUE, xem O_QLKD_23)"
K_QLKD_680,DATA EXPLORER,Nhóm 47 — Báo cáo giám sát (STT 47),Có Tổng giám đốc/Giám đốc >> Tháng 3,Cơ sở,QLKD,,,,,"Pending - chưa thiết kế nguồn (gap Atomic REPORT_CELL_VALUE, xem O_QLKD_23)"
K_QLKD_681,DATA EXPLORER,Nhóm 47 — Báo cáo giám sát (STT 47),Có Tổng giám đốc/Giám đốc >> Tháng 4,Cơ sở,QLKD,,,,,"Pending - chưa thiết kế nguồn (gap Atomic REPORT_CELL_VALUE, xem O_QLKD_23)"
K_QLKD_682,DATA EXPLORER,Nhóm 47 — Báo cáo giám sát (STT 47),Có Tổng giám đốc/Giám đốc >> Tháng 5,Cơ sở,QLKD,,,,,"Pending - chưa thiết kế nguồn (gap Atomic REPORT_CELL_VALUE, xem O_QLKD_23)"
K_QLKD_683,DATA EXPLORER,Nhóm 47 — Báo cáo giám sát (STT 47),Có Tổng giám đốc/Giám đốc >> Tháng 6,Cơ sở,QLKD,,,,,"Pending - chưa thiết kế nguồn (gap Atomic REPORT_CELL_VALUE, xem O_QLKD_23)"
K_QLKD_684,DATA EXPLORER,Nhóm 47 — Báo cáo giám sát (STT 47),Có Tổng giám đốc/Giám đốc >> Tháng 7,Cơ sở,QLKD,,,,,"Pending - chưa thiết kế nguồn (gap Atomic REPORT_CELL_VALUE, xem O_QLKD_23)"
K_QLKD_685,DATA EXPLORER,Nhóm 47 — Báo cáo giám sát (STT 47),Có Tổng giám đốc/Giám đốc >> Tháng 8,Cơ sở,QLKD,,,,,"Pending - chưa thiết kế nguồn (gap Atomic REPORT_CELL_VALUE, xem O_QLKD_23)"
K_QLKD_686,DATA EXPLORER,Nhóm 47 — Báo cáo giám sát (STT 47),Có Tổng giám đốc/Giám đốc >> Tháng 9,Cơ sở,QLKD,,,,,"Pending - chưa thiết kế nguồn (gap Atomic REPORT_CELL_VALUE, xem O_QLKD_23)"
K_QLKD_687,DATA EXPLORER,Nhóm 47 — Báo cáo giám sát (STT 47),Có Tổng giám đốc/Giám đốc >> Tháng 10,Cơ sở,QLKD,,,,,"Pending - chưa thiết kế nguồn (gap Atomic REPORT_CELL_VALUE, xem O_QLKD_23)"
K_QLKD_688,DATA EXPLORER,Nhóm 47 — Báo cáo giám sát (STT 47),Có Tổng giám đốc/Giám đốc >> Tháng 11,Cơ sở,QLKD,,,,,"Pending - chưa thiết kế nguồn (gap Atomic REPORT_CELL_VALUE, xem O_QLKD_23)"
K_QLKD_689,DATA EXPLORER,Nhóm 47 — Báo cáo giám sát (STT 47),Có Tổng giám đốc/Giám đốc >> Tháng 12,Cơ sở,QLKD,,,,,"Pending - chưa thiết kế nguồn (gap Atomic REPORT_CELL_VALUE, xem O_QLKD_23)"
K_QLKD_690,DATA EXPLORER,Nhóm 47 — Báo cáo giám sát (STT 47),Có tối thiểu 3 nhân viên có chứng chỉ hành nghề cho mỗi nghiệp vụ >> Tháng 1,Cơ sở,QLKD,,,,,"Pending - chưa thiết kế nguồn (gap Atomic REPORT_CELL_VALUE, xem O_QLKD_23)"
K_QLKD_691,DATA EXPLORER,Nhóm 47 — Báo cáo giám sát (STT 47),Có tối thiểu 3 nhân viên có chứng chỉ hành nghề cho mỗi nghiệp vụ >> Tháng 2,Cơ sở,QLKD,,,,,"Pending - chưa thiết kế nguồn (gap Atomic REPORT_CELL_VALUE, xem O_QLKD_23)"
K_QLKD_692,DATA EXPLORER,Nhóm 47 — Báo cáo giám sát (STT 47),Có tối thiểu 3 nhân viên có chứng chỉ hành nghề cho mỗi nghiệp vụ >> Tháng 3,Cơ sở,QLKD,,,,,"Pending - chưa thiết kế nguồn (gap Atomic REPORT_CELL_VALUE, xem O_QLKD_23)"
K_QLKD_693,DATA EXPLORER,Nhóm 47 — Báo cáo giám sát (STT 47),Có tối thiểu 3 nhân viên có chứng chỉ hành nghề cho mỗi nghiệp vụ >> Tháng 4,Cơ sở,QLKD,,,,,"Pending - chưa thiết kế nguồn (gap Atomic REPORT_CELL_VALUE, xem O_QLKD_23)"
K_QLKD_694,DATA EXPLORER,Nhóm 47 — Báo cáo giám sát (STT 47),Có tối thiểu 3 nhân viên có chứng chỉ hành nghề cho mỗi nghiệp vụ >> Tháng 5,Cơ sở,QLKD,,,,,"Pending - chưa thiết kế nguồn (gap Atomic REPORT_CELL_VALUE, xem O_QLKD_23)"
K_QLKD_695,DATA EXPLORER,Nhóm 47 — Báo cáo giám sát (STT 47),Có tối thiểu 3 nhân viên có chứng chỉ hành nghề cho mỗi nghiệp vụ >> Tháng 6,Cơ sở,QLKD,,,,,"Pending - chưa thiết kế nguồn (gap Atomic REPORT_CELL_VALUE, xem O_QLKD_23)"
K_QLKD_696,DATA EXPLORER,Nhóm 47 — Báo cáo giám sát (STT 47),Có tối thiểu 3 nhân viên có chứng chỉ hành nghề cho mỗi nghiệp vụ >> Tháng 7,Cơ sở,QLKD,,,,,"Pending - chưa thiết kế nguồn (gap Atomic REPORT_CELL_VALUE, xem O_QLKD_23)"
K_QLKD_697,DATA EXPLORER,Nhóm 47 — Báo cáo giám sát (STT 47),Có tối thiểu 3 nhân viên có chứng chỉ hành nghề cho mỗi nghiệp vụ >> Tháng 8,Cơ sở,QLKD,,,,,"Pending - chưa thiết kế nguồn (gap Atomic REPORT_CELL_VALUE, xem O_QLKD_23)"
K_QLKD_698,DATA EXPLORER,Nhóm 47 — Báo cáo giám sát (STT 47),Có tối thiểu 3 nhân viên có chứng chỉ hành nghề cho mỗi nghiệp vụ >> Tháng 9,Cơ sở,QLKD,,,,,"Pending - chưa thiết kế nguồn (gap Atomic REPORT_CELL_VALUE, xem O_QLKD_23)"
K_QLKD_699,DATA EXPLORER,Nhóm 47 — Báo cáo giám sát (STT 47),Có tối thiểu 3 nhân viên có chứng chỉ hành nghề cho mỗi nghiệp vụ >> Tháng 10,Cơ sở,QLKD,,,,,"Pending - chưa thiết kế nguồn (gap Atomic REPORT_CELL_VALUE, xem O_QLKD_23)"
K_QLKD_700,DATA EXPLORER,Nhóm 47 — Báo cáo giám sát (STT 47),Có tối thiểu 3 nhân viên có chứng chỉ hành nghề cho mỗi nghiệp vụ >> Tháng 11,Cơ sở,QLKD,,,,,"Pending - chưa thiết kế nguồn (gap Atomic REPORT_CELL_VALUE, xem O_QLKD_23)"
K_QLKD_701,DATA EXPLORER,Nhóm 47 — Báo cáo giám sát (STT 47),Có tối thiểu 3 nhân viên có chứng chỉ hành nghề cho mỗi nghiệp vụ >> Tháng 12,Cơ sở,QLKD,,,,,"Pending - chưa thiết kế nguồn (gap Atomic REPORT_CELL_VALUE, xem O_QLKD_23)"
K_QLKD_702,DATA EXPLORER,Nhóm 48 — Báo cáo giám sát (STT 48),Loại báo cáo,Chiều,QLKD,,,,,"Pending - chưa thiết kế nguồn (gap Atomic REPORT_CELL_VALUE, xem O_QLKD_23)"
K_QLKD_703,DATA EXPLORER,Nhóm 48 — Báo cáo giám sát (STT 48),Kỳ báo cáo,Chiều,QLKD,,,,,"Pending - chưa thiết kế nguồn (gap Atomic REPORT_CELL_VALUE, xem O_QLKD_23)"
K_QLKD_704,DATA EXPLORER,Nhóm 48 — Báo cáo giám sát (STT 48),Mã báo cáo,Chiều,QLKD,,,,,"Pending - chưa thiết kế nguồn (gap Atomic REPORT_CELL_VALUE, xem O_QLKD_23)"
K_QLKD_705,DATA EXPLORER,Nhóm 48 — Báo cáo giám sát (STT 48),Tên báo cáo,Chiều,QLKD,,,,,"Pending - chưa thiết kế nguồn (gap Atomic REPORT_CELL_VALUE, xem O_QLKD_23)"
K_QLKD_706,DATA EXPLORER,Nhóm 48 — Báo cáo giám sát (STT 48),Mã sheet,Chiều,QLKD,,,,,"Pending - chưa thiết kế nguồn (gap Atomic REPORT_CELL_VALUE, xem O_QLKD_23)"
K_QLKD_707,DATA EXPLORER,Nhóm 48 — Báo cáo giám sát (STT 48),Tên sheet,Chiều,QLKD,,,,,"Pending - chưa thiết kế nguồn (gap Atomic REPORT_CELL_VALUE, xem O_QLKD_23)"
K_QLKD_708,DATA EXPLORER,Nhóm 48 — Báo cáo giám sát (STT 48),Mã chỉ tiêu,Chiều,QLKD,,,,,"Pending - chưa thiết kế nguồn (gap Atomic REPORT_CELL_VALUE, xem O_QLKD_23)"
K_QLKD_709,DATA EXPLORER,Nhóm 48 — Báo cáo giám sát (STT 48),Tên chỉ tiêu,Chiều,QLKD,,,,,"Pending - chưa thiết kế nguồn (gap Atomic REPORT_CELL_VALUE, xem O_QLKD_23)"
K_QLKD_710,DATA EXPLORER,Nhóm 48 — Báo cáo giám sát (STT 48),Tên công ty chứng khoán,Cơ sở,QLKD,,,,,"Pending - chưa thiết kế nguồn (gap Atomic REPORT_CELL_VALUE, xem O_QLKD_23)"
K_QLKD_711,DATA EXPLORER,Nhóm 48 — Báo cáo giám sát (STT 48),Địa chỉ trụ sở chính,Cơ sở,QLKD,,,,,"Pending - chưa thiết kế nguồn (gap Atomic REPORT_CELL_VALUE, xem O_QLKD_23)"
K_QLKD_712,DATA EXPLORER,Nhóm 48 — Báo cáo giám sát (STT 48),Số điện thoại,Cơ sở,QLKD,,,,,"Pending - chưa thiết kế nguồn (gap Atomic REPORT_CELL_VALUE, xem O_QLKD_23)"
K_QLKD_713,DATA EXPLORER,Nhóm 48 — Báo cáo giám sát (STT 48),Số giấy phép thành lập và hoạt động lần đầu,Cơ sở,QLKD,,,,,"Pending - chưa thiết kế nguồn (gap Atomic REPORT_CELL_VALUE, xem O_QLKD_23)"
K_QLKD_714,DATA EXPLORER,Nhóm 48 — Báo cáo giám sát (STT 48),"Ngày giấy phép lần đầu
(Ngày/tháng/năm)",Cơ sở,QLKD,,,,,"Pending - chưa thiết kế nguồn (gap Atomic REPORT_CELL_VALUE, xem O_QLKD_23)"
K_QLKD_715,DATA EXPLORER,Nhóm 48 — Báo cáo giám sát (STT 48),Mã số doanh nghiệp,Cơ sở,QLKD,,,,,"Pending - chưa thiết kế nguồn (gap Atomic REPORT_CELL_VALUE, xem O_QLKD_23)"
K_QLKD_716,DATA EXPLORER,Nhóm 48 — Báo cáo giám sát (STT 48),Sàn giao dịch cổ phiếu,Cơ sở,QLKD,,,,,"Pending - chưa thiết kế nguồn (gap Atomic REPORT_CELL_VALUE, xem O_QLKD_23)"
K_QLKD_717,DATA EXPLORER,Nhóm 48 — Báo cáo giám sát (STT 48),Mã cổ phiếu,Cơ sở,QLKD,,,,,"Pending - chưa thiết kế nguồn (gap Atomic REPORT_CELL_VALUE, xem O_QLKD_23)"
K_QLKD_718,DATA EXPLORER,Nhóm 48 — Báo cáo giám sát (STT 48),Vốn điều lệ (Đồng),Cơ sở,QLKD,,,,,"Pending - chưa thiết kế nguồn (gap Atomic REPORT_CELL_VALUE, xem O_QLKD_23)"
K_QLKD_719,DATA EXPLORER,Nhóm 48 — Báo cáo giám sát (STT 48),Website,Cơ sở,QLKD,,,,,"Pending - chưa thiết kế nguồn (gap Atomic REPORT_CELL_VALUE, xem O_QLKD_23)"
K_QLKD_720,DATA EXPLORER,Nhóm 48 — Báo cáo giám sát (STT 48),Trạng thái hoạt động,Cơ sở,QLKD,,,,,"Pending - chưa thiết kế nguồn (gap Atomic REPORT_CELL_VALUE, xem O_QLKD_23)"
K_QLKD_721,DATA EXPLORER,Nhóm 48 — Báo cáo giám sát (STT 48),Nghiệp vụ được phép hoạt động >> Môi giới chứng khoán,Cơ sở,QLKD,,,,,"Pending - chưa thiết kế nguồn (gap Atomic REPORT_CELL_VALUE, xem O_QLKD_23)"
K_QLKD_722,DATA EXPLORER,Nhóm 48 — Báo cáo giám sát (STT 48),Nghiệp vụ được phép hoạt động >> Tự doanh chứng khoán,Cơ sở,QLKD,,,,,"Pending - chưa thiết kế nguồn (gap Atomic REPORT_CELL_VALUE, xem O_QLKD_23)"
K_QLKD_723,DATA EXPLORER,Nhóm 48 — Báo cáo giám sát (STT 48),Nghiệp vụ được phép hoạt động >> Bảo lãnh phát hành chứng khoán,Cơ sở,QLKD,,,,,"Pending - chưa thiết kế nguồn (gap Atomic REPORT_CELL_VALUE, xem O_QLKD_23)"
K_QLKD_724,DATA EXPLORER,Nhóm 48 — Báo cáo giám sát (STT 48),Nghiệp vụ được phép hoạt động >> Tư vấn đầu tư chứng khoán,Cơ sở,QLKD,,,,,"Pending - chưa thiết kế nguồn (gap Atomic REPORT_CELL_VALUE, xem O_QLKD_23)"
K_QLKD_725,DATA EXPLORER,Nhóm 48 — Báo cáo giám sát (STT 48),Hoạt động kinh doanh chứng khoán phái sinh >> Giấy chứng nhận kinh doanh phái sinh,Cơ sở,QLKD,,,,,"Pending - chưa thiết kế nguồn (gap Atomic REPORT_CELL_VALUE, xem O_QLKD_23)"
K_QLKD_726,DATA EXPLORER,Nhóm 48 — Báo cáo giám sát (STT 48),Hoạt động kinh doanh chứng khoán phái sinh >> Môi giới chứng khoán phái sinh,Cơ sở,QLKD,,,,,"Pending - chưa thiết kế nguồn (gap Atomic REPORT_CELL_VALUE, xem O_QLKD_23)"
K_QLKD_727,DATA EXPLORER,Nhóm 48 — Báo cáo giám sát (STT 48),Hoạt động kinh doanh chứng khoán phái sinh >> Tự doanh chứng khoán phái sinh,Cơ sở,QLKD,,,,,"Pending - chưa thiết kế nguồn (gap Atomic REPORT_CELL_VALUE, xem O_QLKD_23)"
K_QLKD_728,DATA EXPLORER,Nhóm 48 — Báo cáo giám sát (STT 48),Hoạt động kinh doanh chứng khoán phái sinh >> Tư vấn đầu tư chứng khoán phái sinh,Cơ sở,QLKD,,,,,"Pending - chưa thiết kế nguồn (gap Atomic REPORT_CELL_VALUE, xem O_QLKD_23)"
K_QLKD_729,DATA EXPLORER,Nhóm 48 — Báo cáo giám sát (STT 48),Hạn chế vay nợ >> Tỷ lệ nợ/vốn chủ sở hữu không vượt quá 5 lần >> Quý I,Cơ sở,QLKD,,,,,"Pending - chưa thiết kế nguồn (gap Atomic REPORT_CELL_VALUE, xem O_QLKD_23)"
K_QLKD_730,DATA EXPLORER,Nhóm 48 — Báo cáo giám sát (STT 48),Hạn chế vay nợ >> Tỷ lệ nợ/vốn chủ sở hữu không vượt quá 5 lần >> Quý II,Cơ sở,QLKD,,,,,"Pending - chưa thiết kế nguồn (gap Atomic REPORT_CELL_VALUE, xem O_QLKD_23)"
K_QLKD_731,DATA EXPLORER,Nhóm 48 — Báo cáo giám sát (STT 48),Hạn chế vay nợ >> Tỷ lệ nợ/vốn chủ sở hữu không vượt quá 5 lần >> Bán niên,Cơ sở,QLKD,,,,,"Pending - chưa thiết kế nguồn (gap Atomic REPORT_CELL_VALUE, xem O_QLKD_23)"
K_QLKD_732,DATA EXPLORER,Nhóm 48 — Báo cáo giám sát (STT 48),Hạn chế vay nợ >> Tỷ lệ nợ/vốn chủ sở hữu không vượt quá 5 lần >> Quý III,Cơ sở,QLKD,,,,,"Pending - chưa thiết kế nguồn (gap Atomic REPORT_CELL_VALUE, xem O_QLKD_23)"
K_QLKD_733,DATA EXPLORER,Nhóm 48 — Báo cáo giám sát (STT 48),Hạn chế vay nợ >> Tỷ lệ nợ/vốn chủ sở hữu không vượt quá 5 lần >> Quý IV,Cơ sở,QLKD,,,,,"Pending - chưa thiết kế nguồn (gap Atomic REPORT_CELL_VALUE, xem O_QLKD_23)"
K_QLKD_734,DATA EXPLORER,Nhóm 48 — Báo cáo giám sát (STT 48),Hạn chế vay nợ >> Tỷ lệ nợ/vốn chủ sở hữu không vượt quá 5 lần >> Năm,Cơ sở,QLKD,,,,,"Pending - chưa thiết kế nguồn (gap Atomic REPORT_CELL_VALUE, xem O_QLKD_23)"
K_QLKD_735,DATA EXPLORER,Nhóm 48 — Báo cáo giám sát (STT 48),Hạn chế vay nợ >> Nợ ngắn hạn tối đa bằng tài sản ngắn hạn >> Quý I,Cơ sở,QLKD,,,,,"Pending - chưa thiết kế nguồn (gap Atomic REPORT_CELL_VALUE, xem O_QLKD_23)"
K_QLKD_736,DATA EXPLORER,Nhóm 48 — Báo cáo giám sát (STT 48),Hạn chế vay nợ >> Nợ ngắn hạn tối đa bằng tài sản ngắn hạn >> Quý II,Cơ sở,QLKD,,,,,"Pending - chưa thiết kế nguồn (gap Atomic REPORT_CELL_VALUE, xem O_QLKD_23)"
K_QLKD_737,DATA EXPLORER,Nhóm 48 — Báo cáo giám sát (STT 48),Hạn chế vay nợ >> Nợ ngắn hạn tối đa bằng tài sản ngắn hạn >> Bán niên,Cơ sở,QLKD,,,,,"Pending - chưa thiết kế nguồn (gap Atomic REPORT_CELL_VALUE, xem O_QLKD_23)"
K_QLKD_738,DATA EXPLORER,Nhóm 48 — Báo cáo giám sát (STT 48),Hạn chế vay nợ >> Nợ ngắn hạn tối đa bằng tài sản ngắn hạn >> Quý III,Cơ sở,QLKD,,,,,"Pending - chưa thiết kế nguồn (gap Atomic REPORT_CELL_VALUE, xem O_QLKD_23)"
K_QLKD_739,DATA EXPLORER,Nhóm 48 — Báo cáo giám sát (STT 48),Hạn chế vay nợ >> Nợ ngắn hạn tối đa bằng tài sản ngắn hạn >> Quý IV,Cơ sở,QLKD,,,,,"Pending - chưa thiết kế nguồn (gap Atomic REPORT_CELL_VALUE, xem O_QLKD_23)"
K_QLKD_740,DATA EXPLORER,Nhóm 48 — Báo cáo giám sát (STT 48),Hạn chế vay nợ >> Nợ ngắn hạn tối đa bằng tài sản ngắn hạn >> Năm,Cơ sở,QLKD,,,,,"Pending - chưa thiết kế nguồn (gap Atomic REPORT_CELL_VALUE, xem O_QLKD_23)"
K_QLKD_741,DATA EXPLORER,Nhóm 48 — Báo cáo giám sát (STT 48),"Hạn chế cho vay >> Cho vay đối với chủ sở hữu, cổ đông lớn, thành viên HĐQT, BKS, HĐTV, KTT >> Quý I",Cơ sở,QLKD,,,,,"Pending - chưa thiết kế nguồn (gap Atomic REPORT_CELL_VALUE, xem O_QLKD_23)"
K_QLKD_742,DATA EXPLORER,Nhóm 48 — Báo cáo giám sát (STT 48),"Hạn chế cho vay >> Cho vay đối với chủ sở hữu, cổ đông lớn, thành viên HĐQT, BKS, HĐTV, KTT >> Quý II",Cơ sở,QLKD,,,,,"Pending - chưa thiết kế nguồn (gap Atomic REPORT_CELL_VALUE, xem O_QLKD_23)"
K_QLKD_743,DATA EXPLORER,Nhóm 48 — Báo cáo giám sát (STT 48),"Hạn chế cho vay >> Cho vay đối với chủ sở hữu, cổ đông lớn, thành viên HĐQT, BKS, HĐTV, KTT >> Bán niên",Cơ sở,QLKD,,,,,"Pending - chưa thiết kế nguồn (gap Atomic REPORT_CELL_VALUE, xem O_QLKD_23)"
K_QLKD_744,DATA EXPLORER,Nhóm 48 — Báo cáo giám sát (STT 48),"Hạn chế cho vay >> Cho vay đối với chủ sở hữu, cổ đông lớn, thành viên HĐQT, BKS, HĐTV, KTT >> Quý III",Cơ sở,QLKD,,,,,"Pending - chưa thiết kế nguồn (gap Atomic REPORT_CELL_VALUE, xem O_QLKD_23)"
K_QLKD_745,DATA EXPLORER,Nhóm 48 — Báo cáo giám sát (STT 48),"Hạn chế cho vay >> Cho vay đối với chủ sở hữu, cổ đông lớn, thành viên HĐQT, BKS, HĐTV, KTT >> Quý IV",Cơ sở,QLKD,,,,,"Pending - chưa thiết kế nguồn (gap Atomic REPORT_CELL_VALUE, xem O_QLKD_23)"
K_QLKD_746,DATA EXPLORER,Nhóm 48 — Báo cáo giám sát (STT 48),"Hạn chế cho vay >> Cho vay đối với chủ sở hữu, cổ đông lớn, thành viên HĐQT, BKS, HĐTV, KTT >> Năm",Cơ sở,QLKD,,,,,"Pending - chưa thiết kế nguồn (gap Atomic REPORT_CELL_VALUE, xem O_QLKD_23)"
K_QLKD_747,DATA EXPLORER,Nhóm 48 — Báo cáo giám sát (STT 48),Cho vay giao dịch ký quỹ >> Tỷ lệ dư nợ cho vay ký quỹ/Vốn chủ sở hữu (không vượt quá 200%) >> Tháng 1,Cơ sở,QLKD,,,,,"Pending - chưa thiết kế nguồn (gap Atomic REPORT_CELL_VALUE, xem O_QLKD_23)"
K_QLKD_748,DATA EXPLORER,Nhóm 48 — Báo cáo giám sát (STT 48),Cho vay giao dịch ký quỹ >> Tỷ lệ dư nợ cho vay ký quỹ/Vốn chủ sở hữu (không vượt quá 200%) >> Tháng 2,Cơ sở,QLKD,,,,,"Pending - chưa thiết kế nguồn (gap Atomic REPORT_CELL_VALUE, xem O_QLKD_23)"
K_QLKD_749,DATA EXPLORER,Nhóm 48 — Báo cáo giám sát (STT 48),Cho vay giao dịch ký quỹ >> Tỷ lệ dư nợ cho vay ký quỹ/Vốn chủ sở hữu (không vượt quá 200%) >> Tháng 3,Cơ sở,QLKD,,,,,"Pending - chưa thiết kế nguồn (gap Atomic REPORT_CELL_VALUE, xem O_QLKD_23)"
K_QLKD_750,DATA EXPLORER,Nhóm 48 — Báo cáo giám sát (STT 48),Cho vay giao dịch ký quỹ >> Tỷ lệ dư nợ cho vay ký quỹ/Vốn chủ sở hữu (không vượt quá 200%) >> Tháng 4,Cơ sở,QLKD,,,,,"Pending - chưa thiết kế nguồn (gap Atomic REPORT_CELL_VALUE, xem O_QLKD_23)"
K_QLKD_751,DATA EXPLORER,Nhóm 48 — Báo cáo giám sát (STT 48),Cho vay giao dịch ký quỹ >> Tỷ lệ dư nợ cho vay ký quỹ/Vốn chủ sở hữu (không vượt quá 200%) >> Tháng 5,Cơ sở,QLKD,,,,,"Pending - chưa thiết kế nguồn (gap Atomic REPORT_CELL_VALUE, xem O_QLKD_23)"
K_QLKD_752,DATA EXPLORER,Nhóm 48 — Báo cáo giám sát (STT 48),Cho vay giao dịch ký quỹ >> Tỷ lệ dư nợ cho vay ký quỹ/Vốn chủ sở hữu (không vượt quá 200%) >> Tháng 6,Cơ sở,QLKD,,,,,"Pending - chưa thiết kế nguồn (gap Atomic REPORT_CELL_VALUE, xem O_QLKD_23)"
K_QLKD_753,DATA EXPLORER,Nhóm 48 — Báo cáo giám sát (STT 48),Cho vay giao dịch ký quỹ >> Tỷ lệ dư nợ cho vay ký quỹ/Vốn chủ sở hữu (không vượt quá 200%) >> Bán niên,Cơ sở,QLKD,,,,,"Pending - chưa thiết kế nguồn (gap Atomic REPORT_CELL_VALUE, xem O_QLKD_23)"
K_QLKD_754,DATA EXPLORER,Nhóm 48 — Báo cáo giám sát (STT 48),Cho vay giao dịch ký quỹ >> Tỷ lệ dư nợ cho vay ký quỹ/Vốn chủ sở hữu (không vượt quá 200%) >> Tháng 7,Cơ sở,QLKD,,,,,"Pending - chưa thiết kế nguồn (gap Atomic REPORT_CELL_VALUE, xem O_QLKD_23)"
K_QLKD_755,DATA EXPLORER,Nhóm 48 — Báo cáo giám sát (STT 48),Cho vay giao dịch ký quỹ >> Tỷ lệ dư nợ cho vay ký quỹ/Vốn chủ sở hữu (không vượt quá 200%) >> Tháng 8,Cơ sở,QLKD,,,,,"Pending - chưa thiết kế nguồn (gap Atomic REPORT_CELL_VALUE, xem O_QLKD_23)"
K_QLKD_756,DATA EXPLORER,Nhóm 48 — Báo cáo giám sát (STT 48),Cho vay giao dịch ký quỹ >> Tỷ lệ dư nợ cho vay ký quỹ/Vốn chủ sở hữu (không vượt quá 200%) >> Tháng 9,Cơ sở,QLKD,,,,,"Pending - chưa thiết kế nguồn (gap Atomic REPORT_CELL_VALUE, xem O_QLKD_23)"
K_QLKD_757,DATA EXPLORER,Nhóm 48 — Báo cáo giám sát (STT 48),Cho vay giao dịch ký quỹ >> Tỷ lệ dư nợ cho vay ký quỹ/Vốn chủ sở hữu (không vượt quá 200%) >> Tháng 10,Cơ sở,QLKD,,,,,"Pending - chưa thiết kế nguồn (gap Atomic REPORT_CELL_VALUE, xem O_QLKD_23)"
K_QLKD_758,DATA EXPLORER,Nhóm 48 — Báo cáo giám sát (STT 48),Cho vay giao dịch ký quỹ >> Tỷ lệ dư nợ cho vay ký quỹ/Vốn chủ sở hữu (không vượt quá 200%) >> Tháng 11,Cơ sở,QLKD,,,,,"Pending - chưa thiết kế nguồn (gap Atomic REPORT_CELL_VALUE, xem O_QLKD_23)"
K_QLKD_759,DATA EXPLORER,Nhóm 48 — Báo cáo giám sát (STT 48),Cho vay giao dịch ký quỹ >> Tỷ lệ dư nợ cho vay ký quỹ/Vốn chủ sở hữu (không vượt quá 200%) >> Tháng 12,Cơ sở,QLKD,,,,,"Pending - chưa thiết kế nguồn (gap Atomic REPORT_CELL_VALUE, xem O_QLKD_23)"
K_QLKD_760,DATA EXPLORER,Nhóm 48 — Báo cáo giám sát (STT 48),Cho vay giao dịch ký quỹ >> Tỷ lệ dư nợ cho vay ký quỹ/Vốn chủ sở hữu (không vượt quá 200%) >> Năm,Cơ sở,QLKD,,,,,"Pending - chưa thiết kế nguồn (gap Atomic REPORT_CELL_VALUE, xem O_QLKD_23)"
K_QLKD_761,DATA EXPLORER,Nhóm 48 — Báo cáo giám sát (STT 48),Cho vay giao dịch ký quỹ >> Tỷ lệ dư nợ cho vay ký quỹ đối với một mã cổ phiếu/Vốn chủ sở hữu (không vượt quá 10%) >> Tháng 1,Cơ sở,QLKD,,,,,"Pending - chưa thiết kế nguồn (gap Atomic REPORT_CELL_VALUE, xem O_QLKD_23)"
K_QLKD_762,DATA EXPLORER,Nhóm 48 — Báo cáo giám sát (STT 48),Cho vay giao dịch ký quỹ >> Tỷ lệ dư nợ cho vay ký quỹ đối với một mã cổ phiếu/Vốn chủ sở hữu (không vượt quá 10%) >> Tháng 2,Cơ sở,QLKD,,,,,"Pending - chưa thiết kế nguồn (gap Atomic REPORT_CELL_VALUE, xem O_QLKD_23)"
K_QLKD_763,DATA EXPLORER,Nhóm 48 — Báo cáo giám sát (STT 48),Cho vay giao dịch ký quỹ >> Tỷ lệ dư nợ cho vay ký quỹ đối với một mã cổ phiếu/Vốn chủ sở hữu (không vượt quá 10%) >> Tháng 3,Cơ sở,QLKD,,,,,"Pending - chưa thiết kế nguồn (gap Atomic REPORT_CELL_VALUE, xem O_QLKD_23)"
K_QLKD_764,DATA EXPLORER,Nhóm 48 — Báo cáo giám sát (STT 48),Cho vay giao dịch ký quỹ >> Tỷ lệ dư nợ cho vay ký quỹ đối với một mã cổ phiếu/Vốn chủ sở hữu (không vượt quá 10%) >> Tháng 4,Cơ sở,QLKD,,,,,"Pending - chưa thiết kế nguồn (gap Atomic REPORT_CELL_VALUE, xem O_QLKD_23)"
K_QLKD_765,DATA EXPLORER,Nhóm 48 — Báo cáo giám sát (STT 48),Cho vay giao dịch ký quỹ >> Tỷ lệ dư nợ cho vay ký quỹ đối với một mã cổ phiếu/Vốn chủ sở hữu (không vượt quá 10%) >> Tháng 5,Cơ sở,QLKD,,,,,"Pending - chưa thiết kế nguồn (gap Atomic REPORT_CELL_VALUE, xem O_QLKD_23)"
K_QLKD_766,DATA EXPLORER,Nhóm 48 — Báo cáo giám sát (STT 48),Cho vay giao dịch ký quỹ >> Tỷ lệ dư nợ cho vay ký quỹ đối với một mã cổ phiếu/Vốn chủ sở hữu (không vượt quá 10%) >> Tháng 6,Cơ sở,QLKD,,,,,"Pending - chưa thiết kế nguồn (gap Atomic REPORT_CELL_VALUE, xem O_QLKD_23)"
K_QLKD_767,DATA EXPLORER,Nhóm 48 — Báo cáo giám sát (STT 48),Cho vay giao dịch ký quỹ >> Tỷ lệ dư nợ cho vay ký quỹ đối với một mã cổ phiếu/Vốn chủ sở hữu (không vượt quá 10%) >> Bán niên,Cơ sở,QLKD,,,,,"Pending - chưa thiết kế nguồn (gap Atomic REPORT_CELL_VALUE, xem O_QLKD_23)"
K_QLKD_768,DATA EXPLORER,Nhóm 48 — Báo cáo giám sát (STT 48),Cho vay giao dịch ký quỹ >> Tỷ lệ dư nợ cho vay ký quỹ đối với một mã cổ phiếu/Vốn chủ sở hữu (không vượt quá 10%) >> Tháng 7,Cơ sở,QLKD,,,,,"Pending - chưa thiết kế nguồn (gap Atomic REPORT_CELL_VALUE, xem O_QLKD_23)"
K_QLKD_769,DATA EXPLORER,Nhóm 48 — Báo cáo giám sát (STT 48),Cho vay giao dịch ký quỹ >> Tỷ lệ dư nợ cho vay ký quỹ đối với một mã cổ phiếu/Vốn chủ sở hữu (không vượt quá 10%) >> Tháng 8,Cơ sở,QLKD,,,,,"Pending - chưa thiết kế nguồn (gap Atomic REPORT_CELL_VALUE, xem O_QLKD_23)"
K_QLKD_770,DATA EXPLORER,Nhóm 48 — Báo cáo giám sát (STT 48),Cho vay giao dịch ký quỹ >> Tỷ lệ dư nợ cho vay ký quỹ đối với một mã cổ phiếu/Vốn chủ sở hữu (không vượt quá 10%) >> Tháng 9,Cơ sở,QLKD,,,,,"Pending - chưa thiết kế nguồn (gap Atomic REPORT_CELL_VALUE, xem O_QLKD_23)"
K_QLKD_771,DATA EXPLORER,Nhóm 48 — Báo cáo giám sát (STT 48),Cho vay giao dịch ký quỹ >> Tỷ lệ dư nợ cho vay ký quỹ đối với một mã cổ phiếu/Vốn chủ sở hữu (không vượt quá 10%) >> Tháng 10,Cơ sở,QLKD,,,,,"Pending - chưa thiết kế nguồn (gap Atomic REPORT_CELL_VALUE, xem O_QLKD_23)"
K_QLKD_772,DATA EXPLORER,Nhóm 48 — Báo cáo giám sát (STT 48),Cho vay giao dịch ký quỹ >> Tỷ lệ dư nợ cho vay ký quỹ đối với một mã cổ phiếu/Vốn chủ sở hữu (không vượt quá 10%) >> Tháng 11,Cơ sở,QLKD,,,,,"Pending - chưa thiết kế nguồn (gap Atomic REPORT_CELL_VALUE, xem O_QLKD_23)"
K_QLKD_773,DATA EXPLORER,Nhóm 48 — Báo cáo giám sát (STT 48),Cho vay giao dịch ký quỹ >> Tỷ lệ dư nợ cho vay ký quỹ đối với một mã cổ phiếu/Vốn chủ sở hữu (không vượt quá 10%) >> Tháng 12,Cơ sở,QLKD,,,,,"Pending - chưa thiết kế nguồn (gap Atomic REPORT_CELL_VALUE, xem O_QLKD_23)"
K_QLKD_774,DATA EXPLORER,Nhóm 48 — Báo cáo giám sát (STT 48),Cho vay giao dịch ký quỹ >> Tỷ lệ dư nợ cho vay ký quỹ đối với một mã cổ phiếu/Vốn chủ sở hữu (không vượt quá 10%) >> Năm,Cơ sở,QLKD,,,,,"Pending - chưa thiết kế nguồn (gap Atomic REPORT_CELL_VALUE, xem O_QLKD_23)"
K_QLKD_775,DATA EXPLORER,Nhóm 48 — Báo cáo giám sát (STT 48),Cho vay giao dịch ký quỹ >> Tổng số chứng khoán cho vay giao dịch ký quỹ/Tổng số chứng khoán niêm yết của một tổ chức (không được vượt quá 5%) >> Tháng 1,Cơ sở,QLKD,,,,,"Pending - chưa thiết kế nguồn (gap Atomic REPORT_CELL_VALUE, xem O_QLKD_23)"
K_QLKD_776,DATA EXPLORER,Nhóm 48 — Báo cáo giám sát (STT 48),Cho vay giao dịch ký quỹ >> Tổng số chứng khoán cho vay giao dịch ký quỹ/Tổng số chứng khoán niêm yết của một tổ chức (không được vượt quá 5%) >> Tháng 2,Cơ sở,QLKD,,,,,"Pending - chưa thiết kế nguồn (gap Atomic REPORT_CELL_VALUE, xem O_QLKD_23)"
K_QLKD_777,DATA EXPLORER,Nhóm 48 — Báo cáo giám sát (STT 48),Cho vay giao dịch ký quỹ >> Tổng số chứng khoán cho vay giao dịch ký quỹ/Tổng số chứng khoán niêm yết của một tổ chức (không được vượt quá 5%) >> Tháng 3,Cơ sở,QLKD,,,,,"Pending - chưa thiết kế nguồn (gap Atomic REPORT_CELL_VALUE, xem O_QLKD_23)"
K_QLKD_778,DATA EXPLORER,Nhóm 48 — Báo cáo giám sát (STT 48),Cho vay giao dịch ký quỹ >> Tổng số chứng khoán cho vay giao dịch ký quỹ/Tổng số chứng khoán niêm yết của một tổ chức (không được vượt quá 5%) >> Tháng 4,Cơ sở,QLKD,,,,,"Pending - chưa thiết kế nguồn (gap Atomic REPORT_CELL_VALUE, xem O_QLKD_23)"
K_QLKD_779,DATA EXPLORER,Nhóm 48 — Báo cáo giám sát (STT 48),Cho vay giao dịch ký quỹ >> Tổng số chứng khoán cho vay giao dịch ký quỹ/Tổng số chứng khoán niêm yết của một tổ chức (không được vượt quá 5%) >> Tháng 5,Cơ sở,QLKD,,,,,"Pending - chưa thiết kế nguồn (gap Atomic REPORT_CELL_VALUE, xem O_QLKD_23)"
K_QLKD_780,DATA EXPLORER,Nhóm 48 — Báo cáo giám sát (STT 48),Cho vay giao dịch ký quỹ >> Tổng số chứng khoán cho vay giao dịch ký quỹ/Tổng số chứng khoán niêm yết của một tổ chức (không được vượt quá 5%) >> Tháng 6,Cơ sở,QLKD,,,,,"Pending - chưa thiết kế nguồn (gap Atomic REPORT_CELL_VALUE, xem O_QLKD_23)"
K_QLKD_781,DATA EXPLORER,Nhóm 48 — Báo cáo giám sát (STT 48),Cho vay giao dịch ký quỹ >> Tổng số chứng khoán cho vay giao dịch ký quỹ/Tổng số chứng khoán niêm yết của một tổ chức (không được vượt quá 5%) >> Tháng 7,Cơ sở,QLKD,,,,,"Pending - chưa thiết kế nguồn (gap Atomic REPORT_CELL_VALUE, xem O_QLKD_23)"
K_QLKD_782,DATA EXPLORER,Nhóm 48 — Báo cáo giám sát (STT 48),Cho vay giao dịch ký quỹ >> Tổng số chứng khoán cho vay giao dịch ký quỹ/Tổng số chứng khoán niêm yết của một tổ chức (không được vượt quá 5%) >> Tháng 8,Cơ sở,QLKD,,,,,"Pending - chưa thiết kế nguồn (gap Atomic REPORT_CELL_VALUE, xem O_QLKD_23)"
K_QLKD_783,DATA EXPLORER,Nhóm 48 — Báo cáo giám sát (STT 48),Cho vay giao dịch ký quỹ >> Tổng số chứng khoán cho vay giao dịch ký quỹ/Tổng số chứng khoán niêm yết của một tổ chức (không được vượt quá 5%) >> Tháng 9,Cơ sở,QLKD,,,,,"Pending - chưa thiết kế nguồn (gap Atomic REPORT_CELL_VALUE, xem O_QLKD_23)"
K_QLKD_784,DATA EXPLORER,Nhóm 48 — Báo cáo giám sát (STT 48),Cho vay giao dịch ký quỹ >> Tổng số chứng khoán cho vay giao dịch ký quỹ/Tổng số chứng khoán niêm yết của một tổ chức (không được vượt quá 5%) >> Tháng 10,Cơ sở,QLKD,,,,,"Pending - chưa thiết kế nguồn (gap Atomic REPORT_CELL_VALUE, xem O_QLKD_23)"
K_QLKD_785,DATA EXPLORER,Nhóm 48 — Báo cáo giám sát (STT 48),Cho vay giao dịch ký quỹ >> Tổng số chứng khoán cho vay giao dịch ký quỹ/Tổng số chứng khoán niêm yết của một tổ chức (không được vượt quá 5%) >> Tháng 11,Cơ sở,QLKD,,,,,"Pending - chưa thiết kế nguồn (gap Atomic REPORT_CELL_VALUE, xem O_QLKD_23)"
K_QLKD_786,DATA EXPLORER,Nhóm 48 — Báo cáo giám sát (STT 48),Cho vay giao dịch ký quỹ >> Tổng số chứng khoán cho vay giao dịch ký quỹ/Tổng số chứng khoán niêm yết của một tổ chức (không được vượt quá 5%) >> Tháng 12,Cơ sở,QLKD,,,,,"Pending - chưa thiết kế nguồn (gap Atomic REPORT_CELL_VALUE, xem O_QLKD_23)"
K_QLKD_787,DATA EXPLORER,Nhóm 48 — Báo cáo giám sát (STT 48),Cho vay giao dịch ký quỹ >> Cho vay giao dịch ký quỹ ngoài danh sách cổ phiếu đủ tiêu chuẩn >> Tháng 1,Cơ sở,QLKD,,,,,"Pending - chưa thiết kế nguồn (gap Atomic REPORT_CELL_VALUE, xem O_QLKD_23)"
K_QLKD_788,DATA EXPLORER,Nhóm 48 — Báo cáo giám sát (STT 48),Cho vay giao dịch ký quỹ >> Cho vay giao dịch ký quỹ ngoài danh sách cổ phiếu đủ tiêu chuẩn >> Tháng 2,Cơ sở,QLKD,,,,,"Pending - chưa thiết kế nguồn (gap Atomic REPORT_CELL_VALUE, xem O_QLKD_23)"
K_QLKD_789,DATA EXPLORER,Nhóm 48 — Báo cáo giám sát (STT 48),Cho vay giao dịch ký quỹ >> Cho vay giao dịch ký quỹ ngoài danh sách cổ phiếu đủ tiêu chuẩn >> Tháng 3,Cơ sở,QLKD,,,,,"Pending - chưa thiết kế nguồn (gap Atomic REPORT_CELL_VALUE, xem O_QLKD_23)"
K_QLKD_790,DATA EXPLORER,Nhóm 48 — Báo cáo giám sát (STT 48),Cho vay giao dịch ký quỹ >> Cho vay giao dịch ký quỹ ngoài danh sách cổ phiếu đủ tiêu chuẩn >> Tháng 4,Cơ sở,QLKD,,,,,"Pending - chưa thiết kế nguồn (gap Atomic REPORT_CELL_VALUE, xem O_QLKD_23)"
K_QLKD_791,DATA EXPLORER,Nhóm 48 — Báo cáo giám sát (STT 48),Cho vay giao dịch ký quỹ >> Cho vay giao dịch ký quỹ ngoài danh sách cổ phiếu đủ tiêu chuẩn >> Tháng 5,Cơ sở,QLKD,,,,,"Pending - chưa thiết kế nguồn (gap Atomic REPORT_CELL_VALUE, xem O_QLKD_23)"
K_QLKD_792,DATA EXPLORER,Nhóm 48 — Báo cáo giám sát (STT 48),Cho vay giao dịch ký quỹ >> Cho vay giao dịch ký quỹ ngoài danh sách cổ phiếu đủ tiêu chuẩn >> Tháng 6,Cơ sở,QLKD,,,,,"Pending - chưa thiết kế nguồn (gap Atomic REPORT_CELL_VALUE, xem O_QLKD_23)"
K_QLKD_793,DATA EXPLORER,Nhóm 48 — Báo cáo giám sát (STT 48),Cho vay giao dịch ký quỹ >> Cho vay giao dịch ký quỹ ngoài danh sách cổ phiếu đủ tiêu chuẩn >> Tháng 7,Cơ sở,QLKD,,,,,"Pending - chưa thiết kế nguồn (gap Atomic REPORT_CELL_VALUE, xem O_QLKD_23)"
K_QLKD_794,DATA EXPLORER,Nhóm 48 — Báo cáo giám sát (STT 48),Cho vay giao dịch ký quỹ >> Cho vay giao dịch ký quỹ ngoài danh sách cổ phiếu đủ tiêu chuẩn >> Tháng 8,Cơ sở,QLKD,,,,,"Pending - chưa thiết kế nguồn (gap Atomic REPORT_CELL_VALUE, xem O_QLKD_23)"
K_QLKD_795,DATA EXPLORER,Nhóm 48 — Báo cáo giám sát (STT 48),Cho vay giao dịch ký quỹ >> Cho vay giao dịch ký quỹ ngoài danh sách cổ phiếu đủ tiêu chuẩn >> Tháng 9,Cơ sở,QLKD,,,,,"Pending - chưa thiết kế nguồn (gap Atomic REPORT_CELL_VALUE, xem O_QLKD_23)"
K_QLKD_796,DATA EXPLORER,Nhóm 48 — Báo cáo giám sát (STT 48),Cho vay giao dịch ký quỹ >> Cho vay giao dịch ký quỹ ngoài danh sách cổ phiếu đủ tiêu chuẩn >> Tháng 10,Cơ sở,QLKD,,,,,"Pending - chưa thiết kế nguồn (gap Atomic REPORT_CELL_VALUE, xem O_QLKD_23)"
K_QLKD_797,DATA EXPLORER,Nhóm 48 — Báo cáo giám sát (STT 48),Cho vay giao dịch ký quỹ >> Cho vay giao dịch ký quỹ ngoài danh sách cổ phiếu đủ tiêu chuẩn >> Tháng 11,Cơ sở,QLKD,,,,,"Pending - chưa thiết kế nguồn (gap Atomic REPORT_CELL_VALUE, xem O_QLKD_23)"
K_QLKD_798,DATA EXPLORER,Nhóm 48 — Báo cáo giám sát (STT 48),Cho vay giao dịch ký quỹ >> Cho vay giao dịch ký quỹ ngoài danh sách cổ phiếu đủ tiêu chuẩn >> Tháng 12,Cơ sở,QLKD,,,,,"Pending - chưa thiết kế nguồn (gap Atomic REPORT_CELL_VALUE, xem O_QLKD_23)"
K_QLKD_799,DATA EXPLORER,Nhóm 48 — Báo cáo giám sát (STT 48),Cho vay giao dịch ký quỹ >> Cho vay giao dịch ký quỹ đối với cổ phiếu do chính công ty chứng khoán bảo lãnh phát hành theo hình thức cam kết chắc chắn từ thời điểm công ty chứng khoán ký hợp đồng bảo lãnh đến hết 6 tháng tính từ khi hoàn tất đợt phát hành >> Tháng 1,Cơ sở,QLKD,,,,,"Pending - chưa thiết kế nguồn (gap Atomic REPORT_CELL_VALUE, xem O_QLKD_23)"
K_QLKD_800,DATA EXPLORER,Nhóm 48 — Báo cáo giám sát (STT 48),Cho vay giao dịch ký quỹ >> Cho vay giao dịch ký quỹ đối với cổ phiếu do chính công ty chứng khoán bảo lãnh phát hành theo hình thức cam kết chắc chắn từ thời điểm công ty chứng khoán ký hợp đồng bảo lãnh đến hết 6 tháng tính từ khi hoàn tất đợt phát hành >> Tháng 2,Cơ sở,QLKD,,,,,"Pending - chưa thiết kế nguồn (gap Atomic REPORT_CELL_VALUE, xem O_QLKD_23)"
K_QLKD_801,DATA EXPLORER,Nhóm 48 — Báo cáo giám sát (STT 48),Cho vay giao dịch ký quỹ >> Cho vay giao dịch ký quỹ đối với cổ phiếu do chính công ty chứng khoán bảo lãnh phát hành theo hình thức cam kết chắc chắn từ thời điểm công ty chứng khoán ký hợp đồng bảo lãnh đến hết 6 tháng tính từ khi hoàn tất đợt phát hành >> Tháng 3,Cơ sở,QLKD,,,,,"Pending - chưa thiết kế nguồn (gap Atomic REPORT_CELL_VALUE, xem O_QLKD_23)"
K_QLKD_802,DATA EXPLORER,Nhóm 48 — Báo cáo giám sát (STT 48),Cho vay giao dịch ký quỹ >> Cho vay giao dịch ký quỹ đối với cổ phiếu do chính công ty chứng khoán bảo lãnh phát hành theo hình thức cam kết chắc chắn từ thời điểm công ty chứng khoán ký hợp đồng bảo lãnh đến hết 6 tháng tính từ khi hoàn tất đợt phát hành >> Tháng 4,Cơ sở,QLKD,,,,,"Pending - chưa thiết kế nguồn (gap Atomic REPORT_CELL_VALUE, xem O_QLKD_23)"
K_QLKD_803,DATA EXPLORER,Nhóm 48 — Báo cáo giám sát (STT 48),Cho vay giao dịch ký quỹ >> Cho vay giao dịch ký quỹ đối với cổ phiếu do chính công ty chứng khoán bảo lãnh phát hành theo hình thức cam kết chắc chắn từ thời điểm công ty chứng khoán ký hợp đồng bảo lãnh đến hết 6 tháng tính từ khi hoàn tất đợt phát hành >> Tháng 5,Cơ sở,QLKD,,,,,"Pending - chưa thiết kế nguồn (gap Atomic REPORT_CELL_VALUE, xem O_QLKD_23)"
K_QLKD_804,DATA EXPLORER,Nhóm 48 — Báo cáo giám sát (STT 48),Cho vay giao dịch ký quỹ >> Cho vay giao dịch ký quỹ đối với cổ phiếu do chính công ty chứng khoán bảo lãnh phát hành theo hình thức cam kết chắc chắn từ thời điểm công ty chứng khoán ký hợp đồng bảo lãnh đến hết 6 tháng tính từ khi hoàn tất đợt phát hành >> Tháng 6,Cơ sở,QLKD,,,,,"Pending - chưa thiết kế nguồn (gap Atomic REPORT_CELL_VALUE, xem O_QLKD_23)"
K_QLKD_805,DATA EXPLORER,Nhóm 48 — Báo cáo giám sát (STT 48),Cho vay giao dịch ký quỹ >> Cho vay giao dịch ký quỹ đối với cổ phiếu do chính công ty chứng khoán bảo lãnh phát hành theo hình thức cam kết chắc chắn từ thời điểm công ty chứng khoán ký hợp đồng bảo lãnh đến hết 6 tháng tính từ khi hoàn tất đợt phát hành >> Tháng 7,Cơ sở,QLKD,,,,,"Pending - chưa thiết kế nguồn (gap Atomic REPORT_CELL_VALUE, xem O_QLKD_23)"
K_QLKD_806,DATA EXPLORER,Nhóm 48 — Báo cáo giám sát (STT 48),Cho vay giao dịch ký quỹ >> Cho vay giao dịch ký quỹ đối với cổ phiếu do chính công ty chứng khoán bảo lãnh phát hành theo hình thức cam kết chắc chắn từ thời điểm công ty chứng khoán ký hợp đồng bảo lãnh đến hết 6 tháng tính từ khi hoàn tất đợt phát hành >> Tháng 8,Cơ sở,QLKD,,,,,"Pending - chưa thiết kế nguồn (gap Atomic REPORT_CELL_VALUE, xem O_QLKD_23)"
K_QLKD_807,DATA EXPLORER,Nhóm 48 — Báo cáo giám sát (STT 48),Cho vay giao dịch ký quỹ >> Cho vay giao dịch ký quỹ đối với cổ phiếu do chính công ty chứng khoán bảo lãnh phát hành theo hình thức cam kết chắc chắn từ thời điểm công ty chứng khoán ký hợp đồng bảo lãnh đến hết 6 tháng tính từ khi hoàn tất đợt phát hành >> Tháng 9,Cơ sở,QLKD,,,,,"Pending - chưa thiết kế nguồn (gap Atomic REPORT_CELL_VALUE, xem O_QLKD_23)"
K_QLKD_808,DATA EXPLORER,Nhóm 48 — Báo cáo giám sát (STT 48),Cho vay giao dịch ký quỹ >> Cho vay giao dịch ký quỹ đối với cổ phiếu do chính công ty chứng khoán bảo lãnh phát hành theo hình thức cam kết chắc chắn từ thời điểm công ty chứng khoán ký hợp đồng bảo lãnh đến hết 6 tháng tính từ khi hoàn tất đợt phát hành >> Tháng 10,Cơ sở,QLKD,,,,,"Pending - chưa thiết kế nguồn (gap Atomic REPORT_CELL_VALUE, xem O_QLKD_23)"
K_QLKD_809,DATA EXPLORER,Nhóm 48 — Báo cáo giám sát (STT 48),Cho vay giao dịch ký quỹ >> Cho vay giao dịch ký quỹ đối với cổ phiếu do chính công ty chứng khoán bảo lãnh phát hành theo hình thức cam kết chắc chắn từ thời điểm công ty chứng khoán ký hợp đồng bảo lãnh đến hết 6 tháng tính từ khi hoàn tất đợt phát hành >> Tháng 11,Cơ sở,QLKD,,,,,"Pending - chưa thiết kế nguồn (gap Atomic REPORT_CELL_VALUE, xem O_QLKD_23)"
K_QLKD_810,DATA EXPLORER,Nhóm 48 — Báo cáo giám sát (STT 48),Cho vay giao dịch ký quỹ >> Cho vay giao dịch ký quỹ đối với cổ phiếu do chính công ty chứng khoán bảo lãnh phát hành theo hình thức cam kết chắc chắn từ thời điểm công ty chứng khoán ký hợp đồng bảo lãnh đến hết 6 tháng tính từ khi hoàn tất đợt phát hành >> Tháng 12,Cơ sở,QLKD,,,,,"Pending - chưa thiết kế nguồn (gap Atomic REPORT_CELL_VALUE, xem O_QLKD_23)"
K_QLKD_811,DATA EXPLORER,Nhóm 48 — Báo cáo giám sát (STT 48),"Cho vay giao dịch ký quỹ >> Cho khách hàng vay tiền để thực hiện giao dịch ký quỹ đối với cổ phiếu của công ty niêm yết sở hữu 50% trở lên vốn điều lệ của CTCK và đối với cổ phiếu của công ty niêm yết, cổ phiếu của công ty đăng ký giao dịch Upcom do CTCK sở hữu từ 50% trở lên vốn điều lệ >> Tháng 1",Cơ sở,QLKD,,,,,"Pending - chưa thiết kế nguồn (gap Atomic REPORT_CELL_VALUE, xem O_QLKD_23)"
K_QLKD_812,DATA EXPLORER,Nhóm 48 — Báo cáo giám sát (STT 48),"Cho vay giao dịch ký quỹ >> Cho khách hàng vay tiền để thực hiện giao dịch ký quỹ đối với cổ phiếu của công ty niêm yết sở hữu 50% trở lên vốn điều lệ của CTCK và đối với cổ phiếu của công ty niêm yết, cổ phiếu của công ty đăng ký giao dịch Upcom do CTCK sở hữu từ 50% trở lên vốn điều lệ >> Tháng 2",Cơ sở,QLKD,,,,,"Pending - chưa thiết kế nguồn (gap Atomic REPORT_CELL_VALUE, xem O_QLKD_23)"
K_QLKD_813,DATA EXPLORER,Nhóm 48 — Báo cáo giám sát (STT 48),"Cho vay giao dịch ký quỹ >> Cho khách hàng vay tiền để thực hiện giao dịch ký quỹ đối với cổ phiếu của công ty niêm yết sở hữu 50% trở lên vốn điều lệ của CTCK và đối với cổ phiếu của công ty niêm yết, cổ phiếu của công ty đăng ký giao dịch Upcom do CTCK sở hữu từ 50% trở lên vốn điều lệ >> Tháng 3",Cơ sở,QLKD,,,,,"Pending - chưa thiết kế nguồn (gap Atomic REPORT_CELL_VALUE, xem O_QLKD_23)"
K_QLKD_814,DATA EXPLORER,Nhóm 48 — Báo cáo giám sát (STT 48),"Cho vay giao dịch ký quỹ >> Cho khách hàng vay tiền để thực hiện giao dịch ký quỹ đối với cổ phiếu của công ty niêm yết sở hữu 50% trở lên vốn điều lệ của CTCK và đối với cổ phiếu của công ty niêm yết, cổ phiếu của công ty đăng ký giao dịch Upcom do CTCK sở hữu từ 50% trở lên vốn điều lệ >> Tháng 4",Cơ sở,QLKD,,,,,"Pending - chưa thiết kế nguồn (gap Atomic REPORT_CELL_VALUE, xem O_QLKD_23)"
K_QLKD_815,DATA EXPLORER,Nhóm 48 — Báo cáo giám sát (STT 48),"Cho vay giao dịch ký quỹ >> Cho khách hàng vay tiền để thực hiện giao dịch ký quỹ đối với cổ phiếu của công ty niêm yết sở hữu 50% trở lên vốn điều lệ của CTCK và đối với cổ phiếu của công ty niêm yết, cổ phiếu của công ty đăng ký giao dịch Upcom do CTCK sở hữu từ 50% trở lên vốn điều lệ >> Tháng 5",Cơ sở,QLKD,,,,,"Pending - chưa thiết kế nguồn (gap Atomic REPORT_CELL_VALUE, xem O_QLKD_23)"
K_QLKD_816,DATA EXPLORER,Nhóm 48 — Báo cáo giám sát (STT 48),"Cho vay giao dịch ký quỹ >> Cho khách hàng vay tiền để thực hiện giao dịch ký quỹ đối với cổ phiếu của công ty niêm yết sở hữu 50% trở lên vốn điều lệ của CTCK và đối với cổ phiếu của công ty niêm yết, cổ phiếu của công ty đăng ký giao dịch Upcom do CTCK sở hữu từ 50% trở lên vốn điều lệ >> Tháng 6",Cơ sở,QLKD,,,,,"Pending - chưa thiết kế nguồn (gap Atomic REPORT_CELL_VALUE, xem O_QLKD_23)"
K_QLKD_817,DATA EXPLORER,Nhóm 48 — Báo cáo giám sát (STT 48),"Cho vay giao dịch ký quỹ >> Cho khách hàng vay tiền để thực hiện giao dịch ký quỹ đối với cổ phiếu của công ty niêm yết sở hữu 50% trở lên vốn điều lệ của CTCK và đối với cổ phiếu của công ty niêm yết, cổ phiếu của công ty đăng ký giao dịch Upcom do CTCK sở hữu từ 50% trở lên vốn điều lệ >> Tháng 7",Cơ sở,QLKD,,,,,"Pending - chưa thiết kế nguồn (gap Atomic REPORT_CELL_VALUE, xem O_QLKD_23)"
K_QLKD_818,DATA EXPLORER,Nhóm 48 — Báo cáo giám sát (STT 48),"Cho vay giao dịch ký quỹ >> Cho khách hàng vay tiền để thực hiện giao dịch ký quỹ đối với cổ phiếu của công ty niêm yết sở hữu 50% trở lên vốn điều lệ của CTCK và đối với cổ phiếu của công ty niêm yết, cổ phiếu của công ty đăng ký giao dịch Upcom do CTCK sở hữu từ 50% trở lên vốn điều lệ >> Tháng 8",Cơ sở,QLKD,,,,,"Pending - chưa thiết kế nguồn (gap Atomic REPORT_CELL_VALUE, xem O_QLKD_23)"
K_QLKD_819,DATA EXPLORER,Nhóm 48 — Báo cáo giám sát (STT 48),"Cho vay giao dịch ký quỹ >> Cho khách hàng vay tiền để thực hiện giao dịch ký quỹ đối với cổ phiếu của công ty niêm yết sở hữu 50% trở lên vốn điều lệ của CTCK và đối với cổ phiếu của công ty niêm yết, cổ phiếu của công ty đăng ký giao dịch Upcom do CTCK sở hữu từ 50% trở lên vốn điều lệ >> Tháng 9",Cơ sở,QLKD,,,,,"Pending - chưa thiết kế nguồn (gap Atomic REPORT_CELL_VALUE, xem O_QLKD_23)"
K_QLKD_820,DATA EXPLORER,Nhóm 48 — Báo cáo giám sát (STT 48),"Cho vay giao dịch ký quỹ >> Cho khách hàng vay tiền để thực hiện giao dịch ký quỹ đối với cổ phiếu của công ty niêm yết sở hữu 50% trở lên vốn điều lệ của CTCK và đối với cổ phiếu của công ty niêm yết, cổ phiếu của công ty đăng ký giao dịch Upcom do CTCK sở hữu từ 50% trở lên vốn điều lệ >> Tháng 10",Cơ sở,QLKD,,,,,"Pending - chưa thiết kế nguồn (gap Atomic REPORT_CELL_VALUE, xem O_QLKD_23)"
K_QLKD_821,DATA EXPLORER,Nhóm 48 — Báo cáo giám sát (STT 48),"Cho vay giao dịch ký quỹ >> Cho khách hàng vay tiền để thực hiện giao dịch ký quỹ đối với cổ phiếu của công ty niêm yết sở hữu 50% trở lên vốn điều lệ của CTCK và đối với cổ phiếu của công ty niêm yết, cổ phiếu của công ty đăng ký giao dịch Upcom do CTCK sở hữu từ 50% trở lên vốn điều lệ >> Tháng 11",Cơ sở,QLKD,,,,,"Pending - chưa thiết kế nguồn (gap Atomic REPORT_CELL_VALUE, xem O_QLKD_23)"
K_QLKD_822,DATA EXPLORER,Nhóm 48 — Báo cáo giám sát (STT 48),"Cho vay giao dịch ký quỹ >> Cho khách hàng vay tiền để thực hiện giao dịch ký quỹ đối với cổ phiếu của công ty niêm yết sở hữu 50% trở lên vốn điều lệ của CTCK và đối với cổ phiếu của công ty niêm yết, cổ phiếu của công ty đăng ký giao dịch Upcom do CTCK sở hữu từ 50% trở lên vốn điều lệ >> Tháng 12",Cơ sở,QLKD,,,,,"Pending - chưa thiết kế nguồn (gap Atomic REPORT_CELL_VALUE, xem O_QLKD_23)"
K_QLKD_823,DATA EXPLORER,Nhóm 48 — Báo cáo giám sát (STT 48),Cho vay giao dịch ký quỹ >> Cho khách hàng vay tiền để thực hiện giao dịch ký quỹ đối với cổ phiếu của chính CTCK phát hành >> Tháng 1,Cơ sở,QLKD,,,,,"Pending - chưa thiết kế nguồn (gap Atomic REPORT_CELL_VALUE, xem O_QLKD_23)"
K_QLKD_824,DATA EXPLORER,Nhóm 48 — Báo cáo giám sát (STT 48),Cho vay giao dịch ký quỹ >> Cho khách hàng vay tiền để thực hiện giao dịch ký quỹ đối với cổ phiếu của chính CTCK phát hành >> Tháng 2,Cơ sở,QLKD,,,,,"Pending - chưa thiết kế nguồn (gap Atomic REPORT_CELL_VALUE, xem O_QLKD_23)"
K_QLKD_825,DATA EXPLORER,Nhóm 48 — Báo cáo giám sát (STT 48),Cho vay giao dịch ký quỹ >> Cho khách hàng vay tiền để thực hiện giao dịch ký quỹ đối với cổ phiếu của chính CTCK phát hành >> Tháng 3,Cơ sở,QLKD,,,,,"Pending - chưa thiết kế nguồn (gap Atomic REPORT_CELL_VALUE, xem O_QLKD_23)"
K_QLKD_826,DATA EXPLORER,Nhóm 48 — Báo cáo giám sát (STT 48),Cho vay giao dịch ký quỹ >> Cho khách hàng vay tiền để thực hiện giao dịch ký quỹ đối với cổ phiếu của chính CTCK phát hành >> Tháng 4,Cơ sở,QLKD,,,,,"Pending - chưa thiết kế nguồn (gap Atomic REPORT_CELL_VALUE, xem O_QLKD_23)"
K_QLKD_827,DATA EXPLORER,Nhóm 48 — Báo cáo giám sát (STT 48),Cho vay giao dịch ký quỹ >> Cho khách hàng vay tiền để thực hiện giao dịch ký quỹ đối với cổ phiếu của chính CTCK phát hành >> Tháng 5,Cơ sở,QLKD,,,,,"Pending - chưa thiết kế nguồn (gap Atomic REPORT_CELL_VALUE, xem O_QLKD_23)"
K_QLKD_828,DATA EXPLORER,Nhóm 48 — Báo cáo giám sát (STT 48),Cho vay giao dịch ký quỹ >> Cho khách hàng vay tiền để thực hiện giao dịch ký quỹ đối với cổ phiếu của chính CTCK phát hành >> Tháng 6,Cơ sở,QLKD,,,,,"Pending - chưa thiết kế nguồn (gap Atomic REPORT_CELL_VALUE, xem O_QLKD_23)"
K_QLKD_829,DATA EXPLORER,Nhóm 48 — Báo cáo giám sát (STT 48),Cho vay giao dịch ký quỹ >> Cho khách hàng vay tiền để thực hiện giao dịch ký quỹ đối với cổ phiếu của chính CTCK phát hành >> Tháng 7,Cơ sở,QLKD,,,,,"Pending - chưa thiết kế nguồn (gap Atomic REPORT_CELL_VALUE, xem O_QLKD_23)"
K_QLKD_830,DATA EXPLORER,Nhóm 48 — Báo cáo giám sát (STT 48),Cho vay giao dịch ký quỹ >> Cho khách hàng vay tiền để thực hiện giao dịch ký quỹ đối với cổ phiếu của chính CTCK phát hành >> Tháng 8,Cơ sở,QLKD,,,,,"Pending - chưa thiết kế nguồn (gap Atomic REPORT_CELL_VALUE, xem O_QLKD_23)"
K_QLKD_831,DATA EXPLORER,Nhóm 48 — Báo cáo giám sát (STT 48),Cho vay giao dịch ký quỹ >> Cho khách hàng vay tiền để thực hiện giao dịch ký quỹ đối với cổ phiếu của chính CTCK phát hành >> Tháng 9,Cơ sở,QLKD,,,,,"Pending - chưa thiết kế nguồn (gap Atomic REPORT_CELL_VALUE, xem O_QLKD_23)"
K_QLKD_832,DATA EXPLORER,Nhóm 48 — Báo cáo giám sát (STT 48),Cho vay giao dịch ký quỹ >> Cho khách hàng vay tiền để thực hiện giao dịch ký quỹ đối với cổ phiếu của chính CTCK phát hành >> Tháng 10,Cơ sở,QLKD,,,,,"Pending - chưa thiết kế nguồn (gap Atomic REPORT_CELL_VALUE, xem O_QLKD_23)"
K_QLKD_833,DATA EXPLORER,Nhóm 48 — Báo cáo giám sát (STT 48),Cho vay giao dịch ký quỹ >> Cho khách hàng vay tiền để thực hiện giao dịch ký quỹ đối với cổ phiếu của chính CTCK phát hành >> Tháng 11,Cơ sở,QLKD,,,,,"Pending - chưa thiết kế nguồn (gap Atomic REPORT_CELL_VALUE, xem O_QLKD_23)"
K_QLKD_834,DATA EXPLORER,Nhóm 48 — Báo cáo giám sát (STT 48),Cho vay giao dịch ký quỹ >> Cho khách hàng vay tiền để thực hiện giao dịch ký quỹ đối với cổ phiếu của chính CTCK phát hành >> Tháng 12,Cơ sở,QLKD,,,,,"Pending - chưa thiết kế nguồn (gap Atomic REPORT_CELL_VALUE, xem O_QLKD_23)"
K_QLKD_835,DATA EXPLORER,Nhóm 48 — Báo cáo giám sát (STT 48),Hạn chế đầu tư >> Tổng giá trị đầu tư vào các trái phiếu doanh nhiệp của CTCK không được vượt quá 70% vốn chủ sở hữu >> Quý I,Cơ sở,QLKD,,,,,"Pending - chưa thiết kế nguồn (gap Atomic REPORT_CELL_VALUE, xem O_QLKD_23)"
K_QLKD_836,DATA EXPLORER,Nhóm 48 — Báo cáo giám sát (STT 48),Hạn chế đầu tư >> Tổng giá trị đầu tư vào các trái phiếu doanh nhiệp của CTCK không được vượt quá 70% vốn chủ sở hữu >> Quý II,Cơ sở,QLKD,,,,,"Pending - chưa thiết kế nguồn (gap Atomic REPORT_CELL_VALUE, xem O_QLKD_23)"
K_QLKD_837,DATA EXPLORER,Nhóm 48 — Báo cáo giám sát (STT 48),Hạn chế đầu tư >> Tổng giá trị đầu tư vào các trái phiếu doanh nhiệp của CTCK không được vượt quá 70% vốn chủ sở hữu >> Quý III,Cơ sở,QLKD,,,,,"Pending - chưa thiết kế nguồn (gap Atomic REPORT_CELL_VALUE, xem O_QLKD_23)"
K_QLKD_838,DATA EXPLORER,Nhóm 48 — Báo cáo giám sát (STT 48),Hạn chế đầu tư >> Tổng giá trị đầu tư vào các trái phiếu doanh nhiệp của CTCK không được vượt quá 70% vốn chủ sở hữu >> Quý IV,Cơ sở,QLKD,,,,,"Pending - chưa thiết kế nguồn (gap Atomic REPORT_CELL_VALUE, xem O_QLKD_23)"
K_QLKD_839,DATA EXPLORER,Nhóm 48 — Báo cáo giám sát (STT 48),Hạn chế đầu tư >> Tổng giá trị đầu tư vào các trái phiếu doanh nhiệp của CTCK không được vượt quá 70% vốn chủ sở hữu >> Năm,Cơ sở,QLKD,,,,,"Pending - chưa thiết kế nguồn (gap Atomic REPORT_CELL_VALUE, xem O_QLKD_23)"
K_QLKD_840,DATA EXPLORER,Nhóm 48 — Báo cáo giám sát (STT 48),"Hạn chế đầu tư >> CTCK không được trực tiếp hoặc ủy thác cho tổ chức, cá nhân khác thực hiện đầu tư vào cổ phiếu đầu tư vào cổ phiếu hoặc phần vốn góp của công ty có sở hữu trên 50% vốn điều lệ của CTCK >> Tháng 1",Cơ sở,QLKD,,,,,"Pending - chưa thiết kế nguồn (gap Atomic REPORT_CELL_VALUE, xem O_QLKD_23)"
K_QLKD_841,DATA EXPLORER,Nhóm 48 — Báo cáo giám sát (STT 48),"Hạn chế đầu tư >> CTCK không được trực tiếp hoặc ủy thác cho tổ chức, cá nhân khác thực hiện đầu tư vào cổ phiếu đầu tư vào cổ phiếu hoặc phần vốn góp của công ty có sở hữu trên 50% vốn điều lệ của CTCK >> Tháng 2",Cơ sở,QLKD,,,,,"Pending - chưa thiết kế nguồn (gap Atomic REPORT_CELL_VALUE, xem O_QLKD_23)"
K_QLKD_842,DATA EXPLORER,Nhóm 48 — Báo cáo giám sát (STT 48),"Hạn chế đầu tư >> CTCK không được trực tiếp hoặc ủy thác cho tổ chức, cá nhân khác thực hiện đầu tư vào cổ phiếu đầu tư vào cổ phiếu hoặc phần vốn góp của công ty có sở hữu trên 50% vốn điều lệ của CTCK >> Tháng 3",Cơ sở,QLKD,,,,,"Pending - chưa thiết kế nguồn (gap Atomic REPORT_CELL_VALUE, xem O_QLKD_23)"
K_QLKD_843,DATA EXPLORER,Nhóm 48 — Báo cáo giám sát (STT 48),"Hạn chế đầu tư >> CTCK không được trực tiếp hoặc ủy thác cho tổ chức, cá nhân khác thực hiện đầu tư vào cổ phiếu đầu tư vào cổ phiếu hoặc phần vốn góp của công ty có sở hữu trên 50% vốn điều lệ của CTCK >> Tháng 4",Cơ sở,QLKD,,,,,"Pending - chưa thiết kế nguồn (gap Atomic REPORT_CELL_VALUE, xem O_QLKD_23)"
K_QLKD_844,DATA EXPLORER,Nhóm 48 — Báo cáo giám sát (STT 48),"Hạn chế đầu tư >> CTCK không được trực tiếp hoặc ủy thác cho tổ chức, cá nhân khác thực hiện đầu tư vào cổ phiếu đầu tư vào cổ phiếu hoặc phần vốn góp của công ty có sở hữu trên 50% vốn điều lệ của CTCK >> Tháng 5",Cơ sở,QLKD,,,,,"Pending - chưa thiết kế nguồn (gap Atomic REPORT_CELL_VALUE, xem O_QLKD_23)"
K_QLKD_845,DATA EXPLORER,Nhóm 48 — Báo cáo giám sát (STT 48),"Hạn chế đầu tư >> CTCK không được trực tiếp hoặc ủy thác cho tổ chức, cá nhân khác thực hiện đầu tư vào cổ phiếu đầu tư vào cổ phiếu hoặc phần vốn góp của công ty có sở hữu trên 50% vốn điều lệ của CTCK >> Tháng 6",Cơ sở,QLKD,,,,,"Pending - chưa thiết kế nguồn (gap Atomic REPORT_CELL_VALUE, xem O_QLKD_23)"
K_QLKD_846,DATA EXPLORER,Nhóm 48 — Báo cáo giám sát (STT 48),"Hạn chế đầu tư >> CTCK không được trực tiếp hoặc ủy thác cho tổ chức, cá nhân khác thực hiện đầu tư vào cổ phiếu đầu tư vào cổ phiếu hoặc phần vốn góp của công ty có sở hữu trên 50% vốn điều lệ của CTCK >> Tháng 7",Cơ sở,QLKD,,,,,"Pending - chưa thiết kế nguồn (gap Atomic REPORT_CELL_VALUE, xem O_QLKD_23)"
K_QLKD_847,DATA EXPLORER,Nhóm 48 — Báo cáo giám sát (STT 48),"Hạn chế đầu tư >> CTCK không được trực tiếp hoặc ủy thác cho tổ chức, cá nhân khác thực hiện đầu tư vào cổ phiếu đầu tư vào cổ phiếu hoặc phần vốn góp của công ty có sở hữu trên 50% vốn điều lệ của CTCK >> Tháng 8",Cơ sở,QLKD,,,,,"Pending - chưa thiết kế nguồn (gap Atomic REPORT_CELL_VALUE, xem O_QLKD_23)"
K_QLKD_848,DATA EXPLORER,Nhóm 48 — Báo cáo giám sát (STT 48),"Hạn chế đầu tư >> CTCK không được trực tiếp hoặc ủy thác cho tổ chức, cá nhân khác thực hiện đầu tư vào cổ phiếu đầu tư vào cổ phiếu hoặc phần vốn góp của công ty có sở hữu trên 50% vốn điều lệ của CTCK >> Tháng 9",Cơ sở,QLKD,,,,,"Pending - chưa thiết kế nguồn (gap Atomic REPORT_CELL_VALUE, xem O_QLKD_23)"
K_QLKD_849,DATA EXPLORER,Nhóm 48 — Báo cáo giám sát (STT 48),"Hạn chế đầu tư >> CTCK không được trực tiếp hoặc ủy thác cho tổ chức, cá nhân khác thực hiện đầu tư vào cổ phiếu đầu tư vào cổ phiếu hoặc phần vốn góp của công ty có sở hữu trên 50% vốn điều lệ của CTCK >> Tháng 10",Cơ sở,QLKD,,,,,"Pending - chưa thiết kế nguồn (gap Atomic REPORT_CELL_VALUE, xem O_QLKD_23)"
K_QLKD_850,DATA EXPLORER,Nhóm 48 — Báo cáo giám sát (STT 48),"Hạn chế đầu tư >> CTCK không được trực tiếp hoặc ủy thác cho tổ chức, cá nhân khác thực hiện đầu tư vào cổ phiếu đầu tư vào cổ phiếu hoặc phần vốn góp của công ty có sở hữu trên 50% vốn điều lệ của CTCK >> Tháng 11",Cơ sở,QLKD,,,,,"Pending - chưa thiết kế nguồn (gap Atomic REPORT_CELL_VALUE, xem O_QLKD_23)"
K_QLKD_851,DATA EXPLORER,Nhóm 48 — Báo cáo giám sát (STT 48),"Hạn chế đầu tư >> CTCK không được trực tiếp hoặc ủy thác cho tổ chức, cá nhân khác thực hiện đầu tư vào cổ phiếu đầu tư vào cổ phiếu hoặc phần vốn góp của công ty có sở hữu trên 50% vốn điều lệ của CTCK >> Tháng 12",Cơ sở,QLKD,,,,,"Pending - chưa thiết kế nguồn (gap Atomic REPORT_CELL_VALUE, xem O_QLKD_23)"
K_QLKD_852,DATA EXPLORER,Nhóm 48 — Báo cáo giám sát (STT 48),"Hạn chế đầu tư >> CTCK không được trực tiếp hoặc ủy thác cho tổ chức, cá nhân khác thực hiện đầu tư vào cổ phiếu đầu tư vào cổ phiếu hoặc phần vốn góp của công ty có sở hữu trên 50% vốn điều lệ của CTCK >> Quý I",Cơ sở,QLKD,,,,,"Pending - chưa thiết kế nguồn (gap Atomic REPORT_CELL_VALUE, xem O_QLKD_23)"
K_QLKD_853,DATA EXPLORER,Nhóm 48 — Báo cáo giám sát (STT 48),"Hạn chế đầu tư >> CTCK không được trực tiếp hoặc ủy thác cho tổ chức, cá nhân khác thực hiện đầu tư vào cổ phiếu đầu tư vào cổ phiếu hoặc phần vốn góp của công ty có sở hữu trên 50% vốn điều lệ của CTCK >> Quý II",Cơ sở,QLKD,,,,,"Pending - chưa thiết kế nguồn (gap Atomic REPORT_CELL_VALUE, xem O_QLKD_23)"
K_QLKD_854,DATA EXPLORER,Nhóm 48 — Báo cáo giám sát (STT 48),"Hạn chế đầu tư >> CTCK không được trực tiếp hoặc ủy thác cho tổ chức, cá nhân khác thực hiện đầu tư vào cổ phiếu đầu tư vào cổ phiếu hoặc phần vốn góp của công ty có sở hữu trên 50% vốn điều lệ của CTCK >> Quý III",Cơ sở,QLKD,,,,,"Pending - chưa thiết kế nguồn (gap Atomic REPORT_CELL_VALUE, xem O_QLKD_23)"
K_QLKD_855,DATA EXPLORER,Nhóm 48 — Báo cáo giám sát (STT 48),"Hạn chế đầu tư >> CTCK không được trực tiếp hoặc ủy thác cho tổ chức, cá nhân khác thực hiện đầu tư vào cổ phiếu đầu tư vào cổ phiếu hoặc phần vốn góp của công ty có sở hữu trên 50% vốn điều lệ của CTCK >> Quý IV",Cơ sở,QLKD,,,,,"Pending - chưa thiết kế nguồn (gap Atomic REPORT_CELL_VALUE, xem O_QLKD_23)"
K_QLKD_856,DATA EXPLORER,Nhóm 48 — Báo cáo giám sát (STT 48),"Hạn chế đầu tư >> CTCK không được trực tiếp hoặc ủy thác cho tổ chức, cá nhân khác thực hiện đầu tư vào cổ phiếu đầu tư vào cổ phiếu hoặc phần vốn góp của công ty có sở hữu trên 50% vốn điều lệ của CTCK >> Năm",Cơ sở,QLKD,,,,,"Pending - chưa thiết kế nguồn (gap Atomic REPORT_CELL_VALUE, xem O_QLKD_23)"
K_QLKD_857,DATA EXPLORER,Nhóm 48 — Báo cáo giám sát (STT 48),"Hạn chế đầu tư >> CTCK không được trực tiếp hoặc ủy thác cho tổ chức, cá nhân khác thực hiện cùng với người có liên quan đầu tư từ 5% trở lên vốn điều lệ của CTCK khác >> Tháng 1",Cơ sở,QLKD,,,,,"Pending - chưa thiết kế nguồn (gap Atomic REPORT_CELL_VALUE, xem O_QLKD_23)"
K_QLKD_858,DATA EXPLORER,Nhóm 48 — Báo cáo giám sát (STT 48),"Hạn chế đầu tư >> CTCK không được trực tiếp hoặc ủy thác cho tổ chức, cá nhân khác thực hiện cùng với người có liên quan đầu tư từ 5% trở lên vốn điều lệ của CTCK khác >> Tháng 2",Cơ sở,QLKD,,,,,"Pending - chưa thiết kế nguồn (gap Atomic REPORT_CELL_VALUE, xem O_QLKD_23)"
K_QLKD_859,DATA EXPLORER,Nhóm 48 — Báo cáo giám sát (STT 48),"Hạn chế đầu tư >> CTCK không được trực tiếp hoặc ủy thác cho tổ chức, cá nhân khác thực hiện cùng với người có liên quan đầu tư từ 5% trở lên vốn điều lệ của CTCK khác >> Tháng 3",Cơ sở,QLKD,,,,,"Pending - chưa thiết kế nguồn (gap Atomic REPORT_CELL_VALUE, xem O_QLKD_23)"
K_QLKD_860,DATA EXPLORER,Nhóm 48 — Báo cáo giám sát (STT 48),"Hạn chế đầu tư >> CTCK không được trực tiếp hoặc ủy thác cho tổ chức, cá nhân khác thực hiện cùng với người có liên quan đầu tư từ 5% trở lên vốn điều lệ của CTCK khác >> Tháng 4",Cơ sở,QLKD,,,,,"Pending - chưa thiết kế nguồn (gap Atomic REPORT_CELL_VALUE, xem O_QLKD_23)"
K_QLKD_861,DATA EXPLORER,Nhóm 48 — Báo cáo giám sát (STT 48),"Hạn chế đầu tư >> CTCK không được trực tiếp hoặc ủy thác cho tổ chức, cá nhân khác thực hiện cùng với người có liên quan đầu tư từ 5% trở lên vốn điều lệ của CTCK khác >> Tháng 5",Cơ sở,QLKD,,,,,"Pending - chưa thiết kế nguồn (gap Atomic REPORT_CELL_VALUE, xem O_QLKD_23)"
K_QLKD_862,DATA EXPLORER,Nhóm 48 — Báo cáo giám sát (STT 48),"Hạn chế đầu tư >> CTCK không được trực tiếp hoặc ủy thác cho tổ chức, cá nhân khác thực hiện cùng với người có liên quan đầu tư từ 5% trở lên vốn điều lệ của CTCK khác >> Tháng 6",Cơ sở,QLKD,,,,,"Pending - chưa thiết kế nguồn (gap Atomic REPORT_CELL_VALUE, xem O_QLKD_23)"
K_QLKD_863,DATA EXPLORER,Nhóm 48 — Báo cáo giám sát (STT 48),"Hạn chế đầu tư >> CTCK không được trực tiếp hoặc ủy thác cho tổ chức, cá nhân khác thực hiện cùng với người có liên quan đầu tư từ 5% trở lên vốn điều lệ của CTCK khác >> Tháng 7",Cơ sở,QLKD,,,,,"Pending - chưa thiết kế nguồn (gap Atomic REPORT_CELL_VALUE, xem O_QLKD_23)"
K_QLKD_864,DATA EXPLORER,Nhóm 48 — Báo cáo giám sát (STT 48),"Hạn chế đầu tư >> CTCK không được trực tiếp hoặc ủy thác cho tổ chức, cá nhân khác thực hiện cùng với người có liên quan đầu tư từ 5% trở lên vốn điều lệ của CTCK khác >> Tháng 8",Cơ sở,QLKD,,,,,"Pending - chưa thiết kế nguồn (gap Atomic REPORT_CELL_VALUE, xem O_QLKD_23)"
K_QLKD_865,DATA EXPLORER,Nhóm 48 — Báo cáo giám sát (STT 48),"Hạn chế đầu tư >> CTCK không được trực tiếp hoặc ủy thác cho tổ chức, cá nhân khác thực hiện cùng với người có liên quan đầu tư từ 5% trở lên vốn điều lệ của CTCK khác >> Tháng 9",Cơ sở,QLKD,,,,,"Pending - chưa thiết kế nguồn (gap Atomic REPORT_CELL_VALUE, xem O_QLKD_23)"
K_QLKD_866,DATA EXPLORER,Nhóm 48 — Báo cáo giám sát (STT 48),"Hạn chế đầu tư >> CTCK không được trực tiếp hoặc ủy thác cho tổ chức, cá nhân khác thực hiện cùng với người có liên quan đầu tư từ 5% trở lên vốn điều lệ của CTCK khác >> Tháng 10",Cơ sở,QLKD,,,,,"Pending - chưa thiết kế nguồn (gap Atomic REPORT_CELL_VALUE, xem O_QLKD_23)"
K_QLKD_867,DATA EXPLORER,Nhóm 48 — Báo cáo giám sát (STT 48),"Hạn chế đầu tư >> CTCK không được trực tiếp hoặc ủy thác cho tổ chức, cá nhân khác thực hiện cùng với người có liên quan đầu tư từ 5% trở lên vốn điều lệ của CTCK khác >> Tháng 11",Cơ sở,QLKD,,,,,"Pending - chưa thiết kế nguồn (gap Atomic REPORT_CELL_VALUE, xem O_QLKD_23)"
K_QLKD_868,DATA EXPLORER,Nhóm 48 — Báo cáo giám sát (STT 48),"Hạn chế đầu tư >> CTCK không được trực tiếp hoặc ủy thác cho tổ chức, cá nhân khác thực hiện cùng với người có liên quan đầu tư từ 5% trở lên vốn điều lệ của CTCK khác >> Tháng 12",Cơ sở,QLKD,,,,,"Pending - chưa thiết kế nguồn (gap Atomic REPORT_CELL_VALUE, xem O_QLKD_23)"
K_QLKD_869,DATA EXPLORER,Nhóm 48 — Báo cáo giám sát (STT 48),"Hạn chế đầu tư >> CTCK không được trực tiếp hoặc ủy thác cho tổ chức, cá nhân khác thực hiện đầu tư quá 20% tổng số cổ phiếu, chứng chỉ quỹ đang lưu hành của một tổ chức niêm yết >> Tháng 1",Cơ sở,QLKD,,,,,"Pending - chưa thiết kế nguồn (gap Atomic REPORT_CELL_VALUE, xem O_QLKD_23)"
K_QLKD_870,DATA EXPLORER,Nhóm 48 — Báo cáo giám sát (STT 48),"Hạn chế đầu tư >> CTCK không được trực tiếp hoặc ủy thác cho tổ chức, cá nhân khác thực hiện đầu tư quá 20% tổng số cổ phiếu, chứng chỉ quỹ đang lưu hành của một tổ chức niêm yết >> Tháng 2",Cơ sở,QLKD,,,,,"Pending - chưa thiết kế nguồn (gap Atomic REPORT_CELL_VALUE, xem O_QLKD_23)"
K_QLKD_871,DATA EXPLORER,Nhóm 48 — Báo cáo giám sát (STT 48),"Hạn chế đầu tư >> CTCK không được trực tiếp hoặc ủy thác cho tổ chức, cá nhân khác thực hiện đầu tư quá 20% tổng số cổ phiếu, chứng chỉ quỹ đang lưu hành của một tổ chức niêm yết >> Tháng 3",Cơ sở,QLKD,,,,,"Pending - chưa thiết kế nguồn (gap Atomic REPORT_CELL_VALUE, xem O_QLKD_23)"
K_QLKD_872,DATA EXPLORER,Nhóm 48 — Báo cáo giám sát (STT 48),"Hạn chế đầu tư >> CTCK không được trực tiếp hoặc ủy thác cho tổ chức, cá nhân khác thực hiện đầu tư quá 20% tổng số cổ phiếu, chứng chỉ quỹ đang lưu hành của một tổ chức niêm yết >> Tháng 4",Cơ sở,QLKD,,,,,"Pending - chưa thiết kế nguồn (gap Atomic REPORT_CELL_VALUE, xem O_QLKD_23)"
K_QLKD_873,DATA EXPLORER,Nhóm 48 — Báo cáo giám sát (STT 48),"Hạn chế đầu tư >> CTCK không được trực tiếp hoặc ủy thác cho tổ chức, cá nhân khác thực hiện đầu tư quá 20% tổng số cổ phiếu, chứng chỉ quỹ đang lưu hành của một tổ chức niêm yết >> Tháng 5",Cơ sở,QLKD,,,,,"Pending - chưa thiết kế nguồn (gap Atomic REPORT_CELL_VALUE, xem O_QLKD_23)"
K_QLKD_874,DATA EXPLORER,Nhóm 48 — Báo cáo giám sát (STT 48),"Hạn chế đầu tư >> CTCK không được trực tiếp hoặc ủy thác cho tổ chức, cá nhân khác thực hiện đầu tư quá 20% tổng số cổ phiếu, chứng chỉ quỹ đang lưu hành của một tổ chức niêm yết >> Tháng 6",Cơ sở,QLKD,,,,,"Pending - chưa thiết kế nguồn (gap Atomic REPORT_CELL_VALUE, xem O_QLKD_23)"
K_QLKD_875,DATA EXPLORER,Nhóm 48 — Báo cáo giám sát (STT 48),"Hạn chế đầu tư >> CTCK không được trực tiếp hoặc ủy thác cho tổ chức, cá nhân khác thực hiện đầu tư quá 20% tổng số cổ phiếu, chứng chỉ quỹ đang lưu hành của một tổ chức niêm yết >> Tháng 7",Cơ sở,QLKD,,,,,"Pending - chưa thiết kế nguồn (gap Atomic REPORT_CELL_VALUE, xem O_QLKD_23)"
K_QLKD_876,DATA EXPLORER,Nhóm 48 — Báo cáo giám sát (STT 48),"Hạn chế đầu tư >> CTCK không được trực tiếp hoặc ủy thác cho tổ chức, cá nhân khác thực hiện đầu tư quá 20% tổng số cổ phiếu, chứng chỉ quỹ đang lưu hành của một tổ chức niêm yết >> Tháng 8",Cơ sở,QLKD,,,,,"Pending - chưa thiết kế nguồn (gap Atomic REPORT_CELL_VALUE, xem O_QLKD_23)"
K_QLKD_877,DATA EXPLORER,Nhóm 48 — Báo cáo giám sát (STT 48),"Hạn chế đầu tư >> CTCK không được trực tiếp hoặc ủy thác cho tổ chức, cá nhân khác thực hiện đầu tư quá 20% tổng số cổ phiếu, chứng chỉ quỹ đang lưu hành của một tổ chức niêm yết >> Tháng 9",Cơ sở,QLKD,,,,,"Pending - chưa thiết kế nguồn (gap Atomic REPORT_CELL_VALUE, xem O_QLKD_23)"
K_QLKD_878,DATA EXPLORER,Nhóm 48 — Báo cáo giám sát (STT 48),"Hạn chế đầu tư >> CTCK không được trực tiếp hoặc ủy thác cho tổ chức, cá nhân khác thực hiện đầu tư quá 20% tổng số cổ phiếu, chứng chỉ quỹ đang lưu hành của một tổ chức niêm yết >> Tháng 10",Cơ sở,QLKD,,,,,"Pending - chưa thiết kế nguồn (gap Atomic REPORT_CELL_VALUE, xem O_QLKD_23)"
K_QLKD_879,DATA EXPLORER,Nhóm 48 — Báo cáo giám sát (STT 48),"Hạn chế đầu tư >> CTCK không được trực tiếp hoặc ủy thác cho tổ chức, cá nhân khác thực hiện đầu tư quá 20% tổng số cổ phiếu, chứng chỉ quỹ đang lưu hành của một tổ chức niêm yết >> Tháng 11",Cơ sở,QLKD,,,,,"Pending - chưa thiết kế nguồn (gap Atomic REPORT_CELL_VALUE, xem O_QLKD_23)"
K_QLKD_880,DATA EXPLORER,Nhóm 48 — Báo cáo giám sát (STT 48),"Hạn chế đầu tư >> CTCK không được trực tiếp hoặc ủy thác cho tổ chức, cá nhân khác thực hiện đầu tư quá 20% tổng số cổ phiếu, chứng chỉ quỹ đang lưu hành của một tổ chức niêm yết >> Tháng 12",Cơ sở,QLKD,,,,,"Pending - chưa thiết kế nguồn (gap Atomic REPORT_CELL_VALUE, xem O_QLKD_23)"
K_QLKD_881,DATA EXPLORER,Nhóm 48 — Báo cáo giám sát (STT 48),"Hạn chế đầu tư >> CTCK không được trực tiếp hoặc ủy thác cho tổ chức, cá nhân khác thực hiện đầu tư quá 15% tổng số cổ phiếu, chứng chỉ quỹ đang lưu hành của một tổ chức chưa niêm yết >> Quý I",Cơ sở,QLKD,,,,,"Pending - chưa thiết kế nguồn (gap Atomic REPORT_CELL_VALUE, xem O_QLKD_23)"
K_QLKD_882,DATA EXPLORER,Nhóm 48 — Báo cáo giám sát (STT 48),"Hạn chế đầu tư >> CTCK không được trực tiếp hoặc ủy thác cho tổ chức, cá nhân khác thực hiện đầu tư quá 15% tổng số cổ phiếu, chứng chỉ quỹ đang lưu hành của một tổ chức chưa niêm yết >> Quý II",Cơ sở,QLKD,,,,,"Pending - chưa thiết kế nguồn (gap Atomic REPORT_CELL_VALUE, xem O_QLKD_23)"
K_QLKD_883,DATA EXPLORER,Nhóm 48 — Báo cáo giám sát (STT 48),"Hạn chế đầu tư >> CTCK không được trực tiếp hoặc ủy thác cho tổ chức, cá nhân khác thực hiện đầu tư quá 15% tổng số cổ phiếu, chứng chỉ quỹ đang lưu hành của một tổ chức chưa niêm yết >> Quý III",Cơ sở,QLKD,,,,,"Pending - chưa thiết kế nguồn (gap Atomic REPORT_CELL_VALUE, xem O_QLKD_23)"
K_QLKD_884,DATA EXPLORER,Nhóm 48 — Báo cáo giám sát (STT 48),"Hạn chế đầu tư >> CTCK không được trực tiếp hoặc ủy thác cho tổ chức, cá nhân khác thực hiện đầu tư quá 15% tổng số cổ phiếu, chứng chỉ quỹ đang lưu hành của một tổ chức chưa niêm yết >> Quý IV",Cơ sở,QLKD,,,,,"Pending - chưa thiết kế nguồn (gap Atomic REPORT_CELL_VALUE, xem O_QLKD_23)"
K_QLKD_885,DATA EXPLORER,Nhóm 48 — Báo cáo giám sát (STT 48),"Hạn chế đầu tư >> CTCK không được trực tiếp hoặc ủy thác cho tổ chức, cá nhân khác thực hiện đầu tư hoặc góp vốn quá 10% tổng vốn góp của một công ty trách nhiệm hữu hạn hoặc dự án kinh doanh >> Quý I",Cơ sở,QLKD,,,,,"Pending - chưa thiết kế nguồn (gap Atomic REPORT_CELL_VALUE, xem O_QLKD_23)"
K_QLKD_886,DATA EXPLORER,Nhóm 48 — Báo cáo giám sát (STT 48),"Hạn chế đầu tư >> CTCK không được trực tiếp hoặc ủy thác cho tổ chức, cá nhân khác thực hiện đầu tư hoặc góp vốn quá 10% tổng vốn góp của một công ty trách nhiệm hữu hạn hoặc dự án kinh doanh >> Quý II",Cơ sở,QLKD,,,,,"Pending - chưa thiết kế nguồn (gap Atomic REPORT_CELL_VALUE, xem O_QLKD_23)"
K_QLKD_887,DATA EXPLORER,Nhóm 48 — Báo cáo giám sát (STT 48),"Hạn chế đầu tư >> CTCK không được trực tiếp hoặc ủy thác cho tổ chức, cá nhân khác thực hiện đầu tư hoặc góp vốn quá 10% tổng vốn góp của một công ty trách nhiệm hữu hạn hoặc dự án kinh doanh >> Quý III",Cơ sở,QLKD,,,,,"Pending - chưa thiết kế nguồn (gap Atomic REPORT_CELL_VALUE, xem O_QLKD_23)"
K_QLKD_888,DATA EXPLORER,Nhóm 48 — Báo cáo giám sát (STT 48),"Hạn chế đầu tư >> CTCK không được trực tiếp hoặc ủy thác cho tổ chức, cá nhân khác thực hiện đầu tư hoặc góp vốn quá 10% tổng vốn góp của một công ty trách nhiệm hữu hạn hoặc dự án kinh doanh >> Quý IV",Cơ sở,QLKD,,,,,"Pending - chưa thiết kế nguồn (gap Atomic REPORT_CELL_VALUE, xem O_QLKD_23)"
K_QLKD_889,DATA EXPLORER,Nhóm 48 — Báo cáo giám sát (STT 48),"Hạn chế đầu tư >> CTCK không được trực tiếp hoặc ủy thác cho tổ chức, cá nhân khác thực hiện đầu tư hoặc góp vốn quá 15% vốn chủ sở hữu vào một tổ chức hoặc dự án kinh doanh >> Quý I",Cơ sở,QLKD,,,,,"Pending - chưa thiết kế nguồn (gap Atomic REPORT_CELL_VALUE, xem O_QLKD_23)"
K_QLKD_890,DATA EXPLORER,Nhóm 48 — Báo cáo giám sát (STT 48),"Hạn chế đầu tư >> CTCK không được trực tiếp hoặc ủy thác cho tổ chức, cá nhân khác thực hiện đầu tư hoặc góp vốn quá 15% vốn chủ sở hữu vào một tổ chức hoặc dự án kinh doanh >> Quý II",Cơ sở,QLKD,,,,,"Pending - chưa thiết kế nguồn (gap Atomic REPORT_CELL_VALUE, xem O_QLKD_23)"
K_QLKD_891,DATA EXPLORER,Nhóm 48 — Báo cáo giám sát (STT 48),"Hạn chế đầu tư >> CTCK không được trực tiếp hoặc ủy thác cho tổ chức, cá nhân khác thực hiện đầu tư hoặc góp vốn quá 15% vốn chủ sở hữu vào một tổ chức hoặc dự án kinh doanh >> Quý III",Cơ sở,QLKD,,,,,"Pending - chưa thiết kế nguồn (gap Atomic REPORT_CELL_VALUE, xem O_QLKD_23)"
K_QLKD_892,DATA EXPLORER,Nhóm 48 — Báo cáo giám sát (STT 48),"Hạn chế đầu tư >> CTCK không được trực tiếp hoặc ủy thác cho tổ chức, cá nhân khác thực hiện đầu tư hoặc góp vốn quá 15% vốn chủ sở hữu vào một tổ chức hoặc dự án kinh doanh >> Quý IV",Cơ sở,QLKD,,,,,"Pending - chưa thiết kế nguồn (gap Atomic REPORT_CELL_VALUE, xem O_QLKD_23)"
K_QLKD_893,DATA EXPLORER,Nhóm 48 — Báo cáo giám sát (STT 48),"Hạn chế đầu tư >> Đầu tư quá 70% vốn chủ sở hữu vào cổ phiếu, phần vốn góp và dự án kinh doanh >> Quý I",Cơ sở,QLKD,,,,,"Pending - chưa thiết kế nguồn (gap Atomic REPORT_CELL_VALUE, xem O_QLKD_23)"
K_QLKD_894,DATA EXPLORER,Nhóm 48 — Báo cáo giám sát (STT 48),"Hạn chế đầu tư >> Đầu tư quá 70% vốn chủ sở hữu vào cổ phiếu, phần vốn góp và dự án kinh doanh >> Quý II",Cơ sở,QLKD,,,,,"Pending - chưa thiết kế nguồn (gap Atomic REPORT_CELL_VALUE, xem O_QLKD_23)"
K_QLKD_895,DATA EXPLORER,Nhóm 48 — Báo cáo giám sát (STT 48),"Hạn chế đầu tư >> Đầu tư quá 70% vốn chủ sở hữu vào cổ phiếu, phần vốn góp và dự án kinh doanh >> Quý III",Cơ sở,QLKD,,,,,"Pending - chưa thiết kế nguồn (gap Atomic REPORT_CELL_VALUE, xem O_QLKD_23)"
K_QLKD_896,DATA EXPLORER,Nhóm 48 — Báo cáo giám sát (STT 48),"Hạn chế đầu tư >> Đầu tư quá 70% vốn chủ sở hữu vào cổ phiếu, phần vốn góp và dự án kinh doanh >> Quý IV",Cơ sở,QLKD,,,,,"Pending - chưa thiết kế nguồn (gap Atomic REPORT_CELL_VALUE, xem O_QLKD_23)"
K_QLKD_897,DATA EXPLORER,Nhóm 48 — Báo cáo giám sát (STT 48),"Hạn chế đầu tư >> Đầu tư quá 20% vốn chủ sở hữu vào cổ phiếu chưa niêm yết, phần vốn góp và dự án kinh doanh >> Quý I",Cơ sở,QLKD,,,,,"Pending - chưa thiết kế nguồn (gap Atomic REPORT_CELL_VALUE, xem O_QLKD_23)"
K_QLKD_898,DATA EXPLORER,Nhóm 48 — Báo cáo giám sát (STT 48),"Hạn chế đầu tư >> Đầu tư quá 20% vốn chủ sở hữu vào cổ phiếu chưa niêm yết, phần vốn góp và dự án kinh doanh >> Quý II",Cơ sở,QLKD,,,,,"Pending - chưa thiết kế nguồn (gap Atomic REPORT_CELL_VALUE, xem O_QLKD_23)"
K_QLKD_899,DATA EXPLORER,Nhóm 48 — Báo cáo giám sát (STT 48),"Hạn chế đầu tư >> Đầu tư quá 20% vốn chủ sở hữu vào cổ phiếu chưa niêm yết, phần vốn góp và dự án kinh doanh >> Quý III",Cơ sở,QLKD,,,,,"Pending - chưa thiết kế nguồn (gap Atomic REPORT_CELL_VALUE, xem O_QLKD_23)"
K_QLKD_900,DATA EXPLORER,Nhóm 48 — Báo cáo giám sát (STT 48),"Hạn chế đầu tư >> Đầu tư quá 20% vốn chủ sở hữu vào cổ phiếu chưa niêm yết, phần vốn góp và dự án kinh doanh >> Quý IV",Cơ sở,QLKD,,,,,"Pending - chưa thiết kế nguồn (gap Atomic REPORT_CELL_VALUE, xem O_QLKD_23)"
K_QLKD_901,DATA EXPLORER,Nhóm 49 — Báo cáo chứng quyền có đảm bảo (STT 49),Loại báo cáo,Chiều,QLKD,,,,,"Pending - chưa thiết kế nguồn (gap Atomic REPORT_CELL_VALUE, xem O_QLKD_23)"
K_QLKD_902,DATA EXPLORER,Nhóm 49 — Báo cáo chứng quyền có đảm bảo (STT 49),Kỳ báo cáo,Chiều,QLKD,,,,,"Pending - chưa thiết kế nguồn (gap Atomic REPORT_CELL_VALUE, xem O_QLKD_23)"
K_QLKD_903,DATA EXPLORER,Nhóm 49 — Báo cáo chứng quyền có đảm bảo (STT 49),Mã báo cáo,Chiều,QLKD,,,,,"Pending - chưa thiết kế nguồn (gap Atomic REPORT_CELL_VALUE, xem O_QLKD_23)"
K_QLKD_904,DATA EXPLORER,Nhóm 49 — Báo cáo chứng quyền có đảm bảo (STT 49),Tên báo cáo,Chiều,QLKD,,,,,"Pending - chưa thiết kế nguồn (gap Atomic REPORT_CELL_VALUE, xem O_QLKD_23)"
K_QLKD_905,DATA EXPLORER,Nhóm 49 — Báo cáo chứng quyền có đảm bảo (STT 49),Mã sheet,Chiều,QLKD,,,,,"Pending - chưa thiết kế nguồn (gap Atomic REPORT_CELL_VALUE, xem O_QLKD_23)"
K_QLKD_906,DATA EXPLORER,Nhóm 49 — Báo cáo chứng quyền có đảm bảo (STT 49),Tên sheet,Chiều,QLKD,,,,,"Pending - chưa thiết kế nguồn (gap Atomic REPORT_CELL_VALUE, xem O_QLKD_23)"
K_QLKD_907,DATA EXPLORER,Nhóm 49 — Báo cáo chứng quyền có đảm bảo (STT 49),Mã chỉ tiêu,Chiều,QLKD,,,,,"Pending - chưa thiết kế nguồn (gap Atomic REPORT_CELL_VALUE, xem O_QLKD_23)"
K_QLKD_908,DATA EXPLORER,Nhóm 49 — Báo cáo chứng quyền có đảm bảo (STT 49),Tên chỉ tiêu,Chiều,QLKD,,,,,"Pending - chưa thiết kế nguồn (gap Atomic REPORT_CELL_VALUE, xem O_QLKD_23)"
K_QLKD_909,DATA EXPLORER,Nhóm 49 — Báo cáo chứng quyền có đảm bảo (STT 49),Tên CTCK,Cơ sở,QLKD,,,,,"Pending - chưa thiết kế nguồn (gap Atomic REPORT_CELL_VALUE, xem O_QLKD_23)"
K_QLKD_910,DATA EXPLORER,Nhóm 49 — Báo cáo chứng quyền có đảm bảo (STT 49),Sàn giao dịch,Cơ sở,QLKD,,,,,"Pending - chưa thiết kế nguồn (gap Atomic REPORT_CELL_VALUE, xem O_QLKD_23)"
K_QLKD_911,DATA EXPLORER,Nhóm 49 — Báo cáo chứng quyền có đảm bảo (STT 49),Mã CK,Cơ sở,QLKD,,,,,"Pending - chưa thiết kế nguồn (gap Atomic REPORT_CELL_VALUE, xem O_QLKD_23)"
K_QLKD_912,DATA EXPLORER,Nhóm 49 — Báo cáo chứng quyền có đảm bảo (STT 49),Giấy phép Hoạt động của Chủ tịch UBCKNN cấp lần đầu >> Số,Cơ sở,QLKD,,,,,"Pending - chưa thiết kế nguồn (gap Atomic REPORT_CELL_VALUE, xem O_QLKD_23)"
K_QLKD_913,DATA EXPLORER,Nhóm 49 — Báo cáo chứng quyền có đảm bảo (STT 49),Giấy phép Hoạt động của Chủ tịch UBCKNN cấp lần đầu >> Ngày cấp,Cơ sở,QLKD,,,,,"Pending - chưa thiết kế nguồn (gap Atomic REPORT_CELL_VALUE, xem O_QLKD_23)"
K_QLKD_914,DATA EXPLORER,Nhóm 49 — Báo cáo chứng quyền có đảm bảo (STT 49),Ngày báo cáo,Cơ sở,QLKD,,,,,"Pending - chưa thiết kế nguồn (gap Atomic REPORT_CELL_VALUE, xem O_QLKD_23)"
K_QLKD_915,DATA EXPLORER,Nhóm 49 — Báo cáo chứng quyền có đảm bảo (STT 49),Mã chứng quyền,Cơ sở,QLKD,,,,,"Pending - chưa thiết kế nguồn (gap Atomic REPORT_CELL_VALUE, xem O_QLKD_23)"
K_QLKD_916,DATA EXPLORER,Nhóm 49 — Báo cáo chứng quyền có đảm bảo (STT 49),Số lượng chứng quyền có bảo đảm được phép phát hành,Cơ sở,QLKD,,,,,"Pending - chưa thiết kế nguồn (gap Atomic REPORT_CELL_VALUE, xem O_QLKD_23)"
K_QLKD_917,DATA EXPLORER,Nhóm 49 — Báo cáo chứng quyền có đảm bảo (STT 49),Số lượng chứng quyền có bảo đảm đã bán ròng trong ngày,Cơ sở,QLKD,,,,,"Pending - chưa thiết kế nguồn (gap Atomic REPORT_CELL_VALUE, xem O_QLKD_23)"
K_QLKD_918,DATA EXPLORER,Nhóm 49 — Báo cáo chứng quyền có đảm bảo (STT 49),Tổng số lượng chứng quyền có bảo đảm đã bán ròng (số lượng chứng quyền có bảo đảm có bảo đảm đang lưu hành),Cơ sở,QLKD,,,,,"Pending - chưa thiết kế nguồn (gap Atomic REPORT_CELL_VALUE, xem O_QLKD_23)"
K_QLKD_919,DATA EXPLORER,Nhóm 49 — Báo cáo chứng quyền có đảm bảo (STT 49),Số lượng chứng quyền có bảo đảm còn  được phép bán,Cơ sở,QLKD,,,,,"Pending - chưa thiết kế nguồn (gap Atomic REPORT_CELL_VALUE, xem O_QLKD_23)"
K_QLKD_920,DATA EXPLORER,Nhóm 50 — Báo cáo chứng quyền có đảm bảo (STT 50),Loại báo cáo,Chiều,QLKD,,,,,"Pending - chưa thiết kế nguồn (gap Atomic REPORT_CELL_VALUE, xem O_QLKD_23)"
K_QLKD_921,DATA EXPLORER,Nhóm 50 — Báo cáo chứng quyền có đảm bảo (STT 50),Kỳ báo cáo,Chiều,QLKD,,,,,"Pending - chưa thiết kế nguồn (gap Atomic REPORT_CELL_VALUE, xem O_QLKD_23)"
K_QLKD_922,DATA EXPLORER,Nhóm 50 — Báo cáo chứng quyền có đảm bảo (STT 50),Mã báo cáo,Chiều,QLKD,,,,,"Pending - chưa thiết kế nguồn (gap Atomic REPORT_CELL_VALUE, xem O_QLKD_23)"
K_QLKD_923,DATA EXPLORER,Nhóm 50 — Báo cáo chứng quyền có đảm bảo (STT 50),Tên báo cáo,Chiều,QLKD,,,,,"Pending - chưa thiết kế nguồn (gap Atomic REPORT_CELL_VALUE, xem O_QLKD_23)"
K_QLKD_924,DATA EXPLORER,Nhóm 50 — Báo cáo chứng quyền có đảm bảo (STT 50),Mã sheet,Chiều,QLKD,,,,,"Pending - chưa thiết kế nguồn (gap Atomic REPORT_CELL_VALUE, xem O_QLKD_23)"
K_QLKD_925,DATA EXPLORER,Nhóm 50 — Báo cáo chứng quyền có đảm bảo (STT 50),Tên sheet,Chiều,QLKD,,,,,"Pending - chưa thiết kế nguồn (gap Atomic REPORT_CELL_VALUE, xem O_QLKD_23)"
K_QLKD_926,DATA EXPLORER,Nhóm 50 — Báo cáo chứng quyền có đảm bảo (STT 50),Mã chỉ tiêu,Chiều,QLKD,,,,,"Pending - chưa thiết kế nguồn (gap Atomic REPORT_CELL_VALUE, xem O_QLKD_23)"
K_QLKD_927,DATA EXPLORER,Nhóm 50 — Báo cáo chứng quyền có đảm bảo (STT 50),Tên chỉ tiêu,Chiều,QLKD,,,,,"Pending - chưa thiết kế nguồn (gap Atomic REPORT_CELL_VALUE, xem O_QLKD_23)"
K_QLKD_928,DATA EXPLORER,Nhóm 50 — Báo cáo chứng quyền có đảm bảo (STT 50),Tên CTCK,Cơ sở,QLKD,,,,,"Pending - chưa thiết kế nguồn (gap Atomic REPORT_CELL_VALUE, xem O_QLKD_23)"
K_QLKD_929,DATA EXPLORER,Nhóm 50 — Báo cáo chứng quyền có đảm bảo (STT 50),Sàn giao dịch,Cơ sở,QLKD,,,,,"Pending - chưa thiết kế nguồn (gap Atomic REPORT_CELL_VALUE, xem O_QLKD_23)"
K_QLKD_930,DATA EXPLORER,Nhóm 50 — Báo cáo chứng quyền có đảm bảo (STT 50),Mã CK,Cơ sở,QLKD,,,,,"Pending - chưa thiết kế nguồn (gap Atomic REPORT_CELL_VALUE, xem O_QLKD_23)"
K_QLKD_931,DATA EXPLORER,Nhóm 50 — Báo cáo chứng quyền có đảm bảo (STT 50),Giấy phép Hoạt động của Chủ tịch UBCKNN cấp lần đầu >> Số,Cơ sở,QLKD,,,,,"Pending - chưa thiết kế nguồn (gap Atomic REPORT_CELL_VALUE, xem O_QLKD_23)"
K_QLKD_932,DATA EXPLORER,Nhóm 50 — Báo cáo chứng quyền có đảm bảo (STT 50),Giấy phép Hoạt động của Chủ tịch UBCKNN cấp lần đầu >> Ngày cấp,Cơ sở,QLKD,,,,,"Pending - chưa thiết kế nguồn (gap Atomic REPORT_CELL_VALUE, xem O_QLKD_23)"
K_QLKD_933,DATA EXPLORER,Nhóm 50 — Báo cáo chứng quyền có đảm bảo (STT 50),Người đại diện theo pháp luật (Đăng ký với UBCKNN),Cơ sở,QLKD,,,,,"Pending - chưa thiết kế nguồn (gap Atomic REPORT_CELL_VALUE, xem O_QLKD_23)"
K_QLKD_934,DATA EXPLORER,Nhóm 50 — Báo cáo chứng quyền có đảm bảo (STT 50),Chức vụ của Người đại diện theo pháp luật,Cơ sở,QLKD,,,,,"Pending - chưa thiết kế nguồn (gap Atomic REPORT_CELL_VALUE, xem O_QLKD_23)"
K_QLKD_935,DATA EXPLORER,Nhóm 50 — Báo cáo chứng quyền có đảm bảo (STT 50),Ngày báo cáo,Cơ sở,QLKD,,,,,"Pending - chưa thiết kế nguồn (gap Atomic REPORT_CELL_VALUE, xem O_QLKD_23)"
K_QLKD_936,DATA EXPLORER,Nhóm 50 — Báo cáo chứng quyền có đảm bảo (STT 50),Mã chứng quyền,Cơ sở,QLKD,,,,,"Pending - chưa thiết kế nguồn (gap Atomic REPORT_CELL_VALUE, xem O_QLKD_23)"
K_QLKD_937,DATA EXPLORER,Nhóm 50 — Báo cáo chứng quyền có đảm bảo (STT 50),Vị thế phòng ngừa rủi ro lý thuyết,Cơ sở,QLKD,,,,,"Pending - chưa thiết kế nguồn (gap Atomic REPORT_CELL_VALUE, xem O_QLKD_23)"
K_QLKD_938,DATA EXPLORER,Nhóm 50 — Báo cáo chứng quyền có đảm bảo (STT 50),Vị thế phòng ngừa rủi ro thực tế,Cơ sở,QLKD,,,,,"Pending - chưa thiết kế nguồn (gap Atomic REPORT_CELL_VALUE, xem O_QLKD_23)"
K_QLKD_939,DATA EXPLORER,Nhóm 50 — Báo cáo chứng quyền có đảm bảo (STT 50),Chênh lệch,Cơ sở,QLKD,,,,,"Pending - chưa thiết kế nguồn (gap Atomic REPORT_CELL_VALUE, xem O_QLKD_23)"
K_QLKD_940,DATA EXPLORER,Nhóm 50 — Báo cáo chứng quyền có đảm bảo (STT 50),Số dư tiền tài khoản tự doanh cho hoạt động chứng quyền,Cơ sở,QLKD,,,,,"Pending - chưa thiết kế nguồn (gap Atomic REPORT_CELL_VALUE, xem O_QLKD_23)"
K_QLKD_941,DATA EXPLORER,Nhóm 51 — Báo cáo chứng quyền có đảm bảo (STT 51),Loại báo cáo,Chiều,QLKD,,,,,"Pending - chưa thiết kế nguồn (gap Atomic REPORT_CELL_VALUE, xem O_QLKD_23)"
K_QLKD_942,DATA EXPLORER,Nhóm 51 — Báo cáo chứng quyền có đảm bảo (STT 51),Kỳ báo cáo,Chiều,QLKD,,,,,"Pending - chưa thiết kế nguồn (gap Atomic REPORT_CELL_VALUE, xem O_QLKD_23)"
K_QLKD_943,DATA EXPLORER,Nhóm 51 — Báo cáo chứng quyền có đảm bảo (STT 51),Mã báo cáo,Chiều,QLKD,,,,,"Pending - chưa thiết kế nguồn (gap Atomic REPORT_CELL_VALUE, xem O_QLKD_23)"
K_QLKD_944,DATA EXPLORER,Nhóm 51 — Báo cáo chứng quyền có đảm bảo (STT 51),Tên báo cáo,Chiều,QLKD,,,,,"Pending - chưa thiết kế nguồn (gap Atomic REPORT_CELL_VALUE, xem O_QLKD_23)"
K_QLKD_945,DATA EXPLORER,Nhóm 51 — Báo cáo chứng quyền có đảm bảo (STT 51),Mã sheet,Chiều,QLKD,,,,,"Pending - chưa thiết kế nguồn (gap Atomic REPORT_CELL_VALUE, xem O_QLKD_23)"
K_QLKD_946,DATA EXPLORER,Nhóm 51 — Báo cáo chứng quyền có đảm bảo (STT 51),Tên sheet,Chiều,QLKD,,,,,"Pending - chưa thiết kế nguồn (gap Atomic REPORT_CELL_VALUE, xem O_QLKD_23)"
K_QLKD_947,DATA EXPLORER,Nhóm 51 — Báo cáo chứng quyền có đảm bảo (STT 51),Mã chỉ tiêu,Chiều,QLKD,,,,,"Pending - chưa thiết kế nguồn (gap Atomic REPORT_CELL_VALUE, xem O_QLKD_23)"
K_QLKD_948,DATA EXPLORER,Nhóm 51 — Báo cáo chứng quyền có đảm bảo (STT 51),Tên chỉ tiêu,Chiều,QLKD,,,,,"Pending - chưa thiết kế nguồn (gap Atomic REPORT_CELL_VALUE, xem O_QLKD_23)"
K_QLKD_949,DATA EXPLORER,Nhóm 51 — Báo cáo chứng quyền có đảm bảo (STT 51),Tên CTCK,Cơ sở,QLKD,,,,,"Pending - chưa thiết kế nguồn (gap Atomic REPORT_CELL_VALUE, xem O_QLKD_23)"
K_QLKD_950,DATA EXPLORER,Nhóm 51 — Báo cáo chứng quyền có đảm bảo (STT 51),Sàn giao dịch,Cơ sở,QLKD,,,,,"Pending - chưa thiết kế nguồn (gap Atomic REPORT_CELL_VALUE, xem O_QLKD_23)"
K_QLKD_951,DATA EXPLORER,Nhóm 51 — Báo cáo chứng quyền có đảm bảo (STT 51),Mã CK,Cơ sở,QLKD,,,,,"Pending - chưa thiết kế nguồn (gap Atomic REPORT_CELL_VALUE, xem O_QLKD_23)"
K_QLKD_952,DATA EXPLORER,Nhóm 51 — Báo cáo chứng quyền có đảm bảo (STT 51),Giấy phép Hoạt động của Chủ tịch UBCKNN cấp lần đầu >> Số,Cơ sở,QLKD,,,,,"Pending - chưa thiết kế nguồn (gap Atomic REPORT_CELL_VALUE, xem O_QLKD_23)"
K_QLKD_953,DATA EXPLORER,Nhóm 51 — Báo cáo chứng quyền có đảm bảo (STT 51),Giấy phép Hoạt động của Chủ tịch UBCKNN cấp lần đầu >> Ngày cấp,Cơ sở,QLKD,,,,,"Pending - chưa thiết kế nguồn (gap Atomic REPORT_CELL_VALUE, xem O_QLKD_23)"
K_QLKD_954,DATA EXPLORER,Nhóm 51 — Báo cáo chứng quyền có đảm bảo (STT 51),Người đại diện theo pháp luật (Đăng ký với UBCKNN),Cơ sở,QLKD,,,,,"Pending - chưa thiết kế nguồn (gap Atomic REPORT_CELL_VALUE, xem O_QLKD_23)"
K_QLKD_955,DATA EXPLORER,Nhóm 51 — Báo cáo chứng quyền có đảm bảo (STT 51),Chức vụ của Người đại diện theo pháp luật,Cơ sở,QLKD,,,,,"Pending - chưa thiết kế nguồn (gap Atomic REPORT_CELL_VALUE, xem O_QLKD_23)"
K_QLKD_956,DATA EXPLORER,Nhóm 51 — Báo cáo chứng quyền có đảm bảo (STT 51),Ngày báo cáo,Cơ sở,QLKD,,,,,"Pending - chưa thiết kế nguồn (gap Atomic REPORT_CELL_VALUE, xem O_QLKD_23)"
K_QLKD_957,DATA EXPLORER,Nhóm 51 — Báo cáo chứng quyền có đảm bảo (STT 51),Mã cổ phiếu cơ sở,Cơ sở,QLKD,,,,,"Pending - chưa thiết kế nguồn (gap Atomic REPORT_CELL_VALUE, xem O_QLKD_23)"
K_QLKD_958,DATA EXPLORER,Nhóm 51 — Báo cáo chứng quyền có đảm bảo (STT 51),Số lượng cổ phiếu dư đầu ngày,Cơ sở,QLKD,,,,,"Pending - chưa thiết kế nguồn (gap Atomic REPORT_CELL_VALUE, xem O_QLKD_23)"
K_QLKD_959,DATA EXPLORER,Nhóm 51 — Báo cáo chứng quyền có đảm bảo (STT 51),Số lượng cổ phiếu giao dịch trong ngày >> Mua,Cơ sở,QLKD,,,,,"Pending - chưa thiết kế nguồn (gap Atomic REPORT_CELL_VALUE, xem O_QLKD_23)"
K_QLKD_960,DATA EXPLORER,Nhóm 51 — Báo cáo chứng quyền có đảm bảo (STT 51),Số lượng cổ phiếu giao dịch trong ngày >> Bán,Cơ sở,QLKD,,,,,"Pending - chưa thiết kế nguồn (gap Atomic REPORT_CELL_VALUE, xem O_QLKD_23)"
K_QLKD_961,DATA EXPLORER,Nhóm 51 — Báo cáo chứng quyền có đảm bảo (STT 51),Số lượng cổ phiếu cuối ngày,Cơ sở,QLKD,,,,,"Pending - chưa thiết kế nguồn (gap Atomic REPORT_CELL_VALUE, xem O_QLKD_23)"
K_QLKD_962,DATA EXPLORER,Nhóm 51 — Báo cáo chứng quyền có đảm bảo (STT 51),Tỷ lệ nắm giữ/cổ phiếu lưu hành,Cơ sở,QLKD,,,,,"Pending - chưa thiết kế nguồn (gap Atomic REPORT_CELL_VALUE, xem O_QLKD_23)"
K_QLKD_963,DATA EXPLORER,Nhóm 52 — Báo cáo chứng quyền có đảm bảo (STT 52),Loại báo cáo,Chiều,QLKD,,,,,"Pending - chưa thiết kế nguồn (gap Atomic REPORT_CELL_VALUE, xem O_QLKD_23)"
K_QLKD_964,DATA EXPLORER,Nhóm 52 — Báo cáo chứng quyền có đảm bảo (STT 52),Kỳ báo cáo,Chiều,QLKD,,,,,"Pending - chưa thiết kế nguồn (gap Atomic REPORT_CELL_VALUE, xem O_QLKD_23)"
K_QLKD_965,DATA EXPLORER,Nhóm 52 — Báo cáo chứng quyền có đảm bảo (STT 52),Mã báo cáo,Chiều,QLKD,,,,,"Pending - chưa thiết kế nguồn (gap Atomic REPORT_CELL_VALUE, xem O_QLKD_23)"
K_QLKD_966,DATA EXPLORER,Nhóm 52 — Báo cáo chứng quyền có đảm bảo (STT 52),Tên báo cáo,Chiều,QLKD,,,,,"Pending - chưa thiết kế nguồn (gap Atomic REPORT_CELL_VALUE, xem O_QLKD_23)"
K_QLKD_967,DATA EXPLORER,Nhóm 52 — Báo cáo chứng quyền có đảm bảo (STT 52),Mã sheet,Chiều,QLKD,,,,,"Pending - chưa thiết kế nguồn (gap Atomic REPORT_CELL_VALUE, xem O_QLKD_23)"
K_QLKD_968,DATA EXPLORER,Nhóm 52 — Báo cáo chứng quyền có đảm bảo (STT 52),Tên sheet,Chiều,QLKD,,,,,"Pending - chưa thiết kế nguồn (gap Atomic REPORT_CELL_VALUE, xem O_QLKD_23)"
K_QLKD_969,DATA EXPLORER,Nhóm 52 — Báo cáo chứng quyền có đảm bảo (STT 52),Mã chỉ tiêu,Chiều,QLKD,,,,,"Pending - chưa thiết kế nguồn (gap Atomic REPORT_CELL_VALUE, xem O_QLKD_23)"
K_QLKD_970,DATA EXPLORER,Nhóm 52 — Báo cáo chứng quyền có đảm bảo (STT 52),Tên chỉ tiêu,Chiều,QLKD,,,,,"Pending - chưa thiết kế nguồn (gap Atomic REPORT_CELL_VALUE, xem O_QLKD_23)"
K_QLKD_971,DATA EXPLORER,Nhóm 52 — Báo cáo chứng quyền có đảm bảo (STT 52),Tên CTCK,Cơ sở,QLKD,,,,,"Pending - chưa thiết kế nguồn (gap Atomic REPORT_CELL_VALUE, xem O_QLKD_23)"
K_QLKD_972,DATA EXPLORER,Nhóm 52 — Báo cáo chứng quyền có đảm bảo (STT 52),Sàn giao dịch,Cơ sở,QLKD,,,,,"Pending - chưa thiết kế nguồn (gap Atomic REPORT_CELL_VALUE, xem O_QLKD_23)"
K_QLKD_973,DATA EXPLORER,Nhóm 52 — Báo cáo chứng quyền có đảm bảo (STT 52),Mã CK,Cơ sở,QLKD,,,,,"Pending - chưa thiết kế nguồn (gap Atomic REPORT_CELL_VALUE, xem O_QLKD_23)"
K_QLKD_974,DATA EXPLORER,Nhóm 52 — Báo cáo chứng quyền có đảm bảo (STT 52),Giấy phép Hoạt động của Chủ tịch UBCKNN cấp lần đầu >> Số,Cơ sở,QLKD,,,,,"Pending - chưa thiết kế nguồn (gap Atomic REPORT_CELL_VALUE, xem O_QLKD_23)"
K_QLKD_975,DATA EXPLORER,Nhóm 52 — Báo cáo chứng quyền có đảm bảo (STT 52),Giấy phép Hoạt động của Chủ tịch UBCKNN cấp lần đầu >> Ngày cấp,Cơ sở,QLKD,,,,,"Pending - chưa thiết kế nguồn (gap Atomic REPORT_CELL_VALUE, xem O_QLKD_23)"
K_QLKD_976,DATA EXPLORER,Nhóm 52 — Báo cáo chứng quyền có đảm bảo (STT 52),Người đại diện theo pháp luật (Đăng ký với UBCKNN),Cơ sở,QLKD,,,,,"Pending - chưa thiết kế nguồn (gap Atomic REPORT_CELL_VALUE, xem O_QLKD_23)"
K_QLKD_977,DATA EXPLORER,Nhóm 52 — Báo cáo chứng quyền có đảm bảo (STT 52),Chức vụ của Người đại diện theo pháp luật,Cơ sở,QLKD,,,,,"Pending - chưa thiết kế nguồn (gap Atomic REPORT_CELL_VALUE, xem O_QLKD_23)"
K_QLKD_978,DATA EXPLORER,Nhóm 52 — Báo cáo chứng quyền có đảm bảo (STT 52),Mục đích (Phòng ngừa rủi ro/Khác),Cơ sở,QLKD,,,,,"Pending - chưa thiết kế nguồn (gap Atomic REPORT_CELL_VALUE, xem O_QLKD_23)"
K_QLKD_979,DATA EXPLORER,Nhóm 52 — Báo cáo chứng quyền có đảm bảo (STT 52),Loại chứng khoán,Cơ sở,QLKD,,,,,"Pending - chưa thiết kế nguồn (gap Atomic REPORT_CELL_VALUE, xem O_QLKD_23)"
K_QLKD_980,DATA EXPLORER,Nhóm 52 — Báo cáo chứng quyền có đảm bảo (STT 52),"Ngày nắm giữ chứng khoán
(Ngày/tháng/năm)",Cơ sở,QLKD,,,,,"Pending - chưa thiết kế nguồn (gap Atomic REPORT_CELL_VALUE, xem O_QLKD_23)"
K_QLKD_981,DATA EXPLORER,Nhóm 52 — Báo cáo chứng quyền có đảm bảo (STT 52),Số lượng,Cơ sở,QLKD,,,,,"Pending - chưa thiết kế nguồn (gap Atomic REPORT_CELL_VALUE, xem O_QLKD_23)"
K_QLKD_982,DATA EXPLORER,Nhóm 52 — Báo cáo chứng quyền có đảm bảo (STT 52),Tổng giá trị mua vào (triệu đồng),Cơ sở,QLKD,,,,,"Pending - chưa thiết kế nguồn (gap Atomic REPORT_CELL_VALUE, xem O_QLKD_23)"
K_QLKD_983,DATA EXPLORER,Nhóm 52 — Báo cáo chứng quyền có đảm bảo (STT 52),Giá trị thị trường tại thời điểm báo cáo (triệu đồng),Cơ sở,QLKD,,,,,"Pending - chưa thiết kế nguồn (gap Atomic REPORT_CELL_VALUE, xem O_QLKD_23)"
K_QLKD_984,DATA EXPLORER,Nhóm 52 — Báo cáo chứng quyền có đảm bảo (STT 52),Tỷ lệ tăng trưởng tài sản đầu tư,Cơ sở,QLKD,,,,,"Pending - chưa thiết kế nguồn (gap Atomic REPORT_CELL_VALUE, xem O_QLKD_23)"
K_QLKD_985,DATA EXPLORER,Nhóm 52 — Báo cáo chứng quyền có đảm bảo (STT 52),Tổng số chứng khoán đang lưu hành của tổ chức phát hành vào thời điểm báo cáo,Cơ sở,QLKD,,,,,"Pending - chưa thiết kế nguồn (gap Atomic REPORT_CELL_VALUE, xem O_QLKD_23)"
K_QLKD_986,DATA EXPLORER,Nhóm 52 — Báo cáo chứng quyền có đảm bảo (STT 52),Tỷ lệ đầu tư (%),Cơ sở,QLKD,,,,,"Pending - chưa thiết kế nguồn (gap Atomic REPORT_CELL_VALUE, xem O_QLKD_23)"
K_QLKD_987,DATA EXPLORER,Nhóm 53 — Báo cáo chứng quyền có đảm bảo (STT 53),Loại báo cáo,Chiều,QLKD,,,,,"Pending - chưa thiết kế nguồn (gap Atomic REPORT_CELL_VALUE, xem O_QLKD_23)"
K_QLKD_988,DATA EXPLORER,Nhóm 53 — Báo cáo chứng quyền có đảm bảo (STT 53),Kỳ báo cáo,Chiều,QLKD,,,,,"Pending - chưa thiết kế nguồn (gap Atomic REPORT_CELL_VALUE, xem O_QLKD_23)"
K_QLKD_989,DATA EXPLORER,Nhóm 53 — Báo cáo chứng quyền có đảm bảo (STT 53),Mã báo cáo,Chiều,QLKD,,,,,"Pending - chưa thiết kế nguồn (gap Atomic REPORT_CELL_VALUE, xem O_QLKD_23)"
K_QLKD_990,DATA EXPLORER,Nhóm 53 — Báo cáo chứng quyền có đảm bảo (STT 53),Tên báo cáo,Chiều,QLKD,,,,,"Pending - chưa thiết kế nguồn (gap Atomic REPORT_CELL_VALUE, xem O_QLKD_23)"
K_QLKD_991,DATA EXPLORER,Nhóm 53 — Báo cáo chứng quyền có đảm bảo (STT 53),Mã sheet,Chiều,QLKD,,,,,"Pending - chưa thiết kế nguồn (gap Atomic REPORT_CELL_VALUE, xem O_QLKD_23)"
K_QLKD_992,DATA EXPLORER,Nhóm 53 — Báo cáo chứng quyền có đảm bảo (STT 53),Tên sheet,Chiều,QLKD,,,,,"Pending - chưa thiết kế nguồn (gap Atomic REPORT_CELL_VALUE, xem O_QLKD_23)"
K_QLKD_993,DATA EXPLORER,Nhóm 53 — Báo cáo chứng quyền có đảm bảo (STT 53),Mã chỉ tiêu,Chiều,QLKD,,,,,"Pending - chưa thiết kế nguồn (gap Atomic REPORT_CELL_VALUE, xem O_QLKD_23)"
K_QLKD_994,DATA EXPLORER,Nhóm 53 — Báo cáo chứng quyền có đảm bảo (STT 53),Tên chỉ tiêu,Chiều,QLKD,,,,,"Pending - chưa thiết kế nguồn (gap Atomic REPORT_CELL_VALUE, xem O_QLKD_23)"
K_QLKD_995,DATA EXPLORER,Nhóm 53 — Báo cáo chứng quyền có đảm bảo (STT 53),Tên CTCK,Cơ sở,QLKD,,,,,"Pending - chưa thiết kế nguồn (gap Atomic REPORT_CELL_VALUE, xem O_QLKD_23)"
K_QLKD_996,DATA EXPLORER,Nhóm 53 — Báo cáo chứng quyền có đảm bảo (STT 53),Sàn giao dịch,Cơ sở,QLKD,,,,,"Pending - chưa thiết kế nguồn (gap Atomic REPORT_CELL_VALUE, xem O_QLKD_23)"
K_QLKD_997,DATA EXPLORER,Nhóm 53 — Báo cáo chứng quyền có đảm bảo (STT 53),Mã CK,Cơ sở,QLKD,,,,,"Pending - chưa thiết kế nguồn (gap Atomic REPORT_CELL_VALUE, xem O_QLKD_23)"
K_QLKD_998,DATA EXPLORER,Nhóm 53 — Báo cáo chứng quyền có đảm bảo (STT 53),Giấy phép Hoạt động của Chủ tịch UBCKNN cấp lần đầu >> Số,Cơ sở,QLKD,,,,,"Pending - chưa thiết kế nguồn (gap Atomic REPORT_CELL_VALUE, xem O_QLKD_23)"
K_QLKD_999,DATA EXPLORER,Nhóm 53 — Báo cáo chứng quyền có đảm bảo (STT 53),Giấy phép Hoạt động của Chủ tịch UBCKNN cấp lần đầu >> Ngày cấp,Cơ sở,QLKD,,,,,"Pending - chưa thiết kế nguồn (gap Atomic REPORT_CELL_VALUE, xem O_QLKD_23)"
K_QLKD_1000,DATA EXPLORER,Nhóm 53 — Báo cáo chứng quyền có đảm bảo (STT 53),Tên chứng quyền,Cơ sở,QLKD,,,,,"Pending - chưa thiết kế nguồn (gap Atomic REPORT_CELL_VALUE, xem O_QLKD_23)"
K_QLKD_1001,DATA EXPLORER,Nhóm 53 — Báo cáo chứng quyền có đảm bảo (STT 53),Mã chứng quyền,Cơ sở,QLKD,,,,,"Pending - chưa thiết kế nguồn (gap Atomic REPORT_CELL_VALUE, xem O_QLKD_23)"
K_QLKD_1002,DATA EXPLORER,Nhóm 53 — Báo cáo chứng quyền có đảm bảo (STT 53),Số lượng chứng quyền đầu kỳ tại ngày,Cơ sở,QLKD,,,,,"Pending - chưa thiết kế nguồn (gap Atomic REPORT_CELL_VALUE, xem O_QLKD_23)"
K_QLKD_1003,DATA EXPLORER,Nhóm 53 — Báo cáo chứng quyền có đảm bảo (STT 53),Giá trị tương ứng với số lượng chứng quyền đầu kỳ,Cơ sở,QLKD,,,,,"Pending - chưa thiết kế nguồn (gap Atomic REPORT_CELL_VALUE, xem O_QLKD_23)"
K_QLKD_1004,DATA EXPLORER,Nhóm 53 — Báo cáo chứng quyền có đảm bảo (STT 53),Số lượng chứng quyền cuối kỳ tại ngày,Cơ sở,QLKD,,,,,"Pending - chưa thiết kế nguồn (gap Atomic REPORT_CELL_VALUE, xem O_QLKD_23)"
K_QLKD_1005,DATA EXPLORER,Nhóm 53 — Báo cáo chứng quyền có đảm bảo (STT 53),Giá đóng cửa phiên giao dịch cuối cùng của tháng (đồng),Cơ sở,QLKD,,,,,"Pending - chưa thiết kế nguồn (gap Atomic REPORT_CELL_VALUE, xem O_QLKD_23)"
K_QLKD_1006,DATA EXPLORER,Nhóm 53 — Báo cáo chứng quyền có đảm bảo (STT 53),Giá trị cuối kỳ (đồng),Cơ sở,QLKD,,,,,"Pending - chưa thiết kế nguồn (gap Atomic REPORT_CELL_VALUE, xem O_QLKD_23)"
K_QLKD_1007,DATA EXPLORER,Nhóm 53 — Báo cáo chứng quyền có đảm bảo (STT 53),Chênh lệch giữa giá trị cuối kỳ với giá trị đầu kỳ,Cơ sở,QLKD,,,,,"Pending - chưa thiết kế nguồn (gap Atomic REPORT_CELL_VALUE, xem O_QLKD_23)"
K_QLKD_1008,DATA EXPLORER,Nhóm 53 — Báo cáo chứng quyền có đảm bảo (STT 53),"Tài sản bảo đảm thanh toán/Bảo lãnh thanh toán >> Loại tài sản bảo đảm (Tiền, Chứng chỉ tiền gửi/Hợp đồng tiền gửi, Bảo lãnh thanh toán)",Cơ sở,QLKD,,,,,"Pending - chưa thiết kế nguồn (gap Atomic REPORT_CELL_VALUE, xem O_QLKD_23)"
K_QLKD_1009,DATA EXPLORER,Nhóm 53 — Báo cáo chứng quyền có đảm bảo (STT 53),Tài sản bảo đảm thanh toán/Bảo lãnh thanh toán >> Giá trị kỳ báo cáo,Cơ sở,QLKD,,,,,"Pending - chưa thiết kế nguồn (gap Atomic REPORT_CELL_VALUE, xem O_QLKD_23)"
K_QLKD_1010,DATA EXPLORER,Nhóm 53 — Báo cáo chứng quyền có đảm bảo (STT 53),Tài sản bảo đảm thanh toán/Bảo lãnh thanh toán >> Giá trị kỳ trước,Cơ sở,QLKD,,,,,"Pending - chưa thiết kế nguồn (gap Atomic REPORT_CELL_VALUE, xem O_QLKD_23)"
K_QLKD_1011,DATA EXPLORER,Nhóm 53 — Báo cáo chứng quyền có đảm bảo (STT 53),Tài sản bảo đảm thanh toán/Bảo lãnh thanh toán >> Thay đổi so với kỳ trước,Cơ sở,QLKD,,,,,"Pending - chưa thiết kế nguồn (gap Atomic REPORT_CELL_VALUE, xem O_QLKD_23)"
K_QLKD_1012,DATA EXPLORER,Nhóm 54 — Báo cáo chứng quyền có đảm bảo (STT 54),Loại báo cáo,Chiều,QLKD,,,,,"Pending - chưa thiết kế nguồn (gap Atomic REPORT_CELL_VALUE, xem O_QLKD_23)"
K_QLKD_1013,DATA EXPLORER,Nhóm 54 — Báo cáo chứng quyền có đảm bảo (STT 54),Kỳ báo cáo,Chiều,QLKD,,,,,"Pending - chưa thiết kế nguồn (gap Atomic REPORT_CELL_VALUE, xem O_QLKD_23)"
K_QLKD_1014,DATA EXPLORER,Nhóm 54 — Báo cáo chứng quyền có đảm bảo (STT 54),Mã báo cáo,Chiều,QLKD,,,,,"Pending - chưa thiết kế nguồn (gap Atomic REPORT_CELL_VALUE, xem O_QLKD_23)"
K_QLKD_1015,DATA EXPLORER,Nhóm 54 — Báo cáo chứng quyền có đảm bảo (STT 54),Tên báo cáo,Chiều,QLKD,,,,,"Pending - chưa thiết kế nguồn (gap Atomic REPORT_CELL_VALUE, xem O_QLKD_23)"
K_QLKD_1016,DATA EXPLORER,Nhóm 54 — Báo cáo chứng quyền có đảm bảo (STT 54),Mã sheet,Chiều,QLKD,,,,,"Pending - chưa thiết kế nguồn (gap Atomic REPORT_CELL_VALUE, xem O_QLKD_23)"
K_QLKD_1017,DATA EXPLORER,Nhóm 54 — Báo cáo chứng quyền có đảm bảo (STT 54),Tên sheet,Chiều,QLKD,,,,,"Pending - chưa thiết kế nguồn (gap Atomic REPORT_CELL_VALUE, xem O_QLKD_23)"
K_QLKD_1018,DATA EXPLORER,Nhóm 54 — Báo cáo chứng quyền có đảm bảo (STT 54),Mã chỉ tiêu,Chiều,QLKD,,,,,"Pending - chưa thiết kế nguồn (gap Atomic REPORT_CELL_VALUE, xem O_QLKD_23)"
K_QLKD_1019,DATA EXPLORER,Nhóm 54 — Báo cáo chứng quyền có đảm bảo (STT 54),Tên chỉ tiêu,Chiều,QLKD,,,,,"Pending - chưa thiết kế nguồn (gap Atomic REPORT_CELL_VALUE, xem O_QLKD_23)"
K_QLKD_1020,DATA EXPLORER,Nhóm 54 — Báo cáo chứng quyền có đảm bảo (STT 54),Tên CTCK,Cơ sở,QLKD,,,,,"Pending - chưa thiết kế nguồn (gap Atomic REPORT_CELL_VALUE, xem O_QLKD_23)"
K_QLKD_1021,DATA EXPLORER,Nhóm 54 — Báo cáo chứng quyền có đảm bảo (STT 54),Sàn giao dịch,Cơ sở,QLKD,,,,,"Pending - chưa thiết kế nguồn (gap Atomic REPORT_CELL_VALUE, xem O_QLKD_23)"
K_QLKD_1022,DATA EXPLORER,Nhóm 54 — Báo cáo chứng quyền có đảm bảo (STT 54),Mã CK,Cơ sở,QLKD,,,,,"Pending - chưa thiết kế nguồn (gap Atomic REPORT_CELL_VALUE, xem O_QLKD_23)"
K_QLKD_1023,DATA EXPLORER,Nhóm 54 — Báo cáo chứng quyền có đảm bảo (STT 54),Giấy phép Hoạt động của Chủ tịch UBCKNN cấp lần đầu >> Số,Cơ sở,QLKD,,,,,"Pending - chưa thiết kế nguồn (gap Atomic REPORT_CELL_VALUE, xem O_QLKD_23)"
K_QLKD_1024,DATA EXPLORER,Nhóm 54 — Báo cáo chứng quyền có đảm bảo (STT 54),Giấy phép Hoạt động của Chủ tịch UBCKNN cấp lần đầu >> Ngày cấp,Cơ sở,QLKD,,,,,"Pending - chưa thiết kế nguồn (gap Atomic REPORT_CELL_VALUE, xem O_QLKD_23)"
K_QLKD_1025,DATA EXPLORER,Nhóm 54 — Báo cáo chứng quyền có đảm bảo (STT 54),Số mã chứng quyền,Cơ sở,QLKD,,,,,"Pending - chưa thiết kế nguồn (gap Atomic REPORT_CELL_VALUE, xem O_QLKD_23)"
K_QLKD_1026,DATA EXPLORER,Nhóm 54 — Báo cáo chứng quyền có đảm bảo (STT 54),Số lượng chứng quyền đầu kỳ tại ngày,Cơ sở,QLKD,,,,,"Pending - chưa thiết kế nguồn (gap Atomic REPORT_CELL_VALUE, xem O_QLKD_23)"
K_QLKD_1027,DATA EXPLORER,Nhóm 54 — Báo cáo chứng quyền có đảm bảo (STT 54),Giá trị tương ứng với số lượng chứng quyền đầu kỳ,Cơ sở,QLKD,,,,,"Pending - chưa thiết kế nguồn (gap Atomic REPORT_CELL_VALUE, xem O_QLKD_23)"
K_QLKD_1028,DATA EXPLORER,Nhóm 54 — Báo cáo chứng quyền có đảm bảo (STT 54),Số lượng chứng quyền cuối kỳ tại ngày,Cơ sở,QLKD,,,,,"Pending - chưa thiết kế nguồn (gap Atomic REPORT_CELL_VALUE, xem O_QLKD_23)"
K_QLKD_1029,DATA EXPLORER,Nhóm 54 — Báo cáo chứng quyền có đảm bảo (STT 54),Giá đóng cửa phiên giao dịch cuối cùng của tháng (đồng),Cơ sở,QLKD,,,,,"Pending - chưa thiết kế nguồn (gap Atomic REPORT_CELL_VALUE, xem O_QLKD_23)"
K_QLKD_1030,DATA EXPLORER,Nhóm 54 — Báo cáo chứng quyền có đảm bảo (STT 54),Giá trị cuối kỳ (đồng),Cơ sở,QLKD,,,,,"Pending - chưa thiết kế nguồn (gap Atomic REPORT_CELL_VALUE, xem O_QLKD_23)"
K_QLKD_1031,DATA EXPLORER,Nhóm 54 — Báo cáo chứng quyền có đảm bảo (STT 54),Chênh lệch giữa giá trị cuối kỳ với giá trị đầu kỳ,Cơ sở,QLKD,,,,,"Pending - chưa thiết kế nguồn (gap Atomic REPORT_CELL_VALUE, xem O_QLKD_23)"
K_QLKD_1032,DATA EXPLORER,Nhóm 54 — Báo cáo chứng quyền có đảm bảo (STT 54),"Loại tài sản bảo đảm (Tiền, Chứng chỉ tiền gửi/Hợp đồng tiền gửi, Bảo lãnh thanh toán)",Cơ sở,QLKD,,,,,"Pending - chưa thiết kế nguồn (gap Atomic REPORT_CELL_VALUE, xem O_QLKD_23)"
K_QLKD_1033,DATA EXPLORER,Nhóm 54 — Báo cáo chứng quyền có đảm bảo (STT 54),Giá trị kỳ báo cáo,Cơ sở,QLKD,,,,,"Pending - chưa thiết kế nguồn (gap Atomic REPORT_CELL_VALUE, xem O_QLKD_23)"
K_QLKD_1034,DATA EXPLORER,Nhóm 54 — Báo cáo chứng quyền có đảm bảo (STT 54),Giá trị kỳ trước,Cơ sở,QLKD,,,,,"Pending - chưa thiết kế nguồn (gap Atomic REPORT_CELL_VALUE, xem O_QLKD_23)"
K_QLKD_1035,DATA EXPLORER,Nhóm 54 — Báo cáo chứng quyền có đảm bảo (STT 54),Thay đổi so với kỳ trước,Cơ sở,QLKD,,,,,"Pending - chưa thiết kế nguồn (gap Atomic REPORT_CELL_VALUE, xem O_QLKD_23)"
K_QLKD_1036,DATA EXPLORER,Nhóm 55 — Báo cáo chứng quyền có đảm bảo (STT 55),Loại báo cáo,Chiều,QLKD,,,,,"Pending - chưa thiết kế nguồn (gap Atomic REPORT_CELL_VALUE, xem O_QLKD_23)"
K_QLKD_1037,DATA EXPLORER,Nhóm 55 — Báo cáo chứng quyền có đảm bảo (STT 55),Kỳ báo cáo,Chiều,QLKD,,,,,"Pending - chưa thiết kế nguồn (gap Atomic REPORT_CELL_VALUE, xem O_QLKD_23)"
K_QLKD_1038,DATA EXPLORER,Nhóm 55 — Báo cáo chứng quyền có đảm bảo (STT 55),Mã báo cáo,Chiều,QLKD,,,,,"Pending - chưa thiết kế nguồn (gap Atomic REPORT_CELL_VALUE, xem O_QLKD_23)"
K_QLKD_1039,DATA EXPLORER,Nhóm 55 — Báo cáo chứng quyền có đảm bảo (STT 55),Tên báo cáo,Chiều,QLKD,,,,,"Pending - chưa thiết kế nguồn (gap Atomic REPORT_CELL_VALUE, xem O_QLKD_23)"
K_QLKD_1040,DATA EXPLORER,Nhóm 55 — Báo cáo chứng quyền có đảm bảo (STT 55),Mã sheet,Chiều,QLKD,,,,,"Pending - chưa thiết kế nguồn (gap Atomic REPORT_CELL_VALUE, xem O_QLKD_23)"
K_QLKD_1041,DATA EXPLORER,Nhóm 55 — Báo cáo chứng quyền có đảm bảo (STT 55),Tên sheet,Chiều,QLKD,,,,,"Pending - chưa thiết kế nguồn (gap Atomic REPORT_CELL_VALUE, xem O_QLKD_23)"
K_QLKD_1042,DATA EXPLORER,Nhóm 55 — Báo cáo chứng quyền có đảm bảo (STT 55),Mã chỉ tiêu,Chiều,QLKD,,,,,"Pending - chưa thiết kế nguồn (gap Atomic REPORT_CELL_VALUE, xem O_QLKD_23)"
K_QLKD_1043,DATA EXPLORER,Nhóm 55 — Báo cáo chứng quyền có đảm bảo (STT 55),Tên chỉ tiêu,Chiều,QLKD,,,,,"Pending - chưa thiết kế nguồn (gap Atomic REPORT_CELL_VALUE, xem O_QLKD_23)"
K_QLKD_1044,DATA EXPLORER,Nhóm 55 — Báo cáo chứng quyền có đảm bảo (STT 55),Tên CTCK,Cơ sở,QLKD,,,,,"Pending - chưa thiết kế nguồn (gap Atomic REPORT_CELL_VALUE, xem O_QLKD_23)"
K_QLKD_1045,DATA EXPLORER,Nhóm 55 — Báo cáo chứng quyền có đảm bảo (STT 55),Sàn giao dịch,Cơ sở,QLKD,,,,,"Pending - chưa thiết kế nguồn (gap Atomic REPORT_CELL_VALUE, xem O_QLKD_23)"
K_QLKD_1046,DATA EXPLORER,Nhóm 55 — Báo cáo chứng quyền có đảm bảo (STT 55),Mã CK,Cơ sở,QLKD,,,,,"Pending - chưa thiết kế nguồn (gap Atomic REPORT_CELL_VALUE, xem O_QLKD_23)"
K_QLKD_1047,DATA EXPLORER,Nhóm 55 — Báo cáo chứng quyền có đảm bảo (STT 55),Giấy phép Hoạt động của Chủ tịch UBCKNN cấp lần đầu >> Số,Cơ sở,QLKD,,,,,"Pending - chưa thiết kế nguồn (gap Atomic REPORT_CELL_VALUE, xem O_QLKD_23)"
K_QLKD_1048,DATA EXPLORER,Nhóm 55 — Báo cáo chứng quyền có đảm bảo (STT 55),Giấy phép Hoạt động của Chủ tịch UBCKNN cấp lần đầu >> Ngày cấp,Cơ sở,QLKD,,,,,"Pending - chưa thiết kế nguồn (gap Atomic REPORT_CELL_VALUE, xem O_QLKD_23)"
K_QLKD_1049,DATA EXPLORER,Nhóm 55 — Báo cáo chứng quyền có đảm bảo (STT 55),Người đại diện theo pháp luật (Đăng ký với UBCKNN),Cơ sở,QLKD,,,,,"Pending - chưa thiết kế nguồn (gap Atomic REPORT_CELL_VALUE, xem O_QLKD_23)"
K_QLKD_1050,DATA EXPLORER,Nhóm 55 — Báo cáo chứng quyền có đảm bảo (STT 55),Chức vụ của Người đại diện theo pháp luật,Cơ sở,QLKD,,,,,"Pending - chưa thiết kế nguồn (gap Atomic REPORT_CELL_VALUE, xem O_QLKD_23)"
K_QLKD_1051,DATA EXPLORER,Nhóm 55 — Báo cáo chứng quyền có đảm bảo (STT 55),Tên Ngân hàng lưu ký,Cơ sở,QLKD,,,,,"Pending - chưa thiết kế nguồn (gap Atomic REPORT_CELL_VALUE, xem O_QLKD_23)"
K_QLKD_1052,DATA EXPLORER,Nhóm 55 — Báo cáo chứng quyền có đảm bảo (STT 55),Giấy phép hoạt động >> Số,Cơ sở,QLKD,,,,,"Pending - chưa thiết kế nguồn (gap Atomic REPORT_CELL_VALUE, xem O_QLKD_23)"
K_QLKD_1053,DATA EXPLORER,Nhóm 55 — Báo cáo chứng quyền có đảm bảo (STT 55),Giấy phép hoạt động >> Ngày cấp,Cơ sở,QLKD,,,,,"Pending - chưa thiết kế nguồn (gap Atomic REPORT_CELL_VALUE, xem O_QLKD_23)"
K_QLKD_1054,DATA EXPLORER,Nhóm 55 — Báo cáo chứng quyền có đảm bảo (STT 55),Giấy chứng nhận đăng ký hoạt động lưu ký chứng khoán >> Số,Cơ sở,QLKD,,,,,"Pending - chưa thiết kế nguồn (gap Atomic REPORT_CELL_VALUE, xem O_QLKD_23)"
K_QLKD_1055,DATA EXPLORER,Nhóm 55 — Báo cáo chứng quyền có đảm bảo (STT 55),Giấy chứng nhận đăng ký hoạt động lưu ký chứng khoán >> Ngày cấp,Cơ sở,QLKD,,,,,"Pending - chưa thiết kế nguồn (gap Atomic REPORT_CELL_VALUE, xem O_QLKD_23)"
K_QLKD_1056,DATA EXPLORER,Nhóm 55 — Báo cáo chứng quyền có đảm bảo (STT 55),Tên chứng quyền,Cơ sở,QLKD,,,,,"Pending - chưa thiết kế nguồn (gap Atomic REPORT_CELL_VALUE, xem O_QLKD_23)"
K_QLKD_1057,DATA EXPLORER,Nhóm 55 — Báo cáo chứng quyền có đảm bảo (STT 55),Tên tổ chức phát hành,Cơ sở,QLKD,,,,,"Pending - chưa thiết kế nguồn (gap Atomic REPORT_CELL_VALUE, xem O_QLKD_23)"
K_QLKD_1058,DATA EXPLORER,Nhóm 55 — Báo cáo chứng quyền có đảm bảo (STT 55),"Loại tài sản bảo đảm (Tiền, Chứng chỉ tiền gửi/Hợp đồng tiền gửi, Bảo lãnh thanh toán)",Cơ sở,QLKD,,,,,"Pending - chưa thiết kế nguồn (gap Atomic REPORT_CELL_VALUE, xem O_QLKD_23)"
K_QLKD_1059,DATA EXPLORER,Nhóm 55 — Báo cáo chứng quyền có đảm bảo (STT 55),Giá trị kỳ báo cáo,Cơ sở,QLKD,,,,,"Pending - chưa thiết kế nguồn (gap Atomic REPORT_CELL_VALUE, xem O_QLKD_23)"
K_QLKD_1060,DATA EXPLORER,Nhóm 55 — Báo cáo chứng quyền có đảm bảo (STT 55),Giá trị kỳ trước,Cơ sở,QLKD,,,,,"Pending - chưa thiết kế nguồn (gap Atomic REPORT_CELL_VALUE, xem O_QLKD_23)"
K_QLKD_1061,DATA EXPLORER,Nhóm 55 — Báo cáo chứng quyền có đảm bảo (STT 55),Thay đổi so với kỳ trước,Cơ sở,QLKD,,,,,"Pending - chưa thiết kế nguồn (gap Atomic REPORT_CELL_VALUE, xem O_QLKD_23)"
K_QLKD_1062,DATA EXPLORER,Nhóm 56 — Báo cáo chứng quyền có đảm bảo (STT 56),Loại báo cáo,Chiều,QLKD,,,,,"Pending - chưa thiết kế nguồn (gap Atomic REPORT_CELL_VALUE, xem O_QLKD_23)"
K_QLKD_1063,DATA EXPLORER,Nhóm 56 — Báo cáo chứng quyền có đảm bảo (STT 56),Kỳ báo cáo,Chiều,QLKD,,,,,"Pending - chưa thiết kế nguồn (gap Atomic REPORT_CELL_VALUE, xem O_QLKD_23)"
K_QLKD_1064,DATA EXPLORER,Nhóm 56 — Báo cáo chứng quyền có đảm bảo (STT 56),Mã báo cáo,Chiều,QLKD,,,,,"Pending - chưa thiết kế nguồn (gap Atomic REPORT_CELL_VALUE, xem O_QLKD_23)"
K_QLKD_1065,DATA EXPLORER,Nhóm 56 — Báo cáo chứng quyền có đảm bảo (STT 56),Tên báo cáo,Chiều,QLKD,,,,,"Pending - chưa thiết kế nguồn (gap Atomic REPORT_CELL_VALUE, xem O_QLKD_23)"
K_QLKD_1066,DATA EXPLORER,Nhóm 56 — Báo cáo chứng quyền có đảm bảo (STT 56),Mã sheet,Chiều,QLKD,,,,,"Pending - chưa thiết kế nguồn (gap Atomic REPORT_CELL_VALUE, xem O_QLKD_23)"
K_QLKD_1067,DATA EXPLORER,Nhóm 56 — Báo cáo chứng quyền có đảm bảo (STT 56),Tên sheet,Chiều,QLKD,,,,,"Pending - chưa thiết kế nguồn (gap Atomic REPORT_CELL_VALUE, xem O_QLKD_23)"
K_QLKD_1068,DATA EXPLORER,Nhóm 56 — Báo cáo chứng quyền có đảm bảo (STT 56),Mã chỉ tiêu,Chiều,QLKD,,,,,"Pending - chưa thiết kế nguồn (gap Atomic REPORT_CELL_VALUE, xem O_QLKD_23)"
K_QLKD_1069,DATA EXPLORER,Nhóm 56 — Báo cáo chứng quyền có đảm bảo (STT 56),Tên chỉ tiêu,Chiều,QLKD,,,,,"Pending - chưa thiết kế nguồn (gap Atomic REPORT_CELL_VALUE, xem O_QLKD_23)"
K_QLKD_1070,DATA EXPLORER,Nhóm 56 — Báo cáo chứng quyền có đảm bảo (STT 56),Tên Ngân hàng lưu ký,Cơ sở,QLKD,,,,,"Pending - chưa thiết kế nguồn (gap Atomic REPORT_CELL_VALUE, xem O_QLKD_23)"
K_QLKD_1071,DATA EXPLORER,Nhóm 56 — Báo cáo chứng quyền có đảm bảo (STT 56),Giấy phép hoạt động >> Số,Cơ sở,QLKD,,,,,"Pending - chưa thiết kế nguồn (gap Atomic REPORT_CELL_VALUE, xem O_QLKD_23)"
K_QLKD_1072,DATA EXPLORER,Nhóm 56 — Báo cáo chứng quyền có đảm bảo (STT 56),Giấy phép hoạt động >> Ngày cấp,Cơ sở,QLKD,,,,,"Pending - chưa thiết kế nguồn (gap Atomic REPORT_CELL_VALUE, xem O_QLKD_23)"
K_QLKD_1073,DATA EXPLORER,Nhóm 56 — Báo cáo chứng quyền có đảm bảo (STT 56),Giấy chứng nhận đăng ký hoạt động lưu ký chứng khoán >> Số,Cơ sở,QLKD,,,,,"Pending - chưa thiết kế nguồn (gap Atomic REPORT_CELL_VALUE, xem O_QLKD_23)"
K_QLKD_1074,DATA EXPLORER,Nhóm 56 — Báo cáo chứng quyền có đảm bảo (STT 56),Giấy chứng nhận đăng ký hoạt động lưu ký chứng khoán >> Ngày cấp,Cơ sở,QLKD,,,,,"Pending - chưa thiết kế nguồn (gap Atomic REPORT_CELL_VALUE, xem O_QLKD_23)"
K_QLKD_1075,DATA EXPLORER,Nhóm 56 — Báo cáo chứng quyền có đảm bảo (STT 56),"Loại tài sản bảo đảm (Tiền, Chứng chỉ tiền gửi/Hợp đồng tiền gửi, Bảo lãnh thanh toán)",Cơ sở,QLKD,,,,,"Pending - chưa thiết kế nguồn (gap Atomic REPORT_CELL_VALUE, xem O_QLKD_23)"
K_QLKD_1076,DATA EXPLORER,Nhóm 56 — Báo cáo chứng quyền có đảm bảo (STT 56),Giá trị kỳ báo cáo,Cơ sở,QLKD,,,,,"Pending - chưa thiết kế nguồn (gap Atomic REPORT_CELL_VALUE, xem O_QLKD_23)"
K_QLKD_1077,DATA EXPLORER,Nhóm 56 — Báo cáo chứng quyền có đảm bảo (STT 56),Giá trị kỳ trước,Cơ sở,QLKD,,,,,"Pending - chưa thiết kế nguồn (gap Atomic REPORT_CELL_VALUE, xem O_QLKD_23)"
K_QLKD_1078,DATA EXPLORER,Nhóm 56 — Báo cáo chứng quyền có đảm bảo (STT 56),Thay đổi so với kỳ trước,Cơ sở,QLKD,,,,,"Pending - chưa thiết kế nguồn (gap Atomic REPORT_CELL_VALUE, xem O_QLKD_23)"
K_QLKD_1079,DATA EXPLORER,Nhóm 57 — Hoạt động phái sinh (STT 57),Loại báo cáo,Chiều,QLKD,,,,,"Pending - chưa thiết kế nguồn (gap Atomic REPORT_CELL_VALUE, xem O_QLKD_23)"
K_QLKD_1080,DATA EXPLORER,Nhóm 57 — Hoạt động phái sinh (STT 57),Kỳ báo cáo,Chiều,QLKD,,,,,"Pending - chưa thiết kế nguồn (gap Atomic REPORT_CELL_VALUE, xem O_QLKD_23)"
K_QLKD_1081,DATA EXPLORER,Nhóm 57 — Hoạt động phái sinh (STT 57),Mã báo cáo,Chiều,QLKD,,,,,"Pending - chưa thiết kế nguồn (gap Atomic REPORT_CELL_VALUE, xem O_QLKD_23)"
K_QLKD_1082,DATA EXPLORER,Nhóm 57 — Hoạt động phái sinh (STT 57),Tên báo cáo,Chiều,QLKD,,,,,"Pending - chưa thiết kế nguồn (gap Atomic REPORT_CELL_VALUE, xem O_QLKD_23)"
K_QLKD_1083,DATA EXPLORER,Nhóm 57 — Hoạt động phái sinh (STT 57),Mã sheet,Chiều,QLKD,,,,,"Pending - chưa thiết kế nguồn (gap Atomic REPORT_CELL_VALUE, xem O_QLKD_23)"
K_QLKD_1084,DATA EXPLORER,Nhóm 57 — Hoạt động phái sinh (STT 57),Tên sheet,Chiều,QLKD,,,,,"Pending - chưa thiết kế nguồn (gap Atomic REPORT_CELL_VALUE, xem O_QLKD_23)"
K_QLKD_1085,DATA EXPLORER,Nhóm 57 — Hoạt động phái sinh (STT 57),Mã chỉ tiêu,Chiều,QLKD,,,,,"Pending - chưa thiết kế nguồn (gap Atomic REPORT_CELL_VALUE, xem O_QLKD_23)"
K_QLKD_1086,DATA EXPLORER,Nhóm 57 — Hoạt động phái sinh (STT 57),Tên chỉ tiêu,Chiều,QLKD,,,,,"Pending - chưa thiết kế nguồn (gap Atomic REPORT_CELL_VALUE, xem O_QLKD_23)"
K_QLKD_1087,DATA EXPLORER,Nhóm 57 — Hoạt động phái sinh (STT 57),Tên công ty chứng khoán,Cơ sở,QLKD,,,,,"Pending - chưa thiết kế nguồn (gap Atomic REPORT_CELL_VALUE, xem O_QLKD_23)"
K_QLKD_1088,DATA EXPLORER,Nhóm 57 — Hoạt động phái sinh (STT 57),Sàn giao dịch,Cơ sở,QLKD,,,,,"Pending - chưa thiết kế nguồn (gap Atomic REPORT_CELL_VALUE, xem O_QLKD_23)"
K_QLKD_1089,DATA EXPLORER,Nhóm 57 — Hoạt động phái sinh (STT 57),Mã chứng khoán,Cơ sở,QLKD,,,,,"Pending - chưa thiết kế nguồn (gap Atomic REPORT_CELL_VALUE, xem O_QLKD_23)"
K_QLKD_1090,DATA EXPLORER,Nhóm 57 — Hoạt động phái sinh (STT 57),Số giấy phép thành lập,Cơ sở,QLKD,,,,,"Pending - chưa thiết kế nguồn (gap Atomic REPORT_CELL_VALUE, xem O_QLKD_23)"
K_QLKD_1091,DATA EXPLORER,Nhóm 57 — Hoạt động phái sinh (STT 57),"Đối tượng
(Trụ sở chính/chi nhánh/phòng giao dịch/bộ phận khác)",Cơ sở,QLKD,,,,,"Pending - chưa thiết kế nguồn (gap Atomic REPORT_CELL_VALUE, xem O_QLKD_23)"
K_QLKD_1092,DATA EXPLORER,Nhóm 57 — Hoạt động phái sinh (STT 57),Số lượng người có chứng chỉ hành nghề chứng khoán >> Ban giám đốc/Giám đốc chi nhánh >> Cuối kỳ,Cơ sở,QLKD,,,,,"Pending - chưa thiết kế nguồn (gap Atomic REPORT_CELL_VALUE, xem O_QLKD_23)"
K_QLKD_1093,DATA EXPLORER,Nhóm 57 — Hoạt động phái sinh (STT 57),Số lượng người có chứng chỉ hành nghề chứng khoán >> Ban giám đốc/Giám đốc chi nhánh >> Tăng/giảm so với cuối kỳ trước,Cơ sở,QLKD,,,,,"Pending - chưa thiết kế nguồn (gap Atomic REPORT_CELL_VALUE, xem O_QLKD_23)"
K_QLKD_1094,DATA EXPLORER,Nhóm 57 — Hoạt động phái sinh (STT 57),Số lượng người có chứng chỉ hành nghề chứng khoán >> Bộ phận môi giới >> Cuối kỳ,Cơ sở,QLKD,,,,,"Pending - chưa thiết kế nguồn (gap Atomic REPORT_CELL_VALUE, xem O_QLKD_23)"
K_QLKD_1095,DATA EXPLORER,Nhóm 57 — Hoạt động phái sinh (STT 57),Số lượng người có chứng chỉ hành nghề chứng khoán >> Bộ phận môi giới >> Tăng/giảm so với cuối kỳ trước,Cơ sở,QLKD,,,,,"Pending - chưa thiết kế nguồn (gap Atomic REPORT_CELL_VALUE, xem O_QLKD_23)"
K_QLKD_1096,DATA EXPLORER,Nhóm 57 — Hoạt động phái sinh (STT 57),Số lượng người có chứng chỉ hành nghề chứng khoán >> Bộ phận tự doanh >> Cuối kỳ,Cơ sở,QLKD,,,,,"Pending - chưa thiết kế nguồn (gap Atomic REPORT_CELL_VALUE, xem O_QLKD_23)"
K_QLKD_1097,DATA EXPLORER,Nhóm 57 — Hoạt động phái sinh (STT 57),Số lượng người có chứng chỉ hành nghề chứng khoán >> Bộ phận tự doanh >> Tăng/giảm so với cuối kỳ trước,Cơ sở,QLKD,,,,,"Pending - chưa thiết kế nguồn (gap Atomic REPORT_CELL_VALUE, xem O_QLKD_23)"
K_QLKD_1098,DATA EXPLORER,Nhóm 57 — Hoạt động phái sinh (STT 57),"Số lượng người có chứng chỉ hành nghề chứng khoán >> Bộ phận tư vấn 
đầu tư >> Cuối kỳ",Cơ sở,QLKD,,,,,"Pending - chưa thiết kế nguồn (gap Atomic REPORT_CELL_VALUE, xem O_QLKD_23)"
K_QLKD_1099,DATA EXPLORER,Nhóm 57 — Hoạt động phái sinh (STT 57),"Số lượng người có chứng chỉ hành nghề chứng khoán >> Bộ phận tư vấn 
đầu tư >> Tăng/giảm so với cuối kỳ trước",Cơ sở,QLKD,,,,,"Pending - chưa thiết kế nguồn (gap Atomic REPORT_CELL_VALUE, xem O_QLKD_23)"
K_QLKD_1100,DATA EXPLORER,Nhóm 57 — Hoạt động phái sinh (STT 57),Số lượng người có chứng chỉ hành nghề chứng khoán >> Tổng cộng,Cơ sở,QLKD,,,,,"Pending - chưa thiết kế nguồn (gap Atomic REPORT_CELL_VALUE, xem O_QLKD_23)"
K_QLKD_1101,DATA EXPLORER,Nhóm 57 — Hoạt động phái sinh (STT 57),Số lượng người có chứng chỉ chuyên môn về chứng khoán phái sinh và thị trường chứng khoán phái sinh >> Ban giám đốc >> Cuối kỳ,Cơ sở,QLKD,,,,,"Pending - chưa thiết kế nguồn (gap Atomic REPORT_CELL_VALUE, xem O_QLKD_23)"
K_QLKD_1102,DATA EXPLORER,Nhóm 57 — Hoạt động phái sinh (STT 57),Số lượng người có chứng chỉ chuyên môn về chứng khoán phái sinh và thị trường chứng khoán phái sinh >> Ban giám đốc >> Tăng/giảm so với cuối kỳ trước,Cơ sở,QLKD,,,,,"Pending - chưa thiết kế nguồn (gap Atomic REPORT_CELL_VALUE, xem O_QLKD_23)"
K_QLKD_1103,DATA EXPLORER,Nhóm 57 — Hoạt động phái sinh (STT 57),Số lượng người có chứng chỉ chuyên môn về chứng khoán phái sinh và thị trường chứng khoán phái sinh >> Bộ phận môi giới chứng khoán phái sinh >> Cuối kỳ,Cơ sở,QLKD,,,,,"Pending - chưa thiết kế nguồn (gap Atomic REPORT_CELL_VALUE, xem O_QLKD_23)"
K_QLKD_1104,DATA EXPLORER,Nhóm 57 — Hoạt động phái sinh (STT 57),Số lượng người có chứng chỉ chuyên môn về chứng khoán phái sinh và thị trường chứng khoán phái sinh >> Bộ phận môi giới chứng khoán phái sinh >> Tăng/giảm so với cuối kỳ trước,Cơ sở,QLKD,,,,,"Pending - chưa thiết kế nguồn (gap Atomic REPORT_CELL_VALUE, xem O_QLKD_23)"
K_QLKD_1105,DATA EXPLORER,Nhóm 57 — Hoạt động phái sinh (STT 57),Số lượng người có chứng chỉ chuyên môn về chứng khoán phái sinh và thị trường chứng khoán phái sinh >> Bộ phận tự doanh chứng khoán phái sinh >> Cuối kỳ,Cơ sở,QLKD,,,,,"Pending - chưa thiết kế nguồn (gap Atomic REPORT_CELL_VALUE, xem O_QLKD_23)"
K_QLKD_1106,DATA EXPLORER,Nhóm 57 — Hoạt động phái sinh (STT 57),Số lượng người có chứng chỉ chuyên môn về chứng khoán phái sinh và thị trường chứng khoán phái sinh >> Bộ phận tự doanh chứng khoán phái sinh >> Tăng/giảm so với cuối kỳ trước,Cơ sở,QLKD,,,,,"Pending - chưa thiết kế nguồn (gap Atomic REPORT_CELL_VALUE, xem O_QLKD_23)"
K_QLKD_1107,DATA EXPLORER,Nhóm 57 — Hoạt động phái sinh (STT 57),Số lượng người có chứng chỉ chuyên môn về chứng khoán phái sinh và thị trường chứng khoán phái sinh >> Bộ phận tư vấn đầu tư chứng khoán phái sinh >> Cuối kỳ,Cơ sở,QLKD,,,,,"Pending - chưa thiết kế nguồn (gap Atomic REPORT_CELL_VALUE, xem O_QLKD_23)"
K_QLKD_1108,DATA EXPLORER,Nhóm 57 — Hoạt động phái sinh (STT 57),Số lượng người có chứng chỉ chuyên môn về chứng khoán phái sinh và thị trường chứng khoán phái sinh >> Bộ phận tư vấn đầu tư chứng khoán phái sinh >> Tăng/giảm so với cuối kỳ trước,Cơ sở,QLKD,,,,,"Pending - chưa thiết kế nguồn (gap Atomic REPORT_CELL_VALUE, xem O_QLKD_23)"
K_QLKD_1109,DATA EXPLORER,Nhóm 57 — Hoạt động phái sinh (STT 57),Số lượng người có chứng chỉ chuyên môn về chứng khoán phái sinh và thị trường chứng khoán phái sinh >> Tổng cộng,Cơ sở,QLKD,,,,,"Pending - chưa thiết kế nguồn (gap Atomic REPORT_CELL_VALUE, xem O_QLKD_23)"
K_QLKD_1110,DATA EXPLORER,Nhóm 57 — Hoạt động phái sinh (STT 57),Tổng cộng,Cơ sở,QLKD,,,,,"Pending - chưa thiết kế nguồn (gap Atomic REPORT_CELL_VALUE, xem O_QLKD_23)"
K_QLKD_1111,DATA EXPLORER,Nhóm 58 — Hoạt động phái sinh (STT 58),Loại báo cáo,Chiều,QLKD,,,,,"Pending - chưa thiết kế nguồn (gap Atomic REPORT_CELL_VALUE, xem O_QLKD_23)"
K_QLKD_1112,DATA EXPLORER,Nhóm 58 — Hoạt động phái sinh (STT 58),Kỳ báo cáo,Chiều,QLKD,,,,,"Pending - chưa thiết kế nguồn (gap Atomic REPORT_CELL_VALUE, xem O_QLKD_23)"
K_QLKD_1113,DATA EXPLORER,Nhóm 58 — Hoạt động phái sinh (STT 58),Mã báo cáo,Chiều,QLKD,,,,,"Pending - chưa thiết kế nguồn (gap Atomic REPORT_CELL_VALUE, xem O_QLKD_23)"
K_QLKD_1114,DATA EXPLORER,Nhóm 58 — Hoạt động phái sinh (STT 58),Tên báo cáo,Chiều,QLKD,,,,,"Pending - chưa thiết kế nguồn (gap Atomic REPORT_CELL_VALUE, xem O_QLKD_23)"
K_QLKD_1115,DATA EXPLORER,Nhóm 58 — Hoạt động phái sinh (STT 58),Mã sheet,Chiều,QLKD,,,,,"Pending - chưa thiết kế nguồn (gap Atomic REPORT_CELL_VALUE, xem O_QLKD_23)"
K_QLKD_1116,DATA EXPLORER,Nhóm 58 — Hoạt động phái sinh (STT 58),Tên sheet,Chiều,QLKD,,,,,"Pending - chưa thiết kế nguồn (gap Atomic REPORT_CELL_VALUE, xem O_QLKD_23)"
K_QLKD_1117,DATA EXPLORER,Nhóm 58 — Hoạt động phái sinh (STT 58),Mã chỉ tiêu,Chiều,QLKD,,,,,"Pending - chưa thiết kế nguồn (gap Atomic REPORT_CELL_VALUE, xem O_QLKD_23)"
K_QLKD_1118,DATA EXPLORER,Nhóm 58 — Hoạt động phái sinh (STT 58),Tên chỉ tiêu,Chiều,QLKD,,,,,"Pending - chưa thiết kế nguồn (gap Atomic REPORT_CELL_VALUE, xem O_QLKD_23)"
K_QLKD_1119,DATA EXPLORER,Nhóm 58 — Hoạt động phái sinh (STT 58),Tên công ty chứng khoán,Cơ sở,QLKD,,,,,"Pending - chưa thiết kế nguồn (gap Atomic REPORT_CELL_VALUE, xem O_QLKD_23)"
K_QLKD_1120,DATA EXPLORER,Nhóm 58 — Hoạt động phái sinh (STT 58),Sàn giao dịch,Cơ sở,QLKD,,,,,"Pending - chưa thiết kế nguồn (gap Atomic REPORT_CELL_VALUE, xem O_QLKD_23)"
K_QLKD_1121,DATA EXPLORER,Nhóm 58 — Hoạt động phái sinh (STT 58),Mã chứng khoán,Cơ sở,QLKD,,,,,"Pending - chưa thiết kế nguồn (gap Atomic REPORT_CELL_VALUE, xem O_QLKD_23)"
K_QLKD_1122,DATA EXPLORER,Nhóm 58 — Hoạt động phái sinh (STT 58),Số giấy phép thành lập,Cơ sở,QLKD,,,,,"Pending - chưa thiết kế nguồn (gap Atomic REPORT_CELL_VALUE, xem O_QLKD_23)"
K_QLKD_1123,DATA EXPLORER,Nhóm 58 — Hoạt động phái sinh (STT 58),Trong nước >> Cá nhân >> Số lượng tài khoản có phát sinh giao dịch trong kỳ,Cơ sở,QLKD,,,,,"Pending - chưa thiết kế nguồn (gap Atomic REPORT_CELL_VALUE, xem O_QLKD_23)"
K_QLKD_1124,DATA EXPLORER,Nhóm 58 — Hoạt động phái sinh (STT 58),Trong nước >> Cá nhân >> Số lượng tài khoản cuối kỳ,Cơ sở,QLKD,,,,,"Pending - chưa thiết kế nguồn (gap Atomic REPORT_CELL_VALUE, xem O_QLKD_23)"
K_QLKD_1125,DATA EXPLORER,Nhóm 58 — Hoạt động phái sinh (STT 58),Trong nước >> Cá nhân >> Tăng/giảm so với cuối kỳ trước,Cơ sở,QLKD,,,,,"Pending - chưa thiết kế nguồn (gap Atomic REPORT_CELL_VALUE, xem O_QLKD_23)"
K_QLKD_1126,DATA EXPLORER,Nhóm 58 — Hoạt động phái sinh (STT 58),Trong nước >> Tổ chức >> Số lượng tài khoản có phát sinh giao dịch trong kỳ,Cơ sở,QLKD,,,,,"Pending - chưa thiết kế nguồn (gap Atomic REPORT_CELL_VALUE, xem O_QLKD_23)"
K_QLKD_1127,DATA EXPLORER,Nhóm 58 — Hoạt động phái sinh (STT 58),Trong nước >> Tổ chức >> Số lượng tài khoản cuối kỳ,Cơ sở,QLKD,,,,,"Pending - chưa thiết kế nguồn (gap Atomic REPORT_CELL_VALUE, xem O_QLKD_23)"
K_QLKD_1128,DATA EXPLORER,Nhóm 58 — Hoạt động phái sinh (STT 58),Trong nước >> Tổ chức >> Tăng/giảm so với cuối kỳ trước,Cơ sở,QLKD,,,,,"Pending - chưa thiết kế nguồn (gap Atomic REPORT_CELL_VALUE, xem O_QLKD_23)"
K_QLKD_1129,DATA EXPLORER,Nhóm 58 — Hoạt động phái sinh (STT 58),Trong nước >> Tổng cộng số lượng tài khoản,Cơ sở,QLKD,,,,,"Pending - chưa thiết kế nguồn (gap Atomic REPORT_CELL_VALUE, xem O_QLKD_23)"
K_QLKD_1130,DATA EXPLORER,Nhóm 58 — Hoạt động phái sinh (STT 58),Trong nước >> Tổng cộng số lượng tài khoản có phát sinh giao dịch trong kỳ,Cơ sở,QLKD,,,,,"Pending - chưa thiết kế nguồn (gap Atomic REPORT_CELL_VALUE, xem O_QLKD_23)"
K_QLKD_1131,DATA EXPLORER,Nhóm 58 — Hoạt động phái sinh (STT 58),Nước ngoài >> Cá nhân >> Số lượng tài khoản có phát sinh giao dịch trong kỳ,Cơ sở,QLKD,,,,,"Pending - chưa thiết kế nguồn (gap Atomic REPORT_CELL_VALUE, xem O_QLKD_23)"
K_QLKD_1132,DATA EXPLORER,Nhóm 58 — Hoạt động phái sinh (STT 58),Nước ngoài >> Cá nhân >> Số lượng tài khoản cuối kỳ,Cơ sở,QLKD,,,,,"Pending - chưa thiết kế nguồn (gap Atomic REPORT_CELL_VALUE, xem O_QLKD_23)"
K_QLKD_1133,DATA EXPLORER,Nhóm 58 — Hoạt động phái sinh (STT 58),Nước ngoài >> Cá nhân >> Tăng/giảm so với cuối kỳ trước,Cơ sở,QLKD,,,,,"Pending - chưa thiết kế nguồn (gap Atomic REPORT_CELL_VALUE, xem O_QLKD_23)"
K_QLKD_1134,DATA EXPLORER,Nhóm 58 — Hoạt động phái sinh (STT 58),Nước ngoài >> Tổ chức >> Số lượng tài khoản có phát sinh giao dịch trong kỳ,Cơ sở,QLKD,,,,,"Pending - chưa thiết kế nguồn (gap Atomic REPORT_CELL_VALUE, xem O_QLKD_23)"
K_QLKD_1135,DATA EXPLORER,Nhóm 58 — Hoạt động phái sinh (STT 58),Nước ngoài >> Tổ chức >> Số lượng tài khoản cuối kỳ,Cơ sở,QLKD,,,,,"Pending - chưa thiết kế nguồn (gap Atomic REPORT_CELL_VALUE, xem O_QLKD_23)"
K_QLKD_1136,DATA EXPLORER,Nhóm 58 — Hoạt động phái sinh (STT 58),Nước ngoài >> Tổ chức >> Tăng/giảm so với cuối kỳ trước,Cơ sở,QLKD,,,,,"Pending - chưa thiết kế nguồn (gap Atomic REPORT_CELL_VALUE, xem O_QLKD_23)"
K_QLKD_1137,DATA EXPLORER,Nhóm 58 — Hoạt động phái sinh (STT 58),Nước ngoài >> Tổng cộng số lượng tài khoản,Cơ sở,QLKD,,,,,"Pending - chưa thiết kế nguồn (gap Atomic REPORT_CELL_VALUE, xem O_QLKD_23)"
K_QLKD_1138,DATA EXPLORER,Nhóm 58 — Hoạt động phái sinh (STT 58),Nước ngoài >> Tổng cộng số lượng tài khoản có phát sinh giao dịch trong kỳ,Cơ sở,QLKD,,,,,"Pending - chưa thiết kế nguồn (gap Atomic REPORT_CELL_VALUE, xem O_QLKD_23)"
K_QLKD_1139,DATA EXPLORER,Nhóm 58 — Hoạt động phái sinh (STT 58),Tổng cộng số lượng tài khoản,Cơ sở,QLKD,,,,,"Pending - chưa thiết kế nguồn (gap Atomic REPORT_CELL_VALUE, xem O_QLKD_23)"
K_QLKD_1140,DATA EXPLORER,Nhóm 58 — Hoạt động phái sinh (STT 58),Tổng cộng số lượng tài khoản có phát sinh giao dịch trong kỳ,Cơ sở,QLKD,,,,,"Pending - chưa thiết kế nguồn (gap Atomic REPORT_CELL_VALUE, xem O_QLKD_23)"
K_QLKD_1141,DATA EXPLORER,Nhóm 59 — Hoạt động phái sinh (STT 59),Loại báo cáo,Chiều,QLKD,,,,,"Pending - chưa thiết kế nguồn (gap Atomic REPORT_CELL_VALUE, xem O_QLKD_23)"
K_QLKD_1142,DATA EXPLORER,Nhóm 59 — Hoạt động phái sinh (STT 59),Kỳ báo cáo,Chiều,QLKD,,,,,"Pending - chưa thiết kế nguồn (gap Atomic REPORT_CELL_VALUE, xem O_QLKD_23)"
K_QLKD_1143,DATA EXPLORER,Nhóm 59 — Hoạt động phái sinh (STT 59),Mã báo cáo,Chiều,QLKD,,,,,"Pending - chưa thiết kế nguồn (gap Atomic REPORT_CELL_VALUE, xem O_QLKD_23)"
K_QLKD_1144,DATA EXPLORER,Nhóm 59 — Hoạt động phái sinh (STT 59),Tên báo cáo,Chiều,QLKD,,,,,"Pending - chưa thiết kế nguồn (gap Atomic REPORT_CELL_VALUE, xem O_QLKD_23)"
K_QLKD_1145,DATA EXPLORER,Nhóm 59 — Hoạt động phái sinh (STT 59),Mã sheet,Chiều,QLKD,,,,,"Pending - chưa thiết kế nguồn (gap Atomic REPORT_CELL_VALUE, xem O_QLKD_23)"
K_QLKD_1146,DATA EXPLORER,Nhóm 59 — Hoạt động phái sinh (STT 59),Tên sheet,Chiều,QLKD,,,,,"Pending - chưa thiết kế nguồn (gap Atomic REPORT_CELL_VALUE, xem O_QLKD_23)"
K_QLKD_1147,DATA EXPLORER,Nhóm 59 — Hoạt động phái sinh (STT 59),Mã chỉ tiêu,Chiều,QLKD,,,,,"Pending - chưa thiết kế nguồn (gap Atomic REPORT_CELL_VALUE, xem O_QLKD_23)"
K_QLKD_1148,DATA EXPLORER,Nhóm 59 — Hoạt động phái sinh (STT 59),Tên chỉ tiêu,Chiều,QLKD,,,,,"Pending - chưa thiết kế nguồn (gap Atomic REPORT_CELL_VALUE, xem O_QLKD_23)"
K_QLKD_1149,DATA EXPLORER,Nhóm 59 — Hoạt động phái sinh (STT 59),Tên công ty chứng khoán,Cơ sở,QLKD,,,,,"Pending - chưa thiết kế nguồn (gap Atomic REPORT_CELL_VALUE, xem O_QLKD_23)"
K_QLKD_1150,DATA EXPLORER,Nhóm 59 — Hoạt động phái sinh (STT 59),Sàn giao dịch,Cơ sở,QLKD,,,,,"Pending - chưa thiết kế nguồn (gap Atomic REPORT_CELL_VALUE, xem O_QLKD_23)"
K_QLKD_1151,DATA EXPLORER,Nhóm 59 — Hoạt động phái sinh (STT 59),Mã chứng khoán,Cơ sở,QLKD,,,,,"Pending - chưa thiết kế nguồn (gap Atomic REPORT_CELL_VALUE, xem O_QLKD_23)"
K_QLKD_1152,DATA EXPLORER,Nhóm 59 — Hoạt động phái sinh (STT 59),Số giấy phép thành lập,Cơ sở,QLKD,,,,,"Pending - chưa thiết kế nguồn (gap Atomic REPORT_CELL_VALUE, xem O_QLKD_23)"
K_QLKD_1153,DATA EXPLORER,Nhóm 59 — Hoạt động phái sinh (STT 59),Tên ngân hàng nhận tiền gửi,Cơ sở,QLKD,,,,,"Pending - chưa thiết kế nguồn (gap Atomic REPORT_CELL_VALUE, xem O_QLKD_23)"
K_QLKD_1154,DATA EXPLORER,Nhóm 59 — Hoạt động phái sinh (STT 59),Số tài khoản,Cơ sở,QLKD,,,,,"Pending - chưa thiết kế nguồn (gap Atomic REPORT_CELL_VALUE, xem O_QLKD_23)"
K_QLKD_1155,DATA EXPLORER,Nhóm 59 — Hoạt động phái sinh (STT 59),"Số dư trên tài khoản
(triệu đồng)",Cơ sở,QLKD,,,,,"Pending - chưa thiết kế nguồn (gap Atomic REPORT_CELL_VALUE, xem O_QLKD_23)"
K_QLKD_1156,DATA EXPLORER,Nhóm 60 — Hoạt động phái sinh (STT 60),Loại báo cáo,Chiều,QLKD,,,,,"Pending - chưa thiết kế nguồn (gap Atomic REPORT_CELL_VALUE, xem O_QLKD_23)"
K_QLKD_1157,DATA EXPLORER,Nhóm 60 — Hoạt động phái sinh (STT 60),Kỳ báo cáo,Chiều,QLKD,,,,,"Pending - chưa thiết kế nguồn (gap Atomic REPORT_CELL_VALUE, xem O_QLKD_23)"
K_QLKD_1158,DATA EXPLORER,Nhóm 60 — Hoạt động phái sinh (STT 60),Mã báo cáo,Chiều,QLKD,,,,,"Pending - chưa thiết kế nguồn (gap Atomic REPORT_CELL_VALUE, xem O_QLKD_23)"
K_QLKD_1159,DATA EXPLORER,Nhóm 60 — Hoạt động phái sinh (STT 60),Tên báo cáo,Chiều,QLKD,,,,,"Pending - chưa thiết kế nguồn (gap Atomic REPORT_CELL_VALUE, xem O_QLKD_23)"
K_QLKD_1160,DATA EXPLORER,Nhóm 60 — Hoạt động phái sinh (STT 60),Mã sheet,Chiều,QLKD,,,,,"Pending - chưa thiết kế nguồn (gap Atomic REPORT_CELL_VALUE, xem O_QLKD_23)"
K_QLKD_1161,DATA EXPLORER,Nhóm 60 — Hoạt động phái sinh (STT 60),Tên sheet,Chiều,QLKD,,,,,"Pending - chưa thiết kế nguồn (gap Atomic REPORT_CELL_VALUE, xem O_QLKD_23)"
K_QLKD_1162,DATA EXPLORER,Nhóm 60 — Hoạt động phái sinh (STT 60),Mã chỉ tiêu,Chiều,QLKD,,,,,"Pending - chưa thiết kế nguồn (gap Atomic REPORT_CELL_VALUE, xem O_QLKD_23)"
K_QLKD_1163,DATA EXPLORER,Nhóm 60 — Hoạt động phái sinh (STT 60),Tên chỉ tiêu,Chiều,QLKD,,,,,"Pending - chưa thiết kế nguồn (gap Atomic REPORT_CELL_VALUE, xem O_QLKD_23)"
K_QLKD_1164,DATA EXPLORER,Nhóm 60 — Hoạt động phái sinh (STT 60),Tên công ty,Cơ sở,QLKD,,,,,"Pending - chưa thiết kế nguồn (gap Atomic REPORT_CELL_VALUE, xem O_QLKD_23)"
K_QLKD_1165,DATA EXPLORER,Nhóm 60 — Hoạt động phái sinh (STT 60),Sàn giao dịch,Cơ sở,QLKD,,,,,"Pending - chưa thiết kế nguồn (gap Atomic REPORT_CELL_VALUE, xem O_QLKD_23)"
K_QLKD_1166,DATA EXPLORER,Nhóm 60 — Hoạt động phái sinh (STT 60),Mã chứng khoán,Cơ sở,QLKD,,,,,"Pending - chưa thiết kế nguồn (gap Atomic REPORT_CELL_VALUE, xem O_QLKD_23)"
K_QLKD_1167,DATA EXPLORER,Nhóm 60 — Hoạt động phái sinh (STT 60),Số giấy phép thành lập,Cơ sở,QLKD,,,,,"Pending - chưa thiết kế nguồn (gap Atomic REPORT_CELL_VALUE, xem O_QLKD_23)"
K_QLKD_1168,DATA EXPLORER,Nhóm 60 — Hoạt động phái sinh (STT 60),Tên sản phẩm,Cơ sở,QLKD,,,,,"Pending - chưa thiết kế nguồn (gap Atomic REPORT_CELL_VALUE, xem O_QLKD_23)"
K_QLKD_1169,DATA EXPLORER,Nhóm 60 — Hoạt động phái sinh (STT 60),Nhà đầu tư trong nước >> Tổng mua >> Trong kỳ,Cơ sở,QLKD,,,,,"Pending - chưa thiết kế nguồn (gap Atomic REPORT_CELL_VALUE, xem O_QLKD_23)"
K_QLKD_1170,DATA EXPLORER,Nhóm 60 — Hoạt động phái sinh (STT 60),Nhà đầu tư trong nước >> Tổng mua >> Lũy kế từ đầu năm,Cơ sở,QLKD,,,,,"Pending - chưa thiết kế nguồn (gap Atomic REPORT_CELL_VALUE, xem O_QLKD_23)"
K_QLKD_1171,DATA EXPLORER,Nhóm 60 — Hoạt động phái sinh (STT 60),Nhà đầu tư trong nước >> Tổng bán >> Trong kỳ,Cơ sở,QLKD,,,,,"Pending - chưa thiết kế nguồn (gap Atomic REPORT_CELL_VALUE, xem O_QLKD_23)"
K_QLKD_1172,DATA EXPLORER,Nhóm 60 — Hoạt động phái sinh (STT 60),Nhà đầu tư trong nước >> Tổng bán >> Lũy kế từ đầu năm,Cơ sở,QLKD,,,,,"Pending - chưa thiết kế nguồn (gap Atomic REPORT_CELL_VALUE, xem O_QLKD_23)"
K_QLKD_1173,DATA EXPLORER,Nhóm 60 — Hoạt động phái sinh (STT 60),Nhà đầu tư trong nước >> Tổng mua và bán >> Trong kỳ,Cơ sở,QLKD,,,,,"Pending - chưa thiết kế nguồn (gap Atomic REPORT_CELL_VALUE, xem O_QLKD_23)"
K_QLKD_1174,DATA EXPLORER,Nhóm 60 — Hoạt động phái sinh (STT 60),Nhà đầu tư trong nước >> Tổng mua và bán >> Lũy kế từ đầu năm,Cơ sở,QLKD,,,,,"Pending - chưa thiết kế nguồn (gap Atomic REPORT_CELL_VALUE, xem O_QLKD_23)"
K_QLKD_1175,DATA EXPLORER,Nhóm 60 — Hoạt động phái sinh (STT 60),Nhà đầu tư nước ngoài >> Tổng mua >> Trong kỳ,Cơ sở,QLKD,,,,,"Pending - chưa thiết kế nguồn (gap Atomic REPORT_CELL_VALUE, xem O_QLKD_23)"
K_QLKD_1176,DATA EXPLORER,Nhóm 60 — Hoạt động phái sinh (STT 60),Nhà đầu tư nước ngoài >> Tổng mua >> Lũy kế từ đầu năm,Cơ sở,QLKD,,,,,"Pending - chưa thiết kế nguồn (gap Atomic REPORT_CELL_VALUE, xem O_QLKD_23)"
K_QLKD_1177,DATA EXPLORER,Nhóm 60 — Hoạt động phái sinh (STT 60),Nhà đầu tư nước ngoài >> Tổng bán >> Trong kỳ,Cơ sở,QLKD,,,,,"Pending - chưa thiết kế nguồn (gap Atomic REPORT_CELL_VALUE, xem O_QLKD_23)"
K_QLKD_1178,DATA EXPLORER,Nhóm 60 — Hoạt động phái sinh (STT 60),Nhà đầu tư nước ngoài >> Tổng bán >> Lũy kế từ đầu năm,Cơ sở,QLKD,,,,,"Pending - chưa thiết kế nguồn (gap Atomic REPORT_CELL_VALUE, xem O_QLKD_23)"
K_QLKD_1179,DATA EXPLORER,Nhóm 60 — Hoạt động phái sinh (STT 60),Nhà đầu tư nước ngoài >> Tổng mua và bán >> Trong kỳ,Cơ sở,QLKD,,,,,"Pending - chưa thiết kế nguồn (gap Atomic REPORT_CELL_VALUE, xem O_QLKD_23)"
K_QLKD_1180,DATA EXPLORER,Nhóm 60 — Hoạt động phái sinh (STT 60),Nhà đầu tư nước ngoài >> Tổng mua và bán >> Lũy kế từ đầu năm,Cơ sở,QLKD,,,,,"Pending - chưa thiết kế nguồn (gap Atomic REPORT_CELL_VALUE, xem O_QLKD_23)"
K_QLKD_1181,DATA EXPLORER,Nhóm 60 — Hoạt động phái sinh (STT 60),Tự doanh >> Tổng mua >> Trong kỳ,Cơ sở,QLKD,,,,,"Pending - chưa thiết kế nguồn (gap Atomic REPORT_CELL_VALUE, xem O_QLKD_23)"
K_QLKD_1182,DATA EXPLORER,Nhóm 60 — Hoạt động phái sinh (STT 60),Tự doanh >> Tổng mua >> Lũy kế từ đầu năm,Cơ sở,QLKD,,,,,"Pending - chưa thiết kế nguồn (gap Atomic REPORT_CELL_VALUE, xem O_QLKD_23)"
K_QLKD_1183,DATA EXPLORER,Nhóm 60 — Hoạt động phái sinh (STT 60),Tự doanh >> Tổng bán >> Trong kỳ,Cơ sở,QLKD,,,,,"Pending - chưa thiết kế nguồn (gap Atomic REPORT_CELL_VALUE, xem O_QLKD_23)"
K_QLKD_1184,DATA EXPLORER,Nhóm 60 — Hoạt động phái sinh (STT 60),Tự doanh >> Tổng bán >> Lũy kế từ đầu năm,Cơ sở,QLKD,,,,,"Pending - chưa thiết kế nguồn (gap Atomic REPORT_CELL_VALUE, xem O_QLKD_23)"
K_QLKD_1185,DATA EXPLORER,Nhóm 60 — Hoạt động phái sinh (STT 60),Tự doanh >> Tổng mua và bán >> Trong kỳ,Cơ sở,QLKD,,,,,"Pending - chưa thiết kế nguồn (gap Atomic REPORT_CELL_VALUE, xem O_QLKD_23)"
K_QLKD_1186,DATA EXPLORER,Nhóm 60 — Hoạt động phái sinh (STT 60),Tự doanh >> Tổng mua và bán >> Lũy kế từ đầu năm,Cơ sở,QLKD,,,,,"Pending - chưa thiết kế nguồn (gap Atomic REPORT_CELL_VALUE, xem O_QLKD_23)"
K_QLKD_1187,DATA EXPLORER,Nhóm 61 — Hoạt động phái sinh (STT 61),Loại báo cáo,Chiều,QLKD,,,,,"Pending - chưa thiết kế nguồn (gap Atomic REPORT_CELL_VALUE, xem O_QLKD_23)"
K_QLKD_1188,DATA EXPLORER,Nhóm 61 — Hoạt động phái sinh (STT 61),Kỳ báo cáo,Chiều,QLKD,,,,,"Pending - chưa thiết kế nguồn (gap Atomic REPORT_CELL_VALUE, xem O_QLKD_23)"
K_QLKD_1189,DATA EXPLORER,Nhóm 61 — Hoạt động phái sinh (STT 61),Mã báo cáo,Chiều,QLKD,,,,,"Pending - chưa thiết kế nguồn (gap Atomic REPORT_CELL_VALUE, xem O_QLKD_23)"
K_QLKD_1190,DATA EXPLORER,Nhóm 61 — Hoạt động phái sinh (STT 61),Tên báo cáo,Chiều,QLKD,,,,,"Pending - chưa thiết kế nguồn (gap Atomic REPORT_CELL_VALUE, xem O_QLKD_23)"
K_QLKD_1191,DATA EXPLORER,Nhóm 61 — Hoạt động phái sinh (STT 61),Mã sheet,Chiều,QLKD,,,,,"Pending - chưa thiết kế nguồn (gap Atomic REPORT_CELL_VALUE, xem O_QLKD_23)"
K_QLKD_1192,DATA EXPLORER,Nhóm 61 — Hoạt động phái sinh (STT 61),Tên sheet,Chiều,QLKD,,,,,"Pending - chưa thiết kế nguồn (gap Atomic REPORT_CELL_VALUE, xem O_QLKD_23)"
K_QLKD_1193,DATA EXPLORER,Nhóm 61 — Hoạt động phái sinh (STT 61),Mã chỉ tiêu,Chiều,QLKD,,,,,"Pending - chưa thiết kế nguồn (gap Atomic REPORT_CELL_VALUE, xem O_QLKD_23)"
K_QLKD_1194,DATA EXPLORER,Nhóm 61 — Hoạt động phái sinh (STT 61),Tên chỉ tiêu,Chiều,QLKD,,,,,"Pending - chưa thiết kế nguồn (gap Atomic REPORT_CELL_VALUE, xem O_QLKD_23)"
K_QLKD_1195,DATA EXPLORER,Nhóm 61 — Hoạt động phái sinh (STT 61),Tên công ty chứng khoán,Cơ sở,QLKD,,,,,"Pending - chưa thiết kế nguồn (gap Atomic REPORT_CELL_VALUE, xem O_QLKD_23)"
K_QLKD_1196,DATA EXPLORER,Nhóm 61 — Hoạt động phái sinh (STT 61),Sàn giao dịch,Cơ sở,QLKD,,,,,"Pending - chưa thiết kế nguồn (gap Atomic REPORT_CELL_VALUE, xem O_QLKD_23)"
K_QLKD_1197,DATA EXPLORER,Nhóm 61 — Hoạt động phái sinh (STT 61),Mã chứng khoán,Cơ sở,QLKD,,,,,"Pending - chưa thiết kế nguồn (gap Atomic REPORT_CELL_VALUE, xem O_QLKD_23)"
K_QLKD_1198,DATA EXPLORER,Nhóm 61 — Hoạt động phái sinh (STT 61),Số giấy phép thành lập,Cơ sở,QLKD,,,,,"Pending - chưa thiết kế nguồn (gap Atomic REPORT_CELL_VALUE, xem O_QLKD_23)"
K_QLKD_1199,DATA EXPLORER,Nhóm 61 — Hoạt động phái sinh (STT 61),Số hợp đồng đã ký đầu kỳ,Cơ sở,QLKD,,,,,"Pending - chưa thiết kế nguồn (gap Atomic REPORT_CELL_VALUE, xem O_QLKD_23)"
K_QLKD_1200,DATA EXPLORER,Nhóm 61 — Hoạt động phái sinh (STT 61),Số hợp đồng đã thanh lý trong kỳ,Cơ sở,QLKD,,,,,"Pending - chưa thiết kế nguồn (gap Atomic REPORT_CELL_VALUE, xem O_QLKD_23)"
K_QLKD_1201,DATA EXPLORER,Nhóm 61 — Hoạt động phái sinh (STT 61),Số hợp đồng ký mới trong kỳ,Cơ sở,QLKD,,,,,"Pending - chưa thiết kế nguồn (gap Atomic REPORT_CELL_VALUE, xem O_QLKD_23)"
K_QLKD_1202,DATA EXPLORER,Nhóm 61 — Hoạt động phái sinh (STT 61),Số hợp đồng còn hiệu lực cuối kỳ,Cơ sở,QLKD,,,,,"Pending - chưa thiết kế nguồn (gap Atomic REPORT_CELL_VALUE, xem O_QLKD_23)"
K_QLKD_1203,DATA EXPLORER,Nhóm 61 — Hoạt động phái sinh (STT 61),Phí thu được trong kỳ,Cơ sở,QLKD,,,,,"Pending - chưa thiết kế nguồn (gap Atomic REPORT_CELL_VALUE, xem O_QLKD_23)"
K_QLKD_1204,DATA EXPLORER,Nhóm 62 — Báo cáo theo Thông tư 121/2020/TT-BTC (STT 62),Loại báo cáo,Chiều,QLKD,,,,,"Pending - chưa thiết kế nguồn (gap Atomic REPORT_CELL_VALUE, xem O_QLKD_23)"
K_QLKD_1205,DATA EXPLORER,Nhóm 62 — Báo cáo theo Thông tư 121/2020/TT-BTC (STT 62),Kỳ báo cáo,Chiều,QLKD,,,,,"Pending - chưa thiết kế nguồn (gap Atomic REPORT_CELL_VALUE, xem O_QLKD_23)"
K_QLKD_1206,DATA EXPLORER,Nhóm 62 — Báo cáo theo Thông tư 121/2020/TT-BTC (STT 62),Mã báo cáo,Chiều,QLKD,,,,,"Pending - chưa thiết kế nguồn (gap Atomic REPORT_CELL_VALUE, xem O_QLKD_23)"
K_QLKD_1207,DATA EXPLORER,Nhóm 62 — Báo cáo theo Thông tư 121/2020/TT-BTC (STT 62),Tên báo cáo,Chiều,QLKD,,,,,"Pending - chưa thiết kế nguồn (gap Atomic REPORT_CELL_VALUE, xem O_QLKD_23)"
K_QLKD_1208,DATA EXPLORER,Nhóm 62 — Báo cáo theo Thông tư 121/2020/TT-BTC (STT 62),Mã sheet,Chiều,QLKD,,,,,"Pending - chưa thiết kế nguồn (gap Atomic REPORT_CELL_VALUE, xem O_QLKD_23)"
K_QLKD_1209,DATA EXPLORER,Nhóm 62 — Báo cáo theo Thông tư 121/2020/TT-BTC (STT 62),Tên sheet,Chiều,QLKD,,,,,"Pending - chưa thiết kế nguồn (gap Atomic REPORT_CELL_VALUE, xem O_QLKD_23)"
K_QLKD_1210,DATA EXPLORER,Nhóm 62 — Báo cáo theo Thông tư 121/2020/TT-BTC (STT 62),Mã chỉ tiêu,Chiều,QLKD,,,,,"Pending - chưa thiết kế nguồn (gap Atomic REPORT_CELL_VALUE, xem O_QLKD_23)"
K_QLKD_1211,DATA EXPLORER,Nhóm 62 — Báo cáo theo Thông tư 121/2020/TT-BTC (STT 62),Tên chỉ tiêu,Chiều,QLKD,,,,,"Pending - chưa thiết kế nguồn (gap Atomic REPORT_CELL_VALUE, xem O_QLKD_23)"
K_QLKD_1212,DATA EXPLORER,Nhóm 62 — Báo cáo theo Thông tư 121/2020/TT-BTC (STT 62),Tên công ty chứng khoán,Cơ sở,QLKD,,,,,"Pending - chưa thiết kế nguồn (gap Atomic REPORT_CELL_VALUE, xem O_QLKD_23)"
K_QLKD_1213,DATA EXPLORER,Nhóm 62 — Báo cáo theo Thông tư 121/2020/TT-BTC (STT 62),Sàn giao dịch,Cơ sở,QLKD,,,,,"Pending - chưa thiết kế nguồn (gap Atomic REPORT_CELL_VALUE, xem O_QLKD_23)"
K_QLKD_1214,DATA EXPLORER,Nhóm 62 — Báo cáo theo Thông tư 121/2020/TT-BTC (STT 62),Mã chứng khoán,Cơ sở,QLKD,,,,,"Pending - chưa thiết kế nguồn (gap Atomic REPORT_CELL_VALUE, xem O_QLKD_23)"
K_QLKD_1215,DATA EXPLORER,Nhóm 62 — Báo cáo theo Thông tư 121/2020/TT-BTC (STT 62),Giấy phép Hoạt động >> Số,Cơ sở,QLKD,,,,,"Pending - chưa thiết kế nguồn (gap Atomic REPORT_CELL_VALUE, xem O_QLKD_23)"
K_QLKD_1216,DATA EXPLORER,Nhóm 62 — Báo cáo theo Thông tư 121/2020/TT-BTC (STT 62),Giấy phép Hoạt động >> Ngày cấp,Cơ sở,QLKD,,,,,"Pending - chưa thiết kế nguồn (gap Atomic REPORT_CELL_VALUE, xem O_QLKD_23)"
K_QLKD_1217,DATA EXPLORER,Nhóm 62 — Báo cáo theo Thông tư 121/2020/TT-BTC (STT 62),Vốn điều lệ (triệu đồng),Cơ sở,QLKD,,,,,"Pending - chưa thiết kế nguồn (gap Atomic REPORT_CELL_VALUE, xem O_QLKD_23)"
K_QLKD_1218,DATA EXPLORER,Nhóm 62 — Báo cáo theo Thông tư 121/2020/TT-BTC (STT 62),"Loại hình doanh nghiệp
(CTĐC/CTCP/TNHH)",Cơ sở,QLKD,,,,,"Pending - chưa thiết kế nguồn (gap Atomic REPORT_CELL_VALUE, xem O_QLKD_23)"
K_QLKD_1219,DATA EXPLORER,Nhóm 62 — Báo cáo theo Thông tư 121/2020/TT-BTC (STT 62),Nghiệp vụ >> Môi giới chứng khoán,Cơ sở,QLKD,,,,,"Pending - chưa thiết kế nguồn (gap Atomic REPORT_CELL_VALUE, xem O_QLKD_23)"
K_QLKD_1220,DATA EXPLORER,Nhóm 62 — Báo cáo theo Thông tư 121/2020/TT-BTC (STT 62),Nghiệp vụ >> Tự doanh,Cơ sở,QLKD,,,,,"Pending - chưa thiết kế nguồn (gap Atomic REPORT_CELL_VALUE, xem O_QLKD_23)"
K_QLKD_1221,DATA EXPLORER,Nhóm 62 — Báo cáo theo Thông tư 121/2020/TT-BTC (STT 62),Nghiệp vụ >> Tư vấn đầu tư,Cơ sở,QLKD,,,,,"Pending - chưa thiết kế nguồn (gap Atomic REPORT_CELL_VALUE, xem O_QLKD_23)"
K_QLKD_1222,DATA EXPLORER,Nhóm 62 — Báo cáo theo Thông tư 121/2020/TT-BTC (STT 62),Nghiệp vụ >> Bảo lãnh phát hành,Cơ sở,QLKD,,,,,"Pending - chưa thiết kế nguồn (gap Atomic REPORT_CELL_VALUE, xem O_QLKD_23)"
K_QLKD_1223,DATA EXPLORER,Nhóm 62 — Báo cáo theo Thông tư 121/2020/TT-BTC (STT 62),Dịch vụ lưu ký,Cơ sở,QLKD,,,,,"Pending - chưa thiết kế nguồn (gap Atomic REPORT_CELL_VALUE, xem O_QLKD_23)"
K_QLKD_1224,DATA EXPLORER,Nhóm 62 — Báo cáo theo Thông tư 121/2020/TT-BTC (STT 62),Hoạt động phái sinh,Cơ sở,QLKD,,,,,"Pending - chưa thiết kế nguồn (gap Atomic REPORT_CELL_VALUE, xem O_QLKD_23)"
K_QLKD_1225,DATA EXPLORER,Nhóm 62 — Báo cáo theo Thông tư 121/2020/TT-BTC (STT 62),Tổng số người lao động tại công ty,Cơ sở,QLKD,,,,,"Pending - chưa thiết kế nguồn (gap Atomic REPORT_CELL_VALUE, xem O_QLKD_23)"
K_QLKD_1226,DATA EXPLORER,Nhóm 62 — Báo cáo theo Thông tư 121/2020/TT-BTC (STT 62),Tổng số người có chứng chỉ hành nghề,Cơ sở,QLKD,,,,,"Pending - chưa thiết kế nguồn (gap Atomic REPORT_CELL_VALUE, xem O_QLKD_23)"
K_QLKD_1227,DATA EXPLORER,Nhóm 62 — Báo cáo theo Thông tư 121/2020/TT-BTC (STT 62),Vi phạm quy định về số lượng người hành nghề,Cơ sở,QLKD,,,,,"Pending - chưa thiết kế nguồn (gap Atomic REPORT_CELL_VALUE, xem O_QLKD_23)"
K_QLKD_1228,DATA EXPLORER,Nhóm 62 — Báo cáo theo Thông tư 121/2020/TT-BTC (STT 62),Vi phạm chế độ công bố thông tin,Cơ sở,QLKD,,,,,"Pending - chưa thiết kế nguồn (gap Atomic REPORT_CELL_VALUE, xem O_QLKD_23)"
K_QLKD_1229,DATA EXPLORER,Nhóm 62 — Báo cáo theo Thông tư 121/2020/TT-BTC (STT 62),Hạn chế đầu tư,Cơ sở,QLKD,,,,,"Pending - chưa thiết kế nguồn (gap Atomic REPORT_CELL_VALUE, xem O_QLKD_23)"
K_QLKD_1230,DATA EXPLORER,Nhóm 62 — Báo cáo theo Thông tư 121/2020/TT-BTC (STT 62),Tình trạng hoạt động >> Tỷ lệ an toàn tài chính,Cơ sở,QLKD,,,,,"Pending - chưa thiết kế nguồn (gap Atomic REPORT_CELL_VALUE, xem O_QLKD_23)"
K_QLKD_1231,DATA EXPLORER,Nhóm 62 — Báo cáo theo Thông tư 121/2020/TT-BTC (STT 62),Tình trạng hoạt động >> Nghiệp vụ bị đình chỉ,Cơ sở,QLKD,,,,,"Pending - chưa thiết kế nguồn (gap Atomic REPORT_CELL_VALUE, xem O_QLKD_23)"
K_QLKD_1232,DATA EXPLORER,Nhóm 62 — Báo cáo theo Thông tư 121/2020/TT-BTC (STT 62),Tình trạng hoạt động >> Tạm ngừng hoạt động công ty/chi nhánh/phòng giao dịch,Cơ sở,QLKD,,,,,"Pending - chưa thiết kế nguồn (gap Atomic REPORT_CELL_VALUE, xem O_QLKD_23)"
K_QLKD_1233,DATA EXPLORER,Nhóm 62 — Báo cáo theo Thông tư 121/2020/TT-BTC (STT 62),Tình trạng hoạt động >> Chấm dứt hoạt động kinh doanh,Cơ sở,QLKD,,,,,"Pending - chưa thiết kế nguồn (gap Atomic REPORT_CELL_VALUE, xem O_QLKD_23)"
K_QLKD_1234,DATA EXPLORER,Nhóm 63 — Báo cáo theo Thông tư 121/2020/TT-BTC (STT 63),Loại báo cáo,Chiều,QLKD,,,,,"Pending - chưa thiết kế nguồn (gap Atomic REPORT_CELL_VALUE, xem O_QLKD_23)"
K_QLKD_1235,DATA EXPLORER,Nhóm 63 — Báo cáo theo Thông tư 121/2020/TT-BTC (STT 63),Kỳ báo cáo,Chiều,QLKD,,,,,"Pending - chưa thiết kế nguồn (gap Atomic REPORT_CELL_VALUE, xem O_QLKD_23)"
K_QLKD_1236,DATA EXPLORER,Nhóm 63 — Báo cáo theo Thông tư 121/2020/TT-BTC (STT 63),Mã báo cáo,Chiều,QLKD,,,,,"Pending - chưa thiết kế nguồn (gap Atomic REPORT_CELL_VALUE, xem O_QLKD_23)"
K_QLKD_1237,DATA EXPLORER,Nhóm 63 — Báo cáo theo Thông tư 121/2020/TT-BTC (STT 63),Tên báo cáo,Chiều,QLKD,,,,,"Pending - chưa thiết kế nguồn (gap Atomic REPORT_CELL_VALUE, xem O_QLKD_23)"
K_QLKD_1238,DATA EXPLORER,Nhóm 63 — Báo cáo theo Thông tư 121/2020/TT-BTC (STT 63),Mã sheet,Chiều,QLKD,,,,,"Pending - chưa thiết kế nguồn (gap Atomic REPORT_CELL_VALUE, xem O_QLKD_23)"
K_QLKD_1239,DATA EXPLORER,Nhóm 63 — Báo cáo theo Thông tư 121/2020/TT-BTC (STT 63),Tên sheet,Chiều,QLKD,,,,,"Pending - chưa thiết kế nguồn (gap Atomic REPORT_CELL_VALUE, xem O_QLKD_23)"
K_QLKD_1240,DATA EXPLORER,Nhóm 63 — Báo cáo theo Thông tư 121/2020/TT-BTC (STT 63),Mã chỉ tiêu,Chiều,QLKD,,,,,"Pending - chưa thiết kế nguồn (gap Atomic REPORT_CELL_VALUE, xem O_QLKD_23)"
K_QLKD_1241,DATA EXPLORER,Nhóm 63 — Báo cáo theo Thông tư 121/2020/TT-BTC (STT 63),Tên chỉ tiêu,Chiều,QLKD,,,,,"Pending - chưa thiết kế nguồn (gap Atomic REPORT_CELL_VALUE, xem O_QLKD_23)"
K_QLKD_1242,DATA EXPLORER,Nhóm 63 — Báo cáo theo Thông tư 121/2020/TT-BTC (STT 63),Tên công ty chứng khoán,Cơ sở,QLKD,,,,,"Pending - chưa thiết kế nguồn (gap Atomic REPORT_CELL_VALUE, xem O_QLKD_23)"
K_QLKD_1243,DATA EXPLORER,Nhóm 63 — Báo cáo theo Thông tư 121/2020/TT-BTC (STT 63),Sàn giao dịch,Cơ sở,QLKD,,,,,"Pending - chưa thiết kế nguồn (gap Atomic REPORT_CELL_VALUE, xem O_QLKD_23)"
K_QLKD_1244,DATA EXPLORER,Nhóm 63 — Báo cáo theo Thông tư 121/2020/TT-BTC (STT 63),Mã chứng khoán,Cơ sở,QLKD,,,,,"Pending - chưa thiết kế nguồn (gap Atomic REPORT_CELL_VALUE, xem O_QLKD_23)"
K_QLKD_1245,DATA EXPLORER,Nhóm 63 — Báo cáo theo Thông tư 121/2020/TT-BTC (STT 63),Giấy phép Hoạt động >> Số,Cơ sở,QLKD,,,,,"Pending - chưa thiết kế nguồn (gap Atomic REPORT_CELL_VALUE, xem O_QLKD_23)"
K_QLKD_1246,DATA EXPLORER,Nhóm 63 — Báo cáo theo Thông tư 121/2020/TT-BTC (STT 63),Giấy phép Hoạt động >> Ngày cấp,Cơ sở,QLKD,,,,,"Pending - chưa thiết kế nguồn (gap Atomic REPORT_CELL_VALUE, xem O_QLKD_23)"
K_QLKD_1247,DATA EXPLORER,Nhóm 63 — Báo cáo theo Thông tư 121/2020/TT-BTC (STT 63),Vốn điều lệ (triệu đồng),Cơ sở,QLKD,,,,,"Pending - chưa thiết kế nguồn (gap Atomic REPORT_CELL_VALUE, xem O_QLKD_23)"
K_QLKD_1248,DATA EXPLORER,Nhóm 63 — Báo cáo theo Thông tư 121/2020/TT-BTC (STT 63),Tổng doanh thu,Cơ sở,QLKD,,,,,"Pending - chưa thiết kế nguồn (gap Atomic REPORT_CELL_VALUE, xem O_QLKD_23)"
K_QLKD_1249,DATA EXPLORER,Nhóm 63 — Báo cáo theo Thông tư 121/2020/TT-BTC (STT 63),Lợi nhuận sau thuế,Cơ sở,QLKD,,,,,"Pending - chưa thiết kế nguồn (gap Atomic REPORT_CELL_VALUE, xem O_QLKD_23)"
K_QLKD_1250,DATA EXPLORER,Nhóm 63 — Báo cáo theo Thông tư 121/2020/TT-BTC (STT 63),Doanh thu môi giới,Cơ sở,QLKD,,,,,"Pending - chưa thiết kế nguồn (gap Atomic REPORT_CELL_VALUE, xem O_QLKD_23)"
K_QLKD_1251,DATA EXPLORER,Nhóm 63 — Báo cáo theo Thông tư 121/2020/TT-BTC (STT 63),Tỷ trọng doanh thu môi giới so với tổng doanh thu,Cơ sở,QLKD,,,,,"Pending - chưa thiết kế nguồn (gap Atomic REPORT_CELL_VALUE, xem O_QLKD_23)"
K_QLKD_1252,DATA EXPLORER,Nhóm 63 — Báo cáo theo Thông tư 121/2020/TT-BTC (STT 63),Doanh thu tự doanh,Cơ sở,QLKD,,,,,"Pending - chưa thiết kế nguồn (gap Atomic REPORT_CELL_VALUE, xem O_QLKD_23)"
K_QLKD_1253,DATA EXPLORER,Nhóm 63 — Báo cáo theo Thông tư 121/2020/TT-BTC (STT 63),Tỷ trọng doanh thu tự doanh so với tổng doanh thu,Cơ sở,QLKD,,,,,"Pending - chưa thiết kế nguồn (gap Atomic REPORT_CELL_VALUE, xem O_QLKD_23)"
K_QLKD_1254,DATA EXPLORER,Nhóm 63 — Báo cáo theo Thông tư 121/2020/TT-BTC (STT 63),Doanh thu tư vấn đầu tư,Cơ sở,QLKD,,,,,"Pending - chưa thiết kế nguồn (gap Atomic REPORT_CELL_VALUE, xem O_QLKD_23)"
K_QLKD_1255,DATA EXPLORER,Nhóm 63 — Báo cáo theo Thông tư 121/2020/TT-BTC (STT 63),Tỷ trọng doanh thu tư vấn so với tổng doanh thu,Cơ sở,QLKD,,,,,"Pending - chưa thiết kế nguồn (gap Atomic REPORT_CELL_VALUE, xem O_QLKD_23)"
K_QLKD_1256,DATA EXPLORER,Nhóm 63 — Báo cáo theo Thông tư 121/2020/TT-BTC (STT 63),Doanh thu bảo lãnh phát hành,Cơ sở,QLKD,,,,,"Pending - chưa thiết kế nguồn (gap Atomic REPORT_CELL_VALUE, xem O_QLKD_23)"
K_QLKD_1257,DATA EXPLORER,Nhóm 63 — Báo cáo theo Thông tư 121/2020/TT-BTC (STT 63),Tỷ trọng doanh thu bảo lãnh phát hành so với tổng doanh thu,Cơ sở,QLKD,,,,,"Pending - chưa thiết kế nguồn (gap Atomic REPORT_CELL_VALUE, xem O_QLKD_23)"
K_QLKD_1258,DATA EXPLORER,Nhóm 63 — Báo cáo theo Thông tư 121/2020/TT-BTC (STT 63),Doanh thu khác,Cơ sở,QLKD,,,,,"Pending - chưa thiết kế nguồn (gap Atomic REPORT_CELL_VALUE, xem O_QLKD_23)"
K_QLKD_1259,DATA EXPLORER,Nhóm 63 — Báo cáo theo Thông tư 121/2020/TT-BTC (STT 63),Tỷ trọng doanh thu khác so với tổng doanh thu,Cơ sở,QLKD,,,,,"Pending - chưa thiết kế nguồn (gap Atomic REPORT_CELL_VALUE, xem O_QLKD_23)"
K_QLKD_1260,DATA EXPLORER,Nhóm 64 — Báo cáo theo Thông tư 121/2020/TT-BTC (STT 64),Loại báo cáo,Chiều,QLKD,,,,,"Pending - chưa thiết kế nguồn (gap Atomic REPORT_CELL_VALUE, xem O_QLKD_23)"
K_QLKD_1261,DATA EXPLORER,Nhóm 64 — Báo cáo theo Thông tư 121/2020/TT-BTC (STT 64),Kỳ báo cáo,Chiều,QLKD,,,,,"Pending - chưa thiết kế nguồn (gap Atomic REPORT_CELL_VALUE, xem O_QLKD_23)"
K_QLKD_1262,DATA EXPLORER,Nhóm 64 — Báo cáo theo Thông tư 121/2020/TT-BTC (STT 64),Mã báo cáo,Chiều,QLKD,,,,,"Pending - chưa thiết kế nguồn (gap Atomic REPORT_CELL_VALUE, xem O_QLKD_23)"
K_QLKD_1263,DATA EXPLORER,Nhóm 64 — Báo cáo theo Thông tư 121/2020/TT-BTC (STT 64),Tên báo cáo,Chiều,QLKD,,,,,"Pending - chưa thiết kế nguồn (gap Atomic REPORT_CELL_VALUE, xem O_QLKD_23)"
K_QLKD_1264,DATA EXPLORER,Nhóm 64 — Báo cáo theo Thông tư 121/2020/TT-BTC (STT 64),Mã sheet,Chiều,QLKD,,,,,"Pending - chưa thiết kế nguồn (gap Atomic REPORT_CELL_VALUE, xem O_QLKD_23)"
K_QLKD_1265,DATA EXPLORER,Nhóm 64 — Báo cáo theo Thông tư 121/2020/TT-BTC (STT 64),Tên sheet,Chiều,QLKD,,,,,"Pending - chưa thiết kế nguồn (gap Atomic REPORT_CELL_VALUE, xem O_QLKD_23)"
K_QLKD_1266,DATA EXPLORER,Nhóm 64 — Báo cáo theo Thông tư 121/2020/TT-BTC (STT 64),Mã chỉ tiêu,Chiều,QLKD,,,,,"Pending - chưa thiết kế nguồn (gap Atomic REPORT_CELL_VALUE, xem O_QLKD_23)"
K_QLKD_1267,DATA EXPLORER,Nhóm 64 — Báo cáo theo Thông tư 121/2020/TT-BTC (STT 64),Tên chỉ tiêu,Chiều,QLKD,,,,,"Pending - chưa thiết kế nguồn (gap Atomic REPORT_CELL_VALUE, xem O_QLKD_23)"
K_QLKD_1268,DATA EXPLORER,Nhóm 64 — Báo cáo theo Thông tư 121/2020/TT-BTC (STT 64),Tên CTCK,Cơ sở,QLKD,,,,,"Pending - chưa thiết kế nguồn (gap Atomic REPORT_CELL_VALUE, xem O_QLKD_23)"
K_QLKD_1269,DATA EXPLORER,Nhóm 64 — Báo cáo theo Thông tư 121/2020/TT-BTC (STT 64),Sàn giao dịch,Cơ sở,QLKD,,,,,"Pending - chưa thiết kế nguồn (gap Atomic REPORT_CELL_VALUE, xem O_QLKD_23)"
K_QLKD_1270,DATA EXPLORER,Nhóm 64 — Báo cáo theo Thông tư 121/2020/TT-BTC (STT 64),Mã CK,Cơ sở,QLKD,,,,,"Pending - chưa thiết kế nguồn (gap Atomic REPORT_CELL_VALUE, xem O_QLKD_23)"
K_QLKD_1271,DATA EXPLORER,Nhóm 64 — Báo cáo theo Thông tư 121/2020/TT-BTC (STT 64),Giấy phép Hoạt động >> Số,Cơ sở,QLKD,,,,,"Pending - chưa thiết kế nguồn (gap Atomic REPORT_CELL_VALUE, xem O_QLKD_23)"
K_QLKD_1272,DATA EXPLORER,Nhóm 64 — Báo cáo theo Thông tư 121/2020/TT-BTC (STT 64),Giấy phép Hoạt động >> Ngày cấp,Cơ sở,QLKD,,,,,"Pending - chưa thiết kế nguồn (gap Atomic REPORT_CELL_VALUE, xem O_QLKD_23)"
K_QLKD_1273,DATA EXPLORER,Nhóm 64 — Báo cáo theo Thông tư 121/2020/TT-BTC (STT 64),Mã số Doanh nghiệp,Cơ sở,QLKD,,,,,"Pending - chưa thiết kế nguồn (gap Atomic REPORT_CELL_VALUE, xem O_QLKD_23)"
K_QLKD_1274,DATA EXPLORER,Nhóm 64 — Báo cáo theo Thông tư 121/2020/TT-BTC (STT 64),Người đại diện pháp luật (đăng ký làm việc với UBCKNN),Cơ sở,QLKD,,,,,"Pending - chưa thiết kế nguồn (gap Atomic REPORT_CELL_VALUE, xem O_QLKD_23)"
K_QLKD_1275,DATA EXPLORER,Nhóm 64 — Báo cáo theo Thông tư 121/2020/TT-BTC (STT 64),Chức vụ của Người đại diện pháp luật,Cơ sở,QLKD,,,,,"Pending - chưa thiết kế nguồn (gap Atomic REPORT_CELL_VALUE, xem O_QLKD_23)"
K_QLKD_1276,DATA EXPLORER,Nhóm 64 — Báo cáo theo Thông tư 121/2020/TT-BTC (STT 64),Trụ sở chính >> Ban Giám đốc >> Số người lao động >> Trong kỳ,Cơ sở,QLKD,,,,,"Pending - chưa thiết kế nguồn (gap Atomic REPORT_CELL_VALUE, xem O_QLKD_23)"
K_QLKD_1277,DATA EXPLORER,Nhóm 64 — Báo cáo theo Thông tư 121/2020/TT-BTC (STT 64),Trụ sở chính >> Ban Giám đốc >> Số người lao động >> Tăng/Giảm,Cơ sở,QLKD,,,,,"Pending - chưa thiết kế nguồn (gap Atomic REPORT_CELL_VALUE, xem O_QLKD_23)"
K_QLKD_1278,DATA EXPLORER,Nhóm 64 — Báo cáo theo Thông tư 121/2020/TT-BTC (STT 64),Trụ sở chính >> Ban Giám đốc >> Số người có CCHN >> Trong kỳ,Cơ sở,QLKD,,,,,"Pending - chưa thiết kế nguồn (gap Atomic REPORT_CELL_VALUE, xem O_QLKD_23)"
K_QLKD_1279,DATA EXPLORER,Nhóm 64 — Báo cáo theo Thông tư 121/2020/TT-BTC (STT 64),Trụ sở chính >> Ban Giám đốc >> Số người có CCHN >> Tăng/Giảm,Cơ sở,QLKD,,,,,"Pending - chưa thiết kế nguồn (gap Atomic REPORT_CELL_VALUE, xem O_QLKD_23)"
K_QLKD_1280,DATA EXPLORER,Nhóm 64 — Báo cáo theo Thông tư 121/2020/TT-BTC (STT 64),Trụ sở chính >> Bộ phận môi giới >> Số người lao động >> Trong kỳ,Cơ sở,QLKD,,,,,"Pending - chưa thiết kế nguồn (gap Atomic REPORT_CELL_VALUE, xem O_QLKD_23)"
K_QLKD_1281,DATA EXPLORER,Nhóm 64 — Báo cáo theo Thông tư 121/2020/TT-BTC (STT 64),Trụ sở chính >> Bộ phận môi giới >> Số người lao động >> Tăng/Giảm,Cơ sở,QLKD,,,,,"Pending - chưa thiết kế nguồn (gap Atomic REPORT_CELL_VALUE, xem O_QLKD_23)"
K_QLKD_1282,DATA EXPLORER,Nhóm 64 — Báo cáo theo Thông tư 121/2020/TT-BTC (STT 64),Trụ sở chính >> Bộ phận môi giới >> Số người có CCHN >> Trong kỳ,Cơ sở,QLKD,,,,,"Pending - chưa thiết kế nguồn (gap Atomic REPORT_CELL_VALUE, xem O_QLKD_23)"
K_QLKD_1283,DATA EXPLORER,Nhóm 64 — Báo cáo theo Thông tư 121/2020/TT-BTC (STT 64),Trụ sở chính >> Bộ phận môi giới >> Số người có CCHN >> Tăng/Giảm,Cơ sở,QLKD,,,,,"Pending - chưa thiết kế nguồn (gap Atomic REPORT_CELL_VALUE, xem O_QLKD_23)"
K_QLKD_1284,DATA EXPLORER,Nhóm 64 — Báo cáo theo Thông tư 121/2020/TT-BTC (STT 64),Trụ sở chính >> Bộ phận tự doanh >> Số người lao động >> Trong kỳ,Cơ sở,QLKD,,,,,"Pending - chưa thiết kế nguồn (gap Atomic REPORT_CELL_VALUE, xem O_QLKD_23)"
K_QLKD_1285,DATA EXPLORER,Nhóm 64 — Báo cáo theo Thông tư 121/2020/TT-BTC (STT 64),Trụ sở chính >> Bộ phận tự doanh >> Số người lao động >> Tăng/Giảm,Cơ sở,QLKD,,,,,"Pending - chưa thiết kế nguồn (gap Atomic REPORT_CELL_VALUE, xem O_QLKD_23)"
K_QLKD_1286,DATA EXPLORER,Nhóm 64 — Báo cáo theo Thông tư 121/2020/TT-BTC (STT 64),Trụ sở chính >> Bộ phận tự doanh >> Số người có CCHN >> Trong kỳ,Cơ sở,QLKD,,,,,"Pending - chưa thiết kế nguồn (gap Atomic REPORT_CELL_VALUE, xem O_QLKD_23)"
K_QLKD_1287,DATA EXPLORER,Nhóm 64 — Báo cáo theo Thông tư 121/2020/TT-BTC (STT 64),Trụ sở chính >> Bộ phận tự doanh >> Số người có CCHN >> Tăng/Giảm,Cơ sở,QLKD,,,,,"Pending - chưa thiết kế nguồn (gap Atomic REPORT_CELL_VALUE, xem O_QLKD_23)"
K_QLKD_1288,DATA EXPLORER,Nhóm 64 — Báo cáo theo Thông tư 121/2020/TT-BTC (STT 64),Trụ sở chính >> Bộ phận bảo lãnh phát hành >> Số người lao động >> Trong kỳ,Cơ sở,QLKD,,,,,"Pending - chưa thiết kế nguồn (gap Atomic REPORT_CELL_VALUE, xem O_QLKD_23)"
K_QLKD_1289,DATA EXPLORER,Nhóm 64 — Báo cáo theo Thông tư 121/2020/TT-BTC (STT 64),Trụ sở chính >> Bộ phận bảo lãnh phát hành >> Số người lao động >> Tăng/Giảm,Cơ sở,QLKD,,,,,"Pending - chưa thiết kế nguồn (gap Atomic REPORT_CELL_VALUE, xem O_QLKD_23)"
K_QLKD_1290,DATA EXPLORER,Nhóm 64 — Báo cáo theo Thông tư 121/2020/TT-BTC (STT 64),Trụ sở chính >> Bộ phận bảo lãnh phát hành >> Số người có CCHN >> Trong kỳ,Cơ sở,QLKD,,,,,"Pending - chưa thiết kế nguồn (gap Atomic REPORT_CELL_VALUE, xem O_QLKD_23)"
K_QLKD_1291,DATA EXPLORER,Nhóm 64 — Báo cáo theo Thông tư 121/2020/TT-BTC (STT 64),Trụ sở chính >> Bộ phận bảo lãnh phát hành >> Số người có CCHN >> Tăng/Giảm,Cơ sở,QLKD,,,,,"Pending - chưa thiết kế nguồn (gap Atomic REPORT_CELL_VALUE, xem O_QLKD_23)"
K_QLKD_1292,DATA EXPLORER,Nhóm 64 — Báo cáo theo Thông tư 121/2020/TT-BTC (STT 64),Trụ sở chính >> Bộ phận tư vấn đầu tư >> Số người lao động >> Trong kỳ,Cơ sở,QLKD,,,,,"Pending - chưa thiết kế nguồn (gap Atomic REPORT_CELL_VALUE, xem O_QLKD_23)"
K_QLKD_1293,DATA EXPLORER,Nhóm 64 — Báo cáo theo Thông tư 121/2020/TT-BTC (STT 64),Trụ sở chính >> Bộ phận tư vấn đầu tư >> Số người lao động >> Tăng/Giảm,Cơ sở,QLKD,,,,,"Pending - chưa thiết kế nguồn (gap Atomic REPORT_CELL_VALUE, xem O_QLKD_23)"
K_QLKD_1294,DATA EXPLORER,Nhóm 64 — Báo cáo theo Thông tư 121/2020/TT-BTC (STT 64),Trụ sở chính >> Bộ phận tư vấn đầu tư >> Số người có CCHN >> Trong kỳ,Cơ sở,QLKD,,,,,"Pending - chưa thiết kế nguồn (gap Atomic REPORT_CELL_VALUE, xem O_QLKD_23)"
K_QLKD_1295,DATA EXPLORER,Nhóm 64 — Báo cáo theo Thông tư 121/2020/TT-BTC (STT 64),Trụ sở chính >> Bộ phận tư vấn đầu tư >> Số người có CCHN >> Tăng/Giảm,Cơ sở,QLKD,,,,,"Pending - chưa thiết kế nguồn (gap Atomic REPORT_CELL_VALUE, xem O_QLKD_23)"
K_QLKD_1296,DATA EXPLORER,Nhóm 64 — Báo cáo theo Thông tư 121/2020/TT-BTC (STT 64),Trụ sở chính >> TỔNG >> Số người lao động >> Trong kỳ,Cơ sở,QLKD,,,,,"Pending - chưa thiết kế nguồn (gap Atomic REPORT_CELL_VALUE, xem O_QLKD_23)"
K_QLKD_1297,DATA EXPLORER,Nhóm 64 — Báo cáo theo Thông tư 121/2020/TT-BTC (STT 64),Trụ sở chính >> TỔNG >> Số người lao động >> Tăng/Giảm,Cơ sở,QLKD,,,,,"Pending - chưa thiết kế nguồn (gap Atomic REPORT_CELL_VALUE, xem O_QLKD_23)"
K_QLKD_1298,DATA EXPLORER,Nhóm 64 — Báo cáo theo Thông tư 121/2020/TT-BTC (STT 64),Trụ sở chính >> TỔNG >> Số người có CCHN >> Trong kỳ,Cơ sở,QLKD,,,,,"Pending - chưa thiết kế nguồn (gap Atomic REPORT_CELL_VALUE, xem O_QLKD_23)"
K_QLKD_1299,DATA EXPLORER,Nhóm 64 — Báo cáo theo Thông tư 121/2020/TT-BTC (STT 64),Trụ sở chính >> TỔNG >> Số người có CCHN >> Tăng/Giảm,Cơ sở,QLKD,,,,,"Pending - chưa thiết kế nguồn (gap Atomic REPORT_CELL_VALUE, xem O_QLKD_23)"
K_QLKD_1300,DATA EXPLORER,Nhóm 64 — Báo cáo theo Thông tư 121/2020/TT-BTC (STT 64),Số lượng chi nhánh,Cơ sở,QLKD,,,,,"Pending - chưa thiết kế nguồn (gap Atomic REPORT_CELL_VALUE, xem O_QLKD_23)"
K_QLKD_1301,DATA EXPLORER,Nhóm 64 — Báo cáo theo Thông tư 121/2020/TT-BTC (STT 64),Chi nhánh CTCK >> Giám đốc chi nhánh >> Số người lao động >> Trong kỳ,Cơ sở,QLKD,,,,,"Pending - chưa thiết kế nguồn (gap Atomic REPORT_CELL_VALUE, xem O_QLKD_23)"
K_QLKD_1302,DATA EXPLORER,Nhóm 64 — Báo cáo theo Thông tư 121/2020/TT-BTC (STT 64),Chi nhánh CTCK >> Giám đốc chi nhánh >> Số người lao động >> Tăng/Giảm,Cơ sở,QLKD,,,,,"Pending - chưa thiết kế nguồn (gap Atomic REPORT_CELL_VALUE, xem O_QLKD_23)"
K_QLKD_1303,DATA EXPLORER,Nhóm 64 — Báo cáo theo Thông tư 121/2020/TT-BTC (STT 64),Chi nhánh CTCK >> Giám đốc chi nhánh >> Số người có CCHN >> Trong kỳ,Cơ sở,QLKD,,,,,"Pending - chưa thiết kế nguồn (gap Atomic REPORT_CELL_VALUE, xem O_QLKD_23)"
K_QLKD_1304,DATA EXPLORER,Nhóm 64 — Báo cáo theo Thông tư 121/2020/TT-BTC (STT 64),Chi nhánh CTCK >> Giám đốc chi nhánh >> Số người có CCHN >> Tăng/Giảm,Cơ sở,QLKD,,,,,"Pending - chưa thiết kế nguồn (gap Atomic REPORT_CELL_VALUE, xem O_QLKD_23)"
K_QLKD_1305,DATA EXPLORER,Nhóm 64 — Báo cáo theo Thông tư 121/2020/TT-BTC (STT 64),Chi nhánh CTCK >> Bộ phận thực hiện theo uỷ quyền >> Số người lao động >> Trong kỳ,Cơ sở,QLKD,,,,,"Pending - chưa thiết kế nguồn (gap Atomic REPORT_CELL_VALUE, xem O_QLKD_23)"
K_QLKD_1306,DATA EXPLORER,Nhóm 64 — Báo cáo theo Thông tư 121/2020/TT-BTC (STT 64),Chi nhánh CTCK >> Bộ phận thực hiện theo uỷ quyền >> Số người lao động >> Tăng/Giảm,Cơ sở,QLKD,,,,,"Pending - chưa thiết kế nguồn (gap Atomic REPORT_CELL_VALUE, xem O_QLKD_23)"
K_QLKD_1307,DATA EXPLORER,Nhóm 64 — Báo cáo theo Thông tư 121/2020/TT-BTC (STT 64),Chi nhánh CTCK >> Bộ phận thực hiện theo uỷ quyền >> Số người có CCHN >> Trong kỳ,Cơ sở,QLKD,,,,,"Pending - chưa thiết kế nguồn (gap Atomic REPORT_CELL_VALUE, xem O_QLKD_23)"
K_QLKD_1308,DATA EXPLORER,Nhóm 64 — Báo cáo theo Thông tư 121/2020/TT-BTC (STT 64),Chi nhánh CTCK >> Bộ phận thực hiện theo uỷ quyền >> Số người có CCHN >> Tăng/Giảm,Cơ sở,QLKD,,,,,"Pending - chưa thiết kế nguồn (gap Atomic REPORT_CELL_VALUE, xem O_QLKD_23)"
K_QLKD_1309,DATA EXPLORER,Nhóm 64 — Báo cáo theo Thông tư 121/2020/TT-BTC (STT 64),Chi nhánh CTCK >> TỔNG SỐ >> Số người lao động >> Trong kỳ,Cơ sở,QLKD,,,,,"Pending - chưa thiết kế nguồn (gap Atomic REPORT_CELL_VALUE, xem O_QLKD_23)"
K_QLKD_1310,DATA EXPLORER,Nhóm 64 — Báo cáo theo Thông tư 121/2020/TT-BTC (STT 64),Chi nhánh CTCK >> TỔNG SỐ >> Số người lao động >> Tăng/Giảm,Cơ sở,QLKD,,,,,"Pending - chưa thiết kế nguồn (gap Atomic REPORT_CELL_VALUE, xem O_QLKD_23)"
K_QLKD_1311,DATA EXPLORER,Nhóm 64 — Báo cáo theo Thông tư 121/2020/TT-BTC (STT 64),Chi nhánh CTCK >> TỔNG SỐ >> Số người có CCHN >> Trong kỳ,Cơ sở,QLKD,,,,,"Pending - chưa thiết kế nguồn (gap Atomic REPORT_CELL_VALUE, xem O_QLKD_23)"
K_QLKD_1312,DATA EXPLORER,Nhóm 64 — Báo cáo theo Thông tư 121/2020/TT-BTC (STT 64),Chi nhánh CTCK >> TỔNG SỐ >> Số người có CCHN >> Tăng/Giảm,Cơ sở,QLKD,,,,,"Pending - chưa thiết kế nguồn (gap Atomic REPORT_CELL_VALUE, xem O_QLKD_23)"
K_QLKD_1313,DATA EXPLORER,Nhóm 64 — Báo cáo theo Thông tư 121/2020/TT-BTC (STT 64),Số lượng phòng giao dịch,Cơ sở,QLKD,,,,,"Pending - chưa thiết kế nguồn (gap Atomic REPORT_CELL_VALUE, xem O_QLKD_23)"
K_QLKD_1314,DATA EXPLORER,Nhóm 64 — Báo cáo theo Thông tư 121/2020/TT-BTC (STT 64),Phòng giao dịch >> Số người lao động >> Trong kỳ,Cơ sở,QLKD,,,,,"Pending - chưa thiết kế nguồn (gap Atomic REPORT_CELL_VALUE, xem O_QLKD_23)"
K_QLKD_1315,DATA EXPLORER,Nhóm 64 — Báo cáo theo Thông tư 121/2020/TT-BTC (STT 64),Phòng giao dịch >> Số người lao động >> Tăng/Giảm,Cơ sở,QLKD,,,,,"Pending - chưa thiết kế nguồn (gap Atomic REPORT_CELL_VALUE, xem O_QLKD_23)"
K_QLKD_1316,DATA EXPLORER,Nhóm 64 — Báo cáo theo Thông tư 121/2020/TT-BTC (STT 64),Phòng giao dịch >> Số người có CCHN >> Trong kỳ,Cơ sở,QLKD,,,,,"Pending - chưa thiết kế nguồn (gap Atomic REPORT_CELL_VALUE, xem O_QLKD_23)"
K_QLKD_1317,DATA EXPLORER,Nhóm 64 — Báo cáo theo Thông tư 121/2020/TT-BTC (STT 64),Phòng giao dịch >> Số người có CCHN >> Tăng/Giảm,Cơ sở,QLKD,,,,,"Pending - chưa thiết kế nguồn (gap Atomic REPORT_CELL_VALUE, xem O_QLKD_23)"
K_QLKD_1318,DATA EXPLORER,Nhóm 64 — Báo cáo theo Thông tư 121/2020/TT-BTC (STT 64),Phòng giao dịch >> TỔNG SỐ >> Số người lao động >> Trong kỳ,Cơ sở,QLKD,,,,,"Pending - chưa thiết kế nguồn (gap Atomic REPORT_CELL_VALUE, xem O_QLKD_23)"
K_QLKD_1319,DATA EXPLORER,Nhóm 64 — Báo cáo theo Thông tư 121/2020/TT-BTC (STT 64),Phòng giao dịch >> TỔNG SỐ >> Số người lao động >> Tăng/Giảm,Cơ sở,QLKD,,,,,"Pending - chưa thiết kế nguồn (gap Atomic REPORT_CELL_VALUE, xem O_QLKD_23)"
K_QLKD_1320,DATA EXPLORER,Nhóm 64 — Báo cáo theo Thông tư 121/2020/TT-BTC (STT 64),Phòng giao dịch >> TỔNG SỐ >> Số người có CCHN >> Trong kỳ,Cơ sở,QLKD,,,,,"Pending - chưa thiết kế nguồn (gap Atomic REPORT_CELL_VALUE, xem O_QLKD_23)"
K_QLKD_1321,DATA EXPLORER,Nhóm 64 — Báo cáo theo Thông tư 121/2020/TT-BTC (STT 64),Phòng giao dịch >> TỔNG SỐ >> Số người có CCHN >> Tăng/Giảm,Cơ sở,QLKD,,,,,"Pending - chưa thiết kế nguồn (gap Atomic REPORT_CELL_VALUE, xem O_QLKD_23)"
K_QLKD_1322,DATA EXPLORER,Nhóm 65 — Báo cáo theo Thông tư 121/2020/TT-BTC (STT 65),Loại báo cáo,Chiều,QLKD,,,,,"Pending - chưa thiết kế nguồn (gap Atomic REPORT_CELL_VALUE, xem O_QLKD_23)"
K_QLKD_1323,DATA EXPLORER,Nhóm 65 — Báo cáo theo Thông tư 121/2020/TT-BTC (STT 65),Kỳ báo cáo,Chiều,QLKD,,,,,"Pending - chưa thiết kế nguồn (gap Atomic REPORT_CELL_VALUE, xem O_QLKD_23)"
K_QLKD_1324,DATA EXPLORER,Nhóm 65 — Báo cáo theo Thông tư 121/2020/TT-BTC (STT 65),Mã báo cáo,Chiều,QLKD,,,,,"Pending - chưa thiết kế nguồn (gap Atomic REPORT_CELL_VALUE, xem O_QLKD_23)"
K_QLKD_1325,DATA EXPLORER,Nhóm 65 — Báo cáo theo Thông tư 121/2020/TT-BTC (STT 65),Tên báo cáo,Chiều,QLKD,,,,,"Pending - chưa thiết kế nguồn (gap Atomic REPORT_CELL_VALUE, xem O_QLKD_23)"
K_QLKD_1326,DATA EXPLORER,Nhóm 65 — Báo cáo theo Thông tư 121/2020/TT-BTC (STT 65),Mã sheet,Chiều,QLKD,,,,,"Pending - chưa thiết kế nguồn (gap Atomic REPORT_CELL_VALUE, xem O_QLKD_23)"
K_QLKD_1327,DATA EXPLORER,Nhóm 65 — Báo cáo theo Thông tư 121/2020/TT-BTC (STT 65),Tên sheet,Chiều,QLKD,,,,,"Pending - chưa thiết kế nguồn (gap Atomic REPORT_CELL_VALUE, xem O_QLKD_23)"
K_QLKD_1328,DATA EXPLORER,Nhóm 65 — Báo cáo theo Thông tư 121/2020/TT-BTC (STT 65),Mã chỉ tiêu,Chiều,QLKD,,,,,"Pending - chưa thiết kế nguồn (gap Atomic REPORT_CELL_VALUE, xem O_QLKD_23)"
K_QLKD_1329,DATA EXPLORER,Nhóm 65 — Báo cáo theo Thông tư 121/2020/TT-BTC (STT 65),Tên chỉ tiêu,Chiều,QLKD,,,,,"Pending - chưa thiết kế nguồn (gap Atomic REPORT_CELL_VALUE, xem O_QLKD_23)"
K_QLKD_1330,DATA EXPLORER,Nhóm 65 — Báo cáo theo Thông tư 121/2020/TT-BTC (STT 65),Tên công ty,Cơ sở,QLKD,,,,,"Pending - chưa thiết kế nguồn (gap Atomic REPORT_CELL_VALUE, xem O_QLKD_23)"
K_QLKD_1331,DATA EXPLORER,Nhóm 65 — Báo cáo theo Thông tư 121/2020/TT-BTC (STT 65),Nghiệp vụ hoạt động >> Môi giới chứng khoán,Cơ sở,QLKD,,,,,"Pending - chưa thiết kế nguồn (gap Atomic REPORT_CELL_VALUE, xem O_QLKD_23)"
K_QLKD_1332,DATA EXPLORER,Nhóm 65 — Báo cáo theo Thông tư 121/2020/TT-BTC (STT 65),Nghiệp vụ hoạt động >> Tự doanh chứng khoán,Cơ sở,QLKD,,,,,"Pending - chưa thiết kế nguồn (gap Atomic REPORT_CELL_VALUE, xem O_QLKD_23)"
K_QLKD_1333,DATA EXPLORER,Nhóm 65 — Báo cáo theo Thông tư 121/2020/TT-BTC (STT 65),Nghiệp vụ hoạt động >> Bảo lãnh phát hành chứng khoán,Cơ sở,QLKD,,,,,"Pending - chưa thiết kế nguồn (gap Atomic REPORT_CELL_VALUE, xem O_QLKD_23)"
K_QLKD_1334,DATA EXPLORER,Nhóm 65 — Báo cáo theo Thông tư 121/2020/TT-BTC (STT 65),Nghiệp vụ hoạt động >> Tư vấn đầu tư chứng khoán,Cơ sở,QLKD,,,,,"Pending - chưa thiết kế nguồn (gap Atomic REPORT_CELL_VALUE, xem O_QLKD_23)"
K_QLKD_1335,DATA EXPLORER,Nhóm 65 — Báo cáo theo Thông tư 121/2020/TT-BTC (STT 65),Tên chi nhánh công ty chứng khoán,Cơ sở,QLKD,,,,,"Pending - chưa thiết kế nguồn (gap Atomic REPORT_CELL_VALUE, xem O_QLKD_23)"
K_QLKD_1336,DATA EXPLORER,Nhóm 65 — Báo cáo theo Thông tư 121/2020/TT-BTC (STT 65),Quyết định thành lập >> Số,Cơ sở,QLKD,,,,,"Pending - chưa thiết kế nguồn (gap Atomic REPORT_CELL_VALUE, xem O_QLKD_23)"
K_QLKD_1337,DATA EXPLORER,Nhóm 65 — Báo cáo theo Thông tư 121/2020/TT-BTC (STT 65),Quyết định thành lập >> Ngày cấp,Cơ sở,QLKD,,,,,"Pending - chưa thiết kế nguồn (gap Atomic REPORT_CELL_VALUE, xem O_QLKD_23)"
K_QLKD_1338,DATA EXPLORER,Nhóm 65 — Báo cáo theo Thông tư 121/2020/TT-BTC (STT 65),Nghiệp vụ hoạt động được ủy quyền >> Môi giới chứng khoán,Cơ sở,QLKD,,,,,"Pending - chưa thiết kế nguồn (gap Atomic REPORT_CELL_VALUE, xem O_QLKD_23)"
K_QLKD_1339,DATA EXPLORER,Nhóm 65 — Báo cáo theo Thông tư 121/2020/TT-BTC (STT 65),Nghiệp vụ hoạt động được ủy quyền >> Tự doanh chứng khoán,Cơ sở,QLKD,,,,,"Pending - chưa thiết kế nguồn (gap Atomic REPORT_CELL_VALUE, xem O_QLKD_23)"
K_QLKD_1340,DATA EXPLORER,Nhóm 65 — Báo cáo theo Thông tư 121/2020/TT-BTC (STT 65),Nghiệp vụ hoạt động được ủy quyền >> Bảo lãnh phát hành chứng khoán,Cơ sở,QLKD,,,,,"Pending - chưa thiết kế nguồn (gap Atomic REPORT_CELL_VALUE, xem O_QLKD_23)"
K_QLKD_1341,DATA EXPLORER,Nhóm 65 — Báo cáo theo Thông tư 121/2020/TT-BTC (STT 65),Nghiệp vụ hoạt động được ủy quyền >> Tư vấn đầu tư chứng khoán,Cơ sở,QLKD,,,,,"Pending - chưa thiết kế nguồn (gap Atomic REPORT_CELL_VALUE, xem O_QLKD_23)"
K_QLKD_1342,DATA EXPLORER,Nhóm 65 — Báo cáo theo Thông tư 121/2020/TT-BTC (STT 65),Giám đốc chi nhánh >> Số người lao động >> Trong kỳ,Cơ sở,QLKD,,,,,"Pending - chưa thiết kế nguồn (gap Atomic REPORT_CELL_VALUE, xem O_QLKD_23)"
K_QLKD_1343,DATA EXPLORER,Nhóm 65 — Báo cáo theo Thông tư 121/2020/TT-BTC (STT 65),Giám đốc chi nhánh >> Số người lao động >> Tăng/Giảm,Cơ sở,QLKD,,,,,"Pending - chưa thiết kế nguồn (gap Atomic REPORT_CELL_VALUE, xem O_QLKD_23)"
K_QLKD_1344,DATA EXPLORER,Nhóm 65 — Báo cáo theo Thông tư 121/2020/TT-BTC (STT 65),Giám đốc chi nhánh >> Số người có CCHN >> Trong kỳ,Cơ sở,QLKD,,,,,"Pending - chưa thiết kế nguồn (gap Atomic REPORT_CELL_VALUE, xem O_QLKD_23)"
K_QLKD_1345,DATA EXPLORER,Nhóm 65 — Báo cáo theo Thông tư 121/2020/TT-BTC (STT 65),Giám đốc chi nhánh >> Số người có CCHN >> Tăng/Giảm,Cơ sở,QLKD,,,,,"Pending - chưa thiết kế nguồn (gap Atomic REPORT_CELL_VALUE, xem O_QLKD_23)"
K_QLKD_1346,DATA EXPLORER,Nhóm 65 — Báo cáo theo Thông tư 121/2020/TT-BTC (STT 65),Bộ phận môi giới >> Số người lao động >> Trong kỳ,Cơ sở,QLKD,,,,,"Pending - chưa thiết kế nguồn (gap Atomic REPORT_CELL_VALUE, xem O_QLKD_23)"
K_QLKD_1347,DATA EXPLORER,Nhóm 65 — Báo cáo theo Thông tư 121/2020/TT-BTC (STT 65),Bộ phận môi giới >> Số người lao động >> Tăng/Giảm,Cơ sở,QLKD,,,,,"Pending - chưa thiết kế nguồn (gap Atomic REPORT_CELL_VALUE, xem O_QLKD_23)"
K_QLKD_1348,DATA EXPLORER,Nhóm 65 — Báo cáo theo Thông tư 121/2020/TT-BTC (STT 65),Bộ phận môi giới >> Số người có CCHN >> Trong kỳ,Cơ sở,QLKD,,,,,"Pending - chưa thiết kế nguồn (gap Atomic REPORT_CELL_VALUE, xem O_QLKD_23)"
K_QLKD_1349,DATA EXPLORER,Nhóm 65 — Báo cáo theo Thông tư 121/2020/TT-BTC (STT 65),Bộ phận môi giới >> Số người có CCHN >> Tăng/Giảm,Cơ sở,QLKD,,,,,"Pending - chưa thiết kế nguồn (gap Atomic REPORT_CELL_VALUE, xem O_QLKD_23)"
K_QLKD_1350,DATA EXPLORER,Nhóm 65 — Báo cáo theo Thông tư 121/2020/TT-BTC (STT 65),Bộ phận thực tư vấn >> Số người lao động >> Trong kỳ,Cơ sở,QLKD,,,,,"Pending - chưa thiết kế nguồn (gap Atomic REPORT_CELL_VALUE, xem O_QLKD_23)"
K_QLKD_1351,DATA EXPLORER,Nhóm 65 — Báo cáo theo Thông tư 121/2020/TT-BTC (STT 65),Bộ phận thực tư vấn >> Số người lao động >> Tăng/Giảm,Cơ sở,QLKD,,,,,"Pending - chưa thiết kế nguồn (gap Atomic REPORT_CELL_VALUE, xem O_QLKD_23)"
K_QLKD_1352,DATA EXPLORER,Nhóm 65 — Báo cáo theo Thông tư 121/2020/TT-BTC (STT 65),Bộ phận thực tư vấn >> Số người có CCHN >> Trong kỳ,Cơ sở,QLKD,,,,,"Pending - chưa thiết kế nguồn (gap Atomic REPORT_CELL_VALUE, xem O_QLKD_23)"
K_QLKD_1353,DATA EXPLORER,Nhóm 65 — Báo cáo theo Thông tư 121/2020/TT-BTC (STT 65),Bộ phận thực tư vấn >> Số người có CCHN >> Tăng/Giảm,Cơ sở,QLKD,,,,,"Pending - chưa thiết kế nguồn (gap Atomic REPORT_CELL_VALUE, xem O_QLKD_23)"
K_QLKD_1354,DATA EXPLORER,Nhóm 65 — Báo cáo theo Thông tư 121/2020/TT-BTC (STT 65),TỔNG SỐ >> Số người lao động >> Trong kỳ,Cơ sở,QLKD,,,,,"Pending - chưa thiết kế nguồn (gap Atomic REPORT_CELL_VALUE, xem O_QLKD_23)"
K_QLKD_1355,DATA EXPLORER,Nhóm 65 — Báo cáo theo Thông tư 121/2020/TT-BTC (STT 65),TỔNG SỐ >> Số người lao động >> Tăng/Giảm,Cơ sở,QLKD,,,,,"Pending - chưa thiết kế nguồn (gap Atomic REPORT_CELL_VALUE, xem O_QLKD_23)"
K_QLKD_1356,DATA EXPLORER,Nhóm 65 — Báo cáo theo Thông tư 121/2020/TT-BTC (STT 65),TỔNG SỐ >> Số người có CCHN >> Trong kỳ,Cơ sở,QLKD,,,,,"Pending - chưa thiết kế nguồn (gap Atomic REPORT_CELL_VALUE, xem O_QLKD_23)"
K_QLKD_1357,DATA EXPLORER,Nhóm 65 — Báo cáo theo Thông tư 121/2020/TT-BTC (STT 65),TỔNG SỐ >> Số người có CCHN >> Tăng/Giảm,Cơ sở,QLKD,,,,,"Pending - chưa thiết kế nguồn (gap Atomic REPORT_CELL_VALUE, xem O_QLKD_23)"
K_QLKD_1358,DATA EXPLORER,Nhóm 66 — Báo cáo theo Thông tư 121/2020/TT-BTC (STT 66),Loại báo cáo,Chiều,QLKD,,,,,"Pending - chưa thiết kế nguồn (gap Atomic REPORT_CELL_VALUE, xem O_QLKD_23)"
K_QLKD_1359,DATA EXPLORER,Nhóm 66 — Báo cáo theo Thông tư 121/2020/TT-BTC (STT 66),Kỳ báo cáo,Chiều,QLKD,,,,,"Pending - chưa thiết kế nguồn (gap Atomic REPORT_CELL_VALUE, xem O_QLKD_23)"
K_QLKD_1360,DATA EXPLORER,Nhóm 66 — Báo cáo theo Thông tư 121/2020/TT-BTC (STT 66),Mã báo cáo,Chiều,QLKD,,,,,"Pending - chưa thiết kế nguồn (gap Atomic REPORT_CELL_VALUE, xem O_QLKD_23)"
K_QLKD_1361,DATA EXPLORER,Nhóm 66 — Báo cáo theo Thông tư 121/2020/TT-BTC (STT 66),Tên báo cáo,Chiều,QLKD,,,,,"Pending - chưa thiết kế nguồn (gap Atomic REPORT_CELL_VALUE, xem O_QLKD_23)"
K_QLKD_1362,DATA EXPLORER,Nhóm 66 — Báo cáo theo Thông tư 121/2020/TT-BTC (STT 66),Mã sheet,Chiều,QLKD,,,,,"Pending - chưa thiết kế nguồn (gap Atomic REPORT_CELL_VALUE, xem O_QLKD_23)"
K_QLKD_1363,DATA EXPLORER,Nhóm 66 — Báo cáo theo Thông tư 121/2020/TT-BTC (STT 66),Tên sheet,Chiều,QLKD,,,,,"Pending - chưa thiết kế nguồn (gap Atomic REPORT_CELL_VALUE, xem O_QLKD_23)"
K_QLKD_1364,DATA EXPLORER,Nhóm 66 — Báo cáo theo Thông tư 121/2020/TT-BTC (STT 66),Mã chỉ tiêu,Chiều,QLKD,,,,,"Pending - chưa thiết kế nguồn (gap Atomic REPORT_CELL_VALUE, xem O_QLKD_23)"
K_QLKD_1365,DATA EXPLORER,Nhóm 66 — Báo cáo theo Thông tư 121/2020/TT-BTC (STT 66),Tên chỉ tiêu,Chiều,QLKD,,,,,"Pending - chưa thiết kế nguồn (gap Atomic REPORT_CELL_VALUE, xem O_QLKD_23)"
K_QLKD_1366,DATA EXPLORER,Nhóm 66 — Báo cáo theo Thông tư 121/2020/TT-BTC (STT 66),Tên công ty,Cơ sở,QLKD,,,,,"Pending - chưa thiết kế nguồn (gap Atomic REPORT_CELL_VALUE, xem O_QLKD_23)"
K_QLKD_1367,DATA EXPLORER,Nhóm 66 — Báo cáo theo Thông tư 121/2020/TT-BTC (STT 66),Nghiệp vụ hoạt động >> Môi giới chứng khoán,Cơ sở,QLKD,,,,,"Pending - chưa thiết kế nguồn (gap Atomic REPORT_CELL_VALUE, xem O_QLKD_23)"
K_QLKD_1368,DATA EXPLORER,Nhóm 66 — Báo cáo theo Thông tư 121/2020/TT-BTC (STT 66),Nghiệp vụ hoạt động >> Tự doanh chứng khoán,Cơ sở,QLKD,,,,,"Pending - chưa thiết kế nguồn (gap Atomic REPORT_CELL_VALUE, xem O_QLKD_23)"
K_QLKD_1369,DATA EXPLORER,Nhóm 66 — Báo cáo theo Thông tư 121/2020/TT-BTC (STT 66),Nghiệp vụ hoạt động >> Bảo lãnh phát hành chứng khoán,Cơ sở,QLKD,,,,,"Pending - chưa thiết kế nguồn (gap Atomic REPORT_CELL_VALUE, xem O_QLKD_23)"
K_QLKD_1370,DATA EXPLORER,Nhóm 66 — Báo cáo theo Thông tư 121/2020/TT-BTC (STT 66),Nghiệp vụ hoạt động >> Tư vấn đầu tư chứng khoán,Cơ sở,QLKD,,,,,"Pending - chưa thiết kế nguồn (gap Atomic REPORT_CELL_VALUE, xem O_QLKD_23)"
K_QLKD_1371,DATA EXPLORER,Nhóm 66 — Báo cáo theo Thông tư 121/2020/TT-BTC (STT 66),Tên chi nhánh công ty chứng khoán,Cơ sở,QLKD,,,,,"Pending - chưa thiết kế nguồn (gap Atomic REPORT_CELL_VALUE, xem O_QLKD_23)"
K_QLKD_1372,DATA EXPLORER,Nhóm 66 — Báo cáo theo Thông tư 121/2020/TT-BTC (STT 66),Chi nhánh >> Quyết định thành lập >> Số,Cơ sở,QLKD,,,,,"Pending - chưa thiết kế nguồn (gap Atomic REPORT_CELL_VALUE, xem O_QLKD_23)"
K_QLKD_1373,DATA EXPLORER,Nhóm 66 — Báo cáo theo Thông tư 121/2020/TT-BTC (STT 66),Chi nhánh >> Quyết định thành lập >> Ngày cấp,Cơ sở,QLKD,,,,,"Pending - chưa thiết kế nguồn (gap Atomic REPORT_CELL_VALUE, xem O_QLKD_23)"
K_QLKD_1374,DATA EXPLORER,Nhóm 66 — Báo cáo theo Thông tư 121/2020/TT-BTC (STT 66),Nghiệp vụ hoạt động được ủy quyền >> Môi giới chứng khoán,Cơ sở,QLKD,,,,,"Pending - chưa thiết kế nguồn (gap Atomic REPORT_CELL_VALUE, xem O_QLKD_23)"
K_QLKD_1375,DATA EXPLORER,Nhóm 66 — Báo cáo theo Thông tư 121/2020/TT-BTC (STT 66),Nghiệp vụ hoạt động được ủy quyền >> Tự doanh chứng khoán,Cơ sở,QLKD,,,,,"Pending - chưa thiết kế nguồn (gap Atomic REPORT_CELL_VALUE, xem O_QLKD_23)"
K_QLKD_1376,DATA EXPLORER,Nhóm 66 — Báo cáo theo Thông tư 121/2020/TT-BTC (STT 66),Nghiệp vụ hoạt động được ủy quyền >> Bảo lãnh phát hành chứng khoán,Cơ sở,QLKD,,,,,"Pending - chưa thiết kế nguồn (gap Atomic REPORT_CELL_VALUE, xem O_QLKD_23)"
K_QLKD_1377,DATA EXPLORER,Nhóm 66 — Báo cáo theo Thông tư 121/2020/TT-BTC (STT 66),Nghiệp vụ hoạt động được ủy quyền >> Tư vấn đầu tư chứng khoán,Cơ sở,QLKD,,,,,"Pending - chưa thiết kế nguồn (gap Atomic REPORT_CELL_VALUE, xem O_QLKD_23)"
K_QLKD_1378,DATA EXPLORER,Nhóm 66 — Báo cáo theo Thông tư 121/2020/TT-BTC (STT 66),Tên phòng giao dịch,Cơ sở,QLKD,,,,,"Pending - chưa thiết kế nguồn (gap Atomic REPORT_CELL_VALUE, xem O_QLKD_23)"
K_QLKD_1379,DATA EXPLORER,Nhóm 66 — Báo cáo theo Thông tư 121/2020/TT-BTC (STT 66),Phòng giao dịch >> Quyết định thành lập >> Số,Cơ sở,QLKD,,,,,"Pending - chưa thiết kế nguồn (gap Atomic REPORT_CELL_VALUE, xem O_QLKD_23)"
K_QLKD_1380,DATA EXPLORER,Nhóm 66 — Báo cáo theo Thông tư 121/2020/TT-BTC (STT 66),Phòng giao dịch >> Quyết định thành lập >> Ngày cấp,Cơ sở,QLKD,,,,,"Pending - chưa thiết kế nguồn (gap Atomic REPORT_CELL_VALUE, xem O_QLKD_23)"
K_QLKD_1381,DATA EXPLORER,Nhóm 66 — Báo cáo theo Thông tư 121/2020/TT-BTC (STT 66),Nghiệp vụ hỗ trợ >> Môi giới chứng khoán,Cơ sở,QLKD,,,,,"Pending - chưa thiết kế nguồn (gap Atomic REPORT_CELL_VALUE, xem O_QLKD_23)"
K_QLKD_1382,DATA EXPLORER,Nhóm 66 — Báo cáo theo Thông tư 121/2020/TT-BTC (STT 66),Nghiệp vụ hỗ trợ >> Tư vấn đầu tư chứng khoán,Cơ sở,QLKD,,,,,"Pending - chưa thiết kế nguồn (gap Atomic REPORT_CELL_VALUE, xem O_QLKD_23)"
K_QLKD_1383,DATA EXPLORER,Nhóm 66 — Báo cáo theo Thông tư 121/2020/TT-BTC (STT 66),Nghiệp vụ hỗ trợ >> Lưu ký chứng khoán,Cơ sở,QLKD,,,,,"Pending - chưa thiết kế nguồn (gap Atomic REPORT_CELL_VALUE, xem O_QLKD_23)"
K_QLKD_1384,DATA EXPLORER,Nhóm 66 — Báo cáo theo Thông tư 121/2020/TT-BTC (STT 66),Số người lao động >> Trong kỳ,Cơ sở,QLKD,,,,,"Pending - chưa thiết kế nguồn (gap Atomic REPORT_CELL_VALUE, xem O_QLKD_23)"
K_QLKD_1385,DATA EXPLORER,Nhóm 66 — Báo cáo theo Thông tư 121/2020/TT-BTC (STT 66),Số người lao động >> Tăng/Giảm,Cơ sở,QLKD,,,,,"Pending - chưa thiết kế nguồn (gap Atomic REPORT_CELL_VALUE, xem O_QLKD_23)"
K_QLKD_1386,DATA EXPLORER,Nhóm 66 — Báo cáo theo Thông tư 121/2020/TT-BTC (STT 66),Số người có CCHN >> Trong kỳ,Cơ sở,QLKD,,,,,"Pending - chưa thiết kế nguồn (gap Atomic REPORT_CELL_VALUE, xem O_QLKD_23)"
K_QLKD_1387,DATA EXPLORER,Nhóm 66 — Báo cáo theo Thông tư 121/2020/TT-BTC (STT 66),Số người có CCHN >> Tăng/Giảm,Cơ sở,QLKD,,,,,"Pending - chưa thiết kế nguồn (gap Atomic REPORT_CELL_VALUE, xem O_QLKD_23)"
K_QLKD_1388,DATA EXPLORER,Nhóm 67 — Báo cáo theo Thông tư 121/2020/TT-BTC (STT 67),Loại báo cáo,Chiều,QLKD,,,,,"Pending - chưa thiết kế nguồn (gap Atomic REPORT_CELL_VALUE, xem O_QLKD_23)"
K_QLKD_1389,DATA EXPLORER,Nhóm 67 — Báo cáo theo Thông tư 121/2020/TT-BTC (STT 67),Kỳ báo cáo,Chiều,QLKD,,,,,"Pending - chưa thiết kế nguồn (gap Atomic REPORT_CELL_VALUE, xem O_QLKD_23)"
K_QLKD_1390,DATA EXPLORER,Nhóm 67 — Báo cáo theo Thông tư 121/2020/TT-BTC (STT 67),Mã báo cáo,Chiều,QLKD,,,,,"Pending - chưa thiết kế nguồn (gap Atomic REPORT_CELL_VALUE, xem O_QLKD_23)"
K_QLKD_1391,DATA EXPLORER,Nhóm 67 — Báo cáo theo Thông tư 121/2020/TT-BTC (STT 67),Tên báo cáo,Chiều,QLKD,,,,,"Pending - chưa thiết kế nguồn (gap Atomic REPORT_CELL_VALUE, xem O_QLKD_23)"
K_QLKD_1392,DATA EXPLORER,Nhóm 67 — Báo cáo theo Thông tư 121/2020/TT-BTC (STT 67),Mã sheet,Chiều,QLKD,,,,,"Pending - chưa thiết kế nguồn (gap Atomic REPORT_CELL_VALUE, xem O_QLKD_23)"
K_QLKD_1393,DATA EXPLORER,Nhóm 67 — Báo cáo theo Thông tư 121/2020/TT-BTC (STT 67),Tên sheet,Chiều,QLKD,,,,,"Pending - chưa thiết kế nguồn (gap Atomic REPORT_CELL_VALUE, xem O_QLKD_23)"
K_QLKD_1394,DATA EXPLORER,Nhóm 67 — Báo cáo theo Thông tư 121/2020/TT-BTC (STT 67),Mã chỉ tiêu,Chiều,QLKD,,,,,"Pending - chưa thiết kế nguồn (gap Atomic REPORT_CELL_VALUE, xem O_QLKD_23)"
K_QLKD_1395,DATA EXPLORER,Nhóm 67 — Báo cáo theo Thông tư 121/2020/TT-BTC (STT 67),Tên chỉ tiêu,Chiều,QLKD,,,,,"Pending - chưa thiết kế nguồn (gap Atomic REPORT_CELL_VALUE, xem O_QLKD_23)"
K_QLKD_1396,DATA EXPLORER,Nhóm 67 — Báo cáo theo Thông tư 121/2020/TT-BTC (STT 67),Tên CTCK,Cơ sở,QLKD,,,,,"Pending - chưa thiết kế nguồn (gap Atomic REPORT_CELL_VALUE, xem O_QLKD_23)"
K_QLKD_1397,DATA EXPLORER,Nhóm 67 — Báo cáo theo Thông tư 121/2020/TT-BTC (STT 67),Sàn giao dịch,Cơ sở,QLKD,,,,,"Pending - chưa thiết kế nguồn (gap Atomic REPORT_CELL_VALUE, xem O_QLKD_23)"
K_QLKD_1398,DATA EXPLORER,Nhóm 67 — Báo cáo theo Thông tư 121/2020/TT-BTC (STT 67),Mã CK,Cơ sở,QLKD,,,,,"Pending - chưa thiết kế nguồn (gap Atomic REPORT_CELL_VALUE, xem O_QLKD_23)"
K_QLKD_1399,DATA EXPLORER,Nhóm 67 — Báo cáo theo Thông tư 121/2020/TT-BTC (STT 67),Giấy phép Hoạt động >> Số,Cơ sở,QLKD,,,,,"Pending - chưa thiết kế nguồn (gap Atomic REPORT_CELL_VALUE, xem O_QLKD_23)"
K_QLKD_1400,DATA EXPLORER,Nhóm 67 — Báo cáo theo Thông tư 121/2020/TT-BTC (STT 67),Giấy phép Hoạt động >> Ngày cấp,Cơ sở,QLKD,,,,,"Pending - chưa thiết kế nguồn (gap Atomic REPORT_CELL_VALUE, xem O_QLKD_23)"
K_QLKD_1401,DATA EXPLORER,Nhóm 67 — Báo cáo theo Thông tư 121/2020/TT-BTC (STT 67),Vốn điều lệ (đồng),Cơ sở,QLKD,,,,,"Pending - chưa thiết kế nguồn (gap Atomic REPORT_CELL_VALUE, xem O_QLKD_23)"
K_QLKD_1402,DATA EXPLORER,Nhóm 67 — Báo cáo theo Thông tư 121/2020/TT-BTC (STT 67),Tên người đại diện pháp luật (đăng ký làm việc với UBCKNN),Cơ sở,QLKD,,,,,"Pending - chưa thiết kế nguồn (gap Atomic REPORT_CELL_VALUE, xem O_QLKD_23)"
K_QLKD_1403,DATA EXPLORER,Nhóm 67 — Báo cáo theo Thông tư 121/2020/TT-BTC (STT 67),Tên chủ tịch Hội đồng quản trị/Hội đồng thành viên,Cơ sở,QLKD,,,,,"Pending - chưa thiết kế nguồn (gap Atomic REPORT_CELL_VALUE, xem O_QLKD_23)"
K_QLKD_1404,DATA EXPLORER,Nhóm 67 — Báo cáo theo Thông tư 121/2020/TT-BTC (STT 67),Họ và tên (cá nhân)/ Tên tổ chức,Cơ sở,QLKD,,,,,"Pending - chưa thiết kế nguồn (gap Atomic REPORT_CELL_VALUE, xem O_QLKD_23)"
K_QLKD_1405,DATA EXPLORER,Nhóm 67 — Báo cáo theo Thông tư 121/2020/TT-BTC (STT 67),Số giấy CMND/CCCD /Hộ chiếu (người nước ngoài)/ Số Giấy ĐKKD (Tổ chức),Cơ sở,QLKD,,,,,"Pending - chưa thiết kế nguồn (gap Atomic REPORT_CELL_VALUE, xem O_QLKD_23)"
K_QLKD_1406,DATA EXPLORER,Nhóm 67 — Báo cáo theo Thông tư 121/2020/TT-BTC (STT 67),Ngày cấp,Cơ sở,QLKD,,,,,"Pending - chưa thiết kế nguồn (gap Atomic REPORT_CELL_VALUE, xem O_QLKD_23)"
K_QLKD_1407,DATA EXPLORER,Nhóm 67 — Báo cáo theo Thông tư 121/2020/TT-BTC (STT 67),Địa chỉ,Cơ sở,QLKD,,,,,"Pending - chưa thiết kế nguồn (gap Atomic REPORT_CELL_VALUE, xem O_QLKD_23)"
K_QLKD_1408,DATA EXPLORER,Nhóm 67 — Báo cáo theo Thông tư 121/2020/TT-BTC (STT 67),Quốc tịch (người nước ngoài)/Tổ chức (nước ngoài),Cơ sở,QLKD,,,,,"Pending - chưa thiết kế nguồn (gap Atomic REPORT_CELL_VALUE, xem O_QLKD_23)"
K_QLKD_1409,DATA EXPLORER,Nhóm 67 — Báo cáo theo Thông tư 121/2020/TT-BTC (STT 67),Thông tin về tỷ lệ nắm giữ >> Đầu kỳ >> Số lượng cổ phần/ phần vốn góp,Cơ sở,QLKD,,,,,"Pending - chưa thiết kế nguồn (gap Atomic REPORT_CELL_VALUE, xem O_QLKD_23)"
K_QLKD_1410,DATA EXPLORER,Nhóm 67 — Báo cáo theo Thông tư 121/2020/TT-BTC (STT 67),Thông tin về tỷ lệ nắm giữ >> Đầu kỳ >> Tỷ lệ nắm giữ so với vốn điều lệ,Cơ sở,QLKD,,,,,"Pending - chưa thiết kế nguồn (gap Atomic REPORT_CELL_VALUE, xem O_QLKD_23)"
K_QLKD_1411,DATA EXPLORER,Nhóm 67 — Báo cáo theo Thông tư 121/2020/TT-BTC (STT 67),Thông tin về tỷ lệ nắm giữ >> Cuối kỳ >> Số lượng cổ phần/ phần vốn góp,Cơ sở,QLKD,,,,,"Pending - chưa thiết kế nguồn (gap Atomic REPORT_CELL_VALUE, xem O_QLKD_23)"
K_QLKD_1412,DATA EXPLORER,Nhóm 67 — Báo cáo theo Thông tư 121/2020/TT-BTC (STT 67),Thông tin về tỷ lệ nắm giữ >> Cuối kỳ >> Tỷ lệ nắm giữ so với vốn điều lệ,Cơ sở,QLKD,,,,,"Pending - chưa thiết kế nguồn (gap Atomic REPORT_CELL_VALUE, xem O_QLKD_23)"
K_QLKD_1413,DATA EXPLORER,Nhóm 68 — Báo cáo theo Thông tư 121/2020/TT-BTC (STT 68),Loại báo cáo,Chiều,QLKD,,,,,"Pending - chưa thiết kế nguồn (gap Atomic REPORT_CELL_VALUE, xem O_QLKD_23)"
K_QLKD_1414,DATA EXPLORER,Nhóm 68 — Báo cáo theo Thông tư 121/2020/TT-BTC (STT 68),Kỳ báo cáo,Chiều,QLKD,,,,,"Pending - chưa thiết kế nguồn (gap Atomic REPORT_CELL_VALUE, xem O_QLKD_23)"
K_QLKD_1415,DATA EXPLORER,Nhóm 68 — Báo cáo theo Thông tư 121/2020/TT-BTC (STT 68),Mã báo cáo,Chiều,QLKD,,,,,"Pending - chưa thiết kế nguồn (gap Atomic REPORT_CELL_VALUE, xem O_QLKD_23)"
K_QLKD_1416,DATA EXPLORER,Nhóm 68 — Báo cáo theo Thông tư 121/2020/TT-BTC (STT 68),Tên báo cáo,Chiều,QLKD,,,,,"Pending - chưa thiết kế nguồn (gap Atomic REPORT_CELL_VALUE, xem O_QLKD_23)"
K_QLKD_1417,DATA EXPLORER,Nhóm 68 — Báo cáo theo Thông tư 121/2020/TT-BTC (STT 68),Mã sheet,Chiều,QLKD,,,,,"Pending - chưa thiết kế nguồn (gap Atomic REPORT_CELL_VALUE, xem O_QLKD_23)"
K_QLKD_1418,DATA EXPLORER,Nhóm 68 — Báo cáo theo Thông tư 121/2020/TT-BTC (STT 68),Tên sheet,Chiều,QLKD,,,,,"Pending - chưa thiết kế nguồn (gap Atomic REPORT_CELL_VALUE, xem O_QLKD_23)"
K_QLKD_1419,DATA EXPLORER,Nhóm 68 — Báo cáo theo Thông tư 121/2020/TT-BTC (STT 68),Mã chỉ tiêu,Chiều,QLKD,,,,,"Pending - chưa thiết kế nguồn (gap Atomic REPORT_CELL_VALUE, xem O_QLKD_23)"
K_QLKD_1420,DATA EXPLORER,Nhóm 68 — Báo cáo theo Thông tư 121/2020/TT-BTC (STT 68),Tên chỉ tiêu,Chiều,QLKD,,,,,"Pending - chưa thiết kế nguồn (gap Atomic REPORT_CELL_VALUE, xem O_QLKD_23)"
K_QLKD_1421,DATA EXPLORER,Nhóm 68 — Báo cáo theo Thông tư 121/2020/TT-BTC (STT 68),Tên công ty chứng khoán,Cơ sở,QLKD,,,,,"Pending - chưa thiết kế nguồn (gap Atomic REPORT_CELL_VALUE, xem O_QLKD_23)"
K_QLKD_1422,DATA EXPLORER,Nhóm 68 — Báo cáo theo Thông tư 121/2020/TT-BTC (STT 68),Sàn giao dịch,Cơ sở,QLKD,,,,,"Pending - chưa thiết kế nguồn (gap Atomic REPORT_CELL_VALUE, xem O_QLKD_23)"
K_QLKD_1423,DATA EXPLORER,Nhóm 68 — Báo cáo theo Thông tư 121/2020/TT-BTC (STT 68),Mã chứng khoán,Cơ sở,QLKD,,,,,"Pending - chưa thiết kế nguồn (gap Atomic REPORT_CELL_VALUE, xem O_QLKD_23)"
K_QLKD_1424,DATA EXPLORER,Nhóm 68 — Báo cáo theo Thông tư 121/2020/TT-BTC (STT 68),Giấy phép Hoạt động >> Số,Cơ sở,QLKD,,,,,"Pending - chưa thiết kế nguồn (gap Atomic REPORT_CELL_VALUE, xem O_QLKD_23)"
K_QLKD_1425,DATA EXPLORER,Nhóm 68 — Báo cáo theo Thông tư 121/2020/TT-BTC (STT 68),Giấy phép Hoạt động >> Ngày cấp,Cơ sở,QLKD,,,,,"Pending - chưa thiết kế nguồn (gap Atomic REPORT_CELL_VALUE, xem O_QLKD_23)"
K_QLKD_1426,DATA EXPLORER,Nhóm 68 — Báo cáo theo Thông tư 121/2020/TT-BTC (STT 68),Có nghiệp vụ bảo lãnh phát hành,Cơ sở,QLKD,,,,,"Pending - chưa thiết kế nguồn (gap Atomic REPORT_CELL_VALUE, xem O_QLKD_23)"
K_QLKD_1427,DATA EXPLORER,Nhóm 68 — Báo cáo theo Thông tư 121/2020/TT-BTC (STT 68),Vốn chủ sở hữu (triệu đồng),Cơ sở,QLKD,,,,,"Pending - chưa thiết kế nguồn (gap Atomic REPORT_CELL_VALUE, xem O_QLKD_23)"
K_QLKD_1428,DATA EXPLORER,Nhóm 68 — Báo cáo theo Thông tư 121/2020/TT-BTC (STT 68),Tài sản ngắn hạn (triệu đồng),Cơ sở,QLKD,,,,,"Pending - chưa thiết kế nguồn (gap Atomic REPORT_CELL_VALUE, xem O_QLKD_23)"
K_QLKD_1429,DATA EXPLORER,Nhóm 68 — Báo cáo theo Thông tư 121/2020/TT-BTC (STT 68),Nợ ngắn hạn (triệu đồng),Cơ sở,QLKD,,,,,"Pending - chưa thiết kế nguồn (gap Atomic REPORT_CELL_VALUE, xem O_QLKD_23)"
K_QLKD_1430,DATA EXPLORER,Nhóm 68 — Báo cáo theo Thông tư 121/2020/TT-BTC (STT 68),Tên tổ chức phát hành,Cơ sở,QLKD,,,,,"Pending - chưa thiết kế nguồn (gap Atomic REPORT_CELL_VALUE, xem O_QLKD_23)"
K_QLKD_1431,DATA EXPLORER,Nhóm 68 — Báo cáo theo Thông tư 121/2020/TT-BTC (STT 68),Loại chứng khoán bảo lãnh >> Cổ phiếu,Cơ sở,QLKD,,,,,"Pending - chưa thiết kế nguồn (gap Atomic REPORT_CELL_VALUE, xem O_QLKD_23)"
K_QLKD_1432,DATA EXPLORER,Nhóm 68 — Báo cáo theo Thông tư 121/2020/TT-BTC (STT 68),Loại chứng khoán bảo lãnh >> Trái phiếu,Cơ sở,QLKD,,,,,"Pending - chưa thiết kế nguồn (gap Atomic REPORT_CELL_VALUE, xem O_QLKD_23)"
K_QLKD_1433,DATA EXPLORER,Nhóm 68 — Báo cáo theo Thông tư 121/2020/TT-BTC (STT 68),Hình thức bảo lãnh,Cơ sở,QLKD,,,,,"Pending - chưa thiết kế nguồn (gap Atomic REPORT_CELL_VALUE, xem O_QLKD_23)"
K_QLKD_1434,DATA EXPLORER,Nhóm 68 — Báo cáo theo Thông tư 121/2020/TT-BTC (STT 68),Tổng giá trị bảo lãnh (triệu đồng),Cơ sở,QLKD,,,,,"Pending - chưa thiết kế nguồn (gap Atomic REPORT_CELL_VALUE, xem O_QLKD_23)"
K_QLKD_1435,DATA EXPLORER,Nhóm 68 — Báo cáo theo Thông tư 121/2020/TT-BTC (STT 68),Hiệu số giữa tài sản ngắn hạn và nợ ngắn hạn (triệu đồng),Cơ sở,QLKD,,,,,"Pending - chưa thiết kế nguồn (gap Atomic REPORT_CELL_VALUE, xem O_QLKD_23)"
K_QLKD_1436,DATA EXPLORER,Nhóm 69 — Báo cáo theo Thông tư 121/2020/TT-BTC (STT 69),Loại báo cáo,Chiều,QLKD,,,,,"Pending - chưa thiết kế nguồn (gap Atomic REPORT_CELL_VALUE, xem O_QLKD_23)"
K_QLKD_1437,DATA EXPLORER,Nhóm 69 — Báo cáo theo Thông tư 121/2020/TT-BTC (STT 69),Kỳ báo cáo,Chiều,QLKD,,,,,"Pending - chưa thiết kế nguồn (gap Atomic REPORT_CELL_VALUE, xem O_QLKD_23)"
K_QLKD_1438,DATA EXPLORER,Nhóm 69 — Báo cáo theo Thông tư 121/2020/TT-BTC (STT 69),Mã báo cáo,Chiều,QLKD,,,,,"Pending - chưa thiết kế nguồn (gap Atomic REPORT_CELL_VALUE, xem O_QLKD_23)"
K_QLKD_1439,DATA EXPLORER,Nhóm 69 — Báo cáo theo Thông tư 121/2020/TT-BTC (STT 69),Tên báo cáo,Chiều,QLKD,,,,,"Pending - chưa thiết kế nguồn (gap Atomic REPORT_CELL_VALUE, xem O_QLKD_23)"
K_QLKD_1440,DATA EXPLORER,Nhóm 69 — Báo cáo theo Thông tư 121/2020/TT-BTC (STT 69),Mã sheet,Chiều,QLKD,,,,,"Pending - chưa thiết kế nguồn (gap Atomic REPORT_CELL_VALUE, xem O_QLKD_23)"
K_QLKD_1441,DATA EXPLORER,Nhóm 69 — Báo cáo theo Thông tư 121/2020/TT-BTC (STT 69),Tên sheet,Chiều,QLKD,,,,,"Pending - chưa thiết kế nguồn (gap Atomic REPORT_CELL_VALUE, xem O_QLKD_23)"
K_QLKD_1442,DATA EXPLORER,Nhóm 69 — Báo cáo theo Thông tư 121/2020/TT-BTC (STT 69),Mã chỉ tiêu,Chiều,QLKD,,,,,"Pending - chưa thiết kế nguồn (gap Atomic REPORT_CELL_VALUE, xem O_QLKD_23)"
K_QLKD_1443,DATA EXPLORER,Nhóm 69 — Báo cáo theo Thông tư 121/2020/TT-BTC (STT 69),Tên chỉ tiêu,Chiều,QLKD,,,,,"Pending - chưa thiết kế nguồn (gap Atomic REPORT_CELL_VALUE, xem O_QLKD_23)"
K_QLKD_1444,DATA EXPLORER,Nhóm 69 — Báo cáo theo Thông tư 121/2020/TT-BTC (STT 69),Tên công ty chứng khoán,Cơ sở,QLKD,,,,,"Pending - chưa thiết kế nguồn (gap Atomic REPORT_CELL_VALUE, xem O_QLKD_23)"
K_QLKD_1445,DATA EXPLORER,Nhóm 69 — Báo cáo theo Thông tư 121/2020/TT-BTC (STT 69),Sàn giao dịch,Cơ sở,QLKD,,,,,"Pending - chưa thiết kế nguồn (gap Atomic REPORT_CELL_VALUE, xem O_QLKD_23)"
K_QLKD_1446,DATA EXPLORER,Nhóm 69 — Báo cáo theo Thông tư 121/2020/TT-BTC (STT 69),Mã chứng khoán,Cơ sở,QLKD,,,,,"Pending - chưa thiết kế nguồn (gap Atomic REPORT_CELL_VALUE, xem O_QLKD_23)"
K_QLKD_1447,DATA EXPLORER,Nhóm 69 — Báo cáo theo Thông tư 121/2020/TT-BTC (STT 69),Giấy phép hoạt động >> Số,Cơ sở,QLKD,,,,,"Pending - chưa thiết kế nguồn (gap Atomic REPORT_CELL_VALUE, xem O_QLKD_23)"
K_QLKD_1448,DATA EXPLORER,Nhóm 69 — Báo cáo theo Thông tư 121/2020/TT-BTC (STT 69),"Giấy phép hoạt động >> Ngày cấp
(Ngày/tháng/năm)",Cơ sở,QLKD,,,,,"Pending - chưa thiết kế nguồn (gap Atomic REPORT_CELL_VALUE, xem O_QLKD_23)"
K_QLKD_1449,DATA EXPLORER,Nhóm 69 — Báo cáo theo Thông tư 121/2020/TT-BTC (STT 69),Trong nước >> Trụ sở chính >> Địa điểm,Cơ sở,QLKD,,,,,"Pending - chưa thiết kế nguồn (gap Atomic REPORT_CELL_VALUE, xem O_QLKD_23)"
K_QLKD_1450,DATA EXPLORER,Nhóm 69 — Báo cáo theo Thông tư 121/2020/TT-BTC (STT 69),Trong nước >> Trụ sở chính >> Đóng cửa,Cơ sở,QLKD,,,,,"Pending - chưa thiết kế nguồn (gap Atomic REPORT_CELL_VALUE, xem O_QLKD_23)"
K_QLKD_1451,DATA EXPLORER,Nhóm 69 — Báo cáo theo Thông tư 121/2020/TT-BTC (STT 69),Trong nước >> Trụ sở chính >> Thành lập mới,Cơ sở,QLKD,,,,,"Pending - chưa thiết kế nguồn (gap Atomic REPORT_CELL_VALUE, xem O_QLKD_23)"
K_QLKD_1452,DATA EXPLORER,Nhóm 69 — Báo cáo theo Thông tư 121/2020/TT-BTC (STT 69),Trong nước >> Trụ sở chính >> Thay tên,Cơ sở,QLKD,,,,,"Pending - chưa thiết kế nguồn (gap Atomic REPORT_CELL_VALUE, xem O_QLKD_23)"
K_QLKD_1453,DATA EXPLORER,Nhóm 69 — Báo cáo theo Thông tư 121/2020/TT-BTC (STT 69),Trong nước >> Trụ sở chính >> Nhân sự cấp cao,Cơ sở,QLKD,,,,,"Pending - chưa thiết kế nguồn (gap Atomic REPORT_CELL_VALUE, xem O_QLKD_23)"
K_QLKD_1454,DATA EXPLORER,Nhóm 69 — Báo cáo theo Thông tư 121/2020/TT-BTC (STT 69),Trong nước >> Trụ sở chính >> Thay đổi nghiệp vụ kinh doanh,Cơ sở,QLKD,,,,,"Pending - chưa thiết kế nguồn (gap Atomic REPORT_CELL_VALUE, xem O_QLKD_23)"
K_QLKD_1455,DATA EXPLORER,Nhóm 69 — Báo cáo theo Thông tư 121/2020/TT-BTC (STT 69),Trong nước >> Chi nhánh >> Địa điểm,Cơ sở,QLKD,,,,,"Pending - chưa thiết kế nguồn (gap Atomic REPORT_CELL_VALUE, xem O_QLKD_23)"
K_QLKD_1456,DATA EXPLORER,Nhóm 69 — Báo cáo theo Thông tư 121/2020/TT-BTC (STT 69),Trong nước >> Chi nhánh >> Đóng cửa,Cơ sở,QLKD,,,,,"Pending - chưa thiết kế nguồn (gap Atomic REPORT_CELL_VALUE, xem O_QLKD_23)"
K_QLKD_1457,DATA EXPLORER,Nhóm 69 — Báo cáo theo Thông tư 121/2020/TT-BTC (STT 69),Trong nước >> Chi nhánh >> Thành lập mới,Cơ sở,QLKD,,,,,"Pending - chưa thiết kế nguồn (gap Atomic REPORT_CELL_VALUE, xem O_QLKD_23)"
K_QLKD_1458,DATA EXPLORER,Nhóm 69 — Báo cáo theo Thông tư 121/2020/TT-BTC (STT 69),Trong nước >> Chi nhánh >> Thay tên,Cơ sở,QLKD,,,,,"Pending - chưa thiết kế nguồn (gap Atomic REPORT_CELL_VALUE, xem O_QLKD_23)"
K_QLKD_1459,DATA EXPLORER,Nhóm 69 — Báo cáo theo Thông tư 121/2020/TT-BTC (STT 69),Trong nước >> Chi nhánh >> Nhân sự cấp cao,Cơ sở,QLKD,,,,,"Pending - chưa thiết kế nguồn (gap Atomic REPORT_CELL_VALUE, xem O_QLKD_23)"
K_QLKD_1460,DATA EXPLORER,Nhóm 69 — Báo cáo theo Thông tư 121/2020/TT-BTC (STT 69),Trong nước >> Chi nhánh >> Thay đổi nghiệp vụ kinh doanh,Cơ sở,QLKD,,,,,"Pending - chưa thiết kế nguồn (gap Atomic REPORT_CELL_VALUE, xem O_QLKD_23)"
K_QLKD_1461,DATA EXPLORER,Nhóm 69 — Báo cáo theo Thông tư 121/2020/TT-BTC (STT 69),Trong nước >> Phòng giao dịch >> Địa điểm,Cơ sở,QLKD,,,,,"Pending - chưa thiết kế nguồn (gap Atomic REPORT_CELL_VALUE, xem O_QLKD_23)"
K_QLKD_1462,DATA EXPLORER,Nhóm 69 — Báo cáo theo Thông tư 121/2020/TT-BTC (STT 69),Trong nước >> Phòng giao dịch >> Đóng cửa,Cơ sở,QLKD,,,,,"Pending - chưa thiết kế nguồn (gap Atomic REPORT_CELL_VALUE, xem O_QLKD_23)"
K_QLKD_1463,DATA EXPLORER,Nhóm 69 — Báo cáo theo Thông tư 121/2020/TT-BTC (STT 69),Trong nước >> Phòng giao dịch >> Thành lập mới,Cơ sở,QLKD,,,,,"Pending - chưa thiết kế nguồn (gap Atomic REPORT_CELL_VALUE, xem O_QLKD_23)"
K_QLKD_1464,DATA EXPLORER,Nhóm 69 — Báo cáo theo Thông tư 121/2020/TT-BTC (STT 69),Trong nước >> Phòng giao dịch >> Thay tên,Cơ sở,QLKD,,,,,"Pending - chưa thiết kế nguồn (gap Atomic REPORT_CELL_VALUE, xem O_QLKD_23)"
K_QLKD_1465,DATA EXPLORER,Nhóm 69 — Báo cáo theo Thông tư 121/2020/TT-BTC (STT 69),Trong nước >> Phòng giao dịch >> Nhân sự cấp cao,Cơ sở,QLKD,,,,,"Pending - chưa thiết kế nguồn (gap Atomic REPORT_CELL_VALUE, xem O_QLKD_23)"
K_QLKD_1466,DATA EXPLORER,Nhóm 69 — Báo cáo theo Thông tư 121/2020/TT-BTC (STT 69),Trong nước >> Phòng giao dịch >> Thay đổi nghiệp vụ kinh doanh,Cơ sở,QLKD,,,,,"Pending - chưa thiết kế nguồn (gap Atomic REPORT_CELL_VALUE, xem O_QLKD_23)"
K_QLKD_1467,DATA EXPLORER,Nhóm 69 — Báo cáo theo Thông tư 121/2020/TT-BTC (STT 69),Trong nước >> Văn phòng đại diện >> Địa điểm,Cơ sở,QLKD,,,,,"Pending - chưa thiết kế nguồn (gap Atomic REPORT_CELL_VALUE, xem O_QLKD_23)"
K_QLKD_1468,DATA EXPLORER,Nhóm 69 — Báo cáo theo Thông tư 121/2020/TT-BTC (STT 69),Trong nước >> Văn phòng đại diện >> Đóng cửa,Cơ sở,QLKD,,,,,"Pending - chưa thiết kế nguồn (gap Atomic REPORT_CELL_VALUE, xem O_QLKD_23)"
K_QLKD_1469,DATA EXPLORER,Nhóm 69 — Báo cáo theo Thông tư 121/2020/TT-BTC (STT 69),Trong nước >> Văn phòng đại diện >> Thành lập mới,Cơ sở,QLKD,,,,,"Pending - chưa thiết kế nguồn (gap Atomic REPORT_CELL_VALUE, xem O_QLKD_23)"
K_QLKD_1470,DATA EXPLORER,Nhóm 69 — Báo cáo theo Thông tư 121/2020/TT-BTC (STT 69),Trong nước >> Văn phòng đại diện >> Thay tên,Cơ sở,QLKD,,,,,"Pending - chưa thiết kế nguồn (gap Atomic REPORT_CELL_VALUE, xem O_QLKD_23)"
K_QLKD_1471,DATA EXPLORER,Nhóm 69 — Báo cáo theo Thông tư 121/2020/TT-BTC (STT 69),Trong nước >> Văn phòng đại diện >> Nhân sự cấp cao,Cơ sở,QLKD,,,,,"Pending - chưa thiết kế nguồn (gap Atomic REPORT_CELL_VALUE, xem O_QLKD_23)"
K_QLKD_1472,DATA EXPLORER,Nhóm 69 — Báo cáo theo Thông tư 121/2020/TT-BTC (STT 69),Trong nước >> Văn phòng đại diện >> Thay đổi nghiệp vụ kinh doanh,Cơ sở,QLKD,,,,,"Pending - chưa thiết kế nguồn (gap Atomic REPORT_CELL_VALUE, xem O_QLKD_23)"
K_QLKD_1473,DATA EXPLORER,Nhóm 69 — Báo cáo theo Thông tư 121/2020/TT-BTC (STT 69),Nước ngoài >> Chi nhánh >> Địa điểm,Cơ sở,QLKD,,,,,"Pending - chưa thiết kế nguồn (gap Atomic REPORT_CELL_VALUE, xem O_QLKD_23)"
K_QLKD_1474,DATA EXPLORER,Nhóm 69 — Báo cáo theo Thông tư 121/2020/TT-BTC (STT 69),Nước ngoài >> Chi nhánh >> Đóng cửa,Cơ sở,QLKD,,,,,"Pending - chưa thiết kế nguồn (gap Atomic REPORT_CELL_VALUE, xem O_QLKD_23)"
K_QLKD_1475,DATA EXPLORER,Nhóm 69 — Báo cáo theo Thông tư 121/2020/TT-BTC (STT 69),Nước ngoài >> Chi nhánh >> Thành lập mới,Cơ sở,QLKD,,,,,"Pending - chưa thiết kế nguồn (gap Atomic REPORT_CELL_VALUE, xem O_QLKD_23)"
K_QLKD_1476,DATA EXPLORER,Nhóm 69 — Báo cáo theo Thông tư 121/2020/TT-BTC (STT 69),Nước ngoài >> Chi nhánh >> Thay tên,Cơ sở,QLKD,,,,,"Pending - chưa thiết kế nguồn (gap Atomic REPORT_CELL_VALUE, xem O_QLKD_23)"
K_QLKD_1477,DATA EXPLORER,Nhóm 69 — Báo cáo theo Thông tư 121/2020/TT-BTC (STT 69),Nước ngoài >> Chi nhánh >> Nhân sự cấp cao,Cơ sở,QLKD,,,,,"Pending - chưa thiết kế nguồn (gap Atomic REPORT_CELL_VALUE, xem O_QLKD_23)"
K_QLKD_1478,DATA EXPLORER,Nhóm 69 — Báo cáo theo Thông tư 121/2020/TT-BTC (STT 69),Nước ngoài >> Chi nhánh >> Thay đổi nghiệp vụ kinh doanh,Cơ sở,QLKD,,,,,"Pending - chưa thiết kế nguồn (gap Atomic REPORT_CELL_VALUE, xem O_QLKD_23)"
K_QLKD_1479,DATA EXPLORER,Nhóm 69 — Báo cáo theo Thông tư 121/2020/TT-BTC (STT 69),Nước ngoài >> Văn phòng đại diện >> Địa điểm,Cơ sở,QLKD,,,,,"Pending - chưa thiết kế nguồn (gap Atomic REPORT_CELL_VALUE, xem O_QLKD_23)"
K_QLKD_1480,DATA EXPLORER,Nhóm 69 — Báo cáo theo Thông tư 121/2020/TT-BTC (STT 69),Nước ngoài >> Văn phòng đại diện >> Đóng cửa,Cơ sở,QLKD,,,,,"Pending - chưa thiết kế nguồn (gap Atomic REPORT_CELL_VALUE, xem O_QLKD_23)"
K_QLKD_1481,DATA EXPLORER,Nhóm 69 — Báo cáo theo Thông tư 121/2020/TT-BTC (STT 69),Nước ngoài >> Văn phòng đại diện >> Thành lập mới,Cơ sở,QLKD,,,,,"Pending - chưa thiết kế nguồn (gap Atomic REPORT_CELL_VALUE, xem O_QLKD_23)"
K_QLKD_1482,DATA EXPLORER,Nhóm 69 — Báo cáo theo Thông tư 121/2020/TT-BTC (STT 69),Nước ngoài >> Văn phòng đại diện >> Thay tên,Cơ sở,QLKD,,,,,"Pending - chưa thiết kế nguồn (gap Atomic REPORT_CELL_VALUE, xem O_QLKD_23)"
K_QLKD_1483,DATA EXPLORER,Nhóm 69 — Báo cáo theo Thông tư 121/2020/TT-BTC (STT 69),Nước ngoài >> Văn phòng đại diện >> Nhân sự cấp cao,Cơ sở,QLKD,,,,,"Pending - chưa thiết kế nguồn (gap Atomic REPORT_CELL_VALUE, xem O_QLKD_23)"
K_QLKD_1484,DATA EXPLORER,Nhóm 69 — Báo cáo theo Thông tư 121/2020/TT-BTC (STT 69),Nước ngoài >> Văn phòng đại diện >> Thay đổi nghiệp vụ kinh doanh,Cơ sở,QLKD,,,,,"Pending - chưa thiết kế nguồn (gap Atomic REPORT_CELL_VALUE, xem O_QLKD_23)"
K_QLKD_1485,DATA EXPLORER,Nhóm 70 — Báo cáo theo Thông tư 121/2020/TT-BTC (STT 70),Loại báo cáo,Chiều,QLKD,,,,,"Pending - chưa thiết kế nguồn (gap Atomic REPORT_CELL_VALUE, xem O_QLKD_23)"
K_QLKD_1486,DATA EXPLORER,Nhóm 70 — Báo cáo theo Thông tư 121/2020/TT-BTC (STT 70),Kỳ báo cáo,Chiều,QLKD,,,,,"Pending - chưa thiết kế nguồn (gap Atomic REPORT_CELL_VALUE, xem O_QLKD_23)"
K_QLKD_1487,DATA EXPLORER,Nhóm 70 — Báo cáo theo Thông tư 121/2020/TT-BTC (STT 70),Mã báo cáo,Chiều,QLKD,,,,,"Pending - chưa thiết kế nguồn (gap Atomic REPORT_CELL_VALUE, xem O_QLKD_23)"
K_QLKD_1488,DATA EXPLORER,Nhóm 70 — Báo cáo theo Thông tư 121/2020/TT-BTC (STT 70),Tên báo cáo,Chiều,QLKD,,,,,"Pending - chưa thiết kế nguồn (gap Atomic REPORT_CELL_VALUE, xem O_QLKD_23)"
K_QLKD_1489,DATA EXPLORER,Nhóm 70 — Báo cáo theo Thông tư 121/2020/TT-BTC (STT 70),Mã sheet,Chiều,QLKD,,,,,"Pending - chưa thiết kế nguồn (gap Atomic REPORT_CELL_VALUE, xem O_QLKD_23)"
K_QLKD_1490,DATA EXPLORER,Nhóm 70 — Báo cáo theo Thông tư 121/2020/TT-BTC (STT 70),Tên sheet,Chiều,QLKD,,,,,"Pending - chưa thiết kế nguồn (gap Atomic REPORT_CELL_VALUE, xem O_QLKD_23)"
K_QLKD_1491,DATA EXPLORER,Nhóm 70 — Báo cáo theo Thông tư 121/2020/TT-BTC (STT 70),Mã chỉ tiêu,Chiều,QLKD,,,,,"Pending - chưa thiết kế nguồn (gap Atomic REPORT_CELL_VALUE, xem O_QLKD_23)"
K_QLKD_1492,DATA EXPLORER,Nhóm 70 — Báo cáo theo Thông tư 121/2020/TT-BTC (STT 70),Tên chỉ tiêu,Chiều,QLKD,,,,,"Pending - chưa thiết kế nguồn (gap Atomic REPORT_CELL_VALUE, xem O_QLKD_23)"
K_QLKD_1493,DATA EXPLORER,Nhóm 70 — Báo cáo theo Thông tư 121/2020/TT-BTC (STT 70),Tên công ty chứng khoán,Cơ sở,QLKD,,,,,"Pending - chưa thiết kế nguồn (gap Atomic REPORT_CELL_VALUE, xem O_QLKD_23)"
K_QLKD_1494,DATA EXPLORER,Nhóm 70 — Báo cáo theo Thông tư 121/2020/TT-BTC (STT 70),Sàn giao dịch,Cơ sở,QLKD,,,,,"Pending - chưa thiết kế nguồn (gap Atomic REPORT_CELL_VALUE, xem O_QLKD_23)"
K_QLKD_1495,DATA EXPLORER,Nhóm 70 — Báo cáo theo Thông tư 121/2020/TT-BTC (STT 70),Mã chứng khoán,Cơ sở,QLKD,,,,,"Pending - chưa thiết kế nguồn (gap Atomic REPORT_CELL_VALUE, xem O_QLKD_23)"
K_QLKD_1496,DATA EXPLORER,Nhóm 70 — Báo cáo theo Thông tư 121/2020/TT-BTC (STT 70),Giấy phép hoạt động >> Số,Cơ sở,QLKD,,,,,"Pending - chưa thiết kế nguồn (gap Atomic REPORT_CELL_VALUE, xem O_QLKD_23)"
K_QLKD_1497,DATA EXPLORER,Nhóm 70 — Báo cáo theo Thông tư 121/2020/TT-BTC (STT 70),"Giấy phép hoạt động >> Ngày cấp
(Ngày/tháng/năm)",Cơ sở,QLKD,,,,,"Pending - chưa thiết kế nguồn (gap Atomic REPORT_CELL_VALUE, xem O_QLKD_23)"
K_QLKD_1498,DATA EXPLORER,Nhóm 70 — Báo cáo theo Thông tư 121/2020/TT-BTC (STT 70),Khách hàng trong nước >> Cá nhân >> Số lượng tài khoản >> Trong kỳ,Cơ sở,QLKD,,,,,"Pending - chưa thiết kế nguồn (gap Atomic REPORT_CELL_VALUE, xem O_QLKD_23)"
K_QLKD_1499,DATA EXPLORER,Nhóm 70 — Báo cáo theo Thông tư 121/2020/TT-BTC (STT 70),Khách hàng trong nước >> Cá nhân >> Số lượng tài khoản >> Tăng/Giảm,Cơ sở,QLKD,,,,,"Pending - chưa thiết kế nguồn (gap Atomic REPORT_CELL_VALUE, xem O_QLKD_23)"
K_QLKD_1500,DATA EXPLORER,Nhóm 70 — Báo cáo theo Thông tư 121/2020/TT-BTC (STT 70),Khách hàng trong nước >> Cá nhân >> Số lượng tài khoản có phát sinh giao dịch trong kỳ,Cơ sở,QLKD,,,,,"Pending - chưa thiết kế nguồn (gap Atomic REPORT_CELL_VALUE, xem O_QLKD_23)"
K_QLKD_1501,DATA EXPLORER,Nhóm 70 — Báo cáo theo Thông tư 121/2020/TT-BTC (STT 70),Khách hàng trong nước >> Tổ chức >> Số lượng tài khoản >> Trong kỳ,Cơ sở,QLKD,,,,,"Pending - chưa thiết kế nguồn (gap Atomic REPORT_CELL_VALUE, xem O_QLKD_23)"
K_QLKD_1502,DATA EXPLORER,Nhóm 70 — Báo cáo theo Thông tư 121/2020/TT-BTC (STT 70),Khách hàng trong nước >> Tổ chức >> Số lượng tài khoản >> Tăng/Giảm,Cơ sở,QLKD,,,,,"Pending - chưa thiết kế nguồn (gap Atomic REPORT_CELL_VALUE, xem O_QLKD_23)"
K_QLKD_1503,DATA EXPLORER,Nhóm 70 — Báo cáo theo Thông tư 121/2020/TT-BTC (STT 70),Khách hàng trong nước >> Tổ chức >> Số lượng tài khoản có phát sinh giao dịch trong kỳ,Cơ sở,QLKD,,,,,"Pending - chưa thiết kế nguồn (gap Atomic REPORT_CELL_VALUE, xem O_QLKD_23)"
K_QLKD_1504,DATA EXPLORER,Nhóm 70 — Báo cáo theo Thông tư 121/2020/TT-BTC (STT 70),Khách hàng nước ngoài >> Cá nhân >> Số lượng tài khoản >> Trong kỳ,Cơ sở,QLKD,,,,,"Pending - chưa thiết kế nguồn (gap Atomic REPORT_CELL_VALUE, xem O_QLKD_23)"
K_QLKD_1505,DATA EXPLORER,Nhóm 70 — Báo cáo theo Thông tư 121/2020/TT-BTC (STT 70),Khách hàng nước ngoài >> Cá nhân >> Số lượng tài khoản >> Tăng/Giảm,Cơ sở,QLKD,,,,,"Pending - chưa thiết kế nguồn (gap Atomic REPORT_CELL_VALUE, xem O_QLKD_23)"
K_QLKD_1506,DATA EXPLORER,Nhóm 70 — Báo cáo theo Thông tư 121/2020/TT-BTC (STT 70),Khách hàng nước ngoài >> Cá nhân >> Số lượng tài khoản có phát sinh giao dịch trong kỳ,Cơ sở,QLKD,,,,,"Pending - chưa thiết kế nguồn (gap Atomic REPORT_CELL_VALUE, xem O_QLKD_23)"
K_QLKD_1507,DATA EXPLORER,Nhóm 70 — Báo cáo theo Thông tư 121/2020/TT-BTC (STT 70),Khách hàng nước ngoài >> Tổ chức >> Số lượng tài khoản >> Trong kỳ,Cơ sở,QLKD,,,,,"Pending - chưa thiết kế nguồn (gap Atomic REPORT_CELL_VALUE, xem O_QLKD_23)"
K_QLKD_1508,DATA EXPLORER,Nhóm 70 — Báo cáo theo Thông tư 121/2020/TT-BTC (STT 70),Khách hàng nước ngoài >> Tổ chức >> Số lượng tài khoản >> Tăng/Giảm,Cơ sở,QLKD,,,,,"Pending - chưa thiết kế nguồn (gap Atomic REPORT_CELL_VALUE, xem O_QLKD_23)"
K_QLKD_1509,DATA EXPLORER,Nhóm 70 — Báo cáo theo Thông tư 121/2020/TT-BTC (STT 70),Khách hàng nước ngoài >> Tổ chức >> Số lượng tài khoản có phát sinh giao dịch trong kỳ,Cơ sở,QLKD,,,,,"Pending - chưa thiết kế nguồn (gap Atomic REPORT_CELL_VALUE, xem O_QLKD_23)"
K_QLKD_1510,DATA EXPLORER,Nhóm 70 — Báo cáo theo Thông tư 121/2020/TT-BTC (STT 70),TỔNG >> Số lượng tài khoản >> Trong kỳ,Cơ sở,QLKD,,,,,"Pending - chưa thiết kế nguồn (gap Atomic REPORT_CELL_VALUE, xem O_QLKD_23)"
K_QLKD_1511,DATA EXPLORER,Nhóm 70 — Báo cáo theo Thông tư 121/2020/TT-BTC (STT 70),TỔNG >> Số lượng tài khoản >> Tăng/Giảm,Cơ sở,QLKD,,,,,"Pending - chưa thiết kế nguồn (gap Atomic REPORT_CELL_VALUE, xem O_QLKD_23)"
K_QLKD_1512,DATA EXPLORER,Nhóm 70 — Báo cáo theo Thông tư 121/2020/TT-BTC (STT 70),TỔNG >> Số lượng tài khoản có phát sinh giao dịch trong kỳ,Cơ sở,QLKD,,,,,"Pending - chưa thiết kế nguồn (gap Atomic REPORT_CELL_VALUE, xem O_QLKD_23)"
K_QLKD_1513,DATA EXPLORER,Nhóm 71 — Báo cáo theo Thông tư 121/2020/TT-BTC (STT 71),Loại báo cáo,Chiều,QLKD,,,,,"Pending - chưa thiết kế nguồn (gap Atomic REPORT_CELL_VALUE, xem O_QLKD_23)"
K_QLKD_1514,DATA EXPLORER,Nhóm 71 — Báo cáo theo Thông tư 121/2020/TT-BTC (STT 71),Kỳ báo cáo,Chiều,QLKD,,,,,"Pending - chưa thiết kế nguồn (gap Atomic REPORT_CELL_VALUE, xem O_QLKD_23)"
K_QLKD_1515,DATA EXPLORER,Nhóm 71 — Báo cáo theo Thông tư 121/2020/TT-BTC (STT 71),Mã báo cáo,Chiều,QLKD,,,,,"Pending - chưa thiết kế nguồn (gap Atomic REPORT_CELL_VALUE, xem O_QLKD_23)"
K_QLKD_1516,DATA EXPLORER,Nhóm 71 — Báo cáo theo Thông tư 121/2020/TT-BTC (STT 71),Tên báo cáo,Chiều,QLKD,,,,,"Pending - chưa thiết kế nguồn (gap Atomic REPORT_CELL_VALUE, xem O_QLKD_23)"
K_QLKD_1517,DATA EXPLORER,Nhóm 71 — Báo cáo theo Thông tư 121/2020/TT-BTC (STT 71),Tên sheet,Chiều,QLKD,,,,,"Pending - chưa thiết kế nguồn (gap Atomic REPORT_CELL_VALUE, xem O_QLKD_23)"
K_QLKD_1518,DATA EXPLORER,Nhóm 71 — Báo cáo theo Thông tư 121/2020/TT-BTC (STT 71),Mã chỉ tiêu,Chiều,QLKD,,,,,"Pending - chưa thiết kế nguồn (gap Atomic REPORT_CELL_VALUE, xem O_QLKD_23)"
K_QLKD_1519,DATA EXPLORER,Nhóm 71 — Báo cáo theo Thông tư 121/2020/TT-BTC (STT 71),Mã chỉ tiêu,Chiều,QLKD,,,,,"Pending - chưa thiết kế nguồn (gap Atomic REPORT_CELL_VALUE, xem O_QLKD_23)"
K_QLKD_1520,DATA EXPLORER,Nhóm 71 — Báo cáo theo Thông tư 121/2020/TT-BTC (STT 71),Tên chỉ tiêu,Chiều,QLKD,,,,,"Pending - chưa thiết kế nguồn (gap Atomic REPORT_CELL_VALUE, xem O_QLKD_23)"
K_QLKD_1521,DATA EXPLORER,Nhóm 71 — Báo cáo theo Thông tư 121/2020/TT-BTC (STT 71),Tên công ty chứng khoán,Cơ sở,QLKD,,,,,"Pending - chưa thiết kế nguồn (gap Atomic REPORT_CELL_VALUE, xem O_QLKD_23)"
K_QLKD_1522,DATA EXPLORER,Nhóm 71 — Báo cáo theo Thông tư 121/2020/TT-BTC (STT 71),Sàn giao dịch,Cơ sở,QLKD,,,,,"Pending - chưa thiết kế nguồn (gap Atomic REPORT_CELL_VALUE, xem O_QLKD_23)"
K_QLKD_1523,DATA EXPLORER,Nhóm 71 — Báo cáo theo Thông tư 121/2020/TT-BTC (STT 71),Mã chứng khoán,Cơ sở,QLKD,,,,,"Pending - chưa thiết kế nguồn (gap Atomic REPORT_CELL_VALUE, xem O_QLKD_23)"
K_QLKD_1524,DATA EXPLORER,Nhóm 71 — Báo cáo theo Thông tư 121/2020/TT-BTC (STT 71),Giấy phép hoạt động >> Số,Cơ sở,QLKD,,,,,"Pending - chưa thiết kế nguồn (gap Atomic REPORT_CELL_VALUE, xem O_QLKD_23)"
K_QLKD_1525,DATA EXPLORER,Nhóm 71 — Báo cáo theo Thông tư 121/2020/TT-BTC (STT 71),"Giấy phép hoạt động >> Ngày cấp
(Ngày/tháng/năm)",Cơ sở,QLKD,,,,,"Pending - chưa thiết kế nguồn (gap Atomic REPORT_CELL_VALUE, xem O_QLKD_23)"
K_QLKD_1526,DATA EXPLORER,Nhóm 71 — Báo cáo theo Thông tư 121/2020/TT-BTC (STT 71),Khách hàng trong nước >> Tổng số tài sản ủy thác >> Đầu kỳ,Cơ sở,QLKD,,,,,"Pending - chưa thiết kế nguồn (gap Atomic REPORT_CELL_VALUE, xem O_QLKD_23)"
K_QLKD_1527,DATA EXPLORER,Nhóm 71 — Báo cáo theo Thông tư 121/2020/TT-BTC (STT 71),Khách hàng trong nước >> Tổng số tài sản ủy thác >> Cuối kỳ,Cơ sở,QLKD,,,,,"Pending - chưa thiết kế nguồn (gap Atomic REPORT_CELL_VALUE, xem O_QLKD_23)"
K_QLKD_1528,DATA EXPLORER,Nhóm 71 — Báo cáo theo Thông tư 121/2020/TT-BTC (STT 71),Khách hàng trong nước >> Tổng số tài sản ủy thác >> Tăng/Giảm,Cơ sở,QLKD,,,,,"Pending - chưa thiết kế nguồn (gap Atomic REPORT_CELL_VALUE, xem O_QLKD_23)"
K_QLKD_1529,DATA EXPLORER,Nhóm 71 — Báo cáo theo Thông tư 121/2020/TT-BTC (STT 71),Khách hàng trong nước >> Giá trị ủy thác (Triệu đồng),Cơ sở,QLKD,,,,,"Pending - chưa thiết kế nguồn (gap Atomic REPORT_CELL_VALUE, xem O_QLKD_23)"
K_QLKD_1530,DATA EXPLORER,Nhóm 71 — Báo cáo theo Thông tư 121/2020/TT-BTC (STT 71),Khách hàng nước ngoài >> Tổng số tài sản ủy thác >> Đầu kỳ,Cơ sở,QLKD,,,,,"Pending - chưa thiết kế nguồn (gap Atomic REPORT_CELL_VALUE, xem O_QLKD_23)"
K_QLKD_1531,DATA EXPLORER,Nhóm 71 — Báo cáo theo Thông tư 121/2020/TT-BTC (STT 71),Khách hàng nước ngoài >> Tổng số tài sản ủy thác >> Cuối kỳ,Cơ sở,QLKD,,,,,"Pending - chưa thiết kế nguồn (gap Atomic REPORT_CELL_VALUE, xem O_QLKD_23)"
K_QLKD_1532,DATA EXPLORER,Nhóm 71 — Báo cáo theo Thông tư 121/2020/TT-BTC (STT 71),Khách hàng nước ngoài >> Tổng số tài sản ủy thác >> Tăng/Giảm,Cơ sở,QLKD,,,,,"Pending - chưa thiết kế nguồn (gap Atomic REPORT_CELL_VALUE, xem O_QLKD_23)"
K_QLKD_1533,DATA EXPLORER,Nhóm 71 — Báo cáo theo Thông tư 121/2020/TT-BTC (STT 71),Khách hàng nước ngoài >> Giá trị ủy thác (Triệu đồng),Cơ sở,QLKD,,,,,"Pending - chưa thiết kế nguồn (gap Atomic REPORT_CELL_VALUE, xem O_QLKD_23)"
K_QLKD_1534,DATA EXPLORER,Nhóm 71 — Báo cáo theo Thông tư 121/2020/TT-BTC (STT 71),Tổng cộng >> Tổng số tài sản ủy thác >> Đầu kỳ,Cơ sở,QLKD,,,,,"Pending - chưa thiết kế nguồn (gap Atomic REPORT_CELL_VALUE, xem O_QLKD_23)"
K_QLKD_1535,DATA EXPLORER,Nhóm 71 — Báo cáo theo Thông tư 121/2020/TT-BTC (STT 71),Tổng cộng >> Tổng số tài sản ủy thác >> Cuối kỳ,Cơ sở,QLKD,,,,,"Pending - chưa thiết kế nguồn (gap Atomic REPORT_CELL_VALUE, xem O_QLKD_23)"
K_QLKD_1536,DATA EXPLORER,Nhóm 71 — Báo cáo theo Thông tư 121/2020/TT-BTC (STT 71),Tổng cộng >> Tổng số tài sản ủy thác >> Tăng/Giảm,Cơ sở,QLKD,,,,,"Pending - chưa thiết kế nguồn (gap Atomic REPORT_CELL_VALUE, xem O_QLKD_23)"
K_QLKD_1537,DATA EXPLORER,Nhóm 71 — Báo cáo theo Thông tư 121/2020/TT-BTC (STT 71),Tổng cộng >> Giá trị ủy thác (Triệu đồng),Cơ sở,QLKD,,,,,"Pending - chưa thiết kế nguồn (gap Atomic REPORT_CELL_VALUE, xem O_QLKD_23)"
K_QLKD_1538,DATA EXPLORER,Nhóm 72 — Báo cáo theo Thông tư 121/2020/TT-BTC (STT 72),Loại báo cáo,Chiều,QLKD,,,,,"Pending - chưa thiết kế nguồn (gap Atomic REPORT_CELL_VALUE, xem O_QLKD_23)"
K_QLKD_1539,DATA EXPLORER,Nhóm 72 — Báo cáo theo Thông tư 121/2020/TT-BTC (STT 72),Kỳ báo cáo,Chiều,QLKD,,,,,"Pending - chưa thiết kế nguồn (gap Atomic REPORT_CELL_VALUE, xem O_QLKD_23)"
K_QLKD_1540,DATA EXPLORER,Nhóm 72 — Báo cáo theo Thông tư 121/2020/TT-BTC (STT 72),Mã báo cáo,Chiều,QLKD,,,,,"Pending - chưa thiết kế nguồn (gap Atomic REPORT_CELL_VALUE, xem O_QLKD_23)"
K_QLKD_1541,DATA EXPLORER,Nhóm 72 — Báo cáo theo Thông tư 121/2020/TT-BTC (STT 72),Tên báo cáo,Chiều,QLKD,,,,,"Pending - chưa thiết kế nguồn (gap Atomic REPORT_CELL_VALUE, xem O_QLKD_23)"
K_QLKD_1542,DATA EXPLORER,Nhóm 72 — Báo cáo theo Thông tư 121/2020/TT-BTC (STT 72),Mã sheet,Chiều,QLKD,,,,,"Pending - chưa thiết kế nguồn (gap Atomic REPORT_CELL_VALUE, xem O_QLKD_23)"
K_QLKD_1543,DATA EXPLORER,Nhóm 72 — Báo cáo theo Thông tư 121/2020/TT-BTC (STT 72),Tên sheet,Chiều,QLKD,,,,,"Pending - chưa thiết kế nguồn (gap Atomic REPORT_CELL_VALUE, xem O_QLKD_23)"
K_QLKD_1544,DATA EXPLORER,Nhóm 72 — Báo cáo theo Thông tư 121/2020/TT-BTC (STT 72),Mã chỉ tiêu,Chiều,QLKD,,,,,"Pending - chưa thiết kế nguồn (gap Atomic REPORT_CELL_VALUE, xem O_QLKD_23)"
K_QLKD_1545,DATA EXPLORER,Nhóm 72 — Báo cáo theo Thông tư 121/2020/TT-BTC (STT 72),Tên chỉ tiêu,Chiều,QLKD,,,,,"Pending - chưa thiết kế nguồn (gap Atomic REPORT_CELL_VALUE, xem O_QLKD_23)"
K_QLKD_1546,DATA EXPLORER,Nhóm 72 — Báo cáo theo Thông tư 121/2020/TT-BTC (STT 72),Tên công ty chứng khoán,Cơ sở,QLKD,,,,,"Pending - chưa thiết kế nguồn (gap Atomic REPORT_CELL_VALUE, xem O_QLKD_23)"
K_QLKD_1547,DATA EXPLORER,Nhóm 72 — Báo cáo theo Thông tư 121/2020/TT-BTC (STT 72),Sàn giao dịch,Cơ sở,QLKD,,,,,"Pending - chưa thiết kế nguồn (gap Atomic REPORT_CELL_VALUE, xem O_QLKD_23)"
K_QLKD_1548,DATA EXPLORER,Nhóm 72 — Báo cáo theo Thông tư 121/2020/TT-BTC (STT 72),Mã chứng khoán,Cơ sở,QLKD,,,,,"Pending - chưa thiết kế nguồn (gap Atomic REPORT_CELL_VALUE, xem O_QLKD_23)"
K_QLKD_1549,DATA EXPLORER,Nhóm 72 — Báo cáo theo Thông tư 121/2020/TT-BTC (STT 72),Giấy phép hoạt động >> Số,Cơ sở,QLKD,,,,,"Pending - chưa thiết kế nguồn (gap Atomic REPORT_CELL_VALUE, xem O_QLKD_23)"
K_QLKD_1550,DATA EXPLORER,Nhóm 72 — Báo cáo theo Thông tư 121/2020/TT-BTC (STT 72),"Giấy phép hoạt động >> Ngày cấp
(Ngày/tháng/năm)",Cơ sở,QLKD,,,,,"Pending - chưa thiết kế nguồn (gap Atomic REPORT_CELL_VALUE, xem O_QLKD_23)"
K_QLKD_1551,DATA EXPLORER,Nhóm 72 — Báo cáo theo Thông tư 121/2020/TT-BTC (STT 72),Nghiệp vụ hoạt động >> Môi giới chứng khoán,Cơ sở,QLKD,,,,,"Pending - chưa thiết kế nguồn (gap Atomic REPORT_CELL_VALUE, xem O_QLKD_23)"
K_QLKD_1552,DATA EXPLORER,Nhóm 72 — Báo cáo theo Thông tư 121/2020/TT-BTC (STT 72),Nghiệp vụ hoạt động >> Tự doanh chứng khoán,Cơ sở,QLKD,,,,,"Pending - chưa thiết kế nguồn (gap Atomic REPORT_CELL_VALUE, xem O_QLKD_23)"
K_QLKD_1553,DATA EXPLORER,Nhóm 72 — Báo cáo theo Thông tư 121/2020/TT-BTC (STT 72),Nghiệp vụ hoạt động >> Bảo lãnh phát hành chứng khoán,Cơ sở,QLKD,,,,,"Pending - chưa thiết kế nguồn (gap Atomic REPORT_CELL_VALUE, xem O_QLKD_23)"
K_QLKD_1554,DATA EXPLORER,Nhóm 72 — Báo cáo theo Thông tư 121/2020/TT-BTC (STT 72),Nghiệp vụ hoạt động >> Tư vấn đầu tư chứng khoán,Cơ sở,QLKD,,,,,"Pending - chưa thiết kế nguồn (gap Atomic REPORT_CELL_VALUE, xem O_QLKD_23)"
K_QLKD_1555,DATA EXPLORER,Nhóm 72 — Báo cáo theo Thông tư 121/2020/TT-BTC (STT 72),Tư vấn đầu tư chứng khoán >> Số lượng hợp đồng,Cơ sở,QLKD,,,,,"Pending - chưa thiết kế nguồn (gap Atomic REPORT_CELL_VALUE, xem O_QLKD_23)"
K_QLKD_1556,DATA EXPLORER,Nhóm 72 — Báo cáo theo Thông tư 121/2020/TT-BTC (STT 72),Tư vấn đầu tư chứng khoán >> Số lượng hợp đồng tăng/giảm trong kỳ,Cơ sở,QLKD,,,,,"Pending - chưa thiết kế nguồn (gap Atomic REPORT_CELL_VALUE, xem O_QLKD_23)"
K_QLKD_1557,DATA EXPLORER,Nhóm 72 — Báo cáo theo Thông tư 121/2020/TT-BTC (STT 72),Tư vấn tài chính >> Số lượng hợp đồng,Cơ sở,QLKD,,,,,"Pending - chưa thiết kế nguồn (gap Atomic REPORT_CELL_VALUE, xem O_QLKD_23)"
K_QLKD_1558,DATA EXPLORER,Nhóm 72 — Báo cáo theo Thông tư 121/2020/TT-BTC (STT 72),Tư vấn tài chính >> Số lượng hợp đồng tăng/giảm trong kỳ,Cơ sở,QLKD,,,,,"Pending - chưa thiết kế nguồn (gap Atomic REPORT_CELL_VALUE, xem O_QLKD_23)"
K_QLKD_1559,DATA EXPLORER,Nhóm 72 — Báo cáo theo Thông tư 121/2020/TT-BTC (STT 72),Tư vấn tài chính >> Số loại tư vấn tài chính,Cơ sở,QLKD,,,,,"Pending - chưa thiết kế nguồn (gap Atomic REPORT_CELL_VALUE, xem O_QLKD_23)"
K_QLKD_1560,DATA EXPLORER,Nhóm 72 — Báo cáo theo Thông tư 121/2020/TT-BTC (STT 72),Dịch vụ khác >> Số lượng hợp đồng,Cơ sở,QLKD,,,,,"Pending - chưa thiết kế nguồn (gap Atomic REPORT_CELL_VALUE, xem O_QLKD_23)"
K_QLKD_1561,DATA EXPLORER,Nhóm 72 — Báo cáo theo Thông tư 121/2020/TT-BTC (STT 72),Dịch vụ khác >> Số lượng hợp đồng tăng/giảm trong kỳ,Cơ sở,QLKD,,,,,"Pending - chưa thiết kế nguồn (gap Atomic REPORT_CELL_VALUE, xem O_QLKD_23)"
K_QLKD_1562,DATA EXPLORER,Nhóm 72 — Báo cáo theo Thông tư 121/2020/TT-BTC (STT 72),Dịch vụ khác >> Số loại dịch vụ khác,Cơ sở,QLKD,,,,,"Pending - chưa thiết kế nguồn (gap Atomic REPORT_CELL_VALUE, xem O_QLKD_23)"
K_QLKD_1563,DATA EXPLORER,Nhóm 73 — Báo cáo theo Thông tư 121/2020/TT-BTC (STT 73),Loại báo cáo,Chiều,QLKD,,,,,"Pending - chưa thiết kế nguồn (gap Atomic REPORT_CELL_VALUE, xem O_QLKD_23)"
K_QLKD_1564,DATA EXPLORER,Nhóm 73 — Báo cáo theo Thông tư 121/2020/TT-BTC (STT 73),Kỳ báo cáo,Chiều,QLKD,,,,,"Pending - chưa thiết kế nguồn (gap Atomic REPORT_CELL_VALUE, xem O_QLKD_23)"
K_QLKD_1565,DATA EXPLORER,Nhóm 73 — Báo cáo theo Thông tư 121/2020/TT-BTC (STT 73),Mã báo cáo,Chiều,QLKD,,,,,"Pending - chưa thiết kế nguồn (gap Atomic REPORT_CELL_VALUE, xem O_QLKD_23)"
K_QLKD_1566,DATA EXPLORER,Nhóm 73 — Báo cáo theo Thông tư 121/2020/TT-BTC (STT 73),Tên báo cáo,Chiều,QLKD,,,,,"Pending - chưa thiết kế nguồn (gap Atomic REPORT_CELL_VALUE, xem O_QLKD_23)"
K_QLKD_1567,DATA EXPLORER,Nhóm 73 — Báo cáo theo Thông tư 121/2020/TT-BTC (STT 73),Mã sheet,Chiều,QLKD,,,,,"Pending - chưa thiết kế nguồn (gap Atomic REPORT_CELL_VALUE, xem O_QLKD_23)"
K_QLKD_1568,DATA EXPLORER,Nhóm 73 — Báo cáo theo Thông tư 121/2020/TT-BTC (STT 73),Tên sheet,Chiều,QLKD,,,,,"Pending - chưa thiết kế nguồn (gap Atomic REPORT_CELL_VALUE, xem O_QLKD_23)"
K_QLKD_1569,DATA EXPLORER,Nhóm 73 — Báo cáo theo Thông tư 121/2020/TT-BTC (STT 73),Mã chỉ tiêu,Chiều,QLKD,,,,,"Pending - chưa thiết kế nguồn (gap Atomic REPORT_CELL_VALUE, xem O_QLKD_23)"
K_QLKD_1570,DATA EXPLORER,Nhóm 73 — Báo cáo theo Thông tư 121/2020/TT-BTC (STT 73),Tên chỉ tiêu,Chiều,QLKD,,,,,"Pending - chưa thiết kế nguồn (gap Atomic REPORT_CELL_VALUE, xem O_QLKD_23)"
K_QLKD_1571,DATA EXPLORER,Nhóm 73 — Báo cáo theo Thông tư 121/2020/TT-BTC (STT 73),Tên công ty chứng khoán,Cơ sở,QLKD,,,,,"Pending - chưa thiết kế nguồn (gap Atomic REPORT_CELL_VALUE, xem O_QLKD_23)"
K_QLKD_1572,DATA EXPLORER,Nhóm 73 — Báo cáo theo Thông tư 121/2020/TT-BTC (STT 73),Sàn giao dịch,Cơ sở,QLKD,,,,,"Pending - chưa thiết kế nguồn (gap Atomic REPORT_CELL_VALUE, xem O_QLKD_23)"
K_QLKD_1573,DATA EXPLORER,Nhóm 73 — Báo cáo theo Thông tư 121/2020/TT-BTC (STT 73),Mã chứng khoán,Cơ sở,QLKD,,,,,"Pending - chưa thiết kế nguồn (gap Atomic REPORT_CELL_VALUE, xem O_QLKD_23)"
K_QLKD_1574,DATA EXPLORER,Nhóm 73 — Báo cáo theo Thông tư 121/2020/TT-BTC (STT 73),Giấy phép hoạt động >> Số,Cơ sở,QLKD,,,,,"Pending - chưa thiết kế nguồn (gap Atomic REPORT_CELL_VALUE, xem O_QLKD_23)"
K_QLKD_1575,DATA EXPLORER,Nhóm 73 — Báo cáo theo Thông tư 121/2020/TT-BTC (STT 73),Giấy phép hoạt động >> Ngày cấp,Cơ sở,QLKD,,,,,"Pending - chưa thiết kế nguồn (gap Atomic REPORT_CELL_VALUE, xem O_QLKD_23)"
K_QLKD_1576,DATA EXPLORER,Nhóm 73 — Báo cáo theo Thông tư 121/2020/TT-BTC (STT 73),Tên ngân hàng nhận tiền gửi,Cơ sở,QLKD,,,,,"Pending - chưa thiết kế nguồn (gap Atomic REPORT_CELL_VALUE, xem O_QLKD_23)"
K_QLKD_1577,DATA EXPLORER,Nhóm 73 — Báo cáo theo Thông tư 121/2020/TT-BTC (STT 73),Số tài khoản,Cơ sở,QLKD,,,,,"Pending - chưa thiết kế nguồn (gap Atomic REPORT_CELL_VALUE, xem O_QLKD_23)"
K_QLKD_1578,DATA EXPLORER,Nhóm 73 — Báo cáo theo Thông tư 121/2020/TT-BTC (STT 73),Số dư trên tài khoản (Triệu đồng),Cơ sở,QLKD,,,,,"Pending - chưa thiết kế nguồn (gap Atomic REPORT_CELL_VALUE, xem O_QLKD_23)"
K_QLKD_1579,DATA EXPLORER,Nhóm 73 — Báo cáo theo Thông tư 121/2020/TT-BTC (STT 73),Ghi chú,Cơ sở,QLKD,,,,,"Pending - chưa thiết kế nguồn (gap Atomic REPORT_CELL_VALUE, xem O_QLKD_23)"
K_QLKD_1580,DATA EXPLORER,Nhóm 74 — Báo cáo theo Thông tư 121/2020/TT-BTC (STT 74),Loại báo cáo,Chiều,QLKD,,,,,"Pending - chưa thiết kế nguồn (gap Atomic REPORT_CELL_VALUE, xem O_QLKD_23)"
K_QLKD_1581,DATA EXPLORER,Nhóm 74 — Báo cáo theo Thông tư 121/2020/TT-BTC (STT 74),Kỳ báo cáo,Chiều,QLKD,,,,,"Pending - chưa thiết kế nguồn (gap Atomic REPORT_CELL_VALUE, xem O_QLKD_23)"
K_QLKD_1582,DATA EXPLORER,Nhóm 74 — Báo cáo theo Thông tư 121/2020/TT-BTC (STT 74),Mã báo cáo,Chiều,QLKD,,,,,"Pending - chưa thiết kế nguồn (gap Atomic REPORT_CELL_VALUE, xem O_QLKD_23)"
K_QLKD_1583,DATA EXPLORER,Nhóm 74 — Báo cáo theo Thông tư 121/2020/TT-BTC (STT 74),Tên báo cáo,Chiều,QLKD,,,,,"Pending - chưa thiết kế nguồn (gap Atomic REPORT_CELL_VALUE, xem O_QLKD_23)"
K_QLKD_1584,DATA EXPLORER,Nhóm 74 — Báo cáo theo Thông tư 121/2020/TT-BTC (STT 74),Mã sheet,Chiều,QLKD,,,,,"Pending - chưa thiết kế nguồn (gap Atomic REPORT_CELL_VALUE, xem O_QLKD_23)"
K_QLKD_1585,DATA EXPLORER,Nhóm 74 — Báo cáo theo Thông tư 121/2020/TT-BTC (STT 74),Tên sheet,Chiều,QLKD,,,,,"Pending - chưa thiết kế nguồn (gap Atomic REPORT_CELL_VALUE, xem O_QLKD_23)"
K_QLKD_1586,DATA EXPLORER,Nhóm 74 — Báo cáo theo Thông tư 121/2020/TT-BTC (STT 74),Mã chỉ tiêu,Chiều,QLKD,,,,,"Pending - chưa thiết kế nguồn (gap Atomic REPORT_CELL_VALUE, xem O_QLKD_23)"
K_QLKD_1587,DATA EXPLORER,Nhóm 74 — Báo cáo theo Thông tư 121/2020/TT-BTC (STT 74),Tên chỉ tiêu,Chiều,QLKD,,,,,"Pending - chưa thiết kế nguồn (gap Atomic REPORT_CELL_VALUE, xem O_QLKD_23)"
K_QLKD_1588,DATA EXPLORER,Nhóm 74 — Báo cáo theo Thông tư 121/2020/TT-BTC (STT 74),Tên công ty chứng khoán,Cơ sở,QLKD,,,,,"Pending - chưa thiết kế nguồn (gap Atomic REPORT_CELL_VALUE, xem O_QLKD_23)"
K_QLKD_1589,DATA EXPLORER,Nhóm 74 — Báo cáo theo Thông tư 121/2020/TT-BTC (STT 74),Sàn giao dịch,Cơ sở,QLKD,,,,,"Pending - chưa thiết kế nguồn (gap Atomic REPORT_CELL_VALUE, xem O_QLKD_23)"
K_QLKD_1590,DATA EXPLORER,Nhóm 74 — Báo cáo theo Thông tư 121/2020/TT-BTC (STT 74),Mã chứng khoán,Cơ sở,QLKD,,,,,"Pending - chưa thiết kế nguồn (gap Atomic REPORT_CELL_VALUE, xem O_QLKD_23)"
K_QLKD_1591,DATA EXPLORER,Nhóm 74 — Báo cáo theo Thông tư 121/2020/TT-BTC (STT 74),Giấy phép hoạt động >> Số,Cơ sở,QLKD,,,,,"Pending - chưa thiết kế nguồn (gap Atomic REPORT_CELL_VALUE, xem O_QLKD_23)"
K_QLKD_1592,DATA EXPLORER,Nhóm 74 — Báo cáo theo Thông tư 121/2020/TT-BTC (STT 74),Giấy phép hoạt động >> Ngày cấp,Cơ sở,QLKD,,,,,"Pending - chưa thiết kế nguồn (gap Atomic REPORT_CELL_VALUE, xem O_QLKD_23)"
K_QLKD_1593,DATA EXPLORER,Nhóm 74 — Báo cáo theo Thông tư 121/2020/TT-BTC (STT 74),Số lượng ngân hàng nhận tiền gửi của 01 CTCK,Cơ sở,QLKD,,,,,"Pending - chưa thiết kế nguồn (gap Atomic REPORT_CELL_VALUE, xem O_QLKD_23)"
K_QLKD_1594,DATA EXPLORER,Nhóm 74 — Báo cáo theo Thông tư 121/2020/TT-BTC (STT 74),Số lượng tài khoản ngân hàng,Cơ sở,QLKD,,,,,"Pending - chưa thiết kế nguồn (gap Atomic REPORT_CELL_VALUE, xem O_QLKD_23)"
K_QLKD_1595,DATA EXPLORER,Nhóm 74 — Báo cáo theo Thông tư 121/2020/TT-BTC (STT 74),Số dư trên các tài khoản (Triệu đồng),Cơ sở,QLKD,,,,,"Pending - chưa thiết kế nguồn (gap Atomic REPORT_CELL_VALUE, xem O_QLKD_23)"
K_QLKD_1596,DATA EXPLORER,Nhóm 74 — Báo cáo theo Thông tư 121/2020/TT-BTC (STT 74),Ghi chú,Cơ sở,QLKD,,,,,"Pending - chưa thiết kế nguồn (gap Atomic REPORT_CELL_VALUE, xem O_QLKD_23)"
K_QLKD_1597,DATA EXPLORER,Nhóm 75 — Báo cáo theo Thông tư 121/2020/TT-BTC (STT 75),Loại báo cáo,Chiều,QLKD,,,,,"Pending - chưa thiết kế nguồn (gap Atomic REPORT_CELL_VALUE, xem O_QLKD_23)"
K_QLKD_1598,DATA EXPLORER,Nhóm 75 — Báo cáo theo Thông tư 121/2020/TT-BTC (STT 75),Kỳ báo cáo,Chiều,QLKD,,,,,"Pending - chưa thiết kế nguồn (gap Atomic REPORT_CELL_VALUE, xem O_QLKD_23)"
K_QLKD_1599,DATA EXPLORER,Nhóm 75 — Báo cáo theo Thông tư 121/2020/TT-BTC (STT 75),Mã báo cáo,Chiều,QLKD,,,,,"Pending - chưa thiết kế nguồn (gap Atomic REPORT_CELL_VALUE, xem O_QLKD_23)"
K_QLKD_1600,DATA EXPLORER,Nhóm 75 — Báo cáo theo Thông tư 121/2020/TT-BTC (STT 75),Tên báo cáo,Chiều,QLKD,,,,,"Pending - chưa thiết kế nguồn (gap Atomic REPORT_CELL_VALUE, xem O_QLKD_23)"
K_QLKD_1601,DATA EXPLORER,Nhóm 75 — Báo cáo theo Thông tư 121/2020/TT-BTC (STT 75),Mã sheet,Chiều,QLKD,,,,,"Pending - chưa thiết kế nguồn (gap Atomic REPORT_CELL_VALUE, xem O_QLKD_23)"
K_QLKD_1602,DATA EXPLORER,Nhóm 75 — Báo cáo theo Thông tư 121/2020/TT-BTC (STT 75),Tên sheet,Chiều,QLKD,,,,,"Pending - chưa thiết kế nguồn (gap Atomic REPORT_CELL_VALUE, xem O_QLKD_23)"
K_QLKD_1603,DATA EXPLORER,Nhóm 75 — Báo cáo theo Thông tư 121/2020/TT-BTC (STT 75),Mã chỉ tiêu,Chiều,QLKD,,,,,"Pending - chưa thiết kế nguồn (gap Atomic REPORT_CELL_VALUE, xem O_QLKD_23)"
K_QLKD_1604,DATA EXPLORER,Nhóm 75 — Báo cáo theo Thông tư 121/2020/TT-BTC (STT 75),Tên chỉ tiêu,Chiều,QLKD,,,,,"Pending - chưa thiết kế nguồn (gap Atomic REPORT_CELL_VALUE, xem O_QLKD_23)"
K_QLKD_1605,DATA EXPLORER,Nhóm 75 — Báo cáo theo Thông tư 121/2020/TT-BTC (STT 75),Tên ngân hàng nhận tiền gửi,Cơ sở,QLKD,,,,,"Pending - chưa thiết kế nguồn (gap Atomic REPORT_CELL_VALUE, xem O_QLKD_23)"
K_QLKD_1606,DATA EXPLORER,Nhóm 75 — Báo cáo theo Thông tư 121/2020/TT-BTC (STT 75),Số lượng công ty chứng khoán mở tài khoản,Cơ sở,QLKD,,,,,"Pending - chưa thiết kế nguồn (gap Atomic REPORT_CELL_VALUE, xem O_QLKD_23)"
K_QLKD_1607,DATA EXPLORER,Nhóm 75 — Báo cáo theo Thông tư 121/2020/TT-BTC (STT 75),Số dư trên tài khoản (đồng),Cơ sở,QLKD,,,,,"Pending - chưa thiết kế nguồn (gap Atomic REPORT_CELL_VALUE, xem O_QLKD_23)"
K_QLKD_1608,DATA EXPLORER,Nhóm 75 — Báo cáo theo Thông tư 121/2020/TT-BTC (STT 75),Ghi chú,Cơ sở,QLKD,,,,,"Pending - chưa thiết kế nguồn (gap Atomic REPORT_CELL_VALUE, xem O_QLKD_23)"
K_QLKD_1609,DATA EXPLORER,Nhóm 76 — Báo cáo theo Thông tư 121/2020/TT-BTC (STT 76),Loại báo cáo,Chiều,QLKD,,,,,"Pending - chưa thiết kế nguồn (gap Atomic REPORT_CELL_VALUE, xem O_QLKD_23)"
K_QLKD_1610,DATA EXPLORER,Nhóm 76 — Báo cáo theo Thông tư 121/2020/TT-BTC (STT 76),Kỳ báo cáo,Chiều,QLKD,,,,,"Pending - chưa thiết kế nguồn (gap Atomic REPORT_CELL_VALUE, xem O_QLKD_23)"
K_QLKD_1611,DATA EXPLORER,Nhóm 76 — Báo cáo theo Thông tư 121/2020/TT-BTC (STT 76),Mã báo cáo,Chiều,QLKD,,,,,"Pending - chưa thiết kế nguồn (gap Atomic REPORT_CELL_VALUE, xem O_QLKD_23)"
K_QLKD_1612,DATA EXPLORER,Nhóm 76 — Báo cáo theo Thông tư 121/2020/TT-BTC (STT 76),Tên báo cáo,Chiều,QLKD,,,,,"Pending - chưa thiết kế nguồn (gap Atomic REPORT_CELL_VALUE, xem O_QLKD_23)"
K_QLKD_1613,DATA EXPLORER,Nhóm 76 — Báo cáo theo Thông tư 121/2020/TT-BTC (STT 76),Mã sheet,Chiều,QLKD,,,,,"Pending - chưa thiết kế nguồn (gap Atomic REPORT_CELL_VALUE, xem O_QLKD_23)"
K_QLKD_1614,DATA EXPLORER,Nhóm 76 — Báo cáo theo Thông tư 121/2020/TT-BTC (STT 76),Tên sheet,Chiều,QLKD,,,,,"Pending - chưa thiết kế nguồn (gap Atomic REPORT_CELL_VALUE, xem O_QLKD_23)"
K_QLKD_1615,DATA EXPLORER,Nhóm 76 — Báo cáo theo Thông tư 121/2020/TT-BTC (STT 76),Mã chỉ tiêu,Chiều,QLKD,,,,,"Pending - chưa thiết kế nguồn (gap Atomic REPORT_CELL_VALUE, xem O_QLKD_23)"
K_QLKD_1616,DATA EXPLORER,Nhóm 76 — Báo cáo theo Thông tư 121/2020/TT-BTC (STT 76),Tên chỉ tiêu,Chiều,QLKD,,,,,"Pending - chưa thiết kế nguồn (gap Atomic REPORT_CELL_VALUE, xem O_QLKD_23)"
K_QLKD_1617,DATA EXPLORER,Nhóm 76 — Báo cáo theo Thông tư 121/2020/TT-BTC (STT 76),Tên công ty chứng khoán,Cơ sở,QLKD,,,,,"Pending - chưa thiết kế nguồn (gap Atomic REPORT_CELL_VALUE, xem O_QLKD_23)"
K_QLKD_1618,DATA EXPLORER,Nhóm 76 — Báo cáo theo Thông tư 121/2020/TT-BTC (STT 76),Sàn giao dịch,Cơ sở,QLKD,,,,,"Pending - chưa thiết kế nguồn (gap Atomic REPORT_CELL_VALUE, xem O_QLKD_23)"
K_QLKD_1619,DATA EXPLORER,Nhóm 76 — Báo cáo theo Thông tư 121/2020/TT-BTC (STT 76),Mã chứng khoán,Cơ sở,QLKD,,,,,"Pending - chưa thiết kế nguồn (gap Atomic REPORT_CELL_VALUE, xem O_QLKD_23)"
K_QLKD_1620,DATA EXPLORER,Nhóm 76 — Báo cáo theo Thông tư 121/2020/TT-BTC (STT 76),Giấy phép hoạt động >> Số,Cơ sở,QLKD,,,,,"Pending - chưa thiết kế nguồn (gap Atomic REPORT_CELL_VALUE, xem O_QLKD_23)"
K_QLKD_1621,DATA EXPLORER,Nhóm 76 — Báo cáo theo Thông tư 121/2020/TT-BTC (STT 76),Giấy phép hoạt động >> Ngày cấp,Cơ sở,QLKD,,,,,"Pending - chưa thiết kế nguồn (gap Atomic REPORT_CELL_VALUE, xem O_QLKD_23)"
K_QLKD_1622,DATA EXPLORER,Nhóm 76 — Báo cáo theo Thông tư 121/2020/TT-BTC (STT 76),Vốn chủ sở hữu (triệu đồng),Cơ sở,QLKD,,,,,"Pending - chưa thiết kế nguồn (gap Atomic REPORT_CELL_VALUE, xem O_QLKD_23)"
K_QLKD_1623,DATA EXPLORER,Nhóm 76 — Báo cáo theo Thông tư 121/2020/TT-BTC (STT 76),Số lượng tài khoản giao dịch ký quỹ,Cơ sở,QLKD,,,,,"Pending - chưa thiết kế nguồn (gap Atomic REPORT_CELL_VALUE, xem O_QLKD_23)"
K_QLKD_1624,DATA EXPLORER,Nhóm 76 — Báo cáo theo Thông tư 121/2020/TT-BTC (STT 76),Giá trị chứng khoán ký quỹ (triệu đồng),Cơ sở,QLKD,,,,,"Pending - chưa thiết kế nguồn (gap Atomic REPORT_CELL_VALUE, xem O_QLKD_23)"
K_QLKD_1625,DATA EXPLORER,Nhóm 76 — Báo cáo theo Thông tư 121/2020/TT-BTC (STT 76),Nguồn vốn tài trợ giao dịch ký quỹ (triệu đồng) >> Vốn chủ sở hữu,Cơ sở,QLKD,,,,,"Pending - chưa thiết kế nguồn (gap Atomic REPORT_CELL_VALUE, xem O_QLKD_23)"
K_QLKD_1626,DATA EXPLORER,Nhóm 76 — Báo cáo theo Thông tư 121/2020/TT-BTC (STT 76),Nguồn vốn tài trợ giao dịch ký quỹ (triệu đồng) >> Vốn tay từ tổ chức tín dụng,Cơ sở,QLKD,,,,,"Pending - chưa thiết kế nguồn (gap Atomic REPORT_CELL_VALUE, xem O_QLKD_23)"
K_QLKD_1627,DATA EXPLORER,Nhóm 76 — Báo cáo theo Thông tư 121/2020/TT-BTC (STT 76),Nguồn vốn tài trợ giao dịch ký quỹ (triệu đồng) >> Vốn vay từ nguồn khác,Cơ sở,QLKD,,,,,"Pending - chưa thiết kế nguồn (gap Atomic REPORT_CELL_VALUE, xem O_QLKD_23)"
K_QLKD_1628,DATA EXPLORER,Nhóm 76 — Báo cáo theo Thông tư 121/2020/TT-BTC (STT 76),Giá trị Thu từ hoạt động ký quỹ (triệu đồng),Cơ sở,QLKD,,,,,"Pending - chưa thiết kế nguồn (gap Atomic REPORT_CELL_VALUE, xem O_QLKD_23)"
K_QLKD_1629,DATA EXPLORER,Nhóm 76 — Báo cáo theo Thông tư 121/2020/TT-BTC (STT 76),HSX >> Dư nợ cho vay ký quỹ,Cơ sở,QLKD,,,,,"Pending - chưa thiết kế nguồn (gap Atomic REPORT_CELL_VALUE, xem O_QLKD_23)"
K_QLKD_1630,DATA EXPLORER,Nhóm 76 — Báo cáo theo Thông tư 121/2020/TT-BTC (STT 76),HSX >> Khối lượng chứng khoán cầm cố,Cơ sở,QLKD,,,,,"Pending - chưa thiết kế nguồn (gap Atomic REPORT_CELL_VALUE, xem O_QLKD_23)"
K_QLKD_1631,DATA EXPLORER,Nhóm 76 — Báo cáo theo Thông tư 121/2020/TT-BTC (STT 76),HNX >> Dư nợ cho vay ký quỹ,Cơ sở,QLKD,,,,,"Pending - chưa thiết kế nguồn (gap Atomic REPORT_CELL_VALUE, xem O_QLKD_23)"
K_QLKD_1632,DATA EXPLORER,Nhóm 76 — Báo cáo theo Thông tư 121/2020/TT-BTC (STT 76),HNX >> Khối lượng chứng khoán cầm cố,Cơ sở,QLKD,,,,,"Pending - chưa thiết kế nguồn (gap Atomic REPORT_CELL_VALUE, xem O_QLKD_23)"
K_QLKD_1633,DATA EXPLORER,Nhóm 76 — Báo cáo theo Thông tư 121/2020/TT-BTC (STT 76),Tổng cộng 2 sàn >> Dư nợ cho vay ký quỹ,Cơ sở,QLKD,,,,,"Pending - chưa thiết kế nguồn (gap Atomic REPORT_CELL_VALUE, xem O_QLKD_23)"
K_QLKD_1634,DATA EXPLORER,Nhóm 76 — Báo cáo theo Thông tư 121/2020/TT-BTC (STT 76),Tổng cộng 2 sàn >> Khối lượng chứng khoán cầm cố,Cơ sở,QLKD,,,,,"Pending - chưa thiết kế nguồn (gap Atomic REPORT_CELL_VALUE, xem O_QLKD_23)"
K_QLKD_1635,DATA EXPLORER,Nhóm 77 — Báo cáo theo Thông tư 121/2020/TT-BTC (STT 77),Loại báo cáo,Chiều,QLKD,,,,,"Pending - chưa thiết kế nguồn (gap Atomic REPORT_CELL_VALUE, xem O_QLKD_23)"
K_QLKD_1636,DATA EXPLORER,Nhóm 77 — Báo cáo theo Thông tư 121/2020/TT-BTC (STT 77),Kỳ báo cáo,Chiều,QLKD,,,,,"Pending - chưa thiết kế nguồn (gap Atomic REPORT_CELL_VALUE, xem O_QLKD_23)"
K_QLKD_1637,DATA EXPLORER,Nhóm 77 — Báo cáo theo Thông tư 121/2020/TT-BTC (STT 77),Mã báo cáo,Chiều,QLKD,,,,,"Pending - chưa thiết kế nguồn (gap Atomic REPORT_CELL_VALUE, xem O_QLKD_23)"
K_QLKD_1638,DATA EXPLORER,Nhóm 77 — Báo cáo theo Thông tư 121/2020/TT-BTC (STT 77),Tên báo cáo,Chiều,QLKD,,,,,"Pending - chưa thiết kế nguồn (gap Atomic REPORT_CELL_VALUE, xem O_QLKD_23)"
K_QLKD_1639,DATA EXPLORER,Nhóm 77 — Báo cáo theo Thông tư 121/2020/TT-BTC (STT 77),Mã sheet,Chiều,QLKD,,,,,"Pending - chưa thiết kế nguồn (gap Atomic REPORT_CELL_VALUE, xem O_QLKD_23)"
K_QLKD_1640,DATA EXPLORER,Nhóm 77 — Báo cáo theo Thông tư 121/2020/TT-BTC (STT 77),Tên sheet,Chiều,QLKD,,,,,"Pending - chưa thiết kế nguồn (gap Atomic REPORT_CELL_VALUE, xem O_QLKD_23)"
K_QLKD_1641,DATA EXPLORER,Nhóm 77 — Báo cáo theo Thông tư 121/2020/TT-BTC (STT 77),Mã chỉ tiêu,Chiều,QLKD,,,,,"Pending - chưa thiết kế nguồn (gap Atomic REPORT_CELL_VALUE, xem O_QLKD_23)"
K_QLKD_1642,DATA EXPLORER,Nhóm 77 — Báo cáo theo Thông tư 121/2020/TT-BTC (STT 77),Tên chỉ tiêu,Chiều,QLKD,,,,,"Pending - chưa thiết kế nguồn (gap Atomic REPORT_CELL_VALUE, xem O_QLKD_23)"
K_QLKD_1643,DATA EXPLORER,Nhóm 77 — Báo cáo theo Thông tư 121/2020/TT-BTC (STT 77),Tên công ty chứng khoán,Cơ sở,QLKD,,,,,"Pending - chưa thiết kế nguồn (gap Atomic REPORT_CELL_VALUE, xem O_QLKD_23)"
K_QLKD_1644,DATA EXPLORER,Nhóm 77 — Báo cáo theo Thông tư 121/2020/TT-BTC (STT 77),Sàn giao dịch,Cơ sở,QLKD,,,,,"Pending - chưa thiết kế nguồn (gap Atomic REPORT_CELL_VALUE, xem O_QLKD_23)"
K_QLKD_1645,DATA EXPLORER,Nhóm 77 — Báo cáo theo Thông tư 121/2020/TT-BTC (STT 77),Mã chứng khoán,Cơ sở,QLKD,,,,,"Pending - chưa thiết kế nguồn (gap Atomic REPORT_CELL_VALUE, xem O_QLKD_23)"
K_QLKD_1646,DATA EXPLORER,Nhóm 77 — Báo cáo theo Thông tư 121/2020/TT-BTC (STT 77),Giấy phép hoạt động >> Số,Cơ sở,QLKD,,,,,"Pending - chưa thiết kế nguồn (gap Atomic REPORT_CELL_VALUE, xem O_QLKD_23)"
K_QLKD_1647,DATA EXPLORER,Nhóm 77 — Báo cáo theo Thông tư 121/2020/TT-BTC (STT 77),Giấy phép hoạt động >> Ngày cấp,Cơ sở,QLKD,,,,,"Pending - chưa thiết kế nguồn (gap Atomic REPORT_CELL_VALUE, xem O_QLKD_23)"
K_QLKD_1648,DATA EXPLORER,Nhóm 77 — Báo cáo theo Thông tư 121/2020/TT-BTC (STT 77),Vốn chủ sở hữu (triệu đồng),Cơ sở,QLKD,,,,,"Pending - chưa thiết kế nguồn (gap Atomic REPORT_CELL_VALUE, xem O_QLKD_23)"
K_QLKD_1649,DATA EXPLORER,Nhóm 77 — Báo cáo theo Thông tư 121/2020/TT-BTC (STT 77),HSX >> Mã chứng khoán,Cơ sở,QLKD,,,,,"Pending - chưa thiết kế nguồn (gap Atomic REPORT_CELL_VALUE, xem O_QLKD_23)"
K_QLKD_1650,DATA EXPLORER,Nhóm 77 — Báo cáo theo Thông tư 121/2020/TT-BTC (STT 77),HSX >> Khối lượng cầm cố,Cơ sở,QLKD,,,,,"Pending - chưa thiết kế nguồn (gap Atomic REPORT_CELL_VALUE, xem O_QLKD_23)"
K_QLKD_1651,DATA EXPLORER,Nhóm 77 — Báo cáo theo Thông tư 121/2020/TT-BTC (STT 77),HSX >> Dư nợ cho vay (triệu đồng),Cơ sở,QLKD,,,,,"Pending - chưa thiết kế nguồn (gap Atomic REPORT_CELL_VALUE, xem O_QLKD_23)"
K_QLKD_1652,DATA EXPLORER,Nhóm 77 — Báo cáo theo Thông tư 121/2020/TT-BTC (STT 77),HNX >> Mã chứng khoán,Cơ sở,QLKD,,,,,"Pending - chưa thiết kế nguồn (gap Atomic REPORT_CELL_VALUE, xem O_QLKD_23)"
K_QLKD_1653,DATA EXPLORER,Nhóm 77 — Báo cáo theo Thông tư 121/2020/TT-BTC (STT 77),HNX >> Khối lượng cầm cố,Cơ sở,QLKD,,,,,"Pending - chưa thiết kế nguồn (gap Atomic REPORT_CELL_VALUE, xem O_QLKD_23)"
K_QLKD_1654,DATA EXPLORER,Nhóm 77 — Báo cáo theo Thông tư 121/2020/TT-BTC (STT 77),HNX >> Dư nợ cho vay (triệu đồng),Cơ sở,QLKD,,,,,"Pending - chưa thiết kế nguồn (gap Atomic REPORT_CELL_VALUE, xem O_QLKD_23)"
K_QLKD_1655,DATA EXPLORER,Nhóm 78 — Báo cáo theo Thông tư 121/2020/TT-BTC (STT 78),Loại báo cáo,Chiều,QLKD,,,,,"Pending - chưa thiết kế nguồn (gap Atomic REPORT_CELL_VALUE, xem O_QLKD_23)"
K_QLKD_1656,DATA EXPLORER,Nhóm 78 — Báo cáo theo Thông tư 121/2020/TT-BTC (STT 78),Kỳ báo cáo,Chiều,QLKD,,,,,"Pending - chưa thiết kế nguồn (gap Atomic REPORT_CELL_VALUE, xem O_QLKD_23)"
K_QLKD_1657,DATA EXPLORER,Nhóm 78 — Báo cáo theo Thông tư 121/2020/TT-BTC (STT 78),Mã báo cáo,Chiều,QLKD,,,,,"Pending - chưa thiết kế nguồn (gap Atomic REPORT_CELL_VALUE, xem O_QLKD_23)"
K_QLKD_1658,DATA EXPLORER,Nhóm 78 — Báo cáo theo Thông tư 121/2020/TT-BTC (STT 78),Tên báo cáo,Chiều,QLKD,,,,,"Pending - chưa thiết kế nguồn (gap Atomic REPORT_CELL_VALUE, xem O_QLKD_23)"
K_QLKD_1659,DATA EXPLORER,Nhóm 78 — Báo cáo theo Thông tư 121/2020/TT-BTC (STT 78),Mã sheet,Chiều,QLKD,,,,,"Pending - chưa thiết kế nguồn (gap Atomic REPORT_CELL_VALUE, xem O_QLKD_23)"
K_QLKD_1660,DATA EXPLORER,Nhóm 78 — Báo cáo theo Thông tư 121/2020/TT-BTC (STT 78),Tên sheet,Chiều,QLKD,,,,,"Pending - chưa thiết kế nguồn (gap Atomic REPORT_CELL_VALUE, xem O_QLKD_23)"
K_QLKD_1661,DATA EXPLORER,Nhóm 78 — Báo cáo theo Thông tư 121/2020/TT-BTC (STT 78),Mã chỉ tiêu,Chiều,QLKD,,,,,"Pending - chưa thiết kế nguồn (gap Atomic REPORT_CELL_VALUE, xem O_QLKD_23)"
K_QLKD_1662,DATA EXPLORER,Nhóm 78 — Báo cáo theo Thông tư 121/2020/TT-BTC (STT 78),Tên chỉ tiêu,Chiều,QLKD,,,,,"Pending - chưa thiết kế nguồn (gap Atomic REPORT_CELL_VALUE, xem O_QLKD_23)"
K_QLKD_1663,DATA EXPLORER,Nhóm 78 — Báo cáo theo Thông tư 121/2020/TT-BTC (STT 78),Tên công ty chứng khoán,Cơ sở,QLKD,,,,,"Pending - chưa thiết kế nguồn (gap Atomic REPORT_CELL_VALUE, xem O_QLKD_23)"
K_QLKD_1664,DATA EXPLORER,Nhóm 78 — Báo cáo theo Thông tư 121/2020/TT-BTC (STT 78),Sàn giao dịch,Cơ sở,QLKD,,,,,"Pending - chưa thiết kế nguồn (gap Atomic REPORT_CELL_VALUE, xem O_QLKD_23)"
K_QLKD_1665,DATA EXPLORER,Nhóm 78 — Báo cáo theo Thông tư 121/2020/TT-BTC (STT 78),Mã chứng khoán,Cơ sở,QLKD,,,,,"Pending - chưa thiết kế nguồn (gap Atomic REPORT_CELL_VALUE, xem O_QLKD_23)"
K_QLKD_1666,DATA EXPLORER,Nhóm 78 — Báo cáo theo Thông tư 121/2020/TT-BTC (STT 78),Giấy phép hoạt động >> Số,Cơ sở,QLKD,,,,,"Pending - chưa thiết kế nguồn (gap Atomic REPORT_CELL_VALUE, xem O_QLKD_23)"
K_QLKD_1667,DATA EXPLORER,Nhóm 78 — Báo cáo theo Thông tư 121/2020/TT-BTC (STT 78),Giấy phép hoạt động >> Ngày cấp,Cơ sở,QLKD,,,,,"Pending - chưa thiết kế nguồn (gap Atomic REPORT_CELL_VALUE, xem O_QLKD_23)"
K_QLKD_1668,DATA EXPLORER,Nhóm 78 — Báo cáo theo Thông tư 121/2020/TT-BTC (STT 78),Nhà đầu tư >> Giao dịch cổ phiếu của nhà đầu tư trong nước >> Tổng mua >> Trong kỳ >> HNX,Cơ sở,QLKD,,,,,"Pending - chưa thiết kế nguồn (gap Atomic REPORT_CELL_VALUE, xem O_QLKD_23)"
K_QLKD_1669,DATA EXPLORER,Nhóm 78 — Báo cáo theo Thông tư 121/2020/TT-BTC (STT 78),Nhà đầu tư >> Giao dịch cổ phiếu của nhà đầu tư trong nước >> Tổng mua >> Trong kỳ >> HSX,Cơ sở,QLKD,,,,,"Pending - chưa thiết kế nguồn (gap Atomic REPORT_CELL_VALUE, xem O_QLKD_23)"
K_QLKD_1670,DATA EXPLORER,Nhóm 78 — Báo cáo theo Thông tư 121/2020/TT-BTC (STT 78),Nhà đầu tư >> Giao dịch cổ phiếu của nhà đầu tư trong nước >> Tổng mua >> Lũy kế đầu năm >> HNX,Cơ sở,QLKD,,,,,"Pending - chưa thiết kế nguồn (gap Atomic REPORT_CELL_VALUE, xem O_QLKD_23)"
K_QLKD_1671,DATA EXPLORER,Nhóm 78 — Báo cáo theo Thông tư 121/2020/TT-BTC (STT 78),Nhà đầu tư >> Giao dịch cổ phiếu của nhà đầu tư trong nước >> Tổng mua >> Lũy kế đầu năm >> HSX,Cơ sở,QLKD,,,,,"Pending - chưa thiết kế nguồn (gap Atomic REPORT_CELL_VALUE, xem O_QLKD_23)"
K_QLKD_1672,DATA EXPLORER,Nhóm 78 — Báo cáo theo Thông tư 121/2020/TT-BTC (STT 78),Nhà đầu tư >> Giao dịch cổ phiếu của nhà đầu tư trong nước >> Tổng bán >> Trong kỳ >> HNX,Cơ sở,QLKD,,,,,"Pending - chưa thiết kế nguồn (gap Atomic REPORT_CELL_VALUE, xem O_QLKD_23)"
K_QLKD_1673,DATA EXPLORER,Nhóm 78 — Báo cáo theo Thông tư 121/2020/TT-BTC (STT 78),Nhà đầu tư >> Giao dịch cổ phiếu của nhà đầu tư trong nước >> Tổng bán >> Trong kỳ >> HSX,Cơ sở,QLKD,,,,,"Pending - chưa thiết kế nguồn (gap Atomic REPORT_CELL_VALUE, xem O_QLKD_23)"
K_QLKD_1674,DATA EXPLORER,Nhóm 78 — Báo cáo theo Thông tư 121/2020/TT-BTC (STT 78),Nhà đầu tư >> Giao dịch cổ phiếu của nhà đầu tư trong nước >> Tổng bán >> Lũy kế đầu năm >> HNX,Cơ sở,QLKD,,,,,"Pending - chưa thiết kế nguồn (gap Atomic REPORT_CELL_VALUE, xem O_QLKD_23)"
K_QLKD_1675,DATA EXPLORER,Nhóm 78 — Báo cáo theo Thông tư 121/2020/TT-BTC (STT 78),Nhà đầu tư >> Giao dịch cổ phiếu của nhà đầu tư trong nước >> Tổng bán >> Lũy kế đầu năm >> HSX,Cơ sở,QLKD,,,,,"Pending - chưa thiết kế nguồn (gap Atomic REPORT_CELL_VALUE, xem O_QLKD_23)"
K_QLKD_1676,DATA EXPLORER,Nhóm 78 — Báo cáo theo Thông tư 121/2020/TT-BTC (STT 78),Nhà đầu tư >> Giao dịch cổ phiếu của nhà đầu tư trong nước >> Tổng mua và bán >> Trong kỳ >> HNX,Cơ sở,QLKD,,,,,"Pending - chưa thiết kế nguồn (gap Atomic REPORT_CELL_VALUE, xem O_QLKD_23)"
K_QLKD_1677,DATA EXPLORER,Nhóm 78 — Báo cáo theo Thông tư 121/2020/TT-BTC (STT 78),Nhà đầu tư >> Giao dịch cổ phiếu của nhà đầu tư trong nước >> Tổng mua và bán >> Trong kỳ >> HSX,Cơ sở,QLKD,,,,,"Pending - chưa thiết kế nguồn (gap Atomic REPORT_CELL_VALUE, xem O_QLKD_23)"
K_QLKD_1678,DATA EXPLORER,Nhóm 78 — Báo cáo theo Thông tư 121/2020/TT-BTC (STT 78),Nhà đầu tư >> Giao dịch cổ phiếu của nhà đầu tư trong nước >> Tổng mua và bán >> Lũy kế đầu năm >> HNX,Cơ sở,QLKD,,,,,"Pending - chưa thiết kế nguồn (gap Atomic REPORT_CELL_VALUE, xem O_QLKD_23)"
K_QLKD_1679,DATA EXPLORER,Nhóm 78 — Báo cáo theo Thông tư 121/2020/TT-BTC (STT 78),Nhà đầu tư >> Giao dịch cổ phiếu của nhà đầu tư trong nước >> Tổng mua và bán >> Lũy kế đầu năm >> HSX,Cơ sở,QLKD,,,,,"Pending - chưa thiết kế nguồn (gap Atomic REPORT_CELL_VALUE, xem O_QLKD_23)"
K_QLKD_1680,DATA EXPLORER,Nhóm 78 — Báo cáo theo Thông tư 121/2020/TT-BTC (STT 78),Nhà đầu tư >> Giao dịch cổ phiếu của nhà đầu tư nước ngoài >> Tổng mua >> Trong kỳ >> HNX,Cơ sở,QLKD,,,,,"Pending - chưa thiết kế nguồn (gap Atomic REPORT_CELL_VALUE, xem O_QLKD_23)"
K_QLKD_1681,DATA EXPLORER,Nhóm 78 — Báo cáo theo Thông tư 121/2020/TT-BTC (STT 78),Nhà đầu tư >> Giao dịch cổ phiếu của nhà đầu tư nước ngoài >> Tổng mua >> Trong kỳ >> HSX,Cơ sở,QLKD,,,,,"Pending - chưa thiết kế nguồn (gap Atomic REPORT_CELL_VALUE, xem O_QLKD_23)"
K_QLKD_1682,DATA EXPLORER,Nhóm 78 — Báo cáo theo Thông tư 121/2020/TT-BTC (STT 78),Nhà đầu tư >> Giao dịch cổ phiếu của nhà đầu tư nước ngoài >> Tổng mua >> Lũy kế đầu năm >> HNX,Cơ sở,QLKD,,,,,"Pending - chưa thiết kế nguồn (gap Atomic REPORT_CELL_VALUE, xem O_QLKD_23)"
K_QLKD_1683,DATA EXPLORER,Nhóm 78 — Báo cáo theo Thông tư 121/2020/TT-BTC (STT 78),Nhà đầu tư >> Giao dịch cổ phiếu của nhà đầu tư nước ngoài >> Tổng mua >> Lũy kế đầu năm >> HSX,Cơ sở,QLKD,,,,,"Pending - chưa thiết kế nguồn (gap Atomic REPORT_CELL_VALUE, xem O_QLKD_23)"
K_QLKD_1684,DATA EXPLORER,Nhóm 78 — Báo cáo theo Thông tư 121/2020/TT-BTC (STT 78),Nhà đầu tư >> Giao dịch cổ phiếu của nhà đầu tư nước ngoài >> Tổng bán >> Trong kỳ >> HNX,Cơ sở,QLKD,,,,,"Pending - chưa thiết kế nguồn (gap Atomic REPORT_CELL_VALUE, xem O_QLKD_23)"
K_QLKD_1685,DATA EXPLORER,Nhóm 78 — Báo cáo theo Thông tư 121/2020/TT-BTC (STT 78),Nhà đầu tư >> Giao dịch cổ phiếu của nhà đầu tư nước ngoài >> Tổng bán >> Trong kỳ >> HSX,Cơ sở,QLKD,,,,,"Pending - chưa thiết kế nguồn (gap Atomic REPORT_CELL_VALUE, xem O_QLKD_23)"
K_QLKD_1686,DATA EXPLORER,Nhóm 78 — Báo cáo theo Thông tư 121/2020/TT-BTC (STT 78),Nhà đầu tư >> Giao dịch cổ phiếu của nhà đầu tư nước ngoài >> Tổng bán >> Lũy kế đầu năm >> HNX,Cơ sở,QLKD,,,,,"Pending - chưa thiết kế nguồn (gap Atomic REPORT_CELL_VALUE, xem O_QLKD_23)"
K_QLKD_1687,DATA EXPLORER,Nhóm 78 — Báo cáo theo Thông tư 121/2020/TT-BTC (STT 78),Nhà đầu tư >> Giao dịch cổ phiếu của nhà đầu tư nước ngoài >> Tổng bán >> Lũy kế đầu năm >> HSX,Cơ sở,QLKD,,,,,"Pending - chưa thiết kế nguồn (gap Atomic REPORT_CELL_VALUE, xem O_QLKD_23)"
K_QLKD_1688,DATA EXPLORER,Nhóm 78 — Báo cáo theo Thông tư 121/2020/TT-BTC (STT 78),Nhà đầu tư >> Giao dịch cổ phiếu của nhà đầu tư nước ngoài >> Tổng mua và bán >> Trong kỳ >> HNX,Cơ sở,QLKD,,,,,"Pending - chưa thiết kế nguồn (gap Atomic REPORT_CELL_VALUE, xem O_QLKD_23)"
K_QLKD_1689,DATA EXPLORER,Nhóm 78 — Báo cáo theo Thông tư 121/2020/TT-BTC (STT 78),Nhà đầu tư >> Giao dịch cổ phiếu của nhà đầu tư nước ngoài >> Tổng mua và bán >> Trong kỳ >> HSX,Cơ sở,QLKD,,,,,"Pending - chưa thiết kế nguồn (gap Atomic REPORT_CELL_VALUE, xem O_QLKD_23)"
K_QLKD_1690,DATA EXPLORER,Nhóm 78 — Báo cáo theo Thông tư 121/2020/TT-BTC (STT 78),Nhà đầu tư >> Giao dịch cổ phiếu của nhà đầu tư nước ngoài >> Tổng mua và bán >> Lũy kế đầu năm >> HNX,Cơ sở,QLKD,,,,,"Pending - chưa thiết kế nguồn (gap Atomic REPORT_CELL_VALUE, xem O_QLKD_23)"
K_QLKD_1691,DATA EXPLORER,Nhóm 78 — Báo cáo theo Thông tư 121/2020/TT-BTC (STT 78),Nhà đầu tư >> Giao dịch cổ phiếu của nhà đầu tư nước ngoài >> Tổng mua và bán >> Lũy kế đầu năm >> HSX,Cơ sở,QLKD,,,,,"Pending - chưa thiết kế nguồn (gap Atomic REPORT_CELL_VALUE, xem O_QLKD_23)"
K_QLKD_1692,DATA EXPLORER,Nhóm 78 — Báo cáo theo Thông tư 121/2020/TT-BTC (STT 78),Nhà đầu tư >> Giao dịch chứng chỉ quỹ của nhà đầu tư trong nước >> Tổng mua >> Trong kỳ >> HNX,Cơ sở,QLKD,,,,,"Pending - chưa thiết kế nguồn (gap Atomic REPORT_CELL_VALUE, xem O_QLKD_23)"
K_QLKD_1693,DATA EXPLORER,Nhóm 78 — Báo cáo theo Thông tư 121/2020/TT-BTC (STT 78),Nhà đầu tư >> Giao dịch chứng chỉ quỹ của nhà đầu tư trong nước >> Tổng mua >> Trong kỳ >> HSX,Cơ sở,QLKD,,,,,"Pending - chưa thiết kế nguồn (gap Atomic REPORT_CELL_VALUE, xem O_QLKD_23)"
K_QLKD_1694,DATA EXPLORER,Nhóm 78 — Báo cáo theo Thông tư 121/2020/TT-BTC (STT 78),Nhà đầu tư >> Giao dịch chứng chỉ quỹ của nhà đầu tư trong nước >> Tổng mua >> Lũy kế đầu năm >> HNX,Cơ sở,QLKD,,,,,"Pending - chưa thiết kế nguồn (gap Atomic REPORT_CELL_VALUE, xem O_QLKD_23)"
K_QLKD_1695,DATA EXPLORER,Nhóm 78 — Báo cáo theo Thông tư 121/2020/TT-BTC (STT 78),Nhà đầu tư >> Giao dịch chứng chỉ quỹ của nhà đầu tư trong nước >> Tổng mua >> Lũy kế đầu năm >> HSX,Cơ sở,QLKD,,,,,"Pending - chưa thiết kế nguồn (gap Atomic REPORT_CELL_VALUE, xem O_QLKD_23)"
K_QLKD_1696,DATA EXPLORER,Nhóm 78 — Báo cáo theo Thông tư 121/2020/TT-BTC (STT 78),Nhà đầu tư >> Giao dịch chứng chỉ quỹ của nhà đầu tư trong nước >> Tổng bán >> Trong kỳ >> HNX,Cơ sở,QLKD,,,,,"Pending - chưa thiết kế nguồn (gap Atomic REPORT_CELL_VALUE, xem O_QLKD_23)"
K_QLKD_1697,DATA EXPLORER,Nhóm 78 — Báo cáo theo Thông tư 121/2020/TT-BTC (STT 78),Nhà đầu tư >> Giao dịch chứng chỉ quỹ của nhà đầu tư trong nước >> Tổng bán >> Trong kỳ >> HSX,Cơ sở,QLKD,,,,,"Pending - chưa thiết kế nguồn (gap Atomic REPORT_CELL_VALUE, xem O_QLKD_23)"
K_QLKD_1698,DATA EXPLORER,Nhóm 78 — Báo cáo theo Thông tư 121/2020/TT-BTC (STT 78),Nhà đầu tư >> Giao dịch chứng chỉ quỹ của nhà đầu tư trong nước >> Tổng bán >> Lũy kế đầu năm >> HNX,Cơ sở,QLKD,,,,,"Pending - chưa thiết kế nguồn (gap Atomic REPORT_CELL_VALUE, xem O_QLKD_23)"
K_QLKD_1699,DATA EXPLORER,Nhóm 78 — Báo cáo theo Thông tư 121/2020/TT-BTC (STT 78),Nhà đầu tư >> Giao dịch chứng chỉ quỹ của nhà đầu tư trong nước >> Tổng bán >> Lũy kế đầu năm >> HSX,Cơ sở,QLKD,,,,,"Pending - chưa thiết kế nguồn (gap Atomic REPORT_CELL_VALUE, xem O_QLKD_23)"
K_QLKD_1700,DATA EXPLORER,Nhóm 78 — Báo cáo theo Thông tư 121/2020/TT-BTC (STT 78),Nhà đầu tư >> Giao dịch chứng chỉ quỹ của nhà đầu tư trong nước >> Tổng mua và bán >> Trong kỳ >> HNX,Cơ sở,QLKD,,,,,"Pending - chưa thiết kế nguồn (gap Atomic REPORT_CELL_VALUE, xem O_QLKD_23)"
K_QLKD_1701,DATA EXPLORER,Nhóm 78 — Báo cáo theo Thông tư 121/2020/TT-BTC (STT 78),Nhà đầu tư >> Giao dịch chứng chỉ quỹ của nhà đầu tư trong nước >> Tổng mua và bán >> Trong kỳ >> HSX,Cơ sở,QLKD,,,,,"Pending - chưa thiết kế nguồn (gap Atomic REPORT_CELL_VALUE, xem O_QLKD_23)"
K_QLKD_1702,DATA EXPLORER,Nhóm 78 — Báo cáo theo Thông tư 121/2020/TT-BTC (STT 78),Nhà đầu tư >> Giao dịch chứng chỉ quỹ của nhà đầu tư trong nước >> Tổng mua và bán >> Lũy kế đầu năm >> HNX,Cơ sở,QLKD,,,,,"Pending - chưa thiết kế nguồn (gap Atomic REPORT_CELL_VALUE, xem O_QLKD_23)"
K_QLKD_1703,DATA EXPLORER,Nhóm 78 — Báo cáo theo Thông tư 121/2020/TT-BTC (STT 78),Nhà đầu tư >> Giao dịch chứng chỉ quỹ của nhà đầu tư trong nước >> Tổng mua và bán >> Lũy kế đầu năm >> HSX,Cơ sở,QLKD,,,,,"Pending - chưa thiết kế nguồn (gap Atomic REPORT_CELL_VALUE, xem O_QLKD_23)"
K_QLKD_1704,DATA EXPLORER,Nhóm 78 — Báo cáo theo Thông tư 121/2020/TT-BTC (STT 78),Nhà đầu tư >> Giao dịch chứng chỉ quỹ của nhà đầu tư nước ngoài >> Tổng mua >> Trong kỳ >> HNX,Cơ sở,QLKD,,,,,"Pending - chưa thiết kế nguồn (gap Atomic REPORT_CELL_VALUE, xem O_QLKD_23)"
K_QLKD_1705,DATA EXPLORER,Nhóm 78 — Báo cáo theo Thông tư 121/2020/TT-BTC (STT 78),Nhà đầu tư >> Giao dịch chứng chỉ quỹ của nhà đầu tư nước ngoài >> Tổng mua >> Trong kỳ >> HSX,Cơ sở,QLKD,,,,,"Pending - chưa thiết kế nguồn (gap Atomic REPORT_CELL_VALUE, xem O_QLKD_23)"
K_QLKD_1706,DATA EXPLORER,Nhóm 78 — Báo cáo theo Thông tư 121/2020/TT-BTC (STT 78),Nhà đầu tư >> Giao dịch chứng chỉ quỹ của nhà đầu tư nước ngoài >> Tổng mua >> Lũy kế đầu năm >> HNX,Cơ sở,QLKD,,,,,"Pending - chưa thiết kế nguồn (gap Atomic REPORT_CELL_VALUE, xem O_QLKD_23)"
K_QLKD_1707,DATA EXPLORER,Nhóm 78 — Báo cáo theo Thông tư 121/2020/TT-BTC (STT 78),Nhà đầu tư >> Giao dịch chứng chỉ quỹ của nhà đầu tư nước ngoài >> Tổng mua >> Lũy kế đầu năm >> HSX,Cơ sở,QLKD,,,,,"Pending - chưa thiết kế nguồn (gap Atomic REPORT_CELL_VALUE, xem O_QLKD_23)"
K_QLKD_1708,DATA EXPLORER,Nhóm 78 — Báo cáo theo Thông tư 121/2020/TT-BTC (STT 78),Nhà đầu tư >> Giao dịch chứng chỉ quỹ của nhà đầu tư nước ngoài >> Tổng bán >> Trong kỳ >> HNX,Cơ sở,QLKD,,,,,"Pending - chưa thiết kế nguồn (gap Atomic REPORT_CELL_VALUE, xem O_QLKD_23)"
K_QLKD_1709,DATA EXPLORER,Nhóm 78 — Báo cáo theo Thông tư 121/2020/TT-BTC (STT 78),Nhà đầu tư >> Giao dịch chứng chỉ quỹ của nhà đầu tư nước ngoài >> Tổng bán >> Trong kỳ >> HSX,Cơ sở,QLKD,,,,,"Pending - chưa thiết kế nguồn (gap Atomic REPORT_CELL_VALUE, xem O_QLKD_23)"
K_QLKD_1710,DATA EXPLORER,Nhóm 78 — Báo cáo theo Thông tư 121/2020/TT-BTC (STT 78),Nhà đầu tư >> Giao dịch chứng chỉ quỹ của nhà đầu tư nước ngoài >> Tổng bán >> Lũy kế đầu năm >> HNX,Cơ sở,QLKD,,,,,"Pending - chưa thiết kế nguồn (gap Atomic REPORT_CELL_VALUE, xem O_QLKD_23)"
K_QLKD_1711,DATA EXPLORER,Nhóm 78 — Báo cáo theo Thông tư 121/2020/TT-BTC (STT 78),Nhà đầu tư >> Giao dịch chứng chỉ quỹ của nhà đầu tư nước ngoài >> Tổng bán >> Lũy kế đầu năm >> HSX,Cơ sở,QLKD,,,,,"Pending - chưa thiết kế nguồn (gap Atomic REPORT_CELL_VALUE, xem O_QLKD_23)"
K_QLKD_1712,DATA EXPLORER,Nhóm 78 — Báo cáo theo Thông tư 121/2020/TT-BTC (STT 78),Nhà đầu tư >> Giao dịch chứng chỉ quỹ của nhà đầu tư nước ngoài >> Tổng mua và bán >> Trong kỳ >> HNX,Cơ sở,QLKD,,,,,"Pending - chưa thiết kế nguồn (gap Atomic REPORT_CELL_VALUE, xem O_QLKD_23)"
K_QLKD_1713,DATA EXPLORER,Nhóm 78 — Báo cáo theo Thông tư 121/2020/TT-BTC (STT 78),Nhà đầu tư >> Giao dịch chứng chỉ quỹ của nhà đầu tư nước ngoài >> Tổng mua và bán >> Trong kỳ >> HSX,Cơ sở,QLKD,,,,,"Pending - chưa thiết kế nguồn (gap Atomic REPORT_CELL_VALUE, xem O_QLKD_23)"
K_QLKD_1714,DATA EXPLORER,Nhóm 78 — Báo cáo theo Thông tư 121/2020/TT-BTC (STT 78),Nhà đầu tư >> Giao dịch chứng chỉ quỹ của nhà đầu tư nước ngoài >> Tổng mua và bán >> Lũy kế đầu năm >> HNX,Cơ sở,QLKD,,,,,"Pending - chưa thiết kế nguồn (gap Atomic REPORT_CELL_VALUE, xem O_QLKD_23)"
K_QLKD_1715,DATA EXPLORER,Nhóm 78 — Báo cáo theo Thông tư 121/2020/TT-BTC (STT 78),Nhà đầu tư >> Giao dịch chứng chỉ quỹ của nhà đầu tư nước ngoài >> Tổng mua và bán >> Lũy kế đầu năm >> HSX,Cơ sở,QLKD,,,,,"Pending - chưa thiết kế nguồn (gap Atomic REPORT_CELL_VALUE, xem O_QLKD_23)"
K_QLKD_1716,DATA EXPLORER,Nhóm 78 — Báo cáo theo Thông tư 121/2020/TT-BTC (STT 78),Tự doanh >> Cổ phiếu >> Tổng mua >> Trong kỳ >> HNX,Cơ sở,QLKD,,,,,"Pending - chưa thiết kế nguồn (gap Atomic REPORT_CELL_VALUE, xem O_QLKD_23)"
K_QLKD_1717,DATA EXPLORER,Nhóm 78 — Báo cáo theo Thông tư 121/2020/TT-BTC (STT 78),Tự doanh >> Cổ phiếu >> Tổng mua >> Trong kỳ >> HSX,Cơ sở,QLKD,,,,,"Pending - chưa thiết kế nguồn (gap Atomic REPORT_CELL_VALUE, xem O_QLKD_23)"
K_QLKD_1718,DATA EXPLORER,Nhóm 78 — Báo cáo theo Thông tư 121/2020/TT-BTC (STT 78),Tự doanh >> Cổ phiếu >> Tổng mua >> Lũy kế đầu năm >> HNX,Cơ sở,QLKD,,,,,"Pending - chưa thiết kế nguồn (gap Atomic REPORT_CELL_VALUE, xem O_QLKD_23)"
K_QLKD_1719,DATA EXPLORER,Nhóm 78 — Báo cáo theo Thông tư 121/2020/TT-BTC (STT 78),Tự doanh >> Cổ phiếu >> Tổng mua >> Lũy kế đầu năm >> HSX,Cơ sở,QLKD,,,,,"Pending - chưa thiết kế nguồn (gap Atomic REPORT_CELL_VALUE, xem O_QLKD_23)"
K_QLKD_1720,DATA EXPLORER,Nhóm 78 — Báo cáo theo Thông tư 121/2020/TT-BTC (STT 78),Tự doanh >> Cổ phiếu >> Tổng bán >> Trong kỳ >> HNX,Cơ sở,QLKD,,,,,"Pending - chưa thiết kế nguồn (gap Atomic REPORT_CELL_VALUE, xem O_QLKD_23)"
K_QLKD_1721,DATA EXPLORER,Nhóm 78 — Báo cáo theo Thông tư 121/2020/TT-BTC (STT 78),Tự doanh >> Cổ phiếu >> Tổng bán >> Trong kỳ >> HSX,Cơ sở,QLKD,,,,,"Pending - chưa thiết kế nguồn (gap Atomic REPORT_CELL_VALUE, xem O_QLKD_23)"
K_QLKD_1722,DATA EXPLORER,Nhóm 78 — Báo cáo theo Thông tư 121/2020/TT-BTC (STT 78),Tự doanh >> Cổ phiếu >> Tổng bán >> Lũy kế đầu năm >> HNX,Cơ sở,QLKD,,,,,"Pending - chưa thiết kế nguồn (gap Atomic REPORT_CELL_VALUE, xem O_QLKD_23)"
K_QLKD_1723,DATA EXPLORER,Nhóm 78 — Báo cáo theo Thông tư 121/2020/TT-BTC (STT 78),Tự doanh >> Cổ phiếu >> Tổng bán >> Lũy kế đầu năm >> HSX,Cơ sở,QLKD,,,,,"Pending - chưa thiết kế nguồn (gap Atomic REPORT_CELL_VALUE, xem O_QLKD_23)"
K_QLKD_1724,DATA EXPLORER,Nhóm 78 — Báo cáo theo Thông tư 121/2020/TT-BTC (STT 78),Tự doanh >> Cổ phiếu >> Tổng mua và bán >> Trong kỳ >> HNX,Cơ sở,QLKD,,,,,"Pending - chưa thiết kế nguồn (gap Atomic REPORT_CELL_VALUE, xem O_QLKD_23)"
K_QLKD_1725,DATA EXPLORER,Nhóm 78 — Báo cáo theo Thông tư 121/2020/TT-BTC (STT 78),Tự doanh >> Cổ phiếu >> Tổng mua và bán >> Trong kỳ >> HSX,Cơ sở,QLKD,,,,,"Pending - chưa thiết kế nguồn (gap Atomic REPORT_CELL_VALUE, xem O_QLKD_23)"
K_QLKD_1726,DATA EXPLORER,Nhóm 78 — Báo cáo theo Thông tư 121/2020/TT-BTC (STT 78),Tự doanh >> Cổ phiếu >> Tổng mua và bán >> Lũy kế đầu năm >> HNX,Cơ sở,QLKD,,,,,"Pending - chưa thiết kế nguồn (gap Atomic REPORT_CELL_VALUE, xem O_QLKD_23)"
K_QLKD_1727,DATA EXPLORER,Nhóm 78 — Báo cáo theo Thông tư 121/2020/TT-BTC (STT 78),Tự doanh >> Cổ phiếu >> Tổng mua và bán >> Lũy kế đầu năm >> HSX,Cơ sở,QLKD,,,,,"Pending - chưa thiết kế nguồn (gap Atomic REPORT_CELL_VALUE, xem O_QLKD_23)"
K_QLKD_1728,DATA EXPLORER,Nhóm 78 — Báo cáo theo Thông tư 121/2020/TT-BTC (STT 78),Tự doanh >> Trái phiếu >> Tổng mua >> Trong kỳ >> HNX,Cơ sở,QLKD,,,,,"Pending - chưa thiết kế nguồn (gap Atomic REPORT_CELL_VALUE, xem O_QLKD_23)"
K_QLKD_1729,DATA EXPLORER,Nhóm 78 — Báo cáo theo Thông tư 121/2020/TT-BTC (STT 78),Tự doanh >> Trái phiếu >> Tổng mua >> Trong kỳ >> HSX,Cơ sở,QLKD,,,,,"Pending - chưa thiết kế nguồn (gap Atomic REPORT_CELL_VALUE, xem O_QLKD_23)"
K_QLKD_1730,DATA EXPLORER,Nhóm 78 — Báo cáo theo Thông tư 121/2020/TT-BTC (STT 78),Tự doanh >> Trái phiếu >> Tổng mua >> Lũy kế đầu năm >> HNX,Cơ sở,QLKD,,,,,"Pending - chưa thiết kế nguồn (gap Atomic REPORT_CELL_VALUE, xem O_QLKD_23)"
K_QLKD_1731,DATA EXPLORER,Nhóm 78 — Báo cáo theo Thông tư 121/2020/TT-BTC (STT 78),Tự doanh >> Trái phiếu >> Tổng mua >> Lũy kế đầu năm >> HSX,Cơ sở,QLKD,,,,,"Pending - chưa thiết kế nguồn (gap Atomic REPORT_CELL_VALUE, xem O_QLKD_23)"
K_QLKD_1732,DATA EXPLORER,Nhóm 78 — Báo cáo theo Thông tư 121/2020/TT-BTC (STT 78),Tự doanh >> Trái phiếu >> Tổng bán >> Trong kỳ >> HNX,Cơ sở,QLKD,,,,,"Pending - chưa thiết kế nguồn (gap Atomic REPORT_CELL_VALUE, xem O_QLKD_23)"
K_QLKD_1733,DATA EXPLORER,Nhóm 78 — Báo cáo theo Thông tư 121/2020/TT-BTC (STT 78),Tự doanh >> Trái phiếu >> Tổng bán >> Trong kỳ >> HSX,Cơ sở,QLKD,,,,,"Pending - chưa thiết kế nguồn (gap Atomic REPORT_CELL_VALUE, xem O_QLKD_23)"
K_QLKD_1734,DATA EXPLORER,Nhóm 78 — Báo cáo theo Thông tư 121/2020/TT-BTC (STT 78),Tự doanh >> Trái phiếu >> Tổng bán >> Lũy kế đầu năm >> HNX,Cơ sở,QLKD,,,,,"Pending - chưa thiết kế nguồn (gap Atomic REPORT_CELL_VALUE, xem O_QLKD_23)"
K_QLKD_1735,DATA EXPLORER,Nhóm 78 — Báo cáo theo Thông tư 121/2020/TT-BTC (STT 78),Tự doanh >> Trái phiếu >> Tổng bán >> Lũy kế đầu năm >> HSX,Cơ sở,QLKD,,,,,"Pending - chưa thiết kế nguồn (gap Atomic REPORT_CELL_VALUE, xem O_QLKD_23)"
K_QLKD_1736,DATA EXPLORER,Nhóm 78 — Báo cáo theo Thông tư 121/2020/TT-BTC (STT 78),Tự doanh >> Trái phiếu >> Tổng mua và bán >> Trong kỳ >> HNX,Cơ sở,QLKD,,,,,"Pending - chưa thiết kế nguồn (gap Atomic REPORT_CELL_VALUE, xem O_QLKD_23)"
K_QLKD_1737,DATA EXPLORER,Nhóm 78 — Báo cáo theo Thông tư 121/2020/TT-BTC (STT 78),Tự doanh >> Trái phiếu >> Tổng mua và bán >> Trong kỳ >> HSX,Cơ sở,QLKD,,,,,"Pending - chưa thiết kế nguồn (gap Atomic REPORT_CELL_VALUE, xem O_QLKD_23)"
K_QLKD_1738,DATA EXPLORER,Nhóm 78 — Báo cáo theo Thông tư 121/2020/TT-BTC (STT 78),Tự doanh >> Trái phiếu >> Tổng mua và bán >> Lũy kế đầu năm >> HNX,Cơ sở,QLKD,,,,,"Pending - chưa thiết kế nguồn (gap Atomic REPORT_CELL_VALUE, xem O_QLKD_23)"
K_QLKD_1739,DATA EXPLORER,Nhóm 78 — Báo cáo theo Thông tư 121/2020/TT-BTC (STT 78),Tự doanh >> Trái phiếu > Tổng mua và bán >> Lũy kế đầu năm >> HSX,Cơ sở,QLKD,,,,,"Pending - chưa thiết kế nguồn (gap Atomic REPORT_CELL_VALUE, xem O_QLKD_23)"
K_QLKD_1740,DATA EXPLORER,Nhóm 78 — Báo cáo theo Thông tư 121/2020/TT-BTC (STT 78),Tự doanh >> Chứng chỉ quỹ >> Tổng mua >> Trong kỳ >> HNX,Cơ sở,QLKD,,,,,"Pending - chưa thiết kế nguồn (gap Atomic REPORT_CELL_VALUE, xem O_QLKD_23)"
K_QLKD_1741,DATA EXPLORER,Nhóm 78 — Báo cáo theo Thông tư 121/2020/TT-BTC (STT 78),Tự doanh >> Chứng chỉ quỹ >> Tổng mua >> Trong kỳ >> HSX,Cơ sở,QLKD,,,,,"Pending - chưa thiết kế nguồn (gap Atomic REPORT_CELL_VALUE, xem O_QLKD_23)"
K_QLKD_1742,DATA EXPLORER,Nhóm 78 — Báo cáo theo Thông tư 121/2020/TT-BTC (STT 78),Tự doanh >> Chứng chỉ quỹ >> Tổng mua >> Lũy kế đầu năm >> HNX,Cơ sở,QLKD,,,,,"Pending - chưa thiết kế nguồn (gap Atomic REPORT_CELL_VALUE, xem O_QLKD_23)"
K_QLKD_1743,DATA EXPLORER,Nhóm 78 — Báo cáo theo Thông tư 121/2020/TT-BTC (STT 78),Tự doanh >> Chứng chỉ quỹ >> Tổng mua >> Lũy kế đầu năm >> HSX,Cơ sở,QLKD,,,,,"Pending - chưa thiết kế nguồn (gap Atomic REPORT_CELL_VALUE, xem O_QLKD_23)"
K_QLKD_1744,DATA EXPLORER,Nhóm 78 — Báo cáo theo Thông tư 121/2020/TT-BTC (STT 78),Tự doanh >> Chứng chỉ quỹ >> Tổng bán >> Trong kỳ >> HNX,Cơ sở,QLKD,,,,,"Pending - chưa thiết kế nguồn (gap Atomic REPORT_CELL_VALUE, xem O_QLKD_23)"
K_QLKD_1745,DATA EXPLORER,Nhóm 78 — Báo cáo theo Thông tư 121/2020/TT-BTC (STT 78),Tự doanh >> Chứng chỉ quỹ >> Tổng bán >> Trong kỳ >> HSX,Cơ sở,QLKD,,,,,"Pending - chưa thiết kế nguồn (gap Atomic REPORT_CELL_VALUE, xem O_QLKD_23)"
K_QLKD_1746,DATA EXPLORER,Nhóm 78 — Báo cáo theo Thông tư 121/2020/TT-BTC (STT 78),Tự doanh >> Chứng chỉ quỹ >> Tổng bán >> Lũy kế đầu năm >> HNX,Cơ sở,QLKD,,,,,"Pending - chưa thiết kế nguồn (gap Atomic REPORT_CELL_VALUE, xem O_QLKD_23)"
K_QLKD_1747,DATA EXPLORER,Nhóm 78 — Báo cáo theo Thông tư 121/2020/TT-BTC (STT 78),Tự doanh >> Chứng chỉ quỹ >> Tổng bán >> Lũy kế đầu năm >> HSX,Cơ sở,QLKD,,,,,"Pending - chưa thiết kế nguồn (gap Atomic REPORT_CELL_VALUE, xem O_QLKD_23)"
K_QLKD_1748,DATA EXPLORER,Nhóm 78 — Báo cáo theo Thông tư 121/2020/TT-BTC (STT 78),Tự doanh >> Chứng chỉ quỹ >> Tổng mua và bán >> Trong kỳ >> HNX,Cơ sở,QLKD,,,,,"Pending - chưa thiết kế nguồn (gap Atomic REPORT_CELL_VALUE, xem O_QLKD_23)"
K_QLKD_1749,DATA EXPLORER,Nhóm 78 — Báo cáo theo Thông tư 121/2020/TT-BTC (STT 78),Tự doanh >> Chứng chỉ quỹ >> Tổng mua và bán >> Trong kỳ >> HSX,Cơ sở,QLKD,,,,,"Pending - chưa thiết kế nguồn (gap Atomic REPORT_CELL_VALUE, xem O_QLKD_23)"
K_QLKD_1750,DATA EXPLORER,Nhóm 78 — Báo cáo theo Thông tư 121/2020/TT-BTC (STT 78),Tự doanh >> Chứng chỉ quỹ >> Tổng mua và bán >> Lũy kế đầu năm >> HNX,Cơ sở,QLKD,,,,,"Pending - chưa thiết kế nguồn (gap Atomic REPORT_CELL_VALUE, xem O_QLKD_23)"
K_QLKD_1751,DATA EXPLORER,Nhóm 78 — Báo cáo theo Thông tư 121/2020/TT-BTC (STT 78),Tự doanh >> Chứng chỉ quỹ >> Tổng mua và bán >> Lũy kế đầu năm >> HSX,Cơ sở,QLKD,,,,,"Pending - chưa thiết kế nguồn (gap Atomic REPORT_CELL_VALUE, xem O_QLKD_23)"
K_QLKD_1752,DATA EXPLORER,Nhóm 79 — Báo cáo theo Thông tư 121/2020/TT-BTC (STT 79),Loại báo cáo,Chiều,QLKD,,,,,"Pending - chưa thiết kế nguồn (gap Atomic REPORT_CELL_VALUE, xem O_QLKD_23)"
K_QLKD_1753,DATA EXPLORER,Nhóm 79 — Báo cáo theo Thông tư 121/2020/TT-BTC (STT 79),Kỳ báo cáo,Chiều,QLKD,,,,,"Pending - chưa thiết kế nguồn (gap Atomic REPORT_CELL_VALUE, xem O_QLKD_23)"
K_QLKD_1754,DATA EXPLORER,Nhóm 79 — Báo cáo theo Thông tư 121/2020/TT-BTC (STT 79),Mã báo cáo,Chiều,QLKD,,,,,"Pending - chưa thiết kế nguồn (gap Atomic REPORT_CELL_VALUE, xem O_QLKD_23)"
K_QLKD_1755,DATA EXPLORER,Nhóm 79 — Báo cáo theo Thông tư 121/2020/TT-BTC (STT 79),Tên báo cáo,Chiều,QLKD,,,,,"Pending - chưa thiết kế nguồn (gap Atomic REPORT_CELL_VALUE, xem O_QLKD_23)"
K_QLKD_1756,DATA EXPLORER,Nhóm 79 — Báo cáo theo Thông tư 121/2020/TT-BTC (STT 79),Mã sheet,Chiều,QLKD,,,,,"Pending - chưa thiết kế nguồn (gap Atomic REPORT_CELL_VALUE, xem O_QLKD_23)"
K_QLKD_1757,DATA EXPLORER,Nhóm 79 — Báo cáo theo Thông tư 121/2020/TT-BTC (STT 79),Tên sheet,Chiều,QLKD,,,,,"Pending - chưa thiết kế nguồn (gap Atomic REPORT_CELL_VALUE, xem O_QLKD_23)"
K_QLKD_1758,DATA EXPLORER,Nhóm 79 — Báo cáo theo Thông tư 121/2020/TT-BTC (STT 79),Mã chỉ tiêu,Chiều,QLKD,,,,,"Pending - chưa thiết kế nguồn (gap Atomic REPORT_CELL_VALUE, xem O_QLKD_23)"
K_QLKD_1759,DATA EXPLORER,Nhóm 79 — Báo cáo theo Thông tư 121/2020/TT-BTC (STT 79),Tên chỉ tiêu,Chiều,QLKD,,,,,"Pending - chưa thiết kế nguồn (gap Atomic REPORT_CELL_VALUE, xem O_QLKD_23)"
K_QLKD_1760,DATA EXPLORER,Nhóm 79 — Báo cáo theo Thông tư 121/2020/TT-BTC (STT 79),Tên công ty chứng khoán,Cơ sở,QLKD,,,,,"Pending - chưa thiết kế nguồn (gap Atomic REPORT_CELL_VALUE, xem O_QLKD_23)"
K_QLKD_1761,DATA EXPLORER,Nhóm 79 — Báo cáo theo Thông tư 121/2020/TT-BTC (STT 79),Sàn giao dịch,Cơ sở,QLKD,,,,,"Pending - chưa thiết kế nguồn (gap Atomic REPORT_CELL_VALUE, xem O_QLKD_23)"
K_QLKD_1762,DATA EXPLORER,Nhóm 79 — Báo cáo theo Thông tư 121/2020/TT-BTC (STT 79),Mã chứng khoán,Cơ sở,QLKD,,,,,"Pending - chưa thiết kế nguồn (gap Atomic REPORT_CELL_VALUE, xem O_QLKD_23)"
K_QLKD_1763,DATA EXPLORER,Nhóm 79 — Báo cáo theo Thông tư 121/2020/TT-BTC (STT 79),Giấy phép hoạt động >> Số,Cơ sở,QLKD,,,,,"Pending - chưa thiết kế nguồn (gap Atomic REPORT_CELL_VALUE, xem O_QLKD_23)"
K_QLKD_1764,DATA EXPLORER,Nhóm 79 — Báo cáo theo Thông tư 121/2020/TT-BTC (STT 79),Giấy phép hoạt động >> Ngày cấp,Cơ sở,QLKD,,,,,"Pending - chưa thiết kế nguồn (gap Atomic REPORT_CELL_VALUE, xem O_QLKD_23)"
K_QLKD_1765,DATA EXPLORER,Nhóm 79 — Báo cáo theo Thông tư 121/2020/TT-BTC (STT 79),Mã cổ phiếu,Cơ sở,QLKD,,,,,"Pending - chưa thiết kế nguồn (gap Atomic REPORT_CELL_VALUE, xem O_QLKD_23)"
K_QLKD_1766,DATA EXPLORER,Nhóm 79 — Báo cáo theo Thông tư 121/2020/TT-BTC (STT 79),Mua trong kỳ >> Khối lượng,Cơ sở,QLKD,,,,,"Pending - chưa thiết kế nguồn (gap Atomic REPORT_CELL_VALUE, xem O_QLKD_23)"
K_QLKD_1767,DATA EXPLORER,Nhóm 79 — Báo cáo theo Thông tư 121/2020/TT-BTC (STT 79),Mua trong kỳ >> Giá trị (Triệu đồng),Cơ sở,QLKD,,,,,"Pending - chưa thiết kế nguồn (gap Atomic REPORT_CELL_VALUE, xem O_QLKD_23)"
K_QLKD_1768,DATA EXPLORER,Nhóm 79 — Báo cáo theo Thông tư 121/2020/TT-BTC (STT 79),Bán trong kỳ >> Khối lượng,Cơ sở,QLKD,,,,,"Pending - chưa thiết kế nguồn (gap Atomic REPORT_CELL_VALUE, xem O_QLKD_23)"
K_QLKD_1769,DATA EXPLORER,Nhóm 79 — Báo cáo theo Thông tư 121/2020/TT-BTC (STT 79),Bán trong kỳ >> Giá trị (Triệu đồng),Cơ sở,QLKD,,,,,"Pending - chưa thiết kế nguồn (gap Atomic REPORT_CELL_VALUE, xem O_QLKD_23)"
K_QLKD_1770,DATA EXPLORER,Nhóm 80 — Báo cáo theo Thông tư 121/2020/TT-BTC (STT 80),Loại báo cáo,Chiều,QLKD,,,,,"Pending - chưa thiết kế nguồn (gap Atomic REPORT_CELL_VALUE, xem O_QLKD_23)"
K_QLKD_1771,DATA EXPLORER,Nhóm 80 — Báo cáo theo Thông tư 121/2020/TT-BTC (STT 80),Kỳ báo cáo,Chiều,QLKD,,,,,"Pending - chưa thiết kế nguồn (gap Atomic REPORT_CELL_VALUE, xem O_QLKD_23)"
K_QLKD_1772,DATA EXPLORER,Nhóm 80 — Báo cáo theo Thông tư 121/2020/TT-BTC (STT 80),Mã báo cáo,Chiều,QLKD,,,,,"Pending - chưa thiết kế nguồn (gap Atomic REPORT_CELL_VALUE, xem O_QLKD_23)"
K_QLKD_1773,DATA EXPLORER,Nhóm 80 — Báo cáo theo Thông tư 121/2020/TT-BTC (STT 80),Tên báo cáo,Chiều,QLKD,,,,,"Pending - chưa thiết kế nguồn (gap Atomic REPORT_CELL_VALUE, xem O_QLKD_23)"
K_QLKD_1774,DATA EXPLORER,Nhóm 80 — Báo cáo theo Thông tư 121/2020/TT-BTC (STT 80),Mã sheet,Chiều,QLKD,,,,,"Pending - chưa thiết kế nguồn (gap Atomic REPORT_CELL_VALUE, xem O_QLKD_23)"
K_QLKD_1775,DATA EXPLORER,Nhóm 80 — Báo cáo theo Thông tư 121/2020/TT-BTC (STT 80),Tên sheet,Chiều,QLKD,,,,,"Pending - chưa thiết kế nguồn (gap Atomic REPORT_CELL_VALUE, xem O_QLKD_23)"
K_QLKD_1776,DATA EXPLORER,Nhóm 80 — Báo cáo theo Thông tư 121/2020/TT-BTC (STT 80),Mã chỉ tiêu,Chiều,QLKD,,,,,"Pending - chưa thiết kế nguồn (gap Atomic REPORT_CELL_VALUE, xem O_QLKD_23)"
K_QLKD_1777,DATA EXPLORER,Nhóm 80 — Báo cáo theo Thông tư 121/2020/TT-BTC (STT 80),Tên chỉ tiêu,Chiều,QLKD,,,,,"Pending - chưa thiết kế nguồn (gap Atomic REPORT_CELL_VALUE, xem O_QLKD_23)"
K_QLKD_1778,DATA EXPLORER,Nhóm 80 — Báo cáo theo Thông tư 121/2020/TT-BTC (STT 80),Tên công ty chứng khoán,Cơ sở,QLKD,,,,,"Pending - chưa thiết kế nguồn (gap Atomic REPORT_CELL_VALUE, xem O_QLKD_23)"
K_QLKD_1779,DATA EXPLORER,Nhóm 80 — Báo cáo theo Thông tư 121/2020/TT-BTC (STT 80),Sàn giao dịch,Cơ sở,QLKD,,,,,"Pending - chưa thiết kế nguồn (gap Atomic REPORT_CELL_VALUE, xem O_QLKD_23)"
K_QLKD_1780,DATA EXPLORER,Nhóm 80 — Báo cáo theo Thông tư 121/2020/TT-BTC (STT 80),Mã chứng khoán,Cơ sở,QLKD,,,,,"Pending - chưa thiết kế nguồn (gap Atomic REPORT_CELL_VALUE, xem O_QLKD_23)"
K_QLKD_1781,DATA EXPLORER,Nhóm 80 — Báo cáo theo Thông tư 121/2020/TT-BTC (STT 80),Giấy phép hoạt động >> Số,Cơ sở,QLKD,,,,,"Pending - chưa thiết kế nguồn (gap Atomic REPORT_CELL_VALUE, xem O_QLKD_23)"
K_QLKD_1782,DATA EXPLORER,Nhóm 80 — Báo cáo theo Thông tư 121/2020/TT-BTC (STT 80),Giấy phép hoạt động >> Ngày cấp,Cơ sở,QLKD,,,,,"Pending - chưa thiết kế nguồn (gap Atomic REPORT_CELL_VALUE, xem O_QLKD_23)"
K_QLKD_1783,DATA EXPLORER,Nhóm 80 — Báo cáo theo Thông tư 121/2020/TT-BTC (STT 80),Tên trái phiếu,Cơ sở,QLKD,,,,,"Pending - chưa thiết kế nguồn (gap Atomic REPORT_CELL_VALUE, xem O_QLKD_23)"
K_QLKD_1784,DATA EXPLORER,Nhóm 80 — Báo cáo theo Thông tư 121/2020/TT-BTC (STT 80),Kỳ hạn (≤ 2 năm/> 2 năm và < 5 năm/≥ 5 năm),Cơ sở,QLKD,,,,,"Pending - chưa thiết kế nguồn (gap Atomic REPORT_CELL_VALUE, xem O_QLKD_23)"
K_QLKD_1785,DATA EXPLORER,Nhóm 80 — Báo cáo theo Thông tư 121/2020/TT-BTC (STT 80),Mua trong kỳ >> Khối lượng,Cơ sở,QLKD,,,,,"Pending - chưa thiết kế nguồn (gap Atomic REPORT_CELL_VALUE, xem O_QLKD_23)"
K_QLKD_1786,DATA EXPLORER,Nhóm 80 — Báo cáo theo Thông tư 121/2020/TT-BTC (STT 80),Mua trong kỳ >> Giá trị (Triệu đồng),Cơ sở,QLKD,,,,,"Pending - chưa thiết kế nguồn (gap Atomic REPORT_CELL_VALUE, xem O_QLKD_23)"
K_QLKD_1787,DATA EXPLORER,Nhóm 80 — Báo cáo theo Thông tư 121/2020/TT-BTC (STT 80),Bán trong kỳ >> Khối lượng,Cơ sở,QLKD,,,,,"Pending - chưa thiết kế nguồn (gap Atomic REPORT_CELL_VALUE, xem O_QLKD_23)"
K_QLKD_1788,DATA EXPLORER,Nhóm 80 — Báo cáo theo Thông tư 121/2020/TT-BTC (STT 80),Bán trong kỳ >> Giá trị (Triệu đồng),Cơ sở,QLKD,,,,,"Pending - chưa thiết kế nguồn (gap Atomic REPORT_CELL_VALUE, xem O_QLKD_23)"
K_QLKD_1789,DATA EXPLORER,Nhóm 81 — Báo cáo theo Thông tư 121/2020/TT-BTC (STT 81),Loại báo cáo,Chiều,QLKD,,,,,"Pending - chưa thiết kế nguồn (gap Atomic REPORT_CELL_VALUE, xem O_QLKD_23)"
K_QLKD_1790,DATA EXPLORER,Nhóm 81 — Báo cáo theo Thông tư 121/2020/TT-BTC (STT 81),Kỳ báo cáo,Chiều,QLKD,,,,,"Pending - chưa thiết kế nguồn (gap Atomic REPORT_CELL_VALUE, xem O_QLKD_23)"
K_QLKD_1791,DATA EXPLORER,Nhóm 81 — Báo cáo theo Thông tư 121/2020/TT-BTC (STT 81),Mã báo cáo,Chiều,QLKD,,,,,"Pending - chưa thiết kế nguồn (gap Atomic REPORT_CELL_VALUE, xem O_QLKD_23)"
K_QLKD_1792,DATA EXPLORER,Nhóm 81 — Báo cáo theo Thông tư 121/2020/TT-BTC (STT 81),Tên báo cáo,Chiều,QLKD,,,,,"Pending - chưa thiết kế nguồn (gap Atomic REPORT_CELL_VALUE, xem O_QLKD_23)"
K_QLKD_1793,DATA EXPLORER,Nhóm 81 — Báo cáo theo Thông tư 121/2020/TT-BTC (STT 81),Mã sheet,Chiều,QLKD,,,,,"Pending - chưa thiết kế nguồn (gap Atomic REPORT_CELL_VALUE, xem O_QLKD_23)"
K_QLKD_1794,DATA EXPLORER,Nhóm 81 — Báo cáo theo Thông tư 121/2020/TT-BTC (STT 81),Tên sheet,Chiều,QLKD,,,,,"Pending - chưa thiết kế nguồn (gap Atomic REPORT_CELL_VALUE, xem O_QLKD_23)"
K_QLKD_1795,DATA EXPLORER,Nhóm 81 — Báo cáo theo Thông tư 121/2020/TT-BTC (STT 81),Mã chỉ tiêu,Chiều,QLKD,,,,,"Pending - chưa thiết kế nguồn (gap Atomic REPORT_CELL_VALUE, xem O_QLKD_23)"
K_QLKD_1796,DATA EXPLORER,Nhóm 81 — Báo cáo theo Thông tư 121/2020/TT-BTC (STT 81),Tên chỉ tiêu,Chiều,QLKD,,,,,"Pending - chưa thiết kế nguồn (gap Atomic REPORT_CELL_VALUE, xem O_QLKD_23)"
K_QLKD_1797,DATA EXPLORER,Nhóm 81 — Báo cáo theo Thông tư 121/2020/TT-BTC (STT 81),Tên công ty chứng khoán,Cơ sở,QLKD,,,,,"Pending - chưa thiết kế nguồn (gap Atomic REPORT_CELL_VALUE, xem O_QLKD_23)"
K_QLKD_1798,DATA EXPLORER,Nhóm 81 — Báo cáo theo Thông tư 121/2020/TT-BTC (STT 81),Sàn giao dịch,Cơ sở,QLKD,,,,,"Pending - chưa thiết kế nguồn (gap Atomic REPORT_CELL_VALUE, xem O_QLKD_23)"
K_QLKD_1799,DATA EXPLORER,Nhóm 81 — Báo cáo theo Thông tư 121/2020/TT-BTC (STT 81),Mã chứng khoán,Cơ sở,QLKD,,,,,"Pending - chưa thiết kế nguồn (gap Atomic REPORT_CELL_VALUE, xem O_QLKD_23)"
K_QLKD_1800,DATA EXPLORER,Nhóm 81 — Báo cáo theo Thông tư 121/2020/TT-BTC (STT 81),Giấy phép hoạt động >> Số,Cơ sở,QLKD,,,,,"Pending - chưa thiết kế nguồn (gap Atomic REPORT_CELL_VALUE, xem O_QLKD_23)"
K_QLKD_1801,DATA EXPLORER,Nhóm 81 — Báo cáo theo Thông tư 121/2020/TT-BTC (STT 81),Giấy phép hoạt động >> Ngày cấp,Cơ sở,QLKD,,,,,"Pending - chưa thiết kế nguồn (gap Atomic REPORT_CELL_VALUE, xem O_QLKD_23)"
K_QLKD_1802,DATA EXPLORER,Nhóm 81 — Báo cáo theo Thông tư 121/2020/TT-BTC (STT 81),Cổ phiếu >> Mua trong kỳ >> Khối lượng,Cơ sở,QLKD,,,,,"Pending - chưa thiết kế nguồn (gap Atomic REPORT_CELL_VALUE, xem O_QLKD_23)"
K_QLKD_1803,DATA EXPLORER,Nhóm 81 — Báo cáo theo Thông tư 121/2020/TT-BTC (STT 81),Cổ phiếu >> Mua trong kỳ >> Giá trị (Triệu đồng),Cơ sở,QLKD,,,,,"Pending - chưa thiết kế nguồn (gap Atomic REPORT_CELL_VALUE, xem O_QLKD_23)"
K_QLKD_1804,DATA EXPLORER,Nhóm 81 — Báo cáo theo Thông tư 121/2020/TT-BTC (STT 81),Cổ phiếu >> Bán trong kỳ >> Khối lượng,Cơ sở,QLKD,,,,,"Pending - chưa thiết kế nguồn (gap Atomic REPORT_CELL_VALUE, xem O_QLKD_23)"
K_QLKD_1805,DATA EXPLORER,Nhóm 81 — Báo cáo theo Thông tư 121/2020/TT-BTC (STT 81),Cổ phiếu >> Bán trong kỳ >> Giá trị (Triệu đồng),Cơ sở,QLKD,,,,,"Pending - chưa thiết kế nguồn (gap Atomic REPORT_CELL_VALUE, xem O_QLKD_23)"
K_QLKD_1806,DATA EXPLORER,Nhóm 81 — Báo cáo theo Thông tư 121/2020/TT-BTC (STT 81),Trái phiếu >> Kỳ hạn >> ≤ 2 năm,Cơ sở,QLKD,,,,,"Pending - chưa thiết kế nguồn (gap Atomic REPORT_CELL_VALUE, xem O_QLKD_23)"
K_QLKD_1807,DATA EXPLORER,Nhóm 81 — Báo cáo theo Thông tư 121/2020/TT-BTC (STT 81),Trái phiếu >> Kỳ hạn >> > 2 năm và < 5 năm,Cơ sở,QLKD,,,,,"Pending - chưa thiết kế nguồn (gap Atomic REPORT_CELL_VALUE, xem O_QLKD_23)"
K_QLKD_1808,DATA EXPLORER,Nhóm 81 — Báo cáo theo Thông tư 121/2020/TT-BTC (STT 81),Trái phiếu >> Kỳ hạn >> ≥ 5 năm,Cơ sở,QLKD,,,,,"Pending - chưa thiết kế nguồn (gap Atomic REPORT_CELL_VALUE, xem O_QLKD_23)"
K_QLKD_1809,DATA EXPLORER,Nhóm 81 — Báo cáo theo Thông tư 121/2020/TT-BTC (STT 81),Trái phiếu >> Mua trong kỳ >> Khối lượng,Cơ sở,QLKD,,,,,"Pending - chưa thiết kế nguồn (gap Atomic REPORT_CELL_VALUE, xem O_QLKD_23)"
K_QLKD_1810,DATA EXPLORER,Nhóm 81 — Báo cáo theo Thông tư 121/2020/TT-BTC (STT 81),Trái phiếu >> Mua trong kỳ >> Giá trị (Triệu đồng),Cơ sở,QLKD,,,,,"Pending - chưa thiết kế nguồn (gap Atomic REPORT_CELL_VALUE, xem O_QLKD_23)"
K_QLKD_1811,DATA EXPLORER,Nhóm 81 — Báo cáo theo Thông tư 121/2020/TT-BTC (STT 81),Trái phiếu >> Bán trong kỳ >> Khối lượng,Cơ sở,QLKD,,,,,"Pending - chưa thiết kế nguồn (gap Atomic REPORT_CELL_VALUE, xem O_QLKD_23)"
K_QLKD_1812,DATA EXPLORER,Nhóm 81 — Báo cáo theo Thông tư 121/2020/TT-BTC (STT 81),Trái phiếu >> Bán trong kỳ >> Giá trị (Triệu đồng),Cơ sở,QLKD,,,,,"Pending - chưa thiết kế nguồn (gap Atomic REPORT_CELL_VALUE, xem O_QLKD_23)"
K_QLKD_1813,DATA EXPLORER,Nhóm 82 — Báo cáo theo Thông tư 121/2020/TT-BTC (STT 82),Loại báo cáo,Chiều,QLKD,,,,,"Pending - chưa thiết kế nguồn (gap Atomic REPORT_CELL_VALUE, xem O_QLKD_23)"
K_QLKD_1814,DATA EXPLORER,Nhóm 82 — Báo cáo theo Thông tư 121/2020/TT-BTC (STT 82),Kỳ báo cáo,Chiều,QLKD,,,,,"Pending - chưa thiết kế nguồn (gap Atomic REPORT_CELL_VALUE, xem O_QLKD_23)"
K_QLKD_1815,DATA EXPLORER,Nhóm 82 — Báo cáo theo Thông tư 121/2020/TT-BTC (STT 82),Mã báo cáo,Chiều,QLKD,,,,,"Pending - chưa thiết kế nguồn (gap Atomic REPORT_CELL_VALUE, xem O_QLKD_23)"
K_QLKD_1816,DATA EXPLORER,Nhóm 82 — Báo cáo theo Thông tư 121/2020/TT-BTC (STT 82),Tên báo cáo,Chiều,QLKD,,,,,"Pending - chưa thiết kế nguồn (gap Atomic REPORT_CELL_VALUE, xem O_QLKD_23)"
K_QLKD_1817,DATA EXPLORER,Nhóm 82 — Báo cáo theo Thông tư 121/2020/TT-BTC (STT 82),Mã sheet,Chiều,QLKD,,,,,"Pending - chưa thiết kế nguồn (gap Atomic REPORT_CELL_VALUE, xem O_QLKD_23)"
K_QLKD_1818,DATA EXPLORER,Nhóm 82 — Báo cáo theo Thông tư 121/2020/TT-BTC (STT 82),Tên sheet,Chiều,QLKD,,,,,"Pending - chưa thiết kế nguồn (gap Atomic REPORT_CELL_VALUE, xem O_QLKD_23)"
K_QLKD_1819,DATA EXPLORER,Nhóm 82 — Báo cáo theo Thông tư 121/2020/TT-BTC (STT 82),Mã chỉ tiêu,Chiều,QLKD,,,,,"Pending - chưa thiết kế nguồn (gap Atomic REPORT_CELL_VALUE, xem O_QLKD_23)"
K_QLKD_1820,DATA EXPLORER,Nhóm 82 — Báo cáo theo Thông tư 121/2020/TT-BTC (STT 82),Tên chỉ tiêu,Chiều,QLKD,,,,,"Pending - chưa thiết kế nguồn (gap Atomic REPORT_CELL_VALUE, xem O_QLKD_23)"
K_QLKD_1821,DATA EXPLORER,Nhóm 82 — Báo cáo theo Thông tư 121/2020/TT-BTC (STT 82),Tên công ty chứng khoán,Cơ sở,QLKD,,,,,"Pending - chưa thiết kế nguồn (gap Atomic REPORT_CELL_VALUE, xem O_QLKD_23)"
K_QLKD_1822,DATA EXPLORER,Nhóm 82 — Báo cáo theo Thông tư 121/2020/TT-BTC (STT 82),Sàn giao dịch,Cơ sở,QLKD,,,,,"Pending - chưa thiết kế nguồn (gap Atomic REPORT_CELL_VALUE, xem O_QLKD_23)"
K_QLKD_1823,DATA EXPLORER,Nhóm 82 — Báo cáo theo Thông tư 121/2020/TT-BTC (STT 82),Mã chứng khoán,Cơ sở,QLKD,,,,,"Pending - chưa thiết kế nguồn (gap Atomic REPORT_CELL_VALUE, xem O_QLKD_23)"
K_QLKD_1824,DATA EXPLORER,Nhóm 82 — Báo cáo theo Thông tư 121/2020/TT-BTC (STT 82),Giấy phép >> Số,Cơ sở,QLKD,,,,,"Pending - chưa thiết kế nguồn (gap Atomic REPORT_CELL_VALUE, xem O_QLKD_23)"
K_QLKD_1825,DATA EXPLORER,Nhóm 82 — Báo cáo theo Thông tư 121/2020/TT-BTC (STT 82),"Giấy phép >> Ngày cấp
(Ngày/tháng/năm)",Cơ sở,QLKD,,,,,"Pending - chưa thiết kế nguồn (gap Atomic REPORT_CELL_VALUE, xem O_QLKD_23)"
K_QLKD_1826,DATA EXPLORER,Nhóm 82 — Báo cáo theo Thông tư 121/2020/TT-BTC (STT 82),"Vốn chủ sở hữu
(triệu đồng)",Cơ sở,QLKD,,,,,"Pending - chưa thiết kế nguồn (gap Atomic REPORT_CELL_VALUE, xem O_QLKD_23)"
K_QLKD_1827,DATA EXPLORER,Nhóm 82 — Báo cáo theo Thông tư 121/2020/TT-BTC (STT 82),Mã chứng khoán (Cổ phiếu/chứng chỉ quỹ),Cơ sở,QLKD,,,,,"Pending - chưa thiết kế nguồn (gap Atomic REPORT_CELL_VALUE, xem O_QLKD_23)"
K_QLKD_1828,DATA EXPLORER,Nhóm 82 — Báo cáo theo Thông tư 121/2020/TT-BTC (STT 82),Số lượng chứng khoán nắm giữ,Cơ sở,QLKD,,,,,"Pending - chưa thiết kế nguồn (gap Atomic REPORT_CELL_VALUE, xem O_QLKD_23)"
K_QLKD_1829,DATA EXPLORER,Nhóm 82 — Báo cáo theo Thông tư 121/2020/TT-BTC (STT 82),Giá trị chứng khoán nắm giữ (triệu đồng),Cơ sở,QLKD,,,,,"Pending - chưa thiết kế nguồn (gap Atomic REPORT_CELL_VALUE, xem O_QLKD_23)"
K_QLKD_1830,DATA EXPLORER,Nhóm 82 — Báo cáo theo Thông tư 121/2020/TT-BTC (STT 82),Tổng số chứng khoán đang lưu hành của tổ chức phát hành vào thời điểm báo cáo,Cơ sở,QLKD,,,,,"Pending - chưa thiết kế nguồn (gap Atomic REPORT_CELL_VALUE, xem O_QLKD_23)"
K_QLKD_1831,DATA EXPLORER,Nhóm 82 — Báo cáo theo Thông tư 121/2020/TT-BTC (STT 82),Tỷ lệ sở hữu (%),Cơ sở,QLKD,,,,,"Pending - chưa thiết kế nguồn (gap Atomic REPORT_CELL_VALUE, xem O_QLKD_23)"
K_QLKD_1832,DATA EXPLORER,Nhóm 82 — Báo cáo theo Thông tư 121/2020/TT-BTC (STT 82),Tổng Giá trị chứng khoán nắm giữ (triệu đồng),Cơ sở,QLKD,,,,,"Pending - chưa thiết kế nguồn (gap Atomic REPORT_CELL_VALUE, xem O_QLKD_23)"
K_QLKD_1833,DATA EXPLORER,Nhóm 82 — Báo cáo theo Thông tư 121/2020/TT-BTC (STT 82),Tổng Giá trị cổ phiếu đang nắm giữ (triệu đồng),Cơ sở,QLKD,,,,,"Pending - chưa thiết kế nguồn (gap Atomic REPORT_CELL_VALUE, xem O_QLKD_23)"
K_QLKD_1834,DATA EXPLORER,Nhóm 82 — Báo cáo theo Thông tư 121/2020/TT-BTC (STT 82),Tổng Giá trị chứng chỉ quỹ nắm giữ (triệu đồng),Cơ sở,QLKD,,,,,"Pending - chưa thiết kế nguồn (gap Atomic REPORT_CELL_VALUE, xem O_QLKD_23)"
K_QLKD_1835,DATA EXPLORER,Nhóm 83 — Báo cáo theo Thông tư 121/2020/TT-BTC (STT 83),Loại báo cáo,Chiều,QLKD,,,,,"Pending - chưa thiết kế nguồn (gap Atomic REPORT_CELL_VALUE, xem O_QLKD_23)"
K_QLKD_1836,DATA EXPLORER,Nhóm 83 — Báo cáo theo Thông tư 121/2020/TT-BTC (STT 83),Kỳ báo cáo,Chiều,QLKD,,,,,"Pending - chưa thiết kế nguồn (gap Atomic REPORT_CELL_VALUE, xem O_QLKD_23)"
K_QLKD_1837,DATA EXPLORER,Nhóm 83 — Báo cáo theo Thông tư 121/2020/TT-BTC (STT 83),Mã báo cáo,Chiều,QLKD,,,,,"Pending - chưa thiết kế nguồn (gap Atomic REPORT_CELL_VALUE, xem O_QLKD_23)"
K_QLKD_1838,DATA EXPLORER,Nhóm 83 — Báo cáo theo Thông tư 121/2020/TT-BTC (STT 83),Tên báo cáo,Chiều,QLKD,,,,,"Pending - chưa thiết kế nguồn (gap Atomic REPORT_CELL_VALUE, xem O_QLKD_23)"
K_QLKD_1839,DATA EXPLORER,Nhóm 83 — Báo cáo theo Thông tư 121/2020/TT-BTC (STT 83),Mã sheet,Chiều,QLKD,,,,,"Pending - chưa thiết kế nguồn (gap Atomic REPORT_CELL_VALUE, xem O_QLKD_23)"
K_QLKD_1840,DATA EXPLORER,Nhóm 83 — Báo cáo theo Thông tư 121/2020/TT-BTC (STT 83),Tên sheet,Chiều,QLKD,,,,,"Pending - chưa thiết kế nguồn (gap Atomic REPORT_CELL_VALUE, xem O_QLKD_23)"
K_QLKD_1841,DATA EXPLORER,Nhóm 83 — Báo cáo theo Thông tư 121/2020/TT-BTC (STT 83),Mã chỉ tiêu,Chiều,QLKD,,,,,"Pending - chưa thiết kế nguồn (gap Atomic REPORT_CELL_VALUE, xem O_QLKD_23)"
K_QLKD_1842,DATA EXPLORER,Nhóm 83 — Báo cáo theo Thông tư 121/2020/TT-BTC (STT 83),Tên chỉ tiêu,Chiều,QLKD,,,,,"Pending - chưa thiết kế nguồn (gap Atomic REPORT_CELL_VALUE, xem O_QLKD_23)"
K_QLKD_1843,DATA EXPLORER,Nhóm 83 — Báo cáo theo Thông tư 121/2020/TT-BTC (STT 83),Tên công ty chứng khoán,Cơ sở,QLKD,,,,,"Pending - chưa thiết kế nguồn (gap Atomic REPORT_CELL_VALUE, xem O_QLKD_23)"
K_QLKD_1844,DATA EXPLORER,Nhóm 83 — Báo cáo theo Thông tư 121/2020/TT-BTC (STT 83),Sàn giao dịch,Cơ sở,QLKD,,,,,"Pending - chưa thiết kế nguồn (gap Atomic REPORT_CELL_VALUE, xem O_QLKD_23)"
K_QLKD_1845,DATA EXPLORER,Nhóm 83 — Báo cáo theo Thông tư 121/2020/TT-BTC (STT 83),Mã chứng khoán,Cơ sở,QLKD,,,,,"Pending - chưa thiết kế nguồn (gap Atomic REPORT_CELL_VALUE, xem O_QLKD_23)"
K_QLKD_1846,DATA EXPLORER,Nhóm 83 — Báo cáo theo Thông tư 121/2020/TT-BTC (STT 83),Giấy phép >> Số,Cơ sở,QLKD,,,,,"Pending - chưa thiết kế nguồn (gap Atomic REPORT_CELL_VALUE, xem O_QLKD_23)"
K_QLKD_1847,DATA EXPLORER,Nhóm 83 — Báo cáo theo Thông tư 121/2020/TT-BTC (STT 83),"Giấy phép >> Ngày cấp
(Ngày/tháng/năm)",Cơ sở,QLKD,,,,,"Pending - chưa thiết kế nguồn (gap Atomic REPORT_CELL_VALUE, xem O_QLKD_23)"
K_QLKD_1848,DATA EXPLORER,Nhóm 83 — Báo cáo theo Thông tư 121/2020/TT-BTC (STT 83),"Vốn chủ sở hữu
(triệu đồng)",Cơ sở,QLKD,,,,,"Pending - chưa thiết kế nguồn (gap Atomic REPORT_CELL_VALUE, xem O_QLKD_23)"
K_QLKD_1849,DATA EXPLORER,Nhóm 83 — Báo cáo theo Thông tư 121/2020/TT-BTC (STT 83),Tổng giá trị chứng khoán nắm giữ (triệu đồng),Cơ sở,QLKD,,,,,"Pending - chưa thiết kế nguồn (gap Atomic REPORT_CELL_VALUE, xem O_QLKD_23)"
K_QLKD_1850,DATA EXPLORER,Nhóm 83 — Báo cáo theo Thông tư 121/2020/TT-BTC (STT 83),Tổng giá trị cổ phiếu đang nắm giữ (triệu đồng),Cơ sở,QLKD,,,,,"Pending - chưa thiết kế nguồn (gap Atomic REPORT_CELL_VALUE, xem O_QLKD_23)"
K_QLKD_1851,DATA EXPLORER,Nhóm 83 — Báo cáo theo Thông tư 121/2020/TT-BTC (STT 83),Tổng giá trị chứng chỉ quỹ nắm giữ (triệu đồng),Cơ sở,QLKD,,,,,"Pending - chưa thiết kế nguồn (gap Atomic REPORT_CELL_VALUE, xem O_QLKD_23)"
K_QLKD_1852,DATA EXPLORER,Nhóm 84 — Báo cáo theo Thông tư 121/2020/TT-BTC (STT 84),Loại báo cáo,Chiều,QLKD,,,,,"Pending - chưa thiết kế nguồn (gap Atomic REPORT_CELL_VALUE, xem O_QLKD_23)"
K_QLKD_1853,DATA EXPLORER,Nhóm 84 — Báo cáo theo Thông tư 121/2020/TT-BTC (STT 84),Kỳ báo cáo,Chiều,QLKD,,,,,"Pending - chưa thiết kế nguồn (gap Atomic REPORT_CELL_VALUE, xem O_QLKD_23)"
K_QLKD_1854,DATA EXPLORER,Nhóm 84 — Báo cáo theo Thông tư 121/2020/TT-BTC (STT 84),Mã báo cáo,Chiều,QLKD,,,,,"Pending - chưa thiết kế nguồn (gap Atomic REPORT_CELL_VALUE, xem O_QLKD_23)"
K_QLKD_1855,DATA EXPLORER,Nhóm 84 — Báo cáo theo Thông tư 121/2020/TT-BTC (STT 84),Tên báo cáo,Chiều,QLKD,,,,,"Pending - chưa thiết kế nguồn (gap Atomic REPORT_CELL_VALUE, xem O_QLKD_23)"
K_QLKD_1856,DATA EXPLORER,Nhóm 84 — Báo cáo theo Thông tư 121/2020/TT-BTC (STT 84),Mã sheet,Chiều,QLKD,,,,,"Pending - chưa thiết kế nguồn (gap Atomic REPORT_CELL_VALUE, xem O_QLKD_23)"
K_QLKD_1857,DATA EXPLORER,Nhóm 84 — Báo cáo theo Thông tư 121/2020/TT-BTC (STT 84),Tên sheet,Chiều,QLKD,,,,,"Pending - chưa thiết kế nguồn (gap Atomic REPORT_CELL_VALUE, xem O_QLKD_23)"
K_QLKD_1858,DATA EXPLORER,Nhóm 84 — Báo cáo theo Thông tư 121/2020/TT-BTC (STT 84),Mã chỉ tiêu,Chiều,QLKD,,,,,"Pending - chưa thiết kế nguồn (gap Atomic REPORT_CELL_VALUE, xem O_QLKD_23)"
K_QLKD_1859,DATA EXPLORER,Nhóm 84 — Báo cáo theo Thông tư 121/2020/TT-BTC (STT 84),Tên chỉ tiêu,Chiều,QLKD,,,,,"Pending - chưa thiết kế nguồn (gap Atomic REPORT_CELL_VALUE, xem O_QLKD_23)"
K_QLKD_1860,DATA EXPLORER,Nhóm 84 — Báo cáo theo Thông tư 121/2020/TT-BTC (STT 84),Tên công ty chứng khoán,Cơ sở,QLKD,,,,,"Pending - chưa thiết kế nguồn (gap Atomic REPORT_CELL_VALUE, xem O_QLKD_23)"
K_QLKD_1861,DATA EXPLORER,Nhóm 84 — Báo cáo theo Thông tư 121/2020/TT-BTC (STT 84),Sàn giao dịch,Cơ sở,QLKD,,,,,"Pending - chưa thiết kế nguồn (gap Atomic REPORT_CELL_VALUE, xem O_QLKD_23)"
K_QLKD_1862,DATA EXPLORER,Nhóm 84 — Báo cáo theo Thông tư 121/2020/TT-BTC (STT 84),Mã chứng khoán,Cơ sở,QLKD,,,,,"Pending - chưa thiết kế nguồn (gap Atomic REPORT_CELL_VALUE, xem O_QLKD_23)"
K_QLKD_1863,DATA EXPLORER,Nhóm 84 — Báo cáo theo Thông tư 121/2020/TT-BTC (STT 84),Giấy phép >> Số,Cơ sở,QLKD,,,,,"Pending - chưa thiết kế nguồn (gap Atomic REPORT_CELL_VALUE, xem O_QLKD_23)"
K_QLKD_1864,DATA EXPLORER,Nhóm 84 — Báo cáo theo Thông tư 121/2020/TT-BTC (STT 84),"Giấy phép >> Ngày cấp
(Ngày/tháng/năm)",Cơ sở,QLKD,,,,,"Pending - chưa thiết kế nguồn (gap Atomic REPORT_CELL_VALUE, xem O_QLKD_23)"
K_QLKD_1865,DATA EXPLORER,Nhóm 84 — Báo cáo theo Thông tư 121/2020/TT-BTC (STT 84),"Vốn chủ sở hữu
(triệu đồng)",Cơ sở,QLKD,,,,,"Pending - chưa thiết kế nguồn (gap Atomic REPORT_CELL_VALUE, xem O_QLKD_23)"
K_QLKD_1866,DATA EXPLORER,Nhóm 84 — Báo cáo theo Thông tư 121/2020/TT-BTC (STT 84),Cổ phiếu >> Giá trị đầu tư trong nước,Cơ sở,QLKD,,,,,"Pending - chưa thiết kế nguồn (gap Atomic REPORT_CELL_VALUE, xem O_QLKD_23)"
K_QLKD_1867,DATA EXPLORER,Nhóm 84 — Báo cáo theo Thông tư 121/2020/TT-BTC (STT 84),Cổ phiếu >> Giá trị đầu tư ra nước ngoài,Cơ sở,QLKD,,,,,"Pending - chưa thiết kế nguồn (gap Atomic REPORT_CELL_VALUE, xem O_QLKD_23)"
K_QLKD_1868,DATA EXPLORER,Nhóm 84 — Báo cáo theo Thông tư 121/2020/TT-BTC (STT 84),Cổ phiếu >> Tổng,Cơ sở,QLKD,,,,,"Pending - chưa thiết kế nguồn (gap Atomic REPORT_CELL_VALUE, xem O_QLKD_23)"
K_QLKD_1869,DATA EXPLORER,Nhóm 84 — Báo cáo theo Thông tư 121/2020/TT-BTC (STT 84),Dự án kinh doanh/tổ chức khác >> Giá trị đầu tư trong nước,Cơ sở,QLKD,,,,,"Pending - chưa thiết kế nguồn (gap Atomic REPORT_CELL_VALUE, xem O_QLKD_23)"
K_QLKD_1870,DATA EXPLORER,Nhóm 84 — Báo cáo theo Thông tư 121/2020/TT-BTC (STT 84),Dự án kinh doanh/tổ chức khác >> Giá trị đầu tư ra nước ngoài,Cơ sở,QLKD,,,,,"Pending - chưa thiết kế nguồn (gap Atomic REPORT_CELL_VALUE, xem O_QLKD_23)"
K_QLKD_1871,DATA EXPLORER,Nhóm 84 — Báo cáo theo Thông tư 121/2020/TT-BTC (STT 84),Dự án kinh doanh/tổ chức khác >> Tổng,Cơ sở,QLKD,,,,,"Pending - chưa thiết kế nguồn (gap Atomic REPORT_CELL_VALUE, xem O_QLKD_23)"
K_QLKD_1872,DATA EXPLORER,Nhóm 84 — Báo cáo theo Thông tư 121/2020/TT-BTC (STT 84),"Tổng giá trị đầu tư vào cổ phiếu, dự án đầu tư (trong và ngoài nước)",Cơ sở,QLKD,,,,,"Pending - chưa thiết kế nguồn (gap Atomic REPORT_CELL_VALUE, xem O_QLKD_23)"
K_QLKD_1873,DATA EXPLORER,Nhóm 84 — Báo cáo theo Thông tư 121/2020/TT-BTC (STT 84),"Tỷ lệ đầu tư vào cổ phiếu, phần vốn góp và dự án kinh doanh",Cơ sở,QLKD,,,,,"Pending - chưa thiết kế nguồn (gap Atomic REPORT_CELL_VALUE, xem O_QLKD_23)"
K_QLKD_1874,DATA EXPLORER,Nhóm 85 — Báo cáo theo Thông tư 121/2020/TT-BTC (STT 85),Loại báo cáo,Chiều,QLKD,,,,,"Pending - chưa thiết kế nguồn (gap Atomic REPORT_CELL_VALUE, xem O_QLKD_23)"
K_QLKD_1875,DATA EXPLORER,Nhóm 85 — Báo cáo theo Thông tư 121/2020/TT-BTC (STT 85),Kỳ báo cáo,Chiều,QLKD,,,,,"Pending - chưa thiết kế nguồn (gap Atomic REPORT_CELL_VALUE, xem O_QLKD_23)"
K_QLKD_1876,DATA EXPLORER,Nhóm 85 — Báo cáo theo Thông tư 121/2020/TT-BTC (STT 85),Mã báo cáo,Chiều,QLKD,,,,,"Pending - chưa thiết kế nguồn (gap Atomic REPORT_CELL_VALUE, xem O_QLKD_23)"
K_QLKD_1877,DATA EXPLORER,Nhóm 85 — Báo cáo theo Thông tư 121/2020/TT-BTC (STT 85),Tên báo cáo,Chiều,QLKD,,,,,"Pending - chưa thiết kế nguồn (gap Atomic REPORT_CELL_VALUE, xem O_QLKD_23)"
K_QLKD_1878,DATA EXPLORER,Nhóm 85 — Báo cáo theo Thông tư 121/2020/TT-BTC (STT 85),Mã sheet,Chiều,QLKD,,,,,"Pending - chưa thiết kế nguồn (gap Atomic REPORT_CELL_VALUE, xem O_QLKD_23)"
K_QLKD_1879,DATA EXPLORER,Nhóm 85 — Báo cáo theo Thông tư 121/2020/TT-BTC (STT 85),Tên sheet,Chiều,QLKD,,,,,"Pending - chưa thiết kế nguồn (gap Atomic REPORT_CELL_VALUE, xem O_QLKD_23)"
K_QLKD_1880,DATA EXPLORER,Nhóm 85 — Báo cáo theo Thông tư 121/2020/TT-BTC (STT 85),Mã chỉ tiêu,Chiều,QLKD,,,,,"Pending - chưa thiết kế nguồn (gap Atomic REPORT_CELL_VALUE, xem O_QLKD_23)"
K_QLKD_1881,DATA EXPLORER,Nhóm 85 — Báo cáo theo Thông tư 121/2020/TT-BTC (STT 85),Tên chỉ tiêu,Chiều,QLKD,,,,,"Pending - chưa thiết kế nguồn (gap Atomic REPORT_CELL_VALUE, xem O_QLKD_23)"
K_QLKD_1882,DATA EXPLORER,Nhóm 85 — Báo cáo theo Thông tư 121/2020/TT-BTC (STT 85),Tên công ty chứng khoán,Cơ sở,QLKD,,,,,"Pending - chưa thiết kế nguồn (gap Atomic REPORT_CELL_VALUE, xem O_QLKD_23)"
K_QLKD_1883,DATA EXPLORER,Nhóm 85 — Báo cáo theo Thông tư 121/2020/TT-BTC (STT 85),Sàn giao dịch,Cơ sở,QLKD,,,,,"Pending - chưa thiết kế nguồn (gap Atomic REPORT_CELL_VALUE, xem O_QLKD_23)"
K_QLKD_1884,DATA EXPLORER,Nhóm 85 — Báo cáo theo Thông tư 121/2020/TT-BTC (STT 85),Mã chứng khoán,Cơ sở,QLKD,,,,,"Pending - chưa thiết kế nguồn (gap Atomic REPORT_CELL_VALUE, xem O_QLKD_23)"
K_QLKD_1885,DATA EXPLORER,Nhóm 85 — Báo cáo theo Thông tư 121/2020/TT-BTC (STT 85),Giấy phép >> Số,Cơ sở,QLKD,,,,,"Pending - chưa thiết kế nguồn (gap Atomic REPORT_CELL_VALUE, xem O_QLKD_23)"
K_QLKD_1886,DATA EXPLORER,Nhóm 85 — Báo cáo theo Thông tư 121/2020/TT-BTC (STT 85),"Giấy phép >> Ngày cấp
(Ngày/tháng/năm)",Cơ sở,QLKD,,,,,"Pending - chưa thiết kế nguồn (gap Atomic REPORT_CELL_VALUE, xem O_QLKD_23)"
K_QLKD_1887,DATA EXPLORER,Nhóm 85 — Báo cáo theo Thông tư 121/2020/TT-BTC (STT 85),Đầu tư trong nước >> Tên tổ chức khác,Cơ sở,QLKD,,,,,"Pending - chưa thiết kế nguồn (gap Atomic REPORT_CELL_VALUE, xem O_QLKD_23)"
K_QLKD_1888,DATA EXPLORER,Nhóm 85 — Báo cáo theo Thông tư 121/2020/TT-BTC (STT 85),Đầu tư trong nước >> Số lượng cổ phiếu nắm giữ,Cơ sở,QLKD,,,,,"Pending - chưa thiết kế nguồn (gap Atomic REPORT_CELL_VALUE, xem O_QLKD_23)"
K_QLKD_1889,DATA EXPLORER,Nhóm 85 — Báo cáo theo Thông tư 121/2020/TT-BTC (STT 85),Đầu tư trong nước >> Giá trị cổ phiếu nắm giữ (Triệu đồng),Cơ sở,QLKD,,,,,"Pending - chưa thiết kế nguồn (gap Atomic REPORT_CELL_VALUE, xem O_QLKD_23)"
K_QLKD_1890,DATA EXPLORER,Nhóm 85 — Báo cáo theo Thông tư 121/2020/TT-BTC (STT 85),Đầu tư trong nước >> Tỷ lệ đầu tư (%),Cơ sở,QLKD,,,,,"Pending - chưa thiết kế nguồn (gap Atomic REPORT_CELL_VALUE, xem O_QLKD_23)"
K_QLKD_1891,DATA EXPLORER,Nhóm 86 — Báo cáo theo Thông tư 121/2020/TT-BTC (STT 86),Loại báo cáo,Chiều,QLKD,,,,,"Pending - chưa thiết kế nguồn (gap Atomic REPORT_CELL_VALUE, xem O_QLKD_23)"
K_QLKD_1892,DATA EXPLORER,Nhóm 86 — Báo cáo theo Thông tư 121/2020/TT-BTC (STT 86),Kỳ báo cáo,Chiều,QLKD,,,,,"Pending - chưa thiết kế nguồn (gap Atomic REPORT_CELL_VALUE, xem O_QLKD_23)"
K_QLKD_1893,DATA EXPLORER,Nhóm 86 — Báo cáo theo Thông tư 121/2020/TT-BTC (STT 86),Mã báo cáo,Chiều,QLKD,,,,,"Pending - chưa thiết kế nguồn (gap Atomic REPORT_CELL_VALUE, xem O_QLKD_23)"
K_QLKD_1894,DATA EXPLORER,Nhóm 86 — Báo cáo theo Thông tư 121/2020/TT-BTC (STT 86),Tên báo cáo,Chiều,QLKD,,,,,"Pending - chưa thiết kế nguồn (gap Atomic REPORT_CELL_VALUE, xem O_QLKD_23)"
K_QLKD_1895,DATA EXPLORER,Nhóm 86 — Báo cáo theo Thông tư 121/2020/TT-BTC (STT 86),Mã sheet,Chiều,QLKD,,,,,"Pending - chưa thiết kế nguồn (gap Atomic REPORT_CELL_VALUE, xem O_QLKD_23)"
K_QLKD_1896,DATA EXPLORER,Nhóm 86 — Báo cáo theo Thông tư 121/2020/TT-BTC (STT 86),Tên sheet,Chiều,QLKD,,,,,"Pending - chưa thiết kế nguồn (gap Atomic REPORT_CELL_VALUE, xem O_QLKD_23)"
K_QLKD_1897,DATA EXPLORER,Nhóm 86 — Báo cáo theo Thông tư 121/2020/TT-BTC (STT 86),Mã chỉ tiêu,Chiều,QLKD,,,,,"Pending - chưa thiết kế nguồn (gap Atomic REPORT_CELL_VALUE, xem O_QLKD_23)"
K_QLKD_1898,DATA EXPLORER,Nhóm 86 — Báo cáo theo Thông tư 121/2020/TT-BTC (STT 86),Tên chỉ tiêu,Chiều,QLKD,,,,,"Pending - chưa thiết kế nguồn (gap Atomic REPORT_CELL_VALUE, xem O_QLKD_23)"
K_QLKD_1899,DATA EXPLORER,Nhóm 86 — Báo cáo theo Thông tư 121/2020/TT-BTC (STT 86),Tên công ty chứng khoán,Cơ sở,QLKD,,,,,"Pending - chưa thiết kế nguồn (gap Atomic REPORT_CELL_VALUE, xem O_QLKD_23)"
K_QLKD_1900,DATA EXPLORER,Nhóm 86 — Báo cáo theo Thông tư 121/2020/TT-BTC (STT 86),Sàn giao dịch,Cơ sở,QLKD,,,,,"Pending - chưa thiết kế nguồn (gap Atomic REPORT_CELL_VALUE, xem O_QLKD_23)"
K_QLKD_1901,DATA EXPLORER,Nhóm 86 — Báo cáo theo Thông tư 121/2020/TT-BTC (STT 86),Mã chứng khoán,Cơ sở,QLKD,,,,,"Pending - chưa thiết kế nguồn (gap Atomic REPORT_CELL_VALUE, xem O_QLKD_23)"
K_QLKD_1902,DATA EXPLORER,Nhóm 86 — Báo cáo theo Thông tư 121/2020/TT-BTC (STT 86),Giấy phép >> Số,Cơ sở,QLKD,,,,,"Pending - chưa thiết kế nguồn (gap Atomic REPORT_CELL_VALUE, xem O_QLKD_23)"
K_QLKD_1903,DATA EXPLORER,Nhóm 86 — Báo cáo theo Thông tư 121/2020/TT-BTC (STT 86),"Giấy phép >> Ngày cấp
(Ngày/tháng/năm)",Cơ sở,QLKD,,,,,"Pending - chưa thiết kế nguồn (gap Atomic REPORT_CELL_VALUE, xem O_QLKD_23)"
K_QLKD_1904,DATA EXPLORER,Nhóm 86 — Báo cáo theo Thông tư 121/2020/TT-BTC (STT 86),Đầu tư ra nước ngoài >> Tên tổ chức khác,Cơ sở,QLKD,,,,,"Pending - chưa thiết kế nguồn (gap Atomic REPORT_CELL_VALUE, xem O_QLKD_23)"
K_QLKD_1905,DATA EXPLORER,Nhóm 86 — Báo cáo theo Thông tư 121/2020/TT-BTC (STT 86),Đầu tư ra nước ngoài >> Số lượng cổ phiếu nắm giữ,Cơ sở,QLKD,,,,,"Pending - chưa thiết kế nguồn (gap Atomic REPORT_CELL_VALUE, xem O_QLKD_23)"
K_QLKD_1906,DATA EXPLORER,Nhóm 86 — Báo cáo theo Thông tư 121/2020/TT-BTC (STT 86),Đầu tư ra nước ngoài >> Giá trị cổ phiếu nắm giữ (Triệu đồng),Cơ sở,QLKD,,,,,"Pending - chưa thiết kế nguồn (gap Atomic REPORT_CELL_VALUE, xem O_QLKD_23)"
K_QLKD_1907,DATA EXPLORER,Nhóm 86 — Báo cáo theo Thông tư 121/2020/TT-BTC (STT 86),Đầu tư ra nước ngoài >> Tỷ lệ đầu tư (%),Cơ sở,QLKD,,,,,"Pending - chưa thiết kế nguồn (gap Atomic REPORT_CELL_VALUE, xem O_QLKD_23)"
K_QLKD_1908,DATA EXPLORER,Nhóm 87 — Báo cáo theo Thông tư 121/2020/TT-BTC (STT 87),Loại báo cáo,Chiều,QLKD,,,,,"Pending - chưa thiết kế nguồn (gap Atomic REPORT_CELL_VALUE, xem O_QLKD_23)"
K_QLKD_1909,DATA EXPLORER,Nhóm 87 — Báo cáo theo Thông tư 121/2020/TT-BTC (STT 87),Kỳ báo cáo,Chiều,QLKD,,,,,"Pending - chưa thiết kế nguồn (gap Atomic REPORT_CELL_VALUE, xem O_QLKD_23)"
K_QLKD_1910,DATA EXPLORER,Nhóm 87 — Báo cáo theo Thông tư 121/2020/TT-BTC (STT 87),Mã báo cáo,Chiều,QLKD,,,,,"Pending - chưa thiết kế nguồn (gap Atomic REPORT_CELL_VALUE, xem O_QLKD_23)"
K_QLKD_1911,DATA EXPLORER,Nhóm 87 — Báo cáo theo Thông tư 121/2020/TT-BTC (STT 87),Tên báo cáo,Chiều,QLKD,,,,,"Pending - chưa thiết kế nguồn (gap Atomic REPORT_CELL_VALUE, xem O_QLKD_23)"
K_QLKD_1912,DATA EXPLORER,Nhóm 87 — Báo cáo theo Thông tư 121/2020/TT-BTC (STT 87),Mã sheet,Chiều,QLKD,,,,,"Pending - chưa thiết kế nguồn (gap Atomic REPORT_CELL_VALUE, xem O_QLKD_23)"
K_QLKD_1913,DATA EXPLORER,Nhóm 87 — Báo cáo theo Thông tư 121/2020/TT-BTC (STT 87),Tên sheet,Chiều,QLKD,,,,,"Pending - chưa thiết kế nguồn (gap Atomic REPORT_CELL_VALUE, xem O_QLKD_23)"
K_QLKD_1914,DATA EXPLORER,Nhóm 87 — Báo cáo theo Thông tư 121/2020/TT-BTC (STT 87),Mã chỉ tiêu,Chiều,QLKD,,,,,"Pending - chưa thiết kế nguồn (gap Atomic REPORT_CELL_VALUE, xem O_QLKD_23)"
K_QLKD_1915,DATA EXPLORER,Nhóm 87 — Báo cáo theo Thông tư 121/2020/TT-BTC (STT 87),Tên chỉ tiêu,Chiều,QLKD,,,,,"Pending - chưa thiết kế nguồn (gap Atomic REPORT_CELL_VALUE, xem O_QLKD_23)"
K_QLKD_1916,DATA EXPLORER,Nhóm 87 — Báo cáo theo Thông tư 121/2020/TT-BTC (STT 87),Tên công ty chứng khoán,Cơ sở,QLKD,,,,,"Pending - chưa thiết kế nguồn (gap Atomic REPORT_CELL_VALUE, xem O_QLKD_23)"
K_QLKD_1917,DATA EXPLORER,Nhóm 87 — Báo cáo theo Thông tư 121/2020/TT-BTC (STT 87),Sàn giao dịch,Cơ sở,QLKD,,,,,"Pending - chưa thiết kế nguồn (gap Atomic REPORT_CELL_VALUE, xem O_QLKD_23)"
K_QLKD_1918,DATA EXPLORER,Nhóm 87 — Báo cáo theo Thông tư 121/2020/TT-BTC (STT 87),Mã chứng khoán,Cơ sở,QLKD,,,,,"Pending - chưa thiết kế nguồn (gap Atomic REPORT_CELL_VALUE, xem O_QLKD_23)"
K_QLKD_1919,DATA EXPLORER,Nhóm 87 — Báo cáo theo Thông tư 121/2020/TT-BTC (STT 87),Giấy phép >> Số,Cơ sở,QLKD,,,,,"Pending - chưa thiết kế nguồn (gap Atomic REPORT_CELL_VALUE, xem O_QLKD_23)"
K_QLKD_1920,DATA EXPLORER,Nhóm 87 — Báo cáo theo Thông tư 121/2020/TT-BTC (STT 87),"Giấy phép >> Ngày cấp
(Ngày/tháng/năm)",Cơ sở,QLKD,,,,,"Pending - chưa thiết kế nguồn (gap Atomic REPORT_CELL_VALUE, xem O_QLKD_23)"
K_QLKD_1921,DATA EXPLORER,Nhóm 87 — Báo cáo theo Thông tư 121/2020/TT-BTC (STT 87),Đầu tư trong nước >> Tên tổ chức/dự án kinh doanh,Cơ sở,QLKD,,,,,"Pending - chưa thiết kế nguồn (gap Atomic REPORT_CELL_VALUE, xem O_QLKD_23)"
K_QLKD_1922,DATA EXPLORER,Nhóm 87 — Báo cáo theo Thông tư 121/2020/TT-BTC (STT 87),Đầu tư trong nước >> Giá trị vốn góp vào tổ chức/dự án kinh doanh (triệu đồng),Cơ sở,QLKD,,,,,"Pending - chưa thiết kế nguồn (gap Atomic REPORT_CELL_VALUE, xem O_QLKD_23)"
K_QLKD_1923,DATA EXPLORER,Nhóm 87 — Báo cáo theo Thông tư 121/2020/TT-BTC (STT 87),Đầu tư trong nước >> Tỷ lệ đầu tư (%),Cơ sở,QLKD,,,,,"Pending - chưa thiết kế nguồn (gap Atomic REPORT_CELL_VALUE, xem O_QLKD_23)"
K_QLKD_1924,DATA EXPLORER,Nhóm 88 — Báo cáo theo Thông tư 121/2020/TT-BTC (STT 88),Loại báo cáo,Chiều,QLKD,,,,,"Pending - chưa thiết kế nguồn (gap Atomic REPORT_CELL_VALUE, xem O_QLKD_23)"
K_QLKD_1925,DATA EXPLORER,Nhóm 88 — Báo cáo theo Thông tư 121/2020/TT-BTC (STT 88),Kỳ báo cáo,Chiều,QLKD,,,,,"Pending - chưa thiết kế nguồn (gap Atomic REPORT_CELL_VALUE, xem O_QLKD_23)"
K_QLKD_1926,DATA EXPLORER,Nhóm 88 — Báo cáo theo Thông tư 121/2020/TT-BTC (STT 88),Mã báo cáo,Chiều,QLKD,,,,,"Pending - chưa thiết kế nguồn (gap Atomic REPORT_CELL_VALUE, xem O_QLKD_23)"
K_QLKD_1927,DATA EXPLORER,Nhóm 88 — Báo cáo theo Thông tư 121/2020/TT-BTC (STT 88),Tên báo cáo,Chiều,QLKD,,,,,"Pending - chưa thiết kế nguồn (gap Atomic REPORT_CELL_VALUE, xem O_QLKD_23)"
K_QLKD_1928,DATA EXPLORER,Nhóm 88 — Báo cáo theo Thông tư 121/2020/TT-BTC (STT 88),Mã sheet,Chiều,QLKD,,,,,"Pending - chưa thiết kế nguồn (gap Atomic REPORT_CELL_VALUE, xem O_QLKD_23)"
K_QLKD_1929,DATA EXPLORER,Nhóm 88 — Báo cáo theo Thông tư 121/2020/TT-BTC (STT 88),Tên sheet,Chiều,QLKD,,,,,"Pending - chưa thiết kế nguồn (gap Atomic REPORT_CELL_VALUE, xem O_QLKD_23)"
K_QLKD_1930,DATA EXPLORER,Nhóm 88 — Báo cáo theo Thông tư 121/2020/TT-BTC (STT 88),Mã chỉ tiêu,Chiều,QLKD,,,,,"Pending - chưa thiết kế nguồn (gap Atomic REPORT_CELL_VALUE, xem O_QLKD_23)"
K_QLKD_1931,DATA EXPLORER,Nhóm 88 — Báo cáo theo Thông tư 121/2020/TT-BTC (STT 88),Tên chỉ tiêu,Chiều,QLKD,,,,,"Pending - chưa thiết kế nguồn (gap Atomic REPORT_CELL_VALUE, xem O_QLKD_23)"
K_QLKD_1932,DATA EXPLORER,Nhóm 88 — Báo cáo theo Thông tư 121/2020/TT-BTC (STT 88),Tên công ty chứng khoán,Cơ sở,QLKD,,,,,"Pending - chưa thiết kế nguồn (gap Atomic REPORT_CELL_VALUE, xem O_QLKD_23)"
K_QLKD_1933,DATA EXPLORER,Nhóm 88 — Báo cáo theo Thông tư 121/2020/TT-BTC (STT 88),Sàn giao dịch,Cơ sở,QLKD,,,,,"Pending - chưa thiết kế nguồn (gap Atomic REPORT_CELL_VALUE, xem O_QLKD_23)"
K_QLKD_1934,DATA EXPLORER,Nhóm 88 — Báo cáo theo Thông tư 121/2020/TT-BTC (STT 88),Mã chứng khoán,Cơ sở,QLKD,,,,,"Pending - chưa thiết kế nguồn (gap Atomic REPORT_CELL_VALUE, xem O_QLKD_23)"
K_QLKD_1935,DATA EXPLORER,Nhóm 88 — Báo cáo theo Thông tư 121/2020/TT-BTC (STT 88),Giấy phép >> Số,Cơ sở,QLKD,,,,,"Pending - chưa thiết kế nguồn (gap Atomic REPORT_CELL_VALUE, xem O_QLKD_23)"
K_QLKD_1936,DATA EXPLORER,Nhóm 88 — Báo cáo theo Thông tư 121/2020/TT-BTC (STT 88),"Giấy phép >> Ngày cấp
(Ngày/tháng/năm)",Cơ sở,QLKD,,,,,"Pending - chưa thiết kế nguồn (gap Atomic REPORT_CELL_VALUE, xem O_QLKD_23)"
K_QLKD_1937,DATA EXPLORER,Nhóm 88 — Báo cáo theo Thông tư 121/2020/TT-BTC (STT 88),Đầu tư ra nước ngoài >> Tên tổ chức/dự án kinh doanh,Cơ sở,QLKD,,,,,"Pending - chưa thiết kế nguồn (gap Atomic REPORT_CELL_VALUE, xem O_QLKD_23)"
K_QLKD_1938,DATA EXPLORER,Nhóm 88 — Báo cáo theo Thông tư 121/2020/TT-BTC (STT 88),Đầu tư ra nước ngoài >> Giá trị vốn góp vào tổ chức/dự án kinh doanh (triệu đồng),Cơ sở,QLKD,,,,,"Pending - chưa thiết kế nguồn (gap Atomic REPORT_CELL_VALUE, xem O_QLKD_23)"
K_QLKD_1939,DATA EXPLORER,Nhóm 88 — Báo cáo theo Thông tư 121/2020/TT-BTC (STT 88),Đầu tư ra nước ngoài >> Tỷ lệ đầu tư (%),Cơ sở,QLKD,,,,,"Pending - chưa thiết kế nguồn (gap Atomic REPORT_CELL_VALUE, xem O_QLKD_23)"
K_QLKD_1940,DATA EXPLORER,Nhóm 89 — Báo cáo theo Thông tư 121/2020/TT-BTC (STT 89),Loại báo cáo,Chiều,QLKD,,,,,"Pending - chưa thiết kế nguồn (gap Atomic REPORT_CELL_VALUE, xem O_QLKD_23)"
K_QLKD_1941,DATA EXPLORER,Nhóm 89 — Báo cáo theo Thông tư 121/2020/TT-BTC (STT 89),Kỳ báo cáo,Chiều,QLKD,,,,,"Pending - chưa thiết kế nguồn (gap Atomic REPORT_CELL_VALUE, xem O_QLKD_23)"
K_QLKD_1942,DATA EXPLORER,Nhóm 89 — Báo cáo theo Thông tư 121/2020/TT-BTC (STT 89),Mã báo cáo,Chiều,QLKD,,,,,"Pending - chưa thiết kế nguồn (gap Atomic REPORT_CELL_VALUE, xem O_QLKD_23)"
K_QLKD_1943,DATA EXPLORER,Nhóm 89 — Báo cáo theo Thông tư 121/2020/TT-BTC (STT 89),Tên báo cáo,Chiều,QLKD,,,,,"Pending - chưa thiết kế nguồn (gap Atomic REPORT_CELL_VALUE, xem O_QLKD_23)"
K_QLKD_1944,DATA EXPLORER,Nhóm 89 — Báo cáo theo Thông tư 121/2020/TT-BTC (STT 89),Mã sheet,Chiều,QLKD,,,,,"Pending - chưa thiết kế nguồn (gap Atomic REPORT_CELL_VALUE, xem O_QLKD_23)"
K_QLKD_1945,DATA EXPLORER,Nhóm 89 — Báo cáo theo Thông tư 121/2020/TT-BTC (STT 89),Tên sheet,Chiều,QLKD,,,,,"Pending - chưa thiết kế nguồn (gap Atomic REPORT_CELL_VALUE, xem O_QLKD_23)"
K_QLKD_1946,DATA EXPLORER,Nhóm 89 — Báo cáo theo Thông tư 121/2020/TT-BTC (STT 89),Mã chỉ tiêu,Chiều,QLKD,,,,,"Pending - chưa thiết kế nguồn (gap Atomic REPORT_CELL_VALUE, xem O_QLKD_23)"
K_QLKD_1947,DATA EXPLORER,Nhóm 89 — Báo cáo theo Thông tư 121/2020/TT-BTC (STT 89),Tên chỉ tiêu,Chiều,QLKD,,,,,"Pending - chưa thiết kế nguồn (gap Atomic REPORT_CELL_VALUE, xem O_QLKD_23)"
K_QLKD_1948,DATA EXPLORER,Nhóm 89 — Báo cáo theo Thông tư 121/2020/TT-BTC (STT 89),Tên công ty chứng khoán,Cơ sở,QLKD,,,,,"Pending - chưa thiết kế nguồn (gap Atomic REPORT_CELL_VALUE, xem O_QLKD_23)"
K_QLKD_1949,DATA EXPLORER,Nhóm 89 — Báo cáo theo Thông tư 121/2020/TT-BTC (STT 89),Sàn giao dịch,Cơ sở,QLKD,,,,,"Pending - chưa thiết kế nguồn (gap Atomic REPORT_CELL_VALUE, xem O_QLKD_23)"
K_QLKD_1950,DATA EXPLORER,Nhóm 89 — Báo cáo theo Thông tư 121/2020/TT-BTC (STT 89),Mã chứng khoán,Cơ sở,QLKD,,,,,"Pending - chưa thiết kế nguồn (gap Atomic REPORT_CELL_VALUE, xem O_QLKD_23)"
K_QLKD_1951,DATA EXPLORER,Nhóm 89 — Báo cáo theo Thông tư 121/2020/TT-BTC (STT 89),Giấy phép >> Số,Cơ sở,QLKD,,,,,"Pending - chưa thiết kế nguồn (gap Atomic REPORT_CELL_VALUE, xem O_QLKD_23)"
K_QLKD_1952,DATA EXPLORER,Nhóm 89 — Báo cáo theo Thông tư 121/2020/TT-BTC (STT 89),"Giấy phép >> Ngày cấp
(Ngày/tháng/năm)",Cơ sở,QLKD,,,,,"Pending - chưa thiết kế nguồn (gap Atomic REPORT_CELL_VALUE, xem O_QLKD_23)"
K_QLKD_1953,DATA EXPLORER,Nhóm 89 — Báo cáo theo Thông tư 121/2020/TT-BTC (STT 89),Tổng tài sản (triệu đồng),Cơ sở,QLKD,,,,,"Pending - chưa thiết kế nguồn (gap Atomic REPORT_CELL_VALUE, xem O_QLKD_23)"
K_QLKD_1954,DATA EXPLORER,Nhóm 89 — Báo cáo theo Thông tư 121/2020/TT-BTC (STT 89),Giá trị tổng = Giá trị trong nước (triệu đồng),Cơ sở,QLKD,,,,,"Pending - chưa thiết kế nguồn (gap Atomic REPORT_CELL_VALUE, xem O_QLKD_23)"
K_QLKD_1955,DATA EXPLORER,Nhóm 89 — Báo cáo theo Thông tư 121/2020/TT-BTC (STT 89),Tỷ lệ (%) = Tổng giá trị/ Tổng tài sản,Cơ sở,QLKD,,,,,"Pending - chưa thiết kế nguồn (gap Atomic REPORT_CELL_VALUE, xem O_QLKD_23)"
K_QLKD_1956,DATA EXPLORER,Nhóm 90 — Báo cáo theo Thông tư 121/2020/TT-BTC (STT 90),Loại báo cáo,Chiều,QLKD,,,,,"Pending - chưa thiết kế nguồn (gap Atomic REPORT_CELL_VALUE, xem O_QLKD_23)"
K_QLKD_1957,DATA EXPLORER,Nhóm 90 — Báo cáo theo Thông tư 121/2020/TT-BTC (STT 90),Kỳ báo cáo,Chiều,QLKD,,,,,"Pending - chưa thiết kế nguồn (gap Atomic REPORT_CELL_VALUE, xem O_QLKD_23)"
K_QLKD_1958,DATA EXPLORER,Nhóm 90 — Báo cáo theo Thông tư 121/2020/TT-BTC (STT 90),Mã báo cáo,Chiều,QLKD,,,,,"Pending - chưa thiết kế nguồn (gap Atomic REPORT_CELL_VALUE, xem O_QLKD_23)"
K_QLKD_1959,DATA EXPLORER,Nhóm 90 — Báo cáo theo Thông tư 121/2020/TT-BTC (STT 90),Tên báo cáo,Chiều,QLKD,,,,,"Pending - chưa thiết kế nguồn (gap Atomic REPORT_CELL_VALUE, xem O_QLKD_23)"
K_QLKD_1960,DATA EXPLORER,Nhóm 90 — Báo cáo theo Thông tư 121/2020/TT-BTC (STT 90),Mã sheet,Chiều,QLKD,,,,,"Pending - chưa thiết kế nguồn (gap Atomic REPORT_CELL_VALUE, xem O_QLKD_23)"
K_QLKD_1961,DATA EXPLORER,Nhóm 90 — Báo cáo theo Thông tư 121/2020/TT-BTC (STT 90),Tên sheet,Chiều,QLKD,,,,,"Pending - chưa thiết kế nguồn (gap Atomic REPORT_CELL_VALUE, xem O_QLKD_23)"
K_QLKD_1962,DATA EXPLORER,Nhóm 90 — Báo cáo theo Thông tư 121/2020/TT-BTC (STT 90),Mã chỉ tiêu,Chiều,QLKD,,,,,"Pending - chưa thiết kế nguồn (gap Atomic REPORT_CELL_VALUE, xem O_QLKD_23)"
K_QLKD_1963,DATA EXPLORER,Nhóm 90 — Báo cáo theo Thông tư 121/2020/TT-BTC (STT 90),Tên chỉ tiêu,Chiều,QLKD,,,,,"Pending - chưa thiết kế nguồn (gap Atomic REPORT_CELL_VALUE, xem O_QLKD_23)"
K_QLKD_1964,DATA EXPLORER,Nhóm 90 — Báo cáo theo Thông tư 121/2020/TT-BTC (STT 90),Tên công ty chứng khoán,Cơ sở,QLKD,,,,,"Pending - chưa thiết kế nguồn (gap Atomic REPORT_CELL_VALUE, xem O_QLKD_23)"
K_QLKD_1965,DATA EXPLORER,Nhóm 90 — Báo cáo theo Thông tư 121/2020/TT-BTC (STT 90),Sàn giao dịch,Cơ sở,QLKD,,,,,"Pending - chưa thiết kế nguồn (gap Atomic REPORT_CELL_VALUE, xem O_QLKD_23)"
K_QLKD_1966,DATA EXPLORER,Nhóm 90 — Báo cáo theo Thông tư 121/2020/TT-BTC (STT 90),Mã chứng khoán,Cơ sở,QLKD,,,,,"Pending - chưa thiết kế nguồn (gap Atomic REPORT_CELL_VALUE, xem O_QLKD_23)"
K_QLKD_1967,DATA EXPLORER,Nhóm 90 — Báo cáo theo Thông tư 121/2020/TT-BTC (STT 90),Giấy phép >> Số,Cơ sở,QLKD,,,,,"Pending - chưa thiết kế nguồn (gap Atomic REPORT_CELL_VALUE, xem O_QLKD_23)"
K_QLKD_1968,DATA EXPLORER,Nhóm 90 — Báo cáo theo Thông tư 121/2020/TT-BTC (STT 90),"Giấy phép >> Ngày cấp
(Ngày/tháng/năm)",Cơ sở,QLKD,,,,,"Pending - chưa thiết kế nguồn (gap Atomic REPORT_CELL_VALUE, xem O_QLKD_23)"
K_QLKD_1969,DATA EXPLORER,Nhóm 90 — Báo cáo theo Thông tư 121/2020/TT-BTC (STT 90),Vốn chủ sở hữu (triệu đồng),Cơ sở,QLKD,,,,,"Pending - chưa thiết kế nguồn (gap Atomic REPORT_CELL_VALUE, xem O_QLKD_23)"
K_QLKD_1970,DATA EXPLORER,Nhóm 90 — Báo cáo theo Thông tư 121/2020/TT-BTC (STT 90),Giá trị trái phiếu doanh nghiệp >> Trong nước,Cơ sở,QLKD,,,,,"Pending - chưa thiết kế nguồn (gap Atomic REPORT_CELL_VALUE, xem O_QLKD_23)"
K_QLKD_1971,DATA EXPLORER,Nhóm 90 — Báo cáo theo Thông tư 121/2020/TT-BTC (STT 90),Giá trị trái phiếu doanh nghiệp >> Ngoài nước,Cơ sở,QLKD,,,,,"Pending - chưa thiết kế nguồn (gap Atomic REPORT_CELL_VALUE, xem O_QLKD_23)"
K_QLKD_1972,DATA EXPLORER,Nhóm 90 — Báo cáo theo Thông tư 121/2020/TT-BTC (STT 90),Giá trị trái phiếu doanh nghiệp >> Tổng cộng,Cơ sở,QLKD,,,,,"Pending - chưa thiết kế nguồn (gap Atomic REPORT_CELL_VALUE, xem O_QLKD_23)"
K_QLKD_1973,DATA EXPLORER,Nhóm 90 — Báo cáo theo Thông tư 121/2020/TT-BTC (STT 90),Tỷ lệ (%) = Tổng giá trị trái phiếu/Vốn chủ sở hữu,Cơ sở,QLKD,,,,,"Pending - chưa thiết kế nguồn (gap Atomic REPORT_CELL_VALUE, xem O_QLKD_23)"
K_QLKD_1974,DATA EXPLORER,Nhóm 91 — Báo cáo theo Thông tư 121/2020/TT-BTC (STT 91),Loại báo cáo,Chiều,QLKD,,,,,"Pending - chưa thiết kế nguồn (gap Atomic REPORT_CELL_VALUE, xem O_QLKD_23)"
K_QLKD_1975,DATA EXPLORER,Nhóm 91 — Báo cáo theo Thông tư 121/2020/TT-BTC (STT 91),Kỳ báo cáo,Chiều,QLKD,,,,,"Pending - chưa thiết kế nguồn (gap Atomic REPORT_CELL_VALUE, xem O_QLKD_23)"
K_QLKD_1976,DATA EXPLORER,Nhóm 91 — Báo cáo theo Thông tư 121/2020/TT-BTC (STT 91),Mã báo cáo,Chiều,QLKD,,,,,"Pending - chưa thiết kế nguồn (gap Atomic REPORT_CELL_VALUE, xem O_QLKD_23)"
K_QLKD_1977,DATA EXPLORER,Nhóm 91 — Báo cáo theo Thông tư 121/2020/TT-BTC (STT 91),Tên báo cáo,Chiều,QLKD,,,,,"Pending - chưa thiết kế nguồn (gap Atomic REPORT_CELL_VALUE, xem O_QLKD_23)"
K_QLKD_1978,DATA EXPLORER,Nhóm 91 — Báo cáo theo Thông tư 121/2020/TT-BTC (STT 91),Mã sheet,Chiều,QLKD,,,,,"Pending - chưa thiết kế nguồn (gap Atomic REPORT_CELL_VALUE, xem O_QLKD_23)"
K_QLKD_1979,DATA EXPLORER,Nhóm 91 — Báo cáo theo Thông tư 121/2020/TT-BTC (STT 91),Tên sheet,Chiều,QLKD,,,,,"Pending - chưa thiết kế nguồn (gap Atomic REPORT_CELL_VALUE, xem O_QLKD_23)"
K_QLKD_1980,DATA EXPLORER,Nhóm 91 — Báo cáo theo Thông tư 121/2020/TT-BTC (STT 91),Mã chỉ tiêu,Chiều,QLKD,,,,,"Pending - chưa thiết kế nguồn (gap Atomic REPORT_CELL_VALUE, xem O_QLKD_23)"
K_QLKD_1981,DATA EXPLORER,Nhóm 91 — Báo cáo theo Thông tư 121/2020/TT-BTC (STT 91),Tên chỉ tiêu,Chiều,QLKD,,,,,"Pending - chưa thiết kế nguồn (gap Atomic REPORT_CELL_VALUE, xem O_QLKD_23)"
K_QLKD_1982,DATA EXPLORER,Nhóm 91 — Báo cáo theo Thông tư 121/2020/TT-BTC (STT 91),Tên công ty chứng khoán,Cơ sở,QLKD,,,,,"Pending - chưa thiết kế nguồn (gap Atomic REPORT_CELL_VALUE, xem O_QLKD_23)"
K_QLKD_1983,DATA EXPLORER,Nhóm 91 — Báo cáo theo Thông tư 121/2020/TT-BTC (STT 91),Sàn giao dịch,Cơ sở,QLKD,,,,,"Pending - chưa thiết kế nguồn (gap Atomic REPORT_CELL_VALUE, xem O_QLKD_23)"
K_QLKD_1984,DATA EXPLORER,Nhóm 91 — Báo cáo theo Thông tư 121/2020/TT-BTC (STT 91),Mã chứng khoán,Cơ sở,QLKD,,,,,"Pending - chưa thiết kế nguồn (gap Atomic REPORT_CELL_VALUE, xem O_QLKD_23)"
K_QLKD_1985,DATA EXPLORER,Nhóm 91 — Báo cáo theo Thông tư 121/2020/TT-BTC (STT 91),Giấy phép >> Số,Cơ sở,QLKD,,,,,"Pending - chưa thiết kế nguồn (gap Atomic REPORT_CELL_VALUE, xem O_QLKD_23)"
K_QLKD_1986,DATA EXPLORER,Nhóm 91 — Báo cáo theo Thông tư 121/2020/TT-BTC (STT 91),"Giấy phép >> Ngày cấp
(Ngày/tháng/năm)",Cơ sở,QLKD,,,,,"Pending - chưa thiết kế nguồn (gap Atomic REPORT_CELL_VALUE, xem O_QLKD_23)"
K_QLKD_1987,DATA EXPLORER,Nhóm 91 — Báo cáo theo Thông tư 121/2020/TT-BTC (STT 91),Tên tổ chức phát hành trái phiếu,Cơ sở,QLKD,,,,,"Pending - chưa thiết kế nguồn (gap Atomic REPORT_CELL_VALUE, xem O_QLKD_23)"
K_QLKD_1988,DATA EXPLORER,Nhóm 91 — Báo cáo theo Thông tư 121/2020/TT-BTC (STT 91),"Phạm vi đầu tư
(Trong nước/ngoài nước)",Cơ sở,QLKD,,,,,"Pending - chưa thiết kế nguồn (gap Atomic REPORT_CELL_VALUE, xem O_QLKD_23)"
K_QLKD_1989,DATA EXPLORER,Nhóm 91 — Báo cáo theo Thông tư 121/2020/TT-BTC (STT 91),"Giá trị trái phiếu doanh nghiệp
(triệu đồng)",Cơ sở,QLKD,,,,,"Pending - chưa thiết kế nguồn (gap Atomic REPORT_CELL_VALUE, xem O_QLKD_23)"
K_QLKD_1990,DATA EXPLORER,Nhóm 92 — Báo cáo theo Thông tư 121/2020/TT-BTC (STT 92),Loại báo cáo,Chiều,QLKD,,,,,"Pending - chưa thiết kế nguồn (gap Atomic REPORT_CELL_VALUE, xem O_QLKD_23)"
K_QLKD_1991,DATA EXPLORER,Nhóm 92 — Báo cáo theo Thông tư 121/2020/TT-BTC (STT 92),Kỳ báo cáo,Chiều,QLKD,,,,,"Pending - chưa thiết kế nguồn (gap Atomic REPORT_CELL_VALUE, xem O_QLKD_23)"
K_QLKD_1992,DATA EXPLORER,Nhóm 92 — Báo cáo theo Thông tư 121/2020/TT-BTC (STT 92),Mã báo cáo,Chiều,QLKD,,,,,"Pending - chưa thiết kế nguồn (gap Atomic REPORT_CELL_VALUE, xem O_QLKD_23)"
K_QLKD_1993,DATA EXPLORER,Nhóm 92 — Báo cáo theo Thông tư 121/2020/TT-BTC (STT 92),Tên báo cáo,Chiều,QLKD,,,,,"Pending - chưa thiết kế nguồn (gap Atomic REPORT_CELL_VALUE, xem O_QLKD_23)"
K_QLKD_1994,DATA EXPLORER,Nhóm 92 — Báo cáo theo Thông tư 121/2020/TT-BTC (STT 92),Mã sheet,Chiều,QLKD,,,,,"Pending - chưa thiết kế nguồn (gap Atomic REPORT_CELL_VALUE, xem O_QLKD_23)"
K_QLKD_1995,DATA EXPLORER,Nhóm 92 — Báo cáo theo Thông tư 121/2020/TT-BTC (STT 92),Tên sheet,Chiều,QLKD,,,,,"Pending - chưa thiết kế nguồn (gap Atomic REPORT_CELL_VALUE, xem O_QLKD_23)"
K_QLKD_1996,DATA EXPLORER,Nhóm 92 — Báo cáo theo Thông tư 121/2020/TT-BTC (STT 92),Mã chỉ tiêu,Chiều,QLKD,,,,,"Pending - chưa thiết kế nguồn (gap Atomic REPORT_CELL_VALUE, xem O_QLKD_23)"
K_QLKD_1997,DATA EXPLORER,Nhóm 92 — Báo cáo theo Thông tư 121/2020/TT-BTC (STT 92),Tên chỉ tiêu,Chiều,QLKD,,,,,"Pending - chưa thiết kế nguồn (gap Atomic REPORT_CELL_VALUE, xem O_QLKD_23)"
K_QLKD_1998,DATA EXPLORER,Nhóm 92 — Báo cáo theo Thông tư 121/2020/TT-BTC (STT 92),Người đại diện KT,Cơ sở,QLKD,,,,,"Pending - chưa thiết kế nguồn (gap Atomic REPORT_CELL_VALUE, xem O_QLKD_23)"
K_QLKD_1999,DATA EXPLORER,Nhóm 92 — Báo cáo theo Thông tư 121/2020/TT-BTC (STT 92),Chức vụ,Cơ sở,QLKD,,,,,"Pending - chưa thiết kế nguồn (gap Atomic REPORT_CELL_VALUE, xem O_QLKD_23)"
K_QLKD_2000,DATA EXPLORER,Nhóm 92 — Báo cáo theo Thông tư 121/2020/TT-BTC (STT 92),Giấy chứng nhận,Cơ sở,QLKD,,,,,"Pending - chưa thiết kế nguồn (gap Atomic REPORT_CELL_VALUE, xem O_QLKD_23)"
K_QLKD_2001,DATA EXPLORER,Nhóm 92 — Báo cáo theo Thông tư 121/2020/TT-BTC (STT 92),Người kiểm toán,Cơ sở,QLKD,,,,,"Pending - chưa thiết kế nguồn (gap Atomic REPORT_CELL_VALUE, xem O_QLKD_23)"
K_QLKD_2002,DATA EXPLORER,Nhóm 92 — Báo cáo theo Thông tư 121/2020/TT-BTC (STT 92),Giấy chứng nhận,Cơ sở,QLKD,,,,,"Pending - chưa thiết kế nguồn (gap Atomic REPORT_CELL_VALUE, xem O_QLKD_23)"
K_QLKD_2003,DATA EXPLORER,Nhóm 92 — Báo cáo theo Thông tư 121/2020/TT-BTC (STT 92),Ngày kiểm toán,Cơ sở,QLKD,,,,,"Pending - chưa thiết kế nguồn (gap Atomic REPORT_CELL_VALUE, xem O_QLKD_23)"
K_QLKD_2004,DATA EXPLORER,Nhóm 92 — Báo cáo theo Thông tư 121/2020/TT-BTC (STT 92),Ngày kiểm toán,Cơ sở,QLKD,,,,,"Pending - chưa thiết kế nguồn (gap Atomic REPORT_CELL_VALUE, xem O_QLKD_23)"
K_QLKD_2005,DATA EXPLORER,Nhóm 92 — Báo cáo theo Thông tư 121/2020/TT-BTC (STT 92),Ý kiến kiểm toán,Cơ sở,QLKD,,,,,"Pending - chưa thiết kế nguồn (gap Atomic REPORT_CELL_VALUE, xem O_QLKD_23)"
K_QLKD_2006,DATA EXPLORER,Nhóm 93 — Báo cáo theo Thông tư 121/2020/TT-BTC (STT 93),Loại báo cáo,Chiều,QLKD,,,,,"Pending - chưa thiết kế nguồn (gap Atomic REPORT_CELL_VALUE, xem O_QLKD_23)"
K_QLKD_2007,DATA EXPLORER,Nhóm 93 — Báo cáo theo Thông tư 121/2020/TT-BTC (STT 93),Kỳ báo cáo,Chiều,QLKD,,,,,"Pending - chưa thiết kế nguồn (gap Atomic REPORT_CELL_VALUE, xem O_QLKD_23)"
K_QLKD_2008,DATA EXPLORER,Nhóm 93 — Báo cáo theo Thông tư 121/2020/TT-BTC (STT 93),Mã báo cáo,Chiều,QLKD,,,,,"Pending - chưa thiết kế nguồn (gap Atomic REPORT_CELL_VALUE, xem O_QLKD_23)"
K_QLKD_2009,DATA EXPLORER,Nhóm 93 — Báo cáo theo Thông tư 121/2020/TT-BTC (STT 93),Tên báo cáo,Chiều,QLKD,,,,,"Pending - chưa thiết kế nguồn (gap Atomic REPORT_CELL_VALUE, xem O_QLKD_23)"
K_QLKD_2010,DATA EXPLORER,Nhóm 93 — Báo cáo theo Thông tư 121/2020/TT-BTC (STT 93),Mã sheet,Chiều,QLKD,,,,,"Pending - chưa thiết kế nguồn (gap Atomic REPORT_CELL_VALUE, xem O_QLKD_23)"
K_QLKD_2011,DATA EXPLORER,Nhóm 93 — Báo cáo theo Thông tư 121/2020/TT-BTC (STT 93),Tên sheet,Chiều,QLKD,,,,,"Pending - chưa thiết kế nguồn (gap Atomic REPORT_CELL_VALUE, xem O_QLKD_23)"
K_QLKD_2012,DATA EXPLORER,Nhóm 93 — Báo cáo theo Thông tư 121/2020/TT-BTC (STT 93),Mã chỉ tiêu,Chiều,QLKD,,,,,"Pending - chưa thiết kế nguồn (gap Atomic REPORT_CELL_VALUE, xem O_QLKD_23)"
K_QLKD_2013,DATA EXPLORER,Nhóm 93 — Báo cáo theo Thông tư 121/2020/TT-BTC (STT 93),Tên chỉ tiêu,Chiều,QLKD,,,,,"Pending - chưa thiết kế nguồn (gap Atomic REPORT_CELL_VALUE, xem O_QLKD_23)"
K_QLKD_2014,DATA EXPLORER,Nhóm 93 — Báo cáo theo Thông tư 121/2020/TT-BTC (STT 93),A. TÀI SẢN NGẮN HẠN (100 = 110 + 130),Cơ sở,QLKD,,,,,"Pending - chưa thiết kế nguồn (gap Atomic REPORT_CELL_VALUE, xem O_QLKD_23)"
K_QLKD_2015,DATA EXPLORER,Nhóm 93 — Báo cáo theo Thông tư 121/2020/TT-BTC (STT 93),I. Tài sản tài chính,Cơ sở,QLKD,,,,,"Pending - chưa thiết kế nguồn (gap Atomic REPORT_CELL_VALUE, xem O_QLKD_23)"
K_QLKD_2016,DATA EXPLORER,Nhóm 93 — Báo cáo theo Thông tư 121/2020/TT-BTC (STT 93),1.Tiền và các khoản tương đương tiền,Cơ sở,QLKD,,,,,"Pending - chưa thiết kế nguồn (gap Atomic REPORT_CELL_VALUE, xem O_QLKD_23)"
K_QLKD_2017,DATA EXPLORER,Nhóm 93 — Báo cáo theo Thông tư 121/2020/TT-BTC (STT 93),1.1. Tiền,Cơ sở,QLKD,,,,,"Pending - chưa thiết kế nguồn (gap Atomic REPORT_CELL_VALUE, xem O_QLKD_23)"
K_QLKD_2018,DATA EXPLORER,Nhóm 93 — Báo cáo theo Thông tư 121/2020/TT-BTC (STT 93),1.2. Các khoản tương đương tiền,Cơ sở,QLKD,,,,,"Pending - chưa thiết kế nguồn (gap Atomic REPORT_CELL_VALUE, xem O_QLKD_23)"
K_QLKD_2019,DATA EXPLORER,Nhóm 93 — Báo cáo theo Thông tư 121/2020/TT-BTC (STT 93),2. Các tài sản tài chính ghi nhận thông qua lãi/lỗ (FVTPL),Cơ sở,QLKD,,,,,"Pending - chưa thiết kế nguồn (gap Atomic REPORT_CELL_VALUE, xem O_QLKD_23)"
K_QLKD_2020,DATA EXPLORER,Nhóm 93 — Báo cáo theo Thông tư 121/2020/TT-BTC (STT 93),3. Các khoản đầu tư nắm giữ đến ngày đáo hạn (HTM),Cơ sở,QLKD,,,,,"Pending - chưa thiết kế nguồn (gap Atomic REPORT_CELL_VALUE, xem O_QLKD_23)"
K_QLKD_2021,DATA EXPLORER,Nhóm 93 — Báo cáo theo Thông tư 121/2020/TT-BTC (STT 93),4. Các khoản cho vay,Cơ sở,QLKD,,,,,"Pending - chưa thiết kế nguồn (gap Atomic REPORT_CELL_VALUE, xem O_QLKD_23)"
K_QLKD_2022,DATA EXPLORER,Nhóm 93 — Báo cáo theo Thông tư 121/2020/TT-BTC (STT 93),5. Tài sản tài chính sẵn sàng để bán (AFS),Cơ sở,QLKD,,,,,"Pending - chưa thiết kế nguồn (gap Atomic REPORT_CELL_VALUE, xem O_QLKD_23)"
K_QLKD_2023,DATA EXPLORER,Nhóm 93 — Báo cáo theo Thông tư 121/2020/TT-BTC (STT 93),6. Dự phòng suy giảm giá trị các tài sản tài chính và tài sản thế chấp,Cơ sở,QLKD,,,,,"Pending - chưa thiết kế nguồn (gap Atomic REPORT_CELL_VALUE, xem O_QLKD_23)"
K_QLKD_2024,DATA EXPLORER,Nhóm 93 — Báo cáo theo Thông tư 121/2020/TT-BTC (STT 93),7. Các khoản phải thu,Cơ sở,QLKD,,,,,"Pending - chưa thiết kế nguồn (gap Atomic REPORT_CELL_VALUE, xem O_QLKD_23)"
K_QLKD_2025,DATA EXPLORER,Nhóm 93 — Báo cáo theo Thông tư 121/2020/TT-BTC (STT 93),7.1. Phải thu bán các tài sản tài chính,Cơ sở,QLKD,,,,,"Pending - chưa thiết kế nguồn (gap Atomic REPORT_CELL_VALUE, xem O_QLKD_23)"
K_QLKD_2026,DATA EXPLORER,Nhóm 93 — Báo cáo theo Thông tư 121/2020/TT-BTC (STT 93),"7.2. Phải thu và dự thu cổ tức, tiền lãi các tài sản tài chính",Cơ sở,QLKD,,,,,"Pending - chưa thiết kế nguồn (gap Atomic REPORT_CELL_VALUE, xem O_QLKD_23)"
K_QLKD_2027,DATA EXPLORER,Nhóm 93 — Báo cáo theo Thông tư 121/2020/TT-BTC (STT 93),"7.2.1. Phải thu cổ tức, tiền lãi đến ngày nhận",Cơ sở,QLKD,,,,,"Pending - chưa thiết kế nguồn (gap Atomic REPORT_CELL_VALUE, xem O_QLKD_23)"
K_QLKD_2028,DATA EXPLORER,Nhóm 93 — Báo cáo theo Thông tư 121/2020/TT-BTC (STT 93),"7.2.2. Dự thu cổ tức, tiền lãi chưa đến ngày nhận",Cơ sở,QLKD,,,,,"Pending - chưa thiết kế nguồn (gap Atomic REPORT_CELL_VALUE, xem O_QLKD_23)"
K_QLKD_2029,DATA EXPLORER,Nhóm 93 — Báo cáo theo Thông tư 121/2020/TT-BTC (STT 93),8. Trả trước cho người bán,Cơ sở,QLKD,,,,,"Pending - chưa thiết kế nguồn (gap Atomic REPORT_CELL_VALUE, xem O_QLKD_23)"
K_QLKD_2030,DATA EXPLORER,Nhóm 93 — Báo cáo theo Thông tư 121/2020/TT-BTC (STT 93),9. Phải thu các dịch vụ CTCK cung cấp,Cơ sở,QLKD,,,,,"Pending - chưa thiết kế nguồn (gap Atomic REPORT_CELL_VALUE, xem O_QLKD_23)"
K_QLKD_2031,DATA EXPLORER,Nhóm 93 — Báo cáo theo Thông tư 121/2020/TT-BTC (STT 93),10. Phải thu nội bộ,Cơ sở,QLKD,,,,,"Pending - chưa thiết kế nguồn (gap Atomic REPORT_CELL_VALUE, xem O_QLKD_23)"
K_QLKD_2032,DATA EXPLORER,Nhóm 93 — Báo cáo theo Thông tư 121/2020/TT-BTC (STT 93),11. Phải thu về lỗi giao dịch chứng khoán,Cơ sở,QLKD,,,,,"Pending - chưa thiết kế nguồn (gap Atomic REPORT_CELL_VALUE, xem O_QLKD_23)"
K_QLKD_2033,DATA EXPLORER,Nhóm 93 — Báo cáo theo Thông tư 121/2020/TT-BTC (STT 93),12. Các khoản phải thu khác,Cơ sở,QLKD,,,,,"Pending - chưa thiết kế nguồn (gap Atomic REPORT_CELL_VALUE, xem O_QLKD_23)"
K_QLKD_2034,DATA EXPLORER,Nhóm 93 — Báo cáo theo Thông tư 121/2020/TT-BTC (STT 93),13. Dự phòng suy giảm giá trị các khoản phải thu (*),Cơ sở,QLKD,,,,,"Pending - chưa thiết kế nguồn (gap Atomic REPORT_CELL_VALUE, xem O_QLKD_23)"
K_QLKD_2035,DATA EXPLORER,Nhóm 93 — Báo cáo theo Thông tư 121/2020/TT-BTC (STT 93),II. Tài sản ngắn hạn khác,Cơ sở,QLKD,,,,,"Pending - chưa thiết kế nguồn (gap Atomic REPORT_CELL_VALUE, xem O_QLKD_23)"
K_QLKD_2036,DATA EXPLORER,Nhóm 93 — Báo cáo theo Thông tư 121/2020/TT-BTC (STT 93),1. Tạm ứng,Cơ sở,QLKD,,,,,"Pending - chưa thiết kế nguồn (gap Atomic REPORT_CELL_VALUE, xem O_QLKD_23)"
K_QLKD_2037,DATA EXPLORER,Nhóm 93 — Báo cáo theo Thông tư 121/2020/TT-BTC (STT 93),"2. Vật tư văn phòng, công cụ, dụng cụ",Cơ sở,QLKD,,,,,"Pending - chưa thiết kế nguồn (gap Atomic REPORT_CELL_VALUE, xem O_QLKD_23)"
K_QLKD_2038,DATA EXPLORER,Nhóm 93 — Báo cáo theo Thông tư 121/2020/TT-BTC (STT 93),3. Chi phí trả trước ngắn hạn,Cơ sở,QLKD,,,,,"Pending - chưa thiết kế nguồn (gap Atomic REPORT_CELL_VALUE, xem O_QLKD_23)"
K_QLKD_2039,DATA EXPLORER,Nhóm 93 — Báo cáo theo Thông tư 121/2020/TT-BTC (STT 93),"4. Cầm cố, thế chấp, ký quỹ, ký cược ngắn hạn",Cơ sở,QLKD,,,,,"Pending - chưa thiết kế nguồn (gap Atomic REPORT_CELL_VALUE, xem O_QLKD_23)"
K_QLKD_2040,DATA EXPLORER,Nhóm 93 — Báo cáo theo Thông tư 121/2020/TT-BTC (STT 93),5. Thuế giá trị gia tăng được khấu trừ,Cơ sở,QLKD,,,,,"Pending - chưa thiết kế nguồn (gap Atomic REPORT_CELL_VALUE, xem O_QLKD_23)"
K_QLKD_2041,DATA EXPLORER,Nhóm 93 — Báo cáo theo Thông tư 121/2020/TT-BTC (STT 93),6. Thuế và các khoản khác phải thu Nhà nước,Cơ sở,QLKD,,,,,"Pending - chưa thiết kế nguồn (gap Atomic REPORT_CELL_VALUE, xem O_QLKD_23)"
K_QLKD_2042,DATA EXPLORER,Nhóm 93 — Báo cáo theo Thông tư 121/2020/TT-BTC (STT 93),7. Tài sản ngắn hạn khác,Cơ sở,QLKD,,,,,"Pending - chưa thiết kế nguồn (gap Atomic REPORT_CELL_VALUE, xem O_QLKD_23)"
K_QLKD_2043,DATA EXPLORER,Nhóm 93 — Báo cáo theo Thông tư 121/2020/TT-BTC (STT 93),8. Giao dịch mua bán lại trái phiếu Chính phủ,Cơ sở,QLKD,,,,,"Pending - chưa thiết kế nguồn (gap Atomic REPORT_CELL_VALUE, xem O_QLKD_23)"
K_QLKD_2044,DATA EXPLORER,Nhóm 93 — Báo cáo theo Thông tư 121/2020/TT-BTC (STT 93),9. Dự phòng suy giảm giá trị tài sản ngắn hạn khác,Cơ sở,QLKD,,,,,"Pending - chưa thiết kế nguồn (gap Atomic REPORT_CELL_VALUE, xem O_QLKD_23)"
K_QLKD_2045,DATA EXPLORER,Nhóm 93 — Báo cáo theo Thông tư 121/2020/TT-BTC (STT 93),B. TÀI SẢN DÀI HẠN (200 = 210 + 220 + 230 + 240 + 250 - 260),Cơ sở,QLKD,,,,,"Pending - chưa thiết kế nguồn (gap Atomic REPORT_CELL_VALUE, xem O_QLKD_23)"
K_QLKD_2046,DATA EXPLORER,Nhóm 93 — Báo cáo theo Thông tư 121/2020/TT-BTC (STT 93),I. Tài sản tài chính dài hạn,Cơ sở,QLKD,,,,,"Pending - chưa thiết kế nguồn (gap Atomic REPORT_CELL_VALUE, xem O_QLKD_23)"
K_QLKD_2047,DATA EXPLORER,Nhóm 93 — Báo cáo theo Thông tư 121/2020/TT-BTC (STT 93),1. Các khoản phải thu dài hạn,Cơ sở,QLKD,,,,,"Pending - chưa thiết kế nguồn (gap Atomic REPORT_CELL_VALUE, xem O_QLKD_23)"
K_QLKD_2048,DATA EXPLORER,Nhóm 93 — Báo cáo theo Thông tư 121/2020/TT-BTC (STT 93),2. Các khoản đầu tư,Cơ sở,QLKD,,,,,"Pending - chưa thiết kế nguồn (gap Atomic REPORT_CELL_VALUE, xem O_QLKD_23)"
K_QLKD_2049,DATA EXPLORER,Nhóm 93 — Báo cáo theo Thông tư 121/2020/TT-BTC (STT 93),2.1.Các khoản đầu tư nắm giữ đến ngày đáo hạn,Cơ sở,QLKD,,,,,"Pending - chưa thiết kế nguồn (gap Atomic REPORT_CELL_VALUE, xem O_QLKD_23)"
K_QLKD_2050,DATA EXPLORER,Nhóm 93 — Báo cáo theo Thông tư 121/2020/TT-BTC (STT 93),2.2. Đầu tư vào công ty con,Cơ sở,QLKD,,,,,"Pending - chưa thiết kế nguồn (gap Atomic REPORT_CELL_VALUE, xem O_QLKD_23)"
K_QLKD_2051,DATA EXPLORER,Nhóm 93 — Báo cáo theo Thông tư 121/2020/TT-BTC (STT 93),"2.3. Đầu tư vào công ty liên doanh, liên kết",Cơ sở,QLKD,,,,,"Pending - chưa thiết kế nguồn (gap Atomic REPORT_CELL_VALUE, xem O_QLKD_23)"
K_QLKD_2052,DATA EXPLORER,Nhóm 93 — Báo cáo theo Thông tư 121/2020/TT-BTC (STT 93),2.4. Đầu tư dài hạn khác,Cơ sở,QLKD,,,,,"Pending - chưa thiết kế nguồn (gap Atomic REPORT_CELL_VALUE, xem O_QLKD_23)"
K_QLKD_2053,DATA EXPLORER,Nhóm 93 — Báo cáo theo Thông tư 121/2020/TT-BTC (STT 93),3. Dự phòng suy giảm tài sản tài chính dài hạn,Cơ sở,QLKD,,,,,"Pending - chưa thiết kế nguồn (gap Atomic REPORT_CELL_VALUE, xem O_QLKD_23)"
K_QLKD_2054,DATA EXPLORER,Nhóm 93 — Báo cáo theo Thông tư 121/2020/TT-BTC (STT 93),II. Tài sản cố định,Cơ sở,QLKD,,,,,"Pending - chưa thiết kế nguồn (gap Atomic REPORT_CELL_VALUE, xem O_QLKD_23)"
K_QLKD_2055,DATA EXPLORER,Nhóm 93 — Báo cáo theo Thông tư 121/2020/TT-BTC (STT 93),1. Tài sản cố định hữu hình,Cơ sở,QLKD,,,,,"Pending - chưa thiết kế nguồn (gap Atomic REPORT_CELL_VALUE, xem O_QLKD_23)"
K_QLKD_2056,DATA EXPLORER,Nhóm 93 — Báo cáo theo Thông tư 121/2020/TT-BTC (STT 93),- Nguyên giá,Cơ sở,QLKD,,,,,"Pending - chưa thiết kế nguồn (gap Atomic REPORT_CELL_VALUE, xem O_QLKD_23)"
K_QLKD_2057,DATA EXPLORER,Nhóm 93 — Báo cáo theo Thông tư 121/2020/TT-BTC (STT 93),- Giá trị hao mòn luỹ kế (*),Cơ sở,QLKD,,,,,"Pending - chưa thiết kế nguồn (gap Atomic REPORT_CELL_VALUE, xem O_QLKD_23)"
K_QLKD_2058,DATA EXPLORER,Nhóm 93 — Báo cáo theo Thông tư 121/2020/TT-BTC (STT 93),- Đánh giá TSCĐHH theo giá trị hợp lý,Cơ sở,QLKD,,,,,"Pending - chưa thiết kế nguồn (gap Atomic REPORT_CELL_VALUE, xem O_QLKD_23)"
K_QLKD_2059,DATA EXPLORER,Nhóm 93 — Báo cáo theo Thông tư 121/2020/TT-BTC (STT 93),2. Tài sản cố định thuê tài chính,Cơ sở,QLKD,,,,,"Pending - chưa thiết kế nguồn (gap Atomic REPORT_CELL_VALUE, xem O_QLKD_23)"
K_QLKD_2060,DATA EXPLORER,Nhóm 93 — Báo cáo theo Thông tư 121/2020/TT-BTC (STT 93),- Nguyên giá,Cơ sở,QLKD,,,,,"Pending - chưa thiết kế nguồn (gap Atomic REPORT_CELL_VALUE, xem O_QLKD_23)"
K_QLKD_2061,DATA EXPLORER,Nhóm 93 — Báo cáo theo Thông tư 121/2020/TT-BTC (STT 93),- Giá trị hao mòn luỹ kế (*),Cơ sở,QLKD,,,,,"Pending - chưa thiết kế nguồn (gap Atomic REPORT_CELL_VALUE, xem O_QLKD_23)"
K_QLKD_2062,DATA EXPLORER,Nhóm 93 — Báo cáo theo Thông tư 121/2020/TT-BTC (STT 93),- Đánh giá TSCĐTTC theo giá trị hợp lý,Cơ sở,QLKD,,,,,"Pending - chưa thiết kế nguồn (gap Atomic REPORT_CELL_VALUE, xem O_QLKD_23)"
K_QLKD_2063,DATA EXPLORER,Nhóm 93 — Báo cáo theo Thông tư 121/2020/TT-BTC (STT 93),3. Tài sản cố định vô hình,Cơ sở,QLKD,,,,,"Pending - chưa thiết kế nguồn (gap Atomic REPORT_CELL_VALUE, xem O_QLKD_23)"
K_QLKD_2064,DATA EXPLORER,Nhóm 93 — Báo cáo theo Thông tư 121/2020/TT-BTC (STT 93),- Nguyên giá,Cơ sở,QLKD,,,,,"Pending - chưa thiết kế nguồn (gap Atomic REPORT_CELL_VALUE, xem O_QLKD_23)"
K_QLKD_2065,DATA EXPLORER,Nhóm 93 — Báo cáo theo Thông tư 121/2020/TT-BTC (STT 93),- Giá trị hao mòn luỹ kế (*),Cơ sở,QLKD,,,,,"Pending - chưa thiết kế nguồn (gap Atomic REPORT_CELL_VALUE, xem O_QLKD_23)"
K_QLKD_2066,DATA EXPLORER,Nhóm 93 — Báo cáo theo Thông tư 121/2020/TT-BTC (STT 93),- Đánh giá TSCĐVH theo giá trị hợp lý,Cơ sở,QLKD,,,,,"Pending - chưa thiết kế nguồn (gap Atomic REPORT_CELL_VALUE, xem O_QLKD_23)"
K_QLKD_2067,DATA EXPLORER,Nhóm 93 — Báo cáo theo Thông tư 121/2020/TT-BTC (STT 93),III. Bất động sản đầu tư,Cơ sở,QLKD,,,,,"Pending - chưa thiết kế nguồn (gap Atomic REPORT_CELL_VALUE, xem O_QLKD_23)"
K_QLKD_2068,DATA EXPLORER,Nhóm 93 — Báo cáo theo Thông tư 121/2020/TT-BTC (STT 93),- Nguyên giá,Cơ sở,QLKD,,,,,"Pending - chưa thiết kế nguồn (gap Atomic REPORT_CELL_VALUE, xem O_QLKD_23)"
K_QLKD_2069,DATA EXPLORER,Nhóm 93 — Báo cáo theo Thông tư 121/2020/TT-BTC (STT 93),- Giá trị hao mòn luỹ kế (*),Cơ sở,QLKD,,,,,"Pending - chưa thiết kế nguồn (gap Atomic REPORT_CELL_VALUE, xem O_QLKD_23)"
K_QLKD_2070,DATA EXPLORER,Nhóm 93 — Báo cáo theo Thông tư 121/2020/TT-BTC (STT 93),- Đánh giá BĐSĐT theo giá trị hợp lý,Cơ sở,QLKD,,,,,"Pending - chưa thiết kế nguồn (gap Atomic REPORT_CELL_VALUE, xem O_QLKD_23)"
K_QLKD_2071,DATA EXPLORER,Nhóm 93 — Báo cáo theo Thông tư 121/2020/TT-BTC (STT 93),IV.Chi phí xây dựng cơ bản dở dang,Cơ sở,QLKD,,,,,"Pending - chưa thiết kế nguồn (gap Atomic REPORT_CELL_VALUE, xem O_QLKD_23)"
K_QLKD_2072,DATA EXPLORER,Nhóm 93 — Báo cáo theo Thông tư 121/2020/TT-BTC (STT 93),V. Tài sản dài hạn khác,Cơ sở,QLKD,,,,,"Pending - chưa thiết kế nguồn (gap Atomic REPORT_CELL_VALUE, xem O_QLKD_23)"
K_QLKD_2073,DATA EXPLORER,Nhóm 93 — Báo cáo theo Thông tư 121/2020/TT-BTC (STT 93),"1. Cầm cố, thế chấp, ký quỹ, ký cược dài hạn",Cơ sở,QLKD,,,,,"Pending - chưa thiết kế nguồn (gap Atomic REPORT_CELL_VALUE, xem O_QLKD_23)"
K_QLKD_2074,DATA EXPLORER,Nhóm 93 — Báo cáo theo Thông tư 121/2020/TT-BTC (STT 93),2. Chi phí trả trước dài hạn,Cơ sở,QLKD,,,,,"Pending - chưa thiết kế nguồn (gap Atomic REPORT_CELL_VALUE, xem O_QLKD_23)"
K_QLKD_2075,DATA EXPLORER,Nhóm 93 — Báo cáo theo Thông tư 121/2020/TT-BTC (STT 93),3. Tài sản thuế thu nhập hoãn lại,Cơ sở,QLKD,,,,,"Pending - chưa thiết kế nguồn (gap Atomic REPORT_CELL_VALUE, xem O_QLKD_23)"
K_QLKD_2076,DATA EXPLORER,Nhóm 93 — Báo cáo theo Thông tư 121/2020/TT-BTC (STT 93),4. Tiền nộp Quỹ Hỗ trợ thanh toán,Cơ sở,QLKD,,,,,"Pending - chưa thiết kế nguồn (gap Atomic REPORT_CELL_VALUE, xem O_QLKD_23)"
K_QLKD_2077,DATA EXPLORER,Nhóm 93 — Báo cáo theo Thông tư 121/2020/TT-BTC (STT 93),5. Tài sản dài hạn khác,Cơ sở,QLKD,,,,,"Pending - chưa thiết kế nguồn (gap Atomic REPORT_CELL_VALUE, xem O_QLKD_23)"
K_QLKD_2078,DATA EXPLORER,Nhóm 93 — Báo cáo theo Thông tư 121/2020/TT-BTC (STT 93),VI. Dự phòng suy giảm giá trị tài sản dài hạn,Cơ sở,QLKD,,,,,"Pending - chưa thiết kế nguồn (gap Atomic REPORT_CELL_VALUE, xem O_QLKD_23)"
K_QLKD_2079,DATA EXPLORER,Nhóm 93 — Báo cáo theo Thông tư 121/2020/TT-BTC (STT 93),TỔNG CỘNG TÀI SẢN,Cơ sở,QLKD,,,,,"Pending - chưa thiết kế nguồn (gap Atomic REPORT_CELL_VALUE, xem O_QLKD_23)"
K_QLKD_2080,DATA EXPLORER,Nhóm 93 — Báo cáo theo Thông tư 121/2020/TT-BTC (STT 93),(270 = 100 + 200),Cơ sở,QLKD,,,,,"Pending - chưa thiết kế nguồn (gap Atomic REPORT_CELL_VALUE, xem O_QLKD_23)"
K_QLKD_2081,DATA EXPLORER,Nhóm 93 — Báo cáo theo Thông tư 121/2020/TT-BTC (STT 93),C. NỢ PHẢI TRẢ (300 = 310 + 340),Cơ sở,QLKD,,,,,"Pending - chưa thiết kế nguồn (gap Atomic REPORT_CELL_VALUE, xem O_QLKD_23)"
K_QLKD_2082,DATA EXPLORER,Nhóm 93 — Báo cáo theo Thông tư 121/2020/TT-BTC (STT 93),I. Nợ phải trả ngắn hạn,Cơ sở,QLKD,,,,,"Pending - chưa thiết kế nguồn (gap Atomic REPORT_CELL_VALUE, xem O_QLKD_23)"
K_QLKD_2083,DATA EXPLORER,Nhóm 93 — Báo cáo theo Thông tư 121/2020/TT-BTC (STT 93),1. Vay và nợ thuê tài chính ngắn hạn,Cơ sở,QLKD,,,,,"Pending - chưa thiết kế nguồn (gap Atomic REPORT_CELL_VALUE, xem O_QLKD_23)"
K_QLKD_2084,DATA EXPLORER,Nhóm 93 — Báo cáo theo Thông tư 121/2020/TT-BTC (STT 93),1.1. Vay ngắn hạn,Cơ sở,QLKD,,,,,"Pending - chưa thiết kế nguồn (gap Atomic REPORT_CELL_VALUE, xem O_QLKD_23)"
K_QLKD_2085,DATA EXPLORER,Nhóm 93 — Báo cáo theo Thông tư 121/2020/TT-BTC (STT 93),1.2. Nợ thuê tài chính ngắn hạn,Cơ sở,QLKD,,,,,"Pending - chưa thiết kế nguồn (gap Atomic REPORT_CELL_VALUE, xem O_QLKD_23)"
K_QLKD_2086,DATA EXPLORER,Nhóm 93 — Báo cáo theo Thông tư 121/2020/TT-BTC (STT 93),2. Vay tài sản tài chính ngắn hạn,Cơ sở,QLKD,,,,,"Pending - chưa thiết kế nguồn (gap Atomic REPORT_CELL_VALUE, xem O_QLKD_23)"
K_QLKD_2087,DATA EXPLORER,Nhóm 93 — Báo cáo theo Thông tư 121/2020/TT-BTC (STT 93),3. Trái phiếu chuyển đổi ngắn hạn - Cấu phần nợ,Cơ sở,QLKD,,,,,"Pending - chưa thiết kế nguồn (gap Atomic REPORT_CELL_VALUE, xem O_QLKD_23)"
K_QLKD_2088,DATA EXPLORER,Nhóm 93 — Báo cáo theo Thông tư 121/2020/TT-BTC (STT 93),4. Trái phiếu phát hành ngắn hạn,Cơ sở,QLKD,,,,,"Pending - chưa thiết kế nguồn (gap Atomic REPORT_CELL_VALUE, xem O_QLKD_23)"
K_QLKD_2089,DATA EXPLORER,Nhóm 93 — Báo cáo theo Thông tư 121/2020/TT-BTC (STT 93),5. Vay Quỹ Hỗ trợ thanh toán,Cơ sở,QLKD,,,,,"Pending - chưa thiết kế nguồn (gap Atomic REPORT_CELL_VALUE, xem O_QLKD_23)"
K_QLKD_2090,DATA EXPLORER,Nhóm 93 — Báo cáo theo Thông tư 121/2020/TT-BTC (STT 93),6. Phải trả hoạt động giao dịch chứng khoán,Cơ sở,QLKD,,,,,"Pending - chưa thiết kế nguồn (gap Atomic REPORT_CELL_VALUE, xem O_QLKD_23)"
K_QLKD_2091,DATA EXPLORER,Nhóm 93 — Báo cáo theo Thông tư 121/2020/TT-BTC (STT 93),7. Phải trả về lỗi giao dịch các tài sản tài chính,Cơ sở,QLKD,,,,,"Pending - chưa thiết kế nguồn (gap Atomic REPORT_CELL_VALUE, xem O_QLKD_23)"
K_QLKD_2092,DATA EXPLORER,Nhóm 93 — Báo cáo theo Thông tư 121/2020/TT-BTC (STT 93),8. Phải trả người bán ngắn hạn,Cơ sở,QLKD,,,,,"Pending - chưa thiết kế nguồn (gap Atomic REPORT_CELL_VALUE, xem O_QLKD_23)"
K_QLKD_2093,DATA EXPLORER,Nhóm 93 — Báo cáo theo Thông tư 121/2020/TT-BTC (STT 93),9. Người mua trả tiền trước ngắn hạn,Cơ sở,QLKD,,,,,"Pending - chưa thiết kế nguồn (gap Atomic REPORT_CELL_VALUE, xem O_QLKD_23)"
K_QLKD_2094,DATA EXPLORER,Nhóm 93 — Báo cáo theo Thông tư 121/2020/TT-BTC (STT 93),10. Thuế và các khoản phải nộp Nhà nước,Cơ sở,QLKD,,,,,"Pending - chưa thiết kế nguồn (gap Atomic REPORT_CELL_VALUE, xem O_QLKD_23)"
K_QLKD_2095,DATA EXPLORER,Nhóm 93 — Báo cáo theo Thông tư 121/2020/TT-BTC (STT 93),11. Phải trả người lao động,Cơ sở,QLKD,,,,,"Pending - chưa thiết kế nguồn (gap Atomic REPORT_CELL_VALUE, xem O_QLKD_23)"
K_QLKD_2096,DATA EXPLORER,Nhóm 93 — Báo cáo theo Thông tư 121/2020/TT-BTC (STT 93),12.Các khoản trích nộp phúc lợi nhân viên,Cơ sở,QLKD,,,,,"Pending - chưa thiết kế nguồn (gap Atomic REPORT_CELL_VALUE, xem O_QLKD_23)"
K_QLKD_2097,DATA EXPLORER,Nhóm 93 — Báo cáo theo Thông tư 121/2020/TT-BTC (STT 93),13. Chi phí phải trả ngắn hạn,Cơ sở,QLKD,,,,,"Pending - chưa thiết kế nguồn (gap Atomic REPORT_CELL_VALUE, xem O_QLKD_23)"
K_QLKD_2098,DATA EXPLORER,Nhóm 93 — Báo cáo theo Thông tư 121/2020/TT-BTC (STT 93),14. Phải trả nội bộ ngắn hạn,Cơ sở,QLKD,,,,,"Pending - chưa thiết kế nguồn (gap Atomic REPORT_CELL_VALUE, xem O_QLKD_23)"
K_QLKD_2099,DATA EXPLORER,Nhóm 93 — Báo cáo theo Thông tư 121/2020/TT-BTC (STT 93),15. Doanh thu chưa thực hiện ngắn hạn,Cơ sở,QLKD,,,,,"Pending - chưa thiết kế nguồn (gap Atomic REPORT_CELL_VALUE, xem O_QLKD_23)"
K_QLKD_2100,DATA EXPLORER,Nhóm 93 — Báo cáo theo Thông tư 121/2020/TT-BTC (STT 93),"16. Nhận ký quỹ, ký cược ngắn hạn",Cơ sở,QLKD,,,,,"Pending - chưa thiết kế nguồn (gap Atomic REPORT_CELL_VALUE, xem O_QLKD_23)"
K_QLKD_2101,DATA EXPLORER,Nhóm 93 — Báo cáo theo Thông tư 121/2020/TT-BTC (STT 93),"17.Các khoản phải trả, phải nộp khác ngắn hạn",Cơ sở,QLKD,,,,,"Pending - chưa thiết kế nguồn (gap Atomic REPORT_CELL_VALUE, xem O_QLKD_23)"
K_QLKD_2102,DATA EXPLORER,Nhóm 93 — Báo cáo theo Thông tư 121/2020/TT-BTC (STT 93),18. Dự phòng phải trả ngắn hạn,Cơ sở,QLKD,,,,,"Pending - chưa thiết kế nguồn (gap Atomic REPORT_CELL_VALUE, xem O_QLKD_23)"
K_QLKD_2103,DATA EXPLORER,Nhóm 93 — Báo cáo theo Thông tư 121/2020/TT-BTC (STT 93),"19. Quỹ khen thưởng, phúc lợi",Cơ sở,QLKD,,,,,"Pending - chưa thiết kế nguồn (gap Atomic REPORT_CELL_VALUE, xem O_QLKD_23)"
K_QLKD_2104,DATA EXPLORER,Nhóm 93 — Báo cáo theo Thông tư 121/2020/TT-BTC (STT 93),20. Giao dịch mua bán lại trái phiếu Chính phủ,Cơ sở,QLKD,,,,,"Pending - chưa thiết kế nguồn (gap Atomic REPORT_CELL_VALUE, xem O_QLKD_23)"
K_QLKD_2105,DATA EXPLORER,Nhóm 93 — Báo cáo theo Thông tư 121/2020/TT-BTC (STT 93),II. Nợ phải trả dài hạn,Cơ sở,QLKD,,,,,"Pending - chưa thiết kế nguồn (gap Atomic REPORT_CELL_VALUE, xem O_QLKD_23)"
K_QLKD_2106,DATA EXPLORER,Nhóm 93 — Báo cáo theo Thông tư 121/2020/TT-BTC (STT 93),1. Vay và nợ thuê tài chính dài hạn,Cơ sở,QLKD,,,,,"Pending - chưa thiết kế nguồn (gap Atomic REPORT_CELL_VALUE, xem O_QLKD_23)"
K_QLKD_2107,DATA EXPLORER,Nhóm 93 — Báo cáo theo Thông tư 121/2020/TT-BTC (STT 93),1.1.Vay dài hạn,Cơ sở,QLKD,,,,,"Pending - chưa thiết kế nguồn (gap Atomic REPORT_CELL_VALUE, xem O_QLKD_23)"
K_QLKD_2108,DATA EXPLORER,Nhóm 93 — Báo cáo theo Thông tư 121/2020/TT-BTC (STT 93),1.2. Nợ thuê tài chính dài hạn,Cơ sở,QLKD,,,,,"Pending - chưa thiết kế nguồn (gap Atomic REPORT_CELL_VALUE, xem O_QLKD_23)"
K_QLKD_2109,DATA EXPLORER,Nhóm 93 — Báo cáo theo Thông tư 121/2020/TT-BTC (STT 93),2. Vay tài sản tài chính dài hạn,Cơ sở,QLKD,,,,,"Pending - chưa thiết kế nguồn (gap Atomic REPORT_CELL_VALUE, xem O_QLKD_23)"
K_QLKD_2110,DATA EXPLORER,Nhóm 93 — Báo cáo theo Thông tư 121/2020/TT-BTC (STT 93),3.Trái phiếu chuyển đổi dài hạn - Cấu phần nợ,Cơ sở,QLKD,,,,,"Pending - chưa thiết kế nguồn (gap Atomic REPORT_CELL_VALUE, xem O_QLKD_23)"
K_QLKD_2111,DATA EXPLORER,Nhóm 93 — Báo cáo theo Thông tư 121/2020/TT-BTC (STT 93),4.Trái phiếu phát hành dài hạn,Cơ sở,QLKD,,,,,"Pending - chưa thiết kế nguồn (gap Atomic REPORT_CELL_VALUE, xem O_QLKD_23)"
K_QLKD_2112,DATA EXPLORER,Nhóm 93 — Báo cáo theo Thông tư 121/2020/TT-BTC (STT 93),5. Phải trả người bán dài hạn,Cơ sở,QLKD,,,,,"Pending - chưa thiết kế nguồn (gap Atomic REPORT_CELL_VALUE, xem O_QLKD_23)"
K_QLKD_2113,DATA EXPLORER,Nhóm 93 — Báo cáo theo Thông tư 121/2020/TT-BTC (STT 93),6. Người mua trả tiền trước dài hạn,Cơ sở,QLKD,,,,,"Pending - chưa thiết kế nguồn (gap Atomic REPORT_CELL_VALUE, xem O_QLKD_23)"
K_QLKD_2114,DATA EXPLORER,Nhóm 93 — Báo cáo theo Thông tư 121/2020/TT-BTC (STT 93),7. Chi phí phải trả dài hạn,Cơ sở,QLKD,,,,,"Pending - chưa thiết kế nguồn (gap Atomic REPORT_CELL_VALUE, xem O_QLKD_23)"
K_QLKD_2115,DATA EXPLORER,Nhóm 93 — Báo cáo theo Thông tư 121/2020/TT-BTC (STT 93),8. Phải trả nội bộ dài hạn,Cơ sở,QLKD,,,,,"Pending - chưa thiết kế nguồn (gap Atomic REPORT_CELL_VALUE, xem O_QLKD_23)"
K_QLKD_2116,DATA EXPLORER,Nhóm 93 — Báo cáo theo Thông tư 121/2020/TT-BTC (STT 93),9. Doanh thu chưa thực hiện dài hạn,Cơ sở,QLKD,,,,,"Pending - chưa thiết kế nguồn (gap Atomic REPORT_CELL_VALUE, xem O_QLKD_23)"
K_QLKD_2117,DATA EXPLORER,Nhóm 93 — Báo cáo theo Thông tư 121/2020/TT-BTC (STT 93),"10. Nhận ký quỹ, ký cược dài hạn",Cơ sở,QLKD,,,,,"Pending - chưa thiết kế nguồn (gap Atomic REPORT_CELL_VALUE, xem O_QLKD_23)"
K_QLKD_2118,DATA EXPLORER,Nhóm 93 — Báo cáo theo Thông tư 121/2020/TT-BTC (STT 93),"11. Các khoản phải trả, phải nộp khác dài hạn",Cơ sở,QLKD,,,,,"Pending - chưa thiết kế nguồn (gap Atomic REPORT_CELL_VALUE, xem O_QLKD_23)"
K_QLKD_2119,DATA EXPLORER,Nhóm 93 — Báo cáo theo Thông tư 121/2020/TT-BTC (STT 93),12. Dự phòng phải trả dài hạn,Cơ sở,QLKD,,,,,"Pending - chưa thiết kế nguồn (gap Atomic REPORT_CELL_VALUE, xem O_QLKD_23)"
K_QLKD_2120,DATA EXPLORER,Nhóm 93 — Báo cáo theo Thông tư 121/2020/TT-BTC (STT 93),13. Quỹ bảo vệ Nhà đầu tư,Cơ sở,QLKD,,,,,"Pending - chưa thiết kế nguồn (gap Atomic REPORT_CELL_VALUE, xem O_QLKD_23)"
K_QLKD_2121,DATA EXPLORER,Nhóm 93 — Báo cáo theo Thông tư 121/2020/TT-BTC (STT 93),14. Thuế thu nhập hoãn lại phải trả,Cơ sở,QLKD,,,,,"Pending - chưa thiết kế nguồn (gap Atomic REPORT_CELL_VALUE, xem O_QLKD_23)"
K_QLKD_2122,DATA EXPLORER,Nhóm 93 — Báo cáo theo Thông tư 121/2020/TT-BTC (STT 93),15. Quỹ phát triển khoa học và công nghệ,Cơ sở,QLKD,,,,,"Pending - chưa thiết kế nguồn (gap Atomic REPORT_CELL_VALUE, xem O_QLKD_23)"
K_QLKD_2123,DATA EXPLORER,Nhóm 93 — Báo cáo theo Thông tư 121/2020/TT-BTC (STT 93),D. VỐN CHỦ SỞ HỮU (400 = 410 + 420),Cơ sở,QLKD,,,,,"Pending - chưa thiết kế nguồn (gap Atomic REPORT_CELL_VALUE, xem O_QLKD_23)"
K_QLKD_2124,DATA EXPLORER,Nhóm 93 — Báo cáo theo Thông tư 121/2020/TT-BTC (STT 93),I. Vốn chủ sở hữu,Cơ sở,QLKD,,,,,"Pending - chưa thiết kế nguồn (gap Atomic REPORT_CELL_VALUE, xem O_QLKD_23)"
K_QLKD_2125,DATA EXPLORER,Nhóm 93 — Báo cáo theo Thông tư 121/2020/TT-BTC (STT 93),1. Vốn đầu tư của chủ sở hữu,Cơ sở,QLKD,,,,,"Pending - chưa thiết kế nguồn (gap Atomic REPORT_CELL_VALUE, xem O_QLKD_23)"
K_QLKD_2126,DATA EXPLORER,Nhóm 93 — Báo cáo theo Thông tư 121/2020/TT-BTC (STT 93),1.1. Vốn góp của chủ sở hữu,Cơ sở,QLKD,,,,,"Pending - chưa thiết kế nguồn (gap Atomic REPORT_CELL_VALUE, xem O_QLKD_23)"
K_QLKD_2127,DATA EXPLORER,Nhóm 93 — Báo cáo theo Thông tư 121/2020/TT-BTC (STT 93),a. Cổ phiếu phổ thông có quyền biểu quyết,Cơ sở,QLKD,,,,,"Pending - chưa thiết kế nguồn (gap Atomic REPORT_CELL_VALUE, xem O_QLKD_23)"
K_QLKD_2128,DATA EXPLORER,Nhóm 93 — Báo cáo theo Thông tư 121/2020/TT-BTC (STT 93),b. Cổ phiếu ưu đãi,Cơ sở,QLKD,,,,,"Pending - chưa thiết kế nguồn (gap Atomic REPORT_CELL_VALUE, xem O_QLKD_23)"
K_QLKD_2129,DATA EXPLORER,Nhóm 93 — Báo cáo theo Thông tư 121/2020/TT-BTC (STT 93),1.2. Thặng dư vốn cổ phần,Cơ sở,QLKD,,,,,"Pending - chưa thiết kế nguồn (gap Atomic REPORT_CELL_VALUE, xem O_QLKD_23)"
K_QLKD_2130,DATA EXPLORER,Nhóm 93 — Báo cáo theo Thông tư 121/2020/TT-BTC (STT 93),1.3. Quyền chọn chuyển đổi trái phiếu - Cấu phần vốn,Cơ sở,QLKD,,,,,"Pending - chưa thiết kế nguồn (gap Atomic REPORT_CELL_VALUE, xem O_QLKD_23)"
K_QLKD_2131,DATA EXPLORER,Nhóm 93 — Báo cáo theo Thông tư 121/2020/TT-BTC (STT 93),1.4. Vốn khác của chủ sở hữu,Cơ sở,QLKD,,,,,"Pending - chưa thiết kế nguồn (gap Atomic REPORT_CELL_VALUE, xem O_QLKD_23)"
K_QLKD_2132,DATA EXPLORER,Nhóm 93 — Báo cáo theo Thông tư 121/2020/TT-BTC (STT 93),1.5. Cổ phiếu quỹ (*),Cơ sở,QLKD,,,,,"Pending - chưa thiết kế nguồn (gap Atomic REPORT_CELL_VALUE, xem O_QLKD_23)"
K_QLKD_2133,DATA EXPLORER,Nhóm 93 — Báo cáo theo Thông tư 121/2020/TT-BTC (STT 93),2. Chênh lệch đánh giá tài sản theo giá trị hợp lý,Cơ sở,QLKD,,,,,"Pending - chưa thiết kế nguồn (gap Atomic REPORT_CELL_VALUE, xem O_QLKD_23)"
K_QLKD_2134,DATA EXPLORER,Nhóm 93 — Báo cáo theo Thông tư 121/2020/TT-BTC (STT 93),3. Chênh lệch tỷ giá hối đoái,Cơ sở,QLKD,,,,,"Pending - chưa thiết kế nguồn (gap Atomic REPORT_CELL_VALUE, xem O_QLKD_23)"
K_QLKD_2135,DATA EXPLORER,Nhóm 93 — Báo cáo theo Thông tư 121/2020/TT-BTC (STT 93),4. Quỹ dự trữ bổ sung vốn điều lệ,Cơ sở,QLKD,,,,,"Pending - chưa thiết kế nguồn (gap Atomic REPORT_CELL_VALUE, xem O_QLKD_23)"
K_QLKD_2136,DATA EXPLORER,Nhóm 93 — Báo cáo theo Thông tư 121/2020/TT-BTC (STT 93),5. Quỹ dự phòng tài chính và rủi ro nghiệp vụ,Cơ sở,QLKD,,,,,"Pending - chưa thiết kế nguồn (gap Atomic REPORT_CELL_VALUE, xem O_QLKD_23)"
K_QLKD_2137,DATA EXPLORER,Nhóm 93 — Báo cáo theo Thông tư 121/2020/TT-BTC (STT 93),6. Các Quỹ khác thuộc vốn chủ sở hữu,Cơ sở,QLKD,,,,,"Pending - chưa thiết kế nguồn (gap Atomic REPORT_CELL_VALUE, xem O_QLKD_23)"
K_QLKD_2138,DATA EXPLORER,Nhóm 93 — Báo cáo theo Thông tư 121/2020/TT-BTC (STT 93),7. Lợi nhuận chưa phân phối,Cơ sở,QLKD,,,,,"Pending - chưa thiết kế nguồn (gap Atomic REPORT_CELL_VALUE, xem O_QLKD_23)"
K_QLKD_2139,DATA EXPLORER,Nhóm 93 — Báo cáo theo Thông tư 121/2020/TT-BTC (STT 93),7.1. Lợi nhuận sau thuế đã thực hiện,Cơ sở,QLKD,,,,,"Pending - chưa thiết kế nguồn (gap Atomic REPORT_CELL_VALUE, xem O_QLKD_23)"
K_QLKD_2140,DATA EXPLORER,Nhóm 93 — Báo cáo theo Thông tư 121/2020/TT-BTC (STT 93),7.2. Lợi nhuận chưa thực hiện,Cơ sở,QLKD,,,,,"Pending - chưa thiết kế nguồn (gap Atomic REPORT_CELL_VALUE, xem O_QLKD_23)"
K_QLKD_2141,DATA EXPLORER,Nhóm 93 — Báo cáo theo Thông tư 121/2020/TT-BTC (STT 93),II. Nguồn kinh phí và quỹ khác,Cơ sở,QLKD,,,,,"Pending - chưa thiết kế nguồn (gap Atomic REPORT_CELL_VALUE, xem O_QLKD_23)"
K_QLKD_2142,DATA EXPLORER,Nhóm 93 — Báo cáo theo Thông tư 121/2020/TT-BTC (STT 93),TỔNG CỘNG NỢ VÀ VỐN CHỦ SỞ HỮU (440 = 300 + 400),Cơ sở,QLKD,,,,,"Pending - chưa thiết kế nguồn (gap Atomic REPORT_CELL_VALUE, xem O_QLKD_23)"
K_QLKD_2143,DATA EXPLORER,Nhóm 94 — Báo cáo theo Thông tư 121/2020/TT-BTC (STT 94),Loại báo cáo,Chiều,QLKD,,,,,"Pending - chưa thiết kế nguồn (gap Atomic REPORT_CELL_VALUE, xem O_QLKD_23)"
K_QLKD_2144,DATA EXPLORER,Nhóm 94 — Báo cáo theo Thông tư 121/2020/TT-BTC (STT 94),Kỳ báo cáo,Chiều,QLKD,,,,,"Pending - chưa thiết kế nguồn (gap Atomic REPORT_CELL_VALUE, xem O_QLKD_23)"
K_QLKD_2145,DATA EXPLORER,Nhóm 94 — Báo cáo theo Thông tư 121/2020/TT-BTC (STT 94),Mã báo cáo,Chiều,QLKD,,,,,"Pending - chưa thiết kế nguồn (gap Atomic REPORT_CELL_VALUE, xem O_QLKD_23)"
K_QLKD_2146,DATA EXPLORER,Nhóm 94 — Báo cáo theo Thông tư 121/2020/TT-BTC (STT 94),Tên báo cáo,Chiều,QLKD,,,,,"Pending - chưa thiết kế nguồn (gap Atomic REPORT_CELL_VALUE, xem O_QLKD_23)"
K_QLKD_2147,DATA EXPLORER,Nhóm 94 — Báo cáo theo Thông tư 121/2020/TT-BTC (STT 94),Mã sheet,Chiều,QLKD,,,,,"Pending - chưa thiết kế nguồn (gap Atomic REPORT_CELL_VALUE, xem O_QLKD_23)"
K_QLKD_2148,DATA EXPLORER,Nhóm 94 — Báo cáo theo Thông tư 121/2020/TT-BTC (STT 94),Tên sheet,Chiều,QLKD,,,,,"Pending - chưa thiết kế nguồn (gap Atomic REPORT_CELL_VALUE, xem O_QLKD_23)"
K_QLKD_2149,DATA EXPLORER,Nhóm 94 — Báo cáo theo Thông tư 121/2020/TT-BTC (STT 94),Mã chỉ tiêu,Chiều,QLKD,,,,,"Pending - chưa thiết kế nguồn (gap Atomic REPORT_CELL_VALUE, xem O_QLKD_23)"
K_QLKD_2150,DATA EXPLORER,Nhóm 94 — Báo cáo theo Thông tư 121/2020/TT-BTC (STT 94),Tên chỉ tiêu,Chiều,QLKD,,,,,"Pending - chưa thiết kế nguồn (gap Atomic REPORT_CELL_VALUE, xem O_QLKD_23)"
K_QLKD_2151,DATA EXPLORER,Nhóm 94 — Báo cáo theo Thông tư 121/2020/TT-BTC (STT 94),A.TÀI SẢN CỦA CTCK VÀ TÀI SẢN QUẢN LÝ THEO CAM KẾT,Cơ sở,QLKD,,,,,"Pending - chưa thiết kế nguồn (gap Atomic REPORT_CELL_VALUE, xem O_QLKD_23)"
K_QLKD_2152,DATA EXPLORER,Nhóm 94 — Báo cáo theo Thông tư 121/2020/TT-BTC (STT 94),1. Tài sản cố định thuê ngoài,Cơ sở,QLKD,,,,,"Pending - chưa thiết kế nguồn (gap Atomic REPORT_CELL_VALUE, xem O_QLKD_23)"
K_QLKD_2153,DATA EXPLORER,Nhóm 94 — Báo cáo theo Thông tư 121/2020/TT-BTC (STT 94),2. Chứng chỉ có giá nhận giữ hộ,Cơ sở,QLKD,,,,,"Pending - chưa thiết kế nguồn (gap Atomic REPORT_CELL_VALUE, xem O_QLKD_23)"
K_QLKD_2154,DATA EXPLORER,Nhóm 94 — Báo cáo theo Thông tư 121/2020/TT-BTC (STT 94),3. Tài sản nhận thế chấp,Cơ sở,QLKD,,,,,"Pending - chưa thiết kế nguồn (gap Atomic REPORT_CELL_VALUE, xem O_QLKD_23)"
K_QLKD_2155,DATA EXPLORER,Nhóm 94 — Báo cáo theo Thông tư 121/2020/TT-BTC (STT 94),4. Nợ khó đòi đã xử lý,Cơ sở,QLKD,,,,,"Pending - chưa thiết kế nguồn (gap Atomic REPORT_CELL_VALUE, xem O_QLKD_23)"
K_QLKD_2156,DATA EXPLORER,Nhóm 94 — Báo cáo theo Thông tư 121/2020/TT-BTC (STT 94),5. Ngoại tệ các loại,Cơ sở,QLKD,,,,,"Pending - chưa thiết kế nguồn (gap Atomic REPORT_CELL_VALUE, xem O_QLKD_23)"
K_QLKD_2157,DATA EXPLORER,Nhóm 94 — Báo cáo theo Thông tư 121/2020/TT-BTC (STT 94),6. Cổ phiếu đang lưu hành,Cơ sở,QLKD,,,,,"Pending - chưa thiết kế nguồn (gap Atomic REPORT_CELL_VALUE, xem O_QLKD_23)"
K_QLKD_2158,DATA EXPLORER,Nhóm 94 — Báo cáo theo Thông tư 121/2020/TT-BTC (STT 94),7. Cổ phiếu quỹ,Cơ sở,QLKD,,,,,"Pending - chưa thiết kế nguồn (gap Atomic REPORT_CELL_VALUE, xem O_QLKD_23)"
K_QLKD_2159,DATA EXPLORER,Nhóm 94 — Báo cáo theo Thông tư 121/2020/TT-BTC (STT 94),8. Tài sản tài chính niêm yết/đăng ký giao dịch tại VSD của CTCK,Cơ sở,QLKD,,,,,"Pending - chưa thiết kế nguồn (gap Atomic REPORT_CELL_VALUE, xem O_QLKD_23)"
K_QLKD_2160,DATA EXPLORER,Nhóm 94 — Báo cáo theo Thông tư 121/2020/TT-BTC (STT 94),9. Tài sản tài chính đã lưu ký tại VSD và chưa giao dịch của CTCK,Cơ sở,QLKD,,,,,"Pending - chưa thiết kế nguồn (gap Atomic REPORT_CELL_VALUE, xem O_QLKD_23)"
K_QLKD_2161,DATA EXPLORER,Nhóm 94 — Báo cáo theo Thông tư 121/2020/TT-BTC (STT 94),10. Tài sản tài chính chờ về của CTCK,Cơ sở,QLKD,,,,,"Pending - chưa thiết kế nguồn (gap Atomic REPORT_CELL_VALUE, xem O_QLKD_23)"
K_QLKD_2162,DATA EXPLORER,Nhóm 94 — Báo cáo theo Thông tư 121/2020/TT-BTC (STT 94),11. Tài sản tài chính sửa lỗi giao dịch của CTCK,Cơ sở,QLKD,,,,,"Pending - chưa thiết kế nguồn (gap Atomic REPORT_CELL_VALUE, xem O_QLKD_23)"
K_QLKD_2163,DATA EXPLORER,Nhóm 94 — Báo cáo theo Thông tư 121/2020/TT-BTC (STT 94),12. Tài sản tài chính chưa lưu ký tại VSD của CTCK,Cơ sở,QLKD,,,,,"Pending - chưa thiết kế nguồn (gap Atomic REPORT_CELL_VALUE, xem O_QLKD_23)"
K_QLKD_2164,DATA EXPLORER,Nhóm 94 — Báo cáo theo Thông tư 121/2020/TT-BTC (STT 94),13.Tài sản tài chính được hưởng quyền của CTCK,Cơ sở,QLKD,,,,,"Pending - chưa thiết kế nguồn (gap Atomic REPORT_CELL_VALUE, xem O_QLKD_23)"
K_QLKD_2165,DATA EXPLORER,Nhóm 94 — Báo cáo theo Thông tư 121/2020/TT-BTC (STT 94),14.Chứng quyền,Cơ sở,QLKD,,,,,"Pending - chưa thiết kế nguồn (gap Atomic REPORT_CELL_VALUE, xem O_QLKD_23)"
K_QLKD_2166,DATA EXPLORER,Nhóm 94 — Báo cáo theo Thông tư 121/2020/TT-BTC (STT 94),B. TÀI SẢN VÀ CÁC KHOẢN PHẢI TRẢ VỀ TÀI SẢN QUẢN LÝ CAM KẾT VỚI KHÁCH HÀNG,Cơ sở,QLKD,,,,,"Pending - chưa thiết kế nguồn (gap Atomic REPORT_CELL_VALUE, xem O_QLKD_23)"
K_QLKD_2167,DATA EXPLORER,Nhóm 94 — Báo cáo theo Thông tư 121/2020/TT-BTC (STT 94),1.Tài sản tài chính niêm yết/đăng ký giao dịch tại VSD của Nhà đầu tư,Cơ sở,QLKD,,,,,"Pending - chưa thiết kế nguồn (gap Atomic REPORT_CELL_VALUE, xem O_QLKD_23)"
K_QLKD_2168,DATA EXPLORER,Nhóm 94 — Báo cáo theo Thông tư 121/2020/TT-BTC (STT 94),a.Tài sản tài chính giao dịch tự do chuyển nhượng,Cơ sở,QLKD,,,,,"Pending - chưa thiết kế nguồn (gap Atomic REPORT_CELL_VALUE, xem O_QLKD_23)"
K_QLKD_2169,DATA EXPLORER,Nhóm 94 — Báo cáo theo Thông tư 121/2020/TT-BTC (STT 94),b.Tài sản tài chính hạn chế chuyển nhượng,Cơ sở,QLKD,,,,,"Pending - chưa thiết kế nguồn (gap Atomic REPORT_CELL_VALUE, xem O_QLKD_23)"
K_QLKD_2170,DATA EXPLORER,Nhóm 94 — Báo cáo theo Thông tư 121/2020/TT-BTC (STT 94),c.Tài sản tài chính giao dịch cầm cố,Cơ sở,QLKD,,,,,"Pending - chưa thiết kế nguồn (gap Atomic REPORT_CELL_VALUE, xem O_QLKD_23)"
K_QLKD_2171,DATA EXPLORER,Nhóm 94 — Báo cáo theo Thông tư 121/2020/TT-BTC (STT 94),"d.Tài sản tài chính phong tỏa, tạm giữ",Cơ sở,QLKD,,,,,"Pending - chưa thiết kế nguồn (gap Atomic REPORT_CELL_VALUE, xem O_QLKD_23)"
K_QLKD_2172,DATA EXPLORER,Nhóm 94 — Báo cáo theo Thông tư 121/2020/TT-BTC (STT 94),e.Tài sản tài chính chờ thanh toán,Cơ sở,QLKD,,,,,"Pending - chưa thiết kế nguồn (gap Atomic REPORT_CELL_VALUE, xem O_QLKD_23)"
K_QLKD_2173,DATA EXPLORER,Nhóm 94 — Báo cáo theo Thông tư 121/2020/TT-BTC (STT 94),f. Tài sản tài chính chờ cho vay,Cơ sở,QLKD,,,,,"Pending - chưa thiết kế nguồn (gap Atomic REPORT_CELL_VALUE, xem O_QLKD_23)"
K_QLKD_2174,DATA EXPLORER,Nhóm 94 — Báo cáo theo Thông tư 121/2020/TT-BTC (STT 94),2. Tài sản tài chính đã lưu ký tại VSD và chưa giao dịch của Nhà đầu tư,Cơ sở,QLKD,,,,,"Pending - chưa thiết kế nguồn (gap Atomic REPORT_CELL_VALUE, xem O_QLKD_23)"
K_QLKD_2175,DATA EXPLORER,Nhóm 94 — Báo cáo theo Thông tư 121/2020/TT-BTC (STT 94),"a.Tài sản tài chính đã lưu ký tại VSD và chưa giao dịch, tự do chuyển nhượng",Cơ sở,QLKD,,,,,"Pending - chưa thiết kế nguồn (gap Atomic REPORT_CELL_VALUE, xem O_QLKD_23)"
K_QLKD_2176,DATA EXPLORER,Nhóm 94 — Báo cáo theo Thông tư 121/2020/TT-BTC (STT 94),"b.Tài sản tài chính đã lưu ký tại VSD và chưa giao dịch, hạn chế chuyển nhượng",Cơ sở,QLKD,,,,,"Pending - chưa thiết kế nguồn (gap Atomic REPORT_CELL_VALUE, xem O_QLKD_23)"
K_QLKD_2177,DATA EXPLORER,Nhóm 94 — Báo cáo theo Thông tư 121/2020/TT-BTC (STT 94),"c.Tài sản tài chính đã lưu ký tại VSD và chưa giao dịch, cầm cố",Cơ sở,QLKD,,,,,"Pending - chưa thiết kế nguồn (gap Atomic REPORT_CELL_VALUE, xem O_QLKD_23)"
K_QLKD_2178,DATA EXPLORER,Nhóm 94 — Báo cáo theo Thông tư 121/2020/TT-BTC (STT 94),"d.Tài sản tài chính đã lưu ký tại VSD và chưa giao dịch, phong tỏa, tạm giữ",Cơ sở,QLKD,,,,,"Pending - chưa thiết kế nguồn (gap Atomic REPORT_CELL_VALUE, xem O_QLKD_23)"
K_QLKD_2179,DATA EXPLORER,Nhóm 94 — Báo cáo theo Thông tư 121/2020/TT-BTC (STT 94),3. Tài sản tài chính chờ về của Nhà đầu tư,Cơ sở,QLKD,,,,,"Pending - chưa thiết kế nguồn (gap Atomic REPORT_CELL_VALUE, xem O_QLKD_23)"
K_QLKD_2180,DATA EXPLORER,Nhóm 94 — Báo cáo theo Thông tư 121/2020/TT-BTC (STT 94),4. Tài sản tài chính sửa lỗi giao dịch của Nhà đầu tư,Cơ sở,QLKD,,,,,"Pending - chưa thiết kế nguồn (gap Atomic REPORT_CELL_VALUE, xem O_QLKD_23)"
K_QLKD_2181,DATA EXPLORER,Nhóm 94 — Báo cáo theo Thông tư 121/2020/TT-BTC (STT 94),5.Tài sản tài chính chưa lưu ký tại VSD của Nhà đầu tư,Cơ sở,QLKD,,,,,"Pending - chưa thiết kế nguồn (gap Atomic REPORT_CELL_VALUE, xem O_QLKD_23)"
K_QLKD_2182,DATA EXPLORER,Nhóm 94 — Báo cáo theo Thông tư 121/2020/TT-BTC (STT 94),6.Tài sản tài chính được hưởng quyền của Nhà đầu tư,Cơ sở,QLKD,,,,,"Pending - chưa thiết kế nguồn (gap Atomic REPORT_CELL_VALUE, xem O_QLKD_23)"
K_QLKD_2183,DATA EXPLORER,Nhóm 94 — Báo cáo theo Thông tư 121/2020/TT-BTC (STT 94),7. Tiền gửi của khách hàng,Cơ sở,QLKD,,,,,"Pending - chưa thiết kế nguồn (gap Atomic REPORT_CELL_VALUE, xem O_QLKD_23)"
K_QLKD_2184,DATA EXPLORER,Nhóm 94 — Báo cáo theo Thông tư 121/2020/TT-BTC (STT 94),7.1. Tiền gửi của Nhà đầu tư về giao dịch chứng khoán theo phương thức CTCK quản lý,Cơ sở,QLKD,,,,,"Pending - chưa thiết kế nguồn (gap Atomic REPORT_CELL_VALUE, xem O_QLKD_23)"
K_QLKD_2185,DATA EXPLORER,Nhóm 94 — Báo cáo theo Thông tư 121/2020/TT-BTC (STT 94),7.2.Tiền gửi tổng hợp giao dịch chứng khoán cho khách hàng,Cơ sở,QLKD,,,,,"Pending - chưa thiết kế nguồn (gap Atomic REPORT_CELL_VALUE, xem O_QLKD_23)"
K_QLKD_2186,DATA EXPLORER,Nhóm 94 — Báo cáo theo Thông tư 121/2020/TT-BTC (STT 94),7.3. Tiền gửi bù trừ và thanh toán giao dịch chứng khoán,Cơ sở,QLKD,,,,,"Pending - chưa thiết kế nguồn (gap Atomic REPORT_CELL_VALUE, xem O_QLKD_23)"
K_QLKD_2187,DATA EXPLORER,Nhóm 94 — Báo cáo theo Thông tư 121/2020/TT-BTC (STT 94),a. Tiền gửi bù trừ và thanh toán giao dịch chứng khoán Nhà đầu tư trong nước,Cơ sở,QLKD,,,,,"Pending - chưa thiết kế nguồn (gap Atomic REPORT_CELL_VALUE, xem O_QLKD_23)"
K_QLKD_2188,DATA EXPLORER,Nhóm 94 — Báo cáo theo Thông tư 121/2020/TT-BTC (STT 94),b. Tiền gửi bù trừ và thanh toán giao dịch chứng khoán Nhà đầu tư nước ngoài,Cơ sở,QLKD,,,,,"Pending - chưa thiết kế nguồn (gap Atomic REPORT_CELL_VALUE, xem O_QLKD_23)"
K_QLKD_2189,DATA EXPLORER,Nhóm 94 — Báo cáo theo Thông tư 121/2020/TT-BTC (STT 94),7.4. Tiền gửi của Tổ chức phát hành chứng khoán,Cơ sở,QLKD,,,,,"Pending - chưa thiết kế nguồn (gap Atomic REPORT_CELL_VALUE, xem O_QLKD_23)"
K_QLKD_2190,DATA EXPLORER,Nhóm 94 — Báo cáo theo Thông tư 121/2020/TT-BTC (STT 94),8. Phải trả Nhà đầu tư về tiền gửi giao dịch chứng khoán theo phương thức CTCK quản lý,Cơ sở,QLKD,,,,,"Pending - chưa thiết kế nguồn (gap Atomic REPORT_CELL_VALUE, xem O_QLKD_23)"
K_QLKD_2191,DATA EXPLORER,Nhóm 94 — Báo cáo theo Thông tư 121/2020/TT-BTC (STT 94),8.1. Phải trả Nhà đầu tư trong nước về tiền gửi giao dịch chứng khoán theo phương thức CTCK quản lý,Cơ sở,QLKD,,,,,"Pending - chưa thiết kế nguồn (gap Atomic REPORT_CELL_VALUE, xem O_QLKD_23)"
K_QLKD_2192,DATA EXPLORER,Nhóm 94 — Báo cáo theo Thông tư 121/2020/TT-BTC (STT 94),8.2. Phải trả Nhà đầu tư nước ngoài về tiền gửi giao dịch chứng khoán theo phương thức CTCK quản lý,Cơ sở,QLKD,,,,,"Pending - chưa thiết kế nguồn (gap Atomic REPORT_CELL_VALUE, xem O_QLKD_23)"
K_QLKD_2193,DATA EXPLORER,Nhóm 94 — Báo cáo theo Thông tư 121/2020/TT-BTC (STT 94),9. Phải trả Tổ chức phát hành chứng khoán,Cơ sở,QLKD,,,,,"Pending - chưa thiết kế nguồn (gap Atomic REPORT_CELL_VALUE, xem O_QLKD_23)"
K_QLKD_2194,DATA EXPLORER,Nhóm 94 — Báo cáo theo Thông tư 121/2020/TT-BTC (STT 94),10. Phải thu của khách hàng về lỗi giao dịch các tài sản tài chính,Cơ sở,QLKD,,,,,"Pending - chưa thiết kế nguồn (gap Atomic REPORT_CELL_VALUE, xem O_QLKD_23)"
K_QLKD_2195,DATA EXPLORER,Nhóm 94 — Báo cáo theo Thông tư 121/2020/TT-BTC (STT 94),11. Phải trả của khách hàng về lỗi giao dịch các tài sản tài chính,Cơ sở,QLKD,,,,,"Pending - chưa thiết kế nguồn (gap Atomic REPORT_CELL_VALUE, xem O_QLKD_23)"
K_QLKD_2196,DATA EXPLORER,Nhóm 94 — Báo cáo theo Thông tư 121/2020/TT-BTC (STT 94),"12. Phải trả cổ tức, gốc và lãi trái phiếu",Cơ sở,QLKD,,,,,"Pending - chưa thiết kế nguồn (gap Atomic REPORT_CELL_VALUE, xem O_QLKD_23)"
K_QLKD_2197,DATA EXPLORER,Nhóm 95 — Báo cáo theo Thông tư 121/2020/TT-BTC (STT 95),Loại báo cáo,Chiều,QLKD,,,,,"Pending - chưa thiết kế nguồn (gap Atomic REPORT_CELL_VALUE, xem O_QLKD_23)"
K_QLKD_2198,DATA EXPLORER,Nhóm 95 — Báo cáo theo Thông tư 121/2020/TT-BTC (STT 95),Kỳ báo cáo,Chiều,QLKD,,,,,"Pending - chưa thiết kế nguồn (gap Atomic REPORT_CELL_VALUE, xem O_QLKD_23)"
K_QLKD_2199,DATA EXPLORER,Nhóm 95 — Báo cáo theo Thông tư 121/2020/TT-BTC (STT 95),Mã báo cáo,Chiều,QLKD,,,,,"Pending - chưa thiết kế nguồn (gap Atomic REPORT_CELL_VALUE, xem O_QLKD_23)"
K_QLKD_2200,DATA EXPLORER,Nhóm 95 — Báo cáo theo Thông tư 121/2020/TT-BTC (STT 95),Tên báo cáo,Chiều,QLKD,,,,,"Pending - chưa thiết kế nguồn (gap Atomic REPORT_CELL_VALUE, xem O_QLKD_23)"
K_QLKD_2201,DATA EXPLORER,Nhóm 95 — Báo cáo theo Thông tư 121/2020/TT-BTC (STT 95),Mã sheet,Chiều,QLKD,,,,,"Pending - chưa thiết kế nguồn (gap Atomic REPORT_CELL_VALUE, xem O_QLKD_23)"
K_QLKD_2202,DATA EXPLORER,Nhóm 95 — Báo cáo theo Thông tư 121/2020/TT-BTC (STT 95),Tên sheet,Chiều,QLKD,,,,,"Pending - chưa thiết kế nguồn (gap Atomic REPORT_CELL_VALUE, xem O_QLKD_23)"
K_QLKD_2203,DATA EXPLORER,Nhóm 95 — Báo cáo theo Thông tư 121/2020/TT-BTC (STT 95),Mã chỉ tiêu,Chiều,QLKD,,,,,"Pending - chưa thiết kế nguồn (gap Atomic REPORT_CELL_VALUE, xem O_QLKD_23)"
K_QLKD_2204,DATA EXPLORER,Nhóm 95 — Báo cáo theo Thông tư 121/2020/TT-BTC (STT 95),Tên chỉ tiêu,Chiều,QLKD,,,,,"Pending - chưa thiết kế nguồn (gap Atomic REPORT_CELL_VALUE, xem O_QLKD_23)"
K_QLKD_2205,DATA EXPLORER,Nhóm 95 — Báo cáo theo Thông tư 121/2020/TT-BTC (STT 95),I. DOANH THU HOẠT ĐỘNG,Cơ sở,QLKD,,,,,"Pending - chưa thiết kế nguồn (gap Atomic REPORT_CELL_VALUE, xem O_QLKD_23)"
K_QLKD_2206,DATA EXPLORER,Nhóm 95 — Báo cáo theo Thông tư 121/2020/TT-BTC (STT 95),1.1. Lãi từ các tài sản tài chính ghi nhận thông qua lãi/lỗ (FVTPL),Cơ sở,QLKD,,,,,"Pending - chưa thiết kế nguồn (gap Atomic REPORT_CELL_VALUE, xem O_QLKD_23)"
K_QLKD_2207,DATA EXPLORER,Nhóm 95 — Báo cáo theo Thông tư 121/2020/TT-BTC (STT 95),a. Lãi bán các tài sản tài chính FVTPL,Cơ sở,QLKD,,,,,"Pending - chưa thiết kế nguồn (gap Atomic REPORT_CELL_VALUE, xem O_QLKD_23)"
K_QLKD_2208,DATA EXPLORER,Nhóm 95 — Báo cáo theo Thông tư 121/2020/TT-BTC (STT 95),b. Chênh lệch tăng về đánh giá lại các TSTC FVTPL,Cơ sở,QLKD,,,,,"Pending - chưa thiết kế nguồn (gap Atomic REPORT_CELL_VALUE, xem O_QLKD_23)"
K_QLKD_2209,DATA EXPLORER,Nhóm 95 — Báo cáo theo Thông tư 121/2020/TT-BTC (STT 95),"c. Cổ tức, tiền lãi phát sinh từ tài sản tài chính FVTPL",Cơ sở,QLKD,,,,,"Pending - chưa thiết kế nguồn (gap Atomic REPORT_CELL_VALUE, xem O_QLKD_23)"
K_QLKD_2210,DATA EXPLORER,Nhóm 95 — Báo cáo theo Thông tư 121/2020/TT-BTC (STT 95),d. Chênh lệch giảm do đánh giá lại phải trả chứng quyền đang lưu hành,Cơ sở,QLKD,,,,,"Pending - chưa thiết kế nguồn (gap Atomic REPORT_CELL_VALUE, xem O_QLKD_23)"
K_QLKD_2211,DATA EXPLORER,Nhóm 95 — Báo cáo theo Thông tư 121/2020/TT-BTC (STT 95),1.2. Lãi từ các khoản đầu tư nắm giữ đến ngày đáo hạn (HTM),Cơ sở,QLKD,,,,,"Pending - chưa thiết kế nguồn (gap Atomic REPORT_CELL_VALUE, xem O_QLKD_23)"
K_QLKD_2212,DATA EXPLORER,Nhóm 95 — Báo cáo theo Thông tư 121/2020/TT-BTC (STT 95),1.3. Lãi từ các khoản cho vay và phải thu,Cơ sở,QLKD,,,,,"Pending - chưa thiết kế nguồn (gap Atomic REPORT_CELL_VALUE, xem O_QLKD_23)"
K_QLKD_2213,DATA EXPLORER,Nhóm 95 — Báo cáo theo Thông tư 121/2020/TT-BTC (STT 95),1.4. Lãi từ tài sản tài chính sẵn sàng để bán (AFS),Cơ sở,QLKD,,,,,"Pending - chưa thiết kế nguồn (gap Atomic REPORT_CELL_VALUE, xem O_QLKD_23)"
K_QLKD_2214,DATA EXPLORER,Nhóm 95 — Báo cáo theo Thông tư 121/2020/TT-BTC (STT 95),1.5. Lãi từ các công cụ phái sinh phòng ngừa rủi ro,Cơ sở,QLKD,,,,,"Pending - chưa thiết kế nguồn (gap Atomic REPORT_CELL_VALUE, xem O_QLKD_23)"
K_QLKD_2215,DATA EXPLORER,Nhóm 95 — Báo cáo theo Thông tư 121/2020/TT-BTC (STT 95),1.6. Doanh thu nghiệp vụ môi giới chứng khoán,Cơ sở,QLKD,,,,,"Pending - chưa thiết kế nguồn (gap Atomic REPORT_CELL_VALUE, xem O_QLKD_23)"
K_QLKD_2216,DATA EXPLORER,Nhóm 95 — Báo cáo theo Thông tư 121/2020/TT-BTC (STT 95),"1.7. Doanh thu nghiệp vụ bảo lãnh, đại lý phát hành chứng khoán",Cơ sở,QLKD,,,,,"Pending - chưa thiết kế nguồn (gap Atomic REPORT_CELL_VALUE, xem O_QLKD_23)"
K_QLKD_2217,DATA EXPLORER,Nhóm 95 — Báo cáo theo Thông tư 121/2020/TT-BTC (STT 95),1.8. Doanh thu nghiệp vụ tư vấn đầu tư chứng khoán,Cơ sở,QLKD,,,,,"Pending - chưa thiết kế nguồn (gap Atomic REPORT_CELL_VALUE, xem O_QLKD_23)"
K_QLKD_2218,DATA EXPLORER,Nhóm 95 — Báo cáo theo Thông tư 121/2020/TT-BTC (STT 95),1.9. Doanh thu nghiệp vụ lưu ký chứng khoán,Cơ sở,QLKD,,,,,"Pending - chưa thiết kế nguồn (gap Atomic REPORT_CELL_VALUE, xem O_QLKD_23)"
K_QLKD_2219,DATA EXPLORER,Nhóm 95 — Báo cáo theo Thông tư 121/2020/TT-BTC (STT 95),1.10. Doanh thu hoạt động tư vấn tài chính,Cơ sở,QLKD,,,,,"Pending - chưa thiết kế nguồn (gap Atomic REPORT_CELL_VALUE, xem O_QLKD_23)"
K_QLKD_2220,DATA EXPLORER,Nhóm 95 — Báo cáo theo Thông tư 121/2020/TT-BTC (STT 95),1.11. Thu nhập hoạt động khác,Cơ sở,QLKD,,,,,"Pending - chưa thiết kế nguồn (gap Atomic REPORT_CELL_VALUE, xem O_QLKD_23)"
K_QLKD_2221,DATA EXPLORER,Nhóm 95 — Báo cáo theo Thông tư 121/2020/TT-BTC (STT 95),Cộng doanh thu hoạt động (20 = 01 đến 11),Cơ sở,QLKD,,,,,"Pending - chưa thiết kế nguồn (gap Atomic REPORT_CELL_VALUE, xem O_QLKD_23)"
K_QLKD_2222,DATA EXPLORER,Nhóm 95 — Báo cáo theo Thông tư 121/2020/TT-BTC (STT 95),II. CHI PHÍ HOẠT ĐỘNG,Cơ sở,QLKD,,,,,"Pending - chưa thiết kế nguồn (gap Atomic REPORT_CELL_VALUE, xem O_QLKD_23)"
K_QLKD_2223,DATA EXPLORER,Nhóm 95 — Báo cáo theo Thông tư 121/2020/TT-BTC (STT 95),2.1. Lỗ các tài sản tài chính ghi nhận thông qua lãi/lỗ (FVTPL),Cơ sở,QLKD,,,,,"Pending - chưa thiết kế nguồn (gap Atomic REPORT_CELL_VALUE, xem O_QLKD_23)"
K_QLKD_2224,DATA EXPLORER,Nhóm 95 — Báo cáo theo Thông tư 121/2020/TT-BTC (STT 95),a.     Lỗ bán các tài sản tài chính FVTPL,Cơ sở,QLKD,,,,,"Pending - chưa thiết kế nguồn (gap Atomic REPORT_CELL_VALUE, xem O_QLKD_23)"
K_QLKD_2225,DATA EXPLORER,Nhóm 95 — Báo cáo theo Thông tư 121/2020/TT-BTC (STT 95),b.    Chênh lệch giảm đánh giá lại các TSTC FVTPL,Cơ sở,QLKD,,,,,"Pending - chưa thiết kế nguồn (gap Atomic REPORT_CELL_VALUE, xem O_QLKD_23)"
K_QLKD_2226,DATA EXPLORER,Nhóm 95 — Báo cáo theo Thông tư 121/2020/TT-BTC (STT 95),c.     Chi phí giao dịch mua các tài sản tài chính FVTPL,Cơ sở,QLKD,,,,,"Pending - chưa thiết kế nguồn (gap Atomic REPORT_CELL_VALUE, xem O_QLKD_23)"
K_QLKD_2227,DATA EXPLORER,Nhóm 95 — Báo cáo theo Thông tư 121/2020/TT-BTC (STT 95),d. Chênh lệch tăng đánh do đánh giá lại phải trả chứng quyền đang lưu hành,Cơ sở,QLKD,,,,,"Pending - chưa thiết kế nguồn (gap Atomic REPORT_CELL_VALUE, xem O_QLKD_23)"
K_QLKD_2228,DATA EXPLORER,Nhóm 95 — Báo cáo theo Thông tư 121/2020/TT-BTC (STT 95),2.2. Lỗ các khoản đầu tư nắm giữ đến ngày đáo hạn (HTM),Cơ sở,QLKD,,,,,"Pending - chưa thiết kế nguồn (gap Atomic REPORT_CELL_VALUE, xem O_QLKD_23)"
K_QLKD_2229,DATA EXPLORER,Nhóm 95 — Báo cáo theo Thông tư 121/2020/TT-BTC (STT 95),2.3. Lỗ và ghi nhận chênh lệch đánh giá theo giá trị hợp lý tài sản tài chính sẵn sàng để bán (AFS) khi phân loại lại,Cơ sở,QLKD,,,,,"Pending - chưa thiết kế nguồn (gap Atomic REPORT_CELL_VALUE, xem O_QLKD_23)"
K_QLKD_2230,DATA EXPLORER,Nhóm 95 — Báo cáo theo Thông tư 121/2020/TT-BTC (STT 95),"2.4. Chi phí dự phòng tài sản tài chính, xử lý tổn thất các khoản phải thu khó đòi và lỗ suy giảm tài sản tài chính và chi phí đi vay của các khoản cho vay",Cơ sở,QLKD,,,,,"Pending - chưa thiết kế nguồn (gap Atomic REPORT_CELL_VALUE, xem O_QLKD_23)"
K_QLKD_2231,DATA EXPLORER,Nhóm 95 — Báo cáo theo Thông tư 121/2020/TT-BTC (STT 95),2.5. Lỗ từ các tài sản tài chính phái sinh phòng ngừa rủi ro,Cơ sở,QLKD,,,,,"Pending - chưa thiết kế nguồn (gap Atomic REPORT_CELL_VALUE, xem O_QLKD_23)"
K_QLKD_2232,DATA EXPLORER,Nhóm 95 — Báo cáo theo Thông tư 121/2020/TT-BTC (STT 95),2.6. Chi phí hoạt động tự doanh,Cơ sở,QLKD,,,,,"Pending - chưa thiết kế nguồn (gap Atomic REPORT_CELL_VALUE, xem O_QLKD_23)"
K_QLKD_2233,DATA EXPLORER,Nhóm 95 — Báo cáo theo Thông tư 121/2020/TT-BTC (STT 95),2.7. Chi phí nghiệp vụ môi giới chứng khoán,Cơ sở,QLKD,,,,,"Pending - chưa thiết kế nguồn (gap Atomic REPORT_CELL_VALUE, xem O_QLKD_23)"
K_QLKD_2234,DATA EXPLORER,Nhóm 95 — Báo cáo theo Thông tư 121/2020/TT-BTC (STT 95),"2.8. Chi phí nghiệp vụ bảo lãnh, đại lý phát hành chứng khoán",Cơ sở,QLKD,,,,,"Pending - chưa thiết kế nguồn (gap Atomic REPORT_CELL_VALUE, xem O_QLKD_23)"
K_QLKD_2235,DATA EXPLORER,Nhóm 95 — Báo cáo theo Thông tư 121/2020/TT-BTC (STT 95),2.9. Chi phí nghiệp vụ tư vấn đầu tư chứng khoán,Cơ sở,QLKD,,,,,"Pending - chưa thiết kế nguồn (gap Atomic REPORT_CELL_VALUE, xem O_QLKD_23)"
K_QLKD_2236,DATA EXPLORER,Nhóm 95 — Báo cáo theo Thông tư 121/2020/TT-BTC (STT 95),2.10. Chi phí nghiệp vụ lưu ký chứng khoán,Cơ sở,QLKD,,,,,"Pending - chưa thiết kế nguồn (gap Atomic REPORT_CELL_VALUE, xem O_QLKD_23)"
K_QLKD_2237,DATA EXPLORER,Nhóm 95 — Báo cáo theo Thông tư 121/2020/TT-BTC (STT 95),2.11. Chi phí hoạt động tư vấn tài chính,Cơ sở,QLKD,,,,,"Pending - chưa thiết kế nguồn (gap Atomic REPORT_CELL_VALUE, xem O_QLKD_23)"
K_QLKD_2238,DATA EXPLORER,Nhóm 95 — Báo cáo theo Thông tư 121/2020/TT-BTC (STT 95),2.12. Chi phí các dịch vụ khác,Cơ sở,QLKD,,,,,"Pending - chưa thiết kế nguồn (gap Atomic REPORT_CELL_VALUE, xem O_QLKD_23)"
K_QLKD_2239,DATA EXPLORER,Nhóm 95 — Báo cáo theo Thông tư 121/2020/TT-BTC (STT 95),Cộng chi phí hoạt động (40 = 21 đến 32),Cơ sở,QLKD,,,,,"Pending - chưa thiết kế nguồn (gap Atomic REPORT_CELL_VALUE, xem O_QLKD_23)"
K_QLKD_2240,DATA EXPLORER,Nhóm 95 — Báo cáo theo Thông tư 121/2020/TT-BTC (STT 95),III. DOANH THU HOẠT ĐỘNG TÀI CHÍNH,Cơ sở,QLKD,,,,,"Pending - chưa thiết kế nguồn (gap Atomic REPORT_CELL_VALUE, xem O_QLKD_23)"
K_QLKD_2241,DATA EXPLORER,Nhóm 95 — Báo cáo theo Thông tư 121/2020/TT-BTC (STT 95),3.1. Chênh lệch lãi tỷ giá hối đoái đã và chưa thực hiện,Cơ sở,QLKD,,,,,"Pending - chưa thiết kế nguồn (gap Atomic REPORT_CELL_VALUE, xem O_QLKD_23)"
K_QLKD_2242,DATA EXPLORER,Nhóm 95 — Báo cáo theo Thông tư 121/2020/TT-BTC (STT 95),"3.2. Doanh thu, dự thu cổ tức, lãi tiền gửi ngân hàng không cố định",Cơ sở,QLKD,,,,,"Pending - chưa thiết kế nguồn (gap Atomic REPORT_CELL_VALUE, xem O_QLKD_23)"
K_QLKD_2243,DATA EXPLORER,Nhóm 95 — Báo cáo theo Thông tư 121/2020/TT-BTC (STT 95),"3.3. Lãi bán, thanh lý các khoản đầu tư vào công ty con, liên kết, liên doanh",Cơ sở,QLKD,,,,,"Pending - chưa thiết kế nguồn (gap Atomic REPORT_CELL_VALUE, xem O_QLKD_23)"
K_QLKD_2244,DATA EXPLORER,Nhóm 95 — Báo cáo theo Thông tư 121/2020/TT-BTC (STT 95),3.4. Doanh thu khác về đầu tư,Cơ sở,QLKD,,,,,"Pending - chưa thiết kế nguồn (gap Atomic REPORT_CELL_VALUE, xem O_QLKD_23)"
K_QLKD_2245,DATA EXPLORER,Nhóm 95 — Báo cáo theo Thông tư 121/2020/TT-BTC (STT 95),Cộng doanh thu hoạt động tài chính (50 = 41 đến 44),Cơ sở,QLKD,,,,,"Pending - chưa thiết kế nguồn (gap Atomic REPORT_CELL_VALUE, xem O_QLKD_23)"
K_QLKD_2246,DATA EXPLORER,Nhóm 95 — Báo cáo theo Thông tư 121/2020/TT-BTC (STT 95),IV. CHI PHÍ TÀI CHÍNH,Cơ sở,QLKD,,,,,"Pending - chưa thiết kế nguồn (gap Atomic REPORT_CELL_VALUE, xem O_QLKD_23)"
K_QLKD_2247,DATA EXPLORER,Nhóm 95 — Báo cáo theo Thông tư 121/2020/TT-BTC (STT 95),4.1. Chênh lệch lỗ tỷ giá hối đoái đã và chưa thực hiện,Cơ sở,QLKD,,,,,"Pending - chưa thiết kế nguồn (gap Atomic REPORT_CELL_VALUE, xem O_QLKD_23)"
K_QLKD_2248,DATA EXPLORER,Nhóm 95 — Báo cáo theo Thông tư 121/2020/TT-BTC (STT 95),4.2. Chi phí lãi vay,Cơ sở,QLKD,,,,,"Pending - chưa thiết kế nguồn (gap Atomic REPORT_CELL_VALUE, xem O_QLKD_23)"
K_QLKD_2249,DATA EXPLORER,Nhóm 95 — Báo cáo theo Thông tư 121/2020/TT-BTC (STT 95),"4.3. Lỗ bán, thanh lý các khoản đầu tư vào công ty con, liên kết, liên doanh",Cơ sở,QLKD,,,,,"Pending - chưa thiết kế nguồn (gap Atomic REPORT_CELL_VALUE, xem O_QLKD_23)"
K_QLKD_2250,DATA EXPLORER,Nhóm 95 — Báo cáo theo Thông tư 121/2020/TT-BTC (STT 95),4.4. Chi phí dự phòng suy giảm giá trị các khoản đầu tư tài chính dài hạn,Cơ sở,QLKD,,,,,"Pending - chưa thiết kế nguồn (gap Atomic REPORT_CELL_VALUE, xem O_QLKD_23)"
K_QLKD_2251,DATA EXPLORER,Nhóm 95 — Báo cáo theo Thông tư 121/2020/TT-BTC (STT 95),4.5. Chi phí tài chính khác,Cơ sở,QLKD,,,,,"Pending - chưa thiết kế nguồn (gap Atomic REPORT_CELL_VALUE, xem O_QLKD_23)"
K_QLKD_2252,DATA EXPLORER,Nhóm 95 — Báo cáo theo Thông tư 121/2020/TT-BTC (STT 95),Cộng chi phí tài chính (60 = 51 đến 55),Cơ sở,QLKD,,,,,"Pending - chưa thiết kế nguồn (gap Atomic REPORT_CELL_VALUE, xem O_QLKD_23)"
K_QLKD_2253,DATA EXPLORER,Nhóm 95 — Báo cáo theo Thông tư 121/2020/TT-BTC (STT 95),V. CHI PHÍ BÁN HÀNG,Cơ sở,QLKD,,,,,"Pending - chưa thiết kế nguồn (gap Atomic REPORT_CELL_VALUE, xem O_QLKD_23)"
K_QLKD_2254,DATA EXPLORER,Nhóm 95 — Báo cáo theo Thông tư 121/2020/TT-BTC (STT 95),VI. CHI PHÍ QUẢN LÝ CÔNG TY CHỨNG KHOÁN,Cơ sở,QLKD,,,,,"Pending - chưa thiết kế nguồn (gap Atomic REPORT_CELL_VALUE, xem O_QLKD_23)"
K_QLKD_2255,DATA EXPLORER,Nhóm 95 — Báo cáo theo Thông tư 121/2020/TT-BTC (STT 95),VII. KẾT QUẢ HOẠT ĐỘNG (70= 20+50-40 -60-61-62),Cơ sở,QLKD,,,,,"Pending - chưa thiết kế nguồn (gap Atomic REPORT_CELL_VALUE, xem O_QLKD_23)"
K_QLKD_2256,DATA EXPLORER,Nhóm 95 — Báo cáo theo Thông tư 121/2020/TT-BTC (STT 95),VIII. THU NHẬP KHÁC VÀ CHI PHÍ KHÁC,Cơ sở,QLKD,,,,,"Pending - chưa thiết kế nguồn (gap Atomic REPORT_CELL_VALUE, xem O_QLKD_23)"
K_QLKD_2257,DATA EXPLORER,Nhóm 95 — Báo cáo theo Thông tư 121/2020/TT-BTC (STT 95),8.1. Thu nhập khác,Cơ sở,QLKD,,,,,"Pending - chưa thiết kế nguồn (gap Atomic REPORT_CELL_VALUE, xem O_QLKD_23)"
K_QLKD_2258,DATA EXPLORER,Nhóm 95 — Báo cáo theo Thông tư 121/2020/TT-BTC (STT 95),8.2. Chi phí khác,Cơ sở,QLKD,,,,,"Pending - chưa thiết kế nguồn (gap Atomic REPORT_CELL_VALUE, xem O_QLKD_23)"
K_QLKD_2259,DATA EXPLORER,Nhóm 95 — Báo cáo theo Thông tư 121/2020/TT-BTC (STT 95),Cộng kết quả hoạt động khác (80= 71-72),Cơ sở,QLKD,,,,,"Pending - chưa thiết kế nguồn (gap Atomic REPORT_CELL_VALUE, xem O_QLKD_23)"
K_QLKD_2260,DATA EXPLORER,Nhóm 95 — Báo cáo theo Thông tư 121/2020/TT-BTC (STT 95),IX. TỔNG LỢI NHUẬN KẾ TOÁN TRƯỚC THUẾ (90=70 + 80),Cơ sở,QLKD,,,,,"Pending - chưa thiết kế nguồn (gap Atomic REPORT_CELL_VALUE, xem O_QLKD_23)"
K_QLKD_2261,DATA EXPLORER,Nhóm 95 — Báo cáo theo Thông tư 121/2020/TT-BTC (STT 95),9.1. Lợi nhuận đã thực hiện,Cơ sở,QLKD,,,,,"Pending - chưa thiết kế nguồn (gap Atomic REPORT_CELL_VALUE, xem O_QLKD_23)"
K_QLKD_2262,DATA EXPLORER,Nhóm 95 — Báo cáo theo Thông tư 121/2020/TT-BTC (STT 95),9.2. Lợi nhuận chưa thực hiện,Cơ sở,QLKD,,,,,"Pending - chưa thiết kế nguồn (gap Atomic REPORT_CELL_VALUE, xem O_QLKD_23)"
K_QLKD_2263,DATA EXPLORER,Nhóm 95 — Báo cáo theo Thông tư 121/2020/TT-BTC (STT 95),X. CHI PHÍ THUẾ TNDN,Cơ sở,QLKD,,,,,"Pending - chưa thiết kế nguồn (gap Atomic REPORT_CELL_VALUE, xem O_QLKD_23)"
K_QLKD_2264,DATA EXPLORER,Nhóm 95 — Báo cáo theo Thông tư 121/2020/TT-BTC (STT 95),10.1.Chi phí thuế TNDN hiện hành,Cơ sở,QLKD,,,,,"Pending - chưa thiết kế nguồn (gap Atomic REPORT_CELL_VALUE, xem O_QLKD_23)"
K_QLKD_2265,DATA EXPLORER,Nhóm 95 — Báo cáo theo Thông tư 121/2020/TT-BTC (STT 95),10.2.Chi phí thuế TNDN hoãn lại,Cơ sở,QLKD,,,,,"Pending - chưa thiết kế nguồn (gap Atomic REPORT_CELL_VALUE, xem O_QLKD_23)"
K_QLKD_2266,DATA EXPLORER,Nhóm 95 — Báo cáo theo Thông tư 121/2020/TT-BTC (STT 95),XI. LỢI NHUẬN KẾ TOÁN SAU THUẾ TNDN (200 = 90 - 100),Cơ sở,QLKD,,,,,"Pending - chưa thiết kế nguồn (gap Atomic REPORT_CELL_VALUE, xem O_QLKD_23)"
K_QLKD_2267,DATA EXPLORER,Nhóm 95 — Báo cáo theo Thông tư 121/2020/TT-BTC (STT 95),XII. THU NHẬP (LỖ) TOÀN DIỆN KHÁC SAU THUẾ TNDN,Cơ sở,QLKD,,,,,"Pending - chưa thiết kế nguồn (gap Atomic REPORT_CELL_VALUE, xem O_QLKD_23)"
K_QLKD_2268,DATA EXPLORER,Nhóm 95 — Báo cáo theo Thông tư 121/2020/TT-BTC (STT 95),12.1.Lãi/(Lỗ) từ đánh giá lại các tài sản tài chính sẵn sàng để bán,Cơ sở,QLKD,,,,,"Pending - chưa thiết kế nguồn (gap Atomic REPORT_CELL_VALUE, xem O_QLKD_23)"
K_QLKD_2269,DATA EXPLORER,Nhóm 95 — Báo cáo theo Thông tư 121/2020/TT-BTC (STT 95),12.2. Lãi/(lỗ) chênh lệch tỷ giá của hoạt động tại nước ngoài,Cơ sở,QLKD,,,,,"Pending - chưa thiết kế nguồn (gap Atomic REPORT_CELL_VALUE, xem O_QLKD_23)"
K_QLKD_2270,DATA EXPLORER,Nhóm 95 — Báo cáo theo Thông tư 121/2020/TT-BTC (STT 95),"12.3. Lãi, lỗ đánh giá lại tài sản cố định theo mô hình giá trị hợp lý",Cơ sở,QLKD,,,,,"Pending - chưa thiết kế nguồn (gap Atomic REPORT_CELL_VALUE, xem O_QLKD_23)"
K_QLKD_2271,DATA EXPLORER,Nhóm 95 — Báo cáo theo Thông tư 121/2020/TT-BTC (STT 95),"12.4. Lãi, lỗ toàn diện khác",Cơ sở,QLKD,,,,,"Pending - chưa thiết kế nguồn (gap Atomic REPORT_CELL_VALUE, xem O_QLKD_23)"
K_QLKD_2272,DATA EXPLORER,Nhóm 95 — Báo cáo theo Thông tư 121/2020/TT-BTC (STT 95),Tổng thu nhập toàn diện,Cơ sở,QLKD,,,,,"Pending - chưa thiết kế nguồn (gap Atomic REPORT_CELL_VALUE, xem O_QLKD_23)"
K_QLKD_2273,DATA EXPLORER,Nhóm 95 — Báo cáo theo Thông tư 121/2020/TT-BTC (STT 95),XIII. THU NHẬP THUẦN TRÊN CỔ PHIẾU PHỔ THÔNG,Cơ sở,QLKD,,,,,"Pending - chưa thiết kế nguồn (gap Atomic REPORT_CELL_VALUE, xem O_QLKD_23)"
K_QLKD_2274,DATA EXPLORER,Nhóm 95 — Báo cáo theo Thông tư 121/2020/TT-BTC (STT 95),13.1.Lãi cơ bản trên cổ phiếu (Đồng/1 cổ phiếu),Cơ sở,QLKD,,,,,"Pending - chưa thiết kế nguồn (gap Atomic REPORT_CELL_VALUE, xem O_QLKD_23)"
K_QLKD_2275,DATA EXPLORER,Nhóm 95 — Báo cáo theo Thông tư 121/2020/TT-BTC (STT 95),13.2.Thu nhập pha loãng trên cổ phiếu (Đồng/1 cổ phiếu),Cơ sở,QLKD,,,,,"Pending - chưa thiết kế nguồn (gap Atomic REPORT_CELL_VALUE, xem O_QLKD_23)"
K_QLKD_2276,DATA EXPLORER,Nhóm 96 — Báo cáo theo Thông tư 121/2020/TT-BTC (STT 96),Loại báo cáo,Chiều,QLKD,,,,,"Pending - chưa thiết kế nguồn (gap Atomic REPORT_CELL_VALUE, xem O_QLKD_23)"
K_QLKD_2277,DATA EXPLORER,Nhóm 96 — Báo cáo theo Thông tư 121/2020/TT-BTC (STT 96),Kỳ báo cáo,Chiều,QLKD,,,,,"Pending - chưa thiết kế nguồn (gap Atomic REPORT_CELL_VALUE, xem O_QLKD_23)"
K_QLKD_2278,DATA EXPLORER,Nhóm 96 — Báo cáo theo Thông tư 121/2020/TT-BTC (STT 96),Mã báo cáo,Chiều,QLKD,,,,,"Pending - chưa thiết kế nguồn (gap Atomic REPORT_CELL_VALUE, xem O_QLKD_23)"
K_QLKD_2279,DATA EXPLORER,Nhóm 96 — Báo cáo theo Thông tư 121/2020/TT-BTC (STT 96),Tên báo cáo,Chiều,QLKD,,,,,"Pending - chưa thiết kế nguồn (gap Atomic REPORT_CELL_VALUE, xem O_QLKD_23)"
K_QLKD_2280,DATA EXPLORER,Nhóm 96 — Báo cáo theo Thông tư 121/2020/TT-BTC (STT 96),Mã sheet,Chiều,QLKD,,,,,"Pending - chưa thiết kế nguồn (gap Atomic REPORT_CELL_VALUE, xem O_QLKD_23)"
K_QLKD_2281,DATA EXPLORER,Nhóm 96 — Báo cáo theo Thông tư 121/2020/TT-BTC (STT 96),Tên sheet,Chiều,QLKD,,,,,"Pending - chưa thiết kế nguồn (gap Atomic REPORT_CELL_VALUE, xem O_QLKD_23)"
K_QLKD_2282,DATA EXPLORER,Nhóm 96 — Báo cáo theo Thông tư 121/2020/TT-BTC (STT 96),Mã chỉ tiêu,Chiều,QLKD,,,,,"Pending - chưa thiết kế nguồn (gap Atomic REPORT_CELL_VALUE, xem O_QLKD_23)"
K_QLKD_2283,DATA EXPLORER,Nhóm 96 — Báo cáo theo Thông tư 121/2020/TT-BTC (STT 96),Tên chỉ tiêu,Chiều,QLKD,,,,,"Pending - chưa thiết kế nguồn (gap Atomic REPORT_CELL_VALUE, xem O_QLKD_23)"
K_QLKD_2284,DATA EXPLORER,Nhóm 96 — Báo cáo theo Thông tư 121/2020/TT-BTC (STT 96),I. Lưu chuyển tiền từ hoạt động kinh doanh,Cơ sở,QLKD,,,,,"Pending - chưa thiết kế nguồn (gap Atomic REPORT_CELL_VALUE, xem O_QLKD_23)"
K_QLKD_2285,DATA EXPLORER,Nhóm 96 — Báo cáo theo Thông tư 121/2020/TT-BTC (STT 96),1.Tiền đã chi mua các tài sản tài chính,Cơ sở,QLKD,,,,,"Pending - chưa thiết kế nguồn (gap Atomic REPORT_CELL_VALUE, xem O_QLKD_23)"
K_QLKD_2286,DATA EXPLORER,Nhóm 96 — Báo cáo theo Thông tư 121/2020/TT-BTC (STT 96),2.Tiền đã thu từ bán các tài sản tài chính,Cơ sở,QLKD,,,,,"Pending - chưa thiết kế nguồn (gap Atomic REPORT_CELL_VALUE, xem O_QLKD_23)"
K_QLKD_2287,DATA EXPLORER,Nhóm 96 — Báo cáo theo Thông tư 121/2020/TT-BTC (STT 96),3. Tiền chi nộp Quỹ Hỗ trợ thanh toán,Cơ sở,QLKD,,,,,"Pending - chưa thiết kế nguồn (gap Atomic REPORT_CELL_VALUE, xem O_QLKD_23)"
K_QLKD_2288,DATA EXPLORER,Nhóm 96 — Báo cáo theo Thông tư 121/2020/TT-BTC (STT 96),4. Cổ tức đã nhận,Cơ sở,QLKD,,,,,"Pending - chưa thiết kế nguồn (gap Atomic REPORT_CELL_VALUE, xem O_QLKD_23)"
K_QLKD_2289,DATA EXPLORER,Nhóm 96 — Báo cáo theo Thông tư 121/2020/TT-BTC (STT 96),5. Tiền lãi đã thu,Cơ sở,QLKD,,,,,"Pending - chưa thiết kế nguồn (gap Atomic REPORT_CELL_VALUE, xem O_QLKD_23)"
K_QLKD_2290,DATA EXPLORER,Nhóm 96 — Báo cáo theo Thông tư 121/2020/TT-BTC (STT 96),6. Tiền chi trả lãi vay cho hoạt động của CTCK,Cơ sở,QLKD,,,,,"Pending - chưa thiết kế nguồn (gap Atomic REPORT_CELL_VALUE, xem O_QLKD_23)"
K_QLKD_2291,DATA EXPLORER,Nhóm 96 — Báo cáo theo Thông tư 121/2020/TT-BTC (STT 96),7. Tiền chi trả Tổ chức cung cấp dịch vụ cho CTCK,Cơ sở,QLKD,,,,,"Pending - chưa thiết kế nguồn (gap Atomic REPORT_CELL_VALUE, xem O_QLKD_23)"
K_QLKD_2292,DATA EXPLORER,Nhóm 96 — Báo cáo theo Thông tư 121/2020/TT-BTC (STT 96),8. Tiền chi trả cho người lao động,Cơ sở,QLKD,,,,,"Pending - chưa thiết kế nguồn (gap Atomic REPORT_CELL_VALUE, xem O_QLKD_23)"
K_QLKD_2293,DATA EXPLORER,Nhóm 96 — Báo cáo theo Thông tư 121/2020/TT-BTC (STT 96),9. Tiền chi nộp thuế liên quan đến hoạt động CTCK,Cơ sở,QLKD,,,,,"Pending - chưa thiết kế nguồn (gap Atomic REPORT_CELL_VALUE, xem O_QLKD_23)"
K_QLKD_2294,DATA EXPLORER,Nhóm 96 — Báo cáo theo Thông tư 121/2020/TT-BTC (STT 96),"10.Tiền chi thanh toán các chi phí cho hoạt động mua, bán các tài sản tài chính",Cơ sở,QLKD,,,,,"Pending - chưa thiết kế nguồn (gap Atomic REPORT_CELL_VALUE, xem O_QLKD_23)"
K_QLKD_2295,DATA EXPLORER,Nhóm 96 — Báo cáo theo Thông tư 121/2020/TT-BTC (STT 96),11. Tiền thu khác từ hoạt động kinh doanh,Cơ sở,QLKD,,,,,"Pending - chưa thiết kế nguồn (gap Atomic REPORT_CELL_VALUE, xem O_QLKD_23)"
K_QLKD_2296,DATA EXPLORER,Nhóm 96 — Báo cáo theo Thông tư 121/2020/TT-BTC (STT 96),12. Tiền chi khác cho hoạt động kinh doanh,Cơ sở,QLKD,,,,,"Pending - chưa thiết kế nguồn (gap Atomic REPORT_CELL_VALUE, xem O_QLKD_23)"
K_QLKD_2297,DATA EXPLORER,Nhóm 96 — Báo cáo theo Thông tư 121/2020/TT-BTC (STT 96),Lưu chuyển tiền thuần từ hoạt động kinh doanh,Cơ sở,QLKD,,,,,"Pending - chưa thiết kế nguồn (gap Atomic REPORT_CELL_VALUE, xem O_QLKD_23)"
K_QLKD_2298,DATA EXPLORER,Nhóm 96 — Báo cáo theo Thông tư 121/2020/TT-BTC (STT 96),II. Lưu chuyển tiền từ hoạt động đầu tư,Cơ sở,QLKD,,,,,"Pending - chưa thiết kế nguồn (gap Atomic REPORT_CELL_VALUE, xem O_QLKD_23)"
K_QLKD_2299,DATA EXPLORER,Nhóm 96 — Báo cáo theo Thông tư 121/2020/TT-BTC (STT 96),"1.Tiền chi để mua sắm, xây dựng TSCĐ, BĐSĐT và các tài sản khác",Cơ sở,QLKD,,,,,"Pending - chưa thiết kế nguồn (gap Atomic REPORT_CELL_VALUE, xem O_QLKD_23)"
K_QLKD_2300,DATA EXPLORER,Nhóm 96 — Báo cáo theo Thông tư 121/2020/TT-BTC (STT 96),"2.Tiền thu từ thanh lý, nhượng bán TSCĐ, BĐSĐT và các tài sản khác",Cơ sở,QLKD,,,,,"Pending - chưa thiết kế nguồn (gap Atomic REPORT_CELL_VALUE, xem O_QLKD_23)"
K_QLKD_2301,DATA EXPLORER,Nhóm 96 — Báo cáo theo Thông tư 121/2020/TT-BTC (STT 96),"3.Tiền chi đầu tư góp vốn vào công ty con, công ty liên doanh, liên kết và đầu tư khác",Cơ sở,QLKD,,,,,"Pending - chưa thiết kế nguồn (gap Atomic REPORT_CELL_VALUE, xem O_QLKD_23)"
K_QLKD_2302,DATA EXPLORER,Nhóm 96 — Báo cáo theo Thông tư 121/2020/TT-BTC (STT 96),"4.Tiền thu hồi đầu tư góp vốn vào công ty con, công ty liên doanh, liên kết và đầu tư khác",Cơ sở,QLKD,,,,,"Pending - chưa thiết kế nguồn (gap Atomic REPORT_CELL_VALUE, xem O_QLKD_23)"
K_QLKD_2303,DATA EXPLORER,Nhóm 96 — Báo cáo theo Thông tư 121/2020/TT-BTC (STT 96),5.Tiền thu về cổ tức và lợi nhuận được chia từ các khoản đầu tư tài chính dài hạn,Cơ sở,QLKD,,,,,"Pending - chưa thiết kế nguồn (gap Atomic REPORT_CELL_VALUE, xem O_QLKD_23)"
K_QLKD_2304,DATA EXPLORER,Nhóm 96 — Báo cáo theo Thông tư 121/2020/TT-BTC (STT 96),Lưu chuyển tiền thuần từ hoạt động đầu tư,Cơ sở,QLKD,,,,,"Pending - chưa thiết kế nguồn (gap Atomic REPORT_CELL_VALUE, xem O_QLKD_23)"
K_QLKD_2305,DATA EXPLORER,Nhóm 96 — Báo cáo theo Thông tư 121/2020/TT-BTC (STT 96),III. Lưu chuyển tiền từ hoạt động tài chính,Cơ sở,QLKD,,,,,"Pending - chưa thiết kế nguồn (gap Atomic REPORT_CELL_VALUE, xem O_QLKD_23)"
K_QLKD_2306,DATA EXPLORER,Nhóm 96 — Báo cáo theo Thông tư 121/2020/TT-BTC (STT 96),"1.Tiền thu từ phát hành cổ phiếu, nhận vốn góp của chủ sở hữu",Cơ sở,QLKD,,,,,"Pending - chưa thiết kế nguồn (gap Atomic REPORT_CELL_VALUE, xem O_QLKD_23)"
K_QLKD_2307,DATA EXPLORER,Nhóm 96 — Báo cáo theo Thông tư 121/2020/TT-BTC (STT 96),"2.Tiền chi trả vốn góp cho các chủ sở hữu, mua lại cổ phiếu đã phát hành",Cơ sở,QLKD,,,,,"Pending - chưa thiết kế nguồn (gap Atomic REPORT_CELL_VALUE, xem O_QLKD_23)"
K_QLKD_2308,DATA EXPLORER,Nhóm 96 — Báo cáo theo Thông tư 121/2020/TT-BTC (STT 96),3.Tiền vay gốc,Cơ sở,QLKD,,,,,"Pending - chưa thiết kế nguồn (gap Atomic REPORT_CELL_VALUE, xem O_QLKD_23)"
K_QLKD_2309,DATA EXPLORER,Nhóm 96 — Báo cáo theo Thông tư 121/2020/TT-BTC (STT 96),3.1. Tiền vay Quỹ Hỗ trợ thanh toán,Cơ sở,QLKD,,,,,"Pending - chưa thiết kế nguồn (gap Atomic REPORT_CELL_VALUE, xem O_QLKD_23)"
K_QLKD_2310,DATA EXPLORER,Nhóm 96 — Báo cáo theo Thông tư 121/2020/TT-BTC (STT 96),3.2. Tiền vay khác,Cơ sở,QLKD,,,,,"Pending - chưa thiết kế nguồn (gap Atomic REPORT_CELL_VALUE, xem O_QLKD_23)"
K_QLKD_2311,DATA EXPLORER,Nhóm 96 — Báo cáo theo Thông tư 121/2020/TT-BTC (STT 96),4. Tiền chi trả nợ gốc vay,Cơ sở,QLKD,,,,,"Pending - chưa thiết kế nguồn (gap Atomic REPORT_CELL_VALUE, xem O_QLKD_23)"
K_QLKD_2312,DATA EXPLORER,Nhóm 96 — Báo cáo theo Thông tư 121/2020/TT-BTC (STT 96),4.1. Tiền chi trả gốc vay Quỹ Hỗ trợ thanh toán,Cơ sở,QLKD,,,,,"Pending - chưa thiết kế nguồn (gap Atomic REPORT_CELL_VALUE, xem O_QLKD_23)"
K_QLKD_2313,DATA EXPLORER,Nhóm 96 — Báo cáo theo Thông tư 121/2020/TT-BTC (STT 96),4.2. Tiền chi trả gốc vay tài sản tài chính,Cơ sở,QLKD,,,,,"Pending - chưa thiết kế nguồn (gap Atomic REPORT_CELL_VALUE, xem O_QLKD_23)"
K_QLKD_2314,DATA EXPLORER,Nhóm 96 — Báo cáo theo Thông tư 121/2020/TT-BTC (STT 96),4.3. Tiền chi trả gốc vay khác,Cơ sở,QLKD,,,,,"Pending - chưa thiết kế nguồn (gap Atomic REPORT_CELL_VALUE, xem O_QLKD_23)"
K_QLKD_2315,DATA EXPLORER,Nhóm 96 — Báo cáo theo Thông tư 121/2020/TT-BTC (STT 96),5.Tiền chi trả nợ gốc thuê tài chính,Cơ sở,QLKD,,,,,"Pending - chưa thiết kế nguồn (gap Atomic REPORT_CELL_VALUE, xem O_QLKD_23)"
K_QLKD_2316,DATA EXPLORER,Nhóm 96 — Báo cáo theo Thông tư 121/2020/TT-BTC (STT 96),"6. Cổ tức, lợi nhuận đã trả cho chủ sở hữu",Cơ sở,QLKD,,,,,"Pending - chưa thiết kế nguồn (gap Atomic REPORT_CELL_VALUE, xem O_QLKD_23)"
K_QLKD_2317,DATA EXPLORER,Nhóm 96 — Báo cáo theo Thông tư 121/2020/TT-BTC (STT 96),Lưu chuyển tiền thuần từ hoạt động tài chính,Cơ sở,QLKD,,,,,"Pending - chưa thiết kế nguồn (gap Atomic REPORT_CELL_VALUE, xem O_QLKD_23)"
K_QLKD_2318,DATA EXPLORER,Nhóm 96 — Báo cáo theo Thông tư 121/2020/TT-BTC (STT 96),IV. Tăng/giảm tiền thuần trong kỳ,Cơ sở,QLKD,,,,,"Pending - chưa thiết kế nguồn (gap Atomic REPORT_CELL_VALUE, xem O_QLKD_23)"
K_QLKD_2319,DATA EXPLORER,Nhóm 96 — Báo cáo theo Thông tư 121/2020/TT-BTC (STT 96),V. Tiền và các khoản tương đương tiền đầu kỳ,Cơ sở,QLKD,,,,,"Pending - chưa thiết kế nguồn (gap Atomic REPORT_CELL_VALUE, xem O_QLKD_23)"
K_QLKD_2320,DATA EXPLORER,Nhóm 96 — Báo cáo theo Thông tư 121/2020/TT-BTC (STT 96),Tiền,Cơ sở,QLKD,,,,,"Pending - chưa thiết kế nguồn (gap Atomic REPORT_CELL_VALUE, xem O_QLKD_23)"
K_QLKD_2321,DATA EXPLORER,Nhóm 96 — Báo cáo theo Thông tư 121/2020/TT-BTC (STT 96),Các khoản tương đương tiền,Cơ sở,QLKD,,,,,"Pending - chưa thiết kế nguồn (gap Atomic REPORT_CELL_VALUE, xem O_QLKD_23)"
K_QLKD_2322,DATA EXPLORER,Nhóm 96 — Báo cáo theo Thông tư 121/2020/TT-BTC (STT 96),Ảnh hưởng của thay đổi tỷ giá hối đoái quy đổi ngoại tệ,Cơ sở,QLKD,,,,,"Pending - chưa thiết kế nguồn (gap Atomic REPORT_CELL_VALUE, xem O_QLKD_23)"
K_QLKD_2323,DATA EXPLORER,Nhóm 96 — Báo cáo theo Thông tư 121/2020/TT-BTC (STT 96),VI. Tiền và các khoản tương đương tiền cuối kỳ (70 = 50 + 60),Cơ sở,QLKD,,,,,"Pending - chưa thiết kế nguồn (gap Atomic REPORT_CELL_VALUE, xem O_QLKD_23)"
K_QLKD_2324,DATA EXPLORER,Nhóm 96 — Báo cáo theo Thông tư 121/2020/TT-BTC (STT 96),Tiền,Cơ sở,QLKD,,,,,"Pending - chưa thiết kế nguồn (gap Atomic REPORT_CELL_VALUE, xem O_QLKD_23)"
K_QLKD_2325,DATA EXPLORER,Nhóm 96 — Báo cáo theo Thông tư 121/2020/TT-BTC (STT 96),Các khoản tương đương tiền,Cơ sở,QLKD,,,,,"Pending - chưa thiết kế nguồn (gap Atomic REPORT_CELL_VALUE, xem O_QLKD_23)"
K_QLKD_2326,DATA EXPLORER,Nhóm 96 — Báo cáo theo Thông tư 121/2020/TT-BTC (STT 96),Ảnh hưởng của thay đổi tỷ giá hối đoái quy đổi ngoại tệ,Cơ sở,QLKD,,,,,"Pending - chưa thiết kế nguồn (gap Atomic REPORT_CELL_VALUE, xem O_QLKD_23)"
K_QLKD_2327,DATA EXPLORER,Nhóm 97 — Báo cáo theo Thông tư 121/2020/TT-BTC (STT 97),Loại báo cáo,Chiều,QLKD,,,,,"Pending - chưa thiết kế nguồn (gap Atomic REPORT_CELL_VALUE, xem O_QLKD_23)"
K_QLKD_2328,DATA EXPLORER,Nhóm 97 — Báo cáo theo Thông tư 121/2020/TT-BTC (STT 97),Kỳ báo cáo,Chiều,QLKD,,,,,"Pending - chưa thiết kế nguồn (gap Atomic REPORT_CELL_VALUE, xem O_QLKD_23)"
K_QLKD_2329,DATA EXPLORER,Nhóm 97 — Báo cáo theo Thông tư 121/2020/TT-BTC (STT 97),Mã báo cáo,Chiều,QLKD,,,,,"Pending - chưa thiết kế nguồn (gap Atomic REPORT_CELL_VALUE, xem O_QLKD_23)"
K_QLKD_2330,DATA EXPLORER,Nhóm 97 — Báo cáo theo Thông tư 121/2020/TT-BTC (STT 97),Tên báo cáo,Chiều,QLKD,,,,,"Pending - chưa thiết kế nguồn (gap Atomic REPORT_CELL_VALUE, xem O_QLKD_23)"
K_QLKD_2331,DATA EXPLORER,Nhóm 97 — Báo cáo theo Thông tư 121/2020/TT-BTC (STT 97),Mã sheet,Chiều,QLKD,,,,,"Pending - chưa thiết kế nguồn (gap Atomic REPORT_CELL_VALUE, xem O_QLKD_23)"
K_QLKD_2332,DATA EXPLORER,Nhóm 97 — Báo cáo theo Thông tư 121/2020/TT-BTC (STT 97),Tên sheet,Chiều,QLKD,,,,,"Pending - chưa thiết kế nguồn (gap Atomic REPORT_CELL_VALUE, xem O_QLKD_23)"
K_QLKD_2333,DATA EXPLORER,Nhóm 97 — Báo cáo theo Thông tư 121/2020/TT-BTC (STT 97),Mã chỉ tiêu,Chiều,QLKD,,,,,"Pending - chưa thiết kế nguồn (gap Atomic REPORT_CELL_VALUE, xem O_QLKD_23)"
K_QLKD_2334,DATA EXPLORER,Nhóm 97 — Báo cáo theo Thông tư 121/2020/TT-BTC (STT 97),Tên chỉ tiêu,Chiều,QLKD,,,,,"Pending - chưa thiết kế nguồn (gap Atomic REPORT_CELL_VALUE, xem O_QLKD_23)"
K_QLKD_2335,DATA EXPLORER,Nhóm 97 — Báo cáo theo Thông tư 121/2020/TT-BTC (STT 97),"I. Lưu chuyển tiền hoạt động môi giới, ủy thác của khách hàng",Cơ sở,QLKD,,,,,"Pending - chưa thiết kế nguồn (gap Atomic REPORT_CELL_VALUE, xem O_QLKD_23)"
K_QLKD_2336,DATA EXPLORER,Nhóm 97 — Báo cáo theo Thông tư 121/2020/TT-BTC (STT 97),1. Tiền thu bán chứng khoán môi giới cho khách hàng,Cơ sở,QLKD,,,,,"Pending - chưa thiết kế nguồn (gap Atomic REPORT_CELL_VALUE, xem O_QLKD_23)"
K_QLKD_2337,DATA EXPLORER,Nhóm 97 — Báo cáo theo Thông tư 121/2020/TT-BTC (STT 97),2. Tiền chi mua chứng khoán môi giới cho khách hàng,Cơ sở,QLKD,,,,,"Pending - chưa thiết kế nguồn (gap Atomic REPORT_CELL_VALUE, xem O_QLKD_23)"
K_QLKD_2338,DATA EXPLORER,Nhóm 97 — Báo cáo theo Thông tư 121/2020/TT-BTC (STT 97),3. Tiền thu bán chứng khoán ủy thác của khách hàng,Cơ sở,QLKD,,,,,"Pending - chưa thiết kế nguồn (gap Atomic REPORT_CELL_VALUE, xem O_QLKD_23)"
K_QLKD_2339,DATA EXPLORER,Nhóm 97 — Báo cáo theo Thông tư 121/2020/TT-BTC (STT 97),4.Tiền chi mua chứng khoán ủy thác của khách hàng,Cơ sở,QLKD,,,,,"Pending - chưa thiết kế nguồn (gap Atomic REPORT_CELL_VALUE, xem O_QLKD_23)"
K_QLKD_2340,DATA EXPLORER,Nhóm 97 — Báo cáo theo Thông tư 121/2020/TT-BTC (STT 97),5. Thu vay Quỹ Hỗ trợ thanh toán,Cơ sở,QLKD,,,,,"Pending - chưa thiết kế nguồn (gap Atomic REPORT_CELL_VALUE, xem O_QLKD_23)"
K_QLKD_2341,DATA EXPLORER,Nhóm 97 — Báo cáo theo Thông tư 121/2020/TT-BTC (STT 97),6. Chi trả vay Quỹ Hỗ trợ thanh toán,Cơ sở,QLKD,,,,,"Pending - chưa thiết kế nguồn (gap Atomic REPORT_CELL_VALUE, xem O_QLKD_23)"
K_QLKD_2342,DATA EXPLORER,Nhóm 97 — Báo cáo theo Thông tư 121/2020/TT-BTC (STT 97),7. Nhận tiền gửi để thanh toán giao dịch chứng khoán của khách hàng,Cơ sở,QLKD,,,,,"Pending - chưa thiết kế nguồn (gap Atomic REPORT_CELL_VALUE, xem O_QLKD_23)"
K_QLKD_2343,DATA EXPLORER,Nhóm 97 — Báo cáo theo Thông tư 121/2020/TT-BTC (STT 97),8. Nhận tiền gửi của Nhà đầu tư cho hoạt động ủy thác đầu tư của khách hàng,Cơ sở,QLKD,,,,,"Pending - chưa thiết kế nguồn (gap Atomic REPORT_CELL_VALUE, xem O_QLKD_23)"
K_QLKD_2344,DATA EXPLORER,Nhóm 97 — Báo cáo theo Thông tư 121/2020/TT-BTC (STT 97),9. Chi trả phí lưu ký chứng khoán của khách hàng,Cơ sở,QLKD,,,,,"Pending - chưa thiết kế nguồn (gap Atomic REPORT_CELL_VALUE, xem O_QLKD_23)"
K_QLKD_2345,DATA EXPLORER,Nhóm 97 — Báo cáo theo Thông tư 121/2020/TT-BTC (STT 97),10. Thu lỗi giao dịch chứng khoán,Cơ sở,QLKD,,,,,"Pending - chưa thiết kế nguồn (gap Atomic REPORT_CELL_VALUE, xem O_QLKD_23)"
K_QLKD_2346,DATA EXPLORER,Nhóm 97 — Báo cáo theo Thông tư 121/2020/TT-BTC (STT 97),11. Chi lỗi giao dịch chứng khoán,Cơ sở,QLKD,,,,,"Pending - chưa thiết kế nguồn (gap Atomic REPORT_CELL_VALUE, xem O_QLKD_23)"
K_QLKD_2347,DATA EXPLORER,Nhóm 97 — Báo cáo theo Thông tư 121/2020/TT-BTC (STT 97),12. Tiền thu của Tổ chức phát hành chứng khoán,Cơ sở,QLKD,,,,,"Pending - chưa thiết kế nguồn (gap Atomic REPORT_CELL_VALUE, xem O_QLKD_23)"
K_QLKD_2348,DATA EXPLORER,Nhóm 97 — Báo cáo theo Thông tư 121/2020/TT-BTC (STT 97),13. Tiền chi trả Tổ chức phát hành chứng khoán,Cơ sở,QLKD,,,,,"Pending - chưa thiết kế nguồn (gap Atomic REPORT_CELL_VALUE, xem O_QLKD_23)"
K_QLKD_2349,DATA EXPLORER,Nhóm 97 — Báo cáo theo Thông tư 121/2020/TT-BTC (STT 97),Tăng/giảm tiền thuần trong kỳ,Cơ sở,QLKD,,,,,"Pending - chưa thiết kế nguồn (gap Atomic REPORT_CELL_VALUE, xem O_QLKD_23)"
K_QLKD_2350,DATA EXPLORER,Nhóm 97 — Báo cáo theo Thông tư 121/2020/TT-BTC (STT 97),II. Tiền và các khoản tương đương tiền đầu kỳ của khách hàng,Cơ sở,QLKD,,,,,"Pending - chưa thiết kế nguồn (gap Atomic REPORT_CELL_VALUE, xem O_QLKD_23)"
K_QLKD_2351,DATA EXPLORER,Nhóm 97 — Báo cáo theo Thông tư 121/2020/TT-BTC (STT 97),Tiền gửi ngân hàng đầu kỳ:,Cơ sở,QLKD,,,,,"Pending - chưa thiết kế nguồn (gap Atomic REPORT_CELL_VALUE, xem O_QLKD_23)"
K_QLKD_2352,DATA EXPLORER,Nhóm 97 — Báo cáo theo Thông tư 121/2020/TT-BTC (STT 97),-Tiền gửi của Nhà đầu tư về giao dịch chứng khoán theo phương thức CTCK quản lý,Cơ sở,QLKD,,,,,"Pending - chưa thiết kế nguồn (gap Atomic REPORT_CELL_VALUE, xem O_QLKD_23)"
K_QLKD_2353,DATA EXPLORER,Nhóm 97 — Báo cáo theo Thông tư 121/2020/TT-BTC (STT 97),Trong đó có kỳ hạn,Cơ sở,QLKD,,,,,"Pending - chưa thiết kế nguồn (gap Atomic REPORT_CELL_VALUE, xem O_QLKD_23)"
K_QLKD_2354,DATA EXPLORER,Nhóm 97 — Báo cáo theo Thông tư 121/2020/TT-BTC (STT 97),- Tiền gửi bù trừ và thanh toán giao dịch chứng khoán,Cơ sở,QLKD,,,,,"Pending - chưa thiết kế nguồn (gap Atomic REPORT_CELL_VALUE, xem O_QLKD_23)"
K_QLKD_2355,DATA EXPLORER,Nhóm 97 — Báo cáo theo Thông tư 121/2020/TT-BTC (STT 97),- Tiền gửi tổng hợp giao dịch chứng khoán cho khách hàng,Cơ sở,QLKD,,,,,"Pending - chưa thiết kế nguồn (gap Atomic REPORT_CELL_VALUE, xem O_QLKD_23)"
K_QLKD_2356,DATA EXPLORER,Nhóm 97 — Báo cáo theo Thông tư 121/2020/TT-BTC (STT 97),-Tiền gửi của tổ chức phát hành,Cơ sở,QLKD,,,,,"Pending - chưa thiết kế nguồn (gap Atomic REPORT_CELL_VALUE, xem O_QLKD_23)"
K_QLKD_2357,DATA EXPLORER,Nhóm 97 — Báo cáo theo Thông tư 121/2020/TT-BTC (STT 97),Trong đó có kỳ hạn,Cơ sở,QLKD,,,,,"Pending - chưa thiết kế nguồn (gap Atomic REPORT_CELL_VALUE, xem O_QLKD_23)"
K_QLKD_2358,DATA EXPLORER,Nhóm 97 — Báo cáo theo Thông tư 121/2020/TT-BTC (STT 97),Các khoản tương đương tiền,Cơ sở,QLKD,,,,,"Pending - chưa thiết kế nguồn (gap Atomic REPORT_CELL_VALUE, xem O_QLKD_23)"
K_QLKD_2359,DATA EXPLORER,Nhóm 97 — Báo cáo theo Thông tư 121/2020/TT-BTC (STT 97),Ảnh hưởng của thay đổi tỷ giá hối đoái quy đổi ngoại tệ,Cơ sở,QLKD,,,,,"Pending - chưa thiết kế nguồn (gap Atomic REPORT_CELL_VALUE, xem O_QLKD_23)"
K_QLKD_2360,DATA EXPLORER,Nhóm 97 — Báo cáo theo Thông tư 121/2020/TT-BTC (STT 97),III. Tiền và các khoản tương đương tiền cuối kỳ của khách hàng (40 = 20 + 30),Cơ sở,QLKD,,,,,"Pending - chưa thiết kế nguồn (gap Atomic REPORT_CELL_VALUE, xem O_QLKD_23)"
K_QLKD_2361,DATA EXPLORER,Nhóm 97 — Báo cáo theo Thông tư 121/2020/TT-BTC (STT 97),Tiền gửi ngân hàng cuối kỳ:,Cơ sở,QLKD,,,,,"Pending - chưa thiết kế nguồn (gap Atomic REPORT_CELL_VALUE, xem O_QLKD_23)"
K_QLKD_2362,DATA EXPLORER,Nhóm 97 — Báo cáo theo Thông tư 121/2020/TT-BTC (STT 97),-Tiền gửi của Nhà đầu tư về giao dịch chứng khoán theo phương thức CTCK quản lý,Cơ sở,QLKD,,,,,"Pending - chưa thiết kế nguồn (gap Atomic REPORT_CELL_VALUE, xem O_QLKD_23)"
K_QLKD_2363,DATA EXPLORER,Nhóm 97 — Báo cáo theo Thông tư 121/2020/TT-BTC (STT 97),Trong đó có kỳ hạn,Cơ sở,QLKD,,,,,"Pending - chưa thiết kế nguồn (gap Atomic REPORT_CELL_VALUE, xem O_QLKD_23)"
K_QLKD_2364,DATA EXPLORER,Nhóm 97 — Báo cáo theo Thông tư 121/2020/TT-BTC (STT 97),- Tiền gửi tổng hợp giao dịch chứng khoán cho khách hàng,Cơ sở,QLKD,,,,,"Pending - chưa thiết kế nguồn (gap Atomic REPORT_CELL_VALUE, xem O_QLKD_23)"
K_QLKD_2365,DATA EXPLORER,Nhóm 97 — Báo cáo theo Thông tư 121/2020/TT-BTC (STT 97),- Tiền gửi bù trừ và thanh toán giao dịch chứng khoán,Cơ sở,QLKD,,,,,"Pending - chưa thiết kế nguồn (gap Atomic REPORT_CELL_VALUE, xem O_QLKD_23)"
K_QLKD_2366,DATA EXPLORER,Nhóm 97 — Báo cáo theo Thông tư 121/2020/TT-BTC (STT 97),-Tiền gửi của tổ chức phát hành,Cơ sở,QLKD,,,,,"Pending - chưa thiết kế nguồn (gap Atomic REPORT_CELL_VALUE, xem O_QLKD_23)"
K_QLKD_2367,DATA EXPLORER,Nhóm 97 — Báo cáo theo Thông tư 121/2020/TT-BTC (STT 97),Trong đó có kỳ hạn,Cơ sở,QLKD,,,,,"Pending - chưa thiết kế nguồn (gap Atomic REPORT_CELL_VALUE, xem O_QLKD_23)"
K_QLKD_2368,DATA EXPLORER,Nhóm 97 — Báo cáo theo Thông tư 121/2020/TT-BTC (STT 97),Các khoản tương đương tiền,Cơ sở,QLKD,,,,,"Pending - chưa thiết kế nguồn (gap Atomic REPORT_CELL_VALUE, xem O_QLKD_23)"
K_QLKD_2369,DATA EXPLORER,Nhóm 97 — Báo cáo theo Thông tư 121/2020/TT-BTC (STT 97),Ảnh hưởng của thay đổi tỷ giá hối đoái quy đổi ngoại tệ,Cơ sở,QLKD,,,,,"Pending - chưa thiết kế nguồn (gap Atomic REPORT_CELL_VALUE, xem O_QLKD_23)"
K_QLKD_2370,DATA EXPLORER,Nhóm 98 — Báo cáo theo Thông tư 121/2020/TT-BTC (STT 98),Loại báo cáo,Chiều,QLKD,,,,,"Pending - chưa thiết kế nguồn (gap Atomic REPORT_CELL_VALUE, xem O_QLKD_23)"
K_QLKD_2371,DATA EXPLORER,Nhóm 98 — Báo cáo theo Thông tư 121/2020/TT-BTC (STT 98),Kỳ báo cáo,Chiều,QLKD,,,,,"Pending - chưa thiết kế nguồn (gap Atomic REPORT_CELL_VALUE, xem O_QLKD_23)"
K_QLKD_2372,DATA EXPLORER,Nhóm 98 — Báo cáo theo Thông tư 121/2020/TT-BTC (STT 98),Mã báo cáo,Chiều,QLKD,,,,,"Pending - chưa thiết kế nguồn (gap Atomic REPORT_CELL_VALUE, xem O_QLKD_23)"
K_QLKD_2373,DATA EXPLORER,Nhóm 98 — Báo cáo theo Thông tư 121/2020/TT-BTC (STT 98),Tên báo cáo,Chiều,QLKD,,,,,"Pending - chưa thiết kế nguồn (gap Atomic REPORT_CELL_VALUE, xem O_QLKD_23)"
K_QLKD_2374,DATA EXPLORER,Nhóm 98 — Báo cáo theo Thông tư 121/2020/TT-BTC (STT 98),Mã sheet,Chiều,QLKD,,,,,"Pending - chưa thiết kế nguồn (gap Atomic REPORT_CELL_VALUE, xem O_QLKD_23)"
K_QLKD_2375,DATA EXPLORER,Nhóm 98 — Báo cáo theo Thông tư 121/2020/TT-BTC (STT 98),Tên sheet,Chiều,QLKD,,,,,"Pending - chưa thiết kế nguồn (gap Atomic REPORT_CELL_VALUE, xem O_QLKD_23)"
K_QLKD_2376,DATA EXPLORER,Nhóm 98 — Báo cáo theo Thông tư 121/2020/TT-BTC (STT 98),Mã chỉ tiêu,Chiều,QLKD,,,,,"Pending - chưa thiết kế nguồn (gap Atomic REPORT_CELL_VALUE, xem O_QLKD_23)"
K_QLKD_2377,DATA EXPLORER,Nhóm 98 — Báo cáo theo Thông tư 121/2020/TT-BTC (STT 98),Tên chỉ tiêu,Chiều,QLKD,,,,,"Pending - chưa thiết kế nguồn (gap Atomic REPORT_CELL_VALUE, xem O_QLKD_23)"
K_QLKD_2378,DATA EXPLORER,Nhóm 98 — Báo cáo theo Thông tư 121/2020/TT-BTC (STT 98),I. Lưu chuyển tiền từ hoạt động kinh doanh,Cơ sở,QLKD,,,,,"Pending - chưa thiết kế nguồn (gap Atomic REPORT_CELL_VALUE, xem O_QLKD_23)"
K_QLKD_2379,DATA EXPLORER,Nhóm 98 — Báo cáo theo Thông tư 121/2020/TT-BTC (STT 98),1. Lợi nhuận trước Thuế Thu nhập doanh nghiệp,Cơ sở,QLKD,,,,,"Pending - chưa thiết kế nguồn (gap Atomic REPORT_CELL_VALUE, xem O_QLKD_23)"
K_QLKD_2380,DATA EXPLORER,Nhóm 98 — Báo cáo theo Thông tư 121/2020/TT-BTC (STT 98),2. Điều chỉnh cho các khoản:,Cơ sở,QLKD,,,,,"Pending - chưa thiết kế nguồn (gap Atomic REPORT_CELL_VALUE, xem O_QLKD_23)"
K_QLKD_2381,DATA EXPLORER,Nhóm 98 — Báo cáo theo Thông tư 121/2020/TT-BTC (STT 98),- Khấu hao TSCĐ,Cơ sở,QLKD,,,,,"Pending - chưa thiết kế nguồn (gap Atomic REPORT_CELL_VALUE, xem O_QLKD_23)"
K_QLKD_2382,DATA EXPLORER,Nhóm 98 — Báo cáo theo Thông tư 121/2020/TT-BTC (STT 98),- Các khoản dự phòng,Cơ sở,QLKD,,,,,"Pending - chưa thiết kế nguồn (gap Atomic REPORT_CELL_VALUE, xem O_QLKD_23)"
K_QLKD_2383,DATA EXPLORER,Nhóm 98 — Báo cáo theo Thông tư 121/2020/TT-BTC (STT 98),(- Lãi) hoặc (+ lỗ) chênh lệch tỷ giá hối đoái chưa thực hiện.,Cơ sở,QLKD,,,,,"Pending - chưa thiết kế nguồn (gap Atomic REPORT_CELL_VALUE, xem O_QLKD_23)"
K_QLKD_2384,DATA EXPLORER,Nhóm 98 — Báo cáo theo Thông tư 121/2020/TT-BTC (STT 98),- Chi phí lãi vay,Cơ sở,QLKD,,,,,"Pending - chưa thiết kế nguồn (gap Atomic REPORT_CELL_VALUE, xem O_QLKD_23)"
K_QLKD_2385,DATA EXPLORER,Nhóm 98 — Báo cáo theo Thông tư 121/2020/TT-BTC (STT 98),"- Lãi, lỗ từ hoạt động đầu tư",Cơ sở,QLKD,,,,,"Pending - chưa thiết kế nguồn (gap Atomic REPORT_CELL_VALUE, xem O_QLKD_23)"
K_QLKD_2386,DATA EXPLORER,Nhóm 98 — Báo cáo theo Thông tư 121/2020/TT-BTC (STT 98),- Dự thu tiền lãi,Cơ sở,QLKD,,,,,"Pending - chưa thiết kế nguồn (gap Atomic REPORT_CELL_VALUE, xem O_QLKD_23)"
K_QLKD_2387,DATA EXPLORER,Nhóm 98 — Báo cáo theo Thông tư 121/2020/TT-BTC (STT 98),- Các khoản điều chỉnh khác,Cơ sở,QLKD,,,,,"Pending - chưa thiết kế nguồn (gap Atomic REPORT_CELL_VALUE, xem O_QLKD_23)"
K_QLKD_2388,DATA EXPLORER,Nhóm 98 — Báo cáo theo Thông tư 121/2020/TT-BTC (STT 98),3. Tăng các chi phí phi tiền tệ,Cơ sở,QLKD,,,,,"Pending - chưa thiết kế nguồn (gap Atomic REPORT_CELL_VALUE, xem O_QLKD_23)"
K_QLKD_2389,DATA EXPLORER,Nhóm 98 — Báo cáo theo Thông tư 121/2020/TT-BTC (STT 98),- Lỗ đánh giá lại giá trị các tài sản tài chính ghi nhận thông qua lãi/lỗ FVTPL,Cơ sở,QLKD,,,,,"Pending - chưa thiết kế nguồn (gap Atomic REPORT_CELL_VALUE, xem O_QLKD_23)"
K_QLKD_2390,DATA EXPLORER,Nhóm 98 — Báo cáo theo Thông tư 121/2020/TT-BTC (STT 98),- Lỗ suy giảm giá trị Các khoản đầu tư nắm giữ đến ngày đáo hạn (HTM),Cơ sở,QLKD,,,,,"Pending - chưa thiết kế nguồn (gap Atomic REPORT_CELL_VALUE, xem O_QLKD_23)"
K_QLKD_2391,DATA EXPLORER,Nhóm 98 — Báo cáo theo Thông tư 121/2020/TT-BTC (STT 98),- Lỗ suy giảm giá trị Các khoản cho vay,Cơ sở,QLKD,,,,,"Pending - chưa thiết kế nguồn (gap Atomic REPORT_CELL_VALUE, xem O_QLKD_23)"
K_QLKD_2392,DATA EXPLORER,Nhóm 98 — Báo cáo theo Thông tư 121/2020/TT-BTC (STT 98),- Lỗ về ghi nhận chênh lệch đánh giá theo giá trị hợp lý TSTC sẵn sàng để bán AFS khi phân loại lại,Cơ sở,QLKD,,,,,"Pending - chưa thiết kế nguồn (gap Atomic REPORT_CELL_VALUE, xem O_QLKD_23)"
K_QLKD_2393,DATA EXPLORER,Nhóm 98 — Báo cáo theo Thông tư 121/2020/TT-BTC (STT 98),"- Suy giảm giá trị của các tài sản cố định, BĐSĐT",Cơ sở,QLKD,,,,,"Pending - chưa thiết kế nguồn (gap Atomic REPORT_CELL_VALUE, xem O_QLKD_23)"
K_QLKD_2394,DATA EXPLORER,Nhóm 98 — Báo cáo theo Thông tư 121/2020/TT-BTC (STT 98),- Chi phí dự phòng suy giảm giá trị các khoản đầu tư tài chính dài hạn,Cơ sở,QLKD,,,,,"Pending - chưa thiết kế nguồn (gap Atomic REPORT_CELL_VALUE, xem O_QLKD_23)"
K_QLKD_2395,DATA EXPLORER,Nhóm 98 — Báo cáo theo Thông tư 121/2020/TT-BTC (STT 98),-   Lỗ khác,Cơ sở,QLKD,,,,,"Pending - chưa thiết kế nguồn (gap Atomic REPORT_CELL_VALUE, xem O_QLKD_23)"
K_QLKD_2396,DATA EXPLORER,Nhóm 98 — Báo cáo theo Thông tư 121/2020/TT-BTC (STT 98),4. Giảm các doanh thu phi tiền tệ,Cơ sở,QLKD,,,,,"Pending - chưa thiết kế nguồn (gap Atomic REPORT_CELL_VALUE, xem O_QLKD_23)"
K_QLKD_2397,DATA EXPLORER,Nhóm 98 — Báo cáo theo Thông tư 121/2020/TT-BTC (STT 98),- Lãi đánh giá lại giá trị các tài sản tài chính ghi nhận thông qua lãi/lỗ FVTPL,Cơ sở,QLKD,,,,,"Pending - chưa thiết kế nguồn (gap Atomic REPORT_CELL_VALUE, xem O_QLKD_23)"
K_QLKD_2398,DATA EXPLORER,Nhóm 98 — Báo cáo theo Thông tư 121/2020/TT-BTC (STT 98),- Lãi về ghi nhận chênh lệch đánh giá theo giá trị hợp lý TSTC sẵn sàng để bán (AFS) khi phân loại lại,Cơ sở,QLKD,,,,,"Pending - chưa thiết kế nguồn (gap Atomic REPORT_CELL_VALUE, xem O_QLKD_23)"
K_QLKD_2399,DATA EXPLORER,Nhóm 98 — Báo cáo theo Thông tư 121/2020/TT-BTC (STT 98),- Lãi khác,Cơ sở,QLKD,,,,,"Pending - chưa thiết kế nguồn (gap Atomic REPORT_CELL_VALUE, xem O_QLKD_23)"
K_QLKD_2400,DATA EXPLORER,Nhóm 98 — Báo cáo theo Thông tư 121/2020/TT-BTC (STT 98),5. Lợi nhuận từ hoạt động kinh doanh trước thay đổi vốn lưu động,Cơ sở,QLKD,,,,,"Pending - chưa thiết kế nguồn (gap Atomic REPORT_CELL_VALUE, xem O_QLKD_23)"
K_QLKD_2401,DATA EXPLORER,Nhóm 98 — Báo cáo theo Thông tư 121/2020/TT-BTC (STT 98),- Tăng (giảm) tài sản tài chính ghi nhận thông qua lãi/lỗ FVTPL,Cơ sở,QLKD,,,,,"Pending - chưa thiết kế nguồn (gap Atomic REPORT_CELL_VALUE, xem O_QLKD_23)"
K_QLKD_2402,DATA EXPLORER,Nhóm 98 — Báo cáo theo Thông tư 121/2020/TT-BTC (STT 98),- Tăng (giảm) Các khoản đầu tư nắm giữ đến ngày đáo hạn (HTM),Cơ sở,QLKD,,,,,"Pending - chưa thiết kế nguồn (gap Atomic REPORT_CELL_VALUE, xem O_QLKD_23)"
K_QLKD_2403,DATA EXPLORER,Nhóm 98 — Báo cáo theo Thông tư 121/2020/TT-BTC (STT 98),- Tăng (giảm) Các khoản cho vay,Cơ sở,QLKD,,,,,"Pending - chưa thiết kế nguồn (gap Atomic REPORT_CELL_VALUE, xem O_QLKD_23)"
K_QLKD_2404,DATA EXPLORER,Nhóm 98 — Báo cáo theo Thông tư 121/2020/TT-BTC (STT 98),- Tăng (giảm) tài sản tài chính sẵn sàng để bán AFS,Cơ sở,QLKD,,,,,"Pending - chưa thiết kế nguồn (gap Atomic REPORT_CELL_VALUE, xem O_QLKD_23)"
K_QLKD_2405,DATA EXPLORER,Nhóm 98 — Báo cáo theo Thông tư 121/2020/TT-BTC (STT 98),"(-) Tăng, (+) giảm phải thu bán các tài sản tài chính",Cơ sở,QLKD,,,,,"Pending - chưa thiết kế nguồn (gap Atomic REPORT_CELL_VALUE, xem O_QLKD_23)"
K_QLKD_2406,DATA EXPLORER,Nhóm 98 — Báo cáo theo Thông tư 121/2020/TT-BTC (STT 98),"(-) Tăng, (+) giảm phải thu và dự thu cổ tức, tiền lãi các tài sản tài chính",Cơ sở,QLKD,,,,,"Pending - chưa thiết kế nguồn (gap Atomic REPORT_CELL_VALUE, xem O_QLKD_23)"
K_QLKD_2407,DATA EXPLORER,Nhóm 98 — Báo cáo theo Thông tư 121/2020/TT-BTC (STT 98),"(-) Tăng, (+) giảm các khoản phải thu các dịch vụ CTCK cung cấp",Cơ sở,QLKD,,,,,"Pending - chưa thiết kế nguồn (gap Atomic REPORT_CELL_VALUE, xem O_QLKD_23)"
K_QLKD_2408,DATA EXPLORER,Nhóm 98 — Báo cáo theo Thông tư 121/2020/TT-BTC (STT 98),"(-) Tăng, (+) giảm các khoản phải thu về lỗi giao dịch các TSTC",Cơ sở,QLKD,,,,,"Pending - chưa thiết kế nguồn (gap Atomic REPORT_CELL_VALUE, xem O_QLKD_23)"
K_QLKD_2409,DATA EXPLORER,Nhóm 98 — Báo cáo theo Thông tư 121/2020/TT-BTC (STT 98),"(-) Tăng, (+) giảm các khoản phải thu khác",Cơ sở,QLKD,,,,,"Pending - chưa thiết kế nguồn (gap Atomic REPORT_CELL_VALUE, xem O_QLKD_23)"
K_QLKD_2410,DATA EXPLORER,Nhóm 98 — Báo cáo theo Thông tư 121/2020/TT-BTC (STT 98),- Tăng (giảm) các tài sản khác,Cơ sở,QLKD,,,,,"Pending - chưa thiết kế nguồn (gap Atomic REPORT_CELL_VALUE, xem O_QLKD_23)"
K_QLKD_2411,DATA EXPLORER,Nhóm 98 — Báo cáo theo Thông tư 121/2020/TT-BTC (STT 98),- Tăng (giảm) chi phí phải trả (không bao gồm chi phí lãi vay),Cơ sở,QLKD,,,,,"Pending - chưa thiết kế nguồn (gap Atomic REPORT_CELL_VALUE, xem O_QLKD_23)"
K_QLKD_2412,DATA EXPLORER,Nhóm 98 — Báo cáo theo Thông tư 121/2020/TT-BTC (STT 98),- Tăng (giảm) chi phí trả trước,Cơ sở,QLKD,,,,,"Pending - chưa thiết kế nguồn (gap Atomic REPORT_CELL_VALUE, xem O_QLKD_23)"
K_QLKD_2413,DATA EXPLORER,Nhóm 98 — Báo cáo theo Thông tư 121/2020/TT-BTC (STT 98),(-) Thuế TNDN đã nộp,Cơ sở,QLKD,,,,,"Pending - chưa thiết kế nguồn (gap Atomic REPORT_CELL_VALUE, xem O_QLKD_23)"
K_QLKD_2414,DATA EXPLORER,Nhóm 98 — Báo cáo theo Thông tư 121/2020/TT-BTC (STT 98),(-) Lãi vay đã trả,Cơ sở,QLKD,,,,,"Pending - chưa thiết kế nguồn (gap Atomic REPORT_CELL_VALUE, xem O_QLKD_23)"
K_QLKD_2415,DATA EXPLORER,Nhóm 98 — Báo cáo theo Thông tư 121/2020/TT-BTC (STT 98),- Tăng (giảm) phải trả cho người bán,Cơ sở,QLKD,,,,,"Pending - chưa thiết kế nguồn (gap Atomic REPORT_CELL_VALUE, xem O_QLKD_23)"
K_QLKD_2416,DATA EXPLORER,Nhóm 98 — Báo cáo theo Thông tư 121/2020/TT-BTC (STT 98),- Tăng (giảm) các khoản trích nộp phúc lợi nhân viên,Cơ sở,QLKD,,,,,"Pending - chưa thiết kế nguồn (gap Atomic REPORT_CELL_VALUE, xem O_QLKD_23)"
K_QLKD_2417,DATA EXPLORER,Nhóm 98 — Báo cáo theo Thông tư 121/2020/TT-BTC (STT 98),- Tăng (giảm) thuế và các khoản phải nộp Nhà nước (Không bao gồm thuế TNDN đã nộp),Cơ sở,QLKD,,,,,"Pending - chưa thiết kế nguồn (gap Atomic REPORT_CELL_VALUE, xem O_QLKD_23)"
K_QLKD_2418,DATA EXPLORER,Nhóm 98 — Báo cáo theo Thông tư 121/2020/TT-BTC (STT 98),- Tăng (giảm) phải trả người lao động,Cơ sở,QLKD,,,,,"Pending - chưa thiết kế nguồn (gap Atomic REPORT_CELL_VALUE, xem O_QLKD_23)"
K_QLKD_2419,DATA EXPLORER,Nhóm 98 — Báo cáo theo Thông tư 121/2020/TT-BTC (STT 98),- Tăng (giảm) phải trả về lỗi giao dịch các TSTC,Cơ sở,QLKD,,,,,"Pending - chưa thiết kế nguồn (gap Atomic REPORT_CELL_VALUE, xem O_QLKD_23)"
K_QLKD_2420,DATA EXPLORER,Nhóm 98 — Báo cáo theo Thông tư 121/2020/TT-BTC (STT 98),"- Tăng (giảm) phải trả, phải nộp khác",Cơ sở,QLKD,,,,,"Pending - chưa thiết kế nguồn (gap Atomic REPORT_CELL_VALUE, xem O_QLKD_23)"
K_QLKD_2421,DATA EXPLORER,Nhóm 98 — Báo cáo theo Thông tư 121/2020/TT-BTC (STT 98),- Tiền thu khác từ hoạt động kinh doanh,Cơ sở,QLKD,,,,,"Pending - chưa thiết kế nguồn (gap Atomic REPORT_CELL_VALUE, xem O_QLKD_23)"
K_QLKD_2422,DATA EXPLORER,Nhóm 98 — Báo cáo theo Thông tư 121/2020/TT-BTC (STT 98),- Tiền chi khác cho hoạt động kinh doanh,Cơ sở,QLKD,,,,,"Pending - chưa thiết kế nguồn (gap Atomic REPORT_CELL_VALUE, xem O_QLKD_23)"
K_QLKD_2423,DATA EXPLORER,Nhóm 98 — Báo cáo theo Thông tư 121/2020/TT-BTC (STT 98),Lưu chuyển tiền thuần từ hoạt động kinh doanh,Cơ sở,QLKD,,,,,"Pending - chưa thiết kế nguồn (gap Atomic REPORT_CELL_VALUE, xem O_QLKD_23)"
K_QLKD_2424,DATA EXPLORER,Nhóm 98 — Báo cáo theo Thông tư 121/2020/TT-BTC (STT 98),II. Lưu chuyển tiền từ hoạt động đầu tư,Cơ sở,QLKD,,,,,"Pending - chưa thiết kế nguồn (gap Atomic REPORT_CELL_VALUE, xem O_QLKD_23)"
K_QLKD_2425,DATA EXPLORER,Nhóm 98 — Báo cáo theo Thông tư 121/2020/TT-BTC (STT 98),"1. Tiền chi để mua sắm, xây dựng TSCĐ, BĐSĐT và các tài sản khác",Cơ sở,QLKD,,,,,"Pending - chưa thiết kế nguồn (gap Atomic REPORT_CELL_VALUE, xem O_QLKD_23)"
K_QLKD_2426,DATA EXPLORER,Nhóm 98 — Báo cáo theo Thông tư 121/2020/TT-BTC (STT 98),"2. Tiền thu từ thanh lý, nhượng bán TSCĐ, BĐSĐT và các tài sản khác",Cơ sở,QLKD,,,,,"Pending - chưa thiết kế nguồn (gap Atomic REPORT_CELL_VALUE, xem O_QLKD_23)"
K_QLKD_2427,DATA EXPLORER,Nhóm 98 — Báo cáo theo Thông tư 121/2020/TT-BTC (STT 98),"3. Tiền chi đầu tư vốn vào công ty con, công ty liên doanh, liên kết và đầu tư khác",Cơ sở,QLKD,,,,,"Pending - chưa thiết kế nguồn (gap Atomic REPORT_CELL_VALUE, xem O_QLKD_23)"
K_QLKD_2428,DATA EXPLORER,Nhóm 98 — Báo cáo theo Thông tư 121/2020/TT-BTC (STT 98),"4. Tiền thu hồi các khoản đầu tư vào công ty con, công ty liên doanh, liên kết và đầu tư khác",Cơ sở,QLKD,,,,,"Pending - chưa thiết kế nguồn (gap Atomic REPORT_CELL_VALUE, xem O_QLKD_23)"
K_QLKD_2429,DATA EXPLORER,Nhóm 98 — Báo cáo theo Thông tư 121/2020/TT-BTC (STT 98),5. Tiền thu về cổ tức và lợi nhuận được chia từ các khoản đầu tư tài chính dài hạn,Cơ sở,QLKD,,,,,"Pending - chưa thiết kế nguồn (gap Atomic REPORT_CELL_VALUE, xem O_QLKD_23)"
K_QLKD_2430,DATA EXPLORER,Nhóm 98 — Báo cáo theo Thông tư 121/2020/TT-BTC (STT 98),Lưu chuyển tiền thuần từ hoạt động đầu tư,Cơ sở,QLKD,,,,,"Pending - chưa thiết kế nguồn (gap Atomic REPORT_CELL_VALUE, xem O_QLKD_23)"
K_QLKD_2431,DATA EXPLORER,Nhóm 98 — Báo cáo theo Thông tư 121/2020/TT-BTC (STT 98),III. Lưu chuyển tiền từ hoạt động tài chính,Cơ sở,QLKD,,,,,"Pending - chưa thiết kế nguồn (gap Atomic REPORT_CELL_VALUE, xem O_QLKD_23)"
K_QLKD_2432,DATA EXPLORER,Nhóm 98 — Báo cáo theo Thông tư 121/2020/TT-BTC (STT 98),"1.Tiền thu từ phát hành cổ phiếu, nhận vốn góp của chủ sở hữu",Cơ sở,QLKD,,,,,"Pending - chưa thiết kế nguồn (gap Atomic REPORT_CELL_VALUE, xem O_QLKD_23)"
K_QLKD_2433,DATA EXPLORER,Nhóm 98 — Báo cáo theo Thông tư 121/2020/TT-BTC (STT 98),"2. Tiền chi trả vốn góp cho chủ sở hữu, mua lại cổ phiếu phát hành",Cơ sở,QLKD,,,,,"Pending - chưa thiết kế nguồn (gap Atomic REPORT_CELL_VALUE, xem O_QLKD_23)"
K_QLKD_2434,DATA EXPLORER,Nhóm 98 — Báo cáo theo Thông tư 121/2020/TT-BTC (STT 98),3. Tiền vay gốc,Cơ sở,QLKD,,,,,"Pending - chưa thiết kế nguồn (gap Atomic REPORT_CELL_VALUE, xem O_QLKD_23)"
K_QLKD_2435,DATA EXPLORER,Nhóm 98 — Báo cáo theo Thông tư 121/2020/TT-BTC (STT 98),3.1. Tiền vay Quỹ Hỗ trợ thanh toán,Cơ sở,QLKD,,,,,"Pending - chưa thiết kế nguồn (gap Atomic REPORT_CELL_VALUE, xem O_QLKD_23)"
K_QLKD_2436,DATA EXPLORER,Nhóm 98 — Báo cáo theo Thông tư 121/2020/TT-BTC (STT 98),3.2. Tiền vay khác,Cơ sở,QLKD,,,,,"Pending - chưa thiết kế nguồn (gap Atomic REPORT_CELL_VALUE, xem O_QLKD_23)"
K_QLKD_2437,DATA EXPLORER,Nhóm 98 — Báo cáo theo Thông tư 121/2020/TT-BTC (STT 98),4. Tiền chi trả nợ gốc vay,Cơ sở,QLKD,,,,,"Pending - chưa thiết kế nguồn (gap Atomic REPORT_CELL_VALUE, xem O_QLKD_23)"
K_QLKD_2438,DATA EXPLORER,Nhóm 98 — Báo cáo theo Thông tư 121/2020/TT-BTC (STT 98),4.1. Tiền chi trả gốc vay Quỹ Hỗ trợ thanh toán,Cơ sở,QLKD,,,,,"Pending - chưa thiết kế nguồn (gap Atomic REPORT_CELL_VALUE, xem O_QLKD_23)"
K_QLKD_2439,DATA EXPLORER,Nhóm 98 — Báo cáo theo Thông tư 121/2020/TT-BTC (STT 98),4.2. Tiền chi trả nợ gốc vay tài sản tài chính,Cơ sở,QLKD,,,,,"Pending - chưa thiết kế nguồn (gap Atomic REPORT_CELL_VALUE, xem O_QLKD_23)"
K_QLKD_2440,DATA EXPLORER,Nhóm 98 — Báo cáo theo Thông tư 121/2020/TT-BTC (STT 98),4.3. Tiền chi trả gốc vay khác,Cơ sở,QLKD,,,,,"Pending - chưa thiết kế nguồn (gap Atomic REPORT_CELL_VALUE, xem O_QLKD_23)"
K_QLKD_2441,DATA EXPLORER,Nhóm 98 — Báo cáo theo Thông tư 121/2020/TT-BTC (STT 98),5. Tiền chi trả nợ gốc thuê tài chính,Cơ sở,QLKD,,,,,"Pending - chưa thiết kế nguồn (gap Atomic REPORT_CELL_VALUE, xem O_QLKD_23)"
K_QLKD_2442,DATA EXPLORER,Nhóm 98 — Báo cáo theo Thông tư 121/2020/TT-BTC (STT 98),"6. Cổ tức, lợi nhuận đã trả cho chủ sở hữu",Cơ sở,QLKD,,,,,"Pending - chưa thiết kế nguồn (gap Atomic REPORT_CELL_VALUE, xem O_QLKD_23)"
K_QLKD_2443,DATA EXPLORER,Nhóm 98 — Báo cáo theo Thông tư 121/2020/TT-BTC (STT 98),Lưu chuyển tiền thuần từ hoạt động tài chính,Cơ sở,QLKD,,,,,"Pending - chưa thiết kế nguồn (gap Atomic REPORT_CELL_VALUE, xem O_QLKD_23)"
K_QLKD_2444,DATA EXPLORER,Nhóm 98 — Báo cáo theo Thông tư 121/2020/TT-BTC (STT 98),IV. Tăng/giảm tiền thuần trong kỳ,Cơ sở,QLKD,,,,,"Pending - chưa thiết kế nguồn (gap Atomic REPORT_CELL_VALUE, xem O_QLKD_23)"
K_QLKD_2445,DATA EXPLORER,Nhóm 98 — Báo cáo theo Thông tư 121/2020/TT-BTC (STT 98),V. Tiền và các khoản tương đương tiền đầu kỳ,Cơ sở,QLKD,,,,,"Pending - chưa thiết kế nguồn (gap Atomic REPORT_CELL_VALUE, xem O_QLKD_23)"
K_QLKD_2446,DATA EXPLORER,Nhóm 98 — Báo cáo theo Thông tư 121/2020/TT-BTC (STT 98),- Tiền,Cơ sở,QLKD,,,,,"Pending - chưa thiết kế nguồn (gap Atomic REPORT_CELL_VALUE, xem O_QLKD_23)"
K_QLKD_2447,DATA EXPLORER,Nhóm 98 — Báo cáo theo Thông tư 121/2020/TT-BTC (STT 98),- Các khoản tương đương tiền,Cơ sở,QLKD,,,,,"Pending - chưa thiết kế nguồn (gap Atomic REPORT_CELL_VALUE, xem O_QLKD_23)"
K_QLKD_2448,DATA EXPLORER,Nhóm 98 — Báo cáo theo Thông tư 121/2020/TT-BTC (STT 98),- Ảnh hưởng của thay đổi tỷ giá hối đoái quy đổi ngoại tệ,Cơ sở,QLKD,,,,,"Pending - chưa thiết kế nguồn (gap Atomic REPORT_CELL_VALUE, xem O_QLKD_23)"
K_QLKD_2449,DATA EXPLORER,Nhóm 98 — Báo cáo theo Thông tư 121/2020/TT-BTC (STT 98),VI. Tiền và các khoản tương đương tiền cuối kỳ,Cơ sở,QLKD,,,,,"Pending - chưa thiết kế nguồn (gap Atomic REPORT_CELL_VALUE, xem O_QLKD_23)"
K_QLKD_2450,DATA EXPLORER,Nhóm 98 — Báo cáo theo Thông tư 121/2020/TT-BTC (STT 98),- Tiền,Cơ sở,QLKD,,,,,"Pending - chưa thiết kế nguồn (gap Atomic REPORT_CELL_VALUE, xem O_QLKD_23)"
K_QLKD_2451,DATA EXPLORER,Nhóm 98 — Báo cáo theo Thông tư 121/2020/TT-BTC (STT 98),- Các khoản tương đương tiền,Cơ sở,QLKD,,,,,"Pending - chưa thiết kế nguồn (gap Atomic REPORT_CELL_VALUE, xem O_QLKD_23)"
K_QLKD_2452,DATA EXPLORER,Nhóm 98 — Báo cáo theo Thông tư 121/2020/TT-BTC (STT 98),- Ảnh hưởng của thay đổi tỷ giá hối đoái quy đổi ngoại tệ,Cơ sở,QLKD,,,,,"Pending - chưa thiết kế nguồn (gap Atomic REPORT_CELL_VALUE, xem O_QLKD_23)"
K_QLKD_2453,DATA EXPLORER,Nhóm 99 — Báo cáo theo Thông tư 121/2020/TT-BTC (STT 99),Loại báo cáo,Chiều,QLKD,,,,,"Pending - chưa thiết kế nguồn (gap Atomic REPORT_CELL_VALUE, xem O_QLKD_23)"
K_QLKD_2454,DATA EXPLORER,Nhóm 99 — Báo cáo theo Thông tư 121/2020/TT-BTC (STT 99),Kỳ báo cáo,Chiều,QLKD,,,,,"Pending - chưa thiết kế nguồn (gap Atomic REPORT_CELL_VALUE, xem O_QLKD_23)"
K_QLKD_2455,DATA EXPLORER,Nhóm 99 — Báo cáo theo Thông tư 121/2020/TT-BTC (STT 99),Mã báo cáo,Chiều,QLKD,,,,,"Pending - chưa thiết kế nguồn (gap Atomic REPORT_CELL_VALUE, xem O_QLKD_23)"
K_QLKD_2456,DATA EXPLORER,Nhóm 99 — Báo cáo theo Thông tư 121/2020/TT-BTC (STT 99),Tên báo cáo,Chiều,QLKD,,,,,"Pending - chưa thiết kế nguồn (gap Atomic REPORT_CELL_VALUE, xem O_QLKD_23)"
K_QLKD_2457,DATA EXPLORER,Nhóm 99 — Báo cáo theo Thông tư 121/2020/TT-BTC (STT 99),Mã sheet,Chiều,QLKD,,,,,"Pending - chưa thiết kế nguồn (gap Atomic REPORT_CELL_VALUE, xem O_QLKD_23)"
K_QLKD_2458,DATA EXPLORER,Nhóm 99 — Báo cáo theo Thông tư 121/2020/TT-BTC (STT 99),Tên sheet,Chiều,QLKD,,,,,"Pending - chưa thiết kế nguồn (gap Atomic REPORT_CELL_VALUE, xem O_QLKD_23)"
K_QLKD_2459,DATA EXPLORER,Nhóm 99 — Báo cáo theo Thông tư 121/2020/TT-BTC (STT 99),Mã chỉ tiêu,Chiều,QLKD,,,,,"Pending - chưa thiết kế nguồn (gap Atomic REPORT_CELL_VALUE, xem O_QLKD_23)"
K_QLKD_2460,DATA EXPLORER,Nhóm 99 — Báo cáo theo Thông tư 121/2020/TT-BTC (STT 99),Tên chỉ tiêu,Chiều,QLKD,,,,,"Pending - chưa thiết kế nguồn (gap Atomic REPORT_CELL_VALUE, xem O_QLKD_23)"
K_QLKD_2461,DATA EXPLORER,Nhóm 99 — Báo cáo theo Thông tư 121/2020/TT-BTC (STT 99),"I, Lưu chuyển tiền hoạt động môi giới, ủy thác của khách hàng",Cơ sở,QLKD,,,,,"Pending - chưa thiết kế nguồn (gap Atomic REPORT_CELL_VALUE, xem O_QLKD_23)"
K_QLKD_2462,DATA EXPLORER,Nhóm 99 — Báo cáo theo Thông tư 121/2020/TT-BTC (STT 99),1. Tiền thu bán chứng khoán môi giới cho khách hàng,Cơ sở,QLKD,,,,,"Pending - chưa thiết kế nguồn (gap Atomic REPORT_CELL_VALUE, xem O_QLKD_23)"
K_QLKD_2463,DATA EXPLORER,Nhóm 99 — Báo cáo theo Thông tư 121/2020/TT-BTC (STT 99),2. Tiền chi mua chứng khoán môi giới cho khách hàng,Cơ sở,QLKD,,,,,"Pending - chưa thiết kế nguồn (gap Atomic REPORT_CELL_VALUE, xem O_QLKD_23)"
K_QLKD_2464,DATA EXPLORER,Nhóm 99 — Báo cáo theo Thông tư 121/2020/TT-BTC (STT 99),3. Tiền thu bán chứng khoán ủy thác của khách hàng,Cơ sở,QLKD,,,,,"Pending - chưa thiết kế nguồn (gap Atomic REPORT_CELL_VALUE, xem O_QLKD_23)"
K_QLKD_2465,DATA EXPLORER,Nhóm 99 — Báo cáo theo Thông tư 121/2020/TT-BTC (STT 99),4. Tiền chi bán chứng khoán ủy thác của khách hàng,Cơ sở,QLKD,,,,,"Pending - chưa thiết kế nguồn (gap Atomic REPORT_CELL_VALUE, xem O_QLKD_23)"
K_QLKD_2466,DATA EXPLORER,Nhóm 99 — Báo cáo theo Thông tư 121/2020/TT-BTC (STT 99),5. Thu vay Quỹ Hỗ trợ thanh toán,Cơ sở,QLKD,,,,,"Pending - chưa thiết kế nguồn (gap Atomic REPORT_CELL_VALUE, xem O_QLKD_23)"
K_QLKD_2467,DATA EXPLORER,Nhóm 99 — Báo cáo theo Thông tư 121/2020/TT-BTC (STT 99),6. Chi trả vay Quỹ Hỗ trợ thanh toán,Cơ sở,QLKD,,,,,"Pending - chưa thiết kế nguồn (gap Atomic REPORT_CELL_VALUE, xem O_QLKD_23)"
K_QLKD_2468,DATA EXPLORER,Nhóm 99 — Báo cáo theo Thông tư 121/2020/TT-BTC (STT 99),7. Nhận tiền gửi để thanh toán giao dịch chứng khoán của khách hàng,Cơ sở,QLKD,,,,,"Pending - chưa thiết kế nguồn (gap Atomic REPORT_CELL_VALUE, xem O_QLKD_23)"
K_QLKD_2469,DATA EXPLORER,Nhóm 99 — Báo cáo theo Thông tư 121/2020/TT-BTC (STT 99),7.1 Tiền gửi ký quỹ của nhà đầu tư tại VSD,Cơ sở,QLKD,,,,,"Pending - chưa thiết kế nguồn (gap Atomic REPORT_CELL_VALUE, xem O_QLKD_23)"
K_QLKD_2470,DATA EXPLORER,Nhóm 99 — Báo cáo theo Thông tư 121/2020/TT-BTC (STT 99),8. Chi trả thanh toán giao dịch chứng khoán của khách hàng,Cơ sở,QLKD,,,,,"Pending - chưa thiết kế nguồn (gap Atomic REPORT_CELL_VALUE, xem O_QLKD_23)"
K_QLKD_2471,DATA EXPLORER,Nhóm 99 — Báo cáo theo Thông tư 121/2020/TT-BTC (STT 99),9. Nhận tiền gửi của Nhà đầu tư cho hoạt động ủy thác đầu tư của khách hàng,Cơ sở,QLKD,,,,,"Pending - chưa thiết kế nguồn (gap Atomic REPORT_CELL_VALUE, xem O_QLKD_23)"
K_QLKD_2472,DATA EXPLORER,Nhóm 99 — Báo cáo theo Thông tư 121/2020/TT-BTC (STT 99),10. Chi trả cho hoạt động ủy thác đầu tư của khách hàng,Cơ sở,QLKD,,,,,"Pending - chưa thiết kế nguồn (gap Atomic REPORT_CELL_VALUE, xem O_QLKD_23)"
K_QLKD_2473,DATA EXPLORER,Nhóm 99 — Báo cáo theo Thông tư 121/2020/TT-BTC (STT 99),11. Chi trả phí lưu ký chứng khoán của khách hàng,Cơ sở,QLKD,,,,,"Pending - chưa thiết kế nguồn (gap Atomic REPORT_CELL_VALUE, xem O_QLKD_23)"
K_QLKD_2474,DATA EXPLORER,Nhóm 99 — Báo cáo theo Thông tư 121/2020/TT-BTC (STT 99),12. Thu lỗi giao dịch chứng khoán,Cơ sở,QLKD,,,,,"Pending - chưa thiết kế nguồn (gap Atomic REPORT_CELL_VALUE, xem O_QLKD_23)"
K_QLKD_2475,DATA EXPLORER,Nhóm 99 — Báo cáo theo Thông tư 121/2020/TT-BTC (STT 99),13.Chi lỗi giao dịch chứng khoán,Cơ sở,QLKD,,,,,"Pending - chưa thiết kế nguồn (gap Atomic REPORT_CELL_VALUE, xem O_QLKD_23)"
K_QLKD_2476,DATA EXPLORER,Nhóm 99 — Báo cáo theo Thông tư 121/2020/TT-BTC (STT 99),14. Tiền thu của Tổ chức phát hành chứng khoán,Cơ sở,QLKD,,,,,"Pending - chưa thiết kế nguồn (gap Atomic REPORT_CELL_VALUE, xem O_QLKD_23)"
K_QLKD_2477,DATA EXPLORER,Nhóm 99 — Báo cáo theo Thông tư 121/2020/TT-BTC (STT 99),15. Tiền chi trả Tổ chức phát hành chứng khoán,Cơ sở,QLKD,,,,,"Pending - chưa thiết kế nguồn (gap Atomic REPORT_CELL_VALUE, xem O_QLKD_23)"
K_QLKD_2478,DATA EXPLORER,Nhóm 99 — Báo cáo theo Thông tư 121/2020/TT-BTC (STT 99),Tăng/giảm tiền thuần trong kỳ,Cơ sở,QLKD,,,,,"Pending - chưa thiết kế nguồn (gap Atomic REPORT_CELL_VALUE, xem O_QLKD_23)"
K_QLKD_2479,DATA EXPLORER,Nhóm 99 — Báo cáo theo Thông tư 121/2020/TT-BTC (STT 99),"II, Tiền và các khoản tương đương tiền đầu kỳ của khách hàng",Cơ sở,QLKD,,,,,"Pending - chưa thiết kế nguồn (gap Atomic REPORT_CELL_VALUE, xem O_QLKD_23)"
K_QLKD_2480,DATA EXPLORER,Nhóm 99 — Báo cáo theo Thông tư 121/2020/TT-BTC (STT 99),Tiền gửi ngân hàng đầu kỳ:,Cơ sở,QLKD,,,,,"Pending - chưa thiết kế nguồn (gap Atomic REPORT_CELL_VALUE, xem O_QLKD_23)"
K_QLKD_2481,DATA EXPLORER,Nhóm 99 — Báo cáo theo Thông tư 121/2020/TT-BTC (STT 99),-Tiền gửi của Nhà đầu tư về giao dịch chứng khoán theo phương thức CTCK quản lý,Cơ sở,QLKD,,,,,"Pending - chưa thiết kế nguồn (gap Atomic REPORT_CELL_VALUE, xem O_QLKD_23)"
K_QLKD_2482,DATA EXPLORER,Nhóm 99 — Báo cáo theo Thông tư 121/2020/TT-BTC (STT 99),Trong đó có kỳ hạn,Cơ sở,QLKD,,,,,"Pending - chưa thiết kế nguồn (gap Atomic REPORT_CELL_VALUE, xem O_QLKD_23)"
K_QLKD_2483,DATA EXPLORER,Nhóm 99 — Báo cáo theo Thông tư 121/2020/TT-BTC (STT 99),- Tiền gửi tổng hợp giao dịch chứng khoán cho khách hàng,Cơ sở,QLKD,,,,,"Pending - chưa thiết kế nguồn (gap Atomic REPORT_CELL_VALUE, xem O_QLKD_23)"
K_QLKD_2484,DATA EXPLORER,Nhóm 99 — Báo cáo theo Thông tư 121/2020/TT-BTC (STT 99),- Tiền gửi bù trừ và thanh toán giao dịch chứng khoán,Cơ sở,QLKD,,,,,"Pending - chưa thiết kế nguồn (gap Atomic REPORT_CELL_VALUE, xem O_QLKD_23)"
K_QLKD_2485,DATA EXPLORER,Nhóm 99 — Báo cáo theo Thông tư 121/2020/TT-BTC (STT 99),-Tiền gửi của Tổ chức phát hành,Cơ sở,QLKD,,,,,"Pending - chưa thiết kế nguồn (gap Atomic REPORT_CELL_VALUE, xem O_QLKD_23)"
K_QLKD_2486,DATA EXPLORER,Nhóm 99 — Báo cáo theo Thông tư 121/2020/TT-BTC (STT 99),Trong đó có kỳ hạn,Cơ sở,QLKD,,,,,"Pending - chưa thiết kế nguồn (gap Atomic REPORT_CELL_VALUE, xem O_QLKD_23)"
K_QLKD_2487,DATA EXPLORER,Nhóm 99 — Báo cáo theo Thông tư 121/2020/TT-BTC (STT 99),Các khoản tương đương tiền,Cơ sở,QLKD,,,,,"Pending - chưa thiết kế nguồn (gap Atomic REPORT_CELL_VALUE, xem O_QLKD_23)"
K_QLKD_2488,DATA EXPLORER,Nhóm 99 — Báo cáo theo Thông tư 121/2020/TT-BTC (STT 99),Ảnh hưởng của thay đổi tỷ giá hối đoái quy đổi ngoại tệ,Cơ sở,QLKD,,,,,"Pending - chưa thiết kế nguồn (gap Atomic REPORT_CELL_VALUE, xem O_QLKD_23)"
K_QLKD_2489,DATA EXPLORER,Nhóm 99 — Báo cáo theo Thông tư 121/2020/TT-BTC (STT 99),"III, Tiền và các khoản tương đương tiền cuối kỳ của khách hàng",Cơ sở,QLKD,,,,,"Pending - chưa thiết kế nguồn (gap Atomic REPORT_CELL_VALUE, xem O_QLKD_23)"
K_QLKD_2490,DATA EXPLORER,Nhóm 99 — Báo cáo theo Thông tư 121/2020/TT-BTC (STT 99),Tiền gửi ngân hàng cuối kỳ:,Cơ sở,QLKD,,,,,"Pending - chưa thiết kế nguồn (gap Atomic REPORT_CELL_VALUE, xem O_QLKD_23)"
K_QLKD_2491,DATA EXPLORER,Nhóm 99 — Báo cáo theo Thông tư 121/2020/TT-BTC (STT 99),-Tiền gửi của Nhà đầu tư về giao dịch chứng khoán theo phương thức CTCK quản lý,Cơ sở,QLKD,,,,,"Pending - chưa thiết kế nguồn (gap Atomic REPORT_CELL_VALUE, xem O_QLKD_23)"
K_QLKD_2492,DATA EXPLORER,Nhóm 99 — Báo cáo theo Thông tư 121/2020/TT-BTC (STT 99),Trong đó có kỳ hạn,Cơ sở,QLKD,,,,,"Pending - chưa thiết kế nguồn (gap Atomic REPORT_CELL_VALUE, xem O_QLKD_23)"
K_QLKD_2493,DATA EXPLORER,Nhóm 99 — Báo cáo theo Thông tư 121/2020/TT-BTC (STT 99),- Tiền gửi tổng hợp giao dịch chứng khoán cho khách hàng,Cơ sở,QLKD,,,,,"Pending - chưa thiết kế nguồn (gap Atomic REPORT_CELL_VALUE, xem O_QLKD_23)"
K_QLKD_2494,DATA EXPLORER,Nhóm 99 — Báo cáo theo Thông tư 121/2020/TT-BTC (STT 99),- Tiền gửi bù trừ và thanh toán giao dịch chứng khoán,Cơ sở,QLKD,,,,,"Pending - chưa thiết kế nguồn (gap Atomic REPORT_CELL_VALUE, xem O_QLKD_23)"
K_QLKD_2495,DATA EXPLORER,Nhóm 99 — Báo cáo theo Thông tư 121/2020/TT-BTC (STT 99),- Tiền gửi của Tổ chức phát hành,Cơ sở,QLKD,,,,,"Pending - chưa thiết kế nguồn (gap Atomic REPORT_CELL_VALUE, xem O_QLKD_23)"
K_QLKD_2496,DATA EXPLORER,Nhóm 99 — Báo cáo theo Thông tư 121/2020/TT-BTC (STT 99),Trong đó có kỳ hạn,Cơ sở,QLKD,,,,,"Pending - chưa thiết kế nguồn (gap Atomic REPORT_CELL_VALUE, xem O_QLKD_23)"
K_QLKD_2497,DATA EXPLORER,Nhóm 99 — Báo cáo theo Thông tư 121/2020/TT-BTC (STT 99),Các khoản tương đương tiền,Cơ sở,QLKD,,,,,"Pending - chưa thiết kế nguồn (gap Atomic REPORT_CELL_VALUE, xem O_QLKD_23)"
K_QLKD_2498,DATA EXPLORER,Nhóm 99 — Báo cáo theo Thông tư 121/2020/TT-BTC (STT 99),- Ảnh hưởng của thay đổi tỷ giá hối đoái quy đổi ngoại tệ,Cơ sở,QLKD,,,,,"Pending - chưa thiết kế nguồn (gap Atomic REPORT_CELL_VALUE, xem O_QLKD_23)"
K_QLKD_2499,DATA EXPLORER,Nhóm 100 — Báo cáo theo Thông tư 121/2020/TT-BTC (STT 100),Loại báo cáo,Chiều,QLKD,,,,,"Pending - chưa thiết kế nguồn (gap Atomic REPORT_CELL_VALUE, xem O_QLKD_23)"
K_QLKD_2500,DATA EXPLORER,Nhóm 100 — Báo cáo theo Thông tư 121/2020/TT-BTC (STT 100),Kỳ báo cáo,Chiều,QLKD,,,,,"Pending - chưa thiết kế nguồn (gap Atomic REPORT_CELL_VALUE, xem O_QLKD_23)"
K_QLKD_2501,DATA EXPLORER,Nhóm 100 — Báo cáo theo Thông tư 121/2020/TT-BTC (STT 100),Mã báo cáo,Chiều,QLKD,,,,,"Pending - chưa thiết kế nguồn (gap Atomic REPORT_CELL_VALUE, xem O_QLKD_23)"
K_QLKD_2502,DATA EXPLORER,Nhóm 100 — Báo cáo theo Thông tư 121/2020/TT-BTC (STT 100),Tên báo cáo,Chiều,QLKD,,,,,"Pending - chưa thiết kế nguồn (gap Atomic REPORT_CELL_VALUE, xem O_QLKD_23)"
K_QLKD_2503,DATA EXPLORER,Nhóm 100 — Báo cáo theo Thông tư 121/2020/TT-BTC (STT 100),Mã sheet,Chiều,QLKD,,,,,"Pending - chưa thiết kế nguồn (gap Atomic REPORT_CELL_VALUE, xem O_QLKD_23)"
K_QLKD_2504,DATA EXPLORER,Nhóm 100 — Báo cáo theo Thông tư 121/2020/TT-BTC (STT 100),Tên sheet,Chiều,QLKD,,,,,"Pending - chưa thiết kế nguồn (gap Atomic REPORT_CELL_VALUE, xem O_QLKD_23)"
K_QLKD_2505,DATA EXPLORER,Nhóm 100 — Báo cáo theo Thông tư 121/2020/TT-BTC (STT 100),Mã chỉ tiêu,Chiều,QLKD,,,,,"Pending - chưa thiết kế nguồn (gap Atomic REPORT_CELL_VALUE, xem O_QLKD_23)"
K_QLKD_2506,DATA EXPLORER,Nhóm 100 — Báo cáo theo Thông tư 121/2020/TT-BTC (STT 100),Tên chỉ tiêu,Chiều,QLKD,,,,,"Pending - chưa thiết kế nguồn (gap Atomic REPORT_CELL_VALUE, xem O_QLKD_23)"
K_QLKD_2507,DATA EXPLORER,Nhóm 100 — Báo cáo theo Thông tư 121/2020/TT-BTC (STT 100),I. Biến động vốn chủ sở hữu,Cơ sở,QLKD,,,,,"Pending - chưa thiết kế nguồn (gap Atomic REPORT_CELL_VALUE, xem O_QLKD_23)"
K_QLKD_2508,DATA EXPLORER,Nhóm 100 — Báo cáo theo Thông tư 121/2020/TT-BTC (STT 100),1. Vốn đầu tư của chủ sở hữu,Cơ sở,QLKD,,,,,"Pending - chưa thiết kế nguồn (gap Atomic REPORT_CELL_VALUE, xem O_QLKD_23)"
K_QLKD_2509,DATA EXPLORER,Nhóm 100 — Báo cáo theo Thông tư 121/2020/TT-BTC (STT 100),1.1. Cổ phiếu phổ thông có quyền biểu quyết,Cơ sở,QLKD,,,,,"Pending - chưa thiết kế nguồn (gap Atomic REPORT_CELL_VALUE, xem O_QLKD_23)"
K_QLKD_2510,DATA EXPLORER,Nhóm 100 — Báo cáo theo Thông tư 121/2020/TT-BTC (STT 100),1.2. Cổ phiếu ưu đãi,Cơ sở,QLKD,,,,,"Pending - chưa thiết kế nguồn (gap Atomic REPORT_CELL_VALUE, xem O_QLKD_23)"
K_QLKD_2511,DATA EXPLORER,Nhóm 100 — Báo cáo theo Thông tư 121/2020/TT-BTC (STT 100),1.3. Thặng dư vốn cổ phần,Cơ sở,QLKD,,,,,"Pending - chưa thiết kế nguồn (gap Atomic REPORT_CELL_VALUE, xem O_QLKD_23)"
K_QLKD_2512,DATA EXPLORER,Nhóm 100 — Báo cáo theo Thông tư 121/2020/TT-BTC (STT 100),1.4.Quyền chọn chuyển đổi trái phiếu - Cấu phần vốn,Cơ sở,QLKD,,,,,"Pending - chưa thiết kế nguồn (gap Atomic REPORT_CELL_VALUE, xem O_QLKD_23)"
K_QLKD_2513,DATA EXPLORER,Nhóm 100 — Báo cáo theo Thông tư 121/2020/TT-BTC (STT 100),1.5. Vốn khác của chủ sở hữu,Cơ sở,QLKD,,,,,"Pending - chưa thiết kế nguồn (gap Atomic REPORT_CELL_VALUE, xem O_QLKD_23)"
K_QLKD_2514,DATA EXPLORER,Nhóm 100 — Báo cáo theo Thông tư 121/2020/TT-BTC (STT 100),2. Cổ phiếu quỹ (*),Cơ sở,QLKD,,,,,"Pending - chưa thiết kế nguồn (gap Atomic REPORT_CELL_VALUE, xem O_QLKD_23)"
K_QLKD_2515,DATA EXPLORER,Nhóm 100 — Báo cáo theo Thông tư 121/2020/TT-BTC (STT 100),3. Quỹ dự trữ bổ sung vốn điều lệ,Cơ sở,QLKD,,,,,"Pending - chưa thiết kế nguồn (gap Atomic REPORT_CELL_VALUE, xem O_QLKD_23)"
K_QLKD_2516,DATA EXPLORER,Nhóm 100 — Báo cáo theo Thông tư 121/2020/TT-BTC (STT 100),4. Quỹ dự phòng tài chính và rủi ro nghiệp vụ,Cơ sở,QLKD,,,,,"Pending - chưa thiết kế nguồn (gap Atomic REPORT_CELL_VALUE, xem O_QLKD_23)"
K_QLKD_2517,DATA EXPLORER,Nhóm 100 — Báo cáo theo Thông tư 121/2020/TT-BTC (STT 100),5. Chênh lệch đánh giá lại tài sản theo giá trị hợp lý,Cơ sở,QLKD,,,,,"Pending - chưa thiết kế nguồn (gap Atomic REPORT_CELL_VALUE, xem O_QLKD_23)"
K_QLKD_2518,DATA EXPLORER,Nhóm 100 — Báo cáo theo Thông tư 121/2020/TT-BTC (STT 100),6.Chênh lệch tỷ giá hối đoái,Cơ sở,QLKD,,,,,"Pending - chưa thiết kế nguồn (gap Atomic REPORT_CELL_VALUE, xem O_QLKD_23)"
K_QLKD_2519,DATA EXPLORER,Nhóm 100 — Báo cáo theo Thông tư 121/2020/TT-BTC (STT 100),7. Các Quỹ khác thuộc vốn chủ sở hữu,Cơ sở,QLKD,,,,,"Pending - chưa thiết kế nguồn (gap Atomic REPORT_CELL_VALUE, xem O_QLKD_23)"
K_QLKD_2520,DATA EXPLORER,Nhóm 100 — Báo cáo theo Thông tư 121/2020/TT-BTC (STT 100),8. Lợi nhuận chưa phân phối,Cơ sở,QLKD,,,,,"Pending - chưa thiết kế nguồn (gap Atomic REPORT_CELL_VALUE, xem O_QLKD_23)"
K_QLKD_2521,DATA EXPLORER,Nhóm 100 — Báo cáo theo Thông tư 121/2020/TT-BTC (STT 100),8.1. Lợi nhuận sau thuế đã thực hiện,Cơ sở,QLKD,,,,,"Pending - chưa thiết kế nguồn (gap Atomic REPORT_CELL_VALUE, xem O_QLKD_23)"
K_QLKD_2522,DATA EXPLORER,Nhóm 100 — Báo cáo theo Thông tư 121/2020/TT-BTC (STT 100),8.2. Lợi nhuận chưa thực hiện,Cơ sở,QLKD,,,,,"Pending - chưa thiết kế nguồn (gap Atomic REPORT_CELL_VALUE, xem O_QLKD_23)"
K_QLKD_2523,DATA EXPLORER,Nhóm 100 — Báo cáo theo Thông tư 121/2020/TT-BTC (STT 100),Tổng cộng,Cơ sở,QLKD,,,,,"Pending - chưa thiết kế nguồn (gap Atomic REPORT_CELL_VALUE, xem O_QLKD_23)"
K_QLKD_2524,DATA EXPLORER,Nhóm 100 — Báo cáo theo Thông tư 121/2020/TT-BTC (STT 100),II. Thu nhập toàn diện khác,Cơ sở,QLKD,,,,,"Pending - chưa thiết kế nguồn (gap Atomic REPORT_CELL_VALUE, xem O_QLKD_23)"
K_QLKD_2525,DATA EXPLORER,Nhóm 100 — Báo cáo theo Thông tư 121/2020/TT-BTC (STT 100),1. Lãi/lỗ từ đánh giá lại các TSTC sẵn sàng để bán,Cơ sở,QLKD,,,,,"Pending - chưa thiết kế nguồn (gap Atomic REPORT_CELL_VALUE, xem O_QLKD_23)"
K_QLKD_2526,DATA EXPLORER,Nhóm 100 — Báo cáo theo Thông tư 121/2020/TT-BTC (STT 100),"2. Lãi, lỗ đánh giá lại TĐ theo mô hình giá trị hợp lý",Cơ sở,QLKD,,,,,"Pending - chưa thiết kế nguồn (gap Atomic REPORT_CELL_VALUE, xem O_QLKD_23)"
K_QLKD_2527,DATA EXPLORER,Nhóm 100 — Báo cáo theo Thông tư 121/2020/TT-BTC (STT 100),"3. Lãi, lỗ chênh lệch tỷ giá của hoạt động tại nước ngoài",Cơ sở,QLKD,,,,,"Pending - chưa thiết kế nguồn (gap Atomic REPORT_CELL_VALUE, xem O_QLKD_23)"
K_QLKD_2528,DATA EXPLORER,Nhóm 100 — Báo cáo theo Thông tư 121/2020/TT-BTC (STT 100),"4. Lãi, lỗ toàn diện khác",Cơ sở,QLKD,,,,,"Pending - chưa thiết kế nguồn (gap Atomic REPORT_CELL_VALUE, xem O_QLKD_23)"
K_QLKD_2529,DATA EXPLORER,Nhóm 100 — Báo cáo theo Thông tư 121/2020/TT-BTC (STT 100),Tổng cộng,Cơ sở,QLKD,,,,,"Pending - chưa thiết kế nguồn (gap Atomic REPORT_CELL_VALUE, xem O_QLKD_23)"
K_QLKD_2530,DATA EXPLORER,Nhóm 101 — Báo cáo theo Thông tư 121/2020/TT-BTC (STT 101),Loại báo cáo,Chiều,QLKD,,,,,"Pending - chưa thiết kế nguồn (gap Atomic REPORT_CELL_VALUE, xem O_QLKD_23)"
K_QLKD_2531,DATA EXPLORER,Nhóm 101 — Báo cáo theo Thông tư 121/2020/TT-BTC (STT 101),Kỳ báo cáo,Chiều,QLKD,,,,,"Pending - chưa thiết kế nguồn (gap Atomic REPORT_CELL_VALUE, xem O_QLKD_23)"
K_QLKD_2532,DATA EXPLORER,Nhóm 101 — Báo cáo theo Thông tư 121/2020/TT-BTC (STT 101),Mã báo cáo,Chiều,QLKD,,,,,"Pending - chưa thiết kế nguồn (gap Atomic REPORT_CELL_VALUE, xem O_QLKD_23)"
K_QLKD_2533,DATA EXPLORER,Nhóm 101 — Báo cáo theo Thông tư 121/2020/TT-BTC (STT 101),Tên báo cáo,Chiều,QLKD,,,,,"Pending - chưa thiết kế nguồn (gap Atomic REPORT_CELL_VALUE, xem O_QLKD_23)"
K_QLKD_2534,DATA EXPLORER,Nhóm 101 — Báo cáo theo Thông tư 121/2020/TT-BTC (STT 101),Mã sheet,Chiều,QLKD,,,,,"Pending - chưa thiết kế nguồn (gap Atomic REPORT_CELL_VALUE, xem O_QLKD_23)"
K_QLKD_2535,DATA EXPLORER,Nhóm 101 — Báo cáo theo Thông tư 121/2020/TT-BTC (STT 101),Tên sheet,Chiều,QLKD,,,,,"Pending - chưa thiết kế nguồn (gap Atomic REPORT_CELL_VALUE, xem O_QLKD_23)"
K_QLKD_2536,DATA EXPLORER,Nhóm 101 — Báo cáo theo Thông tư 121/2020/TT-BTC (STT 101),Mã chỉ tiêu,Chiều,QLKD,,,,,"Pending - chưa thiết kế nguồn (gap Atomic REPORT_CELL_VALUE, xem O_QLKD_23)"
K_QLKD_2537,DATA EXPLORER,Nhóm 101 — Báo cáo theo Thông tư 121/2020/TT-BTC (STT 101),Tên chỉ tiêu,Chiều,QLKD,,,,,"Pending - chưa thiết kế nguồn (gap Atomic REPORT_CELL_VALUE, xem O_QLKD_23)"
K_QLKD_2538,DATA EXPLORER,Nhóm 101 — Báo cáo theo Thông tư 121/2020/TT-BTC (STT 101),Vốn chủ sở hữu,Cơ sở,QLKD,,,,,"Pending - chưa thiết kế nguồn (gap Atomic REPORT_CELL_VALUE, xem O_QLKD_23)"
K_QLKD_2539,DATA EXPLORER,Nhóm 101 — Báo cáo theo Thông tư 121/2020/TT-BTC (STT 101),Vốn góp của chủ sở hữu không bao gồm cổ phần ưu đãi hoàn lại (nếu có),Cơ sở,QLKD,,,,,"Pending - chưa thiết kế nguồn (gap Atomic REPORT_CELL_VALUE, xem O_QLKD_23)"
K_QLKD_2540,DATA EXPLORER,Nhóm 101 — Báo cáo theo Thông tư 121/2020/TT-BTC (STT 101),Thặng dư vốn cổ phần không bao gồm cổ phần ưu đãi hoàn lại (nếu có),Cơ sở,QLKD,,,,,"Pending - chưa thiết kế nguồn (gap Atomic REPORT_CELL_VALUE, xem O_QLKD_23)"
K_QLKD_2541,DATA EXPLORER,Nhóm 101 — Báo cáo theo Thông tư 121/2020/TT-BTC (STT 101),Cổ phiếu quỹ,Cơ sở,QLKD,,,,,"Pending - chưa thiết kế nguồn (gap Atomic REPORT_CELL_VALUE, xem O_QLKD_23)"
K_QLKD_2542,DATA EXPLORER,Nhóm 101 — Báo cáo theo Thông tư 121/2020/TT-BTC (STT 101),Quyền chọn chuyển đổi trái phiếu – Cấu phần vốn,Cơ sở,QLKD,,,,,"Pending - chưa thiết kế nguồn (gap Atomic REPORT_CELL_VALUE, xem O_QLKD_23)"
K_QLKD_2543,DATA EXPLORER,Nhóm 101 — Báo cáo theo Thông tư 121/2020/TT-BTC (STT 101),Vốn khác của chủ sở hữu,Cơ sở,QLKD,,,,,"Pending - chưa thiết kế nguồn (gap Atomic REPORT_CELL_VALUE, xem O_QLKD_23)"
K_QLKD_2544,DATA EXPLORER,Nhóm 101 — Báo cáo theo Thông tư 121/2020/TT-BTC (STT 101),Chênh lệch đánh giá tài sản theo giá trị hợp lý,Cơ sở,QLKD,,,,,"Pending - chưa thiết kế nguồn (gap Atomic REPORT_CELL_VALUE, xem O_QLKD_23)"
K_QLKD_2545,DATA EXPLORER,Nhóm 101 — Báo cáo theo Thông tư 121/2020/TT-BTC (STT 101),Quỹ dự trữ bổ sung vốn điều lệ,Cơ sở,QLKD,,,,,"Pending - chưa thiết kế nguồn (gap Atomic REPORT_CELL_VALUE, xem O_QLKD_23)"
K_QLKD_2546,DATA EXPLORER,Nhóm 101 — Báo cáo theo Thông tư 121/2020/TT-BTC (STT 101),Quỹ dự phòng tài chính và rủi ro nghiệp vụ,Cơ sở,QLKD,,,,,"Pending - chưa thiết kế nguồn (gap Atomic REPORT_CELL_VALUE, xem O_QLKD_23)"
K_QLKD_2547,DATA EXPLORER,Nhóm 101 — Báo cáo theo Thông tư 121/2020/TT-BTC (STT 101),Quỹ khác thuộc vốn chủ sở hữu,Cơ sở,QLKD,,,,,"Pending - chưa thiết kế nguồn (gap Atomic REPORT_CELL_VALUE, xem O_QLKD_23)"
K_QLKD_2548,DATA EXPLORER,Nhóm 101 — Báo cáo theo Thông tư 121/2020/TT-BTC (STT 101),Lợi nhuận chưa phân phối,Cơ sở,QLKD,,,,,"Pending - chưa thiết kế nguồn (gap Atomic REPORT_CELL_VALUE, xem O_QLKD_23)"
K_QLKD_2549,DATA EXPLORER,Nhóm 101 — Báo cáo theo Thông tư 121/2020/TT-BTC (STT 101),Số dư dự phòng suy giảm giá trị tài sản,Cơ sở,QLKD,,,,,"Pending - chưa thiết kế nguồn (gap Atomic REPORT_CELL_VALUE, xem O_QLKD_23)"
K_QLKD_2550,DATA EXPLORER,Nhóm 101 — Báo cáo theo Thông tư 121/2020/TT-BTC (STT 101),Chênh lệch đánh giá lại tài sản cố định,Cơ sở,QLKD,,,,,"Pending - chưa thiết kế nguồn (gap Atomic REPORT_CELL_VALUE, xem O_QLKD_23)"
K_QLKD_2551,DATA EXPLORER,Nhóm 101 — Báo cáo theo Thông tư 121/2020/TT-BTC (STT 101),Chênh lệch tỷ giá hối đoái,Cơ sở,QLKD,,,,,"Pending - chưa thiết kế nguồn (gap Atomic REPORT_CELL_VALUE, xem O_QLKD_23)"
K_QLKD_2552,DATA EXPLORER,Nhóm 101 — Báo cáo theo Thông tư 121/2020/TT-BTC (STT 101),Các khoản nợ có thể chuyển đổi,Cơ sở,QLKD,,,,,"Pending - chưa thiết kế nguồn (gap Atomic REPORT_CELL_VALUE, xem O_QLKD_23)"
K_QLKD_2553,DATA EXPLORER,Nhóm 101 — Báo cáo theo Thông tư 121/2020/TT-BTC (STT 101),Toàn bộ phần giảm đi hoặc tăng thêm của các chứng khoán tại chỉ tiêu đầu tư tài chính,Cơ sở,QLKD,,,,,"Pending - chưa thiết kế nguồn (gap Atomic REPORT_CELL_VALUE, xem O_QLKD_23)"
K_QLKD_2554,DATA EXPLORER,Nhóm 101 — Báo cáo theo Thông tư 121/2020/TT-BTC (STT 101),Vốn khác (nếu có),Cơ sở,QLKD,,,,,"Pending - chưa thiết kế nguồn (gap Atomic REPORT_CELL_VALUE, xem O_QLKD_23)"
K_QLKD_2555,DATA EXPLORER,Nhóm 101 — Báo cáo theo Thông tư 121/2020/TT-BTC (STT 101),Tổng,Cơ sở,QLKD,,,,,"Pending - chưa thiết kế nguồn (gap Atomic REPORT_CELL_VALUE, xem O_QLKD_23)"
K_QLKD_2556,DATA EXPLORER,Nhóm 101 — Báo cáo theo Thông tư 121/2020/TT-BTC (STT 101),Tài sản ngắn hạn,Cơ sở,QLKD,,,,,"Pending - chưa thiết kế nguồn (gap Atomic REPORT_CELL_VALUE, xem O_QLKD_23)"
K_QLKD_2557,DATA EXPLORER,Nhóm 101 — Báo cáo theo Thông tư 121/2020/TT-BTC (STT 101),Tài sản tài chính,Cơ sở,QLKD,,,,,"Pending - chưa thiết kế nguồn (gap Atomic REPORT_CELL_VALUE, xem O_QLKD_23)"
K_QLKD_2558,DATA EXPLORER,Nhóm 101 — Báo cáo theo Thông tư 121/2020/TT-BTC (STT 101),Tiền và các khoản tương đương tiền,Cơ sở,QLKD,,,,,"Pending - chưa thiết kế nguồn (gap Atomic REPORT_CELL_VALUE, xem O_QLKD_23)"
K_QLKD_2559,DATA EXPLORER,Nhóm 101 — Báo cáo theo Thông tư 121/2020/TT-BTC (STT 101),Các tài sản tài chính ghi nhận thông qua lãi/lỗ (FVTPL),Cơ sở,QLKD,,,,,"Pending - chưa thiết kế nguồn (gap Atomic REPORT_CELL_VALUE, xem O_QLKD_23)"
K_QLKD_2560,DATA EXPLORER,Nhóm 101 — Báo cáo theo Thông tư 121/2020/TT-BTC (STT 101),- Chứng khoán tiềm ẩn rủi ro thị trường,Cơ sở,QLKD,,,,,"Pending - chưa thiết kế nguồn (gap Atomic REPORT_CELL_VALUE, xem O_QLKD_23)"
K_QLKD_2561,DATA EXPLORER,Nhóm 101 — Báo cáo theo Thông tư 121/2020/TT-BTC (STT 101),- Chứng khoán bị giảm trừ khỏi vốn khả dụng,Cơ sở,QLKD,,,,,"Pending - chưa thiết kế nguồn (gap Atomic REPORT_CELL_VALUE, xem O_QLKD_23)"
K_QLKD_2562,DATA EXPLORER,Nhóm 101 — Báo cáo theo Thông tư 121/2020/TT-BTC (STT 101),Các khoản đầu tư nắm giữ đến ngày đáo hạn (HTM),Cơ sở,QLKD,,,,,"Pending - chưa thiết kế nguồn (gap Atomic REPORT_CELL_VALUE, xem O_QLKD_23)"
K_QLKD_2563,DATA EXPLORER,Nhóm 101 — Báo cáo theo Thông tư 121/2020/TT-BTC (STT 101),- Chứng khoán tiềm ẩn rủi ro thị trường,Cơ sở,QLKD,,,,,"Pending - chưa thiết kế nguồn (gap Atomic REPORT_CELL_VALUE, xem O_QLKD_23)"
K_QLKD_2564,DATA EXPLORER,Nhóm 101 — Báo cáo theo Thông tư 121/2020/TT-BTC (STT 101),- Chứng khoán bị giảm trừ khỏi vốn khả dụng,Cơ sở,QLKD,,,,,"Pending - chưa thiết kế nguồn (gap Atomic REPORT_CELL_VALUE, xem O_QLKD_23)"
K_QLKD_2565,DATA EXPLORER,Nhóm 101 — Báo cáo theo Thông tư 121/2020/TT-BTC (STT 101),Các khoản cho vay,Cơ sở,QLKD,,,,,"Pending - chưa thiết kế nguồn (gap Atomic REPORT_CELL_VALUE, xem O_QLKD_23)"
K_QLKD_2566,DATA EXPLORER,Nhóm 101 — Báo cáo theo Thông tư 121/2020/TT-BTC (STT 101),Tài sản tài chính sẵn sàng để bán (AFS),Cơ sở,QLKD,,,,,"Pending - chưa thiết kế nguồn (gap Atomic REPORT_CELL_VALUE, xem O_QLKD_23)"
K_QLKD_2567,DATA EXPLORER,Nhóm 101 — Báo cáo theo Thông tư 121/2020/TT-BTC (STT 101),- Chứng khoán tiềm ẩn rủi ro thị trường,Cơ sở,QLKD,,,,,"Pending - chưa thiết kế nguồn (gap Atomic REPORT_CELL_VALUE, xem O_QLKD_23)"
K_QLKD_2568,DATA EXPLORER,Nhóm 101 — Báo cáo theo Thông tư 121/2020/TT-BTC (STT 101),- Chứng khoán bị giảm trừ khỏi vốn khả dụng,Cơ sở,QLKD,,,,,"Pending - chưa thiết kế nguồn (gap Atomic REPORT_CELL_VALUE, xem O_QLKD_23)"
K_QLKD_2569,DATA EXPLORER,Nhóm 101 — Báo cáo theo Thông tư 121/2020/TT-BTC (STT 101),Dự phòng suy giảm giá trị các tài sản tài chính và tài sản thế chấp,Cơ sở,QLKD,,,,,"Pending - chưa thiết kế nguồn (gap Atomic REPORT_CELL_VALUE, xem O_QLKD_23)"
K_QLKD_2570,DATA EXPLORER,Nhóm 101 — Báo cáo theo Thông tư 121/2020/TT-BTC (STT 101),"Các khoản phải thu (Phải thu bán các tài sản tài chính; Phải thu và dự thu cổ tức, tiền lãi từ các tài sản tài chính)",Cơ sở,QLKD,,,,,"Pending - chưa thiết kế nguồn (gap Atomic REPORT_CELL_VALUE, xem O_QLKD_23)"
K_QLKD_2571,DATA EXPLORER,Nhóm 101 — Báo cáo theo Thông tư 121/2020/TT-BTC (STT 101),- Các khoản phải thu có thời hạn thanh toán còn lại từ 90 ngày trở xuống,Cơ sở,QLKD,,,,,"Pending - chưa thiết kế nguồn (gap Atomic REPORT_CELL_VALUE, xem O_QLKD_23)"
K_QLKD_2572,DATA EXPLORER,Nhóm 101 — Báo cáo theo Thông tư 121/2020/TT-BTC (STT 101),- Các khoản phải thu có thời hạn thanh toán còn lại trên 90 ngày,Cơ sở,QLKD,,,,,"Pending - chưa thiết kế nguồn (gap Atomic REPORT_CELL_VALUE, xem O_QLKD_23)"
K_QLKD_2573,DATA EXPLORER,Nhóm 101 — Báo cáo theo Thông tư 121/2020/TT-BTC (STT 101),- Phải thu còn hạn nhưng đối tác mất khả năng thanh toán,Cơ sở,QLKD,,,,,"Pending - chưa thiết kế nguồn (gap Atomic REPORT_CELL_VALUE, xem O_QLKD_23)"
K_QLKD_2574,DATA EXPLORER,Nhóm 101 — Báo cáo theo Thông tư 121/2020/TT-BTC (STT 101),Chứng quyền có bảo đảm chưa phát hành hết,Cơ sở,QLKD,,,,,"Pending - chưa thiết kế nguồn (gap Atomic REPORT_CELL_VALUE, xem O_QLKD_23)"
K_QLKD_2575,DATA EXPLORER,Nhóm 101 — Báo cáo theo Thông tư 121/2020/TT-BTC (STT 101),Chứng khoán cơ sở phục vụ mục đích phòng ngừa rủi ro khi phát hành chứng quyền có bảo đảm,Cơ sở,QLKD,,,,,"Pending - chưa thiết kế nguồn (gap Atomic REPORT_CELL_VALUE, xem O_QLKD_23)"
K_QLKD_2576,DATA EXPLORER,Nhóm 101 — Báo cáo theo Thông tư 121/2020/TT-BTC (STT 101),Phải thu các dịch vụ công ty chứng khoán cung cấp,Cơ sở,QLKD,,,,,"Pending - chưa thiết kế nguồn (gap Atomic REPORT_CELL_VALUE, xem O_QLKD_23)"
K_QLKD_2577,DATA EXPLORER,Nhóm 101 — Báo cáo theo Thông tư 121/2020/TT-BTC (STT 101),- Các khoản phải thu có thời hạn thanh toán còn lại từ 90 ngày trở xuống,Cơ sở,QLKD,,,,,"Pending - chưa thiết kế nguồn (gap Atomic REPORT_CELL_VALUE, xem O_QLKD_23)"
K_QLKD_2578,DATA EXPLORER,Nhóm 101 — Báo cáo theo Thông tư 121/2020/TT-BTC (STT 101),- Các khoản phải thu có thời hạn thanh toán còn lại trên 90 ngày,Cơ sở,QLKD,,,,,"Pending - chưa thiết kế nguồn (gap Atomic REPORT_CELL_VALUE, xem O_QLKD_23)"
K_QLKD_2579,DATA EXPLORER,Nhóm 101 — Báo cáo theo Thông tư 121/2020/TT-BTC (STT 101),- Phải thu còn hạn nhưng đối tác mất khả năng thanh toán,Cơ sở,QLKD,,,,,"Pending - chưa thiết kế nguồn (gap Atomic REPORT_CELL_VALUE, xem O_QLKD_23)"
K_QLKD_2580,DATA EXPLORER,Nhóm 101 — Báo cáo theo Thông tư 121/2020/TT-BTC (STT 101),Phải thu nội bộ,Cơ sở,QLKD,,,,,"Pending - chưa thiết kế nguồn (gap Atomic REPORT_CELL_VALUE, xem O_QLKD_23)"
K_QLKD_2581,DATA EXPLORER,Nhóm 101 — Báo cáo theo Thông tư 121/2020/TT-BTC (STT 101),- Phải thu nội bộ có thời hạn thanh toán còn lại từ 90 ngày trở xuống,Cơ sở,QLKD,,,,,"Pending - chưa thiết kế nguồn (gap Atomic REPORT_CELL_VALUE, xem O_QLKD_23)"
K_QLKD_2582,DATA EXPLORER,Nhóm 101 — Báo cáo theo Thông tư 121/2020/TT-BTC (STT 101),- Phải thu nội bộ có thời hạn thanh toán còn lại trên 90 ngày,Cơ sở,QLKD,,,,,"Pending - chưa thiết kế nguồn (gap Atomic REPORT_CELL_VALUE, xem O_QLKD_23)"
K_QLKD_2583,DATA EXPLORER,Nhóm 101 — Báo cáo theo Thông tư 121/2020/TT-BTC (STT 101),- Phải thu còn hạn nhưng đối tác mất khả năng thanh toán,Cơ sở,QLKD,,,,,"Pending - chưa thiết kế nguồn (gap Atomic REPORT_CELL_VALUE, xem O_QLKD_23)"
K_QLKD_2584,DATA EXPLORER,Nhóm 101 — Báo cáo theo Thông tư 121/2020/TT-BTC (STT 101),Phải thu về lỗi giao dịch chứng khoán,Cơ sở,QLKD,,,,,"Pending - chưa thiết kế nguồn (gap Atomic REPORT_CELL_VALUE, xem O_QLKD_23)"
K_QLKD_2585,DATA EXPLORER,Nhóm 101 — Báo cáo theo Thông tư 121/2020/TT-BTC (STT 101),- Các khoản phải thu có thời hạn thanh toán còn lại từ 90 ngày trở xuống,Cơ sở,QLKD,,,,,"Pending - chưa thiết kế nguồn (gap Atomic REPORT_CELL_VALUE, xem O_QLKD_23)"
K_QLKD_2586,DATA EXPLORER,Nhóm 101 — Báo cáo theo Thông tư 121/2020/TT-BTC (STT 101),- Các khoản phải thu có thời hạn thanh toán còn lại trên 90 ngày,Cơ sở,QLKD,,,,,"Pending - chưa thiết kế nguồn (gap Atomic REPORT_CELL_VALUE, xem O_QLKD_23)"
K_QLKD_2587,DATA EXPLORER,Nhóm 101 — Báo cáo theo Thông tư 121/2020/TT-BTC (STT 101),- Phải thu còn hạn nhưng đối tác mất khả năng thanh toán,Cơ sở,QLKD,,,,,"Pending - chưa thiết kế nguồn (gap Atomic REPORT_CELL_VALUE, xem O_QLKD_23)"
K_QLKD_2588,DATA EXPLORER,Nhóm 101 — Báo cáo theo Thông tư 121/2020/TT-BTC (STT 101),Các khoản phải thu khác,Cơ sở,QLKD,,,,,"Pending - chưa thiết kế nguồn (gap Atomic REPORT_CELL_VALUE, xem O_QLKD_23)"
K_QLKD_2589,DATA EXPLORER,Nhóm 101 — Báo cáo theo Thông tư 121/2020/TT-BTC (STT 101),- Các khoản phải thu có thời hạn thanh toán còn lại từ 90 ngày trở xuống,Cơ sở,QLKD,,,,,"Pending - chưa thiết kế nguồn (gap Atomic REPORT_CELL_VALUE, xem O_QLKD_23)"
K_QLKD_2590,DATA EXPLORER,Nhóm 101 — Báo cáo theo Thông tư 121/2020/TT-BTC (STT 101),- Các khoản phải thu có thời hạn thanh toán còn lại trên 90 ngày,Cơ sở,QLKD,,,,,"Pending - chưa thiết kế nguồn (gap Atomic REPORT_CELL_VALUE, xem O_QLKD_23)"
K_QLKD_2591,DATA EXPLORER,Nhóm 101 — Báo cáo theo Thông tư 121/2020/TT-BTC (STT 101),- Tạm ứng có thời hạn hoàn ứng còn lại trên 90 ngày,Cơ sở,QLKD,,,,,"Pending - chưa thiết kế nguồn (gap Atomic REPORT_CELL_VALUE, xem O_QLKD_23)"
K_QLKD_2592,DATA EXPLORER,Nhóm 101 — Báo cáo theo Thông tư 121/2020/TT-BTC (STT 101),Dự phòng suy giảm giá trị các khoản phải thu,Cơ sở,QLKD,,,,,"Pending - chưa thiết kế nguồn (gap Atomic REPORT_CELL_VALUE, xem O_QLKD_23)"
K_QLKD_2593,DATA EXPLORER,Nhóm 101 — Báo cáo theo Thông tư 121/2020/TT-BTC (STT 101),Tài sản ngắn hạn khác,Cơ sở,QLKD,,,,,"Pending - chưa thiết kế nguồn (gap Atomic REPORT_CELL_VALUE, xem O_QLKD_23)"
K_QLKD_2594,DATA EXPLORER,Nhóm 101 — Báo cáo theo Thông tư 121/2020/TT-BTC (STT 101),"Cầm cố, thế chấp, ký quỹ, ký cược ngắn hạn",Cơ sở,QLKD,,,,,"Pending - chưa thiết kế nguồn (gap Atomic REPORT_CELL_VALUE, xem O_QLKD_23)"
K_QLKD_2595,DATA EXPLORER,Nhóm 101 — Báo cáo theo Thông tư 121/2020/TT-BTC (STT 101),Thuế giá trị gia tăng được khấu trừ,Cơ sở,QLKD,,,,,"Pending - chưa thiết kế nguồn (gap Atomic REPORT_CELL_VALUE, xem O_QLKD_23)"
K_QLKD_2596,DATA EXPLORER,Nhóm 101 — Báo cáo theo Thông tư 121/2020/TT-BTC (STT 101),Thuế và các khoản khác phải thu Nhà nước,Cơ sở,QLKD,,,,,"Pending - chưa thiết kế nguồn (gap Atomic REPORT_CELL_VALUE, xem O_QLKD_23)"
K_QLKD_2597,DATA EXPLORER,Nhóm 101 — Báo cáo theo Thông tư 121/2020/TT-BTC (STT 101),Tài sản ngắn hạn khác,Cơ sở,QLKD,,,,,"Pending - chưa thiết kế nguồn (gap Atomic REPORT_CELL_VALUE, xem O_QLKD_23)"
K_QLKD_2598,DATA EXPLORER,Nhóm 101 — Báo cáo theo Thông tư 121/2020/TT-BTC (STT 101),"Vật tư văn phòng, công cụ dụng cụ",Cơ sở,QLKD,,,,,"Pending - chưa thiết kế nguồn (gap Atomic REPORT_CELL_VALUE, xem O_QLKD_23)"
K_QLKD_2599,DATA EXPLORER,Nhóm 101 — Báo cáo theo Thông tư 121/2020/TT-BTC (STT 101),Chi phí trả trước ngắn hạn,Cơ sở,QLKD,,,,,"Pending - chưa thiết kế nguồn (gap Atomic REPORT_CELL_VALUE, xem O_QLKD_23)"
K_QLKD_2600,DATA EXPLORER,Nhóm 101 — Báo cáo theo Thông tư 121/2020/TT-BTC (STT 101),"Cầm cố, thế chấp, ký quỹ, ký cược ngắn hạn",Cơ sở,QLKD,,,,,"Pending - chưa thiết kế nguồn (gap Atomic REPORT_CELL_VALUE, xem O_QLKD_23)"
K_QLKD_2601,DATA EXPLORER,Nhóm 101 — Báo cáo theo Thông tư 121/2020/TT-BTC (STT 101),Thuế giá trị gia tăng được khấu trừ,Cơ sở,QLKD,,,,,"Pending - chưa thiết kế nguồn (gap Atomic REPORT_CELL_VALUE, xem O_QLKD_23)"
K_QLKD_2602,DATA EXPLORER,Nhóm 101 — Báo cáo theo Thông tư 121/2020/TT-BTC (STT 101),Thuế và các khoản khác phải thu Nhà nước,Cơ sở,QLKD,,,,,"Pending - chưa thiết kế nguồn (gap Atomic REPORT_CELL_VALUE, xem O_QLKD_23)"
K_QLKD_2603,DATA EXPLORER,Nhóm 101 — Báo cáo theo Thông tư 121/2020/TT-BTC (STT 101),Tài sản ngắn hạn khác,Cơ sở,QLKD,,,,,"Pending - chưa thiết kế nguồn (gap Atomic REPORT_CELL_VALUE, xem O_QLKD_23)"
K_QLKD_2604,DATA EXPLORER,Nhóm 101 — Báo cáo theo Thông tư 121/2020/TT-BTC (STT 101),Dự phòng suy giảm giá trị tài sản ngắn hạn khác,Cơ sở,QLKD,,,,,"Pending - chưa thiết kế nguồn (gap Atomic REPORT_CELL_VALUE, xem O_QLKD_23)"
K_QLKD_2605,DATA EXPLORER,Nhóm 101 — Báo cáo theo Thông tư 121/2020/TT-BTC (STT 101),Tổng,Cơ sở,QLKD,,,,,"Pending - chưa thiết kế nguồn (gap Atomic REPORT_CELL_VALUE, xem O_QLKD_23)"
K_QLKD_2606,DATA EXPLORER,Nhóm 101 — Báo cáo theo Thông tư 121/2020/TT-BTC (STT 101),Tài sản dài hạn,Cơ sở,QLKD,,,,,"Pending - chưa thiết kế nguồn (gap Atomic REPORT_CELL_VALUE, xem O_QLKD_23)"
K_QLKD_2607,DATA EXPLORER,Nhóm 101 — Báo cáo theo Thông tư 121/2020/TT-BTC (STT 101),Tài sản tài chính dài hạn,Cơ sở,QLKD,,,,,"Pending - chưa thiết kế nguồn (gap Atomic REPORT_CELL_VALUE, xem O_QLKD_23)"
K_QLKD_2608,DATA EXPLORER,Nhóm 101 — Báo cáo theo Thông tư 121/2020/TT-BTC (STT 101),Các khoản phải thu dài hạn,Cơ sở,QLKD,,,,,"Pending - chưa thiết kế nguồn (gap Atomic REPORT_CELL_VALUE, xem O_QLKD_23)"
K_QLKD_2609,DATA EXPLORER,Nhóm 101 — Báo cáo theo Thông tư 121/2020/TT-BTC (STT 101),Các khoản đầu tư,Cơ sở,QLKD,,,,,"Pending - chưa thiết kế nguồn (gap Atomic REPORT_CELL_VALUE, xem O_QLKD_23)"
K_QLKD_2610,DATA EXPLORER,Nhóm 101 — Báo cáo theo Thông tư 121/2020/TT-BTC (STT 101),Các khoản đầu tư nắm giữ đến ngày đáo hạn,Cơ sở,QLKD,,,,,"Pending - chưa thiết kế nguồn (gap Atomic REPORT_CELL_VALUE, xem O_QLKD_23)"
K_QLKD_2611,DATA EXPLORER,Nhóm 101 — Báo cáo theo Thông tư 121/2020/TT-BTC (STT 101),- Chứng khoán tiềm ẩn rủi ro thị trường,Cơ sở,QLKD,,,,,"Pending - chưa thiết kế nguồn (gap Atomic REPORT_CELL_VALUE, xem O_QLKD_23)"
K_QLKD_2612,DATA EXPLORER,Nhóm 101 — Báo cáo theo Thông tư 121/2020/TT-BTC (STT 101),- Chứng khoán bị giảm trừ khỏi vốn khả dụng,Cơ sở,QLKD,,,,,"Pending - chưa thiết kế nguồn (gap Atomic REPORT_CELL_VALUE, xem O_QLKD_23)"
K_QLKD_2613,DATA EXPLORER,Nhóm 101 — Báo cáo theo Thông tư 121/2020/TT-BTC (STT 101),Đầu tư vào công ty con,Cơ sở,QLKD,,,,,"Pending - chưa thiết kế nguồn (gap Atomic REPORT_CELL_VALUE, xem O_QLKD_23)"
K_QLKD_2614,DATA EXPLORER,Nhóm 101 — Báo cáo theo Thông tư 121/2020/TT-BTC (STT 101),Đầu tư dài hạn khác,Cơ sở,QLKD,,,,,"Pending - chưa thiết kế nguồn (gap Atomic REPORT_CELL_VALUE, xem O_QLKD_23)"
K_QLKD_2615,DATA EXPLORER,Nhóm 101 — Báo cáo theo Thông tư 121/2020/TT-BTC (STT 101),Tài sản cố định,Cơ sở,QLKD,,,,,"Pending - chưa thiết kế nguồn (gap Atomic REPORT_CELL_VALUE, xem O_QLKD_23)"
K_QLKD_2616,DATA EXPLORER,Nhóm 101 — Báo cáo theo Thông tư 121/2020/TT-BTC (STT 101),Bất động sản đầu tư,Cơ sở,QLKD,,,,,"Pending - chưa thiết kế nguồn (gap Atomic REPORT_CELL_VALUE, xem O_QLKD_23)"
K_QLKD_2617,DATA EXPLORER,Nhóm 101 — Báo cáo theo Thông tư 121/2020/TT-BTC (STT 101),Chi phí xây dựng cơ bản dở dang,Cơ sở,QLKD,,,,,"Pending - chưa thiết kế nguồn (gap Atomic REPORT_CELL_VALUE, xem O_QLKD_23)"
K_QLKD_2618,DATA EXPLORER,Nhóm 101 — Báo cáo theo Thông tư 121/2020/TT-BTC (STT 101),Tài sản dài hạn khác,Cơ sở,QLKD,,,,,"Pending - chưa thiết kế nguồn (gap Atomic REPORT_CELL_VALUE, xem O_QLKD_23)"
K_QLKD_2619,DATA EXPLORER,Nhóm 101 — Báo cáo theo Thông tư 121/2020/TT-BTC (STT 101),"Cầm cố, thế chấp, ký quỹ, ký cược dài hạn",Cơ sở,QLKD,,,,,"Pending - chưa thiết kế nguồn (gap Atomic REPORT_CELL_VALUE, xem O_QLKD_23)"
K_QLKD_2620,DATA EXPLORER,Nhóm 101 — Báo cáo theo Thông tư 121/2020/TT-BTC (STT 101),Chi phí trả trước dài hạn,Cơ sở,QLKD,,,,,"Pending - chưa thiết kế nguồn (gap Atomic REPORT_CELL_VALUE, xem O_QLKD_23)"
K_QLKD_2621,DATA EXPLORER,Nhóm 101 — Báo cáo theo Thông tư 121/2020/TT-BTC (STT 101),Tài sản thuế thu nhập hoãn lại,Cơ sở,QLKD,,,,,"Pending - chưa thiết kế nguồn (gap Atomic REPORT_CELL_VALUE, xem O_QLKD_23)"
K_QLKD_2622,DATA EXPLORER,Nhóm 101 — Báo cáo theo Thông tư 121/2020/TT-BTC (STT 101),Tiền nộp Quỹ hỗ trợ thanh toán,Cơ sở,QLKD,,,,,"Pending - chưa thiết kế nguồn (gap Atomic REPORT_CELL_VALUE, xem O_QLKD_23)"
K_QLKD_2623,DATA EXPLORER,Nhóm 101 — Báo cáo theo Thông tư 121/2020/TT-BTC (STT 101),Tài sản dài hạn khác,Cơ sở,QLKD,,,,,"Pending - chưa thiết kế nguồn (gap Atomic REPORT_CELL_VALUE, xem O_QLKD_23)"
K_QLKD_2624,DATA EXPLORER,Nhóm 101 — Báo cáo theo Thông tư 121/2020/TT-BTC (STT 101),"Các chỉ tiêu tài sản bị coi là khoản ngoại trừ, có ý kiến trái ngược hoặc từ chối đưa ra ý kiến tại báo cáo tài chính đã được kiểm toán, soát xét mà không bị tính giảm trừ theo quy định tại Điều 5",Cơ sở,QLKD,,,,,"Pending - chưa thiết kế nguồn (gap Atomic REPORT_CELL_VALUE, xem O_QLKD_23)"
K_QLKD_2625,DATA EXPLORER,Nhóm 101 — Báo cáo theo Thông tư 121/2020/TT-BTC (STT 101),"Các chỉ tiêu tài sản bị coi là khoản ngoại trừ, có ý kiến trái ngược hoặc từ chối đưa ra ý kiến tại báo cáo tài chính đã được kiểm toán, soát xét mà không bị tính giảm trừ theo quy định tại Điều 5",Cơ sở,QLKD,,,,,"Pending - chưa thiết kế nguồn (gap Atomic REPORT_CELL_VALUE, xem O_QLKD_23)"
K_QLKD_2626,DATA EXPLORER,Nhóm 101 — Báo cáo theo Thông tư 121/2020/TT-BTC (STT 101),Tổng,Cơ sở,QLKD,,,,,"Pending - chưa thiết kế nguồn (gap Atomic REPORT_CELL_VALUE, xem O_QLKD_23)"
K_QLKD_2627,DATA EXPLORER,Nhóm 101 — Báo cáo theo Thông tư 121/2020/TT-BTC (STT 101),"Các khoản ký quỹ, đảm bảo",Cơ sở,QLKD,,,,,"Pending - chưa thiết kế nguồn (gap Atomic REPORT_CELL_VALUE, xem O_QLKD_23)"
K_QLKD_2628,DATA EXPLORER,Nhóm 101 — Báo cáo theo Thông tư 121/2020/TT-BTC (STT 101),Giá trị ký quỹ,Cơ sở,QLKD,,,,,"Pending - chưa thiết kế nguồn (gap Atomic REPORT_CELL_VALUE, xem O_QLKD_23)"
K_QLKD_2629,DATA EXPLORER,Nhóm 101 — Báo cáo theo Thông tư 121/2020/TT-BTC (STT 101),Giá trị đóng góp vào quỹ hỗ trợ thanh toán của Tổng công ty lưu ký và bù trừ chứng khoán Việt Nam,Cơ sở,QLKD,,,,,"Pending - chưa thiết kế nguồn (gap Atomic REPORT_CELL_VALUE, xem O_QLKD_23)"
K_QLKD_2630,DATA EXPLORER,Nhóm 101 — Báo cáo theo Thông tư 121/2020/TT-BTC (STT 101),Giá trị đóng góp vào quỹ bù trừ của đối tác thanh toán trung tâm đối với vị thế mở của chính thành viên bù trừ,Cơ sở,QLKD,,,,,"Pending - chưa thiết kế nguồn (gap Atomic REPORT_CELL_VALUE, xem O_QLKD_23)"
K_QLKD_2631,DATA EXPLORER,Nhóm 101 — Báo cáo theo Thông tư 121/2020/TT-BTC (STT 101),Khoản ký quỹ bằng tiền và giá trị bảo lãnh thanh toán của ngân hàng khi phát hành chứng quyền có bảo đảm,Cơ sở,QLKD,,,,,"Pending - chưa thiết kế nguồn (gap Atomic REPORT_CELL_VALUE, xem O_QLKD_23)"
K_QLKD_2632,DATA EXPLORER,Nhóm 101 — Báo cáo theo Thông tư 121/2020/TT-BTC (STT 101),Giá trị tài sản bảo đảm cho các nghĩa vụ phải trả có thời hạn còn lại trên 90 ngày,Cơ sở,QLKD,,,,,"Pending - chưa thiết kế nguồn (gap Atomic REPORT_CELL_VALUE, xem O_QLKD_23)"
K_QLKD_2633,DATA EXPLORER,Nhóm 101 — Báo cáo theo Thông tư 121/2020/TT-BTC (STT 101),Tổng,Cơ sở,QLKD,,,,,"Pending - chưa thiết kế nguồn (gap Atomic REPORT_CELL_VALUE, xem O_QLKD_23)"
K_QLKD_2634,DATA EXPLORER,Nhóm 101 — Báo cáo theo Thông tư 121/2020/TT-BTC (STT 101),VỐN KHẢ DỤNG = 1A-1B-1C-1D,Cơ sở,QLKD,,,,,"Pending - chưa thiết kế nguồn (gap Atomic REPORT_CELL_VALUE, xem O_QLKD_23)"
K_QLKD_2635,DATA EXPLORER,Nhóm 102 — Báo cáo theo Thông tư 121/2020/TT-BTC (STT 102),Loại báo cáo,Chiều,QLKD,,,,,"Pending - chưa thiết kế nguồn (gap Atomic REPORT_CELL_VALUE, xem O_QLKD_23)"
K_QLKD_2636,DATA EXPLORER,Nhóm 102 — Báo cáo theo Thông tư 121/2020/TT-BTC (STT 102),Kỳ báo cáo,Chiều,QLKD,,,,,"Pending - chưa thiết kế nguồn (gap Atomic REPORT_CELL_VALUE, xem O_QLKD_23)"
K_QLKD_2637,DATA EXPLORER,Nhóm 102 — Báo cáo theo Thông tư 121/2020/TT-BTC (STT 102),Mã báo cáo,Chiều,QLKD,,,,,"Pending - chưa thiết kế nguồn (gap Atomic REPORT_CELL_VALUE, xem O_QLKD_23)"
K_QLKD_2638,DATA EXPLORER,Nhóm 102 — Báo cáo theo Thông tư 121/2020/TT-BTC (STT 102),Tên báo cáo,Chiều,QLKD,,,,,"Pending - chưa thiết kế nguồn (gap Atomic REPORT_CELL_VALUE, xem O_QLKD_23)"
K_QLKD_2639,DATA EXPLORER,Nhóm 102 — Báo cáo theo Thông tư 121/2020/TT-BTC (STT 102),Mã sheet,Chiều,QLKD,,,,,"Pending - chưa thiết kế nguồn (gap Atomic REPORT_CELL_VALUE, xem O_QLKD_23)"
K_QLKD_2640,DATA EXPLORER,Nhóm 102 — Báo cáo theo Thông tư 121/2020/TT-BTC (STT 102),Tên sheet,Chiều,QLKD,,,,,"Pending - chưa thiết kế nguồn (gap Atomic REPORT_CELL_VALUE, xem O_QLKD_23)"
K_QLKD_2641,DATA EXPLORER,Nhóm 102 — Báo cáo theo Thông tư 121/2020/TT-BTC (STT 102),Mã chỉ tiêu,Chiều,QLKD,,,,,"Pending - chưa thiết kế nguồn (gap Atomic REPORT_CELL_VALUE, xem O_QLKD_23)"
K_QLKD_2642,DATA EXPLORER,Nhóm 102 — Báo cáo theo Thông tư 121/2020/TT-BTC (STT 102),Tên chỉ tiêu,Chiều,QLKD,,,,,"Pending - chưa thiết kế nguồn (gap Atomic REPORT_CELL_VALUE, xem O_QLKD_23)"
K_QLKD_2643,DATA EXPLORER,Nhóm 102 — Báo cáo theo Thông tư 121/2020/TT-BTC (STT 102),"Tiền và các khoản tương đương tiền, công cụ thị trường tiền tệ",Cơ sở,QLKD,,,,,"Pending - chưa thiết kế nguồn (gap Atomic REPORT_CELL_VALUE, xem O_QLKD_23)"
K_QLKD_2644,DATA EXPLORER,Nhóm 102 — Báo cáo theo Thông tư 121/2020/TT-BTC (STT 102),Tiền mặt (VND),Cơ sở,QLKD,,,,,"Pending - chưa thiết kế nguồn (gap Atomic REPORT_CELL_VALUE, xem O_QLKD_23)"
K_QLKD_2645,DATA EXPLORER,Nhóm 102 — Báo cáo theo Thông tư 121/2020/TT-BTC (STT 102),Các khoản tương đương tiền,Cơ sở,QLKD,,,,,"Pending - chưa thiết kế nguồn (gap Atomic REPORT_CELL_VALUE, xem O_QLKD_23)"
K_QLKD_2646,DATA EXPLORER,Nhóm 102 — Báo cáo theo Thông tư 121/2020/TT-BTC (STT 102),"Giấy tờ có giá, công cụ chuyển nhượng trên thị trường tiền tệ, chứng chỉ tiền gửi",Cơ sở,QLKD,,,,,"Pending - chưa thiết kế nguồn (gap Atomic REPORT_CELL_VALUE, xem O_QLKD_23)"
K_QLKD_2647,DATA EXPLORER,Nhóm 102 — Báo cáo theo Thông tư 121/2020/TT-BTC (STT 102),Trái phiếu Chính phủ,Cơ sở,QLKD,,,,,"Pending - chưa thiết kế nguồn (gap Atomic REPORT_CELL_VALUE, xem O_QLKD_23)"
K_QLKD_2648,DATA EXPLORER,Nhóm 102 — Báo cáo theo Thông tư 121/2020/TT-BTC (STT 102),Trái phiếu Chính phủ không trả lãi,Cơ sở,QLKD,,,,,"Pending - chưa thiết kế nguồn (gap Atomic REPORT_CELL_VALUE, xem O_QLKD_23)"
K_QLKD_2649,DATA EXPLORER,Nhóm 102 — Báo cáo theo Thông tư 121/2020/TT-BTC (STT 102),Trái phiếu Chính phủ (bao gồm công trái và trái phiếu công trình đã phát hành trước đây),Cơ sở,QLKD,,,,,"Pending - chưa thiết kế nguồn (gap Atomic REPORT_CELL_VALUE, xem O_QLKD_23)"
K_QLKD_2650,DATA EXPLORER,Nhóm 102 — Báo cáo theo Thông tư 121/2020/TT-BTC (STT 102),Trái phiếu tổ chức tín dụng có thời gian đáo hạn còn lại dưới 1 năm,Cơ sở,QLKD,,,,,"Pending - chưa thiết kế nguồn (gap Atomic REPORT_CELL_VALUE, xem O_QLKD_23)"
K_QLKD_2651,DATA EXPLORER,Nhóm 102 — Báo cáo theo Thông tư 121/2020/TT-BTC (STT 102),Trái phiếu tổ chức tín dụng,Cơ sở,QLKD,,,,,"Pending - chưa thiết kế nguồn (gap Atomic REPORT_CELL_VALUE, xem O_QLKD_23)"
K_QLKD_2652,DATA EXPLORER,Nhóm 102 — Báo cáo theo Thông tư 121/2020/TT-BTC (STT 102),Trái phiếu tổ chức tín dụng có thời gian đáo hạn còn từ 1 năm đến dưới 3 năm,Cơ sở,QLKD,,,,,"Pending - chưa thiết kế nguồn (gap Atomic REPORT_CELL_VALUE, xem O_QLKD_23)"
K_QLKD_2653,DATA EXPLORER,Nhóm 102 — Báo cáo theo Thông tư 121/2020/TT-BTC (STT 102),Trái phiếu tổ chức tín dụng có thời gian đáo hạn còn lại từ 3 năm đến dưới 5 năm,Cơ sở,QLKD,,,,,"Pending - chưa thiết kế nguồn (gap Atomic REPORT_CELL_VALUE, xem O_QLKD_23)"
K_QLKD_2654,DATA EXPLORER,Nhóm 102 — Báo cáo theo Thông tư 121/2020/TT-BTC (STT 102),Trái phiếu tổ chức tín dụng có thời gian đáo hạn còn lại từ 5 năm trở lên,Cơ sở,QLKD,,,,,"Pending - chưa thiết kế nguồn (gap Atomic REPORT_CELL_VALUE, xem O_QLKD_23)"
K_QLKD_2655,DATA EXPLORER,Nhóm 102 — Báo cáo theo Thông tư 121/2020/TT-BTC (STT 102),Trái phiếu doanh nghiệp,Cơ sở,QLKD,,,,,"Pending - chưa thiết kế nguồn (gap Atomic REPORT_CELL_VALUE, xem O_QLKD_23)"
K_QLKD_2656,DATA EXPLORER,Nhóm 102 — Báo cáo theo Thông tư 121/2020/TT-BTC (STT 102),Trái phiếu doanh nghiệp niêm yết,Cơ sở,QLKD,,,,,"Pending - chưa thiết kế nguồn (gap Atomic REPORT_CELL_VALUE, xem O_QLKD_23)"
K_QLKD_2657,DATA EXPLORER,Nhóm 102 — Báo cáo theo Thông tư 121/2020/TT-BTC (STT 102),Trái phiếu niêm yết có thời gian đáo hạn còn lại dưới 1 năm,Cơ sở,QLKD,,,,,"Pending - chưa thiết kế nguồn (gap Atomic REPORT_CELL_VALUE, xem O_QLKD_23)"
K_QLKD_2658,DATA EXPLORER,Nhóm 102 — Báo cáo theo Thông tư 121/2020/TT-BTC (STT 102),Trái phiếu niêm yết có thời gian đáo hạn còn lại từ 1 năm đến dưới 3 năm,Cơ sở,QLKD,,,,,"Pending - chưa thiết kế nguồn (gap Atomic REPORT_CELL_VALUE, xem O_QLKD_23)"
K_QLKD_2659,DATA EXPLORER,Nhóm 102 — Báo cáo theo Thông tư 121/2020/TT-BTC (STT 102),Trái phiếu niêm yết có thời gian đáo hạn còn lại từ 3 năm đến dưới 5 năm,Cơ sở,QLKD,,,,,"Pending - chưa thiết kế nguồn (gap Atomic REPORT_CELL_VALUE, xem O_QLKD_23)"
K_QLKD_2660,DATA EXPLORER,Nhóm 102 — Báo cáo theo Thông tư 121/2020/TT-BTC (STT 102),Trái phiếu niêm yết có thời gian đáo hạn còn lại từ 5 năm trở lên,Cơ sở,QLKD,,,,,"Pending - chưa thiết kế nguồn (gap Atomic REPORT_CELL_VALUE, xem O_QLKD_23)"
K_QLKD_2661,DATA EXPLORER,Nhóm 102 — Báo cáo theo Thông tư 121/2020/TT-BTC (STT 102),Trái phiếu doanh nghiệp không niêm yết,Cơ sở,QLKD,,,,,"Pending - chưa thiết kế nguồn (gap Atomic REPORT_CELL_VALUE, xem O_QLKD_23)"
K_QLKD_2662,DATA EXPLORER,Nhóm 102 — Báo cáo theo Thông tư 121/2020/TT-BTC (STT 102),Trái phiếu không niêm yết do doanh nghiệp niêm yết phát hành có thời gian đáo hạn còn lại dưới 1 năm,Cơ sở,QLKD,,,,,"Pending - chưa thiết kế nguồn (gap Atomic REPORT_CELL_VALUE, xem O_QLKD_23)"
K_QLKD_2663,DATA EXPLORER,Nhóm 102 — Báo cáo theo Thông tư 121/2020/TT-BTC (STT 102),Trái phiếu không niêm yết do doanh nghiệp niêm yết phát hành có thời gian đáo hạn còn lại từ 1 năm đến dưới 3 năm,Cơ sở,QLKD,,,,,"Pending - chưa thiết kế nguồn (gap Atomic REPORT_CELL_VALUE, xem O_QLKD_23)"
K_QLKD_2664,DATA EXPLORER,Nhóm 102 — Báo cáo theo Thông tư 121/2020/TT-BTC (STT 102),Trái phiếu không niêm yết do doanh nghiệp niêm yết phát hành có thời gian đáo hạn còn lại từ 3 năm đến dưới 5 năm,Cơ sở,QLKD,,,,,"Pending - chưa thiết kế nguồn (gap Atomic REPORT_CELL_VALUE, xem O_QLKD_23)"
K_QLKD_2665,DATA EXPLORER,Nhóm 102 — Báo cáo theo Thông tư 121/2020/TT-BTC (STT 102),Trái phiếu không niêm yết do doanh nghiệp niêm yết phát hành có thời gian đáo hạn còn lại từ 5 năm trở lên,Cơ sở,QLKD,,,,,"Pending - chưa thiết kế nguồn (gap Atomic REPORT_CELL_VALUE, xem O_QLKD_23)"
K_QLKD_2666,DATA EXPLORER,Nhóm 102 — Báo cáo theo Thông tư 121/2020/TT-BTC (STT 102),Trái phiếu không niêm yết do doanh nghiệp khác phát hành có thời gian đáo hạn còn lại dưới 1 năm,Cơ sở,QLKD,,,,,"Pending - chưa thiết kế nguồn (gap Atomic REPORT_CELL_VALUE, xem O_QLKD_23)"
K_QLKD_2667,DATA EXPLORER,Nhóm 102 — Báo cáo theo Thông tư 121/2020/TT-BTC (STT 102),Trái phiếu không niêm yết do doanh nghiệp khác phát hành có thời gian đáo hạn còn lại từ 1 năm đến dưới 3 năm,Cơ sở,QLKD,,,,,"Pending - chưa thiết kế nguồn (gap Atomic REPORT_CELL_VALUE, xem O_QLKD_23)"
K_QLKD_2668,DATA EXPLORER,Nhóm 102 — Báo cáo theo Thông tư 121/2020/TT-BTC (STT 102),Trái phiếu không niêm yết do doanh nghiệp khác phát hành có thời gian đáo hạn còn lại từ 3 năm đến dưới 5 năm,Cơ sở,QLKD,,,,,"Pending - chưa thiết kế nguồn (gap Atomic REPORT_CELL_VALUE, xem O_QLKD_23)"
K_QLKD_2669,DATA EXPLORER,Nhóm 102 — Báo cáo theo Thông tư 121/2020/TT-BTC (STT 102),Trái phiếu không niêm yết do doanh nghiệp khác phát hành có thời gian đáo hạn còn lại từ 5 năm trở lên,Cơ sở,QLKD,,,,,"Pending - chưa thiết kế nguồn (gap Atomic REPORT_CELL_VALUE, xem O_QLKD_23)"
K_QLKD_2670,DATA EXPLORER,Nhóm 102 — Báo cáo theo Thông tư 121/2020/TT-BTC (STT 102),Liệt kê kết quả xếp hạng tín nhiệm đối với trái phiếu/tổ chức phát hành,Cơ sở,QLKD,,,,,"Pending - chưa thiết kế nguồn (gap Atomic REPORT_CELL_VALUE, xem O_QLKD_23)"
K_QLKD_2671,DATA EXPLORER,Nhóm 102 — Báo cáo theo Thông tư 121/2020/TT-BTC (STT 102),Cổ phiếu,Cơ sở,QLKD,,,,,"Pending - chưa thiết kế nguồn (gap Atomic REPORT_CELL_VALUE, xem O_QLKD_23)"
K_QLKD_2672,DATA EXPLORER,Nhóm 102 — Báo cáo theo Thông tư 121/2020/TT-BTC (STT 102),"Cổ phiếu phổ thông, cổ phiếu ưu đãi của các tổ chức niêm yết tại Sở giao dịch chứng khoán",Cơ sở,QLKD,,,,,"Pending - chưa thiết kế nguồn (gap Atomic REPORT_CELL_VALUE, xem O_QLKD_23)"
K_QLKD_2673,DATA EXPLORER,Nhóm 102 — Báo cáo theo Thông tư 121/2020/TT-BTC (STT 102),"Cổ phiếu phổ thông, cổ phiếu ưu đãi của các công ty đại chúng chưa niêm yết và đã đăng ký giao dịch qua hệ thống UpCom",Cơ sở,QLKD,,,,,"Pending - chưa thiết kế nguồn (gap Atomic REPORT_CELL_VALUE, xem O_QLKD_23)"
K_QLKD_2674,DATA EXPLORER,Nhóm 102 — Báo cáo theo Thông tư 121/2020/TT-BTC (STT 102),"Cổ phiếu phổ thông, cổ phiếu ưu đãi của các công ty đại chúng đã đăng ký lưu ký, nhưng chưa niêm yết hoặc đăng ký giao dịch; cổ phiếu đang trong đợt phát hành lần đầu (IPO)",Cơ sở,QLKD,,,,,"Pending - chưa thiết kế nguồn (gap Atomic REPORT_CELL_VALUE, xem O_QLKD_23)"
K_QLKD_2675,DATA EXPLORER,Nhóm 102 — Báo cáo theo Thông tư 121/2020/TT-BTC (STT 102),Chứng chỉ quỹ đầu tư chứng khoán,Cơ sở,QLKD,,,,,"Pending - chưa thiết kế nguồn (gap Atomic REPORT_CELL_VALUE, xem O_QLKD_23)"
K_QLKD_2676,DATA EXPLORER,Nhóm 102 — Báo cáo theo Thông tư 121/2020/TT-BTC (STT 102),"Quỹ đại chúng, công ty đầu tư chứng khoán đại chúng",Cơ sở,QLKD,,,,,"Pending - chưa thiết kế nguồn (gap Atomic REPORT_CELL_VALUE, xem O_QLKD_23)"
K_QLKD_2677,DATA EXPLORER,Nhóm 102 — Báo cáo theo Thông tư 121/2020/TT-BTC (STT 102),Quỹ thành viên,Cơ sở,QLKD,,,,,"Pending - chưa thiết kế nguồn (gap Atomic REPORT_CELL_VALUE, xem O_QLKD_23)"
K_QLKD_2678,DATA EXPLORER,Nhóm 102 — Báo cáo theo Thông tư 121/2020/TT-BTC (STT 102),Công ty đầu tư chứng khoán riêng lẻ,Cơ sở,QLKD,,,,,"Pending - chưa thiết kế nguồn (gap Atomic REPORT_CELL_VALUE, xem O_QLKD_23)"
K_QLKD_2679,DATA EXPLORER,Nhóm 102 — Báo cáo theo Thông tư 121/2020/TT-BTC (STT 102),Chứng khoán bị hạn chế giao dịch,Cơ sở,QLKD,,,,,"Pending - chưa thiết kế nguồn (gap Atomic REPORT_CELL_VALUE, xem O_QLKD_23)"
K_QLKD_2680,DATA EXPLORER,Nhóm 102 — Báo cáo theo Thông tư 121/2020/TT-BTC (STT 102),Chứng khoán bị cảnh báo,Cơ sở,QLKD,,,,,"Pending - chưa thiết kế nguồn (gap Atomic REPORT_CELL_VALUE, xem O_QLKD_23)"
K_QLKD_2681,DATA EXPLORER,Nhóm 102 — Báo cáo theo Thông tư 121/2020/TT-BTC (STT 102),Chứng khoán bị kiểm soát,Cơ sở,QLKD,,,,,"Pending - chưa thiết kế nguồn (gap Atomic REPORT_CELL_VALUE, xem O_QLKD_23)"
K_QLKD_2682,DATA EXPLORER,Nhóm 102 — Báo cáo theo Thông tư 121/2020/TT-BTC (STT 102),Chứng khoán niêm yết bị kiểm soát,Cơ sở,QLKD,,,,,"Pending - chưa thiết kế nguồn (gap Atomic REPORT_CELL_VALUE, xem O_QLKD_23)"
K_QLKD_2683,DATA EXPLORER,Nhóm 102 — Báo cáo theo Thông tư 121/2020/TT-BTC (STT 102),Chứng khoán bị đình chỉ giao dịch,Cơ sở,QLKD,,,,,"Pending - chưa thiết kế nguồn (gap Atomic REPORT_CELL_VALUE, xem O_QLKD_23)"
K_QLKD_2684,DATA EXPLORER,Nhóm 102 — Báo cáo theo Thông tư 121/2020/TT-BTC (STT 102),"Chứng khoán bị hủy niêm yết, hủy giao dịch",Cơ sở,QLKD,,,,,"Pending - chưa thiết kế nguồn (gap Atomic REPORT_CELL_VALUE, xem O_QLKD_23)"
K_QLKD_2685,DATA EXPLORER,Nhóm 102 — Báo cáo theo Thông tư 121/2020/TT-BTC (STT 102),Chứng khoán phái sinh,Cơ sở,QLKD,,,,,"Pending - chưa thiết kế nguồn (gap Atomic REPORT_CELL_VALUE, xem O_QLKD_23)"
K_QLKD_2686,DATA EXPLORER,Nhóm 102 — Báo cáo theo Thông tư 121/2020/TT-BTC (STT 102),Hợp đồng tương lai chỉ số cổ phiếu,Cơ sở,QLKD,,,,,"Pending - chưa thiết kế nguồn (gap Atomic REPORT_CELL_VALUE, xem O_QLKD_23)"
K_QLKD_2687,DATA EXPLORER,Nhóm 102 — Báo cáo theo Thông tư 121/2020/TT-BTC (STT 102),"Cách tính:
Giá trị rủi ro = Max {((Giá trị thanh toán cuối ngày - giá trị chứng khoán mua vào
để đảm bảo cho nghĩa vụ thanh toán hợp đồng tương lai) x hệ số rủi ro của hợp
đồng tương lai - Giá trị ký quỹ (phần đóng góp vào quỹ bù trừ đối với vị thế mở
của công ty chứng khoán)), 0}.
Giá trị thanh toán cuối ngày = Giá thanh toán cuối ngày x khối lượng mở.",Cơ sở,QLKD,,,,,"Pending - chưa thiết kế nguồn (gap Atomic REPORT_CELL_VALUE, xem O_QLKD_23)"
K_QLKD_2688,DATA EXPLORER,Nhóm 102 — Báo cáo theo Thông tư 121/2020/TT-BTC (STT 102),Hợp đồng tương lai trái phiếu chính phủ,Cơ sở,QLKD,,,,,"Pending - chưa thiết kế nguồn (gap Atomic REPORT_CELL_VALUE, xem O_QLKD_23)"
K_QLKD_2689,DATA EXPLORER,Nhóm 102 — Báo cáo theo Thông tư 121/2020/TT-BTC (STT 102),"Cách tính:
Giá trị rủi ro = Max{((Giá trị thanh toán cuối ngày - giá trị chứng khoán mua vào
để đảm bảo cho nghĩa vụ thanh toán hợp đồng tương lai) x hệ số rủi ro của hợp
đồng tương lai - Giá trị ký quỹ (phần đóng góp vào quỹ bù trừ đối với vị thế mở
của công ty chứng khoán)), 0}.
Giá trị thanh toán cuối ngày = Giá thanh toán cuối ngày x khối lượng mở.",Cơ sở,QLKD,,,,,"Pending - chưa thiết kế nguồn (gap Atomic REPORT_CELL_VALUE, xem O_QLKD_23)"
K_QLKD_2690,DATA EXPLORER,Nhóm 102 — Báo cáo theo Thông tư 121/2020/TT-BTC (STT 102),Chứng khoán khác,Cơ sở,QLKD,,,,,"Pending - chưa thiết kế nguồn (gap Atomic REPORT_CELL_VALUE, xem O_QLKD_23)"
K_QLKD_2691,DATA EXPLORER,Nhóm 102 — Báo cáo theo Thông tư 121/2020/TT-BTC (STT 102),Cổ phiếu niêm yết trên các thị trường nước ngoài thuộc chỉ số đạt chuẩn/các chỉ số được liệt kê tại Phụ lục VIII,Cơ sở,QLKD,,,,,"Pending - chưa thiết kế nguồn (gap Atomic REPORT_CELL_VALUE, xem O_QLKD_23)"
K_QLKD_2692,DATA EXPLORER,Nhóm 102 — Báo cáo theo Thông tư 121/2020/TT-BTC (STT 102),Cổ phiếu niêm yết trên các thị trường nước ngoài không thuộc các chỉ số đạt chuẩn/các chỉ số được liệt kê tại Phụ lục VIII,Cơ sở,QLKD,,,,,"Pending - chưa thiết kế nguồn (gap Atomic REPORT_CELL_VALUE, xem O_QLKD_23)"
K_QLKD_2693,DATA EXPLORER,Nhóm 102 — Báo cáo theo Thông tư 121/2020/TT-BTC (STT 102),Chứng quyền có bảo đảm niêm yết trên Sở giao dịch chứng khoán Thành phố Hồ Chí Minh,Cơ sở,QLKD,,,,,"Pending - chưa thiết kế nguồn (gap Atomic REPORT_CELL_VALUE, xem O_QLKD_23)"
K_QLKD_2694,DATA EXPLORER,Nhóm 102 — Báo cáo theo Thông tư 121/2020/TT-BTC (STT 102),Giao dịch chênh lệch giá,Cơ sở,QLKD,,,,,"Pending - chưa thiết kế nguồn (gap Atomic REPORT_CELL_VALUE, xem O_QLKD_23)"
K_QLKD_2695,DATA EXPLORER,Nhóm 102 — Báo cáo theo Thông tư 121/2020/TT-BTC (STT 102),"Cổ phần, phần vốn góp, các loại chứng khoán khác và các tài sản đầu tư khác",Cơ sở,QLKD,,,,,"Pending - chưa thiết kế nguồn (gap Atomic REPORT_CELL_VALUE, xem O_QLKD_23)"
K_QLKD_2696,DATA EXPLORER,Nhóm 102 — Báo cáo theo Thông tư 121/2020/TT-BTC (STT 102),Chứng quyền có bảo đảm do công ty chứng khoán phát hành,Cơ sở,QLKD,,,,,"Pending - chưa thiết kế nguồn (gap Atomic REPORT_CELL_VALUE, xem O_QLKD_23)"
K_QLKD_2697,DATA EXPLORER,Nhóm 102 — Báo cáo theo Thông tư 121/2020/TT-BTC (STT 102),"Cách tính:
Giá trị rủi ro thị trường = Max {((P0 X Q0 /k- P1 X Q1) x r -MD), 0}",Cơ sở,QLKD,,,,,"Pending - chưa thiết kế nguồn (gap Atomic REPORT_CELL_VALUE, xem O_QLKD_23)"
K_QLKD_2698,DATA EXPLORER,Nhóm 102 — Báo cáo theo Thông tư 121/2020/TT-BTC (STT 102),Chứng khoán hình thành từ hoạt động phòng ngừa rủi ro cho chứng quyền có bảo đảm do công ty chứng khoán đã phát hành,Cơ sở,QLKD,,,,,"Pending - chưa thiết kế nguồn (gap Atomic REPORT_CELL_VALUE, xem O_QLKD_23)"
K_QLKD_2699,DATA EXPLORER,Nhóm 102 — Báo cáo theo Thông tư 121/2020/TT-BTC (STT 102),Phần chênh lệch dương giữa giá trị chứng khoán cơ sở dùng để phòng ngừa rủi ro và giá trị chứng khoán cơ sở cần thiết để phòng ngừa rủi ro cho chứng quyền có bảo đảm,Cơ sở,QLKD,,,,,"Pending - chưa thiết kế nguồn (gap Atomic REPORT_CELL_VALUE, xem O_QLKD_23)"
K_QLKD_2700,DATA EXPLORER,Nhóm 102 — Báo cáo theo Thông tư 121/2020/TT-BTC (STT 102),Rủi ro tăng thêm (nếu có),Cơ sở,QLKD,,,,,"Pending - chưa thiết kế nguồn (gap Atomic REPORT_CELL_VALUE, xem O_QLKD_23)"
K_QLKD_2701,DATA EXPLORER,Nhóm 102 — Báo cáo theo Thông tư 121/2020/TT-BTC (STT 102),Mã chứng khoán,Cơ sở,QLKD,,,,,"Pending - chưa thiết kế nguồn (gap Atomic REPORT_CELL_VALUE, xem O_QLKD_23)"
K_QLKD_2702,DATA EXPLORER,Nhóm 102 — Báo cáo theo Thông tư 121/2020/TT-BTC (STT 102),TỔNG GIÁ TRỊ RỦI RO THỊ TRƯỜNG (A= I+II+III+IV+V+VI+VII+VIII+IX),Cơ sở,QLKD,,,,,"Pending - chưa thiết kế nguồn (gap Atomic REPORT_CELL_VALUE, xem O_QLKD_23)"
K_QLKD_2703,DATA EXPLORER,Nhóm 103 — Báo cáo theo Thông tư 121/2020/TT-BTC (STT 103),Loại báo cáo,Chiều,QLKD,,,,,"Pending - chưa thiết kế nguồn (gap Atomic REPORT_CELL_VALUE, xem O_QLKD_23)"
K_QLKD_2704,DATA EXPLORER,Nhóm 103 — Báo cáo theo Thông tư 121/2020/TT-BTC (STT 103),Kỳ báo cáo,Chiều,QLKD,,,,,"Pending - chưa thiết kế nguồn (gap Atomic REPORT_CELL_VALUE, xem O_QLKD_23)"
K_QLKD_2705,DATA EXPLORER,Nhóm 103 — Báo cáo theo Thông tư 121/2020/TT-BTC (STT 103),Mã báo cáo,Chiều,QLKD,,,,,"Pending - chưa thiết kế nguồn (gap Atomic REPORT_CELL_VALUE, xem O_QLKD_23)"
K_QLKD_2706,DATA EXPLORER,Nhóm 103 — Báo cáo theo Thông tư 121/2020/TT-BTC (STT 103),Tên báo cáo,Chiều,QLKD,,,,,"Pending - chưa thiết kế nguồn (gap Atomic REPORT_CELL_VALUE, xem O_QLKD_23)"
K_QLKD_2707,DATA EXPLORER,Nhóm 103 — Báo cáo theo Thông tư 121/2020/TT-BTC (STT 103),Mã sheet,Chiều,QLKD,,,,,"Pending - chưa thiết kế nguồn (gap Atomic REPORT_CELL_VALUE, xem O_QLKD_23)"
K_QLKD_2708,DATA EXPLORER,Nhóm 103 — Báo cáo theo Thông tư 121/2020/TT-BTC (STT 103),Tên sheet,Chiều,QLKD,,,,,"Pending - chưa thiết kế nguồn (gap Atomic REPORT_CELL_VALUE, xem O_QLKD_23)"
K_QLKD_2709,DATA EXPLORER,Nhóm 103 — Báo cáo theo Thông tư 121/2020/TT-BTC (STT 103),Mã chỉ tiêu,Chiều,QLKD,,,,,"Pending - chưa thiết kế nguồn (gap Atomic REPORT_CELL_VALUE, xem O_QLKD_23)"
K_QLKD_2710,DATA EXPLORER,Nhóm 103 — Báo cáo theo Thông tư 121/2020/TT-BTC (STT 103),Tên chỉ tiêu,Chiều,QLKD,,,,,"Pending - chưa thiết kế nguồn (gap Atomic REPORT_CELL_VALUE, xem O_QLKD_23)"
K_QLKD_2711,DATA EXPLORER,Nhóm 103 — Báo cáo theo Thông tư 121/2020/TT-BTC (STT 103),Rủi ro trước thời hạn thanh toán,Cơ sở,QLKD,,,,,"Pending - chưa thiết kế nguồn (gap Atomic REPORT_CELL_VALUE, xem O_QLKD_23)"
K_QLKD_2712,DATA EXPLORER,Nhóm 103 — Báo cáo theo Thông tư 121/2020/TT-BTC (STT 103),Rủi ro quá thời hạn thanh toán,Cơ sở,QLKD,,,,,"Pending - chưa thiết kế nguồn (gap Atomic REPORT_CELL_VALUE, xem O_QLKD_23)"
K_QLKD_2713,DATA EXPLORER,Nhóm 103 — Báo cáo theo Thông tư 121/2020/TT-BTC (STT 103),Rủi ro tăng thêm,Cơ sở,QLKD,,,,,"Pending - chưa thiết kế nguồn (gap Atomic REPORT_CELL_VALUE, xem O_QLKD_23)"
K_QLKD_2714,DATA EXPLORER,Nhóm 103 — Báo cáo theo Thông tư 121/2020/TT-BTC (STT 103),Tổng giá trị rủi ro thanh toán,Cơ sở,QLKD,,,,,"Pending - chưa thiết kế nguồn (gap Atomic REPORT_CELL_VALUE, xem O_QLKD_23)"
K_QLKD_2715,DATA EXPLORER,Nhóm 104 — Báo cáo theo Thông tư 121/2020/TT-BTC (STT 104),Loại báo cáo,Chiều,QLKD,,,,,"Pending - chưa thiết kế nguồn (gap Atomic REPORT_CELL_VALUE, xem O_QLKD_23)"
K_QLKD_2716,DATA EXPLORER,Nhóm 104 — Báo cáo theo Thông tư 121/2020/TT-BTC (STT 104),Kỳ báo cáo,Chiều,QLKD,,,,,"Pending - chưa thiết kế nguồn (gap Atomic REPORT_CELL_VALUE, xem O_QLKD_23)"
K_QLKD_2717,DATA EXPLORER,Nhóm 104 — Báo cáo theo Thông tư 121/2020/TT-BTC (STT 104),Mã báo cáo,Chiều,QLKD,,,,,"Pending - chưa thiết kế nguồn (gap Atomic REPORT_CELL_VALUE, xem O_QLKD_23)"
K_QLKD_2718,DATA EXPLORER,Nhóm 104 — Báo cáo theo Thông tư 121/2020/TT-BTC (STT 104),Tên báo cáo,Chiều,QLKD,,,,,"Pending - chưa thiết kế nguồn (gap Atomic REPORT_CELL_VALUE, xem O_QLKD_23)"
K_QLKD_2719,DATA EXPLORER,Nhóm 104 — Báo cáo theo Thông tư 121/2020/TT-BTC (STT 104),Mã sheet,Chiều,QLKD,,,,,"Pending - chưa thiết kế nguồn (gap Atomic REPORT_CELL_VALUE, xem O_QLKD_23)"
K_QLKD_2720,DATA EXPLORER,Nhóm 104 — Báo cáo theo Thông tư 121/2020/TT-BTC (STT 104),Tên sheet,Chiều,QLKD,,,,,"Pending - chưa thiết kế nguồn (gap Atomic REPORT_CELL_VALUE, xem O_QLKD_23)"
K_QLKD_2721,DATA EXPLORER,Nhóm 104 — Báo cáo theo Thông tư 121/2020/TT-BTC (STT 104),Mã chỉ tiêu,Chiều,QLKD,,,,,"Pending - chưa thiết kế nguồn (gap Atomic REPORT_CELL_VALUE, xem O_QLKD_23)"
K_QLKD_2722,DATA EXPLORER,Nhóm 104 — Báo cáo theo Thông tư 121/2020/TT-BTC (STT 104),Tên chỉ tiêu,Chiều,QLKD,,,,,"Pending - chưa thiết kế nguồn (gap Atomic REPORT_CELL_VALUE, xem O_QLKD_23)"
K_QLKD_2723,DATA EXPLORER,Nhóm 104 — Báo cáo theo Thông tư 121/2020/TT-BTC (STT 104),"Tiền gửi có kỳ hạn, chứng chỉ tiền gửi, các khoản tiền cho vay không có tài sản bảo đảm, các khoản phải thu từ hoạt động kinh doanh chứng khoán và các khoản mục tiềm ẩn rủi ro thanh toán khác",Cơ sở,QLKD,,,,,"Pending - chưa thiết kế nguồn (gap Atomic REPORT_CELL_VALUE, xem O_QLKD_23)"
K_QLKD_2724,DATA EXPLORER,Nhóm 104 — Báo cáo theo Thông tư 121/2020/TT-BTC (STT 104),Cho vay tài sản tài chính /Các thỏa thuận kinh tế có cùng bản chất,Cơ sở,QLKD,,,,,"Pending - chưa thiết kế nguồn (gap Atomic REPORT_CELL_VALUE, xem O_QLKD_23)"
K_QLKD_2725,DATA EXPLORER,Nhóm 104 — Báo cáo theo Thông tư 121/2020/TT-BTC (STT 104),Vay tài sản tài chính /Các thỏa thuận kinh tế có cùng bản chất,Cơ sở,QLKD,,,,,"Pending - chưa thiết kế nguồn (gap Atomic REPORT_CELL_VALUE, xem O_QLKD_23)"
K_QLKD_2726,DATA EXPLORER,Nhóm 104 — Báo cáo theo Thông tư 121/2020/TT-BTC (STT 104),Hợp đồng mua tài sản tài chính có cam kết bán lại /Các thỏa thuận kinh tế có cùng bản chất,Cơ sở,QLKD,,,,,"Pending - chưa thiết kế nguồn (gap Atomic REPORT_CELL_VALUE, xem O_QLKD_23)"
K_QLKD_2727,DATA EXPLORER,Nhóm 104 — Báo cáo theo Thông tư 121/2020/TT-BTC (STT 104),Hợp đồng bán tài sản tài chính có cam kết mua lại /Các thỏa thuận kinh tế có cùng bản chất,Cơ sở,QLKD,,,,,"Pending - chưa thiết kế nguồn (gap Atomic REPORT_CELL_VALUE, xem O_QLKD_23)"
K_QLKD_2728,DATA EXPLORER,Nhóm 104 — Báo cáo theo Thông tư 121/2020/TT-BTC (STT 104),TỔNG RỦI RO TRƯỚC THỜI HẠN THANH TOÁN,Cơ sở,QLKD,,,,,"Pending - chưa thiết kế nguồn (gap Atomic REPORT_CELL_VALUE, xem O_QLKD_23)"
K_QLKD_2729,DATA EXPLORER,Nhóm 105 — Báo cáo theo Thông tư 121/2020/TT-BTC (STT 105),Loại báo cáo,Chiều,QLKD,,,,,"Pending - chưa thiết kế nguồn (gap Atomic REPORT_CELL_VALUE, xem O_QLKD_23)"
K_QLKD_2730,DATA EXPLORER,Nhóm 105 — Báo cáo theo Thông tư 121/2020/TT-BTC (STT 105),Kỳ báo cáo,Chiều,QLKD,,,,,"Pending - chưa thiết kế nguồn (gap Atomic REPORT_CELL_VALUE, xem O_QLKD_23)"
K_QLKD_2731,DATA EXPLORER,Nhóm 105 — Báo cáo theo Thông tư 121/2020/TT-BTC (STT 105),Mã báo cáo,Chiều,QLKD,,,,,"Pending - chưa thiết kế nguồn (gap Atomic REPORT_CELL_VALUE, xem O_QLKD_23)"
K_QLKD_2732,DATA EXPLORER,Nhóm 105 — Báo cáo theo Thông tư 121/2020/TT-BTC (STT 105),Tên báo cáo,Chiều,QLKD,,,,,"Pending - chưa thiết kế nguồn (gap Atomic REPORT_CELL_VALUE, xem O_QLKD_23)"
K_QLKD_2733,DATA EXPLORER,Nhóm 105 — Báo cáo theo Thông tư 121/2020/TT-BTC (STT 105),Mã sheet,Chiều,QLKD,,,,,"Pending - chưa thiết kế nguồn (gap Atomic REPORT_CELL_VALUE, xem O_QLKD_23)"
K_QLKD_2734,DATA EXPLORER,Nhóm 105 — Báo cáo theo Thông tư 121/2020/TT-BTC (STT 105),Tên sheet,Chiều,QLKD,,,,,"Pending - chưa thiết kế nguồn (gap Atomic REPORT_CELL_VALUE, xem O_QLKD_23)"
K_QLKD_2735,DATA EXPLORER,Nhóm 105 — Báo cáo theo Thông tư 121/2020/TT-BTC (STT 105),Mã chỉ tiêu,Chiều,QLKD,,,,,"Pending - chưa thiết kế nguồn (gap Atomic REPORT_CELL_VALUE, xem O_QLKD_23)"
K_QLKD_2736,DATA EXPLORER,Nhóm 105 — Báo cáo theo Thông tư 121/2020/TT-BTC (STT 105),Tên chỉ tiêu,Chiều,QLKD,,,,,"Pending - chưa thiết kế nguồn (gap Atomic REPORT_CELL_VALUE, xem O_QLKD_23)"
K_QLKD_2737,DATA EXPLORER,Nhóm 105 — Báo cáo theo Thông tư 121/2020/TT-BTC (STT 105),"Từ 0 đến 15 ngày sau thời hạn thanh toán, chuyển giao chứng khoán",Cơ sở,QLKD,,,,,"Pending - chưa thiết kế nguồn (gap Atomic REPORT_CELL_VALUE, xem O_QLKD_23)"
K_QLKD_2738,DATA EXPLORER,Nhóm 105 — Báo cáo theo Thông tư 121/2020/TT-BTC (STT 105),"Từ 16 đến 30 ngày sau thời hạn thanh toán, chuyển giao chứng khoán",Cơ sở,QLKD,,,,,"Pending - chưa thiết kế nguồn (gap Atomic REPORT_CELL_VALUE, xem O_QLKD_23)"
K_QLKD_2739,DATA EXPLORER,Nhóm 105 — Báo cáo theo Thông tư 121/2020/TT-BTC (STT 105),"Từ 31 đến 60 ngày sau thời hạn thanh toán, chuyển giao chứng khoán",Cơ sở,QLKD,,,,,"Pending - chưa thiết kế nguồn (gap Atomic REPORT_CELL_VALUE, xem O_QLKD_23)"
K_QLKD_2740,DATA EXPLORER,Nhóm 105 — Báo cáo theo Thông tư 121/2020/TT-BTC (STT 105),"Trên 60 ngày sau thời hạn thanh toán,
chuyển giao chứng khoán",Cơ sở,QLKD,,,,,"Pending - chưa thiết kế nguồn (gap Atomic REPORT_CELL_VALUE, xem O_QLKD_23)"
K_QLKD_2741,DATA EXPLORER,Nhóm 105 — Báo cáo theo Thông tư 121/2020/TT-BTC (STT 105),TỔNG RỦI RO QUÁ THỜI HẠN THANH TOÁN,Cơ sở,QLKD,,,,,"Pending - chưa thiết kế nguồn (gap Atomic REPORT_CELL_VALUE, xem O_QLKD_23)"
K_QLKD_2742,DATA EXPLORER,Nhóm 106 — Báo cáo theo Thông tư 121/2020/TT-BTC (STT 106),Loại báo cáo,Chiều,QLKD,,,,,"Pending - chưa thiết kế nguồn (gap Atomic REPORT_CELL_VALUE, xem O_QLKD_23)"
K_QLKD_2743,DATA EXPLORER,Nhóm 106 — Báo cáo theo Thông tư 121/2020/TT-BTC (STT 106),Kỳ báo cáo,Chiều,QLKD,,,,,"Pending - chưa thiết kế nguồn (gap Atomic REPORT_CELL_VALUE, xem O_QLKD_23)"
K_QLKD_2744,DATA EXPLORER,Nhóm 106 — Báo cáo theo Thông tư 121/2020/TT-BTC (STT 106),Mã báo cáo,Chiều,QLKD,,,,,"Pending - chưa thiết kế nguồn (gap Atomic REPORT_CELL_VALUE, xem O_QLKD_23)"
K_QLKD_2745,DATA EXPLORER,Nhóm 106 — Báo cáo theo Thông tư 121/2020/TT-BTC (STT 106),Tên báo cáo,Chiều,QLKD,,,,,"Pending - chưa thiết kế nguồn (gap Atomic REPORT_CELL_VALUE, xem O_QLKD_23)"
K_QLKD_2746,DATA EXPLORER,Nhóm 106 — Báo cáo theo Thông tư 121/2020/TT-BTC (STT 106),Mã sheet,Chiều,QLKD,,,,,"Pending - chưa thiết kế nguồn (gap Atomic REPORT_CELL_VALUE, xem O_QLKD_23)"
K_QLKD_2747,DATA EXPLORER,Nhóm 106 — Báo cáo theo Thông tư 121/2020/TT-BTC (STT 106),Tên sheet,Chiều,QLKD,,,,,"Pending - chưa thiết kế nguồn (gap Atomic REPORT_CELL_VALUE, xem O_QLKD_23)"
K_QLKD_2748,DATA EXPLORER,Nhóm 106 — Báo cáo theo Thông tư 121/2020/TT-BTC (STT 106),Mã chỉ tiêu,Chiều,QLKD,,,,,"Pending - chưa thiết kế nguồn (gap Atomic REPORT_CELL_VALUE, xem O_QLKD_23)"
K_QLKD_2749,DATA EXPLORER,Nhóm 106 — Báo cáo theo Thông tư 121/2020/TT-BTC (STT 106),Tên chỉ tiêu,Chiều,QLKD,,,,,"Pending - chưa thiết kế nguồn (gap Atomic REPORT_CELL_VALUE, xem O_QLKD_23)"
K_QLKD_2750,DATA EXPLORER,Nhóm 106 — Báo cáo theo Thông tư 121/2020/TT-BTC (STT 106),"Các hợp đồng, giao dịch, các khoản sử dụng vốn ngoài các giao dịch, hợp đồng được ghi nhận ở các điểm a, b, c, d, đ, e, g khoản 1 Điều 10",Cơ sở,QLKD,,,,,"Pending - chưa thiết kế nguồn (gap Atomic REPORT_CELL_VALUE, xem O_QLKD_23)"
K_QLKD_2751,DATA EXPLORER,Nhóm 106 — Báo cáo theo Thông tư 121/2020/TT-BTC (STT 106),"- Hợp đồng, thỏa thuận đặt cọc mua bất động sản, các thỏa thuận kinh tế có cùng bản chất",Cơ sở,QLKD,,,,,"Pending - chưa thiết kế nguồn (gap Atomic REPORT_CELL_VALUE, xem O_QLKD_23)"
K_QLKD_2752,DATA EXPLORER,Nhóm 106 — Báo cáo theo Thông tư 121/2020/TT-BTC (STT 106),"- Các khoản cho vay, phải thu khách hàng khác không thuộc điểm đ, g khoản 1 Điều 10",Cơ sở,QLKD,,,,,"Pending - chưa thiết kế nguồn (gap Atomic REPORT_CELL_VALUE, xem O_QLKD_23)"
K_QLKD_2753,DATA EXPLORER,Nhóm 106 — Báo cáo theo Thông tư 121/2020/TT-BTC (STT 106),"- Các hợp đồng, giao dịch khác",Cơ sở,QLKD,,,,,"Pending - chưa thiết kế nguồn (gap Atomic REPORT_CELL_VALUE, xem O_QLKD_23)"
K_QLKD_2754,DATA EXPLORER,Nhóm 106 — Báo cáo theo Thông tư 121/2020/TT-BTC (STT 106),- Khoản tạm ứng,Cơ sở,QLKD,,,,,"Pending - chưa thiết kế nguồn (gap Atomic REPORT_CELL_VALUE, xem O_QLKD_23)"
K_QLKD_2755,DATA EXPLORER,Nhóm 106 — Báo cáo theo Thông tư 121/2020/TT-BTC (STT 106),Chiếm từ 0% đến 2% vốn chủ sở hữu tại thời điểm tính toán,Cơ sở,QLKD,,,,,"Pending - chưa thiết kế nguồn (gap Atomic REPORT_CELL_VALUE, xem O_QLKD_23)"
K_QLKD_2756,DATA EXPLORER,Nhóm 106 — Báo cáo theo Thông tư 121/2020/TT-BTC (STT 106),Chiếm trên 2% đến dưới 5% vốn chủ sở hữu tại thời điểm tính toán,Cơ sở,QLKD,,,,,"Pending - chưa thiết kế nguồn (gap Atomic REPORT_CELL_VALUE, xem O_QLKD_23)"
K_QLKD_2757,DATA EXPLORER,Nhóm 106 — Báo cáo theo Thông tư 121/2020/TT-BTC (STT 106),Chiếm từ 5% trở lên vốn chủ sở hữu tại thời điểm tính toán.,Cơ sở,QLKD,,,,,"Pending - chưa thiết kế nguồn (gap Atomic REPORT_CELL_VALUE, xem O_QLKD_23)"
K_QLKD_2758,DATA EXPLORER,Nhóm 106 — Báo cáo theo Thông tư 121/2020/TT-BTC (STT 106),"TỔNG RỦI RO HỢP ĐỒNG, GIAO DỊCH KHÁC",Cơ sở,QLKD,,,,,"Pending - chưa thiết kế nguồn (gap Atomic REPORT_CELL_VALUE, xem O_QLKD_23)"
K_QLKD_2759,DATA EXPLORER,Nhóm 107 — Báo cáo theo Thông tư 121/2020/TT-BTC (STT 107),Loại báo cáo,Chiều,QLKD,,,,,"Pending - chưa thiết kế nguồn (gap Atomic REPORT_CELL_VALUE, xem O_QLKD_23)"
K_QLKD_2760,DATA EXPLORER,Nhóm 107 — Báo cáo theo Thông tư 121/2020/TT-BTC (STT 107),Kỳ báo cáo,Chiều,QLKD,,,,,"Pending - chưa thiết kế nguồn (gap Atomic REPORT_CELL_VALUE, xem O_QLKD_23)"
K_QLKD_2761,DATA EXPLORER,Nhóm 107 — Báo cáo theo Thông tư 121/2020/TT-BTC (STT 107),Mã báo cáo,Chiều,QLKD,,,,,"Pending - chưa thiết kế nguồn (gap Atomic REPORT_CELL_VALUE, xem O_QLKD_23)"
K_QLKD_2762,DATA EXPLORER,Nhóm 107 — Báo cáo theo Thông tư 121/2020/TT-BTC (STT 107),Tên báo cáo,Chiều,QLKD,,,,,"Pending - chưa thiết kế nguồn (gap Atomic REPORT_CELL_VALUE, xem O_QLKD_23)"
K_QLKD_2763,DATA EXPLORER,Nhóm 107 — Báo cáo theo Thông tư 121/2020/TT-BTC (STT 107),Mã sheet,Chiều,QLKD,,,,,"Pending - chưa thiết kế nguồn (gap Atomic REPORT_CELL_VALUE, xem O_QLKD_23)"
K_QLKD_2764,DATA EXPLORER,Nhóm 107 — Báo cáo theo Thông tư 121/2020/TT-BTC (STT 107),Tên sheet,Chiều,QLKD,,,,,"Pending - chưa thiết kế nguồn (gap Atomic REPORT_CELL_VALUE, xem O_QLKD_23)"
K_QLKD_2765,DATA EXPLORER,Nhóm 107 — Báo cáo theo Thông tư 121/2020/TT-BTC (STT 107),Mã chỉ tiêu,Chiều,QLKD,,,,,"Pending - chưa thiết kế nguồn (gap Atomic REPORT_CELL_VALUE, xem O_QLKD_23)"
K_QLKD_2766,DATA EXPLORER,Nhóm 107 — Báo cáo theo Thông tư 121/2020/TT-BTC (STT 107),Tên chỉ tiêu,Chiều,QLKD,,,,,"Pending - chưa thiết kế nguồn (gap Atomic REPORT_CELL_VALUE, xem O_QLKD_23)"
K_QLKD_2767,DATA EXPLORER,Nhóm 107 — Báo cáo theo Thông tư 121/2020/TT-BTC (STT 107),Chi tiết tới từng đối tượng,Cơ sở,QLKD,,,,,"Pending - chưa thiết kế nguồn (gap Atomic REPORT_CELL_VALUE, xem O_QLKD_23)"
K_QLKD_2768,DATA EXPLORER,Nhóm 107 — Báo cáo theo Thông tư 121/2020/TT-BTC (STT 107),Hệ số rủi ro (%),Cơ sở,QLKD,,,,,"Pending - chưa thiết kế nguồn (gap Atomic REPORT_CELL_VALUE, xem O_QLKD_23)"
K_QLKD_2769,DATA EXPLORER,Nhóm 107 — Báo cáo theo Thông tư 121/2020/TT-BTC (STT 107),Quy mô rủi ro,Cơ sở,QLKD,,,,,"Pending - chưa thiết kế nguồn (gap Atomic REPORT_CELL_VALUE, xem O_QLKD_23)"
K_QLKD_2770,DATA EXPLORER,Nhóm 107 — Báo cáo theo Thông tư 121/2020/TT-BTC (STT 107),Giá trị rủi ro,Cơ sở,QLKD,,,,,"Pending - chưa thiết kế nguồn (gap Atomic REPORT_CELL_VALUE, xem O_QLKD_23)"
K_QLKD_2771,DATA EXPLORER,Nhóm 108 — Báo cáo theo Thông tư 121/2020/TT-BTC (STT 108),Loại báo cáo,Chiều,QLKD,,,,,"Pending - chưa thiết kế nguồn (gap Atomic REPORT_CELL_VALUE, xem O_QLKD_23)"
K_QLKD_2772,DATA EXPLORER,Nhóm 108 — Báo cáo theo Thông tư 121/2020/TT-BTC (STT 108),Kỳ báo cáo,Chiều,QLKD,,,,,"Pending - chưa thiết kế nguồn (gap Atomic REPORT_CELL_VALUE, xem O_QLKD_23)"
K_QLKD_2773,DATA EXPLORER,Nhóm 108 — Báo cáo theo Thông tư 121/2020/TT-BTC (STT 108),Mã báo cáo,Chiều,QLKD,,,,,"Pending - chưa thiết kế nguồn (gap Atomic REPORT_CELL_VALUE, xem O_QLKD_23)"
K_QLKD_2774,DATA EXPLORER,Nhóm 108 — Báo cáo theo Thông tư 121/2020/TT-BTC (STT 108),Tên báo cáo,Chiều,QLKD,,,,,"Pending - chưa thiết kế nguồn (gap Atomic REPORT_CELL_VALUE, xem O_QLKD_23)"
K_QLKD_2775,DATA EXPLORER,Nhóm 108 — Báo cáo theo Thông tư 121/2020/TT-BTC (STT 108),Mã sheet,Chiều,QLKD,,,,,"Pending - chưa thiết kế nguồn (gap Atomic REPORT_CELL_VALUE, xem O_QLKD_23)"
K_QLKD_2776,DATA EXPLORER,Nhóm 108 — Báo cáo theo Thông tư 121/2020/TT-BTC (STT 108),Tên sheet,Chiều,QLKD,,,,,"Pending - chưa thiết kế nguồn (gap Atomic REPORT_CELL_VALUE, xem O_QLKD_23)"
K_QLKD_2777,DATA EXPLORER,Nhóm 108 — Báo cáo theo Thông tư 121/2020/TT-BTC (STT 108),Mã chỉ tiêu,Chiều,QLKD,,,,,"Pending - chưa thiết kế nguồn (gap Atomic REPORT_CELL_VALUE, xem O_QLKD_23)"
K_QLKD_2778,DATA EXPLORER,Nhóm 108 — Báo cáo theo Thông tư 121/2020/TT-BTC (STT 108),Tên chỉ tiêu,Chiều,QLKD,,,,,"Pending - chưa thiết kế nguồn (gap Atomic REPORT_CELL_VALUE, xem O_QLKD_23)"
K_QLKD_2779,DATA EXPLORER,Nhóm 108 — Báo cáo theo Thông tư 121/2020/TT-BTC (STT 108),RỦI RO HOẠT ĐỘNG,Cơ sở,QLKD,,,,,"Pending - chưa thiết kế nguồn (gap Atomic REPORT_CELL_VALUE, xem O_QLKD_23)"
K_QLKD_2780,DATA EXPLORER,Nhóm 108 — Báo cáo theo Thông tư 121/2020/TT-BTC (STT 108),Tổng chi phí hoạt động phát sinh trong vòng 12 tháng tính tới tháng xx năm 20xx,Cơ sở,QLKD,,,,,"Pending - chưa thiết kế nguồn (gap Atomic REPORT_CELL_VALUE, xem O_QLKD_23)"
K_QLKD_2781,DATA EXPLORER,Nhóm 108 — Báo cáo theo Thông tư 121/2020/TT-BTC (STT 108),Các khoản giảm trừ khỏi tổng chi phí,Cơ sở,QLKD,,,,,"Pending - chưa thiết kế nguồn (gap Atomic REPORT_CELL_VALUE, xem O_QLKD_23)"
K_QLKD_2782,DATA EXPLORER,Nhóm 108 — Báo cáo theo Thông tư 121/2020/TT-BTC (STT 108),Chi phí khấu hao,Cơ sở,QLKD,,,,,"Pending - chưa thiết kế nguồn (gap Atomic REPORT_CELL_VALUE, xem O_QLKD_23)"
K_QLKD_2783,DATA EXPLORER,Nhóm 108 — Báo cáo theo Thông tư 121/2020/TT-BTC (STT 108),Chi phí/Hoàn nhập dự phòng suy giảm giá trị các tài sản tài chính và tài sản thế chấp,Cơ sở,QLKD,,,,,"Pending - chưa thiết kế nguồn (gap Atomic REPORT_CELL_VALUE, xem O_QLKD_23)"
K_QLKD_2784,DATA EXPLORER,Nhóm 108 — Báo cáo theo Thông tư 121/2020/TT-BTC (STT 108),Chi phí/Hoàn nhập dự phòng suy giảm giá trị các tài sản tài chính dài hạn,Cơ sở,QLKD,,,,,"Pending - chưa thiết kế nguồn (gap Atomic REPORT_CELL_VALUE, xem O_QLKD_23)"
K_QLKD_2785,DATA EXPLORER,Nhóm 108 — Báo cáo theo Thông tư 121/2020/TT-BTC (STT 108),Chi phí/Hoàn nhập dự phòng suy giảm giá trị các khoản phải thu,Cơ sở,QLKD,,,,,"Pending - chưa thiết kế nguồn (gap Atomic REPORT_CELL_VALUE, xem O_QLKD_23)"
K_QLKD_2786,DATA EXPLORER,Nhóm 108 — Báo cáo theo Thông tư 121/2020/TT-BTC (STT 108),Chi phí chênh lệch giảm về đánh giá lại các tài sản tài chính ghi nhận thông qua lãi/lỗ,Cơ sở,QLKD,,,,,"Pending - chưa thiết kế nguồn (gap Atomic REPORT_CELL_VALUE, xem O_QLKD_23)"
K_QLKD_2787,DATA EXPLORER,Nhóm 108 — Báo cáo theo Thông tư 121/2020/TT-BTC (STT 108),Chi phí/Hoàn nhập dự phòng suy giảm giá trị tài sản ngắn hạn khác,Cơ sở,QLKD,,,,,"Pending - chưa thiết kế nguồn (gap Atomic REPORT_CELL_VALUE, xem O_QLKD_23)"
K_QLKD_2788,DATA EXPLORER,Nhóm 108 — Báo cáo theo Thông tư 121/2020/TT-BTC (STT 108),Chi phí lãi vay,Cơ sở,QLKD,,,,,"Pending - chưa thiết kế nguồn (gap Atomic REPORT_CELL_VALUE, xem O_QLKD_23)"
K_QLKD_2789,DATA EXPLORER,Nhóm 108 — Báo cáo theo Thông tư 121/2020/TT-BTC (STT 108),Chi phí chênh lệch do đánh giá lại phải trả chứng quyền đang lưu hành,Cơ sở,QLKD,,,,,"Pending - chưa thiết kế nguồn (gap Atomic REPORT_CELL_VALUE, xem O_QLKD_23)"
K_QLKD_2790,DATA EXPLORER,Nhóm 108 — Báo cáo theo Thông tư 121/2020/TT-BTC (STT 108),Chi phí hoặc thu nhập khoản chênh lệch tỷ giá hối đoái chưa thực hiện,Cơ sở,QLKD,,,,,"Pending - chưa thiết kế nguồn (gap Atomic REPORT_CELL_VALUE, xem O_QLKD_23)"
K_QLKD_2791,DATA EXPLORER,Nhóm 108 — Báo cáo theo Thông tư 121/2020/TT-BTC (STT 108),Chi phí tài chính và các chi phí không bằng tiền khác trong hoạt động kinh doanh của công ty,Cơ sở,QLKD,,,,,"Pending - chưa thiết kế nguồn (gap Atomic REPORT_CELL_VALUE, xem O_QLKD_23)"
K_QLKD_2792,DATA EXPLORER,Nhóm 108 — Báo cáo theo Thông tư 121/2020/TT-BTC (STT 108),Tổng chi phí sau khi giảm trừ (III = I – II),Cơ sở,QLKD,,,,,"Pending - chưa thiết kế nguồn (gap Atomic REPORT_CELL_VALUE, xem O_QLKD_23)"
K_QLKD_2793,DATA EXPLORER,Nhóm 108 — Báo cáo theo Thông tư 121/2020/TT-BTC (STT 108),25% Tổng chi phí sau khi giảm trừ (IV = 25% III),Cơ sở,QLKD,,,,,"Pending - chưa thiết kế nguồn (gap Atomic REPORT_CELL_VALUE, xem O_QLKD_23)"
K_QLKD_2794,DATA EXPLORER,Nhóm 108 — Báo cáo theo Thông tư 121/2020/TT-BTC (STT 108),20% vốn điều lệ tối thiểu cho các nghiệp vụ kinh doanh của công ty chứng khoán,Cơ sở,QLKD,,,,,"Pending - chưa thiết kế nguồn (gap Atomic REPORT_CELL_VALUE, xem O_QLKD_23)"
K_QLKD_2795,DATA EXPLORER,Nhóm 108 — Báo cáo theo Thông tư 121/2020/TT-BTC (STT 108),"TỔNG GIÁ TRỊ RỦI RO HOẠT ĐỘNG (MAX {IV, V})",Cơ sở,QLKD,,,,,"Pending - chưa thiết kế nguồn (gap Atomic REPORT_CELL_VALUE, xem O_QLKD_23)"
K_QLKD_2796,DATA EXPLORER,Nhóm 109 — Báo cáo theo Thông tư 121/2020/TT-BTC (STT 109),Loại báo cáo,Chiều,QLKD,,,,,"Pending - chưa thiết kế nguồn (gap Atomic REPORT_CELL_VALUE, xem O_QLKD_23)"
K_QLKD_2797,DATA EXPLORER,Nhóm 109 — Báo cáo theo Thông tư 121/2020/TT-BTC (STT 109),Kỳ báo cáo,Chiều,QLKD,,,,,"Pending - chưa thiết kế nguồn (gap Atomic REPORT_CELL_VALUE, xem O_QLKD_23)"
K_QLKD_2798,DATA EXPLORER,Nhóm 109 — Báo cáo theo Thông tư 121/2020/TT-BTC (STT 109),Mã báo cáo,Chiều,QLKD,,,,,"Pending - chưa thiết kế nguồn (gap Atomic REPORT_CELL_VALUE, xem O_QLKD_23)"
K_QLKD_2799,DATA EXPLORER,Nhóm 109 — Báo cáo theo Thông tư 121/2020/TT-BTC (STT 109),Tên báo cáo,Chiều,QLKD,,,,,"Pending - chưa thiết kế nguồn (gap Atomic REPORT_CELL_VALUE, xem O_QLKD_23)"
K_QLKD_2800,DATA EXPLORER,Nhóm 109 — Báo cáo theo Thông tư 121/2020/TT-BTC (STT 109),Mã sheet,Chiều,QLKD,,,,,"Pending - chưa thiết kế nguồn (gap Atomic REPORT_CELL_VALUE, xem O_QLKD_23)"
K_QLKD_2801,DATA EXPLORER,Nhóm 109 — Báo cáo theo Thông tư 121/2020/TT-BTC (STT 109),Tên sheet,Chiều,QLKD,,,,,"Pending - chưa thiết kế nguồn (gap Atomic REPORT_CELL_VALUE, xem O_QLKD_23)"
K_QLKD_2802,DATA EXPLORER,Nhóm 109 — Báo cáo theo Thông tư 121/2020/TT-BTC (STT 109),Mã chỉ tiêu,Chiều,QLKD,,,,,"Pending - chưa thiết kế nguồn (gap Atomic REPORT_CELL_VALUE, xem O_QLKD_23)"
K_QLKD_2803,DATA EXPLORER,Nhóm 109 — Báo cáo theo Thông tư 121/2020/TT-BTC (STT 109),Tên chỉ tiêu,Chiều,QLKD,,,,,"Pending - chưa thiết kế nguồn (gap Atomic REPORT_CELL_VALUE, xem O_QLKD_23)"
K_QLKD_2804,DATA EXPLORER,Nhóm 109 — Báo cáo theo Thông tư 121/2020/TT-BTC (STT 109),Tổng giá trị rủi ro thị trường,Cơ sở,QLKD,,,,,"Pending - chưa thiết kế nguồn (gap Atomic REPORT_CELL_VALUE, xem O_QLKD_23)"
K_QLKD_2805,DATA EXPLORER,Nhóm 109 — Báo cáo theo Thông tư 121/2020/TT-BTC (STT 109),Tổng giá trị rủi ro thanh toán,Cơ sở,QLKD,,,,,"Pending - chưa thiết kế nguồn (gap Atomic REPORT_CELL_VALUE, xem O_QLKD_23)"
K_QLKD_2806,DATA EXPLORER,Nhóm 109 — Báo cáo theo Thông tư 121/2020/TT-BTC (STT 109),Tổng giá trị rủi ro hoạt động,Cơ sở,QLKD,,,,,"Pending - chưa thiết kế nguồn (gap Atomic REPORT_CELL_VALUE, xem O_QLKD_23)"
K_QLKD_2807,DATA EXPLORER,Nhóm 109 — Báo cáo theo Thông tư 121/2020/TT-BTC (STT 109),Tổng giá trị rủi ro (4=1+2+3),Cơ sở,QLKD,,,,,"Pending - chưa thiết kế nguồn (gap Atomic REPORT_CELL_VALUE, xem O_QLKD_23)"
K_QLKD_2808,DATA EXPLORER,Nhóm 109 — Báo cáo theo Thông tư 121/2020/TT-BTC (STT 109),Vốn khả dụng,Cơ sở,QLKD,,,,,"Pending - chưa thiết kế nguồn (gap Atomic REPORT_CELL_VALUE, xem O_QLKD_23)"
K_QLKD_2809,DATA EXPLORER,Nhóm 109 — Báo cáo theo Thông tư 121/2020/TT-BTC (STT 109),Tỷ lệ Vốn khả dụng (6=5/4),Cơ sở,QLKD,,,,,"Pending - chưa thiết kế nguồn (gap Atomic REPORT_CELL_VALUE, xem O_QLKD_23)"
K_QLKD_2810,DATA EXPLORER,Nhóm 110 — Báo cáo theo Thông tư 121/2020/TT-BTC (STT 110),Loại báo cáo,Chiều,QLKD,,,,,"Pending - chưa thiết kế nguồn (gap Atomic REPORT_CELL_VALUE, xem O_QLKD_23)"
K_QLKD_2811,DATA EXPLORER,Nhóm 110 — Báo cáo theo Thông tư 121/2020/TT-BTC (STT 110),Kỳ báo cáo,Chiều,QLKD,,,,,"Pending - chưa thiết kế nguồn (gap Atomic REPORT_CELL_VALUE, xem O_QLKD_23)"
K_QLKD_2812,DATA EXPLORER,Nhóm 110 — Báo cáo theo Thông tư 121/2020/TT-BTC (STT 110),Mã báo cáo,Chiều,QLKD,,,,,"Pending - chưa thiết kế nguồn (gap Atomic REPORT_CELL_VALUE, xem O_QLKD_23)"
K_QLKD_2813,DATA EXPLORER,Nhóm 110 — Báo cáo theo Thông tư 121/2020/TT-BTC (STT 110),Tên báo cáo,Chiều,QLKD,,,,,"Pending - chưa thiết kế nguồn (gap Atomic REPORT_CELL_VALUE, xem O_QLKD_23)"
K_QLKD_2814,DATA EXPLORER,Nhóm 110 — Báo cáo theo Thông tư 121/2020/TT-BTC (STT 110),Mã sheet,Chiều,QLKD,,,,,"Pending - chưa thiết kế nguồn (gap Atomic REPORT_CELL_VALUE, xem O_QLKD_23)"
K_QLKD_2815,DATA EXPLORER,Nhóm 110 — Báo cáo theo Thông tư 121/2020/TT-BTC (STT 110),Tên sheet,Chiều,QLKD,,,,,"Pending - chưa thiết kế nguồn (gap Atomic REPORT_CELL_VALUE, xem O_QLKD_23)"
K_QLKD_2816,DATA EXPLORER,Nhóm 110 — Báo cáo theo Thông tư 121/2020/TT-BTC (STT 110),Mã chỉ tiêu,Chiều,QLKD,,,,,"Pending - chưa thiết kế nguồn (gap Atomic REPORT_CELL_VALUE, xem O_QLKD_23)"
K_QLKD_2817,DATA EXPLORER,Nhóm 110 — Báo cáo theo Thông tư 121/2020/TT-BTC (STT 110),Tên chỉ tiêu,Chiều,QLKD,,,,,"Pending - chưa thiết kế nguồn (gap Atomic REPORT_CELL_VALUE, xem O_QLKD_23)"
K_QLKD_2818,DATA EXPLORER,Nhóm 110 — Báo cáo theo Thông tư 121/2020/TT-BTC (STT 110),Thành viên Hội đồng quản trị/Hội đồng thành viên/Chủ sở hữu,Cơ sở,QLKD,,,,,"Pending - chưa thiết kế nguồn (gap Atomic REPORT_CELL_VALUE, xem O_QLKD_23)"
K_QLKD_2819,DATA EXPLORER,Nhóm 110 — Báo cáo theo Thông tư 121/2020/TT-BTC (STT 110),Thành viên Ban kiểm soát/Ban kiểm toán nội bộ,Cơ sở,QLKD,,,,,"Pending - chưa thiết kế nguồn (gap Atomic REPORT_CELL_VALUE, xem O_QLKD_23)"
K_QLKD_2820,DATA EXPLORER,Nhóm 110 — Báo cáo theo Thông tư 121/2020/TT-BTC (STT 110),Thành viên Ban Tổng Giám đốc/Ban Giám đốc,Cơ sở,QLKD,,,,,"Pending - chưa thiết kế nguồn (gap Atomic REPORT_CELL_VALUE, xem O_QLKD_23)"
K_QLKD_2821,DATA EXPLORER,Nhóm 111 — Báo cáo giám sát quản trị công ty (STT 111),Loại báo cáo,Chiều,QLKD,,,,,"Pending - chưa thiết kế nguồn (gap Atomic REPORT_CELL_VALUE, xem O_QLKD_23)"
K_QLKD_2822,DATA EXPLORER,Nhóm 111 — Báo cáo giám sát quản trị công ty (STT 111),Kỳ báo cáo,Chiều,QLKD,,,,,"Pending - chưa thiết kế nguồn (gap Atomic REPORT_CELL_VALUE, xem O_QLKD_23)"
K_QLKD_2823,DATA EXPLORER,Nhóm 111 — Báo cáo giám sát quản trị công ty (STT 111),Mã báo cáo,Chiều,QLKD,,,,,"Pending - chưa thiết kế nguồn (gap Atomic REPORT_CELL_VALUE, xem O_QLKD_23)"
K_QLKD_2824,DATA EXPLORER,Nhóm 111 — Báo cáo giám sát quản trị công ty (STT 111),Tên báo cáo,Chiều,QLKD,,,,,"Pending - chưa thiết kế nguồn (gap Atomic REPORT_CELL_VALUE, xem O_QLKD_23)"
K_QLKD_2825,DATA EXPLORER,Nhóm 111 — Báo cáo giám sát quản trị công ty (STT 111),Mã sheet,Chiều,QLKD,,,,,"Pending - chưa thiết kế nguồn (gap Atomic REPORT_CELL_VALUE, xem O_QLKD_23)"
K_QLKD_2826,DATA EXPLORER,Nhóm 111 — Báo cáo giám sát quản trị công ty (STT 111),Tên sheet,Chiều,QLKD,,,,,"Pending - chưa thiết kế nguồn (gap Atomic REPORT_CELL_VALUE, xem O_QLKD_23)"
K_QLKD_2827,DATA EXPLORER,Nhóm 111 — Báo cáo giám sát quản trị công ty (STT 111),Mã chỉ tiêu,Chiều,QLKD,,,,,"Pending - chưa thiết kế nguồn (gap Atomic REPORT_CELL_VALUE, xem O_QLKD_23)"
K_QLKD_2828,DATA EXPLORER,Nhóm 111 — Báo cáo giám sát quản trị công ty (STT 111),Tên chỉ tiêu,Chiều,QLKD,,,,,"Pending - chưa thiết kế nguồn (gap Atomic REPORT_CELL_VALUE, xem O_QLKD_23)"
K_QLKD_2829,DATA EXPLORER,Nhóm 111 — Báo cáo giám sát quản trị công ty (STT 111),Tên CTCK,Cơ sở,QLKD,,,,,"Pending - chưa thiết kế nguồn (gap Atomic REPORT_CELL_VALUE, xem O_QLKD_23)"
K_QLKD_2830,DATA EXPLORER,Nhóm 111 — Báo cáo giám sát quản trị công ty (STT 111),Địa chỉ trụ sở chính,Cơ sở,QLKD,,,,,"Pending - chưa thiết kế nguồn (gap Atomic REPORT_CELL_VALUE, xem O_QLKD_23)"
K_QLKD_2831,DATA EXPLORER,Nhóm 111 — Báo cáo giám sát quản trị công ty (STT 111),Vốn Điều lệ,Cơ sở,QLKD,,,,,"Pending - chưa thiết kế nguồn (gap Atomic REPORT_CELL_VALUE, xem O_QLKD_23)"
K_QLKD_2832,DATA EXPLORER,Nhóm 111 — Báo cáo giám sát quản trị công ty (STT 111),Mã CK,Cơ sở,QLKD,,,,,"Pending - chưa thiết kế nguồn (gap Atomic REPORT_CELL_VALUE, xem O_QLKD_23)"
K_QLKD_2833,DATA EXPLORER,Nhóm 111 — Báo cáo giám sát quản trị công ty (STT 111),Giấy phép Hoạt động của Chủ tịch UBCKNN cấp lần đầu >> Số,Cơ sở,QLKD,,,,,"Pending - chưa thiết kế nguồn (gap Atomic REPORT_CELL_VALUE, xem O_QLKD_23)"
K_QLKD_2834,DATA EXPLORER,Nhóm 111 — Báo cáo giám sát quản trị công ty (STT 111),Giấy phép Hoạt động của Chủ tịch UBCKNN cấp lần đầu >> Ngày cấp,Cơ sở,QLKD,,,,,"Pending - chưa thiết kế nguồn (gap Atomic REPORT_CELL_VALUE, xem O_QLKD_23)"
K_QLKD_2835,DATA EXPLORER,Nhóm 111 — Báo cáo giám sát quản trị công ty (STT 111),Đại hội đồng cổ đông,Cơ sở,QLKD,,,,,"Pending - chưa thiết kế nguồn (gap Atomic REPORT_CELL_VALUE, xem O_QLKD_23)"
K_QLKD_2836,DATA EXPLORER,Nhóm 111 — Báo cáo giám sát quản trị công ty (STT 111),Hội đồng quản trị,Cơ sở,QLKD,,,,,"Pending - chưa thiết kế nguồn (gap Atomic REPORT_CELL_VALUE, xem O_QLKD_23)"
K_QLKD_2837,DATA EXPLORER,Nhóm 111 — Báo cáo giám sát quản trị công ty (STT 111),Tổng giám đốc/Giám đốc,Cơ sở,QLKD,,,,,"Pending - chưa thiết kế nguồn (gap Atomic REPORT_CELL_VALUE, xem O_QLKD_23)"
K_QLKD_2838,DATA EXPLORER,Nhóm 111 — Báo cáo giám sát quản trị công ty (STT 111),Ban kiểm soát,Cơ sở,QLKD,,,,,"Pending - chưa thiết kế nguồn (gap Atomic REPORT_CELL_VALUE, xem O_QLKD_23)"
K_QLKD_2839,DATA EXPLORER,Nhóm 111 — Báo cáo giám sát quản trị công ty (STT 111),Ủy ban kiểm toán,Cơ sở,QLKD,,,,,"Pending - chưa thiết kế nguồn (gap Atomic REPORT_CELL_VALUE, xem O_QLKD_23)"
K_QLKD_2840,DATA EXPLORER,Nhóm 111 — Báo cáo giám sát quản trị công ty (STT 111),Chức năng kiểm toán nội bộ >> Đã thực hiện,Cơ sở,QLKD,,,,,"Pending - chưa thiết kế nguồn (gap Atomic REPORT_CELL_VALUE, xem O_QLKD_23)"
K_QLKD_2841,DATA EXPLORER,Nhóm 111 — Báo cáo giám sát quản trị công ty (STT 111),Chức năng kiểm toán nội bộ >> Chưa thực hiện,Cơ sở,QLKD,,,,,"Pending - chưa thiết kế nguồn (gap Atomic REPORT_CELL_VALUE, xem O_QLKD_23)"
K_QLKD_2842,DATA EXPLORER,Nhóm 111 — Báo cáo giám sát quản trị công ty (STT 111),"Thành viên
(HĐQT/BKS/UBKT)",Cơ sở,QLKD,,,,,"Pending - chưa thiết kế nguồn (gap Atomic REPORT_CELL_VALUE, xem O_QLKD_23)"
K_QLKD_2843,DATA EXPLORER,Nhóm 111 — Báo cáo giám sát quản trị công ty (STT 111),Tên thành viên,Cơ sở,QLKD,,,,,"Pending - chưa thiết kế nguồn (gap Atomic REPORT_CELL_VALUE, xem O_QLKD_23)"
K_QLKD_2844,DATA EXPLORER,Nhóm 111 — Báo cáo giám sát quản trị công ty (STT 111),Chức vụ,Cơ sở,QLKD,,,,,"Pending - chưa thiết kế nguồn (gap Atomic REPORT_CELL_VALUE, xem O_QLKD_23)"
K_QLKD_2845,DATA EXPLORER,Nhóm 111 — Báo cáo giám sát quản trị công ty (STT 111),Trình độ chuyên môn (nếu là BKS/UBKT),Cơ sở,QLKD,,,,,"Pending - chưa thiết kế nguồn (gap Atomic REPORT_CELL_VALUE, xem O_QLKD_23)"
K_QLKD_2846,DATA EXPLORER,Nhóm 111 — Báo cáo giám sát quản trị công ty (STT 111),Ngày bắt đầu/không còn là thành viên >> Ngày bổ nhiệm,Cơ sở,QLKD,,,,,"Pending - chưa thiết kế nguồn (gap Atomic REPORT_CELL_VALUE, xem O_QLKD_23)"
K_QLKD_2847,DATA EXPLORER,Nhóm 111 — Báo cáo giám sát quản trị công ty (STT 111),Ngày bắt đầu/không còn là thành viên >> Ngày miễn nhiệm,Cơ sở,QLKD,,,,,"Pending - chưa thiết kế nguồn (gap Atomic REPORT_CELL_VALUE, xem O_QLKD_23)"
K_QLKD_2848,DATA EXPLORER,Nhóm 111 — Báo cáo giám sát quản trị công ty (STT 111),Các cuộc họp HĐQT/BKS/UBKT >> Số buổi họp tham dự,Cơ sở,QLKD,,,,,"Pending - chưa thiết kế nguồn (gap Atomic REPORT_CELL_VALUE, xem O_QLKD_23)"
K_QLKD_2849,DATA EXPLORER,Nhóm 111 — Báo cáo giám sát quản trị công ty (STT 111),Các cuộc họp HĐQT/BKS/UBKT >> Tỷ lệ tham dự,Cơ sở,QLKD,,,,,"Pending - chưa thiết kế nguồn (gap Atomic REPORT_CELL_VALUE, xem O_QLKD_23)"
K_QLKD_2850,DATA EXPLORER,Nhóm 111 — Báo cáo giám sát quản trị công ty (STT 111),Các cuộc họp HĐQT/BKS/UBKT >> Tỷ lệ biểu quyết (nếu là BKS/UBKT),Cơ sở,QLKD,,,,,"Pending - chưa thiết kế nguồn (gap Atomic REPORT_CELL_VALUE, xem O_QLKD_23)"
K_QLKD_2851,DATA EXPLORER,Nhóm 111 — Báo cáo giám sát quản trị công ty (STT 111),Các cuộc họp HĐQT/BKS/UBKT >> Lý do không tham dự,Cơ sở,QLKD,,,,,"Pending - chưa thiết kế nguồn (gap Atomic REPORT_CELL_VALUE, xem O_QLKD_23)"
K_QLKD_2852,DATA EXPLORER,Nhóm 112 — Báo cáo giám sát quản trị công ty (STT 112),Loại báo cáo,Chiều,QLKD,,,,,"Pending - chưa thiết kế nguồn (gap Atomic REPORT_CELL_VALUE, xem O_QLKD_23)"
K_QLKD_2853,DATA EXPLORER,Nhóm 112 — Báo cáo giám sát quản trị công ty (STT 112),Kỳ báo cáo,Chiều,QLKD,,,,,"Pending - chưa thiết kế nguồn (gap Atomic REPORT_CELL_VALUE, xem O_QLKD_23)"
K_QLKD_2854,DATA EXPLORER,Nhóm 112 — Báo cáo giám sát quản trị công ty (STT 112),Mã báo cáo,Chiều,QLKD,,,,,"Pending - chưa thiết kế nguồn (gap Atomic REPORT_CELL_VALUE, xem O_QLKD_23)"
K_QLKD_2855,DATA EXPLORER,Nhóm 112 — Báo cáo giám sát quản trị công ty (STT 112),Tên báo cáo,Chiều,QLKD,,,,,"Pending - chưa thiết kế nguồn (gap Atomic REPORT_CELL_VALUE, xem O_QLKD_23)"
K_QLKD_2856,DATA EXPLORER,Nhóm 112 — Báo cáo giám sát quản trị công ty (STT 112),Mã sheet,Chiều,QLKD,,,,,"Pending - chưa thiết kế nguồn (gap Atomic REPORT_CELL_VALUE, xem O_QLKD_23)"
K_QLKD_2857,DATA EXPLORER,Nhóm 112 — Báo cáo giám sát quản trị công ty (STT 112),Tên sheet,Chiều,QLKD,,,,,"Pending - chưa thiết kế nguồn (gap Atomic REPORT_CELL_VALUE, xem O_QLKD_23)"
K_QLKD_2858,DATA EXPLORER,Nhóm 112 — Báo cáo giám sát quản trị công ty (STT 112),Mã chỉ tiêu,Chiều,QLKD,,,,,"Pending - chưa thiết kế nguồn (gap Atomic REPORT_CELL_VALUE, xem O_QLKD_23)"
K_QLKD_2859,DATA EXPLORER,Nhóm 112 — Báo cáo giám sát quản trị công ty (STT 112),Tên chỉ tiêu,Chiều,QLKD,,,,,"Pending - chưa thiết kế nguồn (gap Atomic REPORT_CELL_VALUE, xem O_QLKD_23)"
K_QLKD_2860,DATA EXPLORER,Nhóm 112 — Báo cáo giám sát quản trị công ty (STT 112),Tên CTCK,Cơ sở,QLKD,,,,,"Pending - chưa thiết kế nguồn (gap Atomic REPORT_CELL_VALUE, xem O_QLKD_23)"
K_QLKD_2861,DATA EXPLORER,Nhóm 112 — Báo cáo giám sát quản trị công ty (STT 112),Địa chỉ trụ sở chính,Cơ sở,QLKD,,,,,"Pending - chưa thiết kế nguồn (gap Atomic REPORT_CELL_VALUE, xem O_QLKD_23)"
K_QLKD_2862,DATA EXPLORER,Nhóm 112 — Báo cáo giám sát quản trị công ty (STT 112),Vốn Điều lệ,Cơ sở,QLKD,,,,,"Pending - chưa thiết kế nguồn (gap Atomic REPORT_CELL_VALUE, xem O_QLKD_23)"
K_QLKD_2863,DATA EXPLORER,Nhóm 112 — Báo cáo giám sát quản trị công ty (STT 112),Mã CK,Cơ sở,QLKD,,,,,"Pending - chưa thiết kế nguồn (gap Atomic REPORT_CELL_VALUE, xem O_QLKD_23)"
K_QLKD_2864,DATA EXPLORER,Nhóm 112 — Báo cáo giám sát quản trị công ty (STT 112),Giấy phép Hoạt động của Chủ tịch UBCKNN cấp lần đầu >> Số,Cơ sở,QLKD,,,,,"Pending - chưa thiết kế nguồn (gap Atomic REPORT_CELL_VALUE, xem O_QLKD_23)"
K_QLKD_2865,DATA EXPLORER,Nhóm 112 — Báo cáo giám sát quản trị công ty (STT 112),Giấy phép Hoạt động của Chủ tịch UBCKNN cấp lần đầu >> Ngày cấp,Cơ sở,QLKD,,,,,"Pending - chưa thiết kế nguồn (gap Atomic REPORT_CELL_VALUE, xem O_QLKD_23)"
K_QLKD_2866,DATA EXPLORER,Nhóm 112 — Báo cáo giám sát quản trị công ty (STT 112),Đại hội đồng cổ đông,Cơ sở,QLKD,,,,,"Pending - chưa thiết kế nguồn (gap Atomic REPORT_CELL_VALUE, xem O_QLKD_23)"
K_QLKD_2867,DATA EXPLORER,Nhóm 112 — Báo cáo giám sát quản trị công ty (STT 112),Hội đồng quản trị,Cơ sở,QLKD,,,,,"Pending - chưa thiết kế nguồn (gap Atomic REPORT_CELL_VALUE, xem O_QLKD_23)"
K_QLKD_2868,DATA EXPLORER,Nhóm 112 — Báo cáo giám sát quản trị công ty (STT 112),Tổng giám đốc/Giám đốc,Cơ sở,QLKD,,,,,"Pending - chưa thiết kế nguồn (gap Atomic REPORT_CELL_VALUE, xem O_QLKD_23)"
K_QLKD_2869,DATA EXPLORER,Nhóm 112 — Báo cáo giám sát quản trị công ty (STT 112),Ban kiểm soát,Cơ sở,QLKD,,,,,"Pending - chưa thiết kế nguồn (gap Atomic REPORT_CELL_VALUE, xem O_QLKD_23)"
K_QLKD_2870,DATA EXPLORER,Nhóm 112 — Báo cáo giám sát quản trị công ty (STT 112),Ủy ban kiểm toán,Cơ sở,QLKD,,,,,"Pending - chưa thiết kế nguồn (gap Atomic REPORT_CELL_VALUE, xem O_QLKD_23)"
K_QLKD_2871,DATA EXPLORER,Nhóm 112 — Báo cáo giám sát quản trị công ty (STT 112),Chức năng kiểm toán nội bộ >> Đã thực hiện,Cơ sở,QLKD,,,,,"Pending - chưa thiết kế nguồn (gap Atomic REPORT_CELL_VALUE, xem O_QLKD_23)"
K_QLKD_2872,DATA EXPLORER,Nhóm 112 — Báo cáo giám sát quản trị công ty (STT 112),Chức năng kiểm toán nội bộ >> Chưa thực hiện,Cơ sở,QLKD,,,,,"Pending - chưa thiết kế nguồn (gap Atomic REPORT_CELL_VALUE, xem O_QLKD_23)"
K_QLKD_2873,DATA EXPLORER,Nhóm 112 — Báo cáo giám sát quản trị công ty (STT 112),Cuộc họp của ĐHĐCĐ/HĐQT,Cơ sở,QLKD,,,,,"Pending - chưa thiết kế nguồn (gap Atomic REPORT_CELL_VALUE, xem O_QLKD_23)"
K_QLKD_2874,DATA EXPLORER,Nhóm 112 — Báo cáo giám sát quản trị công ty (STT 112),Số Nghị quyết/Quyết định,Cơ sở,QLKD,,,,,"Pending - chưa thiết kế nguồn (gap Atomic REPORT_CELL_VALUE, xem O_QLKD_23)"
K_QLKD_2875,DATA EXPLORER,Nhóm 112 — Báo cáo giám sát quản trị công ty (STT 112),Ngày nghị quyết/quyết định,Cơ sở,QLKD,,,,,"Pending - chưa thiết kế nguồn (gap Atomic REPORT_CELL_VALUE, xem O_QLKD_23)"
K_QLKD_2876,DATA EXPLORER,Nhóm 112 — Báo cáo giám sát quản trị công ty (STT 112),Nội dung,Cơ sở,QLKD,,,,,"Pending - chưa thiết kế nguồn (gap Atomic REPORT_CELL_VALUE, xem O_QLKD_23)"
K_QLKD_2877,DATA EXPLORER,Nhóm 112 — Báo cáo giám sát quản trị công ty (STT 112),Tỷ lệ thông qua (đối với Họp HĐQT),Cơ sở,QLKD,,,,,"Pending - chưa thiết kế nguồn (gap Atomic REPORT_CELL_VALUE, xem O_QLKD_23)"
K_QLKD_2878,DATA EXPLORER,Nhóm 113 — Báo cáo giám sát quản trị công ty (STT 113),Loại báo cáo,Chiều,QLKD,,,,,"Pending - chưa thiết kế nguồn (gap Atomic REPORT_CELL_VALUE, xem O_QLKD_23)"
K_QLKD_2879,DATA EXPLORER,Nhóm 113 — Báo cáo giám sát quản trị công ty (STT 113),Kỳ báo cáo,Chiều,QLKD,,,,,"Pending - chưa thiết kế nguồn (gap Atomic REPORT_CELL_VALUE, xem O_QLKD_23)"
K_QLKD_2880,DATA EXPLORER,Nhóm 113 — Báo cáo giám sát quản trị công ty (STT 113),Mã báo cáo,Chiều,QLKD,,,,,"Pending - chưa thiết kế nguồn (gap Atomic REPORT_CELL_VALUE, xem O_QLKD_23)"
K_QLKD_2881,DATA EXPLORER,Nhóm 113 — Báo cáo giám sát quản trị công ty (STT 113),Tên báo cáo,Chiều,QLKD,,,,,"Pending - chưa thiết kế nguồn (gap Atomic REPORT_CELL_VALUE, xem O_QLKD_23)"
K_QLKD_2882,DATA EXPLORER,Nhóm 113 — Báo cáo giám sát quản trị công ty (STT 113),Mã sheet,Chiều,QLKD,,,,,"Pending - chưa thiết kế nguồn (gap Atomic REPORT_CELL_VALUE, xem O_QLKD_23)"
K_QLKD_2883,DATA EXPLORER,Nhóm 113 — Báo cáo giám sát quản trị công ty (STT 113),Tên sheet,Chiều,QLKD,,,,,"Pending - chưa thiết kế nguồn (gap Atomic REPORT_CELL_VALUE, xem O_QLKD_23)"
K_QLKD_2884,DATA EXPLORER,Nhóm 113 — Báo cáo giám sát quản trị công ty (STT 113),Mã chỉ tiêu,Chiều,QLKD,,,,,"Pending - chưa thiết kế nguồn (gap Atomic REPORT_CELL_VALUE, xem O_QLKD_23)"
K_QLKD_2885,DATA EXPLORER,Nhóm 113 — Báo cáo giám sát quản trị công ty (STT 113),Tên chỉ tiêu,Chiều,QLKD,,,,,"Pending - chưa thiết kế nguồn (gap Atomic REPORT_CELL_VALUE, xem O_QLKD_23)"
K_QLKD_2886,DATA EXPLORER,Nhóm 113 — Báo cáo giám sát quản trị công ty (STT 113),Tên CTCK,Cơ sở,QLKD,,,,,"Pending - chưa thiết kế nguồn (gap Atomic REPORT_CELL_VALUE, xem O_QLKD_23)"
K_QLKD_2887,DATA EXPLORER,Nhóm 113 — Báo cáo giám sát quản trị công ty (STT 113),Địa chỉ trụ sở chính,Cơ sở,QLKD,,,,,"Pending - chưa thiết kế nguồn (gap Atomic REPORT_CELL_VALUE, xem O_QLKD_23)"
K_QLKD_2888,DATA EXPLORER,Nhóm 113 — Báo cáo giám sát quản trị công ty (STT 113),Vốn Điều lệ,Cơ sở,QLKD,,,,,"Pending - chưa thiết kế nguồn (gap Atomic REPORT_CELL_VALUE, xem O_QLKD_23)"
K_QLKD_2889,DATA EXPLORER,Nhóm 113 — Báo cáo giám sát quản trị công ty (STT 113),Mã CK,Cơ sở,QLKD,,,,,"Pending - chưa thiết kế nguồn (gap Atomic REPORT_CELL_VALUE, xem O_QLKD_23)"
K_QLKD_2890,DATA EXPLORER,Nhóm 113 — Báo cáo giám sát quản trị công ty (STT 113),Giấy phép Hoạt động của Chủ tịch UBCKNN cấp lần đầu >> Số,Cơ sở,QLKD,,,,,"Pending - chưa thiết kế nguồn (gap Atomic REPORT_CELL_VALUE, xem O_QLKD_23)"
K_QLKD_2891,DATA EXPLORER,Nhóm 113 — Báo cáo giám sát quản trị công ty (STT 113),Giấy phép Hoạt động của Chủ tịch UBCKNN cấp lần đầu >> Ngày cấp,Cơ sở,QLKD,,,,,"Pending - chưa thiết kế nguồn (gap Atomic REPORT_CELL_VALUE, xem O_QLKD_23)"
K_QLKD_2892,DATA EXPLORER,Nhóm 113 — Báo cáo giám sát quản trị công ty (STT 113),Đại hội đồng cổ đông,Cơ sở,QLKD,,,,,"Pending - chưa thiết kế nguồn (gap Atomic REPORT_CELL_VALUE, xem O_QLKD_23)"
K_QLKD_2893,DATA EXPLORER,Nhóm 113 — Báo cáo giám sát quản trị công ty (STT 113),Hội đồng quản trị,Cơ sở,QLKD,,,,,"Pending - chưa thiết kế nguồn (gap Atomic REPORT_CELL_VALUE, xem O_QLKD_23)"
K_QLKD_2894,DATA EXPLORER,Nhóm 113 — Báo cáo giám sát quản trị công ty (STT 113),Tổng giám đốc/Giám đốc,Cơ sở,QLKD,,,,,"Pending - chưa thiết kế nguồn (gap Atomic REPORT_CELL_VALUE, xem O_QLKD_23)"
K_QLKD_2895,DATA EXPLORER,Nhóm 113 — Báo cáo giám sát quản trị công ty (STT 113),Ban kiểm soát,Cơ sở,QLKD,,,,,"Pending - chưa thiết kế nguồn (gap Atomic REPORT_CELL_VALUE, xem O_QLKD_23)"
K_QLKD_2896,DATA EXPLORER,Nhóm 113 — Báo cáo giám sát quản trị công ty (STT 113),Ủy ban kiểm toán,Cơ sở,QLKD,,,,,"Pending - chưa thiết kế nguồn (gap Atomic REPORT_CELL_VALUE, xem O_QLKD_23)"
K_QLKD_2897,DATA EXPLORER,Nhóm 113 — Báo cáo giám sát quản trị công ty (STT 113),Chức năng kiểm toán nội bộ >> Đã thực hiện,Cơ sở,QLKD,,,,,"Pending - chưa thiết kế nguồn (gap Atomic REPORT_CELL_VALUE, xem O_QLKD_23)"
K_QLKD_2898,DATA EXPLORER,Nhóm 113 — Báo cáo giám sát quản trị công ty (STT 113),Chức năng kiểm toán nội bộ >> Chưa thực hiện,Cơ sở,QLKD,,,,,"Pending - chưa thiết kế nguồn (gap Atomic REPORT_CELL_VALUE, xem O_QLKD_23)"
K_QLKD_2899,DATA EXPLORER,Nhóm 113 — Báo cáo giám sát quản trị công ty (STT 113),Ban Điều hành/Kế toán trưởng,Cơ sở,QLKD,,,,,"Pending - chưa thiết kế nguồn (gap Atomic REPORT_CELL_VALUE, xem O_QLKD_23)"
K_QLKD_2900,DATA EXPLORER,Nhóm 113 — Báo cáo giám sát quản trị công ty (STT 113),Tên thành viên Ban điều hành/Kế toán trưởng,Cơ sở,QLKD,,,,,"Pending - chưa thiết kế nguồn (gap Atomic REPORT_CELL_VALUE, xem O_QLKD_23)"
K_QLKD_2901,DATA EXPLORER,Nhóm 113 — Báo cáo giám sát quản trị công ty (STT 113),"Ngày tháng năm sinh
(Ngày/tháng/năm)",Cơ sở,QLKD,,,,,"Pending - chưa thiết kế nguồn (gap Atomic REPORT_CELL_VALUE, xem O_QLKD_23)"
K_QLKD_2902,DATA EXPLORER,Nhóm 113 — Báo cáo giám sát quản trị công ty (STT 113),Trình độ chuyên môn (nghiệp vụ),Cơ sở,QLKD,,,,,"Pending - chưa thiết kế nguồn (gap Atomic REPORT_CELL_VALUE, xem O_QLKD_23)"
K_QLKD_2903,DATA EXPLORER,Nhóm 113 — Báo cáo giám sát quản trị công ty (STT 113),Ngày (Ngày/tháng/năm) >> Bổ nhiệm,Cơ sở,QLKD,,,,,"Pending - chưa thiết kế nguồn (gap Atomic REPORT_CELL_VALUE, xem O_QLKD_23)"
K_QLKD_2904,DATA EXPLORER,Nhóm 113 — Báo cáo giám sát quản trị công ty (STT 113),Ngày (Ngày/tháng/năm) >> Miễn nhiệm,Cơ sở,QLKD,,,,,"Pending - chưa thiết kế nguồn (gap Atomic REPORT_CELL_VALUE, xem O_QLKD_23)"
K_QLKD_2905,DATA EXPLORER,Nhóm 114 — Báo cáo giám sát quản trị công ty (STT 114),Loại báo cáo,Chiều,QLKD,,,,,"Pending - chưa thiết kế nguồn (gap Atomic REPORT_CELL_VALUE, xem O_QLKD_23)"
K_QLKD_2906,DATA EXPLORER,Nhóm 114 — Báo cáo giám sát quản trị công ty (STT 114),Kỳ báo cáo,Chiều,QLKD,,,,,"Pending - chưa thiết kế nguồn (gap Atomic REPORT_CELL_VALUE, xem O_QLKD_23)"
K_QLKD_2907,DATA EXPLORER,Nhóm 114 — Báo cáo giám sát quản trị công ty (STT 114),Mã báo cáo,Chiều,QLKD,,,,,"Pending - chưa thiết kế nguồn (gap Atomic REPORT_CELL_VALUE, xem O_QLKD_23)"
K_QLKD_2908,DATA EXPLORER,Nhóm 114 — Báo cáo giám sát quản trị công ty (STT 114),Tên báo cáo,Chiều,QLKD,,,,,"Pending - chưa thiết kế nguồn (gap Atomic REPORT_CELL_VALUE, xem O_QLKD_23)"
K_QLKD_2909,DATA EXPLORER,Nhóm 114 — Báo cáo giám sát quản trị công ty (STT 114),Mã sheet,Chiều,QLKD,,,,,"Pending - chưa thiết kế nguồn (gap Atomic REPORT_CELL_VALUE, xem O_QLKD_23)"
K_QLKD_2910,DATA EXPLORER,Nhóm 114 — Báo cáo giám sát quản trị công ty (STT 114),Tên sheet,Chiều,QLKD,,,,,"Pending - chưa thiết kế nguồn (gap Atomic REPORT_CELL_VALUE, xem O_QLKD_23)"
K_QLKD_2911,DATA EXPLORER,Nhóm 114 — Báo cáo giám sát quản trị công ty (STT 114),Mã chỉ tiêu,Chiều,QLKD,,,,,"Pending - chưa thiết kế nguồn (gap Atomic REPORT_CELL_VALUE, xem O_QLKD_23)"
K_QLKD_2912,DATA EXPLORER,Nhóm 114 — Báo cáo giám sát quản trị công ty (STT 114),Tên chỉ tiêu,Chiều,QLKD,,,,,"Pending - chưa thiết kế nguồn (gap Atomic REPORT_CELL_VALUE, xem O_QLKD_23)"
K_QLKD_2913,DATA EXPLORER,Nhóm 114 — Báo cáo giám sát quản trị công ty (STT 114),Tên CTCK,Cơ sở,QLKD,,,,,"Pending - chưa thiết kế nguồn (gap Atomic REPORT_CELL_VALUE, xem O_QLKD_23)"
K_QLKD_2914,DATA EXPLORER,Nhóm 114 — Báo cáo giám sát quản trị công ty (STT 114),Địa chỉ trụ sở chính,Cơ sở,QLKD,,,,,"Pending - chưa thiết kế nguồn (gap Atomic REPORT_CELL_VALUE, xem O_QLKD_23)"
K_QLKD_2915,DATA EXPLORER,Nhóm 114 — Báo cáo giám sát quản trị công ty (STT 114),Vốn Điều lệ,Cơ sở,QLKD,,,,,"Pending - chưa thiết kế nguồn (gap Atomic REPORT_CELL_VALUE, xem O_QLKD_23)"
K_QLKD_2916,DATA EXPLORER,Nhóm 114 — Báo cáo giám sát quản trị công ty (STT 114),Mã CK,Cơ sở,QLKD,,,,,"Pending - chưa thiết kế nguồn (gap Atomic REPORT_CELL_VALUE, xem O_QLKD_23)"
K_QLKD_2917,DATA EXPLORER,Nhóm 114 — Báo cáo giám sát quản trị công ty (STT 114),Giấy phép Hoạt động của Chủ tịch UBCKNN cấp lần đầu >> Số,Cơ sở,QLKD,,,,,"Pending - chưa thiết kế nguồn (gap Atomic REPORT_CELL_VALUE, xem O_QLKD_23)"
K_QLKD_2918,DATA EXPLORER,Nhóm 114 — Báo cáo giám sát quản trị công ty (STT 114),Giấy phép Hoạt động của Chủ tịch UBCKNN cấp lần đầu >> Ngày cấp,Cơ sở,QLKD,,,,,"Pending - chưa thiết kế nguồn (gap Atomic REPORT_CELL_VALUE, xem O_QLKD_23)"
K_QLKD_2919,DATA EXPLORER,Nhóm 114 — Báo cáo giám sát quản trị công ty (STT 114),Đại hội đồng cổ đông,Cơ sở,QLKD,,,,,"Pending - chưa thiết kế nguồn (gap Atomic REPORT_CELL_VALUE, xem O_QLKD_23)"
K_QLKD_2920,DATA EXPLORER,Nhóm 114 — Báo cáo giám sát quản trị công ty (STT 114),Hội đồng quản trị,Cơ sở,QLKD,,,,,"Pending - chưa thiết kế nguồn (gap Atomic REPORT_CELL_VALUE, xem O_QLKD_23)"
K_QLKD_2921,DATA EXPLORER,Nhóm 114 — Báo cáo giám sát quản trị công ty (STT 114),Tổng giám đốc/Giám đốc,Cơ sở,QLKD,,,,,"Pending - chưa thiết kế nguồn (gap Atomic REPORT_CELL_VALUE, xem O_QLKD_23)"
K_QLKD_2922,DATA EXPLORER,Nhóm 114 — Báo cáo giám sát quản trị công ty (STT 114),Ban kiểm soát,Cơ sở,QLKD,,,,,"Pending - chưa thiết kế nguồn (gap Atomic REPORT_CELL_VALUE, xem O_QLKD_23)"
K_QLKD_2923,DATA EXPLORER,Nhóm 114 — Báo cáo giám sát quản trị công ty (STT 114),Ủy ban kiểm toán,Cơ sở,QLKD,,,,,"Pending - chưa thiết kế nguồn (gap Atomic REPORT_CELL_VALUE, xem O_QLKD_23)"
K_QLKD_2924,DATA EXPLORER,Nhóm 114 — Báo cáo giám sát quản trị công ty (STT 114),Chức năng kiểm toán nội bộ >> Đã thực hiện,Cơ sở,QLKD,,,,,"Pending - chưa thiết kế nguồn (gap Atomic REPORT_CELL_VALUE, xem O_QLKD_23)"
K_QLKD_2925,DATA EXPLORER,Nhóm 114 — Báo cáo giám sát quản trị công ty (STT 114),Chức năng kiểm toán nội bộ >> Chưa thực hiện,Cơ sở,QLKD,,,,,"Pending - chưa thiết kế nguồn (gap Atomic REPORT_CELL_VALUE, xem O_QLKD_23)"
K_QLKD_2926,DATA EXPLORER,Nhóm 114 — Báo cáo giám sát quản trị công ty (STT 114),Tên tổ chức/Cá nhân,Cơ sở,QLKD,,,,,"Pending - chưa thiết kế nguồn (gap Atomic REPORT_CELL_VALUE, xem O_QLKD_23)"
K_QLKD_2927,DATA EXPLORER,Nhóm 114 — Báo cáo giám sát quản trị công ty (STT 114),Tài khoản giao dịch chứng khoán (nếu có),Cơ sở,QLKD,,,,,"Pending - chưa thiết kế nguồn (gap Atomic REPORT_CELL_VALUE, xem O_QLKD_23)"
K_QLKD_2928,DATA EXPLORER,Nhóm 114 — Báo cáo giám sát quản trị công ty (STT 114),Chức vụ tại công ty (nếu có),Cơ sở,QLKD,,,,,"Pending - chưa thiết kế nguồn (gap Atomic REPORT_CELL_VALUE, xem O_QLKD_23)"
K_QLKD_2929,DATA EXPLORER,Nhóm 114 — Báo cáo giám sát quản trị công ty (STT 114),"Giấy NSH (số CMND/Hộ chiếu (đối với cá nhân) hoặc Số Giấy chứng nhận đăng ký doanh nghiệp, Giấy phép hoạt động hoặc giấy tờ pháp lý tương đương (đối với tổ chức)) >> Số",Cơ sở,QLKD,,,,,"Pending - chưa thiết kế nguồn (gap Atomic REPORT_CELL_VALUE, xem O_QLKD_23)"
K_QLKD_2930,DATA EXPLORER,Nhóm 114 — Báo cáo giám sát quản trị công ty (STT 114),"Giấy NSH (số CMND/Hộ chiếu (đối với cá nhân) hoặc Số Giấy chứng nhận đăng ký doanh nghiệp, Giấy phép hoạt động hoặc giấy tờ pháp lý tương đương (đối với tổ chức)) >> Ngày cấp",Cơ sở,QLKD,,,,,"Pending - chưa thiết kế nguồn (gap Atomic REPORT_CELL_VALUE, xem O_QLKD_23)"
K_QLKD_2931,DATA EXPLORER,Nhóm 114 — Báo cáo giám sát quản trị công ty (STT 114),"Giấy NSH (số CMND/Hộ chiếu (đối với cá nhân) hoặc Số Giấy chứng nhận đăng ký doanh nghiệp, Giấy phép hoạt động hoặc giấy tờ pháp lý tương đương (đối với tổ chức)) >> Nơi cấp",Cơ sở,QLKD,,,,,"Pending - chưa thiết kế nguồn (gap Atomic REPORT_CELL_VALUE, xem O_QLKD_23)"
K_QLKD_2932,DATA EXPLORER,Nhóm 114 — Báo cáo giám sát quản trị công ty (STT 114),Địa chỉ trụ sở chính/ Địa chỉ liên hệ,Cơ sở,QLKD,,,,,"Pending - chưa thiết kế nguồn (gap Atomic REPORT_CELL_VALUE, xem O_QLKD_23)"
K_QLKD_2933,DATA EXPLORER,Nhóm 114 — Báo cáo giám sát quản trị công ty (STT 114),Thời điểm bắt đầu là người có liên quan,Cơ sở,QLKD,,,,,"Pending - chưa thiết kế nguồn (gap Atomic REPORT_CELL_VALUE, xem O_QLKD_23)"
K_QLKD_2934,DATA EXPLORER,Nhóm 114 — Báo cáo giám sát quản trị công ty (STT 114),Thời điểm không còn là người có liên quan,Cơ sở,QLKD,,,,,"Pending - chưa thiết kế nguồn (gap Atomic REPORT_CELL_VALUE, xem O_QLKD_23)"
K_QLKD_2935,DATA EXPLORER,Nhóm 114 — Báo cáo giám sát quản trị công ty (STT 114),Lý do,Cơ sở,QLKD,,,,,"Pending - chưa thiết kế nguồn (gap Atomic REPORT_CELL_VALUE, xem O_QLKD_23)"
K_QLKD_2936,DATA EXPLORER,Nhóm 114 — Báo cáo giám sát quản trị công ty (STT 114),Mối quan hệ liên quan với công ty,Cơ sở,QLKD,,,,,"Pending - chưa thiết kế nguồn (gap Atomic REPORT_CELL_VALUE, xem O_QLKD_23)"
K_QLKD_2937,DATA EXPLORER,Nhóm 114 — Báo cáo giám sát quản trị công ty (STT 114),Thời điểm giao dịch với công ty,Cơ sở,QLKD,,,,,"Pending - chưa thiết kế nguồn (gap Atomic REPORT_CELL_VALUE, xem O_QLKD_23)"
K_QLKD_2938,DATA EXPLORER,Nhóm 114 — Báo cáo giám sát quản trị công ty (STT 114),Nghị quyết/Quyết định của cấp thẩm quyền thông qua >> Số,Cơ sở,QLKD,,,,,"Pending - chưa thiết kế nguồn (gap Atomic REPORT_CELL_VALUE, xem O_QLKD_23)"
K_QLKD_2939,DATA EXPLORER,Nhóm 114 — Báo cáo giám sát quản trị công ty (STT 114),Nghị quyết/Quyết định của cấp thẩm quyền thông qua >> Ngày,Cơ sở,QLKD,,,,,"Pending - chưa thiết kế nguồn (gap Atomic REPORT_CELL_VALUE, xem O_QLKD_23)"
K_QLKD_2940,DATA EXPLORER,Nhóm 114 — Báo cáo giám sát quản trị công ty (STT 114),"Nội dung, số lượng, tổng giá trị giao dịch",Cơ sở,QLKD,,,,,"Pending - chưa thiết kế nguồn (gap Atomic REPORT_CELL_VALUE, xem O_QLKD_23)"
K_QLKD_2941,DATA EXPLORER,Nhóm 114 — Báo cáo giám sát quản trị công ty (STT 114),Ghi chú,Cơ sở,QLKD,,,,,"Pending - chưa thiết kế nguồn (gap Atomic REPORT_CELL_VALUE, xem O_QLKD_23)"
K_QLKD_2942,DATA EXPLORER,Nhóm 115 — Báo cáo giám sát quản trị công ty (STT 115),Loại báo cáo,Chiều,QLKD,,,,,"Pending - chưa thiết kế nguồn (gap Atomic REPORT_CELL_VALUE, xem O_QLKD_23)"
K_QLKD_2943,DATA EXPLORER,Nhóm 115 — Báo cáo giám sát quản trị công ty (STT 115),Kỳ báo cáo,Chiều,QLKD,,,,,"Pending - chưa thiết kế nguồn (gap Atomic REPORT_CELL_VALUE, xem O_QLKD_23)"
K_QLKD_2944,DATA EXPLORER,Nhóm 115 — Báo cáo giám sát quản trị công ty (STT 115),Mã báo cáo,Chiều,QLKD,,,,,"Pending - chưa thiết kế nguồn (gap Atomic REPORT_CELL_VALUE, xem O_QLKD_23)"
K_QLKD_2945,DATA EXPLORER,Nhóm 115 — Báo cáo giám sát quản trị công ty (STT 115),Tên báo cáo,Chiều,QLKD,,,,,"Pending - chưa thiết kế nguồn (gap Atomic REPORT_CELL_VALUE, xem O_QLKD_23)"
K_QLKD_2946,DATA EXPLORER,Nhóm 115 — Báo cáo giám sát quản trị công ty (STT 115),Mã sheet,Chiều,QLKD,,,,,"Pending - chưa thiết kế nguồn (gap Atomic REPORT_CELL_VALUE, xem O_QLKD_23)"
K_QLKD_2947,DATA EXPLORER,Nhóm 115 — Báo cáo giám sát quản trị công ty (STT 115),Tên sheet,Chiều,QLKD,,,,,"Pending - chưa thiết kế nguồn (gap Atomic REPORT_CELL_VALUE, xem O_QLKD_23)"
K_QLKD_2948,DATA EXPLORER,Nhóm 115 — Báo cáo giám sát quản trị công ty (STT 115),Mã chỉ tiêu,Chiều,QLKD,,,,,"Pending - chưa thiết kế nguồn (gap Atomic REPORT_CELL_VALUE, xem O_QLKD_23)"
K_QLKD_2949,DATA EXPLORER,Nhóm 115 — Báo cáo giám sát quản trị công ty (STT 115),Tên chỉ tiêu,Chiều,QLKD,,,,,"Pending - chưa thiết kế nguồn (gap Atomic REPORT_CELL_VALUE, xem O_QLKD_23)"
K_QLKD_2950,DATA EXPLORER,Nhóm 115 — Báo cáo giám sát quản trị công ty (STT 115),Tên CTCK,Cơ sở,QLKD,,,,,"Pending - chưa thiết kế nguồn (gap Atomic REPORT_CELL_VALUE, xem O_QLKD_23)"
K_QLKD_2951,DATA EXPLORER,Nhóm 115 — Báo cáo giám sát quản trị công ty (STT 115),Địa chỉ trụ sở chính,Cơ sở,QLKD,,,,,"Pending - chưa thiết kế nguồn (gap Atomic REPORT_CELL_VALUE, xem O_QLKD_23)"
K_QLKD_2952,DATA EXPLORER,Nhóm 115 — Báo cáo giám sát quản trị công ty (STT 115),Vốn Điều lệ,Cơ sở,QLKD,,,,,"Pending - chưa thiết kế nguồn (gap Atomic REPORT_CELL_VALUE, xem O_QLKD_23)"
K_QLKD_2953,DATA EXPLORER,Nhóm 115 — Báo cáo giám sát quản trị công ty (STT 115),Mã CK,Cơ sở,QLKD,,,,,"Pending - chưa thiết kế nguồn (gap Atomic REPORT_CELL_VALUE, xem O_QLKD_23)"
K_QLKD_2954,DATA EXPLORER,Nhóm 115 — Báo cáo giám sát quản trị công ty (STT 115),Giấy phép Hoạt động của Chủ tịch UBCKNN cấp lần đầu >> Số,Cơ sở,QLKD,,,,,"Pending - chưa thiết kế nguồn (gap Atomic REPORT_CELL_VALUE, xem O_QLKD_23)"
K_QLKD_2955,DATA EXPLORER,Nhóm 115 — Báo cáo giám sát quản trị công ty (STT 115),Giấy phép Hoạt động của Chủ tịch UBCKNN cấp lần đầu >> Ngày cấp,Cơ sở,QLKD,,,,,"Pending - chưa thiết kế nguồn (gap Atomic REPORT_CELL_VALUE, xem O_QLKD_23)"
K_QLKD_2956,DATA EXPLORER,Nhóm 115 — Báo cáo giám sát quản trị công ty (STT 115),Đại hội đồng cổ đông,Cơ sở,QLKD,,,,,"Pending - chưa thiết kế nguồn (gap Atomic REPORT_CELL_VALUE, xem O_QLKD_23)"
K_QLKD_2957,DATA EXPLORER,Nhóm 115 — Báo cáo giám sát quản trị công ty (STT 115),Hội đồng quản trị,Cơ sở,QLKD,,,,,"Pending - chưa thiết kế nguồn (gap Atomic REPORT_CELL_VALUE, xem O_QLKD_23)"
K_QLKD_2958,DATA EXPLORER,Nhóm 115 — Báo cáo giám sát quản trị công ty (STT 115),Tổng giám đốc/Giám đốc,Cơ sở,QLKD,,,,,"Pending - chưa thiết kế nguồn (gap Atomic REPORT_CELL_VALUE, xem O_QLKD_23)"
K_QLKD_2959,DATA EXPLORER,Nhóm 115 — Báo cáo giám sát quản trị công ty (STT 115),Ban kiểm soát,Cơ sở,QLKD,,,,,"Pending - chưa thiết kế nguồn (gap Atomic REPORT_CELL_VALUE, xem O_QLKD_23)"
K_QLKD_2960,DATA EXPLORER,Nhóm 115 — Báo cáo giám sát quản trị công ty (STT 115),Ủy ban kiểm toán,Cơ sở,QLKD,,,,,"Pending - chưa thiết kế nguồn (gap Atomic REPORT_CELL_VALUE, xem O_QLKD_23)"
K_QLKD_2961,DATA EXPLORER,Nhóm 115 — Báo cáo giám sát quản trị công ty (STT 115),Chức năng kiểm toán nội bộ >> Đã thực hiện,Cơ sở,QLKD,,,,,"Pending - chưa thiết kế nguồn (gap Atomic REPORT_CELL_VALUE, xem O_QLKD_23)"
K_QLKD_2962,DATA EXPLORER,Nhóm 115 — Báo cáo giám sát quản trị công ty (STT 115),Chức năng kiểm toán nội bộ >> Chưa thực hiện,Cơ sở,QLKD,,,,,"Pending - chưa thiết kế nguồn (gap Atomic REPORT_CELL_VALUE, xem O_QLKD_23)"
K_QLKD_2963,DATA EXPLORER,Nhóm 115 — Báo cáo giám sát quản trị công ty (STT 115),Họ và tên,Cơ sở,QLKD,,,,,"Pending - chưa thiết kế nguồn (gap Atomic REPORT_CELL_VALUE, xem O_QLKD_23)"
K_QLKD_2964,DATA EXPLORER,Nhóm 115 — Báo cáo giám sát quản trị công ty (STT 115),Tài khoản giao dịch chứng khoán (nếu có),Cơ sở,QLKD,,,,,"Pending - chưa thiết kế nguồn (gap Atomic REPORT_CELL_VALUE, xem O_QLKD_23)"
K_QLKD_2965,DATA EXPLORER,Nhóm 115 — Báo cáo giám sát quản trị công ty (STT 115),Chức vụ tại công ty (nếu có),Cơ sở,QLKD,,,,,"Pending - chưa thiết kế nguồn (gap Atomic REPORT_CELL_VALUE, xem O_QLKD_23)"
K_QLKD_2966,DATA EXPLORER,Nhóm 115 — Báo cáo giám sát quản trị công ty (STT 115),Số CMND/Hộ chiếu >> Số,Cơ sở,QLKD,,,,,"Pending - chưa thiết kế nguồn (gap Atomic REPORT_CELL_VALUE, xem O_QLKD_23)"
K_QLKD_2967,DATA EXPLORER,Nhóm 115 — Báo cáo giám sát quản trị công ty (STT 115),Số CMND/Hộ chiếu >> Ngày cấp,Cơ sở,QLKD,,,,,"Pending - chưa thiết kế nguồn (gap Atomic REPORT_CELL_VALUE, xem O_QLKD_23)"
K_QLKD_2968,DATA EXPLORER,Nhóm 115 — Báo cáo giám sát quản trị công ty (STT 115),Số CMND/Hộ chiếu >> Nơi cấp,Cơ sở,QLKD,,,,,"Pending - chưa thiết kế nguồn (gap Atomic REPORT_CELL_VALUE, xem O_QLKD_23)"
K_QLKD_2969,DATA EXPLORER,Nhóm 115 — Báo cáo giám sát quản trị công ty (STT 115),Địa chỉ liên hệ,Cơ sở,QLKD,,,,,"Pending - chưa thiết kế nguồn (gap Atomic REPORT_CELL_VALUE, xem O_QLKD_23)"
K_QLKD_2970,DATA EXPLORER,Nhóm 115 — Báo cáo giám sát quản trị công ty (STT 115),Số cổ phiếu sở hữu cuối kỳ,Cơ sở,QLKD,,,,,"Pending - chưa thiết kế nguồn (gap Atomic REPORT_CELL_VALUE, xem O_QLKD_23)"
K_QLKD_2971,DATA EXPLORER,Nhóm 115 — Báo cáo giám sát quản trị công ty (STT 115),Tỷ lệ sở hữu cổ phiếu cuối kỳ,Cơ sở,QLKD,,,,,"Pending - chưa thiết kế nguồn (gap Atomic REPORT_CELL_VALUE, xem O_QLKD_23)"
K_QLKD_2972,DATA EXPLORER,Nhóm 115 — Báo cáo giám sát quản trị công ty (STT 115),Ghi chú (Mối quan hệ với NNB),Cơ sở,QLKD,,,,,"Pending - chưa thiết kế nguồn (gap Atomic REPORT_CELL_VALUE, xem O_QLKD_23)"
K_QLKD_2973,DATA EXPLORER,Nhóm 116 — Báo cáo giám sát quản trị công ty (STT 116),Loại báo cáo,Chiều,QLKD,,,,,"Pending - chưa thiết kế nguồn (gap Atomic REPORT_CELL_VALUE, xem O_QLKD_23)"
K_QLKD_2974,DATA EXPLORER,Nhóm 116 — Báo cáo giám sát quản trị công ty (STT 116),Kỳ báo cáo,Chiều,QLKD,,,,,"Pending - chưa thiết kế nguồn (gap Atomic REPORT_CELL_VALUE, xem O_QLKD_23)"
K_QLKD_2975,DATA EXPLORER,Nhóm 116 — Báo cáo giám sát quản trị công ty (STT 116),Mã báo cáo,Chiều,QLKD,,,,,"Pending - chưa thiết kế nguồn (gap Atomic REPORT_CELL_VALUE, xem O_QLKD_23)"
K_QLKD_2976,DATA EXPLORER,Nhóm 116 — Báo cáo giám sát quản trị công ty (STT 116),Tên báo cáo,Chiều,QLKD,,,,,"Pending - chưa thiết kế nguồn (gap Atomic REPORT_CELL_VALUE, xem O_QLKD_23)"
K_QLKD_2977,DATA EXPLORER,Nhóm 116 — Báo cáo giám sát quản trị công ty (STT 116),Mã sheet,Chiều,QLKD,,,,,"Pending - chưa thiết kế nguồn (gap Atomic REPORT_CELL_VALUE, xem O_QLKD_23)"
K_QLKD_2978,DATA EXPLORER,Nhóm 116 — Báo cáo giám sát quản trị công ty (STT 116),Tên sheet,Chiều,QLKD,,,,,"Pending - chưa thiết kế nguồn (gap Atomic REPORT_CELL_VALUE, xem O_QLKD_23)"
K_QLKD_2979,DATA EXPLORER,Nhóm 116 — Báo cáo giám sát quản trị công ty (STT 116),Mã chỉ tiêu,Chiều,QLKD,,,,,"Pending - chưa thiết kế nguồn (gap Atomic REPORT_CELL_VALUE, xem O_QLKD_23)"
K_QLKD_2980,DATA EXPLORER,Nhóm 116 — Báo cáo giám sát quản trị công ty (STT 116),Tên chỉ tiêu,Chiều,QLKD,,,,,"Pending - chưa thiết kế nguồn (gap Atomic REPORT_CELL_VALUE, xem O_QLKD_23)"
K_QLKD_2981,DATA EXPLORER,Nhóm 116 — Báo cáo giám sát quản trị công ty (STT 116),Tên CTCK,Cơ sở,QLKD,,,,,"Pending - chưa thiết kế nguồn (gap Atomic REPORT_CELL_VALUE, xem O_QLKD_23)"
K_QLKD_2982,DATA EXPLORER,Nhóm 116 — Báo cáo giám sát quản trị công ty (STT 116),Địa chỉ trụ sở chính,Cơ sở,QLKD,,,,,"Pending - chưa thiết kế nguồn (gap Atomic REPORT_CELL_VALUE, xem O_QLKD_23)"
K_QLKD_2983,DATA EXPLORER,Nhóm 116 — Báo cáo giám sát quản trị công ty (STT 116),Vốn Điều lệ,Cơ sở,QLKD,,,,,"Pending - chưa thiết kế nguồn (gap Atomic REPORT_CELL_VALUE, xem O_QLKD_23)"
K_QLKD_2984,DATA EXPLORER,Nhóm 116 — Báo cáo giám sát quản trị công ty (STT 116),Mã CK,Cơ sở,QLKD,,,,,"Pending - chưa thiết kế nguồn (gap Atomic REPORT_CELL_VALUE, xem O_QLKD_23)"
K_QLKD_2985,DATA EXPLORER,Nhóm 116 — Báo cáo giám sát quản trị công ty (STT 116),Giấy phép Hoạt động của Chủ tịch UBCKNN cấp lần đầu >> Số,Cơ sở,QLKD,,,,,"Pending - chưa thiết kế nguồn (gap Atomic REPORT_CELL_VALUE, xem O_QLKD_23)"
K_QLKD_2986,DATA EXPLORER,Nhóm 116 — Báo cáo giám sát quản trị công ty (STT 116),Giấy phép Hoạt động của Chủ tịch UBCKNN cấp lần đầu >> Ngày cấp,Cơ sở,QLKD,,,,,"Pending - chưa thiết kế nguồn (gap Atomic REPORT_CELL_VALUE, xem O_QLKD_23)"
K_QLKD_2987,DATA EXPLORER,Nhóm 116 — Báo cáo giám sát quản trị công ty (STT 116),Đại hội đồng cổ đông,Cơ sở,QLKD,,,,,"Pending - chưa thiết kế nguồn (gap Atomic REPORT_CELL_VALUE, xem O_QLKD_23)"
K_QLKD_2988,DATA EXPLORER,Nhóm 116 — Báo cáo giám sát quản trị công ty (STT 116),Hội đồng quản trị,Cơ sở,QLKD,,,,,"Pending - chưa thiết kế nguồn (gap Atomic REPORT_CELL_VALUE, xem O_QLKD_23)"
K_QLKD_2989,DATA EXPLORER,Nhóm 116 — Báo cáo giám sát quản trị công ty (STT 116),Tổng giám đốc/Giám đốc,Cơ sở,QLKD,,,,,"Pending - chưa thiết kế nguồn (gap Atomic REPORT_CELL_VALUE, xem O_QLKD_23)"
K_QLKD_2990,DATA EXPLORER,Nhóm 116 — Báo cáo giám sát quản trị công ty (STT 116),Ban kiểm soát,Cơ sở,QLKD,,,,,"Pending - chưa thiết kế nguồn (gap Atomic REPORT_CELL_VALUE, xem O_QLKD_23)"
K_QLKD_2991,DATA EXPLORER,Nhóm 116 — Báo cáo giám sát quản trị công ty (STT 116),Ủy ban kiểm toán,Cơ sở,QLKD,,,,,"Pending - chưa thiết kế nguồn (gap Atomic REPORT_CELL_VALUE, xem O_QLKD_23)"
K_QLKD_2992,DATA EXPLORER,Nhóm 116 — Báo cáo giám sát quản trị công ty (STT 116),Chức năng kiểm toán nội bộ >> Đã thực hiện,Cơ sở,QLKD,,,,,"Pending - chưa thiết kế nguồn (gap Atomic REPORT_CELL_VALUE, xem O_QLKD_23)"
K_QLKD_2993,DATA EXPLORER,Nhóm 116 — Báo cáo giám sát quản trị công ty (STT 116),Chức năng kiểm toán nội bộ >> Chưa thực hiện,Cơ sở,QLKD,,,,,"Pending - chưa thiết kế nguồn (gap Atomic REPORT_CELL_VALUE, xem O_QLKD_23)"
K_QLKD_2994,DATA EXPLORER,Nhóm 116 — Báo cáo giám sát quản trị công ty (STT 116),Người thực hiện giao dịch,Cơ sở,QLKD,,,,,"Pending - chưa thiết kế nguồn (gap Atomic REPORT_CELL_VALUE, xem O_QLKD_23)"
K_QLKD_2995,DATA EXPLORER,Nhóm 116 — Báo cáo giám sát quản trị công ty (STT 116),Quan hệ với người nội bộ,Cơ sở,QLKD,,,,,"Pending - chưa thiết kế nguồn (gap Atomic REPORT_CELL_VALUE, xem O_QLKD_23)"
K_QLKD_2996,DATA EXPLORER,Nhóm 116 — Báo cáo giám sát quản trị công ty (STT 116),Chức vụ tại CTNY,Cơ sở,QLKD,,,,,"Pending - chưa thiết kế nguồn (gap Atomic REPORT_CELL_VALUE, xem O_QLKD_23)"
K_QLKD_2997,DATA EXPLORER,Nhóm 116 — Báo cáo giám sát quản trị công ty (STT 116),CMND/Hộ chiếu >> Số,Cơ sở,QLKD,,,,,"Pending - chưa thiết kế nguồn (gap Atomic REPORT_CELL_VALUE, xem O_QLKD_23)"
K_QLKD_2998,DATA EXPLORER,Nhóm 116 — Báo cáo giám sát quản trị công ty (STT 116),CMND/Hộ chiếu >> Ngày cấp,Cơ sở,QLKD,,,,,"Pending - chưa thiết kế nguồn (gap Atomic REPORT_CELL_VALUE, xem O_QLKD_23)"
K_QLKD_2999,DATA EXPLORER,Nhóm 116 — Báo cáo giám sát quản trị công ty (STT 116),CMND/Hộ chiếu >> Nơi cấp,Cơ sở,QLKD,,,,,"Pending - chưa thiết kế nguồn (gap Atomic REPORT_CELL_VALUE, xem O_QLKD_23)"
K_QLKD_3000,DATA EXPLORER,Nhóm 116 — Báo cáo giám sát quản trị công ty (STT 116),Địa chỉ,Cơ sở,QLKD,,,,,"Pending - chưa thiết kế nguồn (gap Atomic REPORT_CELL_VALUE, xem O_QLKD_23)"
K_QLKD_3001,DATA EXPLORER,Nhóm 116 — Báo cáo giám sát quản trị công ty (STT 116),"Tên công ty con, công ty do CTNY nắm quyền kiểm soát",Cơ sở,QLKD,,,,,"Pending - chưa thiết kế nguồn (gap Atomic REPORT_CELL_VALUE, xem O_QLKD_23)"
K_QLKD_3002,DATA EXPLORER,Nhóm 116 — Báo cáo giám sát quản trị công ty (STT 116),Thời điểm giao dịch,Cơ sở,QLKD,,,,,"Pending - chưa thiết kế nguồn (gap Atomic REPORT_CELL_VALUE, xem O_QLKD_23)"
K_QLKD_3003,DATA EXPLORER,Nhóm 116 — Báo cáo giám sát quản trị công ty (STT 116),"Nội dung, số lượng, tổng giá trị giao dịch",Cơ sở,QLKD,,,,,"Pending - chưa thiết kế nguồn (gap Atomic REPORT_CELL_VALUE, xem O_QLKD_23)"
K_QLKD_3004,DATA EXPLORER,Nhóm 116 — Báo cáo giám sát quản trị công ty (STT 116),Ghi chú,Cơ sở,QLKD,,,,,"Pending - chưa thiết kế nguồn (gap Atomic REPORT_CELL_VALUE, xem O_QLKD_23)"
K_QLKD_3005,DATA EXPLORER,Nhóm 116 — Báo cáo giám sát quản trị công ty (STT 116),Số cổ phiếu sở hữu đầu kỳ >> Số cổ phiếu,Cơ sở,QLKD,,,,,"Pending - chưa thiết kế nguồn (gap Atomic REPORT_CELL_VALUE, xem O_QLKD_23)"
K_QLKD_3006,DATA EXPLORER,Nhóm 116 — Báo cáo giám sát quản trị công ty (STT 116),Số cổ phiếu sở hữu đầu kỳ >> Tỷ lệ,Cơ sở,QLKD,,,,,"Pending - chưa thiết kế nguồn (gap Atomic REPORT_CELL_VALUE, xem O_QLKD_23)"
K_QLKD_3007,DATA EXPLORER,Nhóm 116 — Báo cáo giám sát quản trị công ty (STT 116),Số cổ phiếu sở hữu cuối kỳ >> Số cổ phiếu,Cơ sở,QLKD,,,,,"Pending - chưa thiết kế nguồn (gap Atomic REPORT_CELL_VALUE, xem O_QLKD_23)"
K_QLKD_3008,DATA EXPLORER,Nhóm 116 — Báo cáo giám sát quản trị công ty (STT 116),Số cổ phiếu sở hữu cuối kỳ >> Tỷ lệ,Cơ sở,QLKD,,,,,"Pending - chưa thiết kế nguồn (gap Atomic REPORT_CELL_VALUE, xem O_QLKD_23)"
K_QLKD_3009,DATA EXPLORER,Nhóm 116 — Báo cáo giám sát quản trị công ty (STT 116),"Lý do tăng, giảm (mua, bán, chuyển đổi, thưởng...",Cơ sở,QLKD,,,,,"Pending - chưa thiết kế nguồn (gap Atomic REPORT_CELL_VALUE, xem O_QLKD_23)"
K_QLKD_3010,DATA EXPLORER,Nhóm 117 — Báo cáo NPF (STT 117),Loại báo cáo,Chiều,QLKD,,,,,"Pending - chưa thiết kế nguồn (gap Atomic REPORT_CELL_VALUE, xem O_QLKD_23)"
K_QLKD_3011,DATA EXPLORER,Nhóm 117 — Báo cáo NPF (STT 117),Kỳ báo cáo,Chiều,QLKD,,,,,"Pending - chưa thiết kế nguồn (gap Atomic REPORT_CELL_VALUE, xem O_QLKD_23)"
K_QLKD_3012,DATA EXPLORER,Nhóm 117 — Báo cáo NPF (STT 117),Mã báo cáo,Chiều,QLKD,,,,,"Pending - chưa thiết kế nguồn (gap Atomic REPORT_CELL_VALUE, xem O_QLKD_23)"
K_QLKD_3013,DATA EXPLORER,Nhóm 117 — Báo cáo NPF (STT 117),Tên báo cáo,Chiều,QLKD,,,,,"Pending - chưa thiết kế nguồn (gap Atomic REPORT_CELL_VALUE, xem O_QLKD_23)"
K_QLKD_3014,DATA EXPLORER,Nhóm 117 — Báo cáo NPF (STT 117),Mã sheet,Chiều,QLKD,,,,,"Pending - chưa thiết kế nguồn (gap Atomic REPORT_CELL_VALUE, xem O_QLKD_23)"
K_QLKD_3015,DATA EXPLORER,Nhóm 117 — Báo cáo NPF (STT 117),Tên sheet,Chiều,QLKD,,,,,"Pending - chưa thiết kế nguồn (gap Atomic REPORT_CELL_VALUE, xem O_QLKD_23)"
K_QLKD_3016,DATA EXPLORER,Nhóm 117 — Báo cáo NPF (STT 117),Mã chỉ tiêu,Chiều,QLKD,,,,,"Pending - chưa thiết kế nguồn (gap Atomic REPORT_CELL_VALUE, xem O_QLKD_23)"
K_QLKD_3017,DATA EXPLORER,Nhóm 117 — Báo cáo NPF (STT 117),Tên chỉ tiêu,Chiều,QLKD,,,,,"Pending - chưa thiết kế nguồn (gap Atomic REPORT_CELL_VALUE, xem O_QLKD_23)"
K_QLKD_3018,DATA EXPLORER,Nhóm 117 — Báo cáo NPF (STT 117),Tên công ty chứng khoán,Cơ sở,QLKD,,,,,"Pending - chưa thiết kế nguồn (gap Atomic REPORT_CELL_VALUE, xem O_QLKD_23)"
K_QLKD_3019,DATA EXPLORER,Nhóm 117 — Báo cáo NPF (STT 117),Ngày (Ngày/tháng/năm),Cơ sở,QLKD,,,,,"Pending - chưa thiết kế nguồn (gap Atomic REPORT_CELL_VALUE, xem O_QLKD_23)"
K_QLKD_3020,DATA EXPLORER,Nhóm 117 — Báo cáo NPF (STT 117),Số lượng NĐTNN là tổ chức đã đăng ký NPF >> Đã đăng ký,Cơ sở,QLKD,,,,,"Pending - chưa thiết kế nguồn (gap Atomic REPORT_CELL_VALUE, xem O_QLKD_23)"
K_QLKD_3021,DATA EXPLORER,Nhóm 117 — Báo cáo NPF (STT 117),Số lượng NĐTNN là tổ chức đã đăng ký NPF >> Đã sử dụng,Cơ sở,QLKD,,,,,"Pending - chưa thiết kế nguồn (gap Atomic REPORT_CELL_VALUE, xem O_QLKD_23)"
K_QLKD_3022,DATA EXPLORER,Nhóm 117 — Báo cáo NPF (STT 117),Số lượng tài khoản của NĐTNN là tổ chức đã đăng ký NPF >> Đã đăng ký,Cơ sở,QLKD,,,,,"Pending - chưa thiết kế nguồn (gap Atomic REPORT_CELL_VALUE, xem O_QLKD_23)"
K_QLKD_3023,DATA EXPLORER,Nhóm 117 — Báo cáo NPF (STT 117),Số lượng tài khoản của NĐTNN là tổ chức đã đăng ký NPF >> Đã sử dụng,Cơ sở,QLKD,,,,,"Pending - chưa thiết kế nguồn (gap Atomic REPORT_CELL_VALUE, xem O_QLKD_23)"
K_QLKD_3024,DATA EXPLORER,Nhóm 117 — Báo cáo NPF (STT 117),NĐTNN là tổ chức >> Số lần đặt lệnh mua cổ phiếu,Cơ sở,QLKD,,,,,"Pending - chưa thiết kế nguồn (gap Atomic REPORT_CELL_VALUE, xem O_QLKD_23)"
K_QLKD_3025,DATA EXPLORER,Nhóm 117 — Báo cáo NPF (STT 117),NĐTNN là tổ chức >> Số lượng cổ phiếu mua,Cơ sở,QLKD,,,,,"Pending - chưa thiết kế nguồn (gap Atomic REPORT_CELL_VALUE, xem O_QLKD_23)"
K_QLKD_3026,DATA EXPLORER,Nhóm 117 — Báo cáo NPF (STT 117),NĐTNN là tổ chức >> Giá trị cổ phiếu mua theo thị giá (tỷ đồng),Cơ sở,QLKD,,,,,"Pending - chưa thiết kế nguồn (gap Atomic REPORT_CELL_VALUE, xem O_QLKD_23)"
K_QLKD_3027,DATA EXPLORER,Nhóm 117 — Báo cáo NPF (STT 117),NĐTNN là tổ chức sử dụng NPF >> Số lần đặt lệnh mua NPF,Cơ sở,QLKD,,,,,"Pending - chưa thiết kế nguồn (gap Atomic REPORT_CELL_VALUE, xem O_QLKD_23)"
K_QLKD_3028,DATA EXPLORER,Nhóm 117 — Báo cáo NPF (STT 117),NĐTNN là tổ chức sử dụng NPF >> Số lượng cổ phiếu mua NPF,Cơ sở,QLKD,,,,,"Pending - chưa thiết kế nguồn (gap Atomic REPORT_CELL_VALUE, xem O_QLKD_23)"
K_QLKD_3029,DATA EXPLORER,Nhóm 117 — Báo cáo NPF (STT 117),NĐTNN là tổ chức sử dụng NPF >> Giá trị giao dịch mua NPF (tỷ đồng),Cơ sở,QLKD,,,,,"Pending - chưa thiết kế nguồn (gap Atomic REPORT_CELL_VALUE, xem O_QLKD_23)"
K_QLKD_3030,DATA EXPLORER,Nhóm 117 — Báo cáo NPF (STT 117),"Giao dịch NPF thiếu tiền ngày T+1, CTCK phong tỏa tiền tại NHTT >> Số lần đặt lệnh NPF",Cơ sở,QLKD,,,,,"Pending - chưa thiết kế nguồn (gap Atomic REPORT_CELL_VALUE, xem O_QLKD_23)"
K_QLKD_3031,DATA EXPLORER,Nhóm 117 — Báo cáo NPF (STT 117),"Giao dịch NPF thiếu tiền ngày T+1, CTCK phong tỏa tiền tại NHTT >> Số lượng cổ phiếu mua NPF",Cơ sở,QLKD,,,,,"Pending - chưa thiết kế nguồn (gap Atomic REPORT_CELL_VALUE, xem O_QLKD_23)"
K_QLKD_3032,DATA EXPLORER,Nhóm 117 — Báo cáo NPF (STT 117),"Giao dịch NPF thiếu tiền ngày T+1, CTCK phong tỏa tiền tại NHTT >> Giá trị (tỷ đồng)",Cơ sở,QLKD,,,,,"Pending - chưa thiết kế nguồn (gap Atomic REPORT_CELL_VALUE, xem O_QLKD_23)"
K_QLKD_3033,DATA EXPLORER,Nhóm 117 — Báo cáo NPF (STT 117),"Giao dịch NPF thiếu tiền vào ngày T+2, CTCK thanh toán thay >> Số lần đặt lệnh NPF",Cơ sở,QLKD,,,,,"Pending - chưa thiết kế nguồn (gap Atomic REPORT_CELL_VALUE, xem O_QLKD_23)"
K_QLKD_3034,DATA EXPLORER,Nhóm 117 — Báo cáo NPF (STT 117),"Giao dịch NPF thiếu tiền vào ngày T+2, CTCK thanh toán thay >> Số lượng cổ phiếu mua NPF",Cơ sở,QLKD,,,,,"Pending - chưa thiết kế nguồn (gap Atomic REPORT_CELL_VALUE, xem O_QLKD_23)"
K_QLKD_3035,DATA EXPLORER,Nhóm 117 — Báo cáo NPF (STT 117),"Giao dịch NPF thiếu tiền vào ngày T+2, CTCK thanh toán thay >> Giá trị (tỷ đồng)",Cơ sở,QLKD,,,,,"Pending - chưa thiết kế nguồn (gap Atomic REPORT_CELL_VALUE, xem O_QLKD_23)"
K_QLKD_3036,DATA EXPLORER,Nhóm 117 — Báo cáo NPF (STT 117),Giao dịch chuyển quyền sở hữu cổ phiếu từ tài khoản NĐT NPF sang tài khoản tự doanh CTCK >> Số lần đặt lệnh NPF,Cơ sở,QLKD,,,,,"Pending - chưa thiết kế nguồn (gap Atomic REPORT_CELL_VALUE, xem O_QLKD_23)"
K_QLKD_3037,DATA EXPLORER,Nhóm 117 — Báo cáo NPF (STT 117),Giao dịch chuyển quyền sở hữu cổ phiếu từ tài khoản NĐT NPF sang tài khoản tự doanh CTCK >> Số lượng cổ phiếu mua NPF,Cơ sở,QLKD,,,,,"Pending - chưa thiết kế nguồn (gap Atomic REPORT_CELL_VALUE, xem O_QLKD_23)"
K_QLKD_3038,DATA EXPLORER,Nhóm 117 — Báo cáo NPF (STT 117),Giao dịch chuyển quyền sở hữu cổ phiếu từ tài khoản NĐT NPF sang tài khoản tự doanh CTCK >> Giá trị (tỷ đồng),Cơ sở,QLKD,,,,,"Pending - chưa thiết kế nguồn (gap Atomic REPORT_CELL_VALUE, xem O_QLKD_23)"
K_QLKD_3039,DATA EXPLORER,Nhóm 117 — Báo cáo NPF (STT 117),Giao dịch mua cổ phiếu của NĐTNN bị loại bỏ thanh toán do CTCK không đủ tiền phong tỏa ngày T+1 >> Số lần đặt lệnh NPF,Cơ sở,QLKD,,,,,"Pending - chưa thiết kế nguồn (gap Atomic REPORT_CELL_VALUE, xem O_QLKD_23)"
K_QLKD_3040,DATA EXPLORER,Nhóm 117 — Báo cáo NPF (STT 117),Giao dịch mua cổ phiếu của NĐTNN bị loại bỏ thanh toán do CTCK không đủ tiền phong tỏa ngày T+1 >> Số lượng cổ phiếu mua NPF,Cơ sở,QLKD,,,,,"Pending - chưa thiết kế nguồn (gap Atomic REPORT_CELL_VALUE, xem O_QLKD_23)"
K_QLKD_3041,DATA EXPLORER,Nhóm 117 — Báo cáo NPF (STT 117),Giao dịch mua cổ phiếu của NĐTNN bị loại bỏ thanh toán do CTCK không đủ tiền phong tỏa ngày T+1 >> Giá trị (tỷ đồng),Cơ sở,QLKD,,,,,"Pending - chưa thiết kế nguồn (gap Atomic REPORT_CELL_VALUE, xem O_QLKD_23)"
K_QLKD_3042,DATA EXPLORER,Nhóm 117 — Báo cáo NPF (STT 117),Giao dịch không đủ tiền để thanh toán vào ngày T+2 dẫn đến VSDC áp dụng biện pháp hỗ trợ thanh toán >> Số lần đặt lệnh NPF,Cơ sở,QLKD,,,,,"Pending - chưa thiết kế nguồn (gap Atomic REPORT_CELL_VALUE, xem O_QLKD_23)"
K_QLKD_3043,DATA EXPLORER,Nhóm 117 — Báo cáo NPF (STT 117),Giao dịch không đủ tiền để thanh toán vào ngày T+2 dẫn đến VSDC áp dụng biện pháp hỗ trợ thanh toán >> Số lượng cổ phiếu mua NPF,Cơ sở,QLKD,,,,,"Pending - chưa thiết kế nguồn (gap Atomic REPORT_CELL_VALUE, xem O_QLKD_23)"
K_QLKD_3044,DATA EXPLORER,Nhóm 117 — Báo cáo NPF (STT 117),Giao dịch không đủ tiền để thanh toán vào ngày T+2 dẫn đến VSDC áp dụng biện pháp hỗ trợ thanh toán >> Giá trị (tỷ đồng),Cơ sở,QLKD,,,,,"Pending - chưa thiết kế nguồn (gap Atomic REPORT_CELL_VALUE, xem O_QLKD_23)"
K_QLKD_3045,DATA EXPLORER,Nhóm 118 — Báo cáo thường niên (STT 118),Loại báo cáo,Chiều,QLKD,,,,,"Pending - chưa thiết kế nguồn (gap Atomic REPORT_CELL_VALUE, xem O_QLKD_23)"
K_QLKD_3046,DATA EXPLORER,Nhóm 118 — Báo cáo thường niên (STT 118),Kỳ báo cáo,Chiều,QLKD,,,,,"Pending - chưa thiết kế nguồn (gap Atomic REPORT_CELL_VALUE, xem O_QLKD_23)"
K_QLKD_3047,DATA EXPLORER,Nhóm 118 — Báo cáo thường niên (STT 118),Mã báo cáo,Chiều,QLKD,,,,,"Pending - chưa thiết kế nguồn (gap Atomic REPORT_CELL_VALUE, xem O_QLKD_23)"
K_QLKD_3048,DATA EXPLORER,Nhóm 118 — Báo cáo thường niên (STT 118),Tên báo cáo,Chiều,QLKD,,,,,"Pending - chưa thiết kế nguồn (gap Atomic REPORT_CELL_VALUE, xem O_QLKD_23)"
K_QLKD_3049,DATA EXPLORER,Nhóm 118 — Báo cáo thường niên (STT 118),Mã sheet,Chiều,QLKD,,,,,"Pending - chưa thiết kế nguồn (gap Atomic REPORT_CELL_VALUE, xem O_QLKD_23)"
K_QLKD_3050,DATA EXPLORER,Nhóm 118 — Báo cáo thường niên (STT 118),Tên sheet,Chiều,QLKD,,,,,"Pending - chưa thiết kế nguồn (gap Atomic REPORT_CELL_VALUE, xem O_QLKD_23)"
K_QLKD_3051,DATA EXPLORER,Nhóm 118 — Báo cáo thường niên (STT 118),Mã chỉ tiêu,Chiều,QLKD,,,,,"Pending - chưa thiết kế nguồn (gap Atomic REPORT_CELL_VALUE, xem O_QLKD_23)"
K_QLKD_3052,DATA EXPLORER,Nhóm 118 — Báo cáo thường niên (STT 118),Tên chỉ tiêu,Chiều,QLKD,,,,,"Pending - chưa thiết kế nguồn (gap Atomic REPORT_CELL_VALUE, xem O_QLKD_23)"
K_QLKD_3053,DATA EXPLORER,Nhóm 118 — Báo cáo thường niên (STT 118),Thông tin chung >> Mô hình quản trị,Chiều,QLKD,,,,,"Pending - chưa thiết kế nguồn (gap Atomic REPORT_CELL_VALUE, xem O_QLKD_23)"
K_QLKD_3054,DATA EXPLORER,Nhóm 118 — Báo cáo thường niên (STT 118),"Thông tin chung >> Các công ty con, công ty liên kết >> Tên công ty",Cơ sở,QLKD,,,,,"Pending - chưa thiết kế nguồn (gap Atomic REPORT_CELL_VALUE, xem O_QLKD_23)"
K_QLKD_3055,DATA EXPLORER,Nhóm 118 — Báo cáo thường niên (STT 118),"Thông tin chung >> Các công ty con, công ty liên kết >> Địa chỉ",Cơ sở,QLKD,,,,,"Pending - chưa thiết kế nguồn (gap Atomic REPORT_CELL_VALUE, xem O_QLKD_23)"
K_QLKD_3056,DATA EXPLORER,Nhóm 118 — Báo cáo thường niên (STT 118),"Thông tin chung >> Các công ty con, công ty liên kết >> Lĩnh vực sản xuất kinh doanh chính",Cơ sở,QLKD,,,,,"Pending - chưa thiết kế nguồn (gap Atomic REPORT_CELL_VALUE, xem O_QLKD_23)"
K_QLKD_3057,DATA EXPLORER,Nhóm 118 — Báo cáo thường niên (STT 118),"Thông tin chung >> Các công ty con, công ty liên kết >> Vốn điều lệ thực góp",Cơ sở,QLKD,,,,,"Pending - chưa thiết kế nguồn (gap Atomic REPORT_CELL_VALUE, xem O_QLKD_23)"
K_QLKD_3058,DATA EXPLORER,Nhóm 118 — Báo cáo thường niên (STT 118),"Thông tin chung >> Các công ty con, công ty liên kết >> Tỷ lệ sở hữu",Cơ sở,QLKD,,,,,"Pending - chưa thiết kế nguồn (gap Atomic REPORT_CELL_VALUE, xem O_QLKD_23)"
K_QLKD_3059,DATA EXPLORER,Nhóm 118 — Báo cáo thường niên (STT 118),Tình hình hoạt động trong năm >> Danh sách Ban điều hành >> Họ và tên,Cơ sở,QLKD,,,,,"Pending - chưa thiết kế nguồn (gap Atomic REPORT_CELL_VALUE, xem O_QLKD_23)"
K_QLKD_3060,DATA EXPLORER,Nhóm 118 — Báo cáo thường niên (STT 118),Tình hình hoạt động trong năm >> Danh sách Ban điều hành >> Chức vụ,Cơ sở,QLKD,,,,,"Pending - chưa thiết kế nguồn (gap Atomic REPORT_CELL_VALUE, xem O_QLKD_23)"
K_QLKD_3061,DATA EXPLORER,Nhóm 118 — Báo cáo thường niên (STT 118),Tình hình hoạt động trong năm >> Danh sách Ban điều hành >> Ngày sinh,Cơ sở,QLKD,,,,,"Pending - chưa thiết kế nguồn (gap Atomic REPORT_CELL_VALUE, xem O_QLKD_23)"
K_QLKD_3062,DATA EXPLORER,Nhóm 118 — Báo cáo thường niên (STT 118),Tình hình hoạt động trong năm >> Danh sách Ban điều hành >> Quốc tịch,Cơ sở,QLKD,,,,,"Pending - chưa thiết kế nguồn (gap Atomic REPORT_CELL_VALUE, xem O_QLKD_23)"
K_QLKD_3063,DATA EXPLORER,Nhóm 118 — Báo cáo thường niên (STT 118),Tình hình hoạt động trong năm >> Danh sách Ban điều hành >> Số cổ phần sở hữu,Cơ sở,QLKD,,,,,"Pending - chưa thiết kế nguồn (gap Atomic REPORT_CELL_VALUE, xem O_QLKD_23)"
K_QLKD_3064,DATA EXPLORER,Nhóm 118 — Báo cáo thường niên (STT 118),Tình hình hoạt động trong năm >> Danh sách Ban điều hành >> Tỷ lệ sở hữu cổ phần,Cơ sở,QLKD,,,,,"Pending - chưa thiết kế nguồn (gap Atomic REPORT_CELL_VALUE, xem O_QLKD_23)"
K_QLKD_3065,DATA EXPLORER,Nhóm 118 — Báo cáo thường niên (STT 118),Tình hình hoạt động trong năm >> Danh sách Ban điều hành >> Trình độ chuyên môn,Cơ sở,QLKD,,,,,"Pending - chưa thiết kế nguồn (gap Atomic REPORT_CELL_VALUE, xem O_QLKD_23)"
K_QLKD_3066,DATA EXPLORER,Nhóm 118 — Báo cáo thường niên (STT 118),Tình hình hoạt động trong năm >> Danh sách Ban điều hành >> Quá trình công tác,Cơ sở,QLKD,,,,,"Pending - chưa thiết kế nguồn (gap Atomic REPORT_CELL_VALUE, xem O_QLKD_23)"
K_QLKD_3067,DATA EXPLORER,Nhóm 118 — Báo cáo thường niên (STT 118),Tình hình hoạt động trong năm >> Những thay đổi trong ban điều hành,Cơ sở,QLKD,,,,,"Pending - chưa thiết kế nguồn (gap Atomic REPORT_CELL_VALUE, xem O_QLKD_23)"
K_QLKD_3068,DATA EXPLORER,Nhóm 118 — Báo cáo thường niên (STT 118),"Tình hình hoạt động trong năm >> Tổng số lượng cán bộ, nhân viên",Cơ sở,QLKD,,,,,"Pending - chưa thiết kế nguồn (gap Atomic REPORT_CELL_VALUE, xem O_QLKD_23)"
K_QLKD_3069,DATA EXPLORER,Nhóm 118 — Báo cáo thường niên (STT 118),Tình hình hoạt động trong năm >> Các khoản đầu tư lớn >> Các khoản đầu tư lớn,Cơ sở,QLKD,,,,,"Pending - chưa thiết kế nguồn (gap Atomic REPORT_CELL_VALUE, xem O_QLKD_23)"
K_QLKD_3070,DATA EXPLORER,Nhóm 118 — Báo cáo thường niên (STT 118),Tình hình hoạt động trong năm >> Các khoản đầu tư lớn >> Tình hình thực hiện dự án,Cơ sở,QLKD,,,,,"Pending - chưa thiết kế nguồn (gap Atomic REPORT_CELL_VALUE, xem O_QLKD_23)"
K_QLKD_3071,DATA EXPLORER,Nhóm 118 — Báo cáo thường niên (STT 118),Tình hình hoạt động trong năm >> Các khoản đầu tư lớn >> Tiến độ thực hiện dự án,Cơ sở,QLKD,,,,,"Pending - chưa thiết kế nguồn (gap Atomic REPORT_CELL_VALUE, xem O_QLKD_23)"
K_QLKD_3072,DATA EXPLORER,Nhóm 118 — Báo cáo thường niên (STT 118),Tình hình hoạt động trong năm >> Các khoản đầu tư lớn >> Đánh giá,Cơ sở,QLKD,,,,,"Pending - chưa thiết kế nguồn (gap Atomic REPORT_CELL_VALUE, xem O_QLKD_23)"
K_QLKD_3073,DATA EXPLORER,Nhóm 118 — Báo cáo thường niên (STT 118),Tình hình hoạt động trong năm >> Các khoản đầu tư lớn >> Nguyên nhân,Cơ sở,QLKD,,,,,"Pending - chưa thiết kế nguồn (gap Atomic REPORT_CELL_VALUE, xem O_QLKD_23)"
K_QLKD_3074,DATA EXPLORER,Nhóm 118 — Báo cáo thường niên (STT 118),"Tình hình hoạt động trong năm >> Các công ty con, công ty liên kết >> Tình hình tài chính",Cơ sở,QLKD,,,,,"Pending - chưa thiết kế nguồn (gap Atomic REPORT_CELL_VALUE, xem O_QLKD_23)"
K_QLKD_3075,DATA EXPLORER,Nhóm 118 — Báo cáo thường niên (STT 118),Tình hình hoạt động trong năm >> Cổ phần >> Tổng số cổ phần,Cơ sở,QLKD,,,,,"Pending - chưa thiết kế nguồn (gap Atomic REPORT_CELL_VALUE, xem O_QLKD_23)"
K_QLKD_3076,DATA EXPLORER,Nhóm 118 — Báo cáo thường niên (STT 118),Tình hình hoạt động trong năm >> Cổ phần >> Loại cổ phần đang lưu hành,Cơ sở,QLKD,,,,,"Pending - chưa thiết kế nguồn (gap Atomic REPORT_CELL_VALUE, xem O_QLKD_23)"
K_QLKD_3077,DATA EXPLORER,Nhóm 118 — Báo cáo thường niên (STT 118),Tình hình hoạt động trong năm >> Cổ phần >> Số lượng cổ phần chuyển nhượng tự do,Cơ sở,QLKD,,,,,"Pending - chưa thiết kế nguồn (gap Atomic REPORT_CELL_VALUE, xem O_QLKD_23)"
K_QLKD_3078,DATA EXPLORER,Nhóm 118 — Báo cáo thường niên (STT 118),Tình hình hoạt động trong năm >> Cổ phần >> Số lượng cổ phần bị hạn chế chuyển nhượng,Cơ sở,QLKD,,,,,"Pending - chưa thiết kế nguồn (gap Atomic REPORT_CELL_VALUE, xem O_QLKD_23)"
K_QLKD_3079,DATA EXPLORER,Nhóm 118 — Báo cáo thường niên (STT 118),Tình hình hoạt động trong năm >> Cổ phần >> Thị trường giao dịch,Cơ sở,QLKD,,,,,"Pending - chưa thiết kế nguồn (gap Atomic REPORT_CELL_VALUE, xem O_QLKD_23)"
K_QLKD_3080,DATA EXPLORER,Nhóm 118 — Báo cáo thường niên (STT 118),Tình hình hoạt động trong năm >> Cổ phần >> Số lượng chứng khoán được giao dịch,Cơ sở,QLKD,,,,,"Pending - chưa thiết kế nguồn (gap Atomic REPORT_CELL_VALUE, xem O_QLKD_23)"
K_QLKD_3081,DATA EXPLORER,Nhóm 118 — Báo cáo thường niên (STT 118),Tình hình hoạt động trong năm >> Cổ phần >> Số lượng chứng khoán được bảo trợ,Cơ sở,QLKD,,,,,"Pending - chưa thiết kế nguồn (gap Atomic REPORT_CELL_VALUE, xem O_QLKD_23)"
K_QLKD_3082,DATA EXPLORER,Nhóm 118 — Báo cáo thường niên (STT 118),"Tình hình hoạt động trong năm >> Cổ phần >> Quyền, nghĩa vụ của công ty",Cơ sở,QLKD,,,,,"Pending - chưa thiết kế nguồn (gap Atomic REPORT_CELL_VALUE, xem O_QLKD_23)"
K_QLKD_3083,DATA EXPLORER,Nhóm 118 — Báo cáo thường niên (STT 118),Tình hình hoạt động trong năm >> Tình hình thay đổi vốn đầu tư của chủ sở hữu >> Thời điểm thay đổi vốn đầu tư của chủ sở hữu,Cơ sở,QLKD,,,,,"Pending - chưa thiết kế nguồn (gap Atomic REPORT_CELL_VALUE, xem O_QLKD_23)"
K_QLKD_3084,DATA EXPLORER,Nhóm 118 — Báo cáo thường niên (STT 118),Tình hình hoạt động trong năm >> Tình hình thay đổi vốn đầu tư của chủ sở hữu >> Giá trị thay đổi vốn đầu tư của chủ sở hữu,Cơ sở,QLKD,,,,,"Pending - chưa thiết kế nguồn (gap Atomic REPORT_CELL_VALUE, xem O_QLKD_23)"
K_QLKD_3085,DATA EXPLORER,Nhóm 118 — Báo cáo thường niên (STT 118),Tình hình hoạt động trong năm >> Tình hình thay đổi vốn đầu tư của chủ sở hữu >> Hình thức thay đổi vốn,Cơ sở,QLKD,,,,,"Pending - chưa thiết kế nguồn (gap Atomic REPORT_CELL_VALUE, xem O_QLKD_23)"
K_QLKD_3086,DATA EXPLORER,Nhóm 118 — Báo cáo thường niên (STT 118),Tình hình hoạt động trong năm >> Tình hình thay đổi vốn đầu tư của chủ sở hữu >> Đơn vị cấp,Cơ sở,QLKD,,,,,"Pending - chưa thiết kế nguồn (gap Atomic REPORT_CELL_VALUE, xem O_QLKD_23)"
K_QLKD_3087,DATA EXPLORER,Nhóm 118 — Báo cáo thường niên (STT 118),Tình hình hoạt động trong năm >> Giao dịch cổ phiếu quỹ >> Số lượng cổ phiếu quỹ hiện tại,Cơ sở,QLKD,,,,,"Pending - chưa thiết kế nguồn (gap Atomic REPORT_CELL_VALUE, xem O_QLKD_23)"
K_QLKD_3088,DATA EXPLORER,Nhóm 118 — Báo cáo thường niên (STT 118),Tình hình hoạt động trong năm >> Giao dịch cổ phiếu quỹ >> Thời điểm thực hiện giao dịch cổ phiếu quỹ,Cơ sở,QLKD,,,,,"Pending - chưa thiết kế nguồn (gap Atomic REPORT_CELL_VALUE, xem O_QLKD_23)"
K_QLKD_3089,DATA EXPLORER,Nhóm 118 — Báo cáo thường niên (STT 118),Tình hình hoạt động trong năm >> Giao dịch cổ phiếu quỹ >> Giá giao dịch cổ phiếu quỹ,Cơ sở,QLKD,,,,,"Pending - chưa thiết kế nguồn (gap Atomic REPORT_CELL_VALUE, xem O_QLKD_23)"
K_QLKD_3090,DATA EXPLORER,Nhóm 118 — Báo cáo thường niên (STT 118),Tình hình hoạt động trong năm >> Giao dịch cổ phiếu quỹ >> Đối tượng giao dịch cổ phiếu quỹ,Cơ sở,QLKD,,,,,"Pending - chưa thiết kế nguồn (gap Atomic REPORT_CELL_VALUE, xem O_QLKD_23)"
K_QLKD_3091,DATA EXPLORER,Nhóm 118 — Báo cáo thường niên (STT 118),Tình hình hoạt động trong năm >> Các chứng khoán khác >> Thời điểm phát hành chứng khoán khác,Cơ sở,QLKD,,,,,"Pending - chưa thiết kế nguồn (gap Atomic REPORT_CELL_VALUE, xem O_QLKD_23)"
K_QLKD_3092,DATA EXPLORER,Nhóm 118 — Báo cáo thường niên (STT 118),Tình hình hoạt động trong năm >> Các chứng khoán khác >> Số lượng chứng khoán khác,Cơ sở,QLKD,,,,,"Pending - chưa thiết kế nguồn (gap Atomic REPORT_CELL_VALUE, xem O_QLKD_23)"
K_QLKD_3093,DATA EXPLORER,Nhóm 118 — Báo cáo thường niên (STT 118),Tình hình hoạt động trong năm >> Các chứng khoán khác >> Đặc điểm loại chứng khoán khác,Cơ sở,QLKD,,,,,"Pending - chưa thiết kế nguồn (gap Atomic REPORT_CELL_VALUE, xem O_QLKD_23)"
K_QLKD_3094,DATA EXPLORER,Nhóm 118 — Báo cáo thường niên (STT 118),Tình hình hoạt động trong năm >> Các chứng khoán khác >> Cam kết chưa thực hiện,Cơ sở,QLKD,,,,,"Pending - chưa thiết kế nguồn (gap Atomic REPORT_CELL_VALUE, xem O_QLKD_23)"
K_QLKD_3095,DATA EXPLORER,Nhóm 118 — Báo cáo thường niên (STT 118),Quản trị công ty >> Thành viên và cơ cấu của Hội đồng quản trị >> Họ và tên,Cơ sở,QLKD,,,,,"Pending - chưa thiết kế nguồn (gap Atomic REPORT_CELL_VALUE, xem O_QLKD_23)"
K_QLKD_3096,DATA EXPLORER,Nhóm 118 — Báo cáo thường niên (STT 118),Quản trị công ty >> Thành viên và cơ cấu của Hội đồng quản trị >> Chức danh,Cơ sở,QLKD,,,,,"Pending - chưa thiết kế nguồn (gap Atomic REPORT_CELL_VALUE, xem O_QLKD_23)"
K_QLKD_3097,DATA EXPLORER,Nhóm 118 — Báo cáo thường niên (STT 118),Quản trị công ty >> Thành viên và cơ cấu của Hội đồng quản trị >> Tỷ lệ sở hữu cổ phần có quyền biểu quyết,Cơ sở,QLKD,,,,,"Pending - chưa thiết kế nguồn (gap Atomic REPORT_CELL_VALUE, xem O_QLKD_23)"
K_QLKD_3098,DATA EXPLORER,Nhóm 118 — Báo cáo thường niên (STT 118),Quản trị công ty >> Hoạt động của Hội đồng quản trị >> Số lượng các cuộc họp Hội đồng quản trị,Cơ sở,QLKD,,,,,"Pending - chưa thiết kế nguồn (gap Atomic REPORT_CELL_VALUE, xem O_QLKD_23)"
K_QLKD_3099,DATA EXPLORER,Nhóm 118 — Báo cáo thường niên (STT 118),Quản trị công ty >> Hoạt động của Hội đồng quản trị >> Nội dung cuộc họp Hội đồng quản trị,Cơ sở,QLKD,,,,,"Pending - chưa thiết kế nguồn (gap Atomic REPORT_CELL_VALUE, xem O_QLKD_23)"
K_QLKD_3100,DATA EXPLORER,Nhóm 118 — Báo cáo thường niên (STT 118),Quản trị công ty >> Hoạt động của Hội đồng quản trị >> Kết quả cuộc họp Hội đồng quản trị,Cơ sở,QLKD,,,,,"Pending - chưa thiết kế nguồn (gap Atomic REPORT_CELL_VALUE, xem O_QLKD_23)"
K_QLKD_3101,DATA EXPLORER,Nhóm 118 — Báo cáo thường niên (STT 118),Quản trị công ty >> Danh sách các thành viên Hội đồng quản trị có chứng chỉ đào tạo về quản trị công ty >> Họ tên,Cơ sở,QLKD,,,,,"Pending - chưa thiết kế nguồn (gap Atomic REPORT_CELL_VALUE, xem O_QLKD_23)"
K_QLKD_3102,DATA EXPLORER,Nhóm 118 — Báo cáo thường niên (STT 118),Quản trị công ty >> Danh sách các thành viên Hội đồng quản trị có chứng chỉ đào tạo về quản trị công ty >> Chức vụ,Cơ sở,QLKD,,,,,"Pending - chưa thiết kế nguồn (gap Atomic REPORT_CELL_VALUE, xem O_QLKD_23)"
K_QLKD_3103,DATA EXPLORER,Nhóm 118 — Báo cáo thường niên (STT 118),Quản trị công ty >> Thành viên và cơ cấu của Ban kiểm soát/ Ủy ban kiểm toán >> Họ và tên,Cơ sở,QLKD,,,,,"Pending - chưa thiết kế nguồn (gap Atomic REPORT_CELL_VALUE, xem O_QLKD_23)"
K_QLKD_3104,DATA EXPLORER,Nhóm 118 — Báo cáo thường niên (STT 118),Quản trị công ty >> Thành viên và cơ cấu của Ban kiểm soát/ Ủy ban kiểm toán >> Chức danh,Cơ sở,QLKD,,,,,"Pending - chưa thiết kế nguồn (gap Atomic REPORT_CELL_VALUE, xem O_QLKD_23)"
K_QLKD_3105,DATA EXPLORER,Nhóm 118 — Báo cáo thường niên (STT 118),Quản trị công ty >> Thành viên và cơ cấu của Ban kiểm soát/ Ủy ban kiểm toán >> Tỷ lệ sở hữu cổ phần có quyền biểu quyết,Cơ sở,QLKD,,,,,"Pending - chưa thiết kế nguồn (gap Atomic REPORT_CELL_VALUE, xem O_QLKD_23)"
K_QLKD_3106,DATA EXPLORER,Nhóm 118 — Báo cáo thường niên (STT 118),Quản trị công ty >> Hoạt động của Ban kiểm soát/ Ủy ban kiểm toán >> Số lượng các cuộc họp,Cơ sở,QLKD,,,,,"Pending - chưa thiết kế nguồn (gap Atomic REPORT_CELL_VALUE, xem O_QLKD_23)"
K_QLKD_3107,DATA EXPLORER,Nhóm 118 — Báo cáo thường niên (STT 118),Quản trị công ty >> Hoạt động của Ban kiểm soát/ Ủy ban kiểm toán >> Nội dung cuộc họp,Cơ sở,QLKD,,,,,"Pending - chưa thiết kế nguồn (gap Atomic REPORT_CELL_VALUE, xem O_QLKD_23)"
K_QLKD_3108,DATA EXPLORER,Nhóm 118 — Báo cáo thường niên (STT 118),Quản trị công ty >> Hoạt động của Ban kiểm soát/ Ủy ban kiểm toán >> Kết quả cuộc họp,Cơ sở,QLKD,,,,,"Pending - chưa thiết kế nguồn (gap Atomic REPORT_CELL_VALUE, xem O_QLKD_23)"
K_QLKD_3109,DATA EXPLORER,Nhóm 118 — Báo cáo thường niên (STT 118),"Quản trị công ty >> Các giao dịch, thù lao và các khoản lợi ích của Hội đồng quản trị, Ban giám đốc và Ban kiểm soát >> Họ và tên người nhận",Cơ sở,QLKD,,,,,"Pending - chưa thiết kế nguồn (gap Atomic REPORT_CELL_VALUE, xem O_QLKD_23)"
K_QLKD_3110,DATA EXPLORER,Nhóm 118 — Báo cáo thường niên (STT 118),"Quản trị công ty >> Các giao dịch, thù lao và các khoản lợi ích của Hội đồng quản trị, Ban giám đốc và Ban kiểm soát >> Chức vụ người nhận",Cơ sở,QLKD,,,,,"Pending - chưa thiết kế nguồn (gap Atomic REPORT_CELL_VALUE, xem O_QLKD_23)"
K_QLKD_3111,DATA EXPLORER,Nhóm 118 — Báo cáo thường niên (STT 118),"Quản trị công ty >> Các giao dịch, thù lao và các khoản lợi ích của Hội đồng quản trị, Ban giám đốc và Ban kiểm soát >> Số tiền nhận",Cơ sở,QLKD,,,,,"Pending - chưa thiết kế nguồn (gap Atomic REPORT_CELL_VALUE, xem O_QLKD_23)"
K_QLKD_3112,DATA EXPLORER,Nhóm 118 — Báo cáo thường niên (STT 118),Quản trị công ty >> Hợp đồng hoặc giao dịch với người nội bộ >> Thông tin về hợp đồng hoặc giao dịch với người nội bộ,Cơ sở,QLKD,,,,,"Pending - chưa thiết kế nguồn (gap Atomic REPORT_CELL_VALUE, xem O_QLKD_23)"
K_QLKD_3113,DATA EXPLORER,Nhóm 118 — Báo cáo thường niên (STT 118),Quản trị công ty >> Ý kiến kiểm toán,Cơ sở,QLKD,,,,,"Pending - chưa thiết kế nguồn (gap Atomic REPORT_CELL_VALUE, xem O_QLKD_23)"
K_QLKD_3114,DATA EXPLORER,Nhóm 119 — Báo cáo TPDN riêng lẻ (STT 119),Loại báo cáo,Chiều,QLKD,,,,,"Pending - chưa thiết kế nguồn (gap Atomic REPORT_CELL_VALUE, xem O_QLKD_23)"
K_QLKD_3115,DATA EXPLORER,Nhóm 119 — Báo cáo TPDN riêng lẻ (STT 119),Kỳ báo cáo,Chiều,QLKD,,,,,"Pending - chưa thiết kế nguồn (gap Atomic REPORT_CELL_VALUE, xem O_QLKD_23)"
K_QLKD_3116,DATA EXPLORER,Nhóm 119 — Báo cáo TPDN riêng lẻ (STT 119),Mã báo cáo,Chiều,QLKD,,,,,"Pending - chưa thiết kế nguồn (gap Atomic REPORT_CELL_VALUE, xem O_QLKD_23)"
K_QLKD_3117,DATA EXPLORER,Nhóm 119 — Báo cáo TPDN riêng lẻ (STT 119),Tên báo cáo,Chiều,QLKD,,,,,"Pending - chưa thiết kế nguồn (gap Atomic REPORT_CELL_VALUE, xem O_QLKD_23)"
K_QLKD_3118,DATA EXPLORER,Nhóm 119 — Báo cáo TPDN riêng lẻ (STT 119),Mã sheet,Chiều,QLKD,,,,,"Pending - chưa thiết kế nguồn (gap Atomic REPORT_CELL_VALUE, xem O_QLKD_23)"
K_QLKD_3119,DATA EXPLORER,Nhóm 119 — Báo cáo TPDN riêng lẻ (STT 119),Tên sheet,Chiều,QLKD,,,,,"Pending - chưa thiết kế nguồn (gap Atomic REPORT_CELL_VALUE, xem O_QLKD_23)"
K_QLKD_3120,DATA EXPLORER,Nhóm 119 — Báo cáo TPDN riêng lẻ (STT 119),Mã chỉ tiêu,Chiều,QLKD,,,,,"Pending - chưa thiết kế nguồn (gap Atomic REPORT_CELL_VALUE, xem O_QLKD_23)"
K_QLKD_3121,DATA EXPLORER,Nhóm 119 — Báo cáo TPDN riêng lẻ (STT 119),Tên chỉ tiêu,Chiều,QLKD,,,,,"Pending - chưa thiết kế nguồn (gap Atomic REPORT_CELL_VALUE, xem O_QLKD_23)"
K_QLKD_3122,DATA EXPLORER,Nhóm 119 — Báo cáo TPDN riêng lẻ (STT 119),Số lượng hợp đồng cung cấp dịch vụ trong kỳ >> Số hợp đồng (đối với từng hợp đồng),Cơ sở,QLKD,,,,,"Pending - chưa thiết kế nguồn (gap Atomic REPORT_CELL_VALUE, xem O_QLKD_23)"
K_QLKD_3123,DATA EXPLORER,Nhóm 119 — Báo cáo TPDN riêng lẻ (STT 119),Số lượng hợp đồng cung cấp dịch vụ trong kỳ >> Thời gian hợp đồng,Cơ sở,QLKD,,,,,"Pending - chưa thiết kế nguồn (gap Atomic REPORT_CELL_VALUE, xem O_QLKD_23)"
K_QLKD_3124,DATA EXPLORER,Nhóm 119 — Báo cáo TPDN riêng lẻ (STT 119),Số lượng hợp đồng cung cấp dịch vụ trong kỳ >> Doanh nghiệp phát hành,Cơ sở,QLKD,,,,,"Pending - chưa thiết kế nguồn (gap Atomic REPORT_CELL_VALUE, xem O_QLKD_23)"
K_QLKD_3125,DATA EXPLORER,Nhóm 119 — Báo cáo TPDN riêng lẻ (STT 119),Số lượng hợp đồng cung cấp dịch vụ trong kỳ >> Mã trái phiếu,Cơ sở,QLKD,,,,,"Pending - chưa thiết kế nguồn (gap Atomic REPORT_CELL_VALUE, xem O_QLKD_23)"
K_QLKD_3126,DATA EXPLORER,Nhóm 119 — Báo cáo TPDN riêng lẻ (STT 119),Số lượng hợp đồng cung cấp dịch vụ trong kỳ >> Ngày phát hành,Cơ sở,QLKD,,,,,"Pending - chưa thiết kế nguồn (gap Atomic REPORT_CELL_VALUE, xem O_QLKD_23)"
K_QLKD_3127,DATA EXPLORER,Nhóm 119 — Báo cáo TPDN riêng lẻ (STT 119),Số lượng hợp đồng cung cấp dịch vụ trong kỳ >> Giá trị phát hành,Cơ sở,QLKD,,,,,"Pending - chưa thiết kế nguồn (gap Atomic REPORT_CELL_VALUE, xem O_QLKD_23)"
K_QLKD_3128,DATA EXPLORER,Nhóm 119 — Báo cáo TPDN riêng lẻ (STT 119),Số lượng hợp đồng cung cấp dịch vụ trong kỳ >> Kỳ hạn trái phiếu,Cơ sở,QLKD,,,,,"Pending - chưa thiết kế nguồn (gap Atomic REPORT_CELL_VALUE, xem O_QLKD_23)"
K_QLKD_3129,DATA EXPLORER,Nhóm 119 — Báo cáo TPDN riêng lẻ (STT 119),Số lượng hợp đồng cung cấp dịch vụ trong kỳ >> Phương thức phát hành,Cơ sở,QLKD,,,,,"Pending - chưa thiết kế nguồn (gap Atomic REPORT_CELL_VALUE, xem O_QLKD_23)"
K_QLKD_3130,DATA EXPLORER,Nhóm 119 — Báo cáo TPDN riêng lẻ (STT 119),Số lượng hợp đồng cung cấp dịch vụ trong kỳ >> Tình trạng (đang thực hiện/ đã hoàn thành),Cơ sở,QLKD,,,,,"Pending - chưa thiết kế nguồn (gap Atomic REPORT_CELL_VALUE, xem O_QLKD_23)"
K_QLKD_3131,DATA EXPLORER,Nhóm 119 — Báo cáo TPDN riêng lẻ (STT 119),"Kết quả rà soát điều kiện, hồ sơ chào bán trái phiếu đối với các hợp đồng đã hoàn thành >> Số hợp đồng",Cơ sở,QLKD,,,,,"Pending - chưa thiết kế nguồn (gap Atomic REPORT_CELL_VALUE, xem O_QLKD_23)"
K_QLKD_3132,DATA EXPLORER,Nhóm 119 — Báo cáo TPDN riêng lẻ (STT 119),"Kết quả rà soát điều kiện, hồ sơ chào bán trái phiếu đối với các hợp đồng đã hoàn thành >> Doanh nghiệp phát hành",Cơ sở,QLKD,,,,,"Pending - chưa thiết kế nguồn (gap Atomic REPORT_CELL_VALUE, xem O_QLKD_23)"
K_QLKD_3133,DATA EXPLORER,Nhóm 119 — Báo cáo TPDN riêng lẻ (STT 119),"Kết quả rà soát điều kiện, hồ sơ chào bán trái phiếu đối với các hợp đồng đã hoàn thành >> Mã trái phiếu",Cơ sở,QLKD,,,,,"Pending - chưa thiết kế nguồn (gap Atomic REPORT_CELL_VALUE, xem O_QLKD_23)"
K_QLKD_3134,DATA EXPLORER,Nhóm 119 — Báo cáo TPDN riêng lẻ (STT 119),"Kết quả rà soát điều kiện, hồ sơ chào bán trái phiếu đối với các hợp đồng đã hoàn thành >> Loại trái phiếu",Cơ sở,QLKD,,,,,"Pending - chưa thiết kế nguồn (gap Atomic REPORT_CELL_VALUE, xem O_QLKD_23)"
K_QLKD_3135,DATA EXPLORER,Nhóm 119 — Báo cáo TPDN riêng lẻ (STT 119),"Kết quả rà soát điều kiện, hồ sơ chào bán trái phiếu đối với các hợp đồng đã hoàn thành >> Kết quả rà soát điều kiện phát hành",Cơ sở,QLKD,,,,,"Pending - chưa thiết kế nguồn (gap Atomic REPORT_CELL_VALUE, xem O_QLKD_23)"
K_QLKD_3136,DATA EXPLORER,Nhóm 119 — Báo cáo TPDN riêng lẻ (STT 119),"Kết quả rà soát điều kiện, hồ sơ chào bán trái phiếu đối với các hợp đồng đã hoàn thành >> Kết quả rà soát hồ sơ phát hành",Cơ sở,QLKD,,,,,"Pending - chưa thiết kế nguồn (gap Atomic REPORT_CELL_VALUE, xem O_QLKD_23)"
K_QLKD_3137,DATA EXPLORER,Nhóm 119 — Báo cáo TPDN riêng lẻ (STT 119),"Kết quả rà soát điều kiện, hồ sơ chào bán trái phiếu đối với các hợp đồng đã hoàn thành >> Đánh giá",Cơ sở,QLKD,,,,,"Pending - chưa thiết kế nguồn (gap Atomic REPORT_CELL_VALUE, xem O_QLKD_23)"
K_QLKD_3138,DATA EXPLORER,Nhóm 120 — Báo cáo hoạt động CN CTCK nước ngoài tại VN (STT 120),Loại báo cáo,Chiều,QLKD,,,,,"Pending - chưa thiết kế nguồn (gap Atomic REPORT_CELL_VALUE, xem O_QLKD_23)"
K_QLKD_3139,DATA EXPLORER,Nhóm 120 — Báo cáo hoạt động CN CTCK nước ngoài tại VN (STT 120),Kỳ báo cáo,Chiều,QLKD,,,,,"Pending - chưa thiết kế nguồn (gap Atomic REPORT_CELL_VALUE, xem O_QLKD_23)"
K_QLKD_3140,DATA EXPLORER,Nhóm 120 — Báo cáo hoạt động CN CTCK nước ngoài tại VN (STT 120),Mã báo cáo,Chiều,QLKD,,,,,"Pending - chưa thiết kế nguồn (gap Atomic REPORT_CELL_VALUE, xem O_QLKD_23)"
K_QLKD_3141,DATA EXPLORER,Nhóm 120 — Báo cáo hoạt động CN CTCK nước ngoài tại VN (STT 120),Tên báo cáo,Chiều,QLKD,,,,,"Pending - chưa thiết kế nguồn (gap Atomic REPORT_CELL_VALUE, xem O_QLKD_23)"
K_QLKD_3142,DATA EXPLORER,Nhóm 120 — Báo cáo hoạt động CN CTCK nước ngoài tại VN (STT 120),Mã sheet,Chiều,QLKD,,,,,"Pending - chưa thiết kế nguồn (gap Atomic REPORT_CELL_VALUE, xem O_QLKD_23)"
K_QLKD_3143,DATA EXPLORER,Nhóm 120 — Báo cáo hoạt động CN CTCK nước ngoài tại VN (STT 120),Tên sheet,Chiều,QLKD,,,,,"Pending - chưa thiết kế nguồn (gap Atomic REPORT_CELL_VALUE, xem O_QLKD_23)"
K_QLKD_3144,DATA EXPLORER,Nhóm 120 — Báo cáo hoạt động CN CTCK nước ngoài tại VN (STT 120),Mã chỉ tiêu,Chiều,QLKD,,,,,"Pending - chưa thiết kế nguồn (gap Atomic REPORT_CELL_VALUE, xem O_QLKD_23)"
K_QLKD_3145,DATA EXPLORER,Nhóm 120 — Báo cáo hoạt động CN CTCK nước ngoài tại VN (STT 120),Tên chỉ tiêu,Chiều,QLKD,,,,,"Pending - chưa thiết kế nguồn (gap Atomic REPORT_CELL_VALUE, xem O_QLKD_23)"
K_QLKD_3146,DATA EXPLORER,Nhóm 120 — Báo cáo hoạt động CN CTCK nước ngoài tại VN (STT 120),Tình hình nhân sự của chi nhánh >> Giám đốc chi nhánh >> Số lượng người làm việc đầu tháng,Cơ sở,QLKD,,,,,"Pending - chưa thiết kế nguồn (gap Atomic REPORT_CELL_VALUE, xem O_QLKD_23)"
K_QLKD_3147,DATA EXPLORER,Nhóm 120 — Báo cáo hoạt động CN CTCK nước ngoài tại VN (STT 120),Tình hình nhân sự của chi nhánh >> Giám đốc chi nhánh >> Số lượng người làm việc cuối tháng,Cơ sở,QLKD,,,,,"Pending - chưa thiết kế nguồn (gap Atomic REPORT_CELL_VALUE, xem O_QLKD_23)"
K_QLKD_3148,DATA EXPLORER,Nhóm 120 — Báo cáo hoạt động CN CTCK nước ngoài tại VN (STT 120),Tình hình nhân sự của chi nhánh >> Giám đốc chi nhánh >> Số lượng người có chứng chỉ hành nghề đầu tháng,Cơ sở,QLKD,,,,,"Pending - chưa thiết kế nguồn (gap Atomic REPORT_CELL_VALUE, xem O_QLKD_23)"
K_QLKD_3149,DATA EXPLORER,Nhóm 120 — Báo cáo hoạt động CN CTCK nước ngoài tại VN (STT 120),Tình hình nhân sự của chi nhánh >> Giám đốc chi nhánh >> Số lượng người có chứng chỉ hành nghề tăng/giảm trong tháng >> Tăng,Cơ sở,QLKD,,,,,"Pending - chưa thiết kế nguồn (gap Atomic REPORT_CELL_VALUE, xem O_QLKD_23)"
K_QLKD_3150,DATA EXPLORER,Nhóm 120 — Báo cáo hoạt động CN CTCK nước ngoài tại VN (STT 120),Tình hình nhân sự của chi nhánh >> Giám đốc chi nhánh >> Số lượng người có chứng chỉ hành nghề tăng/giảm trong tháng >> Giảm,Cơ sở,QLKD,,,,,"Pending - chưa thiết kế nguồn (gap Atomic REPORT_CELL_VALUE, xem O_QLKD_23)"
K_QLKD_3151,DATA EXPLORER,Nhóm 120 — Báo cáo hoạt động CN CTCK nước ngoài tại VN (STT 120),Tình hình nhân sự của chi nhánh >> Giám đốc chi nhánh >> Số lượng người có chứng chỉ hành nghề cuối tháng,Cơ sở,QLKD,,,,,"Pending - chưa thiết kế nguồn (gap Atomic REPORT_CELL_VALUE, xem O_QLKD_23)"
K_QLKD_3152,DATA EXPLORER,Nhóm 120 — Báo cáo hoạt động CN CTCK nước ngoài tại VN (STT 120),Tình hình nhân sự của chi nhánh >> Bộ phận tư vấn >> Số lượng người làm việc đầu tháng,Cơ sở,QLKD,,,,,"Pending - chưa thiết kế nguồn (gap Atomic REPORT_CELL_VALUE, xem O_QLKD_23)"
K_QLKD_3153,DATA EXPLORER,Nhóm 120 — Báo cáo hoạt động CN CTCK nước ngoài tại VN (STT 120),Tình hình nhân sự của chi nhánh >> Bộ phận tư vấn >> Số lượng người làm việc cuối tháng,Cơ sở,QLKD,,,,,"Pending - chưa thiết kế nguồn (gap Atomic REPORT_CELL_VALUE, xem O_QLKD_23)"
K_QLKD_3154,DATA EXPLORER,Nhóm 120 — Báo cáo hoạt động CN CTCK nước ngoài tại VN (STT 120),Tình hình nhân sự của chi nhánh >> Bộ phận tư vấn >> Số lượng người có chứng chỉ hành nghề đầu tháng,Cơ sở,QLKD,,,,,"Pending - chưa thiết kế nguồn (gap Atomic REPORT_CELL_VALUE, xem O_QLKD_23)"
K_QLKD_3155,DATA EXPLORER,Nhóm 120 — Báo cáo hoạt động CN CTCK nước ngoài tại VN (STT 120),Tình hình nhân sự của chi nhánh >> Bộ phận tư vấn >> Số lượng người có chứng chỉ hành nghề tăng/giảm trong tháng >> Tăng,Cơ sở,QLKD,,,,,"Pending - chưa thiết kế nguồn (gap Atomic REPORT_CELL_VALUE, xem O_QLKD_23)"
K_QLKD_3156,DATA EXPLORER,Nhóm 120 — Báo cáo hoạt động CN CTCK nước ngoài tại VN (STT 120),Tình hình nhân sự của chi nhánh >> Bộ phận tư vấn >> Số lượng người có chứng chỉ hành nghề tăng/giảm trong tháng >> Giảm,Cơ sở,QLKD,,,,,"Pending - chưa thiết kế nguồn (gap Atomic REPORT_CELL_VALUE, xem O_QLKD_23)"
K_QLKD_3157,DATA EXPLORER,Nhóm 120 — Báo cáo hoạt động CN CTCK nước ngoài tại VN (STT 120),Tình hình nhân sự của chi nhánh >> Bộ phận tư vấn >> Số lượng người có chứng chỉ hành nghề cuối tháng,Cơ sở,QLKD,,,,,"Pending - chưa thiết kế nguồn (gap Atomic REPORT_CELL_VALUE, xem O_QLKD_23)"
K_QLKD_3158,DATA EXPLORER,Nhóm 120 — Báo cáo hoạt động CN CTCK nước ngoài tại VN (STT 120),Tình hình nhân sự của chi nhánh >> Tổng số >> Số lượng người làm việc đầu tháng,Cơ sở,QLKD,,,,,"Pending - chưa thiết kế nguồn (gap Atomic REPORT_CELL_VALUE, xem O_QLKD_23)"
K_QLKD_3159,DATA EXPLORER,Nhóm 120 — Báo cáo hoạt động CN CTCK nước ngoài tại VN (STT 120),Tình hình nhân sự của chi nhánh >> Tổng số >> Số lượng người làm việc cuối tháng,Cơ sở,QLKD,,,,,"Pending - chưa thiết kế nguồn (gap Atomic REPORT_CELL_VALUE, xem O_QLKD_23)"
K_QLKD_3160,DATA EXPLORER,Nhóm 120 — Báo cáo hoạt động CN CTCK nước ngoài tại VN (STT 120),Tình hình nhân sự của chi nhánh >> Tổng số >> Số lượng người có chứng chỉ hành nghề đầu tháng,Cơ sở,QLKD,,,,,"Pending - chưa thiết kế nguồn (gap Atomic REPORT_CELL_VALUE, xem O_QLKD_23)"
K_QLKD_3161,DATA EXPLORER,Nhóm 120 — Báo cáo hoạt động CN CTCK nước ngoài tại VN (STT 120),Tình hình nhân sự của chi nhánh >> Tổng số >> Số lượng người có chứng chỉ hành nghề tăng/giảm trong tháng >> Tăng,Cơ sở,QLKD,,,,,"Pending - chưa thiết kế nguồn (gap Atomic REPORT_CELL_VALUE, xem O_QLKD_23)"
K_QLKD_3162,DATA EXPLORER,Nhóm 120 — Báo cáo hoạt động CN CTCK nước ngoài tại VN (STT 120),Tình hình nhân sự của chi nhánh >> Tổng số >> Số lượng người có chứng chỉ hành nghề tăng/giảm trong tháng >> Giảm,Cơ sở,QLKD,,,,,"Pending - chưa thiết kế nguồn (gap Atomic REPORT_CELL_VALUE, xem O_QLKD_23)"
K_QLKD_3163,DATA EXPLORER,Nhóm 120 — Báo cáo hoạt động CN CTCK nước ngoài tại VN (STT 120),Tình hình nhân sự của chi nhánh >> Tổng số >> Số lượng người có chứng chỉ hành nghề cuối tháng,Cơ sở,QLKD,,,,,"Pending - chưa thiết kế nguồn (gap Atomic REPORT_CELL_VALUE, xem O_QLKD_23)"
K_QLKD_3164,DATA EXPLORER,Nhóm 120 — Báo cáo hoạt động CN CTCK nước ngoài tại VN (STT 120),Tình hình hoạt động của chi nhánh >> Tư vấn đầu tư chứng khoán >> Kết quả phân tích >> Số hợp đồng đã ký đầu tháng,Cơ sở,QLKD,,,,,"Pending - chưa thiết kế nguồn (gap Atomic REPORT_CELL_VALUE, xem O_QLKD_23)"
K_QLKD_3165,DATA EXPLORER,Nhóm 120 — Báo cáo hoạt động CN CTCK nước ngoài tại VN (STT 120),Tình hình hoạt động của chi nhánh >> Tư vấn đầu tư chứng khoán >> Kết quả phân tích >> Số hợp đồng đã thanh lý trong tháng,Cơ sở,QLKD,,,,,"Pending - chưa thiết kế nguồn (gap Atomic REPORT_CELL_VALUE, xem O_QLKD_23)"
K_QLKD_3166,DATA EXPLORER,Nhóm 120 — Báo cáo hoạt động CN CTCK nước ngoài tại VN (STT 120),Tình hình hoạt động của chi nhánh >> Tư vấn đầu tư chứng khoán >> Kết quả phân tích >> Số hợp đồng ký mới trong tháng,Cơ sở,QLKD,,,,,"Pending - chưa thiết kế nguồn (gap Atomic REPORT_CELL_VALUE, xem O_QLKD_23)"
K_QLKD_3167,DATA EXPLORER,Nhóm 120 — Báo cáo hoạt động CN CTCK nước ngoài tại VN (STT 120),Tình hình hoạt động của chi nhánh >> Tư vấn đầu tư chứng khoán >> Kết quả phân tích >> Số hợp đồng còn hiệu lực cuối tháng,Cơ sở,QLKD,,,,,"Pending - chưa thiết kế nguồn (gap Atomic REPORT_CELL_VALUE, xem O_QLKD_23)"
K_QLKD_3168,DATA EXPLORER,Nhóm 120 — Báo cáo hoạt động CN CTCK nước ngoài tại VN (STT 120),Tình hình hoạt động của chi nhánh >> Tư vấn đầu tư chứng khoán >> Kết quả phân tích >> Giá dịch vụ thu được trong tháng (đồng),Cơ sở,QLKD,,,,,"Pending - chưa thiết kế nguồn (gap Atomic REPORT_CELL_VALUE, xem O_QLKD_23)"
K_QLKD_3169,DATA EXPLORER,Nhóm 120 — Báo cáo hoạt động CN CTCK nước ngoài tại VN (STT 120),Tình hình hoạt động của chi nhánh >> Tư vấn đầu tư chứng khoán >> Báo cáo phân tích >> Số hợp đồng đã ký đầu tháng,Cơ sở,QLKD,,,,,"Pending - chưa thiết kế nguồn (gap Atomic REPORT_CELL_VALUE, xem O_QLKD_23)"
K_QLKD_3170,DATA EXPLORER,Nhóm 120 — Báo cáo hoạt động CN CTCK nước ngoài tại VN (STT 120),Tình hình hoạt động của chi nhánh >> Tư vấn đầu tư chứng khoán >> Báo cáo phân tích >> Số hợp đồng đã thanh lý trong tháng,Cơ sở,QLKD,,,,,"Pending - chưa thiết kế nguồn (gap Atomic REPORT_CELL_VALUE, xem O_QLKD_23)"
K_QLKD_3171,DATA EXPLORER,Nhóm 120 — Báo cáo hoạt động CN CTCK nước ngoài tại VN (STT 120),Tình hình hoạt động của chi nhánh >> Tư vấn đầu tư chứng khoán >> Báo cáo phân tích >> Số hợp đồng ký mới trong tháng,Cơ sở,QLKD,,,,,"Pending - chưa thiết kế nguồn (gap Atomic REPORT_CELL_VALUE, xem O_QLKD_23)"
K_QLKD_3172,DATA EXPLORER,Nhóm 120 — Báo cáo hoạt động CN CTCK nước ngoài tại VN (STT 120),Tình hình hoạt động của chi nhánh >> Tư vấn đầu tư chứng khoán >> Báo cáo phân tích >> Số hợp đồng còn hiệu lực cuối tháng,Cơ sở,QLKD,,,,,"Pending - chưa thiết kế nguồn (gap Atomic REPORT_CELL_VALUE, xem O_QLKD_23)"
K_QLKD_3173,DATA EXPLORER,Nhóm 120 — Báo cáo hoạt động CN CTCK nước ngoài tại VN (STT 120),Tình hình hoạt động của chi nhánh >> Tư vấn đầu tư chứng khoán >> Báo cáo phân tích >> Giá dịch vụ thu được trong tháng (đồng),Cơ sở,QLKD,,,,,"Pending - chưa thiết kế nguồn (gap Atomic REPORT_CELL_VALUE, xem O_QLKD_23)"
K_QLKD_3174,DATA EXPLORER,Nhóm 120 — Báo cáo hoạt động CN CTCK nước ngoài tại VN (STT 120),Tình hình hoạt động của chi nhánh >> Tư vấn đầu tư chứng khoán >> Khuyến nghị đầu tư chứng khoán >> Số hợp đồng đã ký đầu tháng,Cơ sở,QLKD,,,,,"Pending - chưa thiết kế nguồn (gap Atomic REPORT_CELL_VALUE, xem O_QLKD_23)"
K_QLKD_3175,DATA EXPLORER,Nhóm 120 — Báo cáo hoạt động CN CTCK nước ngoài tại VN (STT 120),Tình hình hoạt động của chi nhánh >> Tư vấn đầu tư chứng khoán >> Khuyến nghị đầu tư chứng khoán >> Số hợp đồng đã thanh lý trong tháng,Cơ sở,QLKD,,,,,"Pending - chưa thiết kế nguồn (gap Atomic REPORT_CELL_VALUE, xem O_QLKD_23)"
K_QLKD_3176,DATA EXPLORER,Nhóm 120 — Báo cáo hoạt động CN CTCK nước ngoài tại VN (STT 120),Tình hình hoạt động của chi nhánh >> Tư vấn đầu tư chứng khoán >> Khuyến nghị đầu tư chứng khoán >> Số hợp đồng ký mới trong tháng,Cơ sở,QLKD,,,,,"Pending - chưa thiết kế nguồn (gap Atomic REPORT_CELL_VALUE, xem O_QLKD_23)"
K_QLKD_3177,DATA EXPLORER,Nhóm 120 — Báo cáo hoạt động CN CTCK nước ngoài tại VN (STT 120),Tình hình hoạt động của chi nhánh >> Tư vấn đầu tư chứng khoán >> Khuyến nghị đầu tư chứng khoán >> Số hợp đồng còn hiệu lực cuối tháng,Cơ sở,QLKD,,,,,"Pending - chưa thiết kế nguồn (gap Atomic REPORT_CELL_VALUE, xem O_QLKD_23)"
K_QLKD_3178,DATA EXPLORER,Nhóm 120 — Báo cáo hoạt động CN CTCK nước ngoài tại VN (STT 120),Tình hình hoạt động của chi nhánh >> Tư vấn đầu tư chứng khoán >> Khuyến nghị đầu tư chứng khoán >> Giá dịch vụ thu được trong tháng (đồng),Cơ sở,QLKD,,,,,"Pending - chưa thiết kế nguồn (gap Atomic REPORT_CELL_VALUE, xem O_QLKD_23)"
K_QLKD_3179,DATA EXPLORER,Nhóm 120 — Báo cáo hoạt động CN CTCK nước ngoài tại VN (STT 120),Tình hình hoạt động của chi nhánh >> Tổng cộng >> Số hợp đồng đã ký đầu tháng,Cơ sở,QLKD,,,,,"Pending - chưa thiết kế nguồn (gap Atomic REPORT_CELL_VALUE, xem O_QLKD_23)"
K_QLKD_3180,DATA EXPLORER,Nhóm 120 — Báo cáo hoạt động CN CTCK nước ngoài tại VN (STT 120),Tình hình hoạt động của chi nhánh >> Tổng cộng >> Số hợp đồng đã thanh lý trong tháng,Cơ sở,QLKD,,,,,"Pending - chưa thiết kế nguồn (gap Atomic REPORT_CELL_VALUE, xem O_QLKD_23)"
K_QLKD_3181,DATA EXPLORER,Nhóm 120 — Báo cáo hoạt động CN CTCK nước ngoài tại VN (STT 120),Tình hình hoạt động của chi nhánh >> Tổng cộng >> Số hợp đồng ký mới trong tháng,Cơ sở,QLKD,,,,,"Pending - chưa thiết kế nguồn (gap Atomic REPORT_CELL_VALUE, xem O_QLKD_23)"
K_QLKD_3182,DATA EXPLORER,Nhóm 120 — Báo cáo hoạt động CN CTCK nước ngoài tại VN (STT 120),Tình hình hoạt động của chi nhánh >> Tổng cộng >> Số hợp đồng còn hiệu lực cuối tháng,Cơ sở,QLKD,,,,,"Pending - chưa thiết kế nguồn (gap Atomic REPORT_CELL_VALUE, xem O_QLKD_23)"
K_QLKD_3183,DATA EXPLORER,Nhóm 120 — Báo cáo hoạt động CN CTCK nước ngoài tại VN (STT 120),Tình hình hoạt động của chi nhánh >> Tổng cộng >> Giá dịch vụ thu được trong tháng (đồng),Cơ sở,QLKD,,,,,"Pending - chưa thiết kế nguồn (gap Atomic REPORT_CELL_VALUE, xem O_QLKD_23)"
K_QLKD_3184,DATA EXPLORER,Nhóm 121 — Báo cáo hoạt động CN CTCK nước ngoài tại VN (STT 121),Loại báo cáo,Chiều,QLKD,,,,,"Pending - chưa thiết kế nguồn (gap Atomic REPORT_CELL_VALUE, xem O_QLKD_23)"
K_QLKD_3185,DATA EXPLORER,Nhóm 121 — Báo cáo hoạt động CN CTCK nước ngoài tại VN (STT 121),Kỳ báo cáo,Chiều,QLKD,,,,,"Pending - chưa thiết kế nguồn (gap Atomic REPORT_CELL_VALUE, xem O_QLKD_23)"
K_QLKD_3186,DATA EXPLORER,Nhóm 121 — Báo cáo hoạt động CN CTCK nước ngoài tại VN (STT 121),Mã báo cáo,Chiều,QLKD,,,,,"Pending - chưa thiết kế nguồn (gap Atomic REPORT_CELL_VALUE, xem O_QLKD_23)"
K_QLKD_3187,DATA EXPLORER,Nhóm 121 — Báo cáo hoạt động CN CTCK nước ngoài tại VN (STT 121),Tên báo cáo,Chiều,QLKD,,,,,"Pending - chưa thiết kế nguồn (gap Atomic REPORT_CELL_VALUE, xem O_QLKD_23)"
K_QLKD_3188,DATA EXPLORER,Nhóm 121 — Báo cáo hoạt động CN CTCK nước ngoài tại VN (STT 121),Mã sheet,Chiều,QLKD,,,,,"Pending - chưa thiết kế nguồn (gap Atomic REPORT_CELL_VALUE, xem O_QLKD_23)"
K_QLKD_3189,DATA EXPLORER,Nhóm 121 — Báo cáo hoạt động CN CTCK nước ngoài tại VN (STT 121),Tên sheet,Chiều,QLKD,,,,,"Pending - chưa thiết kế nguồn (gap Atomic REPORT_CELL_VALUE, xem O_QLKD_23)"
K_QLKD_3190,DATA EXPLORER,Nhóm 121 — Báo cáo hoạt động CN CTCK nước ngoài tại VN (STT 121),Mã chỉ tiêu,Chiều,QLKD,,,,,"Pending - chưa thiết kế nguồn (gap Atomic REPORT_CELL_VALUE, xem O_QLKD_23)"
K_QLKD_3191,DATA EXPLORER,Nhóm 121 — Báo cáo hoạt động CN CTCK nước ngoài tại VN (STT 121),Tên chỉ tiêu,Chiều,QLKD,,,,,"Pending - chưa thiết kế nguồn (gap Atomic REPORT_CELL_VALUE, xem O_QLKD_23)"
K_QLKD_3192,DATA EXPLORER,Nhóm 121 — Báo cáo hoạt động CN CTCK nước ngoài tại VN (STT 121),Tình hình nhân sự công ty >> Giám đốc chi nhánh >> Số lượng người có CCHN/tổng số người làm việc tại thời điểm đầu năm,Cơ sở,QLKD,,,,,"Pending - chưa thiết kế nguồn (gap Atomic REPORT_CELL_VALUE, xem O_QLKD_23)"
K_QLKD_3193,DATA EXPLORER,Nhóm 121 — Báo cáo hoạt động CN CTCK nước ngoài tại VN (STT 121),Tình hình nhân sự công ty >> Giám đốc chi nhánh >> Số lượng người có CCHN thôi làm việc cho chi nhánh trong năm,Cơ sở,QLKD,,,,,"Pending - chưa thiết kế nguồn (gap Atomic REPORT_CELL_VALUE, xem O_QLKD_23)"
K_QLKD_3194,DATA EXPLORER,Nhóm 121 — Báo cáo hoạt động CN CTCK nước ngoài tại VN (STT 121),Tình hình nhân sự công ty >> Giám đốc chi nhánh >> Số lượng người có CCHN tuyển mới trong năm,Cơ sở,QLKD,,,,,"Pending - chưa thiết kế nguồn (gap Atomic REPORT_CELL_VALUE, xem O_QLKD_23)"
K_QLKD_3195,DATA EXPLORER,Nhóm 121 — Báo cáo hoạt động CN CTCK nước ngoài tại VN (STT 121),Tình hình nhân sự công ty >> Giám đốc chi nhánh >> Số lượng người có CCHN/tổng số người làm việc tại thời điểm cuối năm,Cơ sở,QLKD,,,,,"Pending - chưa thiết kế nguồn (gap Atomic REPORT_CELL_VALUE, xem O_QLKD_23)"
K_QLKD_3196,DATA EXPLORER,Nhóm 121 — Báo cáo hoạt động CN CTCK nước ngoài tại VN (STT 121),Tình hình nhân sự công ty >> Bộ phận tư vấn đầu tư chứng khoán >> Số lượng người có CCHN/tổng số người làm việc tại thời điểm đầu năm,Cơ sở,QLKD,,,,,"Pending - chưa thiết kế nguồn (gap Atomic REPORT_CELL_VALUE, xem O_QLKD_23)"
K_QLKD_3197,DATA EXPLORER,Nhóm 121 — Báo cáo hoạt động CN CTCK nước ngoài tại VN (STT 121),Tình hình nhân sự công ty >> Bộ phận tư vấn đầu tư chứng khoán >> Số lượng người có CCHN thôi làm việc cho chi nhánh trong năm,Cơ sở,QLKD,,,,,"Pending - chưa thiết kế nguồn (gap Atomic REPORT_CELL_VALUE, xem O_QLKD_23)"
K_QLKD_3198,DATA EXPLORER,Nhóm 121 — Báo cáo hoạt động CN CTCK nước ngoài tại VN (STT 121),Tình hình nhân sự công ty >> Bộ phận tư vấn đầu tư chứng khoán >> Số lượng người có CCHN tuyển mới trong năm,Cơ sở,QLKD,,,,,"Pending - chưa thiết kế nguồn (gap Atomic REPORT_CELL_VALUE, xem O_QLKD_23)"
K_QLKD_3199,DATA EXPLORER,Nhóm 121 — Báo cáo hoạt động CN CTCK nước ngoài tại VN (STT 121),Tình hình nhân sự công ty >> Bộ phận tư vấn đầu tư chứng khoán >> Số lượng người có CCHN/tổng số người làm việc tại thời điểm cuối năm,Cơ sở,QLKD,,,,,"Pending - chưa thiết kế nguồn (gap Atomic REPORT_CELL_VALUE, xem O_QLKD_23)"
K_QLKD_3200,DATA EXPLORER,Nhóm 121 — Báo cáo hoạt động CN CTCK nước ngoài tại VN (STT 121),Tình hình nhân sự công ty >> Bộ phận khác >> Số lượng người có CCHN/tổng số người làm việc tại thời điểm đầu năm,Cơ sở,QLKD,,,,,"Pending - chưa thiết kế nguồn (gap Atomic REPORT_CELL_VALUE, xem O_QLKD_23)"
K_QLKD_3201,DATA EXPLORER,Nhóm 121 — Báo cáo hoạt động CN CTCK nước ngoài tại VN (STT 121),Tình hình nhân sự công ty >> Bộ phận khác >> Số lượng người có CCHN thôi làm việc cho chi nhánh trong năm,Cơ sở,QLKD,,,,,"Pending - chưa thiết kế nguồn (gap Atomic REPORT_CELL_VALUE, xem O_QLKD_23)"
K_QLKD_3202,DATA EXPLORER,Nhóm 121 — Báo cáo hoạt động CN CTCK nước ngoài tại VN (STT 121),Tình hình nhân sự công ty >> Bộ phận khác >> Số lượng người có CCHN tuyển mới trong năm,Cơ sở,QLKD,,,,,"Pending - chưa thiết kế nguồn (gap Atomic REPORT_CELL_VALUE, xem O_QLKD_23)"
K_QLKD_3203,DATA EXPLORER,Nhóm 121 — Báo cáo hoạt động CN CTCK nước ngoài tại VN (STT 121),Tình hình nhân sự công ty >> Bộ phận khác >> Số lượng người có CCHN/tổng số người làm việc tại thời điểm cuối năm,Cơ sở,QLKD,,,,,"Pending - chưa thiết kế nguồn (gap Atomic REPORT_CELL_VALUE, xem O_QLKD_23)"
K_QLKD_3204,DATA EXPLORER,Nhóm 121 — Báo cáo hoạt động CN CTCK nước ngoài tại VN (STT 121),Tình hình nhân sự công ty >> Tổng số >> Số lượng người có CCHN/tổng số người làm việc tại thời điểm đầu năm,Cơ sở,QLKD,,,,,"Pending - chưa thiết kế nguồn (gap Atomic REPORT_CELL_VALUE, xem O_QLKD_23)"
K_QLKD_3205,DATA EXPLORER,Nhóm 121 — Báo cáo hoạt động CN CTCK nước ngoài tại VN (STT 121),Tình hình nhân sự công ty >> Tổng số >> Số lượng người có CCHN thôi làm việc cho chi nhánh trong năm,Cơ sở,QLKD,,,,,"Pending - chưa thiết kế nguồn (gap Atomic REPORT_CELL_VALUE, xem O_QLKD_23)"
K_QLKD_3206,DATA EXPLORER,Nhóm 121 — Báo cáo hoạt động CN CTCK nước ngoài tại VN (STT 121),Tình hình nhân sự công ty >> Tổng số >> Số lượng người có CCHN tuyển mới trong năm,Cơ sở,QLKD,,,,,"Pending - chưa thiết kế nguồn (gap Atomic REPORT_CELL_VALUE, xem O_QLKD_23)"
K_QLKD_3207,DATA EXPLORER,Nhóm 121 — Báo cáo hoạt động CN CTCK nước ngoài tại VN (STT 121),Tình hình nhân sự công ty >> Tổng số >> Số lượng người có CCHN/tổng số người làm việc tại thời điểm cuối năm,Cơ sở,QLKD,,,,,"Pending - chưa thiết kế nguồn (gap Atomic REPORT_CELL_VALUE, xem O_QLKD_23)"
K_QLKD_3208,DATA EXPLORER,Nhóm 121 — Báo cáo hoạt động CN CTCK nước ngoài tại VN (STT 121),"Vốn cấp cho chi nhánh và các chỉ tiêu an toàn tài chính trong năm báo cáo >> Báo cáo cụ thể về các đợt tăng, giảm vốn cấp cho chi nhánh trong năm",Cơ sở,QLKD,,,,,"Pending - chưa thiết kế nguồn (gap Atomic REPORT_CELL_VALUE, xem O_QLKD_23)"
K_QLKD_3209,DATA EXPLORER,Nhóm 121 — Báo cáo hoạt động CN CTCK nước ngoài tại VN (STT 121),Vốn cấp cho chi nhánh và các chỉ tiêu an toàn tài chính trong năm báo cáo >> Báo cáo về tình hình đảm bảo tỷ lệ vốn khả dụng trong năm,Cơ sở,QLKD,,,,,"Pending - chưa thiết kế nguồn (gap Atomic REPORT_CELL_VALUE, xem O_QLKD_23)"
K_QLKD_3210,DATA EXPLORER,Nhóm 121 — Báo cáo hoạt động CN CTCK nước ngoài tại VN (STT 121),Vốn cấp cho chi nhánh và các chỉ tiêu an toàn tài chính trong năm báo cáo >> Các chỉ tiêu an toàn tài chính khác,Cơ sở,QLKD,,,,,"Pending - chưa thiết kế nguồn (gap Atomic REPORT_CELL_VALUE, xem O_QLKD_23)"
K_QLKD_3211,DATA EXPLORER,Nhóm 121 — Báo cáo hoạt động CN CTCK nước ngoài tại VN (STT 121),Cơ sở vật chất trong năm báo cáo >> Mở rộng diện tích trụ sở chi nhánh,Cơ sở,QLKD,,,,,"Pending - chưa thiết kế nguồn (gap Atomic REPORT_CELL_VALUE, xem O_QLKD_23)"
K_QLKD_3212,DATA EXPLORER,Nhóm 121 — Báo cáo hoạt động CN CTCK nước ngoài tại VN (STT 121),Cơ sở vật chất trong năm báo cáo >> Đầu tư nâng cấp hệ thống máy móc thuộc phần cứng,Cơ sở,QLKD,,,,,"Pending - chưa thiết kế nguồn (gap Atomic REPORT_CELL_VALUE, xem O_QLKD_23)"
K_QLKD_3213,DATA EXPLORER,Nhóm 121 — Báo cáo hoạt động CN CTCK nước ngoài tại VN (STT 121),Cơ sở vật chất trong năm báo cáo >> Đầu tư nâng cấp phần mềm cho các hệ thống,Cơ sở,QLKD,,,,,"Pending - chưa thiết kế nguồn (gap Atomic REPORT_CELL_VALUE, xem O_QLKD_23)"
K_QLKD_3214,DATA EXPLORER,Nhóm 121 — Báo cáo hoạt động CN CTCK nước ngoài tại VN (STT 121),"Cơ sở vật chất trong năm báo cáo >> Đầu tư kho két cho lưu trữ hồ sơ, chứng từ",Cơ sở,QLKD,,,,,"Pending - chưa thiết kế nguồn (gap Atomic REPORT_CELL_VALUE, xem O_QLKD_23)"
K_QLKD_3215,DATA EXPLORER,Nhóm 121 — Báo cáo hoạt động CN CTCK nước ngoài tại VN (STT 121),Cơ sở vật chất trong năm báo cáo >> Các đầu tư cơ sở vật chất khác,Cơ sở,QLKD,,,,,"Pending - chưa thiết kế nguồn (gap Atomic REPORT_CELL_VALUE, xem O_QLKD_23)"
K_QLKD_3216,DATA EXPLORER,Nhóm 121 — Báo cáo hoạt động CN CTCK nước ngoài tại VN (STT 121),Hoạt động của chi nhánh công ty chứng khoán >> Tư vấn đầu tư chứng khoán >> Số hợp đồng đã ký đầu năm,Cơ sở,QLKD,,,,,"Pending - chưa thiết kế nguồn (gap Atomic REPORT_CELL_VALUE, xem O_QLKD_23)"
K_QLKD_3217,DATA EXPLORER,Nhóm 121 — Báo cáo hoạt động CN CTCK nước ngoài tại VN (STT 121),Hoạt động của chi nhánh công ty chứng khoán >> Tư vấn đầu tư chứng khoán >> Số hợp đồng đã thanh lý trong năm,Cơ sở,QLKD,,,,,"Pending - chưa thiết kế nguồn (gap Atomic REPORT_CELL_VALUE, xem O_QLKD_23)"
K_QLKD_3218,DATA EXPLORER,Nhóm 121 — Báo cáo hoạt động CN CTCK nước ngoài tại VN (STT 121),Hoạt động của chi nhánh công ty chứng khoán >> Tư vấn đầu tư chứng khoán >> Số hợp đồng ký mới trong năm,Cơ sở,QLKD,,,,,"Pending - chưa thiết kế nguồn (gap Atomic REPORT_CELL_VALUE, xem O_QLKD_23)"
K_QLKD_3219,DATA EXPLORER,Nhóm 121 — Báo cáo hoạt động CN CTCK nước ngoài tại VN (STT 121),Hoạt động của chi nhánh công ty chứng khoán >> Tư vấn đầu tư chứng khoán >> Số hợp đồng còn hiệu lực cuối năm,Cơ sở,QLKD,,,,,"Pending - chưa thiết kế nguồn (gap Atomic REPORT_CELL_VALUE, xem O_QLKD_23)"
K_QLKD_3220,DATA EXPLORER,Nhóm 121 — Báo cáo hoạt động CN CTCK nước ngoài tại VN (STT 121),Hoạt động của chi nhánh công ty chứng khoán >> Tư vấn đầu tư chứng khoán >> Giá dịch vụ thu được trong năm (đồng),Cơ sở,QLKD,,,,,"Pending - chưa thiết kế nguồn (gap Atomic REPORT_CELL_VALUE, xem O_QLKD_23)"
K_QLKD_3221,DATA EXPLORER,Nhóm 121 — Báo cáo hoạt động CN CTCK nước ngoài tại VN (STT 121),Hoạt động của chi nhánh công ty chứng khoán >> Dịch vụ khác >> Số hợp đồng đã ký đầu năm,Cơ sở,QLKD,,,,,"Pending - chưa thiết kế nguồn (gap Atomic REPORT_CELL_VALUE, xem O_QLKD_23)"
K_QLKD_3222,DATA EXPLORER,Nhóm 121 — Báo cáo hoạt động CN CTCK nước ngoài tại VN (STT 121),Hoạt động của chi nhánh công ty chứng khoán >> Dịch vụ khác >> Số hợp đồng đã thanh lý trong năm,Cơ sở,QLKD,,,,,"Pending - chưa thiết kế nguồn (gap Atomic REPORT_CELL_VALUE, xem O_QLKD_23)"
K_QLKD_3223,DATA EXPLORER,Nhóm 121 — Báo cáo hoạt động CN CTCK nước ngoài tại VN (STT 121),Hoạt động của chi nhánh công ty chứng khoán >> Dịch vụ khác >> Số hợp đồng ký mới trong năm,Cơ sở,QLKD,,,,,"Pending - chưa thiết kế nguồn (gap Atomic REPORT_CELL_VALUE, xem O_QLKD_23)"
K_QLKD_3224,DATA EXPLORER,Nhóm 121 — Báo cáo hoạt động CN CTCK nước ngoài tại VN (STT 121),Hoạt động của chi nhánh công ty chứng khoán >> Dịch vụ khác >> Số hợp đồng còn hiệu lực cuối năm,Cơ sở,QLKD,,,,,"Pending - chưa thiết kế nguồn (gap Atomic REPORT_CELL_VALUE, xem O_QLKD_23)"
K_QLKD_3225,DATA EXPLORER,Nhóm 121 — Báo cáo hoạt động CN CTCK nước ngoài tại VN (STT 121),Hoạt động của chi nhánh công ty chứng khoán >> Dịch vụ khác >> Giá dịch vụ thu được trong năm (đồng),Cơ sở,QLKD,,,,,"Pending - chưa thiết kế nguồn (gap Atomic REPORT_CELL_VALUE, xem O_QLKD_23)"
K_QLKD_3226,DATA EXPLORER,Nhóm 121 — Báo cáo hoạt động CN CTCK nước ngoài tại VN (STT 121),Báo cáo hoạt động giám sát tuân thủ >> Vi phạm quy định về số lượng người hành nghề chứng khoán >> Số lần vi phạm trong năm,Cơ sở,QLKD,,,,,"Pending - chưa thiết kế nguồn (gap Atomic REPORT_CELL_VALUE, xem O_QLKD_23)"
K_QLKD_3227,DATA EXPLORER,Nhóm 121 — Báo cáo hoạt động CN CTCK nước ngoài tại VN (STT 121),Báo cáo hoạt động giám sát tuân thủ >> Vi phạm quy định về số lượng người hành nghề chứng khoán >> Hình thức xử lý,Cơ sở,QLKD,,,,,"Pending - chưa thiết kế nguồn (gap Atomic REPORT_CELL_VALUE, xem O_QLKD_23)"
K_QLKD_3228,DATA EXPLORER,Nhóm 121 — Báo cáo hoạt động CN CTCK nước ngoài tại VN (STT 121),Báo cáo hoạt động giám sát tuân thủ >> Vi phạm quy định về số lượng người hành nghề chứng khoán >> Ghi chú,Cơ sở,QLKD,,,,,"Pending - chưa thiết kế nguồn (gap Atomic REPORT_CELL_VALUE, xem O_QLKD_23)"
K_QLKD_3229,DATA EXPLORER,Nhóm 121 — Báo cáo hoạt động CN CTCK nước ngoài tại VN (STT 121),Báo cáo hoạt động giám sát tuân thủ >> Vi phạm chế độ công bố thông tin >> Chậm công bố thông tin >> Số lần vi phạm trong năm,Cơ sở,QLKD,,,,,"Pending - chưa thiết kế nguồn (gap Atomic REPORT_CELL_VALUE, xem O_QLKD_23)"
K_QLKD_3230,DATA EXPLORER,Nhóm 121 — Báo cáo hoạt động CN CTCK nước ngoài tại VN (STT 121),Báo cáo hoạt động giám sát tuân thủ >> Vi phạm chế độ công bố thông tin >> Chậm công bố thông tin >> Hình thức xử lý,Cơ sở,QLKD,,,,,"Pending - chưa thiết kế nguồn (gap Atomic REPORT_CELL_VALUE, xem O_QLKD_23)"
K_QLKD_3231,DATA EXPLORER,Nhóm 121 — Báo cáo hoạt động CN CTCK nước ngoài tại VN (STT 121),Báo cáo hoạt động giám sát tuân thủ >> Vi phạm chế độ công bố thông tin >> Chậm công bố thông tin >> Ghi chú,Cơ sở,QLKD,,,,,"Pending - chưa thiết kế nguồn (gap Atomic REPORT_CELL_VALUE, xem O_QLKD_23)"
K_QLKD_3232,DATA EXPLORER,Nhóm 121 — Báo cáo hoạt động CN CTCK nước ngoài tại VN (STT 121),Báo cáo hoạt động giám sát tuân thủ >> Vi phạm chế độ công bố thông tin >> Không công bố thông tin >> Số lần vi phạm trong năm,Cơ sở,QLKD,,,,,"Pending - chưa thiết kế nguồn (gap Atomic REPORT_CELL_VALUE, xem O_QLKD_23)"
K_QLKD_3233,DATA EXPLORER,Nhóm 121 — Báo cáo hoạt động CN CTCK nước ngoài tại VN (STT 121),Báo cáo hoạt động giám sát tuân thủ >> Vi phạm chế độ công bố thông tin >> Không công bố thông tin >> Hình thức xử lý,Cơ sở,QLKD,,,,,"Pending - chưa thiết kế nguồn (gap Atomic REPORT_CELL_VALUE, xem O_QLKD_23)"
K_QLKD_3234,DATA EXPLORER,Nhóm 121 — Báo cáo hoạt động CN CTCK nước ngoài tại VN (STT 121),Báo cáo hoạt động giám sát tuân thủ >> Vi phạm chế độ công bố thông tin >> Không công bố thông tin >> Ghi chú,Cơ sở,QLKD,,,,,"Pending - chưa thiết kế nguồn (gap Atomic REPORT_CELL_VALUE, xem O_QLKD_23)"
K_QLKD_3235,DATA EXPLORER,Nhóm 121 — Báo cáo hoạt động CN CTCK nước ngoài tại VN (STT 121),Báo cáo hoạt động giám sát tuân thủ >> Vi phạm chế độ báo cáo >> Nộp chậm báo cáo >> Số lần vi phạm trong năm,Cơ sở,QLKD,,,,,"Pending - chưa thiết kế nguồn (gap Atomic REPORT_CELL_VALUE, xem O_QLKD_23)"
K_QLKD_3236,DATA EXPLORER,Nhóm 121 — Báo cáo hoạt động CN CTCK nước ngoài tại VN (STT 121),Báo cáo hoạt động giám sát tuân thủ >> Vi phạm chế độ báo cáo >> Nộp chậm báo cáo >> Hình thức xử lý,Cơ sở,QLKD,,,,,"Pending - chưa thiết kế nguồn (gap Atomic REPORT_CELL_VALUE, xem O_QLKD_23)"
K_QLKD_3237,DATA EXPLORER,Nhóm 121 — Báo cáo hoạt động CN CTCK nước ngoài tại VN (STT 121),Báo cáo hoạt động giám sát tuân thủ >> Vi phạm chế độ báo cáo >> Nộp chậm báo cáo >> Ghi chú,Cơ sở,QLKD,,,,,"Pending - chưa thiết kế nguồn (gap Atomic REPORT_CELL_VALUE, xem O_QLKD_23)"
K_QLKD_3238,DATA EXPLORER,Nhóm 121 — Báo cáo hoạt động CN CTCK nước ngoài tại VN (STT 121),Báo cáo hoạt động giám sát tuân thủ >> Vi phạm chế độ báo cáo >> Không nộp báo cáo >> Số lần vi phạm trong năm,Cơ sở,QLKD,,,,,"Pending - chưa thiết kế nguồn (gap Atomic REPORT_CELL_VALUE, xem O_QLKD_23)"
K_QLKD_3239,DATA EXPLORER,Nhóm 121 — Báo cáo hoạt động CN CTCK nước ngoài tại VN (STT 121),Báo cáo hoạt động giám sát tuân thủ >> Vi phạm chế độ báo cáo >> Không nộp báo cáo >> Hình thức xử lý,Cơ sở,QLKD,,,,,"Pending - chưa thiết kế nguồn (gap Atomic REPORT_CELL_VALUE, xem O_QLKD_23)"
K_QLKD_3240,DATA EXPLORER,Nhóm 121 — Báo cáo hoạt động CN CTCK nước ngoài tại VN (STT 121),Báo cáo hoạt động giám sát tuân thủ >> Vi phạm chế độ báo cáo >> Không nộp báo cáo >> Ghi chú,Cơ sở,QLKD,,,,,"Pending - chưa thiết kế nguồn (gap Atomic REPORT_CELL_VALUE, xem O_QLKD_23)"
K_QLKD_3241,DATA EXPLORER,Nhóm 121 — Báo cáo hoạt động CN CTCK nước ngoài tại VN (STT 121),Báo cáo hoạt động giám sát tuân thủ >> Về hoạt động giám sát tuân thủ >> Thực hiện các văn bản quy phạm pháp luật >> Số lần vi phạm trong năm,Cơ sở,QLKD,,,,,"Pending - chưa thiết kế nguồn (gap Atomic REPORT_CELL_VALUE, xem O_QLKD_23)"
K_QLKD_3242,DATA EXPLORER,Nhóm 121 — Báo cáo hoạt động CN CTCK nước ngoài tại VN (STT 121),Báo cáo hoạt động giám sát tuân thủ >> Về hoạt động giám sát tuân thủ >> Thực hiện các văn bản quy phạm pháp luật >> Hình thức xử lý,Cơ sở,QLKD,,,,,"Pending - chưa thiết kế nguồn (gap Atomic REPORT_CELL_VALUE, xem O_QLKD_23)"
K_QLKD_3243,DATA EXPLORER,Nhóm 121 — Báo cáo hoạt động CN CTCK nước ngoài tại VN (STT 121),Báo cáo hoạt động giám sát tuân thủ >> Về hoạt động giám sát tuân thủ >> Thực hiện các văn bản quy phạm pháp luật >> Ghi chú,Cơ sở,QLKD,,,,,"Pending - chưa thiết kế nguồn (gap Atomic REPORT_CELL_VALUE, xem O_QLKD_23)"
K_QLKD_3244,DATA EXPLORER,Nhóm 121 — Báo cáo hoạt động CN CTCK nước ngoài tại VN (STT 121),Báo cáo hoạt động giám sát tuân thủ >> Về hoạt động giám sát tuân thủ >> Thực hiện các văn bản của UBCKNN >> Số lần vi phạm trong năm,Cơ sở,QLKD,,,,,"Pending - chưa thiết kế nguồn (gap Atomic REPORT_CELL_VALUE, xem O_QLKD_23)"
K_QLKD_3245,DATA EXPLORER,Nhóm 121 — Báo cáo hoạt động CN CTCK nước ngoài tại VN (STT 121),Báo cáo hoạt động giám sát tuân thủ >> Về hoạt động giám sát tuân thủ >> Thực hiện các văn bản của UBCKNN >> Hình thức xử lý,Cơ sở,QLKD,,,,,"Pending - chưa thiết kế nguồn (gap Atomic REPORT_CELL_VALUE, xem O_QLKD_23)"
K_QLKD_3246,DATA EXPLORER,Nhóm 121 — Báo cáo hoạt động CN CTCK nước ngoài tại VN (STT 121),Báo cáo hoạt động giám sát tuân thủ >> Về hoạt động giám sát tuân thủ >> Thực hiện các văn bản của UBCKNN >> Ghi chú,Cơ sở,QLKD,,,,,"Pending - chưa thiết kế nguồn (gap Atomic REPORT_CELL_VALUE, xem O_QLKD_23)"
K_QLKD_3247,DATA EXPLORER,Nhóm 121 — Báo cáo hoạt động CN CTCK nước ngoài tại VN (STT 121),Chỉ tiêu an toàn tài chính >> Vốn được cấp (đồng) >> Giá trị,Cơ sở,QLKD,,,,,"Pending - chưa thiết kế nguồn (gap Atomic REPORT_CELL_VALUE, xem O_QLKD_23)"
K_QLKD_3248,DATA EXPLORER,Nhóm 121 — Báo cáo hoạt động CN CTCK nước ngoài tại VN (STT 121),Chỉ tiêu an toàn tài chính >> Vốn được cấp (đồng) >> Tỷ lệ,Cơ sở,QLKD,,,,,"Pending - chưa thiết kế nguồn (gap Atomic REPORT_CELL_VALUE, xem O_QLKD_23)"
K_QLKD_3249,DATA EXPLORER,Nhóm 121 — Báo cáo hoạt động CN CTCK nước ngoài tại VN (STT 121),Chỉ tiêu an toàn tài chính >> Lãi (Lỗ) lũy kế (đồng) >> Giá trị,Cơ sở,QLKD,,,,,"Pending - chưa thiết kế nguồn (gap Atomic REPORT_CELL_VALUE, xem O_QLKD_23)"
K_QLKD_3250,DATA EXPLORER,Nhóm 121 — Báo cáo hoạt động CN CTCK nước ngoài tại VN (STT 121),Chỉ tiêu an toàn tài chính >> Lãi (Lỗ) lũy kế (đồng) >> Tỷ lệ,Cơ sở,QLKD,,,,,"Pending - chưa thiết kế nguồn (gap Atomic REPORT_CELL_VALUE, xem O_QLKD_23)"
K_QLKD_3251,DATA EXPLORER,Nhóm 121 — Báo cáo hoạt động CN CTCK nước ngoài tại VN (STT 121),Chỉ tiêu an toàn tài chính >> Tài sản cố định (đồng) >> Giá trị,Cơ sở,QLKD,,,,,"Pending - chưa thiết kế nguồn (gap Atomic REPORT_CELL_VALUE, xem O_QLKD_23)"
K_QLKD_3252,DATA EXPLORER,Nhóm 121 — Báo cáo hoạt động CN CTCK nước ngoài tại VN (STT 121),Chỉ tiêu an toàn tài chính >> Tài sản cố định (đồng) >> Tỷ lệ,Cơ sở,QLKD,,,,,"Pending - chưa thiết kế nguồn (gap Atomic REPORT_CELL_VALUE, xem O_QLKD_23)"
K_QLKD_3253,DATA EXPLORER,Nhóm 121 — Báo cáo hoạt động CN CTCK nước ngoài tại VN (STT 121),Chỉ tiêu an toàn tài chính >> Tỷ lệ vốn khả dụng (%) >> Giá trị,Cơ sở,QLKD,,,,,"Pending - chưa thiết kế nguồn (gap Atomic REPORT_CELL_VALUE, xem O_QLKD_23)"
K_QLKD_3254,DATA EXPLORER,Nhóm 121 — Báo cáo hoạt động CN CTCK nước ngoài tại VN (STT 121),Chỉ tiêu an toàn tài chính >> Tỷ lệ vốn khả dụng (%) >> Tỷ lệ,Cơ sở,QLKD,,,,,"Pending - chưa thiết kế nguồn (gap Atomic REPORT_CELL_VALUE, xem O_QLKD_23)"
K_QLKD_3255,DATA EXPLORER,Nhóm 121 — Báo cáo hoạt động CN CTCK nước ngoài tại VN (STT 121),Chỉ tiêu an toàn tài chính >> Tổng tài sản >> Giá trị,Cơ sở,QLKD,,,,,"Pending - chưa thiết kế nguồn (gap Atomic REPORT_CELL_VALUE, xem O_QLKD_23)"
K_QLKD_3256,DATA EXPLORER,Nhóm 121 — Báo cáo hoạt động CN CTCK nước ngoài tại VN (STT 121),Chỉ tiêu an toàn tài chính >> Tổng tài sản >> Tỷ lệ,Cơ sở,QLKD,,,,,"Pending - chưa thiết kế nguồn (gap Atomic REPORT_CELL_VALUE, xem O_QLKD_23)"
K_QLKD_3257,DATA EXPLORER,Nhóm 122 — Báo cáo hoạt động CN CTCK nước ngoài tại VN (STT 122),Loại báo cáo,Chiều,QLKD,,,,,"Pending - chưa thiết kế nguồn (gap Atomic REPORT_CELL_VALUE, xem O_QLKD_23)"
K_QLKD_3258,DATA EXPLORER,Nhóm 122 — Báo cáo hoạt động CN CTCK nước ngoài tại VN (STT 122),Kỳ báo cáo,Chiều,QLKD,,,,,"Pending - chưa thiết kế nguồn (gap Atomic REPORT_CELL_VALUE, xem O_QLKD_23)"
K_QLKD_3259,DATA EXPLORER,Nhóm 122 — Báo cáo hoạt động CN CTCK nước ngoài tại VN (STT 122),Mã báo cáo,Chiều,QLKD,,,,,"Pending - chưa thiết kế nguồn (gap Atomic REPORT_CELL_VALUE, xem O_QLKD_23)"
K_QLKD_3260,DATA EXPLORER,Nhóm 122 — Báo cáo hoạt động CN CTCK nước ngoài tại VN (STT 122),Tên báo cáo,Chiều,QLKD,,,,,"Pending - chưa thiết kế nguồn (gap Atomic REPORT_CELL_VALUE, xem O_QLKD_23)"
K_QLKD_3261,DATA EXPLORER,Nhóm 122 — Báo cáo hoạt động CN CTCK nước ngoài tại VN (STT 122),Mã sheet,Chiều,QLKD,,,,,"Pending - chưa thiết kế nguồn (gap Atomic REPORT_CELL_VALUE, xem O_QLKD_23)"
K_QLKD_3262,DATA EXPLORER,Nhóm 122 — Báo cáo hoạt động CN CTCK nước ngoài tại VN (STT 122),Tên sheet,Chiều,QLKD,,,,,"Pending - chưa thiết kế nguồn (gap Atomic REPORT_CELL_VALUE, xem O_QLKD_23)"
K_QLKD_3263,DATA EXPLORER,Nhóm 122 — Báo cáo hoạt động CN CTCK nước ngoài tại VN (STT 122),Mã chỉ tiêu,Chiều,QLKD,,,,,"Pending - chưa thiết kế nguồn (gap Atomic REPORT_CELL_VALUE, xem O_QLKD_23)"
K_QLKD_3264,DATA EXPLORER,Nhóm 122 — Báo cáo hoạt động CN CTCK nước ngoài tại VN (STT 122),Tên chỉ tiêu,Chiều,QLKD,,,,,"Pending - chưa thiết kế nguồn (gap Atomic REPORT_CELL_VALUE, xem O_QLKD_23)"
K_QLKD_3265,DATA EXPLORER,Nhóm 122 — Báo cáo hoạt động CN CTCK nước ngoài tại VN (STT 122),Người đại diện KT,Cơ sở,QLKD,,,,,"Pending - chưa thiết kế nguồn (gap Atomic REPORT_CELL_VALUE, xem O_QLKD_23)"
K_QLKD_3266,DATA EXPLORER,Nhóm 122 — Báo cáo hoạt động CN CTCK nước ngoài tại VN (STT 122),Chức vụ,Cơ sở,QLKD,,,,,"Pending - chưa thiết kế nguồn (gap Atomic REPORT_CELL_VALUE, xem O_QLKD_23)"
K_QLKD_3267,DATA EXPLORER,Nhóm 122 — Báo cáo hoạt động CN CTCK nước ngoài tại VN (STT 122),Giấy chứng nhận,Cơ sở,QLKD,,,,,"Pending - chưa thiết kế nguồn (gap Atomic REPORT_CELL_VALUE, xem O_QLKD_23)"
K_QLKD_3268,DATA EXPLORER,Nhóm 122 — Báo cáo hoạt động CN CTCK nước ngoài tại VN (STT 122),Người kiểm toán,Cơ sở,QLKD,,,,,"Pending - chưa thiết kế nguồn (gap Atomic REPORT_CELL_VALUE, xem O_QLKD_23)"
K_QLKD_3269,DATA EXPLORER,Nhóm 122 — Báo cáo hoạt động CN CTCK nước ngoài tại VN (STT 122),Giấy chứng nhận,Cơ sở,QLKD,,,,,"Pending - chưa thiết kế nguồn (gap Atomic REPORT_CELL_VALUE, xem O_QLKD_23)"
K_QLKD_3270,DATA EXPLORER,Nhóm 122 — Báo cáo hoạt động CN CTCK nước ngoài tại VN (STT 122),Ngày kiểm toán,Cơ sở,QLKD,,,,,"Pending - chưa thiết kế nguồn (gap Atomic REPORT_CELL_VALUE, xem O_QLKD_23)"
K_QLKD_3271,DATA EXPLORER,Nhóm 122 — Báo cáo hoạt động CN CTCK nước ngoài tại VN (STT 122),Ngày kiểm toán,Cơ sở,QLKD,,,,,"Pending - chưa thiết kế nguồn (gap Atomic REPORT_CELL_VALUE, xem O_QLKD_23)"
K_QLKD_3272,DATA EXPLORER,Nhóm 122 — Báo cáo hoạt động CN CTCK nước ngoài tại VN (STT 122),Ý kiến kiểm toán,Cơ sở,QLKD,,,,,"Pending - chưa thiết kế nguồn (gap Atomic REPORT_CELL_VALUE, xem O_QLKD_23)"
K_QLKD_3273,DATA EXPLORER,Nhóm 123 — Báo cáo hoạt động CN CTCK nước ngoài tại VN (STT 123),Loại báo cáo,Chiều,QLKD,,,,,"Pending - chưa thiết kế nguồn (gap Atomic REPORT_CELL_VALUE, xem O_QLKD_23)"
K_QLKD_3274,DATA EXPLORER,Nhóm 123 — Báo cáo hoạt động CN CTCK nước ngoài tại VN (STT 123),Kỳ báo cáo,Chiều,QLKD,,,,,"Pending - chưa thiết kế nguồn (gap Atomic REPORT_CELL_VALUE, xem O_QLKD_23)"
K_QLKD_3275,DATA EXPLORER,Nhóm 123 — Báo cáo hoạt động CN CTCK nước ngoài tại VN (STT 123),Mã báo cáo,Chiều,QLKD,,,,,"Pending - chưa thiết kế nguồn (gap Atomic REPORT_CELL_VALUE, xem O_QLKD_23)"
K_QLKD_3276,DATA EXPLORER,Nhóm 123 — Báo cáo hoạt động CN CTCK nước ngoài tại VN (STT 123),Tên báo cáo,Chiều,QLKD,,,,,"Pending - chưa thiết kế nguồn (gap Atomic REPORT_CELL_VALUE, xem O_QLKD_23)"
K_QLKD_3277,DATA EXPLORER,Nhóm 123 — Báo cáo hoạt động CN CTCK nước ngoài tại VN (STT 123),Mã sheet,Chiều,QLKD,,,,,"Pending - chưa thiết kế nguồn (gap Atomic REPORT_CELL_VALUE, xem O_QLKD_23)"
K_QLKD_3278,DATA EXPLORER,Nhóm 123 — Báo cáo hoạt động CN CTCK nước ngoài tại VN (STT 123),Tên sheet,Chiều,QLKD,,,,,"Pending - chưa thiết kế nguồn (gap Atomic REPORT_CELL_VALUE, xem O_QLKD_23)"
K_QLKD_3279,DATA EXPLORER,Nhóm 123 — Báo cáo hoạt động CN CTCK nước ngoài tại VN (STT 123),Mã chỉ tiêu,Chiều,QLKD,,,,,"Pending - chưa thiết kế nguồn (gap Atomic REPORT_CELL_VALUE, xem O_QLKD_23)"
K_QLKD_3280,DATA EXPLORER,Nhóm 123 — Báo cáo hoạt động CN CTCK nước ngoài tại VN (STT 123),Tên chỉ tiêu,Chiều,QLKD,,,,,"Pending - chưa thiết kế nguồn (gap Atomic REPORT_CELL_VALUE, xem O_QLKD_23)"
K_QLKD_3281,DATA EXPLORER,Nhóm 123 — Báo cáo hoạt động CN CTCK nước ngoài tại VN (STT 123),A. TÀI SẢN NGẮN HẠN (100 = 110 + 130),Cơ sở,QLKD,,,,,"Pending - chưa thiết kế nguồn (gap Atomic REPORT_CELL_VALUE, xem O_QLKD_23)"
K_QLKD_3282,DATA EXPLORER,Nhóm 123 — Báo cáo hoạt động CN CTCK nước ngoài tại VN (STT 123),I. Tài sản tài chính,Cơ sở,QLKD,,,,,"Pending - chưa thiết kế nguồn (gap Atomic REPORT_CELL_VALUE, xem O_QLKD_23)"
K_QLKD_3283,DATA EXPLORER,Nhóm 123 — Báo cáo hoạt động CN CTCK nước ngoài tại VN (STT 123),1.Tiền và các khoản tương đương tiền,Cơ sở,QLKD,,,,,"Pending - chưa thiết kế nguồn (gap Atomic REPORT_CELL_VALUE, xem O_QLKD_23)"
K_QLKD_3284,DATA EXPLORER,Nhóm 123 — Báo cáo hoạt động CN CTCK nước ngoài tại VN (STT 123),1.1. Tiền,Cơ sở,QLKD,,,,,"Pending - chưa thiết kế nguồn (gap Atomic REPORT_CELL_VALUE, xem O_QLKD_23)"
K_QLKD_3285,DATA EXPLORER,Nhóm 123 — Báo cáo hoạt động CN CTCK nước ngoài tại VN (STT 123),1.2. Các khoản tương đương tiền,Cơ sở,QLKD,,,,,"Pending - chưa thiết kế nguồn (gap Atomic REPORT_CELL_VALUE, xem O_QLKD_23)"
K_QLKD_3286,DATA EXPLORER,Nhóm 123 — Báo cáo hoạt động CN CTCK nước ngoài tại VN (STT 123),2. Các tài sản tài chính ghi nhận thông qua lãi/lỗ (FVTPL),Cơ sở,QLKD,,,,,"Pending - chưa thiết kế nguồn (gap Atomic REPORT_CELL_VALUE, xem O_QLKD_23)"
K_QLKD_3287,DATA EXPLORER,Nhóm 123 — Báo cáo hoạt động CN CTCK nước ngoài tại VN (STT 123),3. Các khoản đầu tư nắm giữ đến ngày đáo hạn (HTM),Cơ sở,QLKD,,,,,"Pending - chưa thiết kế nguồn (gap Atomic REPORT_CELL_VALUE, xem O_QLKD_23)"
K_QLKD_3288,DATA EXPLORER,Nhóm 123 — Báo cáo hoạt động CN CTCK nước ngoài tại VN (STT 123),4. Các khoản cho vay,Cơ sở,QLKD,,,,,"Pending - chưa thiết kế nguồn (gap Atomic REPORT_CELL_VALUE, xem O_QLKD_23)"
K_QLKD_3289,DATA EXPLORER,Nhóm 123 — Báo cáo hoạt động CN CTCK nước ngoài tại VN (STT 123),5. Tài sản tài chính sẵn sàng để bán (AFS),Cơ sở,QLKD,,,,,"Pending - chưa thiết kế nguồn (gap Atomic REPORT_CELL_VALUE, xem O_QLKD_23)"
K_QLKD_3290,DATA EXPLORER,Nhóm 123 — Báo cáo hoạt động CN CTCK nước ngoài tại VN (STT 123),6. Dự phòng suy giảm giá trị các tài sản tài chính và tài sản thế chấp,Cơ sở,QLKD,,,,,"Pending - chưa thiết kế nguồn (gap Atomic REPORT_CELL_VALUE, xem O_QLKD_23)"
K_QLKD_3291,DATA EXPLORER,Nhóm 123 — Báo cáo hoạt động CN CTCK nước ngoài tại VN (STT 123),7. Các khoản phải thu,Cơ sở,QLKD,,,,,"Pending - chưa thiết kế nguồn (gap Atomic REPORT_CELL_VALUE, xem O_QLKD_23)"
K_QLKD_3292,DATA EXPLORER,Nhóm 123 — Báo cáo hoạt động CN CTCK nước ngoài tại VN (STT 123),7.1. Phải thu bán các tài sản tài chính,Cơ sở,QLKD,,,,,"Pending - chưa thiết kế nguồn (gap Atomic REPORT_CELL_VALUE, xem O_QLKD_23)"
K_QLKD_3293,DATA EXPLORER,Nhóm 123 — Báo cáo hoạt động CN CTCK nước ngoài tại VN (STT 123),"7.2. Phải thu và dự thu cổ tức, tiền lãi các tài sản tài chính",Cơ sở,QLKD,,,,,"Pending - chưa thiết kế nguồn (gap Atomic REPORT_CELL_VALUE, xem O_QLKD_23)"
K_QLKD_3294,DATA EXPLORER,Nhóm 123 — Báo cáo hoạt động CN CTCK nước ngoài tại VN (STT 123),"7.2.1. Phải thu cổ tức, tiền lãi đến ngày nhận",Cơ sở,QLKD,,,,,"Pending - chưa thiết kế nguồn (gap Atomic REPORT_CELL_VALUE, xem O_QLKD_23)"
K_QLKD_3295,DATA EXPLORER,Nhóm 123 — Báo cáo hoạt động CN CTCK nước ngoài tại VN (STT 123),"7.2.2. Dự thu cổ tức, tiền lãi chưa đến ngày nhận",Cơ sở,QLKD,,,,,"Pending - chưa thiết kế nguồn (gap Atomic REPORT_CELL_VALUE, xem O_QLKD_23)"
K_QLKD_3296,DATA EXPLORER,Nhóm 123 — Báo cáo hoạt động CN CTCK nước ngoài tại VN (STT 123),8. Trả trước cho người bán,Cơ sở,QLKD,,,,,"Pending - chưa thiết kế nguồn (gap Atomic REPORT_CELL_VALUE, xem O_QLKD_23)"
K_QLKD_3297,DATA EXPLORER,Nhóm 123 — Báo cáo hoạt động CN CTCK nước ngoài tại VN (STT 123),9. Phải thu các dịch vụ CTCK cung cấp,Cơ sở,QLKD,,,,,"Pending - chưa thiết kế nguồn (gap Atomic REPORT_CELL_VALUE, xem O_QLKD_23)"
K_QLKD_3298,DATA EXPLORER,Nhóm 123 — Báo cáo hoạt động CN CTCK nước ngoài tại VN (STT 123),10. Phải thu nội bộ,Cơ sở,QLKD,,,,,"Pending - chưa thiết kế nguồn (gap Atomic REPORT_CELL_VALUE, xem O_QLKD_23)"
K_QLKD_3299,DATA EXPLORER,Nhóm 123 — Báo cáo hoạt động CN CTCK nước ngoài tại VN (STT 123),11. Phải thu về lỗi giao dịch chứng khoán,Cơ sở,QLKD,,,,,"Pending - chưa thiết kế nguồn (gap Atomic REPORT_CELL_VALUE, xem O_QLKD_23)"
K_QLKD_3300,DATA EXPLORER,Nhóm 123 — Báo cáo hoạt động CN CTCK nước ngoài tại VN (STT 123),12. Các khoản phải thu khác,Cơ sở,QLKD,,,,,"Pending - chưa thiết kế nguồn (gap Atomic REPORT_CELL_VALUE, xem O_QLKD_23)"
K_QLKD_3301,DATA EXPLORER,Nhóm 123 — Báo cáo hoạt động CN CTCK nước ngoài tại VN (STT 123),13. Dự phòng suy giảm giá trị các khoản phải thu (*),Cơ sở,QLKD,,,,,"Pending - chưa thiết kế nguồn (gap Atomic REPORT_CELL_VALUE, xem O_QLKD_23)"
K_QLKD_3302,DATA EXPLORER,Nhóm 123 — Báo cáo hoạt động CN CTCK nước ngoài tại VN (STT 123),II. Tài sản ngắn hạn khác,Cơ sở,QLKD,,,,,"Pending - chưa thiết kế nguồn (gap Atomic REPORT_CELL_VALUE, xem O_QLKD_23)"
K_QLKD_3303,DATA EXPLORER,Nhóm 123 — Báo cáo hoạt động CN CTCK nước ngoài tại VN (STT 123),1. Tạm ứng,Cơ sở,QLKD,,,,,"Pending - chưa thiết kế nguồn (gap Atomic REPORT_CELL_VALUE, xem O_QLKD_23)"
K_QLKD_3304,DATA EXPLORER,Nhóm 123 — Báo cáo hoạt động CN CTCK nước ngoài tại VN (STT 123),"2. Vật tư văn phòng, công cụ, dụng cụ",Cơ sở,QLKD,,,,,"Pending - chưa thiết kế nguồn (gap Atomic REPORT_CELL_VALUE, xem O_QLKD_23)"
K_QLKD_3305,DATA EXPLORER,Nhóm 123 — Báo cáo hoạt động CN CTCK nước ngoài tại VN (STT 123),3. Chi phí trả trước ngắn hạn,Cơ sở,QLKD,,,,,"Pending - chưa thiết kế nguồn (gap Atomic REPORT_CELL_VALUE, xem O_QLKD_23)"
K_QLKD_3306,DATA EXPLORER,Nhóm 123 — Báo cáo hoạt động CN CTCK nước ngoài tại VN (STT 123),"4. Cầm cố, thế chấp, ký quỹ, ký cược ngắn hạn",Cơ sở,QLKD,,,,,"Pending - chưa thiết kế nguồn (gap Atomic REPORT_CELL_VALUE, xem O_QLKD_23)"
K_QLKD_3307,DATA EXPLORER,Nhóm 123 — Báo cáo hoạt động CN CTCK nước ngoài tại VN (STT 123),5. Thuế giá trị gia tăng được khấu trừ,Cơ sở,QLKD,,,,,"Pending - chưa thiết kế nguồn (gap Atomic REPORT_CELL_VALUE, xem O_QLKD_23)"
K_QLKD_3308,DATA EXPLORER,Nhóm 123 — Báo cáo hoạt động CN CTCK nước ngoài tại VN (STT 123),6. Thuế và các khoản khác phải thu Nhà nước,Cơ sở,QLKD,,,,,"Pending - chưa thiết kế nguồn (gap Atomic REPORT_CELL_VALUE, xem O_QLKD_23)"
K_QLKD_3309,DATA EXPLORER,Nhóm 123 — Báo cáo hoạt động CN CTCK nước ngoài tại VN (STT 123),7. Tài sản ngắn hạn khác,Cơ sở,QLKD,,,,,"Pending - chưa thiết kế nguồn (gap Atomic REPORT_CELL_VALUE, xem O_QLKD_23)"
K_QLKD_3310,DATA EXPLORER,Nhóm 123 — Báo cáo hoạt động CN CTCK nước ngoài tại VN (STT 123),8. Giao dịch mua bán lại trái phiếu Chính phủ,Cơ sở,QLKD,,,,,"Pending - chưa thiết kế nguồn (gap Atomic REPORT_CELL_VALUE, xem O_QLKD_23)"
K_QLKD_3311,DATA EXPLORER,Nhóm 123 — Báo cáo hoạt động CN CTCK nước ngoài tại VN (STT 123),9. Dự phòng suy giảm giá trị tài sản ngắn hạn khác,Cơ sở,QLKD,,,,,"Pending - chưa thiết kế nguồn (gap Atomic REPORT_CELL_VALUE, xem O_QLKD_23)"
K_QLKD_3312,DATA EXPLORER,Nhóm 123 — Báo cáo hoạt động CN CTCK nước ngoài tại VN (STT 123),B. TÀI SẢN DÀI HẠN (200 = 210 + 220 + 230 + 240 + 250 - 260),Cơ sở,QLKD,,,,,"Pending - chưa thiết kế nguồn (gap Atomic REPORT_CELL_VALUE, xem O_QLKD_23)"
K_QLKD_3313,DATA EXPLORER,Nhóm 123 — Báo cáo hoạt động CN CTCK nước ngoài tại VN (STT 123),I. Tài sản tài chính dài hạn,Cơ sở,QLKD,,,,,"Pending - chưa thiết kế nguồn (gap Atomic REPORT_CELL_VALUE, xem O_QLKD_23)"
K_QLKD_3314,DATA EXPLORER,Nhóm 123 — Báo cáo hoạt động CN CTCK nước ngoài tại VN (STT 123),1. Các khoản phải thu dài hạn,Cơ sở,QLKD,,,,,"Pending - chưa thiết kế nguồn (gap Atomic REPORT_CELL_VALUE, xem O_QLKD_23)"
K_QLKD_3315,DATA EXPLORER,Nhóm 123 — Báo cáo hoạt động CN CTCK nước ngoài tại VN (STT 123),2. Các khoản đầu tư,Cơ sở,QLKD,,,,,"Pending - chưa thiết kế nguồn (gap Atomic REPORT_CELL_VALUE, xem O_QLKD_23)"
K_QLKD_3316,DATA EXPLORER,Nhóm 123 — Báo cáo hoạt động CN CTCK nước ngoài tại VN (STT 123),2.1.Các khoản đầu tư nắm giữ đến ngày đáo hạn,Cơ sở,QLKD,,,,,"Pending - chưa thiết kế nguồn (gap Atomic REPORT_CELL_VALUE, xem O_QLKD_23)"
K_QLKD_3317,DATA EXPLORER,Nhóm 123 — Báo cáo hoạt động CN CTCK nước ngoài tại VN (STT 123),2.2. Đầu tư vào công ty con,Cơ sở,QLKD,,,,,"Pending - chưa thiết kế nguồn (gap Atomic REPORT_CELL_VALUE, xem O_QLKD_23)"
K_QLKD_3318,DATA EXPLORER,Nhóm 123 — Báo cáo hoạt động CN CTCK nước ngoài tại VN (STT 123),"2.3. Đầu tư vào công ty liên doanh, liên kết",Cơ sở,QLKD,,,,,"Pending - chưa thiết kế nguồn (gap Atomic REPORT_CELL_VALUE, xem O_QLKD_23)"
K_QLKD_3319,DATA EXPLORER,Nhóm 123 — Báo cáo hoạt động CN CTCK nước ngoài tại VN (STT 123),2.4. Đầu tư dài hạn khác,Cơ sở,QLKD,,,,,"Pending - chưa thiết kế nguồn (gap Atomic REPORT_CELL_VALUE, xem O_QLKD_23)"
K_QLKD_3320,DATA EXPLORER,Nhóm 123 — Báo cáo hoạt động CN CTCK nước ngoài tại VN (STT 123),3. Dự phòng suy giảm tài sản tài chính dài hạn,Cơ sở,QLKD,,,,,"Pending - chưa thiết kế nguồn (gap Atomic REPORT_CELL_VALUE, xem O_QLKD_23)"
K_QLKD_3321,DATA EXPLORER,Nhóm 123 — Báo cáo hoạt động CN CTCK nước ngoài tại VN (STT 123),II. Tài sản cố định,Cơ sở,QLKD,,,,,"Pending - chưa thiết kế nguồn (gap Atomic REPORT_CELL_VALUE, xem O_QLKD_23)"
K_QLKD_3322,DATA EXPLORER,Nhóm 123 — Báo cáo hoạt động CN CTCK nước ngoài tại VN (STT 123),1. Tài sản cố định hữu hình,Cơ sở,QLKD,,,,,"Pending - chưa thiết kế nguồn (gap Atomic REPORT_CELL_VALUE, xem O_QLKD_23)"
K_QLKD_3323,DATA EXPLORER,Nhóm 123 — Báo cáo hoạt động CN CTCK nước ngoài tại VN (STT 123),- Nguyên giá,Cơ sở,QLKD,,,,,"Pending - chưa thiết kế nguồn (gap Atomic REPORT_CELL_VALUE, xem O_QLKD_23)"
K_QLKD_3324,DATA EXPLORER,Nhóm 123 — Báo cáo hoạt động CN CTCK nước ngoài tại VN (STT 123),- Giá trị hao mòn luỹ kế (*),Cơ sở,QLKD,,,,,"Pending - chưa thiết kế nguồn (gap Atomic REPORT_CELL_VALUE, xem O_QLKD_23)"
K_QLKD_3325,DATA EXPLORER,Nhóm 123 — Báo cáo hoạt động CN CTCK nước ngoài tại VN (STT 123),- Đánh giá TSCĐHH theo giá trị hợp lý,Cơ sở,QLKD,,,,,"Pending - chưa thiết kế nguồn (gap Atomic REPORT_CELL_VALUE, xem O_QLKD_23)"
K_QLKD_3326,DATA EXPLORER,Nhóm 123 — Báo cáo hoạt động CN CTCK nước ngoài tại VN (STT 123),2. Tài sản cố định thuê tài chính,Cơ sở,QLKD,,,,,"Pending - chưa thiết kế nguồn (gap Atomic REPORT_CELL_VALUE, xem O_QLKD_23)"
K_QLKD_3327,DATA EXPLORER,Nhóm 123 — Báo cáo hoạt động CN CTCK nước ngoài tại VN (STT 123),- Nguyên giá,Cơ sở,QLKD,,,,,"Pending - chưa thiết kế nguồn (gap Atomic REPORT_CELL_VALUE, xem O_QLKD_23)"
K_QLKD_3328,DATA EXPLORER,Nhóm 123 — Báo cáo hoạt động CN CTCK nước ngoài tại VN (STT 123),- Giá trị hao mòn luỹ kế (*),Cơ sở,QLKD,,,,,"Pending - chưa thiết kế nguồn (gap Atomic REPORT_CELL_VALUE, xem O_QLKD_23)"
K_QLKD_3329,DATA EXPLORER,Nhóm 123 — Báo cáo hoạt động CN CTCK nước ngoài tại VN (STT 123),- Đánh giá TSCĐTTC theo giá trị hợp lý,Cơ sở,QLKD,,,,,"Pending - chưa thiết kế nguồn (gap Atomic REPORT_CELL_VALUE, xem O_QLKD_23)"
K_QLKD_3330,DATA EXPLORER,Nhóm 123 — Báo cáo hoạt động CN CTCK nước ngoài tại VN (STT 123),3. Tài sản cố định vô hình,Cơ sở,QLKD,,,,,"Pending - chưa thiết kế nguồn (gap Atomic REPORT_CELL_VALUE, xem O_QLKD_23)"
K_QLKD_3331,DATA EXPLORER,Nhóm 123 — Báo cáo hoạt động CN CTCK nước ngoài tại VN (STT 123),- Nguyên giá,Cơ sở,QLKD,,,,,"Pending - chưa thiết kế nguồn (gap Atomic REPORT_CELL_VALUE, xem O_QLKD_23)"
K_QLKD_3332,DATA EXPLORER,Nhóm 123 — Báo cáo hoạt động CN CTCK nước ngoài tại VN (STT 123),- Giá trị hao mòn luỹ kế (*),Cơ sở,QLKD,,,,,"Pending - chưa thiết kế nguồn (gap Atomic REPORT_CELL_VALUE, xem O_QLKD_23)"
K_QLKD_3333,DATA EXPLORER,Nhóm 123 — Báo cáo hoạt động CN CTCK nước ngoài tại VN (STT 123),- Đánh giá TSCĐVH theo giá trị hợp lý,Cơ sở,QLKD,,,,,"Pending - chưa thiết kế nguồn (gap Atomic REPORT_CELL_VALUE, xem O_QLKD_23)"
K_QLKD_3334,DATA EXPLORER,Nhóm 123 — Báo cáo hoạt động CN CTCK nước ngoài tại VN (STT 123),III. Bất động sản đầu tư,Cơ sở,QLKD,,,,,"Pending - chưa thiết kế nguồn (gap Atomic REPORT_CELL_VALUE, xem O_QLKD_23)"
K_QLKD_3335,DATA EXPLORER,Nhóm 123 — Báo cáo hoạt động CN CTCK nước ngoài tại VN (STT 123),- Nguyên giá,Cơ sở,QLKD,,,,,"Pending - chưa thiết kế nguồn (gap Atomic REPORT_CELL_VALUE, xem O_QLKD_23)"
K_QLKD_3336,DATA EXPLORER,Nhóm 123 — Báo cáo hoạt động CN CTCK nước ngoài tại VN (STT 123),- Giá trị hao mòn luỹ kế (*),Cơ sở,QLKD,,,,,"Pending - chưa thiết kế nguồn (gap Atomic REPORT_CELL_VALUE, xem O_QLKD_23)"
K_QLKD_3337,DATA EXPLORER,Nhóm 123 — Báo cáo hoạt động CN CTCK nước ngoài tại VN (STT 123),- Đánh giá BĐSĐT theo giá trị hợp lý,Cơ sở,QLKD,,,,,"Pending - chưa thiết kế nguồn (gap Atomic REPORT_CELL_VALUE, xem O_QLKD_23)"
K_QLKD_3338,DATA EXPLORER,Nhóm 123 — Báo cáo hoạt động CN CTCK nước ngoài tại VN (STT 123),IV.Chi phí xây dựng cơ bản dở dang,Cơ sở,QLKD,,,,,"Pending - chưa thiết kế nguồn (gap Atomic REPORT_CELL_VALUE, xem O_QLKD_23)"
K_QLKD_3339,DATA EXPLORER,Nhóm 123 — Báo cáo hoạt động CN CTCK nước ngoài tại VN (STT 123),V. Tài sản dài hạn khác,Cơ sở,QLKD,,,,,"Pending - chưa thiết kế nguồn (gap Atomic REPORT_CELL_VALUE, xem O_QLKD_23)"
K_QLKD_3340,DATA EXPLORER,Nhóm 123 — Báo cáo hoạt động CN CTCK nước ngoài tại VN (STT 123),"1. Cầm cố, thế chấp, ký quỹ, ký cược dài hạn",Cơ sở,QLKD,,,,,"Pending - chưa thiết kế nguồn (gap Atomic REPORT_CELL_VALUE, xem O_QLKD_23)"
K_QLKD_3341,DATA EXPLORER,Nhóm 123 — Báo cáo hoạt động CN CTCK nước ngoài tại VN (STT 123),2. Chi phí trả trước dài hạn,Cơ sở,QLKD,,,,,"Pending - chưa thiết kế nguồn (gap Atomic REPORT_CELL_VALUE, xem O_QLKD_23)"
K_QLKD_3342,DATA EXPLORER,Nhóm 123 — Báo cáo hoạt động CN CTCK nước ngoài tại VN (STT 123),3. Tài sản thuế thu nhập hoãn lại,Cơ sở,QLKD,,,,,"Pending - chưa thiết kế nguồn (gap Atomic REPORT_CELL_VALUE, xem O_QLKD_23)"
K_QLKD_3343,DATA EXPLORER,Nhóm 123 — Báo cáo hoạt động CN CTCK nước ngoài tại VN (STT 123),4. Tiền nộp Quỹ Hỗ trợ thanh toán,Cơ sở,QLKD,,,,,"Pending - chưa thiết kế nguồn (gap Atomic REPORT_CELL_VALUE, xem O_QLKD_23)"
K_QLKD_3344,DATA EXPLORER,Nhóm 123 — Báo cáo hoạt động CN CTCK nước ngoài tại VN (STT 123),5. Tài sản dài hạn khác,Cơ sở,QLKD,,,,,"Pending - chưa thiết kế nguồn (gap Atomic REPORT_CELL_VALUE, xem O_QLKD_23)"
K_QLKD_3345,DATA EXPLORER,Nhóm 123 — Báo cáo hoạt động CN CTCK nước ngoài tại VN (STT 123),VI. Dự phòng suy giảm giá trị tài sản dài hạn,Cơ sở,QLKD,,,,,"Pending - chưa thiết kế nguồn (gap Atomic REPORT_CELL_VALUE, xem O_QLKD_23)"
K_QLKD_3346,DATA EXPLORER,Nhóm 123 — Báo cáo hoạt động CN CTCK nước ngoài tại VN (STT 123),TỔNG CỘNG TÀI SẢN,Cơ sở,QLKD,,,,,"Pending - chưa thiết kế nguồn (gap Atomic REPORT_CELL_VALUE, xem O_QLKD_23)"
K_QLKD_3347,DATA EXPLORER,Nhóm 123 — Báo cáo hoạt động CN CTCK nước ngoài tại VN (STT 123),(270 = 100 + 200),Cơ sở,QLKD,,,,,"Pending - chưa thiết kế nguồn (gap Atomic REPORT_CELL_VALUE, xem O_QLKD_23)"
K_QLKD_3348,DATA EXPLORER,Nhóm 123 — Báo cáo hoạt động CN CTCK nước ngoài tại VN (STT 123),C. NỢ PHẢI TRẢ (300 = 310 + 340),Cơ sở,QLKD,,,,,"Pending - chưa thiết kế nguồn (gap Atomic REPORT_CELL_VALUE, xem O_QLKD_23)"
K_QLKD_3349,DATA EXPLORER,Nhóm 123 — Báo cáo hoạt động CN CTCK nước ngoài tại VN (STT 123),I. Nợ phải trả ngắn hạn,Cơ sở,QLKD,,,,,"Pending - chưa thiết kế nguồn (gap Atomic REPORT_CELL_VALUE, xem O_QLKD_23)"
K_QLKD_3350,DATA EXPLORER,Nhóm 123 — Báo cáo hoạt động CN CTCK nước ngoài tại VN (STT 123),1. Vay và nợ thuê tài chính ngắn hạn,Cơ sở,QLKD,,,,,"Pending - chưa thiết kế nguồn (gap Atomic REPORT_CELL_VALUE, xem O_QLKD_23)"
K_QLKD_3351,DATA EXPLORER,Nhóm 123 — Báo cáo hoạt động CN CTCK nước ngoài tại VN (STT 123),1.1. Vay ngắn hạn,Cơ sở,QLKD,,,,,"Pending - chưa thiết kế nguồn (gap Atomic REPORT_CELL_VALUE, xem O_QLKD_23)"
K_QLKD_3352,DATA EXPLORER,Nhóm 123 — Báo cáo hoạt động CN CTCK nước ngoài tại VN (STT 123),1.2. Nợ thuê tài chính ngắn hạn,Cơ sở,QLKD,,,,,"Pending - chưa thiết kế nguồn (gap Atomic REPORT_CELL_VALUE, xem O_QLKD_23)"
K_QLKD_3353,DATA EXPLORER,Nhóm 123 — Báo cáo hoạt động CN CTCK nước ngoài tại VN (STT 123),2. Vay tài sản tài chính ngắn hạn,Cơ sở,QLKD,,,,,"Pending - chưa thiết kế nguồn (gap Atomic REPORT_CELL_VALUE, xem O_QLKD_23)"
K_QLKD_3354,DATA EXPLORER,Nhóm 123 — Báo cáo hoạt động CN CTCK nước ngoài tại VN (STT 123),3. Trái phiếu chuyển đổi ngắn hạn - Cấu phần nợ,Cơ sở,QLKD,,,,,"Pending - chưa thiết kế nguồn (gap Atomic REPORT_CELL_VALUE, xem O_QLKD_23)"
K_QLKD_3355,DATA EXPLORER,Nhóm 123 — Báo cáo hoạt động CN CTCK nước ngoài tại VN (STT 123),4. Trái phiếu phát hành ngắn hạn,Cơ sở,QLKD,,,,,"Pending - chưa thiết kế nguồn (gap Atomic REPORT_CELL_VALUE, xem O_QLKD_23)"
K_QLKD_3356,DATA EXPLORER,Nhóm 123 — Báo cáo hoạt động CN CTCK nước ngoài tại VN (STT 123),5. Vay Quỹ Hỗ trợ thanh toán,Cơ sở,QLKD,,,,,"Pending - chưa thiết kế nguồn (gap Atomic REPORT_CELL_VALUE, xem O_QLKD_23)"
K_QLKD_3357,DATA EXPLORER,Nhóm 123 — Báo cáo hoạt động CN CTCK nước ngoài tại VN (STT 123),6. Phải trả hoạt động giao dịch chứng khoán,Cơ sở,QLKD,,,,,"Pending - chưa thiết kế nguồn (gap Atomic REPORT_CELL_VALUE, xem O_QLKD_23)"
K_QLKD_3358,DATA EXPLORER,Nhóm 123 — Báo cáo hoạt động CN CTCK nước ngoài tại VN (STT 123),7. Phải trả về lỗi giao dịch các tài sản tài chính,Cơ sở,QLKD,,,,,"Pending - chưa thiết kế nguồn (gap Atomic REPORT_CELL_VALUE, xem O_QLKD_23)"
K_QLKD_3359,DATA EXPLORER,Nhóm 123 — Báo cáo hoạt động CN CTCK nước ngoài tại VN (STT 123),8. Phải trả người bán ngắn hạn,Cơ sở,QLKD,,,,,"Pending - chưa thiết kế nguồn (gap Atomic REPORT_CELL_VALUE, xem O_QLKD_23)"
K_QLKD_3360,DATA EXPLORER,Nhóm 123 — Báo cáo hoạt động CN CTCK nước ngoài tại VN (STT 123),9. Người mua trả tiền trước ngắn hạn,Cơ sở,QLKD,,,,,"Pending - chưa thiết kế nguồn (gap Atomic REPORT_CELL_VALUE, xem O_QLKD_23)"
K_QLKD_3361,DATA EXPLORER,Nhóm 123 — Báo cáo hoạt động CN CTCK nước ngoài tại VN (STT 123),10. Thuế và các khoản phải nộp Nhà nước,Cơ sở,QLKD,,,,,"Pending - chưa thiết kế nguồn (gap Atomic REPORT_CELL_VALUE, xem O_QLKD_23)"
K_QLKD_3362,DATA EXPLORER,Nhóm 123 — Báo cáo hoạt động CN CTCK nước ngoài tại VN (STT 123),11. Phải trả người lao động,Cơ sở,QLKD,,,,,"Pending - chưa thiết kế nguồn (gap Atomic REPORT_CELL_VALUE, xem O_QLKD_23)"
K_QLKD_3363,DATA EXPLORER,Nhóm 123 — Báo cáo hoạt động CN CTCK nước ngoài tại VN (STT 123),12.Các khoản trích nộp phúc lợi nhân viên,Cơ sở,QLKD,,,,,"Pending - chưa thiết kế nguồn (gap Atomic REPORT_CELL_VALUE, xem O_QLKD_23)"
K_QLKD_3364,DATA EXPLORER,Nhóm 123 — Báo cáo hoạt động CN CTCK nước ngoài tại VN (STT 123),13. Chi phí phải trả ngắn hạn,Cơ sở,QLKD,,,,,"Pending - chưa thiết kế nguồn (gap Atomic REPORT_CELL_VALUE, xem O_QLKD_23)"
K_QLKD_3365,DATA EXPLORER,Nhóm 123 — Báo cáo hoạt động CN CTCK nước ngoài tại VN (STT 123),14. Phải trả nội bộ ngắn hạn,Cơ sở,QLKD,,,,,"Pending - chưa thiết kế nguồn (gap Atomic REPORT_CELL_VALUE, xem O_QLKD_23)"
K_QLKD_3366,DATA EXPLORER,Nhóm 123 — Báo cáo hoạt động CN CTCK nước ngoài tại VN (STT 123),15. Doanh thu chưa thực hiện ngắn hạn,Cơ sở,QLKD,,,,,"Pending - chưa thiết kế nguồn (gap Atomic REPORT_CELL_VALUE, xem O_QLKD_23)"
K_QLKD_3367,DATA EXPLORER,Nhóm 123 — Báo cáo hoạt động CN CTCK nước ngoài tại VN (STT 123),"16. Nhận ký quỹ, ký cược ngắn hạn",Cơ sở,QLKD,,,,,"Pending - chưa thiết kế nguồn (gap Atomic REPORT_CELL_VALUE, xem O_QLKD_23)"
K_QLKD_3368,DATA EXPLORER,Nhóm 123 — Báo cáo hoạt động CN CTCK nước ngoài tại VN (STT 123),"17.Các khoản phải trả, phải nộp khác ngắn hạn",Cơ sở,QLKD,,,,,"Pending - chưa thiết kế nguồn (gap Atomic REPORT_CELL_VALUE, xem O_QLKD_23)"
K_QLKD_3369,DATA EXPLORER,Nhóm 123 — Báo cáo hoạt động CN CTCK nước ngoài tại VN (STT 123),18. Dự phòng phải trả ngắn hạn,Cơ sở,QLKD,,,,,"Pending - chưa thiết kế nguồn (gap Atomic REPORT_CELL_VALUE, xem O_QLKD_23)"
K_QLKD_3370,DATA EXPLORER,Nhóm 123 — Báo cáo hoạt động CN CTCK nước ngoài tại VN (STT 123),"19. Quỹ khen thưởng, phúc lợi",Cơ sở,QLKD,,,,,"Pending - chưa thiết kế nguồn (gap Atomic REPORT_CELL_VALUE, xem O_QLKD_23)"
K_QLKD_3371,DATA EXPLORER,Nhóm 123 — Báo cáo hoạt động CN CTCK nước ngoài tại VN (STT 123),20. Giao dịch mua bán lại trái phiếu Chính phủ,Cơ sở,QLKD,,,,,"Pending - chưa thiết kế nguồn (gap Atomic REPORT_CELL_VALUE, xem O_QLKD_23)"
K_QLKD_3372,DATA EXPLORER,Nhóm 123 — Báo cáo hoạt động CN CTCK nước ngoài tại VN (STT 123),II. Nợ phải trả dài hạn,Cơ sở,QLKD,,,,,"Pending - chưa thiết kế nguồn (gap Atomic REPORT_CELL_VALUE, xem O_QLKD_23)"
K_QLKD_3373,DATA EXPLORER,Nhóm 123 — Báo cáo hoạt động CN CTCK nước ngoài tại VN (STT 123),1. Vay và nợ thuê tài chính dài hạn,Cơ sở,QLKD,,,,,"Pending - chưa thiết kế nguồn (gap Atomic REPORT_CELL_VALUE, xem O_QLKD_23)"
K_QLKD_3374,DATA EXPLORER,Nhóm 123 — Báo cáo hoạt động CN CTCK nước ngoài tại VN (STT 123),1.1.Vay dài hạn,Cơ sở,QLKD,,,,,"Pending - chưa thiết kế nguồn (gap Atomic REPORT_CELL_VALUE, xem O_QLKD_23)"
K_QLKD_3375,DATA EXPLORER,Nhóm 123 — Báo cáo hoạt động CN CTCK nước ngoài tại VN (STT 123),1.2. Nợ thuê tài chính dài hạn,Cơ sở,QLKD,,,,,"Pending - chưa thiết kế nguồn (gap Atomic REPORT_CELL_VALUE, xem O_QLKD_23)"
K_QLKD_3376,DATA EXPLORER,Nhóm 123 — Báo cáo hoạt động CN CTCK nước ngoài tại VN (STT 123),2. Vay tài sản tài chính dài hạn,Cơ sở,QLKD,,,,,"Pending - chưa thiết kế nguồn (gap Atomic REPORT_CELL_VALUE, xem O_QLKD_23)"
K_QLKD_3377,DATA EXPLORER,Nhóm 123 — Báo cáo hoạt động CN CTCK nước ngoài tại VN (STT 123),3.Trái phiếu chuyển đổi dài hạn - Cấu phần nợ,Cơ sở,QLKD,,,,,"Pending - chưa thiết kế nguồn (gap Atomic REPORT_CELL_VALUE, xem O_QLKD_23)"
K_QLKD_3378,DATA EXPLORER,Nhóm 123 — Báo cáo hoạt động CN CTCK nước ngoài tại VN (STT 123),4.Trái phiếu phát hành dài hạn,Cơ sở,QLKD,,,,,"Pending - chưa thiết kế nguồn (gap Atomic REPORT_CELL_VALUE, xem O_QLKD_23)"
K_QLKD_3379,DATA EXPLORER,Nhóm 123 — Báo cáo hoạt động CN CTCK nước ngoài tại VN (STT 123),5. Phải trả người bán dài hạn,Cơ sở,QLKD,,,,,"Pending - chưa thiết kế nguồn (gap Atomic REPORT_CELL_VALUE, xem O_QLKD_23)"
K_QLKD_3380,DATA EXPLORER,Nhóm 123 — Báo cáo hoạt động CN CTCK nước ngoài tại VN (STT 123),6. Người mua trả tiền trước dài hạn,Cơ sở,QLKD,,,,,"Pending - chưa thiết kế nguồn (gap Atomic REPORT_CELL_VALUE, xem O_QLKD_23)"
K_QLKD_3381,DATA EXPLORER,Nhóm 123 — Báo cáo hoạt động CN CTCK nước ngoài tại VN (STT 123),7. Chi phí phải trả dài hạn,Cơ sở,QLKD,,,,,"Pending - chưa thiết kế nguồn (gap Atomic REPORT_CELL_VALUE, xem O_QLKD_23)"
K_QLKD_3382,DATA EXPLORER,Nhóm 123 — Báo cáo hoạt động CN CTCK nước ngoài tại VN (STT 123),8. Phải trả nội bộ dài hạn,Cơ sở,QLKD,,,,,"Pending - chưa thiết kế nguồn (gap Atomic REPORT_CELL_VALUE, xem O_QLKD_23)"
K_QLKD_3383,DATA EXPLORER,Nhóm 123 — Báo cáo hoạt động CN CTCK nước ngoài tại VN (STT 123),9. Doanh thu chưa thực hiện dài hạn,Cơ sở,QLKD,,,,,"Pending - chưa thiết kế nguồn (gap Atomic REPORT_CELL_VALUE, xem O_QLKD_23)"
K_QLKD_3384,DATA EXPLORER,Nhóm 123 — Báo cáo hoạt động CN CTCK nước ngoài tại VN (STT 123),"10. Nhận ký quỹ, ký cược dài hạn",Cơ sở,QLKD,,,,,"Pending - chưa thiết kế nguồn (gap Atomic REPORT_CELL_VALUE, xem O_QLKD_23)"
K_QLKD_3385,DATA EXPLORER,Nhóm 123 — Báo cáo hoạt động CN CTCK nước ngoài tại VN (STT 123),"11. Các khoản phải trả, phải nộp khác dài hạn",Cơ sở,QLKD,,,,,"Pending - chưa thiết kế nguồn (gap Atomic REPORT_CELL_VALUE, xem O_QLKD_23)"
K_QLKD_3386,DATA EXPLORER,Nhóm 123 — Báo cáo hoạt động CN CTCK nước ngoài tại VN (STT 123),12. Dự phòng phải trả dài hạn,Cơ sở,QLKD,,,,,"Pending - chưa thiết kế nguồn (gap Atomic REPORT_CELL_VALUE, xem O_QLKD_23)"
K_QLKD_3387,DATA EXPLORER,Nhóm 123 — Báo cáo hoạt động CN CTCK nước ngoài tại VN (STT 123),13. Quỹ bảo vệ Nhà đầu tư,Cơ sở,QLKD,,,,,"Pending - chưa thiết kế nguồn (gap Atomic REPORT_CELL_VALUE, xem O_QLKD_23)"
K_QLKD_3388,DATA EXPLORER,Nhóm 123 — Báo cáo hoạt động CN CTCK nước ngoài tại VN (STT 123),14. Thuế thu nhập hoãn lại phải trả,Cơ sở,QLKD,,,,,"Pending - chưa thiết kế nguồn (gap Atomic REPORT_CELL_VALUE, xem O_QLKD_23)"
K_QLKD_3389,DATA EXPLORER,Nhóm 123 — Báo cáo hoạt động CN CTCK nước ngoài tại VN (STT 123),15. Quỹ phát triển khoa học và công nghệ,Cơ sở,QLKD,,,,,"Pending - chưa thiết kế nguồn (gap Atomic REPORT_CELL_VALUE, xem O_QLKD_23)"
K_QLKD_3390,DATA EXPLORER,Nhóm 123 — Báo cáo hoạt động CN CTCK nước ngoài tại VN (STT 123),D. VỐN CHỦ SỞ HỮU (400 = 410 + 420),Cơ sở,QLKD,,,,,"Pending - chưa thiết kế nguồn (gap Atomic REPORT_CELL_VALUE, xem O_QLKD_23)"
K_QLKD_3391,DATA EXPLORER,Nhóm 123 — Báo cáo hoạt động CN CTCK nước ngoài tại VN (STT 123),I. Vốn chủ sở hữu,Cơ sở,QLKD,,,,,"Pending - chưa thiết kế nguồn (gap Atomic REPORT_CELL_VALUE, xem O_QLKD_23)"
K_QLKD_3392,DATA EXPLORER,Nhóm 123 — Báo cáo hoạt động CN CTCK nước ngoài tại VN (STT 123),1. Vốn đầu tư của chủ sở hữu,Cơ sở,QLKD,,,,,"Pending - chưa thiết kế nguồn (gap Atomic REPORT_CELL_VALUE, xem O_QLKD_23)"
K_QLKD_3393,DATA EXPLORER,Nhóm 123 — Báo cáo hoạt động CN CTCK nước ngoài tại VN (STT 123),1.1. Vốn góp của chủ sở hữu,Cơ sở,QLKD,,,,,"Pending - chưa thiết kế nguồn (gap Atomic REPORT_CELL_VALUE, xem O_QLKD_23)"
K_QLKD_3394,DATA EXPLORER,Nhóm 123 — Báo cáo hoạt động CN CTCK nước ngoài tại VN (STT 123),a. Cổ phiếu phổ thông có quyền biểu quyết,Cơ sở,QLKD,,,,,"Pending - chưa thiết kế nguồn (gap Atomic REPORT_CELL_VALUE, xem O_QLKD_23)"
K_QLKD_3395,DATA EXPLORER,Nhóm 123 — Báo cáo hoạt động CN CTCK nước ngoài tại VN (STT 123),b. Cổ phiếu ưu đãi,Cơ sở,QLKD,,,,,"Pending - chưa thiết kế nguồn (gap Atomic REPORT_CELL_VALUE, xem O_QLKD_23)"
K_QLKD_3396,DATA EXPLORER,Nhóm 123 — Báo cáo hoạt động CN CTCK nước ngoài tại VN (STT 123),1.2. Thặng dư vốn cổ phần,Cơ sở,QLKD,,,,,"Pending - chưa thiết kế nguồn (gap Atomic REPORT_CELL_VALUE, xem O_QLKD_23)"
K_QLKD_3397,DATA EXPLORER,Nhóm 123 — Báo cáo hoạt động CN CTCK nước ngoài tại VN (STT 123),1.3. Quyền chọn chuyển đổi trái phiếu - Cấu phần vốn,Cơ sở,QLKD,,,,,"Pending - chưa thiết kế nguồn (gap Atomic REPORT_CELL_VALUE, xem O_QLKD_23)"
K_QLKD_3398,DATA EXPLORER,Nhóm 123 — Báo cáo hoạt động CN CTCK nước ngoài tại VN (STT 123),1.4. Vốn khác của chủ sở hữu,Cơ sở,QLKD,,,,,"Pending - chưa thiết kế nguồn (gap Atomic REPORT_CELL_VALUE, xem O_QLKD_23)"
K_QLKD_3399,DATA EXPLORER,Nhóm 123 — Báo cáo hoạt động CN CTCK nước ngoài tại VN (STT 123),1.5. Cổ phiếu quỹ (*),Cơ sở,QLKD,,,,,"Pending - chưa thiết kế nguồn (gap Atomic REPORT_CELL_VALUE, xem O_QLKD_23)"
K_QLKD_3400,DATA EXPLORER,Nhóm 123 — Báo cáo hoạt động CN CTCK nước ngoài tại VN (STT 123),2. Chênh lệch đánh giá tài sản theo giá trị hợp lý,Cơ sở,QLKD,,,,,"Pending - chưa thiết kế nguồn (gap Atomic REPORT_CELL_VALUE, xem O_QLKD_23)"
K_QLKD_3401,DATA EXPLORER,Nhóm 123 — Báo cáo hoạt động CN CTCK nước ngoài tại VN (STT 123),3. Chênh lệch tỷ giá hối đoái,Cơ sở,QLKD,,,,,"Pending - chưa thiết kế nguồn (gap Atomic REPORT_CELL_VALUE, xem O_QLKD_23)"
K_QLKD_3402,DATA EXPLORER,Nhóm 123 — Báo cáo hoạt động CN CTCK nước ngoài tại VN (STT 123),4. Quỹ dự trữ bổ sung vốn điều lệ,Cơ sở,QLKD,,,,,"Pending - chưa thiết kế nguồn (gap Atomic REPORT_CELL_VALUE, xem O_QLKD_23)"
K_QLKD_3403,DATA EXPLORER,Nhóm 123 — Báo cáo hoạt động CN CTCK nước ngoài tại VN (STT 123),5. Quỹ dự phòng tài chính và rủi ro nghiệp vụ,Cơ sở,QLKD,,,,,"Pending - chưa thiết kế nguồn (gap Atomic REPORT_CELL_VALUE, xem O_QLKD_23)"
K_QLKD_3404,DATA EXPLORER,Nhóm 123 — Báo cáo hoạt động CN CTCK nước ngoài tại VN (STT 123),6. Các Quỹ khác thuộc vốn chủ sở hữu,Cơ sở,QLKD,,,,,"Pending - chưa thiết kế nguồn (gap Atomic REPORT_CELL_VALUE, xem O_QLKD_23)"
K_QLKD_3405,DATA EXPLORER,Nhóm 123 — Báo cáo hoạt động CN CTCK nước ngoài tại VN (STT 123),7. Lợi nhuận chưa phân phối,Cơ sở,QLKD,,,,,"Pending - chưa thiết kế nguồn (gap Atomic REPORT_CELL_VALUE, xem O_QLKD_23)"
K_QLKD_3406,DATA EXPLORER,Nhóm 123 — Báo cáo hoạt động CN CTCK nước ngoài tại VN (STT 123),7.1. Lợi nhuận sau thuế đã thực hiện,Cơ sở,QLKD,,,,,"Pending - chưa thiết kế nguồn (gap Atomic REPORT_CELL_VALUE, xem O_QLKD_23)"
K_QLKD_3407,DATA EXPLORER,Nhóm 123 — Báo cáo hoạt động CN CTCK nước ngoài tại VN (STT 123),7.2. Lợi nhuận chưa thực hiện,Cơ sở,QLKD,,,,,"Pending - chưa thiết kế nguồn (gap Atomic REPORT_CELL_VALUE, xem O_QLKD_23)"
K_QLKD_3408,DATA EXPLORER,Nhóm 123 — Báo cáo hoạt động CN CTCK nước ngoài tại VN (STT 123),II. Nguồn kinh phí và quỹ khác,Cơ sở,QLKD,,,,,"Pending - chưa thiết kế nguồn (gap Atomic REPORT_CELL_VALUE, xem O_QLKD_23)"
K_QLKD_3409,DATA EXPLORER,Nhóm 123 — Báo cáo hoạt động CN CTCK nước ngoài tại VN (STT 123),TỔNG CỘNG NỢ VÀ VỐN CHỦ SỞ HỮU (440 = 300 + 400),Cơ sở,QLKD,,,,,"Pending - chưa thiết kế nguồn (gap Atomic REPORT_CELL_VALUE, xem O_QLKD_23)"
K_QLKD_3410,DATA EXPLORER,Nhóm 124 — Báo cáo hoạt động CN CTCK nước ngoài tại VN (STT 124),Loại báo cáo,Chiều,QLKD,,,,,"Pending - chưa thiết kế nguồn (gap Atomic REPORT_CELL_VALUE, xem O_QLKD_23)"
K_QLKD_3411,DATA EXPLORER,Nhóm 124 — Báo cáo hoạt động CN CTCK nước ngoài tại VN (STT 124),Kỳ báo cáo,Chiều,QLKD,,,,,"Pending - chưa thiết kế nguồn (gap Atomic REPORT_CELL_VALUE, xem O_QLKD_23)"
K_QLKD_3412,DATA EXPLORER,Nhóm 124 — Báo cáo hoạt động CN CTCK nước ngoài tại VN (STT 124),Mã báo cáo,Chiều,QLKD,,,,,"Pending - chưa thiết kế nguồn (gap Atomic REPORT_CELL_VALUE, xem O_QLKD_23)"
K_QLKD_3413,DATA EXPLORER,Nhóm 124 — Báo cáo hoạt động CN CTCK nước ngoài tại VN (STT 124),Tên báo cáo,Chiều,QLKD,,,,,"Pending - chưa thiết kế nguồn (gap Atomic REPORT_CELL_VALUE, xem O_QLKD_23)"
K_QLKD_3414,DATA EXPLORER,Nhóm 124 — Báo cáo hoạt động CN CTCK nước ngoài tại VN (STT 124),Mã sheet,Chiều,QLKD,,,,,"Pending - chưa thiết kế nguồn (gap Atomic REPORT_CELL_VALUE, xem O_QLKD_23)"
K_QLKD_3415,DATA EXPLORER,Nhóm 124 — Báo cáo hoạt động CN CTCK nước ngoài tại VN (STT 124),Tên sheet,Chiều,QLKD,,,,,"Pending - chưa thiết kế nguồn (gap Atomic REPORT_CELL_VALUE, xem O_QLKD_23)"
K_QLKD_3416,DATA EXPLORER,Nhóm 124 — Báo cáo hoạt động CN CTCK nước ngoài tại VN (STT 124),Mã chỉ tiêu,Chiều,QLKD,,,,,"Pending - chưa thiết kế nguồn (gap Atomic REPORT_CELL_VALUE, xem O_QLKD_23)"
K_QLKD_3417,DATA EXPLORER,Nhóm 124 — Báo cáo hoạt động CN CTCK nước ngoài tại VN (STT 124),Tên chỉ tiêu,Chiều,QLKD,,,,,"Pending - chưa thiết kế nguồn (gap Atomic REPORT_CELL_VALUE, xem O_QLKD_23)"
K_QLKD_3418,DATA EXPLORER,Nhóm 124 — Báo cáo hoạt động CN CTCK nước ngoài tại VN (STT 124),A.TÀI SẢN CỦA CTCK VÀ TÀI SẢN QUẢN LÝ THEO CAM KẾT,Cơ sở,QLKD,,,,,"Pending - chưa thiết kế nguồn (gap Atomic REPORT_CELL_VALUE, xem O_QLKD_23)"
K_QLKD_3419,DATA EXPLORER,Nhóm 124 — Báo cáo hoạt động CN CTCK nước ngoài tại VN (STT 124),1. Tài sản cố định thuê ngoài,Cơ sở,QLKD,,,,,"Pending - chưa thiết kế nguồn (gap Atomic REPORT_CELL_VALUE, xem O_QLKD_23)"
K_QLKD_3420,DATA EXPLORER,Nhóm 124 — Báo cáo hoạt động CN CTCK nước ngoài tại VN (STT 124),2. Chứng chỉ có giá nhận giữ hộ,Cơ sở,QLKD,,,,,"Pending - chưa thiết kế nguồn (gap Atomic REPORT_CELL_VALUE, xem O_QLKD_23)"
K_QLKD_3421,DATA EXPLORER,Nhóm 124 — Báo cáo hoạt động CN CTCK nước ngoài tại VN (STT 124),3. Tài sản nhận thế chấp,Cơ sở,QLKD,,,,,"Pending - chưa thiết kế nguồn (gap Atomic REPORT_CELL_VALUE, xem O_QLKD_23)"
K_QLKD_3422,DATA EXPLORER,Nhóm 124 — Báo cáo hoạt động CN CTCK nước ngoài tại VN (STT 124),4. Nợ khó đòi đã xử lý,Cơ sở,QLKD,,,,,"Pending - chưa thiết kế nguồn (gap Atomic REPORT_CELL_VALUE, xem O_QLKD_23)"
K_QLKD_3423,DATA EXPLORER,Nhóm 124 — Báo cáo hoạt động CN CTCK nước ngoài tại VN (STT 124),5. Ngoại tệ các loại,Cơ sở,QLKD,,,,,"Pending - chưa thiết kế nguồn (gap Atomic REPORT_CELL_VALUE, xem O_QLKD_23)"
K_QLKD_3424,DATA EXPLORER,Nhóm 124 — Báo cáo hoạt động CN CTCK nước ngoài tại VN (STT 124),6. Cổ phiếu đang lưu hành,Cơ sở,QLKD,,,,,"Pending - chưa thiết kế nguồn (gap Atomic REPORT_CELL_VALUE, xem O_QLKD_23)"
K_QLKD_3425,DATA EXPLORER,Nhóm 124 — Báo cáo hoạt động CN CTCK nước ngoài tại VN (STT 124),7. Cổ phiếu quỹ,Cơ sở,QLKD,,,,,"Pending - chưa thiết kế nguồn (gap Atomic REPORT_CELL_VALUE, xem O_QLKD_23)"
K_QLKD_3426,DATA EXPLORER,Nhóm 124 — Báo cáo hoạt động CN CTCK nước ngoài tại VN (STT 124),8. Tài sản tài chính niêm yết/đăng ký giao dịch tại VSD của CTCK,Cơ sở,QLKD,,,,,"Pending - chưa thiết kế nguồn (gap Atomic REPORT_CELL_VALUE, xem O_QLKD_23)"
K_QLKD_3427,DATA EXPLORER,Nhóm 124 — Báo cáo hoạt động CN CTCK nước ngoài tại VN (STT 124),9. Tài sản tài chính đã lưu ký tại VSD và chưa giao dịch của CTCK,Cơ sở,QLKD,,,,,"Pending - chưa thiết kế nguồn (gap Atomic REPORT_CELL_VALUE, xem O_QLKD_23)"
K_QLKD_3428,DATA EXPLORER,Nhóm 124 — Báo cáo hoạt động CN CTCK nước ngoài tại VN (STT 124),10. Tài sản tài chính chờ về của CTCK,Cơ sở,QLKD,,,,,"Pending - chưa thiết kế nguồn (gap Atomic REPORT_CELL_VALUE, xem O_QLKD_23)"
K_QLKD_3429,DATA EXPLORER,Nhóm 124 — Báo cáo hoạt động CN CTCK nước ngoài tại VN (STT 124),11. Tài sản tài chính sửa lỗi giao dịch của CTCK,Cơ sở,QLKD,,,,,"Pending - chưa thiết kế nguồn (gap Atomic REPORT_CELL_VALUE, xem O_QLKD_23)"
K_QLKD_3430,DATA EXPLORER,Nhóm 124 — Báo cáo hoạt động CN CTCK nước ngoài tại VN (STT 124),12. Tài sản tài chính chưa lưu ký tại VSD của CTCK,Cơ sở,QLKD,,,,,"Pending - chưa thiết kế nguồn (gap Atomic REPORT_CELL_VALUE, xem O_QLKD_23)"
K_QLKD_3431,DATA EXPLORER,Nhóm 124 — Báo cáo hoạt động CN CTCK nước ngoài tại VN (STT 124),13.Tài sản tài chính được hưởng quyền của CTCK,Cơ sở,QLKD,,,,,"Pending - chưa thiết kế nguồn (gap Atomic REPORT_CELL_VALUE, xem O_QLKD_23)"
K_QLKD_3432,DATA EXPLORER,Nhóm 124 — Báo cáo hoạt động CN CTCK nước ngoài tại VN (STT 124),14.Chứng quyền,Cơ sở,QLKD,,,,,"Pending - chưa thiết kế nguồn (gap Atomic REPORT_CELL_VALUE, xem O_QLKD_23)"
K_QLKD_3433,DATA EXPLORER,Nhóm 124 — Báo cáo hoạt động CN CTCK nước ngoài tại VN (STT 124),B. TÀI SẢN VÀ CÁC KHOẢN PHẢI TRẢ VỀ TÀI SẢN QUẢN LÝ CAM KẾT VỚI KHÁCH HÀNG,Cơ sở,QLKD,,,,,"Pending - chưa thiết kế nguồn (gap Atomic REPORT_CELL_VALUE, xem O_QLKD_23)"
K_QLKD_3434,DATA EXPLORER,Nhóm 124 — Báo cáo hoạt động CN CTCK nước ngoài tại VN (STT 124),1.Tài sản tài chính niêm yết/đăng ký giao dịch tại VSD của Nhà đầu tư,Cơ sở,QLKD,,,,,"Pending - chưa thiết kế nguồn (gap Atomic REPORT_CELL_VALUE, xem O_QLKD_23)"
K_QLKD_3435,DATA EXPLORER,Nhóm 124 — Báo cáo hoạt động CN CTCK nước ngoài tại VN (STT 124),a.Tài sản tài chính giao dịch tự do chuyển nhượng,Cơ sở,QLKD,,,,,"Pending - chưa thiết kế nguồn (gap Atomic REPORT_CELL_VALUE, xem O_QLKD_23)"
K_QLKD_3436,DATA EXPLORER,Nhóm 124 — Báo cáo hoạt động CN CTCK nước ngoài tại VN (STT 124),b.Tài sản tài chính hạn chế chuyển nhượng,Cơ sở,QLKD,,,,,"Pending - chưa thiết kế nguồn (gap Atomic REPORT_CELL_VALUE, xem O_QLKD_23)"
K_QLKD_3437,DATA EXPLORER,Nhóm 124 — Báo cáo hoạt động CN CTCK nước ngoài tại VN (STT 124),c.Tài sản tài chính giao dịch cầm cố,Cơ sở,QLKD,,,,,"Pending - chưa thiết kế nguồn (gap Atomic REPORT_CELL_VALUE, xem O_QLKD_23)"
K_QLKD_3438,DATA EXPLORER,Nhóm 124 — Báo cáo hoạt động CN CTCK nước ngoài tại VN (STT 124),"d.Tài sản tài chính phong tỏa, tạm giữ",Cơ sở,QLKD,,,,,"Pending - chưa thiết kế nguồn (gap Atomic REPORT_CELL_VALUE, xem O_QLKD_23)"
K_QLKD_3439,DATA EXPLORER,Nhóm 124 — Báo cáo hoạt động CN CTCK nước ngoài tại VN (STT 124),e.Tài sản tài chính chờ thanh toán,Cơ sở,QLKD,,,,,"Pending - chưa thiết kế nguồn (gap Atomic REPORT_CELL_VALUE, xem O_QLKD_23)"
K_QLKD_3440,DATA EXPLORER,Nhóm 124 — Báo cáo hoạt động CN CTCK nước ngoài tại VN (STT 124),f. Tài sản tài chính chờ cho vay,Cơ sở,QLKD,,,,,"Pending - chưa thiết kế nguồn (gap Atomic REPORT_CELL_VALUE, xem O_QLKD_23)"
K_QLKD_3441,DATA EXPLORER,Nhóm 124 — Báo cáo hoạt động CN CTCK nước ngoài tại VN (STT 124),2. Tài sản tài chính đã lưu ký tại VSD và chưa giao dịch của Nhà đầu tư,Cơ sở,QLKD,,,,,"Pending - chưa thiết kế nguồn (gap Atomic REPORT_CELL_VALUE, xem O_QLKD_23)"
K_QLKD_3442,DATA EXPLORER,Nhóm 124 — Báo cáo hoạt động CN CTCK nước ngoài tại VN (STT 124),"a.Tài sản tài chính đã lưu ký tại VSD và chưa giao dịch, tự do chuyển nhượng",Cơ sở,QLKD,,,,,"Pending - chưa thiết kế nguồn (gap Atomic REPORT_CELL_VALUE, xem O_QLKD_23)"
K_QLKD_3443,DATA EXPLORER,Nhóm 124 — Báo cáo hoạt động CN CTCK nước ngoài tại VN (STT 124),"b.Tài sản tài chính đã lưu ký tại VSD và chưa giao dịch, hạn chế chuyển nhượng",Cơ sở,QLKD,,,,,"Pending - chưa thiết kế nguồn (gap Atomic REPORT_CELL_VALUE, xem O_QLKD_23)"
K_QLKD_3444,DATA EXPLORER,Nhóm 124 — Báo cáo hoạt động CN CTCK nước ngoài tại VN (STT 124),"c.Tài sản tài chính đã lưu ký tại VSD và chưa giao dịch, cầm cố",Cơ sở,QLKD,,,,,"Pending - chưa thiết kế nguồn (gap Atomic REPORT_CELL_VALUE, xem O_QLKD_23)"
K_QLKD_3445,DATA EXPLORER,Nhóm 124 — Báo cáo hoạt động CN CTCK nước ngoài tại VN (STT 124),"d.Tài sản tài chính đã lưu ký tại VSD và chưa giao dịch, phong tỏa, tạm giữ",Cơ sở,QLKD,,,,,"Pending - chưa thiết kế nguồn (gap Atomic REPORT_CELL_VALUE, xem O_QLKD_23)"
K_QLKD_3446,DATA EXPLORER,Nhóm 124 — Báo cáo hoạt động CN CTCK nước ngoài tại VN (STT 124),3. Tài sản tài chính chờ về của Nhà đầu tư,Cơ sở,QLKD,,,,,"Pending - chưa thiết kế nguồn (gap Atomic REPORT_CELL_VALUE, xem O_QLKD_23)"
K_QLKD_3447,DATA EXPLORER,Nhóm 124 — Báo cáo hoạt động CN CTCK nước ngoài tại VN (STT 124),4. Tài sản tài chính sửa lỗi giao dịch của Nhà đầu tư,Cơ sở,QLKD,,,,,"Pending - chưa thiết kế nguồn (gap Atomic REPORT_CELL_VALUE, xem O_QLKD_23)"
K_QLKD_3448,DATA EXPLORER,Nhóm 124 — Báo cáo hoạt động CN CTCK nước ngoài tại VN (STT 124),5.Tài sản tài chính chưa lưu ký tại VSD của Nhà đầu tư,Cơ sở,QLKD,,,,,"Pending - chưa thiết kế nguồn (gap Atomic REPORT_CELL_VALUE, xem O_QLKD_23)"
K_QLKD_3449,DATA EXPLORER,Nhóm 124 — Báo cáo hoạt động CN CTCK nước ngoài tại VN (STT 124),6.Tài sản tài chính được hưởng quyền của Nhà đầu tư,Cơ sở,QLKD,,,,,"Pending - chưa thiết kế nguồn (gap Atomic REPORT_CELL_VALUE, xem O_QLKD_23)"
K_QLKD_3450,DATA EXPLORER,Nhóm 124 — Báo cáo hoạt động CN CTCK nước ngoài tại VN (STT 124),7. Tiền gửi của khách hàng,Cơ sở,QLKD,,,,,"Pending - chưa thiết kế nguồn (gap Atomic REPORT_CELL_VALUE, xem O_QLKD_23)"
K_QLKD_3451,DATA EXPLORER,Nhóm 124 — Báo cáo hoạt động CN CTCK nước ngoài tại VN (STT 124),7.1. Tiền gửi của Nhà đầu tư về giao dịch chứng khoán theo phương thức CTCK quản lý,Cơ sở,QLKD,,,,,"Pending - chưa thiết kế nguồn (gap Atomic REPORT_CELL_VALUE, xem O_QLKD_23)"
K_QLKD_3452,DATA EXPLORER,Nhóm 124 — Báo cáo hoạt động CN CTCK nước ngoài tại VN (STT 124),7.2.Tiền gửi tổng hợp giao dịch chứng khoán cho khách hàng,Cơ sở,QLKD,,,,,"Pending - chưa thiết kế nguồn (gap Atomic REPORT_CELL_VALUE, xem O_QLKD_23)"
K_QLKD_3453,DATA EXPLORER,Nhóm 124 — Báo cáo hoạt động CN CTCK nước ngoài tại VN (STT 124),7.3. Tiền gửi bù trừ và thanh toán giao dịch chứng khoán,Cơ sở,QLKD,,,,,"Pending - chưa thiết kế nguồn (gap Atomic REPORT_CELL_VALUE, xem O_QLKD_23)"
K_QLKD_3454,DATA EXPLORER,Nhóm 124 — Báo cáo hoạt động CN CTCK nước ngoài tại VN (STT 124),a. Tiền gửi bù trừ và thanh toán giao dịch chứng khoán Nhà đầu tư trong nước,Cơ sở,QLKD,,,,,"Pending - chưa thiết kế nguồn (gap Atomic REPORT_CELL_VALUE, xem O_QLKD_23)"
K_QLKD_3455,DATA EXPLORER,Nhóm 124 — Báo cáo hoạt động CN CTCK nước ngoài tại VN (STT 124),b. Tiền gửi bù trừ và thanh toán giao dịch chứng khoán Nhà đầu tư nước ngoài,Cơ sở,QLKD,,,,,"Pending - chưa thiết kế nguồn (gap Atomic REPORT_CELL_VALUE, xem O_QLKD_23)"
K_QLKD_3456,DATA EXPLORER,Nhóm 124 — Báo cáo hoạt động CN CTCK nước ngoài tại VN (STT 124),7.4. Tiền gửi của Tổ chức phát hành chứng khoán,Cơ sở,QLKD,,,,,"Pending - chưa thiết kế nguồn (gap Atomic REPORT_CELL_VALUE, xem O_QLKD_23)"
K_QLKD_3457,DATA EXPLORER,Nhóm 124 — Báo cáo hoạt động CN CTCK nước ngoài tại VN (STT 124),8. Phải trả Nhà đầu tư về tiền gửi giao dịch chứng khoán theo phương thức CTCK quản lý,Cơ sở,QLKD,,,,,"Pending - chưa thiết kế nguồn (gap Atomic REPORT_CELL_VALUE, xem O_QLKD_23)"
K_QLKD_3458,DATA EXPLORER,Nhóm 124 — Báo cáo hoạt động CN CTCK nước ngoài tại VN (STT 124),8.1. Phải trả Nhà đầu tư trong nước về tiền gửi giao dịch chứng khoán theo phương thức CTCK quản lý,Cơ sở,QLKD,,,,,"Pending - chưa thiết kế nguồn (gap Atomic REPORT_CELL_VALUE, xem O_QLKD_23)"
K_QLKD_3459,DATA EXPLORER,Nhóm 124 — Báo cáo hoạt động CN CTCK nước ngoài tại VN (STT 124),8.2. Phải trả Nhà đầu tư nước ngoài về tiền gửi giao dịch chứng khoán theo phương thức CTCK quản lý,Cơ sở,QLKD,,,,,"Pending - chưa thiết kế nguồn (gap Atomic REPORT_CELL_VALUE, xem O_QLKD_23)"
K_QLKD_3460,DATA EXPLORER,Nhóm 124 — Báo cáo hoạt động CN CTCK nước ngoài tại VN (STT 124),9. Phải trả Tổ chức phát hành chứng khoán,Cơ sở,QLKD,,,,,"Pending - chưa thiết kế nguồn (gap Atomic REPORT_CELL_VALUE, xem O_QLKD_23)"
K_QLKD_3461,DATA EXPLORER,Nhóm 124 — Báo cáo hoạt động CN CTCK nước ngoài tại VN (STT 124),10. Phải thu của khách hàng về lỗi giao dịch các tài sản tài chính,Cơ sở,QLKD,,,,,"Pending - chưa thiết kế nguồn (gap Atomic REPORT_CELL_VALUE, xem O_QLKD_23)"
K_QLKD_3462,DATA EXPLORER,Nhóm 124 — Báo cáo hoạt động CN CTCK nước ngoài tại VN (STT 124),11. Phải trả của khách hàng về lỗi giao dịch các tài sản tài chính,Cơ sở,QLKD,,,,,"Pending - chưa thiết kế nguồn (gap Atomic REPORT_CELL_VALUE, xem O_QLKD_23)"
K_QLKD_3463,DATA EXPLORER,Nhóm 124 — Báo cáo hoạt động CN CTCK nước ngoài tại VN (STT 124),"12. Phải trả cổ tức, gốc và lãi trái phiếu",Cơ sở,QLKD,,,,,"Pending - chưa thiết kế nguồn (gap Atomic REPORT_CELL_VALUE, xem O_QLKD_23)"
K_QLKD_3464,DATA EXPLORER,Nhóm 125 — Báo cáo hoạt động CN CTCK nước ngoài tại VN (STT 125),Loại báo cáo,Chiều,QLKD,,,,,"Pending - chưa thiết kế nguồn (gap Atomic REPORT_CELL_VALUE, xem O_QLKD_23)"
K_QLKD_3465,DATA EXPLORER,Nhóm 125 — Báo cáo hoạt động CN CTCK nước ngoài tại VN (STT 125),Kỳ báo cáo,Chiều,QLKD,,,,,"Pending - chưa thiết kế nguồn (gap Atomic REPORT_CELL_VALUE, xem O_QLKD_23)"
K_QLKD_3466,DATA EXPLORER,Nhóm 125 — Báo cáo hoạt động CN CTCK nước ngoài tại VN (STT 125),Mã báo cáo,Chiều,QLKD,,,,,"Pending - chưa thiết kế nguồn (gap Atomic REPORT_CELL_VALUE, xem O_QLKD_23)"
K_QLKD_3467,DATA EXPLORER,Nhóm 125 — Báo cáo hoạt động CN CTCK nước ngoài tại VN (STT 125),Tên báo cáo,Chiều,QLKD,,,,,"Pending - chưa thiết kế nguồn (gap Atomic REPORT_CELL_VALUE, xem O_QLKD_23)"
K_QLKD_3468,DATA EXPLORER,Nhóm 125 — Báo cáo hoạt động CN CTCK nước ngoài tại VN (STT 125),Mã sheet,Chiều,QLKD,,,,,"Pending - chưa thiết kế nguồn (gap Atomic REPORT_CELL_VALUE, xem O_QLKD_23)"
K_QLKD_3469,DATA EXPLORER,Nhóm 125 — Báo cáo hoạt động CN CTCK nước ngoài tại VN (STT 125),Tên sheet,Chiều,QLKD,,,,,"Pending - chưa thiết kế nguồn (gap Atomic REPORT_CELL_VALUE, xem O_QLKD_23)"
K_QLKD_3470,DATA EXPLORER,Nhóm 125 — Báo cáo hoạt động CN CTCK nước ngoài tại VN (STT 125),Mã chỉ tiêu,Chiều,QLKD,,,,,"Pending - chưa thiết kế nguồn (gap Atomic REPORT_CELL_VALUE, xem O_QLKD_23)"
K_QLKD_3471,DATA EXPLORER,Nhóm 125 — Báo cáo hoạt động CN CTCK nước ngoài tại VN (STT 125),Tên chỉ tiêu,Chiều,QLKD,,,,,"Pending - chưa thiết kế nguồn (gap Atomic REPORT_CELL_VALUE, xem O_QLKD_23)"
K_QLKD_3472,DATA EXPLORER,Nhóm 125 — Báo cáo hoạt động CN CTCK nước ngoài tại VN (STT 125),I. DOANH THU HOẠT ĐỘNG,Cơ sở,QLKD,,,,,"Pending - chưa thiết kế nguồn (gap Atomic REPORT_CELL_VALUE, xem O_QLKD_23)"
K_QLKD_3473,DATA EXPLORER,Nhóm 125 — Báo cáo hoạt động CN CTCK nước ngoài tại VN (STT 125),1.1. Lãi từ các tài sản tài chính ghi nhận thông qua lãi/lỗ (FVTPL),Cơ sở,QLKD,,,,,"Pending - chưa thiết kế nguồn (gap Atomic REPORT_CELL_VALUE, xem O_QLKD_23)"
K_QLKD_3474,DATA EXPLORER,Nhóm 125 — Báo cáo hoạt động CN CTCK nước ngoài tại VN (STT 125),a. Lãi bán các tài sản tài chính FVTPL,Cơ sở,QLKD,,,,,"Pending - chưa thiết kế nguồn (gap Atomic REPORT_CELL_VALUE, xem O_QLKD_23)"
K_QLKD_3475,DATA EXPLORER,Nhóm 125 — Báo cáo hoạt động CN CTCK nước ngoài tại VN (STT 125),b. Chênh lệch tăng về đánh giá lại các TSTC FVTPL,Cơ sở,QLKD,,,,,"Pending - chưa thiết kế nguồn (gap Atomic REPORT_CELL_VALUE, xem O_QLKD_23)"
K_QLKD_3476,DATA EXPLORER,Nhóm 125 — Báo cáo hoạt động CN CTCK nước ngoài tại VN (STT 125),"c. Cổ tức, tiền lãi phát sinh từ tài sản tài chính FVTPL",Cơ sở,QLKD,,,,,"Pending - chưa thiết kế nguồn (gap Atomic REPORT_CELL_VALUE, xem O_QLKD_23)"
K_QLKD_3477,DATA EXPLORER,Nhóm 125 — Báo cáo hoạt động CN CTCK nước ngoài tại VN (STT 125),d. Chênh lệch giảm do đánh giá lại phải trả chứng quyền đang lưu hành,Cơ sở,QLKD,,,,,"Pending - chưa thiết kế nguồn (gap Atomic REPORT_CELL_VALUE, xem O_QLKD_23)"
K_QLKD_3478,DATA EXPLORER,Nhóm 125 — Báo cáo hoạt động CN CTCK nước ngoài tại VN (STT 125),1.2. Lãi từ các khoản đầu tư nắm giữ đến ngày đáo hạn (HTM),Cơ sở,QLKD,,,,,"Pending - chưa thiết kế nguồn (gap Atomic REPORT_CELL_VALUE, xem O_QLKD_23)"
K_QLKD_3479,DATA EXPLORER,Nhóm 125 — Báo cáo hoạt động CN CTCK nước ngoài tại VN (STT 125),1.3. Lãi từ các khoản cho vay và phải thu,Cơ sở,QLKD,,,,,"Pending - chưa thiết kế nguồn (gap Atomic REPORT_CELL_VALUE, xem O_QLKD_23)"
K_QLKD_3480,DATA EXPLORER,Nhóm 125 — Báo cáo hoạt động CN CTCK nước ngoài tại VN (STT 125),1.4. Lãi từ tài sản tài chính sẵn sàng để bán (AFS),Cơ sở,QLKD,,,,,"Pending - chưa thiết kế nguồn (gap Atomic REPORT_CELL_VALUE, xem O_QLKD_23)"
K_QLKD_3481,DATA EXPLORER,Nhóm 125 — Báo cáo hoạt động CN CTCK nước ngoài tại VN (STT 125),1.5. Lãi từ các công cụ phái sinh phòng ngừa rủi ro,Cơ sở,QLKD,,,,,"Pending - chưa thiết kế nguồn (gap Atomic REPORT_CELL_VALUE, xem O_QLKD_23)"
K_QLKD_3482,DATA EXPLORER,Nhóm 125 — Báo cáo hoạt động CN CTCK nước ngoài tại VN (STT 125),1.6. Doanh thu nghiệp vụ môi giới chứng khoán,Cơ sở,QLKD,,,,,"Pending - chưa thiết kế nguồn (gap Atomic REPORT_CELL_VALUE, xem O_QLKD_23)"
K_QLKD_3483,DATA EXPLORER,Nhóm 125 — Báo cáo hoạt động CN CTCK nước ngoài tại VN (STT 125),"1.7. Doanh thu nghiệp vụ bảo lãnh, đại lý phát hành chứng khoán",Cơ sở,QLKD,,,,,"Pending - chưa thiết kế nguồn (gap Atomic REPORT_CELL_VALUE, xem O_QLKD_23)"
K_QLKD_3484,DATA EXPLORER,Nhóm 125 — Báo cáo hoạt động CN CTCK nước ngoài tại VN (STT 125),1.8. Doanh thu nghiệp vụ tư vấn đầu tư chứng khoán,Cơ sở,QLKD,,,,,"Pending - chưa thiết kế nguồn (gap Atomic REPORT_CELL_VALUE, xem O_QLKD_23)"
K_QLKD_3485,DATA EXPLORER,Nhóm 125 — Báo cáo hoạt động CN CTCK nước ngoài tại VN (STT 125),1.9. Doanh thu nghiệp vụ lưu ký chứng khoán,Cơ sở,QLKD,,,,,"Pending - chưa thiết kế nguồn (gap Atomic REPORT_CELL_VALUE, xem O_QLKD_23)"
K_QLKD_3486,DATA EXPLORER,Nhóm 125 — Báo cáo hoạt động CN CTCK nước ngoài tại VN (STT 125),1.10. Doanh thu hoạt động tư vấn tài chính,Cơ sở,QLKD,,,,,"Pending - chưa thiết kế nguồn (gap Atomic REPORT_CELL_VALUE, xem O_QLKD_23)"
K_QLKD_3487,DATA EXPLORER,Nhóm 125 — Báo cáo hoạt động CN CTCK nước ngoài tại VN (STT 125),1.11. Thu nhập hoạt động khác,Cơ sở,QLKD,,,,,"Pending - chưa thiết kế nguồn (gap Atomic REPORT_CELL_VALUE, xem O_QLKD_23)"
K_QLKD_3488,DATA EXPLORER,Nhóm 125 — Báo cáo hoạt động CN CTCK nước ngoài tại VN (STT 125),Cộng doanh thu hoạt động (20 = 01 đến 11),Cơ sở,QLKD,,,,,"Pending - chưa thiết kế nguồn (gap Atomic REPORT_CELL_VALUE, xem O_QLKD_23)"
K_QLKD_3489,DATA EXPLORER,Nhóm 125 — Báo cáo hoạt động CN CTCK nước ngoài tại VN (STT 125),II. CHI PHÍ HOẠT ĐỘNG,Cơ sở,QLKD,,,,,"Pending - chưa thiết kế nguồn (gap Atomic REPORT_CELL_VALUE, xem O_QLKD_23)"
K_QLKD_3490,DATA EXPLORER,Nhóm 125 — Báo cáo hoạt động CN CTCK nước ngoài tại VN (STT 125),2.1. Lỗ các tài sản tài chính ghi nhận thông qua lãi/lỗ (FVTPL),Cơ sở,QLKD,,,,,"Pending - chưa thiết kế nguồn (gap Atomic REPORT_CELL_VALUE, xem O_QLKD_23)"
K_QLKD_3491,DATA EXPLORER,Nhóm 125 — Báo cáo hoạt động CN CTCK nước ngoài tại VN (STT 125),a.     Lỗ bán các tài sản tài chính FVTPL,Cơ sở,QLKD,,,,,"Pending - chưa thiết kế nguồn (gap Atomic REPORT_CELL_VALUE, xem O_QLKD_23)"
K_QLKD_3492,DATA EXPLORER,Nhóm 125 — Báo cáo hoạt động CN CTCK nước ngoài tại VN (STT 125),b.    Chênh lệch giảm đánh giá lại các TSTC FVTPL,Cơ sở,QLKD,,,,,"Pending - chưa thiết kế nguồn (gap Atomic REPORT_CELL_VALUE, xem O_QLKD_23)"
K_QLKD_3493,DATA EXPLORER,Nhóm 125 — Báo cáo hoạt động CN CTCK nước ngoài tại VN (STT 125),c.     Chi phí giao dịch mua các tài sản tài chính FVTPL,Cơ sở,QLKD,,,,,"Pending - chưa thiết kế nguồn (gap Atomic REPORT_CELL_VALUE, xem O_QLKD_23)"
K_QLKD_3494,DATA EXPLORER,Nhóm 125 — Báo cáo hoạt động CN CTCK nước ngoài tại VN (STT 125),d. Chênh lệch tăng đánh do đánh giá lại phải trả chứng quyền đang lưu hành,Cơ sở,QLKD,,,,,"Pending - chưa thiết kế nguồn (gap Atomic REPORT_CELL_VALUE, xem O_QLKD_23)"
K_QLKD_3495,DATA EXPLORER,Nhóm 125 — Báo cáo hoạt động CN CTCK nước ngoài tại VN (STT 125),2.2. Lỗ các khoản đầu tư nắm giữ đến ngày đáo hạn (HTM),Cơ sở,QLKD,,,,,"Pending - chưa thiết kế nguồn (gap Atomic REPORT_CELL_VALUE, xem O_QLKD_23)"
K_QLKD_3496,DATA EXPLORER,Nhóm 125 — Báo cáo hoạt động CN CTCK nước ngoài tại VN (STT 125),2.3. Lỗ và ghi nhận chênh lệch đánh giá theo giá trị hợp lý tài sản tài chính sẵn sàng để bán (AFS) khi phân loại lại,Cơ sở,QLKD,,,,,"Pending - chưa thiết kế nguồn (gap Atomic REPORT_CELL_VALUE, xem O_QLKD_23)"
K_QLKD_3497,DATA EXPLORER,Nhóm 125 — Báo cáo hoạt động CN CTCK nước ngoài tại VN (STT 125),"2.4. Chi phí dự phòng tài sản tài chính, xử lý tổn thất các khoản phải thu khó đòi và lỗ suy giảm tài sản tài chính và chi phí đi vay của các khoản cho vay",Cơ sở,QLKD,,,,,"Pending - chưa thiết kế nguồn (gap Atomic REPORT_CELL_VALUE, xem O_QLKD_23)"
K_QLKD_3498,DATA EXPLORER,Nhóm 125 — Báo cáo hoạt động CN CTCK nước ngoài tại VN (STT 125),2.5. Lỗ từ các tài sản tài chính phái sinh phòng ngừa rủi ro,Cơ sở,QLKD,,,,,"Pending - chưa thiết kế nguồn (gap Atomic REPORT_CELL_VALUE, xem O_QLKD_23)"
K_QLKD_3499,DATA EXPLORER,Nhóm 125 — Báo cáo hoạt động CN CTCK nước ngoài tại VN (STT 125),2.6. Chi phí hoạt động tự doanh,Cơ sở,QLKD,,,,,"Pending - chưa thiết kế nguồn (gap Atomic REPORT_CELL_VALUE, xem O_QLKD_23)"
K_QLKD_3500,DATA EXPLORER,Nhóm 125 — Báo cáo hoạt động CN CTCK nước ngoài tại VN (STT 125),2.7. Chi phí nghiệp vụ môi giới chứng khoán,Cơ sở,QLKD,,,,,"Pending - chưa thiết kế nguồn (gap Atomic REPORT_CELL_VALUE, xem O_QLKD_23)"
K_QLKD_3501,DATA EXPLORER,Nhóm 125 — Báo cáo hoạt động CN CTCK nước ngoài tại VN (STT 125),"2.8. Chi phí nghiệp vụ bảo lãnh, đại lý phát hành chứng khoán",Cơ sở,QLKD,,,,,"Pending - chưa thiết kế nguồn (gap Atomic REPORT_CELL_VALUE, xem O_QLKD_23)"
K_QLKD_3502,DATA EXPLORER,Nhóm 125 — Báo cáo hoạt động CN CTCK nước ngoài tại VN (STT 125),2.9. Chi phí nghiệp vụ tư vấn đầu tư chứng khoán,Cơ sở,QLKD,,,,,"Pending - chưa thiết kế nguồn (gap Atomic REPORT_CELL_VALUE, xem O_QLKD_23)"
K_QLKD_3503,DATA EXPLORER,Nhóm 125 — Báo cáo hoạt động CN CTCK nước ngoài tại VN (STT 125),2.10. Chi phí nghiệp vụ lưu ký chứng khoán,Cơ sở,QLKD,,,,,"Pending - chưa thiết kế nguồn (gap Atomic REPORT_CELL_VALUE, xem O_QLKD_23)"
K_QLKD_3504,DATA EXPLORER,Nhóm 125 — Báo cáo hoạt động CN CTCK nước ngoài tại VN (STT 125),2.11. Chi phí hoạt động tư vấn tài chính,Cơ sở,QLKD,,,,,"Pending - chưa thiết kế nguồn (gap Atomic REPORT_CELL_VALUE, xem O_QLKD_23)"
K_QLKD_3505,DATA EXPLORER,Nhóm 125 — Báo cáo hoạt động CN CTCK nước ngoài tại VN (STT 125),2.12. Chi phí các dịch vụ khác,Cơ sở,QLKD,,,,,"Pending - chưa thiết kế nguồn (gap Atomic REPORT_CELL_VALUE, xem O_QLKD_23)"
K_QLKD_3506,DATA EXPLORER,Nhóm 125 — Báo cáo hoạt động CN CTCK nước ngoài tại VN (STT 125),Cộng chi phí hoạt động (40 = 21 đến 32),Cơ sở,QLKD,,,,,"Pending - chưa thiết kế nguồn (gap Atomic REPORT_CELL_VALUE, xem O_QLKD_23)"
K_QLKD_3507,DATA EXPLORER,Nhóm 125 — Báo cáo hoạt động CN CTCK nước ngoài tại VN (STT 125),III. DOANH THU HOẠT ĐỘNG TÀI CHÍNH,Cơ sở,QLKD,,,,,"Pending - chưa thiết kế nguồn (gap Atomic REPORT_CELL_VALUE, xem O_QLKD_23)"
K_QLKD_3508,DATA EXPLORER,Nhóm 125 — Báo cáo hoạt động CN CTCK nước ngoài tại VN (STT 125),3.1. Chênh lệch lãi tỷ giá hối đoái đã và chưa thực hiện,Cơ sở,QLKD,,,,,"Pending - chưa thiết kế nguồn (gap Atomic REPORT_CELL_VALUE, xem O_QLKD_23)"
K_QLKD_3509,DATA EXPLORER,Nhóm 125 — Báo cáo hoạt động CN CTCK nước ngoài tại VN (STT 125),"3.2. Doanh thu, dự thu cổ tức, lãi tiền gửi ngân hàng không cố định",Cơ sở,QLKD,,,,,"Pending - chưa thiết kế nguồn (gap Atomic REPORT_CELL_VALUE, xem O_QLKD_23)"
K_QLKD_3510,DATA EXPLORER,Nhóm 125 — Báo cáo hoạt động CN CTCK nước ngoài tại VN (STT 125),"3.3. Lãi bán, thanh lý các khoản đầu tư vào công ty con, liên kết, liên doanh",Cơ sở,QLKD,,,,,"Pending - chưa thiết kế nguồn (gap Atomic REPORT_CELL_VALUE, xem O_QLKD_23)"
K_QLKD_3511,DATA EXPLORER,Nhóm 125 — Báo cáo hoạt động CN CTCK nước ngoài tại VN (STT 125),3.4. Doanh thu khác về đầu tư,Cơ sở,QLKD,,,,,"Pending - chưa thiết kế nguồn (gap Atomic REPORT_CELL_VALUE, xem O_QLKD_23)"
K_QLKD_3512,DATA EXPLORER,Nhóm 125 — Báo cáo hoạt động CN CTCK nước ngoài tại VN (STT 125),Cộng doanh thu hoạt động tài chính (50 = 41 đến 44),Cơ sở,QLKD,,,,,"Pending - chưa thiết kế nguồn (gap Atomic REPORT_CELL_VALUE, xem O_QLKD_23)"
K_QLKD_3513,DATA EXPLORER,Nhóm 125 — Báo cáo hoạt động CN CTCK nước ngoài tại VN (STT 125),IV. CHI PHÍ TÀI CHÍNH,Cơ sở,QLKD,,,,,"Pending - chưa thiết kế nguồn (gap Atomic REPORT_CELL_VALUE, xem O_QLKD_23)"
K_QLKD_3514,DATA EXPLORER,Nhóm 125 — Báo cáo hoạt động CN CTCK nước ngoài tại VN (STT 125),4.1. Chênh lệch lỗ tỷ giá hối đoái đã và chưa thực hiện,Cơ sở,QLKD,,,,,"Pending - chưa thiết kế nguồn (gap Atomic REPORT_CELL_VALUE, xem O_QLKD_23)"
K_QLKD_3515,DATA EXPLORER,Nhóm 125 — Báo cáo hoạt động CN CTCK nước ngoài tại VN (STT 125),4.2. Chi phí lãi vay,Cơ sở,QLKD,,,,,"Pending - chưa thiết kế nguồn (gap Atomic REPORT_CELL_VALUE, xem O_QLKD_23)"
K_QLKD_3516,DATA EXPLORER,Nhóm 125 — Báo cáo hoạt động CN CTCK nước ngoài tại VN (STT 125),"4.3. Lỗ bán, thanh lý các khoản đầu tư vào công ty con, liên kết, liên doanh",Cơ sở,QLKD,,,,,"Pending - chưa thiết kế nguồn (gap Atomic REPORT_CELL_VALUE, xem O_QLKD_23)"
K_QLKD_3517,DATA EXPLORER,Nhóm 125 — Báo cáo hoạt động CN CTCK nước ngoài tại VN (STT 125),4.4. Chi phí dự phòng suy giảm giá trị các khoản đầu tư tài chính dài hạn,Cơ sở,QLKD,,,,,"Pending - chưa thiết kế nguồn (gap Atomic REPORT_CELL_VALUE, xem O_QLKD_23)"
K_QLKD_3518,DATA EXPLORER,Nhóm 125 — Báo cáo hoạt động CN CTCK nước ngoài tại VN (STT 125),4.5. Chi phí tài chính khác,Cơ sở,QLKD,,,,,"Pending - chưa thiết kế nguồn (gap Atomic REPORT_CELL_VALUE, xem O_QLKD_23)"
K_QLKD_3519,DATA EXPLORER,Nhóm 125 — Báo cáo hoạt động CN CTCK nước ngoài tại VN (STT 125),Cộng chi phí tài chính (60 = 51 đến 55),Cơ sở,QLKD,,,,,"Pending - chưa thiết kế nguồn (gap Atomic REPORT_CELL_VALUE, xem O_QLKD_23)"
K_QLKD_3520,DATA EXPLORER,Nhóm 125 — Báo cáo hoạt động CN CTCK nước ngoài tại VN (STT 125),V. CHI PHÍ BÁN HÀNG,Cơ sở,QLKD,,,,,"Pending - chưa thiết kế nguồn (gap Atomic REPORT_CELL_VALUE, xem O_QLKD_23)"
K_QLKD_3521,DATA EXPLORER,Nhóm 125 — Báo cáo hoạt động CN CTCK nước ngoài tại VN (STT 125),VI. CHI PHÍ QUẢN LÝ CÔNG TY CHỨNG KHOÁN,Cơ sở,QLKD,,,,,"Pending - chưa thiết kế nguồn (gap Atomic REPORT_CELL_VALUE, xem O_QLKD_23)"
K_QLKD_3522,DATA EXPLORER,Nhóm 125 — Báo cáo hoạt động CN CTCK nước ngoài tại VN (STT 125),VII. KẾT QUẢ HOẠT ĐỘNG (70= 20+50-40 -60-61-62),Cơ sở,QLKD,,,,,"Pending - chưa thiết kế nguồn (gap Atomic REPORT_CELL_VALUE, xem O_QLKD_23)"
K_QLKD_3523,DATA EXPLORER,Nhóm 125 — Báo cáo hoạt động CN CTCK nước ngoài tại VN (STT 125),VIII. THU NHẬP KHÁC VÀ CHI PHÍ KHÁC,Cơ sở,QLKD,,,,,"Pending - chưa thiết kế nguồn (gap Atomic REPORT_CELL_VALUE, xem O_QLKD_23)"
K_QLKD_3524,DATA EXPLORER,Nhóm 125 — Báo cáo hoạt động CN CTCK nước ngoài tại VN (STT 125),8.1. Thu nhập khác,Cơ sở,QLKD,,,,,"Pending - chưa thiết kế nguồn (gap Atomic REPORT_CELL_VALUE, xem O_QLKD_23)"
K_QLKD_3525,DATA EXPLORER,Nhóm 125 — Báo cáo hoạt động CN CTCK nước ngoài tại VN (STT 125),8.2. Chi phí khác,Cơ sở,QLKD,,,,,"Pending - chưa thiết kế nguồn (gap Atomic REPORT_CELL_VALUE, xem O_QLKD_23)"
K_QLKD_3526,DATA EXPLORER,Nhóm 125 — Báo cáo hoạt động CN CTCK nước ngoài tại VN (STT 125),Cộng kết quả hoạt động khác (80= 71-72),Cơ sở,QLKD,,,,,"Pending - chưa thiết kế nguồn (gap Atomic REPORT_CELL_VALUE, xem O_QLKD_23)"
K_QLKD_3527,DATA EXPLORER,Nhóm 125 — Báo cáo hoạt động CN CTCK nước ngoài tại VN (STT 125),IX. TỔNG LỢI NHUẬN KẾ TOÁN TRƯỚC THUẾ (90=70 + 80),Cơ sở,QLKD,,,,,"Pending - chưa thiết kế nguồn (gap Atomic REPORT_CELL_VALUE, xem O_QLKD_23)"
K_QLKD_3528,DATA EXPLORER,Nhóm 125 — Báo cáo hoạt động CN CTCK nước ngoài tại VN (STT 125),9.1. Lợi nhuận đã thực hiện,Cơ sở,QLKD,,,,,"Pending - chưa thiết kế nguồn (gap Atomic REPORT_CELL_VALUE, xem O_QLKD_23)"
K_QLKD_3529,DATA EXPLORER,Nhóm 125 — Báo cáo hoạt động CN CTCK nước ngoài tại VN (STT 125),9.2. Lợi nhuận chưa thực hiện,Cơ sở,QLKD,,,,,"Pending - chưa thiết kế nguồn (gap Atomic REPORT_CELL_VALUE, xem O_QLKD_23)"
K_QLKD_3530,DATA EXPLORER,Nhóm 125 — Báo cáo hoạt động CN CTCK nước ngoài tại VN (STT 125),X. CHI PHÍ THUẾ TNDN,Cơ sở,QLKD,,,,,"Pending - chưa thiết kế nguồn (gap Atomic REPORT_CELL_VALUE, xem O_QLKD_23)"
K_QLKD_3531,DATA EXPLORER,Nhóm 125 — Báo cáo hoạt động CN CTCK nước ngoài tại VN (STT 125),10.1.Chi phí thuế TNDN hiện hành,Cơ sở,QLKD,,,,,"Pending - chưa thiết kế nguồn (gap Atomic REPORT_CELL_VALUE, xem O_QLKD_23)"
K_QLKD_3532,DATA EXPLORER,Nhóm 125 — Báo cáo hoạt động CN CTCK nước ngoài tại VN (STT 125),10.2.Chi phí thuế TNDN hoãn lại,Cơ sở,QLKD,,,,,"Pending - chưa thiết kế nguồn (gap Atomic REPORT_CELL_VALUE, xem O_QLKD_23)"
K_QLKD_3533,DATA EXPLORER,Nhóm 125 — Báo cáo hoạt động CN CTCK nước ngoài tại VN (STT 125),XI. LỢI NHUẬN KẾ TOÁN SAU THUẾ TNDN (200 = 90 - 100),Cơ sở,QLKD,,,,,"Pending - chưa thiết kế nguồn (gap Atomic REPORT_CELL_VALUE, xem O_QLKD_23)"
K_QLKD_3534,DATA EXPLORER,Nhóm 125 — Báo cáo hoạt động CN CTCK nước ngoài tại VN (STT 125),XII. THU NHẬP (LỖ) TOÀN DIỆN KHÁC SAU THUẾ TNDN,Cơ sở,QLKD,,,,,"Pending - chưa thiết kế nguồn (gap Atomic REPORT_CELL_VALUE, xem O_QLKD_23)"
K_QLKD_3535,DATA EXPLORER,Nhóm 125 — Báo cáo hoạt động CN CTCK nước ngoài tại VN (STT 125),12.1.Lãi/(Lỗ) từ đánh giá lại các tài sản tài chính sẵn sàng để bán,Cơ sở,QLKD,,,,,"Pending - chưa thiết kế nguồn (gap Atomic REPORT_CELL_VALUE, xem O_QLKD_23)"
K_QLKD_3536,DATA EXPLORER,Nhóm 125 — Báo cáo hoạt động CN CTCK nước ngoài tại VN (STT 125),12.2. Lãi/(lỗ) chênh lệch tỷ giá của hoạt động tại nước ngoài,Cơ sở,QLKD,,,,,"Pending - chưa thiết kế nguồn (gap Atomic REPORT_CELL_VALUE, xem O_QLKD_23)"
K_QLKD_3537,DATA EXPLORER,Nhóm 125 — Báo cáo hoạt động CN CTCK nước ngoài tại VN (STT 125),"12.3. Lãi, lỗ đánh giá lại tài sản cố định theo mô hình giá trị hợp lý",Cơ sở,QLKD,,,,,"Pending - chưa thiết kế nguồn (gap Atomic REPORT_CELL_VALUE, xem O_QLKD_23)"
K_QLKD_3538,DATA EXPLORER,Nhóm 125 — Báo cáo hoạt động CN CTCK nước ngoài tại VN (STT 125),"12.4. Lãi, lỗ toàn diện khác",Cơ sở,QLKD,,,,,"Pending - chưa thiết kế nguồn (gap Atomic REPORT_CELL_VALUE, xem O_QLKD_23)"
K_QLKD_3539,DATA EXPLORER,Nhóm 125 — Báo cáo hoạt động CN CTCK nước ngoài tại VN (STT 125),Tổng thu nhập toàn diện,Cơ sở,QLKD,,,,,"Pending - chưa thiết kế nguồn (gap Atomic REPORT_CELL_VALUE, xem O_QLKD_23)"
K_QLKD_3540,DATA EXPLORER,Nhóm 125 — Báo cáo hoạt động CN CTCK nước ngoài tại VN (STT 125),XIII. THU NHẬP THUẦN TRÊN CỔ PHIẾU PHỔ THÔNG,Cơ sở,QLKD,,,,,"Pending - chưa thiết kế nguồn (gap Atomic REPORT_CELL_VALUE, xem O_QLKD_23)"
K_QLKD_3541,DATA EXPLORER,Nhóm 125 — Báo cáo hoạt động CN CTCK nước ngoài tại VN (STT 125),13.1.Lãi cơ bản trên cổ phiếu (Đồng/1 cổ phiếu),Cơ sở,QLKD,,,,,"Pending - chưa thiết kế nguồn (gap Atomic REPORT_CELL_VALUE, xem O_QLKD_23)"
K_QLKD_3542,DATA EXPLORER,Nhóm 125 — Báo cáo hoạt động CN CTCK nước ngoài tại VN (STT 125),13.2.Thu nhập pha loãng trên cổ phiếu (Đồng/1 cổ phiếu),Cơ sở,QLKD,,,,,"Pending - chưa thiết kế nguồn (gap Atomic REPORT_CELL_VALUE, xem O_QLKD_23)"
K_QLKD_3543,DATA EXPLORER,Nhóm 126 — Báo cáo hoạt động CN CTCK nước ngoài tại VN (STT 126),Loại báo cáo,Chiều,QLKD,,,,,"Pending - chưa thiết kế nguồn (gap Atomic REPORT_CELL_VALUE, xem O_QLKD_23)"
K_QLKD_3544,DATA EXPLORER,Nhóm 126 — Báo cáo hoạt động CN CTCK nước ngoài tại VN (STT 126),Kỳ báo cáo,Chiều,QLKD,,,,,"Pending - chưa thiết kế nguồn (gap Atomic REPORT_CELL_VALUE, xem O_QLKD_23)"
K_QLKD_3545,DATA EXPLORER,Nhóm 126 — Báo cáo hoạt động CN CTCK nước ngoài tại VN (STT 126),Mã báo cáo,Chiều,QLKD,,,,,"Pending - chưa thiết kế nguồn (gap Atomic REPORT_CELL_VALUE, xem O_QLKD_23)"
K_QLKD_3546,DATA EXPLORER,Nhóm 126 — Báo cáo hoạt động CN CTCK nước ngoài tại VN (STT 126),Tên báo cáo,Chiều,QLKD,,,,,"Pending - chưa thiết kế nguồn (gap Atomic REPORT_CELL_VALUE, xem O_QLKD_23)"
K_QLKD_3547,DATA EXPLORER,Nhóm 126 — Báo cáo hoạt động CN CTCK nước ngoài tại VN (STT 126),Mã sheet,Chiều,QLKD,,,,,"Pending - chưa thiết kế nguồn (gap Atomic REPORT_CELL_VALUE, xem O_QLKD_23)"
K_QLKD_3548,DATA EXPLORER,Nhóm 126 — Báo cáo hoạt động CN CTCK nước ngoài tại VN (STT 126),Tên sheet,Chiều,QLKD,,,,,"Pending - chưa thiết kế nguồn (gap Atomic REPORT_CELL_VALUE, xem O_QLKD_23)"
K_QLKD_3549,DATA EXPLORER,Nhóm 126 — Báo cáo hoạt động CN CTCK nước ngoài tại VN (STT 126),Mã chỉ tiêu,Chiều,QLKD,,,,,"Pending - chưa thiết kế nguồn (gap Atomic REPORT_CELL_VALUE, xem O_QLKD_23)"
K_QLKD_3550,DATA EXPLORER,Nhóm 126 — Báo cáo hoạt động CN CTCK nước ngoài tại VN (STT 126),Tên chỉ tiêu,Chiều,QLKD,,,,,"Pending - chưa thiết kế nguồn (gap Atomic REPORT_CELL_VALUE, xem O_QLKD_23)"
K_QLKD_3551,DATA EXPLORER,Nhóm 126 — Báo cáo hoạt động CN CTCK nước ngoài tại VN (STT 126),I. Lưu chuyển tiền từ hoạt động kinh doanh,Cơ sở,QLKD,,,,,"Pending - chưa thiết kế nguồn (gap Atomic REPORT_CELL_VALUE, xem O_QLKD_23)"
K_QLKD_3552,DATA EXPLORER,Nhóm 126 — Báo cáo hoạt động CN CTCK nước ngoài tại VN (STT 126),1.Tiền đã chi mua các tài sản tài chính,Cơ sở,QLKD,,,,,"Pending - chưa thiết kế nguồn (gap Atomic REPORT_CELL_VALUE, xem O_QLKD_23)"
K_QLKD_3553,DATA EXPLORER,Nhóm 126 — Báo cáo hoạt động CN CTCK nước ngoài tại VN (STT 126),2.Tiền đã thu từ bán các tài sản tài chính,Cơ sở,QLKD,,,,,"Pending - chưa thiết kế nguồn (gap Atomic REPORT_CELL_VALUE, xem O_QLKD_23)"
K_QLKD_3554,DATA EXPLORER,Nhóm 126 — Báo cáo hoạt động CN CTCK nước ngoài tại VN (STT 126),3. Tiền chi nộp Quỹ Hỗ trợ thanh toán,Cơ sở,QLKD,,,,,"Pending - chưa thiết kế nguồn (gap Atomic REPORT_CELL_VALUE, xem O_QLKD_23)"
K_QLKD_3555,DATA EXPLORER,Nhóm 126 — Báo cáo hoạt động CN CTCK nước ngoài tại VN (STT 126),4. Cổ tức đã nhận,Cơ sở,QLKD,,,,,"Pending - chưa thiết kế nguồn (gap Atomic REPORT_CELL_VALUE, xem O_QLKD_23)"
K_QLKD_3556,DATA EXPLORER,Nhóm 126 — Báo cáo hoạt động CN CTCK nước ngoài tại VN (STT 126),5. Tiền lãi đã thu,Cơ sở,QLKD,,,,,"Pending - chưa thiết kế nguồn (gap Atomic REPORT_CELL_VALUE, xem O_QLKD_23)"
K_QLKD_3557,DATA EXPLORER,Nhóm 126 — Báo cáo hoạt động CN CTCK nước ngoài tại VN (STT 126),6. Tiền chi trả lãi vay cho hoạt động của CTCK,Cơ sở,QLKD,,,,,"Pending - chưa thiết kế nguồn (gap Atomic REPORT_CELL_VALUE, xem O_QLKD_23)"
K_QLKD_3558,DATA EXPLORER,Nhóm 126 — Báo cáo hoạt động CN CTCK nước ngoài tại VN (STT 126),7. Tiền chi trả Tổ chức cung cấp dịch vụ cho CTCK,Cơ sở,QLKD,,,,,"Pending - chưa thiết kế nguồn (gap Atomic REPORT_CELL_VALUE, xem O_QLKD_23)"
K_QLKD_3559,DATA EXPLORER,Nhóm 126 — Báo cáo hoạt động CN CTCK nước ngoài tại VN (STT 126),8. Tiền chi trả cho người lao động,Cơ sở,QLKD,,,,,"Pending - chưa thiết kế nguồn (gap Atomic REPORT_CELL_VALUE, xem O_QLKD_23)"
K_QLKD_3560,DATA EXPLORER,Nhóm 126 — Báo cáo hoạt động CN CTCK nước ngoài tại VN (STT 126),9. Tiền chi nộp thuế liên quan đến hoạt động CTCK,Cơ sở,QLKD,,,,,"Pending - chưa thiết kế nguồn (gap Atomic REPORT_CELL_VALUE, xem O_QLKD_23)"
K_QLKD_3561,DATA EXPLORER,Nhóm 126 — Báo cáo hoạt động CN CTCK nước ngoài tại VN (STT 126),"10.Tiền chi thanh toán các chi phí cho hoạt động mua, bán các tài sản tài chính",Cơ sở,QLKD,,,,,"Pending - chưa thiết kế nguồn (gap Atomic REPORT_CELL_VALUE, xem O_QLKD_23)"
K_QLKD_3562,DATA EXPLORER,Nhóm 126 — Báo cáo hoạt động CN CTCK nước ngoài tại VN (STT 126),11. Tiền thu khác từ hoạt động kinh doanh,Cơ sở,QLKD,,,,,"Pending - chưa thiết kế nguồn (gap Atomic REPORT_CELL_VALUE, xem O_QLKD_23)"
K_QLKD_3563,DATA EXPLORER,Nhóm 126 — Báo cáo hoạt động CN CTCK nước ngoài tại VN (STT 126),12. Tiền chi khác cho hoạt động kinh doanh,Cơ sở,QLKD,,,,,"Pending - chưa thiết kế nguồn (gap Atomic REPORT_CELL_VALUE, xem O_QLKD_23)"
K_QLKD_3564,DATA EXPLORER,Nhóm 126 — Báo cáo hoạt động CN CTCK nước ngoài tại VN (STT 126),Lưu chuyển tiền thuần từ hoạt động kinh doanh,Cơ sở,QLKD,,,,,"Pending - chưa thiết kế nguồn (gap Atomic REPORT_CELL_VALUE, xem O_QLKD_23)"
K_QLKD_3565,DATA EXPLORER,Nhóm 126 — Báo cáo hoạt động CN CTCK nước ngoài tại VN (STT 126),II. Lưu chuyển tiền từ hoạt động đầu tư,Cơ sở,QLKD,,,,,"Pending - chưa thiết kế nguồn (gap Atomic REPORT_CELL_VALUE, xem O_QLKD_23)"
K_QLKD_3566,DATA EXPLORER,Nhóm 126 — Báo cáo hoạt động CN CTCK nước ngoài tại VN (STT 126),"1.Tiền chi để mua sắm, xây dựng TSCĐ, BĐSĐT và các tài sản khác",Cơ sở,QLKD,,,,,"Pending - chưa thiết kế nguồn (gap Atomic REPORT_CELL_VALUE, xem O_QLKD_23)"
K_QLKD_3567,DATA EXPLORER,Nhóm 126 — Báo cáo hoạt động CN CTCK nước ngoài tại VN (STT 126),"2.Tiền thu từ thanh lý, nhượng bán TSCĐ, BĐSĐT và các tài sản khác",Cơ sở,QLKD,,,,,"Pending - chưa thiết kế nguồn (gap Atomic REPORT_CELL_VALUE, xem O_QLKD_23)"
K_QLKD_3568,DATA EXPLORER,Nhóm 126 — Báo cáo hoạt động CN CTCK nước ngoài tại VN (STT 126),"3.Tiền chi đầu tư góp vốn vào công ty con, công ty liên doanh, liên kết và đầu tư khác",Cơ sở,QLKD,,,,,"Pending - chưa thiết kế nguồn (gap Atomic REPORT_CELL_VALUE, xem O_QLKD_23)"
K_QLKD_3569,DATA EXPLORER,Nhóm 126 — Báo cáo hoạt động CN CTCK nước ngoài tại VN (STT 126),"4.Tiền thu hồi đầu tư góp vốn vào công ty con, công ty liên doanh, liên kết và đầu tư khác",Cơ sở,QLKD,,,,,"Pending - chưa thiết kế nguồn (gap Atomic REPORT_CELL_VALUE, xem O_QLKD_23)"
K_QLKD_3570,DATA EXPLORER,Nhóm 126 — Báo cáo hoạt động CN CTCK nước ngoài tại VN (STT 126),5.Tiền thu về cổ tức và lợi nhuận được chia từ các khoản đầu tư tài chính dài hạn,Cơ sở,QLKD,,,,,"Pending - chưa thiết kế nguồn (gap Atomic REPORT_CELL_VALUE, xem O_QLKD_23)"
K_QLKD_3571,DATA EXPLORER,Nhóm 126 — Báo cáo hoạt động CN CTCK nước ngoài tại VN (STT 126),Lưu chuyển tiền thuần từ hoạt động đầu tư,Cơ sở,QLKD,,,,,"Pending - chưa thiết kế nguồn (gap Atomic REPORT_CELL_VALUE, xem O_QLKD_23)"
K_QLKD_3572,DATA EXPLORER,Nhóm 126 — Báo cáo hoạt động CN CTCK nước ngoài tại VN (STT 126),III. Lưu chuyển tiền từ hoạt động tài chính,Cơ sở,QLKD,,,,,"Pending - chưa thiết kế nguồn (gap Atomic REPORT_CELL_VALUE, xem O_QLKD_23)"
K_QLKD_3573,DATA EXPLORER,Nhóm 126 — Báo cáo hoạt động CN CTCK nước ngoài tại VN (STT 126),"1.Tiền thu từ phát hành cổ phiếu, nhận vốn góp của chủ sở hữu",Cơ sở,QLKD,,,,,"Pending - chưa thiết kế nguồn (gap Atomic REPORT_CELL_VALUE, xem O_QLKD_23)"
K_QLKD_3574,DATA EXPLORER,Nhóm 126 — Báo cáo hoạt động CN CTCK nước ngoài tại VN (STT 126),"2.Tiền chi trả vốn góp cho các chủ sở hữu, mua lại cổ phiếu đã phát hành",Cơ sở,QLKD,,,,,"Pending - chưa thiết kế nguồn (gap Atomic REPORT_CELL_VALUE, xem O_QLKD_23)"
K_QLKD_3575,DATA EXPLORER,Nhóm 126 — Báo cáo hoạt động CN CTCK nước ngoài tại VN (STT 126),3.Tiền vay gốc,Cơ sở,QLKD,,,,,"Pending - chưa thiết kế nguồn (gap Atomic REPORT_CELL_VALUE, xem O_QLKD_23)"
K_QLKD_3576,DATA EXPLORER,Nhóm 126 — Báo cáo hoạt động CN CTCK nước ngoài tại VN (STT 126),3.1. Tiền vay Quỹ Hỗ trợ thanh toán,Cơ sở,QLKD,,,,,"Pending - chưa thiết kế nguồn (gap Atomic REPORT_CELL_VALUE, xem O_QLKD_23)"
K_QLKD_3577,DATA EXPLORER,Nhóm 126 — Báo cáo hoạt động CN CTCK nước ngoài tại VN (STT 126),3.2. Tiền vay khác,Cơ sở,QLKD,,,,,"Pending - chưa thiết kế nguồn (gap Atomic REPORT_CELL_VALUE, xem O_QLKD_23)"
K_QLKD_3578,DATA EXPLORER,Nhóm 126 — Báo cáo hoạt động CN CTCK nước ngoài tại VN (STT 126),4. Tiền chi trả nợ gốc vay,Cơ sở,QLKD,,,,,"Pending - chưa thiết kế nguồn (gap Atomic REPORT_CELL_VALUE, xem O_QLKD_23)"
K_QLKD_3579,DATA EXPLORER,Nhóm 126 — Báo cáo hoạt động CN CTCK nước ngoài tại VN (STT 126),4.1. Tiền chi trả gốc vay Quỹ Hỗ trợ thanh toán,Cơ sở,QLKD,,,,,"Pending - chưa thiết kế nguồn (gap Atomic REPORT_CELL_VALUE, xem O_QLKD_23)"
K_QLKD_3580,DATA EXPLORER,Nhóm 126 — Báo cáo hoạt động CN CTCK nước ngoài tại VN (STT 126),4.2. Tiền chi trả gốc vay tài sản tài chính,Cơ sở,QLKD,,,,,"Pending - chưa thiết kế nguồn (gap Atomic REPORT_CELL_VALUE, xem O_QLKD_23)"
K_QLKD_3581,DATA EXPLORER,Nhóm 126 — Báo cáo hoạt động CN CTCK nước ngoài tại VN (STT 126),4.3. Tiền chi trả gốc vay khác,Cơ sở,QLKD,,,,,"Pending - chưa thiết kế nguồn (gap Atomic REPORT_CELL_VALUE, xem O_QLKD_23)"
K_QLKD_3582,DATA EXPLORER,Nhóm 126 — Báo cáo hoạt động CN CTCK nước ngoài tại VN (STT 126),5.Tiền chi trả nợ gốc thuê tài chính,Cơ sở,QLKD,,,,,"Pending - chưa thiết kế nguồn (gap Atomic REPORT_CELL_VALUE, xem O_QLKD_23)"
K_QLKD_3583,DATA EXPLORER,Nhóm 126 — Báo cáo hoạt động CN CTCK nước ngoài tại VN (STT 126),"6. Cổ tức, lợi nhuận đã trả cho chủ sở hữu",Cơ sở,QLKD,,,,,"Pending - chưa thiết kế nguồn (gap Atomic REPORT_CELL_VALUE, xem O_QLKD_23)"
K_QLKD_3584,DATA EXPLORER,Nhóm 126 — Báo cáo hoạt động CN CTCK nước ngoài tại VN (STT 126),Lưu chuyển tiền thuần từ hoạt động tài chính,Cơ sở,QLKD,,,,,"Pending - chưa thiết kế nguồn (gap Atomic REPORT_CELL_VALUE, xem O_QLKD_23)"
K_QLKD_3585,DATA EXPLORER,Nhóm 126 — Báo cáo hoạt động CN CTCK nước ngoài tại VN (STT 126),IV. Tăng/giảm tiền thuần trong kỳ,Cơ sở,QLKD,,,,,"Pending - chưa thiết kế nguồn (gap Atomic REPORT_CELL_VALUE, xem O_QLKD_23)"
K_QLKD_3586,DATA EXPLORER,Nhóm 126 — Báo cáo hoạt động CN CTCK nước ngoài tại VN (STT 126),V. Tiền và các khoản tương đương tiền đầu kỳ,Cơ sở,QLKD,,,,,"Pending - chưa thiết kế nguồn (gap Atomic REPORT_CELL_VALUE, xem O_QLKD_23)"
K_QLKD_3587,DATA EXPLORER,Nhóm 126 — Báo cáo hoạt động CN CTCK nước ngoài tại VN (STT 126),Tiền,Cơ sở,QLKD,,,,,"Pending - chưa thiết kế nguồn (gap Atomic REPORT_CELL_VALUE, xem O_QLKD_23)"
K_QLKD_3588,DATA EXPLORER,Nhóm 126 — Báo cáo hoạt động CN CTCK nước ngoài tại VN (STT 126),Các khoản tương đương tiền,Cơ sở,QLKD,,,,,"Pending - chưa thiết kế nguồn (gap Atomic REPORT_CELL_VALUE, xem O_QLKD_23)"
K_QLKD_3589,DATA EXPLORER,Nhóm 126 — Báo cáo hoạt động CN CTCK nước ngoài tại VN (STT 126),Ảnh hưởng của thay đổi tỷ giá hối đoái quy đổi ngoại tệ,Cơ sở,QLKD,,,,,"Pending - chưa thiết kế nguồn (gap Atomic REPORT_CELL_VALUE, xem O_QLKD_23)"
K_QLKD_3590,DATA EXPLORER,Nhóm 126 — Báo cáo hoạt động CN CTCK nước ngoài tại VN (STT 126),VI. Tiền và các khoản tương đương tiền cuối kỳ (70 = 50 + 60),Cơ sở,QLKD,,,,,"Pending - chưa thiết kế nguồn (gap Atomic REPORT_CELL_VALUE, xem O_QLKD_23)"
K_QLKD_3591,DATA EXPLORER,Nhóm 126 — Báo cáo hoạt động CN CTCK nước ngoài tại VN (STT 126),Tiền,Cơ sở,QLKD,,,,,"Pending - chưa thiết kế nguồn (gap Atomic REPORT_CELL_VALUE, xem O_QLKD_23)"
K_QLKD_3592,DATA EXPLORER,Nhóm 126 — Báo cáo hoạt động CN CTCK nước ngoài tại VN (STT 126),Các khoản tương đương tiền,Cơ sở,QLKD,,,,,"Pending - chưa thiết kế nguồn (gap Atomic REPORT_CELL_VALUE, xem O_QLKD_23)"
K_QLKD_3593,DATA EXPLORER,Nhóm 126 — Báo cáo hoạt động CN CTCK nước ngoài tại VN (STT 126),Ảnh hưởng của thay đổi tỷ giá hối đoái quy đổi ngoại tệ,Cơ sở,QLKD,,,,,"Pending - chưa thiết kế nguồn (gap Atomic REPORT_CELL_VALUE, xem O_QLKD_23)"
K_QLKD_3594,DATA EXPLORER,Nhóm 127 — Báo cáo hoạt động CN CTCK nước ngoài tại VN (STT 127),Loại báo cáo,Chiều,QLKD,,,,,"Pending - chưa thiết kế nguồn (gap Atomic REPORT_CELL_VALUE, xem O_QLKD_23)"
K_QLKD_3595,DATA EXPLORER,Nhóm 127 — Báo cáo hoạt động CN CTCK nước ngoài tại VN (STT 127),Kỳ báo cáo,Chiều,QLKD,,,,,"Pending - chưa thiết kế nguồn (gap Atomic REPORT_CELL_VALUE, xem O_QLKD_23)"
K_QLKD_3596,DATA EXPLORER,Nhóm 127 — Báo cáo hoạt động CN CTCK nước ngoài tại VN (STT 127),Mã báo cáo,Chiều,QLKD,,,,,"Pending - chưa thiết kế nguồn (gap Atomic REPORT_CELL_VALUE, xem O_QLKD_23)"
K_QLKD_3597,DATA EXPLORER,Nhóm 127 — Báo cáo hoạt động CN CTCK nước ngoài tại VN (STT 127),Tên báo cáo,Chiều,QLKD,,,,,"Pending - chưa thiết kế nguồn (gap Atomic REPORT_CELL_VALUE, xem O_QLKD_23)"
K_QLKD_3598,DATA EXPLORER,Nhóm 127 — Báo cáo hoạt động CN CTCK nước ngoài tại VN (STT 127),Mã sheet,Chiều,QLKD,,,,,"Pending - chưa thiết kế nguồn (gap Atomic REPORT_CELL_VALUE, xem O_QLKD_23)"
K_QLKD_3599,DATA EXPLORER,Nhóm 127 — Báo cáo hoạt động CN CTCK nước ngoài tại VN (STT 127),Tên sheet,Chiều,QLKD,,,,,"Pending - chưa thiết kế nguồn (gap Atomic REPORT_CELL_VALUE, xem O_QLKD_23)"
K_QLKD_3600,DATA EXPLORER,Nhóm 127 — Báo cáo hoạt động CN CTCK nước ngoài tại VN (STT 127),Mã chỉ tiêu,Chiều,QLKD,,,,,"Pending - chưa thiết kế nguồn (gap Atomic REPORT_CELL_VALUE, xem O_QLKD_23)"
K_QLKD_3601,DATA EXPLORER,Nhóm 127 — Báo cáo hoạt động CN CTCK nước ngoài tại VN (STT 127),Tên chỉ tiêu,Chiều,QLKD,,,,,"Pending - chưa thiết kế nguồn (gap Atomic REPORT_CELL_VALUE, xem O_QLKD_23)"
K_QLKD_3602,DATA EXPLORER,Nhóm 127 — Báo cáo hoạt động CN CTCK nước ngoài tại VN (STT 127),"I. Lưu chuyển tiền hoạt động môi giới, ủy thác của khách hàng",Cơ sở,QLKD,,,,,"Pending - chưa thiết kế nguồn (gap Atomic REPORT_CELL_VALUE, xem O_QLKD_23)"
K_QLKD_3603,DATA EXPLORER,Nhóm 127 — Báo cáo hoạt động CN CTCK nước ngoài tại VN (STT 127),1. Tiền thu bán chứng khoán môi giới cho khách hàng,Cơ sở,QLKD,,,,,"Pending - chưa thiết kế nguồn (gap Atomic REPORT_CELL_VALUE, xem O_QLKD_23)"
K_QLKD_3604,DATA EXPLORER,Nhóm 127 — Báo cáo hoạt động CN CTCK nước ngoài tại VN (STT 127),2. Tiền chi mua chứng khoán môi giới cho khách hàng,Cơ sở,QLKD,,,,,"Pending - chưa thiết kế nguồn (gap Atomic REPORT_CELL_VALUE, xem O_QLKD_23)"
K_QLKD_3605,DATA EXPLORER,Nhóm 127 — Báo cáo hoạt động CN CTCK nước ngoài tại VN (STT 127),3. Tiền thu bán chứng khoán ủy thác của khách hàng,Cơ sở,QLKD,,,,,"Pending - chưa thiết kế nguồn (gap Atomic REPORT_CELL_VALUE, xem O_QLKD_23)"
K_QLKD_3606,DATA EXPLORER,Nhóm 127 — Báo cáo hoạt động CN CTCK nước ngoài tại VN (STT 127),4.Tiền chi mua chứng khoán ủy thác của khách hàng,Cơ sở,QLKD,,,,,"Pending - chưa thiết kế nguồn (gap Atomic REPORT_CELL_VALUE, xem O_QLKD_23)"
K_QLKD_3607,DATA EXPLORER,Nhóm 127 — Báo cáo hoạt động CN CTCK nước ngoài tại VN (STT 127),5. Thu vay Quỹ Hỗ trợ thanh toán,Cơ sở,QLKD,,,,,"Pending - chưa thiết kế nguồn (gap Atomic REPORT_CELL_VALUE, xem O_QLKD_23)"
K_QLKD_3608,DATA EXPLORER,Nhóm 127 — Báo cáo hoạt động CN CTCK nước ngoài tại VN (STT 127),6. Chi trả vay Quỹ Hỗ trợ thanh toán,Cơ sở,QLKD,,,,,"Pending - chưa thiết kế nguồn (gap Atomic REPORT_CELL_VALUE, xem O_QLKD_23)"
K_QLKD_3609,DATA EXPLORER,Nhóm 127 — Báo cáo hoạt động CN CTCK nước ngoài tại VN (STT 127),7. Nhận tiền gửi để thanh toán giao dịch chứng khoán của khách hàng,Cơ sở,QLKD,,,,,"Pending - chưa thiết kế nguồn (gap Atomic REPORT_CELL_VALUE, xem O_QLKD_23)"
K_QLKD_3610,DATA EXPLORER,Nhóm 127 — Báo cáo hoạt động CN CTCK nước ngoài tại VN (STT 127),8. Nhận tiền gửi của Nhà đầu tư cho hoạt động ủy thác đầu tư của khách hàng,Cơ sở,QLKD,,,,,"Pending - chưa thiết kế nguồn (gap Atomic REPORT_CELL_VALUE, xem O_QLKD_23)"
K_QLKD_3611,DATA EXPLORER,Nhóm 127 — Báo cáo hoạt động CN CTCK nước ngoài tại VN (STT 127),9. Chi trả phí lưu ký chứng khoán của khách hàng,Cơ sở,QLKD,,,,,"Pending - chưa thiết kế nguồn (gap Atomic REPORT_CELL_VALUE, xem O_QLKD_23)"
K_QLKD_3612,DATA EXPLORER,Nhóm 127 — Báo cáo hoạt động CN CTCK nước ngoài tại VN (STT 127),10. Thu lỗi giao dịch chứng khoán,Cơ sở,QLKD,,,,,"Pending - chưa thiết kế nguồn (gap Atomic REPORT_CELL_VALUE, xem O_QLKD_23)"
K_QLKD_3613,DATA EXPLORER,Nhóm 127 — Báo cáo hoạt động CN CTCK nước ngoài tại VN (STT 127),11. Chi lỗi giao dịch chứng khoán,Cơ sở,QLKD,,,,,"Pending - chưa thiết kế nguồn (gap Atomic REPORT_CELL_VALUE, xem O_QLKD_23)"
K_QLKD_3614,DATA EXPLORER,Nhóm 127 — Báo cáo hoạt động CN CTCK nước ngoài tại VN (STT 127),12. Tiền thu của Tổ chức phát hành chứng khoán,Cơ sở,QLKD,,,,,"Pending - chưa thiết kế nguồn (gap Atomic REPORT_CELL_VALUE, xem O_QLKD_23)"
K_QLKD_3615,DATA EXPLORER,Nhóm 127 — Báo cáo hoạt động CN CTCK nước ngoài tại VN (STT 127),13. Tiền chi trả Tổ chức phát hành chứng khoán,Cơ sở,QLKD,,,,,"Pending - chưa thiết kế nguồn (gap Atomic REPORT_CELL_VALUE, xem O_QLKD_23)"
K_QLKD_3616,DATA EXPLORER,Nhóm 127 — Báo cáo hoạt động CN CTCK nước ngoài tại VN (STT 127),Tăng/giảm tiền thuần trong kỳ,Cơ sở,QLKD,,,,,"Pending - chưa thiết kế nguồn (gap Atomic REPORT_CELL_VALUE, xem O_QLKD_23)"
K_QLKD_3617,DATA EXPLORER,Nhóm 127 — Báo cáo hoạt động CN CTCK nước ngoài tại VN (STT 127),II. Tiền và các khoản tương đương tiền đầu kỳ của khách hàng,Cơ sở,QLKD,,,,,"Pending - chưa thiết kế nguồn (gap Atomic REPORT_CELL_VALUE, xem O_QLKD_23)"
K_QLKD_3618,DATA EXPLORER,Nhóm 127 — Báo cáo hoạt động CN CTCK nước ngoài tại VN (STT 127),Tiền gửi ngân hàng đầu kỳ:,Cơ sở,QLKD,,,,,"Pending - chưa thiết kế nguồn (gap Atomic REPORT_CELL_VALUE, xem O_QLKD_23)"
K_QLKD_3619,DATA EXPLORER,Nhóm 127 — Báo cáo hoạt động CN CTCK nước ngoài tại VN (STT 127),-Tiền gửi của Nhà đầu tư về giao dịch chứng khoán theo phương thức CTCK quản lý,Cơ sở,QLKD,,,,,"Pending - chưa thiết kế nguồn (gap Atomic REPORT_CELL_VALUE, xem O_QLKD_23)"
K_QLKD_3620,DATA EXPLORER,Nhóm 127 — Báo cáo hoạt động CN CTCK nước ngoài tại VN (STT 127),Trong đó có kỳ hạn,Cơ sở,QLKD,,,,,"Pending - chưa thiết kế nguồn (gap Atomic REPORT_CELL_VALUE, xem O_QLKD_23)"
K_QLKD_3621,DATA EXPLORER,Nhóm 127 — Báo cáo hoạt động CN CTCK nước ngoài tại VN (STT 127),- Tiền gửi bù trừ và thanh toán giao dịch chứng khoán,Cơ sở,QLKD,,,,,"Pending - chưa thiết kế nguồn (gap Atomic REPORT_CELL_VALUE, xem O_QLKD_23)"
K_QLKD_3622,DATA EXPLORER,Nhóm 127 — Báo cáo hoạt động CN CTCK nước ngoài tại VN (STT 127),- Tiền gửi tổng hợp giao dịch chứng khoán cho khách hàng,Cơ sở,QLKD,,,,,"Pending - chưa thiết kế nguồn (gap Atomic REPORT_CELL_VALUE, xem O_QLKD_23)"
K_QLKD_3623,DATA EXPLORER,Nhóm 127 — Báo cáo hoạt động CN CTCK nước ngoài tại VN (STT 127),-Tiền gửi của tổ chức phát hành,Cơ sở,QLKD,,,,,"Pending - chưa thiết kế nguồn (gap Atomic REPORT_CELL_VALUE, xem O_QLKD_23)"
K_QLKD_3624,DATA EXPLORER,Nhóm 127 — Báo cáo hoạt động CN CTCK nước ngoài tại VN (STT 127),Trong đó có kỳ hạn,Cơ sở,QLKD,,,,,"Pending - chưa thiết kế nguồn (gap Atomic REPORT_CELL_VALUE, xem O_QLKD_23)"
K_QLKD_3625,DATA EXPLORER,Nhóm 127 — Báo cáo hoạt động CN CTCK nước ngoài tại VN (STT 127),Các khoản tương đương tiền,Cơ sở,QLKD,,,,,"Pending - chưa thiết kế nguồn (gap Atomic REPORT_CELL_VALUE, xem O_QLKD_23)"
K_QLKD_3626,DATA EXPLORER,Nhóm 127 — Báo cáo hoạt động CN CTCK nước ngoài tại VN (STT 127),Ảnh hưởng của thay đổi tỷ giá hối đoái quy đổi ngoại tệ,Cơ sở,QLKD,,,,,"Pending - chưa thiết kế nguồn (gap Atomic REPORT_CELL_VALUE, xem O_QLKD_23)"
K_QLKD_3627,DATA EXPLORER,Nhóm 127 — Báo cáo hoạt động CN CTCK nước ngoài tại VN (STT 127),III. Tiền và các khoản tương đương tiền cuối kỳ của khách hàng (40 = 20 + 30),Cơ sở,QLKD,,,,,"Pending - chưa thiết kế nguồn (gap Atomic REPORT_CELL_VALUE, xem O_QLKD_23)"
K_QLKD_3628,DATA EXPLORER,Nhóm 127 — Báo cáo hoạt động CN CTCK nước ngoài tại VN (STT 127),Tiền gửi ngân hàng cuối kỳ:,Cơ sở,QLKD,,,,,"Pending - chưa thiết kế nguồn (gap Atomic REPORT_CELL_VALUE, xem O_QLKD_23)"
K_QLKD_3629,DATA EXPLORER,Nhóm 127 — Báo cáo hoạt động CN CTCK nước ngoài tại VN (STT 127),-Tiền gửi của Nhà đầu tư về giao dịch chứng khoán theo phương thức CTCK quản lý,Cơ sở,QLKD,,,,,"Pending - chưa thiết kế nguồn (gap Atomic REPORT_CELL_VALUE, xem O_QLKD_23)"
K_QLKD_3630,DATA EXPLORER,Nhóm 127 — Báo cáo hoạt động CN CTCK nước ngoài tại VN (STT 127),Trong đó có kỳ hạn,Cơ sở,QLKD,,,,,"Pending - chưa thiết kế nguồn (gap Atomic REPORT_CELL_VALUE, xem O_QLKD_23)"
K_QLKD_3631,DATA EXPLORER,Nhóm 127 — Báo cáo hoạt động CN CTCK nước ngoài tại VN (STT 127),- Tiền gửi tổng hợp giao dịch chứng khoán cho khách hàng,Cơ sở,QLKD,,,,,"Pending - chưa thiết kế nguồn (gap Atomic REPORT_CELL_VALUE, xem O_QLKD_23)"
K_QLKD_3632,DATA EXPLORER,Nhóm 127 — Báo cáo hoạt động CN CTCK nước ngoài tại VN (STT 127),- Tiền gửi bù trừ và thanh toán giao dịch chứng khoán,Cơ sở,QLKD,,,,,"Pending - chưa thiết kế nguồn (gap Atomic REPORT_CELL_VALUE, xem O_QLKD_23)"
K_QLKD_3633,DATA EXPLORER,Nhóm 127 — Báo cáo hoạt động CN CTCK nước ngoài tại VN (STT 127),-Tiền gửi của tổ chức phát hành,Cơ sở,QLKD,,,,,"Pending - chưa thiết kế nguồn (gap Atomic REPORT_CELL_VALUE, xem O_QLKD_23)"
K_QLKD_3634,DATA EXPLORER,Nhóm 127 — Báo cáo hoạt động CN CTCK nước ngoài tại VN (STT 127),Trong đó có kỳ hạn,Cơ sở,QLKD,,,,,"Pending - chưa thiết kế nguồn (gap Atomic REPORT_CELL_VALUE, xem O_QLKD_23)"
K_QLKD_3635,DATA EXPLORER,Nhóm 127 — Báo cáo hoạt động CN CTCK nước ngoài tại VN (STT 127),Các khoản tương đương tiền,Cơ sở,QLKD,,,,,"Pending - chưa thiết kế nguồn (gap Atomic REPORT_CELL_VALUE, xem O_QLKD_23)"
K_QLKD_3636,DATA EXPLORER,Nhóm 127 — Báo cáo hoạt động CN CTCK nước ngoài tại VN (STT 127),Ảnh hưởng của thay đổi tỷ giá hối đoái quy đổi ngoại tệ,Cơ sở,QLKD,,,,,"Pending - chưa thiết kế nguồn (gap Atomic REPORT_CELL_VALUE, xem O_QLKD_23)"
K_QLKD_3637,DATA EXPLORER,Nhóm 128 — Báo cáo hoạt động CN CTCK nước ngoài tại VN (STT 128),Loại báo cáo,Chiều,QLKD,,,,,"Pending - chưa thiết kế nguồn (gap Atomic REPORT_CELL_VALUE, xem O_QLKD_23)"
K_QLKD_3638,DATA EXPLORER,Nhóm 128 — Báo cáo hoạt động CN CTCK nước ngoài tại VN (STT 128),Kỳ báo cáo,Chiều,QLKD,,,,,"Pending - chưa thiết kế nguồn (gap Atomic REPORT_CELL_VALUE, xem O_QLKD_23)"
K_QLKD_3639,DATA EXPLORER,Nhóm 128 — Báo cáo hoạt động CN CTCK nước ngoài tại VN (STT 128),Mã báo cáo,Chiều,QLKD,,,,,"Pending - chưa thiết kế nguồn (gap Atomic REPORT_CELL_VALUE, xem O_QLKD_23)"
K_QLKD_3640,DATA EXPLORER,Nhóm 128 — Báo cáo hoạt động CN CTCK nước ngoài tại VN (STT 128),Tên báo cáo,Chiều,QLKD,,,,,"Pending - chưa thiết kế nguồn (gap Atomic REPORT_CELL_VALUE, xem O_QLKD_23)"
K_QLKD_3641,DATA EXPLORER,Nhóm 128 — Báo cáo hoạt động CN CTCK nước ngoài tại VN (STT 128),Mã sheet,Chiều,QLKD,,,,,"Pending - chưa thiết kế nguồn (gap Atomic REPORT_CELL_VALUE, xem O_QLKD_23)"
K_QLKD_3642,DATA EXPLORER,Nhóm 128 — Báo cáo hoạt động CN CTCK nước ngoài tại VN (STT 128),Tên sheet,Chiều,QLKD,,,,,"Pending - chưa thiết kế nguồn (gap Atomic REPORT_CELL_VALUE, xem O_QLKD_23)"
K_QLKD_3643,DATA EXPLORER,Nhóm 128 — Báo cáo hoạt động CN CTCK nước ngoài tại VN (STT 128),Mã chỉ tiêu,Chiều,QLKD,,,,,"Pending - chưa thiết kế nguồn (gap Atomic REPORT_CELL_VALUE, xem O_QLKD_23)"
K_QLKD_3644,DATA EXPLORER,Nhóm 128 — Báo cáo hoạt động CN CTCK nước ngoài tại VN (STT 128),Tên chỉ tiêu,Chiều,QLKD,,,,,"Pending - chưa thiết kế nguồn (gap Atomic REPORT_CELL_VALUE, xem O_QLKD_23)"
K_QLKD_3645,DATA EXPLORER,Nhóm 128 — Báo cáo hoạt động CN CTCK nước ngoài tại VN (STT 128),I. Lưu chuyển tiền từ hoạt động kinh doanh,Cơ sở,QLKD,,,,,"Pending - chưa thiết kế nguồn (gap Atomic REPORT_CELL_VALUE, xem O_QLKD_23)"
K_QLKD_3646,DATA EXPLORER,Nhóm 128 — Báo cáo hoạt động CN CTCK nước ngoài tại VN (STT 128),1. Lợi nhuận trước Thuế Thu nhập doanh nghiệp,Cơ sở,QLKD,,,,,"Pending - chưa thiết kế nguồn (gap Atomic REPORT_CELL_VALUE, xem O_QLKD_23)"
K_QLKD_3647,DATA EXPLORER,Nhóm 128 — Báo cáo hoạt động CN CTCK nước ngoài tại VN (STT 128),2. Điều chỉnh cho các khoản:,Cơ sở,QLKD,,,,,"Pending - chưa thiết kế nguồn (gap Atomic REPORT_CELL_VALUE, xem O_QLKD_23)"
K_QLKD_3648,DATA EXPLORER,Nhóm 128 — Báo cáo hoạt động CN CTCK nước ngoài tại VN (STT 128),- Khấu hao TSCĐ,Cơ sở,QLKD,,,,,"Pending - chưa thiết kế nguồn (gap Atomic REPORT_CELL_VALUE, xem O_QLKD_23)"
K_QLKD_3649,DATA EXPLORER,Nhóm 128 — Báo cáo hoạt động CN CTCK nước ngoài tại VN (STT 128),- Các khoản dự phòng,Cơ sở,QLKD,,,,,"Pending - chưa thiết kế nguồn (gap Atomic REPORT_CELL_VALUE, xem O_QLKD_23)"
K_QLKD_3650,DATA EXPLORER,Nhóm 128 — Báo cáo hoạt động CN CTCK nước ngoài tại VN (STT 128),(- Lãi) hoặc (+ lỗ) chênh lệch tỷ giá hối đoái chưa thực hiện.,Cơ sở,QLKD,,,,,"Pending - chưa thiết kế nguồn (gap Atomic REPORT_CELL_VALUE, xem O_QLKD_23)"
K_QLKD_3651,DATA EXPLORER,Nhóm 128 — Báo cáo hoạt động CN CTCK nước ngoài tại VN (STT 128),- Chi phí lãi vay,Cơ sở,QLKD,,,,,"Pending - chưa thiết kế nguồn (gap Atomic REPORT_CELL_VALUE, xem O_QLKD_23)"
K_QLKD_3652,DATA EXPLORER,Nhóm 128 — Báo cáo hoạt động CN CTCK nước ngoài tại VN (STT 128),"- Lãi, lỗ từ hoạt động đầu tư",Cơ sở,QLKD,,,,,"Pending - chưa thiết kế nguồn (gap Atomic REPORT_CELL_VALUE, xem O_QLKD_23)"
K_QLKD_3653,DATA EXPLORER,Nhóm 128 — Báo cáo hoạt động CN CTCK nước ngoài tại VN (STT 128),- Dự thu tiền lãi,Cơ sở,QLKD,,,,,"Pending - chưa thiết kế nguồn (gap Atomic REPORT_CELL_VALUE, xem O_QLKD_23)"
K_QLKD_3654,DATA EXPLORER,Nhóm 128 — Báo cáo hoạt động CN CTCK nước ngoài tại VN (STT 128),- Các khoản điều chỉnh khác,Cơ sở,QLKD,,,,,"Pending - chưa thiết kế nguồn (gap Atomic REPORT_CELL_VALUE, xem O_QLKD_23)"
K_QLKD_3655,DATA EXPLORER,Nhóm 128 — Báo cáo hoạt động CN CTCK nước ngoài tại VN (STT 128),3. Tăng các chi phí phi tiền tệ,Cơ sở,QLKD,,,,,"Pending - chưa thiết kế nguồn (gap Atomic REPORT_CELL_VALUE, xem O_QLKD_23)"
K_QLKD_3656,DATA EXPLORER,Nhóm 128 — Báo cáo hoạt động CN CTCK nước ngoài tại VN (STT 128),- Lỗ đánh giá lại giá trị các tài sản tài chính ghi nhận thông qua lãi/lỗ FVTPL,Cơ sở,QLKD,,,,,"Pending - chưa thiết kế nguồn (gap Atomic REPORT_CELL_VALUE, xem O_QLKD_23)"
K_QLKD_3657,DATA EXPLORER,Nhóm 128 — Báo cáo hoạt động CN CTCK nước ngoài tại VN (STT 128),- Lỗ suy giảm giá trị Các khoản đầu tư nắm giữ đến ngày đáo hạn (HTM),Cơ sở,QLKD,,,,,"Pending - chưa thiết kế nguồn (gap Atomic REPORT_CELL_VALUE, xem O_QLKD_23)"
K_QLKD_3658,DATA EXPLORER,Nhóm 128 — Báo cáo hoạt động CN CTCK nước ngoài tại VN (STT 128),- Lỗ suy giảm giá trị Các khoản cho vay,Cơ sở,QLKD,,,,,"Pending - chưa thiết kế nguồn (gap Atomic REPORT_CELL_VALUE, xem O_QLKD_23)"
K_QLKD_3659,DATA EXPLORER,Nhóm 128 — Báo cáo hoạt động CN CTCK nước ngoài tại VN (STT 128),- Lỗ về ghi nhận chênh lệch đánh giá theo giá trị hợp lý TSTC sẵn sàng để bán AFS khi phân loại lại,Cơ sở,QLKD,,,,,"Pending - chưa thiết kế nguồn (gap Atomic REPORT_CELL_VALUE, xem O_QLKD_23)"
K_QLKD_3660,DATA EXPLORER,Nhóm 128 — Báo cáo hoạt động CN CTCK nước ngoài tại VN (STT 128),"- Suy giảm giá trị của các tài sản cố định, BĐSĐT",Cơ sở,QLKD,,,,,"Pending - chưa thiết kế nguồn (gap Atomic REPORT_CELL_VALUE, xem O_QLKD_23)"
K_QLKD_3661,DATA EXPLORER,Nhóm 128 — Báo cáo hoạt động CN CTCK nước ngoài tại VN (STT 128),- Chi phí dự phòng suy giảm giá trị các khoản đầu tư tài chính dài hạn,Cơ sở,QLKD,,,,,"Pending - chưa thiết kế nguồn (gap Atomic REPORT_CELL_VALUE, xem O_QLKD_23)"
K_QLKD_3662,DATA EXPLORER,Nhóm 128 — Báo cáo hoạt động CN CTCK nước ngoài tại VN (STT 128),-   Lỗ khác,Cơ sở,QLKD,,,,,"Pending - chưa thiết kế nguồn (gap Atomic REPORT_CELL_VALUE, xem O_QLKD_23)"
K_QLKD_3663,DATA EXPLORER,Nhóm 128 — Báo cáo hoạt động CN CTCK nước ngoài tại VN (STT 128),4. Giảm các doanh thu phi tiền tệ,Cơ sở,QLKD,,,,,"Pending - chưa thiết kế nguồn (gap Atomic REPORT_CELL_VALUE, xem O_QLKD_23)"
K_QLKD_3664,DATA EXPLORER,Nhóm 128 — Báo cáo hoạt động CN CTCK nước ngoài tại VN (STT 128),- Lãi đánh giá lại giá trị các tài sản tài chính ghi nhận thông qua lãi/lỗ FVTPL,Cơ sở,QLKD,,,,,"Pending - chưa thiết kế nguồn (gap Atomic REPORT_CELL_VALUE, xem O_QLKD_23)"
K_QLKD_3665,DATA EXPLORER,Nhóm 128 — Báo cáo hoạt động CN CTCK nước ngoài tại VN (STT 128),- Lãi về ghi nhận chênh lệch đánh giá theo giá trị hợp lý TSTC sẵn sàng để bán (AFS) khi phân loại lại,Cơ sở,QLKD,,,,,"Pending - chưa thiết kế nguồn (gap Atomic REPORT_CELL_VALUE, xem O_QLKD_23)"
K_QLKD_3666,DATA EXPLORER,Nhóm 128 — Báo cáo hoạt động CN CTCK nước ngoài tại VN (STT 128),- Lãi khác,Cơ sở,QLKD,,,,,"Pending - chưa thiết kế nguồn (gap Atomic REPORT_CELL_VALUE, xem O_QLKD_23)"
K_QLKD_3667,DATA EXPLORER,Nhóm 128 — Báo cáo hoạt động CN CTCK nước ngoài tại VN (STT 128),5. Lợi nhuận từ hoạt động kinh doanh trước thay đổi vốn lưu động,Cơ sở,QLKD,,,,,"Pending - chưa thiết kế nguồn (gap Atomic REPORT_CELL_VALUE, xem O_QLKD_23)"
K_QLKD_3668,DATA EXPLORER,Nhóm 128 — Báo cáo hoạt động CN CTCK nước ngoài tại VN (STT 128),- Tăng (giảm) tài sản tài chính ghi nhận thông qua lãi/lỗ FVTPL,Cơ sở,QLKD,,,,,"Pending - chưa thiết kế nguồn (gap Atomic REPORT_CELL_VALUE, xem O_QLKD_23)"
K_QLKD_3669,DATA EXPLORER,Nhóm 128 — Báo cáo hoạt động CN CTCK nước ngoài tại VN (STT 128),- Tăng (giảm) Các khoản đầu tư nắm giữ đến ngày đáo hạn (HTM),Cơ sở,QLKD,,,,,"Pending - chưa thiết kế nguồn (gap Atomic REPORT_CELL_VALUE, xem O_QLKD_23)"
K_QLKD_3670,DATA EXPLORER,Nhóm 128 — Báo cáo hoạt động CN CTCK nước ngoài tại VN (STT 128),- Tăng (giảm) Các khoản cho vay,Cơ sở,QLKD,,,,,"Pending - chưa thiết kế nguồn (gap Atomic REPORT_CELL_VALUE, xem O_QLKD_23)"
K_QLKD_3671,DATA EXPLORER,Nhóm 128 — Báo cáo hoạt động CN CTCK nước ngoài tại VN (STT 128),- Tăng (giảm) tài sản tài chính sẵn sàng để bán AFS,Cơ sở,QLKD,,,,,"Pending - chưa thiết kế nguồn (gap Atomic REPORT_CELL_VALUE, xem O_QLKD_23)"
K_QLKD_3672,DATA EXPLORER,Nhóm 128 — Báo cáo hoạt động CN CTCK nước ngoài tại VN (STT 128),"(-) Tăng, (+) giảm phải thu bán các tài sản tài chính",Cơ sở,QLKD,,,,,"Pending - chưa thiết kế nguồn (gap Atomic REPORT_CELL_VALUE, xem O_QLKD_23)"
K_QLKD_3673,DATA EXPLORER,Nhóm 128 — Báo cáo hoạt động CN CTCK nước ngoài tại VN (STT 128),"(-) Tăng, (+) giảm phải thu và dự thu cổ tức, tiền lãi các tài sản tài chính",Cơ sở,QLKD,,,,,"Pending - chưa thiết kế nguồn (gap Atomic REPORT_CELL_VALUE, xem O_QLKD_23)"
K_QLKD_3674,DATA EXPLORER,Nhóm 128 — Báo cáo hoạt động CN CTCK nước ngoài tại VN (STT 128),"(-) Tăng, (+) giảm các khoản phải thu các dịch vụ CTCK cung cấp",Cơ sở,QLKD,,,,,"Pending - chưa thiết kế nguồn (gap Atomic REPORT_CELL_VALUE, xem O_QLKD_23)"
K_QLKD_3675,DATA EXPLORER,Nhóm 128 — Báo cáo hoạt động CN CTCK nước ngoài tại VN (STT 128),"(-) Tăng, (+) giảm các khoản phải thu về lỗi giao dịch các TSTC",Cơ sở,QLKD,,,,,"Pending - chưa thiết kế nguồn (gap Atomic REPORT_CELL_VALUE, xem O_QLKD_23)"
K_QLKD_3676,DATA EXPLORER,Nhóm 128 — Báo cáo hoạt động CN CTCK nước ngoài tại VN (STT 128),"(-) Tăng, (+) giảm các khoản phải thu khác",Cơ sở,QLKD,,,,,"Pending - chưa thiết kế nguồn (gap Atomic REPORT_CELL_VALUE, xem O_QLKD_23)"
K_QLKD_3677,DATA EXPLORER,Nhóm 128 — Báo cáo hoạt động CN CTCK nước ngoài tại VN (STT 128),- Tăng (giảm) các tài sản khác,Cơ sở,QLKD,,,,,"Pending - chưa thiết kế nguồn (gap Atomic REPORT_CELL_VALUE, xem O_QLKD_23)"
K_QLKD_3678,DATA EXPLORER,Nhóm 128 — Báo cáo hoạt động CN CTCK nước ngoài tại VN (STT 128),- Tăng (giảm) chi phí phải trả (không bao gồm chi phí lãi vay),Cơ sở,QLKD,,,,,"Pending - chưa thiết kế nguồn (gap Atomic REPORT_CELL_VALUE, xem O_QLKD_23)"
K_QLKD_3679,DATA EXPLORER,Nhóm 128 — Báo cáo hoạt động CN CTCK nước ngoài tại VN (STT 128),- Tăng (giảm) chi phí trả trước,Cơ sở,QLKD,,,,,"Pending - chưa thiết kế nguồn (gap Atomic REPORT_CELL_VALUE, xem O_QLKD_23)"
K_QLKD_3680,DATA EXPLORER,Nhóm 128 — Báo cáo hoạt động CN CTCK nước ngoài tại VN (STT 128),(-) Thuế TNDN đã nộp,Cơ sở,QLKD,,,,,"Pending - chưa thiết kế nguồn (gap Atomic REPORT_CELL_VALUE, xem O_QLKD_23)"
K_QLKD_3681,DATA EXPLORER,Nhóm 128 — Báo cáo hoạt động CN CTCK nước ngoài tại VN (STT 128),(-) Lãi vay đã trả,Cơ sở,QLKD,,,,,"Pending - chưa thiết kế nguồn (gap Atomic REPORT_CELL_VALUE, xem O_QLKD_23)"
K_QLKD_3682,DATA EXPLORER,Nhóm 128 — Báo cáo hoạt động CN CTCK nước ngoài tại VN (STT 128),- Tăng (giảm) phải trả cho người bán,Cơ sở,QLKD,,,,,"Pending - chưa thiết kế nguồn (gap Atomic REPORT_CELL_VALUE, xem O_QLKD_23)"
K_QLKD_3683,DATA EXPLORER,Nhóm 128 — Báo cáo hoạt động CN CTCK nước ngoài tại VN (STT 128),- Tăng (giảm) các khoản trích nộp phúc lợi nhân viên,Cơ sở,QLKD,,,,,"Pending - chưa thiết kế nguồn (gap Atomic REPORT_CELL_VALUE, xem O_QLKD_23)"
K_QLKD_3684,DATA EXPLORER,Nhóm 128 — Báo cáo hoạt động CN CTCK nước ngoài tại VN (STT 128),- Tăng (giảm) thuế và các khoản phải nộp Nhà nước (Không bao gồm thuế TNDN đã nộp),Cơ sở,QLKD,,,,,"Pending - chưa thiết kế nguồn (gap Atomic REPORT_CELL_VALUE, xem O_QLKD_23)"
K_QLKD_3685,DATA EXPLORER,Nhóm 128 — Báo cáo hoạt động CN CTCK nước ngoài tại VN (STT 128),- Tăng (giảm) phải trả người lao động,Cơ sở,QLKD,,,,,"Pending - chưa thiết kế nguồn (gap Atomic REPORT_CELL_VALUE, xem O_QLKD_23)"
K_QLKD_3686,DATA EXPLORER,Nhóm 128 — Báo cáo hoạt động CN CTCK nước ngoài tại VN (STT 128),- Tăng (giảm) phải trả về lỗi giao dịch các TSTC,Cơ sở,QLKD,,,,,"Pending - chưa thiết kế nguồn (gap Atomic REPORT_CELL_VALUE, xem O_QLKD_23)"
K_QLKD_3687,DATA EXPLORER,Nhóm 128 — Báo cáo hoạt động CN CTCK nước ngoài tại VN (STT 128),"- Tăng (giảm) phải trả, phải nộp khác",Cơ sở,QLKD,,,,,"Pending - chưa thiết kế nguồn (gap Atomic REPORT_CELL_VALUE, xem O_QLKD_23)"
K_QLKD_3688,DATA EXPLORER,Nhóm 128 — Báo cáo hoạt động CN CTCK nước ngoài tại VN (STT 128),- Tiền thu khác từ hoạt động kinh doanh,Cơ sở,QLKD,,,,,"Pending - chưa thiết kế nguồn (gap Atomic REPORT_CELL_VALUE, xem O_QLKD_23)"
K_QLKD_3689,DATA EXPLORER,Nhóm 128 — Báo cáo hoạt động CN CTCK nước ngoài tại VN (STT 128),- Tiền chi khác cho hoạt động kinh doanh,Cơ sở,QLKD,,,,,"Pending - chưa thiết kế nguồn (gap Atomic REPORT_CELL_VALUE, xem O_QLKD_23)"
K_QLKD_3690,DATA EXPLORER,Nhóm 128 — Báo cáo hoạt động CN CTCK nước ngoài tại VN (STT 128),Lưu chuyển tiền thuần từ hoạt động kinh doanh,Cơ sở,QLKD,,,,,"Pending - chưa thiết kế nguồn (gap Atomic REPORT_CELL_VALUE, xem O_QLKD_23)"
K_QLKD_3691,DATA EXPLORER,Nhóm 128 — Báo cáo hoạt động CN CTCK nước ngoài tại VN (STT 128),II. Lưu chuyển tiền từ hoạt động đầu tư,Cơ sở,QLKD,,,,,"Pending - chưa thiết kế nguồn (gap Atomic REPORT_CELL_VALUE, xem O_QLKD_23)"
K_QLKD_3692,DATA EXPLORER,Nhóm 128 — Báo cáo hoạt động CN CTCK nước ngoài tại VN (STT 128),"1. Tiền chi để mua sắm, xây dựng TSCĐ, BĐSĐT và các tài sản khác",Cơ sở,QLKD,,,,,"Pending - chưa thiết kế nguồn (gap Atomic REPORT_CELL_VALUE, xem O_QLKD_23)"
K_QLKD_3693,DATA EXPLORER,Nhóm 128 — Báo cáo hoạt động CN CTCK nước ngoài tại VN (STT 128),"2. Tiền thu từ thanh lý, nhượng bán TSCĐ, BĐSĐT và các tài sản khác",Cơ sở,QLKD,,,,,"Pending - chưa thiết kế nguồn (gap Atomic REPORT_CELL_VALUE, xem O_QLKD_23)"
K_QLKD_3694,DATA EXPLORER,Nhóm 128 — Báo cáo hoạt động CN CTCK nước ngoài tại VN (STT 128),"3. Tiền chi đầu tư vốn vào công ty con, công ty liên doanh, liên kết và đầu tư khác",Cơ sở,QLKD,,,,,"Pending - chưa thiết kế nguồn (gap Atomic REPORT_CELL_VALUE, xem O_QLKD_23)"
K_QLKD_3695,DATA EXPLORER,Nhóm 128 — Báo cáo hoạt động CN CTCK nước ngoài tại VN (STT 128),"4. Tiền thu hồi các khoản đầu tư vào công ty con, công ty liên doanh, liên kết và đầu tư khác",Cơ sở,QLKD,,,,,"Pending - chưa thiết kế nguồn (gap Atomic REPORT_CELL_VALUE, xem O_QLKD_23)"
K_QLKD_3696,DATA EXPLORER,Nhóm 128 — Báo cáo hoạt động CN CTCK nước ngoài tại VN (STT 128),5. Tiền thu về cổ tức và lợi nhuận được chia từ các khoản đầu tư tài chính dài hạn,Cơ sở,QLKD,,,,,"Pending - chưa thiết kế nguồn (gap Atomic REPORT_CELL_VALUE, xem O_QLKD_23)"
K_QLKD_3697,DATA EXPLORER,Nhóm 128 — Báo cáo hoạt động CN CTCK nước ngoài tại VN (STT 128),Lưu chuyển tiền thuần từ hoạt động đầu tư,Cơ sở,QLKD,,,,,"Pending - chưa thiết kế nguồn (gap Atomic REPORT_CELL_VALUE, xem O_QLKD_23)"
K_QLKD_3698,DATA EXPLORER,Nhóm 128 — Báo cáo hoạt động CN CTCK nước ngoài tại VN (STT 128),III. Lưu chuyển tiền từ hoạt động tài chính,Cơ sở,QLKD,,,,,"Pending - chưa thiết kế nguồn (gap Atomic REPORT_CELL_VALUE, xem O_QLKD_23)"
K_QLKD_3699,DATA EXPLORER,Nhóm 128 — Báo cáo hoạt động CN CTCK nước ngoài tại VN (STT 128),"1.Tiền thu từ phát hành cổ phiếu, nhận vốn góp của chủ sở hữu",Cơ sở,QLKD,,,,,"Pending - chưa thiết kế nguồn (gap Atomic REPORT_CELL_VALUE, xem O_QLKD_23)"
K_QLKD_3700,DATA EXPLORER,Nhóm 128 — Báo cáo hoạt động CN CTCK nước ngoài tại VN (STT 128),"2. Tiền chi trả vốn góp cho chủ sở hữu, mua lại cổ phiếu phát hành",Cơ sở,QLKD,,,,,"Pending - chưa thiết kế nguồn (gap Atomic REPORT_CELL_VALUE, xem O_QLKD_23)"
K_QLKD_3701,DATA EXPLORER,Nhóm 128 — Báo cáo hoạt động CN CTCK nước ngoài tại VN (STT 128),3. Tiền vay gốc,Cơ sở,QLKD,,,,,"Pending - chưa thiết kế nguồn (gap Atomic REPORT_CELL_VALUE, xem O_QLKD_23)"
K_QLKD_3702,DATA EXPLORER,Nhóm 128 — Báo cáo hoạt động CN CTCK nước ngoài tại VN (STT 128),3.1. Tiền vay Quỹ Hỗ trợ thanh toán,Cơ sở,QLKD,,,,,"Pending - chưa thiết kế nguồn (gap Atomic REPORT_CELL_VALUE, xem O_QLKD_23)"
K_QLKD_3703,DATA EXPLORER,Nhóm 128 — Báo cáo hoạt động CN CTCK nước ngoài tại VN (STT 128),3.2. Tiền vay khác,Cơ sở,QLKD,,,,,"Pending - chưa thiết kế nguồn (gap Atomic REPORT_CELL_VALUE, xem O_QLKD_23)"
K_QLKD_3704,DATA EXPLORER,Nhóm 128 — Báo cáo hoạt động CN CTCK nước ngoài tại VN (STT 128),4. Tiền chi trả nợ gốc vay,Cơ sở,QLKD,,,,,"Pending - chưa thiết kế nguồn (gap Atomic REPORT_CELL_VALUE, xem O_QLKD_23)"
K_QLKD_3705,DATA EXPLORER,Nhóm 128 — Báo cáo hoạt động CN CTCK nước ngoài tại VN (STT 128),4.1. Tiền chi trả gốc vay Quỹ Hỗ trợ thanh toán,Cơ sở,QLKD,,,,,"Pending - chưa thiết kế nguồn (gap Atomic REPORT_CELL_VALUE, xem O_QLKD_23)"
K_QLKD_3706,DATA EXPLORER,Nhóm 128 — Báo cáo hoạt động CN CTCK nước ngoài tại VN (STT 128),4.2. Tiền chi trả nợ gốc vay tài sản tài chính,Cơ sở,QLKD,,,,,"Pending - chưa thiết kế nguồn (gap Atomic REPORT_CELL_VALUE, xem O_QLKD_23)"
K_QLKD_3707,DATA EXPLORER,Nhóm 128 — Báo cáo hoạt động CN CTCK nước ngoài tại VN (STT 128),4.3. Tiền chi trả gốc vay khác,Cơ sở,QLKD,,,,,"Pending - chưa thiết kế nguồn (gap Atomic REPORT_CELL_VALUE, xem O_QLKD_23)"
K_QLKD_3708,DATA EXPLORER,Nhóm 128 — Báo cáo hoạt động CN CTCK nước ngoài tại VN (STT 128),5. Tiền chi trả nợ gốc thuê tài chính,Cơ sở,QLKD,,,,,"Pending - chưa thiết kế nguồn (gap Atomic REPORT_CELL_VALUE, xem O_QLKD_23)"
K_QLKD_3709,DATA EXPLORER,Nhóm 128 — Báo cáo hoạt động CN CTCK nước ngoài tại VN (STT 128),"6. Cổ tức, lợi nhuận đã trả cho chủ sở hữu",Cơ sở,QLKD,,,,,"Pending - chưa thiết kế nguồn (gap Atomic REPORT_CELL_VALUE, xem O_QLKD_23)"
K_QLKD_3710,DATA EXPLORER,Nhóm 128 — Báo cáo hoạt động CN CTCK nước ngoài tại VN (STT 128),Lưu chuyển tiền thuần từ hoạt động tài chính,Cơ sở,QLKD,,,,,"Pending - chưa thiết kế nguồn (gap Atomic REPORT_CELL_VALUE, xem O_QLKD_23)"
K_QLKD_3711,DATA EXPLORER,Nhóm 128 — Báo cáo hoạt động CN CTCK nước ngoài tại VN (STT 128),IV. Tăng/giảm tiền thuần trong kỳ,Cơ sở,QLKD,,,,,"Pending - chưa thiết kế nguồn (gap Atomic REPORT_CELL_VALUE, xem O_QLKD_23)"
K_QLKD_3712,DATA EXPLORER,Nhóm 128 — Báo cáo hoạt động CN CTCK nước ngoài tại VN (STT 128),V. Tiền và các khoản tương đương tiền đầu kỳ,Cơ sở,QLKD,,,,,"Pending - chưa thiết kế nguồn (gap Atomic REPORT_CELL_VALUE, xem O_QLKD_23)"
K_QLKD_3713,DATA EXPLORER,Nhóm 128 — Báo cáo hoạt động CN CTCK nước ngoài tại VN (STT 128),- Tiền,Cơ sở,QLKD,,,,,"Pending - chưa thiết kế nguồn (gap Atomic REPORT_CELL_VALUE, xem O_QLKD_23)"
K_QLKD_3714,DATA EXPLORER,Nhóm 128 — Báo cáo hoạt động CN CTCK nước ngoài tại VN (STT 128),- Các khoản tương đương tiền,Cơ sở,QLKD,,,,,"Pending - chưa thiết kế nguồn (gap Atomic REPORT_CELL_VALUE, xem O_QLKD_23)"
K_QLKD_3715,DATA EXPLORER,Nhóm 128 — Báo cáo hoạt động CN CTCK nước ngoài tại VN (STT 128),- Ảnh hưởng của thay đổi tỷ giá hối đoái quy đổi ngoại tệ,Cơ sở,QLKD,,,,,"Pending - chưa thiết kế nguồn (gap Atomic REPORT_CELL_VALUE, xem O_QLKD_23)"
K_QLKD_3716,DATA EXPLORER,Nhóm 128 — Báo cáo hoạt động CN CTCK nước ngoài tại VN (STT 128),VI. Tiền và các khoản tương đương tiền cuối kỳ,Cơ sở,QLKD,,,,,"Pending - chưa thiết kế nguồn (gap Atomic REPORT_CELL_VALUE, xem O_QLKD_23)"
K_QLKD_3717,DATA EXPLORER,Nhóm 128 — Báo cáo hoạt động CN CTCK nước ngoài tại VN (STT 128),- Tiền,Cơ sở,QLKD,,,,,"Pending - chưa thiết kế nguồn (gap Atomic REPORT_CELL_VALUE, xem O_QLKD_23)"
K_QLKD_3718,DATA EXPLORER,Nhóm 128 — Báo cáo hoạt động CN CTCK nước ngoài tại VN (STT 128),- Các khoản tương đương tiền,Cơ sở,QLKD,,,,,"Pending - chưa thiết kế nguồn (gap Atomic REPORT_CELL_VALUE, xem O_QLKD_23)"
K_QLKD_3719,DATA EXPLORER,Nhóm 128 — Báo cáo hoạt động CN CTCK nước ngoài tại VN (STT 128),- Ảnh hưởng của thay đổi tỷ giá hối đoái quy đổi ngoại tệ,Cơ sở,QLKD,,,,,"Pending - chưa thiết kế nguồn (gap Atomic REPORT_CELL_VALUE, xem O_QLKD_23)"
K_QLKD_3720,DATA EXPLORER,Nhóm 129 — Báo cáo hoạt động CN CTCK nước ngoài tại VN (STT 129),Loại báo cáo,Chiều,QLKD,,,,,"Pending - chưa thiết kế nguồn (gap Atomic REPORT_CELL_VALUE, xem O_QLKD_23)"
K_QLKD_3721,DATA EXPLORER,Nhóm 129 — Báo cáo hoạt động CN CTCK nước ngoài tại VN (STT 129),Kỳ báo cáo,Chiều,QLKD,,,,,"Pending - chưa thiết kế nguồn (gap Atomic REPORT_CELL_VALUE, xem O_QLKD_23)"
K_QLKD_3722,DATA EXPLORER,Nhóm 129 — Báo cáo hoạt động CN CTCK nước ngoài tại VN (STT 129),Mã báo cáo,Chiều,QLKD,,,,,"Pending - chưa thiết kế nguồn (gap Atomic REPORT_CELL_VALUE, xem O_QLKD_23)"
K_QLKD_3723,DATA EXPLORER,Nhóm 129 — Báo cáo hoạt động CN CTCK nước ngoài tại VN (STT 129),Tên báo cáo,Chiều,QLKD,,,,,"Pending - chưa thiết kế nguồn (gap Atomic REPORT_CELL_VALUE, xem O_QLKD_23)"
K_QLKD_3724,DATA EXPLORER,Nhóm 129 — Báo cáo hoạt động CN CTCK nước ngoài tại VN (STT 129),Mã sheet,Chiều,QLKD,,,,,"Pending - chưa thiết kế nguồn (gap Atomic REPORT_CELL_VALUE, xem O_QLKD_23)"
K_QLKD_3725,DATA EXPLORER,Nhóm 129 — Báo cáo hoạt động CN CTCK nước ngoài tại VN (STT 129),Tên sheet,Chiều,QLKD,,,,,"Pending - chưa thiết kế nguồn (gap Atomic REPORT_CELL_VALUE, xem O_QLKD_23)"
K_QLKD_3726,DATA EXPLORER,Nhóm 129 — Báo cáo hoạt động CN CTCK nước ngoài tại VN (STT 129),Mã chỉ tiêu,Chiều,QLKD,,,,,"Pending - chưa thiết kế nguồn (gap Atomic REPORT_CELL_VALUE, xem O_QLKD_23)"
K_QLKD_3727,DATA EXPLORER,Nhóm 129 — Báo cáo hoạt động CN CTCK nước ngoài tại VN (STT 129),Tên chỉ tiêu,Chiều,QLKD,,,,,"Pending - chưa thiết kế nguồn (gap Atomic REPORT_CELL_VALUE, xem O_QLKD_23)"
K_QLKD_3728,DATA EXPLORER,Nhóm 129 — Báo cáo hoạt động CN CTCK nước ngoài tại VN (STT 129),"I, Lưu chuyển tiền hoạt động môi giới, ủy thác của khách hàng",Cơ sở,QLKD,,,,,"Pending - chưa thiết kế nguồn (gap Atomic REPORT_CELL_VALUE, xem O_QLKD_23)"
K_QLKD_3729,DATA EXPLORER,Nhóm 129 — Báo cáo hoạt động CN CTCK nước ngoài tại VN (STT 129),1. Tiền thu bán chứng khoán môi giới cho khách hàng,Cơ sở,QLKD,,,,,"Pending - chưa thiết kế nguồn (gap Atomic REPORT_CELL_VALUE, xem O_QLKD_23)"
K_QLKD_3730,DATA EXPLORER,Nhóm 129 — Báo cáo hoạt động CN CTCK nước ngoài tại VN (STT 129),2. Tiền chi mua chứng khoán môi giới cho khách hàng,Cơ sở,QLKD,,,,,"Pending - chưa thiết kế nguồn (gap Atomic REPORT_CELL_VALUE, xem O_QLKD_23)"
K_QLKD_3731,DATA EXPLORER,Nhóm 129 — Báo cáo hoạt động CN CTCK nước ngoài tại VN (STT 129),3. Tiền thu bán chứng khoán ủy thác của khách hàng,Cơ sở,QLKD,,,,,"Pending - chưa thiết kế nguồn (gap Atomic REPORT_CELL_VALUE, xem O_QLKD_23)"
K_QLKD_3732,DATA EXPLORER,Nhóm 129 — Báo cáo hoạt động CN CTCK nước ngoài tại VN (STT 129),4. Tiền chi bán chứng khoán ủy thác của khách hàng,Cơ sở,QLKD,,,,,"Pending - chưa thiết kế nguồn (gap Atomic REPORT_CELL_VALUE, xem O_QLKD_23)"
K_QLKD_3733,DATA EXPLORER,Nhóm 129 — Báo cáo hoạt động CN CTCK nước ngoài tại VN (STT 129),5. Thu vay Quỹ Hỗ trợ thanh toán,Cơ sở,QLKD,,,,,"Pending - chưa thiết kế nguồn (gap Atomic REPORT_CELL_VALUE, xem O_QLKD_23)"
K_QLKD_3734,DATA EXPLORER,Nhóm 129 — Báo cáo hoạt động CN CTCK nước ngoài tại VN (STT 129),6. Chi trả vay Quỹ Hỗ trợ thanh toán,Cơ sở,QLKD,,,,,"Pending - chưa thiết kế nguồn (gap Atomic REPORT_CELL_VALUE, xem O_QLKD_23)"
K_QLKD_3735,DATA EXPLORER,Nhóm 129 — Báo cáo hoạt động CN CTCK nước ngoài tại VN (STT 129),7. Nhận tiền gửi để thanh toán giao dịch chứng khoán của khách hàng,Cơ sở,QLKD,,,,,"Pending - chưa thiết kế nguồn (gap Atomic REPORT_CELL_VALUE, xem O_QLKD_23)"
K_QLKD_3736,DATA EXPLORER,Nhóm 129 — Báo cáo hoạt động CN CTCK nước ngoài tại VN (STT 129),7.1 Tiền gửi ký quỹ của nhà đầu tư tại VSD,Cơ sở,QLKD,,,,,"Pending - chưa thiết kế nguồn (gap Atomic REPORT_CELL_VALUE, xem O_QLKD_23)"
K_QLKD_3737,DATA EXPLORER,Nhóm 129 — Báo cáo hoạt động CN CTCK nước ngoài tại VN (STT 129),8. Chi trả thanh toán giao dịch chứng khoán của khách hàng,Cơ sở,QLKD,,,,,"Pending - chưa thiết kế nguồn (gap Atomic REPORT_CELL_VALUE, xem O_QLKD_23)"
K_QLKD_3738,DATA EXPLORER,Nhóm 129 — Báo cáo hoạt động CN CTCK nước ngoài tại VN (STT 129),9. Nhận tiền gửi của Nhà đầu tư cho hoạt động ủy thác đầu tư của khách hàng,Cơ sở,QLKD,,,,,"Pending - chưa thiết kế nguồn (gap Atomic REPORT_CELL_VALUE, xem O_QLKD_23)"
K_QLKD_3739,DATA EXPLORER,Nhóm 129 — Báo cáo hoạt động CN CTCK nước ngoài tại VN (STT 129),10. Chi trả cho hoạt động ủy thác đầu tư của khách hàng,Cơ sở,QLKD,,,,,"Pending - chưa thiết kế nguồn (gap Atomic REPORT_CELL_VALUE, xem O_QLKD_23)"
K_QLKD_3740,DATA EXPLORER,Nhóm 129 — Báo cáo hoạt động CN CTCK nước ngoài tại VN (STT 129),11. Chi trả phí lưu ký chứng khoán của khách hàng,Cơ sở,QLKD,,,,,"Pending - chưa thiết kế nguồn (gap Atomic REPORT_CELL_VALUE, xem O_QLKD_23)"
K_QLKD_3741,DATA EXPLORER,Nhóm 129 — Báo cáo hoạt động CN CTCK nước ngoài tại VN (STT 129),12. Thu lỗi giao dịch chứng khoán,Cơ sở,QLKD,,,,,"Pending - chưa thiết kế nguồn (gap Atomic REPORT_CELL_VALUE, xem O_QLKD_23)"
K_QLKD_3742,DATA EXPLORER,Nhóm 129 — Báo cáo hoạt động CN CTCK nước ngoài tại VN (STT 129),13.Chi lỗi giao dịch chứng khoán,Cơ sở,QLKD,,,,,"Pending - chưa thiết kế nguồn (gap Atomic REPORT_CELL_VALUE, xem O_QLKD_23)"
K_QLKD_3743,DATA EXPLORER,Nhóm 129 — Báo cáo hoạt động CN CTCK nước ngoài tại VN (STT 129),14. Tiền thu của Tổ chức phát hành chứng khoán,Cơ sở,QLKD,,,,,"Pending - chưa thiết kế nguồn (gap Atomic REPORT_CELL_VALUE, xem O_QLKD_23)"
K_QLKD_3744,DATA EXPLORER,Nhóm 129 — Báo cáo hoạt động CN CTCK nước ngoài tại VN (STT 129),15. Tiền chi trả Tổ chức phát hành chứng khoán,Cơ sở,QLKD,,,,,"Pending - chưa thiết kế nguồn (gap Atomic REPORT_CELL_VALUE, xem O_QLKD_23)"
K_QLKD_3745,DATA EXPLORER,Nhóm 129 — Báo cáo hoạt động CN CTCK nước ngoài tại VN (STT 129),Tăng/giảm tiền thuần trong kỳ,Cơ sở,QLKD,,,,,"Pending - chưa thiết kế nguồn (gap Atomic REPORT_CELL_VALUE, xem O_QLKD_23)"
K_QLKD_3746,DATA EXPLORER,Nhóm 129 — Báo cáo hoạt động CN CTCK nước ngoài tại VN (STT 129),"II, Tiền và các khoản tương đương tiền đầu kỳ của khách hàng",Cơ sở,QLKD,,,,,"Pending - chưa thiết kế nguồn (gap Atomic REPORT_CELL_VALUE, xem O_QLKD_23)"
K_QLKD_3747,DATA EXPLORER,Nhóm 129 — Báo cáo hoạt động CN CTCK nước ngoài tại VN (STT 129),Tiền gửi ngân hàng đầu kỳ:,Cơ sở,QLKD,,,,,"Pending - chưa thiết kế nguồn (gap Atomic REPORT_CELL_VALUE, xem O_QLKD_23)"
K_QLKD_3748,DATA EXPLORER,Nhóm 129 — Báo cáo hoạt động CN CTCK nước ngoài tại VN (STT 129),-Tiền gửi của Nhà đầu tư về giao dịch chứng khoán theo phương thức CTCK quản lý,Cơ sở,QLKD,,,,,"Pending - chưa thiết kế nguồn (gap Atomic REPORT_CELL_VALUE, xem O_QLKD_23)"
K_QLKD_3749,DATA EXPLORER,Nhóm 129 — Báo cáo hoạt động CN CTCK nước ngoài tại VN (STT 129),Trong đó có kỳ hạn,Cơ sở,QLKD,,,,,"Pending - chưa thiết kế nguồn (gap Atomic REPORT_CELL_VALUE, xem O_QLKD_23)"
K_QLKD_3750,DATA EXPLORER,Nhóm 129 — Báo cáo hoạt động CN CTCK nước ngoài tại VN (STT 129),- Tiền gửi tổng hợp giao dịch chứng khoán cho khách hàng,Cơ sở,QLKD,,,,,"Pending - chưa thiết kế nguồn (gap Atomic REPORT_CELL_VALUE, xem O_QLKD_23)"
K_QLKD_3751,DATA EXPLORER,Nhóm 129 — Báo cáo hoạt động CN CTCK nước ngoài tại VN (STT 129),- Tiền gửi bù trừ và thanh toán giao dịch chứng khoán,Cơ sở,QLKD,,,,,"Pending - chưa thiết kế nguồn (gap Atomic REPORT_CELL_VALUE, xem O_QLKD_23)"
K_QLKD_3752,DATA EXPLORER,Nhóm 129 — Báo cáo hoạt động CN CTCK nước ngoài tại VN (STT 129),-Tiền gửi của Tổ chức phát hành,Cơ sở,QLKD,,,,,"Pending - chưa thiết kế nguồn (gap Atomic REPORT_CELL_VALUE, xem O_QLKD_23)"
K_QLKD_3753,DATA EXPLORER,Nhóm 129 — Báo cáo hoạt động CN CTCK nước ngoài tại VN (STT 129),Trong đó có kỳ hạn,Cơ sở,QLKD,,,,,"Pending - chưa thiết kế nguồn (gap Atomic REPORT_CELL_VALUE, xem O_QLKD_23)"
K_QLKD_3754,DATA EXPLORER,Nhóm 129 — Báo cáo hoạt động CN CTCK nước ngoài tại VN (STT 129),Các khoản tương đương tiền,Cơ sở,QLKD,,,,,"Pending - chưa thiết kế nguồn (gap Atomic REPORT_CELL_VALUE, xem O_QLKD_23)"
K_QLKD_3755,DATA EXPLORER,Nhóm 129 — Báo cáo hoạt động CN CTCK nước ngoài tại VN (STT 129),Ảnh hưởng của thay đổi tỷ giá hối đoái quy đổi ngoại tệ,Cơ sở,QLKD,,,,,"Pending - chưa thiết kế nguồn (gap Atomic REPORT_CELL_VALUE, xem O_QLKD_23)"
K_QLKD_3756,DATA EXPLORER,Nhóm 129 — Báo cáo hoạt động CN CTCK nước ngoài tại VN (STT 129),"III, Tiền và các khoản tương đương tiền cuối kỳ của khách hàng",Cơ sở,QLKD,,,,,"Pending - chưa thiết kế nguồn (gap Atomic REPORT_CELL_VALUE, xem O_QLKD_23)"
K_QLKD_3757,DATA EXPLORER,Nhóm 129 — Báo cáo hoạt động CN CTCK nước ngoài tại VN (STT 129),Tiền gửi ngân hàng cuối kỳ:,Cơ sở,QLKD,,,,,"Pending - chưa thiết kế nguồn (gap Atomic REPORT_CELL_VALUE, xem O_QLKD_23)"
K_QLKD_3758,DATA EXPLORER,Nhóm 129 — Báo cáo hoạt động CN CTCK nước ngoài tại VN (STT 129),-Tiền gửi của Nhà đầu tư về giao dịch chứng khoán theo phương thức CTCK quản lý,Cơ sở,QLKD,,,,,"Pending - chưa thiết kế nguồn (gap Atomic REPORT_CELL_VALUE, xem O_QLKD_23)"
K_QLKD_3759,DATA EXPLORER,Nhóm 129 — Báo cáo hoạt động CN CTCK nước ngoài tại VN (STT 129),Trong đó có kỳ hạn,Cơ sở,QLKD,,,,,"Pending - chưa thiết kế nguồn (gap Atomic REPORT_CELL_VALUE, xem O_QLKD_23)"
K_QLKD_3760,DATA EXPLORER,Nhóm 129 — Báo cáo hoạt động CN CTCK nước ngoài tại VN (STT 129),- Tiền gửi tổng hợp giao dịch chứng khoán cho khách hàng,Cơ sở,QLKD,,,,,"Pending - chưa thiết kế nguồn (gap Atomic REPORT_CELL_VALUE, xem O_QLKD_23)"
K_QLKD_3761,DATA EXPLORER,Nhóm 129 — Báo cáo hoạt động CN CTCK nước ngoài tại VN (STT 129),- Tiền gửi bù trừ và thanh toán giao dịch chứng khoán,Cơ sở,QLKD,,,,,"Pending - chưa thiết kế nguồn (gap Atomic REPORT_CELL_VALUE, xem O_QLKD_23)"
K_QLKD_3762,DATA EXPLORER,Nhóm 129 — Báo cáo hoạt động CN CTCK nước ngoài tại VN (STT 129),- Tiền gửi của Tổ chức phát hành,Cơ sở,QLKD,,,,,"Pending - chưa thiết kế nguồn (gap Atomic REPORT_CELL_VALUE, xem O_QLKD_23)"
K_QLKD_3763,DATA EXPLORER,Nhóm 129 — Báo cáo hoạt động CN CTCK nước ngoài tại VN (STT 129),Trong đó có kỳ hạn,Cơ sở,QLKD,,,,,"Pending - chưa thiết kế nguồn (gap Atomic REPORT_CELL_VALUE, xem O_QLKD_23)"
K_QLKD_3764,DATA EXPLORER,Nhóm 129 — Báo cáo hoạt động CN CTCK nước ngoài tại VN (STT 129),Các khoản tương đương tiền,Cơ sở,QLKD,,,,,"Pending - chưa thiết kế nguồn (gap Atomic REPORT_CELL_VALUE, xem O_QLKD_23)"
K_QLKD_3765,DATA EXPLORER,Nhóm 129 — Báo cáo hoạt động CN CTCK nước ngoài tại VN (STT 129),- Ảnh hưởng của thay đổi tỷ giá hối đoái quy đổi ngoại tệ,Cơ sở,QLKD,,,,,"Pending - chưa thiết kế nguồn (gap Atomic REPORT_CELL_VALUE, xem O_QLKD_23)"
K_QLKD_3766,DATA EXPLORER,Nhóm 130 — Báo cáo hoạt động CN CTCK nước ngoài tại VN (STT 130),Loại báo cáo,Chiều,QLKD,,,,,"Pending - chưa thiết kế nguồn (gap Atomic REPORT_CELL_VALUE, xem O_QLKD_23)"
K_QLKD_3767,DATA EXPLORER,Nhóm 130 — Báo cáo hoạt động CN CTCK nước ngoài tại VN (STT 130),Kỳ báo cáo,Chiều,QLKD,,,,,"Pending - chưa thiết kế nguồn (gap Atomic REPORT_CELL_VALUE, xem O_QLKD_23)"
K_QLKD_3768,DATA EXPLORER,Nhóm 130 — Báo cáo hoạt động CN CTCK nước ngoài tại VN (STT 130),Mã báo cáo,Chiều,QLKD,,,,,"Pending - chưa thiết kế nguồn (gap Atomic REPORT_CELL_VALUE, xem O_QLKD_23)"
K_QLKD_3769,DATA EXPLORER,Nhóm 130 — Báo cáo hoạt động CN CTCK nước ngoài tại VN (STT 130),Tên báo cáo,Chiều,QLKD,,,,,"Pending - chưa thiết kế nguồn (gap Atomic REPORT_CELL_VALUE, xem O_QLKD_23)"
K_QLKD_3770,DATA EXPLORER,Nhóm 130 — Báo cáo hoạt động CN CTCK nước ngoài tại VN (STT 130),Mã sheet,Chiều,QLKD,,,,,"Pending - chưa thiết kế nguồn (gap Atomic REPORT_CELL_VALUE, xem O_QLKD_23)"
K_QLKD_3771,DATA EXPLORER,Nhóm 130 — Báo cáo hoạt động CN CTCK nước ngoài tại VN (STT 130),Tên sheet,Chiều,QLKD,,,,,"Pending - chưa thiết kế nguồn (gap Atomic REPORT_CELL_VALUE, xem O_QLKD_23)"
K_QLKD_3772,DATA EXPLORER,Nhóm 130 — Báo cáo hoạt động CN CTCK nước ngoài tại VN (STT 130),Mã chỉ tiêu,Chiều,QLKD,,,,,"Pending - chưa thiết kế nguồn (gap Atomic REPORT_CELL_VALUE, xem O_QLKD_23)"
K_QLKD_3773,DATA EXPLORER,Nhóm 130 — Báo cáo hoạt động CN CTCK nước ngoài tại VN (STT 130),Tên chỉ tiêu,Chiều,QLKD,,,,,"Pending - chưa thiết kế nguồn (gap Atomic REPORT_CELL_VALUE, xem O_QLKD_23)"
K_QLKD_3774,DATA EXPLORER,Nhóm 130 — Báo cáo hoạt động CN CTCK nước ngoài tại VN (STT 130),I. Biến động vốn chủ sở hữu,Cơ sở,QLKD,,,,,"Pending - chưa thiết kế nguồn (gap Atomic REPORT_CELL_VALUE, xem O_QLKD_23)"
K_QLKD_3775,DATA EXPLORER,Nhóm 130 — Báo cáo hoạt động CN CTCK nước ngoài tại VN (STT 130),1. Vốn đầu tư của chủ sở hữu,Cơ sở,QLKD,,,,,"Pending - chưa thiết kế nguồn (gap Atomic REPORT_CELL_VALUE, xem O_QLKD_23)"
K_QLKD_3776,DATA EXPLORER,Nhóm 130 — Báo cáo hoạt động CN CTCK nước ngoài tại VN (STT 130),1.1. Cổ phiếu phổ thông có quyền biểu quyết,Cơ sở,QLKD,,,,,"Pending - chưa thiết kế nguồn (gap Atomic REPORT_CELL_VALUE, xem O_QLKD_23)"
K_QLKD_3777,DATA EXPLORER,Nhóm 130 — Báo cáo hoạt động CN CTCK nước ngoài tại VN (STT 130),1.2. Cổ phiếu ưu đãi,Cơ sở,QLKD,,,,,"Pending - chưa thiết kế nguồn (gap Atomic REPORT_CELL_VALUE, xem O_QLKD_23)"
K_QLKD_3778,DATA EXPLORER,Nhóm 130 — Báo cáo hoạt động CN CTCK nước ngoài tại VN (STT 130),1.3. Thặng dư vốn cổ phần,Cơ sở,QLKD,,,,,"Pending - chưa thiết kế nguồn (gap Atomic REPORT_CELL_VALUE, xem O_QLKD_23)"
K_QLKD_3779,DATA EXPLORER,Nhóm 130 — Báo cáo hoạt động CN CTCK nước ngoài tại VN (STT 130),1.4.Quyền chọn chuyển đổi trái phiếu - Cấu phần vốn,Cơ sở,QLKD,,,,,"Pending - chưa thiết kế nguồn (gap Atomic REPORT_CELL_VALUE, xem O_QLKD_23)"
K_QLKD_3780,DATA EXPLORER,Nhóm 130 — Báo cáo hoạt động CN CTCK nước ngoài tại VN (STT 130),1.5. Vốn khác của chủ sở hữu,Cơ sở,QLKD,,,,,"Pending - chưa thiết kế nguồn (gap Atomic REPORT_CELL_VALUE, xem O_QLKD_23)"
K_QLKD_3781,DATA EXPLORER,Nhóm 130 — Báo cáo hoạt động CN CTCK nước ngoài tại VN (STT 130),2. Cổ phiếu quỹ (*),Cơ sở,QLKD,,,,,"Pending - chưa thiết kế nguồn (gap Atomic REPORT_CELL_VALUE, xem O_QLKD_23)"
K_QLKD_3782,DATA EXPLORER,Nhóm 130 — Báo cáo hoạt động CN CTCK nước ngoài tại VN (STT 130),3. Quỹ dự trữ bổ sung vốn điều lệ,Cơ sở,QLKD,,,,,"Pending - chưa thiết kế nguồn (gap Atomic REPORT_CELL_VALUE, xem O_QLKD_23)"
K_QLKD_3783,DATA EXPLORER,Nhóm 130 — Báo cáo hoạt động CN CTCK nước ngoài tại VN (STT 130),4. Quỹ dự phòng tài chính và rủi ro nghiệp vụ,Cơ sở,QLKD,,,,,"Pending - chưa thiết kế nguồn (gap Atomic REPORT_CELL_VALUE, xem O_QLKD_23)"
K_QLKD_3784,DATA EXPLORER,Nhóm 130 — Báo cáo hoạt động CN CTCK nước ngoài tại VN (STT 130),5. Chênh lệch đánh giá lại tài sản theo giá trị hợp lý,Cơ sở,QLKD,,,,,"Pending - chưa thiết kế nguồn (gap Atomic REPORT_CELL_VALUE, xem O_QLKD_23)"
K_QLKD_3785,DATA EXPLORER,Nhóm 130 — Báo cáo hoạt động CN CTCK nước ngoài tại VN (STT 130),6.Chênh lệch tỷ giá hối đoái,Cơ sở,QLKD,,,,,"Pending - chưa thiết kế nguồn (gap Atomic REPORT_CELL_VALUE, xem O_QLKD_23)"
K_QLKD_3786,DATA EXPLORER,Nhóm 130 — Báo cáo hoạt động CN CTCK nước ngoài tại VN (STT 130),7. Các Quỹ khác thuộc vốn chủ sở hữu,Cơ sở,QLKD,,,,,"Pending - chưa thiết kế nguồn (gap Atomic REPORT_CELL_VALUE, xem O_QLKD_23)"
K_QLKD_3787,DATA EXPLORER,Nhóm 130 — Báo cáo hoạt động CN CTCK nước ngoài tại VN (STT 130),8. Lợi nhuận chưa phân phối,Cơ sở,QLKD,,,,,"Pending - chưa thiết kế nguồn (gap Atomic REPORT_CELL_VALUE, xem O_QLKD_23)"
K_QLKD_3788,DATA EXPLORER,Nhóm 130 — Báo cáo hoạt động CN CTCK nước ngoài tại VN (STT 130),8.1. Lợi nhuận sau thuế đã thực hiện,Cơ sở,QLKD,,,,,"Pending - chưa thiết kế nguồn (gap Atomic REPORT_CELL_VALUE, xem O_QLKD_23)"
K_QLKD_3789,DATA EXPLORER,Nhóm 130 — Báo cáo hoạt động CN CTCK nước ngoài tại VN (STT 130),8.2. Lợi nhuận chưa thực hiện,Cơ sở,QLKD,,,,,"Pending - chưa thiết kế nguồn (gap Atomic REPORT_CELL_VALUE, xem O_QLKD_23)"
K_QLKD_3790,DATA EXPLORER,Nhóm 130 — Báo cáo hoạt động CN CTCK nước ngoài tại VN (STT 130),Tổng cộng,Cơ sở,QLKD,,,,,"Pending - chưa thiết kế nguồn (gap Atomic REPORT_CELL_VALUE, xem O_QLKD_23)"
K_QLKD_3791,DATA EXPLORER,Nhóm 130 — Báo cáo hoạt động CN CTCK nước ngoài tại VN (STT 130),II. Thu nhập toàn diện khác,Cơ sở,QLKD,,,,,"Pending - chưa thiết kế nguồn (gap Atomic REPORT_CELL_VALUE, xem O_QLKD_23)"
K_QLKD_3792,DATA EXPLORER,Nhóm 130 — Báo cáo hoạt động CN CTCK nước ngoài tại VN (STT 130),1. Lãi/lỗ từ đánh giá lại các TSTC sẵn sàng để bán,Cơ sở,QLKD,,,,,"Pending - chưa thiết kế nguồn (gap Atomic REPORT_CELL_VALUE, xem O_QLKD_23)"
K_QLKD_3793,DATA EXPLORER,Nhóm 130 — Báo cáo hoạt động CN CTCK nước ngoài tại VN (STT 130),"2. Lãi, lỗ đánh giá lại TĐ theo mô hình giá trị hợp lý",Cơ sở,QLKD,,,,,"Pending - chưa thiết kế nguồn (gap Atomic REPORT_CELL_VALUE, xem O_QLKD_23)"
K_QLKD_3794,DATA EXPLORER,Nhóm 130 — Báo cáo hoạt động CN CTCK nước ngoài tại VN (STT 130),"3. Lãi, lỗ chênh lệch tỷ giá của hoạt động tại nước ngoài",Cơ sở,QLKD,,,,,"Pending - chưa thiết kế nguồn (gap Atomic REPORT_CELL_VALUE, xem O_QLKD_23)"
K_QLKD_3795,DATA EXPLORER,Nhóm 130 — Báo cáo hoạt động CN CTCK nước ngoài tại VN (STT 130),"4. Lãi, lỗ toàn diện khác",Cơ sở,QLKD,,,,,"Pending - chưa thiết kế nguồn (gap Atomic REPORT_CELL_VALUE, xem O_QLKD_23)"
K_QLKD_3796,DATA EXPLORER,Nhóm 130 — Báo cáo hoạt động CN CTCK nước ngoài tại VN (STT 130),Tổng cộng,Cơ sở,QLKD,,,,,"Pending - chưa thiết kế nguồn (gap Atomic REPORT_CELL_VALUE, xem O_QLKD_23)"
K_QLKD_3797,DATA EXPLORER,Nhóm 131 — Báo cáo TLATTC CN CTCK nước ngoài tại VN (STT 131),Loại báo cáo,Chiều,QLKD,,,,,"Pending - chưa thiết kế nguồn (gap Atomic REPORT_CELL_VALUE, xem O_QLKD_23)"
K_QLKD_3798,DATA EXPLORER,Nhóm 131 — Báo cáo TLATTC CN CTCK nước ngoài tại VN (STT 131),Kỳ báo cáo,Chiều,QLKD,,,,,"Pending - chưa thiết kế nguồn (gap Atomic REPORT_CELL_VALUE, xem O_QLKD_23)"
K_QLKD_3799,DATA EXPLORER,Nhóm 131 — Báo cáo TLATTC CN CTCK nước ngoài tại VN (STT 131),Mã báo cáo,Chiều,QLKD,,,,,"Pending - chưa thiết kế nguồn (gap Atomic REPORT_CELL_VALUE, xem O_QLKD_23)"
K_QLKD_3800,DATA EXPLORER,Nhóm 131 — Báo cáo TLATTC CN CTCK nước ngoài tại VN (STT 131),Tên báo cáo,Chiều,QLKD,,,,,"Pending - chưa thiết kế nguồn (gap Atomic REPORT_CELL_VALUE, xem O_QLKD_23)"
K_QLKD_3801,DATA EXPLORER,Nhóm 131 — Báo cáo TLATTC CN CTCK nước ngoài tại VN (STT 131),Mã sheet,Chiều,QLKD,,,,,"Pending - chưa thiết kế nguồn (gap Atomic REPORT_CELL_VALUE, xem O_QLKD_23)"
K_QLKD_3802,DATA EXPLORER,Nhóm 131 — Báo cáo TLATTC CN CTCK nước ngoài tại VN (STT 131),Tên sheet,Chiều,QLKD,,,,,"Pending - chưa thiết kế nguồn (gap Atomic REPORT_CELL_VALUE, xem O_QLKD_23)"
K_QLKD_3803,DATA EXPLORER,Nhóm 131 — Báo cáo TLATTC CN CTCK nước ngoài tại VN (STT 131),Mã chỉ tiêu,Chiều,QLKD,,,,,"Pending - chưa thiết kế nguồn (gap Atomic REPORT_CELL_VALUE, xem O_QLKD_23)"
K_QLKD_3804,DATA EXPLORER,Nhóm 131 — Báo cáo TLATTC CN CTCK nước ngoài tại VN (STT 131),Tên chỉ tiêu,Chiều,QLKD,,,,,"Pending - chưa thiết kế nguồn (gap Atomic REPORT_CELL_VALUE, xem O_QLKD_23)"
K_QLKD_3805,DATA EXPLORER,Nhóm 131 — Báo cáo TLATTC CN CTCK nước ngoài tại VN (STT 131),Vốn chủ sở hữu,Cơ sở,QLKD,,,,,"Pending - chưa thiết kế nguồn (gap Atomic REPORT_CELL_VALUE, xem O_QLKD_23)"
K_QLKD_3806,DATA EXPLORER,Nhóm 131 — Báo cáo TLATTC CN CTCK nước ngoài tại VN (STT 131),Vốn góp của chủ sở hữu không bao gồm cổ phần ưu đãi hoàn lại (nếu có),Cơ sở,QLKD,,,,,"Pending - chưa thiết kế nguồn (gap Atomic REPORT_CELL_VALUE, xem O_QLKD_23)"
K_QLKD_3807,DATA EXPLORER,Nhóm 131 — Báo cáo TLATTC CN CTCK nước ngoài tại VN (STT 131),Thặng dư vốn cổ phần không bao gồm cổ phần ưu đãi hoàn lại (nếu có),Cơ sở,QLKD,,,,,"Pending - chưa thiết kế nguồn (gap Atomic REPORT_CELL_VALUE, xem O_QLKD_23)"
K_QLKD_3808,DATA EXPLORER,Nhóm 131 — Báo cáo TLATTC CN CTCK nước ngoài tại VN (STT 131),Cổ phiếu quỹ,Cơ sở,QLKD,,,,,"Pending - chưa thiết kế nguồn (gap Atomic REPORT_CELL_VALUE, xem O_QLKD_23)"
K_QLKD_3809,DATA EXPLORER,Nhóm 131 — Báo cáo TLATTC CN CTCK nước ngoài tại VN (STT 131),Quyền chọn chuyển đổi trái phiếu – Cấu phần vốn,Cơ sở,QLKD,,,,,"Pending - chưa thiết kế nguồn (gap Atomic REPORT_CELL_VALUE, xem O_QLKD_23)"
K_QLKD_3810,DATA EXPLORER,Nhóm 131 — Báo cáo TLATTC CN CTCK nước ngoài tại VN (STT 131),Vốn khác của chủ sở hữu,Cơ sở,QLKD,,,,,"Pending - chưa thiết kế nguồn (gap Atomic REPORT_CELL_VALUE, xem O_QLKD_23)"
K_QLKD_3811,DATA EXPLORER,Nhóm 131 — Báo cáo TLATTC CN CTCK nước ngoài tại VN (STT 131),Chênh lệch đánh giá tài sản theo giá trị hợp lý,Cơ sở,QLKD,,,,,"Pending - chưa thiết kế nguồn (gap Atomic REPORT_CELL_VALUE, xem O_QLKD_23)"
K_QLKD_3812,DATA EXPLORER,Nhóm 131 — Báo cáo TLATTC CN CTCK nước ngoài tại VN (STT 131),Quỹ dự trữ bổ sung vốn điều lệ,Cơ sở,QLKD,,,,,"Pending - chưa thiết kế nguồn (gap Atomic REPORT_CELL_VALUE, xem O_QLKD_23)"
K_QLKD_3813,DATA EXPLORER,Nhóm 131 — Báo cáo TLATTC CN CTCK nước ngoài tại VN (STT 131),Quỹ dự phòng tài chính và rủi ro nghiệp vụ,Cơ sở,QLKD,,,,,"Pending - chưa thiết kế nguồn (gap Atomic REPORT_CELL_VALUE, xem O_QLKD_23)"
K_QLKD_3814,DATA EXPLORER,Nhóm 131 — Báo cáo TLATTC CN CTCK nước ngoài tại VN (STT 131),Quỹ khác thuộc vốn chủ sở hữu,Cơ sở,QLKD,,,,,"Pending - chưa thiết kế nguồn (gap Atomic REPORT_CELL_VALUE, xem O_QLKD_23)"
K_QLKD_3815,DATA EXPLORER,Nhóm 131 — Báo cáo TLATTC CN CTCK nước ngoài tại VN (STT 131),Lợi nhuận chưa phân phối,Cơ sở,QLKD,,,,,"Pending - chưa thiết kế nguồn (gap Atomic REPORT_CELL_VALUE, xem O_QLKD_23)"
K_QLKD_3816,DATA EXPLORER,Nhóm 131 — Báo cáo TLATTC CN CTCK nước ngoài tại VN (STT 131),Số dư dự phòng suy giảm giá trị tài sản,Cơ sở,QLKD,,,,,"Pending - chưa thiết kế nguồn (gap Atomic REPORT_CELL_VALUE, xem O_QLKD_23)"
K_QLKD_3817,DATA EXPLORER,Nhóm 131 — Báo cáo TLATTC CN CTCK nước ngoài tại VN (STT 131),Chênh lệch đánh giá lại tài sản cố định,Cơ sở,QLKD,,,,,"Pending - chưa thiết kế nguồn (gap Atomic REPORT_CELL_VALUE, xem O_QLKD_23)"
K_QLKD_3818,DATA EXPLORER,Nhóm 131 — Báo cáo TLATTC CN CTCK nước ngoài tại VN (STT 131),Chênh lệch tỷ giá hối đoái,Cơ sở,QLKD,,,,,"Pending - chưa thiết kế nguồn (gap Atomic REPORT_CELL_VALUE, xem O_QLKD_23)"
K_QLKD_3819,DATA EXPLORER,Nhóm 131 — Báo cáo TLATTC CN CTCK nước ngoài tại VN (STT 131),Các khoản nợ có thể chuyển đổi,Cơ sở,QLKD,,,,,"Pending - chưa thiết kế nguồn (gap Atomic REPORT_CELL_VALUE, xem O_QLKD_23)"
K_QLKD_3820,DATA EXPLORER,Nhóm 131 — Báo cáo TLATTC CN CTCK nước ngoài tại VN (STT 131),Toàn bộ phần giảm đi hoặc tăng thêm của các chứng khoán tại chỉ tiêu đầu tư tài chính,Cơ sở,QLKD,,,,,"Pending - chưa thiết kế nguồn (gap Atomic REPORT_CELL_VALUE, xem O_QLKD_23)"
K_QLKD_3821,DATA EXPLORER,Nhóm 131 — Báo cáo TLATTC CN CTCK nước ngoài tại VN (STT 131),Vốn khác (nếu có),Cơ sở,QLKD,,,,,"Pending - chưa thiết kế nguồn (gap Atomic REPORT_CELL_VALUE, xem O_QLKD_23)"
K_QLKD_3822,DATA EXPLORER,Nhóm 131 — Báo cáo TLATTC CN CTCK nước ngoài tại VN (STT 131),Tổng,Cơ sở,QLKD,,,,,"Pending - chưa thiết kế nguồn (gap Atomic REPORT_CELL_VALUE, xem O_QLKD_23)"
K_QLKD_3823,DATA EXPLORER,Nhóm 131 — Báo cáo TLATTC CN CTCK nước ngoài tại VN (STT 131),Tài sản ngắn hạn,Cơ sở,QLKD,,,,,"Pending - chưa thiết kế nguồn (gap Atomic REPORT_CELL_VALUE, xem O_QLKD_23)"
K_QLKD_3824,DATA EXPLORER,Nhóm 131 — Báo cáo TLATTC CN CTCK nước ngoài tại VN (STT 131),Tài sản tài chính,Cơ sở,QLKD,,,,,"Pending - chưa thiết kế nguồn (gap Atomic REPORT_CELL_VALUE, xem O_QLKD_23)"
K_QLKD_3825,DATA EXPLORER,Nhóm 131 — Báo cáo TLATTC CN CTCK nước ngoài tại VN (STT 131),Tiền và các khoản tương đương tiền,Cơ sở,QLKD,,,,,"Pending - chưa thiết kế nguồn (gap Atomic REPORT_CELL_VALUE, xem O_QLKD_23)"
K_QLKD_3826,DATA EXPLORER,Nhóm 131 — Báo cáo TLATTC CN CTCK nước ngoài tại VN (STT 131),Các tài sản tài chính ghi nhận thông qua lãi/lỗ (FVTPL),Cơ sở,QLKD,,,,,"Pending - chưa thiết kế nguồn (gap Atomic REPORT_CELL_VALUE, xem O_QLKD_23)"
K_QLKD_3827,DATA EXPLORER,Nhóm 131 — Báo cáo TLATTC CN CTCK nước ngoài tại VN (STT 131),- Chứng khoán tiềm ẩn rủi ro thị trường,Cơ sở,QLKD,,,,,"Pending - chưa thiết kế nguồn (gap Atomic REPORT_CELL_VALUE, xem O_QLKD_23)"
K_QLKD_3828,DATA EXPLORER,Nhóm 131 — Báo cáo TLATTC CN CTCK nước ngoài tại VN (STT 131),- Chứng khoán bị giảm trừ khỏi vốn khả dụng,Cơ sở,QLKD,,,,,"Pending - chưa thiết kế nguồn (gap Atomic REPORT_CELL_VALUE, xem O_QLKD_23)"
K_QLKD_3829,DATA EXPLORER,Nhóm 131 — Báo cáo TLATTC CN CTCK nước ngoài tại VN (STT 131),Các khoản đầu tư nắm giữ đến ngày đáo hạn (HTM),Cơ sở,QLKD,,,,,"Pending - chưa thiết kế nguồn (gap Atomic REPORT_CELL_VALUE, xem O_QLKD_23)"
K_QLKD_3830,DATA EXPLORER,Nhóm 131 — Báo cáo TLATTC CN CTCK nước ngoài tại VN (STT 131),- Chứng khoán tiềm ẩn rủi ro thị trường,Cơ sở,QLKD,,,,,"Pending - chưa thiết kế nguồn (gap Atomic REPORT_CELL_VALUE, xem O_QLKD_23)"
K_QLKD_3831,DATA EXPLORER,Nhóm 131 — Báo cáo TLATTC CN CTCK nước ngoài tại VN (STT 131),- Chứng khoán bị giảm trừ khỏi vốn khả dụng,Cơ sở,QLKD,,,,,"Pending - chưa thiết kế nguồn (gap Atomic REPORT_CELL_VALUE, xem O_QLKD_23)"
K_QLKD_3832,DATA EXPLORER,Nhóm 131 — Báo cáo TLATTC CN CTCK nước ngoài tại VN (STT 131),Các khoản cho vay,Cơ sở,QLKD,,,,,"Pending - chưa thiết kế nguồn (gap Atomic REPORT_CELL_VALUE, xem O_QLKD_23)"
K_QLKD_3833,DATA EXPLORER,Nhóm 131 — Báo cáo TLATTC CN CTCK nước ngoài tại VN (STT 131),Tài sản tài chính sẵn sàng để bán (AFS),Cơ sở,QLKD,,,,,"Pending - chưa thiết kế nguồn (gap Atomic REPORT_CELL_VALUE, xem O_QLKD_23)"
K_QLKD_3834,DATA EXPLORER,Nhóm 131 — Báo cáo TLATTC CN CTCK nước ngoài tại VN (STT 131),- Chứng khoán tiềm ẩn rủi ro thị trường,Cơ sở,QLKD,,,,,"Pending - chưa thiết kế nguồn (gap Atomic REPORT_CELL_VALUE, xem O_QLKD_23)"
K_QLKD_3835,DATA EXPLORER,Nhóm 131 — Báo cáo TLATTC CN CTCK nước ngoài tại VN (STT 131),- Chứng khoán bị giảm trừ khỏi vốn khả dụng,Cơ sở,QLKD,,,,,"Pending - chưa thiết kế nguồn (gap Atomic REPORT_CELL_VALUE, xem O_QLKD_23)"
K_QLKD_3836,DATA EXPLORER,Nhóm 131 — Báo cáo TLATTC CN CTCK nước ngoài tại VN (STT 131),Dự phòng suy giảm giá trị các tài sản tài chính và tài sản thế chấp,Cơ sở,QLKD,,,,,"Pending - chưa thiết kế nguồn (gap Atomic REPORT_CELL_VALUE, xem O_QLKD_23)"
K_QLKD_3837,DATA EXPLORER,Nhóm 131 — Báo cáo TLATTC CN CTCK nước ngoài tại VN (STT 131),"Các khoản phải thu (Phải thu bán các tài sản tài chính; Phải thu và dự thu cổ tức, tiền lãi từ các tài sản tài chính)",Cơ sở,QLKD,,,,,"Pending - chưa thiết kế nguồn (gap Atomic REPORT_CELL_VALUE, xem O_QLKD_23)"
K_QLKD_3838,DATA EXPLORER,Nhóm 131 — Báo cáo TLATTC CN CTCK nước ngoài tại VN (STT 131),- Các khoản phải thu có thời hạn thanh toán còn lại từ 90 ngày trở xuống,Cơ sở,QLKD,,,,,"Pending - chưa thiết kế nguồn (gap Atomic REPORT_CELL_VALUE, xem O_QLKD_23)"
K_QLKD_3839,DATA EXPLORER,Nhóm 131 — Báo cáo TLATTC CN CTCK nước ngoài tại VN (STT 131),- Các khoản phải thu có thời hạn thanh toán còn lại trên 90 ngày,Cơ sở,QLKD,,,,,"Pending - chưa thiết kế nguồn (gap Atomic REPORT_CELL_VALUE, xem O_QLKD_23)"
K_QLKD_3840,DATA EXPLORER,Nhóm 131 — Báo cáo TLATTC CN CTCK nước ngoài tại VN (STT 131),- Phải thu còn hạn nhưng đối tác mất khả năng thanh toán,Cơ sở,QLKD,,,,,"Pending - chưa thiết kế nguồn (gap Atomic REPORT_CELL_VALUE, xem O_QLKD_23)"
K_QLKD_3841,DATA EXPLORER,Nhóm 131 — Báo cáo TLATTC CN CTCK nước ngoài tại VN (STT 131),Chứng quyền có bảo đảm chưa phát hành hết,Cơ sở,QLKD,,,,,"Pending - chưa thiết kế nguồn (gap Atomic REPORT_CELL_VALUE, xem O_QLKD_23)"
K_QLKD_3842,DATA EXPLORER,Nhóm 131 — Báo cáo TLATTC CN CTCK nước ngoài tại VN (STT 131),Chứng khoán cơ sở phục vụ mục đích phòng ngừa rủi ro khi phát hành chứng quyền có bảo đảm,Cơ sở,QLKD,,,,,"Pending - chưa thiết kế nguồn (gap Atomic REPORT_CELL_VALUE, xem O_QLKD_23)"
K_QLKD_3843,DATA EXPLORER,Nhóm 131 — Báo cáo TLATTC CN CTCK nước ngoài tại VN (STT 131),Phải thu các dịch vụ công ty chứng khoán cung cấp,Cơ sở,QLKD,,,,,"Pending - chưa thiết kế nguồn (gap Atomic REPORT_CELL_VALUE, xem O_QLKD_23)"
K_QLKD_3844,DATA EXPLORER,Nhóm 131 — Báo cáo TLATTC CN CTCK nước ngoài tại VN (STT 131),- Các khoản phải thu có thời hạn thanh toán còn lại từ 90 ngày trở xuống,Cơ sở,QLKD,,,,,"Pending - chưa thiết kế nguồn (gap Atomic REPORT_CELL_VALUE, xem O_QLKD_23)"
K_QLKD_3845,DATA EXPLORER,Nhóm 131 — Báo cáo TLATTC CN CTCK nước ngoài tại VN (STT 131),- Các khoản phải thu có thời hạn thanh toán còn lại trên 90 ngày,Cơ sở,QLKD,,,,,"Pending - chưa thiết kế nguồn (gap Atomic REPORT_CELL_VALUE, xem O_QLKD_23)"
K_QLKD_3846,DATA EXPLORER,Nhóm 131 — Báo cáo TLATTC CN CTCK nước ngoài tại VN (STT 131),- Phải thu còn hạn nhưng đối tác mất khả năng thanh toán,Cơ sở,QLKD,,,,,"Pending - chưa thiết kế nguồn (gap Atomic REPORT_CELL_VALUE, xem O_QLKD_23)"
K_QLKD_3847,DATA EXPLORER,Nhóm 131 — Báo cáo TLATTC CN CTCK nước ngoài tại VN (STT 131),Phải thu nội bộ,Cơ sở,QLKD,,,,,"Pending - chưa thiết kế nguồn (gap Atomic REPORT_CELL_VALUE, xem O_QLKD_23)"
K_QLKD_3848,DATA EXPLORER,Nhóm 131 — Báo cáo TLATTC CN CTCK nước ngoài tại VN (STT 131),- Phải thu nội bộ có thời hạn thanh toán còn lại từ 90 ngày trở xuống,Cơ sở,QLKD,,,,,"Pending - chưa thiết kế nguồn (gap Atomic REPORT_CELL_VALUE, xem O_QLKD_23)"
K_QLKD_3849,DATA EXPLORER,Nhóm 131 — Báo cáo TLATTC CN CTCK nước ngoài tại VN (STT 131),- Phải thu nội bộ có thời hạn thanh toán còn lại trên 90 ngày,Cơ sở,QLKD,,,,,"Pending - chưa thiết kế nguồn (gap Atomic REPORT_CELL_VALUE, xem O_QLKD_23)"
K_QLKD_3850,DATA EXPLORER,Nhóm 131 — Báo cáo TLATTC CN CTCK nước ngoài tại VN (STT 131),- Phải thu còn hạn nhưng đối tác mất khả năng thanh toán,Cơ sở,QLKD,,,,,"Pending - chưa thiết kế nguồn (gap Atomic REPORT_CELL_VALUE, xem O_QLKD_23)"
K_QLKD_3851,DATA EXPLORER,Nhóm 131 — Báo cáo TLATTC CN CTCK nước ngoài tại VN (STT 131),Phải thu về lỗi giao dịch chứng khoán,Cơ sở,QLKD,,,,,"Pending - chưa thiết kế nguồn (gap Atomic REPORT_CELL_VALUE, xem O_QLKD_23)"
K_QLKD_3852,DATA EXPLORER,Nhóm 131 — Báo cáo TLATTC CN CTCK nước ngoài tại VN (STT 131),- Các khoản phải thu có thời hạn thanh toán còn lại từ 90 ngày trở xuống,Cơ sở,QLKD,,,,,"Pending - chưa thiết kế nguồn (gap Atomic REPORT_CELL_VALUE, xem O_QLKD_23)"
K_QLKD_3853,DATA EXPLORER,Nhóm 131 — Báo cáo TLATTC CN CTCK nước ngoài tại VN (STT 131),- Các khoản phải thu có thời hạn thanh toán còn lại trên 90 ngày,Cơ sở,QLKD,,,,,"Pending - chưa thiết kế nguồn (gap Atomic REPORT_CELL_VALUE, xem O_QLKD_23)"
K_QLKD_3854,DATA EXPLORER,Nhóm 131 — Báo cáo TLATTC CN CTCK nước ngoài tại VN (STT 131),- Phải thu còn hạn nhưng đối tác mất khả năng thanh toán,Cơ sở,QLKD,,,,,"Pending - chưa thiết kế nguồn (gap Atomic REPORT_CELL_VALUE, xem O_QLKD_23)"
K_QLKD_3855,DATA EXPLORER,Nhóm 131 — Báo cáo TLATTC CN CTCK nước ngoài tại VN (STT 131),Các khoản phải thu khác,Cơ sở,QLKD,,,,,"Pending - chưa thiết kế nguồn (gap Atomic REPORT_CELL_VALUE, xem O_QLKD_23)"
K_QLKD_3856,DATA EXPLORER,Nhóm 131 — Báo cáo TLATTC CN CTCK nước ngoài tại VN (STT 131),- Các khoản phải thu có thời hạn thanh toán còn lại từ 90 ngày trở xuống,Cơ sở,QLKD,,,,,"Pending - chưa thiết kế nguồn (gap Atomic REPORT_CELL_VALUE, xem O_QLKD_23)"
K_QLKD_3857,DATA EXPLORER,Nhóm 131 — Báo cáo TLATTC CN CTCK nước ngoài tại VN (STT 131),- Các khoản phải thu có thời hạn thanh toán còn lại trên 90 ngày,Cơ sở,QLKD,,,,,"Pending - chưa thiết kế nguồn (gap Atomic REPORT_CELL_VALUE, xem O_QLKD_23)"
K_QLKD_3858,DATA EXPLORER,Nhóm 131 — Báo cáo TLATTC CN CTCK nước ngoài tại VN (STT 131),- Tạm ứng có thời hạn hoàn ứng còn lại trên 90 ngày,Cơ sở,QLKD,,,,,"Pending - chưa thiết kế nguồn (gap Atomic REPORT_CELL_VALUE, xem O_QLKD_23)"
K_QLKD_3859,DATA EXPLORER,Nhóm 131 — Báo cáo TLATTC CN CTCK nước ngoài tại VN (STT 131),Dự phòng suy giảm giá trị các khoản phải thu,Cơ sở,QLKD,,,,,"Pending - chưa thiết kế nguồn (gap Atomic REPORT_CELL_VALUE, xem O_QLKD_23)"
K_QLKD_3860,DATA EXPLORER,Nhóm 131 — Báo cáo TLATTC CN CTCK nước ngoài tại VN (STT 131),Tài sản ngắn hạn khác,Cơ sở,QLKD,,,,,"Pending - chưa thiết kế nguồn (gap Atomic REPORT_CELL_VALUE, xem O_QLKD_23)"
K_QLKD_3861,DATA EXPLORER,Nhóm 131 — Báo cáo TLATTC CN CTCK nước ngoài tại VN (STT 131),"Cầm cố, thế chấp, ký quỹ, ký cược ngắn hạn",Cơ sở,QLKD,,,,,"Pending - chưa thiết kế nguồn (gap Atomic REPORT_CELL_VALUE, xem O_QLKD_23)"
K_QLKD_3862,DATA EXPLORER,Nhóm 131 — Báo cáo TLATTC CN CTCK nước ngoài tại VN (STT 131),Thuế giá trị gia tăng được khấu trừ,Cơ sở,QLKD,,,,,"Pending - chưa thiết kế nguồn (gap Atomic REPORT_CELL_VALUE, xem O_QLKD_23)"
K_QLKD_3863,DATA EXPLORER,Nhóm 131 — Báo cáo TLATTC CN CTCK nước ngoài tại VN (STT 131),Thuế và các khoản khác phải thu Nhà nước,Cơ sở,QLKD,,,,,"Pending - chưa thiết kế nguồn (gap Atomic REPORT_CELL_VALUE, xem O_QLKD_23)"
K_QLKD_3864,DATA EXPLORER,Nhóm 131 — Báo cáo TLATTC CN CTCK nước ngoài tại VN (STT 131),Tài sản ngắn hạn khác,Cơ sở,QLKD,,,,,"Pending - chưa thiết kế nguồn (gap Atomic REPORT_CELL_VALUE, xem O_QLKD_23)"
K_QLKD_3865,DATA EXPLORER,Nhóm 131 — Báo cáo TLATTC CN CTCK nước ngoài tại VN (STT 131),"Vật tư văn phòng, công cụ dụng cụ",Cơ sở,QLKD,,,,,"Pending - chưa thiết kế nguồn (gap Atomic REPORT_CELL_VALUE, xem O_QLKD_23)"
K_QLKD_3866,DATA EXPLORER,Nhóm 131 — Báo cáo TLATTC CN CTCK nước ngoài tại VN (STT 131),Chi phí trả trước ngắn hạn,Cơ sở,QLKD,,,,,"Pending - chưa thiết kế nguồn (gap Atomic REPORT_CELL_VALUE, xem O_QLKD_23)"
K_QLKD_3867,DATA EXPLORER,Nhóm 131 — Báo cáo TLATTC CN CTCK nước ngoài tại VN (STT 131),"Cầm cố, thế chấp, ký quỹ, ký cược ngắn hạn",Cơ sở,QLKD,,,,,"Pending - chưa thiết kế nguồn (gap Atomic REPORT_CELL_VALUE, xem O_QLKD_23)"
K_QLKD_3868,DATA EXPLORER,Nhóm 131 — Báo cáo TLATTC CN CTCK nước ngoài tại VN (STT 131),Thuế giá trị gia tăng được khấu trừ,Cơ sở,QLKD,,,,,"Pending - chưa thiết kế nguồn (gap Atomic REPORT_CELL_VALUE, xem O_QLKD_23)"
K_QLKD_3869,DATA EXPLORER,Nhóm 131 — Báo cáo TLATTC CN CTCK nước ngoài tại VN (STT 131),Thuế và các khoản khác phải thu Nhà nước,Cơ sở,QLKD,,,,,"Pending - chưa thiết kế nguồn (gap Atomic REPORT_CELL_VALUE, xem O_QLKD_23)"
K_QLKD_3870,DATA EXPLORER,Nhóm 131 — Báo cáo TLATTC CN CTCK nước ngoài tại VN (STT 131),Tài sản ngắn hạn khác,Cơ sở,QLKD,,,,,"Pending - chưa thiết kế nguồn (gap Atomic REPORT_CELL_VALUE, xem O_QLKD_23)"
K_QLKD_3871,DATA EXPLORER,Nhóm 131 — Báo cáo TLATTC CN CTCK nước ngoài tại VN (STT 131),Dự phòng suy giảm giá trị tài sản ngắn hạn khác,Cơ sở,QLKD,,,,,"Pending - chưa thiết kế nguồn (gap Atomic REPORT_CELL_VALUE, xem O_QLKD_23)"
K_QLKD_3872,DATA EXPLORER,Nhóm 131 — Báo cáo TLATTC CN CTCK nước ngoài tại VN (STT 131),Tổng,Cơ sở,QLKD,,,,,"Pending - chưa thiết kế nguồn (gap Atomic REPORT_CELL_VALUE, xem O_QLKD_23)"
K_QLKD_3873,DATA EXPLORER,Nhóm 131 — Báo cáo TLATTC CN CTCK nước ngoài tại VN (STT 131),Tài sản dài hạn,Cơ sở,QLKD,,,,,"Pending - chưa thiết kế nguồn (gap Atomic REPORT_CELL_VALUE, xem O_QLKD_23)"
K_QLKD_3874,DATA EXPLORER,Nhóm 131 — Báo cáo TLATTC CN CTCK nước ngoài tại VN (STT 131),Tài sản tài chính dài hạn,Cơ sở,QLKD,,,,,"Pending - chưa thiết kế nguồn (gap Atomic REPORT_CELL_VALUE, xem O_QLKD_23)"
K_QLKD_3875,DATA EXPLORER,Nhóm 131 — Báo cáo TLATTC CN CTCK nước ngoài tại VN (STT 131),Các khoản phải thu dài hạn,Cơ sở,QLKD,,,,,"Pending - chưa thiết kế nguồn (gap Atomic REPORT_CELL_VALUE, xem O_QLKD_23)"
K_QLKD_3876,DATA EXPLORER,Nhóm 131 — Báo cáo TLATTC CN CTCK nước ngoài tại VN (STT 131),Các khoản đầu tư,Cơ sở,QLKD,,,,,"Pending - chưa thiết kế nguồn (gap Atomic REPORT_CELL_VALUE, xem O_QLKD_23)"
K_QLKD_3877,DATA EXPLORER,Nhóm 131 — Báo cáo TLATTC CN CTCK nước ngoài tại VN (STT 131),Các khoản đầu tư nắm giữ đến ngày đáo hạn,Cơ sở,QLKD,,,,,"Pending - chưa thiết kế nguồn (gap Atomic REPORT_CELL_VALUE, xem O_QLKD_23)"
K_QLKD_3878,DATA EXPLORER,Nhóm 131 — Báo cáo TLATTC CN CTCK nước ngoài tại VN (STT 131),- Chứng khoán tiềm ẩn rủi ro thị trường,Cơ sở,QLKD,,,,,"Pending - chưa thiết kế nguồn (gap Atomic REPORT_CELL_VALUE, xem O_QLKD_23)"
K_QLKD_3879,DATA EXPLORER,Nhóm 131 — Báo cáo TLATTC CN CTCK nước ngoài tại VN (STT 131),- Chứng khoán bị giảm trừ khỏi vốn khả dụng,Cơ sở,QLKD,,,,,"Pending - chưa thiết kế nguồn (gap Atomic REPORT_CELL_VALUE, xem O_QLKD_23)"
K_QLKD_3880,DATA EXPLORER,Nhóm 131 — Báo cáo TLATTC CN CTCK nước ngoài tại VN (STT 131),Đầu tư vào công ty con,Cơ sở,QLKD,,,,,"Pending - chưa thiết kế nguồn (gap Atomic REPORT_CELL_VALUE, xem O_QLKD_23)"
K_QLKD_3881,DATA EXPLORER,Nhóm 131 — Báo cáo TLATTC CN CTCK nước ngoài tại VN (STT 131),Đầu tư dài hạn khác,Cơ sở,QLKD,,,,,"Pending - chưa thiết kế nguồn (gap Atomic REPORT_CELL_VALUE, xem O_QLKD_23)"
K_QLKD_3882,DATA EXPLORER,Nhóm 131 — Báo cáo TLATTC CN CTCK nước ngoài tại VN (STT 131),Tài sản cố định,Cơ sở,QLKD,,,,,"Pending - chưa thiết kế nguồn (gap Atomic REPORT_CELL_VALUE, xem O_QLKD_23)"
K_QLKD_3883,DATA EXPLORER,Nhóm 131 — Báo cáo TLATTC CN CTCK nước ngoài tại VN (STT 131),Bất động sản đầu tư,Cơ sở,QLKD,,,,,"Pending - chưa thiết kế nguồn (gap Atomic REPORT_CELL_VALUE, xem O_QLKD_23)"
K_QLKD_3884,DATA EXPLORER,Nhóm 131 — Báo cáo TLATTC CN CTCK nước ngoài tại VN (STT 131),Chi phí xây dựng cơ bản dở dang,Cơ sở,QLKD,,,,,"Pending - chưa thiết kế nguồn (gap Atomic REPORT_CELL_VALUE, xem O_QLKD_23)"
K_QLKD_3885,DATA EXPLORER,Nhóm 131 — Báo cáo TLATTC CN CTCK nước ngoài tại VN (STT 131),Tài sản dài hạn khác,Cơ sở,QLKD,,,,,"Pending - chưa thiết kế nguồn (gap Atomic REPORT_CELL_VALUE, xem O_QLKD_23)"
K_QLKD_3886,DATA EXPLORER,Nhóm 131 — Báo cáo TLATTC CN CTCK nước ngoài tại VN (STT 131),"Cầm cố, thế chấp, ký quỹ, ký cược dài hạn",Cơ sở,QLKD,,,,,"Pending - chưa thiết kế nguồn (gap Atomic REPORT_CELL_VALUE, xem O_QLKD_23)"
K_QLKD_3887,DATA EXPLORER,Nhóm 131 — Báo cáo TLATTC CN CTCK nước ngoài tại VN (STT 131),Chi phí trả trước dài hạn,Cơ sở,QLKD,,,,,"Pending - chưa thiết kế nguồn (gap Atomic REPORT_CELL_VALUE, xem O_QLKD_23)"
K_QLKD_3888,DATA EXPLORER,Nhóm 131 — Báo cáo TLATTC CN CTCK nước ngoài tại VN (STT 131),Tài sản thuế thu nhập hoãn lại,Cơ sở,QLKD,,,,,"Pending - chưa thiết kế nguồn (gap Atomic REPORT_CELL_VALUE, xem O_QLKD_23)"
K_QLKD_3889,DATA EXPLORER,Nhóm 131 — Báo cáo TLATTC CN CTCK nước ngoài tại VN (STT 131),Tiền nộp Quỹ hỗ trợ thanh toán,Cơ sở,QLKD,,,,,"Pending - chưa thiết kế nguồn (gap Atomic REPORT_CELL_VALUE, xem O_QLKD_23)"
K_QLKD_3890,DATA EXPLORER,Nhóm 131 — Báo cáo TLATTC CN CTCK nước ngoài tại VN (STT 131),Tài sản dài hạn khác,Cơ sở,QLKD,,,,,"Pending - chưa thiết kế nguồn (gap Atomic REPORT_CELL_VALUE, xem O_QLKD_23)"
K_QLKD_3891,DATA EXPLORER,Nhóm 131 — Báo cáo TLATTC CN CTCK nước ngoài tại VN (STT 131),"Các chỉ tiêu tài sản bị coi là khoản ngoại trừ, có ý kiến trái ngược hoặc từ chối đưa ra ý kiến tại báo cáo tài chính đã được kiểm toán, soát xét mà không bị tính giảm trừ theo quy định tại Điều 5",Cơ sở,QLKD,,,,,"Pending - chưa thiết kế nguồn (gap Atomic REPORT_CELL_VALUE, xem O_QLKD_23)"
K_QLKD_3892,DATA EXPLORER,Nhóm 131 — Báo cáo TLATTC CN CTCK nước ngoài tại VN (STT 131),"Các chỉ tiêu tài sản bị coi là khoản ngoại trừ, có ý kiến trái ngược hoặc từ chối đưa ra ý kiến tại báo cáo tài chính đã được kiểm toán, soát xét mà không bị tính giảm trừ theo quy định tại Điều 5",Cơ sở,QLKD,,,,,"Pending - chưa thiết kế nguồn (gap Atomic REPORT_CELL_VALUE, xem O_QLKD_23)"
K_QLKD_3893,DATA EXPLORER,Nhóm 131 — Báo cáo TLATTC CN CTCK nước ngoài tại VN (STT 131),Tổng,Cơ sở,QLKD,,,,,"Pending - chưa thiết kế nguồn (gap Atomic REPORT_CELL_VALUE, xem O_QLKD_23)"
K_QLKD_3894,DATA EXPLORER,Nhóm 131 — Báo cáo TLATTC CN CTCK nước ngoài tại VN (STT 131),"Các khoản ký quỹ, đảm bảo",Cơ sở,QLKD,,,,,"Pending - chưa thiết kế nguồn (gap Atomic REPORT_CELL_VALUE, xem O_QLKD_23)"
K_QLKD_3895,DATA EXPLORER,Nhóm 131 — Báo cáo TLATTC CN CTCK nước ngoài tại VN (STT 131),Giá trị ký quỹ,Cơ sở,QLKD,,,,,"Pending - chưa thiết kế nguồn (gap Atomic REPORT_CELL_VALUE, xem O_QLKD_23)"
K_QLKD_3896,DATA EXPLORER,Nhóm 131 — Báo cáo TLATTC CN CTCK nước ngoài tại VN (STT 131),Giá trị đóng góp vào quỹ hỗ trợ thanh toán của Tổng công ty lưu ký và bù trừ chứng khoán Việt Nam,Cơ sở,QLKD,,,,,"Pending - chưa thiết kế nguồn (gap Atomic REPORT_CELL_VALUE, xem O_QLKD_23)"
K_QLKD_3897,DATA EXPLORER,Nhóm 131 — Báo cáo TLATTC CN CTCK nước ngoài tại VN (STT 131),Giá trị đóng góp vào quỹ bù trừ của đối tác thanh toán trung tâm đối với vị thế mở của chính thành viên bù trừ,Cơ sở,QLKD,,,,,"Pending - chưa thiết kế nguồn (gap Atomic REPORT_CELL_VALUE, xem O_QLKD_23)"
K_QLKD_3898,DATA EXPLORER,Nhóm 131 — Báo cáo TLATTC CN CTCK nước ngoài tại VN (STT 131),Khoản ký quỹ bằng tiền và giá trị bảo lãnh thanh toán của ngân hàng khi phát hành chứng quyền có bảo đảm,Cơ sở,QLKD,,,,,"Pending - chưa thiết kế nguồn (gap Atomic REPORT_CELL_VALUE, xem O_QLKD_23)"
K_QLKD_3899,DATA EXPLORER,Nhóm 131 — Báo cáo TLATTC CN CTCK nước ngoài tại VN (STT 131),Giá trị tài sản bảo đảm cho các nghĩa vụ phải trả có thời hạn còn lại trên 90 ngày,Cơ sở,QLKD,,,,,"Pending - chưa thiết kế nguồn (gap Atomic REPORT_CELL_VALUE, xem O_QLKD_23)"
K_QLKD_3900,DATA EXPLORER,Nhóm 131 — Báo cáo TLATTC CN CTCK nước ngoài tại VN (STT 131),Tổng,Cơ sở,QLKD,,,,,"Pending - chưa thiết kế nguồn (gap Atomic REPORT_CELL_VALUE, xem O_QLKD_23)"
K_QLKD_3901,DATA EXPLORER,Nhóm 131 — Báo cáo TLATTC CN CTCK nước ngoài tại VN (STT 131),VỐN KHẢ DỤNG = 1A-1B-1C-1D,Cơ sở,QLKD,,,,,"Pending - chưa thiết kế nguồn (gap Atomic REPORT_CELL_VALUE, xem O_QLKD_23)"
K_QLKD_3902,DATA EXPLORER,Nhóm 132 — Báo cáo TLATTC CN CTCK nước ngoài tại VN (STT 132),Loại báo cáo,Chiều,QLKD,,,,,"Pending - chưa thiết kế nguồn (gap Atomic REPORT_CELL_VALUE, xem O_QLKD_23)"
K_QLKD_3903,DATA EXPLORER,Nhóm 132 — Báo cáo TLATTC CN CTCK nước ngoài tại VN (STT 132),Kỳ báo cáo,Chiều,QLKD,,,,,"Pending - chưa thiết kế nguồn (gap Atomic REPORT_CELL_VALUE, xem O_QLKD_23)"
K_QLKD_3904,DATA EXPLORER,Nhóm 132 — Báo cáo TLATTC CN CTCK nước ngoài tại VN (STT 132),Mã báo cáo,Chiều,QLKD,,,,,"Pending - chưa thiết kế nguồn (gap Atomic REPORT_CELL_VALUE, xem O_QLKD_23)"
K_QLKD_3905,DATA EXPLORER,Nhóm 132 — Báo cáo TLATTC CN CTCK nước ngoài tại VN (STT 132),Tên báo cáo,Chiều,QLKD,,,,,"Pending - chưa thiết kế nguồn (gap Atomic REPORT_CELL_VALUE, xem O_QLKD_23)"
K_QLKD_3906,DATA EXPLORER,Nhóm 132 — Báo cáo TLATTC CN CTCK nước ngoài tại VN (STT 132),Mã sheet,Chiều,QLKD,,,,,"Pending - chưa thiết kế nguồn (gap Atomic REPORT_CELL_VALUE, xem O_QLKD_23)"
K_QLKD_3907,DATA EXPLORER,Nhóm 132 — Báo cáo TLATTC CN CTCK nước ngoài tại VN (STT 132),Tên sheet,Chiều,QLKD,,,,,"Pending - chưa thiết kế nguồn (gap Atomic REPORT_CELL_VALUE, xem O_QLKD_23)"
K_QLKD_3908,DATA EXPLORER,Nhóm 132 — Báo cáo TLATTC CN CTCK nước ngoài tại VN (STT 132),Mã chỉ tiêu,Chiều,QLKD,,,,,"Pending - chưa thiết kế nguồn (gap Atomic REPORT_CELL_VALUE, xem O_QLKD_23)"
K_QLKD_3909,DATA EXPLORER,Nhóm 132 — Báo cáo TLATTC CN CTCK nước ngoài tại VN (STT 132),Tên chỉ tiêu,Chiều,QLKD,,,,,"Pending - chưa thiết kế nguồn (gap Atomic REPORT_CELL_VALUE, xem O_QLKD_23)"
K_QLKD_3910,DATA EXPLORER,Nhóm 132 — Báo cáo TLATTC CN CTCK nước ngoài tại VN (STT 132),"Tiền và các khoản tương đương tiền, công cụ thị trường tiền tệ",Cơ sở,QLKD,,,,,"Pending - chưa thiết kế nguồn (gap Atomic REPORT_CELL_VALUE, xem O_QLKD_23)"
K_QLKD_3911,DATA EXPLORER,Nhóm 132 — Báo cáo TLATTC CN CTCK nước ngoài tại VN (STT 132),Tiền mặt (VND),Cơ sở,QLKD,,,,,"Pending - chưa thiết kế nguồn (gap Atomic REPORT_CELL_VALUE, xem O_QLKD_23)"
K_QLKD_3912,DATA EXPLORER,Nhóm 132 — Báo cáo TLATTC CN CTCK nước ngoài tại VN (STT 132),Các khoản tương đương tiền,Cơ sở,QLKD,,,,,"Pending - chưa thiết kế nguồn (gap Atomic REPORT_CELL_VALUE, xem O_QLKD_23)"
K_QLKD_3913,DATA EXPLORER,Nhóm 132 — Báo cáo TLATTC CN CTCK nước ngoài tại VN (STT 132),"Giấy tờ có giá, công cụ chuyển nhượng trên thị trường tiền tệ, chứng chỉ tiền gửi",Cơ sở,QLKD,,,,,"Pending - chưa thiết kế nguồn (gap Atomic REPORT_CELL_VALUE, xem O_QLKD_23)"
K_QLKD_3914,DATA EXPLORER,Nhóm 132 — Báo cáo TLATTC CN CTCK nước ngoài tại VN (STT 132),Trái phiếu Chính phủ,Cơ sở,QLKD,,,,,"Pending - chưa thiết kế nguồn (gap Atomic REPORT_CELL_VALUE, xem O_QLKD_23)"
K_QLKD_3915,DATA EXPLORER,Nhóm 132 — Báo cáo TLATTC CN CTCK nước ngoài tại VN (STT 132),Trái phiếu Chính phủ không trả lãi,Cơ sở,QLKD,,,,,"Pending - chưa thiết kế nguồn (gap Atomic REPORT_CELL_VALUE, xem O_QLKD_23)"
K_QLKD_3916,DATA EXPLORER,Nhóm 132 — Báo cáo TLATTC CN CTCK nước ngoài tại VN (STT 132),Trái phiếu Chính phủ (bao gồm công trái và trái phiếu công trình đã phát hành trước đây),Cơ sở,QLKD,,,,,"Pending - chưa thiết kế nguồn (gap Atomic REPORT_CELL_VALUE, xem O_QLKD_23)"
K_QLKD_3917,DATA EXPLORER,Nhóm 132 — Báo cáo TLATTC CN CTCK nước ngoài tại VN (STT 132),Trái phiếu tổ chức tín dụng có thời gian đáo hạn còn lại dưới 1 năm,Cơ sở,QLKD,,,,,"Pending - chưa thiết kế nguồn (gap Atomic REPORT_CELL_VALUE, xem O_QLKD_23)"
K_QLKD_3918,DATA EXPLORER,Nhóm 132 — Báo cáo TLATTC CN CTCK nước ngoài tại VN (STT 132),Trái phiếu tổ chức tín dụng,Cơ sở,QLKD,,,,,"Pending - chưa thiết kế nguồn (gap Atomic REPORT_CELL_VALUE, xem O_QLKD_23)"
K_QLKD_3919,DATA EXPLORER,Nhóm 132 — Báo cáo TLATTC CN CTCK nước ngoài tại VN (STT 132),Trái phiếu tổ chức tín dụng có thời gian đáo hạn còn từ 1 năm đến dưới 3 năm,Cơ sở,QLKD,,,,,"Pending - chưa thiết kế nguồn (gap Atomic REPORT_CELL_VALUE, xem O_QLKD_23)"
K_QLKD_3920,DATA EXPLORER,Nhóm 132 — Báo cáo TLATTC CN CTCK nước ngoài tại VN (STT 132),Trái phiếu tổ chức tín dụng có thời gian đáo hạn còn lại từ 3 năm đến dưới 5 năm,Cơ sở,QLKD,,,,,"Pending - chưa thiết kế nguồn (gap Atomic REPORT_CELL_VALUE, xem O_QLKD_23)"
K_QLKD_3921,DATA EXPLORER,Nhóm 132 — Báo cáo TLATTC CN CTCK nước ngoài tại VN (STT 132),Trái phiếu tổ chức tín dụng có thời gian đáo hạn còn lại từ 5 năm trở lên,Cơ sở,QLKD,,,,,"Pending - chưa thiết kế nguồn (gap Atomic REPORT_CELL_VALUE, xem O_QLKD_23)"
K_QLKD_3922,DATA EXPLORER,Nhóm 132 — Báo cáo TLATTC CN CTCK nước ngoài tại VN (STT 132),Trái phiếu doanh nghiệp,Cơ sở,QLKD,,,,,"Pending - chưa thiết kế nguồn (gap Atomic REPORT_CELL_VALUE, xem O_QLKD_23)"
K_QLKD_3923,DATA EXPLORER,Nhóm 132 — Báo cáo TLATTC CN CTCK nước ngoài tại VN (STT 132),Trái phiếu doanh nghiệp niêm yết,Cơ sở,QLKD,,,,,"Pending - chưa thiết kế nguồn (gap Atomic REPORT_CELL_VALUE, xem O_QLKD_23)"
K_QLKD_3924,DATA EXPLORER,Nhóm 132 — Báo cáo TLATTC CN CTCK nước ngoài tại VN (STT 132),Trái phiếu niêm yết có thời gian đáo hạn còn lại dưới 1 năm,Cơ sở,QLKD,,,,,"Pending - chưa thiết kế nguồn (gap Atomic REPORT_CELL_VALUE, xem O_QLKD_23)"
K_QLKD_3925,DATA EXPLORER,Nhóm 132 — Báo cáo TLATTC CN CTCK nước ngoài tại VN (STT 132),Trái phiếu niêm yết có thời gian đáo hạn còn lại từ 1 năm đến dưới 3 năm,Cơ sở,QLKD,,,,,"Pending - chưa thiết kế nguồn (gap Atomic REPORT_CELL_VALUE, xem O_QLKD_23)"
K_QLKD_3926,DATA EXPLORER,Nhóm 132 — Báo cáo TLATTC CN CTCK nước ngoài tại VN (STT 132),Trái phiếu niêm yết có thời gian đáo hạn còn lại từ 3 năm đến dưới 5 năm,Cơ sở,QLKD,,,,,"Pending - chưa thiết kế nguồn (gap Atomic REPORT_CELL_VALUE, xem O_QLKD_23)"
K_QLKD_3927,DATA EXPLORER,Nhóm 132 — Báo cáo TLATTC CN CTCK nước ngoài tại VN (STT 132),Trái phiếu niêm yết có thời gian đáo hạn còn lại từ 5 năm trở lên,Cơ sở,QLKD,,,,,"Pending - chưa thiết kế nguồn (gap Atomic REPORT_CELL_VALUE, xem O_QLKD_23)"
K_QLKD_3928,DATA EXPLORER,Nhóm 132 — Báo cáo TLATTC CN CTCK nước ngoài tại VN (STT 132),Trái phiếu doanh nghiệp không niêm yết,Cơ sở,QLKD,,,,,"Pending - chưa thiết kế nguồn (gap Atomic REPORT_CELL_VALUE, xem O_QLKD_23)"
K_QLKD_3929,DATA EXPLORER,Nhóm 132 — Báo cáo TLATTC CN CTCK nước ngoài tại VN (STT 132),Trái phiếu không niêm yết do doanh nghiệp niêm yết phát hành có thời gian đáo hạn còn lại dưới 1 năm,Cơ sở,QLKD,,,,,"Pending - chưa thiết kế nguồn (gap Atomic REPORT_CELL_VALUE, xem O_QLKD_23)"
K_QLKD_3930,DATA EXPLORER,Nhóm 132 — Báo cáo TLATTC CN CTCK nước ngoài tại VN (STT 132),Trái phiếu không niêm yết do doanh nghiệp niêm yết phát hành có thời gian đáo hạn còn lại từ 1 năm đến dưới 3 năm,Cơ sở,QLKD,,,,,"Pending - chưa thiết kế nguồn (gap Atomic REPORT_CELL_VALUE, xem O_QLKD_23)"
K_QLKD_3931,DATA EXPLORER,Nhóm 132 — Báo cáo TLATTC CN CTCK nước ngoài tại VN (STT 132),Trái phiếu không niêm yết do doanh nghiệp niêm yết phát hành có thời gian đáo hạn còn lại từ 3 năm đến dưới 5 năm,Cơ sở,QLKD,,,,,"Pending - chưa thiết kế nguồn (gap Atomic REPORT_CELL_VALUE, xem O_QLKD_23)"
K_QLKD_3932,DATA EXPLORER,Nhóm 132 — Báo cáo TLATTC CN CTCK nước ngoài tại VN (STT 132),Trái phiếu không niêm yết do doanh nghiệp niêm yết phát hành có thời gian đáo hạn còn lại từ 5 năm trở lên,Cơ sở,QLKD,,,,,"Pending - chưa thiết kế nguồn (gap Atomic REPORT_CELL_VALUE, xem O_QLKD_23)"
K_QLKD_3933,DATA EXPLORER,Nhóm 132 — Báo cáo TLATTC CN CTCK nước ngoài tại VN (STT 132),Trái phiếu không niêm yết do doanh nghiệp khác phát hành có thời gian đáo hạn còn lại dưới 1 năm,Cơ sở,QLKD,,,,,"Pending - chưa thiết kế nguồn (gap Atomic REPORT_CELL_VALUE, xem O_QLKD_23)"
K_QLKD_3934,DATA EXPLORER,Nhóm 132 — Báo cáo TLATTC CN CTCK nước ngoài tại VN (STT 132),Trái phiếu không niêm yết do doanh nghiệp khác phát hành có thời gian đáo hạn còn lại từ 1 năm đến dưới 3 năm,Cơ sở,QLKD,,,,,"Pending - chưa thiết kế nguồn (gap Atomic REPORT_CELL_VALUE, xem O_QLKD_23)"
K_QLKD_3935,DATA EXPLORER,Nhóm 132 — Báo cáo TLATTC CN CTCK nước ngoài tại VN (STT 132),Trái phiếu không niêm yết do doanh nghiệp khác phát hành có thời gian đáo hạn còn lại từ 3 năm đến dưới 5 năm,Cơ sở,QLKD,,,,,"Pending - chưa thiết kế nguồn (gap Atomic REPORT_CELL_VALUE, xem O_QLKD_23)"
K_QLKD_3936,DATA EXPLORER,Nhóm 132 — Báo cáo TLATTC CN CTCK nước ngoài tại VN (STT 132),Trái phiếu không niêm yết do doanh nghiệp khác phát hành có thời gian đáo hạn còn lại từ 5 năm trở lên,Cơ sở,QLKD,,,,,"Pending - chưa thiết kế nguồn (gap Atomic REPORT_CELL_VALUE, xem O_QLKD_23)"
K_QLKD_3937,DATA EXPLORER,Nhóm 132 — Báo cáo TLATTC CN CTCK nước ngoài tại VN (STT 132),Liệt kê kết quả xếp hạng tín nhiệm đối với trái phiếu/tổ chức phát hành,Cơ sở,QLKD,,,,,"Pending - chưa thiết kế nguồn (gap Atomic REPORT_CELL_VALUE, xem O_QLKD_23)"
K_QLKD_3938,DATA EXPLORER,Nhóm 132 — Báo cáo TLATTC CN CTCK nước ngoài tại VN (STT 132),Cổ phiếu,Cơ sở,QLKD,,,,,"Pending - chưa thiết kế nguồn (gap Atomic REPORT_CELL_VALUE, xem O_QLKD_23)"
K_QLKD_3939,DATA EXPLORER,Nhóm 132 — Báo cáo TLATTC CN CTCK nước ngoài tại VN (STT 132),"Cổ phiếu phổ thông, cổ phiếu ưu đãi của các tổ chức niêm yết tại Sở giao dịch chứng khoán",Cơ sở,QLKD,,,,,"Pending - chưa thiết kế nguồn (gap Atomic REPORT_CELL_VALUE, xem O_QLKD_23)"
K_QLKD_3940,DATA EXPLORER,Nhóm 132 — Báo cáo TLATTC CN CTCK nước ngoài tại VN (STT 132),"Cổ phiếu phổ thông, cổ phiếu ưu đãi của các công ty đại chúng chưa niêm yết và đã đăng ký giao dịch qua hệ thống UpCom",Cơ sở,QLKD,,,,,"Pending - chưa thiết kế nguồn (gap Atomic REPORT_CELL_VALUE, xem O_QLKD_23)"
K_QLKD_3941,DATA EXPLORER,Nhóm 132 — Báo cáo TLATTC CN CTCK nước ngoài tại VN (STT 132),"Cổ phiếu phổ thông, cổ phiếu ưu đãi của các công ty đại chúng đã đăng ký lưu ký, nhưng chưa niêm yết hoặc đăng ký giao dịch; cổ phiếu đang trong đợt phát hành lần đầu (IPO)",Cơ sở,QLKD,,,,,"Pending - chưa thiết kế nguồn (gap Atomic REPORT_CELL_VALUE, xem O_QLKD_23)"
K_QLKD_3942,DATA EXPLORER,Nhóm 132 — Báo cáo TLATTC CN CTCK nước ngoài tại VN (STT 132),Chứng chỉ quỹ đầu tư chứng khoán,Cơ sở,QLKD,,,,,"Pending - chưa thiết kế nguồn (gap Atomic REPORT_CELL_VALUE, xem O_QLKD_23)"
K_QLKD_3943,DATA EXPLORER,Nhóm 132 — Báo cáo TLATTC CN CTCK nước ngoài tại VN (STT 132),"Quỹ đại chúng, công ty đầu tư chứng khoán đại chúng",Cơ sở,QLKD,,,,,"Pending - chưa thiết kế nguồn (gap Atomic REPORT_CELL_VALUE, xem O_QLKD_23)"
K_QLKD_3944,DATA EXPLORER,Nhóm 132 — Báo cáo TLATTC CN CTCK nước ngoài tại VN (STT 132),Quỹ thành viên,Cơ sở,QLKD,,,,,"Pending - chưa thiết kế nguồn (gap Atomic REPORT_CELL_VALUE, xem O_QLKD_23)"
K_QLKD_3945,DATA EXPLORER,Nhóm 132 — Báo cáo TLATTC CN CTCK nước ngoài tại VN (STT 132),Công ty đầu tư chứng khoán riêng lẻ,Cơ sở,QLKD,,,,,"Pending - chưa thiết kế nguồn (gap Atomic REPORT_CELL_VALUE, xem O_QLKD_23)"
K_QLKD_3946,DATA EXPLORER,Nhóm 132 — Báo cáo TLATTC CN CTCK nước ngoài tại VN (STT 132),Chứng khoán bị hạn chế giao dịch,Cơ sở,QLKD,,,,,"Pending - chưa thiết kế nguồn (gap Atomic REPORT_CELL_VALUE, xem O_QLKD_23)"
K_QLKD_3947,DATA EXPLORER,Nhóm 132 — Báo cáo TLATTC CN CTCK nước ngoài tại VN (STT 132),Chứng khoán bị cảnh báo,Cơ sở,QLKD,,,,,"Pending - chưa thiết kế nguồn (gap Atomic REPORT_CELL_VALUE, xem O_QLKD_23)"
K_QLKD_3948,DATA EXPLORER,Nhóm 132 — Báo cáo TLATTC CN CTCK nước ngoài tại VN (STT 132),Chứng khoán bị kiểm soát,Cơ sở,QLKD,,,,,"Pending - chưa thiết kế nguồn (gap Atomic REPORT_CELL_VALUE, xem O_QLKD_23)"
K_QLKD_3949,DATA EXPLORER,Nhóm 132 — Báo cáo TLATTC CN CTCK nước ngoài tại VN (STT 132),Chứng khoán niêm yết bị kiểm soát,Cơ sở,QLKD,,,,,"Pending - chưa thiết kế nguồn (gap Atomic REPORT_CELL_VALUE, xem O_QLKD_23)"
K_QLKD_3950,DATA EXPLORER,Nhóm 132 — Báo cáo TLATTC CN CTCK nước ngoài tại VN (STT 132),Chứng khoán bị đình chỉ giao dịch,Cơ sở,QLKD,,,,,"Pending - chưa thiết kế nguồn (gap Atomic REPORT_CELL_VALUE, xem O_QLKD_23)"
K_QLKD_3951,DATA EXPLORER,Nhóm 132 — Báo cáo TLATTC CN CTCK nước ngoài tại VN (STT 132),"Chứng khoán bị hủy niêm yết, hủy giao dịch",Cơ sở,QLKD,,,,,"Pending - chưa thiết kế nguồn (gap Atomic REPORT_CELL_VALUE, xem O_QLKD_23)"
K_QLKD_3952,DATA EXPLORER,Nhóm 132 — Báo cáo TLATTC CN CTCK nước ngoài tại VN (STT 132),Chứng khoán phái sinh,Cơ sở,QLKD,,,,,"Pending - chưa thiết kế nguồn (gap Atomic REPORT_CELL_VALUE, xem O_QLKD_23)"
K_QLKD_3953,DATA EXPLORER,Nhóm 132 — Báo cáo TLATTC CN CTCK nước ngoài tại VN (STT 132),Hợp đồng tương lai chỉ số cổ phiếu,Cơ sở,QLKD,,,,,"Pending - chưa thiết kế nguồn (gap Atomic REPORT_CELL_VALUE, xem O_QLKD_23)"
K_QLKD_3954,DATA EXPLORER,Nhóm 132 — Báo cáo TLATTC CN CTCK nước ngoài tại VN (STT 132),"Cách tính:
Giá trị rủi ro = Max {((Giá trị thanh toán cuối ngày - giá trị chứng khoán mua vào
để đảm bảo cho nghĩa vụ thanh toán hợp đồng tương lai) x hệ số rủi ro của hợp
đồng tương lai - Giá trị ký quỹ (phần đóng góp vào quỹ bù trừ đối với vị thế mở
của công ty chứng khoán)), 0}.
Giá trị thanh toán cuối ngày = Giá thanh toán cuối ngày x khối lượng mở.",Cơ sở,QLKD,,,,,"Pending - chưa thiết kế nguồn (gap Atomic REPORT_CELL_VALUE, xem O_QLKD_23)"
K_QLKD_3955,DATA EXPLORER,Nhóm 132 — Báo cáo TLATTC CN CTCK nước ngoài tại VN (STT 132),Hợp đồng tương lai trái phiếu chính phủ,Cơ sở,QLKD,,,,,"Pending - chưa thiết kế nguồn (gap Atomic REPORT_CELL_VALUE, xem O_QLKD_23)"
K_QLKD_3956,DATA EXPLORER,Nhóm 132 — Báo cáo TLATTC CN CTCK nước ngoài tại VN (STT 132),"Cách tính:
Giá trị rủi ro = Max{((Giá trị thanh toán cuối ngày - giá trị chứng khoán mua vào
để đảm bảo cho nghĩa vụ thanh toán hợp đồng tương lai) x hệ số rủi ro của hợp
đồng tương lai - Giá trị ký quỹ (phần đóng góp vào quỹ bù trừ đối với vị thế mở
của công ty chứng khoán)), 0}.
Giá trị thanh toán cuối ngày = Giá thanh toán cuối ngày x khối lượng mở.",Cơ sở,QLKD,,,,,"Pending - chưa thiết kế nguồn (gap Atomic REPORT_CELL_VALUE, xem O_QLKD_23)"
K_QLKD_3957,DATA EXPLORER,Nhóm 132 — Báo cáo TLATTC CN CTCK nước ngoài tại VN (STT 132),Chứng khoán khác,Cơ sở,QLKD,,,,,"Pending - chưa thiết kế nguồn (gap Atomic REPORT_CELL_VALUE, xem O_QLKD_23)"
K_QLKD_3958,DATA EXPLORER,Nhóm 132 — Báo cáo TLATTC CN CTCK nước ngoài tại VN (STT 132),Cổ phiếu niêm yết trên các thị trường nước ngoài thuộc chỉ số đạt chuẩn/các chỉ số được liệt kê tại Phụ lục VIII,Cơ sở,QLKD,,,,,"Pending - chưa thiết kế nguồn (gap Atomic REPORT_CELL_VALUE, xem O_QLKD_23)"
K_QLKD_3959,DATA EXPLORER,Nhóm 132 — Báo cáo TLATTC CN CTCK nước ngoài tại VN (STT 132),Cổ phiếu niêm yết trên các thị trường nước ngoài không thuộc các chỉ số đạt chuẩn/các chỉ số được liệt kê tại Phụ lục VIII,Cơ sở,QLKD,,,,,"Pending - chưa thiết kế nguồn (gap Atomic REPORT_CELL_VALUE, xem O_QLKD_23)"
K_QLKD_3960,DATA EXPLORER,Nhóm 132 — Báo cáo TLATTC CN CTCK nước ngoài tại VN (STT 132),Chứng quyền có bảo đảm niêm yết trên Sở giao dịch chứng khoán Thành phố Hồ Chí Minh,Cơ sở,QLKD,,,,,"Pending - chưa thiết kế nguồn (gap Atomic REPORT_CELL_VALUE, xem O_QLKD_23)"
K_QLKD_3961,DATA EXPLORER,Nhóm 132 — Báo cáo TLATTC CN CTCK nước ngoài tại VN (STT 132),Giao dịch chênh lệch giá,Cơ sở,QLKD,,,,,"Pending - chưa thiết kế nguồn (gap Atomic REPORT_CELL_VALUE, xem O_QLKD_23)"
K_QLKD_3962,DATA EXPLORER,Nhóm 132 — Báo cáo TLATTC CN CTCK nước ngoài tại VN (STT 132),"Cổ phần, phần vốn góp, các loại chứng khoán khác và các tài sản đầu tư khác",Cơ sở,QLKD,,,,,"Pending - chưa thiết kế nguồn (gap Atomic REPORT_CELL_VALUE, xem O_QLKD_23)"
K_QLKD_3963,DATA EXPLORER,Nhóm 132 — Báo cáo TLATTC CN CTCK nước ngoài tại VN (STT 132),Chứng quyền có bảo đảm do công ty chứng khoán phát hành,Cơ sở,QLKD,,,,,"Pending - chưa thiết kế nguồn (gap Atomic REPORT_CELL_VALUE, xem O_QLKD_23)"
K_QLKD_3964,DATA EXPLORER,Nhóm 132 — Báo cáo TLATTC CN CTCK nước ngoài tại VN (STT 132),"Cách tính:
Giá trị rủi ro thị trường = Max {((P0 X Q0 /k- P1 X Q1) x r -MD), 0}",Cơ sở,QLKD,,,,,"Pending - chưa thiết kế nguồn (gap Atomic REPORT_CELL_VALUE, xem O_QLKD_23)"
K_QLKD_3965,DATA EXPLORER,Nhóm 132 — Báo cáo TLATTC CN CTCK nước ngoài tại VN (STT 132),Chứng khoán hình thành từ hoạt động phòng ngừa rủi ro cho chứng quyền có bảo đảm do công ty chứng khoán đã phát hành,Cơ sở,QLKD,,,,,"Pending - chưa thiết kế nguồn (gap Atomic REPORT_CELL_VALUE, xem O_QLKD_23)"
K_QLKD_3966,DATA EXPLORER,Nhóm 132 — Báo cáo TLATTC CN CTCK nước ngoài tại VN (STT 132),Phần chênh lệch dương giữa giá trị chứng khoán cơ sở dùng để phòng ngừa rủi ro và giá trị chứng khoán cơ sở cần thiết để phòng ngừa rủi ro cho chứng quyền có bảo đảm,Cơ sở,QLKD,,,,,"Pending - chưa thiết kế nguồn (gap Atomic REPORT_CELL_VALUE, xem O_QLKD_23)"
K_QLKD_3967,DATA EXPLORER,Nhóm 132 — Báo cáo TLATTC CN CTCK nước ngoài tại VN (STT 132),Rủi ro tăng thêm (nếu có),Cơ sở,QLKD,,,,,"Pending - chưa thiết kế nguồn (gap Atomic REPORT_CELL_VALUE, xem O_QLKD_23)"
K_QLKD_3968,DATA EXPLORER,Nhóm 132 — Báo cáo TLATTC CN CTCK nước ngoài tại VN (STT 132),Mã chứng khoán,Cơ sở,QLKD,,,,,"Pending - chưa thiết kế nguồn (gap Atomic REPORT_CELL_VALUE, xem O_QLKD_23)"
K_QLKD_3969,DATA EXPLORER,Nhóm 132 — Báo cáo TLATTC CN CTCK nước ngoài tại VN (STT 132),TỔNG GIÁ TRỊ RỦI RO THỊ TRƯỜNG (A= I+II+III+IV+V+VI+VII+VIII+IX),Cơ sở,QLKD,,,,,"Pending - chưa thiết kế nguồn (gap Atomic REPORT_CELL_VALUE, xem O_QLKD_23)"
K_QLKD_3970,DATA EXPLORER,Nhóm 133 — Báo cáo TLATTC CN CTCK nước ngoài tại VN (STT 133),Loại báo cáo,Chiều,QLKD,,,,,"Pending - chưa thiết kế nguồn (gap Atomic REPORT_CELL_VALUE, xem O_QLKD_23)"
K_QLKD_3971,DATA EXPLORER,Nhóm 133 — Báo cáo TLATTC CN CTCK nước ngoài tại VN (STT 133),Kỳ báo cáo,Chiều,QLKD,,,,,"Pending - chưa thiết kế nguồn (gap Atomic REPORT_CELL_VALUE, xem O_QLKD_23)"
K_QLKD_3972,DATA EXPLORER,Nhóm 133 — Báo cáo TLATTC CN CTCK nước ngoài tại VN (STT 133),Mã báo cáo,Chiều,QLKD,,,,,"Pending - chưa thiết kế nguồn (gap Atomic REPORT_CELL_VALUE, xem O_QLKD_23)"
K_QLKD_3973,DATA EXPLORER,Nhóm 133 — Báo cáo TLATTC CN CTCK nước ngoài tại VN (STT 133),Tên báo cáo,Chiều,QLKD,,,,,"Pending - chưa thiết kế nguồn (gap Atomic REPORT_CELL_VALUE, xem O_QLKD_23)"
K_QLKD_3974,DATA EXPLORER,Nhóm 133 — Báo cáo TLATTC CN CTCK nước ngoài tại VN (STT 133),Mã sheet,Chiều,QLKD,,,,,"Pending - chưa thiết kế nguồn (gap Atomic REPORT_CELL_VALUE, xem O_QLKD_23)"
K_QLKD_3975,DATA EXPLORER,Nhóm 133 — Báo cáo TLATTC CN CTCK nước ngoài tại VN (STT 133),Tên sheet,Chiều,QLKD,,,,,"Pending - chưa thiết kế nguồn (gap Atomic REPORT_CELL_VALUE, xem O_QLKD_23)"
K_QLKD_3976,DATA EXPLORER,Nhóm 133 — Báo cáo TLATTC CN CTCK nước ngoài tại VN (STT 133),Mã chỉ tiêu,Chiều,QLKD,,,,,"Pending - chưa thiết kế nguồn (gap Atomic REPORT_CELL_VALUE, xem O_QLKD_23)"
K_QLKD_3977,DATA EXPLORER,Nhóm 133 — Báo cáo TLATTC CN CTCK nước ngoài tại VN (STT 133),Tên chỉ tiêu,Chiều,QLKD,,,,,"Pending - chưa thiết kế nguồn (gap Atomic REPORT_CELL_VALUE, xem O_QLKD_23)"
K_QLKD_3978,DATA EXPLORER,Nhóm 133 — Báo cáo TLATTC CN CTCK nước ngoài tại VN (STT 133),Rủi ro trước thời hạn thanh toán,Cơ sở,QLKD,,,,,"Pending - chưa thiết kế nguồn (gap Atomic REPORT_CELL_VALUE, xem O_QLKD_23)"
K_QLKD_3979,DATA EXPLORER,Nhóm 133 — Báo cáo TLATTC CN CTCK nước ngoài tại VN (STT 133),Rủi ro quá thời hạn thanh toán,Cơ sở,QLKD,,,,,"Pending - chưa thiết kế nguồn (gap Atomic REPORT_CELL_VALUE, xem O_QLKD_23)"
K_QLKD_3980,DATA EXPLORER,Nhóm 133 — Báo cáo TLATTC CN CTCK nước ngoài tại VN (STT 133),Rủi ro tăng thêm,Cơ sở,QLKD,,,,,"Pending - chưa thiết kế nguồn (gap Atomic REPORT_CELL_VALUE, xem O_QLKD_23)"
K_QLKD_3981,DATA EXPLORER,Nhóm 133 — Báo cáo TLATTC CN CTCK nước ngoài tại VN (STT 133),Tổng giá trị rủi ro thanh toán,Cơ sở,QLKD,,,,,"Pending - chưa thiết kế nguồn (gap Atomic REPORT_CELL_VALUE, xem O_QLKD_23)"
K_QLKD_3982,DATA EXPLORER,Nhóm 134 — Báo cáo TLATTC CN CTCK nước ngoài tại VN (STT 134),Loại báo cáo,Chiều,QLKD,,,,,"Pending - chưa thiết kế nguồn (gap Atomic REPORT_CELL_VALUE, xem O_QLKD_23)"
K_QLKD_3983,DATA EXPLORER,Nhóm 134 — Báo cáo TLATTC CN CTCK nước ngoài tại VN (STT 134),Kỳ báo cáo,Chiều,QLKD,,,,,"Pending - chưa thiết kế nguồn (gap Atomic REPORT_CELL_VALUE, xem O_QLKD_23)"
K_QLKD_3984,DATA EXPLORER,Nhóm 134 — Báo cáo TLATTC CN CTCK nước ngoài tại VN (STT 134),Mã báo cáo,Chiều,QLKD,,,,,"Pending - chưa thiết kế nguồn (gap Atomic REPORT_CELL_VALUE, xem O_QLKD_23)"
K_QLKD_3985,DATA EXPLORER,Nhóm 134 — Báo cáo TLATTC CN CTCK nước ngoài tại VN (STT 134),Tên báo cáo,Chiều,QLKD,,,,,"Pending - chưa thiết kế nguồn (gap Atomic REPORT_CELL_VALUE, xem O_QLKD_23)"
K_QLKD_3986,DATA EXPLORER,Nhóm 134 — Báo cáo TLATTC CN CTCK nước ngoài tại VN (STT 134),Mã sheet,Chiều,QLKD,,,,,"Pending - chưa thiết kế nguồn (gap Atomic REPORT_CELL_VALUE, xem O_QLKD_23)"
K_QLKD_3987,DATA EXPLORER,Nhóm 134 — Báo cáo TLATTC CN CTCK nước ngoài tại VN (STT 134),Tên sheet,Chiều,QLKD,,,,,"Pending - chưa thiết kế nguồn (gap Atomic REPORT_CELL_VALUE, xem O_QLKD_23)"
K_QLKD_3988,DATA EXPLORER,Nhóm 134 — Báo cáo TLATTC CN CTCK nước ngoài tại VN (STT 134),Mã chỉ tiêu,Chiều,QLKD,,,,,"Pending - chưa thiết kế nguồn (gap Atomic REPORT_CELL_VALUE, xem O_QLKD_23)"
K_QLKD_3989,DATA EXPLORER,Nhóm 134 — Báo cáo TLATTC CN CTCK nước ngoài tại VN (STT 134),Tên chỉ tiêu,Chiều,QLKD,,,,,"Pending - chưa thiết kế nguồn (gap Atomic REPORT_CELL_VALUE, xem O_QLKD_23)"
K_QLKD_3990,DATA EXPLORER,Nhóm 134 — Báo cáo TLATTC CN CTCK nước ngoài tại VN (STT 134),"Tiền gửi có kỳ hạn, chứng chỉ tiền gửi, các khoản tiền cho vay không có tài sản bảo đảm, các khoản phải thu từ hoạt động kinh doanh chứng khoán và các khoản mục tiềm ẩn rủi ro thanh toán khác",Cơ sở,QLKD,,,,,"Pending - chưa thiết kế nguồn (gap Atomic REPORT_CELL_VALUE, xem O_QLKD_23)"
K_QLKD_3991,DATA EXPLORER,Nhóm 134 — Báo cáo TLATTC CN CTCK nước ngoài tại VN (STT 134),Cho vay tài sản tài chính /Các thỏa thuận kinh tế có cùng bản chất,Cơ sở,QLKD,,,,,"Pending - chưa thiết kế nguồn (gap Atomic REPORT_CELL_VALUE, xem O_QLKD_23)"
K_QLKD_3992,DATA EXPLORER,Nhóm 134 — Báo cáo TLATTC CN CTCK nước ngoài tại VN (STT 134),Vay tài sản tài chính /Các thỏa thuận kinh tế có cùng bản chất,Cơ sở,QLKD,,,,,"Pending - chưa thiết kế nguồn (gap Atomic REPORT_CELL_VALUE, xem O_QLKD_23)"
K_QLKD_3993,DATA EXPLORER,Nhóm 134 — Báo cáo TLATTC CN CTCK nước ngoài tại VN (STT 134),Hợp đồng mua tài sản tài chính có cam kết bán lại /Các thỏa thuận kinh tế có cùng bản chất,Cơ sở,QLKD,,,,,"Pending - chưa thiết kế nguồn (gap Atomic REPORT_CELL_VALUE, xem O_QLKD_23)"
K_QLKD_3994,DATA EXPLORER,Nhóm 134 — Báo cáo TLATTC CN CTCK nước ngoài tại VN (STT 134),Hợp đồng bán tài sản tài chính có cam kết mua lại /Các thỏa thuận kinh tế có cùng bản chất,Cơ sở,QLKD,,,,,"Pending - chưa thiết kế nguồn (gap Atomic REPORT_CELL_VALUE, xem O_QLKD_23)"
K_QLKD_3995,DATA EXPLORER,Nhóm 134 — Báo cáo TLATTC CN CTCK nước ngoài tại VN (STT 134),TỔNG RỦI RO TRƯỚC THỜI HẠN THANH TOÁN,Cơ sở,QLKD,,,,,"Pending - chưa thiết kế nguồn (gap Atomic REPORT_CELL_VALUE, xem O_QLKD_23)"
K_QLKD_3996,DATA EXPLORER,Nhóm 135 — Báo cáo TLATTC CN CTCK nước ngoài tại VN (STT 135),Loại báo cáo,Chiều,QLKD,,,,,"Pending - chưa thiết kế nguồn (gap Atomic REPORT_CELL_VALUE, xem O_QLKD_23)"
K_QLKD_3997,DATA EXPLORER,Nhóm 135 — Báo cáo TLATTC CN CTCK nước ngoài tại VN (STT 135),Kỳ báo cáo,Chiều,QLKD,,,,,"Pending - chưa thiết kế nguồn (gap Atomic REPORT_CELL_VALUE, xem O_QLKD_23)"
K_QLKD_3998,DATA EXPLORER,Nhóm 135 — Báo cáo TLATTC CN CTCK nước ngoài tại VN (STT 135),Mã báo cáo,Chiều,QLKD,,,,,"Pending - chưa thiết kế nguồn (gap Atomic REPORT_CELL_VALUE, xem O_QLKD_23)"
K_QLKD_3999,DATA EXPLORER,Nhóm 135 — Báo cáo TLATTC CN CTCK nước ngoài tại VN (STT 135),Tên báo cáo,Chiều,QLKD,,,,,"Pending - chưa thiết kế nguồn (gap Atomic REPORT_CELL_VALUE, xem O_QLKD_23)"
K_QLKD_4000,DATA EXPLORER,Nhóm 135 — Báo cáo TLATTC CN CTCK nước ngoài tại VN (STT 135),Mã sheet,Chiều,QLKD,,,,,"Pending - chưa thiết kế nguồn (gap Atomic REPORT_CELL_VALUE, xem O_QLKD_23)"
K_QLKD_4001,DATA EXPLORER,Nhóm 135 — Báo cáo TLATTC CN CTCK nước ngoài tại VN (STT 135),Tên sheet,Chiều,QLKD,,,,,"Pending - chưa thiết kế nguồn (gap Atomic REPORT_CELL_VALUE, xem O_QLKD_23)"
K_QLKD_4002,DATA EXPLORER,Nhóm 135 — Báo cáo TLATTC CN CTCK nước ngoài tại VN (STT 135),Mã chỉ tiêu,Chiều,QLKD,,,,,"Pending - chưa thiết kế nguồn (gap Atomic REPORT_CELL_VALUE, xem O_QLKD_23)"
K_QLKD_4003,DATA EXPLORER,Nhóm 135 — Báo cáo TLATTC CN CTCK nước ngoài tại VN (STT 135),Tên chỉ tiêu,Chiều,QLKD,,,,,"Pending - chưa thiết kế nguồn (gap Atomic REPORT_CELL_VALUE, xem O_QLKD_23)"
K_QLKD_4004,DATA EXPLORER,Nhóm 135 — Báo cáo TLATTC CN CTCK nước ngoài tại VN (STT 135),"Từ 0 đến 15 ngày sau thời hạn thanh toán, chuyển giao chứng khoán",Cơ sở,QLKD,,,,,"Pending - chưa thiết kế nguồn (gap Atomic REPORT_CELL_VALUE, xem O_QLKD_23)"
K_QLKD_4005,DATA EXPLORER,Nhóm 135 — Báo cáo TLATTC CN CTCK nước ngoài tại VN (STT 135),"Từ 16 đến 30 ngày sau thời hạn thanh toán, chuyển giao chứng khoán",Cơ sở,QLKD,,,,,"Pending - chưa thiết kế nguồn (gap Atomic REPORT_CELL_VALUE, xem O_QLKD_23)"
K_QLKD_4006,DATA EXPLORER,Nhóm 135 — Báo cáo TLATTC CN CTCK nước ngoài tại VN (STT 135),"Từ 31 đến 60 ngày sau thời hạn thanh toán, chuyển giao chứng khoán",Cơ sở,QLKD,,,,,"Pending - chưa thiết kế nguồn (gap Atomic REPORT_CELL_VALUE, xem O_QLKD_23)"
K_QLKD_4007,DATA EXPLORER,Nhóm 135 — Báo cáo TLATTC CN CTCK nước ngoài tại VN (STT 135),"Trên 60 ngày sau thời hạn thanh toán,
chuyển giao chứng khoán",Cơ sở,QLKD,,,,,"Pending - chưa thiết kế nguồn (gap Atomic REPORT_CELL_VALUE, xem O_QLKD_23)"
K_QLKD_4008,DATA EXPLORER,Nhóm 135 — Báo cáo TLATTC CN CTCK nước ngoài tại VN (STT 135),TỔNG RỦI RO QUÁ THỜI HẠN THANH TOÁN,Cơ sở,QLKD,,,,,"Pending - chưa thiết kế nguồn (gap Atomic REPORT_CELL_VALUE, xem O_QLKD_23)"
K_QLKD_4009,DATA EXPLORER,Nhóm 136 — Báo cáo TLATTC CN CTCK nước ngoài tại VN (STT 136),Loại báo cáo,Chiều,QLKD,,,,,"Pending - chưa thiết kế nguồn (gap Atomic REPORT_CELL_VALUE, xem O_QLKD_23)"
K_QLKD_4010,DATA EXPLORER,Nhóm 136 — Báo cáo TLATTC CN CTCK nước ngoài tại VN (STT 136),Kỳ báo cáo,Chiều,QLKD,,,,,"Pending - chưa thiết kế nguồn (gap Atomic REPORT_CELL_VALUE, xem O_QLKD_23)"
K_QLKD_4011,DATA EXPLORER,Nhóm 136 — Báo cáo TLATTC CN CTCK nước ngoài tại VN (STT 136),Mã báo cáo,Chiều,QLKD,,,,,"Pending - chưa thiết kế nguồn (gap Atomic REPORT_CELL_VALUE, xem O_QLKD_23)"
K_QLKD_4012,DATA EXPLORER,Nhóm 136 — Báo cáo TLATTC CN CTCK nước ngoài tại VN (STT 136),Tên báo cáo,Chiều,QLKD,,,,,"Pending - chưa thiết kế nguồn (gap Atomic REPORT_CELL_VALUE, xem O_QLKD_23)"
K_QLKD_4013,DATA EXPLORER,Nhóm 136 — Báo cáo TLATTC CN CTCK nước ngoài tại VN (STT 136),Mã sheet,Chiều,QLKD,,,,,"Pending - chưa thiết kế nguồn (gap Atomic REPORT_CELL_VALUE, xem O_QLKD_23)"
K_QLKD_4014,DATA EXPLORER,Nhóm 136 — Báo cáo TLATTC CN CTCK nước ngoài tại VN (STT 136),Tên sheet,Chiều,QLKD,,,,,"Pending - chưa thiết kế nguồn (gap Atomic REPORT_CELL_VALUE, xem O_QLKD_23)"
K_QLKD_4015,DATA EXPLORER,Nhóm 136 — Báo cáo TLATTC CN CTCK nước ngoài tại VN (STT 136),Mã chỉ tiêu,Chiều,QLKD,,,,,"Pending - chưa thiết kế nguồn (gap Atomic REPORT_CELL_VALUE, xem O_QLKD_23)"
K_QLKD_4016,DATA EXPLORER,Nhóm 136 — Báo cáo TLATTC CN CTCK nước ngoài tại VN (STT 136),Tên chỉ tiêu,Chiều,QLKD,,,,,"Pending - chưa thiết kế nguồn (gap Atomic REPORT_CELL_VALUE, xem O_QLKD_23)"
K_QLKD_4017,DATA EXPLORER,Nhóm 136 — Báo cáo TLATTC CN CTCK nước ngoài tại VN (STT 136),"Các hợp đồng, giao dịch, các khoản sử dụng vốn ngoài các giao dịch, hợp đồng được ghi nhận ở các điểm a, b, c, d, đ, e, g khoản 1 Điều 10",Cơ sở,QLKD,,,,,"Pending - chưa thiết kế nguồn (gap Atomic REPORT_CELL_VALUE, xem O_QLKD_23)"
K_QLKD_4018,DATA EXPLORER,Nhóm 136 — Báo cáo TLATTC CN CTCK nước ngoài tại VN (STT 136),"- Hợp đồng, thỏa thuận đặt cọc mua bất động sản, các thỏa thuận kinh tế có cùng bản chất",Cơ sở,QLKD,,,,,"Pending - chưa thiết kế nguồn (gap Atomic REPORT_CELL_VALUE, xem O_QLKD_23)"
K_QLKD_4019,DATA EXPLORER,Nhóm 136 — Báo cáo TLATTC CN CTCK nước ngoài tại VN (STT 136),"- Các khoản cho vay, phải thu khách hàng khác không thuộc điểm đ, g khoản 1 Điều 10",Cơ sở,QLKD,,,,,"Pending - chưa thiết kế nguồn (gap Atomic REPORT_CELL_VALUE, xem O_QLKD_23)"
K_QLKD_4020,DATA EXPLORER,Nhóm 136 — Báo cáo TLATTC CN CTCK nước ngoài tại VN (STT 136),"- Các hợp đồng, giao dịch khác",Cơ sở,QLKD,,,,,"Pending - chưa thiết kế nguồn (gap Atomic REPORT_CELL_VALUE, xem O_QLKD_23)"
K_QLKD_4021,DATA EXPLORER,Nhóm 136 — Báo cáo TLATTC CN CTCK nước ngoài tại VN (STT 136),- Khoản tạm ứng,Cơ sở,QLKD,,,,,"Pending - chưa thiết kế nguồn (gap Atomic REPORT_CELL_VALUE, xem O_QLKD_23)"
K_QLKD_4022,DATA EXPLORER,Nhóm 136 — Báo cáo TLATTC CN CTCK nước ngoài tại VN (STT 136),Chiếm từ 0% đến 2% vốn chủ sở hữu tại thời điểm tính toán,Cơ sở,QLKD,,,,,"Pending - chưa thiết kế nguồn (gap Atomic REPORT_CELL_VALUE, xem O_QLKD_23)"
K_QLKD_4023,DATA EXPLORER,Nhóm 136 — Báo cáo TLATTC CN CTCK nước ngoài tại VN (STT 136),Chiếm trên 2% đến dưới 5% vốn chủ sở hữu tại thời điểm tính toán,Cơ sở,QLKD,,,,,"Pending - chưa thiết kế nguồn (gap Atomic REPORT_CELL_VALUE, xem O_QLKD_23)"
K_QLKD_4024,DATA EXPLORER,Nhóm 136 — Báo cáo TLATTC CN CTCK nước ngoài tại VN (STT 136),Chiếm từ 5% trở lên vốn chủ sở hữu tại thời điểm tính toán.,Cơ sở,QLKD,,,,,"Pending - chưa thiết kế nguồn (gap Atomic REPORT_CELL_VALUE, xem O_QLKD_23)"
K_QLKD_4025,DATA EXPLORER,Nhóm 136 — Báo cáo TLATTC CN CTCK nước ngoài tại VN (STT 136),"TỔNG RỦI RO HỢP ĐỒNG, GIAO DỊCH KHÁC",Cơ sở,QLKD,,,,,"Pending - chưa thiết kế nguồn (gap Atomic REPORT_CELL_VALUE, xem O_QLKD_23)"
K_QLKD_4026,DATA EXPLORER,Nhóm 137 — Báo cáo TLATTC CN CTCK nước ngoài tại VN (STT 137),Loại báo cáo,Chiều,QLKD,,,,,"Pending - chưa thiết kế nguồn (gap Atomic REPORT_CELL_VALUE, xem O_QLKD_23)"
K_QLKD_4027,DATA EXPLORER,Nhóm 137 — Báo cáo TLATTC CN CTCK nước ngoài tại VN (STT 137),Kỳ báo cáo,Chiều,QLKD,,,,,"Pending - chưa thiết kế nguồn (gap Atomic REPORT_CELL_VALUE, xem O_QLKD_23)"
K_QLKD_4028,DATA EXPLORER,Nhóm 137 — Báo cáo TLATTC CN CTCK nước ngoài tại VN (STT 137),Mã báo cáo,Chiều,QLKD,,,,,"Pending - chưa thiết kế nguồn (gap Atomic REPORT_CELL_VALUE, xem O_QLKD_23)"
K_QLKD_4029,DATA EXPLORER,Nhóm 137 — Báo cáo TLATTC CN CTCK nước ngoài tại VN (STT 137),Tên báo cáo,Chiều,QLKD,,,,,"Pending - chưa thiết kế nguồn (gap Atomic REPORT_CELL_VALUE, xem O_QLKD_23)"
K_QLKD_4030,DATA EXPLORER,Nhóm 137 — Báo cáo TLATTC CN CTCK nước ngoài tại VN (STT 137),Mã sheet,Chiều,QLKD,,,,,"Pending - chưa thiết kế nguồn (gap Atomic REPORT_CELL_VALUE, xem O_QLKD_23)"
K_QLKD_4031,DATA EXPLORER,Nhóm 137 — Báo cáo TLATTC CN CTCK nước ngoài tại VN (STT 137),Tên sheet,Chiều,QLKD,,,,,"Pending - chưa thiết kế nguồn (gap Atomic REPORT_CELL_VALUE, xem O_QLKD_23)"
K_QLKD_4032,DATA EXPLORER,Nhóm 137 — Báo cáo TLATTC CN CTCK nước ngoài tại VN (STT 137),Mã chỉ tiêu,Chiều,QLKD,,,,,"Pending - chưa thiết kế nguồn (gap Atomic REPORT_CELL_VALUE, xem O_QLKD_23)"
K_QLKD_4033,DATA EXPLORER,Nhóm 137 — Báo cáo TLATTC CN CTCK nước ngoài tại VN (STT 137),Tên chỉ tiêu,Chiều,QLKD,,,,,"Pending - chưa thiết kế nguồn (gap Atomic REPORT_CELL_VALUE, xem O_QLKD_23)"
K_QLKD_4034,DATA EXPLORER,Nhóm 137 — Báo cáo TLATTC CN CTCK nước ngoài tại VN (STT 137),Chi tiết tới từng đối tượng,Cơ sở,QLKD,,,,,"Pending - chưa thiết kế nguồn (gap Atomic REPORT_CELL_VALUE, xem O_QLKD_23)"
K_QLKD_4035,DATA EXPLORER,Nhóm 137 — Báo cáo TLATTC CN CTCK nước ngoài tại VN (STT 137),Hệ số rủi ro (%),Cơ sở,QLKD,,,,,"Pending - chưa thiết kế nguồn (gap Atomic REPORT_CELL_VALUE, xem O_QLKD_23)"
K_QLKD_4036,DATA EXPLORER,Nhóm 137 — Báo cáo TLATTC CN CTCK nước ngoài tại VN (STT 137),Quy mô rủi ro,Cơ sở,QLKD,,,,,"Pending - chưa thiết kế nguồn (gap Atomic REPORT_CELL_VALUE, xem O_QLKD_23)"
K_QLKD_4037,DATA EXPLORER,Nhóm 137 — Báo cáo TLATTC CN CTCK nước ngoài tại VN (STT 137),Giá trị rủi ro,Cơ sở,QLKD,,,,,"Pending - chưa thiết kế nguồn (gap Atomic REPORT_CELL_VALUE, xem O_QLKD_23)"
K_QLKD_4038,DATA EXPLORER,Nhóm 138 — Báo cáo TLATTC CN CTCK nước ngoài tại VN (STT 138),Loại báo cáo,Chiều,QLKD,,,,,"Pending - chưa thiết kế nguồn (gap Atomic REPORT_CELL_VALUE, xem O_QLKD_23)"
K_QLKD_4039,DATA EXPLORER,Nhóm 138 — Báo cáo TLATTC CN CTCK nước ngoài tại VN (STT 138),Kỳ báo cáo,Chiều,QLKD,,,,,"Pending - chưa thiết kế nguồn (gap Atomic REPORT_CELL_VALUE, xem O_QLKD_23)"
K_QLKD_4040,DATA EXPLORER,Nhóm 138 — Báo cáo TLATTC CN CTCK nước ngoài tại VN (STT 138),Mã báo cáo,Chiều,QLKD,,,,,"Pending - chưa thiết kế nguồn (gap Atomic REPORT_CELL_VALUE, xem O_QLKD_23)"
K_QLKD_4041,DATA EXPLORER,Nhóm 138 — Báo cáo TLATTC CN CTCK nước ngoài tại VN (STT 138),Tên báo cáo,Chiều,QLKD,,,,,"Pending - chưa thiết kế nguồn (gap Atomic REPORT_CELL_VALUE, xem O_QLKD_23)"
K_QLKD_4042,DATA EXPLORER,Nhóm 138 — Báo cáo TLATTC CN CTCK nước ngoài tại VN (STT 138),Mã sheet,Chiều,QLKD,,,,,"Pending - chưa thiết kế nguồn (gap Atomic REPORT_CELL_VALUE, xem O_QLKD_23)"
K_QLKD_4043,DATA EXPLORER,Nhóm 138 — Báo cáo TLATTC CN CTCK nước ngoài tại VN (STT 138),Tên sheet,Chiều,QLKD,,,,,"Pending - chưa thiết kế nguồn (gap Atomic REPORT_CELL_VALUE, xem O_QLKD_23)"
K_QLKD_4044,DATA EXPLORER,Nhóm 138 — Báo cáo TLATTC CN CTCK nước ngoài tại VN (STT 138),Mã chỉ tiêu,Chiều,QLKD,,,,,"Pending - chưa thiết kế nguồn (gap Atomic REPORT_CELL_VALUE, xem O_QLKD_23)"
K_QLKD_4045,DATA EXPLORER,Nhóm 138 — Báo cáo TLATTC CN CTCK nước ngoài tại VN (STT 138),Tên chỉ tiêu,Chiều,QLKD,,,,,"Pending - chưa thiết kế nguồn (gap Atomic REPORT_CELL_VALUE, xem O_QLKD_23)"
K_QLKD_4046,DATA EXPLORER,Nhóm 138 — Báo cáo TLATTC CN CTCK nước ngoài tại VN (STT 138),RỦI RO HOẠT ĐỘNG,Cơ sở,QLKD,,,,,"Pending - chưa thiết kế nguồn (gap Atomic REPORT_CELL_VALUE, xem O_QLKD_23)"
K_QLKD_4047,DATA EXPLORER,Nhóm 138 — Báo cáo TLATTC CN CTCK nước ngoài tại VN (STT 138),Tổng chi phí hoạt động phát sinh trong vòng 12 tháng tính tới tháng xx năm 20xx,Cơ sở,QLKD,,,,,"Pending - chưa thiết kế nguồn (gap Atomic REPORT_CELL_VALUE, xem O_QLKD_23)"
K_QLKD_4048,DATA EXPLORER,Nhóm 138 — Báo cáo TLATTC CN CTCK nước ngoài tại VN (STT 138),Các khoản giảm trừ khỏi tổng chi phí,Cơ sở,QLKD,,,,,"Pending - chưa thiết kế nguồn (gap Atomic REPORT_CELL_VALUE, xem O_QLKD_23)"
K_QLKD_4049,DATA EXPLORER,Nhóm 138 — Báo cáo TLATTC CN CTCK nước ngoài tại VN (STT 138),Chi phí khấu hao,Cơ sở,QLKD,,,,,"Pending - chưa thiết kế nguồn (gap Atomic REPORT_CELL_VALUE, xem O_QLKD_23)"
K_QLKD_4050,DATA EXPLORER,Nhóm 138 — Báo cáo TLATTC CN CTCK nước ngoài tại VN (STT 138),Chi phí/Hoàn nhập dự phòng suy giảm giá trị các tài sản tài chính và tài sản thế chấp,Cơ sở,QLKD,,,,,"Pending - chưa thiết kế nguồn (gap Atomic REPORT_CELL_VALUE, xem O_QLKD_23)"
K_QLKD_4051,DATA EXPLORER,Nhóm 138 — Báo cáo TLATTC CN CTCK nước ngoài tại VN (STT 138),Chi phí/Hoàn nhập dự phòng suy giảm giá trị các tài sản tài chính dài hạn,Cơ sở,QLKD,,,,,"Pending - chưa thiết kế nguồn (gap Atomic REPORT_CELL_VALUE, xem O_QLKD_23)"
K_QLKD_4052,DATA EXPLORER,Nhóm 138 — Báo cáo TLATTC CN CTCK nước ngoài tại VN (STT 138),Chi phí/Hoàn nhập dự phòng suy giảm giá trị các khoản phải thu,Cơ sở,QLKD,,,,,"Pending - chưa thiết kế nguồn (gap Atomic REPORT_CELL_VALUE, xem O_QLKD_23)"
K_QLKD_4053,DATA EXPLORER,Nhóm 138 — Báo cáo TLATTC CN CTCK nước ngoài tại VN (STT 138),Chi phí chênh lệch giảm về đánh giá lại các tài sản tài chính ghi nhận thông qua lãi/lỗ,Cơ sở,QLKD,,,,,"Pending - chưa thiết kế nguồn (gap Atomic REPORT_CELL_VALUE, xem O_QLKD_23)"
K_QLKD_4054,DATA EXPLORER,Nhóm 138 — Báo cáo TLATTC CN CTCK nước ngoài tại VN (STT 138),Chi phí/Hoàn nhập dự phòng suy giảm giá trị tài sản ngắn hạn khác,Cơ sở,QLKD,,,,,"Pending - chưa thiết kế nguồn (gap Atomic REPORT_CELL_VALUE, xem O_QLKD_23)"
K_QLKD_4055,DATA EXPLORER,Nhóm 138 — Báo cáo TLATTC CN CTCK nước ngoài tại VN (STT 138),Chi phí lãi vay,Cơ sở,QLKD,,,,,"Pending - chưa thiết kế nguồn (gap Atomic REPORT_CELL_VALUE, xem O_QLKD_23)"
K_QLKD_4056,DATA EXPLORER,Nhóm 138 — Báo cáo TLATTC CN CTCK nước ngoài tại VN (STT 138),Chi phí chênh lệch do đánh giá lại phải trả chứng quyền đang lưu hành,Cơ sở,QLKD,,,,,"Pending - chưa thiết kế nguồn (gap Atomic REPORT_CELL_VALUE, xem O_QLKD_23)"
K_QLKD_4057,DATA EXPLORER,Nhóm 138 — Báo cáo TLATTC CN CTCK nước ngoài tại VN (STT 138),Chi phí hoặc thu nhập khoản chênh lệch tỷ giá hối đoái chưa thực hiện,Cơ sở,QLKD,,,,,"Pending - chưa thiết kế nguồn (gap Atomic REPORT_CELL_VALUE, xem O_QLKD_23)"
K_QLKD_4058,DATA EXPLORER,Nhóm 138 — Báo cáo TLATTC CN CTCK nước ngoài tại VN (STT 138),Chi phí tài chính và các chi phí không bằng tiền khác trong hoạt động kinh doanh của công ty,Cơ sở,QLKD,,,,,"Pending - chưa thiết kế nguồn (gap Atomic REPORT_CELL_VALUE, xem O_QLKD_23)"
K_QLKD_4059,DATA EXPLORER,Nhóm 138 — Báo cáo TLATTC CN CTCK nước ngoài tại VN (STT 138),Tổng chi phí sau khi giảm trừ (III = I – II),Cơ sở,QLKD,,,,,"Pending - chưa thiết kế nguồn (gap Atomic REPORT_CELL_VALUE, xem O_QLKD_23)"
K_QLKD_4060,DATA EXPLORER,Nhóm 138 — Báo cáo TLATTC CN CTCK nước ngoài tại VN (STT 138),25% Tổng chi phí sau khi giảm trừ (IV = 25% III),Cơ sở,QLKD,,,,,"Pending - chưa thiết kế nguồn (gap Atomic REPORT_CELL_VALUE, xem O_QLKD_23)"
K_QLKD_4061,DATA EXPLORER,Nhóm 138 — Báo cáo TLATTC CN CTCK nước ngoài tại VN (STT 138),20% vốn điều lệ tối thiểu cho các nghiệp vụ kinh doanh của công ty chứng khoán,Cơ sở,QLKD,,,,,"Pending - chưa thiết kế nguồn (gap Atomic REPORT_CELL_VALUE, xem O_QLKD_23)"
K_QLKD_4062,DATA EXPLORER,Nhóm 138 — Báo cáo TLATTC CN CTCK nước ngoài tại VN (STT 138),"TỔNG GIÁ TRỊ RỦI RO HOẠT ĐỘNG (MAX {IV, V})",Cơ sở,QLKD,,,,,"Pending - chưa thiết kế nguồn (gap Atomic REPORT_CELL_VALUE, xem O_QLKD_23)"
K_QLKD_4063,DATA EXPLORER,Nhóm 139 — Báo cáo TLATTC CN CTCK nước ngoài tại VN (STT 139),Loại báo cáo,Chiều,QLKD,,,,,"Pending - chưa thiết kế nguồn (gap Atomic REPORT_CELL_VALUE, xem O_QLKD_23)"
K_QLKD_4064,DATA EXPLORER,Nhóm 139 — Báo cáo TLATTC CN CTCK nước ngoài tại VN (STT 139),Kỳ báo cáo,Chiều,QLKD,,,,,"Pending - chưa thiết kế nguồn (gap Atomic REPORT_CELL_VALUE, xem O_QLKD_23)"
K_QLKD_4065,DATA EXPLORER,Nhóm 139 — Báo cáo TLATTC CN CTCK nước ngoài tại VN (STT 139),Mã báo cáo,Chiều,QLKD,,,,,"Pending - chưa thiết kế nguồn (gap Atomic REPORT_CELL_VALUE, xem O_QLKD_23)"
K_QLKD_4066,DATA EXPLORER,Nhóm 139 — Báo cáo TLATTC CN CTCK nước ngoài tại VN (STT 139),Tên báo cáo,Chiều,QLKD,,,,,"Pending - chưa thiết kế nguồn (gap Atomic REPORT_CELL_VALUE, xem O_QLKD_23)"
K_QLKD_4067,DATA EXPLORER,Nhóm 139 — Báo cáo TLATTC CN CTCK nước ngoài tại VN (STT 139),Mã sheet,Chiều,QLKD,,,,,"Pending - chưa thiết kế nguồn (gap Atomic REPORT_CELL_VALUE, xem O_QLKD_23)"
K_QLKD_4068,DATA EXPLORER,Nhóm 139 — Báo cáo TLATTC CN CTCK nước ngoài tại VN (STT 139),Tên sheet,Chiều,QLKD,,,,,"Pending - chưa thiết kế nguồn (gap Atomic REPORT_CELL_VALUE, xem O_QLKD_23)"
K_QLKD_4069,DATA EXPLORER,Nhóm 139 — Báo cáo TLATTC CN CTCK nước ngoài tại VN (STT 139),Mã chỉ tiêu,Chiều,QLKD,,,,,"Pending - chưa thiết kế nguồn (gap Atomic REPORT_CELL_VALUE, xem O_QLKD_23)"
K_QLKD_4070,DATA EXPLORER,Nhóm 139 — Báo cáo TLATTC CN CTCK nước ngoài tại VN (STT 139),Tên chỉ tiêu,Chiều,QLKD,,,,,"Pending - chưa thiết kế nguồn (gap Atomic REPORT_CELL_VALUE, xem O_QLKD_23)"
K_QLKD_4071,DATA EXPLORER,Nhóm 139 — Báo cáo TLATTC CN CTCK nước ngoài tại VN (STT 139),Tổng giá trị rủi ro thị trường,Cơ sở,QLKD,,,,,"Pending - chưa thiết kế nguồn (gap Atomic REPORT_CELL_VALUE, xem O_QLKD_23)"
K_QLKD_4072,DATA EXPLORER,Nhóm 139 — Báo cáo TLATTC CN CTCK nước ngoài tại VN (STT 139),Tổng giá trị rủi ro thanh toán,Cơ sở,QLKD,,,,,"Pending - chưa thiết kế nguồn (gap Atomic REPORT_CELL_VALUE, xem O_QLKD_23)"
K_QLKD_4073,DATA EXPLORER,Nhóm 139 — Báo cáo TLATTC CN CTCK nước ngoài tại VN (STT 139),Tổng giá trị rủi ro hoạt động,Cơ sở,QLKD,,,,,"Pending - chưa thiết kế nguồn (gap Atomic REPORT_CELL_VALUE, xem O_QLKD_23)"
K_QLKD_4074,DATA EXPLORER,Nhóm 139 — Báo cáo TLATTC CN CTCK nước ngoài tại VN (STT 139),Tổng giá trị rủi ro (4=1+2+3),Cơ sở,QLKD,,,,,"Pending - chưa thiết kế nguồn (gap Atomic REPORT_CELL_VALUE, xem O_QLKD_23)"
K_QLKD_4075,DATA EXPLORER,Nhóm 139 — Báo cáo TLATTC CN CTCK nước ngoài tại VN (STT 139),Vốn khả dụng,Cơ sở,QLKD,,,,,"Pending - chưa thiết kế nguồn (gap Atomic REPORT_CELL_VALUE, xem O_QLKD_23)"
K_QLKD_4076,DATA EXPLORER,Nhóm 139 — Báo cáo TLATTC CN CTCK nước ngoài tại VN (STT 139),Tỷ lệ Vốn khả dụng (6=5/4),Cơ sở,QLKD,,,,,"Pending - chưa thiết kế nguồn (gap Atomic REPORT_CELL_VALUE, xem O_QLKD_23)"
K_QLKD_4077,DATA EXPLORER,Nhóm 140 — Báo cáo hoạt động VPĐD CTCK nước ngoài tại VN (STT 140),Loại báo cáo,Chiều,QLKD,,,,,"Pending - chưa thiết kế nguồn (gap Atomic REPORT_CELL_VALUE, xem O_QLKD_23)"
K_QLKD_4078,DATA EXPLORER,Nhóm 140 — Báo cáo hoạt động VPĐD CTCK nước ngoài tại VN (STT 140),Kỳ báo cáo,Chiều,QLKD,,,,,"Pending - chưa thiết kế nguồn (gap Atomic REPORT_CELL_VALUE, xem O_QLKD_23)"
K_QLKD_4079,DATA EXPLORER,Nhóm 140 — Báo cáo hoạt động VPĐD CTCK nước ngoài tại VN (STT 140),Mã báo cáo,Chiều,QLKD,,,,,"Pending - chưa thiết kế nguồn (gap Atomic REPORT_CELL_VALUE, xem O_QLKD_23)"
K_QLKD_4080,DATA EXPLORER,Nhóm 140 — Báo cáo hoạt động VPĐD CTCK nước ngoài tại VN (STT 140),Tên báo cáo,Chiều,QLKD,,,,,"Pending - chưa thiết kế nguồn (gap Atomic REPORT_CELL_VALUE, xem O_QLKD_23)"
K_QLKD_4081,DATA EXPLORER,Nhóm 140 — Báo cáo hoạt động VPĐD CTCK nước ngoài tại VN (STT 140),Mã sheet,Cơ sở,QLKD,,,,,"Pending - chưa thiết kế nguồn (gap Atomic REPORT_CELL_VALUE, xem O_QLKD_23)"
K_QLKD_4082,DATA EXPLORER,Nhóm 140 — Báo cáo hoạt động VPĐD CTCK nước ngoài tại VN (STT 140),Tên sheet,Cơ sở,QLKD,,,,,"Pending - chưa thiết kế nguồn (gap Atomic REPORT_CELL_VALUE, xem O_QLKD_23)"
K_QLKD_4083,DATA EXPLORER,Nhóm 140 — Báo cáo hoạt động VPĐD CTCK nước ngoài tại VN (STT 140),Mã chỉ tiêu,Chiều,QLKD,,,,,"Pending - chưa thiết kế nguồn (gap Atomic REPORT_CELL_VALUE, xem O_QLKD_23)"
K_QLKD_4084,DATA EXPLORER,Nhóm 140 — Báo cáo hoạt động VPĐD CTCK nước ngoài tại VN (STT 140),Tên chỉ tiêu,Chiều,QLKD,,,,,"Pending - chưa thiết kế nguồn (gap Atomic REPORT_CELL_VALUE, xem O_QLKD_23)"
K_QLKD_4085,DATA EXPLORER,Nhóm 140 — Báo cáo hoạt động VPĐD CTCK nước ngoài tại VN (STT 140),Nhân sự của văn phòng đại diện >> Trưởng văn phòng đại diện >> Họ và tên,Cơ sở,QLKD,,,,,"Pending - chưa thiết kế nguồn (gap Atomic REPORT_CELL_VALUE, xem O_QLKD_23)"
K_QLKD_4086,DATA EXPLORER,Nhóm 140 — Báo cáo hoạt động VPĐD CTCK nước ngoài tại VN (STT 140),Nhân sự của văn phòng đại diện >> Trưởng văn phòng đại diện >> Giới tính,Cơ sở,QLKD,,,,,"Pending - chưa thiết kế nguồn (gap Atomic REPORT_CELL_VALUE, xem O_QLKD_23)"
K_QLKD_4087,DATA EXPLORER,Nhóm 140 — Báo cáo hoạt động VPĐD CTCK nước ngoài tại VN (STT 140),Nhân sự của văn phòng đại diện >> Trưởng văn phòng đại diện >> Quốc tịch,Cơ sở,QLKD,,,,,"Pending - chưa thiết kế nguồn (gap Atomic REPORT_CELL_VALUE, xem O_QLKD_23)"
K_QLKD_4088,DATA EXPLORER,Nhóm 140 — Báo cáo hoạt động VPĐD CTCK nước ngoài tại VN (STT 140),Nhân sự của văn phòng đại diện >> Trưởng văn phòng đại diện >> Số định danh cá nhân/Số hộ chiếu,Cơ sở,QLKD,,,,,"Pending - chưa thiết kế nguồn (gap Atomic REPORT_CELL_VALUE, xem O_QLKD_23)"
K_QLKD_4089,DATA EXPLORER,Nhóm 140 — Báo cáo hoạt động VPĐD CTCK nước ngoài tại VN (STT 140),Nhân sự của văn phòng đại diện >> Trưởng văn phòng đại diện >> Ngày cấp,Cơ sở,QLKD,,,,,"Pending - chưa thiết kế nguồn (gap Atomic REPORT_CELL_VALUE, xem O_QLKD_23)"
K_QLKD_4090,DATA EXPLORER,Nhóm 140 — Báo cáo hoạt động VPĐD CTCK nước ngoài tại VN (STT 140),Nhân sự của văn phòng đại diện >> Trưởng văn phòng đại diện >> Nơi đăng ký lưu trú/Nơi đăng ký hộ khẩu thường trú,Cơ sở,QLKD,,,,,"Pending - chưa thiết kế nguồn (gap Atomic REPORT_CELL_VALUE, xem O_QLKD_23)"
K_QLKD_4091,DATA EXPLORER,Nhóm 140 — Báo cáo hoạt động VPĐD CTCK nước ngoài tại VN (STT 140),Nhân sự của văn phòng đại diện >> Lao động nước ngoài làm việc tại văn phòng đại diện >> Họ và tên,Cơ sở,QLKD,,,,,"Pending - chưa thiết kế nguồn (gap Atomic REPORT_CELL_VALUE, xem O_QLKD_23)"
K_QLKD_4092,DATA EXPLORER,Nhóm 140 — Báo cáo hoạt động VPĐD CTCK nước ngoài tại VN (STT 140),Nhân sự của văn phòng đại diện >> Lao động nước ngoài làm việc tại văn phòng đại diện >> Giới tính,Cơ sở,QLKD,,,,,"Pending - chưa thiết kế nguồn (gap Atomic REPORT_CELL_VALUE, xem O_QLKD_23)"
K_QLKD_4093,DATA EXPLORER,Nhóm 140 — Báo cáo hoạt động VPĐD CTCK nước ngoài tại VN (STT 140),Nhân sự của văn phòng đại diện >> Lao động nước ngoài làm việc tại văn phòng đại diện >> Quốc tịch,Cơ sở,QLKD,,,,,"Pending - chưa thiết kế nguồn (gap Atomic REPORT_CELL_VALUE, xem O_QLKD_23)"
K_QLKD_4094,DATA EXPLORER,Nhóm 140 — Báo cáo hoạt động VPĐD CTCK nước ngoài tại VN (STT 140),Nhân sự của văn phòng đại diện >> Lao động nước ngoài làm việc tại văn phòng đại diện >> Số hộ chiếu,Cơ sở,QLKD,,,,,"Pending - chưa thiết kế nguồn (gap Atomic REPORT_CELL_VALUE, xem O_QLKD_23)"
K_QLKD_4095,DATA EXPLORER,Nhóm 140 — Báo cáo hoạt động VPĐD CTCK nước ngoài tại VN (STT 140),Nhân sự của văn phòng đại diện >> Lao động nước ngoài làm việc tại văn phòng đại diện >> Ngày cấp,Cơ sở,QLKD,,,,,"Pending - chưa thiết kế nguồn (gap Atomic REPORT_CELL_VALUE, xem O_QLKD_23)"
K_QLKD_4096,DATA EXPLORER,Nhóm 140 — Báo cáo hoạt động VPĐD CTCK nước ngoài tại VN (STT 140),Nhân sự của văn phòng đại diện >> Lao động nước ngoài làm việc tại văn phòng đại diện >> Nơi cấp,Cơ sở,QLKD,,,,,"Pending - chưa thiết kế nguồn (gap Atomic REPORT_CELL_VALUE, xem O_QLKD_23)"
K_QLKD_4097,DATA EXPLORER,Nhóm 140 — Báo cáo hoạt động VPĐD CTCK nước ngoài tại VN (STT 140),Nhân sự của văn phòng đại diện >> Lao động nước ngoài làm việc tại văn phòng đại diện >> Chức danh,Cơ sở,QLKD,,,,,"Pending - chưa thiết kế nguồn (gap Atomic REPORT_CELL_VALUE, xem O_QLKD_23)"
K_QLKD_4098,DATA EXPLORER,Nhóm 140 — Báo cáo hoạt động VPĐD CTCK nước ngoài tại VN (STT 140),Nhân sự của văn phòng đại diện >> Lao động Việt Nam làm việc tại văn phòng đại diện >> Họ và tên,Cơ sở,QLKD,,,,,"Pending - chưa thiết kế nguồn (gap Atomic REPORT_CELL_VALUE, xem O_QLKD_23)"
K_QLKD_4099,DATA EXPLORER,Nhóm 140 — Báo cáo hoạt động VPĐD CTCK nước ngoài tại VN (STT 140),Nhân sự của văn phòng đại diện >> Lao động Việt Nam làm việc tại văn phòng đại diện >> Giới tính,Cơ sở,QLKD,,,,,"Pending - chưa thiết kế nguồn (gap Atomic REPORT_CELL_VALUE, xem O_QLKD_23)"
K_QLKD_4100,DATA EXPLORER,Nhóm 140 — Báo cáo hoạt động VPĐD CTCK nước ngoài tại VN (STT 140),Nhân sự của văn phòng đại diện >> Lao động Việt Nam làm việc tại văn phòng đại diện >> Quốc tịch,Cơ sở,QLKD,,,,,"Pending - chưa thiết kế nguồn (gap Atomic REPORT_CELL_VALUE, xem O_QLKD_23)"
K_QLKD_4101,DATA EXPLORER,Nhóm 140 — Báo cáo hoạt động VPĐD CTCK nước ngoài tại VN (STT 140),Nhân sự của văn phòng đại diện >> Lao động Việt Nam làm việc tại văn phòng đại diện >> Số hộ chiếu,Cơ sở,QLKD,,,,,"Pending - chưa thiết kế nguồn (gap Atomic REPORT_CELL_VALUE, xem O_QLKD_23)"
K_QLKD_4102,DATA EXPLORER,Nhóm 140 — Báo cáo hoạt động VPĐD CTCK nước ngoài tại VN (STT 140),Nhân sự của văn phòng đại diện >> Lao động Việt Nam làm việc tại văn phòng đại diện >> Ngày cấp,Cơ sở,QLKD,,,,,"Pending - chưa thiết kế nguồn (gap Atomic REPORT_CELL_VALUE, xem O_QLKD_23)"
K_QLKD_4103,DATA EXPLORER,Nhóm 140 — Báo cáo hoạt động VPĐD CTCK nước ngoài tại VN (STT 140),Nhân sự của văn phòng đại diện >> Lao động Việt Nam làm việc tại văn phòng đại diện >> Nơi cấp,Cơ sở,QLKD,,,,,"Pending - chưa thiết kế nguồn (gap Atomic REPORT_CELL_VALUE, xem O_QLKD_23)"
K_QLKD_4104,DATA EXPLORER,Nhóm 140 — Báo cáo hoạt động VPĐD CTCK nước ngoài tại VN (STT 140),Nhân sự của văn phòng đại diện >> Lao động Việt Nam làm việc tại văn phòng đại diện >> Chức danh,Cơ sở,QLKD,,,,,"Pending - chưa thiết kế nguồn (gap Atomic REPORT_CELL_VALUE, xem O_QLKD_23)"
K_QLKD_4105,DATA EXPLORER,Nhóm 140 — Báo cáo hoạt động VPĐD CTCK nước ngoài tại VN (STT 140),Nhân sự của văn phòng đại diện >> Tình hình thay đổi nhân sự trong kỳ báo cáo >> Thay đổi Trưởng đại diện,Cơ sở,QLKD,,,,,"Pending - chưa thiết kế nguồn (gap Atomic REPORT_CELL_VALUE, xem O_QLKD_23)"
K_QLKD_4106,DATA EXPLORER,Nhóm 140 — Báo cáo hoạt động VPĐD CTCK nước ngoài tại VN (STT 140),Nhân sự của văn phòng đại diện >> Tình hình thay đổi nhân sự trong kỳ báo cáo >> Thay đổi số lao động nước ngoài làm việc tại văn phòng đại diện,Cơ sở,QLKD,,,,,"Pending - chưa thiết kế nguồn (gap Atomic REPORT_CELL_VALUE, xem O_QLKD_23)"
K_QLKD_4107,DATA EXPLORER,Nhóm 140 — Báo cáo hoạt động VPĐD CTCK nước ngoài tại VN (STT 140),Nhân sự của văn phòng đại diện >> Tình hình thay đổi nhân sự trong kỳ báo cáo >> Thay đổi số lao động Việt Nam làm việc tại văn phòng đại diện,Cơ sở,QLKD,,,,,"Pending - chưa thiết kế nguồn (gap Atomic REPORT_CELL_VALUE, xem O_QLKD_23)"
K_QLKD_4108,DATA EXPLORER,Nhóm 140 — Báo cáo hoạt động VPĐD CTCK nước ngoài tại VN (STT 140),"Nhân sự của văn phòng đại diện >> Tình hình thực hiện chế độ đối với người lao động làm việc tại văn phòng đại diện: lương, thưởng, bảo hiểm, các hoạt động khác",Cơ sở,QLKD,,,,,"Pending - chưa thiết kế nguồn (gap Atomic REPORT_CELL_VALUE, xem O_QLKD_23)"
K_QLKD_4109,DATA EXPLORER,Nhóm 140 — Báo cáo hoạt động VPĐD CTCK nước ngoài tại VN (STT 140),Hoạt động của văn phòng đại diện >> Xúc tiến xây dựng các dự án hợp tác >> Đối tác Việt Nam,Cơ sở,QLKD,,,,,"Pending - chưa thiết kế nguồn (gap Atomic REPORT_CELL_VALUE, xem O_QLKD_23)"
K_QLKD_4110,DATA EXPLORER,Nhóm 140 — Báo cáo hoạt động VPĐD CTCK nước ngoài tại VN (STT 140),Hoạt động của văn phòng đại diện >> Xúc tiến xây dựng các dự án hợp tác >> Mục tiêu của Dự án,Cơ sở,QLKD,,,,,"Pending - chưa thiết kế nguồn (gap Atomic REPORT_CELL_VALUE, xem O_QLKD_23)"
K_QLKD_4111,DATA EXPLORER,Nhóm 140 — Báo cáo hoạt động VPĐD CTCK nước ngoài tại VN (STT 140),Hoạt động của văn phòng đại diện >> Xúc tiến xây dựng các dự án hợp tác >> Giá trị (USD),Cơ sở,QLKD,,,,,"Pending - chưa thiết kế nguồn (gap Atomic REPORT_CELL_VALUE, xem O_QLKD_23)"
K_QLKD_4112,DATA EXPLORER,Nhóm 140 — Báo cáo hoạt động VPĐD CTCK nước ngoài tại VN (STT 140),Hoạt động của văn phòng đại diện >> Xúc tiến xây dựng các dự án hợp tác >> Ghi chú,Cơ sở,QLKD,,,,,"Pending - chưa thiết kế nguồn (gap Atomic REPORT_CELL_VALUE, xem O_QLKD_23)"
K_QLKD_4113,DATA EXPLORER,Nhóm 140 — Báo cáo hoạt động VPĐD CTCK nước ngoài tại VN (STT 140),Hoạt động của văn phòng đại diện >> Nghiên cứu thị trường >> Đối tác Việt Nam,Cơ sở,QLKD,,,,,"Pending - chưa thiết kế nguồn (gap Atomic REPORT_CELL_VALUE, xem O_QLKD_23)"
K_QLKD_4114,DATA EXPLORER,Nhóm 140 — Báo cáo hoạt động VPĐD CTCK nước ngoài tại VN (STT 140),Hoạt động của văn phòng đại diện >> Nghiên cứu thị trường >> Mục tiêu của Dự án,Cơ sở,QLKD,,,,,"Pending - chưa thiết kế nguồn (gap Atomic REPORT_CELL_VALUE, xem O_QLKD_23)"
K_QLKD_4115,DATA EXPLORER,Nhóm 140 — Báo cáo hoạt động VPĐD CTCK nước ngoài tại VN (STT 140),Hoạt động của văn phòng đại diện >> Nghiên cứu thị trường >> Giá trị (USD),Cơ sở,QLKD,,,,,"Pending - chưa thiết kế nguồn (gap Atomic REPORT_CELL_VALUE, xem O_QLKD_23)"
K_QLKD_4116,DATA EXPLORER,Nhóm 140 — Báo cáo hoạt động VPĐD CTCK nước ngoài tại VN (STT 140),Hoạt động của văn phòng đại diện >> Nghiên cứu thị trường >> Ghi chú,Cơ sở,QLKD,,,,,"Pending - chưa thiết kế nguồn (gap Atomic REPORT_CELL_VALUE, xem O_QLKD_23)"
K_QLKD_4117,DATA EXPLORER,Nhóm 140 — Báo cáo hoạt động VPĐD CTCK nước ngoài tại VN (STT 140),Hoạt động của văn phòng đại diện >> Xúc tiến hợp đồng liên kết cung ứng dịch vụ chứng khoán cho nhà đầu tư nước ngoài >> Đối tác Việt Nam,Cơ sở,QLKD,,,,,"Pending - chưa thiết kế nguồn (gap Atomic REPORT_CELL_VALUE, xem O_QLKD_23)"
K_QLKD_4118,DATA EXPLORER,Nhóm 140 — Báo cáo hoạt động VPĐD CTCK nước ngoài tại VN (STT 140),Hoạt động của văn phòng đại diện >> Xúc tiến hợp đồng liên kết cung ứng dịch vụ chứng khoán cho nhà đầu tư nước ngoài >> Mục tiêu của Dự án,Cơ sở,QLKD,,,,,"Pending - chưa thiết kế nguồn (gap Atomic REPORT_CELL_VALUE, xem O_QLKD_23)"
K_QLKD_4119,DATA EXPLORER,Nhóm 140 — Báo cáo hoạt động VPĐD CTCK nước ngoài tại VN (STT 140),Hoạt động của văn phòng đại diện >> Xúc tiến hợp đồng liên kết cung ứng dịch vụ chứng khoán cho nhà đầu tư nước ngoài >> Giá trị (USD),Cơ sở,QLKD,,,,,"Pending - chưa thiết kế nguồn (gap Atomic REPORT_CELL_VALUE, xem O_QLKD_23)"
K_QLKD_4120,DATA EXPLORER,Nhóm 140 — Báo cáo hoạt động VPĐD CTCK nước ngoài tại VN (STT 140),Hoạt động của văn phòng đại diện >> Xúc tiến hợp đồng liên kết cung ứng dịch vụ chứng khoán cho nhà đầu tư nước ngoài >> Ghi chú,Cơ sở,QLKD,,,,,"Pending - chưa thiết kế nguồn (gap Atomic REPORT_CELL_VALUE, xem O_QLKD_23)"
K_QLKD_4121,DATA EXPLORER,Nhóm 140 — Báo cáo hoạt động VPĐD CTCK nước ngoài tại VN (STT 140),Hoạt động của văn phòng đại diện >> Xúc tiến hợp đồng liên kết cung ứng dịch vụ chứng khoán cho nhà đầu tư trong nước >> Đối tác Việt Nam,Cơ sở,QLKD,,,,,"Pending - chưa thiết kế nguồn (gap Atomic REPORT_CELL_VALUE, xem O_QLKD_23)"
K_QLKD_4122,DATA EXPLORER,Nhóm 140 — Báo cáo hoạt động VPĐD CTCK nước ngoài tại VN (STT 140),Hoạt động của văn phòng đại diện >> Xúc tiến hợp đồng liên kết cung ứng dịch vụ chứng khoán cho nhà đầu tư trong nước >> Mục tiêu của Dự án,Cơ sở,QLKD,,,,,"Pending - chưa thiết kế nguồn (gap Atomic REPORT_CELL_VALUE, xem O_QLKD_23)"
K_QLKD_4123,DATA EXPLORER,Nhóm 140 — Báo cáo hoạt động VPĐD CTCK nước ngoài tại VN (STT 140),Hoạt động của văn phòng đại diện >> Xúc tiến hợp đồng liên kết cung ứng dịch vụ chứng khoán cho nhà đầu tư trong nước >> Giá trị (USD),Cơ sở,QLKD,,,,,"Pending - chưa thiết kế nguồn (gap Atomic REPORT_CELL_VALUE, xem O_QLKD_23)"
K_QLKD_4124,DATA EXPLORER,Nhóm 140 — Báo cáo hoạt động VPĐD CTCK nước ngoài tại VN (STT 140),Hoạt động của văn phòng đại diện >> Xúc tiến hợp đồng liên kết cung ứng dịch vụ chứng khoán cho nhà đầu tư trong nước >> Ghi chú,Cơ sở,QLKD,,,,,"Pending - chưa thiết kế nguồn (gap Atomic REPORT_CELL_VALUE, xem O_QLKD_23)"
K_QLKD_4125,DATA EXPLORER,Nhóm 140 — Báo cáo hoạt động VPĐD CTCK nước ngoài tại VN (STT 140),Hoạt động của văn phòng đại diện >> Xúc tiến hợp đồng ký giữa tổ chức nước ngoài và sác tổ chức kinh tế trong nước >> Đối tác Việt Nam,Cơ sở,QLKD,,,,,"Pending - chưa thiết kế nguồn (gap Atomic REPORT_CELL_VALUE, xem O_QLKD_23)"
K_QLKD_4126,DATA EXPLORER,Nhóm 140 — Báo cáo hoạt động VPĐD CTCK nước ngoài tại VN (STT 140),Hoạt động của văn phòng đại diện >> Xúc tiến hợp đồng ký giữa tổ chức nước ngoài và sác tổ chức kinh tế trong nước >> Mục tiêu của Dự án,Cơ sở,QLKD,,,,,"Pending - chưa thiết kế nguồn (gap Atomic REPORT_CELL_VALUE, xem O_QLKD_23)"
K_QLKD_4127,DATA EXPLORER,Nhóm 140 — Báo cáo hoạt động VPĐD CTCK nước ngoài tại VN (STT 140),Hoạt động của văn phòng đại diện >> Xúc tiến hợp đồng ký giữa tổ chức nước ngoài và sác tổ chức kinh tế trong nước >> Giá trị (USD),Cơ sở,QLKD,,,,,"Pending - chưa thiết kế nguồn (gap Atomic REPORT_CELL_VALUE, xem O_QLKD_23)"
K_QLKD_4128,DATA EXPLORER,Nhóm 140 — Báo cáo hoạt động VPĐD CTCK nước ngoài tại VN (STT 140),Hoạt động của văn phòng đại diện >> Xúc tiến hợp đồng ký giữa tổ chức nước ngoài và sác tổ chức kinh tế trong nước >> Ghi chú,Cơ sở,QLKD,,,,,"Pending - chưa thiết kế nguồn (gap Atomic REPORT_CELL_VALUE, xem O_QLKD_23)"
K_QLKD_4129,DATA EXPLORER,Nhóm 140 — Báo cáo hoạt động VPĐD CTCK nước ngoài tại VN (STT 140),Hoạt động của văn phòng đại diện >> Các hoạt động khác có liên quan >> Đối tác Việt Nam,Cơ sở,QLKD,,,,,"Pending - chưa thiết kế nguồn (gap Atomic REPORT_CELL_VALUE, xem O_QLKD_23)"
K_QLKD_4130,DATA EXPLORER,Nhóm 140 — Báo cáo hoạt động VPĐD CTCK nước ngoài tại VN (STT 140),Hoạt động của văn phòng đại diện >> Các hoạt động khác có liên quan >> Mục tiêu của Dự án,Cơ sở,QLKD,,,,,"Pending - chưa thiết kế nguồn (gap Atomic REPORT_CELL_VALUE, xem O_QLKD_23)"
K_QLKD_4131,DATA EXPLORER,Nhóm 140 — Báo cáo hoạt động VPĐD CTCK nước ngoài tại VN (STT 140),Hoạt động của văn phòng đại diện >> Các hoạt động khác có liên quan >> Giá trị (USD),Cơ sở,QLKD,,,,,"Pending - chưa thiết kế nguồn (gap Atomic REPORT_CELL_VALUE, xem O_QLKD_23)"
K_QLKD_4132,DATA EXPLORER,Nhóm 140 — Báo cáo hoạt động VPĐD CTCK nước ngoài tại VN (STT 140),Hoạt động của văn phòng đại diện >> Các hoạt động khác có liên quan >> Ghi chú,Cơ sở,QLKD,,,,,"Pending - chưa thiết kế nguồn (gap Atomic REPORT_CELL_VALUE, xem O_QLKD_23)"
K_QLKD_4133,DATA EXPLORER,Nhóm 140 — Báo cáo hoạt động VPĐD CTCK nước ngoài tại VN (STT 140),Tổng quan chung về tình hình đầu tư của công ty mẹ tại Việt Nam >> Tên Quỹ đầu tư/Dự án tại Việt Nam,Cơ sở,QLKD,,,,,"Pending - chưa thiết kế nguồn (gap Atomic REPORT_CELL_VALUE, xem O_QLKD_23)"
K_QLKD_4134,DATA EXPLORER,Nhóm 140 — Báo cáo hoạt động VPĐD CTCK nước ngoài tại VN (STT 140),Tổng quan chung về tình hình đầu tư của công ty mẹ tại Việt Nam >> Mã số giao dịch chứng khoán của Quỹ/số giấy phép của dự án,Cơ sở,QLKD,,,,,"Pending - chưa thiết kế nguồn (gap Atomic REPORT_CELL_VALUE, xem O_QLKD_23)"
K_QLKD_4135,DATA EXPLORER,Nhóm 140 — Báo cáo hoạt động VPĐD CTCK nước ngoài tại VN (STT 140),Tổng quan chung về tình hình đầu tư của công ty mẹ tại Việt Nam >> Tổng giá trị danh mục đầu tư/Tổng giá trị đầu tư tại Việt Nam (USD),Cơ sở,QLKD,,,,,"Pending - chưa thiết kế nguồn (gap Atomic REPORT_CELL_VALUE, xem O_QLKD_23)"
K_QLKD_4136,DATA EXPLORER,Nhóm 140 — Báo cáo hoạt động VPĐD CTCK nước ngoài tại VN (STT 140),Tổng quan chung về tình hình đầu tư của công ty mẹ tại Việt Nam >> Ghi chú,Cơ sở,QLKD,,,,,"Pending - chưa thiết kế nguồn (gap Atomic REPORT_CELL_VALUE, xem O_QLKD_23)"
K_QLKD_4137,DATA EXPLORER,Nhóm 141 — Ngân hàng lưu ký — Báo cáo tài sản bảo đảm thanh toán (STT 141),Loại báo cáo,Chiều,QLKD,,,,,"Pending - chưa thiết kế nguồn (gap Atomic REPORT_CELL_VALUE, xem O_QLKD_23)"
K_QLKD_4138,DATA EXPLORER,Nhóm 141 — Ngân hàng lưu ký — Báo cáo tài sản bảo đảm thanh toán (STT 141),Kỳ báo cáo,Chiều,QLKD,,,,,"Pending - chưa thiết kế nguồn (gap Atomic REPORT_CELL_VALUE, xem O_QLKD_23)"
K_QLKD_4139,DATA EXPLORER,Nhóm 141 — Ngân hàng lưu ký — Báo cáo tài sản bảo đảm thanh toán (STT 141),Mã báo cáo,Chiều,QLKD,,,,,"Pending - chưa thiết kế nguồn (gap Atomic REPORT_CELL_VALUE, xem O_QLKD_23)"
K_QLKD_4140,DATA EXPLORER,Nhóm 141 — Ngân hàng lưu ký — Báo cáo tài sản bảo đảm thanh toán (STT 141),Tên báo cáo,Chiều,QLKD,,,,,"Pending - chưa thiết kế nguồn (gap Atomic REPORT_CELL_VALUE, xem O_QLKD_23)"
K_QLKD_4141,DATA EXPLORER,Nhóm 141 — Ngân hàng lưu ký — Báo cáo tài sản bảo đảm thanh toán (STT 141),Mã sheet,Chiều,QLKD,,,,,"Pending - chưa thiết kế nguồn (gap Atomic REPORT_CELL_VALUE, xem O_QLKD_23)"
K_QLKD_4142,DATA EXPLORER,Nhóm 141 — Ngân hàng lưu ký — Báo cáo tài sản bảo đảm thanh toán (STT 141),Tên sheet,Chiều,QLKD,,,,,"Pending - chưa thiết kế nguồn (gap Atomic REPORT_CELL_VALUE, xem O_QLKD_23)"
K_QLKD_4143,DATA EXPLORER,Nhóm 141 — Ngân hàng lưu ký — Báo cáo tài sản bảo đảm thanh toán (STT 141),Mã chỉ tiêu,Chiều,QLKD,,,,,"Pending - chưa thiết kế nguồn (gap Atomic REPORT_CELL_VALUE, xem O_QLKD_23)"
K_QLKD_4144,DATA EXPLORER,Nhóm 141 — Ngân hàng lưu ký — Báo cáo tài sản bảo đảm thanh toán (STT 141),Tên chỉ tiêu,Chiều,QLKD,,,,,"Pending - chưa thiết kế nguồn (gap Atomic REPORT_CELL_VALUE, xem O_QLKD_23)"
K_QLKD_4145,DATA EXPLORER,Nhóm 141 — Ngân hàng lưu ký — Báo cáo tài sản bảo đảm thanh toán (STT 141),Tên CTCK,Cơ sở,QLKD,,,,,"Pending - chưa thiết kế nguồn (gap Atomic REPORT_CELL_VALUE, xem O_QLKD_23)"
K_QLKD_4146,DATA EXPLORER,Nhóm 141 — Ngân hàng lưu ký — Báo cáo tài sản bảo đảm thanh toán (STT 141),Sàn giao dịch,Cơ sở,QLKD,,,,,"Pending - chưa thiết kế nguồn (gap Atomic REPORT_CELL_VALUE, xem O_QLKD_23)"
K_QLKD_4147,DATA EXPLORER,Nhóm 141 — Ngân hàng lưu ký — Báo cáo tài sản bảo đảm thanh toán (STT 141),Mã CK,Cơ sở,QLKD,,,,,"Pending - chưa thiết kế nguồn (gap Atomic REPORT_CELL_VALUE, xem O_QLKD_23)"
K_QLKD_4148,DATA EXPLORER,Nhóm 141 — Ngân hàng lưu ký — Báo cáo tài sản bảo đảm thanh toán (STT 141),Giấy phép Hoạt động của Chủ tịch UBCKNN cấp lần đầu >> Số,Cơ sở,QLKD,,,,,"Pending - chưa thiết kế nguồn (gap Atomic REPORT_CELL_VALUE, xem O_QLKD_23)"
K_QLKD_4149,DATA EXPLORER,Nhóm 141 — Ngân hàng lưu ký — Báo cáo tài sản bảo đảm thanh toán (STT 141),Giấy phép Hoạt động của Chủ tịch UBCKNN cấp lần đầu >> Ngày cấp,Cơ sở,QLKD,,,,,"Pending - chưa thiết kế nguồn (gap Atomic REPORT_CELL_VALUE, xem O_QLKD_23)"
K_QLKD_4150,DATA EXPLORER,Nhóm 141 — Ngân hàng lưu ký — Báo cáo tài sản bảo đảm thanh toán (STT 141),Người đại diện theo pháp luật (Đăng ký với UBCKNN),Cơ sở,QLKD,,,,,"Pending - chưa thiết kế nguồn (gap Atomic REPORT_CELL_VALUE, xem O_QLKD_23)"
K_QLKD_4151,DATA EXPLORER,Nhóm 141 — Ngân hàng lưu ký — Báo cáo tài sản bảo đảm thanh toán (STT 141),Chức vụ của Người đại diện theo pháp luật,Cơ sở,QLKD,,,,,"Pending - chưa thiết kế nguồn (gap Atomic REPORT_CELL_VALUE, xem O_QLKD_23)"
K_QLKD_4152,DATA EXPLORER,Nhóm 141 — Ngân hàng lưu ký — Báo cáo tài sản bảo đảm thanh toán (STT 141),Tên Ngân hàng lưu ký,Cơ sở,QLKD,,,,,"Pending - chưa thiết kế nguồn (gap Atomic REPORT_CELL_VALUE, xem O_QLKD_23)"
K_QLKD_4153,DATA EXPLORER,Nhóm 141 — Ngân hàng lưu ký — Báo cáo tài sản bảo đảm thanh toán (STT 141),Giấy phép hoạt động >> Số,Cơ sở,QLKD,,,,,"Pending - chưa thiết kế nguồn (gap Atomic REPORT_CELL_VALUE, xem O_QLKD_23)"
K_QLKD_4154,DATA EXPLORER,Nhóm 141 — Ngân hàng lưu ký — Báo cáo tài sản bảo đảm thanh toán (STT 141),Giấy phép hoạt động >> Ngày cấp,Cơ sở,QLKD,,,,,"Pending - chưa thiết kế nguồn (gap Atomic REPORT_CELL_VALUE, xem O_QLKD_23)"
K_QLKD_4155,DATA EXPLORER,Nhóm 141 — Ngân hàng lưu ký — Báo cáo tài sản bảo đảm thanh toán (STT 141),Giấy chứng nhận đăng ký hoạt động lưu ký chứng khoán >> Số,Cơ sở,QLKD,,,,,"Pending - chưa thiết kế nguồn (gap Atomic REPORT_CELL_VALUE, xem O_QLKD_23)"
K_QLKD_4156,DATA EXPLORER,Nhóm 141 — Ngân hàng lưu ký — Báo cáo tài sản bảo đảm thanh toán (STT 141),Giấy chứng nhận đăng ký hoạt động lưu ký chứng khoán >> Ngày cấp,Cơ sở,QLKD,,,,,"Pending - chưa thiết kế nguồn (gap Atomic REPORT_CELL_VALUE, xem O_QLKD_23)"
K_QLKD_4157,DATA EXPLORER,Nhóm 141 — Ngân hàng lưu ký — Báo cáo tài sản bảo đảm thanh toán (STT 141),Tên chứng quyền,Cơ sở,QLKD,,,,,"Pending - chưa thiết kế nguồn (gap Atomic REPORT_CELL_VALUE, xem O_QLKD_23)"
K_QLKD_4158,DATA EXPLORER,Nhóm 141 — Ngân hàng lưu ký — Báo cáo tài sản bảo đảm thanh toán (STT 141),Tên tổ chức phát hành,Cơ sở,QLKD,,,,,"Pending - chưa thiết kế nguồn (gap Atomic REPORT_CELL_VALUE, xem O_QLKD_23)"
K_QLKD_4159,DATA EXPLORER,Nhóm 141 — Ngân hàng lưu ký — Báo cáo tài sản bảo đảm thanh toán (STT 141),"Loại tài sản bảo đảm (Tiền, Chứng chỉ tiền gửi/Hợp đồng tiền gửi, Bảo lãnh thanh toán)",Cơ sở,QLKD,,,,,"Pending - chưa thiết kế nguồn (gap Atomic REPORT_CELL_VALUE, xem O_QLKD_23)"
K_QLKD_4160,DATA EXPLORER,Nhóm 141 — Ngân hàng lưu ký — Báo cáo tài sản bảo đảm thanh toán (STT 141),Giá trị kỳ báo cáo,Cơ sở,QLKD,,,,,"Pending - chưa thiết kế nguồn (gap Atomic REPORT_CELL_VALUE, xem O_QLKD_23)"
K_QLKD_4161,DATA EXPLORER,Nhóm 141 — Ngân hàng lưu ký — Báo cáo tài sản bảo đảm thanh toán (STT 141),Giá trị kỳ trước,Cơ sở,QLKD,,,,,"Pending - chưa thiết kế nguồn (gap Atomic REPORT_CELL_VALUE, xem O_QLKD_23)"
K_QLKD_4162,DATA EXPLORER,Nhóm 141 — Ngân hàng lưu ký — Báo cáo tài sản bảo đảm thanh toán (STT 141),Thay đổi so với kỳ trước,Cơ sở,QLKD,,,,,"Pending - chưa thiết kế nguồn (gap Atomic REPORT_CELL_VALUE, xem O_QLKD_23)"
K_QLKD_4163,DATA EXPLORER,Nhóm 142 — Ngân hàng thanh toán — Đáp ứng điều kiện (STT 142),Loại báo cáo,Chiều,QLKD,,,,,"Pending - chưa thiết kế nguồn (gap Atomic REPORT_CELL_VALUE, xem O_QLKD_23)"
K_QLKD_4164,DATA EXPLORER,Nhóm 142 — Ngân hàng thanh toán — Đáp ứng điều kiện (STT 142),Kỳ báo cáo,Chiều,QLKD,,,,,"Pending - chưa thiết kế nguồn (gap Atomic REPORT_CELL_VALUE, xem O_QLKD_23)"
K_QLKD_4165,DATA EXPLORER,Nhóm 142 — Ngân hàng thanh toán — Đáp ứng điều kiện (STT 142),Mã báo cáo,Chiều,QLKD,,,,,"Pending - chưa thiết kế nguồn (gap Atomic REPORT_CELL_VALUE, xem O_QLKD_23)"
K_QLKD_4166,DATA EXPLORER,Nhóm 142 — Ngân hàng thanh toán — Đáp ứng điều kiện (STT 142),Tên báo cáo,Chiều,QLKD,,,,,"Pending - chưa thiết kế nguồn (gap Atomic REPORT_CELL_VALUE, xem O_QLKD_23)"
K_QLKD_4167,DATA EXPLORER,Nhóm 142 — Ngân hàng thanh toán — Đáp ứng điều kiện (STT 142),Mã sheet,Chiều,QLKD,,,,,"Pending - chưa thiết kế nguồn (gap Atomic REPORT_CELL_VALUE, xem O_QLKD_23)"
K_QLKD_4168,DATA EXPLORER,Nhóm 142 — Ngân hàng thanh toán — Đáp ứng điều kiện (STT 142),Tên sheet,Chiều,QLKD,,,,,"Pending - chưa thiết kế nguồn (gap Atomic REPORT_CELL_VALUE, xem O_QLKD_23)"
K_QLKD_4169,DATA EXPLORER,Nhóm 142 — Ngân hàng thanh toán — Đáp ứng điều kiện (STT 142),Mã chỉ tiêu,Chiều,QLKD,,,,,"Pending - chưa thiết kế nguồn (gap Atomic REPORT_CELL_VALUE, xem O_QLKD_23)"
K_QLKD_4170,DATA EXPLORER,Nhóm 142 — Ngân hàng thanh toán — Đáp ứng điều kiện (STT 142),Tên chỉ tiêu,Chiều,QLKD,,,,,"Pending - chưa thiết kế nguồn (gap Atomic REPORT_CELL_VALUE, xem O_QLKD_23)"
K_QLKD_4171,DATA EXPLORER,Nhóm 142 — Ngân hàng thanh toán — Đáp ứng điều kiện (STT 142),Tên Ngân hàng lưu ký,Cơ sở,QLKD,,,,,"Pending - chưa thiết kế nguồn (gap Atomic REPORT_CELL_VALUE, xem O_QLKD_23)"
K_QLKD_4172,DATA EXPLORER,Nhóm 142 — Ngân hàng thanh toán — Đáp ứng điều kiện (STT 142),Giấy phép hoạt động >> Số,Cơ sở,QLKD,,,,,"Pending - chưa thiết kế nguồn (gap Atomic REPORT_CELL_VALUE, xem O_QLKD_23)"
K_QLKD_4173,DATA EXPLORER,Nhóm 142 — Ngân hàng thanh toán — Đáp ứng điều kiện (STT 142),Giấy phép hoạt động >> Ngày cấp,Cơ sở,QLKD,,,,,"Pending - chưa thiết kế nguồn (gap Atomic REPORT_CELL_VALUE, xem O_QLKD_23)"
K_QLKD_4174,DATA EXPLORER,Nhóm 142 — Ngân hàng thanh toán — Đáp ứng điều kiện (STT 142),Giấy chứng nhận đăng ký hoạt động lưu ký chứng khoán >> Số,Cơ sở,QLKD,,,,,"Pending - chưa thiết kế nguồn (gap Atomic REPORT_CELL_VALUE, xem O_QLKD_23)"
K_QLKD_4175,DATA EXPLORER,Nhóm 142 — Ngân hàng thanh toán — Đáp ứng điều kiện (STT 142),Giấy chứng nhận đăng ký hoạt động lưu ký chứng khoán >> Ngày cấp,Cơ sở,QLKD,,,,,"Pending - chưa thiết kế nguồn (gap Atomic REPORT_CELL_VALUE, xem O_QLKD_23)"
K_QLKD_4176,DATA EXPLORER,Nhóm 142 — Ngân hàng thanh toán — Đáp ứng điều kiện (STT 142),"Loại tài sản bảo đảm (Tiền, Chứng chỉ tiền gửi/Hợp đồng tiền gửi, Bảo lãnh thanh toán)",Cơ sở,QLKD,,,,,"Pending - chưa thiết kế nguồn (gap Atomic REPORT_CELL_VALUE, xem O_QLKD_23)"
K_QLKD_4177,DATA EXPLORER,Nhóm 142 — Ngân hàng thanh toán — Đáp ứng điều kiện (STT 142),Giá trị kỳ báo cáo,Cơ sở,QLKD,,,,,"Pending - chưa thiết kế nguồn (gap Atomic REPORT_CELL_VALUE, xem O_QLKD_23)"
K_QLKD_4178,DATA EXPLORER,Nhóm 142 — Ngân hàng thanh toán — Đáp ứng điều kiện (STT 142),Giá trị kỳ trước,Cơ sở,QLKD,,,,,"Pending - chưa thiết kế nguồn (gap Atomic REPORT_CELL_VALUE, xem O_QLKD_23)"
K_QLKD_4179,DATA EXPLORER,Nhóm 142 — Ngân hàng thanh toán — Đáp ứng điều kiện (STT 142),Thay đổi so với kỳ trước,Cơ sở,QLKD,,,,,"Pending - chưa thiết kế nguồn (gap Atomic REPORT_CELL_VALUE, xem O_QLKD_23)"
K_QLKD_4180,DATA EXPLORER,Nhóm 143 — Ngân hàng thanh toán — Hoạt động thanh toán (STT 143),Loại báo cáo,Chiều,QLKD,,,,,"Pending - chưa thiết kế nguồn (gap Atomic REPORT_CELL_VALUE, xem O_QLKD_23)"
K_QLKD_4181,DATA EXPLORER,Nhóm 143 — Ngân hàng thanh toán — Hoạt động thanh toán (STT 143),Kỳ báo cáo,Chiều,QLKD,,,,,"Pending - chưa thiết kế nguồn (gap Atomic REPORT_CELL_VALUE, xem O_QLKD_23)"
K_QLKD_4182,DATA EXPLORER,Nhóm 143 — Ngân hàng thanh toán — Hoạt động thanh toán (STT 143),Mã báo cáo,Chiều,QLKD,,,,,"Pending - chưa thiết kế nguồn (gap Atomic REPORT_CELL_VALUE, xem O_QLKD_23)"
K_QLKD_4183,DATA EXPLORER,Nhóm 143 — Ngân hàng thanh toán — Hoạt động thanh toán (STT 143),Tên báo cáo,Chiều,QLKD,,,,,"Pending - chưa thiết kế nguồn (gap Atomic REPORT_CELL_VALUE, xem O_QLKD_23)"
K_QLKD_4184,DATA EXPLORER,Nhóm 143 — Ngân hàng thanh toán — Hoạt động thanh toán (STT 143),Mã sheet,Chiều,QLKD,,,,,"Pending - chưa thiết kế nguồn (gap Atomic REPORT_CELL_VALUE, xem O_QLKD_23)"
K_QLKD_4185,DATA EXPLORER,Nhóm 143 — Ngân hàng thanh toán — Hoạt động thanh toán (STT 143),Tên sheet,Chiều,QLKD,,,,,"Pending - chưa thiết kế nguồn (gap Atomic REPORT_CELL_VALUE, xem O_QLKD_23)"
K_QLKD_4186,DATA EXPLORER,Nhóm 143 — Ngân hàng thanh toán — Hoạt động thanh toán (STT 143),Mã chỉ tiêu,Chiều,QLKD,,,,,"Pending - chưa thiết kế nguồn (gap Atomic REPORT_CELL_VALUE, xem O_QLKD_23)"
K_QLKD_4187,DATA EXPLORER,Nhóm 143 — Ngân hàng thanh toán — Hoạt động thanh toán (STT 143),Tên chỉ tiêu,Chiều,QLKD,,,,,"Pending - chưa thiết kế nguồn (gap Atomic REPORT_CELL_VALUE, xem O_QLKD_23)"
K_QLKD_4188,DATA EXPLORER,Nhóm 143 — Ngân hàng thanh toán — Hoạt động thanh toán (STT 143),"Có Giấy phép thành lập và hoạt động tại Việt Nam, trong đó có hoạt động lưu ký chứng khoán >> Mô tả chi tiết",Chiều,QLKD,,,,,"Pending - chưa thiết kế nguồn (gap Atomic REPORT_CELL_VALUE, xem O_QLKD_23)"
K_QLKD_4189,DATA EXPLORER,Nhóm 143 — Ngân hàng thanh toán — Hoạt động thanh toán (STT 143),"Có Giấy phép thành lập và hoạt động tại Việt Nam, trong đó có hoạt động lưu ký chứng khoán >> Đáp ứng (x)",Chiều,QLKD,,,,,"Pending - chưa thiết kế nguồn (gap Atomic REPORT_CELL_VALUE, xem O_QLKD_23)"
K_QLKD_4190,DATA EXPLORER,Nhóm 143 — Ngân hàng thanh toán — Hoạt động thanh toán (STT 143),"Đáp ứng tỷ lệ an toàn vốn tối thiểu theo quy định của pháp luật về ngân hàng, hoạt động kinh doanh có lãi trong năm gần nhất >> Mô tả chi tiết",Chiều,QLKD,,,,,"Pending - chưa thiết kế nguồn (gap Atomic REPORT_CELL_VALUE, xem O_QLKD_23)"
K_QLKD_4191,DATA EXPLORER,Nhóm 143 — Ngân hàng thanh toán — Hoạt động thanh toán (STT 143),"Đáp ứng tỷ lệ an toàn vốn tối thiểu theo quy định của pháp luật về ngân hàng, hoạt động kinh doanh có lãi trong năm gần nhất >> Đáp ứng (x)",Chiều,QLKD,,,,,"Pending - chưa thiết kế nguồn (gap Atomic REPORT_CELL_VALUE, xem O_QLKD_23)"
K_QLKD_4192,DATA EXPLORER,Nhóm 143 — Ngân hàng thanh toán — Hoạt động thanh toán (STT 143),"Đáp ứng điều kiện về cơ sở vật chất, kỹ thuật bảo đảm thực hiện hoạt động lưu ký chứng khoán >> Mô tả chi tiết",Chiều,QLKD,,,,,"Pending - chưa thiết kế nguồn (gap Atomic REPORT_CELL_VALUE, xem O_QLKD_23)"
K_QLKD_4193,DATA EXPLORER,Nhóm 143 — Ngân hàng thanh toán — Hoạt động thanh toán (STT 143),"Đáp ứng điều kiện về cơ sở vật chất, kỹ thuật bảo đảm thực hiện hoạt động lưu ký chứng khoán >> Đáp ứng (x)",Chiều,QLKD,,,,,"Pending - chưa thiết kế nguồn (gap Atomic REPORT_CELL_VALUE, xem O_QLKD_23)"
K_QLKD_4194,DATA EXPLORER,Nhóm 144 — Ngân hàng thanh toán — Đáp ứng điều kiện (NH thanh toán) (STT 144),Loại báo cáo,Chiều,QLKD,,,,,"Pending - chưa thiết kế nguồn (gap Atomic REPORT_CELL_VALUE, xem O_QLKD_23)"
K_QLKD_4195,DATA EXPLORER,Nhóm 144 — Ngân hàng thanh toán — Đáp ứng điều kiện (NH thanh toán) (STT 144),Kỳ báo cáo,Chiều,QLKD,,,,,"Pending - chưa thiết kế nguồn (gap Atomic REPORT_CELL_VALUE, xem O_QLKD_23)"
K_QLKD_4196,DATA EXPLORER,Nhóm 144 — Ngân hàng thanh toán — Đáp ứng điều kiện (NH thanh toán) (STT 144),Mã báo cáo,Chiều,QLKD,,,,,"Pending - chưa thiết kế nguồn (gap Atomic REPORT_CELL_VALUE, xem O_QLKD_23)"
K_QLKD_4197,DATA EXPLORER,Nhóm 144 — Ngân hàng thanh toán — Đáp ứng điều kiện (NH thanh toán) (STT 144),Tên báo cáo,Chiều,QLKD,,,,,"Pending - chưa thiết kế nguồn (gap Atomic REPORT_CELL_VALUE, xem O_QLKD_23)"
K_QLKD_4198,DATA EXPLORER,Nhóm 144 — Ngân hàng thanh toán — Đáp ứng điều kiện (NH thanh toán) (STT 144),Mã sheet,Chiều,QLKD,,,,,"Pending - chưa thiết kế nguồn (gap Atomic REPORT_CELL_VALUE, xem O_QLKD_23)"
K_QLKD_4199,DATA EXPLORER,Nhóm 144 — Ngân hàng thanh toán — Đáp ứng điều kiện (NH thanh toán) (STT 144),Tên sheet,Chiều,QLKD,,,,,"Pending - chưa thiết kế nguồn (gap Atomic REPORT_CELL_VALUE, xem O_QLKD_23)"
K_QLKD_4200,DATA EXPLORER,Nhóm 144 — Ngân hàng thanh toán — Đáp ứng điều kiện (NH thanh toán) (STT 144),Mã chỉ tiêu,Chiều,QLKD,,,,,"Pending - chưa thiết kế nguồn (gap Atomic REPORT_CELL_VALUE, xem O_QLKD_23)"
K_QLKD_4201,DATA EXPLORER,Nhóm 144 — Ngân hàng thanh toán — Đáp ứng điều kiện (NH thanh toán) (STT 144),Tên chỉ tiêu,Chiều,QLKD,,,,,"Pending - chưa thiết kế nguồn (gap Atomic REPORT_CELL_VALUE, xem O_QLKD_23)"
K_QLKD_4202,DATA EXPLORER,Nhóm 144 — Ngân hàng thanh toán — Đáp ứng điều kiện (NH thanh toán) (STT 144),Có Giấy phép thành lập và hoạt động tại Việt Nam theo quy định của pháp luật >> Mô tả chi tiết,Chiều,QLKD,,,,,"Pending - chưa thiết kế nguồn (gap Atomic REPORT_CELL_VALUE, xem O_QLKD_23)"
K_QLKD_4203,DATA EXPLORER,Nhóm 144 — Ngân hàng thanh toán — Đáp ứng điều kiện (NH thanh toán) (STT 144),Có Giấy phép thành lập và hoạt động tại Việt Nam theo quy định của pháp luật >> Đáp ứng (x),Chiều,QLKD,,,,,"Pending - chưa thiết kế nguồn (gap Atomic REPORT_CELL_VALUE, xem O_QLKD_23)"
K_QLKD_4204,DATA EXPLORER,Nhóm 144 — Ngân hàng thanh toán — Đáp ứng điều kiện (NH thanh toán) (STT 144),Có vốn điều lệ trên 10.000 tỷ đồng >> Mô tả chi tiết,Chiều,QLKD,,,,,"Pending - chưa thiết kế nguồn (gap Atomic REPORT_CELL_VALUE, xem O_QLKD_23)"
K_QLKD_4205,DATA EXPLORER,Nhóm 144 — Ngân hàng thanh toán — Đáp ứng điều kiện (NH thanh toán) (STT 144),Có vốn điều lệ trên 10.000 tỷ đồng >> Đáp ứng (x),Chiều,QLKD,,,,,"Pending - chưa thiết kế nguồn (gap Atomic REPORT_CELL_VALUE, xem O_QLKD_23)"
K_QLKD_4206,DATA EXPLORER,Nhóm 144 — Ngân hàng thanh toán — Đáp ứng điều kiện (NH thanh toán) (STT 144),Hoạt động kinh doanh có lãi trong 02 năm gần nhất >> Mô tả chi tiết,Chiều,QLKD,,,,,"Pending - chưa thiết kế nguồn (gap Atomic REPORT_CELL_VALUE, xem O_QLKD_23)"
K_QLKD_4207,DATA EXPLORER,Nhóm 144 — Ngân hàng thanh toán — Đáp ứng điều kiện (NH thanh toán) (STT 144),Hoạt động kinh doanh có lãi trong 02 năm gần nhất >> Đáp ứng (x),Chiều,QLKD,,,,,"Pending - chưa thiết kế nguồn (gap Atomic REPORT_CELL_VALUE, xem O_QLKD_23)"
K_QLKD_4208,DATA EXPLORER,Nhóm 144 — Ngân hàng thanh toán — Đáp ứng điều kiện (NH thanh toán) (STT 144),Đáp ứng tỷ lệ an toàn vốn tối thiểu theo quy định pháp luật về ngân hàng >> Mô tả chi tiết,Chiều,QLKD,,,,,"Pending - chưa thiết kế nguồn (gap Atomic REPORT_CELL_VALUE, xem O_QLKD_23)"
K_QLKD_4209,DATA EXPLORER,Nhóm 144 — Ngân hàng thanh toán — Đáp ứng điều kiện (NH thanh toán) (STT 144),Đáp ứng tỷ lệ an toàn vốn tối thiểu theo quy định pháp luật về ngân hàng >> Đáp ứng (x),Chiều,QLKD,,,,,"Pending - chưa thiết kế nguồn (gap Atomic REPORT_CELL_VALUE, xem O_QLKD_23)"
K_QLKD_4210,DATA EXPLORER,Nhóm 144 — Ngân hàng thanh toán — Đáp ứng điều kiện (NH thanh toán) (STT 144),"Có hệ thống cơ sở vật chất, kỹ thuật bảo đảm thực hiện thanh toán giao dịch và kết nối với hệ thống của Tổng công ty lưu ký và bù trừ chứng khoán Việt Nam >> Mô tả chi tiết",Chiều,QLKD,,,,,"Pending - chưa thiết kế nguồn (gap Atomic REPORT_CELL_VALUE, xem O_QLKD_23)"
K_QLKD_4211,DATA EXPLORER,Nhóm 144 — Ngân hàng thanh toán — Đáp ứng điều kiện (NH thanh toán) (STT 144),"Có hệ thống cơ sở vật chất, kỹ thuật bảo đảm thực hiện thanh toán giao dịch và kết nối với hệ thống của Tổng công ty lưu ký và bù trừ chứng khoán Việt Nam >> Đáp ứng (x)",Chiều,QLKD,,,,,"Pending - chưa thiết kế nguồn (gap Atomic REPORT_CELL_VALUE, xem O_QLKD_23)"
K_QLKD_4212,DATA EXPLORER,Nhóm 144 — Ngân hàng thanh toán — Đáp ứng điều kiện (NH thanh toán) (STT 144),"Có hệ thống thanh toán, bù trừ kết nối với hệ thống thanh toán, bù trừ của Ngân hàng Nhà nước Việt Nam >> Mô tả chi tiết",Chiều,QLKD,,,,,"Pending - chưa thiết kế nguồn (gap Atomic REPORT_CELL_VALUE, xem O_QLKD_23)"
K_QLKD_4213,DATA EXPLORER,Nhóm 144 — Ngân hàng thanh toán — Đáp ứng điều kiện (NH thanh toán) (STT 144),"Có hệ thống thanh toán, bù trừ kết nối với hệ thống thanh toán, bù trừ của Ngân hàng Nhà nước Việt Nam >> Đáp ứng (x)",Chiều,QLKD,,,,,"Pending - chưa thiết kế nguồn (gap Atomic REPORT_CELL_VALUE, xem O_QLKD_23)"
K_QLKD_4214,DATA EXPLORER,Nhóm 144 — Ngân hàng thanh toán — Đáp ứng điều kiện (NH thanh toán) (STT 144),"Có hệ thống cơ sở vật chất, kỹ thuật để lưu giữ số liệu thông tin thanh toán giao dịch trong thời hạn ít nhất 10 năm và cung cấp được cho Ủy ban Chứng khoán Nhà nước hoặc Tổng công ty lưu ký và bù trừ chứng khoán Việt Nam trong thời hạn 48 giờ khi có yêu cầu >> Mô tả chi tiết",Chiều,QLKD,,,,,"Pending - chưa thiết kế nguồn (gap Atomic REPORT_CELL_VALUE, xem O_QLKD_23)"
K_QLKD_4215,DATA EXPLORER,Nhóm 144 — Ngân hàng thanh toán — Đáp ứng điều kiện (NH thanh toán) (STT 144),"Có hệ thống cơ sở vật chất, kỹ thuật để lưu giữ số liệu thông tin thanh toán giao dịch trong thời hạn ít nhất 10 năm và cung cấp được cho Ủy ban Chứng khoán Nhà nước hoặc Tổng công ty lưu ký và bù trừ chứng khoán Việt Nam trong thời hạn 48 giờ khi có yêu cầu >> Đáp ứng (x)",Chiều,QLKD,,,,,"Pending - chưa thiết kế nguồn (gap Atomic REPORT_CELL_VALUE, xem O_QLKD_23)"
K_QLKD_4216,DATA EXPLORER,Nhóm 145 — Ngân hàng thanh toán — Hoạt động thanh toán (NH thanh toán) (STT 145),Loại báo cáo,Chiều,QLKD,,,,,"Pending - chưa thiết kế nguồn (gap Atomic REPORT_CELL_VALUE, xem O_QLKD_23)"
K_QLKD_4217,DATA EXPLORER,Nhóm 145 — Ngân hàng thanh toán — Hoạt động thanh toán (NH thanh toán) (STT 145),Kỳ báo cáo,Chiều,QLKD,,,,,"Pending - chưa thiết kế nguồn (gap Atomic REPORT_CELL_VALUE, xem O_QLKD_23)"
K_QLKD_4218,DATA EXPLORER,Nhóm 145 — Ngân hàng thanh toán — Hoạt động thanh toán (NH thanh toán) (STT 145),Mã báo cáo,Chiều,QLKD,,,,,"Pending - chưa thiết kế nguồn (gap Atomic REPORT_CELL_VALUE, xem O_QLKD_23)"
K_QLKD_4219,DATA EXPLORER,Nhóm 145 — Ngân hàng thanh toán — Hoạt động thanh toán (NH thanh toán) (STT 145),Tên báo cáo,Chiều,QLKD,,,,,"Pending - chưa thiết kế nguồn (gap Atomic REPORT_CELL_VALUE, xem O_QLKD_23)"
K_QLKD_4220,DATA EXPLORER,Nhóm 145 — Ngân hàng thanh toán — Hoạt động thanh toán (NH thanh toán) (STT 145),Mã sheet,Chiều,QLKD,,,,,"Pending - chưa thiết kế nguồn (gap Atomic REPORT_CELL_VALUE, xem O_QLKD_23)"
K_QLKD_4221,DATA EXPLORER,Nhóm 145 — Ngân hàng thanh toán — Hoạt động thanh toán (NH thanh toán) (STT 145),Tên sheet,Chiều,QLKD,,,,,"Pending - chưa thiết kế nguồn (gap Atomic REPORT_CELL_VALUE, xem O_QLKD_23)"
K_QLKD_4222,DATA EXPLORER,Nhóm 145 — Ngân hàng thanh toán — Hoạt động thanh toán (NH thanh toán) (STT 145),Mã chỉ tiêu,Chiều,QLKD,,,,,"Pending - chưa thiết kế nguồn (gap Atomic REPORT_CELL_VALUE, xem O_QLKD_23)"
K_QLKD_4223,DATA EXPLORER,Nhóm 145 — Ngân hàng thanh toán — Hoạt động thanh toán (NH thanh toán) (STT 145),Tên chỉ tiêu,Chiều,QLKD,,,,,"Pending - chưa thiết kế nguồn (gap Atomic REPORT_CELL_VALUE, xem O_QLKD_23)"
K_QLKD_4224,DATA EXPLORER,Nhóm 145 — Ngân hàng thanh toán — Hoạt động thanh toán (NH thanh toán) (STT 145),Tiền gửi ký quỹ của các thành viên tham gia thị trường >> Tiền gửi ký quỹ cho hoạt động tự doanh >> Đầu kỳ,Chiều,QLKD,,,,,"Pending - chưa thiết kế nguồn (gap Atomic REPORT_CELL_VALUE, xem O_QLKD_23)"
K_QLKD_4225,DATA EXPLORER,Nhóm 145 — Ngân hàng thanh toán — Hoạt động thanh toán (NH thanh toán) (STT 145),Tiền gửi ký quỹ của các thành viên tham gia thị trường >> Tiền gửi ký quỹ cho hoạt động tự doanh >> Cuối kỳ,Chiều,QLKD,,,,,"Pending - chưa thiết kế nguồn (gap Atomic REPORT_CELL_VALUE, xem O_QLKD_23)"
K_QLKD_4226,DATA EXPLORER,Nhóm 145 — Ngân hàng thanh toán — Hoạt động thanh toán (NH thanh toán) (STT 145),Tiền gửi ký quỹ của các thành viên tham gia thị trường >> Tiền gửi ký quỹ cho hoạt động tự doanh >> Tăng/Giảm (%),Chiều,QLKD,,,,,"Pending - chưa thiết kế nguồn (gap Atomic REPORT_CELL_VALUE, xem O_QLKD_23)"
K_QLKD_4227,DATA EXPLORER,Nhóm 145 — Ngân hàng thanh toán — Hoạt động thanh toán (NH thanh toán) (STT 145),Tiền gửi ký quỹ của các thành viên tham gia thị trường >> Tiền gửi ký quỹ cho hoạt động môi giới trong nước >> Đầu kỳ,Chiều,QLKD,,,,,"Pending - chưa thiết kế nguồn (gap Atomic REPORT_CELL_VALUE, xem O_QLKD_23)"
K_QLKD_4228,DATA EXPLORER,Nhóm 145 — Ngân hàng thanh toán — Hoạt động thanh toán (NH thanh toán) (STT 145),Tiền gửi ký quỹ của các thành viên tham gia thị trường >> Tiền gửi ký quỹ cho hoạt động môi giới trong nước >> Cuối kỳ,Chiều,QLKD,,,,,"Pending - chưa thiết kế nguồn (gap Atomic REPORT_CELL_VALUE, xem O_QLKD_23)"
K_QLKD_4229,DATA EXPLORER,Nhóm 145 — Ngân hàng thanh toán — Hoạt động thanh toán (NH thanh toán) (STT 145),Tiền gửi ký quỹ của các thành viên tham gia thị trường >> Tiền gửi ký quỹ cho hoạt động môi giới trong nước >> Tăng/Giảm (%),Chiều,QLKD,,,,,"Pending - chưa thiết kế nguồn (gap Atomic REPORT_CELL_VALUE, xem O_QLKD_23)"
K_QLKD_4230,DATA EXPLORER,Nhóm 145 — Ngân hàng thanh toán — Hoạt động thanh toán (NH thanh toán) (STT 145),Tiền gửi ký quỹ của các thành viên tham gia thị trường >> Tiền gửi ký quỹ cho hoạt động môi giới nước ngoài >> Đầu kỳ,Chiều,QLKD,,,,,"Pending - chưa thiết kế nguồn (gap Atomic REPORT_CELL_VALUE, xem O_QLKD_23)"
K_QLKD_4231,DATA EXPLORER,Nhóm 145 — Ngân hàng thanh toán — Hoạt động thanh toán (NH thanh toán) (STT 145),Tiền gửi ký quỹ của các thành viên tham gia thị trường >> Tiền gửi ký quỹ cho hoạt động môi giới nước ngoài >> Cuối kỳ,Chiều,QLKD,,,,,"Pending - chưa thiết kế nguồn (gap Atomic REPORT_CELL_VALUE, xem O_QLKD_23)"
K_QLKD_4232,DATA EXPLORER,Nhóm 145 — Ngân hàng thanh toán — Hoạt động thanh toán (NH thanh toán) (STT 145),Tiền gửi ký quỹ của các thành viên tham gia thị trường >> Tiền gửi ký quỹ cho hoạt động môi giới nước ngoài >> Tăng/Giảm (%),Chiều,QLKD,,,,,"Pending - chưa thiết kế nguồn (gap Atomic REPORT_CELL_VALUE, xem O_QLKD_23)"
K_QLKD_4233,DATA EXPLORER,Nhóm 145 — Ngân hàng thanh toán — Hoạt động thanh toán (NH thanh toán) (STT 145),Tiền gửi ký quỹ của các thành viên tham gia thị trường >> Tổng >> Đầu kỳ,Chiều,QLKD,,,,,"Pending - chưa thiết kế nguồn (gap Atomic REPORT_CELL_VALUE, xem O_QLKD_23)"
K_QLKD_4234,DATA EXPLORER,Nhóm 145 — Ngân hàng thanh toán — Hoạt động thanh toán (NH thanh toán) (STT 145),Tiền gửi ký quỹ của các thành viên tham gia thị trường >> Tổng >> Cuối kỳ,Chiều,QLKD,,,,,"Pending - chưa thiết kế nguồn (gap Atomic REPORT_CELL_VALUE, xem O_QLKD_23)"
K_QLKD_4235,DATA EXPLORER,Nhóm 145 — Ngân hàng thanh toán — Hoạt động thanh toán (NH thanh toán) (STT 145),Tiền gửi ký quỹ của các thành viên tham gia thị trường >> Tổng >> Tăng/Giảm (%),Chiều,QLKD,,,,,"Pending - chưa thiết kế nguồn (gap Atomic REPORT_CELL_VALUE, xem O_QLKD_23)"
K_QLKD_4236,DATA EXPLORER,Nhóm 145 — Ngân hàng thanh toán — Hoạt động thanh toán (NH thanh toán) (STT 145),Tiền gửi thanh toán của các thành viên tham gia thị trường >> Tiền gửi thanh toán cho hoạt động tự doanh >> Đầu kỳ,Chiều,QLKD,,,,,"Pending - chưa thiết kế nguồn (gap Atomic REPORT_CELL_VALUE, xem O_QLKD_23)"
K_QLKD_4237,DATA EXPLORER,Nhóm 145 — Ngân hàng thanh toán — Hoạt động thanh toán (NH thanh toán) (STT 145),Tiền gửi thanh toán của các thành viên tham gia thị trường >> Tiền gửi thanh toán cho hoạt động tự doanh >> Cuối kỳ,Chiều,QLKD,,,,,"Pending - chưa thiết kế nguồn (gap Atomic REPORT_CELL_VALUE, xem O_QLKD_23)"
K_QLKD_4238,DATA EXPLORER,Nhóm 145 — Ngân hàng thanh toán — Hoạt động thanh toán (NH thanh toán) (STT 145),Tiền gửi thanh toán của các thành viên tham gia thị trường >> Tiền gửi thanh toán cho hoạt động tự doanh >> Tăng/Giảm (%),Chiều,QLKD,,,,,"Pending - chưa thiết kế nguồn (gap Atomic REPORT_CELL_VALUE, xem O_QLKD_23)"
K_QLKD_4239,DATA EXPLORER,Nhóm 145 — Ngân hàng thanh toán — Hoạt động thanh toán (NH thanh toán) (STT 145),Tiền gửi thanh toán của các thành viên tham gia thị trường >> Tiền gửi thanh toán cho hoạt động môi giới trong nước >> Đầu kỳ,Chiều,QLKD,,,,,"Pending - chưa thiết kế nguồn (gap Atomic REPORT_CELL_VALUE, xem O_QLKD_23)"
K_QLKD_4240,DATA EXPLORER,Nhóm 145 — Ngân hàng thanh toán — Hoạt động thanh toán (NH thanh toán) (STT 145),Tiền gửi thanh toán của các thành viên tham gia thị trường >> Tiền gửi thanh toán cho hoạt động môi giới trong nước >> Cuối kỳ,Chiều,QLKD,,,,,"Pending - chưa thiết kế nguồn (gap Atomic REPORT_CELL_VALUE, xem O_QLKD_23)"
K_QLKD_4241,DATA EXPLORER,Nhóm 145 — Ngân hàng thanh toán — Hoạt động thanh toán (NH thanh toán) (STT 145),Tiền gửi thanh toán của các thành viên tham gia thị trường >> Tiền gửi thanh toán cho hoạt động môi giới trong nước >> Tăng/Giảm (%),Chiều,QLKD,,,,,"Pending - chưa thiết kế nguồn (gap Atomic REPORT_CELL_VALUE, xem O_QLKD_23)"
K_QLKD_4242,DATA EXPLORER,Nhóm 145 — Ngân hàng thanh toán — Hoạt động thanh toán (NH thanh toán) (STT 145),Tiền gửi thanh toán của các thành viên tham gia thị trường >> Tiền gửi thanh toán cho hoạt động môi giới nước ngoài >> Đầu kỳ,Chiều,QLKD,,,,,"Pending - chưa thiết kế nguồn (gap Atomic REPORT_CELL_VALUE, xem O_QLKD_23)"
K_QLKD_4243,DATA EXPLORER,Nhóm 145 — Ngân hàng thanh toán — Hoạt động thanh toán (NH thanh toán) (STT 145),Tiền gửi thanh toán của các thành viên tham gia thị trường >> Tiền gửi thanh toán cho hoạt động môi giới nước ngoài >> Cuối kỳ,Chiều,QLKD,,,,,"Pending - chưa thiết kế nguồn (gap Atomic REPORT_CELL_VALUE, xem O_QLKD_23)"
K_QLKD_4244,DATA EXPLORER,Nhóm 145 — Ngân hàng thanh toán — Hoạt động thanh toán (NH thanh toán) (STT 145),Tiền gửi thanh toán của các thành viên tham gia thị trường >> Tiền gửi thanh toán cho hoạt động môi giới nước ngoài >> Tăng/Giảm (%),Chiều,QLKD,,,,,"Pending - chưa thiết kế nguồn (gap Atomic REPORT_CELL_VALUE, xem O_QLKD_23)"
K_QLKD_4245,DATA EXPLORER,Nhóm 145 — Ngân hàng thanh toán — Hoạt động thanh toán (NH thanh toán) (STT 145),Tiền gửi thanh toán của các thành viên tham gia thị trường >> Tổng >> Đầu kỳ,Chiều,QLKD,,,,,"Pending - chưa thiết kế nguồn (gap Atomic REPORT_CELL_VALUE, xem O_QLKD_23)"
K_QLKD_4246,DATA EXPLORER,Nhóm 145 — Ngân hàng thanh toán — Hoạt động thanh toán (NH thanh toán) (STT 145),Tiền gửi thanh toán của các thành viên tham gia thị trường >> Tổng >> Cuối kỳ,Chiều,QLKD,,,,,"Pending - chưa thiết kế nguồn (gap Atomic REPORT_CELL_VALUE, xem O_QLKD_23)"
K_QLKD_4247,DATA EXPLORER,Nhóm 145 — Ngân hàng thanh toán — Hoạt động thanh toán (NH thanh toán) (STT 145),Tiền gửi thanh toán của các thành viên tham gia thị trường >> Tổng >> Tăng/Giảm (%),Chiều,QLKD,,,,,"Pending - chưa thiết kế nguồn (gap Atomic REPORT_CELL_VALUE, xem O_QLKD_23)"
K_QLKD_4248,DATA EXPLORER,Nhóm 145 — Ngân hàng thanh toán — Hoạt động thanh toán (NH thanh toán) (STT 145),Số lượng thành viên tham gia thanh toán tiền qua ngân hàng thanh toán >> Công ty chứng khoán >> Đầu kỳ,Chiều,QLKD,,,,,"Pending - chưa thiết kế nguồn (gap Atomic REPORT_CELL_VALUE, xem O_QLKD_23)"
K_QLKD_4249,DATA EXPLORER,Nhóm 145 — Ngân hàng thanh toán — Hoạt động thanh toán (NH thanh toán) (STT 145),Số lượng thành viên tham gia thanh toán tiền qua ngân hàng thanh toán >> Công ty chứng khoán >> Cuối kỳ,Chiều,QLKD,,,,,"Pending - chưa thiết kế nguồn (gap Atomic REPORT_CELL_VALUE, xem O_QLKD_23)"
K_QLKD_4250,DATA EXPLORER,Nhóm 145 — Ngân hàng thanh toán — Hoạt động thanh toán (NH thanh toán) (STT 145),Số lượng thành viên tham gia thanh toán tiền qua ngân hàng thanh toán >> Công ty chứng khoán >> Tăng/Giảm (%),Chiều,QLKD,,,,,"Pending - chưa thiết kế nguồn (gap Atomic REPORT_CELL_VALUE, xem O_QLKD_23)"
K_QLKD_4251,DATA EXPLORER,Nhóm 145 — Ngân hàng thanh toán — Hoạt động thanh toán (NH thanh toán) (STT 145),Số lượng thành viên tham gia thanh toán tiền qua ngân hàng thanh toán >> Ngân hàng thương mại >> Đầu kỳ,Chiều,QLKD,,,,,"Pending - chưa thiết kế nguồn (gap Atomic REPORT_CELL_VALUE, xem O_QLKD_23)"
K_QLKD_4252,DATA EXPLORER,Nhóm 145 — Ngân hàng thanh toán — Hoạt động thanh toán (NH thanh toán) (STT 145),Số lượng thành viên tham gia thanh toán tiền qua ngân hàng thanh toán >> Ngân hàng thương mại >> Cuối kỳ,Chiều,QLKD,,,,,"Pending - chưa thiết kế nguồn (gap Atomic REPORT_CELL_VALUE, xem O_QLKD_23)"
K_QLKD_4253,DATA EXPLORER,Nhóm 145 — Ngân hàng thanh toán — Hoạt động thanh toán (NH thanh toán) (STT 145),Số lượng thành viên tham gia thanh toán tiền qua ngân hàng thanh toán >> Ngân hàng thương mại >> Tăng/Giảm (%),Chiều,QLKD,,,,,"Pending - chưa thiết kế nguồn (gap Atomic REPORT_CELL_VALUE, xem O_QLKD_23)"
K_QLKD_4254,DATA EXPLORER,Nhóm 145 — Ngân hàng thanh toán — Hoạt động thanh toán (NH thanh toán) (STT 145),Số lượng thành viên tham gia thanh toán tiền qua ngân hàng thanh toán >> Chi nhánh ngân hàng nước ngoài >> Đầu kỳ,Chiều,QLKD,,,,,"Pending - chưa thiết kế nguồn (gap Atomic REPORT_CELL_VALUE, xem O_QLKD_23)"
K_QLKD_4255,DATA EXPLORER,Nhóm 145 — Ngân hàng thanh toán — Hoạt động thanh toán (NH thanh toán) (STT 145),Số lượng thành viên tham gia thanh toán tiền qua ngân hàng thanh toán >> Chi nhánh ngân hàng nước ngoài >> Cuối kỳ,Chiều,QLKD,,,,,"Pending - chưa thiết kế nguồn (gap Atomic REPORT_CELL_VALUE, xem O_QLKD_23)"
K_QLKD_4256,DATA EXPLORER,Nhóm 145 — Ngân hàng thanh toán — Hoạt động thanh toán (NH thanh toán) (STT 145),Số lượng thành viên tham gia thanh toán tiền qua ngân hàng thanh toán >> Chi nhánh ngân hàng nước ngoài >> Tăng/Giảm (%),Chiều,QLKD,,,,,"Pending - chưa thiết kế nguồn (gap Atomic REPORT_CELL_VALUE, xem O_QLKD_23)"
K_QLKD_4257,DATA EXPLORER,Nhóm 145 — Ngân hàng thanh toán — Hoạt động thanh toán (NH thanh toán) (STT 145),Số lượng thành viên tham gia thanh toán tiền qua ngân hàng thanh toán >> Tổng >> Đầu kỳ,Chiều,QLKD,,,,,"Pending - chưa thiết kế nguồn (gap Atomic REPORT_CELL_VALUE, xem O_QLKD_23)"
K_QLKD_4258,DATA EXPLORER,Nhóm 145 — Ngân hàng thanh toán — Hoạt động thanh toán (NH thanh toán) (STT 145),Số lượng thành viên tham gia thanh toán tiền qua ngân hàng thanh toán >> Tổng >> Cuối kỳ,Chiều,QLKD,,,,,"Pending - chưa thiết kế nguồn (gap Atomic REPORT_CELL_VALUE, xem O_QLKD_23)"
K_QLKD_4259,DATA EXPLORER,Nhóm 145 — Ngân hàng thanh toán — Hoạt động thanh toán (NH thanh toán) (STT 145),Số lượng thành viên tham gia thanh toán tiền qua ngân hàng thanh toán >> Tổng >> Tăng/Giảm (%),Chiều,QLKD,,,,,"Pending - chưa thiết kế nguồn (gap Atomic REPORT_CELL_VALUE, xem O_QLKD_23)"
K_QLKD_4260,DATA EXPLORER,Nhóm 42-145 — Tra cứu báo cáo biểu mẫu định kỳ (KPI đại diện EAV),Giá trị chỉ tiêu báo cáo biểu mẫu định kỳ,Cơ sở,QLKD,,,,,"Pending - chưa thiết kế nguồn (KPI đại diện EAV cho toàn bộ 4036 chỉ tiêu K_QLKD_224-4259, xem O_QLKD_23)"
