brd_id,source,table_name,functional_group,scope_status,scope_reason,data_volume_hint,refresh_frequency,dm_status,mapping_status,etl_status,test_status,deployed,dm_files,mapping_files
BRD-SRC-ECAT-ACTIVE_STATUS,ECAT,ACTIVE_STATUS,UID-11 Danh mục trạng thái & quy trình xử lý,pending,,,,none,none,none,none,no,0,0
BRD-SRC-ECAT-ACTIVITY_STATUS,ECAT,ACTIVITY_STATUS,UID-11 Danh mục trạng thái & quy trình xử lý,pending,,,,none,none,none,none,no,0,0
BRD-SRC-ECAT-ADMINISTRATIVE_PROCEDURE,ECAT,ADMINISTRATIVE_PROCEDURE,UID-09 Danh mục thủ tục hành chính,pending,,,,none,none,none,none,no,0,0
BRD-SRC-ECAT-ADMINISTRATIVE_PROCEDURE_COMPONENT,ECAT,ADMINISTRATIVE_PROCEDURE_COMPONENT,UID-09 Danh mục thủ tục hành chính,pending,,,,none,none,none,none,no,0,0
BRD-SRC-ECAT-ADMINISTRATIVE_PROCEDURE_COMPONENT_MAPPING,ECAT,ADMINISTRATIVE_PROCEDURE_COMPONENT_MAPPING,UID-09 Danh mục thủ tục hành chính,pending,,,,none,none,none,none,no,0,0
BRD-SRC-ECAT-AGENT_TYPE,ECAT,AGENT_TYPE,UID-06 Danh mục đối tượng tham gia thị trường,pending,,,,none,none,none,none,no,0,0
BRD-SRC-ECAT-APPLIED_SUBJECT,ECAT,APPLIED_SUBJECT,UID-05 Danh mục nghiệp vụ & dịch vụ,pending,,,,none,none,none,none,no,0,0
BRD-SRC-ECAT-APPROVED_AUDITORS,ECAT,APPROVED_AUDITORS,UID-07 Danh mục hành nghề & trình độ,pending,,,,none,none,none,none,no,0,0
BRD-SRC-ECAT-APPROVED_AUDIT_FIRM,ECAT,APPROVED_AUDIT_FIRM,UID-07 Danh mục hành nghề & trình độ,pending,,,,none,none,none,none,no,0,0
BRD-SRC-ECAT-BTC_SHARE_CONFIG,ECAT,BTC_SHARE_CONFIG,UID-16 Đồng bộ dữ liệu liên thông,pending,,,,none,none,none,none,no,0,0
BRD-SRC-ECAT-BTC_SYNC_CONFIG,ECAT,BTC_SYNC_CONFIG,UID-16 Đồng bộ dữ liệu liên thông,pending,,,,none,none,none,none,no,0,0
BRD-SRC-ECAT-BUSINESS_ACTIVITY,ECAT,BUSINESS_ACTIVITY,UID-05 Danh mục nghiệp vụ & dịch vụ,pending,,,,none,none,none,none,no,0,0
BRD-SRC-ECAT-BUSINESS_EVENT,ECAT,BUSINESS_EVENT,UID-05 Danh mục nghiệp vụ & dịch vụ,pending,,,,none,none,none,none,no,0,0
BRD-SRC-ECAT-BUSINESS_EVENT_ENTERPRISE_TYPE,ECAT,BUSINESS_EVENT_ENTERPRISE_TYPE,UID-05 Danh mục nghiệp vụ & dịch vụ,pending,,,,none,none,none,none,no,0,0
BRD-SRC-ECAT-BUSINESS_LINE_LEVEL_1,ECAT,BUSINESS_LINE_LEVEL_1,UID-10 Danh mục ngành nghề,in_scope,,,,draft,done,none,none,no,1,1
BRD-SRC-ECAT-BUSINESS_LINE_LEVEL_2,ECAT,BUSINESS_LINE_LEVEL_2,UID-10 Danh mục ngành nghề,in_scope,,,,draft,done,none,none,no,1,1
BRD-SRC-ECAT-BUSINESS_SERVICE,ECAT,BUSINESS_SERVICE,UID-05 Danh mục nghiệp vụ & dịch vụ,pending,,,,none,none,none,none,no,0,0
BRD-SRC-ECAT-COUNTRY,ECAT,COUNTRY,UID-01 Danh mục địa lý hành chính,pending,,,,approved,done,none,none,no,1,1
BRD-SRC-ECAT-CURRENCY,ECAT,CURRENCY,UID-03 Danh mục tiền tệ,pending,,,,none,none,none,none,no,0,0
BRD-SRC-ECAT-CUSTODIAN_BANK,ECAT,CUSTODIAN_BANK,UID-06 Danh mục đối tượng tham gia thị trường,pending,,,,none,none,none,none,no,0,0
BRD-SRC-ECAT-DATABASECHANGELOG,ECAT,DATABASECHANGELOG,UID-18 Bảng kỹ thuật hệ thống,pending,,,,none,none,none,none,no,0,0
BRD-SRC-ECAT-DATABASECHANGELOGLOCK,ECAT,DATABASECHANGELOGLOCK,UID-18 Bảng kỹ thuật hệ thống,pending,,,,none,none,none,none,no,0,0
BRD-SRC-ECAT-DEPARTMENT,ECAT,DEPARTMENT,UID-02 Danh mục tổ chức & nhân sự,pending,,,,none,none,none,none,no,0,0
BRD-SRC-ECAT-DISCLOSURE_REPORT,ECAT,DISCLOSURE_REPORT,UID-15 Danh mục công bố thông tin & văn bản pháp lý,pending,,,,none,none,none,none,no,0,0
BRD-SRC-ECAT-DISTRICT_OLD,ECAT,DISTRICT_OLD,UID-01 Danh mục địa lý hành chính,pending,,,,draft,done,none,none,no,1,1
BRD-SRC-ECAT-DVCQG_SYNC_CONFIG,ECAT,DVCQG_SYNC_CONFIG,UID-16 Đồng bộ dữ liệu liên thông,pending,,,,none,none,none,none,no,0,0
BRD-SRC-ECAT-ENTERPRISE_POSITION,ECAT,ENTERPRISE_POSITION,UID-02 Danh mục tổ chức & nhân sự,pending,,,,none,none,none,none,no,0,0
BRD-SRC-ECAT-ENTERPRISE_POSITION_TYPE,ECAT,ENTERPRISE_POSITION_TYPE,UID-02 Danh mục tổ chức & nhân sự,pending,,,,none,none,none,none,no,0,0
BRD-SRC-ECAT-ENTERPRISE_TYPE,ECAT,ENTERPRISE_TYPE,UID-05 Danh mục nghiệp vụ & dịch vụ,pending,,,,none,none,none,none,no,0,0
BRD-SRC-ECAT-FILES,ECAT,FILES,UID-17 Quản trị hệ thống & phân quyền,pending,,,,none,none,none,none,no,0,0
BRD-SRC-ECAT-FINANCIAL_INDICATOR,ECAT,FINANCIAL_INDICATOR,UID-05 Danh mục nghiệp vụ & dịch vụ,pending,,,,none,none,none,none,no,0,0
BRD-SRC-ECAT-FINANCIAL_REPORT_TYPE,ECAT,FINANCIAL_REPORT_TYPE,UID-05 Danh mục nghiệp vụ & dịch vụ,pending,,,,none,none,none,none,no,0,0
BRD-SRC-ECAT-FOREIGN_BRANCH,ECAT,FOREIGN_BRANCH,UID-06 Danh mục đối tượng tham gia thị trường,pending,,,,none,none,none,none,no,0,0
BRD-SRC-ECAT-FOREIGN_FUND_BRANCH,ECAT,FOREIGN_FUND_BRANCH,UID-06 Danh mục đối tượng tham gia thị trường,pending,,,,none,none,none,none,no,0,0
BRD-SRC-ECAT-FOREIGN_INVESTOR_TYPE,ECAT,FOREIGN_INVESTOR_TYPE,UID-06 Danh mục đối tượng tham gia thị trường,pending,,,,none,none,none,none,no,0,0
BRD-SRC-ECAT-FREQUENCY_REPORT,ECAT,FREQUENCY_REPORT,UID-08 Danh mục lịch & kỳ báo cáo,pending,,,,none,none,none,none,no,0,0
BRD-SRC-ECAT-FUND_DISTRIBUTOR,ECAT,FUND_DISTRIBUTOR,UID-06 Danh mục đối tượng tham gia thị trường,pending,,,,none,none,none,none,no,0,0
BRD-SRC-ECAT-FUND_MANAGEMENT_COMPANY,ECAT,FUND_MANAGEMENT_COMPANY,UID-06 Danh mục đối tượng tham gia thị trường,pending,,,,none,none,none,none,no,0,0
BRD-SRC-ECAT-FUND_TYPE,ECAT,FUND_TYPE,UID-06 Danh mục đối tượng tham gia thị trường,pending,,,,none,none,none,none,no,0,0
BRD-SRC-ECAT-GENDER,ECAT,GENDER,UID-11 Danh mục trạng thái & quy trình xử lý,pending,,,,none,none,none,none,no,0,0
BRD-SRC-ECAT-INSPECTION_BASIS,ECAT,INSPECTION_BASIS,UID-14 Danh mục thanh tra,pending,,,,none,none,none,none,no,0,0
BRD-SRC-ECAT-INSPECTION_CONTENT,ECAT,INSPECTION_CONTENT,UID-14 Danh mục thanh tra,pending,,,,none,none,none,none,no,0,0
BRD-SRC-ECAT-INSPECTION_TARGET,ECAT,INSPECTION_TARGET,UID-14 Danh mục thanh tra,pending,,,,none,none,none,none,no,0,0
BRD-SRC-ECAT-INSPECTION_TARGET_INSPECTION_CONTENT,ECAT,INSPECTION_TARGET_INSPECTION_CONTENT,UID-14 Danh mục thanh tra,pending,,,,none,none,none,none,no,0,0
BRD-SRC-ECAT-INVESTMENT_FUND,ECAT,INVESTMENT_FUND,UID-06 Danh mục đối tượng tham gia thị trường,pending,,,,none,none,none,none,no,0,0
BRD-SRC-ECAT-INVESTOR_CATEGORY,ECAT,INVESTOR_CATEGORY,UID-06 Danh mục đối tượng tham gia thị trường,pending,,,,none,none,none,none,no,0,0
BRD-SRC-ECAT-INVESTOR_TYPE,ECAT,INVESTOR_TYPE,UID-06 Danh mục đối tượng tham gia thị trường,pending,,,,none,none,none,none,no,0,0
BRD-SRC-ECAT-LEGAL_DOCUMENT,ECAT,LEGAL_DOCUMENT,UID-15 Danh mục công bố thông tin & văn bản pháp lý,pending,,,,none,none,none,none,no,0,0
BRD-SRC-ECAT-LOG_DATA_CHANGES,ECAT,LOG_DATA_CHANGES,UID-17 Quản trị hệ thống & phân quyền,pending,,,,none,none,none,none,no,0,0
BRD-SRC-ECAT-MARKET,ECAT,MARKET,UID-04 Danh mục chứng khoán & thị trường,pending,,,,none,none,none,none,no,0,0
BRD-SRC-ECAT-MODULE,ECAT,MODULE,UID-17 Quản trị hệ thống & phân quyền,pending,,,,none,none,none,none,no,0,0
BRD-SRC-ECAT-MODULE_INTEGRATION_CONFIG,ECAT,MODULE_INTEGRATION_CONFIG,UID-17 Quản trị hệ thống & phân quyền,pending,,,,none,none,none,none,no,0,0
BRD-SRC-ECAT-MODULE_INTEGRATION_PERMISSION,ECAT,MODULE_INTEGRATION_PERMISSION,UID-17 Quản trị hệ thống & phân quyền,pending,,,,none,none,none,none,no,0,0
BRD-SRC-ECAT-MODULE_INTEGRATION_RESOURCE,ECAT,MODULE_INTEGRATION_RESOURCE,UID-17 Quản trị hệ thống & phân quyền,pending,,,,none,none,none,none,no,0,0
BRD-SRC-ECAT-NATION,ECAT,NATION,UID-11 Danh mục trạng thái & quy trình xử lý,pending,,,,none,none,none,none,no,0,0
BRD-SRC-ECAT-OPERATIONAL_STATUS_TYPE,ECAT,OPERATIONAL_STATUS_TYPE,UID-11 Danh mục trạng thái & quy trình xử lý,pending,,,,none,none,none,none,no,0,0
BRD-SRC-ECAT-OPERATIONAL_STATUS_TYPE_ENTERPRISE_TYPE,ECAT,OPERATIONAL_STATUS_TYPE_ENTERPRISE_TYPE,UID-11 Danh mục trạng thái & quy trình xử lý,pending,,,,none,none,none,none,no,0,0
BRD-SRC-ECAT-ORGANIZATION_TYPE,ECAT,ORGANIZATION_TYPE,UID-02 Danh mục tổ chức & nhân sự,pending,,,,none,none,none,none,no,0,0
BRD-SRC-ECAT-ORGANIZATION_TYPE_USER_TYPE,ECAT,ORGANIZATION_TYPE_USER_TYPE,UID-02 Danh mục tổ chức & nhân sự,pending,,,,none,none,none,none,no,0,0
BRD-SRC-ECAT-PAR_VALUE,ECAT,PAR_VALUE,UID-04 Danh mục chứng khoán & thị trường,pending,,,,none,none,none,none,no,0,0
BRD-SRC-ECAT-PAYMENT_CUSTODIAN_BANK,ECAT,PAYMENT_CUSTODIAN_BANK,UID-06 Danh mục đối tượng tham gia thị trường,pending,,,,none,none,none,none,no,0,0
BRD-SRC-ECAT-PENALTY_FORM,ECAT,PENALTY_FORM,UID-13 Danh mục vi phạm & xử phạt,pending,,,,none,none,none,none,no,0,0
BRD-SRC-ECAT-PENALTY_FORM_VIOLATION_TYPE,ECAT,PENALTY_FORM_VIOLATION_TYPE,UID-13 Danh mục vi phạm & xử phạt,pending,,,,none,none,none,none,no,0,0
BRD-SRC-ECAT-POSITION,ECAT,POSITION,UID-02 Danh mục tổ chức & nhân sự,pending,,,,none,none,none,none,no,0,0
BRD-SRC-ECAT-POSITION_TYPE,ECAT,POSITION_TYPE,UID-02 Danh mục tổ chức & nhân sự,pending,,,,none,none,none,none,no,0,0
BRD-SRC-ECAT-PRACTICE_CERTIFICATE,ECAT,PRACTICE_CERTIFICATE,UID-07 Danh mục hành nghề & trình độ,pending,,,,none,none,none,none,no,0,0
BRD-SRC-ECAT-PRACTICE_CERTIFICATE_TYPE,ECAT,PRACTICE_CERTIFICATE_TYPE,UID-07 Danh mục hành nghề & trình độ,pending,,,,none,none,none,none,no,0,0
BRD-SRC-ECAT-PROFESSIONAL_CERTIFICATE_TYPES,ECAT,PROFESSIONAL_CERTIFICATE_TYPES,UID-07 Danh mục hành nghề & trình độ,pending,,,,none,none,none,none,no,0,0
BRD-SRC-ECAT-PROVINCE_NEW,ECAT,PROVINCE_NEW,UID-01 Danh mục địa lý hành chính,pending,,,,approved,done,none,none,no,1,1
BRD-SRC-ECAT-PROVINCE_OLD,ECAT,PROVINCE_OLD,UID-01 Danh mục địa lý hành chính,pending,,,,draft,done,none,none,no,1,1
BRD-SRC-ECAT-PUBLIC_COMPANY,ECAT,PUBLIC_COMPANY,UID-04 Danh mục chứng khoán & thị trường,pending,,,,none,none,none,none,no,0,0
BRD-SRC-ECAT-QRTZ_BLOB_TRIGGERS,ECAT,QRTZ_BLOB_TRIGGERS,UID-18 Bảng kỹ thuật hệ thống,pending,,,,none,none,none,none,no,0,0
BRD-SRC-ECAT-QRTZ_CALENDARS,ECAT,QRTZ_CALENDARS,UID-18 Bảng kỹ thuật hệ thống,pending,,,,none,none,none,none,no,0,0
BRD-SRC-ECAT-QRTZ_CRON_TRIGGERS,ECAT,QRTZ_CRON_TRIGGERS,UID-18 Bảng kỹ thuật hệ thống,pending,,,,none,none,none,none,no,0,0
BRD-SRC-ECAT-QRTZ_FIRED_TRIGGERS,ECAT,QRTZ_FIRED_TRIGGERS,UID-18 Bảng kỹ thuật hệ thống,pending,,,,none,none,none,none,no,0,0
BRD-SRC-ECAT-QRTZ_JOB_DETAILS,ECAT,QRTZ_JOB_DETAILS,UID-18 Bảng kỹ thuật hệ thống,pending,,,,none,none,none,none,no,0,0
BRD-SRC-ECAT-QRTZ_LOCKS,ECAT,QRTZ_LOCKS,UID-18 Bảng kỹ thuật hệ thống,pending,,,,none,none,none,none,no,0,0
BRD-SRC-ECAT-QRTZ_PAUSED_TRIGGER_GRPS,ECAT,QRTZ_PAUSED_TRIGGER_GRPS,UID-18 Bảng kỹ thuật hệ thống,pending,,,,none,none,none,none,no,0,0
BRD-SRC-ECAT-QRTZ_SCHEDULER_STATE,ECAT,QRTZ_SCHEDULER_STATE,UID-18 Bảng kỹ thuật hệ thống,pending,,,,none,none,none,none,no,0,0
BRD-SRC-ECAT-QRTZ_SIMPLE_TRIGGERS,ECAT,QRTZ_SIMPLE_TRIGGERS,UID-18 Bảng kỹ thuật hệ thống,pending,,,,none,none,none,none,no,0,0
BRD-SRC-ECAT-QRTZ_SIMPROP_TRIGGERS,ECAT,QRTZ_SIMPROP_TRIGGERS,UID-18 Bảng kỹ thuật hệ thống,pending,,,,none,none,none,none,no,0,0
BRD-SRC-ECAT-QRTZ_TRIGGERS,ECAT,QRTZ_TRIGGERS,UID-18 Bảng kỹ thuật hệ thống,pending,,,,none,none,none,none,no,0,0
BRD-SRC-ECAT-QUALIFICATION_CATEGORY,ECAT,QUALIFICATION_CATEGORY,UID-07 Danh mục hành nghề & trình độ,pending,,,,none,none,none,none,no,0,0
BRD-SRC-ECAT-REGION,ECAT,REGION,UID-01 Danh mục địa lý hành chính,pending,,,,approved,done,none,none,no,1,1
BRD-SRC-ECAT-RELATIONSHIP_CATEGORY,ECAT,RELATIONSHIP_CATEGORY,UID-07 Danh mục hành nghề & trình độ,pending,,,,none,none,none,none,no,0,0
BRD-SRC-ECAT-SECURITY,ECAT,SECURITY,UID-04 Danh mục chứng khoán & thị trường,pending,,,,none,none,none,none,no,0,0
BRD-SRC-ECAT-SECURITY_COMPANY,ECAT,SECURITY_COMPANY,UID-04 Danh mục chứng khoán & thị trường,pending,,,,none,none,none,none,no,0,0
BRD-SRC-ECAT-SECURITY_TYPE,ECAT,SECURITY_TYPE,UID-04 Danh mục chứng khoán & thị trường,pending,,,,none,none,none,none,no,0,0
BRD-SRC-ECAT-SHAREHOLDER_TRANSACTION_TYPE,ECAT,SHAREHOLDER_TRANSACTION_TYPE,UID-06 Danh mục đối tượng tham gia thị trường,pending,,,,none,none,none,none,no,0,0
BRD-SRC-ECAT-SOAP_INCOMING_LOG,ECAT,SOAP_INCOMING_LOG,UID-16 Đồng bộ dữ liệu liên thông,pending,,,,none,none,none,none,no,0,0
BRD-SRC-ECAT-SOAP_RECONCILE_DATA_MAPPING,ECAT,SOAP_RECONCILE_DATA_MAPPING,UID-16 Đồng bộ dữ liệu liên thông,pending,,,,none,none,none,none,no,0,0
BRD-SRC-ECAT-SOAP_SYNC_LOG,ECAT,SOAP_SYNC_LOG,UID-16 Đồng bộ dữ liệu liên thông,pending,,,,none,none,none,none,no,0,0
BRD-SRC-ECAT-UBCK_STAFF,ECAT,UBCK_STAFF,UID-02 Danh mục tổ chức & nhân sự,pending,,,,none,none,none,none,no,0,0
BRD-SRC-ECAT-VIOLATION_BEHAVIOR,ECAT,VIOLATION_BEHAVIOR,UID-13 Danh mục vi phạm & xử phạt,pending,,,,none,none,none,none,no,0,0
BRD-SRC-ECAT-VIOLATION_BEHAVIOR_PENALTY_FORM,ECAT,VIOLATION_BEHAVIOR_PENALTY_FORM,UID-13 Danh mục vi phạm & xử phạt,pending,,,,none,none,none,none,no,0,0
BRD-SRC-ECAT-VIOLATION_TYPE,ECAT,VIOLATION_TYPE,UID-13 Danh mục vi phạm & xử phạt,pending,,,,none,none,none,none,no,0,0
BRD-SRC-ECAT-WARD_NEW,ECAT,WARD_NEW,UID-01 Danh mục địa lý hành chính,pending,,,,approved,done,none,none,no,1,1
BRD-SRC-ECAT-WARD_OLD,ECAT,WARD_OLD,UID-01 Danh mục địa lý hành chính,pending,,,,draft,done,none,none,no,1,1
BRD-SRC-ECAT-WORKING_SCHEDULE,ECAT,WORKING_SCHEDULE,UID-08 Danh mục lịch & kỳ báo cáo,pending,,,,none,none,none,none,no,0,0
BRD-SRC-FIMS-ANNOUNCE,FIMS,ANNOUNCE,FIMS.10 Ủy quyền CBTT và giao dịch,out_of_scope,Chờ thiết kế LLD,,,none,none,none,none,no,0,0
BRD-SRC-FIMS-ANNOUNCEINVES,FIMS,ANNOUNCEINVES,FIMS.10 Ủy quyền CBTT và giao dịch,out_of_scope,Chờ thiết kế LLD,,,none,none,none,none,no,0,0
BRD-SRC-FIMS-ANNOUNCEINVESHIS,FIMS,ANNOUNCEINVESHIS,FIMS.10 Ủy quyền CBTT và giao dịch,out_of_scope,Chờ thiết kế LLD,,,none,none,none,none,no,0,0
BRD-SRC-FIMS-ANNOUNCETYPE,FIMS,ANNOUNCETYPE,FIMS.5 Danh mục dùng chung,out_of_scope,Chờ thiết kế LLD,,,none,none,none,none,no,0,0
BRD-SRC-FIMS-API_MAPPINGS,FIMS,API_MAPPINGS,FIMS.1 Quản trị phân hệ,out_of_scope,Operational/system data — không thiết kế Atomic,,,none,none,none,none,no,0,0
BRD-SRC-FIMS-AUDIT_LOGS,FIMS,AUDIT_LOGS,FIMS.1 Quản trị phân hệ,out_of_scope,Operational/system data — không thiết kế Atomic,,,none,none,none,none,no,0,0
BRD-SRC-FIMS-AUTHOANNOUNCE,FIMS,AUTHOANNOUNCE,FIMS.10 Ủy quyền CBTT và giao dịch,out_of_scope,Chờ thiết kế LLD,,,none,none,none,none,no,0,0
BRD-SRC-FIMS-AUTHOANNOUNCEHIS,FIMS,AUTHOANNOUNCEHIS,FIMS.10 Ủy quyền CBTT và giao dịch,out_of_scope,Chờ thiết kế LLD,,,none,none,none,none,no,0,0
BRD-SRC-FIMS-BANKMONI,FIMS,BANKMONI,FIMS.7 Thành viên thị trường,out_of_scope,Chờ thiết kế LLD,,,none,none,none,none,no,0,0
BRD-SRC-FIMS-BRANCHS,FIMS,BRANCHS,FIMS.7 Thành viên thị trường,out_of_scope,Chờ thiết kế LLD,,,none,none,none,none,no,0,0
BRD-SRC-FIMS-BRANCHSBUSINES,FIMS,BRANCHSBUSINES,FIMS.7 Thành viên thị trường,out_of_scope,Chờ thiết kế LLD,,,none,none,none,none,no,0,0
BRD-SRC-FIMS-BUSINESS,FIMS,BUSINESS,FIMS.5 Danh mục dùng chung,out_of_scope,Chờ thiết kế LLD,,,none,none,none,none,no,0,0
BRD-SRC-FIMS-CALENDAR,FIMS,CALENDAR,FIMS.5 Danh mục dùng chung,out_of_scope,Chờ thiết kế LLD,,,none,none,none,none,no,0,0
BRD-SRC-FIMS-CALENDARMANAGERMENT,FIMS,CALENDARMANAGERMENT,FIMS.5 Danh mục dùng chung,out_of_scope,Chờ thiết kế LLD,,,none,none,none,none,no,0,0
BRD-SRC-FIMS-CATEGORIESSTOCK,FIMS,CATEGORIESSTOCK,FIMS.6 Nhà đầu tư nước ngoài,in_scope,Chờ thiết kế LLD,,,none,none,none,none,no,0,0
BRD-SRC-FIMS-CATEGORIESSTOCKHIS,FIMS,CATEGORIESSTOCKHIS,FIMS.6 Nhà đầu tư nước ngoài,out_of_scope,Chờ thiết kế LLD,,,none,none,none,none,no,0,0
BRD-SRC-FIMS-CDTWARN,FIMS,CDTWARN,FIMS.9 Cảnh báo và vi phạm,out_of_scope,Chờ thiết kế LLD,,,none,none,none,none,no,0,0
BRD-SRC-FIMS-CERTFCATE,FIMS,CERTFCATE,FIMS.1 Quản trị phân hệ,out_of_scope,Operational/system data — không thiết kế Atomic,,,none,none,none,none,no,0,0
BRD-SRC-FIMS-CLOSING_PRICE_SECURITIES,FIMS,CLOSING_PRICE_SECURITIES,FIMS.5 Danh mục dùng chung,out_of_scope,Chờ thiết kế LLD,,,none,none,none,none,no,0,0
BRD-SRC-FIMS-COMPANYTYPE,FIMS,COMPANYTYPE,FIMS.5 Danh mục dùng chung,out_of_scope,Chờ thiết kế LLD,,,none,none,none,none,no,0,0
BRD-SRC-FIMS-CURRENCY,FIMS,CURRENCY,FIMS.5 Danh mục dùng chung,out_of_scope,Chờ thiết kế LLD,,,none,none,none,none,no,0,0
BRD-SRC-FIMS-DEGREE,FIMS,DEGREE,FIMS.5 Danh mục dùng chung,out_of_scope,Chờ thiết kế LLD,,,none,none,none,none,no,0,0
BRD-SRC-FIMS-DEPARTMENT,FIMS,DEPARTMENT,FIMS.5 Danh mục dùng chung,out_of_scope,Chờ thiết kế LLD,,,none,none,none,none,no,0,0
BRD-SRC-FIMS-DEPOSITORYCENTER,FIMS,DEPOSITORYCENTER,FIMS.7 Thành viên thị trường,out_of_scope,Chờ thiết kế LLD,,,none,none,none,none,no,0,0
BRD-SRC-FIMS-DOCUMENT,FIMS,DOCUMENT,FIMS.11 Trao đổi thông tin,out_of_scope,Chờ thiết kế LLD,,,none,none,none,none,no,0,0
BRD-SRC-FIMS-DYNAMICCOLUMNS,FIMS,DYNAMICCOLUMNS,FIMS.4 Hệ thống động (Dynamic),out_of_scope,Operational/system data — hạ tầng IT ứng dụng,,,none,none,none,none,no,0,0
BRD-SRC-FIMS-DYNAMICCONNECTIONS,FIMS,DYNAMICCONNECTIONS,FIMS.4 Hệ thống động (Dynamic),out_of_scope,Operational/system data — hạ tầng IT ứng dụng,,,none,none,none,none,no,0,0
BRD-SRC-FIMS-DYNAMICTABLES,FIMS,DYNAMICTABLES,FIMS.4 Hệ thống động (Dynamic),out_of_scope,Operational/system data — hạ tầng IT ứng dụng,,,none,none,none,none,no,0,0
BRD-SRC-FIMS-EMAILSENTSYSTEM,FIMS,EMAILSENTSYSTEM,FIMS.11 Trao đổi thông tin,out_of_scope,Chờ thiết kế LLD,,,none,none,none,none,no,0,0
BRD-SRC-FIMS-ERRORLOG,FIMS,ERRORLOG,FIMS.1 Quản trị phân hệ,out_of_scope,Operational/system data — không thiết kế Atomic,,,none,none,none,none,no,0,0
BRD-SRC-FIMS-FORM_SCHEMAS,FIMS,FORM_SCHEMAS,FIMS.2 Biểu mẫu báo cáo đầu vào,out_of_scope,Chờ thiết kế LLD,,,none,none,none,none,no,0,0
BRD-SRC-FIMS-FORM_SCHEMA_VERSIONS,FIMS,FORM_SCHEMA_VERSIONS,FIMS.2 Biểu mẫu báo cáo đầu vào,out_of_scope,Chờ thiết kế LLD,,,none,none,none,none,no,0,0
BRD-SRC-FIMS-FUNDCOMBUSINES,FIMS,FUNDCOMBUSINES,FIMS.7 Thành viên thị trường,out_of_scope,Chờ thiết kế LLD,,,none,none,none,none,no,0,0
BRD-SRC-FIMS-FUNDCOMPANY,FIMS,FUNDCOMPANY,FIMS.7 Thành viên thị trường,out_of_scope,Chờ thiết kế LLD,,,none,none,none,none,no,0,0
BRD-SRC-FIMS-FUNDCOMTYPE,FIMS,FUNDCOMTYPE,FIMS.7 Thành viên thị trường,out_of_scope,Chờ thiết kế LLD,,,none,none,none,none,no,0,0
BRD-SRC-FIMS-GROUPROLES,FIMS,GROUPROLES,FIMS.1 Quản trị phân hệ,out_of_scope,Operational/system data — hạ tầng IT ứng dụng,,,none,none,none,none,no,0,0
BRD-SRC-FIMS-GROUPS,FIMS,GROUPS,FIMS.1 Quản trị phân hệ,out_of_scope,Operational/system data — hạ tầng IT ứng dụng,,,none,none,none,none,no,0,0
BRD-SRC-FIMS-GROUPUSERS,FIMS,GROUPUSERS,FIMS.1 Quản trị phân hệ,out_of_scope,Operational/system data — hạ tầng IT ứng dụng,,,none,none,none,none,no,0,0
BRD-SRC-FIMS-INDIREBUSINESS,FIMS,INDIREBUSINESS,FIMS.7 Thành viên thị trường,out_of_scope,Chờ thiết kế LLD,,,none,none,none,none,no,0,0
BRD-SRC-FIMS-INFODISCREPRES,FIMS,INFODISCREPRES,FIMS.7 Thành viên thị trường,out_of_scope,Chờ thiết kế LLD,,,none,none,none,none,no,0,0
BRD-SRC-FIMS-INVESTOR,FIMS,INVESTOR,FIMS.6 Nhà đầu tư nước ngoài,in_scope,Chờ thiết kế LLD,,,approved,done,none,none,no,4,4
BRD-SRC-FIMS-INVESTORHIS,FIMS,INVESTORHIS,FIMS.6 Nhà đầu tư nước ngoài,out_of_scope,Chờ thiết kế LLD,,,none,none,none,none,no,0,0
BRD-SRC-FIMS-INVESTORTYPE,FIMS,INVESTORTYPE,FIMS.5 Danh mục dùng chung,out_of_scope,Chờ thiết kế LLD,,,none,none,none,none,no,0,0
BRD-SRC-FIMS-JOBTYPE,FIMS,JOBTYPE,FIMS.5 Danh mục dùng chung,out_of_scope,Chờ thiết kế LLD,,,none,none,none,none,no,0,0
BRD-SRC-FIMS-LOCATION,FIMS,LOCATION,FIMS.5 Danh mục dùng chung,out_of_scope,Dữ liệu địa giới chuẩn hóa tại ECAT — không tự thiết kế Atomic entity (2026-07-10),,,none,none,none,none,no,0,0
BRD-SRC-FIMS-MENUS,FIMS,MENUS,FIMS.1 Quản trị phân hệ,out_of_scope,Operational/system data — hạ tầng IT ứng dụng,,,none,none,none,none,no,0,0
BRD-SRC-FIMS-MENUS_BU,FIMS,MENUS_BU,FIMS.1 Quản trị phân hệ,out_of_scope,Operational/system data — không thiết kế Atomic,,,none,none,none,none,no,0,0
BRD-SRC-FIMS-MENU_CLONE,FIMS,MENU_CLONE,FIMS.1 Quản trị phân hệ,out_of_scope,Operational/system data — không thiết kế Atomic,,,none,none,none,none,no,0,0
BRD-SRC-FIMS-MODULES,FIMS,MODULES,FIMS.1 Quản trị phân hệ,out_of_scope,Operational/system data — không thiết kế Atomic,,,none,none,none,none,no,0,0
BRD-SRC-FIMS-NATIONAL,FIMS,NATIONAL,FIMS.5 Danh mục dùng chung,in_scope,"Không thiết kế Atomic entity riêng (dữ liệu quốc tịch/quốc gia chuẩn hóa tại ECAT), nhưng ETL vẫn crosswalk bảng này để lấy Code khi hash geographic_area — xem comment FK trong lld_FIMS_INVESTOR.yaml và lld_FIMS_TRADINGREPRESENTATIVE.yaml. Đánh in_scope vì có bị ETL đọc tới (2026-07-31).",,,none,none,none,none,no,0,0
BRD-SRC-FIMS-NOTIFICATION,FIMS,NOTIFICATION,FIMS.11 Trao đổi thông tin,out_of_scope,Chờ thiết kế LLD,,,none,none,none,none,no,0,0
BRD-SRC-FIMS-PARAWARN,FIMS,PARAWARN,FIMS.9 Cảnh báo và vi phạm,out_of_scope,Chờ thiết kế LLD,,,none,none,none,none,no,0,0
BRD-SRC-FIMS-PERMISSIONS,FIMS,PERMISSIONS,FIMS.1 Quản trị phân hệ,out_of_scope,Operational/system data — không thiết kế Atomic,,,none,none,none,none,no,0,0
BRD-SRC-FIMS-REFRESHTOKEN,FIMS,REFRESHTOKEN,FIMS.1 Quản trị phân hệ,out_of_scope,Operational/system data — không thiết kế Atomic,,,none,none,none,none,no,0,0
BRD-SRC-FIMS-RELATEDPROPERTIES,FIMS,RELATEDPROPERTIES,FIMS.5 Danh mục dùng chung,out_of_scope,Chờ thiết kế LLD,,,none,none,none,none,no,0,0
BRD-SRC-FIMS-RELATIONSHIP,FIMS,RELATIONSHIP,FIMS.5 Danh mục dùng chung,out_of_scope,Chờ thiết kế LLD,,,none,none,none,none,no,0,0
BRD-SRC-FIMS-REPORTTYPE,FIMS,REPORTTYPE,FIMS.5 Danh mục dùng chung,out_of_scope,Chờ thiết kế LLD,,,none,none,none,none,no,0,0
BRD-SRC-FIMS-REPORT_TEMPLATES,FIMS,REPORT_TEMPLATES,FIMS.2 Biểu mẫu báo cáo đầu vào,out_of_scope,Chờ thiết kế LLD,,,none,none,none,none,no,0,0
BRD-SRC-FIMS-ROLES,FIMS,ROLES,FIMS.1 Quản trị phân hệ,out_of_scope,Operational/system data — hạ tầng IT ứng dụng,,,none,none,none,none,no,0,0
BRD-SRC-FIMS-ROLESMENUS,FIMS,ROLESMENUS,FIMS.1 Quản trị phân hệ,out_of_scope,Operational/system data — hạ tầng IT ứng dụng,,,none,none,none,none,no,0,0
BRD-SRC-FIMS-RPTHTORY,FIMS,RPTHTORY,FIMS.2 Biểu mẫu báo cáo đầu vào,out_of_scope,Chờ thiết kế LLD,,,none,none,none,none,no,0,0
BRD-SRC-FIMS-RPTMEMBER,FIMS,RPTMEMBER,FIMS.8 Báo cáo thành viên,out_of_scope,Chờ thiết kế LLD,,,none,none,none,none,no,0,0
BRD-SRC-FIMS-RPTOUTFILESAVE,FIMS,RPTOUTFILESAVE,FIMS.3 Biểu mẫu báo cáo đầu ra,out_of_scope,Chờ thiết kế LLD,,,none,none,none,none,no,0,0
BRD-SRC-FIMS-RPTOUTMANAGEMENT,FIMS,RPTOUTMANAGEMENT,FIMS.3 Biểu mẫu báo cáo đầu ra,out_of_scope,Chờ thiết kế LLD,,,none,none,none,none,no,0,0
BRD-SRC-FIMS-RPTPDSHT,FIMS,RPTPDSHT,FIMS.2 Biểu mẫu báo cáo đầu vào,out_of_scope,Chờ thiết kế LLD,,,none,none,none,none,no,0,0
BRD-SRC-FIMS-RPTPERIOD,FIMS,RPTPERIOD,FIMS.2 Biểu mẫu báo cáo đầu vào,out_of_scope,Chờ thiết kế LLD,,,none,none,none,none,no,0,0
BRD-SRC-FIMS-RPTPROCESS,FIMS,RPTPROCESS,FIMS.8 Báo cáo thành viên,out_of_scope,Chờ thiết kế LLD,,,none,none,none,none,no,0,0
BRD-SRC-FIMS-RPTTEMP,FIMS,RPTTEMP,FIMS.2 Biểu mẫu báo cáo đầu vào,out_of_scope,Chờ thiết kế LLD,,,none,none,none,none,no,0,0
BRD-SRC-FIMS-RPTTPOUT,FIMS,RPTTPOUT,FIMS.3 Biểu mẫu báo cáo đầu ra,out_of_scope,Chờ thiết kế LLD,,,none,none,none,none,no,0,0
BRD-SRC-FIMS-RPTVALUES,FIMS,RPTVALUES,FIMS.8 Báo cáo thành viên,out_of_scope,Chờ thiết kế LLD,,,none,none,none,none,no,0,0
BRD-SRC-FIMS-RPTVALUESMANAGERMENT,FIMS,RPTVALUESMANAGERMENT,FIMS.8 Báo cáo thành viên,out_of_scope,Chờ thiết kế LLD,,,none,none,none,none,no,0,0
BRD-SRC-FIMS-RPT_EVENT_TYPE,FIMS,RPT_EVENT_TYPE,FIMS.8 Báo cáo thành viên,out_of_scope,Chờ thiết kế LLD,,,none,none,none,none,no,0,0
BRD-SRC-FIMS-RPT_EVENT_TYPE_LEGAL_BASIS,FIMS,RPT_EVENT_TYPE_LEGAL_BASIS,FIMS.8 Báo cáo thành viên,out_of_scope,Chờ thiết kế LLD,,,none,none,none,none,no,0,0
BRD-SRC-FIMS-RPT_EVENT_TYPE_SCHEDULE,FIMS,RPT_EVENT_TYPE_SCHEDULE,FIMS.8 Báo cáo thành viên,out_of_scope,Chờ thiết kế LLD,,,none,none,none,none,no,0,0
BRD-SRC-FIMS-RPT_EVENT_TYPE_STATUS_LINK,FIMS,RPT_EVENT_TYPE_STATUS_LINK,FIMS.8 Báo cáo thành viên,out_of_scope,Chờ thiết kế LLD,,,none,none,none,none,no,0,0
BRD-SRC-FIMS-RPT_FIELD_CATALOG,FIMS,RPT_FIELD_CATALOG,FIMS.2 Biểu mẫu báo cáo đầu vào,out_of_scope,Chờ thiết kế LLD,,,none,none,none,none,no,0,0
BRD-SRC-FIMS-RPT_FIELD_CATALOG_USAGE,FIMS,RPT_FIELD_CATALOG_USAGE,FIMS.2 Biểu mẫu báo cáo đầu vào,out_of_scope,Chờ thiết kế LLD,,,none,none,none,none,no,0,0
BRD-SRC-FIMS-RPT_VALUE_CATALOG,FIMS,RPT_VALUE_CATALOG,FIMS.2 Biểu mẫu báo cáo đầu vào,out_of_scope,Chờ thiết kế LLD,,,none,none,none,none,no,0,0
BRD-SRC-FIMS-SECCOMBUSINES,FIMS,SECCOMBUSINES,FIMS.7 Thành viên thị trường,out_of_scope,Chờ thiết kế LLD,,,none,none,none,none,no,0,0
BRD-SRC-FIMS-SECCOMTYPE,FIMS,SECCOMTYPE,FIMS.7 Thành viên thị trường,out_of_scope,Chờ thiết kế LLD,,,none,none,none,none,no,0,0
BRD-SRC-FIMS-SECURITIES,FIMS,SECURITIES,FIMS.5 Danh mục dùng chung,out_of_scope,Chờ thiết kế LLD,,,none,none,none,none,no,0,0
BRD-SRC-FIMS-SECURITIESACCOUNT,FIMS,SECURITIESACCOUNT,FIMS.6 Nhà đầu tư nước ngoài,in_scope,Chờ thiết kế LLD,,,draft,done,none,none,no,1,1
BRD-SRC-FIMS-SECURITIESACCOUNTHIS,FIMS,SECURITIESACCOUNTHIS,FIMS.6 Nhà đầu tư nước ngoài,out_of_scope,Chờ thiết kế LLD,,,none,none,none,none,no,0,0
BRD-SRC-FIMS-SECURITIESCOMPANY,FIMS,SECURITIESCOMPANY,FIMS.7 Thành viên thị trường,out_of_scope,Chờ thiết kế LLD,,,none,none,none,none,no,0,0
BRD-SRC-FIMS-SECURITIESTYPE,FIMS,SECURITIESTYPE,FIMS.5 Danh mục dùng chung,out_of_scope,Chờ thiết kế LLD,,,none,none,none,none,no,0,0
BRD-SRC-FIMS-SELFSETPD,FIMS,SELFSETPD,FIMS.2 Biểu mẫu báo cáo đầu vào,out_of_scope,Chờ thiết kế LLD,,,none,none,none,none,no,0,0
BRD-SRC-FIMS-SHEDLOCK,FIMS,SHEDLOCK,FIMS.1 Quản trị phân hệ,out_of_scope,Operational/system data — không thiết kế Atomic,,,none,none,none,none,no,0,0
BRD-SRC-FIMS-SHEET,FIMS,SHEET,FIMS.2 Biểu mẫu báo cáo đầu vào,out_of_scope,Chờ thiết kế LLD,,,none,none,none,none,no,0,0
BRD-SRC-FIMS-SHEETOUT,FIMS,SHEETOUT,FIMS.3 Biểu mẫu báo cáo đầu ra,out_of_scope,Chờ thiết kế LLD,,,none,none,none,none,no,0,0
BRD-SRC-FIMS-STATUS,FIMS,STATUS,FIMS.5 Danh mục dùng chung,out_of_scope,Chờ thiết kế LLD,,,none,none,none,none,no,0,0
BRD-SRC-FIMS-STOCKEXCHANGE,FIMS,STOCKEXCHANGE,FIMS.7 Thành viên thị trường,out_of_scope,Chờ thiết kế LLD,,,none,none,none,none,no,0,0
BRD-SRC-FIMS-STOCKHOLDERTYPE,FIMS,STOCKHOLDERTYPE,FIMS.5 Danh mục dùng chung,out_of_scope,Chờ thiết kế LLD,,,none,none,none,none,no,0,0
BRD-SRC-FIMS-SYSEMAIL,FIMS,SYSEMAIL,FIMS.11 Trao đổi thông tin,out_of_scope,Chờ thiết kế LLD,,,none,none,none,none,no,0,0
BRD-SRC-FIMS-SYSTEMINTEGRATIONCONFIG,FIMS,SYSTEMINTEGRATIONCONFIG,FIMS.12 Tích hợp hệ thống,out_of_scope,Chờ thiết kế LLD,,,none,none,none,none,no,0,0
BRD-SRC-FIMS-SYSTEMINTEGRATIONDATA,FIMS,SYSTEMINTEGRATIONDATA,FIMS.12 Tích hợp hệ thống,out_of_scope,Chờ thiết kế LLD,,,none,none,none,none,no,0,0
BRD-SRC-FIMS-SYSVAR,FIMS,SYSVAR,FIMS.5 Danh mục dùng chung,out_of_scope,Chờ thiết kế LLD,,,none,none,none,none,no,0,0
BRD-SRC-FIMS-TLPROFILES,FIMS,TLPROFILES,FIMS.7 Thành viên thị trường,out_of_scope,Chờ thiết kế LLD,,,none,none,none,none,no,0,0
BRD-SRC-FIMS-TLPROJOB,FIMS,TLPROJOB,FIMS.7 Thành viên thị trường,out_of_scope,Chờ thiết kế LLD,,,none,none,none,none,no,0,0
BRD-SRC-FIMS-TLPROSTOCKH,FIMS,TLPROSTOCKH,FIMS.7 Thành viên thị trường,out_of_scope,Chờ thiết kế LLD,,,none,none,none,none,no,0,0
BRD-SRC-FIMS-TPOUTHTORY,FIMS,TPOUTHTORY,FIMS.3 Biểu mẫu báo cáo đầu ra,out_of_scope,Chờ thiết kế LLD,,,none,none,none,none,no,0,0
BRD-SRC-FIMS-TRADINGAUTHORIZATION,FIMS,TRADINGAUTHORIZATION,FIMS.10 Ủy quyền CBTT và giao dịch,in_scope,Chờ thiết kế LLD,,,draft,done,none,none,no,1,1
BRD-SRC-FIMS-TRADINGAUTHORIZATIONHIS,FIMS,TRADINGAUTHORIZATIONHIS,FIMS.10 Ủy quyền CBTT và giao dịch,out_of_scope,Chờ thiết kế LLD,,,none,none,none,none,no,0,0
BRD-SRC-FIMS-TRADINGAUTHORIZATIONINVES,FIMS,TRADINGAUTHORIZATIONINVES,FIMS.10 Ủy quyền CBTT và giao dịch,in_scope,Chờ thiết kế LLD,,,none,none,none,none,no,0,0
BRD-SRC-FIMS-TRADINGAUTHORIZATIONINVESHIS,FIMS,TRADINGAUTHORIZATIONINVESHIS,FIMS.10 Ủy quyền CBTT và giao dịch,out_of_scope,Chờ thiết kế LLD,,,none,none,none,none,no,0,0
BRD-SRC-FIMS-TRADINGREPRESENTATIVE,FIMS,TRADINGREPRESENTATIVE,FIMS.6 Nhà đầu tư nước ngoài,in_scope,Chờ thiết kế LLD,,,approved,done,none,none,no,4,4
BRD-SRC-FIMS-UNIT,FIMS,UNIT,FIMS.5 Danh mục dùng chung,out_of_scope,Chờ thiết kế LLD,,,none,none,none,none,no,0,0
BRD-SRC-FIMS-USERRPTI,FIMS,USERRPTI,FIMS.1 Quản trị phân hệ,out_of_scope,Operational/system data — hạ tầng IT ứng dụng,,,none,none,none,none,no,0,0
BRD-SRC-FIMS-USERRPTO,FIMS,USERRPTO,FIMS.1 Quản trị phân hệ,out_of_scope,Operational/system data — hạ tầng IT ứng dụng,,,none,none,none,none,no,0,0
BRD-SRC-FIMS-USERS,FIMS,USERS,FIMS.1 Quản trị phân hệ,out_of_scope,Operational/system data — hạ tầng IT ứng dụng,,,none,none,none,none,no,0,0
BRD-SRC-FIMS-USERSESSIONS,FIMS,USERSESSIONS,FIMS.1 Quản trị phân hệ,out_of_scope,Operational/system data — không thiết kế Atomic,,,none,none,none,none,no,0,0
BRD-SRC-FIMS-USERSMENUS,FIMS,USERSMENUS,FIMS.1 Quản trị phân hệ,out_of_scope,Operational/system data — hạ tầng IT ứng dụng,,,none,none,none,none,no,0,0
BRD-SRC-FIMS-USERSMENUS_CLONE,FIMS,USERSMENUS_CLONE,FIMS.1 Quản trị phân hệ,out_of_scope,Operational/system data — không thiết kế Atomic,,,none,none,none,none,no,0,0
BRD-SRC-FIMS-USER_DATA_PERMISSION,FIMS,USER_DATA_PERMISSION,FIMS.1 Quản trị phân hệ,out_of_scope,Operational/system data — không thiết kế Atomic,,,none,none,none,none,no,0,0
BRD-SRC-FIMS-VIOLATIONTYPE,FIMS,VIOLATIONTYPE,FIMS.5 Danh mục dùng chung,out_of_scope,Chờ thiết kế LLD,,,none,none,none,none,no,0,0
BRD-SRC-FIMS-VIOLT,FIMS,VIOLT,FIMS.9 Cảnh báo và vi phạm,out_of_scope,Chờ thiết kế LLD,,,none,none,none,none,no,0,0
BRD-SRC-FMS-AGENCIES,FMS,AGENCIES,FMS.4 Quỹ đầu tư chứng khoán,in_scope,,,,approved,done,none,none,no,3,3
BRD-SRC-FMS-AGENCIES_BRA,FMS,AGENCIES_BRA,FMS.4 Quỹ đầu tư chứng khoán,in_scope,,,,none,none,none,none,no,0,0
BRD-SRC-FMS-AGENCY_TYPE,FMS,AGENCY_TYPE,FMS.4 Quỹ đầu tư chứng khoán,pending,,,,none,none,none,none,no,0,0
BRD-SRC-FMS-AGEN_FUNDS,FMS,AGEN_FUNDS,FMS.4 Quỹ đầu tư chứng khoán,in_scope,,,,draft,done,none,none,no,1,1
BRD-SRC-FMS-AGEN_TF_MBF,FMS,AGEN_TF_MBF,FMS.4 Quỹ đầu tư chứng khoán,pending,,,,none,none,none,none,no,0,0
BRD-SRC-FMS-ANNOUNCE,FMS,ANNOUNCE,FMS.7 Tiện ích và hệ thống,in_scope,,,,none,none,none,none,no,0,0
BRD-SRC-FMS-AUDITOR,FMS,AUDITOR,FMS.8 Kiểm toán,pending,,,,none,none,none,none,no,0,0
BRD-SRC-FMS-AUDIT_FIRM,FMS,AUDIT_FIRM,FMS.8 Kiểm toán,pending,,,,none,none,none,none,no,0,0
BRD-SRC-FMS-AUDIT_FIRM_REMINDER,FMS,AUDIT_FIRM_REMINDER,FMS.8 Kiểm toán,pending,,,,none,none,none,none,no,0,0
BRD-SRC-FMS-AUDIT_FIRM_REMINDER_ATTACHMENT,FMS,AUDIT_FIRM_REMINDER_ATTACHMENT,FMS.8 Kiểm toán,pending,,,,none,none,none,none,no,0,0
BRD-SRC-FMS-BANK_EMPLOY,FMS,BANK_EMPLOY,FMS.4 Quỹ đầu tư chứng khoán,in_scope,,,,none,none,none,none,no,0,0
BRD-SRC-FMS-BANK_EMPLOY_HISTORY,FMS,BANK_EMPLOY_HISTORY,FMS.4 Quỹ đầu tư chứng khoán,pending,,,,none,none,none,none,no,0,0
BRD-SRC-FMS-BANK_HISTORY,FMS,BANK_HISTORY,FMS.4 Quỹ đầu tư chứng khoán,pending,,,,none,none,none,none,no,0,0
BRD-SRC-FMS-BANK_MONI,FMS,BANK_MONI,FMS.4 Quỹ đầu tư chứng khoán,in_scope,,,,none,none,none,none,no,0,0
BRD-SRC-FMS-BRANCHS,FMS,BRANCHS,FMS.3 Thông tin thành viên — Công ty QLQ,in_scope,,,,approved,done,none,none,no,3,3
BRD-SRC-FMS-BRA_BUSINESS,FMS,BRA_BUSINESS,FMS.3 Thông tin thành viên — Công ty QLQ,pending,,,,none,none,none,none,no,0,0
BRD-SRC-FMS-BRCH_BUP,FMS,BRCH_BUP,FMS.3 Thông tin thành viên — Công ty QLQ,pending,,,,none,none,none,none,no,0,0
BRD-SRC-FMS-BUSINESS,FMS,BUSINESS,FMS.2 Danh mục dùng riêng,pending,,,,none,none,none,none,no,0,0
BRD-SRC-FMS-BUSINESS_TYPE,FMS,BUSINESS_TYPE,FMS.2 Danh mục dùng riêng,pending,,,,none,none,none,none,no,0,0
BRD-SRC-FMS-CALENDAR,FMS,CALENDAR,FMS.2 Danh mục dùng riêng,pending,,,,none,none,none,none,no,0,0
BRD-SRC-FMS-CDT_WARN,FMS,CDT_WARN,FMS.6 Đánh giá xếp loại và cảnh báo,in_scope,,,,none,none,none,none,no,0,0
BRD-SRC-FMS-CERT_FCATE,FMS,CERT_FCATE,FMS.2 Danh mục dùng riêng,pending,,,,none,none,none,none,no,0,0
BRD-SRC-FMS-CHART_OUT,FMS,CHART_OUT,FMS.6 Đánh giá xếp loại và cảnh báo,pending,,,,none,none,none,none,no,0,0
BRD-SRC-FMS-COMPANY_TYPE,FMS,COMPANY_TYPE,FMS.2 Danh mục dùng riêng,pending,,,,none,none,none,none,no,0,0
BRD-SRC-FMS-CONFIG,FMS,CONFIG,FMS.7 Tiện ích và hệ thống,pending,,,,none,none,none,none,no,0,0
BRD-SRC-FMS-CONFIG_CONVERT_DATA,FMS,CONFIG_CONVERT_DATA,FMS.7 Tiện ích và hệ thống,pending,,,,none,none,none,none,no,0,0
BRD-SRC-FMS-DISTRIBUTOR_AGENT,FMS,DISTRIBUTOR_AGENT,FMS.9 Đại lý và quỹ hưu trí,in_scope,,,,none,none,none,none,no,0,0
BRD-SRC-FMS-DISTRIBUTOR_AGENT_HISTORY,FMS,DISTRIBUTOR_AGENT_HISTORY,FMS.9 Đại lý và quỹ hưu trí,pending,,,,none,none,none,none,no,0,0
BRD-SRC-FMS-DISTRIBUTOR_LOCATION,FMS,DISTRIBUTOR_LOCATION,FMS.9 Đại lý và quỹ hưu trí,in_scope,,,,none,none,none,none,no,0,0
BRD-SRC-FMS-DISTRIBUTOR_PERSONNEL,FMS,DISTRIBUTOR_PERSONNEL,FMS.9 Đại lý và quỹ hưu trí,in_scope,,,,none,none,none,none,no,0,0
BRD-SRC-FMS-DOCUMENT,FMS,DOCUMENT,FMS.5 Quản lý báo cáo,pending,,,,none,none,none,none,no,0,0
BRD-SRC-FMS-DT_SCOPE,FMS,DT_SCOPE,FMS.3 Thông tin thành viên — Công ty QLQ,pending,,,,none,none,none,none,no,0,0
BRD-SRC-FMS-DT_SC_AGENCY,FMS,DT_SC_AGENCY,FMS.4 Quỹ đầu tư chứng khoán,pending,,,,none,none,none,none,no,0,0
BRD-SRC-FMS-DT_SC_AUDIT_FIRM,FMS,DT_SC_AUDIT_FIRM,FMS.8 Kiểm toán,pending,,,,none,none,none,none,no,0,0
BRD-SRC-FMS-DT_SC_BMN,FMS,DT_SC_BMN,FMS.3 Thông tin thành viên — Công ty QLQ,pending,,,,none,none,none,none,no,0,0
BRD-SRC-FMS-DT_SC_DISTRIBUTOR_AGENT,FMS,DT_SC_DISTRIBUTOR_AGENT,FMS.9 Đại lý và quỹ hưu trí,pending,,,,none,none,none,none,no,0,0
BRD-SRC-FMS-DT_SC_FND,FMS,DT_SC_FND,FMS.3 Thông tin thành viên — Công ty QLQ,pending,,,,none,none,none,none,no,0,0
BRD-SRC-FMS-DT_SC_FR,FMS,DT_SC_FR,FMS.3 Thông tin thành viên — Công ty QLQ,pending,,,,none,none,none,none,no,0,0
BRD-SRC-FMS-DT_SC_OTHER_AGENT,FMS,DT_SC_OTHER_AGENT,FMS.9 Đại lý và quỹ hưu trí,pending,,,,none,none,none,none,no,0,0
BRD-SRC-FMS-DT_SC_PENSION_AGENT,FMS,DT_SC_PENSION_AGENT,FMS.9 Đại lý và quỹ hưu trí,pending,,,,none,none,none,none,no,0,0
BRD-SRC-FMS-DT_SC_PENSION_FUND,FMS,DT_SC_PENSION_FUND,FMS.9 Đại lý và quỹ hưu trí,pending,,,,none,none,none,none,no,0,0
BRD-SRC-FMS-DT_SC_PENSION_PROVIDER,FMS,DT_SC_PENSION_PROVIDER,FMS.9 Đại lý và quỹ hưu trí,pending,,,,none,none,none,none,no,0,0
BRD-SRC-FMS-DT_SC_SEC,FMS,DT_SC_SEC,FMS.3 Thông tin thành viên — Công ty QLQ,pending,,,,none,none,none,none,no,0,0
BRD-SRC-FMS-DT_SC_TRANSFER_AGENT,FMS,DT_SC_TRANSFER_AGENT,FMS.9 Đại lý và quỹ hưu trí,pending,,,,none,none,none,none,no,0,0
BRD-SRC-FMS-DYNAMIC_COLUMNS,FMS,DYNAMIC_COLUMNS,FMS.1 Quản trị phân hệ,pending,,,,none,none,none,none,no,0,0
BRD-SRC-FMS-DYNAMIC_TABLES,FMS,DYNAMIC_TABLES,FMS.1 Quản trị phân hệ,pending,,,,none,none,none,none,no,0,0
BRD-SRC-FMS-ERROR_LOG,FMS,ERROR_LOG,FMS.1 Quản trị phân hệ,pending,,,,none,none,none,none,no,0,0
BRD-SRC-FMS-EVENT_TYPE,FMS,EVENT_TYPE,FMS.1 Quản trị phân hệ,in_scope,,,,draft,done,none,none,no,1,1
BRD-SRC-FMS-EVENT_TYPE_AGENCY_TYPE,FMS,EVENT_TYPE_AGENCY_TYPE,FMS.1 Quản trị phân hệ,pending,,,,none,none,none,none,no,0,0
BRD-SRC-FMS-EVENT_TYPE_DATA_PERIOD,FMS,EVENT_TYPE_DATA_PERIOD,FMS.1 Quản trị phân hệ,pending,,,,none,none,none,none,no,0,0
BRD-SRC-FMS-FACTOR,FMS,FACTOR,FMS.6 Đánh giá xếp loại và cảnh báo,in_scope,,,,none,none,none,none,no,0,0
BRD-SRC-FMS-FACTOR_SNAPSHOT,FMS,FACTOR_SNAPSHOT,FMS.6 Đánh giá xếp loại và cảnh báo,pending,,,,none,none,none,none,no,0,0
BRD-SRC-FMS-FG_BR_BUP,FMS,FG_BR_BUP,FMS.3 Thông tin thành viên — Công ty QLQ,pending,,,,none,none,none,none,no,0,0
BRD-SRC-FMS-FG_BR_HISTORY,FMS,FG_BR_HISTORY,FMS.3 Thông tin thành viên — Công ty QLQ,pending,,,,none,none,none,none,no,0,0
BRD-SRC-FMS-FG_BUSINESS,FMS,FG_BUSINESS,FMS.3 Thông tin thành viên — Công ty QLQ,pending,,,,none,none,none,none,no,0,0
BRD-SRC-FMS-FLAG_RUN_CF,FMS,FLAG_RUN_CF,FMS.1 Quản trị phân hệ,pending,,,,none,none,none,none,no,0,0
BRD-SRC-FMS-FMS_AGENT_MAPPING,FMS,FMS_AGENT_MAPPING,FMS.7 Tiện ích và hệ thống,pending,,,,none,none,none,none,no,0,0
BRD-SRC-FMS-FMS_INDICATOR_CATALOG,FMS,FMS_INDICATOR_CATALOG,FMS.7 Tiện ích và hệ thống,pending,,,,none,none,none,none,no,0,0
BRD-SRC-FMS-FMS_REFERENCE_CATALOG,FMS,FMS_REFERENCE_CATALOG,FMS.7 Tiện ích và hệ thống,pending,,,,none,none,none,none,no,0,0
BRD-SRC-FMS-FMS_SHEDLOCK,FMS,FMS_SHEDLOCK,FMS.1 Quản trị phân hệ,pending,,,,none,none,none,none,no,0,0
BRD-SRC-FMS-FOLDER,FMS,FOLDER,FMS.5 Quản lý báo cáo,pending,,,,none,none,none,none,no,0,0
BRD-SRC-FMS-FOR_BRCH,FMS,FOR_BRCH,FMS.3 Thông tin thành viên — Công ty QLQ,in_scope,,,,approved,done,none,none,no,4,4
BRD-SRC-FMS-FTOR_SCALE,FMS,FTOR_SCALE,FMS.6 Đánh giá xếp loại và cảnh báo,in_scope,,,,none,none,none,none,no,0,0
BRD-SRC-FMS-FUD_AG_AGT,FMS,FUD_AG_AGT,FMS.4 Quỹ đầu tư chứng khoán,pending,,,,none,none,none,none,no,0,0
BRD-SRC-FMS-FUD_TAGT,FMS,FUD_TAGT,FMS.4 Quỹ đầu tư chứng khoán,pending,,,,none,none,none,none,no,0,0
BRD-SRC-FMS-FUNDS,FMS,FUNDS,FMS.4 Quỹ đầu tư chứng khoán,in_scope,,,,approved,done,none,none,no,2,2
BRD-SRC-FMS-FUND_BUP,FMS,FUND_BUP,FMS.4 Quỹ đầu tư chứng khoán,pending,,,,none,none,none,none,no,0,0
BRD-SRC-FMS-FUND_HISTORY,FMS,FUND_HISTORY,FMS.4 Quỹ đầu tư chứng khoán,pending,,,,none,none,none,none,no,0,0
BRD-SRC-FMS-FUND_REPORT,FMS,FUND_REPORT,FMS.4 Quỹ đầu tư chứng khoán,pending,,,,none,none,none,none,no,0,0
BRD-SRC-FMS-FUND_TL_PRO,FMS,FUND_TL_PRO,FMS.4 Quỹ đầu tư chứng khoán,in_scope,,,,draft,done,none,none,no,1,1
BRD-SRC-FMS-FUND_TYPE,FMS,FUND_TYPE,FMS.4 Quỹ đầu tư chứng khoán,pending,,,,none,none,none,none,no,0,0
BRD-SRC-FMS-GROUPS,FMS,GROUPS,FMS.1 Quản trị phân hệ,pending,,,,none,none,none,none,no,0,0
BRD-SRC-FMS-GROUP_ROLES,FMS,GROUP_ROLES,FMS.1 Quản trị phân hệ,pending,,,,none,none,none,none,no,0,0
BRD-SRC-FMS-GROUP_USERS,FMS,GROUP_USERS,FMS.1 Quản trị phân hệ,pending,,,,none,none,none,none,no,0,0
BRD-SRC-FMS-GRP_FACTOR,FMS,GRP_FACTOR,FMS.6 Đánh giá xếp loại và cảnh báo,in_scope,,,,none,none,none,none,no,0,0
BRD-SRC-FMS-GUIDE_FILE,FMS,GUIDE_FILE,FMS.5 Quản lý báo cáo,pending,,,,none,none,none,none,no,0,0
BRD-SRC-FMS-INSDER_RELA,FMS,INSDER_RELA,FMS.3 Thông tin thành viên — Công ty QLQ,in_scope,,,,none,none,none,none,no,0,0
BRD-SRC-FMS-INSDER_RELA_CHG_LOG,FMS,INSDER_RELA_CHG_LOG,FMS.3 Thông tin thành viên — Công ty QLQ,pending,,,,none,none,none,none,no,0,0
BRD-SRC-FMS-INSDER_RPRST,FMS,INSDER_RPRST,FMS.3 Thông tin thành viên — Công ty QLQ,in_scope,,,,none,none,none,none,no,0,0
BRD-SRC-FMS-INSIDER,FMS,INSIDER,FMS.3 Thông tin thành viên — Công ty QLQ,in_scope,,,,approved,done,none,none,no,4,4
BRD-SRC-FMS-INSIDER_CHG_LOG,FMS,INSIDER_CHG_LOG,FMS.3 Thông tin thành viên — Công ty QLQ,pending,,,,none,none,none,none,no,0,0
BRD-SRC-FMS-INSID_CHANGE,FMS,INSID_CHANGE,FMS.3 Thông tin thành viên — Công ty QLQ,in_scope,,,,none,none,none,none,no,0,0
BRD-SRC-FMS-INSPECTION_PENALTY_DECISION,FMS,INSPECTION_PENALTY_DECISION,FMS.8 Kiểm toán,in_scope,,,,none,none,none,none,no,0,0
BRD-SRC-FMS-INSPECTION_ROUND,FMS,INSPECTION_ROUND,FMS.8 Kiểm toán,in_scope,,,,none,none,none,none,no,0,0
BRD-SRC-FMS-INSPECTION_TARGET,FMS,INSPECTION_TARGET,FMS.8 Kiểm toán,in_scope,,,,none,none,none,none,no,0,0
BRD-SRC-FMS-INTEGRATION_CONFIG,FMS,INTEGRATION_CONFIG,FMS.1 Quản trị phân hệ,pending,,,,none,none,none,none,no,0,0
BRD-SRC-FMS-INVES,FMS,INVES,FMS.4 Quỹ đầu tư chứng khoán,in_scope,,,,approved,done,none,none,no,3,3
BRD-SRC-FMS-INVES_ACC,FMS,INVES_ACC,FMS.4 Quỹ đầu tư chứng khoán,in_scope,,,,none,none,none,none,no,0,0
BRD-SRC-FMS-INVES_REPORT,FMS,INVES_REPORT,FMS.4 Quỹ đầu tư chứng khoán,pending,,,,none,none,none,none,no,0,0
BRD-SRC-FMS-JOBS,FMS,JOBS,FMS.1 Quản trị phân hệ,in_scope,,,,none,none,none,none,no,0,0
BRD-SRC-FMS-JOB_TL_PRO,FMS,JOB_TL_PRO,FMS.3 Thông tin thành viên — Công ty QLQ,in_scope,,,,draft,done,none,none,no,1,1
BRD-SRC-FMS-JOB_TYPE,FMS,JOB_TYPE,FMS.2 Danh mục dùng riêng,pending,,,,none,none,none,none,no,0,0
BRD-SRC-FMS-LOCATION,FMS,LOCATION,FMS.2 Danh mục dùng riêng,pending,,,,none,none,none,none,no,0,0
BRD-SRC-FMS-LOG_CONVERT_DATA,FMS,LOG_CONVERT_DATA,FMS.7 Tiện ích và hệ thống,pending,,,,none,none,none,none,no,0,0
BRD-SRC-FMS-LOG_CONVERT_DATA_2,FMS,LOG_CONVERT_DATA_2,FMS.7 Tiện ích và hệ thống,pending,,,,none,none,none,none,no,0,0
BRD-SRC-FMS-MB_CHANGE,FMS,MB_CHANGE,FMS.4 Quỹ đầu tư chứng khoán,in_scope,,,,none,none,none,none,no,0,0
BRD-SRC-FMS-MB_FUND,FMS,MB_FUND,FMS.4 Quỹ đầu tư chứng khoán,in_scope,,,,approved,done,none,none,no,2,2
BRD-SRC-FMS-MENUS,FMS,MENUS,FMS.1 Quản trị phân hệ,pending,,,,none,none,none,none,no,0,0
BRD-SRC-FMS-NATIONAL,FMS,NATIONAL,FMS.2 Danh mục dùng riêng,in_scope,"Không thiết kế Atomic entity riêng (dữ liệu quốc tịch/quốc gia chuẩn hóa tại ECAT), nhưng ETL vẫn crosswalk bảng này để lấy Code khi hash geographic_area — xem comment FK trong lld_FMS_FOR_BRCH/INSIDER/INVES/REPRESENT/STF_FG_BRCH.yaml. Đánh in_scope vì có bị ETL đọc tới (2026-07-31).",,,none,none,none,none,no,0,0
BRD-SRC-FMS-NOTIFICATION,FMS,NOTIFICATION,FMS.7 Tiện ích và hệ thống,pending,,,,none,none,none,none,no,0,0
BRD-SRC-FMS-OFFERING,FMS,OFFERING,FMS.4 Quỹ đầu tư chứng khoán,in_scope,,,,none,none,none,none,no,0,0
BRD-SRC-FMS-OFFERING_PLAN,FMS,OFFERING_PLAN,FMS.4 Quỹ đầu tư chứng khoán,in_scope,,,,none,none,none,none,no,0,0
BRD-SRC-FMS-OTHER_AGENT,FMS,OTHER_AGENT,FMS.9 Đại lý và quỹ hưu trí,in_scope,,,,none,none,none,none,no,0,0
BRD-SRC-FMS-OTHER_AGENT_HISTORY,FMS,OTHER_AGENT_HISTORY,FMS.9 Đại lý và quỹ hưu trí,pending,,,,none,none,none,none,no,0,0
BRD-SRC-FMS-PARA_WARN,FMS,PARA_WARN,FMS.6 Đánh giá xếp loại và cảnh báo,in_scope,,,,none,none,none,none,no,0,0
BRD-SRC-FMS-PAR_VALUE,FMS,PAR_VALUE,FMS.2 Danh mục dùng riêng,pending,,,,none,none,none,none,no,0,0
BRD-SRC-FMS-PENSION_AGENT,FMS,PENSION_AGENT,FMS.9 Đại lý và quỹ hưu trí,in_scope,,,,none,none,none,none,no,0,0
BRD-SRC-FMS-PENSION_AGENT_HISTORY,FMS,PENSION_AGENT_HISTORY,FMS.9 Đại lý và quỹ hưu trí,pending,,,,none,none,none,none,no,0,0
BRD-SRC-FMS-PENSION_FUND,FMS,PENSION_FUND,FMS.9 Đại lý và quỹ hưu trí,in_scope,,,,none,none,none,none,no,0,0
BRD-SRC-FMS-PENSION_PROVIDER,FMS,PENSION_PROVIDER,FMS.9 Đại lý và quỹ hưu trí,in_scope,,,,none,none,none,none,no,0,0
BRD-SRC-FMS-PENSION_PROVIDER_HISTORY,FMS,PENSION_PROVIDER_HISTORY,FMS.9 Đại lý và quỹ hưu trí,pending,,,,none,none,none,none,no,0,0
BRD-SRC-FMS-RANK,FMS,RANK,FMS.6 Đánh giá xếp loại và cảnh báo,in_scope,,,,none,none,none,none,no,0,0
BRD-SRC-FMS-RATING_PD,FMS,RATING_PD,FMS.6 Đánh giá xếp loại và cảnh báo,in_scope,,,,draft,done,none,none,no,1,1
BRD-SRC-FMS-RATING_PD_SNAPSHOT,FMS,RATING_PD_SNAPSHOT,FMS.6 Đánh giá xếp loại và cảnh báo,pending,,,,none,none,none,none,no,0,0
BRD-SRC-FMS-REFRESH_TOKEN,FMS,REFRESH_TOKEN,FMS.1 Quản trị phân hệ,pending,,,,none,none,none,none,no,0,0
BRD-SRC-FMS-RELATION,FMS,RELATION,FMS.2 Danh mục dùng riêng,pending,,,,none,none,none,none,no,0,0
BRD-SRC-FMS-REPORT_ATTACHMENT,FMS,REPORT_ATTACHMENT,FMS.5 Quản lý báo cáo,pending,,,,none,none,none,none,no,0,0
BRD-SRC-FMS-REPORT_FILE,FMS,REPORT_FILE,FMS.5 Quản lý báo cáo,pending,,,,none,none,none,none,no,0,0
BRD-SRC-FMS-REPRESENT,FMS,REPRESENT,FMS.4 Quỹ đầu tư chứng khoán,in_scope,,,,approved,done,none,none,no,4,4
BRD-SRC-FMS-RNK_FACTOR,FMS,RNK_FACTOR,FMS.6 Đánh giá xếp loại và cảnh báo,in_scope,,,,none,none,none,none,no,0,0
BRD-SRC-FMS-RNK_FACT_HISTORY,FMS,RNK_FACT_HISTORY,FMS.6 Đánh giá xếp loại và cảnh báo,pending,,,,none,none,none,none,no,0,0
BRD-SRC-FMS-RNK_GR_FTOR,FMS,RNK_GR_FTOR,FMS.6 Đánh giá xếp loại và cảnh báo,in_scope,,,,none,none,none,none,no,0,0
BRD-SRC-FMS-ROLES,FMS,ROLES,FMS.1 Quản trị phân hệ,pending,,,,none,none,none,none,no,0,0
BRD-SRC-FMS-ROLES_MENUS,FMS,ROLES_MENUS,FMS.1 Quản trị phân hệ,pending,,,,none,none,none,none,no,0,0
BRD-SRC-FMS-RPT_HTORY,FMS,RPT_HTORY,FMS.5 Quản lý báo cáo,pending,,,,none,none,none,none,no,0,0
BRD-SRC-FMS-RPT_MB_HS,FMS,RPT_MB_HS,FMS.5 Quản lý báo cáo,pending,,,,none,none,none,none,no,0,0
BRD-SRC-FMS-RPT_MEMBER,FMS,RPT_MEMBER,FMS.5 Quản lý báo cáo,pending,,,,none,none,none,none,no,0,0
BRD-SRC-FMS-RPT_PD_SHT,FMS,RPT_PD_SHT,FMS.5 Quản lý báo cáo,pending,,,,none,none,none,none,no,0,0
BRD-SRC-FMS-RPT_PERIOD,FMS,RPT_PERIOD,FMS.5 Quản lý báo cáo,pending,,,,none,none,none,none,no,0,0
BRD-SRC-FMS-RPT_PROCESS,FMS,RPT_PROCESS,FMS.5 Quản lý báo cáo,pending,,,,none,none,none,none,no,0,0
BRD-SRC-FMS-RPT_TEMP,FMS,RPT_TEMP,FMS.5 Quản lý báo cáo,pending,,,,none,none,none,none,no,0,0
BRD-SRC-FMS-RPT_TP_OUT,FMS,RPT_TP_OUT,FMS.5 Quản lý báo cáo,pending,,,,none,none,none,none,no,0,0
BRD-SRC-FMS-RPT_VALUES,FMS,RPT_VALUES,FMS.5 Quản lý báo cáo,pending,,,,none,none,none,none,no,0,0
BRD-SRC-FMS-SECURITIES,FMS,SECURITIES,FMS.3 Thông tin thành viên — Công ty QLQ,in_scope,,,,approved,done,none,none,no,4,4
BRD-SRC-FMS-SECURITIES_REPORT,FMS,SECURITIES_REPORT,FMS.5 Quản lý báo cáo,pending,,,,none,none,none,none,no,0,0
BRD-SRC-FMS-SEC_BUP,FMS,SEC_BUP,FMS.3 Thông tin thành viên — Công ty QLQ,pending,,,,none,none,none,none,no,0,0
BRD-SRC-FMS-SEC_BUSINESS,FMS,SEC_BUSINESS,FMS.3 Thông tin thành viên — Công ty QLQ,pending,,,,none,none,none,none,no,0,0
BRD-SRC-FMS-SEC_FUND_MANAGER,FMS,SEC_FUND_MANAGER,FMS.3 Thông tin thành viên — Công ty QLQ,pending,,,,none,none,none,none,no,0,0
BRD-SRC-FMS-SEC_HISTORY,FMS,SEC_HISTORY,FMS.3 Thông tin thành viên — Công ty QLQ,pending,,,,none,none,none,none,no,0,0
BRD-SRC-FMS-SELF_SET_PD,FMS,SELF_SET_PD,FMS.5 Quản lý báo cáo,pending,,,,none,none,none,none,no,0,0
BRD-SRC-FMS-SHEET,FMS,SHEET,FMS.5 Quản lý báo cáo,pending,,,,none,none,none,none,no,0,0
BRD-SRC-FMS-SHEET_CELL_CONFIG,FMS,SHEET_CELL_CONFIG,FMS.5 Quản lý báo cáo,pending,,,,none,none,none,none,no,0,0
BRD-SRC-FMS-SHEET_OUT,FMS,SHEET_OUT,FMS.5 Quản lý báo cáo,pending,,,,none,none,none,none,no,0,0
BRD-SRC-FMS-SHEET_OUT_BAK_BMBCDR,FMS,SHEET_OUT_BAK_BMBCDR,FMS.5 Quản lý báo cáo,pending,,,,none,none,none,none,no,0,0
BRD-SRC-FMS-STAKE,FMS,STAKE,FMS.3 Thông tin thành viên — Công ty QLQ,pending,,,,none,none,none,none,no,0,0
BRD-SRC-FMS-STATUS,FMS,STATUS,FMS.2 Danh mục dùng riêng,pending,,,,none,none,none,none,no,0,0
BRD-SRC-FMS-STF_FG_BRCH,FMS,STF_FG_BRCH,FMS.3 Thông tin thành viên — Công ty QLQ,in_scope,,,,approved,done,none,none,no,4,4
BRD-SRC-FMS-STF_FG_BRCH_HISTORY,FMS,STF_FG_BRCH_HISTORY,FMS.3 Thông tin thành viên — Công ty QLQ,pending,,,,none,none,none,none,no,0,0
BRD-SRC-FMS-STF_REP_OFFICE_HISTORY,FMS,STF_REP_OFFICE_HISTORY,FMS.3 Thông tin thành viên — Công ty QLQ,pending,,,,none,none,none,none,no,0,0
BRD-SRC-FMS-STOCKHOLDER_TYPE,FMS,STOCKHOLDER_TYPE,FMS.2 Danh mục dùng riêng,pending,,,,none,none,none,none,no,0,0
BRD-SRC-FMS-ST_TRGT_OUT,FMS,ST_TRGT_OUT,FMS.5 Quản lý báo cáo,pending,,,,none,none,none,none,no,0,0
BRD-SRC-FMS-SYS_EMAIL,FMS,SYS_EMAIL,FMS.7 Tiện ích và hệ thống,pending,,,,none,none,none,none,no,0,0
BRD-SRC-FMS-SYS_VAR,FMS,SYS_VAR,FMS.7 Tiện ích và hệ thống,pending,,,,none,none,none,none,no,0,0
BRD-SRC-FMS-TABS_INFO,FMS,TABS_INFO,FMS.7 Tiện ích và hệ thống,pending,,,,none,none,none,none,no,0,0
BRD-SRC-FMS-TL_PROFILES,FMS,TL_PROFILES,FMS.3 Thông tin thành viên — Công ty QLQ,in_scope,,,,none,none,none,none,no,0,0
BRD-SRC-FMS-TL_PRO_BUP,FMS,TL_PRO_BUP,FMS.3 Thông tin thành viên — Công ty QLQ,pending,,,,none,none,none,none,no,0,0
BRD-SRC-FMS-TL_PRO_RELA,FMS,TL_PRO_RELA,FMS.3 Thông tin thành viên — Công ty QLQ,in_scope,,,,none,none,none,none,no,0,0
BRD-SRC-FMS-TL_PR_HISTORY,FMS,TL_PR_HISTORY,FMS.3 Thông tin thành viên — Công ty QLQ,pending,,,,none,none,none,none,no,0,0
BRD-SRC-FMS-TOT_ST_TG,FMS,TOT_ST_TG,FMS.5 Quản lý báo cáo,pending,,,,none,none,none,none,no,0,0
BRD-SRC-FMS-TP_OUT_HTORY,FMS,TP_OUT_HTORY,FMS.5 Quản lý báo cáo,pending,,,,none,none,none,none,no,0,0
BRD-SRC-FMS-TRANSFER_AGENT,FMS,TRANSFER_AGENT,FMS.9 Đại lý và quỹ hưu trí,in_scope,,,,none,none,none,none,no,0,0
BRD-SRC-FMS-TRANSFER_AGENT_HISTORY,FMS,TRANSFER_AGENT_HISTORY,FMS.9 Đại lý và quỹ hưu trí,pending,,,,none,none,none,none,no,0,0
BRD-SRC-FMS-TRANSFER_MBF,FMS,TRANSFER_MBF,FMS.4 Quỹ đầu tư chứng khoán,in_scope,,,,none,none,none,none,no,0,0
BRD-SRC-FMS-TRS_FER_INDER,FMS,TRS_FER_INDER,FMS.3 Thông tin thành viên — Công ty QLQ,in_scope,,,,none,none,none,none,no,0,0
BRD-SRC-FMS-TRS_FER_INDER_CHG_LOG,FMS,TRS_FER_INDER_CHG_LOG,FMS.3 Thông tin thành viên — Công ty QLQ,pending,,,,none,none,none,none,no,0,0
BRD-SRC-FMS-USERS,FMS,USERS,FMS.1 Quản trị phân hệ,pending,,,,none,none,none,none,no,0,0
BRD-SRC-FMS-USERS_MENUS,FMS,USERS_MENUS,FMS.1 Quản trị phân hệ,pending,,,,none,none,none,none,no,0,0
BRD-SRC-FMS-USER_RPT_I,FMS,USER_RPT_I,FMS.1 Quản trị phân hệ,pending,,,,none,none,none,none,no,0,0
BRD-SRC-FMS-USER_RPT_O,FMS,USER_RPT_O,FMS.1 Quản trị phân hệ,pending,,,,none,none,none,none,no,0,0
BRD-SRC-FMS-USER_SESSIONS,FMS,USER_SESSIONS,FMS.1 Quản trị phân hệ,pending,,,,none,none,none,none,no,0,0
BRD-SRC-FMS-VIOLT,FMS,VIOLT,FMS.7 Tiện ích và hệ thống,in_scope,,,,none,none,none,none,no,0,0
BRD-SRC-FMS-flyway_schema_history,FMS,flyway_schema_history,FMS.1 Quản trị phân hệ,pending,,,,none,none,none,none,no,0,0
BRD-SRC-GSGD-ABNORMAL_COLUMN_SEMANTIC,GSGD,ABNORMAL_COLUMN_SEMANTIC,GSGD - Chưa phân loại (pending),pending,,,,none,none,none,none,no,0,0
BRD-SRC-GSGD-ABNORMAL_EXTRACTED_SIGNAL,GSGD,ABNORMAL_EXTRACTED_SIGNAL,UID1.4 Quản lý báo cáo bất thường,pending,,,,none,none,none,none,no,0,0
BRD-SRC-GSGD-ABNORMAL_MATCH_EXCLUSION,GSGD,ABNORMAL_MATCH_EXCLUSION,GSGD - Chưa phân loại (pending),pending,,,,none,none,none,none,no,0,0
BRD-SRC-GSGD-ABNORMAL_REPORT_CONFIG,GSGD,ABNORMAL_REPORT_CONFIG,UID1.4 Quản lý báo cáo bất thường,in_scope,,,,none,none,none,none,no,0,0
BRD-SRC-GSGD-ABNORMAL_REPORT_DATA,GSGD,ABNORMAL_REPORT_DATA,UID1.4 Quản lý báo cáo bất thường,in_scope,,,,none,none,none,none,no,0,0
BRD-SRC-GSGD-ABNORMAL_REPORT_FORM,GSGD,ABNORMAL_REPORT_FORM,UID1.4 Quản lý báo cáo bất thường,in_scope,,,,none,none,none,none,no,0,0
BRD-SRC-GSGD-ABNORMAL_REPORT_FORM_TEMPLATE,GSGD,ABNORMAL_REPORT_FORM_TEMPLATE,UID1.4 Quản lý báo cáo bất thường,in_scope,,,,none,none,none,none,no,0,0
BRD-SRC-GSGD-ABNORMAL_REPORT_MASTER,GSGD,ABNORMAL_REPORT_MASTER,UID1.4 Quản lý báo cáo bất thường,in_scope,,,,none,none,none,none,no,0,0
BRD-SRC-GSGD-ABNORMAL_REPORT_TEMPLATE,GSGD,ABNORMAL_REPORT_TEMPLATE,UID1.4 Quản lý báo cáo bất thường,in_scope,,,,none,none,none,none,no,0,0
BRD-SRC-GSGD-ACCOUNT_GROUP,GSGD,ACCOUNT_GROUP,UID1.1 Quản lý tài khoản nhà đầu tư,in_scope,,,,none,none,none,none,no,0,0
BRD-SRC-GSGD-ACCOUNT_GROUP_HISTORY,GSGD,ACCOUNT_GROUP_HISTORY,UID1.1 Quản lý tài khoản nhà đầu tư,out_of_scope,Audit Log nguồn — lịch sử thay đổi nhóm tài khoản,,,none,none,none,none,no,0,0
BRD-SRC-GSGD-ACCOUNT_GROUP_MEMBER,GSGD,ACCOUNT_GROUP_MEMBER,UID1.1 Quản lý tài khoản nhà đầu tư,in_scope,,,,none,none,none,none,no,0,0
BRD-SRC-GSGD-ACCOUNT_RELATIONSHIP,GSGD,ACCOUNT_RELATIONSHIP,UID1.1 Quản lý tài khoản nhà đầu tư,in_scope,,,,none,none,none,none,no,0,0
BRD-SRC-GSGD-ANALYSIS_ACCOUNT_GROUP,GSGD,ANALYSIS_ACCOUNT_GROUP,UID2.3 Thực thi và kết quả phân tích,in_scope,,,,none,none,none,none,no,0,0
BRD-SRC-GSGD-ANALYSIS_ACCOUNT_GROUP_MEMBER,GSGD,ANALYSIS_ACCOUNT_GROUP_MEMBER,UID2.3 Thực thi và kết quả phân tích,in_scope,,,,none,none,none,none,no,0,0
BRD-SRC-GSGD-ANALYSIS_ACCOUNT_RELATIONSHIP,GSGD,ANALYSIS_ACCOUNT_RELATIONSHIP,UID2.3 Thực thi và kết quả phân tích,in_scope,,,,none,none,none,none,no,0,0
BRD-SRC-GSGD-ANALYSIS_ATTRIBUTE_DEFINE,GSGD,ANALYSIS_ATTRIBUTE_DEFINE,UID2.2 Tiêu chí và tham số phân tích,in_scope,,,,none,none,none,none,no,0,0
BRD-SRC-GSGD-ANALYSIS_DEFINE_REPORT_TEMPLATE,GSGD,ANALYSIS_DEFINE_REPORT_TEMPLATE,UID3.2 Cấu hình & vận hành hệ thống,out_of_scope,"Pure junction — không có giá trị nghiệp vụ, cấu hình biểu mẫu phân tích",,,none,none,none,none,no,0,0
BRD-SRC-GSGD-ANALYSIS_EXECUTION_LOG,GSGD,ANALYSIS_EXECUTION_LOG,UID2.3 Thực thi và kết quả phân tích,in_scope,,,,none,none,none,none,no,0,0
BRD-SRC-GSGD-ANALYSIS_MM_STOCK_ACCOUNT,GSGD,ANALYSIS_MM_STOCK_ACCOUNT,UID2.5 Phân tích Market Maker,in_scope,,,,none,none,none,none,no,0,0
BRD-SRC-GSGD-ANALYSIS_MM_STOCK_WINDOW,GSGD,ANALYSIS_MM_STOCK_WINDOW,UID2.5 Phân tích Market Maker,in_scope,,,,none,none,none,none,no,0,0
BRD-SRC-GSGD-ANALYSIS_MM_STOCK_WINDOW_DETAIL,GSGD,ANALYSIS_MM_STOCK_WINDOW_DETAIL,UID2.5 Phân tích Market Maker,in_scope,,,,none,none,none,none,no,0,0
BRD-SRC-GSGD-ANALYSIS_MM_TIME_WINDOW,GSGD,ANALYSIS_MM_TIME_WINDOW,UID2.5 Phân tích Market Maker,in_scope,,,,none,none,none,none,no,0,0
BRD-SRC-GSGD-ANALYSIS_REPORT,GSGD,ANALYSIS_REPORT,UID2.3 Thực thi và kết quả phân tích,in_scope,,,,none,none,none,none,no,0,0
BRD-SRC-GSGD-ANALYSIS_SUSPICIOUS_ACCOUNT,GSGD,ANALYSIS_SUSPICIOUS_ACCOUNT,UID2.3 Thực thi và kết quả phân tích,in_scope,,,,none,none,none,none,no,0,0
BRD-SRC-GSGD-ANALYSIS_SUSPICIOUS_ACCOUNT_CODE,GSGD,ANALYSIS_SUSPICIOUS_ACCOUNT_CODE,UID2.3 Thực thi và kết quả phân tích,in_scope,,,,none,none,none,none,no,0,0
BRD-SRC-GSGD-ANALYSIS_WORKFLOW,GSGD,ANALYSIS_WORKFLOW,UID2.6 Cấu hình workflow phân tích vụ việc,out_of_scope,"Operational config — định nghĩa/clone quy trình phân tích, người dùng tự cấu hình",,,none,none,none,none,no,0,0
BRD-SRC-GSGD-ANALYSIS_WORKFLOW_HISTORY_LOG,GSGD,ANALYSIS_WORKFLOW_HISTORY_LOG,UID2.6 Cấu hình workflow phân tích vụ việc,out_of_scope,Audit Log nguồn — lịch sử xoá quy trình phân tích,,,none,none,none,none,no,0,0
BRD-SRC-GSGD-ANALYSIS_WORKFLOW_TEMPLATE,GSGD,ANALYSIS_WORKFLOW_TEMPLATE,UID2.6 Cấu hình workflow phân tích vụ việc,out_of_scope,Operational config — danh sách báo cáo & thứ tự hiển thị theo workflow,,,none,none,none,none,no,0,0
BRD-SRC-GSGD-ANALYSIS_WORKFLOW_USER,GSGD,ANALYSIS_WORKFLOW_USER,UID2.6 Cấu hình workflow phân tích vụ việc,out_of_scope,Operational config — phân quyền user theo workflow,,,none,none,none,none,no,0,0
BRD-SRC-GSGD-ATTRIBUTE_CATALOG,GSGD,ATTRIBUTE_CATALOG,UID3.2 Cấu hình & vận hành hệ thống,out_of_scope,"Operational config — danh mục thuộc tính phục vụ report/dashboard engine (SERVICE_URL, ATTR_ROLE)",,,none,none,none,none,no,0,0
BRD-SRC-GSGD-AUDIT_LOG,GSGD,AUDIT_LOG,UID3.2 Cấu hình & vận hành hệ thống,out_of_scope,Operational/system data — audit trail thao tác người dùng,,,none,none,none,none,no,0,0
BRD-SRC-GSGD-BATCH_JOB_EXECUTION,GSGD,BATCH_JOB_EXECUTION,GSGD - Chưa phân loại (pending),pending,,,,none,none,none,none,no,0,0
BRD-SRC-GSGD-BATCH_JOB_EXECUTION_CONTEXT,GSGD,BATCH_JOB_EXECUTION_CONTEXT,GSGD - Chưa phân loại (pending),pending,,,,none,none,none,none,no,0,0
BRD-SRC-GSGD-BATCH_JOB_EXECUTION_PARAMS,GSGD,BATCH_JOB_EXECUTION_PARAMS,GSGD - Chưa phân loại (pending),pending,,,,none,none,none,none,no,0,0
BRD-SRC-GSGD-BATCH_JOB_INSTANCE,GSGD,BATCH_JOB_INSTANCE,GSGD - Chưa phân loại (pending),pending,,,,none,none,none,none,no,0,0
BRD-SRC-GSGD-BATCH_STEP_EXECUTION,GSGD,BATCH_STEP_EXECUTION,GSGD - Chưa phân loại (pending),pending,,,,none,none,none,none,no,0,0
BRD-SRC-GSGD-BATCH_STEP_EXECUTION_CONTEXT,GSGD,BATCH_STEP_EXECUTION_CONTEXT,GSGD - Chưa phân loại (pending),pending,,,,none,none,none,none,no,0,0
BRD-SRC-GSGD-BUSINESS_DASHBOARD,GSGD,BUSINESS_DASHBOARD,UID3.3 Dashboard & thống kê vận hành,out_of_scope,"Dữ liệu tổng hợp sẵn (snapshot KPI) cho dashboard — thuộc tầng Gold/Summary, không phải Atomic",,,none,none,none,none,no,0,0
BRD-SRC-GSGD-CASE_ANALYSIS_ATTRIBUTE_VALUE,GSGD,CASE_ANALYSIS_ATTRIBUTE_VALUE,UID2.2 Tiêu chí và tham số phân tích,pending,,,,none,none,none,none,no,0,0
BRD-SRC-GSGD-CASE_APPROVAL_STEP,GSGD,CASE_APPROVAL_STEP,UID2.1 Khởi tạo và phê duyệt vụ việc,in_scope,,,,none,none,none,none,no,0,0
BRD-SRC-GSGD-CASE_ATTACH_FILE,GSGD,CASE_ATTACH_FILE,UID2.1 Khởi tạo và phê duyệt vụ việc,in_scope,,,,none,none,none,none,no,0,0
BRD-SRC-GSGD-CASE_FILE,GSGD,CASE_FILE,UID2.1 Khởi tạo và phê duyệt vụ việc,in_scope,,,,none,none,none,none,no,0,0
BRD-SRC-GSGD-CASE_FILE_SECURITIES_CODE,GSGD,CASE_FILE_SECURITIES_CODE,UID2.1 Khởi tạo và phê duyệt vụ việc,in_scope,,,,none,none,none,none,no,0,0
BRD-SRC-GSGD-CASE_FILE_WORKFLOW,GSGD,CASE_FILE_WORKFLOW,UID2.1 Khởi tạo và phê duyệt vụ việc,in_scope,,,,none,none,none,none,no,0,0
BRD-SRC-GSGD-CASE_REPORT_PARAMETER_VALUE,GSGD,CASE_REPORT_PARAMETER_VALUE,GSGD - Chưa phân loại (pending),pending,,,,none,none,none,none,no,0,0
BRD-SRC-GSGD-CATEGORY_CONFIG,GSGD,CATEGORY_CONFIG,UID3.4 Danh mục dùng chung (Reference Data),out_of_scope,"Reference Data — xử lý thành Classification Value scheme, không tạo Atomic entity",,,none,none,none,none,no,0,0
BRD-SRC-GSGD-CATEGORY_ITEM,GSGD,CATEGORY_ITEM,UID3.4 Danh mục dùng chung (Reference Data),out_of_scope,"Reference Data — xử lý thành Classification Value, không tạo Atomic entity",,,none,none,none,none,no,0,0
BRD-SRC-GSGD-CATEGORY_ITEM_HISTORY,GSGD,CATEGORY_ITEM_HISTORY,UID3.4 Danh mục dùng chung (Reference Data),out_of_scope,Audit Log nguồn — lịch sử thay đổi cấu hình ITEM danh mục,,,none,none,none,none,no,0,0
BRD-SRC-GSGD-COMPANY_EVENT,GSGD,COMPANY_EVENT,UID1.2 Khai thác thông tin doanh nghiệp,in_scope,,,,none,none,none,none,no,0,0
BRD-SRC-GSGD-COMPANY_EVENT_HISTORY,GSGD,COMPANY_EVENT_HISTORY,UID1.2 Khai thác thông tin doanh nghiệp,out_of_scope,Audit Log nguồn — lịch sử thay đổi sự kiện TCNY,,,none,none,none,none,no,0,0
BRD-SRC-GSGD-COMPLIANCE_OUTPUT_TEMPLATE,GSGD,COMPLIANCE_OUTPUT_TEMPLATE,GSGD - Chưa phân loại (pending),pending,,,,none,none,none,none,no,0,0
BRD-SRC-GSGD-COMPLIANCE_REPORT,GSGD,COMPLIANCE_REPORT,GSGD - Chưa phân loại (pending),pending,,,,none,none,none,none,no,0,0
BRD-SRC-GSGD-COMPLIANCE_REPORT_CONFIG,GSGD,COMPLIANCE_REPORT_CONFIG,UID1.5 Quản lý báo cáo tuân thủ,in_scope,,,,none,none,none,none,no,0,0
BRD-SRC-GSGD-COMPLIANCE_REPORT_DATA,GSGD,COMPLIANCE_REPORT_DATA,UID1.5 Quản lý báo cáo tuân thủ,in_scope,,,,none,none,none,none,no,0,0
BRD-SRC-GSGD-COMPLIANCE_REPORT_FILE,GSGD,COMPLIANCE_REPORT_FILE,GSGD - Chưa phân loại (pending),pending,,,,none,none,none,none,no,0,0
BRD-SRC-GSGD-COMPLIANCE_REPORT_FORM,GSGD,COMPLIANCE_REPORT_FORM,UID1.5 Quản lý báo cáo tuân thủ,in_scope,,,,none,none,none,none,no,0,0
BRD-SRC-GSGD-COMPLIANCE_REPORT_FORM_TEMPLATE,GSGD,COMPLIANCE_REPORT_FORM_TEMPLATE,UID1.5 Quản lý báo cáo tuân thủ,in_scope,,,,none,none,none,none,no,0,0
BRD-SRC-GSGD-COMPLIANCE_REPORT_MASTER,GSGD,COMPLIANCE_REPORT_MASTER,UID1.5 Quản lý báo cáo tuân thủ,in_scope,,,,none,none,none,none,no,0,0
BRD-SRC-GSGD-COMPLIANCE_REPORT_TEMPLATE,GSGD,COMPLIANCE_REPORT_TEMPLATE,UID1.5 Quản lý báo cáo tuân thủ,in_scope,,,,none,none,none,none,no,0,0
BRD-SRC-GSGD-COMPUTED_COLUMN,GSGD,COMPUTED_COLUMN,GSGD - Chưa phân loại (pending),pending,,,,none,none,none,none,no,0,0
BRD-SRC-GSGD-DASHBOARD,GSGD,DASHBOARD,UID3.3 Dashboard & thống kê vận hành,out_of_scope,Operational/UI metadata — danh mục dashboard,,,none,none,none,none,no,0,0
BRD-SRC-GSGD-DASHBOARD_ADMIN_CONFIG,GSGD,DASHBOARD_ADMIN_CONFIG,UID3.3 Dashboard & thống kê vận hành,out_of_scope,Operational/UI metadata — đầu mối cấu hình dashboard theo user,,,none,none,none,none,no,0,0
BRD-SRC-GSGD-DASHBOARD_ADMIN_CONFIG_ITEM,GSGD,DASHBOARD_ADMIN_CONFIG_ITEM,UID3.3 Dashboard & thống kê vận hành,out_of_scope,Operational/UI metadata — widget cụ thể trong 1 version,,,none,none,none,none,no,0,0
BRD-SRC-GSGD-DASHBOARD_ADMIN_CONFIG_REGION,GSGD,DASHBOARD_ADMIN_CONFIG_REGION,UID3.3 Dashboard & thống kê vận hành,out_of_scope,Operational/UI metadata — vùng layout cấu hình dashboard,,,none,none,none,none,no,0,0
BRD-SRC-GSGD-DASHBOARD_ADMIN_CONFIG_ROW,GSGD,DASHBOARD_ADMIN_CONFIG_ROW,UID3.3 Dashboard & thống kê vận hành,out_of_scope,Operational/UI metadata — layout theo hàng trong 1 version,,,none,none,none,none,no,0,0
BRD-SRC-GSGD-DASHBOARD_ADMIN_CONFIG_VERSION,GSGD,DASHBOARD_ADMIN_CONFIG_VERSION,UID3.3 Dashboard & thống kê vận hành,out_of_scope,Operational/UI metadata — lịch sử version cấu hình dashboard,,,none,none,none,none,no,0,0
BRD-SRC-GSGD-DASHBOARD_USER_CONFIG,GSGD,DASHBOARD_USER_CONFIG,GSGD - Chưa phân loại (pending),pending,,,,none,none,none,none,no,0,0
BRD-SRC-GSGD-DASHBOARD_USER_CONFIG_ITEM,GSGD,DASHBOARD_USER_CONFIG_ITEM,GSGD - Chưa phân loại (pending),pending,,,,none,none,none,none,no,0,0
BRD-SRC-GSGD-DASHBOARD_USER_CONFIG_REGION,GSGD,DASHBOARD_USER_CONFIG_REGION,GSGD - Chưa phân loại (pending),pending,,,,none,none,none,none,no,0,0
BRD-SRC-GSGD-DASHBOARD_USER_CONFIG_ROW,GSGD,DASHBOARD_USER_CONFIG_ROW,GSGD - Chưa phân loại (pending),pending,,,,none,none,none,none,no,0,0
BRD-SRC-GSGD-DASHBOARD_WIDGET,GSGD,DASHBOARD_WIDGET,UID3.3 Dashboard & thống kê vận hành,out_of_scope,Operational/UI metadata — danh mục widget kéo thả lên dashboard,,,none,none,none,none,no,0,0
BRD-SRC-GSGD-DASHBOARD_WIDGET_CHART,GSGD,DASHBOARD_WIDGET_CHART,UID3.3 Dashboard & thống kê vận hành,out_of_scope,Operational/UI metadata — cấu hình biểu đồ gắn với widget,,,none,none,none,none,no,0,0
BRD-SRC-GSGD-DASHBOARD_WIDGET_FILTER,GSGD,DASHBOARD_WIDGET_FILTER,UID3.3 Dashboard & thống kê vận hành,out_of_scope,Operational/UI metadata — filter widget,,,none,none,none,none,no,0,0
BRD-SRC-GSGD-DASHBOARD_WIDGET_GROUP,GSGD,DASHBOARD_WIDGET_GROUP,UID3.3 Dashboard & thống kê vận hành,out_of_scope,Operational/UI metadata — nhóm widget,,,none,none,none,none,no,0,0
BRD-SRC-GSGD-DASHBOARD_WIDGET_GROUP_FILTER,GSGD,DASHBOARD_WIDGET_GROUP_FILTER,UID3.3 Dashboard & thống kê vận hành,out_of_scope,Operational/UI metadata — filter theo nhóm widget,,,none,none,none,none,no,0,0
BRD-SRC-GSGD-DATABASECHANGELOG,GSGD,DATABASECHANGELOG,GSGD - Chưa phân loại (pending),pending,,,,none,none,none,none,no,0,0
BRD-SRC-GSGD-DATABASECHANGELOGLOCK,GSGD,DATABASECHANGELOGLOCK,GSGD - Chưa phân loại (pending),pending,,,,none,none,none,none,no,0,0
BRD-SRC-GSGD-DOCUMENT_OUTGOING,GSGD,DOCUMENT_OUTGOING,UID1.8 Văn bản đi,in_scope,,,,none,none,none,none,no,0,0
BRD-SRC-GSGD-DOCUMENT_TEMPLATE,GSGD,DOCUMENT_TEMPLATE,UID1.8 Văn bản đi,out_of_scope,Operational/system data — biểu mẫu/placeholder sinh văn bản Word (UI metadata),,,none,none,none,none,no,0,0
BRD-SRC-GSGD-DOCUMENT_TEMPLATE_EXCEL_COLUMN,GSGD,DOCUMENT_TEMPLATE_EXCEL_COLUMN,UID1.8 Văn bản đi,out_of_scope,Operational/system data — cấu hình cột Excel của placeholder kiểu Upload Excel,,,none,none,none,none,no,0,0
BRD-SRC-GSGD-DOCUMENT_TEMPLATE_FIELD,GSGD,DOCUMENT_TEMPLATE_FIELD,UID1.8 Văn bản đi,out_of_scope,Operational/system data — placeholder bóc tách từ tệp Word,,,none,none,none,none,no,0,0
BRD-SRC-GSGD-EXPORT_FILE,GSGD,EXPORT_FILE,GSGD - Chưa phân loại (pending),pending,,,,none,none,none,none,no,0,0
BRD-SRC-GSGD-INVESTOR_ACCOUNT,GSGD,INVESTOR_ACCOUNT,UID1.1 Quản lý tài khoản nhà đầu tư,in_scope,,,,approved,done,none,none,no,1,1
BRD-SRC-GSGD-INVESTOR_ACCOUNT_DASHBOARD,GSGD,INVESTOR_ACCOUNT_DASHBOARD,UID3.3 Dashboard & thống kê vận hành,out_of_scope,"Dữ liệu tổng hợp sẵn (snapshot KPI) cho dashboard — thuộc tầng Gold/Summary, không phải Atomic",,,none,none,none,none,no,0,0
BRD-SRC-GSGD-INVESTOR_ACCOUNT_EXTENDED_INFO,GSGD,INVESTOR_ACCOUNT_EXTENDED_INFO,UID1.1 Quản lý tài khoản nhà đầu tư,in_scope,,,,none,none,none,none,no,0,0
BRD-SRC-GSGD-INVESTOR_ACCOUNT_HISTORY,GSGD,INVESTOR_ACCOUNT_HISTORY,UID1.1 Quản lý tài khoản nhà đầu tư,out_of_scope,Audit Log nguồn — lịch sử thay đổi thông tin tài khoản NĐT,,,none,none,none,none,no,0,0
BRD-SRC-GSGD-METRIC_CATALOG,GSGD,METRIC_CATALOG,UID3.2 Cấu hình & vận hành hệ thống,out_of_scope,"Operational config — danh mục chỉ số phục vụ dashboard engine (chứa SQL_TEMPLATE, SERVICE_URL)",,,none,none,none,none,no,0,0
BRD-SRC-GSGD-METRIC_CATALOG_RELATIONSHIP,GSGD,METRIC_CATALOG_RELATIONSHIP,UID3.2 Cấu hình & vận hành hệ thống,out_of_scope,Operational config — quan hệ giữa các metric trong dashboard engine,,,none,none,none,none,no,0,0
BRD-SRC-GSGD-METRIC_JOIN_CONDITION,GSGD,METRIC_JOIN_CONDITION,GSGD - Chưa phân loại (pending),pending,,,,none,none,none,none,no,0,0
BRD-SRC-GSGD-METRIC_WORD_SQL,GSGD,METRIC_WORD_SQL,GSGD - Chưa phân loại (pending),pending,,,,none,none,none,none,no,0,0
BRD-SRC-GSGD-NOTIFICATIONS,GSGD,NOTIFICATIONS,GSGD - Chưa phân loại (pending),pending,,,,none,none,none,none,no,0,0
BRD-SRC-GSGD-NOTIFICATION_CONFIG,GSGD,NOTIFICATION_CONFIG,GSGD - Chưa phân loại (pending),pending,,,,none,none,none,none,no,0,0
BRD-SRC-GSGD-NOTIFICATION_RECIPIENTS,GSGD,NOTIFICATION_RECIPIENTS,GSGD - Chưa phân loại (pending),pending,,,,none,none,none,none,no,0,0
BRD-SRC-GSGD-QRTZ_BLOB_TRIGGERS,GSGD,QRTZ_BLOB_TRIGGERS,GSGD - Chưa phân loại (pending),pending,,,,none,none,none,none,no,0,0
BRD-SRC-GSGD-QRTZ_CRON_TRIGGERS,GSGD,QRTZ_CRON_TRIGGERS,GSGD - Chưa phân loại (pending),pending,,,,none,none,none,none,no,0,0
BRD-SRC-GSGD-QRTZ_FIRED_TRIGGERS,GSGD,QRTZ_FIRED_TRIGGERS,GSGD - Chưa phân loại (pending),pending,,,,none,none,none,none,no,0,0
BRD-SRC-GSGD-QRTZ_JOB_DETAILS,GSGD,QRTZ_JOB_DETAILS,GSGD - Chưa phân loại (pending),pending,,,,none,none,none,none,no,0,0
BRD-SRC-GSGD-QRTZ_LOCKS,GSGD,QRTZ_LOCKS,GSGD - Chưa phân loại (pending),pending,,,,none,none,none,none,no,0,0
BRD-SRC-GSGD-QRTZ_PAUSED_TRIGGER_GRPS,GSGD,QRTZ_PAUSED_TRIGGER_GRPS,GSGD - Chưa phân loại (pending),pending,,,,none,none,none,none,no,0,0
BRD-SRC-GSGD-QRTZ_SCHEDULER_STATE,GSGD,QRTZ_SCHEDULER_STATE,GSGD - Chưa phân loại (pending),pending,,,,none,none,none,none,no,0,0
BRD-SRC-GSGD-QRTZ_SIMPLE_TRIGGERS,GSGD,QRTZ_SIMPLE_TRIGGERS,GSGD - Chưa phân loại (pending),pending,,,,none,none,none,none,no,0,0
BRD-SRC-GSGD-QRTZ_TRIGGERS,GSGD,QRTZ_TRIGGERS,GSGD - Chưa phân loại (pending),pending,,,,none,none,none,none,no,0,0
BRD-SRC-GSGD-REPORT_ASSIGNMENT,GSGD,REPORT_ASSIGNMENT,UID1.6 Xử lý & phân công báo cáo (chung),in_scope,,,,none,none,none,none,no,0,0
BRD-SRC-GSGD-REPORT_ASSIGNMENT_NOTIFICATION,GSGD,REPORT_ASSIGNMENT_NOTIFICATION,UID1.6 Xử lý & phân công báo cáo (chung),out_of_scope,Operational — hạ tầng gửi thông báo (toast/bell/email) cho phân công báo cáo,,,none,none,none,none,no,0,0
BRD-SRC-GSGD-REPORT_ATTACH_FILE,GSGD,REPORT_ATTACH_FILE,UID1.6 Xử lý & phân công báo cáo (chung),in_scope,,,,none,none,none,none,no,0,0
BRD-SRC-GSGD-REPORT_COLUMN,GSGD,REPORT_COLUMN,GSGD - Chưa phân loại (pending),pending,,,,none,none,none,none,no,0,0
BRD-SRC-GSGD-REPORT_COLUMN_GROUP,GSGD,REPORT_COLUMN_GROUP,GSGD - Chưa phân loại (pending),pending,,,,none,none,none,none,no,0,0
BRD-SRC-GSGD-REPORT_COMMENT,GSGD,REPORT_COMMENT,UID1.6 Xử lý & phân công báo cáo (chung),in_scope,,,,none,none,none,none,no,0,0
BRD-SRC-GSGD-REPORT_FILTER,GSGD,REPORT_FILTER,GSGD - Chưa phân loại (pending),pending,,,,none,none,none,none,no,0,0
BRD-SRC-GSGD-REPORT_METRIC_JOIN,GSGD,REPORT_METRIC_JOIN,GSGD - Chưa phân loại (pending),pending,,,,none,none,none,none,no,0,0
BRD-SRC-GSGD-REPORT_PARAMETER,GSGD,REPORT_PARAMETER,UID3.2 Cấu hình & vận hành hệ thống,out_of_scope,"Operational/system config — tham số dùng chung cho report template. LƯU Ý: Source CSV hiện chưa có dữ liệu cột cho bảng này, cần khảo sát bổ sung",,,none,none,none,none,no,0,0
BRD-SRC-GSGD-REPORT_PARAMETER_HISTORY_LOG,GSGD,REPORT_PARAMETER_HISTORY_LOG,UID3.2 Cấu hình & vận hành hệ thống,out_of_scope,Audit Log nguồn — lịch sử thay đổi tham số báo cáo,,,none,none,none,none,no,0,0
BRD-SRC-GSGD-REPORT_PROCESS_HISTORY,GSGD,REPORT_PROCESS_HISTORY,UID1.6 Xử lý & phân công báo cáo (chung),in_scope,,,,none,none,none,none,no,0,0
BRD-SRC-GSGD-REPORT_SORT,GSGD,REPORT_SORT,GSGD - Chưa phân loại (pending),pending,,,,none,none,none,none,no,0,0
BRD-SRC-GSGD-REPORT_TEMPLATE,GSGD,REPORT_TEMPLATE,UID3.2 Cấu hình & vận hành hệ thống,out_of_scope,Operational/system data — UI metadata cấu hình biểu mẫu báo cáo,,,none,none,none,none,no,0,0
BRD-SRC-GSGD-REPORT_TEMPLATE_CONFIG,GSGD,REPORT_TEMPLATE_CONFIG,GSGD - Chưa phân loại (pending),pending,,,,none,none,none,none,no,0,0
BRD-SRC-GSGD-REPORT_TEMPLATE_METRIC,GSGD,REPORT_TEMPLATE_METRIC,GSGD - Chưa phân loại (pending),pending,,,,none,none,none,none,no,0,0
BRD-SRC-GSGD-REPORT_TEMPLATE_PARAMETER,GSGD,REPORT_TEMPLATE_PARAMETER,UID3.2 Cấu hình & vận hành hệ thống,out_of_scope,Operational/system config — tham số hoá mẫu báo cáo (liên kết REPORT_TEMPLATE/REPORT_PARAMETER/ATTRIBUTE_CATALOG),,,none,none,none,none,no,0,0
BRD-SRC-GSGD-REPORT_TEMPLATE_WORKFLOW,GSGD,REPORT_TEMPLATE_WORKFLOW,UID3.2 Cấu hình & vận hành hệ thống,out_of_scope,Operational/system data — cấu hình biểu mẫu theo quy trình phân tích vụ việc,,,none,none,none,none,no,0,0
BRD-SRC-GSGD-SECURITIES_GROUP,GSGD,SECURITIES_GROUP,UID1.3 Quản lý mã chứng khoán,in_scope,,,,none,none,none,none,no,0,0
BRD-SRC-GSGD-SECURITIES_GROUP_HISTORY,GSGD,SECURITIES_GROUP_HISTORY,UID1.3 Quản lý mã chứng khoán,out_of_scope,Audit Log nguồn — lịch sử thay đổi nhóm CK,,,none,none,none,none,no,0,0
BRD-SRC-GSGD-SECURITIES_GROUP_MEMBER,GSGD,SECURITIES_GROUP_MEMBER,UID1.3 Quản lý mã chứng khoán,in_scope,,,,none,none,none,none,no,0,0
BRD-SRC-GSGD-SUSPICIOUS_ACCOUNT,GSGD,SUSPICIOUS_ACCOUNT,UID2.4 Tài khoản nghi vấn (kết luận vụ việc),in_scope,,,,none,none,none,none,no,0,0
BRD-SRC-GSGD-TRANSACTION_REVIEW,GSGD,TRANSACTION_REVIEW,UID1.7 Rà soát giao dịch,in_scope,,,,none,none,none,none,no,0,0
BRD-SRC-GSGD-TRANSACTION_REVIEW_ACCOUNT_CODE,GSGD,TRANSACTION_REVIEW_ACCOUNT_CODE,UID1.7 Rà soát giao dịch,in_scope,,,,none,none,none,none,no,0,0
BRD-SRC-GSGD-TRANSACTION_REVIEW_ACCOUNT_GROUP,GSGD,TRANSACTION_REVIEW_ACCOUNT_GROUP,UID1.7 Rà soát giao dịch,in_scope,,,,none,none,none,none,no,0,0
BRD-SRC-GSGD-TRANSACTION_REVIEW_ACCOUNT_GROUP_MEMBER,GSGD,TRANSACTION_REVIEW_ACCOUNT_GROUP_MEMBER,UID1.7 Rà soát giao dịch,in_scope,,,,none,none,none,none,no,0,0
BRD-SRC-GSGD-TRANSACTION_REVIEW_ANALYSIS_ATTRIBUTE_VALUE,GSGD,TRANSACTION_REVIEW_ANALYSIS_ATTRIBUTE_VALUE,UID1.7 Rà soát giao dịch,in_scope,,,,none,none,none,none,no,0,0
BRD-SRC-GSGD-TRANSACTION_REVIEW_ATTACH_FILE,GSGD,TRANSACTION_REVIEW_ATTACH_FILE,UID1.7 Rà soát giao dịch,in_scope,,,,none,none,none,none,no,0,0
BRD-SRC-GSGD-TRANSACTION_REVIEW_EXECUTION_LOG,GSGD,TRANSACTION_REVIEW_EXECUTION_LOG,UID1.7 Rà soát giao dịch,in_scope,,,,none,none,none,none,no,0,0
BRD-SRC-GSGD-TRANSACTION_REVIEW_REPORT_PARAMETER_VALUE,GSGD,TRANSACTION_REVIEW_REPORT_PARAMETER_VALUE,GSGD - Chưa phân loại (pending),pending,,,,none,none,none,none,no,0,0
BRD-SRC-GSGD-TRANSACTION_REVIEW_REPORT_TEMPLATE_WORKFLOW,GSGD,TRANSACTION_REVIEW_REPORT_TEMPLATE_WORKFLOW,UID1.7 Rà soát giao dịch,out_of_scope,Operational/system data — cấu hình biểu mẫu theo quy trình rà soát giao dịch,,,none,none,none,none,no,0,0
BRD-SRC-GSGD-TRANSACTION_REVIEW_SECURITIES_CODE,GSGD,TRANSACTION_REVIEW_SECURITIES_CODE,UID1.7 Rà soát giao dịch,in_scope,,,,none,none,none,none,no,0,0
BRD-SRC-GSGD-USER_MANUAL,GSGD,USER_MANUAL,UID3.2 Cấu hình & vận hành hệ thống,out_of_scope,Operational/system data — tài liệu hướng dẫn sử dụng,,,none,none,none,none,no,0,0
BRD-SRC-GSGD-USER_TABLE_CONFIG,GSGD,USER_TABLE_CONFIG,UID3.2 Cấu hình & vận hành hệ thống,out_of_scope,Operational/system data — UI metadata cấu hình hiển thị bảng theo user,,,none,none,none,none,no,0,0
BRD-SRC-IAM-USERS,IAM,USERS,Quản lý người dùng,in_scope,,,,approved,none,none,none,no,4,0
BRD-SRC-IDS-ACCOUNT_NUMBERS,IDS,ACCOUNT_NUMBERS,shareholder,in_scope,,,,none,none,none,none,no,0,0
BRD-SRC-IDS-AF_APPROVAL,IDS,AF_APPROVAL,audit_firm,in_scope,,,,none,none,none,none,no,0,0
BRD-SRC-IDS-AF_AUDITOR_PROFILES,IDS,AF_AUDITOR_PROFILES,audit_firm,in_scope,,,,none,none,none,none,no,0,0
BRD-SRC-IDS-AF_AUDITOR_STATUS_HISTORY,IDS,AF_AUDITOR_STATUS_HISTORY,audit_firm,in_scope,,,,none,none,none,none,no,0,0
BRD-SRC-IDS-AF_INSPECTION,IDS,AF_INSPECTION,audit_firm,in_scope,,,,none,none,none,none,no,0,0
BRD-SRC-IDS-AF_LEGAL_REPRESENTATIVE,IDS,AF_LEGAL_REPRESENTATIVE,audit_firm,in_scope,,,,none,none,none,none,no,0,0
BRD-SRC-IDS-AF_PROFILES,IDS,AF_PROFILES,audit_firm,out_of_scope,Quyết định Data Modeler (2026-07-24) — bỏ hoàn toàn khỏi phạm vi thiết kế.,,,none,none,none,none,no,0,0
BRD-SRC-IDS-AF_SANCTIONS,IDS,AF_SANCTIONS,audit_firm,in_scope,,,,none,none,none,none,no,0,0
BRD-SRC-IDS-AF_STATUS_HISTORY,IDS,AF_STATUS_HISTORY,audit_firm,in_scope,,,,none,none,none,none,no,0,0
BRD-SRC-IDS-AF_SUSPENSION,IDS,AF_SUSPENSION,audit_firm,in_scope,,,,none,none,none,none,no,0,0
BRD-SRC-IDS-AF_TECHNICAL_AUDIT,IDS,AF_TECHNICAL_AUDIT,audit_firm,in_scope,,,,none,none,none,none,no,0,0
BRD-SRC-IDS-AF_WARNING,IDS,AF_WARNING,audit_firm,in_scope,,,,none,none,none,none,no,0,0
BRD-SRC-IDS-ALERT_TEMPLATE_AUDIT_DTL,IDS,ALERT_TEMPLATE_AUDIT_DTL,unclassified_pending,pending,,,,none,none,none,none,no,0,0
BRD-SRC-IDS-ALERT_TEMPLATE_AUDIT_HDR,IDS,ALERT_TEMPLATE_AUDIT_HDR,unclassified_pending,pending,,,,none,none,none,none,no,0,0
BRD-SRC-IDS-BK_AF_APPROVAL,IDS,BK_AF_APPROVAL,unclassified_pending,pending,,,,none,none,none,none,no,0,0
BRD-SRC-IDS-BK_AF_AUDITOR_PROFILES,IDS,BK_AF_AUDITOR_PROFILES,unclassified_pending,pending,,,,none,none,none,none,no,0,0
BRD-SRC-IDS-BK_AF_AUDITOR_STATUS_HISTORY,IDS,BK_AF_AUDITOR_STATUS_HISTORY,unclassified_pending,pending,,,,none,none,none,none,no,0,0
BRD-SRC-IDS-BK_AF_INSPECTION,IDS,BK_AF_INSPECTION,unclassified_pending,pending,,,,none,none,none,none,no,0,0
BRD-SRC-IDS-BK_AF_LEGAL_REPRESENTATIVE,IDS,BK_AF_LEGAL_REPRESENTATIVE,unclassified_pending,pending,,,,none,none,none,none,no,0,0
BRD-SRC-IDS-BK_AF_PROFILES,IDS,BK_AF_PROFILES,unclassified_pending,pending,,,,none,none,none,none,no,0,0
BRD-SRC-IDS-BK_AF_SANCTIONS,IDS,BK_AF_SANCTIONS,unclassified_pending,pending,,,,none,none,none,none,no,0,0
BRD-SRC-IDS-BK_AF_STATUS_HISTORY,IDS,BK_AF_STATUS_HISTORY,unclassified_pending,pending,,,,none,none,none,none,no,0,0
BRD-SRC-IDS-BK_AF_SUSPENSION,IDS,BK_AF_SUSPENSION,unclassified_pending,pending,,,,none,none,none,none,no,0,0
BRD-SRC-IDS-BK_AF_TECHNICAL_AUDIT,IDS,BK_AF_TECHNICAL_AUDIT,unclassified_pending,pending,,,,none,none,none,none,no,0,0
BRD-SRC-IDS-BK_AF_WARNING,IDS,BK_AF_WARNING,unclassified_pending,pending,,,,none,none,none,none,no,0,0
BRD-SRC-IDS-BOND_LISTING_HISTORY,IDS,BOND_LISTING_HISTORY,capital_activity,in_scope,,,,none,none,none,none,no,0,0
BRD-SRC-IDS-CAPITAL_MOBILIZATION,IDS,CAPITAL_MOBILIZATION,capital_activity,in_scope,,,,none,none,none,none,no,0,0
BRD-SRC-IDS-CATEGORIES,IDS,CATEGORIES,public_company,in_scope,,,,none,none,none,none,no,0,0
BRD-SRC-IDS-COMPANY_ADD_CAPITAL,IDS,COMPANY_ADD_CAPITAL,capital_activity,in_scope,,,,none,none,none,none,no,0,0
BRD-SRC-IDS-COMPANY_CHANGE_ROLE_HIS,IDS,COMPANY_CHANGE_ROLE_HIS,public_company,pending,,,,none,none,none,none,no,0,0
BRD-SRC-IDS-COMPANY_DATA,IDS,COMPANY_DATA,reporting,in_scope,,,,approved,none,none,none,no,1,0
BRD-SRC-IDS-COMPANY_DIGITAL_CERTIFICATES,IDS,COMPANY_DIGITAL_CERTIFICATES,document,pending,,,,none,none,none,none,no,0,0
BRD-SRC-IDS-COMPANY_ENTITY_ROLE,IDS,COMPANY_ENTITY_ROLE,shareholder,in_scope,,,,none,none,none,none,no,0,0
BRD-SRC-IDS-COMPANY_INSPECTION,IDS,COMPANY_INSPECTION,inspection_penalty,in_scope,,,,none,none,none,none,no,0,0
BRD-SRC-IDS-COMPANY_PENALTIES,IDS,COMPANY_PENALTIES,inspection_penalty,in_scope,,,,none,none,none,none,no,0,0
BRD-SRC-IDS-COMPANY_PROFILES,IDS,COMPANY_PROFILES,public_company,in_scope,,,,approved,done,none,none,no,2,1
BRD-SRC-IDS-COMPANY_RELATIONSHIP,IDS,COMPANY_RELATIONSHIP,public_company,in_scope,,,,none,none,none,none,no,0,0
BRD-SRC-IDS-COMPANY_SHAREHOLDING,IDS,COMPANY_SHAREHOLDING,shareholder,in_scope,,,,draft,done,none,none,no,1,1
BRD-SRC-IDS-COMPANY_SHARE_STATISTICS,IDS,COMPANY_SHARE_STATISTICS,capital_activity,in_scope,,,,draft,none,none,none,no,1,0
BRD-SRC-IDS-COMPANY_TENDER_OFFER,IDS,COMPANY_TENDER_OFFER,capital_activity,in_scope,,,,none,none,none,none,no,0,0
BRD-SRC-IDS-COMPANY_TENDER_OFFER_RESULT,IDS,COMPANY_TENDER_OFFER_RESULT,capital_activity,pending,,,,none,none,none,none,no,0,0
BRD-SRC-IDS-COMPANY_TREASURY_SHARES,IDS,COMPANY_TREASURY_SHARES,capital_activity,in_scope,,,,draft,none,none,none,no,1,0
BRD-SRC-IDS-COMPANY_TREASURY_STOCKS,IDS,COMPANY_TREASURY_STOCKS,capital_activity,in_scope,,,,none,none,none,none,no,0,0
BRD-SRC-IDS-COUNTRIES,IDS,COUNTRIES,master_data,pending,,,,none,none,none,none,no,0,0
BRD-SRC-IDS-DATA,IDS,DATA,reporting,in_scope,,,,draft,none,none,none,no,1,0
BRD-SRC-IDS-DATABASECHANGELOG,IDS,DATABASECHANGELOG,unclassified_pending,pending,,,,none,none,none,none,no,0,0
BRD-SRC-IDS-DATABASECHANGELOGLOCK,IDS,DATABASECHANGELOGLOCK,unclassified_pending,pending,,,,none,none,none,none,no,0,0
BRD-SRC-IDS-DATA_TYPES,IDS,DATA_TYPES,master_data,pending,,,,none,none,none,none,no,0,0
BRD-SRC-IDS-DATA_VALUES,IDS,DATA_VALUES,reporting,pending,,,,none,none,none,none,no,0,0
BRD-SRC-IDS-DBTOOLS$MCP_LOG,IDS,DBTOOLS$MCP_LOG,unclassified_pending,pending,,,,none,none,none,none,no,0,0
BRD-SRC-IDS-DEPARTMENTS,IDS,DEPARTMENTS,master_data,pending,,,,none,none,none,none,no,0,0
BRD-SRC-IDS-DYNAMIC_REPORT_TEMPLATES,IDS,DYNAMIC_REPORT_TEMPLATES,unclassified_pending,pending,,,,none,none,none,none,no,0,0
BRD-SRC-IDS-DYNAMIC_REPORT_TEMPLATE_FIELDS,IDS,DYNAMIC_REPORT_TEMPLATE_FIELDS,unclassified_pending,pending,,,,none,none,none,none,no,0,0
BRD-SRC-IDS-EVALUATIONS,IDS,EVALUATIONS,evaluation,in_scope,,,,draft,done,none,none,no,1,1
BRD-SRC-IDS-EVALUATION_CBONDS,IDS,EVALUATION_CBONDS,evaluation,in_scope,,,,draft,done,none,none,no,1,1
BRD-SRC-IDS-EVALUATION_CRITERIA,IDS,EVALUATION_CRITERIA,evaluation,in_scope,,,,draft,done,none,none,no,1,1
BRD-SRC-IDS-EVALUATION_DETAILS,IDS,EVALUATION_DETAILS,evaluation,in_scope,,,,draft,done,none,none,no,1,1
BRD-SRC-IDS-EVALUATION_ERROR_LOG,IDS,EVALUATION_ERROR_LOG,unclassified_pending,pending,,,,none,none,none,none,no,0,0
BRD-SRC-IDS-EVALUATION_GROUPS,IDS,EVALUATION_GROUPS,evaluation,in_scope,,,,draft,done,none,none,no,1,1
BRD-SRC-IDS-EVALUATION_LEVEL_SCORE,IDS,EVALUATION_LEVEL_SCORE,unclassified_pending,pending,,,,none,none,none,none,no,0,0
BRD-SRC-IDS-EVALUATION_PERIODS,IDS,EVALUATION_PERIODS,evaluation,in_scope,,,,draft,done,none,none,no,1,1
BRD-SRC-IDS-FIELDS,IDS,FIELDS,reporting,pending,,,,none,none,none,none,no,0,0
BRD-SRC-IDS-FIELDS_MGR,IDS,FIELDS_MGR,reporting,pending,,,,none,none,none,none,no,0,0
BRD-SRC-IDS-FILES,IDS,FILES,document,pending,,,,none,none,none,none,no,0,0
BRD-SRC-IDS-FOREIGN_OWNER_LIMIT,IDS,FOREIGN_OWNER_LIMIT,public_company,in_scope,,,,none,none,none,none,no,0,0
BRD-SRC-IDS-FORMS,IDS,FORMS,reporting,in_scope,,,,draft,none,none,none,no,1,0
BRD-SRC-IDS-FORM_FIELDS,IDS,FORM_FIELDS,reporting,pending,,,,none,none,none,none,no,0,0
BRD-SRC-IDS-FORM_FIELD_HISTORY,IDS,FORM_FIELD_HISTORY,reporting,pending,,,,none,none,none,none,no,0,0
BRD-SRC-IDS-HISTORY_CHANGE_LOG,IDS,HISTORY_CHANGE_LOG,document,pending,,,,none,none,none,none,no,0,0
BRD-SRC-IDS-HOLDER_RELATIONSHIP,IDS,HOLDER_RELATIONSHIP,shareholder,in_scope,,,,none,none,none,none,no,0,0
BRD-SRC-IDS-HOLIDAY_CALENDAR,IDS,HOLIDAY_CALENDAR,master_data,pending,,,,none,none,none,none,no,0,0
BRD-SRC-IDS-HTE_INTG_API_LOG,IDS,HTE_INTG_API_LOG,unclassified_pending,pending,,,,none,none,none,none,no,0,0
BRD-SRC-IDS-HTE_INTG_IMPORT_DATA_LOG,IDS,HTE_INTG_IMPORT_DATA_LOG,unclassified_pending,pending,,,,none,none,none,none,no,0,0
BRD-SRC-IDS-HTE_NOTIFICATIONS_DTL,IDS,HTE_NOTIFICATIONS_DTL,unclassified_pending,pending,,,,none,none,none,none,no,0,0
BRD-SRC-IDS-HTE_VIOLATION_REPORT,IDS,HTE_VIOLATION_REPORT,inspection_penalty,in_scope,,,,none,none,none,none,no,0,0
BRD-SRC-IDS-IDENTITY,IDS,IDENTITY,shareholder,in_scope,,,,none,none,none,none,no,0,0
BRD-SRC-IDS-INTEGRATION_JOB_DEFINITION,IDS,INTEGRATION_JOB_DEFINITION,integration,pending,,,,none,none,none,none,no,0,0
BRD-SRC-IDS-INTEGRATION_SYNC_LOG,IDS,INTEGRATION_SYNC_LOG,integration,pending,,,,none,none,none,none,no,0,0
BRD-SRC-IDS-INTG_API_LOG,IDS,INTG_API_LOG,unclassified_pending,pending,,,,none,none,none,none,no,0,0
BRD-SRC-IDS-INTG_FINANCIAL_STATEMENT,IDS,INTG_FINANCIAL_STATEMENT,integration,pending,,,,none,none,none,none,no,0,0
BRD-SRC-IDS-INTG_FORM_MAPPING,IDS,INTG_FORM_MAPPING,integration,pending,,,,none,none,none,none,no,0,0
BRD-SRC-IDS-INTG_IMPORT_DATA_LOG,IDS,INTG_IMPORT_DATA_LOG,integration,pending,,,,none,none,none,none,no,0,0
BRD-SRC-IDS-INTG_REPORT_CONFIG,IDS,INTG_REPORT_CONFIG,integration,pending,,,,none,none,none,none,no,0,0
BRD-SRC-IDS-INTG_REPORT_FIELD,IDS,INTG_REPORT_FIELD,integration,pending,,,,none,none,none,none,no,0,0
BRD-SRC-IDS-INTG_SIGNATURE_CONFIG,IDS,INTG_SIGNATURE_CONFIG,integration,pending,,,,none,none,none,none,no,0,0
BRD-SRC-IDS-LEGAL_ENTITIES,IDS,LEGAL_ENTITIES,shareholder,in_scope,,,,none,none,none,none,no,0,0
BRD-SRC-IDS-LEGAL_REPRESENTATIVE,IDS,LEGAL_REPRESENTATIVE,public_company,in_scope,,,,none,none,none,none,no,0,0
BRD-SRC-IDS-LOGINS,IDS,LOGINS,auth,pending,,,,none,none,none,none,no,0,0
BRD-SRC-IDS-LOGIN_PERMISSION_BY_CODE,IDS,LOGIN_PERMISSION_BY_CODE,auth,pending,,,,none,none,none,none,no,0,0
BRD-SRC-IDS-LOOKUP_VALUES,IDS,LOOKUP_VALUES,master_data,pending,,,,none,none,none,none,no,0,0
BRD-SRC-IDS-MANUAL_DOCUMENT,IDS,MANUAL_DOCUMENT,document,pending,,,,none,none,none,none,no,0,0
BRD-SRC-IDS-MIGRATION_EXECUTIONS,IDS,MIGRATION_EXECUTIONS,system,pending,,,,none,none,none,none,no,0,0
BRD-SRC-IDS-MIGRATION_LOGS,IDS,MIGRATION_LOGS,system,pending,,,,none,none,none,none,no,0,0
BRD-SRC-IDS-NOTIFICATIONS,IDS,NOTIFICATIONS,notification,in_scope,,,,none,none,none,none,no,0,0
BRD-SRC-IDS-NOTIFICATIONS_DTL,IDS,NOTIFICATIONS_DTL,notification,in_scope,,,,none,none,none,none,no,0,0
BRD-SRC-IDS-POSITIONS,IDS,POSITIONS,shareholder,in_scope,,,,draft,done,none,none,no,1,1
BRD-SRC-IDS-PROVINCES,IDS,PROVINCES,master_data,pending,,,,none,none,none,none,no,0,0
BRD-SRC-IDS-PUB_COMPANY_CANCELLATION,IDS,PUB_COMPANY_CANCELLATION,public_company,in_scope,,,,none,none,none,none,no,0,0
BRD-SRC-IDS-PUB_COMPANY_REGISTRATION,IDS,PUB_COMPANY_REGISTRATION,public_company,in_scope,,,,none,none,none,none,no,0,0
BRD-SRC-IDS-QRTZ_BLOB_TRIGGERS,IDS,QRTZ_BLOB_TRIGGERS,unclassified_pending,pending,,,,none,none,none,none,no,0,0
BRD-SRC-IDS-QRTZ_CALENDARS,IDS,QRTZ_CALENDARS,unclassified_pending,pending,,,,none,none,none,none,no,0,0
BRD-SRC-IDS-QRTZ_CRON_TRIGGERS,IDS,QRTZ_CRON_TRIGGERS,unclassified_pending,pending,,,,none,none,none,none,no,0,0
BRD-SRC-IDS-QRTZ_FIRED_TRIGGERS,IDS,QRTZ_FIRED_TRIGGERS,unclassified_pending,pending,,,,none,none,none,none,no,0,0
BRD-SRC-IDS-QRTZ_JOB_DETAILS,IDS,QRTZ_JOB_DETAILS,unclassified_pending,pending,,,,none,none,none,none,no,0,0
BRD-SRC-IDS-QRTZ_LOCKS,IDS,QRTZ_LOCKS,unclassified_pending,pending,,,,none,none,none,none,no,0,0
BRD-SRC-IDS-QRTZ_PAUSED_TRIGGER_GRPS,IDS,QRTZ_PAUSED_TRIGGER_GRPS,unclassified_pending,pending,,,,none,none,none,none,no,0,0
BRD-SRC-IDS-QRTZ_SCHEDULER_STATE,IDS,QRTZ_SCHEDULER_STATE,unclassified_pending,pending,,,,none,none,none,none,no,0,0
BRD-SRC-IDS-QRTZ_SIMPLE_TRIGGERS,IDS,QRTZ_SIMPLE_TRIGGERS,unclassified_pending,pending,,,,none,none,none,none,no,0,0
BRD-SRC-IDS-QRTZ_SIMPROP_TRIGGERS,IDS,QRTZ_SIMPROP_TRIGGERS,unclassified_pending,pending,,,,none,none,none,none,no,0,0
BRD-SRC-IDS-QRTZ_TRIGGERS,IDS,QRTZ_TRIGGERS,unclassified_pending,pending,,,,none,none,none,none,no,0,0
BRD-SRC-IDS-RCOL,IDS,RCOL,reporting,in_scope,,,,draft,none,none,none,no,1,0
BRD-SRC-IDS-RCOL_MGR,IDS,RCOL_MGR,unclassified_pending,pending,,,,none,none,none,none,no,0,0
BRD-SRC-IDS-REPORT_CATALOG,IDS,REPORT_CATALOG,reporting,in_scope,,,,draft,none,none,none,no,1,0
BRD-SRC-IDS-REPORT_CATALOG_MGR,IDS,REPORT_CATALOG_MGR,unclassified_pending,pending,,,,none,none,none,none,no,0,0
BRD-SRC-IDS-REPORT_EXTENSIONS,IDS,REPORT_EXTENSIONS,reporting,in_scope,,,,none,none,none,none,no,0,0
BRD-SRC-IDS-REP_COLUMN,IDS,REP_COLUMN,reporting,in_scope,,,,none,none,none,none,no,0,0
BRD-SRC-IDS-REP_DATA,IDS,REP_DATA,public_company,pending,,,,none,none,none,none,no,0,0
BRD-SRC-IDS-REP_FORMS,IDS,REP_FORMS,reporting,in_scope,,,,none,none,none,none,no,0,0
BRD-SRC-IDS-REP_ROW,IDS,REP_ROW,reporting,in_scope,,,,none,none,none,none,no,0,0
BRD-SRC-IDS-RROW,IDS,RROW,reporting,in_scope,,,,draft,none,none,none,no,1,0
BRD-SRC-IDS-RROW_MGR,IDS,RROW_MGR,unclassified_pending,pending,,,,none,none,none,none,no,0,0
BRD-SRC-IDS-SECURITIES_OFFERING,IDS,SECURITIES_OFFERING,capital_activity,in_scope,,,,draft,done,none,none,no,1,1
BRD-SRC-IDS-SECURITIES_OFFERING_PLAN,IDS,SECURITIES_OFFERING_PLAN,capital_activity,in_scope,,,,draft,done,none,none,no,1,1
BRD-SRC-IDS-SECURITIES_OFFERING_RESULT,IDS,SECURITIES_OFFERING_RESULT,capital_activity,in_scope,,,,draft,done,none,none,no,1,1
BRD-SRC-IDS-SMS_LOG,IDS,SMS_LOG,notification,pending,,,,none,none,none,none,no,0,0
BRD-SRC-IDS-STATE_CAPITAL,IDS,STATE_CAPITAL,public_company,in_scope,,,,draft,done,none,none,no,1,1
BRD-SRC-IDS-STOCK_CONTROLS,IDS,STOCK_CONTROLS,shareholder,in_scope,,,,none,none,none,none,no,0,0
BRD-SRC-IDS-STOCK_LISTING_HISTORY,IDS,STOCK_LISTING_HISTORY,capital_activity,in_scope,,,,none,none,none,none,no,0,0
BRD-SRC-IDS-SYS_PARAMETERS,IDS,SYS_PARAMETERS,master_data,pending,,,,none,none,none,none,no,0,0
BRD-SRC-IDS-TENDER_OFFER,IDS,TENDER_OFFER,unclassified_pending,pending,,,,none,none,none,none,no,0,0
BRD-SRC-IDS-TENDER_OFFER_RESULT,IDS,TENDER_OFFER_RESULT,unclassified_pending,pending,,,,none,none,none,none,no,0,0
BRD-SRC-IDS-TREASURY_SHARE_TRANS_RESULT,IDS,TREASURY_SHARE_TRANS_RESULT,capital_activity,in_scope,,,,draft,none,none,none,no,1,0
BRD-SRC-IDS-UBCK_SYNC_ITEM_LOG,IDS,UBCK_SYNC_ITEM_LOG,integration,pending,,,,none,none,none,none,no,0,0
BRD-SRC-IDS-USER_AUDIT_LOG,IDS,USER_AUDIT_LOG,system,pending,,,,none,none,none,none,no,0,0
BRD-SRC-IDS-VIOLATION_PENALTY_CONFIG,IDS,VIOLATION_PENALTY_CONFIG,inspection_penalty,in_scope,,,,none,none,none,none,no,0,0
BRD-SRC-IDS-VIOLATION_REPORT,IDS,VIOLATION_REPORT,inspection_penalty,in_scope,,,,draft,none,none,none,no,1,0
BRD-SRC-IDS-VIOLATION_TEMPLATES,IDS,VIOLATION_TEMPLATES,inspection_penalty,in_scope,,,,none,none,none,none,no,0,0
BRD-SRC-IDS-WARDS,IDS,WARDS,master_data,pending,,,,none,none,none,none,no,0,0
BRD-SRC-KNT-AUDITOR,KNT,AUDITOR,KNT-06 Thông tin công ty & kiểm toán,pending,,,,none,none,none,none,no,0,0
BRD-SRC-KNT-AUDIT_FIRM,KNT,AUDIT_FIRM,KNT-06 Thông tin công ty & kiểm toán,pending,,,,none,none,none,none,no,0,0
BRD-SRC-KNT-CATALOG,KNT,CATALOG,KNT-REF Danh mục dùng chung,pending,,,,none,none,none,none,no,0,0
BRD-SRC-KNT-CATALOG_GROUP,KNT,CATALOG_GROUP,KNT-REF Danh mục dùng chung,pending,,,,none,none,none,none,no,0,0
BRD-SRC-KNT-CAT_ORG_UNIT,KNT,CAT_ORG_UNIT,KNT-REF Danh mục dùng chung,pending,,,,none,none,none,none,no,0,0
BRD-SRC-KNT-CAT_POSITION,KNT,CAT_POSITION,KNT-REF Danh mục dùng chung,pending,,,,none,none,none,none,no,0,0
BRD-SRC-KNT-CAT_VIOLATION_ACT,KNT,CAT_VIOLATION_ACT,KNT-04 Xử lý vi phạm & xử phạt,pending,,,,none,none,none,none,no,0,0
BRD-SRC-KNT-COMPANY_COMPARISON,KNT,COMPANY_COMPARISON,KNT - Chưa phân loại (pending),pending,,,,none,none,none,none,no,0,0
BRD-SRC-KNT-COMPANY_COMPARISON_QUEUE,KNT,COMPANY_COMPARISON_QUEUE,KNT - Chưa phân loại (pending),pending,,,,none,none,none,none,no,0,0
BRD-SRC-KNT-COMPANY_INFO,KNT,COMPANY_INFO,KNT-06 Thông tin công ty & kiểm toán,pending,,,,none,none,none,none,no,0,0
BRD-SRC-KNT-CONFIG_PARAM,KNT,CONFIG_PARAM,KNT-SYS Quản trị hệ thống & truyền nhận,pending,,,,none,none,none,none,no,0,0
BRD-SRC-KNT-DATA_GEN_ERROR_LOG,KNT,DATA_GEN_ERROR_LOG,KNT - Chưa phân loại (pending),pending,,,,none,none,none,none,no,0,0
BRD-SRC-KNT-DATA_RECONCILIATION,KNT,DATA_RECONCILIATION,KNT - Chưa phân loại (pending),pending,,,,none,none,none,none,no,0,0
BRD-SRC-KNT-DATA_RECONCILIATION_OUTBOUND,KNT,DATA_RECONCILIATION_OUTBOUND,KNT - Chưa phân loại (pending),pending,,,,none,none,none,none,no,0,0
BRD-SRC-KNT-DB_LOG,KNT,DB_LOG,KNT-SYS Quản trị hệ thống & truyền nhận,pending,,,,none,none,none,none,no,0,0
BRD-SRC-KNT-HIGH_RISK_ENTERPRISE,KNT,HIGH_RISK_ENTERPRISE,KNT-05 Giám sát doanh nghiệp rủi ro cao,in_scope,Chờ thiết kế LLD,,,draft,done,none,none,no,1,1
BRD-SRC-KNT-HUB_NOTIFICATION,KNT,HUB_NOTIFICATION,KNT - Chưa phân loại (pending),pending,,,,none,none,none,none,no,0,0
BRD-SRC-KNT-HUB_NOTIFICATION_USER,KNT,HUB_NOTIFICATION_USER,KNT - Chưa phân loại (pending),pending,,,,none,none,none,none,no,0,0
BRD-SRC-KNT-INDICATOR_MAPPING,KNT,INDICATOR_MAPPING,KNT-02 Báo cáo tài chính từ Tổng cục Thuế,pending,,,,none,none,none,none,no,0,0
BRD-SRC-KNT-INFO_REQUEST_DETAIL,KNT,INFO_REQUEST_DETAIL,KNT-07 Trao đổi yêu cầu thông tin,in_scope,Chờ thiết kế LLD,,,draft,done,none,none,no,1,1
BRD-SRC-KNT-INVOICE_DETAIL,KNT,INVOICE_DETAIL,KNT-03 Cưỡng chế nợ thuế / hóa đơn,in_scope,Chờ thiết kế LLD,,,draft,done,none,none,no,1,1
BRD-SRC-KNT-LNK_GROUP_FUNCTION,KNT,LNK_GROUP_FUNCTION,KNT-SYS Quản trị hệ thống & truyền nhận,pending,,,,none,none,none,none,no,0,0
BRD-SRC-KNT-LNK_USER_GROUP,KNT,LNK_USER_GROUP,KNT-SYS Quản trị hệ thống & truyền nhận,pending,,,,none,none,none,none,no,0,0
BRD-SRC-KNT-LOG_CREATE_DATA_SSC,KNT,LOG_CREATE_DATA_SSC,KNT - Chưa phân loại (pending),pending,,,,none,none,none,none,no,0,0
BRD-SRC-KNT-LOG_MQ,KNT,LOG_MQ,KNT-SYS Quản trị hệ thống & truyền nhận,pending,,,,none,none,none,none,no,0,0
BRD-SRC-KNT-LOG_REQUEST_SSC,KNT,LOG_REQUEST_SSC,KNT-SYS Quản trị hệ thống & truyền nhận,pending,,,,none,none,none,none,no,0,0
BRD-SRC-KNT-LOG_SEND_MOF,KNT,LOG_SEND_MOF,KNT-SYS Quản trị hệ thống & truyền nhận,pending,,,,none,none,none,none,no,0,0
BRD-SRC-KNT-MSG_PACKET,KNT,MSG_PACKET,KNT-SYS Quản trị hệ thống & truyền nhận,pending,,,,none,none,none,none,no,0,0
BRD-SRC-KNT-MSG_PACKET_CODE_SLOT,KNT,MSG_PACKET_CODE_SLOT,KNT - Chưa phân loại (pending),pending,,,,none,none,none,none,no,0,0
BRD-SRC-KNT-MSG_PACKET_CONFIG,KNT,MSG_PACKET_CONFIG,KNT-SYS Quản trị hệ thống & truyền nhận,pending,,,,none,none,none,none,no,0,0
BRD-SRC-KNT-MSG_PACKET_CONTENT,KNT,MSG_PACKET_CONTENT,KNT - Chưa phân loại (pending),pending,,,,none,none,none,none,no,0,0
BRD-SRC-KNT-MSG_PACKET_YC_TT_RESPONSE_LOG,KNT,MSG_PACKET_YC_TT_RESPONSE_LOG,KNT - Chưa phân loại (pending),pending,,,,none,none,none,none,no,0,0
BRD-SRC-KNT-PENALTY_DECISION,KNT,PENALTY_DECISION,KNT-04 Xử lý vi phạm & xử phạt,pending,,,,none,none,none,none,no,0,0
BRD-SRC-KNT-REPORT_COMPARISON,KNT,REPORT_COMPARISON,KNT-02 Báo cáo tài chính từ Tổng cục Thuế,pending,,,,none,none,none,none,no,0,0
BRD-SRC-KNT-REPORT_COMPARISON_QUEUE,KNT,REPORT_COMPARISON_QUEUE,KNT - Chưa phân loại (pending),pending,,,,none,none,none,none,no,0,0
BRD-SRC-KNT-REPORT_CYCLE,KNT,REPORT_CYCLE,KNT-02 Báo cáo tài chính từ Tổng cục Thuế,pending,,,,none,none,none,none,no,0,0
BRD-SRC-KNT-REPORT_FORM,KNT,REPORT_FORM,KNT-02 Báo cáo tài chính từ Tổng cục Thuế,pending,,,,none,none,none,none,no,0,0
BRD-SRC-KNT-REPORT_FORM_INDICATOR,KNT,REPORT_FORM_INDICATOR,KNT-02 Báo cáo tài chính từ Tổng cục Thuế,pending,,,,none,none,none,none,no,0,0
BRD-SRC-KNT-REPORT_FORM_TEMPLATE,KNT,REPORT_FORM_TEMPLATE,KNT-02 Báo cáo tài chính từ Tổng cục Thuế,pending,,,,none,none,none,none,no,0,0
BRD-SRC-KNT-REPORT_INDICATOR,KNT,REPORT_INDICATOR,KNT-02 Báo cáo tài chính từ Tổng cục Thuế,pending,,,,none,none,none,none,no,0,0
BRD-SRC-KNT-SCHEDULE_CONFIG,KNT,SCHEDULE_CONFIG,KNT-SYS Quản trị hệ thống & truyền nhận,pending,,,,none,none,none,none,no,0,0
BRD-SRC-KNT-SSC_PENALTY,KNT,SSC_PENALTY,KNT-04 Xử lý vi phạm & xử phạt,pending,,,,none,none,none,none,no,0,0
BRD-SRC-KNT-SSC_REPORT,KNT,SSC_REPORT,KNT-02 Báo cáo tài chính từ Tổng cục Thuế,pending,,,,none,none,none,none,no,0,0
BRD-SRC-KNT-SSC_REPORT_DETAIL,KNT,SSC_REPORT_DETAIL,KNT-02 Báo cáo tài chính từ Tổng cục Thuế,pending,,,,none,none,none,none,no,0,0
BRD-SRC-KNT-SUBJECT_PROFILE,KNT,SUBJECT_PROFILE,KNT-04 Xử lý vi phạm & xử phạt,pending,,,,none,none,none,none,no,0,0
BRD-SRC-KNT-SYS_AUDIT_LOG,KNT,SYS_AUDIT_LOG,KNT-SYS Quản trị hệ thống & truyền nhận,pending,,,,none,none,none,none,no,0,0
BRD-SRC-KNT-SYS_EXCHANGE_API,KNT,SYS_EXCHANGE_API,KNT - Chưa phân loại (pending),pending,,,,none,none,none,none,no,0,0
BRD-SRC-KNT-SYS_EXCHANGE_REGISTRATION,KNT,SYS_EXCHANGE_REGISTRATION,KNT - Chưa phân loại (pending),pending,,,,none,none,none,none,no,0,0
BRD-SRC-KNT-SYS_EXPORT_SCHEMA_01,KNT,SYS_EXPORT_SCHEMA_01,KNT-SYS Quản trị hệ thống & truyền nhận,pending,,,,none,none,none,none,no,0,0
BRD-SRC-KNT-SYS_EXPORT_SCHEMA_02,KNT,SYS_EXPORT_SCHEMA_02,KNT-SYS Quản trị hệ thống & truyền nhận,pending,,,,none,none,none,none,no,0,0
BRD-SRC-KNT-SYS_EXPORT_SCHEMA_03,KNT,SYS_EXPORT_SCHEMA_03,KNT-SYS Quản trị hệ thống & truyền nhận,pending,,,,none,none,none,none,no,0,0
BRD-SRC-KNT-SYS_EXPORT_SCHEMA_04,KNT,SYS_EXPORT_SCHEMA_04,KNT - Chưa phân loại (pending),pending,,,,none,none,none,none,no,0,0
BRD-SRC-KNT-SYS_FUNCTION,KNT,SYS_FUNCTION,KNT - Chưa phân loại (pending),pending,,,,none,none,none,none,no,0,0
BRD-SRC-KNT-SYS_FUNCTION_ROLE,KNT,SYS_FUNCTION_ROLE,KNT-SYS Quản trị hệ thống & truyền nhận,pending,,,,none,none,none,none,no,0,0
BRD-SRC-KNT-SYS_HENV,KNT,SYS_HENV,KNT-SYS Quản trị hệ thống & truyền nhận,pending,,,,none,none,none,none,no,0,0
BRD-SRC-KNT-SYS_PARAM,KNT,SYS_PARAM,KNT-SYS Quản trị hệ thống & truyền nhận,pending,,,,none,none,none,none,no,0,0
BRD-SRC-KNT-SYS_USER,KNT,SYS_USER,KNT-SYS Quản trị hệ thống & truyền nhận,pending,,,,none,none,none,none,no,0,0
BRD-SRC-KNT-SYS_USER_GROUP,KNT,SYS_USER_GROUP,KNT-SYS Quản trị hệ thống & truyền nhận,pending,,,,none,none,none,none,no,0,0
BRD-SRC-KNT-TAX_ENFORCEMENT_DEBT,KNT,TAX_ENFORCEMENT_DEBT,KNT-03 Cưỡng chế nợ thuế / hóa đơn,in_scope,Chờ thiết kế LLD,,,draft,done,none,none,no,1,1
BRD-SRC-KNT-TAX_ENFORCEMENT_INVOICE,KNT,TAX_ENFORCEMENT_INVOICE,KNT-03 Cưỡng chế nợ thuế / hóa đơn,in_scope,Chờ thiết kế LLD,,,draft,done,none,none,no,1,1
BRD-SRC-KNT-TAX_REGISTRATION_INFO,KNT,TAX_REGISTRATION_INFO,KNT-01 Quản lý thông tin đăng ký thuế,in_scope,Chờ thiết kế LLD,,,approved,done,none,none,no,3,3
BRD-SRC-KNT-TAX_REG_ADDRESS_TYPE,KNT,TAX_REG_ADDRESS_TYPE,KNT-01 Quản lý thông tin đăng ký thuế,out_of_scope,Chờ thiết kế LLD,,,none,none,none,none,no,0,0
BRD-SRC-KNT-TAX_REG_BUSINESS_LINE,KNT,TAX_REG_BUSINESS_LINE,KNT-01 Quản lý thông tin đăng ký thuế,in_scope,Chờ thiết kế LLD,,,none,none,none,none,no,0,0
BRD-SRC-KNT-TAX_REG_REPRESENTATIVE,KNT,TAX_REG_REPRESENTATIVE,KNT-01 Quản lý thông tin đăng ký thuế,in_scope,Chờ thiết kế LLD,,,approved,done,none,none,no,3,3
BRD-SRC-KNT-TAX_REPORT,KNT,TAX_REPORT,KNT-02 Báo cáo tài chính từ Tổng cục Thuế,in_scope,Chờ thiết kế LLD,,,draft,done,none,none,no,1,1
BRD-SRC-KNT-TAX_REPORT_DETAIL,KNT,TAX_REPORT_DETAIL,KNT-02 Báo cáo tài chính từ Tổng cục Thuế,in_scope,Chờ thiết kế LLD,,,draft,done,none,none,no,1,1
BRD-SRC-KNT-TAX_VIOLATION_HANDLING,KNT,TAX_VIOLATION_HANDLING,KNT-04 Xử lý vi phạm & xử phạt,in_scope,Chờ thiết kế LLD,,,draft,done,none,none,no,1,1
BRD-SRC-KNT-TTCS_REQUEST_TAX_CODE_CACHE,KNT,TTCS_REQUEST_TAX_CODE_CACHE,KNT - Chưa phân loại (pending),pending,,,,none,none,none,none,no,0,0
BRD-SRC-KNT-T_TRIG_Q_TEST,KNT,T_TRIG_Q_TEST,KNT - Chưa phân loại (pending),pending,,,,none,none,none,none,no,0,0
BRD-SRC-KNT-VIOLATION_ACT,KNT,VIOLATION_ACT,KNT-04 Xử lý vi phạm & xử phạt,pending,,,,none,none,none,none,no,0,0
BRD-SRC-MDDS-JAD_CORPBONDINFOR,MDDS,JAD_CORPBONDINFOR,UID-03 Trái phiếu doanh nghiệp,in_scope,,,,draft,done,none,none,no,1,1
BRD-SRC-MDDS-JAD_CSIDXINFOR,MDDS,JAD_CSIDXINFOR,UID-01 Thị trường và chỉ số tổng hợp,in_scope,,,,draft,done,none,none,no,1,1
BRD-SRC-MDDS-JAD_MARKETINFOR,MDDS,JAD_MARKETINFOR,UID-01 Thị trường và chỉ số tổng hợp,in_scope,,,,draft,done,none,none,no,1,1
BRD-SRC-MDDS-JAD_STOCKINFOR,MDDS,JAD_STOCKINFOR,UID-02 Bảng giá chứng khoán và khớp lệnh,in_scope,,,,draft,done,none,none,no,1,1
BRD-SRC-MDDS-JAD_TRANSLOG,MDDS,JAD_TRANSLOG,UID-02 Bảng giá chứng khoán và khớp lệnh,in_scope,,,,draft,done,none,none,no,1,1
BRD-SRC-MRMS-BATCH_JOB_EXECUTION,MRMS,BATCH_JOB_EXECUTION,MRMS010 Bảng kỹ thuật hệ thống,pending,,,,none,none,none,none,no,0,0
BRD-SRC-MRMS-BATCH_JOB_EXECUTION_CONTEXT,MRMS,BATCH_JOB_EXECUTION_CONTEXT,MRMS010 Bảng kỹ thuật hệ thống,pending,,,,none,none,none,none,no,0,0
BRD-SRC-MRMS-BATCH_JOB_EXECUTION_PARAMS,MRMS,BATCH_JOB_EXECUTION_PARAMS,MRMS010 Bảng kỹ thuật hệ thống,pending,,,,none,none,none,none,no,0,0
BRD-SRC-MRMS-BATCH_JOB_INSTANCE,MRMS,BATCH_JOB_INSTANCE,MRMS010 Bảng kỹ thuật hệ thống,pending,,,,none,none,none,none,no,0,0
BRD-SRC-MRMS-BATCH_STEP_EXECUTION,MRMS,BATCH_STEP_EXECUTION,MRMS010 Bảng kỹ thuật hệ thống,pending,,,,none,none,none,none,no,0,0
BRD-SRC-MRMS-BATCH_STEP_EXECUTION_CONTEXT,MRMS,BATCH_STEP_EXECUTION_CONTEXT,MRMS010 Bảng kỹ thuật hệ thống,pending,,,,none,none,none,none,no,0,0
BRD-SRC-MRMS-DATABASECHANGELOG,MRMS,DATABASECHANGELOG,MRMS010 Bảng kỹ thuật hệ thống,pending,,,,none,none,none,none,no,0,0
BRD-SRC-MRMS-DATABASECHANGELOGLOCK,MRMS,DATABASECHANGELOGLOCK,MRMS010 Bảng kỹ thuật hệ thống,pending,,,,none,none,none,none,no,0,0
BRD-SRC-MRMS-EXPORT_FILE,MRMS,EXPORT_FILE,MRMS010 Bảng kỹ thuật hệ thống,pending,,,,none,none,none,none,no,0,0
BRD-SRC-MRMS-PERMISSION_GROUP,MRMS,PERMISSION_GROUP,MRMS006 Khai thác Phân quyền dữ liệu,out_of_scope,Operational/system data — phân quyền tầng ứng dụng,,,none,none,none,none,no,0,0
BRD-SRC-MRMS-PERMISSION_GROUP_INDICATOR,MRMS,PERMISSION_GROUP_INDICATOR,MRMS006 Khai thác Phân quyền dữ liệu,out_of_scope,Operational/system data — phân quyền tầng ứng dụng,,,none,none,none,none,no,0,0
BRD-SRC-MRMS-PERMISSION_GROUP_USER,MRMS,PERMISSION_GROUP_USER,MRMS006 Khai thác Phân quyền dữ liệu,out_of_scope,Operational/system data — phân quyền tầng ứng dụng,,,none,none,none,none,no,0,0
BRD-SRC-MRMS-QRTZ_BLOB_TRIGGERS,MRMS,QRTZ_BLOB_TRIGGERS,MRMS010 Bảng kỹ thuật hệ thống,pending,,,,none,none,none,none,no,0,0
BRD-SRC-MRMS-QRTZ_CALENDARS,MRMS,QRTZ_CALENDARS,MRMS010 Bảng kỹ thuật hệ thống,pending,,,,none,none,none,none,no,0,0
BRD-SRC-MRMS-QRTZ_CRON_TRIGGERS,MRMS,QRTZ_CRON_TRIGGERS,MRMS010 Bảng kỹ thuật hệ thống,pending,,,,none,none,none,none,no,0,0
BRD-SRC-MRMS-QRTZ_FIRED_TRIGGERS,MRMS,QRTZ_FIRED_TRIGGERS,MRMS010 Bảng kỹ thuật hệ thống,pending,,,,none,none,none,none,no,0,0
BRD-SRC-MRMS-QRTZ_JOB_DETAILS,MRMS,QRTZ_JOB_DETAILS,MRMS010 Bảng kỹ thuật hệ thống,pending,,,,none,none,none,none,no,0,0
BRD-SRC-MRMS-QRTZ_LOCKS,MRMS,QRTZ_LOCKS,MRMS010 Bảng kỹ thuật hệ thống,pending,,,,none,none,none,none,no,0,0
BRD-SRC-MRMS-QRTZ_PAUSED_TRIGGER_GRPS,MRMS,QRTZ_PAUSED_TRIGGER_GRPS,MRMS010 Bảng kỹ thuật hệ thống,pending,,,,none,none,none,none,no,0,0
BRD-SRC-MRMS-QRTZ_SCHEDULER_STATE,MRMS,QRTZ_SCHEDULER_STATE,MRMS010 Bảng kỹ thuật hệ thống,pending,,,,none,none,none,none,no,0,0
BRD-SRC-MRMS-QRTZ_SIMPLE_TRIGGERS,MRMS,QRTZ_SIMPLE_TRIGGERS,MRMS010 Bảng kỹ thuật hệ thống,pending,,,,none,none,none,none,no,0,0
BRD-SRC-MRMS-QRTZ_SIMPROP_TRIGGERS,MRMS,QRTZ_SIMPROP_TRIGGERS,MRMS010 Bảng kỹ thuật hệ thống,pending,,,,none,none,none,none,no,0,0
BRD-SRC-MRMS-QRTZ_TRIGGERS,MRMS,QRTZ_TRIGGERS,MRMS010 Bảng kỹ thuật hệ thống,pending,,,,none,none,none,none,no,0,0
BRD-SRC-MRMS-RISK_ALERT,MRMS,RISK_ALERT,MRMS005 Quản lý Cảnh báo,in_scope,,,,none,none,none,none,no,0,0
BRD-SRC-MRMS-RISK_ALERT_CONFIG,MRMS,RISK_ALERT_CONFIG,MRMS005 Quản lý Cảnh báo,in_scope,,,,none,none,none,none,no,0,0
BRD-SRC-MRMS-RISK_ALERT_HISTORY,MRMS,RISK_ALERT_HISTORY,MRMS005 Quản lý Cảnh báo,in_scope,,,,none,none,none,none,no,0,0
BRD-SRC-MRMS-RISK_ALERT_RESOLUTION,MRMS,RISK_ALERT_RESOLUTION,MRMS005 Quản lý Cảnh báo,in_scope,,,,none,none,none,none,no,0,0
BRD-SRC-MRMS-RISK_ALERT_RESOLUTION_FILE,MRMS,RISK_ALERT_RESOLUTION_FILE,MRMS005 Quản lý Cảnh báo,in_scope,,,,none,none,none,none,no,0,0
BRD-SRC-MRMS-RISK_INDICATOR,MRMS,RISK_INDICATOR,MRMS001/003/004 Khai thác Dashboard và Chỉ tiêu tài chính,in_scope,,,,draft,none,none,none,no,1,0
BRD-SRC-MRMS-RISK_INDICATOR_CATEGORY,MRMS,RISK_INDICATOR_CATEGORY,MRMS001/003/004 Khai thác Dashboard và Chỉ tiêu tài chính,in_scope,,,,draft,none,none,none,no,1,0
BRD-SRC-MRMS-RISK_INDICATOR_CUSTOM,MRMS,RISK_INDICATOR_CUSTOM,MRMS003/004 Khai thác Chỉ tiêu tài chính,in_scope,,,,none,none,none,none,no,0,0
BRD-SRC-MRMS-RISK_INDICATOR_DATA_PERMISSION,MRMS,RISK_INDICATOR_DATA_PERMISSION,MRMS006 Khai thác Phân quyền dữ liệu,pending,,,,none,none,none,none,no,0,0
BRD-SRC-MRMS-RISK_INDICATOR_SCHEDULE,MRMS,RISK_INDICATOR_SCHEDULE,MRMS007 Quản lý tích hợp,in_scope,,,,none,none,none,none,no,0,0
BRD-SRC-MRMS-RISK_INDICATOR_VALUE,MRMS,RISK_INDICATOR_VALUE,MRMS001/003/004 Khai thác Dashboard và Chỉ tiêu tài chính,in_scope,,,,draft,none,none,none,no,1,0
BRD-SRC-MRMS-RISK_INDICATOR_VALUE_HISTORY,MRMS,RISK_INDICATOR_VALUE_HISTORY,MRMS001/003/004 Khai thác Dashboard và Chỉ tiêu tài chính,in_scope,,,,none,none,none,none,no,0,0
BRD-SRC-MRMS-RISK_MARKET_REPORT,MRMS,RISK_MARKET_REPORT,MRMS008 Quản lý Báo cáo thị trường,pending,,,,none,none,none,none,no,0,0
BRD-SRC-MRMS-RISK_MARKET_REPORT_FILE,MRMS,RISK_MARKET_REPORT_FILE,MRMS008 Quản lý Báo cáo thị trường,pending,,,,none,none,none,none,no,0,0
BRD-SRC-MRMS-RISK_MARKET_REPORT_TYPE,MRMS,RISK_MARKET_REPORT_TYPE,MRMS008 Quản lý Báo cáo thị trường,pending,,,,none,none,none,none,no,0,0
BRD-SRC-MRMS-RISK_NOTIFICATION,MRMS,RISK_NOTIFICATION,MRMS005 Quản lý Cảnh báo,in_scope,,,,none,none,none,none,no,0,0
BRD-SRC-MRMS-RISK_REPORT_FILE,MRMS,RISK_REPORT_FILE,MRMS002 Khai thác Báo cáo,in_scope,,,,none,none,none,none,no,0,0
BRD-SRC-MRMS-RISK_REPORT_TYPE,MRMS,RISK_REPORT_TYPE,MRMS002 Khai thác Báo cáo,in_scope,,,,none,none,none,none,no,0,0
BRD-SRC-MRMS-RISK_REPORT_UPLOAD_BATCH,MRMS,RISK_REPORT_UPLOAD_BATCH,MRMS002 Khai thác Báo cáo,in_scope,,,,none,none,none,none,no,0,0
BRD-SRC-MRMS-USER_TABLE_CONFIG,MRMS,USER_TABLE_CONFIG,MRMS009 Cấu hình giao diện người dùng,pending,,,,none,none,none,none,no,0,0
BRD-SRC-NHNCK-ACTION_LOGS,NHNCK,ACTION_LOGS,UID01 Quản trị phân hệ,out_of_scope,System audit log,,,none,none,none,none,no,0,0
BRD-SRC-NHNCK-APPLICATIONS,NHNCK,APPLICATIONS,UID03 Quản lý hồ sơ,in_scope,,,,draft,done,none,none,no,1,1
BRD-SRC-NHNCK-APPLICATION_ARCHIVES,NHNCK,APPLICATION_ARCHIVES,UID03 Quản lý hồ sơ,out_of_scope,Physical archive metadata,,,none,none,none,none,no,0,0
BRD-SRC-NHNCK-APPLICATION_DECISIONS,NHNCK,APPLICATION_DECISIONS,UID03 Quản lý hồ sơ,out_of_scope,,,,none,none,none,none,no,0,0
BRD-SRC-NHNCK-APPLICATION_DOCUMENTS,NHNCK,APPLICATION_DOCUMENTS,UID03 Quản lý hồ sơ,out_of_scope,,,,none,none,none,none,no,0,0
BRD-SRC-NHNCK-APPLICATION_DOCUMENT_HISTORIES,NHNCK,APPLICATION_DOCUMENT_HISTORIES,UID03 Quản lý hồ sơ,out_of_scope,,,,none,none,none,none,no,0,0
BRD-SRC-NHNCK-APPLICATION_EXPERIENCES,NHNCK,APPLICATION_EXPERIENCES,UID03 Quản lý hồ sơ,out_of_scope,Quyết định Data Modeler (2026-08-13) — loại khỏi thiết kế Atomic 3NF do không còn nhu cầu model hóa riêng entity này ở tầng Atomic; vẫn còn nhu cầu khai thác nghiệp vụ nên sẽ đánh giá lại hướng thiết kế khác sau.,,,none,none,none,none,no,0,0
BRD-SRC-NHNCK-APPLICATION_FEES,NHNCK,APPLICATION_FEES,UID03 Quản lý hồ sơ,in_scope,,,,approved,done,none,none,no,1,1
BRD-SRC-NHNCK-APPLICATION_GROUPS,NHNCK,APPLICATION_GROUPS,UID03 Quản lý hồ sơ,in_scope,"Quyết định Data Modeler (2026-08-13) — đảo lại quyết định out_of_scope trước đó (Batch Processing); GROUP_NAME/GROUP_CREATED_DATE/GROUP_COMPLETED_DATE/APPLICATION_COUNT/APPLICATION_TYPE/SUBMITED_DATE là attribute nghiệp vụ riêng của nhóm, không suy ra được từ DECISIONS/APPLICATIONS → đủ điều kiện entity [Group] Group.",,,none,none,none,none,no,0,0
BRD-SRC-NHNCK-APPLICATION_GROUP_MEMBERS,NHNCK,APPLICATION_GROUP_MEMBERS,UID03 Quản lý hồ sơ,in_scope,Quyết định Data Modeler (2026-08-13) — đảo lại quyết định out_of_scope trước đó (Batch Processing); STATUS/NOTES/ORDER_INDEX là attribute nghiệp vụ riêng của quan hệ thành viên → đủ điều kiện entity [Group] Group Member.,,,none,none,none,none,no,0,0
BRD-SRC-NHNCK-APPLICATION_HISTORIES,NHNCK,APPLICATION_HISTORIES,UID03 Quản lý hồ sơ,out_of_scope,,,,none,none,none,none,no,0,0
BRD-SRC-NHNCK-APPLICATION_LOGS,NHNCK,APPLICATION_LOGS,UID03 Quản lý hồ sơ,out_of_scope,Operational audit log,,,none,none,none,none,no,0,0
BRD-SRC-NHNCK-APPLICATION_PROFESSIONALS,NHNCK,APPLICATION_PROFESSIONALS,UID03 Quản lý hồ sơ,out_of_scope,Quyết định Data Modeler (2026-08-13) — loại khỏi thiết kế Atomic 3NF do không còn nhu cầu model hóa riêng entity này ở tầng Atomic; vẫn còn nhu cầu khai thác nghiệp vụ nên sẽ đánh giá lại hướng thiết kế khác sau.,,,none,none,none,none,no,0,0
BRD-SRC-NHNCK-APPLICATION_RE_EXAMS,NHNCK,APPLICATION_RE_EXAMS,UID03 Quản lý hồ sơ,in_scope,,,,approved,done,none,none,no,1,1
BRD-SRC-NHNCK-APPLICATION_SOURCES,NHNCK,APPLICATION_SOURCES,UID02 Quản lý danh mục dùng riêng,in_scope,"Map vào Classification Value (scheme APPLICATION_SOURCE), 2026-08-20",,,none,none,none,none,no,0,0
BRD-SRC-NHNCK-APPLICATION_SPECIALIZATIONS,NHNCK,APPLICATION_SPECIALIZATIONS,UID03 Quản lý hồ sơ,in_scope,,,,draft,done,none,none,no,1,1
BRD-SRC-NHNCK-APPLICATION_STATUSES,NHNCK,APPLICATION_STATUSES,UID02 Quản lý danh mục dùng riêng,in_scope,"Map vào Classification Value (scheme APPLICATION_STATUS), revert từ Atomic entity thật 2026-08-20",,,none,done,none,none,no,0,1
BRD-SRC-NHNCK-APPLICATION_SUPPLEMENTS,NHNCK,APPLICATION_SUPPLEMENTS,UID03 Quản lý hồ sơ,out_of_scope,,,,none,none,none,none,no,0,0
BRD-SRC-NHNCK-AUTO_INCREMENT_CODES,NHNCK,AUTO_INCREMENT_CODES,UID01 Quản trị phân hệ,out_of_scope,Sequence/counter table,,,none,none,none,none,no,0,0
BRD-SRC-NHNCK-BACKUPS,NHNCK,BACKUPS,UID01 Quản trị phân hệ,out_of_scope,Operational/system data,,,none,none,none,none,no,0,0
BRD-SRC-NHNCK-BACKUP_SCHEDULES,NHNCK,BACKUP_SCHEDULES,UID01 Quản trị phân hệ,out_of_scope,Operational/system data,,,none,none,none,none,no,0,0
BRD-SRC-NHNCK-BANKS,NHNCK,BANKS,UID02 Quản lý danh mục dùng riêng,out_of_scope,,,,none,none,none,none,no,0,0
BRD-SRC-NHNCK-CERTIFICATES,NHNCK,CERTIFICATES,UID02 Quản lý danh mục dùng riêng,in_scope,,,,approved,done,none,none,no,1,1
BRD-SRC-NHNCK-CERTIFICATE_ARCHIVES,NHNCK,CERTIFICATE_ARCHIVES,UID05 Quản lý chứng chỉ hành nghề,out_of_scope,Physical archive metadata,,,none,none,none,none,no,0,0
BRD-SRC-NHNCK-CERTIFICATE_CONVERSION_REQUESTS,NHNCK,CERTIFICATE_CONVERSION_REQUESTS,UID05 Quản lý chứng chỉ hành nghề,out_of_scope,Operational/migration data,,,none,none,none,none,no,0,0
BRD-SRC-NHNCK-CERTIFICATE_CONVERSION_REQUEST_LOGS,NHNCK,CERTIFICATE_CONVERSION_REQUEST_LOGS,TBD - cần xác định nhóm chức năng,pending,,,,none,none,none,none,no,0,0
BRD-SRC-NHNCK-CERTIFICATE_DEPARTMENTS,NHNCK,CERTIFICATE_DEPARTMENTS,UID02 Quản lý danh mục dùng riêng,in_scope,,,,none,none,none,none,no,0,0
BRD-SRC-NHNCK-CERTIFICATE_DOCUMENTS,NHNCK,CERTIFICATE_DOCUMENTS,UID02 Quản lý danh mục dùng riêng,out_of_scope,Application config,,,none,none,none,none,no,0,0
BRD-SRC-NHNCK-CERTIFICATE_NUMBER_TEMPLATES,NHNCK,CERTIFICATE_NUMBER_TEMPLATES,UID02 Quản lý danh mục dùng riêng,out_of_scope,Config/template data,,,none,none,none,none,no,0,0
BRD-SRC-NHNCK-CERTIFICATE_RECORDS,NHNCK,CERTIFICATE_RECORDS,UID05 Quản lý chứng chỉ hành nghề,in_scope,,,,approved,done,none,none,no,1,1
BRD-SRC-NHNCK-CERTIFICATE_RECORD_GROUPS,NHNCK,CERTIFICATE_RECORD_GROUPS,UID05 Quản lý chứng chỉ hành nghề,in_scope,"Quyết định Data Modeler (2026-08-13) — đảo lại quyết định out_of_scope trước đó (Batch Processing); GROUP_NAME/GROUP_CREATED_DATE/GROUP_COMPLETED_DATE/CERTIFICATE_RECORD_COUNT là attribute nghiệp vụ riêng của nhóm, không suy ra được từ DECISIONS/CERTIFICATE_RECORDS → đủ điều kiện entity [Group] Group.",,,none,none,none,none,no,0,0
BRD-SRC-NHNCK-CERTIFICATE_RECORD_GROUP_MEMBERS,NHNCK,CERTIFICATE_RECORD_GROUP_MEMBERS,UID05 Quản lý chứng chỉ hành nghề,in_scope,"Quyết định Data Modeler (2026-08-13) — đảo lại quyết định out_of_scope trước đó (Batch Processing); REVOCATION_REASON/IS_REISSUE/ADDED_DATE/ADDED_BY là attribute nghiệp vụ riêng của quan hệ thành viên, không thuộc về CERTIFICATE_RECORDS → đủ điều kiện entity [Group] Group Member.",,,none,none,none,none,no,0,0
BRD-SRC-NHNCK-CERTIFICATE_RECORD_LOGS,NHNCK,CERTIFICATE_RECORD_LOGS,UID05 Quản lý chứng chỉ hành nghề,out_of_scope,,,,none,none,none,none,no,0,0
BRD-SRC-NHNCK-CERTIFICATE_RECORD_STATUS_HISTORIES,NHNCK,CERTIFICATE_RECORD_STATUS_HISTORIES,UID05 Quản lý chứng chỉ hành nghề,in_scope,,,,draft,done,none,none,no,1,1
BRD-SRC-NHNCK-CERTIFICATE_SPECIALIZATIONS,NHNCK,CERTIFICATE_SPECIALIZATIONS,UID02 Quản lý danh mục dùng riêng,in_scope,,,,none,none,none,none,no,0,0
BRD-SRC-NHNCK-COUNTRIES,NHNCK,COUNTRIES,UID02 Quản lý danh mục dùng riêng,in_scope,"Không thiết kế Atomic entity riêng (dữ liệu địa giới/quốc tịch chuẩn hóa tại ECAT), nhưng ETL vẫn crosswalk bảng này để lấy Code khi hash geographic_area — xem comment FK trong lld_NHNCK_PROFESSIONALS(_IP_Postal_Address)/APPLICATION_PROFESSIONALS/PROFESSIONAL_RELATIONSHIPS/SPECIALIZATION_COURSE_DETAILS.yaml và entity_ip_postal_address.yaml. Đánh in_scope vì có bị ETL đọc tới (2026-07-31).",,,none,none,none,none,no,0,0
BRD-SRC-NHNCK-DECISIONS,NHNCK,DECISIONS,UID02 Quản lý danh mục dùng riêng,in_scope,,,,approved,done,none,none,no,1,1
BRD-SRC-NHNCK-DECISION_DOCUMENTS,NHNCK,DECISION_DOCUMENTS,UID02 Quản lý danh mục dùng riêng,in_scope,"Quyết định Data Modeler (2026-08-13) — đảo lại quyết định out_of_scope trước đó (Sub-process); có DECISION_NUMBER/POSITION/SIGNED_BY/SIGNED_DATE — không chỉ là con trỏ file thuần (khác điều kiện loại trừ ""File Attachment"") → đủ điều kiện entity Documentation.",,,none,none,none,none,no,0,0
BRD-SRC-NHNCK-DEPARTMENTS,NHNCK,DEPARTMENTS,UID01 Quản trị phân hệ,in_scope,,,,approved,done,none,none,no,1,1
BRD-SRC-NHNCK-DEPARTMENT_ACCESS,NHNCK,DEPARTMENT_ACCESS,UID01 Quản trị phân hệ,out_of_scope,Operational/system data,,,none,none,none,none,no,0,0
BRD-SRC-NHNCK-DIGITAL_CERTIFICATES,NHNCK,DIGITAL_CERTIFICATES,UID01 Quản trị phân hệ,out_of_scope,Operational/PKI data,,,none,none,none,none,no,0,0
BRD-SRC-NHNCK-DIGITAL_CERTIFICATE_USERS,NHNCK,DIGITAL_CERTIFICATE_USERS,UID01 Quản trị phân hệ,out_of_scope,Operational/PKI data,,,none,none,none,none,no,0,0
BRD-SRC-NHNCK-DISTRICTS,NHNCK,DISTRICTS,UID02 Quản lý danh mục dùng riêng,in_scope,"Không thiết kế Atomic entity riêng (dữ liệu địa giới chuẩn hóa tại ECAT), nhưng ETL vẫn crosswalk bảng này để lấy Code khi hash geographic_area_old — xem comment FK trong lld_NHNCK_PROFESSIONALS(_IP_Postal_Address)/APPLICATION_PROFESSIONALS/SPECIALIZATION_COURSE_DETAILS.yaml và entity_ip_postal_address.yaml. Đánh in_scope vì có bị ETL đọc tới (2026-07-31).",,,none,none,none,none,no,0,0
BRD-SRC-NHNCK-DOCUMENTS,NHNCK,DOCUMENTS,UID02 Quản lý danh mục dùng riêng,in_scope,"Map vào Classification Value (scheme DOCUMENT_TYPE), revert từ Atomic entity thật 2026-08-20",,,none,done,none,none,no,0,1
BRD-SRC-NHNCK-DOCUMENT_SIGN_LOGS,NHNCK,DOCUMENT_SIGN_LOGS,UID01 Quản trị phân hệ,out_of_scope,Operational log,,,none,none,none,none,no,0,0
BRD-SRC-NHNCK-EDUCATION_LEVELS,NHNCK,EDUCATION_LEVELS,UID02 Quản lý danh mục dùng riêng,out_of_scope,,,,none,none,none,none,no,0,0
BRD-SRC-NHNCK-EMAIL_LOGS,NHNCK,EMAIL_LOGS,UID01 Quản trị phân hệ,out_of_scope,Operational log,,,none,none,none,none,no,0,0
BRD-SRC-NHNCK-EXAM_DETAILS,NHNCK,EXAM_DETAILS,UID04 Quản lý thi sát hạch,in_scope,,,,approved,done,none,none,no,1,1
BRD-SRC-NHNCK-EXAM_SESSIONS,NHNCK,EXAM_SESSIONS,UID04 Quản lý thi sát hạch,in_scope,,,,approved,done,none,none,no,1,1
BRD-SRC-NHNCK-EXAM_SESSION_FEES,NHNCK,EXAM_SESSION_FEES,UID04 Quản lý thi sát hạch,in_scope,,,,approved,done,none,none,no,1,1
BRD-SRC-NHNCK-FORMS,NHNCK,FORMS,UID02 Quản lý danh mục dùng riêng,out_of_scope,,,,none,none,none,none,no,0,0
BRD-SRC-NHNCK-IDENTITY_INFO_C06S,NHNCK,IDENTITY_INFO_C06S,UID03 Quản lý hồ sơ,in_scope,,,,approved,done,none,none,no,3,3
BRD-SRC-NHNCK-LEGAL_DOCUMENTS,NHNCK,LEGAL_DOCUMENTS,UID02 Quản lý danh mục dùng riêng,out_of_scope,,,,none,none,none,none,no,0,0
BRD-SRC-NHNCK-NOTIFICATIONS,NHNCK,NOTIFICATIONS,UID01 Quản trị phân hệ,out_of_scope,Operational/notification data,,,none,none,none,none,no,0,0
BRD-SRC-NHNCK-NOTIFICATION_CONFIGURATIONS,NHNCK,NOTIFICATION_CONFIGURATIONS,UID01 Quản trị phân hệ,out_of_scope,Application config,,,none,none,none,none,no,0,0
BRD-SRC-NHNCK-ORGANIZATIONS,NHNCK,ORGANIZATIONS,UID02 Quản lý danh mục dùng riêng,in_scope,,,,approved,done,none,none,no,3,3
BRD-SRC-NHNCK-ORGANIZATION_REPORTS,NHNCK,ORGANIZATION_REPORTS,UID06 Quản lý người hành nghề chứng khoán,in_scope,,,,approved,done,none,none,no,1,1
BRD-SRC-NHNCK-ORGANIZATION_REPORT_LOG_SYNCS,NHNCK,ORGANIZATION_REPORT_LOG_SYNCS,UID06 Quản lý người hành nghề chứng khoán,out_of_scope,Quyết định Data Modeler (2026-08-14) — hủy thiết kế (đảo lại quyết định in_scope 2026-08-13). Trở về out_of_scope ban đầu (Operational log).,,,none,none,none,none,no,0,0
BRD-SRC-NHNCK-ORGANIZATION_REPORT_YEARLYS,NHNCK,ORGANIZATION_REPORT_YEARLYS,UID06 Quản lý người hành nghề chứng khoán,in_scope,"Quyết định Data Modeler (2026-08-13) — đảo lại quyết định out_of_scope trước đó (""cần khảo sát thêm""); cấu trúc cột đủ để xác định là entity container báo cáo năm độc lập (NAME/SUBMISSION_DATE/YEAR/TYPE/FILE_PATH/STATUS) → đủ điều kiện entity Documentation ([Documentation] Employer Registration).",,,none,none,none,none,no,0,0
BRD-SRC-NHNCK-PERMISSIONS,NHNCK,PERMISSIONS,UID01 Quản trị phân hệ,out_of_scope,Operational/system data,,,none,none,none,none,no,0,0
BRD-SRC-NHNCK-PERMISSION_ROLES,NHNCK,PERMISSION_ROLES,UID01 Quản trị phân hệ,out_of_scope,Operational/system data,,,none,none,none,none,no,0,0
BRD-SRC-NHNCK-POSITIONS,NHNCK,POSITIONS,UID01 Quản trị phân hệ,out_of_scope,,,,none,none,none,none,no,0,0
BRD-SRC-NHNCK-POST_CERT_TRAINING_COURSES,NHNCK,POST_CERT_TRAINING_COURSES,UID10 Đào tạo sau chứng chỉ hành nghề,in_scope,,,,draft,done,none,none,no,1,1
BRD-SRC-NHNCK-POST_CERT_TRAINING_RESULTS,NHNCK,POST_CERT_TRAINING_RESULTS,UID10 Đào tạo sau chứng chỉ hành nghề,in_scope,,,,draft,done,none,none,no,1,1
BRD-SRC-NHNCK-PROCEDURES,NHNCK,PROCEDURES,UID02 Quản lý danh mục dùng riêng,out_of_scope,Application config,,,none,none,none,none,no,0,0
BRD-SRC-NHNCK-PROCEDURE_DOCUMENTS,NHNCK,PROCEDURE_DOCUMENTS,UID02 Quản lý danh mục dùng riêng,out_of_scope,Application config,,,none,none,none,none,no,0,0
BRD-SRC-NHNCK-PROCEDURE_FORMS,NHNCK,PROCEDURE_FORMS,UID02 Quản lý danh mục dùng riêng,out_of_scope,Application config,,,none,none,none,none,no,0,0
BRD-SRC-NHNCK-PROFESSIONALS,NHNCK,PROFESSIONALS,UID06 Quản lý người hành nghề chứng khoán,in_scope,,,,approved,done,none,none,no,4,4
BRD-SRC-NHNCK-PROFESSIONAL_HISTORIES,NHNCK,PROFESSIONAL_HISTORIES,UID06 Quản lý người hành nghề chứng khoán,in_scope,,,,draft,done,none,none,no,1,1
BRD-SRC-NHNCK-PROFESSIONAL_RELATIONSHIPS,NHNCK,PROFESSIONAL_RELATIONSHIPS,UID06 Quản lý người hành nghề chứng khoán,in_scope,,,,approved,done,none,none,no,1,1
BRD-SRC-NHNCK-PROFESSIONAL_TRAININGS,NHNCK,PROFESSIONAL_TRAININGS,UID06 Quản lý người hành nghề chứng khoán,out_of_scope,Quyết định Data Modeler (2026-08-13) — loại khỏi thiết kế Atomic 3NF do không còn nhu cầu model hóa riêng entity này ở tầng Atomic; vẫn còn nhu cầu khai thác nghiệp vụ nên sẽ đánh giá lại hướng thiết kế khác sau.,,,none,none,none,none,no,0,0
BRD-SRC-NHNCK-PROFESSIONAL_WORK_HISTORIES,NHNCK,PROFESSIONAL_WORK_HISTORIES,UID06 Quản lý người hành nghề chứng khoán,in_scope,,,,approved,done,none,none,no,1,1
BRD-SRC-NHNCK-PROVINCES,NHNCK,PROVINCES,UID02 Quản lý danh mục dùng riêng,in_scope,"Không thiết kế Atomic entity riêng (dữ liệu địa giới chuẩn hóa tại ECAT), nhưng ETL vẫn crosswalk bảng này để lấy Code khi hash geographic_area — xem comment FK trong lld_NHNCK_PROFESSIONALS(_IP_Postal_Address)/APPLICATION_PROFESSIONALS/SPECIALIZATION_COURSES/SPECIALIZATION_COURSE_DETAILS.yaml và entity_ip_postal_address.yaml. Đánh in_scope vì có bị ETL đọc tới (2026-07-31).",,,none,none,none,none,no,0,0
BRD-SRC-NHNCK-REPORT_TEMPLATES,NHNCK,REPORT_TEMPLATES,TBD - cần xác định nhóm chức năng,pending,,,,none,none,none,none,no,0,0
BRD-SRC-NHNCK-ROLES,NHNCK,ROLES,UID01 Quản trị phân hệ,out_of_scope,Operational/system data,,,none,none,none,none,no,0,0
BRD-SRC-NHNCK-SEND_AND_RECIEVE_LOGS,NHNCK,SEND_AND_RECIEVE_LOGS,UID01 Quản trị phân hệ,out_of_scope,Operational log,,,none,none,none,none,no,0,0
BRD-SRC-NHNCK-SIGNATURE_LOGS,NHNCK,SIGNATURE_LOGS,UID01 Quản trị phân hệ,out_of_scope,Operational log,,,none,none,none,none,no,0,0
BRD-SRC-NHNCK-SMS_LOGS,NHNCK,SMS_LOGS,UID01 Quản trị phân hệ,out_of_scope,Operational log,,,none,none,none,none,no,0,0
BRD-SRC-NHNCK-SPECIALIZATIONS,NHNCK,SPECIALIZATIONS,UID02 Quản lý danh mục dùng riêng,in_scope,"Map vào Classification Value (scheme SPECIALIZATION), revert từ Atomic entity thật 2026-08-20",,,none,done,none,none,no,0,1
BRD-SRC-NHNCK-SPECIALIZATION_COURSES,NHNCK,SPECIALIZATION_COURSES,UID04/UID10 Quản lý thi sát hạch và đào tạo tập huấn,in_scope,,,,draft,done,none,none,no,1,1
BRD-SRC-NHNCK-SPECIALIZATION_COURSE_DETAILS,NHNCK,SPECIALIZATION_COURSE_DETAILS,UID04/UID10 Quản lý thi sát hạch và đào tạo tập huấn,in_scope,,,,draft,done,none,none,no,1,1
BRD-SRC-NHNCK-SYSTEM_PARAMETERS,NHNCK,SYSTEM_PARAMETERS,UID01 Quản trị phân hệ,out_of_scope,Config data,,,none,none,none,none,no,0,0
BRD-SRC-NHNCK-UNITS,NHNCK,UNITS,UID01 Quản trị phân hệ,in_scope,,,,approved,done,none,none,no,3,3
BRD-SRC-NHNCK-USERS,NHNCK,USERS,UID01 Quản trị phân hệ,out_of_scope,"Quyết định Data Modeler — không thiết kế Atomic entity riêng cho NHNCK.USERS. Định hướng dùng chung entity Identity and Access Management User (nguồn IAM.USERS) cho mọi FK ""officer/user"" trong hệ thống.",,,none,none,none,none,no,0,0
BRD-SRC-NHNCK-USER_ROLES,NHNCK,USER_ROLES,UID01 Quản trị phân hệ,out_of_scope,Operational/system data,,,none,none,none,none,no,0,0
BRD-SRC-NHNCK-VERIFY_APPLICATION_STATUSES,NHNCK,VERIFY_APPLICATION_STATUSES,UID03 Quản lý hồ sơ,in_scope,"Quyết định Data Modeler (2026-08-13) — đảo lại quyết định out_of_scope trước đó (Source Process Log); có cấu trúc trường tường minh (Status Id/Prev Status Id + 4 trường lý do theo cấp xét duyệt), không phải audit log generic FieldName/OldValue/NewValue → đủ điều kiện Business Activity Status Review.",,,none,none,none,none,no,0,0
BRD-SRC-NHNCK-VERIFY_CERTIFICATE_CONVERSION_STATUSES,NHNCK,VERIFY_CERTIFICATE_CONVERSION_STATUSES,UID05 Quản lý chứng chỉ hành nghề,pending,,,,none,none,none,none,no,0,0
BRD-SRC-NHNCK-VIOLATIONS,NHNCK,VIOLATIONS,UID06 Quản lý người hành nghề chứng khoán,in_scope,,,,draft,done,none,none,no,1,1
BRD-SRC-ORDERTRADE-ORDER_BOOK_HNX,ORDERTRADE,ORDER_BOOK_HNX,UID-01 Lệnh giao dịch (Order Lifecycle),in_scope,,,,approved,done,none,none,no,1,1
BRD-SRC-ORDERTRADE-ORDER_BOOK_HOSE,ORDERTRADE,ORDER_BOOK_HOSE,UID-01 Lệnh giao dịch (Order Lifecycle),in_scope,,,,approved,done,none,none,no,1,1
BRD-SRC-ORDERTRADE-TRADE_BOOK_HNX,ORDERTRADE,TRADE_BOOK_HNX,UID-02 Khớp lệnh (Trade Execution),in_scope,,,,approved,done,none,none,no,1,1
BRD-SRC-ORDERTRADE-TRADE_BOOK_HOSE,ORDERTRADE,TRADE_BOOK_HOSE,UID-02 Khớp lệnh (Trade Execution),in_scope,,,,approved,done,none,none,no,1,1
BRD-SRC-SCMS-ALERT_FINANCIAL_INDICATOR,SCMS,ALERT_FINANCIAL_INDICATOR,Cảnh báo vi phạm,in_scope,,,,none,none,none,none,no,0,0
BRD-SRC-SCMS-ALERT_INDICATOR,SCMS,ALERT_INDICATOR,Cảnh báo vi phạm,in_scope,,,,draft,done,none,none,no,1,1
BRD-SRC-SCMS-ALERT_INDICATOR_CONDITION,SCMS,ALERT_INDICATOR_CONDITION,Cảnh báo vi phạm,in_scope,,,,none,none,none,none,no,0,0
BRD-SRC-SCMS-ALERT_RUN,SCMS,ALERT_RUN,Cảnh báo vi phạm,in_scope,,,,none,none,none,none,no,0,0
BRD-SRC-SCMS-AUDITOR,SCMS,AUDITOR,Công ty kiểm toán,in_scope,,,,none,none,none,none,no,0,0
BRD-SRC-SCMS-AUDIT_FIRM,SCMS,AUDIT_FIRM,Công ty kiểm toán,in_scope,,,,none,none,none,none,no,0,0
BRD-SRC-SCMS-BANK,SCMS,BANK,Ngân hàng lưu ký,in_scope,,,,draft,done,none,none,no,1,1
BRD-SRC-SCMS-BANK_HISTORY,SCMS,BANK_HISTORY,Ngân hàng lưu ký,out_of_scope,Audit Log nguồn,,,none,none,none,none,no,0,0
BRD-SRC-SCMS-BANK_PERIODIC_REPORT,SCMS,BANK_PERIODIC_REPORT,Ngân hàng lưu ký,pending,,,,none,none,none,none,no,0,0
BRD-SRC-SCMS-BANK_PERIODIC_REPORT_HISTORY,SCMS,BANK_PERIODIC_REPORT_HISTORY,Ngân hàng lưu ký,out_of_scope,Audit Log nguồn,,,none,none,none,none,no,0,0
BRD-SRC-SCMS-CATEGORY,SCMS,CATEGORY,Danh mục dùng chung,pending,,,,none,none,none,none,no,0,0
BRD-SRC-SCMS-CAT_ALERT,SCMS,CAT_ALERT,Danh mục dùng chung,pending,,,,none,none,none,none,no,0,0
BRD-SRC-SCMS-CAT_BUSINESS_LINE,SCMS,CAT_BUSINESS_LINE,Danh mục dùng chung,pending,,,,draft,done,none,none,no,1,1
BRD-SRC-SCMS-CAT_COMPANY_TYPE,SCMS,CAT_COMPANY_TYPE,Danh mục dùng chung,pending,,,,none,none,none,none,no,0,0
BRD-SRC-SCMS-CAT_DISTRICT,SCMS,CAT_DISTRICT,Danh mục dùng chung,in_scope,"Không thiết kế Atomic entity riêng (dữ liệu địa giới chuẩn hóa tại ECAT), nhưng ETL vẫn crosswalk bảng này để lấy DISTRICT_CODE khi hash geographic_area_old — xem comment FK 'District Id' trong lld_SCMS_SC_FIRM_BRANCH/INFO/REP_OFFICE/TRANSACTION_OFFICE_IP_Postal_Address.yaml. Đánh in_scope vì có bị ETL đọc tới (2026-07-31).",,,none,none,none,none,no,0,0
BRD-SRC-SCMS-CAT_EVENT_TYPE,SCMS,CAT_EVENT_TYPE,Danh mục dùng chung,in_scope,,,,none,none,none,none,no,0,0
BRD-SRC-SCMS-CAT_INDICATOR,SCMS,CAT_INDICATOR,Danh mục dùng chung,pending,,,,none,none,none,none,no,0,0
BRD-SRC-SCMS-CAT_INDICATOR_CATALOG,SCMS,CAT_INDICATOR_CATALOG,Danh mục dùng chung,pending,,,,none,none,none,none,no,0,0
BRD-SRC-SCMS-CAT_INDICATOR_STATISTIC,SCMS,CAT_INDICATOR_STATISTIC,Danh mục dùng chung,pending,,,,none,none,none,none,no,0,0
BRD-SRC-SCMS-CAT_NATIONALITY,SCMS,CAT_NATIONALITY,Danh mục dùng chung,in_scope,,,,draft,done,none,none,no,1,1
BRD-SRC-SCMS-CAT_POSITION,SCMS,CAT_POSITION,Danh mục dùng chung,pending,,,,none,none,none,none,no,0,0
BRD-SRC-SCMS-CAT_PROFILE_STATUS,SCMS,CAT_PROFILE_STATUS,Danh mục dùng chung,pending,,,,none,none,none,none,no,0,0
BRD-SRC-SCMS-CAT_PROVINCE,SCMS,CAT_PROVINCE,Danh mục dùng chung,in_scope,"Không thiết kế Atomic entity riêng (dữ liệu địa giới chuẩn hóa tại ECAT), nhưng ETL vẫn crosswalk bảng này để lấy PROVINCE_CODE khi hash geographic_area — xem comment FK 'Province Id' trong lld_SCMS_SC_FIRM_BRANCH/INFO/REP_OFFICE/TRANSACTION_OFFICE_IP_Postal_Address.yaml. Đánh in_scope vì có bị ETL đọc tới (2026-07-31).",,,none,none,none,none,no,0,0
BRD-SRC-SCMS-CAT_RELATIONSHIP,SCMS,CAT_RELATIONSHIP,Danh mục dùng chung,pending,,,,none,none,none,none,no,0,0
BRD-SRC-SCMS-CAT_SC_FIRM_POSITION,SCMS,CAT_SC_FIRM_POSITION,Danh mục dùng chung,pending,,,,none,none,none,none,no,0,0
BRD-SRC-SCMS-CAT_SC_FIRM_STATUS,SCMS,CAT_SC_FIRM_STATUS,Danh mục dùng chung,in_scope,,,,draft,done,none,none,no,1,1
BRD-SRC-SCMS-CAT_SERVICE,SCMS,CAT_SERVICE,Danh mục dùng chung,in_scope,,,,draft,done,none,none,no,1,1
BRD-SRC-SCMS-CAT_SERVICE_LEGAL_CAPITAL,SCMS,CAT_SERVICE_LEGAL_CAPITAL,Danh mục dùng chung,pending,,,,none,none,none,none,no,0,0
BRD-SRC-SCMS-CAT_SHAREHOLDER_TRANSACTION_TYPE,SCMS,CAT_SHAREHOLDER_TRANSACTION_TYPE,Danh mục dùng chung,pending,,,,none,none,none,none,no,0,0
BRD-SRC-SCMS-CAT_STATISTIC,SCMS,CAT_STATISTIC,Danh mục dùng chung,pending,,,,none,none,none,none,no,0,0
BRD-SRC-SCMS-CAT_VIOLATION_TYPE,SCMS,CAT_VIOLATION_TYPE,Danh mục dùng chung,pending,,,,none,none,none,none,no,0,0
BRD-SRC-SCMS-CAT_WARD,SCMS,CAT_WARD,Danh mục dùng chung,in_scope,"Không thiết kế Atomic entity riêng (dữ liệu địa giới chuẩn hóa tại ECAT), nhưng ETL vẫn crosswalk bảng này để lấy Ward Code khi hash geographic_area — xem comment FK 'Ward Id' trong lld_SCMS_SC_FIRM_BRANCH/INFO/REP_OFFICE/TRANSACTION_OFFICE_IP_Postal_Address.yaml. Đánh in_scope vì có bị ETL đọc tới (2026-07-31).",,,none,none,none,none,no,0,0
BRD-SRC-SCMS-CUSTODIAN_BANK,SCMS,CUSTODIAN_BANK,Quản lý CTCK,out_of_scope,Quyết định Data Modeler (2026-07-24) — bỏ hoàn toàn khỏi phạm vi thiết kế.,,,none,none,none,none,no,0,0
BRD-SRC-SCMS-DIGITAL_CERTIFICATE,SCMS,DIGITAL_CERTIFICATE,Quản lý CTCK,pending,,,,none,none,none,none,no,0,0
BRD-SRC-SCMS-DISCLOSURE_NEWS,SCMS,DISCLOSURE_NEWS,Công bố thông tin,pending,,,,none,none,none,none,no,0,0
BRD-SRC-SCMS-DISCLOSURE_NEWS_FILE,SCMS,DISCLOSURE_NEWS_FILE,Công bố thông tin,pending,,,,none,none,none,none,no,0,0
BRD-SRC-SCMS-DISCLOSURE_REPORT,SCMS,DISCLOSURE_REPORT,Công bố thông tin,in_scope,,,,none,none,none,none,no,0,0
BRD-SRC-SCMS-DISCLOSURE_SECURITIES_OFFERING,SCMS,DISCLOSURE_SECURITIES_OFFERING,Công bố thông tin,in_scope,,,,draft,done,none,none,no,1,1
BRD-SRC-SCMS-DISCLOSURE_SHAREHOLDER,SCMS,DISCLOSURE_SHAREHOLDER,Công bố thông tin,in_scope,,,,none,none,none,none,no,0,0
BRD-SRC-SCMS-DOCUMENT_FOLDER,SCMS,DOCUMENT_FOLDER,Quản trị phân hệ,out_of_scope,Operational/system data,,,none,none,none,none,no,0,0
BRD-SRC-SCMS-DOCUMENT_STORAGE,SCMS,DOCUMENT_STORAGE,Quản trị phân hệ,out_of_scope,Operational/system data,,,none,none,none,none,no,0,0
BRD-SRC-SCMS-FORM_INDICATOR_DATA_SOURCE,SCMS,FORM_INDICATOR_DATA_SOURCE,Biểu mẫu báo cáo,pending,,,,none,none,none,none,no,0,0
BRD-SRC-SCMS-FORM_INDICATOR_FIELD_META,SCMS,FORM_INDICATOR_FIELD_META,Biểu mẫu báo cáo,pending,,,,none,none,none,none,no,0,0
BRD-SRC-SCMS-FORM_INDICATOR_INPUT,SCMS,FORM_INDICATOR_INPUT,Biểu mẫu báo cáo,pending,,,,none,none,none,none,no,0,0
BRD-SRC-SCMS-FORM_INDICATOR_REFERENCE_VALUE,SCMS,FORM_INDICATOR_REFERENCE_VALUE,Biểu mẫu báo cáo,pending,,,,none,none,none,none,no,0,0
BRD-SRC-SCMS-FORM_REPORT,SCMS,FORM_REPORT,Biểu mẫu báo cáo,in_scope,,,,none,none,none,none,no,0,0
BRD-SRC-SCMS-FORM_REPORT_DEEP_CONFIG,SCMS,FORM_REPORT_DEEP_CONFIG,Biểu mẫu báo cáo,pending,,,,none,none,none,none,no,0,0
BRD-SRC-SCMS-FORM_REPORT_HISTORY,SCMS,FORM_REPORT_HISTORY,Biểu mẫu báo cáo,out_of_scope,Audit Log nguồn,,,none,none,none,none,no,0,0
BRD-SRC-SCMS-FORM_REPORT_PERIODIC,SCMS,FORM_REPORT_PERIODIC,Biểu mẫu báo cáo,pending,,,,none,none,none,none,no,0,0
BRD-SRC-SCMS-FORM_ROW_HEADER,SCMS,FORM_ROW_HEADER,Biểu mẫu báo cáo,pending,,,,none,none,none,none,no,0,0
BRD-SRC-SCMS-FORM_ROW_HEADER_COLUMN,SCMS,FORM_ROW_HEADER_COLUMN,Biểu mẫu báo cáo,pending,,,,none,none,none,none,no,0,0
BRD-SRC-SCMS-FORM_SHEET,SCMS,FORM_SHEET,Biểu mẫu báo cáo,pending,,,,none,none,none,none,no,0,0
BRD-SRC-SCMS-FORM_SHEET_CELL,SCMS,FORM_SHEET_CELL,Biểu mẫu báo cáo,pending,,,,none,none,none,none,no,0,0
BRD-SRC-SCMS-FORM_SHEET_COLUMN,SCMS,FORM_SHEET_COLUMN,Biểu mẫu báo cáo,pending,,,,none,none,none,none,no,0,0
BRD-SRC-SCMS-FORM_SHEET_ROW,SCMS,FORM_SHEET_ROW,Biểu mẫu báo cáo,pending,,,,none,none,none,none,no,0,0
BRD-SRC-SCMS-HELP_DOCUMENT,SCMS,HELP_DOCUMENT,Quản trị phân hệ,out_of_scope,Operational/system data,,,none,none,none,none,no,0,0
BRD-SRC-SCMS-LEGAL_DOCUMENT_LOOKUP,SCMS,LEGAL_DOCUMENT_LOOKUP,Quản trị phân hệ,out_of_scope,Operational/system data,,,none,none,none,none,no,0,0
BRD-SRC-SCMS-LNK_EVENT_TYPE_FORM,SCMS,LNK_EVENT_TYPE_FORM,Liên kết,pending,,,,none,none,none,none,no,0,0
BRD-SRC-SCMS-LNK_FUNCTION_USER,SCMS,LNK_FUNCTION_USER,Quản trị phân hệ,pending,,,,none,none,none,none,no,0,0
BRD-SRC-SCMS-LNK_FUNCTION_USER_GROUP,SCMS,LNK_FUNCTION_USER_GROUP,Quản trị phân hệ,pending,,,,none,none,none,none,no,0,0
BRD-SRC-SCMS-LNK_PRACTITIONER_BUSINESS_LINE,SCMS,LNK_PRACTITIONER_BUSINESS_LINE,Liên kết,pending,,,,none,none,none,none,no,0,0
BRD-SRC-SCMS-LNK_SC_FIRM_BUSINESS_LINE,SCMS,LNK_SC_FIRM_BUSINESS_LINE,Liên kết,pending,,,,none,none,none,none,no,0,0
BRD-SRC-SCMS-LNK_SC_FIRM_FOREIGN_BRANCH_SERVICE,SCMS,LNK_SC_FIRM_FOREIGN_BRANCH_SERVICE,Liên kết,in_scope,,,,none,none,none,none,no,0,0
BRD-SRC-SCMS-LNK_SC_FIRM_REPORT,SCMS,LNK_SC_FIRM_REPORT,Liên kết,pending,,,,none,none,none,none,no,0,0
BRD-SRC-SCMS-LNK_SC_FIRM_SERVICE,SCMS,LNK_SC_FIRM_SERVICE,Liên kết,pending,,,,none,none,none,none,no,0,0
BRD-SRC-SCMS-LNK_SC_FIRM_STATUS_REPORT,SCMS,LNK_SC_FIRM_STATUS_REPORT,Liên kết,pending,,,,none,none,none,none,no,0,0
BRD-SRC-SCMS-LNK_SERVICE_SC_FIRM_REPORT,SCMS,LNK_SERVICE_SC_FIRM_REPORT,Liên kết,pending,,,,none,none,none,none,no,0,0
BRD-SRC-SCMS-LNK_TRANSACTION_OFFICE_SERVICE,SCMS,LNK_TRANSACTION_OFFICE_SERVICE,Liên kết,pending,,,,none,none,none,none,no,0,0
BRD-SRC-SCMS-LNK_USER_BANK,SCMS,LNK_USER_BANK,Quản trị phân hệ,pending,,,,none,none,none,none,no,0,0
BRD-SRC-SCMS-LNK_USER_GROUP,SCMS,LNK_USER_GROUP,Quản trị phân hệ,pending,,,,none,none,none,none,no,0,0
BRD-SRC-SCMS-LNK_USER_GROUP_REPORT,SCMS,LNK_USER_GROUP_REPORT,Quản trị phân hệ,pending,,,,none,none,none,none,no,0,0
BRD-SRC-SCMS-LNK_USER_REPORT,SCMS,LNK_USER_REPORT,Quản trị phân hệ,pending,,,,none,none,none,none,no,0,0
BRD-SRC-SCMS-LNK_USER_SC_FIRM,SCMS,LNK_USER_SC_FIRM,Quản trị phân hệ,pending,,,,none,none,none,none,no,0,0
BRD-SRC-SCMS-MEMBER_REPORT,SCMS,MEMBER_REPORT,Báo cáo đầu vào,pending,,,,none,none,none,none,no,0,0
BRD-SRC-SCMS-MEMBER_REPORT_HISTORY,SCMS,MEMBER_REPORT_HISTORY,Báo cáo đầu vào,out_of_scope,Audit Log nguồn,,,none,none,none,none,no,0,0
BRD-SRC-SCMS-MEMBER_REPORT_PROCESSING,SCMS,MEMBER_REPORT_PROCESSING,Báo cáo đầu vào,pending,,,,none,none,none,none,no,0,0
BRD-SRC-SCMS-MESSAGE,SCMS,MESSAGE,Quản trị phân hệ,out_of_scope,Operational/system data,,,none,none,none,none,no,0,0
BRD-SRC-SCMS-MESSAGE_RECIPIENT,SCMS,MESSAGE_RECIPIENT,Quản trị phân hệ,out_of_scope,Operational/system data,,,none,none,none,none,no,0,0
BRD-SRC-SCMS-NOTIFICATION,SCMS,NOTIFICATION,Quản trị phân hệ,out_of_scope,Operational/system data,,,none,none,none,none,no,0,0
BRD-SRC-SCMS-OUTPUT_REPORT_EXTRACTION,SCMS,OUTPUT_REPORT_EXTRACTION,Biểu mẫu báo cáo,out_of_scope,Operational/system data,,,none,none,none,none,no,0,0
BRD-SRC-SCMS-OUTPUT_REPORT_EXTRACTION_VALUE,SCMS,OUTPUT_REPORT_EXTRACTION_VALUE,Biểu mẫu báo cáo,out_of_scope,Operational/system data,,,none,none,none,none,no,0,0
BRD-SRC-SCMS-PERMISSION_DATA,SCMS,PERMISSION_DATA,Quản trị phân hệ,out_of_scope,Operational/system data,,,none,none,none,none,no,0,0
BRD-SRC-SCMS-PERMISSION_INPUT_REPORT,SCMS,PERMISSION_INPUT_REPORT,Quản trị phân hệ,out_of_scope,Operational/system data,,,none,none,none,none,no,0,0
BRD-SRC-SCMS-PERMISSION_INPUT_REPORT_EVENT,SCMS,PERMISSION_INPUT_REPORT_EVENT,Quản trị phân hệ,out_of_scope,Operational/system data,,,none,none,none,none,no,0,0
BRD-SRC-SCMS-PERMISSION_OUTPUT_REPORT,SCMS,PERMISSION_OUTPUT_REPORT,Quản trị phân hệ,out_of_scope,Operational/system data,,,none,none,none,none,no,0,0
BRD-SRC-SCMS-PERMISSION_OUTPUT_REPORT_FORM,SCMS,PERMISSION_OUTPUT_REPORT_FORM,Quản trị phân hệ,out_of_scope,Operational/system data,,,none,none,none,none,no,0,0
BRD-SRC-SCMS-REPORT_CELL_VALUE,SCMS,REPORT_CELL_VALUE,Biểu mẫu báo cáo,pending,,,,none,none,none,none,no,0,0
BRD-SRC-SCMS-REPORT_DYNAMIC_ROW_VALUE,SCMS,REPORT_DYNAMIC_ROW_VALUE,Biểu mẫu báo cáo,pending,,,,none,none,none,none,no,0,0
BRD-SRC-SCMS-REPORT_INPUT_CELL_VALUE,SCMS,REPORT_INPUT_CELL_VALUE,Báo cáo đầu vào,pending,,,,none,none,none,none,no,0,0
BRD-SRC-SCMS-REPORT_INPUT_SUBMISSION,SCMS,REPORT_INPUT_SUBMISSION,Báo cáo đầu vào,pending,,,,none,none,none,none,no,0,0
BRD-SRC-SCMS-REPORT_INPUT_SUBMISSION_FILE,SCMS,REPORT_INPUT_SUBMISSION_FILE,Báo cáo đầu vào,pending,,,,none,none,none,none,no,0,0
BRD-SRC-SCMS-REPORT_VIOLATION,SCMS,REPORT_VIOLATION,Biểu mẫu báo cáo,in_scope,,,,none,none,none,none,no,0,0
BRD-SRC-SCMS-RISK_INDICATOR,SCMS,RISK_INDICATOR,Cảnh báo rủi ro,in_scope,,,,none,none,none,none,no,0,0
BRD-SRC-SCMS-RISK_INDICATOR_GROUP,SCMS,RISK_INDICATOR_GROUP,Cảnh báo rủi ro,in_scope,,,,none,none,none,none,no,0,0
BRD-SRC-SCMS-RISK_REPORTING_PERIOD,SCMS,RISK_REPORTING_PERIOD,Cảnh báo rủi ro,in_scope,,,,none,none,none,none,no,0,0
BRD-SRC-SCMS-RISK_REPORTING_PERIOD_SC_FIRM,SCMS,RISK_REPORTING_PERIOD_SC_FIRM,Cảnh báo rủi ro,pending,,,,none,none,none,none,no,0,0
BRD-SRC-SCMS-RISK_SCORING_SCALE,SCMS,RISK_SCORING_SCALE,Cảnh báo rủi ro,in_scope,,,,none,none,none,none,no,0,0
BRD-SRC-SCMS-RISK_SCORING_SC_FIRM_DETAIL,SCMS,RISK_SCORING_SC_FIRM_DETAIL,Cảnh báo rủi ro,in_scope,,,,none,none,none,none,no,0,0
BRD-SRC-SCMS-RISK_SUMMARY,SCMS,RISK_SUMMARY,Cảnh báo rủi ro,in_scope,,,,none,none,none,none,no,0,0
BRD-SRC-SCMS-RISK_SUMMARY_DETAIL,SCMS,RISK_SUMMARY_DETAIL,Cảnh báo rủi ro,pending,,,,none,none,none,none,no,0,0
BRD-SRC-SCMS-SCMS_SHEDLOCK,SCMS,SCMS_SHEDLOCK,Quản trị phân hệ,out_of_scope,Operational/system data,,,none,none,none,none,no,0,0
BRD-SRC-SCMS-SCMS_SYSTEM_PARAM,SCMS,SCMS_SYSTEM_PARAM,Quản trị phân hệ,out_of_scope,Operational/system data,,,none,none,none,none,no,0,0
BRD-SRC-SCMS-SCMS_WORKING_DAY,SCMS,SCMS_WORKING_DAY,Quản trị phân hệ,out_of_scope,Operational/system data,,,none,none,none,none,no,0,0
BRD-SRC-SCMS-SC_FIRM_ADHOC_REPORT,SCMS,SC_FIRM_ADHOC_REPORT,Quản lý CTCK,in_scope,,,,draft,done,none,none,no,1,1
BRD-SRC-SCMS-SC_FIRM_ADHOC_REPORT_HISTORY,SCMS,SC_FIRM_ADHOC_REPORT_HISTORY,Quản lý CTCK,out_of_scope,Audit Log nguồn,,,none,none,none,none,no,0,0
BRD-SRC-SCMS-SC_FIRM_ADMIN_PENALTY_DECISION,SCMS,SC_FIRM_ADMIN_PENALTY_DECISION,Quản lý CTCK,in_scope,,,,draft,done,none,none,no,1,1
BRD-SRC-SCMS-SC_FIRM_ADMIN_SANCTION,SCMS,SC_FIRM_ADMIN_SANCTION,Quản lý CTCK,in_scope,,,,draft,done,none,none,no,1,1
BRD-SRC-SCMS-SC_FIRM_ALERT_VIOLATION,SCMS,SC_FIRM_ALERT_VIOLATION,Quản lý CTCK,in_scope,,,,draft,done,none,none,no,1,1
BRD-SRC-SCMS-SC_FIRM_BRANCH,SCMS,SC_FIRM_BRANCH,Quản lý CTCK,in_scope,,,,approved,done,none,none,no,4,4
BRD-SRC-SCMS-SC_FIRM_COMPLAINT_PETITION,SCMS,SC_FIRM_COMPLAINT_PETITION,Quản lý CTCK,in_scope,,,,none,none,none,none,no,0,0
BRD-SRC-SCMS-SC_FIRM_DELETION_HISTORY,SCMS,SC_FIRM_DELETION_HISTORY,Quản lý CTCK,out_of_scope,Audit Log nguồn,,,none,none,none,none,no,0,0
BRD-SRC-SCMS-SC_FIRM_DOMESTIC_REP_OFFICE,SCMS,SC_FIRM_DOMESTIC_REP_OFFICE,Quản lý CTCK,in_scope,,,,none,none,none,none,no,0,0
BRD-SRC-SCMS-SC_FIRM_FOREIGN_BRANCH,SCMS,SC_FIRM_FOREIGN_BRANCH,Quản lý CTCK,in_scope,,,,none,none,none,none,no,0,0
BRD-SRC-SCMS-SC_FIRM_FOREIGN_BRANCH_HISTORY,SCMS,SC_FIRM_FOREIGN_BRANCH_HISTORY,Quản lý CTCK,out_of_scope,Audit Log nguồn,,,none,none,none,none,no,0,0
BRD-SRC-SCMS-SC_FIRM_FOREIGN_BRANCH_PERIODIC_REPORT,SCMS,SC_FIRM_FOREIGN_BRANCH_PERIODIC_REPORT,Quản lý CTCK,in_scope,,,,none,none,none,none,no,0,0
BRD-SRC-SCMS-SC_FIRM_FOREIGN_BRANCH_PERSONNEL,SCMS,SC_FIRM_FOREIGN_BRANCH_PERSONNEL,Quản lý CTCK,in_scope,,,,none,none,none,none,no,0,0
BRD-SRC-SCMS-SC_FIRM_FOREIGN_BRANCH_PERSONNEL_HISTORY,SCMS,SC_FIRM_FOREIGN_BRANCH_PERSONNEL_HISTORY,Quản lý CTCK,out_of_scope,Audit Log nguồn,,,none,none,none,none,no,0,0
BRD-SRC-SCMS-SC_FIRM_FOREIGN_REP_OFFICE,SCMS,SC_FIRM_FOREIGN_REP_OFFICE,Quản lý CTCK,in_scope,,,,none,none,none,none,no,0,0
BRD-SRC-SCMS-SC_FIRM_FOREIGN_REP_OFFICE_HISTORY,SCMS,SC_FIRM_FOREIGN_REP_OFFICE_HISTORY,Quản lý CTCK,out_of_scope,Audit Log nguồn,,,none,none,none,none,no,0,0
BRD-SRC-SCMS-SC_FIRM_FOREIGN_REP_OFFICE_PERIODIC_REPORT,SCMS,SC_FIRM_FOREIGN_REP_OFFICE_PERIODIC_REPORT,Quản lý CTCK,in_scope,,,,none,none,none,none,no,0,0
BRD-SRC-SCMS-SC_FIRM_FOREIGN_REP_OFFICE_PERSONNEL,SCMS,SC_FIRM_FOREIGN_REP_OFFICE_PERSONNEL,Quản lý CTCK,in_scope,,,,none,none,none,none,no,0,0
BRD-SRC-SCMS-SC_FIRM_FOREIGN_REP_OFFICE_VN,SCMS,SC_FIRM_FOREIGN_REP_OFFICE_VN,Quản lý CTCK,in_scope,,,,none,none,none,none,no,0,0
BRD-SRC-SCMS-SC_FIRM_INFO,SCMS,SC_FIRM_INFO,Quản lý CTCK,in_scope,,,,approved,done,none,none,no,4,4
BRD-SRC-SCMS-SC_FIRM_INSIDER_RELATION,SCMS,SC_FIRM_INSIDER_RELATION,Quản lý CTCK,in_scope,,,,approved,done,none,none,no,4,4
BRD-SRC-SCMS-SC_FIRM_INSIDER_RELATION_HISTORY,SCMS,SC_FIRM_INSIDER_RELATION_HISTORY,Quản lý CTCK,out_of_scope,Audit Log nguồn,,,none,none,none,none,no,0,0
BRD-SRC-SCMS-SC_FIRM_INSPECTION_SCHEDULE,SCMS,SC_FIRM_INSPECTION_SCHEDULE,Quản lý CTCK,in_scope,,,,none,none,none,none,no,0,0
BRD-SRC-SCMS-SC_FIRM_LICENSED_PRACTITIONER,SCMS,SC_FIRM_LICENSED_PRACTITIONER,Quản lý CTCK,in_scope,,,,none,none,none,none,no,0,0
BRD-SRC-SCMS-SC_FIRM_MAJOR_SHAREHOLDER_RELATION,SCMS,SC_FIRM_MAJOR_SHAREHOLDER_RELATION,Quản lý CTCK,in_scope,,,,none,none,none,none,no,0,0
BRD-SRC-SCMS-SC_FIRM_OWNERSHIP_RELATION,SCMS,SC_FIRM_OWNERSHIP_RELATION,Quản lý CTCK,in_scope,,,,none,none,none,none,no,0,0
BRD-SRC-SCMS-SC_FIRM_PERIODIC_REPORT,SCMS,SC_FIRM_PERIODIC_REPORT,Quản lý CTCK,in_scope,,,,draft,done,none,none,no,1,1
BRD-SRC-SCMS-SC_FIRM_PERIODIC_REPORT_HISTORY,SCMS,SC_FIRM_PERIODIC_REPORT_HISTORY,Quản lý CTCK,out_of_scope,Audit Log nguồn,,,none,none,none,none,no,0,0
BRD-SRC-SCMS-SC_FIRM_PROFILE_CHANGE,SCMS,SC_FIRM_PROFILE_CHANGE,Quản lý CTCK,in_scope,,,,none,none,none,none,no,0,0
BRD-SRC-SCMS-SC_FIRM_PROFILE_HISTORY,SCMS,SC_FIRM_PROFILE_HISTORY,Quản lý CTCK,out_of_scope,Audit Log nguồn,,,none,none,none,none,no,0,0
BRD-SRC-SCMS-SC_FIRM_RELATED_PERSON,SCMS,SC_FIRM_RELATED_PERSON,Quản lý CTCK,in_scope,,,,approved,done,none,none,no,4,4
BRD-SRC-SCMS-SC_FIRM_REP_OFFICE,SCMS,SC_FIRM_REP_OFFICE,Quản lý CTCK,in_scope,,,,approved,done,none,none,no,3,3
BRD-SRC-SCMS-SC_FIRM_SENIOR_PERSONNEL,SCMS,SC_FIRM_SENIOR_PERSONNEL,Quản lý CTCK,in_scope,,,,approved,done,none,none,no,4,4
BRD-SRC-SCMS-SC_FIRM_SERVICE,SCMS,SC_FIRM_SERVICE,Quản lý CTCK,in_scope,,,,none,none,none,none,no,0,0
BRD-SRC-SCMS-SC_FIRM_SHAREHOLDER,SCMS,SC_FIRM_SHAREHOLDER,Quản lý CTCK,in_scope,,,,approved,done,none,none,no,4,4
BRD-SRC-SCMS-SC_FIRM_SHAREHOLDER_OWNERSHIP_CHANGE,SCMS,SC_FIRM_SHAREHOLDER_OWNERSHIP_CHANGE,Quản lý CTCK,in_scope,,,,draft,done,none,none,no,1,1
BRD-SRC-SCMS-SC_FIRM_SHAREHOLDER_RELATION,SCMS,SC_FIRM_SHAREHOLDER_RELATION,Quản lý CTCK,in_scope,,,,approved,done,none,none,no,2,2
BRD-SRC-SCMS-SC_FIRM_SHAREHOLDER_REPRESENTATIVE,SCMS,SC_FIRM_SHAREHOLDER_REPRESENTATIVE,Quản lý CTCK,in_scope,,,,approved,done,none,none,no,2,2
BRD-SRC-SCMS-SC_FIRM_SHAREHOLDER_TRANSFER,SCMS,SC_FIRM_SHAREHOLDER_TRANSFER,Quản lý CTCK,in_scope,,,,none,none,none,none,no,0,0
BRD-SRC-SCMS-SC_FIRM_TRANSACTION_OFFICE,SCMS,SC_FIRM_TRANSACTION_OFFICE,Quản lý CTCK,in_scope,,,,approved,done,none,none,no,3,3
BRD-SRC-SCMS-SMSNEWS,SCMS,SMSNEWS,Quản trị phân hệ,out_of_scope,Operational/system data,,,none,none,none,none,no,0,0
BRD-SRC-SCMS-SMSOFFEROFSTOCKS,SCMS,SMSOFFEROFSTOCKS,Quản trị phân hệ,out_of_scope,Operational/system data,,,none,none,none,none,no,0,0
BRD-SRC-SCMS-SMSREPORTDATA,SCMS,SMSREPORTDATA,Quản trị phân hệ,out_of_scope,Operational/system data,,,none,none,none,none,no,0,0
BRD-SRC-SCMS-SMSTLLOG,SCMS,SMSTLLOG,Quản trị phân hệ,out_of_scope,Operational/system data,,,none,none,none,none,no,0,0
BRD-SRC-SCMS-SMSVW_SECURITIES,SCMS,SMSVW_SECURITIES,Quản trị phân hệ,out_of_scope,Operational/system data,,,none,none,none,none,no,0,0
BRD-SRC-SCMS-SMSVW_TLPROFILES,SCMS,SMSVW_TLPROFILES,Quản trị phân hệ,out_of_scope,Operational/system data,,,none,none,none,none,no,0,0
BRD-SRC-SCMS-SSC_NOTIFICATION,SCMS,SSC_NOTIFICATION,Quản trị phân hệ,out_of_scope,Operational/system data,,,none,none,none,none,no,0,0
BRD-SRC-SCMS-SSC_NOTIFICATION_RECIPIENT,SCMS,SSC_NOTIFICATION_RECIPIENT,Quản trị phân hệ,out_of_scope,Operational/system data,,,none,none,none,none,no,0,0
BRD-SRC-SCMS-SYS_AUDIT_LOG,SCMS,SYS_AUDIT_LOG,Quản trị phân hệ,out_of_scope,Operational/system data,,,none,none,none,none,no,0,0
BRD-SRC-SCMS-SYS_CONFIG_PARAM,SCMS,SYS_CONFIG_PARAM,Quản trị phân hệ,out_of_scope,Operational/system data,,,none,none,none,none,no,0,0
BRD-SRC-SCMS-SYS_EXPORT_FULL_01,SCMS,SYS_EXPORT_FULL_01,Quản trị phân hệ,out_of_scope,Operational/system data,,,none,none,none,none,no,0,0
BRD-SRC-SCMS-SYS_EXPORT_FULL_02,SCMS,SYS_EXPORT_FULL_02,Quản trị phân hệ,out_of_scope,Operational/system data,,,none,none,none,none,no,0,0
BRD-SRC-SCMS-SYS_FUNCTION,SCMS,SYS_FUNCTION,Quản trị phân hệ,out_of_scope,Operational/system data,,,none,none,none,none,no,0,0
BRD-SRC-SCMS-SYS_FUNCTION_DETAIL,SCMS,SYS_FUNCTION_DETAIL,Quản trị phân hệ,out_of_scope,Operational/system data,,,none,none,none,none,no,0,0
BRD-SRC-SCMS-SYS_ORGANIZATION,SCMS,SYS_ORGANIZATION,Quản trị phân hệ,out_of_scope,Operational/system data,,,none,none,none,none,no,0,0
BRD-SRC-SCMS-SYS_USER,SCMS,SYS_USER,Quản trị phân hệ,out_of_scope,Operational/system data,,,none,none,none,none,no,0,0
BRD-SRC-SCMS-SYS_USER_BACKUP,SCMS,SYS_USER_BACKUP,Quản trị phân hệ,out_of_scope,Operational/system data,,,none,none,none,none,no,0,0
BRD-SRC-SCMS-SYS_USER_GROUP,SCMS,SYS_USER_GROUP,Quản trị phân hệ,out_of_scope,Operational/system data,,,none,none,none,none,no,0,0
BRD-SRC-SCMS-SYS_USER_LOGIN_LOG,SCMS,SYS_USER_LOGIN_LOG,Quản trị phân hệ,out_of_scope,Operational/system data,,,none,none,none,none,no,0,0
BRD-SRC-SCMS-SYS_WORKING_CALENDAR,SCMS,SYS_WORKING_CALENDAR,Quản trị phân hệ,out_of_scope,Operational/system data,,,none,none,none,none,no,0,0
BRD-SRC-SCMS-flyway_schema_history,SCMS,flyway_schema_history,Khác,out_of_scope,System table,,,none,none,none,none,no,0,0
BRD-SRC-THANHTRA-ADHOC_ADMIN_VIOLATION_REPORT,THANHTRA,ADHOC_ADMIN_VIOLATION_REPORT,B.2 Xử lý vi phạm hành chính,out_of_scope,,,,none,none,none,none,no,0,0
BRD-SRC-THANHTRA-ADHOC_ANTI_CORRUPTION_REPORT,THANHTRA,ADHOC_ANTI_CORRUPTION_REPORT,"B.4 Phòng chống tham nhũng, tiêu cực",out_of_scope,,,,none,none,none,none,no,0,0
BRD-SRC-THANHTRA-ADHOC_INSPECTION_REPORT,THANHTRA,ADHOC_INSPECTION_REPORT,B.1 Hoạt động thanh tra - kiểm tra,out_of_scope,,,,none,none,none,none,no,0,0
BRD-SRC-THANHTRA-ADMIN_VIOLATION_REPORT_OUTLINE,THANHTRA,ADMIN_VIOLATION_REPORT_OUTLINE,B.2 Xử lý vi phạm hành chính,out_of_scope,,,,none,none,none,none,no,0,0
BRD-SRC-THANHTRA-ANTI_CORRUPTION_DOCUMENT,THANHTRA,ANTI_CORRUPTION_DOCUMENT,"B.4 Phòng chống tham nhũng, tiêu cực",out_of_scope,,,,none,none,none,none,no,0,0
BRD-SRC-THANHTRA-ANTI_CORRUPTION_PERIODIC_REPORT,THANHTRA,ANTI_CORRUPTION_PERIODIC_REPORT,"B.4 Phòng chống tham nhũng, tiêu cực",out_of_scope,,,,none,none,none,none,no,0,0
BRD-SRC-THANHTRA-ANTI_CORRUPTION_REPORT_OUTLINE,THANHTRA,ANTI_CORRUPTION_REPORT_OUTLINE,"B.4 Phòng chống tham nhũng, tiêu cực",out_of_scope,,,,none,none,none,none,no,0,0
BRD-SRC-THANHTRA-ANTI_MONEY_LAUNDERING_DOCUMENT,THANHTRA,ANTI_MONEY_LAUNDERING_DOCUMENT,"B.5 Phòng chống rửa tiền, tài trợ khủng bố",out_of_scope,,,,none,none,none,none,no,0,0
BRD-SRC-THANHTRA-ANTI_MONEY_LAUNDERING_REPORT,THANHTRA,ANTI_MONEY_LAUNDERING_REPORT,"B.5 Phòng chống rửa tiền, tài trợ khủng bố",out_of_scope,,,,none,none,none,none,no,0,0
BRD-SRC-THANHTRA-CITIZEN_COMPLAINT_REPORT_OUTLINE,THANHTRA,CITIZEN_COMPLAINT_REPORT_OUTLINE,"B.3 Tiếp công dân, xử lý đơn thư",out_of_scope,,,,none,none,none,none,no,0,0
BRD-SRC-THANHTRA-CITIZEN_RECEPTION,THANHTRA,CITIZEN_RECEPTION,"B.3 Tiếp công dân, xử lý đơn thư",in_scope,,,,draft,none,none,none,no,1,0
BRD-SRC-THANHTRA-CODE_SEQUENCE_COUNTER,THANHTRA,CODE_SEQUENCE_COUNTER,B.8 Quản trị phân hệ,out_of_scope,"Operational/system data — bộ đếm sinh mã tự động, không chứa dữ liệu nghiệp vụ",,,none,none,none,none,no,0,0
BRD-SRC-THANHTRA-DIGITAL_CERTIFICATES,THANHTRA,DIGITAL_CERTIFICATES,THANHTRA - Chưa phân loại (pending),pending,,,,none,none,none,none,no,0,0
BRD-SRC-THANHTRA-DIGITAL_CERTIFICATE_USERS,THANHTRA,DIGITAL_CERTIFICATE_USERS,THANHTRA - Chưa phân loại (pending),pending,,,,none,none,none,none,no,0,0
BRD-SRC-THANHTRA-DOCUMENT_ATTACHMENT,THANHTRA,DOCUMENT_ATTACHMENT,B.8 Quản trị phân hệ,out_of_scope,"Operational/system data — lưu trữ metadata file đính kèm, không phải dữ liệu nghiệp vụ cốt lõi",,,none,none,none,none,no,0,0
BRD-SRC-THANHTRA-DOCUMENT_ATTACHMENT_CONTENT,THANHTRA,DOCUMENT_ATTACHMENT_CONTENT,THANHTRA - Chưa phân loại (pending),pending,,,,none,none,none,none,no,0,0
BRD-SRC-THANHTRA-DOCUMENT_TEMPLATE,THANHTRA,DOCUMENT_TEMPLATE,B.8 Quản trị phân hệ,out_of_scope,Operational/system data — cấu hình mẫu văn bản kỹ thuật,,,none,none,none,none,no,0,0
BRD-SRC-THANHTRA-DOCUMENT_TEMPLATE_KEY_ASSIGN,THANHTRA,DOCUMENT_TEMPLATE_KEY_ASSIGN,B.8 Quản trị phân hệ,out_of_scope,Operational/system data — phân công trường kỹ thuật cho phiên bản mẫu văn bản,,,none,none,none,none,no,0,0
BRD-SRC-THANHTRA-DOCUMENT_TEMPLATE_KEY_DEFINITION,THANHTRA,DOCUMENT_TEMPLATE_KEY_DEFINITION,B.8 Quản trị phân hệ,out_of_scope,Operational/system data — định nghĩa trường kỹ thuật mẫu văn bản,,,none,none,none,none,no,0,0
BRD-SRC-THANHTRA-DOCUMENT_TEMPLATE_VERSION,THANHTRA,DOCUMENT_TEMPLATE_VERSION,B.8 Quản trị phân hệ,out_of_scope,Operational/system data — phiên bản file mẫu văn bản kỹ thuật,,,none,none,none,none,no,0,0
BRD-SRC-THANHTRA-EXAMINATION_ANNUAL_PLAN,THANHTRA,EXAMINATION_ANNUAL_PLAN,B.1 Hoạt động thanh tra - kiểm tra,in_scope,,,,draft,done,none,none,no,1,1
BRD-SRC-THANHTRA-EXAMINATION_ANNUAL_PLAN_TARGET,THANHTRA,EXAMINATION_ANNUAL_PLAN_TARGET,B.1 Hoạt động thanh tra - kiểm tra,in_scope,,,,none,none,none,none,no,0,0
BRD-SRC-THANHTRA-EXAMINATION_RESULT_NOTICE,THANHTRA,EXAMINATION_RESULT_NOTICE,B.1 Hoạt động thanh tra - kiểm tra,in_scope,,,,draft,none,none,none,no,1,0
BRD-SRC-THANHTRA-EXAMINATION_RESULT_NOTICE_REMEDIAL,THANHTRA,EXAMINATION_RESULT_NOTICE_REMEDIAL,B.1 Hoạt động thanh tra - kiểm tra,in_scope,,,,draft,none,none,none,no,1,0
BRD-SRC-THANHTRA-EXAMINATION_TEAM,THANHTRA,EXAMINATION_TEAM,B.1 Hoạt động thanh tra - kiểm tra,in_scope,,,,none,done,none,none,no,0,1
BRD-SRC-THANHTRA-EXAMINATION_TEAM_MEMBER,THANHTRA,EXAMINATION_TEAM_MEMBER,B.1 Hoạt động thanh tra - kiểm tra,in_scope,,,,none,none,none,none,no,0,0
BRD-SRC-THANHTRA-EXAMINATION_TEAM_TARGET,THANHTRA,EXAMINATION_TEAM_TARGET,B.1 Hoạt động thanh tra - kiểm tra,in_scope,,,,draft,done,none,none,no,1,1
BRD-SRC-THANHTRA-FORM_TEMPLATE,THANHTRA,FORM_TEMPLATE,B.8 Quản trị phân hệ,out_of_scope,Operational/system data — cấu hình mẫu biểu mẫu in kỹ thuật,,,none,none,none,none,no,0,0
BRD-SRC-THANHTRA-FORM_TEMPLATE_PLACEHOLDER,THANHTRA,FORM_TEMPLATE_PLACEHOLDER,B.8 Quản trị phân hệ,out_of_scope,Operational/system data — trường placeholder kỹ thuật trong biểu mẫu,,,none,none,none,none,no,0,0
BRD-SRC-THANHTRA-FORM_TEMPLATE_VERSION,THANHTRA,FORM_TEMPLATE_VERSION,B.8 Quản trị phân hệ,out_of_scope,Operational/system data — phiên bản file biểu mẫu kỹ thuật,,,none,none,none,none,no,0,0
BRD-SRC-THANHTRA-INSPECTION_ANNUAL_PLAN,THANHTRA,INSPECTION_ANNUAL_PLAN,B.1 Hoạt động thanh tra - kiểm tra,in_scope,,,,draft,done,none,none,no,1,1
BRD-SRC-THANHTRA-INSPECTION_ANNUAL_PLAN_TARGET,THANHTRA,INSPECTION_ANNUAL_PLAN_TARGET,B.1 Hoạt động thanh tra - kiểm tra,in_scope,,,,draft,none,none,none,no,1,0
BRD-SRC-THANHTRA-INSPECTION_CONCLUSION,THANHTRA,INSPECTION_CONCLUSION,B.1 Hoạt động thanh tra - kiểm tra,in_scope,,,,none,none,none,none,no,0,0
BRD-SRC-THANHTRA-INSPECTION_CONCLUSION_REMEDIAL,THANHTRA,INSPECTION_CONCLUSION_REMEDIAL,B.1 Hoạt động thanh tra - kiểm tra,in_scope,,,,draft,none,none,none,no,1,0
BRD-SRC-THANHTRA-INSPECTION_REPORT_OUTLINE,THANHTRA,INSPECTION_REPORT_OUTLINE,B.1 Hoạt động thanh tra - kiểm tra,out_of_scope,,,,none,none,none,none,no,0,0
BRD-SRC-THANHTRA-INSPECTION_TEAM,THANHTRA,INSPECTION_TEAM,B.1 Hoạt động thanh tra - kiểm tra,in_scope,,,,draft,done,none,none,no,1,1
BRD-SRC-THANHTRA-INSPECTION_TEAM_MEMBER,THANHTRA,INSPECTION_TEAM_MEMBER,B.1 Hoạt động thanh tra - kiểm tra,in_scope,,,,none,none,none,none,no,0,0
BRD-SRC-THANHTRA-INSPECTION_TEAM_TARGET,THANHTRA,INSPECTION_TEAM_TARGET,B.1 Hoạt động thanh tra - kiểm tra,in_scope,,,,draft,done,none,none,no,1,1
BRD-SRC-THANHTRA-LEGAL_DOCUMENT,THANHTRA,LEGAL_DOCUMENT,Phụ lục — Danh mục dùng chung,in_scope,,,,draft,none,none,none,no,1,0
BRD-SRC-THANHTRA-NOTIFICATION,THANHTRA,NOTIFICATION,B.8 Quản trị phân hệ,out_of_scope,"Operational/system data — thông báo nội bộ hệ thống, không phải dữ liệu nghiệp vụ",,,none,none,none,none,no,0,0
BRD-SRC-THANHTRA-OFFICIAL_LETTER_TYPE,THANHTRA,OFFICIAL_LETTER_TYPE,Phụ lục — Danh mục dùng chung,out_of_scope,,,,none,none,none,none,no,0,0
BRD-SRC-THANHTRA-PENALTY_DECISION,THANHTRA,PENALTY_DECISION,B.2 Xử lý vi phạm hành chính,in_scope,,,,none,done,none,none,no,0,1
BRD-SRC-THANHTRA-PENALTY_DECISION_APPROVAL_HISTORY,THANHTRA,PENALTY_DECISION_APPROVAL_HISTORY,B.2 Xử lý vi phạm hành chính,in_scope,,,,none,none,none,none,no,0,0
BRD-SRC-THANHTRA-PENALTY_DECISION_CIRCUMSTANCE,THANHTRA,PENALTY_DECISION_CIRCUMSTANCE,B.2 Xử lý vi phạm hành chính,in_scope,,,,draft,none,none,none,no,1,0
BRD-SRC-THANHTRA-PENALTY_DECISION_SIGN_LOGS,THANHTRA,PENALTY_DECISION_SIGN_LOGS,B.2 Xử lý vi phạm hành chính,pending,,,,none,none,none,none,no,0,0
BRD-SRC-THANHTRA-PENALTY_DECISION_SUBJECT,THANHTRA,PENALTY_DECISION_SUBJECT,B.2 Xử lý vi phạm hành chính,in_scope,,,,draft,done,none,none,no,1,1
BRD-SRC-THANHTRA-PENALTY_DECISION_SUBJECT_BEHAVIOR,THANHTRA,PENALTY_DECISION_SUBJECT_BEHAVIOR,B.2 Xử lý vi phạm hành chính,in_scope,,,,draft,done,none,none,no,1,1
BRD-SRC-THANHTRA-PENALTY_DECISION_VIOLATION_RECORD,THANHTRA,PENALTY_DECISION_VIOLATION_RECORD,B.2 Xử lý vi phạm hành chính,in_scope,,,,draft,none,none,none,no,1,0
BRD-SRC-THANHTRA-PENALTY_TYPE,THANHTRA,PENALTY_TYPE,B.2 Xử lý vi phạm hành chính,in_scope,,,,draft,done,none,none,no,1,1
BRD-SRC-THANHTRA-PENALTY_TYPE_VIOLATION_BEHAVIOR,THANHTRA,PENALTY_TYPE_VIOLATION_BEHAVIOR,B.2 Xử lý vi phạm hành chính,out_of_scope,,,,none,none,none,none,no,0,0
BRD-SRC-THANHTRA-PETITION,THANHTRA,PETITION,"B.3 Tiếp công dân, xử lý đơn thư",in_scope,,,,none,done,none,none,no,0,1
BRD-SRC-THANHTRA-PETITION_DOCUMENT,THANHTRA,PETITION_DOCUMENT,"B.3 Tiếp công dân, xử lý đơn thư",in_scope,,,,draft,none,none,none,no,1,0
BRD-SRC-THANHTRA-POST_INSPECTION_PROCESSING,THANHTRA,POST_INSPECTION_PROCESSING,B.1 Hoạt động thanh tra - kiểm tra,in_scope,,,,draft,none,none,none,no,1,0
BRD-SRC-THANHTRA-PRIVATE_CATALOG_ITEM,THANHTRA,PRIVATE_CATALOG_ITEM,Phụ lục — Danh mục dùng chung,out_of_scope,,,,none,none,none,none,no,0,0
BRD-SRC-THANHTRA-PROACTIVE_NOTICE,THANHTRA,PROACTIVE_NOTICE,B.1 Hoạt động thanh tra - kiểm tra,in_scope,,,,none,none,none,none,no,0,0
BRD-SRC-THANHTRA-PROACTIVE_NOTICE_RECIPIENT,THANHTRA,PROACTIVE_NOTICE_RECIPIENT,B.1 Hoạt động thanh tra - kiểm tra,in_scope,,,,draft,none,none,none,no,1,0
BRD-SRC-THANHTRA-SECURITY_MEASURE_DECISION,THANHTRA,SECURITY_MEASURE_DECISION,B.2 Xử lý vi phạm hành chính,in_scope,,,,draft,none,none,none,no,1,0
BRD-SRC-THANHTRA-SECURITY_MEASURE_DECISION_RECIPIENT,THANHTRA,SECURITY_MEASURE_DECISION_RECIPIENT,B.2 Xử lý vi phạm hành chính,in_scope,,,,draft,none,none,none,no,1,0
BRD-SRC-THANHTRA-SECURITY_MEASURE_DECISION_SUBJECT,THANHTRA,SECURITY_MEASURE_DECISION_SUBJECT,B.2 Xử lý vi phạm hành chính,in_scope,,,,draft,none,none,none,no,1,0
BRD-SRC-THANHTRA-SECURITY_MEASURE_EXECUTION,THANHTRA,SECURITY_MEASURE_EXECUTION,B.2 Xử lý vi phạm hành chính,in_scope,,,,draft,none,none,none,no,1,0
BRD-SRC-THANHTRA-SUPERVISION_ACTIVITY_REPORT,THANHTRA,SUPERVISION_ACTIVITY_REPORT,B.1 Hoạt động thanh tra - kiểm tra,out_of_scope,,,,none,none,none,none,no,0,0
BRD-SRC-THANHTRA-VIOLATION_BEHAVIOR,THANHTRA,VIOLATION_BEHAVIOR,B.2 Xử lý vi phạm hành chính,in_scope,,,,draft,done,none,none,no,1,1
BRD-SRC-THANHTRA-VIOLATION_BEHAVIOR_LEGAL_DOCUMENT,THANHTRA,VIOLATION_BEHAVIOR_LEGAL_DOCUMENT,B.2 Xử lý vi phạm hành chính,out_of_scope,,,,none,none,none,none,no,0,0
BRD-SRC-THANHTRA-VIOLATION_CASE,THANHTRA,VIOLATION_CASE,B.2 Xử lý vi phạm hành chính,in_scope,,,,none,done,none,none,no,0,1
BRD-SRC-THANHTRA-VIOLATION_CASE_OUTPUT_DOCUMENT,THANHTRA,VIOLATION_CASE_OUTPUT_DOCUMENT,B.2 Xử lý vi phạm hành chính,in_scope,,,,draft,none,none,none,no,1,0
BRD-SRC-THANHTRA-VIOLATION_CASE_RECEIVED_DOCUMENT,THANHTRA,VIOLATION_CASE_RECEIVED_DOCUMENT,B.2 Xử lý vi phạm hành chính,in_scope,,,,approved,none,none,none,no,1,0
BRD-SRC-THANHTRA-VIOLATION_CASE_STATUS_HISTORY,THANHTRA,VIOLATION_CASE_STATUS_HISTORY,B.2 Xử lý vi phạm hành chính,in_scope,,,,none,none,none,none,no,0,0
BRD-SRC-THANHTRA-VIOLATION_RECORD,THANHTRA,VIOLATION_RECORD,B.2 Xử lý vi phạm hành chính,in_scope,,,,none,none,none,none,no,0,0
BRD-SRC-THANHTRA-VIOLATION_RECORD_BEHAVIOR,THANHTRA,VIOLATION_RECORD_BEHAVIOR,B.2 Xử lý vi phạm hành chính,in_scope,,,,draft,none,none,none,no,1,0
BRD-SRC-THANHTRA-VPHC_PROCESS_OFFICIAL_LETTER,THANHTRA,VPHC_PROCESS_OFFICIAL_LETTER,B.2 Xử lý vi phạm hành chính,in_scope,,,,none,none,none,none,no,0,0
BRD-SRC-THANHTRA-dynamic_column,THANHTRA,dynamic_column,B.8 Quản trị phân hệ,out_of_scope,Operational/system data — cấu hình cột động hệ thống,,,none,none,none,none,no,0,0
BRD-SRC-THANHTRA-dynamic_connection,THANHTRA,dynamic_connection,B.8 Quản trị phân hệ,out_of_scope,Operational/system data — cấu hình kết nối động hệ thống,,,none,none,none,none,no,0,0
BRD-SRC-THANHTRA-dynamic_generator_config,THANHTRA,dynamic_generator_config,B.8 Quản trị phân hệ,out_of_scope,Operational/system data — cấu hình bộ sinh mã động,,,none,none,none,none,no,0,0
BRD-SRC-THANHTRA-dynamic_generator_seq,THANHTRA,dynamic_generator_seq,B.8 Quản trị phân hệ,out_of_scope,Operational/system data — sequence bộ sinh mã động,,,none,none,none,none,no,0,0
BRD-SRC-THANHTRA-dynamic_table,THANHTRA,dynamic_table,B.8 Quản trị phân hệ,out_of_scope,Operational/system data — cấu hình bảng động hệ thống,,,none,none,none,none,no,0,0
BRD-SRC-THANHTRA-flyway_schema_history,THANHTRA,flyway_schema_history,B.8 Quản trị phân hệ,out_of_scope,"Operational/system data — lịch sử DB migration (Flyway), không phải dữ liệu nghiệp vụ",,,none,none,none,none,no,0,0
BRD-SRC-TTHC-AliasPartIndex,TTHC,AliasPartIndex,UID-01 Hồ sơ chào bán chứng khoán,out_of_scope,Operational/system data — không có giá trị nghiệp vụ,,,none,none,none,none,no,0,0
BRD-SRC-TTHC-Audit_AuditTrailEventIndex,TTHC,Audit_AuditTrailEventIndex,UID-04 Audit và thông báo,out_of_scope,Không xuất hiện trong 2 yêu cầu báo cáo hiện tại,,,none,none,none,none,no,0,0
BRD-SRC-TTHC-Audit_Document,TTHC,Audit_Document,UID-04 Audit và thông báo,out_of_scope,ETL không đọc Document.Content — cascade drop từ Audit_AuditTrailEventIndex,,,none,none,none,none,no,0,0
BRD-SRC-TTHC-AutoroutePartIndex,TTHC,AutoroutePartIndex,UID-01 Hồ sơ chào bán chứng khoán,out_of_scope,Operational/system data — không có giá trị nghiệp vụ,,,none,none,none,none,no,0,0
BRD-SRC-TTHC-BooleanFieldIndex,TTHC,BooleanFieldIndex,UID-01 Hồ sơ chào bán chứng khoán,in_scope,,,daily,none,none,none,none,no,0,0
BRD-SRC-TTHC-ContainedPartIndex,TTHC,ContainedPartIndex,UID-01 Hồ sơ chào bán chứng khoán,out_of_scope,Operational/system data — không có giá trị nghiệp vụ,,,none,none,none,none,no,0,0
BRD-SRC-TTHC-ContentItemIndex,TTHC,ContentItemIndex,UID-01 Hồ sơ chào bán chứng khoán,in_scope,,,daily,none,none,none,none,no,0,0
BRD-SRC-TTHC-ContentPickerFieldIndex,TTHC,ContentPickerFieldIndex,UID-01 Hồ sơ chào bán chứng khoán,in_scope,,,daily,none,none,none,none,no,0,0
BRD-SRC-TTHC-DateFieldIndex,TTHC,DateFieldIndex,UID-01 Hồ sơ chào bán chứng khoán,in_scope,,,daily,none,none,none,none,no,0,0
BRD-SRC-TTHC-DateTimeFieldIndex,TTHC,DateTimeFieldIndex,UID-01 Hồ sơ chào bán chứng khoán,in_scope,,,daily,none,none,none,none,no,0,0
BRD-SRC-TTHC-DeploymentPlanIndex,TTHC,DeploymentPlanIndex,UID-01 Hồ sơ chào bán chứng khoán,out_of_scope,Operational/system data — không có giá trị nghiệp vụ,,,none,none,none,none,no,0,0
BRD-SRC-TTHC-Document,TTHC,Document,UID-01 Hồ sơ chào bán chứng khoán,in_scope,,,daily,none,none,none,none,no,0,0
BRD-SRC-TTHC-FLYWAY_SCHEMA_HISTORY,TTHC,FLYWAY_SCHEMA_HISTORY,TTHC - Chưa phân loại (pending),pending,,,,none,none,none,none,no,0,0
BRD-SRC-TTHC-HtmlFieldIndex,TTHC,HtmlFieldIndex,UID-01 Hồ sơ chào bán chứng khoán,in_scope,,,daily,none,none,none,none,no,0,0
BRD-SRC-TTHC-IndexingTask,TTHC,IndexingTask,UID-01 Hồ sơ chào bán chứng khoán,out_of_scope,Operational/system data — không có giá trị nghiệp vụ,,,none,none,none,none,no,0,0
BRD-SRC-TTHC-LayerMetadataIndex,TTHC,LayerMetadataIndex,UID-01 Hồ sơ chào bán chứng khoán,out_of_scope,Operational/system data — không có giá trị nghiệp vụ,,,none,none,none,none,no,0,0
BRD-SRC-TTHC-LinkFieldIndex,TTHC,LinkFieldIndex,UID-01 Hồ sơ chào bán chứng khoán,in_scope,,,daily,none,none,none,none,no,0,0
BRD-SRC-TTHC-MultiTextFieldIndex,TTHC,MultiTextFieldIndex,UID-01 Hồ sơ chào bán chứng khoán,in_scope,,,daily,none,none,none,none,no,0,0
BRD-SRC-TTHC-Notification_Document,TTHC,Notification_Document,UID-04 Audit và thông báo,out_of_scope,ETL không đọc Document.Content — cascade drop từ Notification_NotificationIndex,,,none,none,none,none,no,0,0
BRD-SRC-TTHC-Notification_NotificationIndex,TTHC,Notification_NotificationIndex,UID-04 Audit và thông báo,out_of_scope,Không xuất hiện trong 2 yêu cầu báo cáo hiện tại,,,none,none,none,none,no,0,0
BRD-SRC-TTHC-NumericFieldIndex,TTHC,NumericFieldIndex,UID-01 Hồ sơ chào bán chứng khoán,in_scope,,,daily,none,none,none,none,no,0,0
BRD-SRC-TTHC-OAUTH2_AUTHORIZATION,TTHC,OAUTH2_AUTHORIZATION,TTHC - Chưa phân loại (pending),pending,,,,none,none,none,none,no,0,0
BRD-SRC-TTHC-OAUTH2_AUTHORIZATION_CONSENT,TTHC,OAUTH2_AUTHORIZATION_CONSENT,TTHC - Chưa phân loại (pending),pending,,,,none,none,none,none,no,0,0
BRD-SRC-TTHC-OAUTH2_REGISTERED_CLIENT,TTHC,OAUTH2_REGISTERED_CLIENT,TTHC - Chưa phân loại (pending),pending,,,,none,none,none,none,no,0,0
BRD-SRC-TTHC-OpenId_Document,TTHC,OpenId_Document,UID-03 Phân quyền người dùng,out_of_scope,Operational/system data — không có giá trị nghiệp vụ,,,none,none,none,none,no,0,0
BRD-SRC-TTHC-OpenId_OpenIdAppByLogoutUriIndex,TTHC,OpenId_OpenIdAppByLogoutUriIndex,UID-03 Phân quyền người dùng,out_of_scope,Operational/system data — không có giá trị nghiệp vụ,,,none,none,none,none,no,0,0
BRD-SRC-TTHC-OpenId_OpenIdAppByLogoutUriIndex_OpenId_Document,TTHC,OpenId_OpenIdAppByLogoutUriIndex_OpenId_Document,UID-03 Phân quyền người dùng,out_of_scope,Cascade drop từ OpenId_OpenIdAppByLogoutUriIndex — không có giá trị nghiệp vụ,,,none,none,none,none,no,0,0
BRD-SRC-TTHC-OpenId_OpenIdAppByRedirectUriIndex,TTHC,OpenId_OpenIdAppByRedirectUriIndex,UID-03 Phân quyền người dùng,out_of_scope,Operational/system data — không có giá trị nghiệp vụ,,,none,none,none,none,no,0,0
BRD-SRC-TTHC-OpenId_OpenIdAppByRedirectUriIndex_OpenId_Document,TTHC,OpenId_OpenIdAppByRedirectUriIndex_OpenId_Document,UID-03 Phân quyền người dùng,out_of_scope,Cascade drop từ OpenId_OpenIdAppByRedirectUriIndex — không có giá trị nghiệp vụ,,,none,none,none,none,no,0,0
BRD-SRC-TTHC-OpenId_OpenIdAppByRoleNameIndex,TTHC,OpenId_OpenIdAppByRoleNameIndex,UID-03 Phân quyền người dùng,out_of_scope,Operational/system data — không có giá trị nghiệp vụ,,,none,none,none,none,no,0,0
BRD-SRC-TTHC-OpenId_OpenIdAppByRoleNameIndex_OpenId_Document,TTHC,OpenId_OpenIdAppByRoleNameIndex_OpenId_Document,UID-03 Phân quyền người dùng,out_of_scope,Cascade drop từ OpenId_OpenIdAppByRoleNameIndex — không có giá trị nghiệp vụ,,,none,none,none,none,no,0,0
BRD-SRC-TTHC-OpenId_OpenIdApplicationIndex,TTHC,OpenId_OpenIdApplicationIndex,UID-03 Phân quyền người dùng,out_of_scope,Operational/system data — không có giá trị nghiệp vụ,,,none,none,none,none,no,0,0
BRD-SRC-TTHC-OpenId_OpenIdAuthorizationIndex,TTHC,OpenId_OpenIdAuthorizationIndex,UID-03 Phân quyền người dùng,out_of_scope,Operational/system data — không có giá trị nghiệp vụ,,,none,none,none,none,no,0,0
BRD-SRC-TTHC-OpenId_OpenIdScopeByResourceIndex_OpenId_Document,TTHC,OpenId_OpenIdScopeByResourceIndex_OpenId_Document,UID-03 Phân quyền người dùng,out_of_scope,Cascade drop từ OpenId_OpenIdScopeByResourceIndex — không có giá trị nghiệp vụ,,,none,none,none,none,no,0,0
BRD-SRC-TTHC-OpenId_OpenIdScopeIndex,TTHC,OpenId_OpenIdScopeIndex,UID-03 Phân quyền người dùng,out_of_scope,Operational/system data — không có giá trị nghiệp vụ,,,none,none,none,none,no,0,0
BRD-SRC-TTHC-OpenId_OpenIdTokenIndex,TTHC,OpenId_OpenIdTokenIndex,UID-03 Phân quyền người dùng,out_of_scope,Operational/system data — không có giá trị nghiệp vụ,,,none,none,none,none,no,0,0
BRD-SRC-TTHC-SMSPROVIDERCONFIG,TTHC,SMSPROVIDERCONFIG,TTHC - Chưa phân loại (pending),pending,,,,none,none,none,none,no,0,0
BRD-SRC-TTHC-TRIGGER_ACTION_LOGS,TTHC,TRIGGER_ACTION_LOGS,TTHC - Chưa phân loại (pending),pending,,,,none,none,none,none,no,0,0
BRD-SRC-TTHC-TRIGGER_LOGS,TTHC,TRIGGER_LOGS,TTHC - Chưa phân loại (pending),pending,,,,none,none,none,none,no,0,0
BRD-SRC-TTHC-TVRP_ACTION_RATE_COUNT,TTHC,TVRP_ACTION_RATE_COUNT,TTHC - Chưa phân loại (pending),pending,,,,none,none,none,none,no,0,0
BRD-SRC-TTHC-TVRP_AUDIT_LOG,TTHC,TVRP_AUDIT_LOG,TTHC - Chưa phân loại (pending),pending,,,,none,none,none,none,no,0,0
BRD-SRC-TTHC-TVRP_CALENDAR,TTHC,TVRP_CALENDAR,TTHC - Chưa phân loại (pending),pending,,,,none,none,none,none,no,0,0
BRD-SRC-TTHC-TVRP_CALENDAR_BUSINESS_HOURS,TTHC,TVRP_CALENDAR_BUSINESS_HOURS,TTHC - Chưa phân loại (pending),pending,,,,none,none,none,none,no,0,0
BRD-SRC-TTHC-TVRP_CALENDAR_EVENT,TTHC,TVRP_CALENDAR_EVENT,TTHC - Chưa phân loại (pending),pending,,,,none,none,none,none,no,0,0
BRD-SRC-TTHC-TVRP_CONFIGURATION_TRACE,TTHC,TVRP_CONFIGURATION_TRACE,TTHC - Chưa phân loại (pending),pending,,,,none,none,none,none,no,0,0
BRD-SRC-TTHC-TVRP_CONFIGURATION_VALUE,TTHC,TVRP_CONFIGURATION_VALUE,TTHC - Chưa phân loại (pending),pending,,,,none,none,none,none,no,0,0
BRD-SRC-TTHC-TVRP_CONFIG_EXPORT_MODULES,TTHC,TVRP_CONFIG_EXPORT_MODULES,TTHC - Chưa phân loại (pending),pending,,,,none,none,none,none,no,0,0
BRD-SRC-TTHC-TVRP_CONFIG_EXPORT_PACKAGE,TTHC,TVRP_CONFIG_EXPORT_PACKAGE,TTHC - Chưa phân loại (pending),pending,,,,none,none,none,none,no,0,0
BRD-SRC-TTHC-TVRP_CONFIG_TRANSLATION,TTHC,TVRP_CONFIG_TRANSLATION,TTHC - Chưa phân loại (pending),pending,,,,none,none,none,none,no,0,0
BRD-SRC-TTHC-TVRP_CONTENT_EXTENSION,TTHC,TVRP_CONTENT_EXTENSION,TTHC - Chưa phân loại (pending),pending,,,,none,none,none,none,no,0,0
BRD-SRC-TTHC-TVRP_CONTENT_INDEX_DEFINITION,TTHC,TVRP_CONTENT_INDEX_DEFINITION,TTHC - Chưa phân loại (pending),pending,,,,none,none,none,none,no,0,0
BRD-SRC-TTHC-TVRP_CONTENT_INDEX_VALUE,TTHC,TVRP_CONTENT_INDEX_VALUE,TTHC - Chưa phân loại (pending),pending,,,,none,none,none,none,no,0,0
BRD-SRC-TTHC-TVRP_CONTENT_ITEM_SCOPE,TTHC,TVRP_CONTENT_ITEM_SCOPE,TTHC - Chưa phân loại (pending),pending,,,,none,none,none,none,no,0,0
BRD-SRC-TTHC-TVRP_CONTENT_STATE_SNAPSHOT,TTHC,TVRP_CONTENT_STATE_SNAPSHOT,TTHC - Chưa phân loại (pending),pending,,,,none,none,none,none,no,0,0
BRD-SRC-TTHC-TVRP_CONTENT_TRANSLATION_INDEX,TTHC,TVRP_CONTENT_TRANSLATION_INDEX,TTHC - Chưa phân loại (pending),pending,,,,none,none,none,none,no,0,0
BRD-SRC-TTHC-TVRP_CONTENT_VERSION,TTHC,TVRP_CONTENT_VERSION,TTHC - Chưa phân loại (pending),pending,,,,none,none,none,none,no,0,0
BRD-SRC-TTHC-TVRP_CONTENT_WORKFLOW_STATE_INDEX,TTHC,TVRP_CONTENT_WORKFLOW_STATE_INDEX,TTHC - Chưa phân loại (pending),pending,,,,none,none,none,none,no,0,0
BRD-SRC-TTHC-TVRP_CS_CATALOG_PRODUCT,TTHC,TVRP_CS_CATALOG_PRODUCT,TTHC - Chưa phân loại (pending),pending,,,,none,none,none,none,no,0,0
BRD-SRC-TTHC-TVRP_CS_CATALOG_PRODUCT_OP,TTHC,TVRP_CS_CATALOG_PRODUCT_OP,TTHC - Chưa phân loại (pending),pending,,,,none,none,none,none,no,0,0
BRD-SRC-TTHC-TVRP_CS_FEDERATION,TTHC,TVRP_CS_FEDERATION,TTHC - Chưa phân loại (pending),pending,,,,none,none,none,none,no,0,0
BRD-SRC-TTHC-TVRP_CS_FEDERATION_MOUNT,TTHC,TVRP_CS_FEDERATION_MOUNT,TTHC - Chưa phân loại (pending),pending,,,,none,none,none,none,no,0,0
BRD-SRC-TTHC-TVRP_CS_HARVEST,TTHC,TVRP_CS_HARVEST,TTHC - Chưa phân loại (pending),pending,,,,none,none,none,none,no,0,0
BRD-SRC-TTHC-TVRP_CS_HARVEST_CHECKPOINT,TTHC,TVRP_CS_HARVEST_CHECKPOINT,TTHC - Chưa phân loại (pending),pending,,,,none,none,none,none,no,0,0
BRD-SRC-TTHC-TVRP_CS_HARVEST_RUN,TTHC,TVRP_CS_HARVEST_RUN,TTHC - Chưa phân loại (pending),pending,,,,none,none,none,none,no,0,0
BRD-SRC-TTHC-TVRP_CS_JOB,TTHC,TVRP_CS_JOB,TTHC - Chưa phân loại (pending),pending,,,,none,none,none,none,no,0,0
BRD-SRC-TTHC-TVRP_CS_JOB_EXECUTION,TTHC,TVRP_CS_JOB_EXECUTION,TTHC - Chưa phân loại (pending),pending,,,,none,none,none,none,no,0,0
BRD-SRC-TTHC-TVRP_CS_LINEAGE_EDGE,TTHC,TVRP_CS_LINEAGE_EDGE,TTHC - Chưa phân loại (pending),pending,,,,none,none,none,none,no,0,0
BRD-SRC-TTHC-TVRP_CS_LINEAGE_NODE,TTHC,TVRP_CS_LINEAGE_NODE,TTHC - Chưa phân loại (pending),pending,,,,none,none,none,none,no,0,0
BRD-SRC-TTHC-TVRP_CS_MOCK_FIXTURE,TTHC,TVRP_CS_MOCK_FIXTURE,TTHC - Chưa phân loại (pending),pending,,,,none,none,none,none,no,0,0
BRD-SRC-TTHC-TVRP_CS_OPERATION,TTHC,TVRP_CS_OPERATION,TTHC - Chưa phân loại (pending),pending,,,,none,none,none,none,no,0,0
BRD-SRC-TTHC-TVRP_CS_OP_PIPELINE,TTHC,TVRP_CS_OP_PIPELINE,TTHC - Chưa phân loại (pending),pending,,,,none,none,none,none,no,0,0
BRD-SRC-TTHC-TVRP_CS_OP_POLICY,TTHC,TVRP_CS_OP_POLICY,TTHC - Chưa phân loại (pending),pending,,,,none,none,none,none,no,0,0
BRD-SRC-TTHC-TVRP_CS_OP_USAGE_DAILY,TTHC,TVRP_CS_OP_USAGE_DAILY,TTHC - Chưa phân loại (pending),pending,,,,none,none,none,none,no,0,0
BRD-SRC-TTHC-TVRP_CS_OP_USAGE_LOG,TTHC,TVRP_CS_OP_USAGE_LOG,TTHC - Chưa phân loại (pending),pending,,,,none,none,none,none,no,0,0
BRD-SRC-TTHC-TVRP_CS_OP_VERSION,TTHC,TVRP_CS_OP_VERSION,TTHC - Chưa phân loại (pending),pending,,,,none,none,none,none,no,0,0
BRD-SRC-TTHC-TVRP_CS_PROXY_CONTENT_TYPE,TTHC,TVRP_CS_PROXY_CONTENT_TYPE,TTHC - Chưa phân loại (pending),pending,,,,none,none,none,none,no,0,0
BRD-SRC-TTHC-TVRP_CS_QUALITY_RULE,TTHC,TVRP_CS_QUALITY_RULE,TTHC - Chưa phân loại (pending),pending,,,,none,none,none,none,no,0,0
BRD-SRC-TTHC-TVRP_CS_QUALITY_RULE_RUN,TTHC,TVRP_CS_QUALITY_RULE_RUN,TTHC - Chưa phân loại (pending),pending,,,,none,none,none,none,no,0,0
BRD-SRC-TTHC-TVRP_CS_QUALITY_VIOLATION,TTHC,TVRP_CS_QUALITY_VIOLATION,TTHC - Chưa phân loại (pending),pending,,,,none,none,none,none,no,0,0
BRD-SRC-TTHC-TVRP_CS_SCHEMA,TTHC,TVRP_CS_SCHEMA,TTHC - Chưa phân loại (pending),pending,,,,none,none,none,none,no,0,0
BRD-SRC-TTHC-TVRP_CS_SOURCE,TTHC,TVRP_CS_SOURCE,TTHC - Chưa phân loại (pending),pending,,,,none,none,none,none,no,0,0
BRD-SRC-TTHC-TVRP_CS_STREAM,TTHC,TVRP_CS_STREAM,TTHC - Chưa phân loại (pending),pending,,,,none,none,none,none,no,0,0
BRD-SRC-TTHC-TVRP_CS_STREAM_DLQ,TTHC,TVRP_CS_STREAM_DLQ,TTHC - Chưa phân loại (pending),pending,,,,none,none,none,none,no,0,0
BRD-SRC-TTHC-TVRP_CS_STREAM_SUBSCRIPTION,TTHC,TVRP_CS_STREAM_SUBSCRIPTION,TTHC - Chưa phân loại (pending),pending,,,,none,none,none,none,no,0,0
BRD-SRC-TTHC-TVRP_CS_WEBHOOK,TTHC,TVRP_CS_WEBHOOK,TTHC - Chưa phân loại (pending),pending,,,,none,none,none,none,no,0,0
BRD-SRC-TTHC-TVRP_CS_WEBHOOK_DELIVERY,TTHC,TVRP_CS_WEBHOOK_DELIVERY,TTHC - Chưa phân loại (pending),pending,,,,none,none,none,none,no,0,0
BRD-SRC-TTHC-TVRP_CS_WEBHOOK_NONCE,TTHC,TVRP_CS_WEBHOOK_NONCE,TTHC - Chưa phân loại (pending),pending,,,,none,none,none,none,no,0,0
BRD-SRC-TTHC-TVRP_DASHBOARD_LAYOUT,TTHC,TVRP_DASHBOARD_LAYOUT,TTHC - Chưa phân loại (pending),pending,,,,none,none,none,none,no,0,0
BRD-SRC-TTHC-TVRP_DASHBOARD_LAYOUT_HISTORY,TTHC,TVRP_DASHBOARD_LAYOUT_HISTORY,TTHC - Chưa phân loại (pending),pending,,,,none,none,none,none,no,0,0
BRD-SRC-TTHC-TVRP_DASHBOARD_WIDGET_PREF,TTHC,TVRP_DASHBOARD_WIDGET_PREF,TTHC - Chưa phân loại (pending),pending,,,,none,none,none,none,no,0,0
BRD-SRC-TTHC-TVRP_DATA_MAPPING,TTHC,TVRP_DATA_MAPPING,TTHC - Chưa phân loại (pending),pending,,,,none,none,none,none,no,0,0
BRD-SRC-TTHC-TVRP_DATA_POLICIES,TTHC,TVRP_DATA_POLICIES,TTHC - Chưa phân loại (pending),pending,,,,none,none,none,none,no,0,0
BRD-SRC-TTHC-TVRP_DATA_POLICIES_HISTORY,TTHC,TVRP_DATA_POLICIES_HISTORY,TTHC - Chưa phân loại (pending),pending,,,,none,none,none,none,no,0,0
BRD-SRC-TTHC-TVRP_DECISION_TREE_EVAL_LOG,TTHC,TVRP_DECISION_TREE_EVAL_LOG,TTHC - Chưa phân loại (pending),pending,,,,none,none,none,none,no,0,0
BRD-SRC-TTHC-TVRP_DECISION_TREE_VERSION,TTHC,TVRP_DECISION_TREE_VERSION,TTHC - Chưa phân loại (pending),pending,,,,none,none,none,none,no,0,0
BRD-SRC-TTHC-TVRP_DELEGATION_APPROVAL,TTHC,TVRP_DELEGATION_APPROVAL,TTHC - Chưa phân loại (pending),pending,,,,none,none,none,none,no,0,0
BRD-SRC-TTHC-TVRP_DELEGATION_AUDIT_LOG,TTHC,TVRP_DELEGATION_AUDIT_LOG,TTHC - Chưa phân loại (pending),pending,,,,none,none,none,none,no,0,0
BRD-SRC-TTHC-TVRP_DELEGATION_RECERTIFICATION,TTHC,TVRP_DELEGATION_RECERTIFICATION,TTHC - Chưa phân loại (pending),pending,,,,none,none,none,none,no,0,0
BRD-SRC-TTHC-TVRP_DLG_AUTO_RULE,TTHC,TVRP_DLG_AUTO_RULE,TTHC - Chưa phân loại (pending),pending,,,,none,none,none,none,no,0,0
BRD-SRC-TTHC-TVRP_DLG_EMERGENCY_GRANT,TTHC,TVRP_DLG_EMERGENCY_GRANT,TTHC - Chưa phân loại (pending),pending,,,,none,none,none,none,no,0,0
BRD-SRC-TTHC-TVRP_DLG_EXTERNAL_PARTY,TTHC,TVRP_DLG_EXTERNAL_PARTY,TTHC - Chưa phân loại (pending),pending,,,,none,none,none,none,no,0,0
BRD-SRC-TTHC-TVRP_DLG_INBOX_READ_MARKER,TTHC,TVRP_DLG_INBOX_READ_MARKER,TTHC - Chưa phân loại (pending),pending,,,,none,none,none,none,no,0,0
BRD-SRC-TTHC-TVRP_DLG_RECERT_CAMPAIGN,TTHC,TVRP_DLG_RECERT_CAMPAIGN,TTHC - Chưa phân loại (pending),pending,,,,none,none,none,none,no,0,0
BRD-SRC-TTHC-TVRP_DLG_SOD_VIOLATION_LOG,TTHC,TVRP_DLG_SOD_VIOLATION_LOG,TTHC - Chưa phân loại (pending),pending,,,,none,none,none,none,no,0,0
BRD-SRC-TTHC-TVRP_DLG_TEMPLATE,TTHC,TVRP_DLG_TEMPLATE,TTHC - Chưa phân loại (pending),pending,,,,none,none,none,none,no,0,0
BRD-SRC-TTHC-TVRP_DRAFT,TTHC,TVRP_DRAFT,TTHC - Chưa phân loại (pending),pending,,,,none,none,none,none,no,0,0
BRD-SRC-TTHC-TVRP_ENDPOINT_ACCESS_POLICY,TTHC,TVRP_ENDPOINT_ACCESS_POLICY,TTHC - Chưa phân loại (pending),pending,,,,none,none,none,none,no,0,0
BRD-SRC-TTHC-TVRP_ENDPOINT_RULE_TEMPLATE,TTHC,TVRP_ENDPOINT_RULE_TEMPLATE,TTHC - Chưa phân loại (pending),pending,,,,none,none,none,none,no,0,0
BRD-SRC-TTHC-TVRP_FIELD_PERMISSION,TTHC,TVRP_FIELD_PERMISSION,TTHC - Chưa phân loại (pending),pending,,,,none,none,none,none,no,0,0
BRD-SRC-TTHC-TVRP_FRAGMENT_ASSETS,TTHC,TVRP_FRAGMENT_ASSETS,TTHC - Chưa phân loại (pending),pending,,,,none,none,none,none,no,0,0
BRD-SRC-TTHC-TVRP_GA4_CONFIGS,TTHC,TVRP_GA4_CONFIGS,TTHC - Chưa phân loại (pending),pending,,,,none,none,none,none,no,0,0
BRD-SRC-TTHC-TVRP_GIT_INTEGRATION_CONFIG,TTHC,TVRP_GIT_INTEGRATION_CONFIG,TTHC - Chưa phân loại (pending),pending,,,,none,none,none,none,no,0,0
BRD-SRC-TTHC-TVRP_MASTER_PAGE_ASSETS,TTHC,TVRP_MASTER_PAGE_ASSETS,TTHC - Chưa phân loại (pending),pending,,,,none,none,none,none,no,0,0
BRD-SRC-TTHC-TVRP_MEDIA_FILE,TTHC,TVRP_MEDIA_FILE,TTHC - Chưa phân loại (pending),pending,,,,none,none,none,none,no,0,0
BRD-SRC-TTHC-TVRP_MIGRATION_TRACKING,TTHC,TVRP_MIGRATION_TRACKING,TTHC - Chưa phân loại (pending),pending,,,,none,none,none,none,no,0,0
BRD-SRC-TTHC-TVRP_NOTIFICATION_HISTORY,TTHC,TVRP_NOTIFICATION_HISTORY,TTHC - Chưa phân loại (pending),pending,,,,none,none,none,none,no,0,0
BRD-SRC-TTHC-TVRP_NOTIFICATION_PROVIDER,TTHC,TVRP_NOTIFICATION_PROVIDER,TTHC - Chưa phân loại (pending),pending,,,,none,none,none,none,no,0,0
BRD-SRC-TTHC-TVRP_NOTIFICATION_PROVIDER_PROPS,TTHC,TVRP_NOTIFICATION_PROVIDER_PROPS,TTHC - Chưa phân loại (pending),pending,,,,none,none,none,none,no,0,0
BRD-SRC-TTHC-TVRP_OAUTH2_CLIENT_META,TTHC,TVRP_OAUTH2_CLIENT_META,TTHC - Chưa phân loại (pending),pending,,,,none,none,none,none,no,0,0
BRD-SRC-TTHC-TVRP_OAUTH2_PROVIDER,TTHC,TVRP_OAUTH2_PROVIDER,TTHC - Chưa phân loại (pending),pending,,,,none,none,none,none,no,0,0
BRD-SRC-TTHC-TVRP_OBS_PROBLEM,TTHC,TVRP_OBS_PROBLEM,TTHC - Chưa phân loại (pending),pending,,,,none,none,none,none,no,0,0
BRD-SRC-TTHC-TVRP_OBS_PROBLEM_EVENT,TTHC,TVRP_OBS_PROBLEM_EVENT,TTHC - Chưa phân loại (pending),pending,,,,none,none,none,none,no,0,0
BRD-SRC-TTHC-TVRP_OBS_SLO,TTHC,TVRP_OBS_SLO,TTHC - Chưa phân loại (pending),pending,,,,none,none,none,none,no,0,0
BRD-SRC-TTHC-TVRP_OD_API_KEY,TTHC,TVRP_OD_API_KEY,TTHC - Chưa phân loại (pending),pending,,,,none,none,none,none,no,0,0
BRD-SRC-TTHC-TVRP_OD_CATALOG,TTHC,TVRP_OD_CATALOG,TTHC - Chưa phân loại (pending),pending,,,,none,none,none,none,no,0,0
BRD-SRC-TTHC-TVRP_OD_DATASET,TTHC,TVRP_OD_DATASET,TTHC - Chưa phân loại (pending),pending,,,,none,none,none,none,no,0,0
BRD-SRC-TTHC-TVRP_OD_DATASET_SCHEMA_BINDING,TTHC,TVRP_OD_DATASET_SCHEMA_BINDING,TTHC - Chưa phân loại (pending),pending,,,,none,none,none,none,no,0,0
BRD-SRC-TTHC-TVRP_OD_DATASET_SNAPSHOT_TAG,TTHC,TVRP_OD_DATASET_SNAPSHOT_TAG,TTHC - Chưa phân loại (pending),pending,,,,none,none,none,none,no,0,0
BRD-SRC-TTHC-TVRP_OD_DATASTORE_TABLE,TTHC,TVRP_OD_DATASTORE_TABLE,TTHC - Chưa phân loại (pending),pending,,,,none,none,none,none,no,0,0
BRD-SRC-TTHC-TVRP_OD_DEV_APPLICATION,TTHC,TVRP_OD_DEV_APPLICATION,TTHC - Chưa phân loại (pending),pending,,,,none,none,none,none,no,0,0
BRD-SRC-TTHC-TVRP_OD_DISTRIBUTION,TTHC,TVRP_OD_DISTRIBUTION,TTHC - Chưa phân loại (pending),pending,,,,none,none,none,none,no,0,0
BRD-SRC-TTHC-TVRP_OD_EXPORT_JOB,TTHC,TVRP_OD_EXPORT_JOB,TTHC - Chưa phân loại (pending),pending,,,,none,none,none,none,no,0,0
BRD-SRC-TTHC-TVRP_OD_POLICY,TTHC,TVRP_OD_POLICY,TTHC - Chưa phân loại (pending),pending,,,,none,none,none,none,no,0,0
BRD-SRC-TTHC-TVRP_OD_PUBLISHER,TTHC,TVRP_OD_PUBLISHER,TTHC - Chưa phân loại (pending),pending,,,,none,none,none,none,no,0,0
BRD-SRC-TTHC-TVRP_OD_QUALITY_RULE,TTHC,TVRP_OD_QUALITY_RULE,TTHC - Chưa phân loại (pending),pending,,,,none,none,none,none,no,0,0
BRD-SRC-TTHC-TVRP_OD_QUALITY_RULE_RUN,TTHC,TVRP_OD_QUALITY_RULE_RUN,TTHC - Chưa phân loại (pending),pending,,,,none,none,none,none,no,0,0
BRD-SRC-TTHC-TVRP_OD_QUALITY_VIOLATION,TTHC,TVRP_OD_QUALITY_VIOLATION,TTHC - Chưa phân loại (pending),pending,,,,none,none,none,none,no,0,0
BRD-SRC-TTHC-TVRP_OD_SCHEMA_PROFILE,TTHC,TVRP_OD_SCHEMA_PROFILE,TTHC - Chưa phân loại (pending),pending,,,,none,none,none,none,no,0,0
BRD-SRC-TTHC-TVRP_OD_SCHEMA_PROFILE_FIELD,TTHC,TVRP_OD_SCHEMA_PROFILE_FIELD,TTHC - Chưa phân loại (pending),pending,,,,none,none,none,none,no,0,0
BRD-SRC-TTHC-TVRP_OD_SCHEMA_PROFILE_VERSION,TTHC,TVRP_OD_SCHEMA_PROFILE_VERSION,TTHC - Chưa phân loại (pending),pending,,,,none,none,none,none,no,0,0
BRD-SRC-TTHC-TVRP_OD_SPATIAL_VN,TTHC,TVRP_OD_SPATIAL_VN,TTHC - Chưa phân loại (pending),pending,,,,none,none,none,none,no,0,0
BRD-SRC-TTHC-TVRP_OD_SUBSCRIPTION,TTHC,TVRP_OD_SUBSCRIPTION,TTHC - Chưa phân loại (pending),pending,,,,none,none,none,none,no,0,0
BRD-SRC-TTHC-TVRP_OD_TAXONOMY_MERGE_LOG,TTHC,TVRP_OD_TAXONOMY_MERGE_LOG,TTHC - Chưa phân loại (pending),pending,,,,none,none,none,none,no,0,0
BRD-SRC-TTHC-TVRP_OD_TAXONOMY_TERM,TTHC,TVRP_OD_TAXONOMY_TERM,TTHC - Chưa phân loại (pending),pending,,,,none,none,none,none,no,0,0
BRD-SRC-TTHC-TVRP_OD_THEME,TTHC,TVRP_OD_THEME,TTHC - Chưa phân loại (pending),pending,,,,none,none,none,none,no,0,0
BRD-SRC-TTHC-TVRP_OD_USAGE_DAILY,TTHC,TVRP_OD_USAGE_DAILY,TTHC - Chưa phân loại (pending),pending,,,,none,none,none,none,no,0,0
BRD-SRC-TTHC-TVRP_OD_USAGE_LOG,TTHC,TVRP_OD_USAGE_LOG,TTHC - Chưa phân loại (pending),pending,,,,none,none,none,none,no,0,0
BRD-SRC-TTHC-TVRP_OD_VALIDATION_RULE,TTHC,TVRP_OD_VALIDATION_RULE,TTHC - Chưa phân loại (pending),pending,,,,none,none,none,none,no,0,0
BRD-SRC-TTHC-TVRP_OD_VERSION,TTHC,TVRP_OD_VERSION,TTHC - Chưa phân loại (pending),pending,,,,none,none,none,none,no,0,0
BRD-SRC-TTHC-TVRP_OD_WORKFLOW_EVENT,TTHC,TVRP_OD_WORKFLOW_EVENT,TTHC - Chưa phân loại (pending),pending,,,,none,none,none,none,no,0,0
BRD-SRC-TTHC-TVRP_ORG_UNITS,TTHC,TVRP_ORG_UNITS,TTHC - Chưa phân loại (pending),pending,,,,none,none,none,none,no,0,0
BRD-SRC-TTHC-TVRP_PATTERN_COUNTER,TTHC,TVRP_PATTERN_COUNTER,TTHC - Chưa phân loại (pending),pending,,,,none,none,none,none,no,0,0
BRD-SRC-TTHC-TVRP_POLICY_AUDIT,TTHC,TVRP_POLICY_AUDIT,TTHC - Chưa phân loại (pending),pending,,,,none,none,none,none,no,0,0
BRD-SRC-TTHC-TVRP_POLICY_AUDIT_CHAIN_LOCK,TTHC,TVRP_POLICY_AUDIT_CHAIN_LOCK,TTHC - Chưa phân loại (pending),pending,,,,none,none,none,none,no,0,0
BRD-SRC-TTHC-TVRP_POLICY_CHANGE_REQUEST,TTHC,TVRP_POLICY_CHANGE_REQUEST,TTHC - Chưa phân loại (pending),pending,,,,none,none,none,none,no,0,0
BRD-SRC-TTHC-TVRP_RECORD_AUDIT_LOG,TTHC,TVRP_RECORD_AUDIT_LOG,TTHC - Chưa phân loại (pending),pending,,,,none,none,none,none,no,0,0
BRD-SRC-TTHC-TVRP_REDIS_AUDIT_LOG,TTHC,TVRP_REDIS_AUDIT_LOG,TTHC - Chưa phân loại (pending),pending,,,,none,none,none,none,no,0,0
BRD-SRC-TTHC-TVRP_RESOURCE_GRANT,TTHC,TVRP_RESOURCE_GRANT,TTHC - Chưa phân loại (pending),pending,,,,none,none,none,none,no,0,0
BRD-SRC-TTHC-TVRP_ROLE_ORGUNIT_BINDING,TTHC,TVRP_ROLE_ORGUNIT_BINDING,TTHC - Chưa phân loại (pending),pending,,,,none,none,none,none,no,0,0
BRD-SRC-TTHC-TVRP_ROLE_SITE_BINDING,TTHC,TVRP_ROLE_SITE_BINDING,TTHC - Chưa phân loại (pending),pending,,,,none,none,none,none,no,0,0
BRD-SRC-TTHC-TVRP_SCOPE_TEMPLATES,TTHC,TVRP_SCOPE_TEMPLATES,TTHC - Chưa phân loại (pending),pending,,,,none,none,none,none,no,0,0
BRD-SRC-TTHC-TVRP_SEARCH_DOCUMENT,TTHC,TVRP_SEARCH_DOCUMENT,TTHC - Chưa phân loại (pending),pending,,,,none,none,none,none,no,0,0
BRD-SRC-TTHC-TVRP_SECURITY_RESOURCES,TTHC,TVRP_SECURITY_RESOURCES,TTHC - Chưa phân loại (pending),pending,,,,none,none,none,none,no,0,0
BRD-SRC-TTHC-TVRP_SERVICE_ACCOUNTS,TTHC,TVRP_SERVICE_ACCOUNTS,TTHC - Chưa phân loại (pending),pending,,,,none,none,none,none,no,0,0
BRD-SRC-TTHC-TVRP_SERVICE_ACCOUNT_KEYS,TTHC,TVRP_SERVICE_ACCOUNT_KEYS,TTHC - Chưa phân loại (pending),pending,,,,none,none,none,none,no,0,0
BRD-SRC-TTHC-TVRP_SERVICE_ACCOUNT_PERMISSION,TTHC,TVRP_SERVICE_ACCOUNT_PERMISSION,TTHC - Chưa phân loại (pending),pending,,,,none,none,none,none,no,0,0
BRD-SRC-TTHC-TVRP_SITE_DOMAIN_INDEX,TTHC,TVRP_SITE_DOMAIN_INDEX,TTHC - Chưa phân loại (pending),pending,,,,none,none,none,none,no,0,0
BRD-SRC-TTHC-TVRP_SITE_THEME_AUDIT,TTHC,TVRP_SITE_THEME_AUDIT,TTHC - Chưa phân loại (pending),pending,,,,none,none,none,none,no,0,0
BRD-SRC-TTHC-TVRP_SITE_THEME_VARIANT,TTHC,TVRP_SITE_THEME_VARIANT,TTHC - Chưa phân loại (pending),pending,,,,none,none,none,none,no,0,0
BRD-SRC-TTHC-TVRP_SOD_RULE,TTHC,TVRP_SOD_RULE,TTHC - Chưa phân loại (pending),pending,,,,none,none,none,none,no,0,0
BRD-SRC-TTHC-TVRP_SYSTEM_FLAGS,TTHC,TVRP_SYSTEM_FLAGS,TTHC - Chưa phân loại (pending),pending,,,,none,none,none,none,no,0,0
BRD-SRC-TTHC-TVRP_SYSTEM_TAXONOMIES,TTHC,TVRP_SYSTEM_TAXONOMIES,TTHC - Chưa phân loại (pending),pending,,,,none,none,none,none,no,0,0
BRD-SRC-TTHC-TVRP_TRIGGER_ACTION,TTHC,TVRP_TRIGGER_ACTION,TTHC - Chưa phân loại (pending),pending,,,,none,none,none,none,no,0,0
BRD-SRC-TTHC-TVRP_TRIGGER_ACTION_TEMPLATE,TTHC,TVRP_TRIGGER_ACTION_TEMPLATE,TTHC - Chưa phân loại (pending),pending,,,,none,none,none,none,no,0,0
BRD-SRC-TTHC-TVRP_TRIGGER_AUDIT_LOG,TTHC,TVRP_TRIGGER_AUDIT_LOG,TTHC - Chưa phân loại (pending),pending,,,,none,none,none,none,no,0,0
BRD-SRC-TTHC-TVRP_TRIGGER_DEFINITION,TTHC,TVRP_TRIGGER_DEFINITION,TTHC - Chưa phân loại (pending),pending,,,,none,none,none,none,no,0,0
BRD-SRC-TTHC-TVRP_TRIGGER_EXECUTION_STEP,TTHC,TVRP_TRIGGER_EXECUTION_STEP,TTHC - Chưa phân loại (pending),pending,,,,none,none,none,none,no,0,0
BRD-SRC-TTHC-TVRP_TRIGGER_REVISION,TTHC,TVRP_TRIGGER_REVISION,TTHC - Chưa phân loại (pending),pending,,,,none,none,none,none,no,0,0
BRD-SRC-TTHC-TVRP_TRIGGER_SETTING,TTHC,TVRP_TRIGGER_SETTING,TTHC - Chưa phân loại (pending),pending,,,,none,none,none,none,no,0,0
BRD-SRC-TTHC-TVRP_TRIGGER_SLA_BREACH,TTHC,TVRP_TRIGGER_SLA_BREACH,TTHC - Chưa phân loại (pending),pending,,,,none,none,none,none,no,0,0
BRD-SRC-TTHC-TVRP_UNIFIED_CONFIG_REVISION,TTHC,TVRP_UNIFIED_CONFIG_REVISION,TTHC - Chưa phân loại (pending),pending,,,,none,none,none,none,no,0,0
BRD-SRC-TTHC-TVRP_USERS,TTHC,TVRP_USERS,TTHC - Chưa phân loại (pending),pending,,,,none,none,none,none,no,0,0
BRD-SRC-TTHC-TVRP_USER_DELEGATION,TTHC,TVRP_USER_DELEGATION,TTHC - Chưa phân loại (pending),pending,,,,none,none,none,none,no,0,0
BRD-SRC-TTHC-TVRP_USER_DELEGATION_RESOURCE,TTHC,TVRP_USER_DELEGATION_RESOURCE,TTHC - Chưa phân loại (pending),pending,,,,none,none,none,none,no,0,0
BRD-SRC-TTHC-TVRP_USER_ORG_UNITS,TTHC,TVRP_USER_ORG_UNITS,TTHC - Chưa phân loại (pending),pending,,,,none,none,none,none,no,0,0
BRD-SRC-TTHC-TVRP_USER_ROLE_HISTORY,TTHC,TVRP_USER_ROLE_HISTORY,TTHC - Chưa phân loại (pending),pending,,,,none,none,none,none,no,0,0
BRD-SRC-TTHC-TVRP_USER_SCOPES,TTHC,TVRP_USER_SCOPES,TTHC - Chưa phân loại (pending),pending,,,,none,none,none,none,no,0,0
BRD-SRC-TTHC-TVRP_USER_SCOPE_TEMPLATES,TTHC,TVRP_USER_SCOPE_TEMPLATES,TTHC - Chưa phân loại (pending),pending,,,,none,none,none,none,no,0,0
BRD-SRC-TTHC-TVRP_USER_SITES,TTHC,TVRP_USER_SITES,TTHC - Chưa phân loại (pending),pending,,,,none,none,none,none,no,0,0
BRD-SRC-TTHC-TVRP_WORKFLOW_ACTION_AUDIT_LOG,TTHC,TVRP_WORKFLOW_ACTION_AUDIT_LOG,TTHC - Chưa phân loại (pending),pending,,,,none,none,none,none,no,0,0
BRD-SRC-TTHC-TVRP_WORKFLOW_ACTIVITY_DEADLINE,TTHC,TVRP_WORKFLOW_ACTIVITY_DEADLINE,TTHC - Chưa phân loại (pending),pending,,,,none,none,none,none,no,0,0
BRD-SRC-TTHC-TVRP_WORKFLOW_DEFINITION,TTHC,TVRP_WORKFLOW_DEFINITION,TTHC - Chưa phân loại (pending),pending,,,,none,none,none,none,no,0,0
BRD-SRC-TTHC-TVRP_WORKFLOW_REASSIGN_REQUEST,TTHC,TVRP_WORKFLOW_REASSIGN_REQUEST,TTHC - Chưa phân loại (pending),pending,,,,none,none,none,none,no,0,0
BRD-SRC-TTHC-TVRP_WORKFLOW_REASSIGN_RULE,TTHC,TVRP_WORKFLOW_REASSIGN_RULE,TTHC - Chưa phân loại (pending),pending,,,,none,none,none,none,no,0,0
BRD-SRC-TTHC-TVRP_WORKFLOW_STATUS,TTHC,TVRP_WORKFLOW_STATUS,TTHC - Chưa phân loại (pending),pending,,,,none,none,none,none,no,0,0
BRD-SRC-TTHC-TVRP_WORKFLOW_STATUS_CATEGORY,TTHC,TVRP_WORKFLOW_STATUS_CATEGORY,TTHC - Chưa phân loại (pending),pending,,,,none,none,none,none,no,0,0
BRD-SRC-TTHC-TVRP_WORKFLOW_TYPE_VERSION,TTHC,TVRP_WORKFLOW_TYPE_VERSION,TTHC - Chưa phân loại (pending),pending,,,,none,none,none,none,no,0,0
BRD-SRC-TTHC-TaxonomyIndex,TTHC,TaxonomyIndex,UID-01 Hồ sơ chào bán chứng khoán,out_of_scope,Không có quan hệ FK đến bảng nghiệp vụ Eform chào bán,,,none,none,none,none,no,0,0
BRD-SRC-TTHC-TextFieldIndex,TTHC,TextFieldIndex,UID-01 Hồ sơ chào bán chứng khoán,in_scope,,,daily,none,none,none,none,no,0,0
BRD-SRC-TTHC-TimeFieldIndex,TTHC,TimeFieldIndex,UID-01 Hồ sơ chào bán chứng khoán,in_scope,,,daily,none,none,none,none,no,0,0
BRD-SRC-TTHC-UserByClaimIndex,TTHC,UserByClaimIndex,UID-03 Phân quyền người dùng,out_of_scope,Operational/system data — không có giá trị nghiệp vụ,,,none,none,none,none,no,0,0
BRD-SRC-TTHC-UserByLoginInfoIndex,TTHC,UserByLoginInfoIndex,UID-03 Phân quyền người dùng,out_of_scope,Operational/system data — không có giá trị nghiệp vụ,,,none,none,none,none,no,0,0
BRD-SRC-TTHC-UserByRoleNameIndex,TTHC,UserByRoleNameIndex,UID-03 Phân quyền người dùng,out_of_scope,Operational/system data — không có giá trị nghiệp vụ,,,none,none,none,none,no,0,0
BRD-SRC-TTHC-UserByRoleNameIndex_Document,TTHC,UserByRoleNameIndex_Document,UID-03 Phân quyền người dùng,out_of_scope,Cascade drop từ UserByRoleNameIndex — không có giá trị nghiệp vụ,,,none,none,none,none,no,0,0
BRD-SRC-TTHC-UserIndex,TTHC,UserIndex,UID-03 Phân quyền người dùng,out_of_scope,Thông tin tác nghiệp — không có yêu cầu báo cáo dùng thông tin người dùng (D-06),,,none,none,none,none,no,0,0
BRD-SRC-TTHC-UserPickerFieldIndex,TTHC,UserPickerFieldIndex,UID-01 Hồ sơ chào bán chứng khoán,in_scope,,,daily,none,none,none,none,no,0,0
BRD-SRC-TTHC-WorkflowBlockingActivitiesIndex,TTHC,WorkflowBlockingActivitiesIndex,UID-02 Quy trình xét duyệt hồ sơ,out_of_scope,"Trạng thái xét duyệt xác định đủ từ WorkflowIndex.WorkflowStatus — blocking step là chi tiết vận hành, không cần trên Atomic (D-05)",,,none,none,none,none,no,0,0
BRD-SRC-TTHC-WorkflowIndex,TTHC,WorkflowIndex,UID-02 Quy trình xét duyệt hồ sơ,in_scope,,,daily,none,none,none,none,no,0,0
BRD-SRC-TTHC-WorkflowTypeIndex,TTHC,WorkflowTypeIndex,UID-02 Quy trình xét duyệt hồ sơ,out_of_scope,Đẩy vào Classification Value scheme TTHC_WORKFLOW_TYPE — không tạo Atomic entity riêng (D-07). Bảng chỉ có Code + Name + IsEnabled.,,,none,none,none,none,no,0,0
BRD-SRC-TTHC-WorkflowTypeStartActivitiesIndex,TTHC,WorkflowTypeStartActivitiesIndex,UID-02 Quy trình xét duyệt hồ sơ,out_of_scope,Operational/system data — không có giá trị nghiệp vụ,,,none,none,none,none,no,0,0
