Tên bảng,Tên trường,Kiểu dữ liệu,Mô tả,Khóa,Ghi chú (FK suy luận)
AUDITOR,ID,NUMBER,Khóa chính của bản ghi (ID số tự tăng),PK,
AUDITOR,AUDIT_FIRM_ID,NUMBER,FK -> audit_firm: Công ty kiểm toán của kiểm toán viên,FK,FK → AUDIT_FIRM.ID
AUDITOR,AUDITOR_NAME,VARCHAR2(800),Họ tên kiểm toán viên,,
AUDITOR,PRACTICE_CERT_NUMBER,VARCHAR2(200),Số chứng chỉ hành nghề kiểm toán,,
AUDITOR,APPROVAL_DATE,DATE,Ngày UBCKNN chấp thuận kiểm toán viên,,
AUDITOR,APPROVAL_REVOCATION_DATE,DATE,Ngày UBCKNN hủy chấp thuận kiểm toán viên,,
AUDIT_FIRM,ID,NUMBER,Khóa chính của bản ghi (ID số tự tăng),PK,
AUDIT_FIRM,DECISION_NUMBER,VARCHAR2(800),Số quyết định thành lập/xử phạt,,
AUDIT_FIRM,DECISION_DATE,DATE,Ngày ban hành quyết định,,
AUDIT_FIRM,NAME,VARCHAR2(1200),Tên đầy đủ,,
AUDIT_FIRM,ADDRESS,VARCHAR2(2000),Địa chỉ,,
AUDIT_FIRM,PHONE,VARCHAR2(400),Số điện thoại liên hệ,,
AUDIT_FIRM,FAX,VARCHAR2(400),Số fax,,
AUDIT_FIRM,APPROVAL_YEAR,VARCHAR2(400),Năm chấp thuận tổ chức kiểm toán được kiểm toán cho ĐVLICK,,
AUDIT_FIRM,APPROVED_AUDITOR_COUNT,VARCHAR2(80),Số lượng kiểm toán viên được chấp thuận trong công ty,,
AUDIT_FIRM,TAX_CODE,VARCHAR2(400),Mã số thuế doanh nghiệp,,
AUDIT_FIRM,MSG_PACKET_ID,NUMBER,FK -> msg_packet: Gói tin trao đổi liên quan,FK,FK → MSG_PACKET.ID
AUDIT_FIRM,BUSINESS_REG_CERT,VARCHAR2(100),Số giấy phép đăng ký kinh doanh của công ty kiểm toán,,
AUDIT_FIRM,GUID,VARCHAR2(50),Định danh duy nhất toàn cục (GUID/UUID) của bản ghi,,
CATALOG,ID,NUMBER,Khóa chính của bản ghi (ID số tự tăng),PK,
CATALOG,CODE,VARCHAR2(400),Mã định danh (mã viết tắt nghiệp vụ),,
CATALOG,NAME,VARCHAR2(800),Tên đầy đủ,,
CATALOG,CATALOG_GROUP_ID,NUMBER,FK -> catalog_group: Nhóm danh mục chứa mục này,FK,FK → CATALOG_GROUP.ID
CATALOG,COMPANY_TYPE,NUMBER,"Loại hình công ty (LoaiHinhCongTyEnum): 1=Công ty thông thường, 2=Tổ chức tín dụng, 3=Công ty bảo hiểm, 4=Công ty chứng khoán, 5=Công ty quản lý quỹ",,
CATALOG_GROUP,ID,NUMBER,Khóa chính của bản ghi (ID số tự tăng),PK,
CATALOG_GROUP,CODE,VARCHAR2(400),Mã định danh (mã viết tắt nghiệp vụ),,
CATALOG_GROUP,NAME,VARCHAR2(800),Tên đầy đủ,,
CATALOG_GROUP,STATUS,NUMBER,"Trạng thái nhóm danh mục (TrangThaiChucNangEnum): 1=Đang sử dụng, 0=Ngừng sử dụng",,
CATALOG_GROUP,TYPE,NUMBER,"Loại nhóm danh mục (LoaiDanhMucEnum): 0=Nhóm danh mục cấu hình TCT, 1=Nhóm danh mục cấu hình UBCKNN, 2=Nhóm danh mục hệ thống",,
CAT_ORG_UNIT,ID,NUMBER,Khóa chính của bản ghi (ID số tự tăng),PK,
CAT_ORG_UNIT,ORG_UNIT_CODE,VARCHAR2(200),Mã đơn vị gửi báo cáo (CTCK/QLQ/CN QLQ NN...),,
CAT_ORG_UNIT,ORG_UNIT_NAME,VARCHAR2(2000),Tên đơn vị tổ chức,,
CAT_ORG_UNIT,HIERARCHY_CODE,VARCHAR2(200),Mã phân cấp chức năng (dạng chuỗi phân cấp),,
CAT_ORG_UNIT,PARENT_HIERARCHY_CODE,VARCHAR2(200),Mã phân cấp cha,,
CAT_ORG_UNIT,TAX_CODE,VARCHAR2(1000),Mã số thuế doanh nghiệp,,
CAT_ORG_UNIT,ADDRESS,VARCHAR2(4000),Địa chỉ,,
CAT_ORG_UNIT,PHONE,VARCHAR2(80),Số điện thoại liên hệ,,
CAT_ORG_UNIT,EMAIL,VARCHAR2(400),Địa chỉ email liên hệ,,
CAT_ORG_UNIT,FAX,VARCHAR2(80),Số fax,,
CAT_ORG_UNIT,WEBSITE,VARCHAR2(400),Địa chỉ website,,
CAT_ORG_UNIT,ORG_UNIT_TYPE,NUMBER,"Loại đơn vị: 1=Người dùng hệ thống (UBCKNN), 2=Đơn vị báo cáo (bên ngoài)",,
CAT_ORG_UNIT,DESCRIPTION,VARCHAR2(4000),Mô tả chi tiết,,
CAT_ORG_UNIT,LAST_MODIFIED_AT,DATE,Thời điểm cập nhật lần cuối,,
CAT_ORG_UNIT,CAT_LEVEL,NUMBER,,,
CAT_POSITION,ID,NUMBER,Khóa chính của bản ghi (ID số tự tăng),PK,
CAT_POSITION,POSITION_CODE,VARCHAR2(200),Mã chức vụ,,
CAT_POSITION,POSITION_NAME,VARCHAR2(1020),Tên chức vụ,,
CAT_POSITION,ORIGINAL_DATA,NUMBER,"Cờ dữ liệu gốc từ danh mục điện tử dùng chung: 1=Dữ liệu gốc, 0=Dữ liệu thêm mới",,
CAT_POSITION,CREATED_AT,DATE,Thời điểm tạo bản ghi,,
CAT_POSITION,CREATED_BY,VARCHAR2(200),Tài khoản/tên người tạo bản ghi,,FK suy luận → SYS_USER.ID
CAT_POSITION,LAST_MODIFIED_AT,DATE,Thời điểm cập nhật lần cuối,,
CAT_POSITION,LAST_MODIFIED_BY,VARCHAR2(200),Tài khoản/tên người cập nhật lần cuối,,FK suy luận → SYS_USER.ID
CAT_POSITION,DATA_TYPE,NUMBER,"Kiểu dữ liệu: TEXT=1, PASS=2, NUMBER=3, CHECKBOX=4, DROP=5, EMAIL=6",,
CAT_POSITION,DELETED,NUMBER,"Cờ xóa mềm: 1=Đã xóa, 0=Chưa xóa",,
CAT_POSITION,SYNC_ENABLED,NUMBER,"Cờ đồng bộ dữ liệu: 1=Cho phép đồng bộ, 0=Không đồng bộ",,
CAT_POSITION,SYNC_ID,VARCHAR2(200),ID đồng bộ từ hệ thống nguồn,,
CAT_POSITION,SYNC_ID_SC_FIRM,VARCHAR2(200),ID đồng bộ từ phân hệ quản lý CTCK,,
CAT_VIOLATION_ACT,ID,VARCHAR2(200),Khóa chính của bản ghi (ID số tự tăng),,
CAT_VIOLATION_ACT,VIOLATION_ACT_CODE,VARCHAR2(200),Mã hành vi vi phạm pháp luật chứng khoán,,
CAT_VIOLATION_ACT,VIOLATION_ACT_NAME,VARCHAR2(4000),Tên hành vi vi phạm pháp luật chứng khoán,,
CAT_VIOLATION_ACT,LAST_MODIFIED_AT,DATE,Thời điểm cập nhật lần cuối,,
CAT_VIOLATION_ACT,CREATED_BY_ID,VARCHAR2(200),ID người dùng tạo bản ghi,,
CAT_VIOLATION_ACT,DESCRIPTION,VARCHAR2(4000),Mô tả chi tiết,,
CAT_VIOLATION_ACT,LEGAL_BASIS_DOC,VARCHAR2(4000),Văn bản pháp luật áp dụng làm căn cứ xử lý,,
CAT_VIOLATION_ACT,VIOLATION_HANDLING_DOC,VARCHAR2(4000),Văn bản xử lý vi phạm tương ứng,,
CAT_VIOLATION_ACT,STATUS,NUMBER,"Trạng thái bản ghi: 1=Đang sử dụng, 0=Không sử dụng",,
COMPANY_COMPARISON,ID,NUMBER,Khóa chính của bản ghi (ID số tự tăng),PK,
COMPANY_COMPARISON,COMPANY_INFO_ID,NUMBER,FK -> company_info: Thông tin công ty phía UBCKNN,,
COMPANY_COMPARISON,TAX_REGISTRATION_ID,NUMBER,FK -> tax_registration_info: Thông tin đăng ký thuế phía TCT,,
COMPANY_COMPARISON,TAX_CODE,VARCHAR2(100),Mã số thuế doanh nghiệp đối chiếu,,
COMPANY_COMPARISON,SSC_NAME,VARCHAR2(1000),Tên công ty theo dữ liệu UBCKNN,,
COMPANY_COMPARISON,SSC_ADDRESS,VARCHAR2(2000),Địa chỉ theo dữ liệu UBCKNN,,
COMPANY_COMPARISON,SSC_PHONE,VARCHAR2(50),Số điện thoại theo dữ liệu UBCKNN,,
COMPANY_COMPARISON,SSC_FAX,VARCHAR2(50),Fax theo dữ liệu UBCKNN,,
COMPANY_COMPARISON,SSC_WEBSITE,VARCHAR2(250),Website theo dữ liệu UBCKNN,,
COMPANY_COMPARISON,SSC_BUSINESS_LINE,VARCHAR2(2000),Ngành nghề kinh doanh theo UBCKNN,,
COMPANY_COMPARISON,SSC_LEGAL_REPRESENTATIVE_NAME,VARCHAR2(500),Người đại diện theo UBCKNN,,
COMPANY_COMPARISON,SSC_CHARTER_CAPITAL,NUMBER,Vốn điều lệ theo UBCKNN,,
COMPANY_COMPARISON,SSC_DECISION_NUMBER,VARCHAR2(250),Số quyết định/GPKD theo UBCKNN,,
COMPANY_COMPARISON,SSC_BUSINESS_LICENSE,VARCHAR2(250),Giấy phép kinh doanh theo UBCKNN,,
COMPANY_COMPARISON,TAX_NAME,VARCHAR2(1000),Tên công ty theo dữ liệu Cục Thuế,,
COMPANY_COMPARISON,TAX_ADDRESS,VARCHAR2(2000),Địa chỉ theo dữ liệu Cục Thuế,,
COMPANY_COMPARISON,TAX_PHONE,VARCHAR2(50),Số điện thoại theo dữ liệu Cục Thuế,,
COMPANY_COMPARISON,TAX_FAX,VARCHAR2(50),Fax theo dữ liệu Cục Thuế,,
COMPANY_COMPARISON,TAX_WEBSITE,VARCHAR2(250),Website theo dữ liệu Cục Thuế,,
COMPANY_COMPARISON,TAX_BUSINESS_LINE,VARCHAR2(2000),Ngành nghề theo dữ liệu Cục Thuế,,
COMPANY_COMPARISON,TAX_LEGAL_REPRESENTATIVE_NAME,VARCHAR2(500),Người đại diện theo dữ liệu Cục Thuế,,
COMPANY_COMPARISON,TAX_CHARTER_CAPITAL,NUMBER,Vốn điều lệ theo dữ liệu Cục Thuế,,
COMPANY_COMPARISON,TAX_DECISION_NUMBER,VARCHAR2(250),Số quyết định theo dữ liệu Cục Thuế,,
COMPANY_COMPARISON,TAX_BUSINESS_LICENSE,VARCHAR2(250),GPKD theo dữ liệu Cục Thuế,,
COMPANY_COMPARISON,DIFF_FLAG,NUMBER,"Cờ chênh lệch: Y=Có khác biệt giữa UBCKNN và TCT, N/NULL=Khớp",,
COMPANY_COMPARISON,COMPARISON_DATE,DATE,Ngày thực hiện đối chiếu,,
COMPANY_COMPARISON_QUEUE,ID,NUMBER,,PK,
COMPANY_COMPARISON_QUEUE,SOURCE_SYSTEM,CHAR(1),,,
COMPANY_COMPARISON_QUEUE,ACTION_TYPE,CHAR(1),,,
COMPANY_COMPARISON_QUEUE,MSG_PACKET_ID,NUMBER,,,
COMPANY_COMPARISON_QUEUE,DETAIL_ID,NUMBER,,,
COMPANY_COMPARISON_QUEUE,STATUS,CHAR(1),,,
COMPANY_COMPARISON_QUEUE,RETRY_COUNT,NUMBER,,,
COMPANY_COMPARISON_QUEUE,WORKER_ID,VARCHAR2(64),,,
COMPANY_COMPARISON_QUEUE,AVAILABLE_AT,TIMESTAMP(6),,,
COMPANY_COMPARISON_QUEUE,STARTED_AT,TIMESTAMP(6),,,
COMPANY_COMPARISON_QUEUE,FINISHED_AT,TIMESTAMP(6),,,
COMPANY_COMPARISON_QUEUE,ERROR_MESSAGE,VARCHAR2(2000),,,
COMPANY_COMPARISON_QUEUE,CREATED_AT,TIMESTAMP(6),,,
COMPANY_INFO,ID,NUMBER,Khóa chính của bản ghi (ID số tự tăng),PK,
COMPANY_INFO,NAME,VARCHAR2(4000),Tên đầy đủ,,
COMPANY_INFO,COMPANY_TYPE,NUMBER,"Loại hình công ty (LoaiHinhCongTyEnum): 1=Công ty thông thường, 2=Tổ chức tín dụng, 3=Công ty bảo hiểm, 4=Công ty chứng khoán, 5=Công ty quản lý quỹ",,
COMPANY_INFO,CHANGED_AT,DATE,Ngày thay đổi thông tin công ty,,
COMPANY_INFO,TAX_CODE,VARCHAR2(400),Mã số thuế doanh nghiệp,,
COMPANY_INFO,ADDRESS,VARCHAR2(2000),Địa chỉ,,
COMPANY_INFO,PHONE,VARCHAR2(400),Số điện thoại liên hệ,,
COMPANY_INFO,FAX,VARCHAR2(800),Số fax,,
COMPANY_INFO,WEBSITE,VARCHAR2(800),Địa chỉ website,,
COMPANY_INFO,BUSINESS_LINE,VARCHAR2(800),Ngành nghề kinh doanh chính,,
COMPANY_INFO,LEGAL_REPRESENTATIVE_NAME,VARCHAR2(4000),Họ tên người đại diện theo pháp luật,,
COMPANY_INFO,CHARTER_CAPITAL,VARCHAR2(400),Vốn điều lệ/vốn đầu tư của chủ sở hữu (đơn vị: đồng),,
COMPANY_INFO,PUBLIC_COMPANY_REG_DATE,DATE,Ngày đăng ký là công ty đại chúng,,
COMPANY_INFO,DECISION_NUMBER,VARCHAR2(800),Số quyết định thành lập/xử phạt,,
COMPANY_INFO,TICKER_SYMBOL,VARCHAR2(200),Ký hiệu mã cổ phiếu niêm yết,,
COMPANY_INFO,LISTING_DATE,DATE,Ngày niêm yết/đăng ký giao dịch cổ phiếu,,
COMPANY_INFO,LISTING_EXCHANGE,VARCHAR2(1200),"Nơi niêm yết/giao dịch (HOSE, HNX, UPCOM)",,
COMPANY_INFO,FIRST_LISTING_DATE,DATE,Ngày niêm yết/giao dịch cổ phiếu lần đầu tiên trên sàn,,
COMPANY_INFO,SHAREHOLDER_COUNT,NUMBER,Số lượng cổ đông,,
COMPANY_INFO,DELISTING_DATE,DATE,Ngày hủy niêm yết,,
COMPANY_INFO,PUBLIC_COMPANY_END_DATE,DATE,Ngày hủy đăng ký công ty đại chúng,,
COMPANY_INFO,MSG_PACKET_ID,NUMBER,FK -> msg_packet: Gói tin trao đổi liên quan,FK,FK → MSG_PACKET.ID
COMPANY_INFO,GUID,VARCHAR2(200),Định danh duy nhất toàn cục (GUID/UUID) của bản ghi,,
COMPANY_INFO,BUSINESS_LICENSE,VARCHAR2(800),Số giấy phép đăng ký kinh doanh (GPKD),,
COMPANY_INFO,RECORD_COUNT,NUMBER,Số bản ghi công ty có cùng gói tin và loại công ty,,
CONFIG_PARAM,PARAM_CODE,VARCHAR2(100),Mã tham số hệ thống (key tra cứu),,
CONFIG_PARAM,PARAM_NAME,VARCHAR2(400),Tên tham số hệ thống,,
CONFIG_PARAM,VALUE,VARCHAR2(800),Giá trị tham số/chỉ tiêu/cấu hình,,
CONFIG_PARAM,DESCRIPTION,VARCHAR2(800),Mô tả chi tiết,,
CONFIG_PARAM,STATUS,NUMBER,"Trạng thái bản ghi: 1=Đang sử dụng, 0=Không sử dụng",,
CONFIG_PARAM,CREATED_AT,DATE,Thời điểm tạo bản ghi,,
CONFIG_PARAM,SYSTEM_CODE,NUMBER,"Mã hệ thống nguồn (HeThongEnum): 1=IDS, 2=IDM, 3=Thanh tra, 4=SCMS, 5=FMS, 6=THUE (TCT)",,
CONFIG_PARAM,PARAM_ID,NUMBER,ID tham số (khóa chính bổ sung),PK,
CONFIG_PARAM,PARENT_ID,NUMBER,FK -> cùng bảng: ID gói tin/tham số cha,,FK suy luận → CONFIG_PARAM.ID
CONFIG_PARAM,TYPE,"NUMBER(2,0)",Loại/nhóm tham số cấu hình (phân loại theo nghiệp vụ hệ thống; không phải kiểu dữ liệu TEXT/NUMBER),,
CONFIG_PARAM,TITLE,VARCHAR2(400),Tiêu đề hiển thị,,
DATA_GEN_ERROR_LOG,ID,"NUMBER(18,0)",Khóa chính của bản ghi (ID số tự tăng),PK,
DATA_GEN_ERROR_LOG,CREATE_DATE,TIMESTAMP(6),,,
DATA_GEN_ERROR_LOG,STATUS,"NUMBER(1,0)","Trạng thái xử lý log: 0=Chưa xử lý, 1=Đã xử lý (theo nghiệp vụ SinhDlLoiLog)",,
DATA_GEN_ERROR_LOG,PROCESSED_AT,TIMESTAMP(6),Thời điểm đánh dấu đã xử lý,,
DATA_GEN_ERROR_LOG,PROCESSED_BY,VARCHAR2(100),Người đánh dấu đã xử lý log lỗi,,
DATA_GEN_ERROR_LOG,EXECUTION_SOURCE,VARCHAR2(20),"Nguồn thực thi: JOB, UI, SEND_HUB, ...",,
DATA_GEN_ERROR_LOG,API_PACKET_CODE,VARCHAR2(80),Mã gói API/nghiệp vụ liên quan (MA_GOI_API),,
DATA_GEN_ERROR_LOG,SCHEDULE_CONFIG_ID,"NUMBER(18,0)",FK -> schedule_config: Lịch job gây ra lỗi (nếu chạy tự động),,
DATA_GEN_ERROR_LOG,EXECUTED_BY,VARCHAR2(100),Tài khoản/tiến trình thực hiện khi phát sinh lỗi,,
DATA_GEN_ERROR_LOG,SYSTEM_CODE,"NUMBER(3,0)","Mã hệ thống nguồn (HeThongEnum): 1=IDS, 2=IDM, 3=Thanh tra, 4=SCMS, 5=FMS, 6=THUE (TCT)",,
DATA_GEN_ERROR_LOG,FORM_TYPE,"NUMBER(3,0)",Loại form/nghiệp vụ (FRM): map CreateData / SendXml,,
DATA_GEN_ERROR_LOG,SUBJECT_TYPE,VARCHAR2(50),"Mã loại đối tượng dữ liệu (CTĐC, CTCK, QLQ...)",,
DATA_GEN_ERROR_LOG,SUBJECT_TYPE_NAME,VARCHAR2(200),Tên loại đối tượng dữ liệu,,
DATA_GEN_ERROR_LOG,REPORT_PERIOD,VARCHAR2(50),Kỳ báo cáo liên quan đến lỗi sinh dữ liệu,,
DATA_GEN_ERROR_LOG,MSG_PACKET_ID,"NUMBER(18,0)",FK -> msg_packet: Gói tin liên quan (nếu có),,
DATA_GEN_ERROR_LOG,PACKET_CODE,VARCHAR2(100),Mã gói tin (MA_GOI_TIN) tại thời điểm lỗi,,
DATA_GEN_ERROR_LOG,TAX_CODE,VARCHAR2(20),Mã số thuế doanh nghiệp liên quan,,
DATA_GEN_ERROR_LOG,API_LINK,VARCHAR2(2000),URL API outbound gây lỗi (push Trục hoặc gọi nguồn dữ liệu),,
DATA_GEN_ERROR_LOG,PHASE,VARCHAR2(30),"Giai đoạn lỗi: SINH_DL, PUSH_CT, PUSH_BTC, VALIDATE...",,
DATA_GEN_ERROR_LOG,ERROR_CODE,VARCHAR2(50),Mã lỗi nghiệp vụ hoặc HTTP/API,,
DATA_GEN_ERROR_LOG,ERROR_MESSAGE,VARCHAR2(4000),Mô tả chi tiết lỗi,,
DATA_GEN_ERROR_LOG,HTTP_STATUS,"NUMBER(5,0)",Mã HTTP response khi lỗi gọi API (nếu có),,
DATA_GEN_ERROR_LOG,MSG_REF_ID,VARCHAR2(100),,,
DATA_RECONCILIATION,ID,NUMBER,,PK,
DATA_RECONCILIATION,RECONCILIATION_DATE,DATE,Reconciliation data date,,
DATA_RECONCILIATION,SOURCE,VARCHAR2(10),"UB = SSC/UBCKNN, CT = Tax authority / DATAHUB",,
DATA_RECONCILIATION,RECORD_COUNT,NUMBER,SL_DU_LIEU (CT) or total records/MST (UB),,
DATA_RECONCILIATION,TOTAL_PACKETS,NUMBER,,,
DATA_RECONCILIATION,MSG_ID,VARCHAR2(100),,,
DATA_RECONCILIATION,MSG_REF_ID,VARCHAR2(100),MSG_REFID from CT response header,,
DATA_RECONCILIATION,TRAN_CODE,VARCHAR2(30),,,
DATA_RECONCILIATION,SENDER_CODE,VARCHAR2(50),,,
DATA_RECONCILIATION,RECEIVER_CODE,VARCHAR2(50),,,
DATA_RECONCILIATION,STATUS,NUMBER,,,
DATA_RECONCILIATION,ERROR_MESSAGE,VARCHAR2(2000),,,
DATA_RECONCILIATION,RAW_JSON,CLOB,,,
DATA_RECONCILIATION,CREATED_AT,TIMESTAMP(6),,,
DATA_RECONCILIATION,LAST_MODIFIED_AT,TIMESTAMP(6),Last modified timestamp,,
DATA_RECONCILIATION_OUTBOUND,ID,NUMBER,,PK,
DATA_RECONCILIATION_OUTBOUND,RECONCILIATION_DATE,DATE,,,
DATA_RECONCILIATION_OUTBOUND,MSG_PACKET_ID,NUMBER,FK logical to msg_packet.id,,
DATA_RECONCILIATION_OUTBOUND,PACKET_CODE,VARCHAR2(100),msg_packet.packet_code (DS...),,
DATA_RECONCILIATION_OUTBOUND,MSG_ID,VARCHAR2(100),MSG_ID header of outbound payload,,
DATA_RECONCILIATION_OUTBOUND,TRAN_CODE,VARCHAR2(30),,,
DATA_RECONCILIATION_OUTBOUND,TOTAL_PACKETS,NUMBER,,,
DATA_RECONCILIATION_OUTBOUND,TOTAL_RECORDS,NUMBER,,,
DATA_RECONCILIATION_OUTBOUND,STATUS,NUMBER,,,
DATA_RECONCILIATION_OUTBOUND,PUSH_FORMAT,VARCHAR2(10),,,
DATA_RECONCILIATION_OUTBOUND,CREATED_AT,TIMESTAMP(6),,,
DATA_RECONCILIATION_OUTBOUND,LAST_MODIFIED_AT,TIMESTAMP(6),Last modified timestamp,,
DB_LOG,ID,NUMBER,Khóa chính của bản ghi (ID số tự tăng),,
DB_LOG,CODE,NVARCHAR2(400),Mã định danh (mã viết tắt nghiệp vụ),,
DB_LOG,VALUE,NVARCHAR2(2000),Giá trị tham số/chỉ tiêu/cấu hình,,
DB_LOG,CREATE_DATE,DATE,Thời điểm tạo bản ghi log,,
HIGH_RISK_ENTERPRISE,ID,NUMBER,Khóa chính của bản ghi (ID số tự tăng),PK,
HIGH_RISK_ENTERPRISE,ENTERPRISE_CODE,VARCHAR2(80),Mã số doanh nghiệp đăng ký kinh doanh,,
HIGH_RISK_ENTERPRISE,ENTERPRISE_NAME,VARCHAR2(800),Tên doanh nghiệp rủi ro cao,,
HIGH_RISK_ENTERPRISE,HQ_ADDRESS,VARCHAR2(800),Địa chỉ trụ sở chính của doanh nghiệp,,
HIGH_RISK_ENTERPRISE,MANAGING_TAX_AUTHORITY,VARCHAR2(800),Cơ quan thuế quản lý doanh nghiệp rủi ro cao,,
HIGH_RISK_ENTERPRISE,RISK_ASSESSMENT_YEAR,VARCHAR2(80),Năm Cục Thuế đánh giá doanh nghiệp là rủi ro cao,,
HIGH_RISK_ENTERPRISE,MSG_PACKET_ID,NUMBER,FK -> msg_packet: Gói tin trao đổi liên quan,FK,FK → MSG_PACKET.ID
HUB_NOTIFICATION,ID,CHAR(36),UUID; map sang field id trên Angular,PK,
HUB_NOTIFICATION,LEVEL_CODE,VARCHAR2(20),ERROR|WARNING|SUCCESS|INFO; map lower-case cho CSS panel chuông,,
HUB_NOTIFICATION,TITLE,VARCHAR2(500),Tiêu đề ngắn thông báo hub,,
HUB_NOTIFICATION,DESCRIPTION,CLOB,Mô tả đầy đủ (CLOB nếu nội dung dài),,
HUB_NOTIFICATION,NOTIFICATION_TYPE,VARCHAR2(50),"Phân loại nghiệp vụ: INTEGRATION, DEADLINE, RISK_ALERT, SYNC_SUCCESS...",,
HUB_NOTIFICATION,SHOW_RETRY,"NUMBER(1,0)",1 = hiện nút Thử lại; 0 = ẩn,,
HUB_NOTIFICATION,ACTIVE,"NUMBER(1,0)",0 = ẩn khỏi feed mà không xóa lịch sử,,
HUB_NOTIFICATION,CREATED_AT,TIMESTAMP(6),"Thời điểm tạo; API sinh timeLabel kiểu ""2 phút trước""",,
HUB_NOTIFICATION,EXPIRES_AT,TIMESTAMP(6),Sau thời điểm này không đẩy ra client (tùy chọn),,
HUB_NOTIFICATION,PUBLISHED_AT,TIMESTAMP(6),Lên lịch hiển thị; NULL = hiển thị ngay khi created,,
HUB_NOTIFICATION,SOURCE_SYSTEM,VARCHAR2(100),"LGSP, DMDC, TCT, nội bộ KNT...",,
HUB_NOTIFICATION,REF_TYPE,VARCHAR2(80),"Khóa nghiệp vụ tham chiếu: MSG_PACKET, DOI_CHIEU_JOB...",,
HUB_NOTIFICATION,REF_ID,VARCHAR2(100),ID đối tượng nghiệp vụ (UUID hoặc mã),,
HUB_NOTIFICATION,DETAIL_ROUTE,VARCHAR2(500),Đường dẫn Angular — nút Xem chi tiết,,
HUB_NOTIFICATION,DETAIL_QUERY_JSON,CLOB,Query params JSON cho router.navigate,,
HUB_NOTIFICATION,RETRY_ACTION_KEY,VARCHAR2(100),Khóa cấu hình job/API thử lại,,
HUB_NOTIFICATION,PAYLOAD_JSON,CLOB,Dữ liệu bổ sung cho modal chi tiết,,
HUB_NOTIFICATION,PRIORITY,"NUMBER(5,0)",Sắp xếp trong list: lớn hơn = quan trọng hơn,,
HUB_NOTIFICATION,AUDIENCE_SCOPE,VARCHAR2(30),ALL|ROLE|USER|MODULE — phạm vi người nhận,,
HUB_NOTIFICATION,TARGET_ROLE_CODES,VARCHAR2(1000),Khi audience_scope=ROLE: danh sách mã role,,
HUB_NOTIFICATION,TARGET_USER_LOGIN,VARCHAR2(100),Khi audience_scope=USER: ten_dang_nhap đích danh,,
HUB_NOTIFICATION,CREATED_BY,VARCHAR2(100),Người/tiến trình tạo thông báo,,
HUB_NOTIFICATION,MSG_PACKET_STATUS,"NUMBER(3,0)",Snapshot msg_packet.status tại thời điểm tạo thông báo (không cập nhật khi gói tin đổi sau đó),,
HUB_NOTIFICATION_USER,ID,CHAR(36),UUID bản ghi trạng thái theo user,PK,
HUB_NOTIFICATION_USER,NOTIFICATION_ID,CHAR(36),FK -> hub_notification.id,FK,FK → HUB_NOTIFICATION.ID
HUB_NOTIFICATION_USER,USER_LOGIN,VARCHAR2(100),Khớp ten_dang_nhap từ JWT / UC,,
HUB_NOTIFICATION_USER,DISMISSED_AT,TIMESTAMP(6),"Khác NULL = user đã bỏ qua, không hiện lại trên panel",,
HUB_NOTIFICATION_USER,READ_AT,TIMESTAMP(6),Tùy chọn: đánh dấu đã đọc cho badge số lượng,,
INDICATOR_MAPPING,ID,NUMBER,Khóa chính của bản ghi (ID số tự tăng),PK,
INDICATOR_MAPPING,DECLARATION_CODE,VARCHAR2(200),Mã tờ khai thuế trong hệ thống Cục Thuế,,
INDICATOR_MAPPING,SHEET_NAME,VARCHAR2(200),"Mã sheet biểu mẫu (LoaiBaoCaoChiTietEnum): 1=BCDKT, 2=KQKD, 3=KQKDHD, 4=LCTT-TT, 5=LCTT-GT, 6=CTTKC, 9=THBDVCSH",,
INDICATOR_MAPPING,SSC_INDICATOR_CODE,VARCHAR2(200),Mã chỉ tiêu trong biểu mẫu UBCKNN,,
INDICATOR_MAPPING,TAX_INDICATOR_CODE,VARCHAR2(200),Mã chỉ tiêu tương ứng trong tờ khai Cục Thuế,,
INDICATOR_MAPPING,INDICATOR_NAME,VARCHAR2(800),Tên chỉ tiêu trong biểu mẫu báo cáo,,
INDICATOR_MAPPING,DESCRIPTION,VARCHAR2(400),Mô tả chi tiết,,
INFO_REQUEST_DETAIL,ID,NUMBER,Khóa chính của bản ghi (ID số tự tăng),PK,
INFO_REQUEST_DETAIL,MSG_PACKET_ID,NUMBER,FK -> msg_packet: Gói tin trao đổi liên quan,FK,FK → MSG_PACKET.ID
INFO_REQUEST_DETAIL,REQUEST_NAME,VARCHAR2(4000),Tên loại yêu cầu thông tin từ Cục Thuế,,
INFO_REQUEST_DETAIL,STATUS_DESCRIPTION,VARCHAR2(800),Mô tả trạng thái xử lý yêu cầu thông tin,,
INFO_REQUEST_DETAIL,STATUS,NUMBER,"Trạng thái phản hồi WebService (TrangThaiResponseWsEnum): 1=Thành công, 2=Không thành công, 3=Lỗi webservice",,
INFO_REQUEST_DETAIL,TAX_CODE,VARCHAR2(400),Mã số thuế doanh nghiệp,,
INVOICE_DETAIL,ID,NUMBER,Khóa chính của bản ghi (ID số tự tăng),PK,
INVOICE_DETAIL,INVOICE_TEMPLATE_SYMBOL,VARCHAR2(400),Ký hiệu mẫu hóa đơn,,
INVOICE_DETAIL,INVOICE_SYMBOL,VARCHAR2(400),Ký hiệu hóa đơn,,
INVOICE_DETAIL,INVOICE_NUMBER,VARCHAR2(400),Số hóa đơn,,
INVOICE_DETAIL,TAX_ENFORCEMENT_INVOICE_ID,NUMBER,FK -> tax_enforcement_invoice: Quyết định cưỡng chế ngừng hóa đơn,FK,FK → TAX_ENFORCEMENT_INVOICE.ID
INVOICE_DETAIL,INVOICE_TYPE,VARCHAR2(400),Loại hóa đơn bị cưỡng chế ngừng sử dụng,,
INVOICE_DETAIL,OBJ_ID,VARCHAR2(200),ID đối tượng trong hệ thống Cục Thuế,,
LNK_GROUP_FUNCTION,ID,VARCHAR2(200),Khóa chính của bản ghi (ID số tự tăng),PK,
LNK_GROUP_FUNCTION,USER_GROUP_ID,NUMBER,FK -> sys_user_group: Nhóm người dùng liên quan,,FK suy luận → SYS_USER_GROUP.ID
LNK_GROUP_FUNCTION,FUNCTION_ID,NUMBER,FK -> sys_function: Chức năng liên quan,,
LNK_GROUP_FUNCTION,CREATED_AT,DATE,Thời điểm tạo bản ghi,,
LNK_GROUP_FUNCTION,CREATED_BY,VARCHAR2(400),Tài khoản/tên người tạo bản ghi,,FK suy luận → SYS_USER.ID
LNK_GROUP_FUNCTION,CREATED_BY_ID,NUMBER,ID người dùng tạo bản ghi,,
LNK_GROUP_FUNCTION,LAST_MODIFIED_AT,DATE,Thời điểm cập nhật lần cuối,,
LNK_GROUP_FUNCTION,LAST_MODIFIED_BY,VARCHAR2(400),Tài khoản/tên người cập nhật lần cuối,,FK suy luận → SYS_USER.ID
LNK_GROUP_FUNCTION,LAST_MODIFIED_BY_ID,NUMBER,ID người dùng cập nhật lần cuối,,
LNK_GROUP_FUNCTION,PERMISSION,NUMBER,"Quyền truy cập bitmask (QuyenEnum, OR kết hợp): 1=Thêm, 2=Sửa, 4=Xóa, 8=Duyệt, 16=Theo đơn vị, 32=Xem",,
LNK_USER_GROUP,ID,VARCHAR2(200),Khóa chính của bản ghi (ID số tự tăng),PK,
LNK_USER_GROUP,USER_ID,NUMBER,FK -> sys_user: Người dùng liên quan,,FK suy luận → SYS_USER.ID
LNK_USER_GROUP,USER_GROUP_ID,NUMBER,FK -> sys_user_group: Nhóm người dùng liên quan,,FK suy luận → SYS_USER_GROUP.ID
LOG_CREATE_DATA_SSC,ID,NUMBER,,PK,
LOG_CREATE_DATA_SSC,MSG_PACKET_ID,NUMBER,,,
LOG_CREATE_DATA_SSC,SYSTEM_CODE,NUMBER,,,
LOG_CREATE_DATA_SSC,FORM_TYPE,NUMBER,,,
LOG_CREATE_DATA_SSC,TYPE,VARCHAR2(50),,,
LOG_CREATE_DATA_SSC,REPORT_PERIOD,VARCHAR2(50),,,
LOG_CREATE_DATA_SSC,STATUS,VARCHAR2(20),,,
LOG_CREATE_DATA_SSC,ERROR_CODE,NUMBER,,,
LOG_CREATE_DATA_SSC,ERROR_MESSAGE,VARCHAR2(4000),,,
LOG_CREATE_DATA_SSC,XML_DATA,CLOB,,,
LOG_CREATE_DATA_SSC,START_AT,TIMESTAMP(6),,,
LOG_CREATE_DATA_SSC,END_AT,TIMESTAMP(6),,,
LOG_CREATE_DATA_SSC,CREATED_BY,VARCHAR2(128),,,
LOG_MQ,ID,VARCHAR2(50),Khóa chính của bản ghi (ID số tự tăng),PK,
LOG_MQ,MSG_ERROR,VARCHAR2(1000),Thông báo lỗi khi xử lý message MQ,,
LOG_MQ,MSG_MQ,CLOB,Nội dung message MQ đầy đủ (CLOB),,
LOG_MQ,CREATED_AT,DATE,Thời điểm tạo bản ghi,,
LOG_MQ,SENDER_CODE,VARCHAR2(100),Mã hệ thống gửi message,,
LOG_MQ,SENDER_NAME,VARCHAR2(500),Tên hệ thống gửi message,,
LOG_MQ,TRAN_CODE,VARCHAR2(50),Mã giao dịch (transaction code) theo chuẩn trao đổi dữ liệu,,
LOG_MQ,SENT_AT,DATE,Thời điểm gửi gói tin,,
LOG_REQUEST_SSC,PACKET_CODE,VARCHAR2(50),Mã gói tin trao đổi dữ liệu (do hệ thống sinh tự động),,
LOG_REQUEST_SSC,TAX_CODE,VARCHAR2(50),Mã số thuế doanh nghiệp,,
LOG_REQUEST_SSC,STATUS,NUMBER,"Trạng thái xử lý yêu cầu: 1=Thành công, 2=Thất bại, 3=Đang xử lý",,
LOG_REQUEST_SSC,REQUEST_DATE,DATE,Ngày gửi yêu cầu từ UBCKNN sang Cục Thuế,,
LOG_SEND_MOF,PACKET_CODE,VARCHAR2(100),Mã gói tin trao đổi dữ liệu (do hệ thống sinh tự động),,
LOG_SEND_MOF,STATUS,NUMBER,"Trạng thái gửi hub (MSG_STATUS): 0=Thành công/tiếp nhận, khác 0=Lỗi/từ chối",,
LOG_SEND_MOF,SENT_AT,DATE,Thời điểm gửi gói tin,,
LOG_SEND_MOF,MSG_ID,VARCHAR2(100),Mã định danh message trong hệ thống trao đổi dữ liệu,,
LOG_SEND_MOF,MSG_PACKET_ID,NUMBER,FK -> msg_packet: Gói tin trao đổi liên quan,,FK suy luận → MSG_PACKET.ID
LOG_SEND_MOF,TYPE,NUMBER,"Kênh gửi (PUSH_SYSTEM): 0=Trục CT (Cục Thuế), 1=Trục BTC (Bộ Tài chính)",,
MSG_PACKET,ID,NUMBER,Khóa chính của bản ghi (ID số tự tăng),PK,
MSG_PACKET,PACKET_CODE,VARCHAR2(200),Mã gói tin trao đổi dữ liệu (do hệ thống sinh tự động),,
MSG_PACKET,TYPE,NUMBER,"Loại gói tin/doanh nghiệp (GOI_TIN.LOAI): 1=Công ty đại chúng (IDS), 4=Công ty chứng khoán (SCMS), 5=Công ty quản lý quỹ (FMS); giá trị khác theo nghiệp vụ import XML",,
MSG_PACKET,SENDER_UNIT,NUMBER,"Đơn vị gửi (DonViTruyenNhanEnum): 1=TCT (Cục Thuế), 2=UBCKNN, 3=BTC (Bộ Tài chính)",,
MSG_PACKET,RECEIVER_UNIT,NUMBER,"Đơn vị nhận (DonViTruyenNhanEnum): 1=TCT (Cục Thuế), 2=UBCKNN, 3=BTC (Bộ Tài chính)",,
MSG_PACKET,SENT_BY,VARCHAR2(400),Tài khoản người thực hiện gửi gói tin,,
MSG_PACKET,STATUS,NUMBER,Trang thai truyen nhan nhanh CT/TCT (Cuc thue),,
MSG_PACKET,CONTENT,CLOB,Nội dung gói tin dạng XML (CLOB),,
MSG_PACKET,DESCRIPTION,VARCHAR2(4000),Mô tả chi tiết,,
MSG_PACKET,SENT_AT,DATE,Thời điểm gửi gói tin,,
MSG_PACKET,VERSION,VARCHAR2(80),Phiên bản giao thức trao đổi dữ liệu,,
MSG_PACKET,SENDER_CODE,VARCHAR2(200),Mã hệ thống gửi message,,
MSG_PACKET,SENDER_NAME,VARCHAR2(400),Tên hệ thống gửi message,,
MSG_PACKET,RECEIVER_CODE,VARCHAR2(200),Mã hệ thống nhận message,,
MSG_PACKET,RECEIVER_NAME,VARCHAR2(400),Tên hệ thống nhận message,,
MSG_PACKET,TRAN_CODE,VARCHAR2(80),Mã giao dịch (transaction code) theo chuẩn trao đổi dữ liệu,,
MSG_PACKET,MSG_ID,VARCHAR2(200),Mã định danh message trong hệ thống trao đổi dữ liệu,,
MSG_PACKET,MSG_REF_ID,VARCHAR2(200),Mã tham chiếu message gốc (khi là message phản hồi),,
MSG_PACKET,LINK_ID,VARCHAR2(2000),ID liên kết với message gốc trong chuỗi trao đổi,,
MSG_PACKET,ORIGINAL_CODE,VARCHAR2(200),Mã hệ thống gốc gửi dữ liệu,,
MSG_PACKET,ORIGINAL_NAME,VARCHAR2(400),Tên hệ thống gốc gửi dữ liệu,,
MSG_PACKET,ORIGINAL_DATE,VARCHAR2(200),Ngày tạo dữ liệu tại hệ thống gốc,,
MSG_PACKET,ERROR_CODE,VARCHAR2(200),Mã lỗi khi xử lý gói tin (nếu có),,
MSG_PACKET,ERROR_DESC,VARCHAR2(200),Mô tả lỗi khi xử lý gói tin,,
MSG_PACKET,SPARE1,VARCHAR2(200),Trường dự phòng 1 (mở rộng theo yêu cầu),,
MSG_PACKET,SPARE2,VARCHAR2(200),"Trường dự phòng 2: loại dữ liệu CTY=công ty, BC=báo cáo",,
MSG_PACKET,SPARE3,VARCHAR2(200),Trường dự phòng 3: mô tả gói tin,,
MSG_PACKET,PARENT_ID,NUMBER,FK -> cùng bảng: ID gói tin/tham số cha,,FK suy luận → MSG_PACKET.ID
MSG_PACKET,TAX_CODE,VARCHAR2(200),Mã số thuế doanh nghiệp,,
MSG_PACKET,REPRESENTATIVE_NAME,VARCHAR2(800),Họ tên người đại diện/chủ hộ kinh doanh,,
MSG_PACKET,CREATED_BY,VARCHAR2(800),Tài khoản/tên người tạo bản ghi,,FK suy luận → SYS_USER.ID
MSG_PACKET,TIME_START,DATE,Thời điểm bắt đầu tạo/xử lý gói tin khi import XML,,
MSG_PACKET,TIME_END,DATE,Thời điểm kết thúc xử lý import XML thành công,,
MSG_PACKET,IS_SENT_TCT,"NUMBER(1,0)","Đã gửi XML sang Cục Thuế (CT): 0=chưa gửi, 1=đã gửi ít nhất một lần thành công",,
MSG_PACKET,IS_SENT_MOF,"NUMBER(1,0)","Đã gửi XML sang Bộ Tài chính (BTC): 0=chưa gửi, 1=đã gửi",,
MSG_PACKET,SEND_TCT_COUNT,"NUMBER(10,0)",Số lần đã gửi XML sang Cục Thuế (CT),,
MSG_PACKET,SEND_MOF_COUNT,"NUMBER(10,0)",Số lần đã gửi XML sang Bộ Tài chính (BTC),,
MSG_PACKET,MSG_ERROR,CLOB,Loi phan hoi ve tu API,,
MSG_PACKET,RECEIVED_AT,DATE,,,
MSG_PACKET,STATUS_MOF,"NUMBER(10,0)",Trang thai truyen nhan nhanh BTC/MOF (Bo Tai chinh),,
MSG_PACKET_CODE_SLOT,SLOT_KEY,VARCHAR2(24),Khóa slot sinh mã (VD: prefix + ngày + loại gói tin),PK,
MSG_PACKET_CODE_SLOT,SLOT_COUNT,"NUMBER(10,0)",Bộ đếm tuần tự trong slot — tăng mỗi lần cấp mã mới,,
MSG_PACKET_CONFIG,ID,NUMBER,Khóa chính của bản ghi (ID số tự tăng),PK,
MSG_PACKET_CONFIG,FUNCTION_NAME,VARCHAR2(800),Tên chức năng/menu hiển thị trên giao diện,,
MSG_PACKET_CONFIG,ORG_UNIT_CODE,VARCHAR2(800),Mã đơn vị gửi báo cáo (CTCK/QLQ/CN QLQ NN...),,
MSG_PACKET_CONFIG,SYSTEM_CODE,VARCHAR2(80),"Mã hệ thống nguồn (HeThongEnum): 1=IDS, 2=IDM, 3=Thanh tra, 4=SCMS, 5=FMS, 6=THUE (TCT)",,
MSG_PACKET_CONFIG,DATA_DIRECTION,NUMBER,"Chiều dữ liệu gói tin (LoaiDuLieuEnum): 1=Gói tin đi (UBCKNN→CT), 2=Gói tin đến (CT→UBCKNN)",,
MSG_PACKET_CONFIG,TRANSFER_METHOD,NUMBER,"Phương thức truyền nhận (PhuongThucTruyenNhanEnum): 1=WebService, 2=MQ, 3=Cả hai",,
MSG_PACKET_CONFIG,LAST_MODIFIED_AT,DATE,Thời điểm cập nhật lần cuối,,
MSG_PACKET_CONFIG,LAST_MODIFIED_BY,VARCHAR2(400),Tài khoản/tên người cập nhật lần cuối,,FK suy luận → SYS_USER.ID
MSG_PACKET_CONTENT,MSG_PACKET_ID,"NUMBER(19,0)",PK/FK -> msg_packet.id (quan hệ 1-1),PK,FK → MSG_PACKET.ID
MSG_PACKET_CONTENT,XML_INPUT,CLOB,XML import đầu vào (cu GOI_TIN.XML_INPUT hoặc payload gốc),,
MSG_PACKET_CONTENT,XML_OUT,CLOB,XML nội dung gửi/ký (cu GOI_TIN.NOI_DUNG),,
MSG_PACKET_CONTENT,JSON_OUT,CLOB,JSON cùng cây logic với payload XML (cu GOI_TIN.JSON_CONTENT),,
MSG_PACKET_CONTENT,RESPONSE_TCT_XML,CLOB,XML phản hồi Cục Thuế (TCT) — khối DATA trong callback getPhanHoiCT,,
MSG_PACKET_CONTENT,RESPONSE_MOF_XML,CLOB,XML phản hồi Bộ Tài chính — khối DATA trong callback getPhanHoiBTC,,
MSG_PACKET_CONTENT,MSG_ERROR,CLOB,Thông báo lỗi xử lý/phản hồi Trục (nếu có),,
MSG_PACKET_YC_TT_RESPONSE_LOG,ID,NUMBER,PK,PK,
MSG_PACKET_YC_TT_RESPONSE_LOG,MSG_PACKET_ID,NUMBER,FK logic → msg_packet.id (gói tin YC),,
MSG_PACKET_YC_TT_RESPONSE_LOG,TYPE,VARCHAR2(20),DS = danh sách | DETAIL = chi tiết theo MST,,
MSG_PACKET_YC_TT_RESPONSE_LOG,MST,VARCHAR2(20),Mã số thuế (null với type=DS),,
MSG_PACKET_YC_TT_RESPONSE_LOG,RESPONSE_BODY,CLOB,Body JSON response từ Trục/CT,,
MSG_PACKET_YC_TT_RESPONSE_LOG,CREATED_AT,TIMESTAMP(6),Thời điểm ghi log,,
PENALTY_DECISION,ID,VARCHAR2(200),Khóa chính của bản ghi (ID số tự tăng),,
PENALTY_DECISION,INSPECTION_DOSSIER_ID,VARCHAR2(200),FK -> hồ sơ thanh tra gốc (nếu từ thanh tra),,
PENALTY_DECISION,COMPLAINT_DOSSIER_ID,VARCHAR2(200),FK -> hồ sơ đơn thư gốc (nếu từ đơn thư),,
PENALTY_DECISION,PENALTY_DECISION_NUMBER,VARCHAR2(200),Số quyết định xử phạt vi phạm hành chính,,
PENALTY_DECISION,VIOLATION_RECORD_NUMBER,VARCHAR2(200),Số biên bản vi phạm hành chính,,
PENALTY_DECISION,VIOLATION_RECORD_DATE,DATE,Ngày lập biên bản vi phạm hành chính,,
PENALTY_DECISION,MAIN_PENALTY_TYPE,NUMBER,"Hình thức phạt chính: 1=Nhắc nhở, 2=Cảnh cáo, 3=Phạt tiền",,
PENALTY_DECISION,SUPPLEMENTARY_PENALTY,VARCHAR2(200),Hình thức phạt bổ sung (nếu có),,
PENALTY_DECISION,AGGRAVATING_MITIGATING,VARCHAR2(1020),Tình tiết tăng nặng/giảm nhẹ áp dụng,,
PENALTY_DECISION,TOTAL_FINE_AMOUNT,NUMBER,Tổng số tiền phạt theo quyết định (đơn vị: đồng),,
PENALTY_DECISION,NOTE,VARCHAR2(1020),Ghi chú bổ sung,,
PENALTY_DECISION,STATUS,NUMBER,"Trạng thái quyết định xử phạt: 1=Hiệu lực, 0=Không hiệu lực/đã hủy",,
PENALTY_DECISION,CREATED_BY,VARCHAR2(200),Tài khoản/tên người tạo bản ghi,,FK suy luận → SYS_USER.ID
PENALTY_DECISION,CREATED_AT,DATE,Thời điểm tạo bản ghi,,
PENALTY_DECISION,AML_VIOLATION,NUMBER,"Cờ có vi phạm về phòng chống rửa tiền: 1=Có, 0=Không",,
PENALTY_DECISION,PAID_FINE_AMOUNT,NUMBER,Số tiền phạt đã nộp (nhưng chưa đủ tổng),,
PENALTY_DECISION,COMPLAINT_ID,VARCHAR2(200),FK -> đơn thư khiếu nại liên quan,,
PENALTY_DECISION,SUBJECT_TYPE,NUMBER,"Loại đối tượng: 1=CTĐC, 2=CTCK, 3=QLQ, 4=Cá nhân, 5=Ngoài danh mục",,
PENALTY_DECISION,SUBJECT_ID,VARCHAR2(200),FK -> đối tượng bị xử phạt,,FK suy luận → SUBJECT_PROFILE.ID
PENALTY_DECISION,SUBJECT_NAME,VARCHAR2(4000),Tên tổ chức/cá nhân đối tượng,,
PENALTY_DECISION,INSPECTED_SUBJECT_ID,VARCHAR2(200),FK -> đối tượng thanh tra trong hồ sơ thanh tra,,
PENALTY_DECISION,CLASSIFICATION,NUMBER,"Phân loại QĐ: 1=QĐ xử phạt từ thanh tra, 2=QĐ xử phạt từ giám sát",,
PENALTY_DECISION,FULL_SEARCH,VARCHAR2(4000),Chuỗi tìm kiếm toàn văn (full-text search) tổng hợp các trường,,
PENALTY_DECISION,END_DATE,DATE,Ngày kết thúc hiệu lực quyết định xử phạt,,
PENALTY_DECISION,VIOLATION_AMOUNT,NUMBER,"Số tiền vi phạm (giá trị giao dịch vi phạm, đơn vị: đồng)",,
PENALTY_DECISION,DECISION_REVISION_COUNT,NUMBER,"Số lần ban hành QĐ giải quyết (lần 1, 2, 3...)",,
PENALTY_DECISION,ENFORCEMENT_FROM_DATE,DATE,Ngày bắt đầu thi hành quyết định,,
PENALTY_DECISION,ENFORCEMENT_TO_DATE,DATE,Ngày kết thúc thi hành quyết định,,
PENALTY_DECISION,DECISION_SIGNED_DATE,DATE,Ngày ký ban hành quyết định xử phạt,,
PENALTY_DECISION,CONTENT,CLOB,Nội dung gói tin dạng XML (CLOB),,
PENALTY_DECISION,REVOKE_LICENSE_FLAG,NUMBER,"Cờ tước quyền sử dụng GPHN/CCHN: 1=Có, 0=Không",,
PENALTY_DECISION,SUSPEND_OPERATION_FLAG,NUMBER,"Cờ đình chỉ hoạt động: 1=Có, 0=Không",,
PENALTY_DECISION,SUSPENSION_DURATION,VARCHAR2(4000),"Thời hạn đình chỉ hoạt động (VD: 3 tháng, 1 năm)",,
PENALTY_DECISION,DECISION_NAME,VARCHAR2(4000),Tên đầy đủ của quyết định xử phạt,,
REPORT_COMPARISON,ID,NUMBER,Khóa chính của bản ghi (ID số tự tăng),PK,
REPORT_COMPARISON,TAX_REPORT_ID,NUMBER,FK -> tax_report: Báo cáo tài chính TCT liên quan,,FK suy luận → TAX_REPORT.ID
REPORT_COMPARISON,TAX_REPORT_DETAIL_ID,NUMBER,FK -> tax_report_detail: Chi tiết báo cáo TCT đối chiếu,,FK suy luận → TAX_REPORT_DETAIL.ID
REPORT_COMPARISON,INDICATOR_CODE,VARCHAR2(400),Mã chỉ tiêu trong biểu mẫu báo cáo,,
REPORT_COMPARISON,INDICATOR_NAME,VARCHAR2(800),Tên chỉ tiêu trong biểu mẫu báo cáo,,
REPORT_COMPARISON,TAX_EXPLANATION_NOTE,VARCHAR2(400),Thuyết minh chỉ tiêu từ báo cáo Cục Thuế,,
REPORT_COMPARISON,TAX_YEAR_END_VALUE,VARCHAR2(400),Giá trị cuối năm trong báo cáo Cục Thuế,,
REPORT_COMPARISON,TAX_YEAR_BEGIN_VALUE,VARCHAR2(400),Giá trị đầu năm trong báo cáo Cục Thuế,,
REPORT_COMPARISON,TAX_CURRENT_YEAR_VALUE,VARCHAR2(400),Giá trị năm nay trong báo cáo Cục Thuế,,
REPORT_COMPARISON,TAX_PRIOR_YEAR_VALUE,VARCHAR2(400),Giá trị năm trước trong báo cáo Cục Thuế,,
REPORT_COMPARISON,TAX_SHEET_NAME,VARCHAR2(1),Tên sheet trong báo cáo Cục Thuế,,
REPORT_COMPARISON,TAX_INCREASE_PRIOR_YEAR,VARCHAR2(400),Số tăng năm trước (Cục Thuế),,
REPORT_COMPARISON,TAX_CURRENT_YEAR_AMOUNT,VARCHAR2(400),Số tiền năm nay (Cục Thuế),,
REPORT_COMPARISON,TAX_PREVIOUS_YEAR_AMOUNT,VARCHAR2(400),Số tiền năm ngoái (Cục Thuế),,
REPORT_COMPARISON,TAX_BEGIN_BALANCE_CURRENT_YEAR,VARCHAR2(400),Số dư đầu năm nay (Cục Thuế),,
REPORT_COMPARISON,TAX_END_BALANCE_CURRENT_YEAR,VARCHAR2(400),Số dư cuối năm nay (Cục Thuế),,
REPORT_COMPARISON,TAX_END_BALANCE_PRIOR_YEAR,VARCHAR2(400),Số dư cuối năm trước (Cục Thuế),,
REPORT_COMPARISON,TAX_BEGIN_BALANCE_PRIOR_YEAR,VARCHAR2(400),Số dư đầu năm trước (Cục Thuế),,
REPORT_COMPARISON,TAX_INCREASE_CURRENT_YEAR,VARCHAR2(400),Số tăng năm nay (Cục Thuế),,
REPORT_COMPARISON,TAX_DECREASE_CURRENT_YEAR,VARCHAR2(400),Số giảm năm nay (Cục Thuế),,
REPORT_COMPARISON,TAX_DECREASE_PRIOR_YEAR,VARCHAR2(400),Số giảm năm trước (Cục Thuế),,
REPORT_COMPARISON,TAX_DECLARATION_PERIOD,VARCHAR2(5),Kỳ kê khai trong báo cáo Cục Thuế,,
REPORT_COMPARISON,TAX_DECLARATION_CODE,VARCHAR2(10),Mã tờ khai trong báo cáo Cục Thuế,,
REPORT_COMPARISON,TAX_CODE,VARCHAR2(20),Mã số thuế doanh nghiệp,,
REPORT_COMPARISON,SSC_REPORT_ID,NUMBER,FK -> ssc_report: Báo cáo tài chính UBCKNN liên quan,,FK suy luận → SSC_REPORT.ID
REPORT_COMPARISON,SSC_REPORT_DETAIL_ID,NUMBER,FK -> ssc_report_detail: Chi tiết báo cáo UBCKNN đối chiếu,,FK suy luận → SSC_REPORT_DETAIL.ID
REPORT_COMPARISON,SSC_EXPLANATION_NOTE,VARCHAR2(400),Thuyết minh chỉ tiêu từ báo cáo UBCKNN,,
REPORT_COMPARISON,SSC_YEAR_END_VALUE,VARCHAR2(400),Giá trị cuối năm trong báo cáo UBCKNN,,
REPORT_COMPARISON,SSC_YEAR_BEGIN_VALUE,VARCHAR2(400),Giá trị đầu năm trong báo cáo UBCKNN,,
REPORT_COMPARISON,SSC_CURRENT_YEAR_VALUE,VARCHAR2(400),Giá trị năm nay trong báo cáo UBCKNN,,
REPORT_COMPARISON,SSC_PRIOR_YEAR_VALUE,VARCHAR2(400),Giá trị năm trước trong báo cáo UBCKNN,,
REPORT_COMPARISON,SSC_INCREASE_PRIOR_YEAR,VARCHAR2(400),Số tăng năm trước (UBCKNN),,
REPORT_COMPARISON,SSC_CURRENT_YEAR_AMOUNT,VARCHAR2(400),Số tiền năm nay (UBCKNN),,
REPORT_COMPARISON,SSC_PREVIOUS_YEAR_AMOUNT,VARCHAR2(400),Số tiền năm ngoái (UBCKNN),,
REPORT_COMPARISON,SSC_BEGIN_BALANCE_CURRENT_YEAR,VARCHAR2(400),Số dư đầu năm nay (UBCKNN),,
REPORT_COMPARISON,SSC_END_BALANCE_CURRENT_YEAR,VARCHAR2(400),Số dư cuối năm nay (UBCKNN),,
REPORT_COMPARISON,SSC_END_BALANCE_PRIOR_YEAR,VARCHAR2(400),Số dư cuối năm trước (UBCKNN),,
REPORT_COMPARISON,SSC_BEGIN_BALANCE_PRIOR_YEAR,VARCHAR2(400),Số dư đầu năm trước (UBCKNN),,
REPORT_COMPARISON,SSC_INCREASE_CURRENT_YEAR,VARCHAR2(400),Số tăng năm nay (UBCKNN),,
REPORT_COMPARISON,SSC_DECREASE_CURRENT_YEAR,VARCHAR2(400),Số giảm năm nay (UBCKNN),,
REPORT_COMPARISON,SSC_DECREASE_PRIOR_YEAR,VARCHAR2(400),Số giảm năm trước (UBCKNN),,
REPORT_COMPARISON,SSC_REPORT_TYPE,VARCHAR2(5),Loại báo cáo trong hệ thống UBCKNN,,
REPORT_COMPARISON,DIFF_FLAG,VARCHAR2(1),"Cờ chênh lệch so với UBCKNN: Y=Có chênh lệch (highlight vàng), N/NULL=Khớp",,
REPORT_COMPARISON,STATUS,"NUMBER(1,0)","Trạng thái dòng đối chiếu: 1=Hiệu lực, 0=Không hiệu lực (không phải trạng thái gói tin)",,
REPORT_COMPARISON,TOTAL_RECORDS,NUMBER,Tổng số bản ghi trong kết quả đối chiếu,,
REPORT_COMPARISON,AUDIT_STATUS,VARCHAR2(80),"Trạng thái kiểm toán: 0=Trước kiểm toán, 1=Sau kiểm toán",,
REPORT_COMPARISON_QUEUE,ID,NUMBER,,PK,
REPORT_COMPARISON_QUEUE,ACTION_TYPE,CHAR(1),,,
REPORT_COMPARISON_QUEUE,SSC_REPORT_DETAIL_ID,NUMBER,,,
REPORT_COMPARISON_QUEUE,SSC_REPORT_ID,NUMBER,,,
REPORT_COMPARISON_QUEUE,STATUS,CHAR(1),,,
REPORT_COMPARISON_QUEUE,RETRY_COUNT,NUMBER,,,
REPORT_COMPARISON_QUEUE,WORKER_ID,VARCHAR2(64),,,
REPORT_COMPARISON_QUEUE,AVAILABLE_AT,TIMESTAMP(6),,,
REPORT_COMPARISON_QUEUE,STARTED_AT,TIMESTAMP(6),,,
REPORT_COMPARISON_QUEUE,FINISHED_AT,TIMESTAMP(6),,,
REPORT_COMPARISON_QUEUE,ERROR_MESSAGE,VARCHAR2(2000),,,
REPORT_COMPARISON_QUEUE,CREATED_AT,TIMESTAMP(6),,,
REPORT_COMPARISON_QUEUE,SOURCE_SYSTEM,CHAR(1),,,
REPORT_COMPARISON_QUEUE,DETAIL_ID,NUMBER,,,
REPORT_COMPARISON_QUEUE,HEADER_ID,NUMBER,,,
REPORT_COMPARISON_QUEUE,LEGACY_CREATED_AT,DATE,,,
REPORT_CYCLE,CYCLE_CODE,VARCHAR2(7),"Mã chu kỳ báo cáo (VD: Q1/2024, T03/2024...)",,
REPORT_CYCLE,VALUE,VARCHAR2(7),Giá trị tham số/chỉ tiêu/cấu hình,,
REPORT_CYCLE,MONTH_NUM,NUMBER,Số tháng trong chu kỳ (1-12),,
REPORT_CYCLE,YEAR_NUM,NUMBER,Năm của chu kỳ (YYYY),,
REPORT_FORM,ID,NUMBER,Khóa chính của bản ghi (ID số tự tăng),PK,
REPORT_FORM,FORM_CODE,VARCHAR2(400),Mã biểu mẫu báo cáo,,
REPORT_FORM,FORM_NAME,VARCHAR2(800),Tên biểu mẫu báo cáo,,
REPORT_FORM,SYSTEM_CODE,NUMBER,"Mã hệ thống nguồn (HeThongEnum): 1=IDS, 2=IDM, 3=Thanh tra, 4=SCMS, 5=FMS, 6=THUE (TCT)",,
REPORT_FORM_INDICATOR,ID,NUMBER,Khóa chính của bản ghi (ID số tự tăng),PK,
REPORT_FORM_INDICATOR,REPORT_FORM_ID,NUMBER,FK -> report_form: Biểu mẫu báo cáo liên quan,FK,FK → REPORT_FORM.ID
REPORT_FORM_INDICATOR,FORM_INDICATOR_ID,NUMBER,FK -> report_indicator: Chỉ tiêu biểu mẫu liên quan,FK,FK → REPORT_INDICATOR.ID
REPORT_FORM_INDICATOR,SORT_ORDER,NUMBER,Số thứ tự hiển thị/sắp xếp,,
REPORT_FORM_INDICATOR,SHEET_NAME,VARCHAR2(400),"Mã sheet trong biểu mẫu (LoaiBaoCaoChiTietEnum): 1=BCDKT, 2=KQKD, 3=KQKDHD, 4=LCTT-TT, 5=LCTT-GT, 6=CTTKC, 9=THBDVCSH",,
REPORT_FORM_TEMPLATE,REPORT_TYPE,NUMBER,"Loại báo cáo: theo danh sách enum trong hệ thống (BCTC, BCLCTT...)",,
REPORT_FORM_TEMPLATE,REPORT_NAME,VARCHAR2(200),Tên báo cáo tài chính,,
REPORT_FORM_TEMPLATE,REPORT_CODE,VARCHAR2(20),Mã báo cáo tài chính,,
REPORT_FORM_TEMPLATE,SYSTEM_CODE,NUMBER,"Mã hệ thống nguồn (HeThongEnum): 1=IDS, 2=IDM, 3=Thanh tra, 4=SCMS, 5=FMS, 6=THUE (TCT)",,
REPORT_FORM_TEMPLATE,SHEET_INDEX,NUMBER,Số thứ tự sheet (tab) trong biểu mẫu Excel,,
REPORT_FORM_TEMPLATE,INDICATOR_CODE,VARCHAR2(100),Mã chỉ tiêu trong biểu mẫu báo cáo,,
REPORT_FORM_TEMPLATE,INDICATOR_NAME,VARCHAR2(500),Tên chỉ tiêu trong biểu mẫu báo cáo,,
REPORT_FORM_TEMPLATE,STATUS,NUMBER,"Trạng thái bản ghi: 1=Đang sử dụng, 0=Không sử dụng",,
REPORT_FORM_TEMPLATE,REPORT_PERIOD,VARCHAR2(10),Kỳ báo cáo (định dạng yyyy hoặc yyyyQn),,
REPORT_INDICATOR,ID,NUMBER,Khóa chính của bản ghi (ID số tự tăng),PK,
REPORT_INDICATOR,INDICATOR_CODE,VARCHAR2(100),Mã chỉ tiêu trong biểu mẫu báo cáo,,
REPORT_INDICATOR,INDICATOR_NAME,VARCHAR2(500),Tên chỉ tiêu trong biểu mẫu báo cáo,,
SCHEDULE_CONFIG,ID,NUMBER,Khóa chính của bản ghi (ID số tự tăng),PK,
SCHEDULE_CONFIG,TYPE,NUMBER,"Loại lịch/nghiệp vụ (SysThietLapLichEnum): 0=CT đại chúng, 1-5=BCTC IDS (TT200/202/49/232/Bảo hiểm), 6=CTCK, 7=BCTC SCMS TT334, 8=CT QLQ, 9=XLVP, 10=KTV, 11=BCTC FMS TT125, 12-21=dữ liệu TCT, 22=Đối soát",,
SCHEDULE_CONFIG,FUNCTION_ID,NUMBER,FK -> sys_function: Chức năng liên quan,,
SCHEDULE_CONFIG,FREQUENCY,VARCHAR2(80),"Tần suất: 0=Hàng ngày, 1=Hàng tháng, 2=Hàng năm, 3=Khi có yêu cầu, 4=Quý, 5=Nửa năm",,
SCHEDULE_CONFIG,START_DATE,DATE,Ngày bắt đầu tiến hành truyền/nhận (định dạng dd),,
SCHEDULE_CONFIG,START_HOUR,VARCHAR2(80),Giờ bắt đầu tiến hành truyền/nhận,,
SCHEDULE_CONFIG,START_MINUTE,VARCHAR2(80),Phút bắt đầu tiến hành truyền/nhận,,
SCHEDULE_CONFIG,STATUS,VARCHAR2(80),"Trạng thái lịch (TrangThaiSuDungEnum): 1=Sử dụng, 2=Ngừng sử dụng",,
SCHEDULE_CONFIG,ORG_UNIT_ID,NUMBER,FK -> cat_org_unit: Đơn vị tổ chức của người dùng,FK,FK → CAT_ORG_UNIT.ID
SCHEDULE_CONFIG,CRON_EXPRESSION,VARCHAR2(400),Biểu thức CRON tính thời gian chạy job tự động,,
SCHEDULE_CONFIG,API_PACKET_CODE,VARCHAR2(200),Mã gói API/nghiệp vụ gắn với lịch (MA_GOI_API): map job Quartz sinh dữ liệu hoặc push,,
SSC_PENALTY,ID,NUMBER,Khóa chính của bản ghi (ID số tự tăng),PK,
SSC_PENALTY,DECISION_NUMBER,VARCHAR2(80),Số quyết định thành lập/xử phạt,,
SSC_PENALTY,DECISION_DATE,DATE,Ngày ban hành quyết định,,
SSC_PENALTY,NAME,VARCHAR2(1200),Tên đầy đủ,,
SSC_PENALTY,ADDRESS,VARCHAR2(1200),Địa chỉ,,
SSC_PENALTY,ACTIVITY_SECTOR,VARCHAR2(400),Lĩnh vực hoạt động của đối tượng bị xử phạt,,
SSC_PENALTY,TAX_CODE,VARCHAR2(2000),Mã số thuế doanh nghiệp,,
SSC_PENALTY,LEGAL_REPRESENTATIVE_NAME,VARCHAR2(1200),Họ tên người đại diện theo pháp luật,,
SSC_PENALTY,VIOLATION_ACT_DESC,VARCHAR2(4000),Mô tả hành vi vi phạm trong quyết định xử phạt,,
SSC_PENALTY,FINE_AMOUNT,NUMBER,Số tiền phạt đối với hành vi vi phạm (đơn vị: đồng),,
SSC_PENALTY,SUPPLEMENTARY_PENALTY_FORM,VARCHAR2(1200),"Hình thức xử phạt bổ sung (tịch thu, đình chỉ...)",,
SSC_PENALTY,REMEDIAL_MEASURE,VARCHAR2(1200),Biện pháp khắc phục hậu quả áp dụng,,
SSC_PENALTY,MSG_PACKET_ID,NUMBER,FK -> msg_packet: Gói tin trao đổi liên quan,FK,FK → MSG_PACKET.ID
SSC_PENALTY,ISSUE_DATE,DATE,Ngày cấp giấy phép thành lập,,
SSC_PENALTY,ISSUE_PLACE,VARCHAR2(2000),Nơi cấp mã số doanh nghiệp,,
SSC_REPORT,ID,NUMBER,Khóa chính của bản ghi (ID số tự tăng),PK,
SSC_REPORT,SYSTEM_CODE,NUMBER,"Mã hệ thống nguồn (HeThongEnum): 1=IDS, 2=IDM, 3=Thanh tra, 4=SCMS, 5=FMS, 6=THUE (TCT)",,
SSC_REPORT,REPORT_CODE,VARCHAR2(200),Mã báo cáo tài chính,,
SSC_REPORT,REPORT_NAME,VARCHAR2(800),Tên báo cáo tài chính,,
SSC_REPORT,ORG_UNIT_CODE,VARCHAR2(800),Mã đơn vị gửi báo cáo (CTCK/QLQ/CN QLQ NN...),,
SSC_REPORT,REPORT_TYPE,NUMBER,"Loại báo cáo: theo danh sách enum trong hệ thống (BCTC, BCLCTT...)",,
SSC_REPORT,PERIOD_TYPE,VARCHAR2(80),"Kiểu kỳ báo cáo: Y=Năm, H=Bán niên, Q=Quý, M=Tháng",,
SSC_REPORT,REPORT_PERIOD,VARCHAR2(80),Kỳ báo cáo (định dạng yyyy hoặc yyyyQn),,
SSC_REPORT,PERIOD_FROM_DATE,VARCHAR2(80),Kỳ báo cáo từ ngày (định dạng DD/MM/YYYY),,
SSC_REPORT,PERIOD_TO_DATE,VARCHAR2(80),Kỳ báo cáo đến ngày (định dạng DD/MM/YYYY),,
SSC_REPORT,PERIOD_FROM_MONTH,VARCHAR2(80),Kỳ báo cáo từ tháng (định dạng MM/YYYY),,
SSC_REPORT,PERIOD_TO_MONTH,VARCHAR2(80),Kỳ báo cáo đến tháng (định dạng MM/YYYY),,
SSC_REPORT,SENT_AT,DATE,Thời điểm gửi gói tin,,
SSC_REPORT,AUDIT_STATUS,NUMBER,"Trạng thái kiểm toán: 0=Trước kiểm toán, 1=Sau kiểm toán",,
SSC_REPORT,AUDIT_FIRM_NAME,VARCHAR2(800),Tên tổ chức kiểm toán thực hiện kiểm toán báo cáo,,
SSC_REPORT,AUDIT_FIRM_TAX_CODE,VARCHAR2(200),Mã số thuế của tổ chức kiểm toán,,
SSC_REPORT,BUSINESS_REG_CERT,VARCHAR2(200),Số giấy phép đăng ký kinh doanh của công ty kiểm toán,,
SSC_REPORT,AUDIT_OPINION_CODE,VARCHAR2(80),Mã ý kiến kiểm toán (theo chuẩn mực kiểm toán),,
SSC_REPORT,AUDIT_OPINION,VARCHAR2(2000),Nội dung ý kiến kiểm toán,,
SSC_REPORT,AUDIT_DATE,DATE,Ngày ký báo cáo kiểm toán,,
SSC_REPORT,AUDITOR_NAME,VARCHAR2(2000),Họ tên kiểm toán viên,,
SSC_REPORT,EXTENSION_REASON_CODE,VARCHAR2(80),Mã lý do gia hạn nộp báo cáo,,
SSC_REPORT,EXTENSION_REASON,VARCHAR2(2000),Nội dung lý do gia hạn nộp báo cáo,,
SSC_REPORT,SIGNATORY,VARCHAR2(200),Người ký báo cáo (Giám đốc/TGĐ),,
SSC_REPORT,SIGNED_AT,DATE,Ngày ký báo cáo,,
SSC_REPORT,CREATED_AT,DATE,Thời điểm tạo bản ghi,,
SSC_REPORT,MSG_PACKET_ID,NUMBER,FK -> msg_packet: Gói tin trao đổi liên quan,FK,FK → MSG_PACKET.ID
SSC_REPORT,ENTERPRISE_CODE,VARCHAR2(80),Mã số doanh nghiệp đăng ký kinh doanh,,
SSC_REPORT,GUID,VARCHAR2(200),Định danh duy nhất toàn cục (GUID/UUID) của bản ghi,,
SSC_REPORT,TAX_CODE,VARCHAR2(80),Mã số thuế doanh nghiệp,,
SSC_REPORT,REPORT_SOURCE_URL,VARCHAR2(600),Đường dẫn báo cáo trực tuyến (link online),,
SSC_REPORT,PRACTICE_CERT_NUMBER,VARCHAR2(320),Số chứng chỉ hành nghề kiểm toán,,
SSC_REPORT,GOING_CONCERN_YES,VARCHAR2(200),Cờ hoạt động liên tục: true/false,,
SSC_REPORT,GOING_CONCERN_NO,VARCHAR2(200),Cờ không hoạt động liên tục: true/false,,
SSC_REPORT_DETAIL,ID,NUMBER,Khóa chính của bản ghi (ID số tự tăng),PK,
SSC_REPORT_DETAIL,SSC_REPORT_ID,NUMBER,FK -> ssc_report: Báo cáo tài chính UBCKNN liên quan,FK,FK → SSC_REPORT.ID
SSC_REPORT_DETAIL,INDICATOR_CODE,VARCHAR2(200),Mã chỉ tiêu trong biểu mẫu báo cáo,,
SSC_REPORT_DETAIL,INDICATOR_NAME,VARCHAR2(800),Tên chỉ tiêu trong biểu mẫu báo cáo,,
SSC_REPORT_DETAIL,EXPLANATION_NOTE,VARCHAR2(400),Thuyết minh/ghi chú cho chỉ tiêu báo cáo,,
SSC_REPORT_DETAIL,YEAR_END_VALUE,VARCHAR2(400),Giá trị cuối năm báo cáo (đầu kỳ của năm sau),,
SSC_REPORT_DETAIL,YEAR_BEGIN_VALUE,VARCHAR2(400),Giá trị đầu năm báo cáo (số dư đầu kỳ),,
SSC_REPORT_DETAIL,CURRENT_YEAR_VALUE,VARCHAR2(400),Giá trị năm nay (kỳ hiện tại),,
SSC_REPORT_DETAIL,PRIOR_YEAR_VALUE,VARCHAR2(400),Giá trị năm trước (kỳ so sánh),,
SSC_REPORT_DETAIL,SHEET_NAME,VARCHAR2(400),"Mã sheet báo cáo (LoaiBaoCaoChiTietEnum/TEN_SHEET): 1=BCDKT, 2=KQKD, 3=KQKDHD, 4=LCTT-TT, 5=LCTT-GT, 6=CTTKC, 9=THBDVCSH",,
SSC_REPORT_DETAIL,PREPARER_NAME,VARCHAR2(400),Họ tên người lập biểu,,
SSC_REPORT_DETAIL,CHIEF_ACCOUNTANT,VARCHAR2(400),Họ tên kế toán trưởng,,
SSC_REPORT_DETAIL,PREPARATION_DATE,VARCHAR2(400),Ngày lập biểu,,
SSC_REPORT_DETAIL,DIRECTOR_NAME,VARCHAR2(400),Họ tên Giám đốc/Tổng giám đốc ký báo cáo,,
SSC_REPORT_DETAIL,PRACTICE_CERT_NUMBER,VARCHAR2(400),Số chứng chỉ hành nghề kiểm toán,,
SSC_REPORT_DETAIL,AUDIT_SERVICE_UNIT,VARCHAR2(400),Đơn vị cung cấp dịch vụ kiểm toán,,
SSC_REPORT_DETAIL,BEGIN_BALANCE_CURRENT_YEAR,VARCHAR2(100),Số dư đầu năm nay,,
SSC_REPORT_DETAIL,BEGIN_BALANCE_PRIOR_YEAR,VARCHAR2(100),Số dư đầu năm trước,,
SSC_REPORT_DETAIL,INCREASE_PRIOR_YEAR,VARCHAR2(100),Số tăng năm trước,,
SSC_REPORT_DETAIL,DECREASE_PRIOR_YEAR,VARCHAR2(100),Số giảm năm trước,,
SSC_REPORT_DETAIL,INCREASE_CURRENT_YEAR,VARCHAR2(100),Số tăng năm nay,,
SSC_REPORT_DETAIL,DECREASE_CURRENT_YEAR,VARCHAR2(100),Số giảm năm nay,,
SSC_REPORT_DETAIL,END_BALANCE_PRIOR_YEAR,VARCHAR2(100),Số dư cuối năm trước,,
SSC_REPORT_DETAIL,END_BALANCE_CURRENT_YEAR,VARCHAR2(100),Số dư cuối năm nay,,
SSC_REPORT_DETAIL,TOTAL_CURRENT_YEAR,VARCHAR2(400),Tổng hợp năm nay,,
SSC_REPORT_DETAIL,TOTAL_PRIOR_YEAR,VARCHAR2(400),Tổng hợp năm trước,,
SSC_REPORT_DETAIL,CURRENT_YEAR_AMOUNT,VARCHAR2(400),Số tiền/giá trị năm nay,,
SSC_REPORT_DETAIL,PREVIOUS_YEAR_AMOUNT,VARCHAR2(400),Số tiền/giá trị năm ngoái,,
SSC_REPORT_DETAIL,THUTU,NUMBER,Thu tu chi tieu hien thi,,
SUBJECT_PROFILE,ID,VARCHAR2(200),Khóa chính của bản ghi (ID số tự tăng),,
SUBJECT_PROFILE,PROFILE_ID,VARCHAR2(200),ID hồ sơ thanh tra/giám sát gốc,,
SUBJECT_PROFILE,SUBJECT_TYPE,NUMBER,"Loại đối tượng: 1=CTĐC, 2=CTCK, 3=QLQ, 4=Cá nhân, 5=Ngoài danh mục",,
SUBJECT_PROFILE,SUBJECT_NAME,VARCHAR2(1020),Tên tổ chức/cá nhân đối tượng,,
SUBJECT_PROFILE,SHORT_NAME,VARCHAR2(200),Tên viết tắt của đối tượng,,
SUBJECT_PROFILE,OFFICIAL_LETTER_ID,VARCHAR2(200),ID công văn liên quan đến hồ sơ,,
SUBJECT_PROFILE,BUSINESS_LICENSE_NUMBER,VARCHAR2(1020),Số giấy phép kinh doanh của đối tượng,,
SUBJECT_PROFILE,COUNTRY_ID,VARCHAR2(4000),FK -> danh mục quốc gia của đối tượng,,
SUBJECT_PROFILE,WEBSITE,VARCHAR2(1020),Địa chỉ website,,
SUBJECT_PROFILE,EMAIL,VARCHAR2(1020),Địa chỉ email liên hệ,,
SUBJECT_PROFILE,PHONE,VARCHAR2(1020),Số điện thoại liên hệ,,
SUBJECT_PROFILE,FAX,VARCHAR2(1020),Số fax,,
SUBJECT_PROFILE,ADDRESS,VARCHAR2(1020),Địa chỉ,,
SUBJECT_PROFILE,NOTE,VARCHAR2(1020),Ghi chú bổ sung,,
SUBJECT_PROFILE,SORT_ORDER,NUMBER,Số thứ tự hiển thị/sắp xếp,,
SUBJECT_PROFILE,DATE_OF_BIRTH,DATE,Ngày sinh,,
SUBJECT_PROFILE,GENDER,NUMBER,"Giới tính: 1=Nam, 0=Nữ",,
SUBJECT_PROFILE,ID_CARD_NUMBER,VARCHAR2(200),Số CMND/hộ chiếu người đại diện theo pháp luật,,
SUBJECT_PROFILE,CREATED_BY,VARCHAR2(200),Tài khoản/tên người tạo bản ghi,,FK suy luận → SYS_USER.ID
SUBJECT_PROFILE,CREATED_AT,DATE,Thời điểm tạo bản ghi,,
SUBJECT_PROFILE,SUBJECT_TYPE_CATALOG_ID,VARCHAR2(200),FK -> danh mục loại đối tượng,,
SUBJECT_PROFILE,SECURITIES_CODE,VARCHAR2(200),Mã chứng khoán liên quan đến hành vi vi phạm giao dịch,,
SUBJECT_PROFILE,ORG_REPRESENTATIVE_NAME,VARCHAR2(200),Họ tên người đại diện tổ chức,,
SUBJECT_PROFILE,FULL_SEARCH,VARCHAR2(4000),Chuỗi tìm kiếm toàn văn (full-text search) tổng hợp các trường,,
SUBJECT_PROFILE,ACCOUNT_NUMBER,VARCHAR2(200),Số tài khoản chứng khoán liên quan,,
SUBJECT_PROFILE,ACCOUNT_OPENING_PLACE,VARCHAR2(200),Nơi mở tài khoản chứng khoán,,
SUBJECT_PROFILE,DECISION_ID,VARCHAR2(50),FK -> quyết định liên quan đến hồ sơ,,
SUBJECT_PROFILE,MARKET,NUMBER,"Thị trường: 1=HOSE, 2=HNX, 3=UPCOM",,
SYS_AUDIT_LOG,ID,NUMBER,Khóa chính của bản ghi (ID số tự tăng),PK,
SYS_AUDIT_LOG,USERNAME,VARCHAR2(400),Tên đăng nhập,,
SYS_AUDIT_LOG,DESCRIPTION,VARCHAR2(4000),Mô tả chi tiết,,
SYS_AUDIT_LOG,ACTION,NUMBER,"Hành động nhật ký (HanhDongEnum): 0=Xem, 1=Thêm mới, 2=Cập nhật, 3=Xóa, 4=Thay đổi trạng thái, 5=Xóa chọn, 6=Cập nhật quyền, 7=Đăng nhập, 8=Đăng xuất, 9=Cập nhật TT người dùng, 10=Send Xml, 11=Sinh dữ liệu, 12=Xử lý DL, 13=Gửi msg, 14=Send Xml BTC, 15=Sinh DL tiếp, 16=Send thủ công TCT, 17=Send tiếp TCT, 18=Send tiếp BTC, 19=Tạo XML gói tin",,
SYS_AUDIT_LOG,CREATED_AT,DATE,Thời điểm tạo bản ghi,,
SYS_AUDIT_LOG,CLIENT_IP,VARCHAR2(50),Địa chỉ IP của máy khách thực hiện thao tác,,
SYS_AUDIT_LOG,FUNCTION_NAME,VARCHAR2(800),Tên chức năng/menu hiển thị trên giao diện,,
SYS_EXCHANGE_API,ID,"NUMBER(19,0)",,PK,
SYS_EXCHANGE_API,API_CODE,VARCHAR2(64),,,
SYS_EXCHANGE_API,API_NAME,VARCHAR2(255),,,
SYS_EXCHANGE_API,PATH,VARCHAR2(255),,,
SYS_EXCHANGE_API,DESCRIPTION,VARCHAR2(1000),,,
SYS_EXCHANGE_API,STATUS,"NUMBER(1,0)",,,
SYS_EXCHANGE_API,CREATED_AT,TIMESTAMP(6),,,
SYS_EXCHANGE_REGISTRATION,ID,"NUMBER(19,0)",,PK,
SYS_EXCHANGE_REGISTRATION,API_CODE,VARCHAR2(64),,,
SYS_EXCHANGE_REGISTRATION,SYSTEM_CODE,VARCHAR2(64),,,
SYS_EXCHANGE_REGISTRATION,SYSTEM_NAME,VARCHAR2(255),,,
SYS_EXCHANGE_REGISTRATION,SENDER_CODE,VARCHAR2(64),,,
SYS_EXCHANGE_REGISTRATION,API_KEY,VARCHAR2(128),,,
SYS_EXCHANGE_REGISTRATION,VERIFY_CERT,VARCHAR2(500),,,
SYS_EXCHANGE_REGISTRATION,ALLOWED_TRAN_CODE,VARCHAR2(500),,,
SYS_EXCHANGE_REGISTRATION,STATUS,"NUMBER(1,0)",,,
SYS_EXCHANGE_REGISTRATION,NOTE,VARCHAR2(1000),,,
SYS_EXCHANGE_REGISTRATION,CREATED_AT,TIMESTAMP(6),,,
SYS_EXCHANGE_REGISTRATION,CREATED_BY,VARCHAR2(100),,,
SYS_EXPORT_SCHEMA_01,PROCESS_ORDER,NUMBER,Thứ tự xử lý đối tượng trong Data Pump (nội bộ Oracle),,
SYS_EXPORT_SCHEMA_01,DUPLICATE,NUMBER,Cờ đối tượng bị trùng lặp (nội bộ Oracle),,
SYS_EXPORT_SCHEMA_01,DUMP_FILEID,NUMBER,ID file dump chứa dữ liệu (nội bộ Oracle Data Pump),,
SYS_EXPORT_SCHEMA_01,DUMP_POSITION,NUMBER,Vị trí bắt đầu trong file dump (nội bộ Oracle),,
SYS_EXPORT_SCHEMA_01,DUMP_LENGTH,NUMBER,Độ dài dữ liệu trong file dump (nội bộ Oracle),,
SYS_EXPORT_SCHEMA_01,DUMP_ORIG_LENGTH,NUMBER,Độ dài dữ liệu gốc trước nén (nội bộ Oracle),,
SYS_EXPORT_SCHEMA_01,DUMP_ALLOCATION,NUMBER,Dung lượng phân bổ trong file dump (nội bộ Oracle),,
SYS_EXPORT_SCHEMA_01,COMPLETED_ROWS,NUMBER,Số hàng đã xử lý xong (nội bộ Oracle Data Pump),,
SYS_EXPORT_SCHEMA_01,ERROR_COUNT,NUMBER,Số lỗi phát sinh trong quá trình xuất/nhập (nội bộ Oracle),,
SYS_EXPORT_SCHEMA_01,ELAPSED_TIME,NUMBER,Thời gian thực thi (nội bộ Oracle Data Pump),,
SYS_EXPORT_SCHEMA_01,OBJECT_TYPE_PATH,VARCHAR2(200),Đường dẫn loại đối tượng trong Data Pump (nội bộ Oracle),,
SYS_EXPORT_SCHEMA_01,OBJECT_PATH_SEQNO,NUMBER,Số thứ tự đường dẫn đối tượng (nội bộ Oracle),,
SYS_EXPORT_SCHEMA_01,OBJECT_TYPE,VARCHAR2(30),"Loại đối tượng Oracle: TABLE, INDEX, PROCEDURE... (nội bộ Oracle)",,
SYS_EXPORT_SCHEMA_01,IN_PROGRESS,CHAR(1),Cờ đang xử lý: Y=Đang chạy (nội bộ Oracle Data Pump),,
SYS_EXPORT_SCHEMA_01,OBJECT_NAME,VARCHAR2(500),Tên đối tượng Oracle cần xuất/nhập (nội bộ Oracle),,
SYS_EXPORT_SCHEMA_01,OBJECT_LONG_NAME,VARCHAR2(4000),Tên đầy đủ đối tượng Oracle (nội bộ Oracle),,
SYS_EXPORT_SCHEMA_01,OBJECT_SCHEMA,VARCHAR2(30),Schema chứa đối tượng Oracle (nội bộ Oracle),,
SYS_EXPORT_SCHEMA_01,ORIGINAL_OBJECT_SCHEMA,VARCHAR2(30),Schema gốc của đối tượng trước khi xuất (nội bộ Oracle),,
SYS_EXPORT_SCHEMA_01,ORIGINAL_OBJECT_NAME,VARCHAR2(4000),Tên gốc của đối tượng trước khi xuất (nội bộ Oracle),,
SYS_EXPORT_SCHEMA_01,PARTITION_NAME,VARCHAR2(30),Tên partition của bảng (nội bộ Oracle),,
SYS_EXPORT_SCHEMA_01,SUBPARTITION_NAME,VARCHAR2(30),Tên sub-partition của bảng (nội bộ Oracle),,
SYS_EXPORT_SCHEMA_01,DATAOBJ_NUM,NUMBER,Số đối tượng dữ liệu Oracle (nội bộ Oracle),,
SYS_EXPORT_SCHEMA_01,FLAGS,NUMBER,Cờ trạng thái nội bộ Oracle Data Pump,,
SYS_EXPORT_SCHEMA_01,PROPERTY,NUMBER,Thuộc tính đối tượng Oracle (nội bộ Oracle),,
SYS_EXPORT_SCHEMA_01,TRIGFLAG,NUMBER,Cờ trigger Oracle (nội bộ Oracle),,
SYS_EXPORT_SCHEMA_01,CREATION_LEVEL,NUMBER,Cấp độ tạo đối tượng trong Data Pump (nội bộ Oracle),,
SYS_EXPORT_SCHEMA_01,COMPLETION_TIME,DATE,Thời điểm hoàn thành xử lý đối tượng (nội bộ Oracle),,
SYS_EXPORT_SCHEMA_01,OBJECT_TABLESPACE,VARCHAR2(30),Tablespace chứa đối tượng (nội bộ Oracle),,
SYS_EXPORT_SCHEMA_01,SIZE_ESTIMATE,NUMBER,"Ước tính dung lượng đối tượng (byte, nội bộ Oracle)",,
SYS_EXPORT_SCHEMA_01,OBJECT_ROW,NUMBER,Số hàng trong đối tượng (nội bộ Oracle),,
SYS_EXPORT_SCHEMA_01,PROCESSING_STATE,CHAR(1),Trạng thái xử lý đối tượng (nội bộ Oracle Data Pump),,
SYS_EXPORT_SCHEMA_01,PROCESSING_STATUS,CHAR(1),Kết quả xử lý đối tượng (nội bộ Oracle Data Pump),,
SYS_EXPORT_SCHEMA_01,BASE_PROCESS_ORDER,NUMBER,Thứ tự xử lý đối tượng cơ sở (nội bộ Oracle),,
SYS_EXPORT_SCHEMA_01,BASE_OBJECT_TYPE,VARCHAR2(30),Loại đối tượng cơ sở (nội bộ Oracle),,
SYS_EXPORT_SCHEMA_01,BASE_OBJECT_NAME,VARCHAR2(30),Tên đối tượng cơ sở (nội bộ Oracle),,
SYS_EXPORT_SCHEMA_01,BASE_OBJECT_SCHEMA,VARCHAR2(30),Schema đối tượng cơ sở (nội bộ Oracle),,
SYS_EXPORT_SCHEMA_01,ANCESTOR_PROCESS_ORDER,NUMBER,Thứ tự xử lý tổ tiên (nội bộ Oracle),,
SYS_EXPORT_SCHEMA_01,DOMAIN_PROCESS_ORDER,NUMBER,Thứ tự xử lý domain (nội bộ Oracle),,
SYS_EXPORT_SCHEMA_01,PARALLELIZATION,NUMBER,Số luồng song song xử lý (nội bộ Oracle Data Pump),,
SYS_EXPORT_SCHEMA_01,UNLOAD_METHOD,NUMBER,Phương thức unload dữ liệu (nội bộ Oracle),,
SYS_EXPORT_SCHEMA_01,LOAD_METHOD,NUMBER,Phương thức load dữ liệu (nội bộ Oracle),,
SYS_EXPORT_SCHEMA_01,GRANULES,NUMBER,Số granule xử lý (nội bộ Oracle),,
SYS_EXPORT_SCHEMA_01,SCN,NUMBER,System Change Number tại thời điểm xuất (nội bộ Oracle),,
SYS_EXPORT_SCHEMA_01,GRANTOR,VARCHAR2(30),Người cấp quyền (nội bộ Oracle),,
SYS_EXPORT_SCHEMA_01,XML_CLOB,CLOB,"Metadata XML của đối tượng (CLOB, nội bộ Oracle)",,
SYS_EXPORT_SCHEMA_01,PARENT_PROCESS_ORDER,NUMBER,Thứ tự xử lý đối tượng cha (nội bộ Oracle),,
SYS_EXPORT_SCHEMA_01,NAME,VARCHAR2(30),Tên đầy đủ,,
SYS_EXPORT_SCHEMA_01,VALUE_T,VARCHAR2(4000),Giá trị kiểu text của tham số job (nội bộ Oracle),,
SYS_EXPORT_SCHEMA_01,VALUE_N,NUMBER,Giá trị kiểu số của tham số job (nội bộ Oracle),,
SYS_EXPORT_SCHEMA_01,IS_DEFAULT,NUMBER,Cờ giá trị mặc định (nội bộ Oracle),,
SYS_EXPORT_SCHEMA_01,FILE_TYPE,NUMBER,Loại file dump (nội bộ Oracle Data Pump),,
SYS_EXPORT_SCHEMA_01,USER_DIRECTORY,VARCHAR2(4000),Thư mục Oracle Directory object (nội bộ Oracle),,
SYS_EXPORT_SCHEMA_01,USER_FILE_NAME,VARCHAR2(4000),Tên file do người dùng đặt (nội bộ Oracle),,
SYS_EXPORT_SCHEMA_01,FILE_NAME,VARCHAR2(4000),Tên file dump thực tế trên đĩa (nội bộ Oracle),,
SYS_EXPORT_SCHEMA_01,EXTEND_SIZE,NUMBER,Kích thước mở rộng file (nội bộ Oracle),,
SYS_EXPORT_SCHEMA_01,FILE_MAX_SIZE,NUMBER,Kích thước tối đa file dump (nội bộ Oracle),,
SYS_EXPORT_SCHEMA_01,PROCESS_NAME,VARCHAR2(30),Tên tiến trình Data Pump (nội bộ Oracle),,
SYS_EXPORT_SCHEMA_01,LAST_MODIFIED_AT,DATE,Thời điểm cập nhật lần cuối,,
SYS_EXPORT_SCHEMA_01,WORK_ITEM,VARCHAR2(30),Mục công việc đang xử lý (nội bộ Oracle),,
SYS_EXPORT_SCHEMA_01,OBJECT_NUMBER,NUMBER,Số thứ tự đối tượng trong schema (nội bộ Oracle),,
SYS_EXPORT_SCHEMA_01,COMPLETED_BYTES,NUMBER,Số byte đã xử lý (nội bộ Oracle),,
SYS_EXPORT_SCHEMA_01,TOTAL_BYTES,NUMBER,Tổng số byte cần xử lý (nội bộ Oracle),,
SYS_EXPORT_SCHEMA_01,METADATA_IO,NUMBER,I/O metadata (nội bộ Oracle),,
SYS_EXPORT_SCHEMA_01,DATA_IO,NUMBER,I/O dữ liệu (nội bộ Oracle),,
SYS_EXPORT_SCHEMA_01,CUMULATIVE_TIME,NUMBER,Thời gian tích lũy (nội bộ Oracle),,
SYS_EXPORT_SCHEMA_01,PACKET_NUMBER,NUMBER,Số packet (nội bộ Oracle),,
SYS_EXPORT_SCHEMA_01,INSTANCE_ID,NUMBER,ID instance Oracle (nội bộ Oracle),,
SYS_EXPORT_SCHEMA_01,OLD_VALUE,VARCHAR2(4000),Giá trị cũ (nội bộ Oracle),,
SYS_EXPORT_SCHEMA_01,SEED,NUMBER,Seed cho random (nội bộ Oracle),,
SYS_EXPORT_SCHEMA_01,LAST_FILE,NUMBER,File cuối cùng (nội bộ Oracle),,
SYS_EXPORT_SCHEMA_01,USER_NAME,VARCHAR2(30),Tên người dùng thực hiện job (nội bộ Oracle),,
SYS_EXPORT_SCHEMA_01,OPERATION,VARCHAR2(30),Loại thao tác: EXPORT/IMPORT (nội bộ Oracle Data Pump),,
SYS_EXPORT_SCHEMA_01,JOB_MODE,VARCHAR2(30),Chế độ job: FULL/SCHEMA/TABLE (nội bộ Oracle Data Pump),,
SYS_EXPORT_SCHEMA_01,QUEUE_TABNUM,NUMBER,Số bảng queue (nội bộ Oracle),,
SYS_EXPORT_SCHEMA_01,CONTROL_QUEUE,VARCHAR2(30),Tên queue điều khiển (nội bộ Oracle),,
SYS_EXPORT_SCHEMA_01,STATUS_QUEUE,VARCHAR2(30),Tên queue trạng thái (nội bộ Oracle),,
SYS_EXPORT_SCHEMA_01,REMOTE_LINK,VARCHAR2(4000),Database link từ xa (nội bộ Oracle),,
SYS_EXPORT_SCHEMA_01,VERSION,NUMBER,Phiên bản giao thức trao đổi dữ liệu,,
SYS_EXPORT_SCHEMA_01,JOB_VERSION,VARCHAR2(30),Phiên bản Oracle của job (nội bộ Oracle Data Pump),,
SYS_EXPORT_SCHEMA_01,DB_VERSION,VARCHAR2(30),Phiên bản Oracle Database (nội bộ Oracle),,
SYS_EXPORT_SCHEMA_01,TIMEZONE,VARCHAR2(64),Múi giờ của job (nội bộ Oracle),,
SYS_EXPORT_SCHEMA_01,STATE,VARCHAR2(30),Trạng thái job Data Pump (nội bộ Oracle),,
SYS_EXPORT_SCHEMA_01,PHASE,NUMBER,Pha thực thi job (nội bộ Oracle),,
SYS_EXPORT_SCHEMA_01,GUID,RAW(16),Định danh duy nhất toàn cục (GUID/UUID) của bản ghi,,
SYS_EXPORT_SCHEMA_01,START_TIME,DATE,Thời điểm bắt đầu job (nội bộ Oracle),,
SYS_EXPORT_SCHEMA_01,BLOCK_SIZE,NUMBER,Kích thước block (nội bộ Oracle),,
SYS_EXPORT_SCHEMA_01,METADATA_BUFFER_SIZE,NUMBER,Kích thước buffer metadata (nội bộ Oracle),,
SYS_EXPORT_SCHEMA_01,DATA_BUFFER_SIZE,NUMBER,Kích thước buffer dữ liệu (nội bộ Oracle),,
SYS_EXPORT_SCHEMA_01,DEGREE,NUMBER,Số degree song song (nội bộ Oracle),,
SYS_EXPORT_SCHEMA_01,PLATFORM,VARCHAR2(101),Nền tảng OS (nội bộ Oracle),,
SYS_EXPORT_SCHEMA_01,ABORT_STEP,NUMBER,Bước dừng khi abort (nội bộ Oracle),,
SYS_EXPORT_SCHEMA_01,INSTANCE,VARCHAR2(60),Tên instance Oracle (nội bộ Oracle),,
SYS_EXPORT_SCHEMA_01,CLUSTER_OK,NUMBER,Cờ cluster hợp lệ (nội bộ Oracle RAC),,
SYS_EXPORT_SCHEMA_01,SERVICE_NAME,VARCHAR2(100),Tên dịch vụ trao đổi dữ liệu,,
SYS_EXPORT_SCHEMA_01,OBJECT_INT_OID,VARCHAR2(32),Object internal OID (nội bộ Oracle),,
SYS_EXPORT_SCHEMA_02,PROCESS_ORDER,NUMBER,Thứ tự xử lý đối tượng trong Data Pump (nội bộ Oracle),,
SYS_EXPORT_SCHEMA_02,DUPLICATE,NUMBER,Cờ đối tượng bị trùng lặp (nội bộ Oracle),,
SYS_EXPORT_SCHEMA_02,DUMP_FILEID,NUMBER,ID file dump chứa dữ liệu (nội bộ Oracle Data Pump),,
SYS_EXPORT_SCHEMA_02,DUMP_POSITION,NUMBER,Vị trí bắt đầu trong file dump (nội bộ Oracle),,
SYS_EXPORT_SCHEMA_02,DUMP_LENGTH,NUMBER,Độ dài dữ liệu trong file dump (nội bộ Oracle),,
SYS_EXPORT_SCHEMA_02,DUMP_ORIG_LENGTH,NUMBER,Độ dài dữ liệu gốc trước nén (nội bộ Oracle),,
SYS_EXPORT_SCHEMA_02,DUMP_ALLOCATION,NUMBER,Dung lượng phân bổ trong file dump (nội bộ Oracle),,
SYS_EXPORT_SCHEMA_02,COMPLETED_ROWS,NUMBER,Số hàng đã xử lý xong (nội bộ Oracle Data Pump),,
SYS_EXPORT_SCHEMA_02,ERROR_COUNT,NUMBER,Số lỗi phát sinh trong quá trình xuất/nhập (nội bộ Oracle),,
SYS_EXPORT_SCHEMA_02,ELAPSED_TIME,NUMBER,Thời gian thực thi (nội bộ Oracle Data Pump),,
SYS_EXPORT_SCHEMA_02,OBJECT_TYPE_PATH,VARCHAR2(200),Đường dẫn loại đối tượng trong Data Pump (nội bộ Oracle),,
SYS_EXPORT_SCHEMA_02,OBJECT_PATH_SEQNO,NUMBER,Số thứ tự đường dẫn đối tượng (nội bộ Oracle),,
SYS_EXPORT_SCHEMA_02,OBJECT_TYPE,VARCHAR2(30),"Loại đối tượng Oracle: TABLE, INDEX, PROCEDURE... (nội bộ Oracle)",,
SYS_EXPORT_SCHEMA_02,IN_PROGRESS,CHAR(1),Cờ đang xử lý: Y=Đang chạy (nội bộ Oracle Data Pump),,
SYS_EXPORT_SCHEMA_02,OBJECT_NAME,VARCHAR2(500),Tên đối tượng Oracle cần xuất/nhập (nội bộ Oracle),,
SYS_EXPORT_SCHEMA_02,OBJECT_LONG_NAME,VARCHAR2(4000),Tên đầy đủ đối tượng Oracle (nội bộ Oracle),,
SYS_EXPORT_SCHEMA_02,OBJECT_SCHEMA,VARCHAR2(30),Schema chứa đối tượng Oracle (nội bộ Oracle),,
SYS_EXPORT_SCHEMA_02,ORIGINAL_OBJECT_SCHEMA,VARCHAR2(30),Schema gốc của đối tượng trước khi xuất (nội bộ Oracle),,
SYS_EXPORT_SCHEMA_02,ORIGINAL_OBJECT_NAME,VARCHAR2(4000),Tên gốc của đối tượng trước khi xuất (nội bộ Oracle),,
SYS_EXPORT_SCHEMA_02,PARTITION_NAME,VARCHAR2(30),Tên partition của bảng (nội bộ Oracle),,
SYS_EXPORT_SCHEMA_02,SUBPARTITION_NAME,VARCHAR2(30),Tên sub-partition của bảng (nội bộ Oracle),,
SYS_EXPORT_SCHEMA_02,DATAOBJ_NUM,NUMBER,Số đối tượng dữ liệu Oracle (nội bộ Oracle),,
SYS_EXPORT_SCHEMA_02,FLAGS,NUMBER,Cờ trạng thái nội bộ Oracle Data Pump,,
SYS_EXPORT_SCHEMA_02,PROPERTY,NUMBER,Thuộc tính đối tượng Oracle (nội bộ Oracle),,
SYS_EXPORT_SCHEMA_02,TRIGFLAG,NUMBER,Cờ trigger Oracle (nội bộ Oracle),,
SYS_EXPORT_SCHEMA_02,CREATION_LEVEL,NUMBER,Cấp độ tạo đối tượng trong Data Pump (nội bộ Oracle),,
SYS_EXPORT_SCHEMA_02,COMPLETION_TIME,DATE,Thời điểm hoàn thành xử lý đối tượng (nội bộ Oracle),,
SYS_EXPORT_SCHEMA_02,OBJECT_TABLESPACE,VARCHAR2(30),Tablespace chứa đối tượng (nội bộ Oracle),,
SYS_EXPORT_SCHEMA_02,SIZE_ESTIMATE,NUMBER,"Ước tính dung lượng đối tượng (byte, nội bộ Oracle)",,
SYS_EXPORT_SCHEMA_02,OBJECT_ROW,NUMBER,Số hàng trong đối tượng (nội bộ Oracle),,
SYS_EXPORT_SCHEMA_02,PROCESSING_STATE,CHAR(1),Trạng thái xử lý đối tượng (nội bộ Oracle Data Pump),,
SYS_EXPORT_SCHEMA_02,PROCESSING_STATUS,CHAR(1),Kết quả xử lý đối tượng (nội bộ Oracle Data Pump),,
SYS_EXPORT_SCHEMA_02,BASE_PROCESS_ORDER,NUMBER,Thứ tự xử lý đối tượng cơ sở (nội bộ Oracle),,
SYS_EXPORT_SCHEMA_02,BASE_OBJECT_TYPE,VARCHAR2(30),Loại đối tượng cơ sở (nội bộ Oracle),,
SYS_EXPORT_SCHEMA_02,BASE_OBJECT_NAME,VARCHAR2(30),Tên đối tượng cơ sở (nội bộ Oracle),,
SYS_EXPORT_SCHEMA_02,BASE_OBJECT_SCHEMA,VARCHAR2(30),Schema đối tượng cơ sở (nội bộ Oracle),,
SYS_EXPORT_SCHEMA_02,ANCESTOR_PROCESS_ORDER,NUMBER,Thứ tự xử lý tổ tiên (nội bộ Oracle),,
SYS_EXPORT_SCHEMA_02,DOMAIN_PROCESS_ORDER,NUMBER,Thứ tự xử lý domain (nội bộ Oracle),,
SYS_EXPORT_SCHEMA_02,PARALLELIZATION,NUMBER,Số luồng song song xử lý (nội bộ Oracle Data Pump),,
SYS_EXPORT_SCHEMA_02,UNLOAD_METHOD,NUMBER,Phương thức unload dữ liệu (nội bộ Oracle),,
SYS_EXPORT_SCHEMA_02,LOAD_METHOD,NUMBER,Phương thức load dữ liệu (nội bộ Oracle),,
SYS_EXPORT_SCHEMA_02,GRANULES,NUMBER,Số granule xử lý (nội bộ Oracle),,
SYS_EXPORT_SCHEMA_02,SCN,NUMBER,System Change Number tại thời điểm xuất (nội bộ Oracle),,
SYS_EXPORT_SCHEMA_02,GRANTOR,VARCHAR2(30),Người cấp quyền (nội bộ Oracle),,
SYS_EXPORT_SCHEMA_02,XML_CLOB,CLOB,"Metadata XML của đối tượng (CLOB, nội bộ Oracle)",,
SYS_EXPORT_SCHEMA_02,PARENT_PROCESS_ORDER,NUMBER,Thứ tự xử lý đối tượng cha (nội bộ Oracle),,
SYS_EXPORT_SCHEMA_02,NAME,VARCHAR2(30),Tên đầy đủ,,
SYS_EXPORT_SCHEMA_02,VALUE_T,VARCHAR2(4000),Giá trị kiểu text của tham số job (nội bộ Oracle),,
SYS_EXPORT_SCHEMA_02,VALUE_N,NUMBER,Giá trị kiểu số của tham số job (nội bộ Oracle),,
SYS_EXPORT_SCHEMA_02,IS_DEFAULT,NUMBER,Cờ giá trị mặc định (nội bộ Oracle),,
SYS_EXPORT_SCHEMA_02,FILE_TYPE,NUMBER,Loại file dump (nội bộ Oracle Data Pump),,
SYS_EXPORT_SCHEMA_02,USER_DIRECTORY,VARCHAR2(4000),Thư mục Oracle Directory object (nội bộ Oracle),,
SYS_EXPORT_SCHEMA_02,USER_FILE_NAME,VARCHAR2(4000),Tên file do người dùng đặt (nội bộ Oracle),,
SYS_EXPORT_SCHEMA_02,FILE_NAME,VARCHAR2(4000),Tên file dump thực tế trên đĩa (nội bộ Oracle),,
SYS_EXPORT_SCHEMA_02,EXTEND_SIZE,NUMBER,Kích thước mở rộng file (nội bộ Oracle),,
SYS_EXPORT_SCHEMA_02,FILE_MAX_SIZE,NUMBER,Kích thước tối đa file dump (nội bộ Oracle),,
SYS_EXPORT_SCHEMA_02,PROCESS_NAME,VARCHAR2(30),Tên tiến trình Data Pump (nội bộ Oracle),,
SYS_EXPORT_SCHEMA_02,LAST_MODIFIED_AT,DATE,Thời điểm cập nhật lần cuối,,
SYS_EXPORT_SCHEMA_02,WORK_ITEM,VARCHAR2(30),Mục công việc đang xử lý (nội bộ Oracle),,
SYS_EXPORT_SCHEMA_02,OBJECT_NUMBER,NUMBER,Số thứ tự đối tượng trong schema (nội bộ Oracle),,
SYS_EXPORT_SCHEMA_02,COMPLETED_BYTES,NUMBER,Số byte đã xử lý (nội bộ Oracle),,
SYS_EXPORT_SCHEMA_02,TOTAL_BYTES,NUMBER,Tổng số byte cần xử lý (nội bộ Oracle),,
SYS_EXPORT_SCHEMA_02,METADATA_IO,NUMBER,I/O metadata (nội bộ Oracle),,
SYS_EXPORT_SCHEMA_02,DATA_IO,NUMBER,I/O dữ liệu (nội bộ Oracle),,
SYS_EXPORT_SCHEMA_02,CUMULATIVE_TIME,NUMBER,Thời gian tích lũy (nội bộ Oracle),,
SYS_EXPORT_SCHEMA_02,PACKET_NUMBER,NUMBER,Số packet (nội bộ Oracle),,
SYS_EXPORT_SCHEMA_02,INSTANCE_ID,NUMBER,ID instance Oracle (nội bộ Oracle),,
SYS_EXPORT_SCHEMA_02,OLD_VALUE,VARCHAR2(4000),Giá trị cũ (nội bộ Oracle),,
SYS_EXPORT_SCHEMA_02,SEED,NUMBER,Seed cho random (nội bộ Oracle),,
SYS_EXPORT_SCHEMA_02,LAST_FILE,NUMBER,File cuối cùng (nội bộ Oracle),,
SYS_EXPORT_SCHEMA_02,USER_NAME,VARCHAR2(30),Tên người dùng thực hiện job (nội bộ Oracle),,
SYS_EXPORT_SCHEMA_02,OPERATION,VARCHAR2(30),Loại thao tác: EXPORT/IMPORT (nội bộ Oracle Data Pump),,
SYS_EXPORT_SCHEMA_02,JOB_MODE,VARCHAR2(30),Chế độ job: FULL/SCHEMA/TABLE (nội bộ Oracle Data Pump),,
SYS_EXPORT_SCHEMA_02,QUEUE_TABNUM,NUMBER,Số bảng queue (nội bộ Oracle),,
SYS_EXPORT_SCHEMA_02,CONTROL_QUEUE,VARCHAR2(30),Tên queue điều khiển (nội bộ Oracle),,
SYS_EXPORT_SCHEMA_02,STATUS_QUEUE,VARCHAR2(30),Tên queue trạng thái (nội bộ Oracle),,
SYS_EXPORT_SCHEMA_02,REMOTE_LINK,VARCHAR2(4000),Database link từ xa (nội bộ Oracle),,
SYS_EXPORT_SCHEMA_02,VERSION,NUMBER,Phiên bản giao thức trao đổi dữ liệu,,
SYS_EXPORT_SCHEMA_02,JOB_VERSION,VARCHAR2(30),Phiên bản Oracle của job (nội bộ Oracle Data Pump),,
SYS_EXPORT_SCHEMA_02,DB_VERSION,VARCHAR2(30),Phiên bản Oracle Database (nội bộ Oracle),,
SYS_EXPORT_SCHEMA_02,TIMEZONE,VARCHAR2(64),Múi giờ của job (nội bộ Oracle),,
SYS_EXPORT_SCHEMA_02,STATE,VARCHAR2(30),Trạng thái job Data Pump (nội bộ Oracle),,
SYS_EXPORT_SCHEMA_02,PHASE,NUMBER,Pha thực thi job (nội bộ Oracle),,
SYS_EXPORT_SCHEMA_02,GUID,RAW(16),Định danh duy nhất toàn cục (GUID/UUID) của bản ghi,,
SYS_EXPORT_SCHEMA_02,START_TIME,DATE,Thời điểm bắt đầu job (nội bộ Oracle),,
SYS_EXPORT_SCHEMA_02,BLOCK_SIZE,NUMBER,Kích thước block (nội bộ Oracle),,
SYS_EXPORT_SCHEMA_02,METADATA_BUFFER_SIZE,NUMBER,Kích thước buffer metadata (nội bộ Oracle),,
SYS_EXPORT_SCHEMA_02,DATA_BUFFER_SIZE,NUMBER,Kích thước buffer dữ liệu (nội bộ Oracle),,
SYS_EXPORT_SCHEMA_02,DEGREE,NUMBER,Số degree song song (nội bộ Oracle),,
SYS_EXPORT_SCHEMA_02,PLATFORM,VARCHAR2(101),Nền tảng OS (nội bộ Oracle),,
SYS_EXPORT_SCHEMA_02,ABORT_STEP,NUMBER,Bước dừng khi abort (nội bộ Oracle),,
SYS_EXPORT_SCHEMA_02,INSTANCE,VARCHAR2(60),Tên instance Oracle (nội bộ Oracle),,
SYS_EXPORT_SCHEMA_02,CLUSTER_OK,NUMBER,Cờ cluster hợp lệ (nội bộ Oracle RAC),,
SYS_EXPORT_SCHEMA_02,SERVICE_NAME,VARCHAR2(100),Tên dịch vụ trao đổi dữ liệu,,
SYS_EXPORT_SCHEMA_02,OBJECT_INT_OID,VARCHAR2(32),Object internal OID (nội bộ Oracle),,
SYS_EXPORT_SCHEMA_03,PROCESS_ORDER,NUMBER,Thứ tự xử lý đối tượng trong Data Pump (nội bộ Oracle),,
SYS_EXPORT_SCHEMA_03,DUPLICATE,NUMBER,Cờ đối tượng bị trùng lặp (nội bộ Oracle),,
SYS_EXPORT_SCHEMA_03,DUMP_FILEID,NUMBER,ID file dump chứa dữ liệu (nội bộ Oracle Data Pump),,
SYS_EXPORT_SCHEMA_03,DUMP_POSITION,NUMBER,Vị trí bắt đầu trong file dump (nội bộ Oracle),,
SYS_EXPORT_SCHEMA_03,DUMP_LENGTH,NUMBER,Độ dài dữ liệu trong file dump (nội bộ Oracle),,
SYS_EXPORT_SCHEMA_03,DUMP_ORIG_LENGTH,NUMBER,Độ dài dữ liệu gốc trước nén (nội bộ Oracle),,
SYS_EXPORT_SCHEMA_03,DUMP_ALLOCATION,NUMBER,Dung lượng phân bổ trong file dump (nội bộ Oracle),,
SYS_EXPORT_SCHEMA_03,COMPLETED_ROWS,NUMBER,Số hàng đã xử lý xong (nội bộ Oracle Data Pump),,
SYS_EXPORT_SCHEMA_03,ERROR_COUNT,NUMBER,Số lỗi phát sinh trong quá trình xuất/nhập (nội bộ Oracle),,
SYS_EXPORT_SCHEMA_03,ELAPSED_TIME,NUMBER,Thời gian thực thi (nội bộ Oracle Data Pump),,
SYS_EXPORT_SCHEMA_03,OBJECT_TYPE_PATH,VARCHAR2(200),Đường dẫn loại đối tượng trong Data Pump (nội bộ Oracle),,
SYS_EXPORT_SCHEMA_03,OBJECT_PATH_SEQNO,NUMBER,Số thứ tự đường dẫn đối tượng (nội bộ Oracle),,
SYS_EXPORT_SCHEMA_03,OBJECT_TYPE,VARCHAR2(30),"Loại đối tượng Oracle: TABLE, INDEX, PROCEDURE... (nội bộ Oracle)",,
SYS_EXPORT_SCHEMA_03,IN_PROGRESS,CHAR(1),Cờ đang xử lý: Y=Đang chạy (nội bộ Oracle Data Pump),,
SYS_EXPORT_SCHEMA_03,OBJECT_NAME,VARCHAR2(500),Tên đối tượng Oracle cần xuất/nhập (nội bộ Oracle),,
SYS_EXPORT_SCHEMA_03,OBJECT_LONG_NAME,VARCHAR2(4000),Tên đầy đủ đối tượng Oracle (nội bộ Oracle),,
SYS_EXPORT_SCHEMA_03,OBJECT_SCHEMA,VARCHAR2(30),Schema chứa đối tượng Oracle (nội bộ Oracle),,
SYS_EXPORT_SCHEMA_03,ORIGINAL_OBJECT_SCHEMA,VARCHAR2(30),Schema gốc của đối tượng trước khi xuất (nội bộ Oracle),,
SYS_EXPORT_SCHEMA_03,ORIGINAL_OBJECT_NAME,VARCHAR2(4000),Tên gốc của đối tượng trước khi xuất (nội bộ Oracle),,
SYS_EXPORT_SCHEMA_03,PARTITION_NAME,VARCHAR2(30),Tên partition của bảng (nội bộ Oracle),,
SYS_EXPORT_SCHEMA_03,SUBPARTITION_NAME,VARCHAR2(30),Tên sub-partition của bảng (nội bộ Oracle),,
SYS_EXPORT_SCHEMA_03,DATAOBJ_NUM,NUMBER,Số đối tượng dữ liệu Oracle (nội bộ Oracle),,
SYS_EXPORT_SCHEMA_03,FLAGS,NUMBER,Cờ trạng thái nội bộ Oracle Data Pump,,
SYS_EXPORT_SCHEMA_03,PROPERTY,NUMBER,Thuộc tính đối tượng Oracle (nội bộ Oracle),,
SYS_EXPORT_SCHEMA_03,TRIGFLAG,NUMBER,Cờ trigger Oracle (nội bộ Oracle),,
SYS_EXPORT_SCHEMA_03,CREATION_LEVEL,NUMBER,Cấp độ tạo đối tượng trong Data Pump (nội bộ Oracle),,
SYS_EXPORT_SCHEMA_03,COMPLETION_TIME,DATE,Thời điểm hoàn thành xử lý đối tượng (nội bộ Oracle),,
SYS_EXPORT_SCHEMA_03,OBJECT_TABLESPACE,VARCHAR2(30),Tablespace chứa đối tượng (nội bộ Oracle),,
SYS_EXPORT_SCHEMA_03,SIZE_ESTIMATE,NUMBER,"Ước tính dung lượng đối tượng (byte, nội bộ Oracle)",,
SYS_EXPORT_SCHEMA_03,OBJECT_ROW,NUMBER,Số hàng trong đối tượng (nội bộ Oracle),,
SYS_EXPORT_SCHEMA_03,PROCESSING_STATE,CHAR(1),Trạng thái xử lý đối tượng (nội bộ Oracle Data Pump),,
SYS_EXPORT_SCHEMA_03,PROCESSING_STATUS,CHAR(1),Kết quả xử lý đối tượng (nội bộ Oracle Data Pump),,
SYS_EXPORT_SCHEMA_03,BASE_PROCESS_ORDER,NUMBER,Thứ tự xử lý đối tượng cơ sở (nội bộ Oracle),,
SYS_EXPORT_SCHEMA_03,BASE_OBJECT_TYPE,VARCHAR2(30),Loại đối tượng cơ sở (nội bộ Oracle),,
SYS_EXPORT_SCHEMA_03,BASE_OBJECT_NAME,VARCHAR2(30),Tên đối tượng cơ sở (nội bộ Oracle),,
SYS_EXPORT_SCHEMA_03,BASE_OBJECT_SCHEMA,VARCHAR2(30),Schema đối tượng cơ sở (nội bộ Oracle),,
SYS_EXPORT_SCHEMA_03,ANCESTOR_PROCESS_ORDER,NUMBER,Thứ tự xử lý tổ tiên (nội bộ Oracle),,
SYS_EXPORT_SCHEMA_03,DOMAIN_PROCESS_ORDER,NUMBER,Thứ tự xử lý domain (nội bộ Oracle),,
SYS_EXPORT_SCHEMA_03,PARALLELIZATION,NUMBER,Số luồng song song xử lý (nội bộ Oracle Data Pump),,
SYS_EXPORT_SCHEMA_03,UNLOAD_METHOD,NUMBER,Phương thức unload dữ liệu (nội bộ Oracle),,
SYS_EXPORT_SCHEMA_03,LOAD_METHOD,NUMBER,Phương thức load dữ liệu (nội bộ Oracle),,
SYS_EXPORT_SCHEMA_03,GRANULES,NUMBER,Số granule xử lý (nội bộ Oracle),,
SYS_EXPORT_SCHEMA_03,SCN,NUMBER,System Change Number tại thời điểm xuất (nội bộ Oracle),,
SYS_EXPORT_SCHEMA_03,GRANTOR,VARCHAR2(30),Người cấp quyền (nội bộ Oracle),,
SYS_EXPORT_SCHEMA_03,XML_CLOB,CLOB,"Metadata XML của đối tượng (CLOB, nội bộ Oracle)",,
SYS_EXPORT_SCHEMA_03,PARENT_PROCESS_ORDER,NUMBER,Thứ tự xử lý đối tượng cha (nội bộ Oracle),,
SYS_EXPORT_SCHEMA_03,NAME,VARCHAR2(30),Tên đầy đủ,,
SYS_EXPORT_SCHEMA_03,VALUE_T,VARCHAR2(4000),Giá trị kiểu text của tham số job (nội bộ Oracle),,
SYS_EXPORT_SCHEMA_03,VALUE_N,NUMBER,Giá trị kiểu số của tham số job (nội bộ Oracle),,
SYS_EXPORT_SCHEMA_03,IS_DEFAULT,NUMBER,Cờ giá trị mặc định (nội bộ Oracle),,
SYS_EXPORT_SCHEMA_03,FILE_TYPE,NUMBER,Loại file dump (nội bộ Oracle Data Pump),,
SYS_EXPORT_SCHEMA_03,USER_DIRECTORY,VARCHAR2(4000),Thư mục Oracle Directory object (nội bộ Oracle),,
SYS_EXPORT_SCHEMA_03,USER_FILE_NAME,VARCHAR2(4000),Tên file do người dùng đặt (nội bộ Oracle),,
SYS_EXPORT_SCHEMA_03,FILE_NAME,VARCHAR2(4000),Tên file dump thực tế trên đĩa (nội bộ Oracle),,
SYS_EXPORT_SCHEMA_03,EXTEND_SIZE,NUMBER,Kích thước mở rộng file (nội bộ Oracle),,
SYS_EXPORT_SCHEMA_03,FILE_MAX_SIZE,NUMBER,Kích thước tối đa file dump (nội bộ Oracle),,
SYS_EXPORT_SCHEMA_03,PROCESS_NAME,VARCHAR2(30),Tên tiến trình Data Pump (nội bộ Oracle),,
SYS_EXPORT_SCHEMA_03,LAST_MODIFIED_AT,DATE,Thời điểm cập nhật lần cuối,,
SYS_EXPORT_SCHEMA_03,WORK_ITEM,VARCHAR2(30),Mục công việc đang xử lý (nội bộ Oracle),,
SYS_EXPORT_SCHEMA_03,OBJECT_NUMBER,NUMBER,Số thứ tự đối tượng trong schema (nội bộ Oracle),,
SYS_EXPORT_SCHEMA_03,COMPLETED_BYTES,NUMBER,Số byte đã xử lý (nội bộ Oracle),,
SYS_EXPORT_SCHEMA_03,TOTAL_BYTES,NUMBER,Tổng số byte cần xử lý (nội bộ Oracle),,
SYS_EXPORT_SCHEMA_03,METADATA_IO,NUMBER,I/O metadata (nội bộ Oracle),,
SYS_EXPORT_SCHEMA_03,DATA_IO,NUMBER,I/O dữ liệu (nội bộ Oracle),,
SYS_EXPORT_SCHEMA_03,CUMULATIVE_TIME,NUMBER,Thời gian tích lũy (nội bộ Oracle),,
SYS_EXPORT_SCHEMA_03,PACKET_NUMBER,NUMBER,Số packet (nội bộ Oracle),,
SYS_EXPORT_SCHEMA_03,INSTANCE_ID,NUMBER,ID instance Oracle (nội bộ Oracle),,
SYS_EXPORT_SCHEMA_03,OLD_VALUE,VARCHAR2(4000),Giá trị cũ (nội bộ Oracle),,
SYS_EXPORT_SCHEMA_03,SEED,NUMBER,Seed cho random (nội bộ Oracle),,
SYS_EXPORT_SCHEMA_03,LAST_FILE,NUMBER,File cuối cùng (nội bộ Oracle),,
SYS_EXPORT_SCHEMA_03,USER_NAME,VARCHAR2(30),Tên người dùng thực hiện job (nội bộ Oracle),,
SYS_EXPORT_SCHEMA_03,OPERATION,VARCHAR2(30),Loại thao tác: EXPORT/IMPORT (nội bộ Oracle Data Pump),,
SYS_EXPORT_SCHEMA_03,JOB_MODE,VARCHAR2(30),Chế độ job: FULL/SCHEMA/TABLE (nội bộ Oracle Data Pump),,
SYS_EXPORT_SCHEMA_03,QUEUE_TABNUM,NUMBER,Số bảng queue (nội bộ Oracle),,
SYS_EXPORT_SCHEMA_03,CONTROL_QUEUE,VARCHAR2(30),Tên queue điều khiển (nội bộ Oracle),,
SYS_EXPORT_SCHEMA_03,STATUS_QUEUE,VARCHAR2(30),Tên queue trạng thái (nội bộ Oracle),,
SYS_EXPORT_SCHEMA_03,REMOTE_LINK,VARCHAR2(4000),Database link từ xa (nội bộ Oracle),,
SYS_EXPORT_SCHEMA_03,VERSION,NUMBER,Phiên bản giao thức trao đổi dữ liệu,,
SYS_EXPORT_SCHEMA_03,JOB_VERSION,VARCHAR2(30),Phiên bản Oracle của job (nội bộ Oracle Data Pump),,
SYS_EXPORT_SCHEMA_03,DB_VERSION,VARCHAR2(30),Phiên bản Oracle Database (nội bộ Oracle),,
SYS_EXPORT_SCHEMA_03,TIMEZONE,VARCHAR2(64),Múi giờ của job (nội bộ Oracle),,
SYS_EXPORT_SCHEMA_03,STATE,VARCHAR2(30),Trạng thái job Data Pump (nội bộ Oracle),,
SYS_EXPORT_SCHEMA_03,PHASE,NUMBER,Pha thực thi job (nội bộ Oracle),,
SYS_EXPORT_SCHEMA_03,GUID,RAW(16),Định danh duy nhất toàn cục (GUID/UUID) của bản ghi,,
SYS_EXPORT_SCHEMA_03,START_TIME,DATE,Thời điểm bắt đầu job (nội bộ Oracle),,
SYS_EXPORT_SCHEMA_03,BLOCK_SIZE,NUMBER,Kích thước block (nội bộ Oracle),,
SYS_EXPORT_SCHEMA_03,METADATA_BUFFER_SIZE,NUMBER,Kích thước buffer metadata (nội bộ Oracle),,
SYS_EXPORT_SCHEMA_03,DATA_BUFFER_SIZE,NUMBER,Kích thước buffer dữ liệu (nội bộ Oracle),,
SYS_EXPORT_SCHEMA_03,DEGREE,NUMBER,Số degree song song (nội bộ Oracle),,
SYS_EXPORT_SCHEMA_03,PLATFORM,VARCHAR2(101),Nền tảng OS (nội bộ Oracle),,
SYS_EXPORT_SCHEMA_03,ABORT_STEP,NUMBER,Bước dừng khi abort (nội bộ Oracle),,
SYS_EXPORT_SCHEMA_03,INSTANCE,VARCHAR2(60),Tên instance Oracle (nội bộ Oracle),,
SYS_EXPORT_SCHEMA_03,CLUSTER_OK,NUMBER,Cờ cluster hợp lệ (nội bộ Oracle RAC),,
SYS_EXPORT_SCHEMA_03,SERVICE_NAME,VARCHAR2(100),Tên dịch vụ trao đổi dữ liệu,,
SYS_EXPORT_SCHEMA_03,OBJECT_INT_OID,VARCHAR2(32),Object internal OID (nội bộ Oracle),,
SYS_EXPORT_SCHEMA_04,ABORT_STEP,NUMBER,,,
SYS_EXPORT_SCHEMA_04,ACCESS_METHOD,VARCHAR2(16),,,
SYS_EXPORT_SCHEMA_04,ANCESTOR_OBJECT_NAME,VARCHAR2(128),,,
SYS_EXPORT_SCHEMA_04,ANCESTOR_OBJECT_SCHEMA,VARCHAR2(128),,,
SYS_EXPORT_SCHEMA_04,ANCESTOR_OBJECT_TYPE,VARCHAR2(128),,,
SYS_EXPORT_SCHEMA_04,ANCESTOR_PROCESS_ORDER,NUMBER,,,
SYS_EXPORT_SCHEMA_04,BASE_OBJECT_NAME,VARCHAR2(128),,,
SYS_EXPORT_SCHEMA_04,BASE_OBJECT_SCHEMA,VARCHAR2(128),,,
SYS_EXPORT_SCHEMA_04,BASE_OBJECT_TYPE,VARCHAR2(128),,,
SYS_EXPORT_SCHEMA_04,BASE_PROCESS_ORDER,NUMBER,,,
SYS_EXPORT_SCHEMA_04,BLOCK_SIZE,NUMBER,,,
SYS_EXPORT_SCHEMA_04,CLUSTER_OK,NUMBER,,,
SYS_EXPORT_SCHEMA_04,COMPLETED_BYTES,NUMBER,,,
SYS_EXPORT_SCHEMA_04,COMPLETED_ROWS,NUMBER,,,
SYS_EXPORT_SCHEMA_04,COMPLETION_TIME,DATE,,,
SYS_EXPORT_SCHEMA_04,CONTROL_QUEUE,VARCHAR2(128),,,
SYS_EXPORT_SCHEMA_04,CREATION_LEVEL,NUMBER,,,
SYS_EXPORT_SCHEMA_04,CREATION_TIME,DATE,,,
SYS_EXPORT_SCHEMA_04,CUMULATIVE_TIME,NUMBER,,,
SYS_EXPORT_SCHEMA_04,DATA_BUFFER_SIZE,NUMBER,,,
SYS_EXPORT_SCHEMA_04,DATA_IO,NUMBER,,,
SYS_EXPORT_SCHEMA_04,DATAOBJ_NUM,NUMBER,,,
SYS_EXPORT_SCHEMA_04,DB_VERSION,VARCHAR2(60),,,
SYS_EXPORT_SCHEMA_04,DEGREE,NUMBER,,,
SYS_EXPORT_SCHEMA_04,DOMAIN_PROCESS_ORDER,NUMBER,,,
SYS_EXPORT_SCHEMA_04,DUMP_ALLOCATION,NUMBER,,,
SYS_EXPORT_SCHEMA_04,DUMP_FILEID,NUMBER,,,
SYS_EXPORT_SCHEMA_04,DUMP_LENGTH,NUMBER,,,
SYS_EXPORT_SCHEMA_04,DUMP_ORIG_LENGTH,NUMBER,,,
SYS_EXPORT_SCHEMA_04,DUMP_POSITION,NUMBER,,,
SYS_EXPORT_SCHEMA_04,DUPLICATE,NUMBER,,,
SYS_EXPORT_SCHEMA_04,ELAPSED_TIME,NUMBER,,,
SYS_EXPORT_SCHEMA_04,ERROR_COUNT,NUMBER,,,
SYS_EXPORT_SCHEMA_04,EXTEND_SIZE,NUMBER,,,
SYS_EXPORT_SCHEMA_04,FILE_MAX_SIZE,NUMBER,,,
SYS_EXPORT_SCHEMA_04,FILE_NAME,VARCHAR2(4000),,,
SYS_EXPORT_SCHEMA_04,FILE_TYPE,NUMBER,,,
SYS_EXPORT_SCHEMA_04,FLAGS,NUMBER,,,
SYS_EXPORT_SCHEMA_04,GRANTOR,VARCHAR2(128),,,
SYS_EXPORT_SCHEMA_04,GRANULES,NUMBER,,,
SYS_EXPORT_SCHEMA_04,GUID,RAW(16),,,
SYS_EXPORT_SCHEMA_04,IN_PROGRESS,CHAR(1),,,
SYS_EXPORT_SCHEMA_04,INSTANCE,VARCHAR2(60),,,
SYS_EXPORT_SCHEMA_04,INSTANCE_ID,NUMBER,,,
SYS_EXPORT_SCHEMA_04,IS_DEFAULT,NUMBER,,,
SYS_EXPORT_SCHEMA_04,JOB_MODE,VARCHAR2(21),,,
SYS_EXPORT_SCHEMA_04,JOB_VERSION,VARCHAR2(60),,,
SYS_EXPORT_SCHEMA_04,LAST_FILE,NUMBER,,,
SYS_EXPORT_SCHEMA_04,LAST_UPDATE,DATE,,,
SYS_EXPORT_SCHEMA_04,LOAD_METHOD,NUMBER,,,
SYS_EXPORT_SCHEMA_04,METADATA_BUFFER_SIZE,NUMBER,,,
SYS_EXPORT_SCHEMA_04,METADATA_IO,NUMBER,,,
SYS_EXPORT_SCHEMA_04,NAME,VARCHAR2(128),,,
SYS_EXPORT_SCHEMA_04,OBJECT_INT_OID,VARCHAR2(130),,,
SYS_EXPORT_SCHEMA_04,OBJECT_LONG_NAME,VARCHAR2(4000),,,
SYS_EXPORT_SCHEMA_04,OBJECT_NAME,VARCHAR2(200),,,
SYS_EXPORT_SCHEMA_04,OBJECT_NUMBER,NUMBER,,,
SYS_EXPORT_SCHEMA_04,OBJECT_PATH_SEQNO,NUMBER,,,
SYS_EXPORT_SCHEMA_04,OBJECT_ROW,NUMBER,,,
SYS_EXPORT_SCHEMA_04,OBJECT_SCHEMA,VARCHAR2(128),,,
SYS_EXPORT_SCHEMA_04,OBJECT_TABLESPACE,VARCHAR2(128),,,
SYS_EXPORT_SCHEMA_04,OBJECT_TYPE,VARCHAR2(128),,,
SYS_EXPORT_SCHEMA_04,OBJECT_TYPE_PATH,VARCHAR2(200),,,
SYS_EXPORT_SCHEMA_04,OLD_VALUE,VARCHAR2(4000),,,
SYS_EXPORT_SCHEMA_04,OPERATION,VARCHAR2(8),,,
SYS_EXPORT_SCHEMA_04,OPTION_TAG,VARCHAR2(128),,,
SYS_EXPORT_SCHEMA_04,ORIG_BASE_OBJECT_NAME,VARCHAR2(128),,,
SYS_EXPORT_SCHEMA_04,ORIG_BASE_OBJECT_SCHEMA,VARCHAR2(128),,,
SYS_EXPORT_SCHEMA_04,ORIGINAL_OBJECT_NAME,VARCHAR2(128),,,
SYS_EXPORT_SCHEMA_04,ORIGINAL_OBJECT_SCHEMA,VARCHAR2(128),,,
SYS_EXPORT_SCHEMA_04,PACKET_NUMBER,NUMBER,,,
SYS_EXPORT_SCHEMA_04,PARALLELIZATION,NUMBER,,,
SYS_EXPORT_SCHEMA_04,PARENT_OBJECT_NAME,VARCHAR2(128),,,
SYS_EXPORT_SCHEMA_04,PARENT_OBJECT_SCHEMA,VARCHAR2(128),,,
SYS_EXPORT_SCHEMA_04,PARENT_PROCESS_ORDER,NUMBER,,,
SYS_EXPORT_SCHEMA_04,PARTITION_NAME,VARCHAR2(128),,,
SYS_EXPORT_SCHEMA_04,PHASE,NUMBER,,,
SYS_EXPORT_SCHEMA_04,PLATFORM,VARCHAR2(101),,,
SYS_EXPORT_SCHEMA_04,PROCESS_NAME,VARCHAR2(128),,,
SYS_EXPORT_SCHEMA_04,PROCESS_ORDER,NUMBER,,,
SYS_EXPORT_SCHEMA_04,PROCESSING_STATE,CHAR(1),,,
SYS_EXPORT_SCHEMA_04,PROCESSING_STATUS,CHAR(1),,,
SYS_EXPORT_SCHEMA_04,PROPERTY,NUMBER,,,
SYS_EXPORT_SCHEMA_04,PROXY_SCHEMA,VARCHAR2(128),,,
SYS_EXPORT_SCHEMA_04,PROXY_VIEW,VARCHAR2(128),,,
SYS_EXPORT_SCHEMA_04,QUEUE_TABNUM,NUMBER,,,
SYS_EXPORT_SCHEMA_04,REMOTE_LINK,VARCHAR2(128),,,
SYS_EXPORT_SCHEMA_04,SCN,NUMBER,,,
SYS_EXPORT_SCHEMA_04,SEED,NUMBER,,,
SYS_EXPORT_SCHEMA_04,SERVICE_NAME,VARCHAR2(64),,,
SYS_EXPORT_SCHEMA_04,SIZE_ESTIMATE,NUMBER,,,
SYS_EXPORT_SCHEMA_04,SRC_COMPAT,VARCHAR2(60),,,
SYS_EXPORT_SCHEMA_04,START_TIME,DATE,,,
SYS_EXPORT_SCHEMA_04,STATE,VARCHAR2(12),,,
SYS_EXPORT_SCHEMA_04,STATUS_QUEUE,VARCHAR2(128),,,
SYS_EXPORT_SCHEMA_04,SUBPARTITION_NAME,VARCHAR2(128),,,
SYS_EXPORT_SCHEMA_04,TARGET_XML_CLOB,CLOB,,,
SYS_EXPORT_SCHEMA_04,TDE_REWRAPPED_KEY,RAW(2000),,,
SYS_EXPORT_SCHEMA_04,TEMPLATE_TABLE,VARCHAR2(128),,,
SYS_EXPORT_SCHEMA_04,TIMEZONE,VARCHAR2(64),,,
SYS_EXPORT_SCHEMA_04,TOTAL_BYTES,NUMBER,,,
SYS_EXPORT_SCHEMA_04,TRIGFLAG,NUMBER,,,
SYS_EXPORT_SCHEMA_04,UNLOAD_METHOD,NUMBER,,,
SYS_EXPORT_SCHEMA_04,USER_DIRECTORY,VARCHAR2(4000),,,
SYS_EXPORT_SCHEMA_04,USER_FILE_NAME,VARCHAR2(4000),,,
SYS_EXPORT_SCHEMA_04,USER_NAME,VARCHAR2(128),,,
SYS_EXPORT_SCHEMA_04,VALUE_N,NUMBER,,,
SYS_EXPORT_SCHEMA_04,VALUE_T,VARCHAR2(4000),,,
SYS_EXPORT_SCHEMA_04,VERSION,NUMBER,,,
SYS_EXPORT_SCHEMA_04,WORK_ITEM,VARCHAR2(21),,,
SYS_EXPORT_SCHEMA_04,XML_CLOB,CLOB,,,
SYS_FUNCTION,ID,NUMBER,,PK,
SYS_FUNCTION,PARENT_CODE,VARCHAR2(80),,,
SYS_FUNCTION,HIERARCHY_CODE,VARCHAR2(80),,,
SYS_FUNCTION,FUNCTION_NAME,NVARCHAR2(400),,,
SYS_FUNCTION,CONTROLLER_CLASS,VARCHAR2(800),,,
SYS_FUNCTION,NOTE,NVARCHAR2(2000),,,
SYS_FUNCTION,SYS_LEVEL,NUMBER,,,
SYS_FUNCTION,KEY_ID,VARCHAR2(400),,,
SYS_FUNCTION,CREATED_BY,NVARCHAR2(400),,,
SYS_FUNCTION,CREATED_AT,DATE,,,
SYS_FUNCTION,CREATED_BY_ID,NUMBER,,,
SYS_FUNCTION,LAST_MODIFIED_BY_ID,NUMBER,,,
SYS_FUNCTION,LAST_MODIFIED_BY,NVARCHAR2(400),,,
SYS_FUNCTION,LAST_MODIFIED_AT,DATE,,,
SYS_FUNCTION,SORT_ORDER,NUMBER,,,
SYS_FUNCTION,STATUS,NUMBER,,,
SYS_FUNCTION,DELETED,NUMBER,,,
SYS_FUNCTION_ROLE,ID,NUMBER,Khóa chính của bản ghi (ID số tự tăng),PK,
SYS_FUNCTION_ROLE,FUNCTION_NAME,VARCHAR2(1000),Tên chức năng/menu hiển thị trên giao diện,,
SYS_FUNCTION_ROLE,PARENT_ID,NUMBER,FK -> cùng bảng: ID gói tin/tham số cha,,FK suy luận → SYS_FUNCTION_ROLE.ID
SYS_FUNCTION_ROLE,LAST_MODIFIED_AT,DATE,Thời điểm cập nhật lần cuối,,
SYS_FUNCTION_ROLE,FUNCTION_PATH,VARCHAR2(500),Đường dẫn URL/route của chức năng trong hệ thống,,
SYS_FUNCTION_ROLE,FUNCTION_ROLE,NUMBER,Role được phép truy cập chức năng này,,
SYS_FUNCTION_ROLE,SORT_ORDER,NUMBER,Số thứ tự hiển thị/sắp xếp,,
SYS_FUNCTION_ROLE,PUBLIC_COMPANY,NUMBER,"Cờ chức năng dành riêng cho công ty đại chúng: 1=Có, 0=Không",,
SYS_FUNCTION_ROLE,FUNCTION_NAME_EN,VARCHAR2(250),Tên chức năng bằng tiếng Anh,,
SYS_HENV,A,CLOB,Nội dung biến môi trường (CLOB),,
SYS_HENV,D,DATE,Thời điểm cập nhật biến môi trường (DATE),,
SYS_PARAM,ID,NUMBER,Khóa chính của bản ghi (ID số tự tăng),PK,
SYS_PARAM,PARAM_CODE,VARCHAR2(200),Mã tham số hệ thống (key tra cứu),,
SYS_PARAM,VALUE,VARCHAR2(4000),Giá trị tham số/chỉ tiêu/cấu hình,,
SYS_PARAM,SORT_ORDER,NUMBER,Số thứ tự hiển thị/sắp xếp,,
SYS_PARAM,STATUS,NUMBER,"Trạng thái bản ghi: 1=Đang sử dụng, 0=Không sử dụng",,
SYS_PARAM,DATA_TYPE,NUMBER,"Kiểu dữ liệu: TEXT=1, PASS=2, NUMBER=3, CHECKBOX=4, DROP=5, EMAIL=6",,
SYS_PARAM,DESCRIPTION,VARCHAR2(4000),Mô tả chi tiết,,
SYS_PARAM,LAST_MODIFIED_AT,DATE,Thời điểm cập nhật lần cuối,,
SYS_USER,ID,NUMBER,Khóa chính của bản ghi (ID số tự tăng),PK,
SYS_USER,FULL_NAME,NVARCHAR2(400),Họ và tên đầy đủ người dùng,,
SYS_USER,DATE_OF_BIRTH,DATE,Ngày sinh,,
SYS_USER,GENDER,NUMBER,"Giới tính: 1=Nam, 0=Nữ",,
SYS_USER,USERNAME,VARCHAR2(800),Tên đăng nhập,,
SYS_USER,PASSWORD,VARCHAR2(400),Mật khẩu (đã mã hóa hash),,
SYS_USER,AVATAR,VARCHAR2(1020),Đường dẫn ảnh đại diện,,
SYS_USER,EMAIL,VARCHAR2(1020),Địa chỉ email liên hệ,,
SYS_USER,PHONE,VARCHAR2(80),Số điện thoại liên hệ,,
SYS_USER,ADDRESS,NVARCHAR2(510),Địa chỉ,,
SYS_USER,FAX,VARCHAR2(80),Số fax,,
SYS_USER,CREATED_BY,NUMBER,Tài khoản/tên người tạo bản ghi,,FK suy luận → SYS_USER.ID
SYS_USER,CREATED_AT,DATE,Thời điểm tạo bản ghi,,
SYS_USER,LAST_MODIFIED_BY,NUMBER,Tài khoản/tên người cập nhật lần cuối,,FK suy luận → SYS_USER.ID
SYS_USER,LAST_MODIFIED_AT,DATE,Thời điểm cập nhật lần cuối,,
SYS_USER,STATUS,NUMBER,"Trạng thái tài khoản (TrangThaiChucNangEnum): 1=Đang hoạt động, 0=Ngừng hoạt động",,
SYS_USER,DELETED,NUMBER,"Cờ xóa mềm: 1=Đã xóa, 0=Chưa xóa",,
SYS_USER,ORG_UNIT_ID,NUMBER,FK -> cat_org_unit: Đơn vị tổ chức của người dùng,,FK suy luận → CAT_ORG_UNIT.ID
SYS_USER,POSITION_ID,NUMBER,FK -> cat_position: Chức vụ của người dùng,,FK suy luận → CAT_POSITION.ID
SYS_USER,USER_GROUP,VARCHAR2(1000),Nhóm người dùng (tên nhóm lưu dạng chuỗi),,
SYS_USER,LDAP,VARCHAR2(1020),Thông tin xác thực LDAP (nếu tích hợp Active Directory),,
SYS_USER,KEY_ID,VARCHAR2(200),Key định danh trong hệ thống phân quyền/SSO,,
SYS_USER_GROUP,ID,NUMBER,Khóa chính của bản ghi (ID số tự tăng),PK,
SYS_USER_GROUP,GROUP_NAME,NVARCHAR2(400),Tên nhóm người dùng,,
SYS_USER_GROUP,DESCRIPTION,NVARCHAR2(2000),Mô tả chi tiết,,
SYS_USER_GROUP,CREATED_BY,NVARCHAR2(400),Tài khoản/tên người tạo bản ghi,,FK suy luận → SYS_USER.ID
SYS_USER_GROUP,CREATED_AT,DATE,Thời điểm tạo bản ghi,,
SYS_USER_GROUP,CREATED_BY_ID,NUMBER,ID người dùng tạo bản ghi,,
SYS_USER_GROUP,LAST_MODIFIED_BY_ID,NUMBER,ID người dùng cập nhật lần cuối,,
SYS_USER_GROUP,LAST_MODIFIED_BY,NVARCHAR2(400),Tài khoản/tên người cập nhật lần cuối,,FK suy luận → SYS_USER.ID
SYS_USER_GROUP,LAST_MODIFIED_AT,DATE,Thời điểm cập nhật lần cuối,,
SYS_USER_GROUP,STATUS,NUMBER,"Trạng thái nhóm người dùng (TrangThaiChucNangEnum): 1=Đang hoạt động, 0=Ngừng hoạt động",,
SYS_USER_GROUP,DELETED,NUMBER,"Cờ xóa mềm: 1=Đã xóa, 0=Chưa xóa",,
TAX_ENFORCEMENT_DEBT,ID,NUMBER,Khóa chính của bản ghi (ID số tự tăng),PK,
TAX_ENFORCEMENT_DEBT,TAXPAYER_TAX_CODE,VARCHAR2(400),Mã số thuế người nộp thuế bị cưỡng chế,,
TAX_ENFORCEMENT_DEBT,TAXPAYER_NAME,VARCHAR2(800),Tên người nộp thuế (doanh nghiệp trên thị trường chứng khoán),,
TAX_ENFORCEMENT_DEBT,TAX_AUTHORITY_CODE,VARCHAR2(400),Mã cơ quan thuế ban hành thông báo cưỡng chế,,
TAX_ENFORCEMENT_DEBT,TAX_AUTHORITY_NAME,VARCHAR2(800),Tên cơ quan thuế ban hành thông báo cưỡng chế,,
TAX_ENFORCEMENT_DEBT,ENFORCEMENT_METHOD_CODE,VARCHAR2(200),Mã hình thức cưỡng chế,,
TAX_ENFORCEMENT_DEBT,ENFORCEMENT_METHOD_NAME,VARCHAR2(1000),Tên hình thức cưỡng chế,,
TAX_ENFORCEMENT_DEBT,E_TRANSACTION_CODE,VARCHAR2(200),Mã giao dịch điện tử trong hệ thống Cục Thuế,,
TAX_ENFORCEMENT_DEBT,DECISION_NUMBER,VARCHAR2(400),Số quyết định thành lập/xử phạt,,
TAX_ENFORCEMENT_DEBT,DECISION_DATE,DATE,Ngày ban hành quyết định,,
TAX_ENFORCEMENT_DEBT,ENFORCED_AMOUNT,VARCHAR2(80),Số tiền bị cưỡng chế (đơn vị: đồng),,
TAX_ENFORCEMENT_DEBT,ENFORCED_ENTITY_BANK_ACCOUNT,VARCHAR2(80),Số tài khoản ngân hàng của đối tượng bị cưỡng chế,,
TAX_ENFORCEMENT_DEBT,ACCOUNT_OPENING_PLACE,VARCHAR2(800),Nơi mở tài khoản chứng khoán,,
TAX_ENFORCEMENT_DEBT,INCOME_MANAGING_ENTITY_NAME,VARCHAR2(400),"Tên đối tượng quản lý thu nhập (VD: ngân hàng, đơn vị sử dụng lao động)",,
TAX_ENFORCEMENT_DEBT,INCOME_MANAGING_ENTITY_ADDRESS,VARCHAR2(800),Địa chỉ đối tượng quản lý thu nhập,,
TAX_ENFORCEMENT_DEBT,SEIZED_ASSETS,VARCHAR2(400),Mô tả tài sản bị kê biên trong biện pháp cưỡng chế,,
TAX_ENFORCEMENT_DEBT,ASSET_VALUE,VARCHAR2(80),Giá trị tài sản bị kê biên (đơn vị: đồng),,
TAX_ENFORCEMENT_DEBT,ENFORCEMENT_DATE,DATE,Thời gian thực hiện cưỡng chế,,
TAX_ENFORCEMENT_DEBT,ENFORCEMENT_LOCATION,VARCHAR2(800),Địa điểm thực hiện cưỡng chế,,
TAX_ENFORCEMENT_DEBT,ASSET_HOLDER_NAME,VARCHAR2(800),Tên đối tượng đang giữ tài sản bị cưỡng chế,,
TAX_ENFORCEMENT_DEBT,ASSET_HOLDER_CODE,VARCHAR2(200),Mã đối tượng đang giữ tài sản bị cưỡng chế,,
TAX_ENFORCEMENT_DEBT,ASSET_HOLDER_ADDRESS,VARCHAR2(800),Địa chỉ đối tượng đang giữ tài sản bị cưỡng chế,,
TAX_ENFORCEMENT_DEBT,ENFORCED_ENTITY_BUSINESS_LINE,VARCHAR2(800),Ngành kinh doanh của đối tượng bị cưỡng chế,,
TAX_ENFORCEMENT_DEBT,DECISION_EFFECTIVE_FROM,DATE,Ngày bắt đầu hiệu lực quyết định cưỡng chế,,
TAX_ENFORCEMENT_DEBT,DECISION_EFFECTIVE_TO,DATE,Ngày kết thúc hiệu lực quyết định cưỡng chế,,
TAX_ENFORCEMENT_DEBT,MSG_PACKET_ID,NUMBER,FK -> msg_packet: Gói tin trao đổi liên quan,FK,FK → MSG_PACKET.ID
TAX_ENFORCEMENT_DEBT,DIRECT_TAX_AUTHORITY_CODE,VARCHAR2(400),Mã cơ quan thuế quản lý trực tiếp,,
TAX_ENFORCEMENT_DEBT,DIRECT_TAX_AUTHORITY_NAME,VARCHAR2(800),Tên cơ quan thuế quản lý trực tiếp,,
TAX_ENFORCEMENT_INVOICE,ID,NUMBER,Khóa chính của bản ghi (ID số tự tăng),PK,
TAX_ENFORCEMENT_INVOICE,TAXPAYER_TAX_CODE,VARCHAR2(400),Mã số thuế người nộp thuế bị cưỡng chế,,
TAX_ENFORCEMENT_INVOICE,TAXPAYER_NAME,VARCHAR2(800),Tên người nộp thuế (doanh nghiệp trên thị trường chứng khoán),,
TAX_ENFORCEMENT_INVOICE,DIRECT_TAX_AUTHORITY_CODE,VARCHAR2(400),Mã cơ quan thuế quản lý trực tiếp,,
TAX_ENFORCEMENT_INVOICE,DIRECT_TAX_AUTHORITY_NAME,VARCHAR2(800),Tên cơ quan thuế quản lý trực tiếp,,
TAX_ENFORCEMENT_INVOICE,ENFORCEMENT_METHOD_CODE,VARCHAR2(200),Mã hình thức cưỡng chế,,
TAX_ENFORCEMENT_INVOICE,ENFORCEMENT_METHOD_NAME,VARCHAR2(1000),Tên hình thức cưỡng chế,,
TAX_ENFORCEMENT_INVOICE,E_TRANSACTION_CODE,VARCHAR2(200),Mã giao dịch điện tử trong hệ thống Cục Thuế,,
TAX_ENFORCEMENT_INVOICE,DECISION_NUMBER,VARCHAR2(400),Số quyết định thành lập/xử phạt,,
TAX_ENFORCEMENT_INVOICE,DECISION_DATE,DATE,Ngày ban hành quyết định,,
TAX_ENFORCEMENT_INVOICE,ENFORCED_ENTITY_BUSINESS_LINE,VARCHAR2(800),Ngành kinh doanh của đối tượng bị cưỡng chế,,
TAX_ENFORCEMENT_INVOICE,DECISION_EFFECTIVE_FROM,DATE,Ngày bắt đầu hiệu lực quyết định cưỡng chế,,
TAX_ENFORCEMENT_INVOICE,DECISION_EFFECTIVE_TO,DATE,Ngày kết thúc hiệu lực quyết định cưỡng chế,,
TAX_ENFORCEMENT_INVOICE,NOTICE_TAXPAYER_TAX_CODE,VARCHAR2(400),Thông báo: MST người nộp thuế,,
TAX_ENFORCEMENT_INVOICE,NOTICE_TAXPAYER_NAME,VARCHAR2(800),Thông báo: tên người nộp thuế,,
TAX_ENFORCEMENT_INVOICE,NOTICE_CODE,VARCHAR2(400),Thông báo: mã thông báo cưỡng chế,,
TAX_ENFORCEMENT_INVOICE,NOTICE_NAME,VARCHAR2(800),Thông báo: tên thông báo cưỡng chế,,
TAX_ENFORCEMENT_INVOICE,BASIS_DECISION_NUMBER,VARCHAR2(400),Căn cứ: số quyết định gốc,,
TAX_ENFORCEMENT_INVOICE,BASIS_DECISION_DATE,DATE,Căn cứ: ngày quyết định gốc,,
TAX_ENFORCEMENT_INVOICE,NOTICE_DEBT_AMOUNT,VARCHAR2(400),Thông báo: số tiền nợ và tiền phạt nộp chậm,,
TAX_ENFORCEMENT_INVOICE,NOTICE_DEBT_DATE,DATE,Thông báo: ngày tính tiền nợ và tiền phạt nộp chậm,,
TAX_ENFORCEMENT_INVOICE,VALIDITY_FLAG,VARCHAR2(400),Cờ hiệu lực của quyết định/thông báo cưỡng chế,,
TAX_ENFORCEMENT_INVOICE,MSG_PACKET_ID,NUMBER,FK -> msg_packet: Gói tin trao đổi liên quan,FK,FK → MSG_PACKET.ID
TAX_ENFORCEMENT_INVOICE,GUID,VARCHAR2(200),Định danh duy nhất toàn cục (GUID/UUID) của bản ghi,,
TAX_REGISTRATION_INFO,ID,NUMBER,Khóa chính của bản ghi (ID số tự tăng),PK,
TAX_REGISTRATION_INFO,MSG_PACKET_ID,NUMBER,FK -> msg_packet: Gói tin trao đổi liên quan,FK,FK → MSG_PACKET.ID
TAX_REGISTRATION_INFO,TAXPAYER_NAME,VARCHAR2(800),Tên người nộp thuế (doanh nghiệp trên thị trường chứng khoán),,
TAX_REGISTRATION_INFO,TAX_CODE,VARCHAR2(80),Mã số thuế doanh nghiệp,,
TAX_REGISTRATION_INFO,HQ_ADDRESS,VARCHAR2(2000),Địa chỉ trụ sở chính của doanh nghiệp,,
TAX_REGISTRATION_INFO,PHONE,VARCHAR2(80),Số điện thoại liên hệ,,
TAX_REGISTRATION_INFO,FAX,VARCHAR2(1200),Số fax,,
TAX_REGISTRATION_INFO,CHARTER_CAPITAL,NUMBER,Vốn điều lệ/vốn đầu tư của chủ sở hữu (đơn vị: đồng),,
TAX_REGISTRATION_INFO,BUSINESS_LINE,VARCHAR2(2000),Ngành nghề kinh doanh chính,,
TAX_REGISTRATION_INFO,LICENSE_NUMBER,VARCHAR2(200),Số giấy phép thành lập doanh nghiệp,,
TAX_REGISTRATION_INFO,ISSUE_DATE,DATE,Ngày cấp giấy phép thành lập,,
TAX_REGISTRATION_INFO,ISSUING_AUTHORITY,VARCHAR2(800),Cơ quan cấp giấy phép thành lập,,
TAX_REGISTRATION_INFO,DECISION_NUMBER,VARCHAR2(200),Số quyết định thành lập/xử phạt,,
TAX_REGISTRATION_INFO,ISSUED_DATE,DATE,Ngày ban hành quyết định,,
TAX_REGISTRATION_INFO,ISSUING_ORG,VARCHAR2(800),Cơ quan ban hành quyết định,,
TAX_REGISTRATION_INFO,SUPERVISING_UNIT,VARCHAR2(800),Đơn vị chủ quản/quản lý trực tiếp doanh nghiệp,,
TAX_REGISTRATION_INFO,BUSINESS_START_DATE,DATE,Ngày bắt đầu hoạt động kinh doanh,,
TAX_REGISTRATION_INFO,LEGAL_REPRESENTATIVE_NAME,VARCHAR2(200),Họ tên người đại diện theo pháp luật,,
TAX_REGISTRATION_INFO,ID_CARD_NUMBER,VARCHAR2(80),Số CMND/hộ chiếu người đại diện theo pháp luật,,
TAX_REGISTRATION_INFO,SO_DIEN_THOAI,VARCHAR2(80),So DT nguoi dai dien theo phap luat/ chu doanh nghiep tu nhan,,
TAX_REGISTRATION_INFO,DIRECTOR_NAME,VARCHAR2(200),Họ tên Giám đốc/Tổng giám đốc ký báo cáo,,
TAX_REGISTRATION_INFO,DIRECTOR_PHONE,VARCHAR2(80),Số điện thoại Giám đốc/Tổng giám đốc,,
TAX_REGISTRATION_INFO,OPERATION_STATUS,VARCHAR2(80),"Trạng thái hoạt động DN (TrangThaiHoatDongEnum): 0/4=Đang hoạt động, 1=Ngừng HĐ đã hoàn thành thủ tục MST, 3=Ngừng HĐ chưa hoàn thành thủ tục MST, 5=Ngừng KD có thời hạn, 6=Không HĐ tại địa chỉ ĐK",,
TAX_REGISTRATION_INFO,SUSPENSION_REASON,VARCHAR2(4000),Lý do ngừng hoạt động (nhập sau khi chọn loại ngừng),,
TAX_REGISTRATION_INFO,SUSPENSION_TYPE,VARCHAR2(800),"Lý do ngừng hoạt động (LyDoNgungHoatDongEnum): 1=Giải thể, 2=Phá sản, 3=Chuyển đổi loại hình",,
TAX_REGISTRATION_INFO,DIRECT_SUPERVISING_AUTHORITY,VARCHAR2(800),Cơ quan quản lý trực tiếp,,
TAX_REGISTRATION_INFO,TAX_AUTHORITY_CODE,VARCHAR2(400),Mã cơ quan thuế ban hành thông báo cưỡng chế,,
TAX_REGISTRATION_INFO,DOMESTIC_CAPITAL_CURRENCY,VARCHAR2(4000),Loại tiền vốn điều lệ trong nước,,
TAX_REGISTRATION_INFO,FOREIGN_CAPITAL_AMOUNT,NUMBER,Vốn điều lệ nước ngoài (đơn vị theo loại tiền),,
TAX_REGISTRATION_INFO,FOREIGN_CAPITAL_CURRENCY,VARCHAR2(200),Loại tiền vốn điều lệ nước ngoài,,
TAX_REGISTRATION_INFO,SUPERVISING_UNIT_ADDRESS,VARCHAR2(800),Địa chỉ đơn vị chủ quản,,
TAX_REGISTRATION_INFO,BUSINESS_ADDRESS_DESC,VARCHAR2(800),Mô tả địa chỉ kinh doanh,,
TAX_REGISTRATION_INFO,BUSINESS_PROVINCE_CODE,VARCHAR2(400),Mã tỉnh/thành phố địa chỉ kinh doanh,,
TAX_REGISTRATION_INFO,BUSINESS_DISTRICT_CODE,VARCHAR2(400),Mã quận/huyện địa chỉ kinh doanh,,
TAX_REGISTRATION_INFO,BUSINESS_WARD_CODE,VARCHAR2(400),Mã xã/phường địa chỉ kinh doanh,,
TAX_REGISTRATION_INFO,BUSINESS_PHONE,VARCHAR2(200),Số điện thoại địa chỉ kinh doanh,,
TAX_REGISTRATION_INFO,BUSINESS_EMAIL,VARCHAR2(1200),Email kinh doanh,,
TAX_REGISTRATION_INFO,BUSINESS_FAX,VARCHAR2(1200),Số fax địa chỉ kinh doanh,,
TAX_REGISTRATION_INFO,SUSPENSION_FROM_DATE,DATE,Tạm nghỉ/từ ngày,,
TAX_REGISTRATION_INFO,SUSPENSION_TO_DATE,DATE,Tạm nghỉ/đến ngày,,
TAX_REGISTRATION_INFO,SUSPENSION_REASON_TEXT,VARCHAR2(800),Lý do tạm nghỉ,,
TAX_REGISTRATION_INFO,SUSPENSION_NOTICE_NUMBER,VARCHAR2(200),Số thông báo tạm nghỉ,,
TAX_REGISTRATION_INFO,SUSPENSION_NOTICE_DATE,DATE,Ngày thông báo tạm nghỉ,,
TAX_REGISTRATION_INFO,OPERATION_STOP_DATE,DATE,Ngày ngừng hoạt động,,
TAX_REGISTRATION_INFO,OPERATION_STOP_REASON,VARCHAR2(800),Lý do ngừng hoạt động,,
TAX_REGISTRATION_INFO,OPERATION_STOP_NOTE,VARCHAR2(800),Ghi chú ngừng hoạt động,,
TAX_REGISTRATION_INFO,OPERATION_STOP_NOTICE_NUMBER,VARCHAR2(400),Số thông báo ngừng hoạt động,,
TAX_REGISTRATION_INFO,STATUS_NAME,VARCHAR2(800),Tên trạng thái người nộp thuế,,
TAX_REGISTRATION_INFO,BUSINESS_LINE_CODE,VARCHAR2(200),Mã ngành nghề kinh doanh,,
TAX_REGISTRATION_INFO,BUSINESS_PROVINCE_NAME,VARCHAR2(400),Tên tỉnh/thành phố kinh doanh,,
TAX_REGISTRATION_INFO,BUSINESS_DISTRICT_NAME,VARCHAR2(400),Tên quận/huyện kinh doanh,,
TAX_REGISTRATION_INFO,BUSINESS_WARD_NAME,VARCHAR2(400),Tên xã/phường kinh doanh,,
TAX_REGISTRATION_INFO,FOREIGN_CAPITAL_RATIO,VARCHAR2(200),Tỷ trọng vốn nước ngoài (%),,
TAX_REG_ADDRESS_TYPE,TAX_CODE,VARCHAR2(20),Mã số thuế doanh nghiệp,,
TAX_REG_ADDRESS_TYPE,TYPE,VARCHAR2(50),"Loại địa chỉ trong hồ sơ ĐKT: 1=Trụ sở chính, 2=Chi nhánh, 3=Địa điểm kinh doanh (theo mã Cục Thuế)",,
TAX_REG_ADDRESS_TYPE,ADDRESS_TYPE,VARCHAR2(1000),Loại địa chỉ trong hồ sơ đăng ký thuế,,
TAX_REG_ADDRESS_TYPE,ADDRESS,VARCHAR2(1000),Địa chỉ,,
TAX_REG_ADDRESS_TYPE,WARD,VARCHAR2(1000),Phường/xã người nộp thuế,,
TAX_REG_ADDRESS_TYPE,DISTRICT,VARCHAR2(1000),Tên quận/huyện,,
TAX_REG_ADDRESS_TYPE,PROVINCE,VARCHAR2(1000),Tên tỉnh/thành phố,,
TAX_REG_ADDRESS_TYPE,WARD_CODE,VARCHAR2(20),Mã xã/phường,,
TAX_REG_ADDRESS_TYPE,DISTRICT_CODE,VARCHAR2(20),Mã quận/huyện,,
TAX_REG_ADDRESS_TYPE,COUNTRY,VARCHAR2(20),Quốc gia,,
TAX_REG_ADDRESS_TYPE,EMAIL,VARCHAR2(500),Địa chỉ email liên hệ,,
TAX_REG_ADDRESS_TYPE,FAX,VARCHAR2(20),Số fax,,
TAX_REG_ADDRESS_TYPE,WEBSITE,VARCHAR2(1000),Địa chỉ website,,
TAX_REG_ADDRESS_TYPE,PHONE,VARCHAR2(20),Số điện thoại liên hệ,,
TAX_REG_ADDRESS_TYPE,PACKET_CODE,VARCHAR2(50),Mã gói tin trao đổi dữ liệu (do hệ thống sinh tự động),,
TAX_REG_BUSINESS_LINE,TAX_CODE,VARCHAR2(50),Mã số thuế doanh nghiệp,,
TAX_REG_BUSINESS_LINE,BUSINESS_LINE_CODE,VARCHAR2(100),Mã ngành nghề kinh doanh,,
TAX_REG_BUSINESS_LINE,BUSINESS_LINE_NAME,VARCHAR2(1000),Tên ngành nghề kinh doanh,,
TAX_REG_BUSINESS_LINE,PACKET_CODE,VARCHAR2(50),Mã gói tin trao đổi dữ liệu (do hệ thống sinh tự động),,
TAX_REG_REPRESENTATIVE,ID,NUMBER,Khóa chính của bản ghi (ID số tự tăng),PK,
TAX_REG_REPRESENTATIVE,REPRESENTATIVE_NAME,VARCHAR2(80),Họ tên người đại diện/chủ hộ kinh doanh,,
TAX_REG_REPRESENTATIVE,POSITION,VARCHAR2(400),Chức vụ (tên hoặc mã),,
TAX_REG_REPRESENTATIVE,ID_DOCUMENT_TYPE,VARCHAR2(400),"Loại giấy tờ: 1010=CMND, 2080=CCCD, 1020=Hộ chiếu",,
TAX_REG_REPRESENTATIVE,ID_DOCUMENT_NUMBER,VARCHAR2(400),Số giấy tờ định danh,,
TAX_REG_REPRESENTATIVE,ISSUE_DATE,DATE,Ngày cấp giấy phép thành lập,,
TAX_REG_REPRESENTATIVE,PHONE,VARCHAR2(200),Số điện thoại liên hệ,,
TAX_REG_REPRESENTATIVE,FAX,VARCHAR2(200),Số fax,,
TAX_REG_REPRESENTATIVE,EMAIL,VARCHAR2(800),Địa chỉ email liên hệ,,
TAX_REG_REPRESENTATIVE,TAX_REGISTRATION_ID,NUMBER,FK -> tax_registration_info: Hồ sơ đăng ký thuế liên quan,FK,FK → TAX_REGISTRATION_INFO.ID
TAX_REPORT,ID,NUMBER,Khóa chính của bản ghi (ID số tự tăng),PK,
TAX_REPORT,SERVICE_CODE,VARCHAR2(400),Mã dịch vụ trao đổi dữ liệu,,
TAX_REPORT,SERVICE_NAME,NVARCHAR2(510),Tên dịch vụ trao đổi dữ liệu,,
TAX_REPORT,SERVICE_VERSION,VARCHAR2(80),Phiên bản dịch vụ trao đổi dữ liệu,,
TAX_REPORT,SERVICE_PROVIDER_INFO,VARCHAR2(2000),Thông tin nhà cung cấp dịch vụ,,
TAX_REPORT,DECLARATION_CODE,VARCHAR2(200),Mã tờ khai thuế trong hệ thống Cục Thuế,,
TAX_REPORT,DECLARATION_NAME,NVARCHAR2(510),Tên tờ khai thuế,,
TAX_REPORT,FORM_DESCRIPTION,VARCHAR2(1000),Mô tả biểu mẫu tờ khai,,
TAX_REPORT,DECLARATION_XML_VERSION,VARCHAR2(80),Phiên bản tờ khai dạng XML,,
TAX_REPORT,DECLARATION_TYPE,VARCHAR2(80),Loại tờ khai thuế,,
TAX_REPORT,ATTEMPT_COUNT,NUMBER,"Số lần nộp tờ khai (lần đầu, bổ sung lần 1, 2...)",,
TAX_REPORT,PERIOD_TYPE,VARCHAR2(80),"Kiểu kỳ báo cáo: Y=Năm, H=Bán niên, Q=Quý, M=Tháng",,
TAX_REPORT,DECLARATION_PERIOD,VARCHAR2(80),Kỳ kê khai thuế,,
TAX_REPORT,DECLARATION_FROM_DATE,VARCHAR2(80),Kỳ kê khai từ ngày,,
TAX_REPORT,DECLARATION_TO_DATE,VARCHAR2(80),Kỳ kê khai đến ngày,,
TAX_REPORT,DECLARATION_FROM_MONTH,VARCHAR2(80),Kỳ kê khai từ tháng,,
TAX_REPORT,DECLARATION_TO_MONTH,VARCHAR2(80),Kỳ kê khai đến tháng,,
TAX_REPORT,TAX_OFFICE_CODE,VARCHAR2(200),Mã cơ quan thuế nơi nộp,,
TAX_REPORT,TAX_OFFICE_NAME,NVARCHAR2(1000),Tên cơ quan thuế nơi nộp,,
TAX_REPORT,DECLARATION_DATE,VARCHAR2(80),Ngày lập tờ khai,,
TAX_REPORT,EXTENSION_REASON_CODE,VARCHAR2(80),Mã lý do gia hạn nộp báo cáo,,
TAX_REPORT,EXTENSION_REASON,NVARCHAR2(1000),Nội dung lý do gia hạn nộp báo cáo,,
TAX_REPORT,SIGNATORY,NVARCHAR2(100),Người ký báo cáo (Giám đốc/TGĐ),,
TAX_REPORT,SIGNED_AT,DATE,Ngày ký báo cáo,,
TAX_REPORT,BUSINESS_LINE,VARCHAR2(800),Ngành nghề kinh doanh chính,,
TAX_REPORT,TAX_CODE,VARCHAR2(80),Mã số thuế doanh nghiệp,,
TAX_REPORT,REPRESENTATIVE_NAME,NVARCHAR2(510),Họ tên người đại diện/chủ hộ kinh doanh,,
TAX_REPORT,TAXPAYER_ADDRESS,NVARCHAR2(510),Địa chỉ người nộp thuế,,
TAX_REPORT,WARD,NVARCHAR2(200),Phường/xã người nộp thuế,,
TAX_REPORT,TAXPAYER_DISTRICT_CODE,VARCHAR2(80),Mã quận/huyện người nộp thuế,,
TAX_REPORT,TAXPAYER_DISTRICT_NAME,NVARCHAR2(200),Tên quận/huyện người nộp thuế,,
TAX_REPORT,TAXPAYER_PROVINCE_CODE,VARCHAR2(80),Mã tỉnh/thành phố người nộp thuế,,
TAX_REPORT,TAXPAYER_PROVINCE_NAME,NVARCHAR2(200),Tên tỉnh/thành phố người nộp thuế,,
TAX_REPORT,TAXPAYER_PHONE,VARCHAR2(400),Số điện thoại người nộp thuế,,
TAX_REPORT,TAXPAYER_FAX,VARCHAR2(400),Số fax người nộp thuế,,
TAX_REPORT,TAXPAYER_EMAIL,VARCHAR2(200),Email người nộp thuế,,
TAX_REPORT,AUDIT_STATUS_TEXT,VARCHAR2(80),Trạng thái kiểm toán dạng văn bản (từ Cục Thuế),,
TAX_REPORT,AUDIT_FIRM_TAX_CODE,VARCHAR2(80),Mã số thuế của tổ chức kiểm toán,,
TAX_REPORT,AUDIT_FIRM_NAME,NVARCHAR2(510),Tên tổ chức kiểm toán thực hiện kiểm toán báo cáo,,
TAX_REPORT,AUDITOR_CODE,VARCHAR2(80),Mã kiểm toán viên,,
TAX_REPORT,AUDITOR_NAME,NVARCHAR2(510),Họ tên kiểm toán viên,,
TAX_REPORT,AUDITED,VARCHAR2(80),Cờ báo cáo tài chính đã được kiểm toán: true/false,,
TAX_REPORT,AUDIT_OPINION_CODE,VARCHAR2(80),Mã ý kiến kiểm toán (theo chuẩn mực kiểm toán),,
TAX_REPORT,AUDIT_OPINION,NVARCHAR2(1000),Nội dung ý kiến kiểm toán,,
TAX_REPORT,AUDIT_DATE,DATE,Ngày ký báo cáo kiểm toán,,
TAX_REPORT,CREATED_AT,NUMBER,Thời điểm tạo bản ghi,,
TAX_REPORT,MSG_PACKET_ID,NUMBER,FK -> msg_packet: Gói tin trao đổi liên quan,FK,FK → MSG_PACKET.ID
TAX_REPORT,ADD_INFO_SUBMISSION_DATE,DATE,Thông tin bổ sung: ngày nộp tờ khai,,
TAX_REPORT,ADD_INFO_RECEIVED_DATE,DATE,Thông tin bổ sung: ngày tiếp nhận tờ khai,,
TAX_REPORT,ADD_INFO_PREPARATION_PERIOD,NVARCHAR2(510),Thông tin bổ sung: kỳ lập bộ hồ sơ,,
TAX_REPORT,ADD_INFO_SOURCE,VARCHAR2(1020),Thông tin bổ sung: nguồn gốc tờ khai,,
TAX_REPORT,ADD_INFO_ENTERED_BY,NVARCHAR2(510),Thông tin bổ sung: người nhập tờ khai,,
TAX_REPORT,ADD_INFO_RECEIVED_AT,DATE,Thông tin bổ sung: ngày nhận tờ khai,,
TAX_REPORT,ADD_INFO_DECLARATION_ID,VARCHAR2(200),Thông tin bổ sung: ID tờ khai trong hệ thống Cục Thuế,,
TAX_REPORT,ADD_INFO_SENT_FROM,NVARCHAR2(510),Thông tin bổ sung: nơi gửi tờ khai,,
TAX_REPORT,ADD_INFO_RECEIVED_AT_LOCATION,NVARCHAR2(510),Thông tin bổ sung: nơi nhận tờ khai,,
TAX_REPORT,GUID,VARCHAR2(200),Định danh duy nhất toàn cục (GUID/UUID) của bản ghi,,
TAX_REPORT_DETAIL,ID,NUMBER,Khóa chính của bản ghi (ID số tự tăng),PK,
TAX_REPORT_DETAIL,TAX_REPORT_ID,NUMBER,FK -> tax_report: Báo cáo tài chính TCT liên quan,FK,FK → TAX_REPORT.ID
TAX_REPORT_DETAIL,INDICATOR_CODE,VARCHAR2(200),Mã chỉ tiêu trong biểu mẫu báo cáo,,
TAX_REPORT_DETAIL,INDICATOR_NAME,VARCHAR2(800),Tên chỉ tiêu trong biểu mẫu báo cáo,,
TAX_REPORT_DETAIL,EXPLANATION_NOTE,VARCHAR2(400),Thuyết minh/ghi chú cho chỉ tiêu báo cáo,,
TAX_REPORT_DETAIL,YEAR_END_VALUE,VARCHAR2(400),Giá trị cuối năm báo cáo (đầu kỳ của năm sau),,
TAX_REPORT_DETAIL,YEAR_BEGIN_VALUE,VARCHAR2(400),Giá trị đầu năm báo cáo (số dư đầu kỳ),,
TAX_REPORT_DETAIL,CURRENT_YEAR_VALUE,VARCHAR2(400),Giá trị năm nay (kỳ hiện tại),,
TAX_REPORT_DETAIL,PRIOR_YEAR_VALUE,VARCHAR2(400),Giá trị năm trước (kỳ so sánh),,
TAX_REPORT_DETAIL,SHEET_NAME,VARCHAR2(400),"Mã sheet báo cáo (LoaiBaoCaoChiTietEnum/TEN_SHEET): 1=BCDKT, 2=KQKD, 3=KQKDHD, 4=LCTT-TT, 5=LCTT-GT, 6=CTTKC, 9=THBDVCSH",,
TAX_REPORT_DETAIL,PREPARER_NAME,VARCHAR2(200),Họ tên người lập biểu,,
TAX_REPORT_DETAIL,CHIEF_ACCOUNTANT,VARCHAR2(200),Họ tên kế toán trưởng,,
TAX_REPORT_DETAIL,PREPARATION_DATE,VARCHAR2(200),Ngày lập biểu,,
TAX_REPORT_DETAIL,DIRECTOR_NAME,VARCHAR2(50),Họ tên Giám đốc/Tổng giám đốc ký báo cáo,,
TAX_REPORT_DETAIL,PRACTICE_CERT_NUMBER,VARCHAR2(200),Số chứng chỉ hành nghề kiểm toán,,
TAX_REPORT_DETAIL,AUDIT_SERVICE_UNIT,VARCHAR2(1020),Đơn vị cung cấp dịch vụ kiểm toán,,
TAX_REPORT_DETAIL,GOING_CONCERN_YES,VARCHAR2(80),Cờ hoạt động liên tục: true/false,,
TAX_REPORT_DETAIL,GOING_CONCERN_NO,VARCHAR2(80),Cờ không hoạt động liên tục: true/false,,
TAX_REPORT_DETAIL,INCREASE_PRIOR_YEAR,VARCHAR2(50),Số tăng năm trước,,
TAX_REPORT_DETAIL,CURRENT_YEAR_AMOUNT,VARCHAR2(50),Số tiền/giá trị năm nay,,
TAX_REPORT_DETAIL,PREVIOUS_YEAR_AMOUNT,VARCHAR2(50),Số tiền/giá trị năm ngoái,,
TAX_REPORT_DETAIL,BEGIN_BALANCE_CURRENT_YEAR,VARCHAR2(50),Số dư đầu năm nay,,
TAX_REPORT_DETAIL,END_BALANCE_CURRENT_YEAR,VARCHAR2(50),Số dư cuối năm nay,,
TAX_REPORT_DETAIL,END_BALANCE_PRIOR_YEAR,VARCHAR2(50),Số dư cuối năm trước,,
TAX_REPORT_DETAIL,BEGIN_BALANCE_PRIOR_YEAR,VARCHAR2(50),Số dư đầu năm trước,,
TAX_REPORT_DETAIL,INCREASE_CURRENT_YEAR,VARCHAR2(50),Số tăng năm nay,,
TAX_REPORT_DETAIL,DECREASE_CURRENT_YEAR,VARCHAR2(50),Số giảm năm nay,,
TAX_REPORT_DETAIL,DECREASE_PRIOR_YEAR,VARCHAR2(50),Số giảm năm trước,,
TAX_VIOLATION_HANDLING,ID,NUMBER,Khóa chính của bản ghi (ID số tự tăng),PK,
TAX_VIOLATION_HANDLING,HANDLING_DECISION_NUMBER,VARCHAR2(400),Số quyết định xử lý vi phạm pháp luật về thuế,,
TAX_VIOLATION_HANDLING,SUBJECT_NAME,VARCHAR2(800),Tên tổ chức/cá nhân đối tượng,,
TAX_VIOLATION_HANDLING,TAX_CODE,VARCHAR2(400),Mã số thuế doanh nghiệp,,
TAX_VIOLATION_HANDLING,INSPECTION_PERIOD,VARCHAR2(400),Kỳ thanh tra/kiểm tra thuế tại trụ sở doanh nghiệp,,
TAX_VIOLATION_HANDLING,VIOLATION_FINE,VARCHAR2(4000),Số tiền phạt hành vi vi phạm,,
TAX_VIOLATION_HANDLING,ADMIN_VIOLATION_FINE,VARCHAR2(4000),Số tiền phạt hành vi vi phạm hành chính về thuế,,
TAX_VIOLATION_HANDLING,TAX_RECOVERY_AMOUNT,VARCHAR2(400),"Số tiền truy thu (thuế, tiền nộp chậm)",,
TAX_VIOLATION_HANDLING,MSG_PACKET_ID,NUMBER,FK -> msg_packet: Gói tin trao đổi liên quan,FK,FK → MSG_PACKET.ID
TAX_VIOLATION_HANDLING,ISSUING_ORG,VARCHAR2(400),Cơ quan ban hành quyết định,,
TAX_VIOLATION_HANDLING,ISSUING_TAX_AUTHORITY_NAME,VARCHAR2(800),Tên cơ quan thuế ban hành quyết định xử lý,,
TAX_VIOLATION_HANDLING,DECISION_TYPE,VARCHAR2(800),"Loại quyết định: xử phạt hành chính, truy thu, đình chỉ...",,
TAX_VIOLATION_HANDLING,DECISION_DATE,DATE,Ngày ban hành quyết định,,
TAX_VIOLATION_HANDLING,TOTAL_FINE_AMOUNT,VARCHAR2(400),Tổng số tiền phạt theo quyết định (đơn vị: đồng),,
TAX_VIOLATION_HANDLING,OTHER_FINE_AMOUNT,VARCHAR2(400),Tổng tiền phạt khác (không phải phạt hành chính),,
TAX_VIOLATION_HANDLING,NAM_BAT_DAU,"NUMBER(4,0)",Nam bat dau,,
TAX_VIOLATION_HANDLING,NAM_KET_THUC,"NUMBER(4,0)",Nam ket thuc,,
TTCS_REQUEST_TAX_CODE_CACHE,SYSTEM_CODE,"NUMBER(2,0)",Mã hệ thống nguồn dữ liệu cache,PK,
TTCS_REQUEST_TAX_CODE_CACHE,TAX_CODE,VARCHAR2(100),Mã số thuế được cache,PK,
TTCS_REQUEST_TAX_CODE_CACHE,NAME,VARCHAR2(500),Tên doanh nghiệp cache,,
TTCS_REQUEST_TAX_CODE_CACHE,SOURCE_ID,NUMBER,ID bản ghi nguồn trên hệ thống gốc,,
TTCS_REQUEST_TAX_CODE_CACHE,REFRESHED_AT,TIMESTAMP(6),Thời điểm làm mới cache lần cuối,,
T_TRIG_Q_TEST,ID,NUMBER,,PK,
T_TRIG_Q_TEST,N,NUMBER,,,
VIOLATION_ACT,ID,VARCHAR2(200),Khóa chính của bản ghi (ID số tự tăng),,
VIOLATION_ACT,SUBJECT_PROFILE_ID,VARCHAR2(200),FK -> subject_profile: Hồ sơ đối tượng có hành vi này (khi chuyển hồ sơ về thanh tra),,FK suy luận → SUBJECT_PROFILE.ID
VIOLATION_ACT,PENALTY_DECISION_ID,VARCHAR2(200),FK -> penalty_decision: Quyết định xử phạt chứa hành vi này,,FK suy luận → PENALTY_DECISION.ID
VIOLATION_ACT,VIOLATION_ACT_ID,VARCHAR2(4000),FK -> cat_violation_act: Loại hành vi vi phạm từ danh mục,,
VIOLATION_ACT,FINE_AMOUNT,NUMBER,Số tiền phạt đối với hành vi vi phạm (đơn vị: đồng),,
VIOLATION_ACT,LEGAL_BASIS_DOC,VARCHAR2(4000),Văn bản pháp luật áp dụng làm căn cứ xử lý,,
VIOLATION_ACT,VIOLATION_HANDLING_DOC,VARCHAR2(4000),Văn bản xử lý vi phạm tương ứng,,
VIOLATION_ACT,REMEDIAL_MEASURE,VARCHAR2(1020),Biện pháp khắc phục hậu quả áp dụng,,
VIOLATION_ACT,CREATED_BY,VARCHAR2(200),Tài khoản/tên người tạo bản ghi,,FK suy luận → SYS_USER.ID
VIOLATION_ACT,CREATED_AT,DATE,Thời điểm tạo bản ghi,,
VIOLATION_ACT,VIOLATION_ACT_NAME,VARCHAR2(4000),Tên hành vi vi phạm pháp luật chứng khoán,,
VIOLATION_ACT,SECURITIES_CODE,VARCHAR2(200),Mã chứng khoán liên quan đến hành vi vi phạm giao dịch,,
VIOLATION_ACT,ACCOUNT_NUMBER,VARCHAR2(400),Số tài khoản chứng khoán liên quan,,
VIOLATION_ACT,VIOLATION_TYPE,NUMBER,"Loại vi phạm: 1=Giao dịch nội gián, 2=Thao túng, 3=Khác",,
VIOLATION_ACT,SHARES_QUANTITY,NUMBER,Số lượng cổ phần liên quan đến hành vi vi phạm,,
VIOLATION_ACT,HOLDING_RATIO,VARCHAR2(200),Tỷ lệ nắm giữ cổ phần của đối tượng vi phạm (%),,
VIOLATION_ACT,BUY_QUANTITY,NUMBER,Số lượng cổ phần mua vào trong giao dịch vi phạm,,
VIOLATION_ACT,SELL_QUANTITY,NUMBER,Số lượng cổ phần bán ra trong giao dịch vi phạm,,
VIOLATION_ACT,TRANSACTION_DATE,VARCHAR2(200),Ngày thực hiện giao dịch vi phạm,,
