STT;Dashboard/báo cáo;Thông tin;Mô tả;Nhóm yêu cầu;Phân loại;Đánh giá;Độ chi tiết;Nguồn;Thông tin cần phân tích;Thông tin cần Test;Cần dữ liệu lịch sử;Trạng thái phân tích;Test script verify mapping;Mapping;Note;Test script tại nguồn;Test script tại đích;Kết quả Test;Model;DMT
;;Tên chiều/chỉ tiêu/thuộc tính;;Dashboard/báo cáo/DataExplorer;Chiều/Chỉ tiêu cơ sở/Chỉ tiêu phái sinh;"Dễ: lấy 1: 1 từ nguồn
TB: có tính toán tổng hợp
Khó: Có logic phức tạp và lấy nhiều mốc thời gian
Trùng: Trong phạm vi ban của mình làm đã có tính thông tin này rồi";;;;;;;;"Từ nguồn lên
Dev mapping model <> Mapping cho DMT";;;;;;
1;Dashboard Tổng quan công ty chứng khoán toàn thị trường >> Các chỉ tiêu thống kê chung;Chiều Trạng thái công ty;"Gồm các trạng thái:
đã bị thu hồi
đang hoạt động bình thường
thuộc diện cảnh báo
thuộc diện kiểm soát
thuộc diện kiểm soát đặc biệt
đình chỉ hoạt động
... (trạng thái khác các trạng thái trên)";Dashboard;Chiều;Dễ;;SCMS;X;X;;;;select mã doanh nghiệp,.... from A join B ...where...;;;;;;
1;Dashboard Tổng quan công ty chứng khoán toàn thị trường >> Các chỉ tiêu thống kê chung;Chiều thời gian theo ngày;Chiều thời gian theo ngày;Dashboard;Chiều;TB;;SCMS;;X;;;;;;;;;;
1;Dashboard Tổng quan công ty chứng khoán toàn thị trường >> Các chỉ tiêu thống kê chung;So sánh cùng kỳ tổng số lượng CTCK đã được cấp phép;So sánh cùng kỳ năm trước tổng số lượng CTCK đã được cấp phép;Dashboard;Chỉ tiêu phái sinh;TB;ngày;SCMS;;X;X;;;"-- So sánh cùng kỳ năm trước tổng số lượng CTCK đã được cấp phép
WITH ngay_list AS (
    SELECT TRUNC(min_ngay) + LEVEL - 1 AS ngay
    FROM (
        SELECT MIN(NGAY_CAP_GPKD) AS min_ngay
        FROM SCMS.CTCK_THONG_TIN
        WHERE IS_BANG_TAM    = 1
          AND NGAY_CAP_GPKD IS NOT NULL
    )
    CONNECT BY TRUNC(min_ngay) + LEVEL - 1 <= TRUNC(SYSDATE)
),
base AS (
    SELECT
        nd.ngay,
        COUNT(c.ID) AS tong_ctck
    FROM ngay_list nd
    LEFT JOIN SCMS.CTCK_THONG_TIN c
        ON  c.IS_BANG_TAM    = 1
        AND c.NGAY_CAP_GPKD IS NOT NULL
        AND TRUNC(c.NGAY_CAP_GPKD) <= nd.ngay
    GROUP BY nd.ngay
)
SELECT
    b1.ngay,
--  b1.tong_ctck AS tong_ctck_nam_nay,
--  b2.tong_ctck AS tong_ctck_nam_truoc,
    ROUND(
        CASE
            WHEN b2.tong_ctck = 0 OR b2.tong_ctck IS NULL THEN NULL
            ELSE b1.tong_ctck / b2.tong_ctck * 100
        END
    , 2) AS ty_le_phan_tram
FROM base b1
LEFT JOIN base b2
    ON b2.ngay = ADD_MONTHS(b1.ngay, -12)
ORDER BY b1.ngay;";;;;;;
1;Dashboard Tổng quan công ty chứng khoán toàn thị trường >> Các chỉ tiêu thống kê chung;Tổng số lượng CTCK đã được cấp phép;Tổng số lượng CTCK đã được cấp phép;Dashboard;Chỉ tiêu cơ sở;TB;ngày;SCMS;X;X;;;;"-- Tổng số lượng CTCK đã được cấp phép
SELECT
    nd.ngay,
    COUNT(c.ID) AS tong_ctck_duoc_cap_phep
FROM (
    SELECT TRUNC(min_ngay) + LEVEL - 1 AS ngay
    FROM (
        SELECT MIN(NGAY_CAP_GPKD) AS min_ngay
        FROM SCMS.CTCK_THONG_TIN
        WHERE IS_BANG_TAM    = 1
          AND NGAY_CAP_GPKD IS NOT NULL
    )
    CONNECT BY TRUNC(min_ngay) + LEVEL - 1 <= TRUNC(SYSDATE)
) nd
LEFT JOIN SCMS.CTCK_THONG_TIN c
    ON  c.IS_BANG_TAM    = 1
    AND c.NGAY_CAP_GPKD IS NOT NULL
    AND TRUNC(c.NGAY_CAP_GPKD) <= nd.ngay
GROUP BY nd.ngay
ORDER BY nd.ngay;";;;;;;
1;Dashboard Tổng quan công ty chứng khoán toàn thị trường >> Các chỉ tiêu thống kê chung;Số lượng CTCK đã bị thu hồi;Số lượng CTCK đã bị thu hồi;Dashboard;Chỉ tiêu cơ sở;TB;ngày, trạng thái CTCK;SCMS;X;X;;;;"-- Số lượng CTCK đã bị thu hồi
SELECT
    nd.ngay,
    COUNT(c.ID) AS so_ctck_thu_hoi
FROM (
    SELECT TRUNC(min_ngay) + LEVEL - 1 AS ngay
    FROM (
        SELECT MIN(NGAY_CAP_GPKD) AS min_ngay
        FROM SCMS.CTCK_THONG_TIN
        WHERE IS_BANG_TAM    = 1
          AND NGAY_CAP_GPKD IS NOT NULL
    )
    CONNECT BY TRUNC(min_ngay) + LEVEL - 1 <= TRUNC(SYSDATE)
) nd
LEFT JOIN SCMS.CTCK_THONG_TIN c
    JOIN SCMS.DM_TRANG_THAI_CTCK d
        ON d.ID = c.TRANG_THAI              -- Check lại có phải join qua ID?
    ON  c.IS_BANG_TAM    = 1
    AND c.NGAY_CAP_GPKD IS NOT NULL
    AND LOWER(d.TEN_TRANG_THAI_CTCK) LIKE '%thu hồi%'
    AND TRUNC(c.NGAY_CAP_GPKD) <= nd.ngay
GROUP BY nd.ngay
ORDER BY nd.ngay;";;;;;;
1;Dashboard Tổng quan công ty chứng khoán toàn thị trường >> Các chỉ tiêu thống kê chung;Số lượng CTCK đang hoạt động bình thường;Số lượng CTCK đang hoạt động bình thường;Dashboard;Chỉ tiêu cơ sở;TB;ngày, trạng thái CTCK;SCMS;X;X;;;;"-- Số lượng CTCK đang hoạt động bình thường
SELECT
    nd.ngay,
    COUNT(c.ID) AS so_ctck_dang_hoat_dong_binh_thuong
FROM (
    SELECT TRUNC(min_ngay) + LEVEL - 1 AS ngay
    FROM (
        SELECT MIN(NGAY_CAP_GPKD) AS min_ngay
        FROM SCMS.CTCK_THONG_TIN
        WHERE IS_BANG_TAM    = 1
          AND NGAY_CAP_GPKD IS NOT NULL
    )
    CONNECT BY TRUNC(min_ngay) + LEVEL - 1 <= TRUNC(SYSDATE)
) nd
LEFT JOIN SCMS.CTCK_THONG_TIN c
    JOIN SCMS.DM_TRANG_THAI_CTCK d
        ON d.ID = c.TRANG_THAI              -- Check lại có phải join qua ID?
    ON  c.IS_BANG_TAM    = 1
    AND c.NGAY_CAP_GPKD IS NOT NULL
    AND LOWER(d.TEN_TRANG_THAI_CTCK) LIKE '%hoạt động%'
    AND TRUNC(c.NGAY_CAP_GPKD) <= nd.ngay
GROUP BY nd.ngay
ORDER BY nd.ngay;";;;;;;
1;Dashboard Tổng quan công ty chứng khoán toàn thị trường >> Các chỉ tiêu thống kê chung;Số lượng CTCK thuộc diện cảnh báo;Số lượng CTCK thuộc diện cảnh báo;Dashboard;Chỉ tiêu cơ sở;TB;ngày, trạng thái CTCK;SCMS;X;X;;;;"-- Số lượng CTCK thuộc diện cảnh báo
SELECT
    nd.ngay,
    COUNT(c.ID) AS so_ctck_bi_canh_bao
FROM (
    SELECT TRUNC(min_ngay) + LEVEL - 1 AS ngay
    FROM (
        SELECT MIN(NGAY_CAP_GPKD) AS min_ngay
        FROM SCMS.CTCK_THONG_TIN
        WHERE IS_BANG_TAM    = 1
          AND NGAY_CAP_GPKD IS NOT NULL
    )
    CONNECT BY TRUNC(min_ngay) + LEVEL - 1 <= TRUNC(SYSDATE)
) nd
LEFT JOIN SCMS.CTCK_THONG_TIN c
    JOIN SCMS.DM_TRANG_THAI_CTCK d
        ON d.ID = c.TRANG_THAI              -- Check lại có phải join qua ID?
    ON  c.IS_BANG_TAM    = 1
    AND c.NGAY_CAP_GPKD IS NOT NULL
    AND LOWER(d.TEN_TRANG_THAI_CTCK) LIKE '%cảnh báo%'
    AND TRUNC(c.NGAY_CAP_GPKD) <= nd.ngay
GROUP BY nd.ngay
ORDER BY nd.ngay;";;;;;;
1;Dashboard Tổng quan công ty chứng khoán toàn thị trường >> Các chỉ tiêu thống kê chung;Số lượng CTCK thuộc diện kiểm soát;Số lượng CTCK thuộc diện kiểm soát;Dashboard;Chỉ tiêu cơ sở;TB;ngày, trạng thái CTCK;SCMS;X;X;;;;"-- Số lượng CTCK thuộc diện kiểm soát
SELECT
    nd.ngay,
    COUNT(c.ID) AS so_ctck_bi_kiem_soat
FROM (
    SELECT TRUNC(min_ngay) + LEVEL - 1 AS ngay
    FROM (
        SELECT MIN(NGAY_CAP_GPKD) AS min_ngay
        FROM SCMS.CTCK_THONG_TIN
        WHERE IS_BANG_TAM    = 1
          AND NGAY_CAP_GPKD IS NOT NULL
    )
    CONNECT BY TRUNC(min_ngay) + LEVEL - 1 <= TRUNC(SYSDATE)
) nd
LEFT JOIN SCMS.CTCK_THONG_TIN c
    JOIN SCMS.DM_TRANG_THAI_CTCK d
        ON d.ID = c.TRANG_THAI              -- Check lại có phải join qua ID?
    ON  c.IS_BANG_TAM    = 1
    AND c.NGAY_CAP_GPKD IS NOT NULL
    AND LOWER(d.TEN_TRANG_THAI_CTCK) LIKE '%kiểm soát%'
    AND TRUNC(c.NGAY_CAP_GPKD) <= nd.ngay
GROUP BY nd.ngay
ORDER BY nd.ngay;";;;;;;
1;Dashboard Tổng quan công ty chứng khoán toàn thị trường >> Các chỉ tiêu thống kê chung;Số lượng CTCK thuộc diện kiểm soát đặc biệt;Số lượng CTCK thuộc diện kiểm soát đặc biệt;Dashboard;Chỉ tiêu cơ sở;TB;ngày, trạng thái CTCK;SCMS;X;X;;;;"-- Số lượng CTCK thuộc diện kiểm soát đặc biệt
SELECT
    nd.ngay,
    COUNT(c.ID) AS so_ctck_kiem_soat_dac_biet
FROM (
    SELECT TRUNC(min_ngay) + LEVEL - 1 AS ngay
    FROM (
        SELECT MIN(NGAY_CAP_GPKD) AS min_ngay
        FROM SCMS.CTCK_THONG_TIN
        WHERE IS_BANG_TAM    = 1
          AND NGAY_CAP_GPKD IS NOT NULL
    )
    CONNECT BY TRUNC(min_ngay) + LEVEL - 1 <= TRUNC(SYSDATE)
) nd
LEFT JOIN SCMS.CTCK_THONG_TIN c
    JOIN SCMS.DM_TRANG_THAI_CTCK d
        ON d.ID = c.TRANG_THAI              -- Check lại có phải join qua ID?
    ON  c.IS_BANG_TAM    = 1
    AND c.NGAY_CAP_GPKD IS NOT NULL
    AND LOWER(d.TEN_TRANG_THAI_CTCK) LIKE '%kiểm soát đặc biệt%'
    AND TRUNC(c.NGAY_CAP_GPKD) <= nd.ngay
GROUP BY nd.ngay
ORDER BY nd.ngay;";;;;;;
1;Dashboard Tổng quan công ty chứng khoán toàn thị trường >> Các chỉ tiêu thống kê chung;Số lượng CTCK đình chỉ hoạt động;Số lượng CTCK đình chỉ hoạt động;Dashboard;Chỉ tiêu cơ sở;TB;ngày, trạng thái CTCK;SCMS;X;X;;;;"-- Số lượng CTCK đình chỉ hoạt động
SELECT
    nd.ngay,
    COUNT(c.ID) AS so_ctck_dinh_chi_hoat_dong
FROM (
    SELECT TRUNC(min_ngay) + LEVEL - 1 AS ngay
    FROM (
        SELECT MIN(NGAY_CAP_GPKD) AS min_ngay
        FROM SCMS.CTCK_THONG_TIN
        WHERE IS_BANG_TAM    = 1
          AND NGAY_CAP_GPKD IS NOT NULL
    )
    CONNECT BY TRUNC(min_ngay) + LEVEL - 1 <= TRUNC(SYSDATE)
) nd
LEFT JOIN SCMS.CTCK_THONG_TIN c
    JOIN SCMS.DM_TRANG_THAI_CTCK d
        ON d.ID = c.TRANG_THAI              -- Check lại có phải join qua ID?
    ON  c.IS_BANG_TAM    = 1
    AND c.NGAY_CAP_GPKD IS NOT NULL
    AND LOWER(d.TEN_TRANG_THAI_CTCK) LIKE '%đình chỉ%'
    AND TRUNC(c.NGAY_CAP_GPKD) <= nd.ngay
GROUP BY nd.ngay
ORDER BY nd.ngay;";;;;;;
1;Dashboard Tổng quan công ty chứng khoán toàn thị trường >> Các chỉ tiêu thống kê chung;Số lượng CTCK trạng thái khác;Số lượng CTCK trạng thái khác;Dashboard;Chỉ tiêu cơ sở;TB;ngày, trạng thái CTCK;SCMS;X;X;;;;"-- Số lượng CTCK trạng thái khác
SELECT
    nd.ngay,
    COUNT(c.ID) AS so_ctck_trang_thai_khac
FROM (
    SELECT TRUNC(min_ngay) + LEVEL - 1 AS ngay
    FROM (
        SELECT MIN(NGAY_CAP_GPKD) AS min_ngay
        FROM SCMS.CTCK_THONG_TIN
        WHERE IS_BANG_TAM    = 1
          AND NGAY_CAP_GPKD IS NOT NULL
    )
    CONNECT BY TRUNC(min_ngay) + LEVEL - 1 <= TRUNC(SYSDATE)
) nd
LEFT JOIN SCMS.CTCK_THONG_TIN c
    JOIN SCMS.DM_TRANG_THAI_CTCK d
        ON d.ID = c.TRANG_THAI              -- Check lại có phải join qua ID?
    ON  c.IS_BANG_TAM    = 1
    AND c.NGAY_CAP_GPKD IS NOT NULL
    AND LOWER(d.TEN_TRANG_THAI_CTCK) NOT LIKE '%thu hồi%'
    AND LOWER(d.TEN_TRANG_THAI_CTCK) NOT LIKE '%hoạt động%'
    AND LOWER(d.TEN_TRANG_THAI_CTCK) NOT LIKE '%cảnh báo%'
    AND LOWER(d.TEN_TRANG_THAI_CTCK) NOT LIKE '%kiểm soát%'
    AND LOWER(d.TEN_TRANG_THAI_CTCK) NOT LIKE '%kiểm soát đặc biệt%'
    AND LOWER(d.TEN_TRANG_THAI_CTCK) NOT LIKE '%đình chỉ%'
    AND TRUNC(c.NGAY_CAP_GPKD) <= nd.ngay
GROUP BY nd.ngay
ORDER BY nd.ngay;";;;;;;
1;Dashboard Tổng quan công ty chứng khoán toàn thị trường >> Các chỉ tiêu thống kê chung;Số tài khoản có phát sinh giao dịch.;Số tài khoản có phát sinh giao dịch;Dashboard;Chỉ tiêu cơ sở;TB;Ngày;SCMS;X;X;;;;"-- Số tài khoản có phát sinh giao dịch
SELECT
    nd.ngay,
    SUM(TO_NUMBER(gt.GIA_TRI)) AS so_tk_phat_sinh_gd
FROM (
    SELECT TRUNC(min_ngay) + LEVEL - 1 AS ngay
    FROM (
        SELECT MIN(gt.NGAY_SO_LIEU) AS min_ngay
        FROM SCMS.BC_BAO_CAO_GT gt
        JOIN SCMS.DM_CHI_TIEU dct ON dct.ID = gt.DM_CHI_TIEU_ID
        WHERE dct.MA_CHI_TIEU = 'SO_TAI_KHOAN_PHAT_SINH_GIAO_DICH'  -- xác nhận lại có tồn tại chỉ tiêu này ko, sửa đúng tên MA_CHI_TIEU
    )
    CONNECT BY TRUNC(min_ngay) + LEVEL - 1 <= TRUNC(SYSDATE)
) nd
LEFT JOIN SCMS.BC_BAO_CAO_GT gt
    JOIN SCMS.DM_CHI_TIEU dct ON dct.ID = gt.DM_CHI_TIEU_ID
    ON  dct.MA_CHI_TIEU        = 'SO_TAI_KHOAN_PHAT_SINH_GIAO_DICH'  -- xác nhận lại có tồn tại chỉ tiêu này ko, sửa đúng tên MA_CHI_TIEU
    AND TRUNC(gt.NGAY_SO_LIEU) = nd.ngay
GROUP BY nd.ngay
ORDER BY nd.ngay;";Hỏi bên phân hệ xem lưu ở bảng nào, cột nào, dòng nào?;;;;;
1;Dashboard Tổng quan công ty chứng khoán toàn thị trường >> Các chỉ tiêu thống kê chung;Số dư tiền gửi giao dịch;Số dư tiền gửi giao dịch;Dashboard;Chỉ tiêu cơ sở;TB;Ngày;SCMS;X;X;;;;"-- Số dư tiền gửi giao dịch
SELECT
    nd.ngay,
    SUM(TO_NUMBER(DBMS_LOB.SUBSTR(gt.GIA_TRI, 4000, 1))) AS so_du_tien_gui_giao_dich
FROM (
    SELECT TRUNC(min_ngay) + LEVEL - 1 AS ngay
    FROM (
        SELECT MIN(gt.NGAY_SO_LIEU) AS min_ngay
        FROM SCMS.BC_BAO_CAO_GT gt
        JOIN SCMS.DM_CHI_TIEU dct ON dct.ID = gt.DM_CHI_TIEU_ID
        WHERE dct.MA_CHI_TIEU = 'SO_DU_TIEN_GUI_GIAO_DICH'  -- xác nhận lại có tồn tại chỉ tiêu này ko, sửa đúng tên MA_CHI_TIEU
    )
    CONNECT BY TRUNC(min_ngay) + LEVEL - 1 <= TRUNC(SYSDATE)
) nd
LEFT JOIN SCMS.BC_BAO_CAO_GT gt
    JOIN SCMS.DM_CHI_TIEU dct ON dct.ID = gt.DM_CHI_TIEU_ID
    ON  dct.MA_CHI_TIEU        = 'SO_DU_TIEN_GUI_GIAO_DICH'  -- xác nhận lại có tồn tại chỉ tiêu này ko, sửa đúng tên MA_CHI_TIEU
    AND TRUNC(gt.NGAY_SO_LIEU) = nd.ngay
GROUP BY nd.ngay
ORDER BY nd.ngay;";Hỏi bên phân hệ xem lưu ở bảng nào, cột nào, dòng nào?;;;;;
2;Dashboard Tổng quan công ty chứng khoán toàn thị trường >> Biểu đồ Nghiệp vụ;Chiều thời gian theo ngày;Chiều thời gian theo ngày;Dashboard;Chiều;Trùng;;SCMS;;X;;;;;;;;;;
2;Dashboard Tổng quan công ty chứng khoán toàn thị trường >> Biểu đồ nghiệp vụ;Chiều nghiệp vụ kinh doanh chứng khoán;Nghiệp vụ Môi giới chứng khoán, Bảo lãnh phát hành, Tư vấn đầu tư chứng khoán, Tự doanh chứng khoán;Dashboard;Chiều;Dễ;;SCMS;;X;;;;;;;;;;
2;Dashboard Tổng quan công ty chứng khoán toàn thị trường >> Biểu đồ nghiệp vụ;Số lượng CTCK theo nghiệp vụ môi giới;Số lượng CTCK theo nghiệp vụ môi giới;Dashboard;Chỉ tiêu cơ sở;TB;Ngày, Danh mục nghiệp vụ;SCMS;X;X;;;;"-- Số lượng CTCK theo nghiệp vụ môi giới
SELECT
    nd.ngay,
    COUNT(dv.ID) AS so_ctck_nv_moi_gioi
FROM (
    SELECT TRUNC(min_ngay) + LEVEL - 1 AS ngay
    FROM (
        SELECT MIN(dv.NGAY_DANG_KY) AS min_ngay
        FROM SCMS.CTCK_DICH_VU dv
        JOIN SCMS.DM_DICH_VU dd ON dd.ID = dv.DM_DICH_VU_ID
        WHERE dv.IS_BANG_TAM = 1
          AND LOWER(dd.TEN_DICH_VU) LIKE '%môi giới%'
    )
    CONNECT BY TRUNC(min_ngay) + LEVEL - 1 <= TRUNC(SYSDATE)
) nd
LEFT JOIN SCMS.CTCK_DICH_VU dv
    JOIN SCMS.DM_DICH_VU dd ON dd.ID = dv.DM_DICH_VU_ID
    ON  dv.IS_BANG_TAM = 1
    AND dv.TRANG_THAI = 1
    AND LOWER(dd.TEN_DICH_VU) LIKE '%môi giới%'
    AND TRUNC(dv.NGAY_DANG_KY) <= nd.ngay        -- đã đăng ký tính đến ngày đó
    AND (
        dv.NGAY_KET_THUC IS NULL
        OR dv.NGAY_KET_THUC > nd.ngay        -- còn hiệu lực tại ngày đó
    )
GROUP BY nd.ngay
ORDER BY nd.ngay;";Không thấy bảng DM nghiệp vụ;;;;;
2;Dashboard Tổng quan công ty chứng khoán toàn thị trường >> Biểu đồ nghiệp vụ;Số lượng CTCK theo nghiệp vụ bảo lãnh;Số lượng CTCK theo nghiệp vụ bảo lãnh;Dashboard;Chỉ tiêu cơ sở;TB;Ngày, Danh mục nghiệp vụ;SCMS;X;X;;;;"-- Số lượng CTCK theo nghiệp vụ bảo lãnh
SELECT
    nd.ngay,
    COUNT(dv.ID) AS so_ctck_nv_bao_lanh
FROM (
    SELECT TRUNC(min_ngay) + LEVEL - 1 AS ngay
    FROM (
        SELECT MIN(dv.NGAY_DANG_KY) AS min_ngay
        FROM SCMS.CTCK_DICH_VU dv
        JOIN SCMS.DM_DICH_VU dd ON dd.ID = dv.DM_DICH_VU_ID
        WHERE dv.IS_BANG_TAM = 1
          AND LOWER(dd.TEN_DICH_VU) LIKE '%bảo lãnh%'
    )
    CONNECT BY TRUNC(min_ngay) + LEVEL - 1 <= TRUNC(SYSDATE)
) nd
LEFT JOIN SCMS.CTCK_DICH_VU dv
    JOIN SCMS.DM_DICH_VU dd ON dd.ID = dv.DM_DICH_VU_ID
    ON  dv.IS_BANG_TAM = 1
    AND dv.TRANG_THAI = 1
    AND LOWER(dd.TEN_DICH_VU) LIKE '%bảo lãnh%'
    AND TRUNC(dv.NGAY_DANG_KY) <= nd.ngay        -- đã đăng ký tính đến ngày đó
    AND (
        dv.NGAY_KET_THUC IS NULL
        OR dv.NGAY_KET_THUC > nd.ngay        -- còn hiệu lực tại ngày đó
    )
GROUP BY nd.ngay
ORDER BY nd.ngay;";Không thấy bảng DM nghiệp vụ;;;;;
2;Dashboard Tổng quan công ty chứng khoán toàn thị trường >> Biểu đồ nghiệp vụ;Số lượng CTCK theo nghiệp vụ tư vấn;Số lượng CTCK theo nghiệp vụ tư vấn;Dashboard;Chỉ tiêu cơ sở;TB;Ngày, Danh mục nghiệp vụ;SCMS;X;X;;;;"-- Số lượng CTCK theo nghiệp vụ tư vấn
SELECT
    nd.ngay,
    COUNT(dv.ID) AS so_ctck_nv_tu_van
FROM (
    SELECT TRUNC(min_ngay) + LEVEL - 1 AS ngay
    FROM (
        SELECT MIN(dv.NGAY_DANG_KY) AS min_ngay
        FROM SCMS.CTCK_DICH_VU dv
        JOIN SCMS.DM_DICH_VU dd ON dd.ID = dv.DM_DICH_VU_ID
        WHERE dv.IS_BANG_TAM = 1
          AND LOWER(dd.TEN_DICH_VU) LIKE '%tư vấn%'
    )
    CONNECT BY TRUNC(min_ngay) + LEVEL - 1 <= TRUNC(SYSDATE)
) nd
LEFT JOIN SCMS.CTCK_DICH_VU dv
    JOIN SCMS.DM_DICH_VU dd ON dd.ID = dv.DM_DICH_VU_ID
    ON  dv.IS_BANG_TAM = 1
    AND dv.TRANG_THAI = 1
    AND LOWER(dd.TEN_DICH_VU) LIKE '%tư vấn%'
    AND TRUNC(dv.NGAY_DANG_KY) <= nd.ngay        -- đã đăng ký tính đến ngày đó
    AND (
        dv.NGAY_KET_THUC IS NULL
        OR dv.NGAY_KET_THUC > nd.ngay        -- còn hiệu lực tại ngày đó
    )
GROUP BY nd.ngay
ORDER BY nd.ngay;";Không thấy bảng DM nghiệp vụ;;;;;
2;Dashboard Tổng quan công ty chứng khoán toàn thị trường >> Biểu đồ nghiệp vụ;Số lượng CTCK theo nghiệp vụ tự doanh;Số lượng CTCK theo nghiệp vụ tự doanh;Dashboard;Chỉ tiêu cơ sở;TB;Ngày, Danh mục nghiệp vụ;SCMS;X;X;;;;"-- Số lượng CTCK theo nghiệp vụ tự doanh
SELECT
    nd.ngay,
    COUNT(dv.ID) AS so_ctck_nv_tu_doanh
FROM (
    SELECT TRUNC(min_ngay) + LEVEL - 1 AS ngay
    FROM (
        SELECT MIN(dv.NGAY_DANG_KY) AS min_ngay
        FROM SCMS.CTCK_DICH_VU dv
        JOIN SCMS.DM_DICH_VU dd ON dd.ID = dv.DM_DICH_VU_ID
        WHERE dv.IS_BANG_TAM = 1
          AND LOWER(dd.TEN_DICH_VU) LIKE '%tự doanh%'
    )
    CONNECT BY TRUNC(min_ngay) + LEVEL - 1 <= TRUNC(SYSDATE)
) nd
LEFT JOIN SCMS.CTCK_DICH_VU dv
    JOIN SCMS.DM_DICH_VU dd ON dd.ID = dv.DM_DICH_VU_ID
    ON  dv.IS_BANG_TAM = 1
    AND dv.TRANG_THAI = 1
    AND LOWER(dd.TEN_DICH_VU) LIKE '%tự doanh%'
    AND TRUNC(dv.NGAY_DANG_KY) <= nd.ngay        -- đã đăng ký tính đến ngày đó
    AND (
        dv.NGAY_KET_THUC IS NULL
        OR dv.NGAY_KET_THUC > nd.ngay        -- còn hiệu lực tại ngày đó
    )
GROUP BY nd.ngay
ORDER BY nd.ngay;";Không thấy bảng DM nghiệp vụ;;;;;
3;Dashboard Tổng quan công ty chứng khoán toàn thị trường >> Biểu đồ Dịch vụ;Chiều thời gian theo ngày;Chiều thời gian theo ngày;Dashboard;Chiều;Trùng;;SCMS;;X;;;;;;;;;;
3;Dashboard Tổng quan công ty chứng khoán toàn thị trường >> Biểu đồ Dịch vụ;Chiều dịch vụ kinh doanh chứng khoán;Dịch vụ Giao dịch ký quỹ, Ứng trước tiền bán, Lưu ký;Dashboard;Chiều;Dễ;;SCMS;;X;;;;;;;;;;
3;Dashboard Tổng quan công ty chứng khoán toàn thị trường >> Biểu đồ Dịch vụ;Số lượng CTCK theo dịch vụ giao dịch kí quỹ;Số lượng CTCK theo dịch vụ giao dịch kí quỹ;Dashboard;Chỉ tiêu cơ sở;TB;Ngày, Danh mục dịch vụ;SCMS;X;X;;;;"-- Số lượng CTCK theo dịch vụ giao dịch kí quỹ
SELECT
    nd.ngay,
    COUNT(dv.ID) AS so_ctck_dv_giao_dich_ky_quy
FROM (
    SELECT TRUNC(min_ngay) + LEVEL - 1 AS ngay
    FROM (
        SELECT MIN(dv.NGAY_DANG_KY) AS min_ngay
        FROM SCMS.CTCK_DICH_VU dv
        JOIN SCMS.DM_DICH_VU dd ON dd.ID = dv.DM_DICH_VU_ID
        WHERE dv.IS_BANG_TAM = 1
          AND LOWER(dd.TEN_DICH_VU) LIKE '%giao dịch kí quỹ%'
    )
    CONNECT BY TRUNC(min_ngay) + LEVEL - 1 <= TRUNC(SYSDATE)
) nd
LEFT JOIN SCMS.CTCK_DICH_VU dv
    JOIN SCMS.DM_DICH_VU dd ON dd.ID = dv.DM_DICH_VU_ID
    ON  dv.IS_BANG_TAM = 1
    AND dv.TRANG_THAI = 1
    AND LOWER(dd.TEN_DICH_VU) LIKE '%giao dịch kí quỹ%'
    AND TRUNC(dv.NGAY_DANG_KY) <= nd.ngay        -- đã đăng ký tính đến ngày đó
    AND (
        dv.NGAY_KET_THUC IS NULL
        OR dv.NGAY_KET_THUC > nd.ngay        -- còn hiệu lực tại ngày đó
    )
GROUP BY nd.ngay
ORDER BY nd.ngay;";Bảng DM dịch vụ không khớp với danh sách dịch vụ này (đang so với data cũ);;;;;
3;Dashboard Tổng quan công ty chứng khoán toàn thị trường >> Biểu đồ Dịch vụ;Số lượng CTCK theo dịch vụ ứng trước tiền bán;Số lượng CTCK theo dịch vụ ứng trước tiền bán;Dashboard;Chỉ tiêu cơ sở;TB;Ngày, Danh mục dịch vụ;SCMS;X;X;;;;"-- Số lượng CTCK theo dịch vụ ứng trước tiền bán
SELECT
    nd.ngay,
    COUNT(dv.ID) AS so_ctck_dv_ung_truoc_tien_ban
FROM (
    SELECT TRUNC(min_ngay) + LEVEL - 1 AS ngay
    FROM (
        SELECT MIN(dv.NGAY_DANG_KY) AS min_ngay
        FROM SCMS.CTCK_DICH_VU dv
        JOIN SCMS.DM_DICH_VU dd ON dd.ID = dv.DM_DICH_VU_ID
        WHERE dv.IS_BANG_TAM = 1
          AND LOWER(dd.TEN_DICH_VU) LIKE '%ứng trước tiền bán%'
    )
    CONNECT BY TRUNC(min_ngay) + LEVEL - 1 <= TRUNC(SYSDATE)
) nd
LEFT JOIN SCMS.CTCK_DICH_VU dv
    JOIN SCMS.DM_DICH_VU dd ON dd.ID = dv.DM_DICH_VU_ID
    ON  dv.IS_BANG_TAM = 1
    AND dv.TRANG_THAI = 1
    AND LOWER(dd.TEN_DICH_VU) LIKE '%ứng trước tiền bán%'
    AND TRUNC(dv.NGAY_DANG_KY) <= nd.ngay        -- đã đăng ký tính đến ngày đó
    AND (
        dv.NGAY_KET_THUC IS NULL
        OR dv.NGAY_KET_THUC > nd.ngay        -- còn hiệu lực tại ngày đó
    )
GROUP BY nd.ngay
ORDER BY nd.ngay;";Bảng DM dịch vụ không khớp với danh sách dịch vụ này (đang so với data cũ);;;;;
3;Dashboard Tổng quan công ty chứng khoán toàn thị trường >> Biểu đồ Dịch vụ;Số lượng CTCK theo dịch vụ lưu ký;Số lượng CTCK theo dịch vụ lưu ký;Dashboard;Chỉ tiêu cơ sở;TB;Ngày, Danh mục dịch vụ;SCMS;X;X;;;;"-- Số lượng CTCK theo dịch vụ lưu ký
SELECT
    nd.ngay,
    COUNT(dv.ID) AS so_ctck_dv_luu_ky
FROM (
    SELECT TRUNC(min_ngay) + LEVEL - 1 AS ngay
    FROM (
        SELECT MIN(dv.NGAY_DANG_KY) AS min_ngay
        FROM SCMS.CTCK_DICH_VU dv
        JOIN SCMS.DM_DICH_VU dd ON dd.ID = dv.DM_DICH_VU_ID
        WHERE dv.IS_BANG_TAM = 1
          AND LOWER(dd.TEN_DICH_VU) LIKE '%lưu ký%'
    )
    CONNECT BY TRUNC(min_ngay) + LEVEL - 1 <= TRUNC(SYSDATE)
) nd
LEFT JOIN SCMS.CTCK_DICH_VU dv
    JOIN SCMS.DM_DICH_VU dd ON dd.ID = dv.DM_DICH_VU_ID
    ON  dv.IS_BANG_TAM = 1
    AND dv.TRANG_THAI = 1
    AND LOWER(dd.TEN_DICH_VU) LIKE '%lưu ký%'
    AND TRUNC(dv.NGAY_DANG_KY) <= nd.ngay        -- đã đăng ký tính đến ngày đó
    AND (
        dv.NGAY_KET_THUC IS NULL
        OR dv.NGAY_KET_THUC > nd.ngay        -- còn hiệu lực tại ngày đó
    )
GROUP BY nd.ngay
ORDER BY nd.ngay;";Bảng DM dịch vụ không khớp với danh sách dịch vụ này (đang so với data cũ);;;;;
4;Dashboard Tổng quan công ty chứng khoán toàn thị trường >> Biểu đồ Dịch vụ phái sinh;Chiều thời gian theo ngày;Chiều thời gian theo ngày;Dashboard;Chiều;Trùng;;SCMS;;X;;;;;;;;;;
4;Dashboard Tổng quan công ty chứng khoán toàn thị trường >> Biểu đồ dịch vụ phái sinh;Chiều Dịch vụ phái sinh;Dịch vụ phái sinh: Môi giới phái sinh, Tư vấn phái sinh, Tự doanh phái sinh;Dashboard;Chiều;Dễ;;SCMS;;X;;;;;;;;;;
4;Dashboard Tổng quan công ty chứng khoán toàn thị trường >> Biểu đồ dịch vụ phái sinh;Số lượng CTCK liên quan CK phái sinh theo dịch vụ môi giới;Số lượng CTCK liên quan CK phái sinh theo dịch vụ môi giới;Dashboard;Chỉ tiêu cơ sở;TB;Ngày, Danh mục dịch vụ phái sinh;SCMS;X;X;;;;"-- Số lượng CTCK liên quan CK phái sinh theo dịch vụ môi giới
SELECT
    nd.ngay,
    COUNT(dv.ID) AS so_ctck_dvps_moi_gioi
FROM (
    SELECT TRUNC(min_ngay) + LEVEL - 1 AS ngay
    FROM (
        SELECT MIN(dv.NGAY_DANG_KY) AS min_ngay
        FROM SCMS.CTCK_DICH_VU dv
        JOIN SCMS.DM_DICH_VU dd ON dd.ID = dv.DM_DICH_VU_ID
        WHERE dv.IS_BANG_TAM = 1
          AND LOWER(dd.TEN_DICH_VU) LIKE '%phái sinh theo dịch vụ môi giới%'
    )
    CONNECT BY TRUNC(min_ngay) + LEVEL - 1 <= TRUNC(SYSDATE)
) nd
LEFT JOIN SCMS.CTCK_DICH_VU dv
    JOIN SCMS.DM_DICH_VU dd ON dd.ID = dv.DM_DICH_VU_ID
    ON  dv.IS_BANG_TAM = 1
    AND dv.TRANG_THAI = 1
    AND LOWER(dd.TEN_DICH_VU) LIKE '%phái sinh theo dịch vụ môi giới%'
    AND TRUNC(dv.NGAY_DANG_KY) <= nd.ngay        -- đã đăng ký tính đến ngày đó
    AND (
        dv.NGAY_KET_THUC IS NULL
        OR dv.NGAY_KET_THUC > nd.ngay        -- còn hiệu lực tại ngày đó
    )
GROUP BY nd.ngay
ORDER BY nd.ngay;";Bảng DM dịch vụ không khớp với danh sách dịch vụ này (đang so với data cũ);;;;;
4;Dashboard Tổng quan công ty chứng khoán toàn thị trường >> Biểu đồ dịch vụ phái sinh;Số lượng CTCK liên quan CK phái sinh theo dịch vụ tư vấn;Số lượng CTCK liên quan CK phái sinh theo dịch vụ tư vấn;Dashboard;Chỉ tiêu cơ sở;TB;Ngày, Danh mục dịch vụ phái sinh;SCMS;X;X;;;;"-- Số lượng CTCK liên quan CK phái sinh theo dịch vụ tư vấn
SELECT
    nd.ngay,
    COUNT(dv.ID) AS so_ctck_dvps_tu_van
FROM (
    SELECT TRUNC(min_ngay) + LEVEL - 1 AS ngay
    FROM (
        SELECT MIN(dv.NGAY_DANG_KY) AS min_ngay
        FROM SCMS.CTCK_DICH_VU dv
        JOIN SCMS.DM_DICH_VU dd ON dd.ID = dv.DM_DICH_VU_ID
        WHERE dv.IS_BANG_TAM = 1
          AND LOWER(dd.TEN_DICH_VU) LIKE '%phái sinh theo dịch vụ tư vấn%'
    )
    CONNECT BY TRUNC(min_ngay) + LEVEL - 1 <= TRUNC(SYSDATE)
) nd
LEFT JOIN SCMS.CTCK_DICH_VU dv
    JOIN SCMS.DM_DICH_VU dd ON dd.ID = dv.DM_DICH_VU_ID
    ON  dv.IS_BANG_TAM = 1
    AND dv.TRANG_THAI = 1
    AND LOWER(dd.TEN_DICH_VU) LIKE '%phái sinh theo dịch vụ tư vấn%'
    AND TRUNC(dv.NGAY_DANG_KY) <= nd.ngay        -- đã đăng ký tính đến ngày đó
    AND (
        dv.NGAY_KET_THUC IS NULL
        OR dv.NGAY_KET_THUC > nd.ngay        -- còn hiệu lực tại ngày đó
    )
GROUP BY nd.ngay
ORDER BY nd.ngay;";Bảng DM dịch vụ không khớp với danh sách dịch vụ này (đang so với data cũ);;;;;
4;Dashboard Tổng quan công ty chứng khoán toàn thị trường >> Biểu đồ dịch vụ phái sinh;Số lượng CTCK liên quan CK phái sinh theo dịch vụ tự doanh;Số lượng CTCK liên quan CK phái sinh theo dịch vụ tự doanh;Dashboard;Chỉ tiêu cơ sở;TB;Ngày, Danh mục dịch vụ phái sinh;SCMS;X;X;;;;"-- Số lượng CTCK liên quan CK phái sinh theo dịch vụ tự doanh
SELECT
    nd.ngay,
    COUNT(dv.ID) AS so_ctck_dvps_tu_doanh
FROM (
    SELECT TRUNC(min_ngay) + LEVEL - 1 AS ngay
    FROM (
        SELECT MIN(dv.NGAY_DANG_KY) AS min_ngay
        FROM SCMS.CTCK_DICH_VU dv
        JOIN SCMS.DM_DICH_VU dd ON dd.ID = dv.DM_DICH_VU_ID
        WHERE dv.IS_BANG_TAM = 1
          AND LOWER(dd.TEN_DICH_VU) LIKE '%phái sinh theo dịch vụ tự doanh%'
    )
    CONNECT BY TRUNC(min_ngay) + LEVEL - 1 <= TRUNC(SYSDATE)
) nd
LEFT JOIN SCMS.CTCK_DICH_VU dv
    JOIN SCMS.DM_DICH_VU dd ON dd.ID = dv.DM_DICH_VU_ID
    ON  dv.IS_BANG_TAM = 1
    AND dv.TRANG_THAI = 1
    AND LOWER(dd.TEN_DICH_VU) LIKE '%phái sinh theo dịch vụ tự doanh%'
    AND TRUNC(dv.NGAY_DANG_KY) <= nd.ngay        -- đã đăng ký tính đến ngày đó
    AND (
        dv.NGAY_KET_THUC IS NULL
        OR dv.NGAY_KET_THUC > nd.ngay        -- còn hiệu lực tại ngày đó
    )
GROUP BY nd.ngay
ORDER BY nd.ngay;";Bảng DM dịch vụ không khớp với danh sách dịch vụ này (đang so với data cũ);;;;;
5;Dashboard Tổng quan công ty chứng khoán toàn thị trường >> Biểu đồ Duy trì điều kiện cấp phép - Giấy phép hoạt động;Chiều thời gian theo ngày;Chiều thời gian theo ngày;Dashboard;Chiều;Trùng;;SCMS;;X;;;;;;;;;;
5;Dashboard Tổng quan công ty chứng khoán toàn thị trường >> Biểu đồ Duy trì điều kiện cấp phép - Giấy phép hoạt động;Các loại duy trì điều kiện cấp phép;Đang duy trì tốt, Gần đến giới hạn duy trì, Không duy trì điều kiện cấp phép;Dashboard;Chiều;Dễ;;SCMS;;X;;;;;;;;;;
5;Dashboard Tổng quan công ty chứng khoán toàn thị trường >> Biểu đồ Duy trì điều kiện cấp phép - Giấy phép hoạt động;Phân loại CTCK;"CTCK không có dịch vụ CKPS
CTCK có dịch vụ CKPS, không đăng ký hoạt động lưu ký chứng khoán
CTCK có dịch vụ CKPS, có đăng ký hoạt động lưu ký chứng khoán";Dashboard;Chiều;Dễ;;SCMS;X;X;;;;;;;;;;
5;Dashboard Tổng quan công ty chứng khoán toàn thị trường >> Biểu đồ Duy trì điều kiện cấp phép - Giấy phép hoạt động;Số lượng CTCK đang duy trì tốt;Số lượng CTCK đang duy trì tốt;Dashboard;Chỉ tiêu cơ sở;TB;Ngày, phân loại điều kiện duy trì;SCMS;X;X;;;;;Hỏi bên phân hệ xem lưu ở bảng nào, cột nào, dòng nào?;;;;;
5;Dashboard Tổng quan công ty chứng khoán toàn thị trường >> Biểu đồ Duy trì điều kiện cấp phép - Giấy phép hoạt động;Số lượng CTCK gần đến giới hạn duy trì;Số lượng CTCK gần đến giới hạn duy trì;Dashboard;Chỉ tiêu cơ sở;TB;Ngày, phân loại điều kiện duy trì;SCMS;X;X;;;;;Hỏi bên phân hệ xem lưu ở bảng nào, cột nào, dòng nào?;;;;;
5;Dashboard Tổng quan công ty chứng khoán toàn thị trường >> Biểu đồ Duy trì điều kiện cấp phép - Giấy phép hoạt động;Số lượng CTCK không duy trì điều kiện cấp phép;Số lượng CTCK không duy trì điều kiện cấp phép;Dashboard;Chỉ tiêu cơ sở;TB;Ngày, phân loại điều kiện duy trì;SCMS;X;X;;;;;Hỏi bên phân hệ xem lưu ở bảng nào, cột nào, dòng nào?;;;;;
6;Dashboard Tổng quan công ty chứng khoán toàn thị trường >> Biểu đồ Duy trì điều kiện cấp phép – Phái sinh: dịch vụ là kinh doanh chứng khoán phái sinh ;Chiều thời gian theo ngày;Chiều thời gian theo ngày;Dashboard;Chiều;Trùng;;SCMS;;X;;;;;;;;;;
6;Dashboard Tổng quan công ty chứng khoán toàn thị trường >> Biểu đồ Duy trì điều kiện cấp phép – Phái sinh: dịch vụ là kinh doanh chứng khoán phái sinh ;Số lượng công ty đang duy trì tốt;Số lượng CTCK phái sinh, dịch vụ là kinh doanh CKPS đang duy trì tốt;Dashboard;Chỉ tiêu cơ sở;TB;Ngày, phân loại điều kiện duy trì;SCMS;X;X;;;;;Hỏi bên phân hệ xem lưu ở bảng nào, cột nào, dòng nào?;;;;;
6;Dashboard Tổng quan công ty chứng khoán toàn thị trường >> Biểu đồ Duy trì điều kiện cấp phép – Phái sinh: dịch vụ là kinh doanh chứng khoán phái sinh ;Số lượng công ty gần đến giới hạn duy trì;Số lượng CTCK phái sinh, dịch vụ là kinh doanh CKPS gần đến giới hạn duy trì;Dashboard;Chỉ tiêu cơ sở;TB;Ngày, phân loại điều kiện duy trì;SCMS;X;X;;;;;Hỏi bên phân hệ xem lưu ở bảng nào, cột nào, dòng nào?;;;;;
6;Dashboard Tổng quan công ty chứng khoán toàn thị trường >> Biểu đồ Duy trì điều kiện cấp phép – Phái sinh: dịch vụ là kinh doanh chứng khoán phái sinh ;Số lượng công ty không duy trì điều kiện cấp phép;Số lượng CTCK phái sinh, dịch vụ là kinh doanh CKPS không duy trì điều kiện cấp phép;Dashboard;Chỉ tiêu cơ sở;TB;Ngày, phân loại điều kiện duy trì;SCMS;X;X;;;;;Hỏi bên phân hệ xem lưu ở bảng nào, cột nào, dòng nào?;;;;;
7;Dashboard Tổng quan công ty chứng khoán toàn thị trường >> Biểu đồ Duy trì điều kiện cấp phép – Phái sinh: dịch vụ là bù trừ, thanh toán giao dịch chứng khoán phái sinh;Chiều thời gian theo ngày;Chiều thời gian theo ngày;Dashboard;Chiều;Trùng;;SCMS;;X;;;;;;;;;;
7;Dashboard Tổng quan công ty chứng khoán toàn thị trường >> Biểu đồ Duy trì điều kiện cấp phép – Phái sinh: dịch vụ là bù trừ, thanh toán giao dịch chứng khoán phái sinh;Số lượng công ty đang duy trì tốt;Số lượng CTCK phái sinh, dịch vụ là bù trừ, thanh toán giao dịch CKPS đang duy trì tốt;Dashboard;Chỉ tiêu cơ sở;TB;Ngày, phân loại điều kiện duy trì;SCMS;X;X;;;;;Hỏi bên phân hệ xem lưu ở bảng nào, cột nào, dòng nào?;;;;;
7;Dashboard Tổng quan công ty chứng khoán toàn thị trường >> Biểu đồ Duy trì điều kiện cấp phép – Phái sinh: dịch vụ là bù trừ, thanh toán giao dịch chứng khoán phái sinh;Số lượng công ty gần đến giới hạn duy trì;Số lượng CTCK phái sinh, dịch vụ là bù trừ, thanh toán giao dịch CKPS gần đến giới hạn duy trì;Dashboard;Chỉ tiêu cơ sở;TB;Ngày, phân loại điều kiện duy trì;SCMS;X;X;;;;;Hỏi bên phân hệ xem lưu ở bảng nào, cột nào, dòng nào?;;;;;
7;Dashboard Tổng quan công ty chứng khoán toàn thị trường >> Biểu đồ Duy trì điều kiện cấp phép – Phái sinh: dịch vụ là bù trừ, thanh toán giao dịch chứng khoán phái sinh;Số lượng công ty không duy trì điều kiện cấp phép;Số lượng CTCK phái sinh, dịch vụ là bù trừ, thanh toán giao dịch CKPS không duy trì điều kiện cấp phép;Dashboard;Chỉ tiêu cơ sở;TB;Ngày, phân loại điều kiện duy trì;SCMS;X;X;;;;;Hỏi bên phân hệ xem lưu ở bảng nào, cột nào, dòng nào?;;;;;
8;Dashboard Tổng quan công ty chứng khoán toàn thị trường >> Biểu đồ cơ cấu tài sản;Chiều thời gian theo quý;Chiều thời gian theo quý;Dashboard;Chiều;Trùng;;SCMS;;X;;;;;;;;;;
8;Dashboard Tổng quan công ty chứng khoán toàn thị trường >> Biểu đồ cơ cấu tài sản;Tiền và tương đương tiền;Chỉ tiêu Tiền và tương đương tiền trên toàn thị trường;Dashboard;Chỉ tiêu cơ sở;TB;Ngày, danh mục chỉ tiêu BCTC;SCMS;X;X;X;;;"-- Chỉ tiêu Tiền và tương đương tiền trên toàn thị trường
SELECT
    nd.ngay,
    SUM(TO_NUMBER(gt.GIA_TRI)) AS tien_va_tuong_duong_tien
FROM (
    SELECT TRUNC(min_ngay) + LEVEL - 1 AS ngay
    FROM (
        SELECT MIN(gt.NGAY_SO_LIEU) AS min_ngay
        FROM SCMS.BC_BAO_CAO_GT gt
        JOIN SCMS.DM_CHI_TIEU dct ON dct.ID = gt.DM_CHI_TIEU_ID
        WHERE dct.MA_CHI_TIEU = 'TIEN_TDT'  -- xác nhận lại
    )
    CONNECT BY TRUNC(min_ngay) + LEVEL - 1 <= TRUNC(SYSDATE)
) nd
LEFT JOIN SCMS.BC_BAO_CAO_GT gt
    JOIN SCMS.DM_CHI_TIEU dct ON dct.ID = gt.DM_CHI_TIEU_ID
    ON  dct.MA_CHI_TIEU        = 'TIEN_TDT'  -- xác nhận lại
    AND TRUNC(gt.NGAY_SO_LIEU) = nd.ngay
GROUP BY nd.ngay
ORDER BY nd.ngay;";Hỏi bên phân hệ xem lưu ở bảng nào, cột nào, dòng nào?;;;;;
8;Dashboard Tổng quan công ty chứng khoán toàn thị trường >> Biểu đồ cơ cấu tài sản;Tài sản tài chính ghi nhận thông qua lãi/lỗ;Chỉ tiêu Tài sản tài chính ghi nhận thông qua lãi/lỗ trên toàn thị trường;Dashboard;Chỉ tiêu cơ sở;TB;Ngày, danh mục chỉ tiêu BCTC;SCMS;X;X;X;;;"-- Chỉ tiêu Tài sản tài chính ghi nhận thông qua lãi/lỗ trên toàn thị trường
SELECT
    nd.ngay,
    SUM(TO_NUMBER(gt.GIA_TRI)) AS tai_san_tai_chinh_qua_lai_lo
FROM (
    SELECT TRUNC(min_ngay) + LEVEL - 1 AS ngay
    FROM (
        SELECT MIN(gt.NGAY_SO_LIEU) AS min_ngay
        FROM SCMS.BC_BAO_CAO_GT gt
        JOIN SCMS.DM_CHI_TIEU dct ON dct.ID = gt.DM_CHI_TIEU_ID
        WHERE dct.MA_CHI_TIEU = 'TAI_SAN_TAI_CHINH_QUA_LAI_LO'  -- xác nhận lại
    )
    CONNECT BY TRUNC(min_ngay) + LEVEL - 1 <= TRUNC(SYSDATE)
) nd
LEFT JOIN SCMS.BC_BAO_CAO_GT gt
    JOIN SCMS.DM_CHI_TIEU dct ON dct.ID = gt.DM_CHI_TIEU_ID
    ON  dct.MA_CHI_TIEU        = 'TAI_SAN_TAI_CHINH_QUA_LAI_LO'  -- xác nhận lại
    AND TRUNC(gt.NGAY_SO_LIEU) = nd.ngay
GROUP BY nd.ngay
ORDER BY nd.ngay;";Hỏi bên phân hệ xem lưu ở bảng nào, cột nào, dòng nào?;;;;;
8;Dashboard Tổng quan công ty chứng khoán toàn thị trường >> Biểu đồ cơ cấu tài sản;Các khoản đầu tư nắm giữ đến ngày đáo hạn;Chỉ tiêu Các khoản đầu tư nắm giữ đến ngày đáo hạn trên toàn thị trường;Dashboard;Chỉ tiêu cơ sở;TB;Ngày, danh mục chỉ tiêu BCTC;SCMS;X;X;X;;;"-- Chỉ tiêu Các khoản đầu tư nắm giữ đến ngày đáo hạn trên toàn thị trường
SELECT
    nd.ngay,
    SUM(TO_NUMBER(gt.GIA_TRI)) AS dau_tu_nam_giu_den_ngay_dao_han
FROM (
    SELECT TRUNC(min_ngay) + LEVEL - 1 AS ngay
    FROM (
        SELECT MIN(gt.NGAY_SO_LIEU) AS min_ngay
        FROM SCMS.BC_BAO_CAO_GT gt
        JOIN SCMS.DM_CHI_TIEU dct ON dct.ID = gt.DM_CHI_TIEU_ID
        WHERE dct.MA_CHI_TIEU = 'DAU_TU_NAM_GIU_DEN_NGAY_DAO_HAN'  -- xác nhận lại
    )
    CONNECT BY TRUNC(min_ngay) + LEVEL - 1 <= TRUNC(SYSDATE)
) nd
LEFT JOIN SCMS.BC_BAO_CAO_GT gt
    JOIN SCMS.DM_CHI_TIEU dct ON dct.ID = gt.DM_CHI_TIEU_ID
    ON  dct.MA_CHI_TIEU        = 'DAU_TU_NAM_GIU_DEN_NGAY_DAO_HAN'  -- xác nhận lại
    AND TRUNC(gt.NGAY_SO_LIEU) = nd.ngay
GROUP BY nd.ngay
ORDER BY nd.ngay;";Hỏi bên phân hệ xem lưu ở bảng nào, cột nào, dòng nào?;;;;;
8;Dashboard Tổng quan công ty chứng khoán toàn thị trường >> Biểu đồ cơ cấu tài sản;Tài sản tài chính sẵn sàng để bán;Chỉ tiêu Tài sản tài chính sẵn sàng để bán trên toàn thị trường;Dashboard;Chỉ tiêu cơ sở;TB;Ngày, danh mục chỉ tiêu BCTC;SCMS;X;X;X;;;"-- Chỉ tiêu Tài sản tài chính sẵn sàng để bán trên toàn thị trường
SELECT
    nd.ngay,
    SUM(TO_NUMBER(gt.GIA_TRI)) AS TS_tai_chinh_san_sang_de_ban
FROM (
    SELECT TRUNC(min_ngay) + LEVEL - 1 AS ngay
    FROM (
        SELECT MIN(gt.NGAY_SO_LIEU) AS min_ngay
        FROM SCMS.BC_BAO_CAO_GT gt
        JOIN SCMS.DM_CHI_TIEU dct ON dct.ID = gt.DM_CHI_TIEU_ID
        WHERE dct.MA_CHI_TIEU = 'TAI_SAN_TAI_CHINH_SAN_SANG_DE_BAN'  -- xác nhận lại
    )
    CONNECT BY TRUNC(min_ngay) + LEVEL - 1 <= TRUNC(SYSDATE)
) nd
LEFT JOIN SCMS.BC_BAO_CAO_GT gt
    JOIN SCMS.DM_CHI_TIEU dct ON dct.ID = gt.DM_CHI_TIEU_ID
    ON  dct.MA_CHI_TIEU        = 'TAI_SAN_TAI_CHINH_SAN_SANG_DE_BAN'  -- xác nhận lại
    AND TRUNC(gt.NGAY_SO_LIEU) = nd.ngay
GROUP BY nd.ngay
ORDER BY nd.ngay;";Hỏi bên phân hệ xem lưu ở bảng nào, cột nào, dòng nào?;;;;;
8;Dashboard Tổng quan công ty chứng khoán toàn thị trường >> Biểu đồ cơ cấu tài sản;Các khoản cho vay;Thông tin Các khoản cho vay trên toàn thị trường;Dashboard;Chỉ tiêu cơ sở;TB;Ngày, danh mục chỉ tiêu BCTC;SCMS;X;X;X;;;"-- Thông tin Các khoản cho vay trên toàn thị trường
SELECT
    nd.ngay,
    SUM(TO_NUMBER(gt.GIA_TRI)) AS cac_khoan_cho_vay
FROM (
    SELECT TRUNC(min_ngay) + LEVEL - 1 AS ngay
    FROM (
        SELECT MIN(gt.NGAY_SO_LIEU) AS min_ngay
        FROM SCMS.BC_BAO_CAO_GT gt
        JOIN SCMS.DM_CHI_TIEU dct ON dct.ID = gt.DM_CHI_TIEU_ID
        WHERE dct.MA_CHI_TIEU = 'CAC_KHOAN_CHO_VAY'  -- xác nhận lại
    )
    CONNECT BY TRUNC(min_ngay) + LEVEL - 1 <= TRUNC(SYSDATE)
) nd
LEFT JOIN SCMS.BC_BAO_CAO_GT gt
    JOIN SCMS.DM_CHI_TIEU dct ON dct.ID = gt.DM_CHI_TIEU_ID
    ON  dct.MA_CHI_TIEU        = 'CAC_KHOAN_CHO_VAY'  -- xác nhận lại
    AND TRUNC(gt.NGAY_SO_LIEU) = nd.ngay
GROUP BY nd.ngay
ORDER BY nd.ngay;";Hỏi bên phân hệ xem lưu ở bảng nào, cột nào, dòng nào?;;;;;
8;Dashboard Tổng quan công ty chứng khoán toàn thị trường >> Biểu đồ cơ cấu tài sản;Khác;Thông tin tổng tài sản – các mục trên trên toàn thị trường;Dashboard;Chỉ tiêu cơ sở;TB;Ngày, danh mục chỉ tiêu BCTC;SCMS;X;X;X;;;"-- Thông tin tài sản – các mục trên trên toàn thị trường
SELECT
    nd.ngay,
    SUM(CASE WHEN dct.MA_CHI_TIEU = 'TONG_TAI_SAN' THEN TO_NUMBER(gt.GIA_TRI) ELSE 0 END)
    - SUM(CASE WHEN dct.MA_CHI_TIEU = 'TIEN_TDT' THEN TO_NUMBER(gt.GIA_TRI) ELSE 0 END)
    - SUM(CASE WHEN dct.MA_CHI_TIEU = 'TAI_SAN_TAI_CHINH_QUA_LAI_LO' THEN TO_NUMBER(gt.GIA_TRI) ELSE 0 END)
    - SUM(CASE WHEN dct.MA_CHI_TIEU = 'DAU_TU_NAM_GIU_DEN_NGAY_DAO_HAN' THEN TO_NUMBER(gt.GIA_TRI) ELSE 0 END)
    - SUM(CASE WHEN dct.MA_CHI_TIEU = 'TAI_SAN_TAI_CHINH_SAN_SANG_DE_BAN' THEN TO_NUMBER(gt.GIA_TRI) ELSE 0 END)
    - SUM(CASE WHEN dct.MA_CHI_TIEU = 'CAC_KHOAN_CHO_VAY' THEN TO_NUMBER(gt.GIA_TRI) ELSE 0 END)
    AS tai_san_khac
FROM (
    SELECT TRUNC(min_ngay) + LEVEL - 1 AS ngay
    FROM (
        SELECT MIN(gt.NGAY_SO_LIEU) AS min_ngay
        FROM SCMS.BC_BAO_CAO_GT gt
        JOIN SCMS.DM_CHI_TIEU dct ON dct.ID = gt.DM_CHI_TIEU_ID
        WHERE dct.MA_CHI_TIEU = 'TONG_TAI_SAN'  -- xác nhận lại
    )
    CONNECT BY TRUNC(min_ngay) + LEVEL - 1 <= TRUNC(SYSDATE)
) nd
LEFT JOIN SCMS.BC_BAO_CAO_GT gt
    JOIN SCMS.DM_CHI_TIEU dct ON dct.ID = gt.DM_CHI_TIEU_ID
    ON  dct.MA_CHI_TIEU IN (
            'TONG_TAI_SAN',
            'TIEN_TDT',
            'TAI_SAN_TAI_CHINH_QUA_LAI_LO',
            'DAU_TU_NAM_GIU_DEN_NGAY_DAO_HAN',
            'TAI_SAN_TAI_CHINH_SAN_SANG_DE_BAN',
            'CAC_KHOAN_CHO_VAY'
        )
    AND TRUNC(gt.NGAY_SO_LIEU) = nd.ngay
GROUP BY nd.ngay
ORDER BY nd.ngay;";Hỏi bên phân hệ xem lưu ở bảng nào, cột nào, dòng nào?;;;;;
9;Dashboard Tổng quan công ty chứng khoán toàn thị trường >> Biểu đồ cơ cấu nguồn vốn;Chiều thời gian theo quý;Chiều thời gian theo quý;Dashboard;Chiều;Trùng;;SCMS;;X;;;;;;;;;;
9;Dashboard Tổng quan công ty chứng khoán toàn thị trường >> Biểu đồ cơ cấu nguồn vốn;Vay và nợ thuê tài chính ngắn hạn;Chỉ tiêu Vay và nợ thuê tài chính ngắn hạn trên toàn thị trường;Dashboard;Chỉ tiêu cơ sở;TB;Ngày, danh mục chỉ tiêu BCTC;SCMS;X;X;X;;;;;;;;;
9;Dashboard Tổng quan công ty chứng khoán toàn thị trường >> Biểu đồ cơ cấu nguồn vốn;Nợ phải trả dài hạn;Chỉ tiêu Nợ phải trả dài hạn trên toàn thị trường;Dashboard;Chỉ tiêu cơ sở;TB;Ngày, danh mục chỉ tiêu BCTC;SCMS;X;X;X;;;;;;;;;
9;Dashboard Tổng quan công ty chứng khoán toàn thị trường >> Biểu đồ cơ cấu nguồn vốn;Vốn chủ sở hữu;Chỉ tiêu Vốn chủ sở hữu trên toàn thị trường;Dashboard;Chỉ tiêu cơ sở;TB;Ngày, danh mục chỉ tiêu BCTC;SCMS;X;X;X;;;;;;;;;
9;Dashboard Tổng quan công ty chứng khoán toàn thị trường >> Biểu đồ cơ cấu nguồn vốn;Khác;Chỉ tiêu nguồn vốn - các mục trên trên toàn thị trường;Dashboard;Chỉ tiêu cơ sở;TB;Ngày, danh mục chỉ tiêu BCTC;SCMS;X;X;X;;;;;;;;;
10;Dashboard Giám sát tuân thủ của công ty chứng khoán toàn thị trường;Chiều thời gian theo ngày;Chiều thời gian theo ngày;Dashboard;Chiều;Trùng;;SCMS;;X;;;;;;;;;;
10;Dashboard Giám sát tuân thủ của công ty chứng khoán toàn thị trường;Trạng thái nộp báo cáo;"Đúng hạn; Nộp chậm; Chưa nộp";Dashboard;Chiều;Dễ;;SCMS;;X;;;;;;;;;;
10;Dashboard Giám sát tuân thủ của công ty chứng khoán toàn thị trường;Số lượng báo cáo của CTCK đúng hạn;Số lượng báo cáo của CTCK đã nộp đúng hạn;Dashboard;Chỉ tiêu cơ sở;TB;Ngày;SCMS;X;X;;;;;;;;;;
10;Dashboard Giám sát tuân thủ của công ty chứng khoán toàn thị trường;Số lượng báo cáo của CTCK chậm;Số lượng báo cáo của CTCK đã nộp chậm;Dashboard;Chỉ tiêu cơ sở;TB;Ngày;SCMS;X;X;;;;;;;;;;
10;Dashboard Giám sát tuân thủ của công ty chứng khoán toàn thị trường;Số lượng báo cáo của CTCK chưa báo cáo;Số lượng báo cáo của CTCK đã đến hạn mà chưa nộp;Dashboard;Chỉ tiêu cơ sở;TB;Ngày;SCMS;X;X;;;;;;;;;;
10;Dashboard Giám sát tuân thủ của công ty chứng khoán toàn thị trường;Tỷ lệ tuân thủ;Số lượng báo cáo đúng hạn/Số lượng báo cáo phải nộp;Dashboard;Chỉ tiêu phái sinh;Trùng;Ngày;SCMS;;X;;;;;;;;;;
11;Dashboard Giám sát tình hình hoạt động của công ty chứng khoán toàn thị trường >> Biểu đồ Cơ cấu vốn chủ sở hữu;Chiều thời gian theo quý;Chiều thời gian theo quý;Dashboard;Chiều;Trùng;;SCMS;;X;;;;;;;;;;
11;Dashboard Giám sát tình hình hoạt động của công ty chứng khoán toàn thị trường >> Biểu đồ Cơ cấu vốn chủ sở hữu;Vốn điều lệ;Chỉ tiêu Vốn góp chủ sở hữu trên toàn thị trường;Dashboard;Chỉ tiêu cơ sở;TB;Ngày, danh mục chỉ tiêu BCTC;SCMS;X;X;X;;;;;;;;;
11;Dashboard Giám sát tình hình hoạt động của công ty chứng khoán toàn thị trường >> Biểu đồ Cơ cấu vốn chủ sở hữu;Lợi nhuận sau thuế chưa PP;Chỉ tiêu lợi nhuận sau thuế chưa phân phối;Dashboard;Chỉ tiêu cơ sở;TB;Ngày, danh mục chỉ tiêu BCTC;SCMS;X;X;X;;;;;;;;;
11;Dashboard Giám sát tình hình hoạt động của công ty chứng khoán toàn thị trường >> Biểu đồ Cơ cấu vốn chủ sở hữu;Quỹ, thặng dư vốn cổ phần;Chỉ tiêu các quỹ và thặng dư vốn cổ phần;Dashboard;Chỉ tiêu cơ sở;TB;Ngày, danh mục chỉ tiêu BCTC;SCMS;X;X;X;;;;;;;;;
11;Dashboard Giám sát tình hình hoạt động của công ty chứng khoán toàn thị trường >> Biểu đồ Cơ cấu vốn chủ sở hữu;Vốn khác;Chỉ tiêu Vốn chủ sở hữu - các mục trên;Dashboard;Chỉ tiêu cơ sở;TB;Ngày, danh mục chỉ tiêu BCTC;SCMS;X;X;X;;;;;;;;;
12;Dashboard Giám sát tình hình hoạt động của công ty chứng khoán toàn thị trường >> Biểu đồ đường về biến động vốn đầu tư của chủ sở hữu toàn thị trường;Chiều thời gian theo quý;Chiều thời gian theo quý;Dashboard;Chiều;Trùng;;SCMS;;X;;;;;;;;;;
12;Dashboard Giám sát tình hình hoạt động của công ty chứng khoán toàn thị trường >> Biểu đồ đường về biến động vốn đầu tư của chủ sở hữu toàn thị trường;Chỉ tiêu vốn góp của CSH trên BCTC;Chỉ tiêu vốn góp của CSH trên BCTC;Dashboard;Chỉ tiêu cơ sở;Trùng;Ngày, danh mục chỉ tiêu BCTC;SCMS;;X;X;;;;;;;;;
13;Dashboard Giám sát tình hình hoạt động của công ty chứng khoán toàn thị trường >> Biểu đồ Nguồn vốn tăng thêm trong kỳ;chiều thời gian theo Tháng;chiều thời gian theo Tháng;Dashboard;Chiều;Trùng;;SCMS;;X;;;;;;;;;;
13;Dashboard Giám sát tình hình hoạt động của công ty chứng khoán toàn thị trường >> Biểu đồ Nguồn vốn tăng thêm trong kỳ;Phân loại hình thức tăng vốn;"Chào bán công chúng; Chào bán riêng lẻ; Chào bán khác; Phát hành trái phiếu riêng lẻ; Phát hành trái phiếu ra công chúng";Dashboard;Chiều;Dễ;;SCMS;X;X;;;;;;;;;;
13;Dashboard Giám sát tình hình hoạt động của công ty chứng khoán toàn thị trường >> Biểu đồ Nguồn vốn tăng thêm trong kỳ;Vốn tăng thêm do chào bán công chúng;Vốn tăng thêm do chào bán công chúng;Dashboard;Chỉ tiêu cơ sở;TB;Ngày, hình thức tăng vốn;SCMS;X;X;X;;;;;;;;;
13;Dashboard Giám sát tình hình hoạt động của công ty chứng khoán toàn thị trường >> Biểu đồ Nguồn vốn tăng thêm trong kỳ;Vốn tăng thêm do chào bán riêng lẻ;Vốn tăng thêm do chào bán riêng lẻ;Dashboard;Chỉ tiêu cơ sở;TB;Ngày, hình thức tăng vốn;SCMS;X;X;X;;;;;;;;;
13;Dashboard Giám sát tình hình hoạt động của công ty chứng khoán toàn thị trường >> Biểu đồ Nguồn vốn tăng thêm trong kỳ;Vốn tăng thêm do chào bán khác;Vốn tăng thêm do chào bán khác;Dashboard;Chỉ tiêu cơ sở;TB;Ngày, hình thức tăng vốn;SCMS;X;X;X;;;;;;;;;
13;Dashboard Giám sát tình hình hoạt động của công ty chứng khoán toàn thị trường >> Biểu đồ Nguồn vốn tăng thêm trong kỳ;Vốn tăng thêm do phát hành trái phiếu riêng lẻ;Vốn tăng thêm do phát hành trái phiếu riêng lẻ;Dashboard;Chỉ tiêu cơ sở;TB;Ngày, hình thức tăng vốn;SCMS;X;X;X;;;;;;;;;
13;Dashboard Giám sát tình hình hoạt động của công ty chứng khoán toàn thị trường >> Biểu đồ Nguồn vốn tăng thêm trong kỳ;Vốn tăng thêm do phát hành trái phiếu ra công chúng;Vốn tăng thêm do phát hành trái phiếu ra công chúng;Dashboard;Chỉ tiêu cơ sở;TB;Ngày, hình thức tăng vốn;SCMS;X;X;X;;;;;;;;;
14;Dashboard Giám sát tình hình hoạt động của công ty chứng khoán toàn thị trường >> Biểu đồ Tỷ lệ vốn khả dụng hàng tháng;chiều thời gian theo Tháng;chiều thời gian theo Tháng;Dashboard;Chiều;Trùng;;SCMS;;X;;;;;;;;;;
14;Dashboard Giám sát tình hình hoạt động của công ty chứng khoán toàn thị trường >> Biểu đồ Tỷ lệ vốn khả dụng hàng tháng;Phân loại tỷ lệ vốn khả dụng;"Mức cao; Mức trung bình; Mức thấp";Dashboard;Chiều;Dễ;;SCMS;;X;;;;;;;;;;
14;Dashboard Giám sát tình hình hoạt động của công ty chứng khoán toàn thị trường >> Biểu đồ Tỷ lệ vốn khả dụng hàng tháng;Số lượng CTCK tỷ lệ vốn khả dụng ở mức cao;Số lượng CTCK tỷ lệ vốn khả dụng ở mức cao;Dashboard;Chỉ tiêu cơ sở;Trùng;Ngày, Phân loại tỷ lệ vốn khả dụng;SCMS;x;X;X;;;;;;;;;
14;Dashboard Giám sát tình hình hoạt động của công ty chứng khoán toàn thị trường >> Biểu đồ Tỷ lệ vốn khả dụng hàng tháng;Số lượng CTCK tỷ lệ vốn khả dụng ở mức trung bình;Số lượng CTCK tỷ lệ vốn khả dụng ở mức trung bình;Dashboard;Chỉ tiêu cơ sở;Trùng;Ngày, Phân loại tỷ lệ vốn khả dụng;SCMS;x;X;X;;;;;;;;;
14;Dashboard Giám sát tình hình hoạt động của công ty chứng khoán toàn thị trường >> Biểu đồ Tỷ lệ vốn khả dụng hàng tháng;Số lượng CTCK tỷ lệ vốn khả dụng ở mức thấp;Số lượng CTCK tỷ lệ vốn khả dụng ở mức thấp;Dashboard;Chỉ tiêu cơ sở;Trùng;Ngày, Phân loại tỷ lệ vốn khả dụng;SCMS;x;X;X;;;;;;;;;
15;Dashboard Giám sát tình hình hoạt động của công ty chứng khoán toàn thị trường >> Biểu đồ Doanh thu và lợi nhuận;Chiều thời gian theo quý;Chiều thời gian theo quý;Dashboard;Chiều;Trùng;;SCMS;;X;;;;;;;;;;
15;Dashboard Giám sát tình hình hoạt động của công ty chứng khoán toàn thị trường >> Biểu đồ Doanh thu và lợi nhuận;Doanh thu;Doanh thu trên BCTC của CTCK;Dashboard;Chỉ tiêu cơ sở;TB;Ngày;SCMS;X;X;X;;;;;;;;;
15;Dashboard Giám sát tình hình hoạt động của công ty chứng khoán toàn thị trường >> Biểu đồ Doanh thu và lợi nhuận;Lợi nhuận sau thuế;Lợi nhuận sau thuế trên BCTC của CTCK;Dashboard;Chỉ tiêu cơ sở;TB;Ngày;SCMS;X;X;X;;;;;;;;;
15;Dashboard Giám sát tình hình hoạt động của công ty chứng khoán toàn thị trường >> Biểu đồ Doanh thu và lợi nhuận;Cơ cấu doanh thu theo nghiệp vụ môi giới;"Tổng doanh thu trên BCTC của CTCK theo nghiệp vụ môi giới của các quý đã chọn trong điều kiện tra cứu.
 Chỉ tiêu 1.6. Doanh thu môi giới chứng khoán";Dashboard;Chỉ tiêu cơ sở;TB;Ngày;SCMS;X;X;X;;;;;;;;;
15;Dashboard Giám sát tình hình hoạt động của công ty chứng khoán toàn thị trường >> Biểu đồ Doanh thu và lợi nhuận;Cơ cấu doanh thu theo nghiệp vụ tự doanh;"Tổng doanh thu trên BCTC của CTCK theo nghiệp vụ tự doanh của các quý đã chọn trong điều kiện tra cứu.
 Doanh thu tự doanh =1.1+1.2+1.4+1.5 (Báo cáo kết quả hoạt động kinh doanh)";Dashboard;Chỉ tiêu cơ sở;TB;Ngày;SCMS;X;X;X;;;;;;;;;
15;Dashboard Giám sát tình hình hoạt động của công ty chứng khoán toàn thị trường >> Biểu đồ Doanh thu và lợi nhuận;Cơ cấu doanh thu theo nghiệp vụ tư vấn;"Tổng doanh thu trên BCTC của CTCK theo nghiệp vụ tư vấn của các quý đã chọn trong điều kiện tra cứu.
 Doanh thu tư vấn= 1.8+1.10";Dashboard;Chỉ tiêu cơ sở;TB;Ngày;SCMS;X;X;X;;;;;;;;;
15;Dashboard Giám sát tình hình hoạt động của công ty chứng khoán toàn thị trường >> Biểu đồ Doanh thu và lợi nhuận;Cơ cấu doanh thu theo nghiệp vụ bảo lãnh;"Tổng doanh thu trên BCTC của CTCK theo nghiệp vụ bảo lãnh của các quý đã chọn trong điều kiện tra cứu.
  = Chỉ tiêu 1.7";Dashboard;Chỉ tiêu cơ sở;TB;Ngày;SCMS;X;X;X;;;;;;;;;
15;Dashboard Giám sát tình hình hoạt động của công ty chứng khoán toàn thị trường >> Biểu đồ Doanh thu và lợi nhuận;Cơ cấu doanh thu theo nghiệp vụ khác;“Doanh thu từ hoạt động khác” = Khoản 1.3 (Lãi từ các khoản cho vay và phải thu)+ 1.11 (thu nhập từ hoạt động khác) + 1.9 (DT nghiệp vụ lưu ký);Dashboard;Chỉ tiêu cơ sở;TB;Ngày;SCMS;X;X;X;;;;;;;;;
16;Dashboard Giám sát tình hình hoạt động của công ty chứng khoán toàn thị trường >> Biểu đồ biến động dư nợ margin và diễn biến thị trường;chiều thời gian theo Tháng;chiều thời gian theo Tháng;Dashboard;Chiều;Trùng;;SCMS;;X;;;;;;;;;;
16;Dashboard Giám sát tình hình hoạt động của công ty chứng khoán toàn thị trường >> Biểu đồ biến động dư nợ margin và diễn biến thị trường;Dư nợ margin;Dư nợ margin trên báo cáo tháng của các CTCK;Dashboard;Chỉ tiêu cơ sở;TB;Ngày;SCMS;X;X;X;;;;;;;;;
16;Dashboard Giám sát tình hình hoạt động của công ty chứng khoán toàn thị trường >> Biểu đồ biến động dư nợ margin và diễn biến thị trường;Chỉ số Vn-index;Chỉ số Vn-index theo từng tháng tại ngày cuối cùng của tháng;Dashboard;Chỉ tiêu cơ sở;TB;Ngày, chỉ số chứng khoán;MSS;X;X;X;;;;;;;;;
16;Dashboard Giám sát tình hình hoạt động của công ty chứng khoán toàn thị trường >> Biểu đồ biến động dư nợ margin và diễn biến thị trường;Chỉ số HNX index;Chỉ số HNX index theo từng tháng tại ngày cuối cùng của tháng;Dashboard;Chỉ tiêu cơ sở;TB;Ngày, chỉ số chứng khoán;MSS;X;X;X;;;;;;;;;
16;Dashboard Giám sát tình hình hoạt động của công ty chứng khoán toàn thị trường >> Biểu đồ biến động dư nợ margin và diễn biến thị trường;Chỉ số Upcom-index;Chỉ số Upcom-index theo từng tháng tại ngày cuối cùng của tháng;Dashboard;Chỉ tiêu cơ sở;TB;Ngày, chỉ số chứng khoán;MSS;X;X;X;;;;;;;;;
16;Dashboard Giám sát tình hình hoạt động của công ty chứng khoán toàn thị trường >> Biểu đồ biến động dư nợ margin và diễn biến thị trường;Chỉ số Vn 30;Chỉ số Vn 30 theo từng tháng tại ngày cuối cùng của tháng;Dashboard;Chỉ tiêu cơ sở;TB;Ngày, chỉ số chứng khoán;SCMS;X;X;X;;;;;;;;;
17;Dashboard Giám sát tình hình hoạt động của công ty chứng khoán toàn thị trường >> Biểu đồ thị phần môi giới;Chiều thời gian theo quý;Chiều thời gian theo quý;Dashboard;Chiều;Trùng;;SCMS;;X;;;;;;;;;;
17;Dashboard Giám sát tình hình hoạt động của công ty chứng khoán toàn thị trường >> Biểu đồ thị phần môi giới;Chiều sàn giao dịch;HOSE, HNX, UPCOM, Tất cả;Dashboard;Chiều;Trùng;;SCMS;;X;;;;;;;;;;
17;Dashboard Giám sát tình hình hoạt động của công ty chứng khoán toàn thị trường >> Biểu đồ thị phần môi giới;Chiều top CTCK có thị phần cao nhất;Top 3, 5, 6, 8, 10;Dashboard;Chiều;Dễ;;SCMS;;X;;;;;;;;;;
17;Dashboard Giám sát tình hình hoạt động của công ty chứng khoán toàn thị trường >> Biểu đồ thị phần môi giới;Thị phần môi giới của các CTCK;Thị phần môi giới của các CTCK;Dashboard;Chỉ tiêu cơ sở;TB;Ngày, sàn giao dịch;SCMS;X;X;X;;;;;;;;;
17;Dashboard Giám sát tình hình hoạt động của công ty chứng khoán toàn thị trường >> Biểu đồ thị phần môi giới;Xếp hạng thị phần môi giới;Xếp hạng thị phần môi giới từ cao nhất đến thấp nhất để xác định top n;Dashboard;Chỉ tiêu cơ sở;TB;Ngày, sàn giao dịch;SCMS;X;X;X;;;;;;;;;
18;Dashboard Giám sát tình hình hoạt động của công ty chứng khoán toàn thị trường >> Biểu đồ Lưu chuyển tiền thuần từ hoạt động sản xuất kinh doanh (CFO);Chiều mã CTCK;Chiều mã CTCK;Dashboard;Chiều;Dễ;;SCMS;x;x;;;;;;;;;;
18;Dashboard Giám sát tình hình hoạt động của công ty chứng khoán toàn thị trường >> Biểu đồ Lưu chuyển tiền thuần từ hoạt động sản xuất kinh doanh (CFO);LNST;Chỉ tiêu lợi nhuận sau thuế trên BCTC mới nhất;Dashboard;Chỉ tiêu cơ sở;TB;Ngày, CTCK;SCMS;X;X;;;;;;;;;;
18;Dashboard Giám sát tình hình hoạt động của công ty chứng khoán toàn thị trường >> Biểu đồ Lưu chuyển tiền thuần từ hoạt động sản xuất kinh doanh (CFO);CFO (dòng tiền hoạt động kinh doanh);Lưu chuyển tiền thuần từ hoạt động kinh doanh trên Báo cáo lưu chuyển tiền tệ của BCTC;Dashboard;Chỉ tiêu cơ sở;TB;Ngày, CTCK;SCMS;X;X;;;;;;;;;;
19;Dashboard Tra cứu hồ sơ 360 CTCK >> Dashboard tổng quan 360 của CTCK >> Biểu đồ Thống kê chung;Chiều mã CTCK;Chiều mã CTCK;Dashboard;Chiều;Trùng;;SCMS;;X;;;;;;;;;;
19;Dashboard Tra cứu hồ sơ 360 CTCK >> Dashboard tổng quan 360 của CTCK >> Biểu đồ Thống kê chung;Chiều thời gian theo tháng;Chiều thời gian theo tháng;Dashboard;Chiều;Trùng;;SCMS;;X;;;;;;;;;;
19;Dashboard Tra cứu hồ sơ 360 CTCK >> Dashboard tổng quan 360 của CTCK >> Biểu đồ Thống kê chung;Vốn chủ sở hữu;Tổng Vốn chủ sở hữu thông tin tại tháng đã chọn;Dashboard;Chỉ tiêu cơ sở;TB;CTCK;SCMS;X;X;;;;;;;;;;
19;Dashboard Tra cứu hồ sơ 360 CTCK >> Dashboard tổng quan 360 của CTCK >> Biểu đồ Thống kê chung;Dư nợ margin;Tổng dư nợ margin thông tin tại tháng đã chọn;Dashboard;Chỉ tiêu cơ sở;TB;CTCK;SCMS;X;X;;;;;;;;;;
19;Dashboard Tra cứu hồ sơ 360 CTCK >> Dashboard tổng quan 360 của CTCK >> Biểu đồ Thống kê chung;Tỷ lệ ATTC;Tỷ lệ ATTC tại tháng đã chọn;Dashboard;Chỉ tiêu cơ sở;TB;CTCK;SCMS;X;X;;;;;;;;;;
19;Dashboard Tra cứu hồ sơ 360 CTCK >> Dashboard tổng quan 360 của CTCK >> Biểu đồ Thống kê chung;Số nhân viên;Số nhân viên làm việc tại tháng đã chọn;Dashboard;Chỉ tiêu cơ sở;TB;CTCK;SCMS;X;X;;;;;;;;;;
19;Dashboard Tra cứu hồ sơ 360 CTCK >> Dashboard tổng quan 360 của CTCK >> Biểu đồ Thống kê chung;Vốn điều lệ;Vốn điều lệ của CTCK tại tháng đã chọn;Dashboard;Chỉ tiêu cơ sở;TB;CTCK;SCMS;X;X;;;;;;;;;;
20;Dashboard Tra cứu hồ sơ 360 CTCK >> Dashboard tổng quan 360 của CTCK >> Biểu đồ Biến động vốn CSH;Chỉ tiêu vốn CSH trên BCTC;Tổng Chỉ tiêu vốn CSH trên BCTC theo từng kỳ quý;Dashboard;Chỉ tiêu cơ sở;TB;Ngày, CTCK;SCMS;X;X;;;;;;;;;;
21;Dashboard Tra cứu hồ sơ 360 CTCK >> Dashboard tổng quan 360 của CTCK >> Biểu đồ cơ cấu tổng tài sản CTCK;Chiều thời gian theo quý;Chiều thời gian theo quý;Dashboard;Chiều;Trùng;;SCMS;;X;;;;;;;;;;
21;Dashboard Tra cứu hồ sơ 360 CTCK >> Dashboard tổng quan 360 của CTCK >> Biểu đồ cơ cấu tổng tài sản CTCK;Tiền và tương đương tiền;Tiền và tương đương tiền;Dashboard;Chỉ tiêu cơ sở;TB;Ngày, CTCK;SCMS;X;X;;;;;;;;;;
21;Dashboard Tra cứu hồ sơ 360 CTCK >> Dashboard tổng quan 360 của CTCK >> Biểu đồ cơ cấu tổng tài sản CTCK;Tài sản tài chính ghi nhận thông qua lãi/lỗ;Tài sản tài chính ghi nhận thông qua lãi/lỗ;Dashboard;Chỉ tiêu cơ sở;TB;Ngày, CTCK;SCMS;X;X;;;;;;;;;;
21;Dashboard Tra cứu hồ sơ 360 CTCK >> Dashboard tổng quan 360 của CTCK >> Biểu đồ cơ cấu tổng tài sản CTCK;Các khoản đầu tư nắm giữ đến ngày đáo hạn;Các khoản đầu tư nắm giữ đến ngày đáo hạn;Dashboard;Chỉ tiêu cơ sở;TB;Ngày, CTCK;SCMS;X;X;;;;;;;;;;
21;Dashboard Tra cứu hồ sơ 360 CTCK >> Dashboard tổng quan 360 của CTCK >> Biểu đồ cơ cấu tổng tài sản CTCK;Tài sản tài chính sẵn sàng để bán;Chỉ tiêu Tài sản tài chính sẵn sàng để bán trên toàn thị trường;Dashboard;Chỉ tiêu cơ sở;TB;Ngày, CTCK;SCMS;X;X;;;;;;;;;;
21;Dashboard Tra cứu hồ sơ 360 CTCK >> Dashboard tổng quan 360 của CTCK >> Biểu đồ cơ cấu tổng tài sản CTCK;Các khoản cho vay;Các khoản cho vay;Dashboard;Chỉ tiêu cơ sở;TB;Ngày, CTCK;SCMS;X;X;;;;;;;;;;
21;Dashboard Tra cứu hồ sơ 360 CTCK >> Dashboard tổng quan 360 của CTCK >> Biểu đồ cơ cấu tổng tài sản CTCK;Khác;Thông tin tổng tài sản – các mục trên;Dashboard;Chỉ tiêu cơ sở;TB;Ngày, CTCK;SCMS;X;X;;;;;;;;;;
22;Dashboard Tra cứu hồ sơ 360 CTCK >> Dashboard tổng quan 360 của CTCK >> Biểu đồ cơ cấu nguồn vốn CTCK;Chiều thời gian theo quý;Chiều thời gian theo quý;Dashboard;Chiều;Trùng;;SCMS;;X;;;;;;;;;;
22;Dashboard Tra cứu hồ sơ 360 CTCK >> Dashboard tổng quan 360 của CTCK >> Biểu đồ cơ cấu nguồn vốn CTCK;Vay và nợ thuê tài chính ngắn hạn;Thông tin Vay và nợ thuê tài chính ngắn hạn;Dashboard;Chỉ tiêu cơ sở;TB;Ngày, CTCK;SCMS;X;X;;;;;;;;;;
22;Dashboard Tra cứu hồ sơ 360 CTCK >> Dashboard tổng quan 360 của CTCK >> Biểu đồ cơ cấu nguồn vốn CTCK;Nợ phải trả dài hạn;Thông tin Nợ phải trả dài hạn;Dashboard;Chỉ tiêu cơ sở;TB;Ngày, CTCK;SCMS;X;X;;;;;;;;;;
22;Dashboard Tra cứu hồ sơ 360 CTCK >> Dashboard tổng quan 360 của CTCK >> Biểu đồ cơ cấu nguồn vốn CTCK;Vốn chủ sở hữu;Chỉ tiêu Vốn chủ sở hữu;Dashboard;Chỉ tiêu cơ sở;TB;Ngày, CTCK;SCMS;X;X;;;;;;;;;;
22;Dashboard Tra cứu hồ sơ 360 CTCK >> Dashboard tổng quan 360 của CTCK >> Biểu đồ cơ cấu nguồn vốn CTCK;Khác;Thông tin tổng nợ phải trả - các mục trên;Dashboard;Chỉ tiêu cơ sở;TB;Ngày, CTCK;SCMS;X;X;;;;;;;;;;
23;Dashboard Tra cứu hồ sơ 360 CTCK >> Dashboard tổng quan 360 của CTCK >> Biểu đồ Doanh thu, lợi nhuận sau thuế;Chiều thời gian theo quý;Chiều thời gian theo quý;Dashboard;Chiều;Trùng;;SCMS;;X;;;;;;;;;;
23;Dashboard Tra cứu hồ sơ 360 CTCK >> Dashboard tổng quan 360 của CTCK >> Biểu đồ Doanh thu, lợi nhuận sau thuế;Cơ cấu doanh thu theo nghiệp vụ môi giới;Cơ cấu doanh thu theo nghiệp vụ môi giới;Dashboard;Chỉ tiêu cơ sở;TB;Ngày, CTCK;SCMS;X;X;X;;;;;;;;;
23;Dashboard Tra cứu hồ sơ 360 CTCK >> Dashboard tổng quan 360 của CTCK >> Biểu đồ Doanh thu, lợi nhuận sau thuế;Cơ cấu doanh thu theo nghiệp vụ tự doanh;Cơ cấu doanh thu theo nghiệp vụ tự doanh;Dashboard;Chỉ tiêu cơ sở;TB;Ngày, CTCK;SCMS;X;X;X;;;;;;;;;
23;Dashboard Tra cứu hồ sơ 360 CTCK >> Dashboard tổng quan 360 của CTCK >> Biểu đồ Doanh thu, lợi nhuận sau thuế;Cơ cấu doanh thu theo nghiệp vụ tư vấn;Cơ cấu doanh thu theo nghiệp vụ tư vấn;Dashboard;Chỉ tiêu cơ sở;TB;Ngày, CTCK;SCMS;X;X;X;;;;;;;;;
23;Dashboard Tra cứu hồ sơ 360 CTCK >> Dashboard tổng quan 360 của CTCK >> Biểu đồ Doanh thu, lợi nhuận sau thuế;Cơ cấu doanh thu theo nghiệp vụ bảo lãnh;Cơ cấu doanh thu theo nghiệp vụ bảo lãnh;Dashboard;Chỉ tiêu cơ sở;TB;Ngày, CTCK;SCMS;X;X;X;;;;;;;;;
23;Dashboard Tra cứu hồ sơ 360 CTCK >> Dashboard tổng quan 360 của CTCK >> Biểu đồ Doanh thu, lợi nhuận sau thuế;Doanh thu;Doanh thu trên BCTC của CTCK;Dashboard;Chỉ tiêu cơ sở;TB;Ngày, CTCK;SCMS;X;X;X;;;;;;;;;
23;Dashboard Tra cứu hồ sơ 360 CTCK >> Dashboard tổng quan 360 của CTCK >> Biểu đồ Doanh thu, lợi nhuận sau thuế;Lợi nhuận sau thuế;Lợi nhuận sau thuế trên BCTC của CTCK;Dashboard;Chỉ tiêu cơ sở;TB;Ngày, CTCK;SCMS;X;X;X;;;;;;;;;
24;Dashboard Tra cứu hồ sơ 360 CTCK >> Dashboard tổng quan 360 của CTCK >> Biểu đồ Chỉ số dư nợ margin/vốn CSH CTCK;Chiều thời gian theo tháng;Chiều thời gian theo tháng;Dashboard;Chiều;Trùng;;SCMS;;X;;;;;;;;;;
24;Dashboard Tra cứu hồ sơ 360 CTCK >> Dashboard tổng quan 360 của CTCK >> Biểu đồ Chỉ số dư nợ margin/vốn CSH CTCK;Margin/VCSH %;Tỷ lệ dư nợ margin trên vốn chủ sở hữu của CTCK;Dashboard;Chỉ tiêu phái sinh;Trùng;Ngày, CTCK;SCMS;;X;X;;;;;;;;;
25;Dashboard Tra cứu hồ sơ 360 CTCK >> Dashboard tổng quan 360 của CTCK >> Biểu đồ Tỷ lệ an toàn tài chính;Chiều thời gian theo tháng;Chiều thời gian theo tháng;Dashboard;Chiều;Trùng;;SCMS;;X;;;;;;;;;;
25;Dashboard Tra cứu hồ sơ 360 CTCK >> Dashboard tổng quan 360 của CTCK >> Biểu đồ Tỷ lệ an toàn tài chính;Tỷ lệ an toàn tài chính;Tỷ lệ an toàn tài chính của CTCK theo từng tháng;Dashboard;Chỉ tiêu cơ sở;TB;Ngày, CTCK;SCMS;X;X;X;;;;;;;;;
26;Dashboard Tra cứu hồ sơ 360 CTCK >> Dashboard tình hình tài chính của CTCK >> Biểu đồ Các chỉ tiêu chung;Chiều thời gian theo quý;Chiều thời gian theo quý;Dashboard;Chiều;Trùng;;SCMS;;X;;;;;;;;;;
26;Dashboard Tra cứu hồ sơ 360 CTCK >> Dashboard tình hình tài chính của CTCK >> Biểu đồ Các chỉ tiêu chung;Doanh thu YTD;Tổng doanh thu lũy kế;Dashboard;Chỉ tiêu cơ sở;TB;Ngày, CTCK;SCMS;X;X;;;;;;;;;;
26;Dashboard Tra cứu hồ sơ 360 CTCK >> Dashboard tình hình tài chính của CTCK >> Biểu đồ Các chỉ tiêu chung;Lợi nhuận sau thuế YTD;Tổng lợi nhuận sau thuế lũy kế;Dashboard;Chỉ tiêu cơ sở;TB;Ngày, CTCK;SCMS;X;X;;;;;;;;;;
26;Dashboard Tra cứu hồ sơ 360 CTCK >> Dashboard tình hình tài chính của CTCK >> Biểu đồ Các chỉ tiêu chung;ROA (%);Tỷ lệ ROA trên số tổng;Dashboard;Chỉ tiêu phái sinh;TB;Ngày, CTCK;SCMS;;X;;;;;;;;;;
26;Dashboard Tra cứu hồ sơ 360 CTCK >> Dashboard tình hình tài chính của CTCK >> Biểu đồ Các chỉ tiêu chung;ROE (%);Tỷ lệ ROE trên số tổng;Dashboard;Chỉ tiêu phái sinh;TB;Ngày, CTCK;SCMS;;X;;;;;;;;;;
27;Dashboard Tra cứu hồ sơ 360 CTCK >> Dashboard tình hình tài chính của CTCK >> Biểu đồ Lịch sử báo cáo tài chính;Chiều thời gian theo quý;Chiều thời gian theo quý;Dashboard;Chiều;Trùng;;SCMS;;X;;;;;;;;;;
27;Dashboard Tra cứu hồ sơ 360 CTCK >> Dashboard tình hình tài chính của CTCK >> Biểu đồ Lịch sử báo cáo tài chính;Kỳ báo cáo;Kỳ báo cáo của BCTC đã nộp;Dashboard;Chỉ tiêu cơ sở;TB;Ngày, CTCK;SCMS;X;X;X;;;;;;;;;
27;Dashboard Tra cứu hồ sơ 360 CTCK >> Dashboard tình hình tài chính của CTCK >> Biểu đồ Lịch sử báo cáo tài chính;Doanh thu (tỷ VNĐ);Doanh thu (tỷ VNĐ) của từng BCTC đã nộp;Dashboard;Chỉ tiêu cơ sở;TB;Ngày, CTCK;SCMS;X;X;X;;;;;;;;;
27;Dashboard Tra cứu hồ sơ 360 CTCK >> Dashboard tình hình tài chính của CTCK >> Biểu đồ Lịch sử báo cáo tài chính;Lợi nhuận (tỷ VNĐ);Lợi nhuận (tỷ VNĐ) của từng BCTC đã nộp;Dashboard;Chỉ tiêu cơ sở;TB;Ngày, CTCK;SCMS;X;X;X;;;;;;;;;
27;Dashboard Tra cứu hồ sơ 360 CTCK >> Dashboard tình hình tài chính của CTCK >> Biểu đồ Lịch sử báo cáo tài chính;ROA (%);ROA (%) của từng BCTC đã nộp;Dashboard;Chỉ tiêu phái sinh;TB;Ngày, CTCK;SCMS;X;X;X;;;;;;;;;
27;Dashboard Tra cứu hồ sơ 360 CTCK >> Dashboard tình hình tài chính của CTCK >> Biểu đồ Lịch sử báo cáo tài chính;ROE (%);ROE (%) của từng BCTC đã nộp;Dashboard;Chỉ tiêu phái sinh;TB;Ngày, CTCK;SCMS;X;X;X;;;;;;;;;
27;Dashboard Tra cứu hồ sơ 360 CTCK >> Dashboard tình hình tài chính của CTCK >> Biểu đồ Lịch sử báo cáo tài chính;Ngày nộp;Ngày nộp của từng BCTC đã nộp;Dashboard;Chỉ tiêu cơ sở;TB;Ngày, CTCK;SCMS;X;X;X;;;;;;;;;
27;Dashboard Tra cứu hồ sơ 360 CTCK >> Dashboard tình hình tài chính của CTCK >> Biểu đồ Lịch sử báo cáo tài chính;Trạng thái;Trạng thái của từng BCTC đã nộp (chậm, đúng hạn);Dashboard;Chỉ tiêu cơ sở;TB;Ngày, CTCK;SCMS;X;X;X;;;;;;;;;
28;Dashboard Tra cứu hồ sơ 360 CTCK >> Dashboard NHNCK của CTCK >> Biểu đồ Các chỉ tiêu chung;Chiều thời gian theo Ngày;Chiều thời gian theo Ngày;Dashboard;Chiều;Trùng;;SCMS;;X;;;;;;;;;;
28;Dashboard Tra cứu hồ sơ 360 CTCK >> Dashboard NHNCK của CTCK >> Biểu đồ Các chỉ tiêu chung;Tổng số lượng lao động;Tổng số lượng lao động;Dashboard;Chỉ tiêu cơ sở;TB;Ngày, CTCK;SCMS, NHNCK;X;X;;;;;;;;;;
28;Dashboard Tra cứu hồ sơ 360 CTCK >> Dashboard NHNCK của CTCK >> Biểu đồ Các chỉ tiêu chung;Tổng số lao động có CCHN;Tổng số lao động có CCHN;Dashboard;Chỉ tiêu cơ sở;TB;Ngày, CTCK;SCMS, NHNCK;X;X;;;;;;;;;;
28;Dashboard Tra cứu hồ sơ 360 CTCK >> Dashboard NHNCK của CTCK >> Biểu đồ Các chỉ tiêu chung;Tổng số lao động chưa có CCHN;Tổng số lao động chưa có CCHN;Dashboard;Chỉ tiêu cơ sở;TB;Ngày, CTCK;SCMS, NHNCK;X;X;;;;;;;;;;
29;Dashboard Tra cứu hồ sơ 360 CTCK >> Dashboard NHNCK của CTCK >> Biểu đồ Số lượng NHN theo nghiệp vụ;Chiều thời gian theo Ngày;Chiều thời gian theo Ngày;Dashboard;Chiều;Trùng;;SCMS;;X;;;;;;;;;;
29;Dashboard Tra cứu hồ sơ 360 CTCK >> Dashboard NHNCK của CTCK >> Biểu đồ Số lượng NHN theo nghiệp vụ;Chiều nghiệp vụ kinh doanh chứng khoán;Chiều nghiệp vụ kinh doanh chứng khoán;Dashboard;Chiều;Trùng;;SCMS;;X;;;;;;Dùng để chia Doanh nghiệp kinh doanh các nghiệp vụ gì;;;;
29;Dashboard Tra cứu hồ sơ 360 CTCK >> Dashboard NHNCK của CTCK >> Biểu đồ Số lượng NHN theo nghiệp vụ;Số lượng NHN theo nghiệp vụ môi giới;Số lượng NHN theo nghiệp vụ môi giới;Dashboard;Chỉ tiêu cơ sở;TB;Ngày, CTCK, Danh mục nghiệp vụ;SCMS, NHNCK;X;X;;;;;;;;;;
29;Dashboard Tra cứu hồ sơ 360 CTCK >> Dashboard NHNCK của CTCK >> Biểu đồ Số lượng NHN theo nghiệp vụ;Số lượng NHN theo nghiệp vụ bảo lãnh phát hành;Số lượng NHN theo nghiệp vụ bảo lãnh phát hành;Dashboard;Chỉ tiêu cơ sở;TB;Ngày, CTCK, Danh mục nghiệp vụ;SCMS, NHNCK;X;X;;;;;;;;;;
29;Dashboard Tra cứu hồ sơ 360 CTCK >> Dashboard NHNCK của CTCK >> Biểu đồ Số lượng NHN theo nghiệp vụ;Số lượng NHN theo nghiệp vụ tư vấn;Số lượng NHN theo nghiệp vụ tư vấn;Dashboard;Chỉ tiêu cơ sở;TB;Ngày, CTCK, Danh mục nghiệp vụ;SCMS, NHNCK;X;X;;;;;;;;;;
29;Dashboard Tra cứu hồ sơ 360 CTCK >> Dashboard NHNCK của CTCK >> Biểu đồ Số lượng NHN theo nghiệp vụ;Số lượng NHN theo nghiệp vụ tự doanh;Số lượng NHN theo nghiệp vụ tự doanh;Dashboard;Chỉ tiêu cơ sở;TB;Ngày, CTCK, Danh mục nghiệp vụ;SCMS, NHNCK;X;X;;;;;;;;;;
30;Dashboard Tra cứu hồ sơ 360 CTCK >> Dashboard NHNCK của CTCK >> Biểu đồ Số lượng NHN theo dịch vụ CKPS;Chiều thời gian theo Ngày;Chiều thời gian theo Ngày;Dashboard;Chiều;Trùng;;SCMS;;X;;;;;;;;;;
30;Dashboard Tra cứu hồ sơ 360 CTCK >> Dashboard NHNCK của CTCK >> Biểu đồ Số lượng NHN theo dịch vụ CKPS;Chiều Dịch vụ phái sinh;Dịch vụ phái sinh: Môi giới phái sinh, Tư vấn phái sinh, Tự doanh phái sinh;Dashboard;Chiều;Trùng;;SCMS;;X;;;;;;;;;;
30;Dashboard Tra cứu hồ sơ 360 CTCK >> Dashboard NHNCK của CTCK >> Biểu đồ Số lượng NHN theo dịch vụ CKPS;Số lượng NHN liên quan CK phái sinh theo dịch vụ môi giới;Số lượng NHN liên quan CK phái sinh theo dịch vụ môi giới;Dashboard;Chỉ tiêu cơ sở;TB;Ngày, CTCK, Danh mục dịch vụ phái sinh;SCMS, NHNCK;X;X;;;;;;;;;;
30;Dashboard Tra cứu hồ sơ 360 CTCK >> Dashboard NHNCK của CTCK >> Biểu đồ Số lượng NHN theo dịch vụ CKPS;Số lượng NHN liên quan CK phái sinh theo dịch vụ tư vấn;Số lượng NHN liên quan CK phái sinh theo dịch vụ tư vấn;Dashboard;Chỉ tiêu cơ sở;TB;Ngày, CTCK, Danh mục dịch vụ phái sinh;SCMS, NHNCK;X;X;;;;;;;;;;
30;Dashboard Tra cứu hồ sơ 360 CTCK >> Dashboard NHNCK của CTCK >> Biểu đồ Số lượng NHN theo dịch vụ CKPS;Số lượng NHN liên quan CK phái sinh theo dịch vụ tự doanh;Số lượng NHN liên quan CK phái sinh theo dịch vụ tự doanh;Dashboard;Chỉ tiêu cơ sở;TB;Ngày, CTCK, Danh mục dịch vụ phái sinh;SCMS, NHNCK;X;X;;;;;;;;;;
31;Dashboard Tra cứu hồ sơ 360 CTCK >> Dashboard nhân sự của CTCK;Chiều thời gian theo Ngày;Chiều thời gian theo Ngày;Dashboard;Chiều;Trùng;;SCMS;;X;;;;;;;;;;
31;Dashboard Tra cứu hồ sơ 360 CTCK >> Dashboard nhân sự của CTCK;Họ và tên;Họ tên của nhân sự, dữ liệu hiện tại;Dashboard;Chỉ tiêu cơ sở;Dễ;Ngày, CTCK;SCMS;X;X;;;;;;;;;;
31;Dashboard Tra cứu hồ sơ 360 CTCK >> Dashboard nhân sự của CTCK;Email;Email, dữ liệu hiện tại;Dashboard;Chỉ tiêu cơ sở;Dễ;Ngày, CTCK;SCMS;X;X;;;;;;;;;;
31;Dashboard Tra cứu hồ sơ 360 CTCK >> Dashboard nhân sự của CTCK;Số điện thoại;Số điện thoại, dữ liệu hiện tại;Dashboard;Chỉ tiêu cơ sở;Dễ;Ngày, CTCK;SCMS;X;X;;;;;;;;;;
31;Dashboard Tra cứu hồ sơ 360 CTCK >> Dashboard nhân sự của CTCK;Chức vụ;Chức vụ của nhân sự, dữ liệu hiện tại;Dashboard;Chỉ tiêu cơ sở;Dễ;Ngày, CTCK;SCMS;X;X;;;;;;;;;;
31;Dashboard Tra cứu hồ sơ 360 CTCK >> Dashboard nhân sự của CTCK;Thời gian bắt đầu làm việc;Thời gian bắt đầu làm việc, dữ liệu hiện tại;Dashboard;Chỉ tiêu cơ sở;Dễ;Ngày, CTCK;SCMS;X;X;;;;;;;;;;
32;Dashboard Tra cứu hồ sơ 360 CTCK >> Dashboard CN, PGD, VPĐD của CTCK >> Biểu đồ Các chỉ tiêu thống kê chung;Chiều thời gian theo Ngày;Chiều thời gian theo Ngày;Dashboard;Chiều;Trùng;;SCMS;;X;;;;;;;;;;
32;Dashboard Tra cứu hồ sơ 360 CTCK >> Dashboard CN, PGD, VPĐD của CTCK >> Biểu đồ Các chỉ tiêu thống kê chung;Số lượng CN;Số lượng CN của CTCK đã được cấp phép;Dashboard;Chỉ tiêu cơ sở;TB;Ngày, CTCK;SCMS;X;X;;;;;;;;;;
32;Dashboard Tra cứu hồ sơ 360 CTCK >> Dashboard CN, PGD, VPĐD của CTCK >> Biểu đồ Các chỉ tiêu thống kê chung;Số lượng PGD;Số lượng PGD của CTCK đã được cấp phép;Dashboard;Chỉ tiêu cơ sở;TB;Ngày, CTCK;SCMS;X;X;;;;;;;;;;
32;Dashboard Tra cứu hồ sơ 360 CTCK >> Dashboard CN, PGD, VPĐD của CTCK >> Biểu đồ Các chỉ tiêu thống kê chung;Số lượng VPĐD;Số lượng VPĐD của CTCK đã được cấp phép;Dashboard;Chỉ tiêu cơ sở;TB;Ngày, CTCK;SCMS;X;X;;;;;;;;;;
33;Dashboard Tra cứu hồ sơ 360 CTCK >> Dashboard CN, PGD, VPĐD của CTCK >> Biểu đồ Số lượng CN, PGD, VPĐD của CTCK theo từng nghiệp vụ;Chiều thời gian theo Ngày;Chiều thời gian theo Ngày;Dashboard;Chiều;Trùng;;SCMS;;X;;;;;;;;;;
33;Dashboard Tra cứu hồ sơ 360 CTCK >> Dashboard CN, PGD, VPĐD của CTCK >> Biểu đồ Số lượng CN, PGD, VPĐD của CTCK theo từng nghiệp vụ;Chiều nghiệp vụ kinh doanh chứng khoán;Nghiệp vụ Môi giới chứng khoán, Bảo lãnh phát hành, Tư vấn đầu tư chứng khoán, Tự doanh chứng khoán;Dashboard;Chiều;Trùng;;SCMS;;X;;;;;;;;;;
33;Dashboard Tra cứu hồ sơ 360 CTCK >> Dashboard CN, PGD, VPĐD của CTCK >> Biểu đồ Số lượng CN, PGD, VPĐD của CTCK theo từng nghiệp vụ;Số lượng CN, PGD, VPĐD theo nghiệp vụ môi giới;Số lượng CN, PGD, VPĐD theo nghiệp vụ môi giới;Dashboard;Chỉ tiêu cơ sở;TB;Ngày, CTCK, Danh mục nghiệp vụ;SCMS;X;X;;;;;;;;;;
33;Dashboard Tra cứu hồ sơ 360 CTCK >> Dashboard CN, PGD, VPĐD của CTCK >> Biểu đồ Số lượng CN, PGD, VPĐD của CTCK theo từng nghiệp vụ;Số lượng CN, PGD, VPĐD theo nghiệp vụ bảo lãnh;Số lượng CN, PGD, VPĐD theo nghiệp vụ bảo lãnh;Dashboard;Chỉ tiêu cơ sở;TB;Ngày, CTCK, Danh mục nghiệp vụ;SCMS;X;X;;;;;;;;;;
33;Dashboard Tra cứu hồ sơ 360 CTCK >> Dashboard CN, PGD, VPĐD của CTCK >> Biểu đồ Số lượng CN, PGD, VPĐD của CTCK theo từng nghiệp vụ;Số lượng CN, PGD, VPĐD theo nghiệp vụ tư vấn;Số lượng CN, PGD, VPĐD theo nghiệp vụ tư vấn;Dashboard;Chỉ tiêu cơ sở;TB;Ngày, CTCK, Danh mục nghiệp vụ;SCMS;X;X;;;;;;;;;;
33;Dashboard Tra cứu hồ sơ 360 CTCK >> Dashboard CN, PGD, VPĐD của CTCK >> Biểu đồ Số lượng CN, PGD, VPĐD của CTCK theo từng nghiệp vụ;Số lượng CN, PGD, VPĐD theo nghiệp vụ tự doanh;Số lượng CN, PGD, VPĐD theo nghiệp vụ tự doanh;Dashboard;Chỉ tiêu cơ sở;TB;Ngày, CTCK, Danh mục nghiệp vụ;SCMS;X;X;;;;;;;;;;
34;Dashboard Tra cứu hồ sơ 360 CTCK >> Dashboard CN, PGD, VPĐD của CTCK >> Biểu đồ Số lượng CN, PGD, VPĐD của CTCK theo dịch vụ được chấp thuận: giao dịch ký quỹ, ứng trước tiền bán, lưu ký;Chiều thời gian theo Ngày;Chiều thời gian theo Ngày;Dashboard;Chiều;Trùng;;SCMS;;X;;;;;;;;;;
34;Dashboard Tra cứu hồ sơ 360 CTCK >> Dashboard CN, PGD, VPĐD của CTCK >> Biểu đồ Số lượng CN, PGD, VPĐD của CTCK theo dịch vụ được chấp thuận: giao dịch ký quỹ, ứng trước tiền bán, lưu ký;Chiều dịch vụ kinh doanh chứng khoán;Dịch vụ Giao dịch ký quỹ, Ứng trước tiền bán, Lưu ký;Dashboard;Chiều;Trùng;;SCMS;;X;;;;;;;;;;
34;Dashboard Tra cứu hồ sơ 360 CTCK >> Dashboard CN, PGD, VPĐD của CTCK >> Biểu đồ Số lượng CN, PGD, VPĐD của CTCK theo dịch vụ được chấp thuận: giao dịch ký quỹ, ứng trước tiền bán, lưu ký;Số lượng CN, PGD, VPĐD theo dịch vụ giao dịch kí quỹ;Số lượng CN, PGD, VPĐD theo dịch vụ giao dịch kí quỹ;Dashboard;Chỉ tiêu cơ sở;TB;Ngày, CTCK, Danh mục dịch vụ;SCMS;X;X;;;;;;;;;;
34;Dashboard Tra cứu hồ sơ 360 CTCK >> Dashboard CN, PGD, VPĐD của CTCK >> Biểu đồ Số lượng CN, PGD, VPĐD của CTCK theo dịch vụ được chấp thuận: giao dịch ký quỹ, ứng trước tiền bán, lưu ký;Số lượng CN, PGD, VPĐD theo dịch vụ ứng trước tiền bán;Số lượng CN, PGD, VPĐD theo dịch vụ ứng trước tiền bán;Dashboard;Chỉ tiêu cơ sở;TB;Ngày, CTCK, Danh mục dịch vụ;SCMS;X;X;;;;;;;;;;
34;Dashboard Tra cứu hồ sơ 360 CTCK >> Dashboard CN, PGD, VPĐD của CTCK >> Biểu đồ Số lượng CN, PGD, VPĐD của CTCK theo dịch vụ được chấp thuận: giao dịch ký quỹ, ứng trước tiền bán, lưu ký;Số lượng CN, PGD, VPĐD theo dịch vụ lưu ký;Số lượng CN, PGD, VPĐD theo dịch vụ lưu ký;Dashboard;Chỉ tiêu cơ sở;TB;Ngày, CTCK, Danh mục dịch vụ;SCMS;X;X;;;;;;;;;;
35;Dashboard Tra cứu hồ sơ 360 CTCK >> Dashboard CN, PGD, VPĐD của CTCK >> Biểu đồ Số lượng CN, PGD, VPĐD của CTCK được chấp thuận cung cấp dịch vụ liên quan chứng khoán phái sinh;Chiều thời gian theo Ngày;Chiều thời gian theo Ngày;Dashboard;Chiều;Trùng;;SCMS;;X;;;;;;;;;;
35;Dashboard Tra cứu hồ sơ 360 CTCK >> Dashboard CN, PGD, VPĐD của CTCK >> Biểu đồ Số lượng CN, PGD, VPĐD của CTCK được chấp thuận cung cấp dịch vụ liên quan chứng khoán phái sinh;Chiều Dịch vụ phái sinh;Dịch vụ phái sinh: Môi giới phái sinh, Tư vấn phái sinh, Tự doanh phái sinh;Dashboard;Chiều;Trùng;;SCMS;;X;;;;;;;;;;
35;Dashboard Tra cứu hồ sơ 360 CTCK >> Dashboard CN, PGD, VPĐD của CTCK >> Biểu đồ Số lượng CN, PGD, VPĐD của CTCK được chấp thuận cung cấp dịch vụ liên quan chứng khoán phái sinh;Số lượng CN, PGD, VPĐD liên quan CK phái sinh theo dịch vụ môi giới;Số lượng CN, PGD, VPĐD liên quan CK phái sinh theo dịch vụ môi giới;Dashboard;Chỉ tiêu cơ sở;TB;Ngày, CTCK, Danh mục dịch vụ phái sinh;SCMS;X;X;;;;;;;;;;
35;Dashboard Tra cứu hồ sơ 360 CTCK >> Dashboard CN, PGD, VPĐD của CTCK >> Biểu đồ Số lượng CN, PGD, VPĐD của CTCK được chấp thuận cung cấp dịch vụ liên quan chứng khoán phái sinh;Số lượng CN, PGD, VPĐD liên quan CK phái sinh theo dịch vụ tư vấn;Số lượng CN, PGD, VPĐD liên quan CK phái sinh theo dịch vụ tư vấn;Dashboard;Chỉ tiêu cơ sở;TB;Ngày, CTCK, Danh mục dịch vụ phái sinh;SCMS;X;X;;;;;;;;;;
35;Dashboard Tra cứu hồ sơ 360 CTCK >> Dashboard CN, PGD, VPĐD của CTCK >> Biểu đồ Số lượng CN, PGD, VPĐD của CTCK được chấp thuận cung cấp dịch vụ liên quan chứng khoán phái sinh;Số lượng CN, PGD, VPĐD liên quan CK phái sinh theo dịch vụ tự doanh;Số lượng CN, PGD, VPĐD liên quan CK phái sinh theo dịch vụ tự doanh;Dashboard;Chỉ tiêu cơ sở;TB;Ngày, CTCK, Danh mục dịch vụ phái sinh;SCMS;X;X;;;;;;;;;;
36;Dashboard Tra cứu hồ sơ 360 CTCK >> Dashboard CN, PGD, VPĐD của CTCK >> Biểu đồ Duy trì điều kiện cấp phép;Chiều thời gian theo Ngày;Chiều thời gian theo Ngày;Dashboard;Chiều;Trùng;;SCMS;;X;;;;;;;;;;
36;Dashboard Tra cứu hồ sơ 360 CTCK >> Dashboard CN, PGD, VPĐD của CTCK >> Biểu đồ Duy trì điều kiện cấp phép;Các loại duy trì điều kiện cấp phép;Đang duy trì tốt, Gần đến giới hạn duy trì, Không duy trì điều kiện cấp phép;Dashboard;Chiều;Dễ;;SCMS;X;X;;;;;;;;;;
36;Dashboard Tra cứu hồ sơ 360 CTCK >> Dashboard CN, PGD, VPĐD của CTCK >> Biểu đồ Duy trì điều kiện cấp phép;Số lượng CN, PGD, VPDD đang duy trì tốt;Số lượng CN, PGD, VPDD đang duy trì tốt;Dashboard;Chỉ tiêu cơ sở;TB;Ngày, CTCK, phân loại điều kiện duy trì;SCMS;X;X;;;;;;;;;;
36;Dashboard Tra cứu hồ sơ 360 CTCK >> Dashboard CN, PGD, VPĐD của CTCK >> Biểu đồ Duy trì điều kiện cấp phép;Số lượng CN, PGD, VPDD gần đến giới hạn duy trì;Số lượng CN, PGD, VPDD gần đến giới hạn duy trì;Dashboard;Chỉ tiêu cơ sở;TB;Ngày, CTCK, phân loại điều kiện duy trì;SCMS;X;X;;;;;;;;;;
36;Dashboard Tra cứu hồ sơ 360 CTCK >> Dashboard CN, PGD, VPĐD của CTCK >> Biểu đồ Duy trì điều kiện cấp phép;Số lượng CN, PGD, VPDD không duy trì điều kiện cấp phép;Số lượng CN, PGD, VPDD không duy trì điều kiện cấp phép;Dashboard;Chỉ tiêu cơ sở;TB;Ngày, CTCK, phân loại điều kiện duy trì;SCMS;X;X;;;;;;;;;;
37;Dashboard Tra cứu hồ sơ 360 CTCK >> Dashboard CN, PGD, VPĐD của CTCK >> Danh sách CN, PGD, VPĐD;Tên CN, PGD, VPĐD;Tên CN, PGD, VPĐD;Dashboard;Chỉ tiêu cơ sở;Dễ;CTCK;SCMS;X;X;;;;;;;;;;
37;Dashboard Tra cứu hồ sơ 360 CTCK >> Dashboard CN, PGD, VPĐD của CTCK >> Danh sách CN, PGD, VPĐD;Địa chỉ CN, PGD, VPĐD;Địa chỉ CN, PGD, VPĐD;Dashboard;Chỉ tiêu cơ sở;Dễ;CTCK;SCMS;X;X;;;;;;;;;;
37;Dashboard Tra cứu hồ sơ 360 CTCK >> Dashboard CN, PGD, VPĐD của CTCK >> Danh sách CN, PGD, VPĐD;Nghiệp vụ;Nghiệp vụ được cấp phép CN, PGD, VPĐD;Dashboard;Chỉ tiêu cơ sở;Dễ;CTCK;SCMS;X;X;;;;;;;;;;
37;Dashboard Tra cứu hồ sơ 360 CTCK >> Dashboard CN, PGD, VPĐD của CTCK >> Danh sách CN, PGD, VPĐD;Ngày thành lập;Ngày thành lập CN, PGD, VPĐD;Dashboard;Chỉ tiêu cơ sở;Dễ;CTCK;SCMS;X;X;;;;;;;;;;
37;Dashboard Tra cứu hồ sơ 360 CTCK >> Dashboard CN, PGD, VPĐD của CTCK >> Danh sách CN, PGD, VPĐD;Giám đốc chi nhánh/Trưởng VPĐD;Thông tin Giám đốc chi nhánh, trưởng VPĐD;Dashboard;Chỉ tiêu cơ sở;Dễ;CTCK;SCMS;X;X;;;;;;;;;;
38;Dashboard Tra cứu hồ sơ 360 CTCK >> Dashboard tình hình tuân thủ, vi phạm của công ty chứng khoán >> Biểu đồ Các chỉ tiêu chung;Chiều thời gian theo Ngày;Chiều thời gian theo Ngày;Dashboard;Chiều;Trùng;;SCMS;;X;;;;;;;;;;
38;Dashboard Tra cứu hồ sơ 360 CTCK >> Dashboard tình hình tuân thủ, vi phạm của công ty chứng khoán >> Biểu đồ Các chỉ tiêu chung;Báo cáo (YTD);Số lượng báo cáo đã nộp/ Số lượng báo cáo phải nộp;Dashboard;Chỉ tiêu cơ sở;Dễ;Ngày, CTCK;SCMS;X;X;;;;;;;;;;
38;Dashboard Tra cứu hồ sơ 360 CTCK >> Dashboard tình hình tuân thủ, vi phạm của công ty chứng khoán >> Biểu đồ Các chỉ tiêu chung;Số lượng quyết định xử phạt;Số lượng quyết định xử phạt;Dashboard;Chỉ tiêu cơ sở;Dễ;Ngày, CTCK;SCMS;X;X;;;;;;;;;;
39;Dashboard Tra cứu hồ sơ 360 CTCK >> Dashboard tình hình tuân thủ, vi phạm của công ty chứng khoán >> Lịch sử nộp báo cáo của CTCK;Chiều thời gian theo Ngày;Chiều thời gian theo Ngày;Dashboard;Chiều;Trùng;;SCMS;;X;;;;;;;;;;
39;Dashboard Tra cứu hồ sơ 360 CTCK >> Dashboard tình hình tuân thủ, vi phạm của công ty chứng khoán >> Lịch sử nộp báo cáo của CTCK;Loại báo cáo;Loại báo cáo kê khai;Dashboard;Chỉ tiêu cơ sở;Dễ;Ngày, CTCK;SCMS;X;X;X;;;;;;;;;
39;Dashboard Tra cứu hồ sơ 360 CTCK >> Dashboard tình hình tuân thủ, vi phạm của công ty chứng khoán >> Lịch sử nộp báo cáo của CTCK;Kỳ kê khai;Kỳ kê khai;Dashboard;Chỉ tiêu cơ sở;Dễ;Ngày, CTCK;SCMS;X;X;X;;;;;;;;;
39;Dashboard Tra cứu hồ sơ 360 CTCK >> Dashboard tình hình tuân thủ, vi phạm của công ty chứng khoán >> Lịch sử nộp báo cáo của CTCK;Hạn nộp;Hạn nộp;Dashboard;Chỉ tiêu cơ sở;Dễ;Ngày, CTCK;SCMS;X;X;X;;;;;;;;;
39;Dashboard Tra cứu hồ sơ 360 CTCK >> Dashboard tình hình tuân thủ, vi phạm của công ty chứng khoán >> Lịch sử nộp báo cáo của CTCK;Ngày nộp;Ngày nộp;Dashboard;Chỉ tiêu cơ sở;Dễ;Ngày, CTCK;SCMS;X;X;X;;;;;;;;;
39;Dashboard Tra cứu hồ sơ 360 CTCK >> Dashboard tình hình tuân thủ, vi phạm của công ty chứng khoán >> Lịch sử nộp báo cáo của CTCK;Trạng thái;Trạng thái: đúng hạn, trễ hạn;Dashboard;Chỉ tiêu cơ sở;Dễ;Ngày, CTCK;SCMS;X;X;X;;;;;;;;;
40;Dashboard Tra cứu hồ sơ 360 CTCK >> Dashboard tình hình tuân thủ, vi phạm của công ty chứng khoán >> Lịch sử xử phạt, thanh tra, kiểm tra đối với CTCK;Chiều thời gian theo Ngày;Chiều thời gian theo Ngày;Dashboard;Chiều;Trùng;;SCMS;;X;;;;;;;;;;
40;Dashboard Tra cứu hồ sơ 360 CTCK >> Dashboard tình hình tuân thủ, vi phạm của công ty chứng khoán >> Lịch sử xử phạt, thanh tra, kiểm tra đối với CTCK;Loại thanh tra, kiểm tra;Loại thanh tra/ kiểm tra, định kỳ/ đột xuất;Dashboard;Chỉ tiêu cơ sở;Dễ;Ngày, CTCK;Thanh tra;X;X;X;;;;;;;;;
40;Dashboard Tra cứu hồ sơ 360 CTCK >> Dashboard tình hình tuân thủ, vi phạm của công ty chứng khoán >> Lịch sử xử phạt, thanh tra, kiểm tra đối với CTCK;Ngày ban hành quyết định thanh tra kiểm tra;Ngày ban hành quyết định thanh tra kiểm tra;Dashboard;Chỉ tiêu cơ sở;Dễ;Ngày, CTCK;Thanh tra;X;X;X;;;;;;;;;
40;Dashboard Tra cứu hồ sơ 360 CTCK >> Dashboard tình hình tuân thủ, vi phạm của công ty chứng khoán >> Lịch sử xử phạt, thanh tra, kiểm tra đối với CTCK;Số quyết định xử phạt;Số quyết định xử phạt;Dashboard;Chỉ tiêu cơ sở;Dễ;Ngày, CTCK;Thanh tra;X;X;X;;;;;;;;;
40;Dashboard Tra cứu hồ sơ 360 CTCK >> Dashboard tình hình tuân thủ, vi phạm của công ty chứng khoán >> Lịch sử xử phạt, thanh tra, kiểm tra đối với CTCK;Ngày ban hành quyết định xử phạt;Ngày ban hành quyết định xử phạt;Dashboard;Chỉ tiêu cơ sở;Dễ;Ngày, CTCK;Thanh tra;X;X;X;;;;;;;;;
40;Dashboard Tra cứu hồ sơ 360 CTCK >> Dashboard tình hình tuân thủ, vi phạm của công ty chứng khoán >> Lịch sử xử phạt, thanh tra, kiểm tra đối với CTCK;Hành vi vi phạm;Hành vi vi phạm;Dashboard;Chỉ tiêu cơ sở;Dễ;Ngày, CTCK;Thanh tra;X;X;X;;;;;;;;;
40;Dashboard Tra cứu hồ sơ 360 CTCK >> Dashboard tình hình tuân thủ, vi phạm của công ty chứng khoán >> Lịch sử xử phạt, thanh tra, kiểm tra đối với CTCK;Hình thức xử phạt bổ sung (nếu có);Hình thức xử phạt bổ sung (nếu có);Dashboard;Chỉ tiêu cơ sở;Dễ;Ngày, CTCK;Thanh tra;X;X;X;;;;;;;;;
40;Dashboard Tra cứu hồ sơ 360 CTCK >> Dashboard tình hình tuân thủ, vi phạm của công ty chứng khoán >> Lịch sử xử phạt, thanh tra, kiểm tra đối với CTCK;Biện pháp khắc phục (nếu có);Biện pháp khắc phục (nếu có);Dashboard;Chỉ tiêu cơ sở;Dễ;Ngày, CTCK;Thanh tra;X;X;X;;;;;;;;;
41;Dashboard Tra cứu cá nhân ban quản trị, điều hành, cổ đông >> Dashboard Mạng lưới của cá nhân ban quản trị, điều hành, cổ đông tại CTCK;Chiều thời gian theo Ngày;Chiều thời gian theo Ngày;Dashboard;Chiều;Trùng;;SCMS;;X;;;;;;;;;;
41;Dashboard Tra cứu cá nhân ban quản trị, điều hành, cổ đông >> Dashboard Mạng lưới của cá nhân ban quản trị, điều hành, cổ đông tại CTCK;Tên cá nhân;Tên cá nhân;Dashboard;Chỉ tiêu cơ sở;Dễ;Ngày, CTCK;SCMS;X;X;;;;;;;;;;
41;Dashboard Tra cứu cá nhân ban quản trị, điều hành, cổ đông >> Dashboard Mạng lưới của cá nhân ban quản trị, điều hành, cổ đông tại CTCK;Vai trò, chức vụ ;Vai trò, chức vụ của cá nhân trong tổ chức niêm yết/ đăng ký giao dịch, hoặc CTCK, CT QLQ;Dashboard;Chỉ tiêu cơ sở;Dễ;Ngày, CTCK;SCMS;X;X;;;;;;;;;;
41;Dashboard Tra cứu cá nhân ban quản trị, điều hành, cổ đông >> Dashboard Mạng lưới của cá nhân ban quản trị, điều hành, cổ đông tại CTCK;Người có liên quan >> Tên người có liên quan;Người có liên quan >> Tên người có liên quan;Dashboard;Chỉ tiêu cơ sở;Dễ;Ngày, CTCK;SCMS;X;X;;;;;;;;;;
41;Dashboard Tra cứu cá nhân ban quản trị, điều hành, cổ đông >> Dashboard Mạng lưới của cá nhân ban quản trị, điều hành, cổ đông tại CTCK;Người có liên quan >> Mối quan hệ của người có liên quan;Người có liên quan >> Mối quan hệ của người có liên quan;Dashboard;Chỉ tiêu cơ sở;Dễ;Ngày, CTCK;SCMS;X;X;;;;;;;;;;
41;Dashboard Tra cứu cá nhân ban quản trị, điều hành, cổ đông >> Dashboard Mạng lưới của cá nhân ban quản trị, điều hành, cổ đông tại CTCK;Người có liên quan >> Vai trò, chức vụ của người có liên quan;Vai trò, chức vụ của người có liên quan trong tổ chức niêm yết/ đăng ký giao dịch, hoặc CTCK, CT QLQ;Dashboard;Chỉ tiêu cơ sở;Dễ;Ngày, CTCK;SCMS;X;X;;;;;;;;;;
41;Dashboard Tra cứu cá nhân ban quản trị, điều hành, cổ đông >> Dashboard Mạng lưới của cá nhân ban quản trị, điều hành, cổ đông tại CTCK;Tỷ lệ sở hữu cổ phần;Tỷ lệ sở hữu cổ phần của cá nhân và người có liên quan;Dashboard;Chỉ tiêu cơ sở;Dễ;Ngày, CTCK;VSDC;X;X;;;;;;;;;;
41;Dashboard Tra cứu cá nhân ban quản trị, điều hành, cổ đông >> Dashboard Hồ sơ và danh mục của cá nhân ban quản trị, điều hành, cổ đông tại CTCK;Chiều thời gian theo Ngày;Chiều thời gian theo Ngày;Dashboard;Chiều;Trùng;;SCMS;;X;;;;;;;;;;
41;Dashboard Tra cứu cá nhân ban quản trị, điều hành, cổ đông >> Dashboard Hồ sơ và danh mục của cá nhân ban quản trị, điều hành, cổ đông tại CTCK;Vai trò tại DN niêm yết;Vai trò tại DN niêm yết;Dashboard;Chỉ tiêu cơ sở;Dễ;Ngày, CTCK;SCMS;X;X;;;;;;;;;;
41;Dashboard Tra cứu cá nhân ban quản trị, điều hành, cổ đông >> Dashboard Hồ sơ và danh mục của cá nhân ban quản trị, điều hành, cổ đông tại CTCK;Mạng lưới người liên quan;Thông tin người liên quan;Dashboard;Chỉ tiêu cơ sở;Dễ;Ngày, CTCK;SCMS;X;X;;;;;;;;;;
41;Dashboard Tra cứu cá nhân ban quản trị, điều hành, cổ đông >> Dashboard Hồ sơ và danh mục của cá nhân ban quản trị, điều hành, cổ đông tại CTCK;Tài khoản;Thông tin tài khoản của cá nhân đã mở;Dashboard;Chỉ tiêu cơ sở;Dễ;Ngày, CTCK;SCMS;X;X;;;;;;;;;;
41;Dashboard Tra cứu cá nhân ban quản trị, điều hành, cổ đông >> Dashboard Lịch sử công tác của cá nhân ban quản trị, điều hành, cổ đông tại CTCK;Chiều thời gian theo Ngày;Chiều thời gian theo Ngày;Dashboard;Chiều;Trùng;;SCMS;;X;;;;;;;;;;
41;Dashboard Tra cứu cá nhân ban quản trị, điều hành, cổ đông >> Dashboard Lịch sử công tác của cá nhân ban quản trị, điều hành, cổ đông tại CTCK;Tên công ty;Tên công ty;Dashboard;Chỉ tiêu cơ sở;Dễ;Ngày, CTCK;SCMS;X;X;X;;;;;;;;;
41;Dashboard Tra cứu cá nhân ban quản trị, điều hành, cổ đông >> Dashboard Lịch sử công tác của cá nhân ban quản trị, điều hành, cổ đông tại CTCK;Chức vụ;Chức vụ;Dashboard;Chỉ tiêu cơ sở;Dễ;Ngày, CTCK;SCMS;X;X;X;;;;;;;;;
41;Dashboard Tra cứu cá nhân ban quản trị, điều hành, cổ đông >> Dashboard Lịch sử công tác của cá nhân ban quản trị, điều hành, cổ đông tại CTCK;Thời gian làm việc ;Khoảng thời gian làm việc: Từ ngày – Đến ngày;Dashboard;Chỉ tiêu cơ sở;Dễ;Ngày, CTCK;SCMS;X;X;X;;;;;;;;;
41;Dashboard Tra cứu cá nhân ban quản trị, điều hành, cổ đông >> Dashboard Lịch sử công tác của cá nhân ban quản trị, điều hành, cổ đông tại CTCK;Trạng thái ;Trạng thái tại ngày đã chọn: Quá khứ/Hiện tại;Dashboard;Chỉ tiêu cơ sở;Dễ;Ngày, CTCK;SCMS;X;X;X;;;;;;;;;
41;Dashboard Tra cứu cá nhân ban quản trị, điều hành, cổ đông >> Dashboard Lịch sử vi phạm của cá nhân ban quản trị, điều hành, cổ đông tại CTCK;Chiều thời gian theo Ngày;Chiều thời gian theo Ngày;Dashboard;Chiều;Trùng;;SCMS;;X;;;;;;;;;;
41;Dashboard Tra cứu cá nhân ban quản trị, điều hành, cổ đông >> Dashboard Lịch sử vi phạm của cá nhân ban quản trị, điều hành, cổ đông tại CTCK;Ngày quyết định;Ngày quyết định;Dashboard;Chỉ tiêu cơ sở;Dễ;Ngày, CTCK;SCMS;X;X;X;;;;;;;;;
41;Dashboard Tra cứu cá nhân ban quản trị, điều hành, cổ đông >> Dashboard Lịch sử vi phạm của cá nhân ban quản trị, điều hành, cổ đông tại CTCK;Số hiệu;Số hiệu;Dashboard;Chỉ tiêu cơ sở;Dễ;Ngày, CTCK;SCMS;X;X;X;;;;;;;;;
41;Dashboard Tra cứu cá nhân ban quản trị, điều hành, cổ đông >> Dashboard Lịch sử vi phạm của cá nhân ban quản trị, điều hành, cổ đông tại CTCK;Nội dung vi phạm;Nội dung vi phạm;Dashboard;Chỉ tiêu cơ sở;Dễ;Ngày, CTCK;SCMS;X;X;X;;;;;;;;;
41;Dashboard Tra cứu cá nhân ban quản trị, điều hành, cổ đông >> Dashboard Lịch sử vi phạm của cá nhân ban quản trị, điều hành, cổ đông tại CTCK;Hình thức xử phạt ;Hình thức xử phạt ;Dashboard;Chỉ tiêu cơ sở;Dễ;Ngày, CTCK;SCMS;X;X;X;;;;;;;;;
41;Dashboard Tra cứu cá nhân ban quản trị, điều hành, cổ đông >> Dashboard Lịch sử vi phạm của cá nhân ban quản trị, điều hành, cổ đông tại CTCK;Trạng thái;Trạng thái;Dashboard;Chỉ tiêu cơ sở;Dễ;Ngày, CTCK;SCMS;X;X;X;;;;;;;;;
42;Chào bán phát hành >> Tổng hợp số liệu chào bán, phát hành cổ phiếu;Loại báo cáo;Loại báo cáo;Data Explorer;Chiều;Dễ;Ngày, CTCK;SCMS;X;X;;;;;;;;;;
42;Chào bán phát hành >> Tổng hợp số liệu chào bán, phát hành cổ phiếu;Kỳ báo cáo;Kỳ báo cáo;Data Explorer;Chiều;Dễ;Ngày, CTCK;SCMS;X;X;;;;;;;;;;
42;Chào bán phát hành >> Tổng hợp số liệu chào bán, phát hành cổ phiếu;Mã báo cáo;Mã báo cáo;Data Explorer;Chiều;Dễ;Ngày, CTCK;SCMS;X;X;;;;;;;;;;
42;Chào bán phát hành >> Tổng hợp số liệu chào bán, phát hành cổ phiếu;Tên báo cáo;Tên báo cáo;Data Explorer;Chiều;Dễ;Ngày, CTCK;SCMS;X;X;;;;;;;;;;
42;Chào bán phát hành >> Tổng hợp số liệu chào bán, phát hành cổ phiếu;Mã chỉ tiêu;Mã chỉ tiêu;Data Explorer;Chiều;Dễ;Ngày, CTCK;SCMS;X;X;;;;;;;;;;
42;Chào bán phát hành >> Tổng hợp số liệu chào bán, phát hành cổ phiếu;Tên chỉ tiêu;Tên chỉ tiêu;Data Explorer;Chiều;Dễ;Ngày, CTCK;SCMS;X;X;;;;;;;;;;
42;Chào bán phát hành >> Tổng hợp số liệu chào bán, phát hành cổ phiếu;Thời điểm báo cáo (tháng);Thời điểm báo cáo (tháng);Data Explorer;Chỉ tiêu cơ sở;Dễ;Ngày, CTCK;SCMS;;X;;;;;;;;;;
42;Chào bán phát hành >> Tổng hợp số liệu chào bán, phát hành cổ phiếu;Họ và tên chuyên viên;Họ và tên chuyên viên;Data Explorer;Chỉ tiêu cơ sở;Dễ;Ngày, CTCK;SCMS;;X;;;;;;;;;;
42;Chào bán phát hành >> Tổng hợp số liệu chào bán, phát hành cổ phiếu;Tên công ty;Tên công ty;Data Explorer;Chỉ tiêu cơ sở;Dễ;Ngày, CTCK;SCMS;;X;;;;;;;;;;
42;Chào bán phát hành >> Tổng hợp số liệu chào bán, phát hành cổ phiếu;Mã chứng khoán;Mã chứng khoán;Data Explorer;Chỉ tiêu cơ sở;Dễ;Ngày, CTCK;SCMS;;X;;;;;;;;;;
42;Chào bán phát hành >> Tổng hợp số liệu chào bán, phát hành cổ phiếu;Sàn giao dịch;Sàn giao dịch;Data Explorer;Chỉ tiêu cơ sở;Dễ;Ngày, CTCK;SCMS;;X;;;;;;;;;;
42;Chào bán phát hành >> Tổng hợp số liệu chào bán, phát hành cổ phiếu;Loại chứng khoán;Loại chứng khoán;Data Explorer;Chỉ tiêu cơ sở;Dễ;Ngày, CTCK;SCMS;;X;;;;;;;;;;
42;Chào bán phát hành >> Tổng hợp số liệu chào bán, phát hành cổ phiếu;Số giấy phép thành lập và hoạt động;Số giấy phép thành lập và hoạt động;Data Explorer;Chỉ tiêu cơ sở;Dễ;Ngày, CTCK;SCMS;;X;;;;;;;;;;
42;Chào bán phát hành >> Tổng hợp số liệu chào bán, phát hành cổ phiếu;Loại hình doanh nghiệp;Loại hình doanh nghiệp;Data Explorer;Chỉ tiêu cơ sở;Dễ;Ngày, CTCK;SCMS;;X;;;;;;;;;;
42;Chào bán phát hành >> Tổng hợp số liệu chào bán, phát hành cổ phiếu;Công ty đại chúng (Có/không);Công ty đại chúng (Có/không);Data Explorer;Chỉ tiêu cơ sở;Dễ;Ngày, CTCK;SCMS;;X;;;;;;;;;;
42;Chào bán phát hành >> Tổng hợp số liệu chào bán, phát hành cổ phiếu;"Vốn điều lệ thực góp (đồng)
(trước thời điểm chào bán, phát hành, góp vốn)";"Vốn điều lệ thực góp (đồng)
(trước thời điểm chào bán, phát hành, góp vốn)";Data Explorer;Chỉ tiêu cơ sở;TB;Ngày, CTCK;SCMS;;X;;;;;;;;;;
42;Chào bán phát hành >> Tổng hợp số liệu chào bán, phát hành cổ phiếu;Số Giấy chứng nhận chào bán;Số Giấy chứng nhận chào bán;Data Explorer;Chỉ tiêu cơ sở;Dễ;Ngày, CTCK;SCMS;;X;;;;;;;;;;
42;Chào bán phát hành >> Tổng hợp số liệu chào bán, phát hành cổ phiếu;Số công văn gửi Công ty;Số công văn gửi Công ty;Data Explorer;Chỉ tiêu cơ sở;Dễ;Ngày, CTCK;SCMS;;X;;;;;;;;;;
42;Chào bán phát hành >> Tổng hợp số liệu chào bán, phát hành cổ phiếu;"Ngày cấp GCN
(Tháng/ngày/năm)";"Ngày cấp GCN
(Tháng/ngày/năm)";Data Explorer;Chỉ tiêu cơ sở;Dễ;Ngày, CTCK;SCMS;;X;;;;;;;;;;
42;Chào bán phát hành >> Tổng hợp số liệu chào bán, phát hành cổ phiếu;"Ngày công văn
(Tháng/ngày/năm)";"Ngày công văn
(Tháng/ngày/năm)";Data Explorer;Chỉ tiêu cơ sở;Dễ;Ngày, CTCK;SCMS;;X;;;;;;;;;;
42;Chào bán phát hành >> Tổng hợp số liệu chào bán, phát hành cổ phiếu;Đối tượng chào bán >> Cổ đông hiện hữu >> Ra công chúng >> Số lượng;Đối tượng chào bán >> Cổ đông hiện hữu >> Ra công chúng >> Số lượng;Data Explorer;Chỉ tiêu cơ sở;TB;Ngày, CTCK;SCMS;;X;;;;;;;;;;
42;Chào bán phát hành >> Tổng hợp số liệu chào bán, phát hành cổ phiếu;Đối tượng chào bán >> Cổ đông hiện hữu >> Ra công chúng >> Giá (đồng);Đối tượng chào bán >> Cổ đông hiện hữu >> Ra công chúng >> Giá (đồng);Data Explorer;Chỉ tiêu cơ sở;TB;Ngày, CTCK;SCMS;;X;;;;;;;;;;
42;Chào bán phát hành >> Tổng hợp số liệu chào bán, phát hành cổ phiếu;Đối tượng chào bán >> Cổ đông hiện hữu >> Ra công chúng >> Giá trị (đồng);Đối tượng chào bán >> Cổ đông hiện hữu >> Ra công chúng >> Giá trị (đồng);Data Explorer;Chỉ tiêu cơ sở;TB;Ngày, CTCK;SCMS;;X;;;;;;;;;;
42;Chào bán phát hành >> Tổng hợp số liệu chào bán, phát hành cổ phiếu;Đối tượng chào bán >> Cổ đông hiện hữu >> CP Thưởng >> Số lượng;Đối tượng chào bán >> Cổ đông hiện hữu >> CP Thưởng >> Số lượng;Data Explorer;Chỉ tiêu cơ sở;TB;Ngày, CTCK;SCMS;;X;;;;;;;;;;
42;Chào bán phát hành >> Tổng hợp số liệu chào bán, phát hành cổ phiếu;Đối tượng chào bán >> Cổ đông hiện hữu >> Trả Cổ tức = CP >> Số lượng;Đối tượng chào bán >> Cổ đông hiện hữu >> Trả Cổ tức = CP >> Số lượng;Data Explorer;Chỉ tiêu cơ sở;TB;Ngày, CTCK;SCMS;;X;;;;;;;;;;
42;Chào bán phát hành >> Tổng hợp số liệu chào bán, phát hành cổ phiếu;Đối tượng chào bán >> Cán bộ CNV, HĐQT, BKS >> Phát hành có thu tiền >> Số lượng                ;Đối tượng chào bán >> Cán bộ CNV, HĐQT, BKS >> Phát hành có thu tiền >> Số lượng                ;Data Explorer;Chỉ tiêu cơ sở;TB;Ngày, CTCK;SCMS;;X;;;;;;;;;;
42;Chào bán phát hành >> Tổng hợp số liệu chào bán, phát hành cổ phiếu;Đối tượng chào bán >> Cán bộ CNV, HĐQT, BKS >> Phát hành có thu tiền >> Giá (đồng)           ;Đối tượng chào bán >> Cán bộ CNV, HĐQT, BKS >> Phát hành có thu tiền >> Giá (đồng)           ;Data Explorer;Chỉ tiêu cơ sở;TB;Ngày, CTCK;SCMS;;X;;;;;;;;;;
42;Chào bán phát hành >> Tổng hợp số liệu chào bán, phát hành cổ phiếu;Đối tượng chào bán >> Cán bộ CNV, HĐQT, BKS >> Phát hành có thu tiền >> Giá trị (đồng)           ;Đối tượng chào bán >> Cán bộ CNV, HĐQT, BKS >> Phát hành có thu tiền >> Giá trị (đồng)           ;Data Explorer;Chỉ tiêu cơ sở;TB;Ngày, CTCK;SCMS;;X;;;;;;;;;;
42;Chào bán phát hành >> Tổng hợp số liệu chào bán, phát hành cổ phiếu;Đối tượng chào bán >> Cán bộ CNV, HĐQT, BKS >> Phát hành có thu tiền >> Số lượng người lao động         ;Đối tượng chào bán >> Cán bộ CNV, HĐQT, BKS >> Phát hành có thu tiền >> Số lượng người lao động         ;Data Explorer;Chỉ tiêu cơ sở;TB;Ngày, CTCK;SCMS;;X;;;;;;;;;;
42;Chào bán phát hành >> Tổng hợp số liệu chào bán, phát hành cổ phiếu;Đối tượng chào bán >> Cán bộ CNV, HĐQT, BKS >> Cổ phiếu thưởng >> Số lượng ;Đối tượng chào bán >> Cán bộ CNV, HĐQT, BKS >> Cổ phiếu thưởng >> Số lượng ;Data Explorer;Chỉ tiêu cơ sở;TB;Ngày, CTCK;SCMS;;X;;;;;;;;;;
42;Chào bán phát hành >> Tổng hợp số liệu chào bán, phát hành cổ phiếu;Đối tượng chào bán >> Cán bộ CNV, HĐQT, BKS >> Cổ phiếu thưởng >> Giá trị (đồng);Đối tượng chào bán >> Cán bộ CNV, HĐQT, BKS >> Cổ phiếu thưởng >> Giá trị (đồng);Data Explorer;Chỉ tiêu cơ sở;TB;Ngày, CTCK;SCMS;;X;;;;;;;;;;
42;Chào bán phát hành >> Tổng hợp số liệu chào bán, phát hành cổ phiếu;Đối tượng chào bán >> Cán bộ CNV, HĐQT, BKS >> Cổ phiếu thưởng >> Nguồn;Đối tượng chào bán >> Cán bộ CNV, HĐQT, BKS >> Cổ phiếu thưởng >> Nguồn;Data Explorer;Chỉ tiêu cơ sở;TB;Ngày, CTCK;SCMS;;X;;;;;;;;;;
42;Chào bán phát hành >> Tổng hợp số liệu chào bán, phát hành cổ phiếu;Đối tượng chào bán >> Cán bộ CNV, HĐQT, BKS >> Cổ phiếu thưởng >> Số lượng người lao động;Đối tượng chào bán >> Cán bộ CNV, HĐQT, BKS >> Cổ phiếu thưởng >> Số lượng người lao động;Data Explorer;Chỉ tiêu cơ sở;TB;Ngày, CTCK;SCMS;;X;;;;;;;;;;
42;Chào bán phát hành >> Tổng hợp số liệu chào bán, phát hành cổ phiếu;Đối tượng chào bán >> Chào bán riêng lẻ >> Số lượng;Đối tượng chào bán >> Chào bán riêng lẻ >> Số lượng;Data Explorer;Chỉ tiêu cơ sở;TB;Ngày, CTCK;SCMS;;X;;;;;;;;;;
42;Chào bán phát hành >> Tổng hợp số liệu chào bán, phát hành cổ phiếu;Đối tượng chào bán >> Chào bán riêng lẻ >> Giá (đồng);Đối tượng chào bán >> Chào bán riêng lẻ >> Giá (đồng);Data Explorer;Chỉ tiêu cơ sở;TB;Ngày, CTCK;SCMS;;X;;;;;;;;;;
42;Chào bán phát hành >> Tổng hợp số liệu chào bán, phát hành cổ phiếu;Đối tượng chào bán >> Chào bán riêng lẻ >> Giá trị (đồng);Đối tượng chào bán >> Chào bán riêng lẻ >> Giá trị (đồng);Data Explorer;Chỉ tiêu cơ sở;TB;Ngày, CTCK;SCMS;;X;;;;;;;;;;
42;Chào bán phát hành >> Tổng hợp số liệu chào bán, phát hành cổ phiếu;Đối tượng chào bán >> Chào bán riêng lẻ >> Đối tượng;Đối tượng chào bán >> Chào bán riêng lẻ >> Đối tượng;Data Explorer;Chỉ tiêu cơ sở;TB;Ngày, CTCK;SCMS;;X;;;;;;;;;;
42;Chào bán phát hành >> Tổng hợp số liệu chào bán, phát hành cổ phiếu;Đối tượng chào bán >> Đối tượng khác >> Đấu giá >> Số lượng;Đối tượng chào bán >> Đối tượng khác >> Đấu giá >> Số lượng;Data Explorer;Chỉ tiêu cơ sở;TB;Ngày, CTCK;SCMS;;X;;;;;;;;;;
42;Chào bán phát hành >> Tổng hợp số liệu chào bán, phát hành cổ phiếu;Đối tượng chào bán >> Đối tượng khác >> Đấu giá >> Giá khởi điểm (đồng);Đối tượng chào bán >> Đối tượng khác >> Đấu giá >> Giá khởi điểm (đồng);Data Explorer;Chỉ tiêu cơ sở;TB;Ngày, CTCK;SCMS;;X;;;;;;;;;;
42;Chào bán phát hành >> Tổng hợp số liệu chào bán, phát hành cổ phiếu;Đối tượng chào bán >> Đối tượng khác >> Đấu giá >> Giá trị (đồng);Đối tượng chào bán >> Đối tượng khác >> Đấu giá >> Giá trị (đồng);Data Explorer;Chỉ tiêu cơ sở;TB;Ngày, CTCK;SCMS;;X;;;;;;;;;;
42;Chào bán phát hành >> Tổng hợp số liệu chào bán, phát hành cổ phiếu;Đối tượng chào bán >> Đối tượng khác >> Khác >> Số lượng;Đối tượng chào bán >> Đối tượng khác >> Khác >> Số lượng;Data Explorer;Chỉ tiêu cơ sở;TB;Ngày, CTCK;SCMS;;X;;;;;;;;;;
42;Chào bán phát hành >> Tổng hợp số liệu chào bán, phát hành cổ phiếu;Đối tượng chào bán >> Đối tượng khác >> Khác >> Giá (đồng);Đối tượng chào bán >> Đối tượng khác >> Khác >> Giá (đồng);Data Explorer;Chỉ tiêu cơ sở;TB;Ngày, CTCK;SCMS;;X;;;;;;;;;;
42;Chào bán phát hành >> Tổng hợp số liệu chào bán, phát hành cổ phiếu;Đối tượng chào bán >> Đối tượng khác >> Khác >> Giá trị (đồng);Đối tượng chào bán >> Đối tượng khác >> Khác >> Giá trị (đồng);Data Explorer;Chỉ tiêu cơ sở;TB;Ngày, CTCK;SCMS;;X;;;;;;;;;;
42;Chào bán phát hành >> Tổng hợp số liệu chào bán, phát hành cổ phiếu;Phát hành cổ phiếu để hoán đổi >> Số lượng ;Phát hành cổ phiếu để hoán đổi >> Số lượng ;Data Explorer;Chỉ tiêu cơ sở;TB;Ngày, CTCK;SCMS;;X;;;;;;;;;;
42;Chào bán phát hành >> Tổng hợp số liệu chào bán, phát hành cổ phiếu;Phát hành cổ phiếu để hoán đổi >> Giá trị (đồng);Phát hành cổ phiếu để hoán đổi >> Giá trị (đồng);Data Explorer;Chỉ tiêu cơ sở;TB;Ngày, CTCK;SCMS;;X;;;;;;;;;;
42;Chào bán phát hành >> Tổng hợp số liệu chào bán, phát hành cổ phiếu;Phát hành cổ phiếu để hoán đổi >> Mục đích;Phát hành cổ phiếu để hoán đổi >> Mục đích;Data Explorer;Chỉ tiêu cơ sở;TB;Ngày, CTCK;SCMS;;X;;;;;;;;;;
42;Chào bán phát hành >> Tổng hợp số liệu chào bán, phát hành cổ phiếu;Chào bán của cổ đông lớn >> Số lượng;Chào bán của cổ đông lớn >> Số lượng;Data Explorer;Chỉ tiêu cơ sở;TB;Ngày, CTCK;SCMS;;X;;;;;;;;;;
42;Chào bán phát hành >> Tổng hợp số liệu chào bán, phát hành cổ phiếu;Chào bán của cổ đông lớn >> Giá (đồng);Chào bán của cổ đông lớn >> Giá (đồng);Data Explorer;Chỉ tiêu cơ sở;TB;Ngày, CTCK;SCMS;;X;;;;;;;;;;
42;Chào bán phát hành >> Tổng hợp số liệu chào bán, phát hành cổ phiếu;Chào bán của cổ đông lớn >> Giá trị (đồng);Chào bán của cổ đông lớn >> Giá trị (đồng);Data Explorer;Chỉ tiêu cơ sở;TB;Ngày, CTCK;SCMS;;X;;;;;;;;;;
42;Chào bán phát hành >> Tổng hợp số liệu chào bán, phát hành cổ phiếu;Chủ sở hữu góp vốn >> Giá trị (đồng);Chủ sở hữu góp vốn >> Giá trị (đồng);Data Explorer;Chỉ tiêu cơ sở;TB;Ngày, CTCK;SCMS;;X;;;;;;;;;;
42;Chào bán phát hành >> Tổng hợp số liệu chào bán, phát hành cổ phiếu;Tổng số lượng chứng khoán chào bán, phát hành;Tổng số lượng chứng khoán chào bán, phát hành;Data Explorer;Chỉ tiêu cơ sở;TB;Ngày, CTCK;SCMS;;X;;;;;;;;;;
42;Chào bán phát hành >> Tổng hợp số liệu chào bán, phát hành cổ phiếu;"Tổng số tiền dự kiến thu được
(đồng)";"Tổng số tiền dự kiến thu được
(đồng)";Data Explorer;Chỉ tiêu cơ sở;TB;Ngày, CTCK;SCMS;;X;;;;;;;;;;
42;Chào bán phát hành >> Tổng hợp số liệu chào bán, phát hành cổ phiếu;"Ngày báo cáo kết quả
(Tháng/ngày/năm)";"Ngày báo cáo kết quả
(Tháng/ngày/năm)";Data Explorer;Chỉ tiêu cơ sở;TB;Ngày, CTCK;SCMS;;X;;;;;;;;;;
42;Chào bán phát hành >> Tổng hợp số liệu chào bán, phát hành cổ phiếu;"Gia hạn đến ngày
(Tháng/ngày/năm)";"Gia hạn đến ngày
(Tháng/ngày/năm)";Data Explorer;Chỉ tiêu cơ sở;TB;Ngày, CTCK;SCMS;;X;;;;;;;;;;
42;Chào bán phát hành >> Tổng hợp số liệu chào bán, phát hành cổ phiếu;Đánh giá;Đánh giá;Data Explorer;Chỉ tiêu cơ sở;TB;Ngày, CTCK;SCMS;;X;;;;;;;;;;
42;Chào bán phát hành >> Tổng hợp số liệu chào bán, phát hành cổ phiếu;Thực tế >> Đối tượng chào bán >> Cổ đông hiện hữu >> Ra công chúng >> Số lượng;Thực tế >> Đối tượng chào bán >> Cổ đông hiện hữu >> Ra công chúng >> Số lượng;Data Explorer;Chỉ tiêu cơ sở;TB;Ngày, CTCK;SCMS;;X;;;;;;;;;;
42;Chào bán phát hành >> Tổng hợp số liệu chào bán, phát hành cổ phiếu;Thực tế >> Đối tượng chào bán >> Cổ đông hiện hữu >> Ra công chúng >> Giá (đồng);Thực tế >> Đối tượng chào bán >> Cổ đông hiện hữu >> Ra công chúng >> Giá (đồng);Data Explorer;Chỉ tiêu cơ sở;TB;Ngày, CTCK;SCMS;;X;;;;;;;;;;
42;Chào bán phát hành >> Tổng hợp số liệu chào bán, phát hành cổ phiếu;Thực tế >> Đối tượng chào bán >> Cổ đông hiện hữu >> Ra công chúng >> Giá trị (đồng);Thực tế >> Đối tượng chào bán >> Cổ đông hiện hữu >> Ra công chúng >> Giá trị (đồng);Data Explorer;Chỉ tiêu cơ sở;TB;Ngày, CTCK;SCMS;;X;;;;;;;;;;
42;Chào bán phát hành >> Tổng hợp số liệu chào bán, phát hành cổ phiếu;Thực tế >> Đối tượng chào bán >> Cổ đông hiện hữu >> Ra công chúng >> Số lượng nhà đầu tư nước ngoài tham gia;Thực tế >> Đối tượng chào bán >> Cổ đông hiện hữu >> Ra công chúng >> Số lượng nhà đầu tư nước ngoài tham gia;Data Explorer;Chỉ tiêu cơ sở;TB;Ngày, CTCK;SCMS;;X;;;;;;;;;;
42;Chào bán phát hành >> Tổng hợp số liệu chào bán, phát hành cổ phiếu;Thực tế >> Đối tượng chào bán >> Cổ đông hiện hữu >> Ra công chúng >> Giá trị phát hành cho nhà đầu tư nước ngoài (đồng);Thực tế >> Đối tượng chào bán >> Cổ đông hiện hữu >> Ra công chúng >> Giá trị phát hành cho nhà đầu tư nước ngoài (đồng);Data Explorer;Chỉ tiêu cơ sở;TB;Ngày, CTCK;SCMS;;X;;;;;;;;;;
42;Chào bán phát hành >> Tổng hợp số liệu chào bán, phát hành cổ phiếu;Thực tế >> Đối tượng chào bán >> Cổ đông hiện hữu >> CP Thưởng >> Số lượng;Thực tế >> Đối tượng chào bán >> Cổ đông hiện hữu >> CP Thưởng >> Số lượng;Data Explorer;Chỉ tiêu cơ sở;TB;Ngày, CTCK;SCMS;;X;;;;;;;;;;
42;Chào bán phát hành >> Tổng hợp số liệu chào bán, phát hành cổ phiếu;Thực tế >> Đối tượng chào bán >> Cổ đông hiện hữu >> Trả Cổ tức = CP >> Số lượng;Thực tế >> Đối tượng chào bán >> Cổ đông hiện hữu >> Trả Cổ tức = CP >> Số lượng;Data Explorer;Chỉ tiêu cơ sở;TB;Ngày, CTCK;SCMS;;X;;;;;;;;;;
42;Chào bán phát hành >> Tổng hợp số liệu chào bán, phát hành cổ phiếu;Thực tế >> Đối tượng chào bán >> Cán bộ CNV, HĐQT, BKS >> Phát hành có thu tiền >> Số lượng;Thực tế >> Đối tượng chào bán >> Cán bộ CNV, HĐQT, BKS >> Phát hành có thu tiền >> Số lượng;Data Explorer;Chỉ tiêu cơ sở;TB;Ngày, CTCK;SCMS;;X;;;;;;;;;;
42;Chào bán phát hành >> Tổng hợp số liệu chào bán, phát hành cổ phiếu;Thực tế >> Đối tượng chào bán >> Cán bộ CNV, HĐQT, BKS >> Phát hành có thu tiền >> Giá (đồng);Thực tế >> Đối tượng chào bán >> Cán bộ CNV, HĐQT, BKS >> Phát hành có thu tiền >> Giá (đồng);Data Explorer;Chỉ tiêu cơ sở;TB;Ngày, CTCK;SCMS;;X;;;;;;;;;;
42;Chào bán phát hành >> Tổng hợp số liệu chào bán, phát hành cổ phiếu;Thực tế >> Đối tượng chào bán >> Cán bộ CNV, HĐQT, BKS >> Phát hành có thu tiền >> Giá trị (đồng);Thực tế >> Đối tượng chào bán >> Cán bộ CNV, HĐQT, BKS >> Phát hành có thu tiền >> Giá trị (đồng);Data Explorer;Chỉ tiêu cơ sở;TB;Ngày, CTCK;SCMS;;X;;;;;;;;;;
42;Chào bán phát hành >> Tổng hợp số liệu chào bán, phát hành cổ phiếu;Thực tế >> Đối tượng chào bán >> Cán bộ CNV, HĐQT, BKS >> Phát hành có thu tiền >> Số lượng người lao động;Thực tế >> Đối tượng chào bán >> Cán bộ CNV, HĐQT, BKS >> Phát hành có thu tiền >> Số lượng người lao động;Data Explorer;Chỉ tiêu cơ sở;TB;Ngày, CTCK;SCMS;;X;;;;;;;;;;
42;Chào bán phát hành >> Tổng hợp số liệu chào bán, phát hành cổ phiếu;Thực tế >> Đối tượng chào bán >> Cán bộ CNV, HĐQT, BKS >> Cổ phiếu thưởng >> Số lượng;Thực tế >> Đối tượng chào bán >> Cán bộ CNV, HĐQT, BKS >> Cổ phiếu thưởng >> Số lượng;Data Explorer;Chỉ tiêu cơ sở;TB;Ngày, CTCK;SCMS;;X;;;;;;;;;;
42;Chào bán phát hành >> Tổng hợp số liệu chào bán, phát hành cổ phiếu;Thực tế >> Đối tượng chào bán >> Cán bộ CNV, HĐQT, BKS >> Cổ phiếu thưởng >> Giá trị (đồng);Thực tế >> Đối tượng chào bán >> Cán bộ CNV, HĐQT, BKS >> Cổ phiếu thưởng >> Giá trị (đồng);Data Explorer;Chỉ tiêu cơ sở;TB;Ngày, CTCK;SCMS;;X;;;;;;;;;;
42;Chào bán phát hành >> Tổng hợp số liệu chào bán, phát hành cổ phiếu;Thực tế >> Đối tượng chào bán >> Cán bộ CNV, HĐQT, BKS >> Cổ phiếu thưởng >> Nguồn;Thực tế >> Đối tượng chào bán >> Cán bộ CNV, HĐQT, BKS >> Cổ phiếu thưởng >> Nguồn;Data Explorer;Chỉ tiêu cơ sở;TB;Ngày, CTCK;SCMS;;X;;;;;;;;;;
42;Chào bán phát hành >> Tổng hợp số liệu chào bán, phát hành cổ phiếu;Thực tế >> Đối tượng chào bán >> Cán bộ CNV, HĐQT, BKS >> Cổ phiếu thưởng >> Số lượng người lao động;Thực tế >> Đối tượng chào bán >> Cán bộ CNV, HĐQT, BKS >> Cổ phiếu thưởng >> Số lượng người lao động;Data Explorer;Chỉ tiêu cơ sở;TB;Ngày, CTCK;SCMS;;X;;;;;;;;;;
42;Chào bán phát hành >> Tổng hợp số liệu chào bán, phát hành cổ phiếu;Thực tế >> Đối tượng chào bán >> Chào bán riêng lẻ >> Số lượng;Thực tế >> Đối tượng chào bán >> Chào bán riêng lẻ >> Số lượng;Data Explorer;Chỉ tiêu cơ sở;TB;Ngày, CTCK;SCMS;;X;;;;;;;;;;
42;Chào bán phát hành >> Tổng hợp số liệu chào bán, phát hành cổ phiếu;Thực tế >> Đối tượng chào bán >> Chào bán riêng lẻ >> Giá (đồng);Thực tế >> Đối tượng chào bán >> Chào bán riêng lẻ >> Giá (đồng);Data Explorer;Chỉ tiêu cơ sở;TB;Ngày, CTCK;SCMS;;X;;;;;;;;;;
42;Chào bán phát hành >> Tổng hợp số liệu chào bán, phát hành cổ phiếu;Thực tế >> Đối tượng chào bán >> Chào bán riêng lẻ >> Giá trị (đồng);Thực tế >> Đối tượng chào bán >> Chào bán riêng lẻ >> Giá trị (đồng);Data Explorer;Chỉ tiêu cơ sở;TB;Ngày, CTCK;SCMS;;X;;;;;;;;;;
42;Chào bán phát hành >> Tổng hợp số liệu chào bán, phát hành cổ phiếu;Thực tế >> Đối tượng chào bán >> Chào bán riêng lẻ >> Đối tượng;Thực tế >> Đối tượng chào bán >> Chào bán riêng lẻ >> Đối tượng;Data Explorer;Chỉ tiêu cơ sở;TB;Ngày, CTCK;SCMS;;X;;;;;;;;;;
42;Chào bán phát hành >> Tổng hợp số liệu chào bán, phát hành cổ phiếu;Thực tế >> Đối tượng chào bán >> Chào bán riêng lẻ >> Số lượng nhà đầu tư nước ngoài tham gia;Thực tế >> Đối tượng chào bán >> Chào bán riêng lẻ >> Số lượng nhà đầu tư nước ngoài tham gia;Data Explorer;Chỉ tiêu cơ sở;TB;Ngày, CTCK;SCMS;;X;;;;;;;;;;
42;Chào bán phát hành >> Tổng hợp số liệu chào bán, phát hành cổ phiếu;Thực tế >> Đối tượng chào bán >> Chào bán riêng lẻ >> Giá trị phát hành cho nhà đầu tư nước ngoài (đồng);Thực tế >> Đối tượng chào bán >> Chào bán riêng lẻ >> Giá trị phát hành cho nhà đầu tư nước ngoài (đồng);Data Explorer;Chỉ tiêu cơ sở;TB;Ngày, CTCK;SCMS;;X;;;;;;;;;;
42;Chào bán phát hành >> Tổng hợp số liệu chào bán, phát hành cổ phiếu;Thực tế >> Đối tượng chào bán >> Đối tượng khác >> Đấu giá >> Số lượng;Thực tế >> Đối tượng chào bán >> Đối tượng khác >> Đấu giá >> Số lượng;Data Explorer;Chỉ tiêu cơ sở;TB;Ngày, CTCK;SCMS;;X;;;;;;;;;;
42;Chào bán phát hành >> Tổng hợp số liệu chào bán, phát hành cổ phiếu;Thực tế >> Đối tượng chào bán >> Đối tượng khác >> Đấu giá >> Giá khời điểm (đồng);Thực tế >> Đối tượng chào bán >> Đối tượng khác >> Đấu giá >> Giá khời điểm (đồng);Data Explorer;Chỉ tiêu cơ sở;TB;Ngày, CTCK;SCMS;;X;;;;;;;;;;
42;Chào bán phát hành >> Tổng hợp số liệu chào bán, phát hành cổ phiếu;Thực tế >> Đối tượng chào bán >> Đối tượng khác >> Đấu giá >> Giá trị (đồng);Thực tế >> Đối tượng chào bán >> Đối tượng khác >> Đấu giá >> Giá trị (đồng);Data Explorer;Chỉ tiêu cơ sở;TB;Ngày, CTCK;SCMS;;X;;;;;;;;;;
42;Chào bán phát hành >> Tổng hợp số liệu chào bán, phát hành cổ phiếu;Thực tế >> Đối tượng chào bán >> Đối tượng khác >> Khác >> Số lượng;Thực tế >> Đối tượng chào bán >> Đối tượng khác >> Khác >> Số lượng;Data Explorer;Chỉ tiêu cơ sở;TB;Ngày, CTCK;SCMS;;X;;;;;;;;;;
42;Chào bán phát hành >> Tổng hợp số liệu chào bán, phát hành cổ phiếu;Thực tế >> Đối tượng chào bán >> Đối tượng khác >> Khác >> Giá (đồng);Thực tế >> Đối tượng chào bán >> Đối tượng khác >> Khác >> Giá (đồng);Data Explorer;Chỉ tiêu cơ sở;TB;Ngày, CTCK;SCMS;;X;;;;;;;;;;
42;Chào bán phát hành >> Tổng hợp số liệu chào bán, phát hành cổ phiếu;Thực tế >> Đối tượng chào bán >> Đối tượng khác >> Khác >> Giá trị (đồng);Thực tế >> Đối tượng chào bán >> Đối tượng khác >> Khác >> Giá trị (đồng);Data Explorer;Chỉ tiêu cơ sở;TB;Ngày, CTCK;SCMS;;X;;;;;;;;;;
42;Chào bán phát hành >> Tổng hợp số liệu chào bán, phát hành cổ phiếu;Thực tế >> Phát hành cổ phiếu để hoán đổi >> Số lượng;Thực tế >> Phát hành cổ phiếu để hoán đổi >> Số lượng;Data Explorer;Chỉ tiêu cơ sở;TB;Ngày, CTCK;SCMS;;X;;;;;;;;;;
42;Chào bán phát hành >> Tổng hợp số liệu chào bán, phát hành cổ phiếu;Thực tế >> Phát hành cổ phiếu để hoán đổi >> Giá trị (đồng);Thực tế >> Phát hành cổ phiếu để hoán đổi >> Giá trị (đồng);Data Explorer;Chỉ tiêu cơ sở;TB;Ngày, CTCK;SCMS;;X;;;;;;;;;;
42;Chào bán phát hành >> Tổng hợp số liệu chào bán, phát hành cổ phiếu;Thực tế >> Phát hành cổ phiếu để hoán đổi >> Mục đích;Thực tế >> Phát hành cổ phiếu để hoán đổi >> Mục đích;Data Explorer;Chỉ tiêu cơ sở;TB;Ngày, CTCK;SCMS;;X;;;;;;;;;;
42;Chào bán phát hành >> Tổng hợp số liệu chào bán, phát hành cổ phiếu;Thực tế >> Chào bán của cổ đông lớn >> Số lượng;Thực tế >> Chào bán của cổ đông lớn >> Số lượng;Data Explorer;Chỉ tiêu cơ sở;TB;Ngày, CTCK;SCMS;;X;;;;;;;;;;
42;Chào bán phát hành >> Tổng hợp số liệu chào bán, phát hành cổ phiếu;Thực tế >> Chào bán của cổ đông lớn >> Giá (đồng);Thực tế >> Chào bán của cổ đông lớn >> Giá (đồng);Data Explorer;Chỉ tiêu cơ sở;TB;Ngày, CTCK;SCMS;;X;;;;;;;;;;
42;Chào bán phát hành >> Tổng hợp số liệu chào bán, phát hành cổ phiếu;Thực tế >> Chào bán của cổ đông lớn >> Giá trị (đồng);Thực tế >> Chào bán của cổ đông lớn >> Giá trị (đồng);Data Explorer;Chỉ tiêu cơ sở;TB;Ngày, CTCK;SCMS;;X;;;;;;;;;;
42;Chào bán phát hành >> Tổng hợp số liệu chào bán, phát hành cổ phiếu;Thực tế >> Chủ sở hữu góp vốn >> Giá trị (đồng);Thực tế >> Chủ sở hữu góp vốn >> Giá trị (đồng);Data Explorer;Chỉ tiêu cơ sở;TB;Ngày, CTCK;SCMS;;X;;;;;;;;;;
42;Chào bán phát hành >> Tổng hợp số liệu chào bán, phát hành cổ phiếu;Công ty thực hiện bảo lãnh;Công ty thực hiện bảo lãnh;Data Explorer;Chỉ tiêu cơ sở;Dễ;Ngày, CTCK;SCMS;;X;;;;;;;;;;
42;Chào bán phát hành >> Tổng hợp số liệu chào bán, phát hành cổ phiếu;Tổng số lượng chứng khoán chào bán, phát hành;Tổng số lượng chứng khoán chào bán, phát hành;Data Explorer;Chỉ tiêu cơ sở;TB;Ngày, CTCK;SCMS;;X;;;;;;;;;;
42;Chào bán phát hành >> Tổng hợp số liệu chào bán, phát hành cổ phiếu;"Mục đích sử dụng vốn
(Đối với doanh nghiệp không phải là công ty chứng khoán)";"Mục đích sử dụng vốn
(Đối với doanh nghiệp không phải là công ty chứng khoán)";Data Explorer;Chỉ tiêu cơ sở;TB;Ngày, CTCK;SCMS;;X;;;;;;;;;;
42;Chào bán phát hành >> Tổng hợp số liệu chào bán, phát hành cổ phiếu;Tổng số tiền thu được (đồng);Tổng số tiền thu được (đồng);Data Explorer;Chỉ tiêu cơ sở;TB;Ngày, CTCK;SCMS;;X;;;;;;;;;;
42;Chào bán phát hành >> Tổng hợp số liệu chào bán, phát hành cổ phiếu;"Bổ sung vốn cho Môi giới chứng khoán
(đồng)";"Bổ sung vốn cho Môi giới chứng khoán
(đồng)";Data Explorer;Chỉ tiêu cơ sở;TB;Ngày, CTCK;SCMS;;X;;;;;;;;;;
42;Chào bán phát hành >> Tổng hợp số liệu chào bán, phát hành cổ phiếu;"Bổ sung vốn cho Tự doanh chứng khoán
(đồng)";"Bổ sung vốn cho Tự doanh chứng khoán
(đồng)";Data Explorer;Chỉ tiêu cơ sở;TB;Ngày, CTCK;SCMS;;X;;;;;;;;;;
42;Chào bán phát hành >> Tổng hợp số liệu chào bán, phát hành cổ phiếu;Bổ sung vốn cho Bảo lãnh phát hành chứng khoán (đồng);Bổ sung vốn cho Bảo lãnh phát hành chứng khoán (đồng);Data Explorer;Chỉ tiêu cơ sở;TB;Ngày, CTCK;SCMS;;X;;;;;;;;;;
42;Chào bán phát hành >> Tổng hợp số liệu chào bán, phát hành cổ phiếu;Bổ sung vốn cho Tư vấn đầu tư chứng khoán (đồng);Bổ sung vốn cho Tư vấn đầu tư chứng khoán (đồng);Data Explorer;Chỉ tiêu cơ sở;TB;Ngày, CTCK;SCMS;;X;;;;;;;;;;
42;Chào bán phát hành >> Tổng hợp số liệu chào bán, phát hành cổ phiếu;Bổ sung vốn Cho vay margin (đồng);Bổ sung vốn Cho vay margin (đồng);Data Explorer;Chỉ tiêu cơ sở;TB;Ngày, CTCK;SCMS;;X;;;;;;;;;;
42;Chào bán phát hành >> Tổng hợp số liệu chào bán, phát hành cổ phiếu;Bổ sung vốn cho Ứng trước tiền bán (đồng);Bổ sung vốn cho Ứng trước tiền bán (đồng);Data Explorer;Chỉ tiêu cơ sở;TB;Ngày, CTCK;SCMS;;X;;;;;;;;;;
42;Chào bán phát hành >> Tổng hợp số liệu chào bán, phát hành cổ phiếu;Sử dụng vào mục đích khác (đồng);Sử dụng vào mục đích khác (đồng);Data Explorer;Chỉ tiêu cơ sở;TB;Ngày, CTCK;SCMS;;X;;;;;;;;;;
42;Chào bán phát hành >> Tổng hợp số liệu chào bán, phát hành cổ phiếu;Ghi chú;Ghi chú;Data Explorer;Chỉ tiêu cơ sở;TB;Ngày, CTCK;SCMS;;X;;;;;;;;;;
43;Chào bán phát hành >> Tổng hợp số liệu chào bán trái phiếu;Loại báo cáo;Loại báo cáo;Data Explorer;Chiều;Dễ;Ngày, CTCK;SCMS;X;X;;;;;;;;;;
43;Chào bán phát hành >> Tổng hợp số liệu chào bán trái phiếu;Kỳ báo cáo;Kỳ báo cáo;Data Explorer;Chiều;Dễ;Ngày, CTCK;SCMS;X;X;;;;;;;;;;
43;Chào bán phát hành >> Tổng hợp số liệu chào bán trái phiếu;Mã báo cáo;Mã báo cáo;Data Explorer;Chiều;Dễ;Ngày, CTCK;SCMS;X;X;;;;;;;;;;
43;Chào bán phát hành >> Tổng hợp số liệu chào bán trái phiếu;Tên báo cáo;Tên báo cáo;Data Explorer;Chiều;Dễ;Ngày, CTCK;SCMS;X;X;;;;;;;;;;
43;Chào bán phát hành >> Tổng hợp số liệu chào bán trái phiếu;Mã chỉ tiêu;Mã chỉ tiêu;Data Explorer;Chiều;Dễ;Ngày, CTCK;SCMS;X;X;;;;;;;;;;
43;Chào bán phát hành >> Tổng hợp số liệu chào bán trái phiếu;Tên chỉ tiêu;Tên chỉ tiêu;Data Explorer;Chiều;Dễ;Ngày, CTCK;SCMS;X;X;;;;;;;;;;
43;Chào bán phát hành >> Tổng hợp số liệu chào bán trái phiếu;Thời điểm báo cáo (tháng);Thời điểm báo cáo (tháng);Data Explorer;Chỉ tiêu cơ sở;Dễ;Ngày, CTCK;SCMS;;X;;;;;;;;;;
43;Chào bán phát hành >> Tổng hợp số liệu chào bán trái phiếu;Họ và tên chuyên viên;Họ và tên chuyên viên;Data Explorer;Chỉ tiêu cơ sở;Dễ;Ngày, CTCK;SCMS;;X;;;;;;;;;;
43;Chào bán phát hành >> Tổng hợp số liệu chào bán trái phiếu;Tên công ty;Tên công ty;Data Explorer;Chỉ tiêu cơ sở;Dễ;Ngày, CTCK;SCMS;;X;;;;;;;;;;
43;Chào bán phát hành >> Tổng hợp số liệu chào bán trái phiếu;Mã chứng khoán;Mã chứng khoán;Data Explorer;Chỉ tiêu cơ sở;Dễ;Ngày, CTCK;SCMS;;X;;;;;;;;;;
43;Chào bán phát hành >> Tổng hợp số liệu chào bán trái phiếu;Sàn;Sàn;Data Explorer;Chỉ tiêu cơ sở;Dễ;Ngày, CTCK;SCMS;;X;;;;;;;;;;
43;Chào bán phát hành >> Tổng hợp số liệu chào bán trái phiếu;Loại trái phiếu;Loại trái phiếu;Data Explorer;Chỉ tiêu cơ sở;Dễ;Ngày, CTCK;SCMS;;X;;;;;;;;;;
43;Chào bán phát hành >> Tổng hợp số liệu chào bán trái phiếu;Mệnh giá (đồng);Mệnh giá (đồng);Data Explorer;Chỉ tiêu cơ sở;Dễ;Ngày, CTCK;SCMS;;X;;;;;;;;;;
43;Chào bán phát hành >> Tổng hợp số liệu chào bán trái phiếu;Mã trái phiếu;Mã trái phiếu;Data Explorer;Chỉ tiêu cơ sở;Dễ;Ngày, CTCK;SCMS;;X;;;;;;;;;;
43;Chào bán phát hành >> Tổng hợp số liệu chào bán trái phiếu;Kỳ hạn trái phiếu (tháng);Kỳ hạn trái phiếu (tháng);Data Explorer;Chỉ tiêu cơ sở;Dễ;Ngày, CTCK;SCMS;;X;;;;;;;;;;
43;Chào bán phát hành >> Tổng hợp số liệu chào bán trái phiếu;Kỳ trả lãi;Kỳ trả lãi;Data Explorer;Chỉ tiêu cơ sở;Dễ;Ngày, CTCK;SCMS;;X;;;;;;;;;;
43;Chào bán phát hành >> Tổng hợp số liệu chào bán trái phiếu;Tên Đại diện người sở hữu trái phiếu;Tên Đại diện người sở hữu trái phiếu;Data Explorer;Chỉ tiêu cơ sở;Dễ;Ngày, CTCK;SCMS;;X;;;;;;;;;;
43;Chào bán phát hành >> Tổng hợp số liệu chào bán trái phiếu;Số giấy phép thành lập và hoạt động;Số giấy phép thành lập và hoạt động;Data Explorer;Chỉ tiêu cơ sở;Dễ;Ngày, CTCK;SCMS;;X;;;;;;;;;;
43;Chào bán phát hành >> Tổng hợp số liệu chào bán trái phiếu;Số GCN;Số GCN;Data Explorer;Chỉ tiêu cơ sở;Dễ;Ngày, CTCK;SCMS;;X;;;;;;;;;;
43;Chào bán phát hành >> Tổng hợp số liệu chào bán trái phiếu;Số CV gửi Công ty;Số CV gửi Công ty;Data Explorer;Chỉ tiêu cơ sở;Dễ;Ngày, CTCK;SCMS;;X;;;;;;;;;;
43;Chào bán phát hành >> Tổng hợp số liệu chào bán trái phiếu;"Ngày cấp GCN
(Tháng/ngày/năm)";"Ngày cấp GCN
(Tháng/ngày/năm)";Data Explorer;Chỉ tiêu cơ sở;Dễ;Ngày, CTCK;SCMS;;X;;;;;;;;;;
43;Chào bán phát hành >> Tổng hợp số liệu chào bán trái phiếu;"Ngày công văn
(Tháng/ngày/năm)";"Ngày công văn
(Tháng/ngày/năm)";Data Explorer;Chỉ tiêu cơ sở;Dễ;Ngày, CTCK;SCMS;;X;;;;;;;;;;
43;Chào bán phát hành >> Tổng hợp số liệu chào bán trái phiếu;Đối tượng chào bán >> Cổ đông hiện hữu >> Số lượng;Đối tượng chào bán >> Cổ đông hiện hữu >> Số lượng;Data Explorer;Chỉ tiêu cơ sở;TB;Ngày, CTCK;SCMS;;X;;;;;;;;;;
43;Chào bán phát hành >> Tổng hợp số liệu chào bán trái phiếu;Đối tượng chào bán >> Cổ đông hiện hữu >> Giá (đồng);Đối tượng chào bán >> Cổ đông hiện hữu >> Giá (đồng);Data Explorer;Chỉ tiêu cơ sở;TB;Ngày, CTCK;SCMS;;X;;;;;;;;;;
43;Chào bán phát hành >> Tổng hợp số liệu chào bán trái phiếu;Đối tượng chào bán >> Cổ đông hiện hữu >> Giá trị (đồng);Đối tượng chào bán >> Cổ đông hiện hữu >> Giá trị (đồng);Data Explorer;Chỉ tiêu cơ sở;TB;Ngày, CTCK;SCMS;;X;;;;;;;;;;
43;Chào bán phát hành >> Tổng hợp số liệu chào bán trái phiếu;Đối tượng chào bán >> Chào bán riêng lẻ >> Số lượng;Đối tượng chào bán >> Chào bán riêng lẻ >> Số lượng;Data Explorer;Chỉ tiêu cơ sở;TB;Ngày, CTCK;SCMS;;X;;;;;;;;;;
43;Chào bán phát hành >> Tổng hợp số liệu chào bán trái phiếu;Đối tượng chào bán >> Chào bán riêng lẻ >> Giá (đồng);Đối tượng chào bán >> Chào bán riêng lẻ >> Giá (đồng);Data Explorer;Chỉ tiêu cơ sở;TB;Ngày, CTCK;SCMS;;X;;;;;;;;;;
43;Chào bán phát hành >> Tổng hợp số liệu chào bán trái phiếu;Đối tượng chào bán >> Chào bán riêng lẻ >> Giá trị (đồng);Đối tượng chào bán >> Chào bán riêng lẻ >> Giá trị (đồng);Data Explorer;Chỉ tiêu cơ sở;TB;Ngày, CTCK;SCMS;;X;;;;;;;;;;
43;Chào bán phát hành >> Tổng hợp số liệu chào bán trái phiếu;Đối tượng chào bán >> Chào bán riêng lẻ >> Đối tượng;Đối tượng chào bán >> Chào bán riêng lẻ >> Đối tượng;Data Explorer;Chỉ tiêu cơ sở;TB;Ngày, CTCK;SCMS;;X;;;;;;;;;;
43;Chào bán phát hành >> Tổng hợp số liệu chào bán trái phiếu;Đối tượng chào bán >> Đối tượng khác >> Đấu giá >> Số lượng;Đối tượng chào bán >> Đối tượng khác >> Đấu giá >> Số lượng;Data Explorer;Chỉ tiêu cơ sở;TB;Ngày, CTCK;SCMS;;X;;;;;;;;;;
43;Chào bán phát hành >> Tổng hợp số liệu chào bán trái phiếu;Đối tượng chào bán >> Đối tượng khác >> Đấu giá >> Giá khời điểm (đồng);Đối tượng chào bán >> Đối tượng khác >> Đấu giá >> Giá khời điểm (đồng);Data Explorer;Chỉ tiêu cơ sở;TB;Ngày, CTCK;SCMS;;X;;;;;;;;;;
43;Chào bán phát hành >> Tổng hợp số liệu chào bán trái phiếu;Đối tượng chào bán >> Đối tượng khác >> Đấu giá >> Giá trị (đồng);Đối tượng chào bán >> Đối tượng khác >> Đấu giá >> Giá trị (đồng);Data Explorer;Chỉ tiêu cơ sở;TB;Ngày, CTCK;SCMS;;X;;;;;;;;;;
43;Chào bán phát hành >> Tổng hợp số liệu chào bán trái phiếu;Đối tượng chào bán >> Đối tượng khác >> Khác >> Số lượng;Đối tượng chào bán >> Đối tượng khác >> Khác >> Số lượng;Data Explorer;Chỉ tiêu cơ sở;TB;Ngày, CTCK;SCMS;;X;;;;;;;;;;
43;Chào bán phát hành >> Tổng hợp số liệu chào bán trái phiếu;Đối tượng chào bán >> Đối tượng khác >> Khác >> Giá (đồng);Đối tượng chào bán >> Đối tượng khác >> Khác >> Giá (đồng);Data Explorer;Chỉ tiêu cơ sở;TB;Ngày, CTCK;SCMS;;X;;;;;;;;;;
43;Chào bán phát hành >> Tổng hợp số liệu chào bán trái phiếu;Đối tượng chào bán >> Đối tượng khác >> Khác >> Giá trị (đồng);Đối tượng chào bán >> Đối tượng khác >> Khác >> Giá trị (đồng);Data Explorer;Chỉ tiêu cơ sở;TB;Ngày, CTCK;SCMS;;X;;;;;;;;;;
43;Chào bán phát hành >> Tổng hợp số liệu chào bán trái phiếu;Đối tượng chào bán >> Phát hành trái phiếu ra thị trường quốc tế >> Số lượng;Đối tượng chào bán >> Phát hành trái phiếu ra thị trường quốc tế >> Số lượng;Data Explorer;Chỉ tiêu cơ sở;TB;Ngày, CTCK;SCMS;;X;;;;;;;;;;
43;Chào bán phát hành >> Tổng hợp số liệu chào bán trái phiếu;Đối tượng chào bán >> Phát hành trái phiếu ra thị trường quốc tế >> Giá (đồng);Đối tượng chào bán >> Phát hành trái phiếu ra thị trường quốc tế >> Giá (đồng);Data Explorer;Chỉ tiêu cơ sở;TB;Ngày, CTCK;SCMS;;X;;;;;;;;;;
43;Chào bán phát hành >> Tổng hợp số liệu chào bán trái phiếu;Đối tượng chào bán >> Phát hành trái phiếu ra thị trường quốc tế >> Giá trị (đồng);Đối tượng chào bán >> Phát hành trái phiếu ra thị trường quốc tế >> Giá trị (đồng);Data Explorer;Chỉ tiêu cơ sở;TB;Ngày, CTCK;SCMS;;X;;;;;;;;;;
43;Chào bán phát hành >> Tổng hợp số liệu chào bán trái phiếu;Tổng số lượng chứng khoán chào bán;Tổng số lượng chứng khoán chào bán;Data Explorer;Chỉ tiêu cơ sở;TB;Ngày, CTCK;SCMS;;X;;;;;;;;;;
43;Chào bán phát hành >> Tổng hợp số liệu chào bán trái phiếu;Tổng số tiền dự kiến thu được (đồng);Tổng số tiền dự kiến thu được (đồng);Data Explorer;Chỉ tiêu cơ sở;TB;Ngày, CTCK;SCMS;;X;;;;;;;;;;
43;Chào bán phát hành >> Tổng hợp số liệu chào bán trái phiếu;"Ngày BCKQ
(Tháng/ngày/năm)";"Ngày BCKQ
(Tháng/ngày/năm)";Data Explorer;Chỉ tiêu cơ sở;TB;Ngày, CTCK;SCMS;;X;;;;;;;;;;
43;Chào bán phát hành >> Tổng hợp số liệu chào bán trái phiếu;"Gia hạn đến ngày
(Tháng/ngày/năm)";"Gia hạn đến ngày
(Tháng/ngày/năm)";Data Explorer;Chỉ tiêu cơ sở;TB;Ngày, CTCK;SCMS;;X;;;;;;;;;;
43;Chào bán phát hành >> Tổng hợp số liệu chào bán trái phiếu;Đánh giá;Đánh giá;Data Explorer;Chỉ tiêu cơ sở;TB;Ngày, CTCK;SCMS;;X;;;;;;;;;;
43;Chào bán phát hành >> Tổng hợp số liệu chào bán trái phiếu;Thực tế >> Đối tượng chào bán >> Cổ đông hiện hữu >> Số lượng;Thực tế >> Đối tượng chào bán >> Cổ đông hiện hữu >> Số lượng;Data Explorer;Chỉ tiêu cơ sở;TB;Ngày, CTCK;SCMS;;X;;;;;;;;;;
43;Chào bán phát hành >> Tổng hợp số liệu chào bán trái phiếu;Thực tế >> Đối tượng chào bán >> Cổ đông hiện hữu >> Giá (đồng);Thực tế >> Đối tượng chào bán >> Cổ đông hiện hữu >> Giá (đồng);Data Explorer;Chỉ tiêu cơ sở;TB;Ngày, CTCK;SCMS;;X;;;;;;;;;;
43;Chào bán phát hành >> Tổng hợp số liệu chào bán trái phiếu;Thực tế >> Đối tượng chào bán >> Cổ đông hiện hữu >> Giá trị (đồng);Thực tế >> Đối tượng chào bán >> Cổ đông hiện hữu >> Giá trị (đồng);Data Explorer;Chỉ tiêu cơ sở;TB;Ngày, CTCK;SCMS;;X;;;;;;;;;;
43;Chào bán phát hành >> Tổng hợp số liệu chào bán trái phiếu;Thực tế >> Đối tượng chào bán >> Cổ đông hiện hữu >> Số lượng nhà đầu tư nước ngoài tham gia;Thực tế >> Đối tượng chào bán >> Cổ đông hiện hữu >> Số lượng nhà đầu tư nước ngoài tham gia;Data Explorer;Chỉ tiêu cơ sở;TB;Ngày, CTCK;SCMS;;X;;;;;;;;;;
43;Chào bán phát hành >> Tổng hợp số liệu chào bán trái phiếu;Thực tế >> Đối tượng chào bán >> Cổ đông hiện hữu >> Giá trị phát hành cho nhà đầu tư nước ngoài (đồng);Thực tế >> Đối tượng chào bán >> Cổ đông hiện hữu >> Giá trị phát hành cho nhà đầu tư nước ngoài (đồng);Data Explorer;Chỉ tiêu cơ sở;TB;Ngày, CTCK;SCMS;;X;;;;;;;;;;
43;Chào bán phát hành >> Tổng hợp số liệu chào bán trái phiếu;Thực tế >> Đối tượng chào bán >> Chào bán riêng lẻ >> Số lượng;Thực tế >> Đối tượng chào bán >> Chào bán riêng lẻ >> Số lượng;Data Explorer;Chỉ tiêu cơ sở;TB;Ngày, CTCK;SCMS;;X;;;;;;;;;;
43;Chào bán phát hành >> Tổng hợp số liệu chào bán trái phiếu;Thực tế >> Đối tượng chào bán >> Chào bán riêng lẻ >> Giá (đồng);Thực tế >> Đối tượng chào bán >> Chào bán riêng lẻ >> Giá (đồng);Data Explorer;Chỉ tiêu cơ sở;TB;Ngày, CTCK;SCMS;;X;;;;;;;;;;
43;Chào bán phát hành >> Tổng hợp số liệu chào bán trái phiếu;Thực tế >> Đối tượng chào bán >> Chào bán riêng lẻ >> Giá trị (đồng);Thực tế >> Đối tượng chào bán >> Chào bán riêng lẻ >> Giá trị (đồng);Data Explorer;Chỉ tiêu cơ sở;TB;Ngày, CTCK;SCMS;;X;;;;;;;;;;
43;Chào bán phát hành >> Tổng hợp số liệu chào bán trái phiếu;Thực tế >> Đối tượng chào bán >> Chào bán riêng lẻ >> Đối tượng;Thực tế >> Đối tượng chào bán >> Chào bán riêng lẻ >> Đối tượng;Data Explorer;Chỉ tiêu cơ sở;TB;Ngày, CTCK;SCMS;;X;;;;;;;;;;
43;Chào bán phát hành >> Tổng hợp số liệu chào bán trái phiếu;Thực tế >> Đối tượng chào bán >> Chào bán riêng lẻ >> Số lượng nhà đầu tư nước ngoài tham gia;Thực tế >> Đối tượng chào bán >> Chào bán riêng lẻ >> Số lượng nhà đầu tư nước ngoài tham gia;Data Explorer;Chỉ tiêu cơ sở;TB;Ngày, CTCK;SCMS;;X;;;;;;;;;;
43;Chào bán phát hành >> Tổng hợp số liệu chào bán trái phiếu;Thực tế >> Đối tượng chào bán >> Chào bán riêng lẻ >> Giá trị phát hành cho nhà đầu tư nước ngoài (đồng);Thực tế >> Đối tượng chào bán >> Chào bán riêng lẻ >> Giá trị phát hành cho nhà đầu tư nước ngoài (đồng);Data Explorer;Chỉ tiêu cơ sở;TB;Ngày, CTCK;SCMS;;X;;;;;;;;;;
43;Chào bán phát hành >> Tổng hợp số liệu chào bán trái phiếu;Thực tế >> Đối tượng chào bán >> Đối tượng khác >> Đấu giá >> Số lượng;Thực tế >> Đối tượng chào bán >> Đối tượng khác >> Đấu giá >> Số lượng;Data Explorer;Chỉ tiêu cơ sở;TB;Ngày, CTCK;SCMS;;X;;;;;;;;;;
43;Chào bán phát hành >> Tổng hợp số liệu chào bán trái phiếu;Thực tế >> Đối tượng chào bán >> Đối tượng khác >> Đấu giá >> Giá bình quân (đồng);Thực tế >> Đối tượng chào bán >> Đối tượng khác >> Đấu giá >> Giá bình quân (đồng);Data Explorer;Chỉ tiêu cơ sở;TB;Ngày, CTCK;SCMS;;X;;;;;;;;;;
43;Chào bán phát hành >> Tổng hợp số liệu chào bán trái phiếu;Thực tế >> Đối tượng chào bán >> Đối tượng khác >> Đấu giá >> Giá trị (đồng);Thực tế >> Đối tượng chào bán >> Đối tượng khác >> Đấu giá >> Giá trị (đồng);Data Explorer;Chỉ tiêu cơ sở;TB;Ngày, CTCK;SCMS;;X;;;;;;;;;;
43;Chào bán phát hành >> Tổng hợp số liệu chào bán trái phiếu;Thực tế >> Đối tượng chào bán >> Đối tượng khác >> Đấu giá >> Số lượng nhà đầu tư nước ngoài tham gia;Thực tế >> Đối tượng chào bán >> Đối tượng khác >> Đấu giá >> Số lượng nhà đầu tư nước ngoài tham gia;Data Explorer;Chỉ tiêu cơ sở;TB;Ngày, CTCK;SCMS;;X;;;;;;;;;;
43;Chào bán phát hành >> Tổng hợp số liệu chào bán trái phiếu;Thực tế >> Đối tượng chào bán >> Đối tượng khác >> Đấu giá >> Giá trị phát hành cho nhà đầu tư nước ngoài (đồng);Thực tế >> Đối tượng chào bán >> Đối tượng khác >> Đấu giá >> Giá trị phát hành cho nhà đầu tư nước ngoài (đồng);Data Explorer;Chỉ tiêu cơ sở;TB;Ngày, CTCK;SCMS;;X;;;;;;;;;;
43;Chào bán phát hành >> Tổng hợp số liệu chào bán trái phiếu;Thực tế >> Đối tượng chào bán >> Đối tượng khác >> Khác >> Số lượng;Thực tế >> Đối tượng chào bán >> Đối tượng khác >> Khác >> Số lượng;Data Explorer;Chỉ tiêu cơ sở;TB;Ngày, CTCK;SCMS;;X;;;;;;;;;;
43;Chào bán phát hành >> Tổng hợp số liệu chào bán trái phiếu;Thực tế >> Đối tượng chào bán >> Đối tượng khác >> Khác >> Giá (đồng);Thực tế >> Đối tượng chào bán >> Đối tượng khác >> Khác >> Giá (đồng);Data Explorer;Chỉ tiêu cơ sở;TB;Ngày, CTCK;SCMS;;X;;;;;;;;;;
43;Chào bán phát hành >> Tổng hợp số liệu chào bán trái phiếu;Thực tế >> Đối tượng chào bán >> Đối tượng khác >> Khác >> Giá trị (đồng);Thực tế >> Đối tượng chào bán >> Đối tượng khác >> Khác >> Giá trị (đồng);Data Explorer;Chỉ tiêu cơ sở;TB;Ngày, CTCK;SCMS;;X;;;;;;;;;;
43;Chào bán phát hành >> Tổng hợp số liệu chào bán trái phiếu;Thực tế >> Đối tượng chào bán >> Đối tượng khác >> Khác >> Số lượng nhà đầu tư nước ngoài tham gia;Thực tế >> Đối tượng chào bán >> Đối tượng khác >> Khác >> Số lượng nhà đầu tư nước ngoài tham gia;Data Explorer;Chỉ tiêu cơ sở;TB;Ngày, CTCK;SCMS;;X;;;;;;;;;;
43;Chào bán phát hành >> Tổng hợp số liệu chào bán trái phiếu;Thực tế >> Đối tượng chào bán >> Đối tượng khác >> Khác >> Giá trị phát hành cho nhà đầu tư nước ngoài (đồng);Thực tế >> Đối tượng chào bán >> Đối tượng khác >> Khác >> Giá trị phát hành cho nhà đầu tư nước ngoài (đồng);Data Explorer;Chỉ tiêu cơ sở;TB;Ngày, CTCK;SCMS;;X;;;;;;;;;;
43;Chào bán phát hành >> Tổng hợp số liệu chào bán trái phiếu;Thực tế >> Đối tượng chào bán >> Phát hành trái phiếu ra thị trường quốc tế >> Số lượng;Thực tế >> Đối tượng chào bán >> Phát hành trái phiếu ra thị trường quốc tế >> Số lượng;Data Explorer;Chỉ tiêu cơ sở;TB;Ngày, CTCK;SCMS;;X;;;;;;;;;;
43;Chào bán phát hành >> Tổng hợp số liệu chào bán trái phiếu;Thực tế >> Đối tượng chào bán >> Phát hành trái phiếu ra thị trường quốc tế >> Giá (đồng);Thực tế >> Đối tượng chào bán >> Phát hành trái phiếu ra thị trường quốc tế >> Giá (đồng);Data Explorer;Chỉ tiêu cơ sở;TB;Ngày, CTCK;SCMS;;X;;;;;;;;;;
43;Chào bán phát hành >> Tổng hợp số liệu chào bán trái phiếu;Thực tế >> Đối tượng chào bán >> Phát hành trái phiếu ra thị trường quốc tế >> Giá trị (đồng);Thực tế >> Đối tượng chào bán >> Phát hành trái phiếu ra thị trường quốc tế >> Giá trị (đồng);Data Explorer;Chỉ tiêu cơ sở;TB;Ngày, CTCK;SCMS;;X;;;;;;;;;;
43;Chào bán phát hành >> Tổng hợp số liệu chào bán trái phiếu;Công ty thực hiện bảo lãnh;Công ty thực hiện bảo lãnh;Data Explorer;Chỉ tiêu cơ sở;TB;Ngày, CTCK;SCMS;;X;;;;;;;;;;
43;Chào bán phát hành >> Tổng hợp số liệu chào bán trái phiếu;Tổng số lượng chứng khoán chào bán;Tổng số lượng chứng khoán chào bán;Data Explorer;Chỉ tiêu cơ sở;TB;Ngày, CTCK;SCMS;;X;;;;;;;;;;
43;Chào bán phát hành >> Tổng hợp số liệu chào bán trái phiếu;"Mục đích sử dụng vốn
(Đối với doanh nghiệp không phải là công ty chứng khoán)";"Mục đích sử dụng vốn
(Đối với doanh nghiệp không phải là công ty chứng khoán)";Data Explorer;Chỉ tiêu cơ sở;TB;Ngày, CTCK;SCMS;;X;;;;;;;;;;
43;Chào bán phát hành >> Tổng hợp số liệu chào bán trái phiếu;Tổng số tiền thu được (đồng);Tổng số tiền thu được (đồng);Data Explorer;Chỉ tiêu cơ sở;TB;Ngày, CTCK;SCMS;;X;;;;;;;;;;
43;Chào bán phát hành >> Tổng hợp số liệu chào bán trái phiếu;"Bổ sung vốn cho Môi giới chứng khoán
(đồng)";"Bổ sung vốn cho Môi giới chứng khoán
(đồng)";Data Explorer;Chỉ tiêu cơ sở;TB;Ngày, CTCK;SCMS;;X;;;;;;;;;;
43;Chào bán phát hành >> Tổng hợp số liệu chào bán trái phiếu;"Bổ sung vốn cho Tự doanh chứng khoán
(đồng)";"Bổ sung vốn cho Tự doanh chứng khoán
(đồng)";Data Explorer;Chỉ tiêu cơ sở;TB;Ngày, CTCK;SCMS;;X;;;;;;;;;;
43;Chào bán phát hành >> Tổng hợp số liệu chào bán trái phiếu;Bổ sung vốn cho Bảo lãnh phát hành chứng khoán (đồng);Bổ sung vốn cho Bảo lãnh phát hành chứng khoán (đồng);Data Explorer;Chỉ tiêu cơ sở;TB;Ngày, CTCK;SCMS;;X;;;;;;;;;;
43;Chào bán phát hành >> Tổng hợp số liệu chào bán trái phiếu;Bổ sung vốn cho Tư vấn đầu tư chứng khoán (đồng);Bổ sung vốn cho Tư vấn đầu tư chứng khoán (đồng);Data Explorer;Chỉ tiêu cơ sở;TB;Ngày, CTCK;SCMS;;X;;;;;;;;;;
43;Chào bán phát hành >> Tổng hợp số liệu chào bán trái phiếu;Bổ sung vốn Cho vay margin (đồng);Bổ sung vốn Cho vay margin (đồng);Data Explorer;Chỉ tiêu cơ sở;TB;Ngày, CTCK;SCMS;;X;;;;;;;;;;
43;Chào bán phát hành >> Tổng hợp số liệu chào bán trái phiếu;Bổ sung vốn cho Ứng trước tiền bán (đồng);Bổ sung vốn cho Ứng trước tiền bán (đồng);Data Explorer;Chỉ tiêu cơ sở;TB;Ngày, CTCK;SCMS;;X;;;;;;;;;;
43;Chào bán phát hành >> Tổng hợp số liệu chào bán trái phiếu;Sử dụng vào mục đích khác (đồng);Sử dụng vào mục đích khác (đồng);Data Explorer;Chỉ tiêu cơ sở;TB;Ngày, CTCK;SCMS;;X;;;;;;;;;;
43;Chào bán phát hành >> Tổng hợp số liệu chào bán trái phiếu;Ghi chú;Ghi chú;Data Explorer;Chỉ tiêu cơ sở;TB;Ngày, CTCK;SCMS;;X;;;;;;;;;;
44;Báo cáo giám sát >> Tổng hợp chung về tình hình tuân thủ nghĩa vụ gửi báo cáo định kỳ - Báo cáo giám sát dựa trên rủi ro;Loại báo cáo;Loại báo cáo;Data Explorer;Chiều;Dễ;Ngày, CTCK;SCMS;X;X;;;;;;;;;;
44;Báo cáo giám sát >> Tổng hợp chung về tình hình tuân thủ nghĩa vụ gửi báo cáo định kỳ - Báo cáo giám sát dựa trên rủi ro;Kỳ báo cáo;Kỳ báo cáo;Data Explorer;Chiều;Dễ;Ngày, CTCK;SCMS;X;X;;;;;;;;;;
44;Báo cáo giám sát >> Tổng hợp chung về tình hình tuân thủ nghĩa vụ gửi báo cáo định kỳ - Báo cáo giám sát dựa trên rủi ro;Mã báo cáo;Mã báo cáo;Data Explorer;Chiều;Dễ;Ngày, CTCK;SCMS;X;X;;;;;;;;;;
44;Báo cáo giám sát >> Tổng hợp chung về tình hình tuân thủ nghĩa vụ gửi báo cáo định kỳ - Báo cáo giám sát dựa trên rủi ro;Tên báo cáo;Tên báo cáo;Data Explorer;Chiều;Dễ;Ngày, CTCK;SCMS;X;X;;;;;;;;;;
44;Báo cáo giám sát >> Tổng hợp chung về tình hình tuân thủ nghĩa vụ gửi báo cáo định kỳ - Báo cáo giám sát dựa trên rủi ro;Mã chỉ tiêu;Mã chỉ tiêu;Data Explorer;Chiều;Dễ;Ngày, CTCK;SCMS;X;X;;;;;;;;;;
44;Báo cáo giám sát >> Tổng hợp chung về tình hình tuân thủ nghĩa vụ gửi báo cáo định kỳ - Báo cáo giám sát dựa trên rủi ro;Tên chỉ tiêu;Tên chỉ tiêu;Data Explorer;Chiều;Dễ;Ngày, CTCK;SCMS;X;X;;;;;;;;;;
44;Báo cáo giám sát >> Tổng hợp chung về tình hình tuân thủ nghĩa vụ gửi báo cáo định kỳ - Báo cáo giám sát dựa trên rủi ro;Tên công ty chứng khoán;Tên công ty chứng khoán;Data Explorer;Chỉ tiêu cơ sở;Dễ;Ngày, CTCK;SCMS;;X;;;;;;;;;;
44;Báo cáo giám sát >> Tổng hợp chung về tình hình tuân thủ nghĩa vụ gửi báo cáo định kỳ - Báo cáo giám sát dựa trên rủi ro;Địa chỉ trụ sở chính;Địa chỉ trụ sở chính;Data Explorer;Chỉ tiêu cơ sở;Dễ;Ngày, CTCK;SCMS;;X;;;;;;;;;;
44;Báo cáo giám sát >> Tổng hợp chung về tình hình tuân thủ nghĩa vụ gửi báo cáo định kỳ - Báo cáo giám sát dựa trên rủi ro;Số điện thoại;Số điện thoại;Data Explorer;Chỉ tiêu cơ sở;Dễ;Ngày, CTCK;SCMS;;X;;;;;;;;;;
44;Báo cáo giám sát >> Tổng hợp chung về tình hình tuân thủ nghĩa vụ gửi báo cáo định kỳ - Báo cáo giám sát dựa trên rủi ro;"Số giấy phép thành lập và hoạt động 
lần đầu";"Số giấy phép thành lập và hoạt động 
lần đầu";Data Explorer;Chỉ tiêu cơ sở;Dễ;Ngày, CTCK;SCMS;;X;;;;;;;;;;
44;Báo cáo giám sát >> Tổng hợp chung về tình hình tuân thủ nghĩa vụ gửi báo cáo định kỳ - Báo cáo giám sát dựa trên rủi ro;"Ngày giấy phép lần đầu
(Tháng/ngày/năm)";"Ngày giấy phép lần đầu
(Tháng/ngày/năm)";Data Explorer;Chỉ tiêu cơ sở;Dễ;Ngày, CTCK;SCMS;;X;;;;;;;;;;
44;Báo cáo giám sát >> Tổng hợp chung về tình hình tuân thủ nghĩa vụ gửi báo cáo định kỳ - Báo cáo giám sát dựa trên rủi ro;Mã số doanh nghiệp;Mã số doanh nghiệp;Data Explorer;Chỉ tiêu cơ sở;Dễ;Ngày, CTCK;SCMS;;X;;;;;;;;;;
44;Báo cáo giám sát >> Tổng hợp chung về tình hình tuân thủ nghĩa vụ gửi báo cáo định kỳ - Báo cáo giám sát dựa trên rủi ro;Sàn giao dịch cổ phiếu;Sàn giao dịch cổ phiếu;Data Explorer;Chỉ tiêu cơ sở;Dễ;Ngày, CTCK;SCMS;;X;;;;;;;;;;
44;Báo cáo giám sát >> Tổng hợp chung về tình hình tuân thủ nghĩa vụ gửi báo cáo định kỳ - Báo cáo giám sát dựa trên rủi ro;Mã cổ phiếu;Mã cổ phiếu;Data Explorer;Chỉ tiêu cơ sở;Dễ;Ngày, CTCK;SCMS;;X;;;;;;;;;;
44;Báo cáo giám sát >> Tổng hợp chung về tình hình tuân thủ nghĩa vụ gửi báo cáo định kỳ - Báo cáo giám sát dựa trên rủi ro;Vốn điều lệ (Đồng);Vốn điều lệ (Đồng);Data Explorer;Chỉ tiêu cơ sở;Dễ;Ngày, CTCK;SCMS;;X;;;;;;;;;;
44;Báo cáo giám sát >> Tổng hợp chung về tình hình tuân thủ nghĩa vụ gửi báo cáo định kỳ - Báo cáo giám sát dựa trên rủi ro;Website;Website;Data Explorer;Chỉ tiêu cơ sở;Dễ;Ngày, CTCK;SCMS;;X;;;;;;;;;;
44;Báo cáo giám sát >> Tổng hợp chung về tình hình tuân thủ nghĩa vụ gửi báo cáo định kỳ - Báo cáo giám sát dựa trên rủi ro;Trạng thái hoạt động;Trạng thái hoạt động;Data Explorer;Chỉ tiêu cơ sở;Dễ;Ngày, CTCK;SCMS;;X;;;;;;;;;;
44;Báo cáo giám sát >> Tổng hợp chung về tình hình tuân thủ nghĩa vụ gửi báo cáo định kỳ - Báo cáo giám sát dựa trên rủi ro;Nghiệp vụ được phép hoạt động >> Môi giới chứng khoán;Nghiệp vụ được phép hoạt động >> Môi giới chứng khoán;Data Explorer;Chỉ tiêu cơ sở;TB;Ngày, CTCK;SCMS;;X;;;;;;;;;;
44;Báo cáo giám sát >> Tổng hợp chung về tình hình tuân thủ nghĩa vụ gửi báo cáo định kỳ - Báo cáo giám sát dựa trên rủi ro;Nghiệp vụ được phép hoạt động >> Tự doanh chứng khoán;Nghiệp vụ được phép hoạt động >> Tự doanh chứng khoán;Data Explorer;Chỉ tiêu cơ sở;TB;Ngày, CTCK;SCMS;;X;;;;;;;;;;
44;Báo cáo giám sát >> Tổng hợp chung về tình hình tuân thủ nghĩa vụ gửi báo cáo định kỳ - Báo cáo giám sát dựa trên rủi ro;Nghiệp vụ được phép hoạt động >> Bảo lãnh phát hành chứng khoán;Nghiệp vụ được phép hoạt động >> Bảo lãnh phát hành chứng khoán;Data Explorer;Chỉ tiêu cơ sở;TB;Ngày, CTCK;SCMS;;X;;;;;;;;;;
44;Báo cáo giám sát >> Tổng hợp chung về tình hình tuân thủ nghĩa vụ gửi báo cáo định kỳ - Báo cáo giám sát dựa trên rủi ro;Nghiệp vụ được phép hoạt động >> Tư vấn đầu tư chứng khoán;Nghiệp vụ được phép hoạt động >> Tư vấn đầu tư chứng khoán;Data Explorer;Chỉ tiêu cơ sở;TB;Ngày, CTCK;SCMS;;X;;;;;;;;;;
44;Báo cáo giám sát >> Tổng hợp chung về tình hình tuân thủ nghĩa vụ gửi báo cáo định kỳ - Báo cáo giám sát dựa trên rủi ro;Hoạt động kinh doanh chứng khoán phái sinh >> Giấy chứng nhận kinh doanh phái sinh;Hoạt động kinh doanh chứng khoán phái sinh >> Giấy chứng nhận kinh doanh phái sinh;Data Explorer;Chỉ tiêu cơ sở;TB;Ngày, CTCK;SCMS;;X;;;;;;;;;;
44;Báo cáo giám sát >> Tổng hợp chung về tình hình tuân thủ nghĩa vụ gửi báo cáo định kỳ - Báo cáo giám sát dựa trên rủi ro;Hoạt động kinh doanh chứng khoán phái sinh >> Môi giới phái sinh;Hoạt động kinh doanh chứng khoán phái sinh >> Môi giới phái sinh;Data Explorer;Chỉ tiêu cơ sở;TB;Ngày, CTCK;SCMS;;X;;;;;;;;;;
44;Báo cáo giám sát >> Tổng hợp chung về tình hình tuân thủ nghĩa vụ gửi báo cáo định kỳ - Báo cáo giám sát dựa trên rủi ro;Hoạt động kinh doanh chứng khoán phái sinh >> Tự doanh chứng khoán;Hoạt động kinh doanh chứng khoán phái sinh >> Tự doanh chứng khoán;Data Explorer;Chỉ tiêu cơ sở;TB;Ngày, CTCK;SCMS;;X;;;;;;;;;;
44;Báo cáo giám sát >> Tổng hợp chung về tình hình tuân thủ nghĩa vụ gửi báo cáo định kỳ - Báo cáo giám sát dựa trên rủi ro;Hoạt động kinh doanh chứng khoán phái sinh >> Tư vấn đầu tư chứng khoán;Hoạt động kinh doanh chứng khoán phái sinh >> Tư vấn đầu tư chứng khoán;Data Explorer;Chỉ tiêu cơ sở;TB;Ngày, CTCK;SCMS;;X;;;;;;;;;;
45;Báo cáo giám sát >> Tổng hợp chung về tình hình tuân thủ nghĩa vụ gửi báo cáo định kỳ - Báo cáo duy trì điều kiện chi nhánh, phòng giao dịch;Loại báo cáo;Loại báo cáo;Data Explorer;Chiều;Dễ;Ngày, CTCK;SCMS;X;X;;;;;;;;;;
45;Báo cáo giám sát >> Tổng hợp chung về tình hình tuân thủ nghĩa vụ gửi báo cáo định kỳ - Báo cáo duy trì điều kiện chi nhánh, phòng giao dịch;Kỳ báo cáo;Kỳ báo cáo;Data Explorer;Chiều;Dễ;Ngày, CTCK;SCMS;X;X;;;;;;;;;;
45;Báo cáo giám sát >> Tổng hợp chung về tình hình tuân thủ nghĩa vụ gửi báo cáo định kỳ - Báo cáo duy trì điều kiện chi nhánh, phòng giao dịch;Mã báo cáo;Mã báo cáo;Data Explorer;Chiều;Dễ;Ngày, CTCK;SCMS;X;X;;;;;;;;;;
45;Báo cáo giám sát >> Tổng hợp chung về tình hình tuân thủ nghĩa vụ gửi báo cáo định kỳ - Báo cáo duy trì điều kiện chi nhánh, phòng giao dịch;Tên báo cáo;Tên báo cáo;Data Explorer;Chiều;Dễ;Ngày, CTCK;SCMS;X;X;;;;;;;;;;
45;Báo cáo giám sát >> Tổng hợp chung về tình hình tuân thủ nghĩa vụ gửi báo cáo định kỳ - Báo cáo duy trì điều kiện chi nhánh, phòng giao dịch;Mã chỉ tiêu;Mã chỉ tiêu;Data Explorer;Chiều;Dễ;Ngày, CTCK;SCMS;X;X;;;;;;;;;;
45;Báo cáo giám sát >> Tổng hợp chung về tình hình tuân thủ nghĩa vụ gửi báo cáo định kỳ - Báo cáo duy trì điều kiện chi nhánh, phòng giao dịch;Tên chỉ tiêu;Tên chỉ tiêu;Data Explorer;Chiều;Dễ;Ngày, CTCK;SCMS;X;X;;;;;;;;;;
45;Báo cáo giám sát >> Tổng hợp chung về tình hình tuân thủ nghĩa vụ gửi báo cáo định kỳ - Báo cáo duy trì điều kiện chi nhánh, phòng giao dịch;Tên công ty chứng khoán;Tên công ty chứng khoán;Data Explorer;Chỉ tiêu cơ sở;Dễ;Ngày, CTCK;SCMS;;X;;;;;;;;;;
45;Báo cáo giám sát >> Tổng hợp chung về tình hình tuân thủ nghĩa vụ gửi báo cáo định kỳ - Báo cáo duy trì điều kiện chi nhánh, phòng giao dịch;Địa chỉ trụ sở chính;Địa chỉ trụ sở chính;Data Explorer;Chỉ tiêu cơ sở;Dễ;Ngày, CTCK;SCMS;;X;;;;;;;;;;
45;Báo cáo giám sát >> Tổng hợp chung về tình hình tuân thủ nghĩa vụ gửi báo cáo định kỳ - Báo cáo duy trì điều kiện chi nhánh, phòng giao dịch;Số điện thoại;Số điện thoại;Data Explorer;Chỉ tiêu cơ sở;Dễ;Ngày, CTCK;SCMS;;X;;;;;;;;;;
45;Báo cáo giám sát >> Tổng hợp chung về tình hình tuân thủ nghĩa vụ gửi báo cáo định kỳ - Báo cáo duy trì điều kiện chi nhánh, phòng giao dịch;"Số giấy phép thành lập và hoạt động 
lần đầu";"Số giấy phép thành lập và hoạt động 
lần đầu";Data Explorer;Chỉ tiêu cơ sở;Dễ;Ngày, CTCK;SCMS;;X;;;;;;;;;;
45;Báo cáo giám sát >> Tổng hợp chung về tình hình tuân thủ nghĩa vụ gửi báo cáo định kỳ - Báo cáo duy trì điều kiện chi nhánh, phòng giao dịch;"Ngày giấy phép lần đầu
(Tháng/ngày/năm)";"Ngày giấy phép lần đầu
(Tháng/ngày/năm)";Data Explorer;Chỉ tiêu cơ sở;Dễ;Ngày, CTCK;SCMS;;X;;;;;;;;;;
45;Báo cáo giám sát >> Tổng hợp chung về tình hình tuân thủ nghĩa vụ gửi báo cáo định kỳ - Báo cáo duy trì điều kiện chi nhánh, phòng giao dịch;Mã số doanh nghiệp;Mã số doanh nghiệp;Data Explorer;Chỉ tiêu cơ sở;Dễ;Ngày, CTCK;SCMS;;X;;;;;;;;;;
45;Báo cáo giám sát >> Tổng hợp chung về tình hình tuân thủ nghĩa vụ gửi báo cáo định kỳ - Báo cáo duy trì điều kiện chi nhánh, phòng giao dịch;Sàn giao dịch cổ phiếu;Sàn giao dịch cổ phiếu;Data Explorer;Chỉ tiêu cơ sở;Dễ;Ngày, CTCK;SCMS;;X;;;;;;;;;;
45;Báo cáo giám sát >> Tổng hợp chung về tình hình tuân thủ nghĩa vụ gửi báo cáo định kỳ - Báo cáo duy trì điều kiện chi nhánh, phòng giao dịch;Mã cổ phiếu;Mã cổ phiếu;Data Explorer;Chỉ tiêu cơ sở;Dễ;Ngày, CTCK;SCMS;;X;;;;;;;;;;
45;Báo cáo giám sát >> Tổng hợp chung về tình hình tuân thủ nghĩa vụ gửi báo cáo định kỳ - Báo cáo duy trì điều kiện chi nhánh, phòng giao dịch;Vốn điều lệ (Đồng);Vốn điều lệ (Đồng);Data Explorer;Chỉ tiêu cơ sở;Dễ;Ngày, CTCK;SCMS;;X;;;;;;;;;;
45;Báo cáo giám sát >> Tổng hợp chung về tình hình tuân thủ nghĩa vụ gửi báo cáo định kỳ - Báo cáo duy trì điều kiện chi nhánh, phòng giao dịch;Website;Website;Data Explorer;Chỉ tiêu cơ sở;Dễ;Ngày, CTCK;SCMS;;X;;;;;;;;;;
45;Báo cáo giám sát >> Tổng hợp chung về tình hình tuân thủ nghĩa vụ gửi báo cáo định kỳ - Báo cáo duy trì điều kiện chi nhánh, phòng giao dịch;Trạng thái hoạt động;Trạng thái hoạt động;Data Explorer;Chỉ tiêu cơ sở;Dễ;Ngày, CTCK;SCMS;;X;;;;;;;;;;
45;Báo cáo giám sát >> Tổng hợp chung về tình hình tuân thủ nghĩa vụ gửi báo cáo định kỳ - Báo cáo duy trì điều kiện chi nhánh, phòng giao dịch;Nghiệp vụ được phép hoạt động >> Môi giới chứng khoán;Nghiệp vụ được phép hoạt động >> Môi giới chứng khoán;Data Explorer;Chỉ tiêu cơ sở;TB;Ngày, CTCK;SCMS;;X;;;;;;;;;;
45;Báo cáo giám sát >> Tổng hợp chung về tình hình tuân thủ nghĩa vụ gửi báo cáo định kỳ - Báo cáo duy trì điều kiện chi nhánh, phòng giao dịch;Nghiệp vụ được phép hoạt động >> Tự doanh chứng khoán;Nghiệp vụ được phép hoạt động >> Tự doanh chứng khoán;Data Explorer;Chỉ tiêu cơ sở;TB;Ngày, CTCK;SCMS;;X;;;;;;;;;;
45;Báo cáo giám sát >> Tổng hợp chung về tình hình tuân thủ nghĩa vụ gửi báo cáo định kỳ - Báo cáo duy trì điều kiện chi nhánh, phòng giao dịch;Nghiệp vụ được phép hoạt động >> Bảo lãnh phát hành chứng khoán;Nghiệp vụ được phép hoạt động >> Bảo lãnh phát hành chứng khoán;Data Explorer;Chỉ tiêu cơ sở;TB;Ngày, CTCK;SCMS;;X;;;;;;;;;;
45;Báo cáo giám sát >> Tổng hợp chung về tình hình tuân thủ nghĩa vụ gửi báo cáo định kỳ - Báo cáo duy trì điều kiện chi nhánh, phòng giao dịch;Nghiệp vụ được phép hoạt động >> Tư vấn đầu tư chứng khoán;Nghiệp vụ được phép hoạt động >> Tư vấn đầu tư chứng khoán;Data Explorer;Chỉ tiêu cơ sở;TB;Ngày, CTCK;SCMS;;X;;;;;;;;;;
45;Báo cáo giám sát >> Tổng hợp chung về tình hình tuân thủ nghĩa vụ gửi báo cáo định kỳ - Báo cáo duy trì điều kiện chi nhánh, phòng giao dịch;Hoạt động kinh doanh chứng khoán phái sinh >> Giấy chứng nhận kinh doanh phái sinh;Hoạt động kinh doanh chứng khoán phái sinh >> Giấy chứng nhận kinh doanh phái sinh;Data Explorer;Chỉ tiêu cơ sở;TB;Ngày, CTCK;SCMS;;X;;;;;;;;;;
45;Báo cáo giám sát >> Tổng hợp chung về tình hình tuân thủ nghĩa vụ gửi báo cáo định kỳ - Báo cáo duy trì điều kiện chi nhánh, phòng giao dịch;Hoạt động kinh doanh chứng khoán phái sinh >> Môi giới phái sinh;Hoạt động kinh doanh chứng khoán phái sinh >> Môi giới phái sinh;Data Explorer;Chỉ tiêu cơ sở;TB;Ngày, CTCK;SCMS;;X;;;;;;;;;;
45;Báo cáo giám sát >> Tổng hợp chung về tình hình tuân thủ nghĩa vụ gửi báo cáo định kỳ - Báo cáo duy trì điều kiện chi nhánh, phòng giao dịch;Hoạt động kinh doanh chứng khoán phái sinh >> Tự doanh chứng khoán;Hoạt động kinh doanh chứng khoán phái sinh >> Tự doanh chứng khoán;Data Explorer;Chỉ tiêu cơ sở;TB;Ngày, CTCK;SCMS;;X;;;;;;;;;;
45;Báo cáo giám sát >> Tổng hợp chung về tình hình tuân thủ nghĩa vụ gửi báo cáo định kỳ - Báo cáo duy trì điều kiện chi nhánh, phòng giao dịch;Hoạt động kinh doanh chứng khoán phái sinh >> Tư vấn đầu tư chứng khoán;Hoạt động kinh doanh chứng khoán phái sinh >> Tư vấn đầu tư chứng khoán;Data Explorer;Chỉ tiêu cơ sở;TB;Ngày, CTCK;SCMS;;X;;;;;;;;;;
45;Báo cáo giám sát >> Tổng hợp chung về tình hình tuân thủ nghĩa vụ gửi báo cáo định kỳ - Báo cáo duy trì điều kiện chi nhánh, phòng giao dịch;Chi nhánh >> Nghiệp vụ được ủy quyền cho chi nhánh >> Môi giới chứng khoán;Chi nhánh >> Nghiệp vụ được ủy quyền cho chi nhánh >> Môi giới chứng khoán;Data Explorer;Chỉ tiêu cơ sở;TB;Ngày, CTCK;SCMS;;X;;;;;;;;;;
45;Báo cáo giám sát >> Tổng hợp chung về tình hình tuân thủ nghĩa vụ gửi báo cáo định kỳ - Báo cáo duy trì điều kiện chi nhánh, phòng giao dịch;Chi nhánh >> Nghiệp vụ được ủy quyền cho chi nhánh >> Tự doanh chứng khoán;Chi nhánh >> Nghiệp vụ được ủy quyền cho chi nhánh >> Tự doanh chứng khoán;Data Explorer;Chỉ tiêu cơ sở;TB;Ngày, CTCK;SCMS;;X;;;;;;;;;;
45;Báo cáo giám sát >> Tổng hợp chung về tình hình tuân thủ nghĩa vụ gửi báo cáo định kỳ - Báo cáo duy trì điều kiện chi nhánh, phòng giao dịch;Chi nhánh >> Nghiệp vụ được ủy quyền cho chi nhánh >> Bảo lãnh phát hành chứng khoán;Chi nhánh >> Nghiệp vụ được ủy quyền cho chi nhánh >> Bảo lãnh phát hành chứng khoán;Data Explorer;Chỉ tiêu cơ sở;TB;Ngày, CTCK;SCMS;;X;;;;;;;;;;
45;Báo cáo giám sát >> Tổng hợp chung về tình hình tuân thủ nghĩa vụ gửi báo cáo định kỳ - Báo cáo duy trì điều kiện chi nhánh, phòng giao dịch;Chi nhánh >> Nghiệp vụ được ủy quyền cho chi nhánh >> Tư vấn đầu tư chứng khoán;Chi nhánh >> Nghiệp vụ được ủy quyền cho chi nhánh >> Tư vấn đầu tư chứng khoán;Data Explorer;Chỉ tiêu cơ sở;TB;Ngày, CTCK;SCMS;;X;;;;;;;;;;
45;Báo cáo giám sát >> Tổng hợp chung về tình hình tuân thủ nghĩa vụ gửi báo cáo định kỳ - Báo cáo duy trì điều kiện chi nhánh, phòng giao dịch;Phòng giao dịch >> Tên trụ sở hoặc tên chi nhánh được hỗ trợ;Phòng giao dịch >> Tên trụ sở hoặc tên chi nhánh được hỗ trợ;Data Explorer;Chỉ tiêu cơ sở;TB;Ngày, CTCK;SCMS;;X;;;;;;;;;;
45;Báo cáo giám sát >> Tổng hợp chung về tình hình tuân thủ nghĩa vụ gửi báo cáo định kỳ - Báo cáo duy trì điều kiện chi nhánh, phòng giao dịch;Phòng giao dịch >> Nghiệp vụ hỗ trợ >> Môi giới chứng khoán;Phòng giao dịch >> Nghiệp vụ hỗ trợ >> Môi giới chứng khoán;Data Explorer;Chỉ tiêu cơ sở;TB;Ngày, CTCK;SCMS;;X;;;;;;;;;;
45;Báo cáo giám sát >> Tổng hợp chung về tình hình tuân thủ nghĩa vụ gửi báo cáo định kỳ - Báo cáo duy trì điều kiện chi nhánh, phòng giao dịch;Phòng giao dịch >> Nghiệp vụ hỗ trợ >> Tư vấn đầu tư chứng khoán;Phòng giao dịch >> Nghiệp vụ hỗ trợ >> Tư vấn đầu tư chứng khoán;Data Explorer;Chỉ tiêu cơ sở;TB;Ngày, CTCK;SCMS;;X;;;;;;;;;;
45;Báo cáo giám sát >> Tổng hợp chung về tình hình tuân thủ nghĩa vụ gửi báo cáo định kỳ - Báo cáo duy trì điều kiện chi nhánh, phòng giao dịch;Phòng giao dịch >> Nghiệp vụ hỗ trợ >> Lưu ký chứng khoán;Phòng giao dịch >> Nghiệp vụ hỗ trợ >> Lưu ký chứng khoán;Data Explorer;Chỉ tiêu cơ sở;TB;Ngày, CTCK;SCMS;;X;;;;;;;;;;
46;Báo cáo giám sát >> Tổng hợp chung về tình hình tuân thủ nghĩa vụ gửi báo cáo định kỳ - Báo cáo giám sát duy trì điều kiện cấp phái sinh;Loại báo cáo;Loại báo cáo;Data Explorer;Chiều;Dễ;Ngày, CTCK;SCMS;X;X;;;;;;;;;;
46;Báo cáo giám sát >> Tổng hợp chung về tình hình tuân thủ nghĩa vụ gửi báo cáo định kỳ - Báo cáo giám sát duy trì điều kiện cấp phái sinh;Kỳ báo cáo;Kỳ báo cáo;Data Explorer;Chiều;Dễ;Ngày, CTCK;SCMS;X;X;;;;;;;;;;
46;Báo cáo giám sát >> Tổng hợp chung về tình hình tuân thủ nghĩa vụ gửi báo cáo định kỳ - Báo cáo giám sát duy trì điều kiện cấp phái sinh;Mã báo cáo;Mã báo cáo;Data Explorer;Chiều;Dễ;Ngày, CTCK;SCMS;X;X;;;;;;;;;;
46;Báo cáo giám sát >> Tổng hợp chung về tình hình tuân thủ nghĩa vụ gửi báo cáo định kỳ - Báo cáo giám sát duy trì điều kiện cấp phái sinh;Tên báo cáo;Tên báo cáo;Data Explorer;Chiều;Dễ;Ngày, CTCK;SCMS;X;X;;;;;;;;;;
46;Báo cáo giám sát >> Tổng hợp chung về tình hình tuân thủ nghĩa vụ gửi báo cáo định kỳ - Báo cáo giám sát duy trì điều kiện cấp phái sinh;Mã chỉ tiêu;Mã chỉ tiêu;Data Explorer;Chiều;Dễ;Ngày, CTCK;SCMS;X;X;;;;;;;;;;
46;Báo cáo giám sát >> Tổng hợp chung về tình hình tuân thủ nghĩa vụ gửi báo cáo định kỳ - Báo cáo giám sát duy trì điều kiện cấp phái sinh;Tên chỉ tiêu;Tên chỉ tiêu;Data Explorer;Chiều;Dễ;Ngày, CTCK;SCMS;X;X;;;;;;;;;;
46;Báo cáo giám sát >> Tổng hợp chung về tình hình tuân thủ nghĩa vụ gửi báo cáo định kỳ - Báo cáo giám sát duy trì điều kiện cấp phái sinh;Tên công ty chứng khoán;Tên công ty chứng khoán;Data Explorer;Chỉ tiêu cơ sở;Dễ;Ngày, CTCK;SCMS;;X;;;;;;;;;;
46;Báo cáo giám sát >> Tổng hợp chung về tình hình tuân thủ nghĩa vụ gửi báo cáo định kỳ - Báo cáo giám sát duy trì điều kiện cấp phái sinh;Địa chỉ trụ sở chính;Địa chỉ trụ sở chính;Data Explorer;Chỉ tiêu cơ sở;Dễ;Ngày, CTCK;SCMS;;X;;;;;;;;;;
46;Báo cáo giám sát >> Tổng hợp chung về tình hình tuân thủ nghĩa vụ gửi báo cáo định kỳ - Báo cáo giám sát duy trì điều kiện cấp phái sinh;Số điện thoại;Số điện thoại;Data Explorer;Chỉ tiêu cơ sở;Dễ;Ngày, CTCK;SCMS;;X;;;;;;;;;;
46;Báo cáo giám sát >> Tổng hợp chung về tình hình tuân thủ nghĩa vụ gửi báo cáo định kỳ - Báo cáo giám sát duy trì điều kiện cấp phái sinh;"Số giấy phép thành lập và hoạt động 
lần đầu";"Số giấy phép thành lập và hoạt động 
lần đầu";Data Explorer;Chỉ tiêu cơ sở;Dễ;Ngày, CTCK;SCMS;;X;;;;;;;;;;
46;Báo cáo giám sát >> Tổng hợp chung về tình hình tuân thủ nghĩa vụ gửi báo cáo định kỳ - Báo cáo giám sát duy trì điều kiện cấp phái sinh;"Ngày giấy phép lần đầu
(Tháng/ngày/năm)";"Ngày giấy phép lần đầu
(Tháng/ngày/năm)";Data Explorer;Chỉ tiêu cơ sở;Dễ;Ngày, CTCK;SCMS;;X;;;;;;;;;;
46;Báo cáo giám sát >> Tổng hợp chung về tình hình tuân thủ nghĩa vụ gửi báo cáo định kỳ - Báo cáo giám sát duy trì điều kiện cấp phái sinh;Mã số doanh nghiệp;Mã số doanh nghiệp;Data Explorer;Chỉ tiêu cơ sở;Dễ;Ngày, CTCK;SCMS;;X;;;;;;;;;;
46;Báo cáo giám sát >> Tổng hợp chung về tình hình tuân thủ nghĩa vụ gửi báo cáo định kỳ - Báo cáo giám sát duy trì điều kiện cấp phái sinh;Sàn giao dịch cổ phiếu;Sàn giao dịch cổ phiếu;Data Explorer;Chỉ tiêu cơ sở;Dễ;Ngày, CTCK;SCMS;;X;;;;;;;;;;
46;Báo cáo giám sát >> Tổng hợp chung về tình hình tuân thủ nghĩa vụ gửi báo cáo định kỳ - Báo cáo giám sát duy trì điều kiện cấp phái sinh;Mã cổ phiếu;Mã cổ phiếu;Data Explorer;Chỉ tiêu cơ sở;Dễ;Ngày, CTCK;SCMS;;X;;;;;;;;;;
46;Báo cáo giám sát >> Tổng hợp chung về tình hình tuân thủ nghĩa vụ gửi báo cáo định kỳ - Báo cáo giám sát duy trì điều kiện cấp phái sinh;Vốn điều lệ (Đồng);Vốn điều lệ (Đồng);Data Explorer;Chỉ tiêu cơ sở;Dễ;Ngày, CTCK;SCMS;;X;;;;;;;;;;
46;Báo cáo giám sát >> Tổng hợp chung về tình hình tuân thủ nghĩa vụ gửi báo cáo định kỳ - Báo cáo giám sát duy trì điều kiện cấp phái sinh;Website;Website;Data Explorer;Chỉ tiêu cơ sở;Dễ;Ngày, CTCK;SCMS;;X;;;;;;;;;;
46;Báo cáo giám sát >> Tổng hợp chung về tình hình tuân thủ nghĩa vụ gửi báo cáo định kỳ - Báo cáo giám sát duy trì điều kiện cấp phái sinh;Trạng thái hoạt động;Trạng thái hoạt động;Data Explorer;Chỉ tiêu cơ sở;Dễ;Ngày, CTCK;SCMS;;X;;;;;;;;;;
46;Báo cáo giám sát >> Tổng hợp chung về tình hình tuân thủ nghĩa vụ gửi báo cáo định kỳ - Báo cáo giám sát duy trì điều kiện cấp phái sinh;Nghiệp vụ được phép hoạt động >> Môi giới chứng khoán;Nghiệp vụ được phép hoạt động >> Môi giới chứng khoán;Data Explorer;Chỉ tiêu cơ sở;TB;Ngày, CTCK;SCMS;;X;;;;;;;;;;
46;Báo cáo giám sát >> Tổng hợp chung về tình hình tuân thủ nghĩa vụ gửi báo cáo định kỳ - Báo cáo giám sát duy trì điều kiện cấp phái sinh;Nghiệp vụ được phép hoạt động >> Tự doanh chứng khoán;Nghiệp vụ được phép hoạt động >> Tự doanh chứng khoán;Data Explorer;Chỉ tiêu cơ sở;TB;Ngày, CTCK;SCMS;;X;;;;;;;;;;
46;Báo cáo giám sát >> Tổng hợp chung về tình hình tuân thủ nghĩa vụ gửi báo cáo định kỳ - Báo cáo giám sát duy trì điều kiện cấp phái sinh;Nghiệp vụ được phép hoạt động >> Bảo lãnh phát hành chứng khoán;Nghiệp vụ được phép hoạt động >> Bảo lãnh phát hành chứng khoán;Data Explorer;Chỉ tiêu cơ sở;TB;Ngày, CTCK;SCMS;;X;;;;;;;;;;
46;Báo cáo giám sát >> Tổng hợp chung về tình hình tuân thủ nghĩa vụ gửi báo cáo định kỳ - Báo cáo giám sát duy trì điều kiện cấp phái sinh;Nghiệp vụ được phép hoạt động >> Tư vấn đầu tư chứng khoán;Nghiệp vụ được phép hoạt động >> Tư vấn đầu tư chứng khoán;Data Explorer;Chỉ tiêu cơ sở;TB;Ngày, CTCK;SCMS;;X;;;;;;;;;;
46;Báo cáo giám sát >> Tổng hợp chung về tình hình tuân thủ nghĩa vụ gửi báo cáo định kỳ - Báo cáo giám sát duy trì điều kiện cấp phái sinh;Hoạt động kinh doanh chứng khoán phái sinh >> Giấy chứng nhận kinh doanh phái sinh;Hoạt động kinh doanh chứng khoán phái sinh >> Giấy chứng nhận kinh doanh phái sinh;Data Explorer;Chỉ tiêu cơ sở;TB;Ngày, CTCK;SCMS;;X;;;;;;;;;;
46;Báo cáo giám sát >> Tổng hợp chung về tình hình tuân thủ nghĩa vụ gửi báo cáo định kỳ - Báo cáo giám sát duy trì điều kiện cấp phái sinh;Hoạt động kinh doanh chứng khoán phái sinh >> Môi giới phái sinh;Hoạt động kinh doanh chứng khoán phái sinh >> Môi giới phái sinh;Data Explorer;Chỉ tiêu cơ sở;TB;Ngày, CTCK;SCMS;;X;;;;;;;;;;
46;Báo cáo giám sát >> Tổng hợp chung về tình hình tuân thủ nghĩa vụ gửi báo cáo định kỳ - Báo cáo giám sát duy trì điều kiện cấp phái sinh;Hoạt động kinh doanh chứng khoán phái sinh >> Tự doanh chứng khoán;Hoạt động kinh doanh chứng khoán phái sinh >> Tự doanh chứng khoán;Data Explorer;Chỉ tiêu cơ sở;TB;Ngày, CTCK;SCMS;;X;;;;;;;;;;
46;Báo cáo giám sát >> Tổng hợp chung về tình hình tuân thủ nghĩa vụ gửi báo cáo định kỳ - Báo cáo giám sát duy trì điều kiện cấp phái sinh;Hoạt động kinh doanh chứng khoán phái sinh >> Tư vấn đầu tư chứng khoán;Hoạt động kinh doanh chứng khoán phái sinh >> Tư vấn đầu tư chứng khoán;Data Explorer;Chỉ tiêu cơ sở;TB;Ngày, CTCK;SCMS;;X;;;;;;;;;;
47;Báo cáo giám sát >> Tổng hợp chung về tình hình tuân thủ nghĩa vụ gửi báo cáo định kỳ - Báo cáo giám sát duy trì điều kiện giấy phép thành lập;Loại báo cáo;Loại báo cáo;Data Explorer;Chiều;Dễ;Ngày, CTCK;SCMS;X;X;;;;;;;;;;
47;Báo cáo giám sát >> Tổng hợp chung về tình hình tuân thủ nghĩa vụ gửi báo cáo định kỳ - Báo cáo giám sát duy trì điều kiện giấy phép thành lập;Kỳ báo cáo;Kỳ báo cáo;Data Explorer;Chiều;Dễ;Ngày, CTCK;SCMS;X;X;;;;;;;;;;
47;Báo cáo giám sát >> Tổng hợp chung về tình hình tuân thủ nghĩa vụ gửi báo cáo định kỳ - Báo cáo giám sát duy trì điều kiện giấy phép thành lập;Mã báo cáo;Mã báo cáo;Data Explorer;Chiều;Dễ;Ngày, CTCK;SCMS;X;X;;;;;;;;;;
47;Báo cáo giám sát >> Tổng hợp chung về tình hình tuân thủ nghĩa vụ gửi báo cáo định kỳ - Báo cáo giám sát duy trì điều kiện giấy phép thành lập;Tên báo cáo;Tên báo cáo;Data Explorer;Chiều;Dễ;Ngày, CTCK;SCMS;X;X;;;;;;;;;;
47;Báo cáo giám sát >> Tổng hợp chung về tình hình tuân thủ nghĩa vụ gửi báo cáo định kỳ - Báo cáo giám sát duy trì điều kiện giấy phép thành lập;Mã chỉ tiêu;Mã chỉ tiêu;Data Explorer;Chiều;Dễ;Ngày, CTCK;SCMS;X;X;;;;;;;;;;
47;Báo cáo giám sát >> Tổng hợp chung về tình hình tuân thủ nghĩa vụ gửi báo cáo định kỳ - Báo cáo giám sát duy trì điều kiện giấy phép thành lập;Tên chỉ tiêu;Tên chỉ tiêu;Data Explorer;Chiều;Dễ;Ngày, CTCK;SCMS;X;X;;;;;;;;;;
47;Báo cáo giám sát >> Tổng hợp chung về tình hình tuân thủ nghĩa vụ gửi báo cáo định kỳ - Báo cáo giám sát duy trì điều kiện giấy phép thành lập;Tên công ty chứng khoán;Tên công ty chứng khoán;Data Explorer;Chỉ tiêu cơ sở;Dễ;Ngày, CTCK;SCMS;;X;;;;;;;;;;
47;Báo cáo giám sát >> Tổng hợp chung về tình hình tuân thủ nghĩa vụ gửi báo cáo định kỳ - Báo cáo giám sát duy trì điều kiện giấy phép thành lập;Địa chỉ trụ sở chính;Địa chỉ trụ sở chính;Data Explorer;Chỉ tiêu cơ sở;Dễ;Ngày, CTCK;SCMS;;X;;;;;;;;;;
47;Báo cáo giám sát >> Tổng hợp chung về tình hình tuân thủ nghĩa vụ gửi báo cáo định kỳ - Báo cáo giám sát duy trì điều kiện giấy phép thành lập;Số điện thoại;Số điện thoại;Data Explorer;Chỉ tiêu cơ sở;Dễ;Ngày, CTCK;SCMS;;X;;;;;;;;;;
47;Báo cáo giám sát >> Tổng hợp chung về tình hình tuân thủ nghĩa vụ gửi báo cáo định kỳ - Báo cáo giám sát duy trì điều kiện giấy phép thành lập;"Số giấy phép thành lập và hoạt động 
lần đầu";"Số giấy phép thành lập và hoạt động 
lần đầu";Data Explorer;Chỉ tiêu cơ sở;Dễ;Ngày, CTCK;SCMS;;X;;;;;;;;;;
47;Báo cáo giám sát >> Tổng hợp chung về tình hình tuân thủ nghĩa vụ gửi báo cáo định kỳ - Báo cáo giám sát duy trì điều kiện giấy phép thành lập;"Ngày giấy phép lần đầu
(Tháng/ngày/năm)";"Ngày giấy phép lần đầu
(Tháng/ngày/năm)";Data Explorer;Chỉ tiêu cơ sở;Dễ;Ngày, CTCK;SCMS;;X;;;;;;;;;;
47;Báo cáo giám sát >> Tổng hợp chung về tình hình tuân thủ nghĩa vụ gửi báo cáo định kỳ - Báo cáo giám sát duy trì điều kiện giấy phép thành lập;Mã số doanh nghiệp;Mã số doanh nghiệp;Data Explorer;Chỉ tiêu cơ sở;Dễ;Ngày, CTCK;SCMS;;X;;;;;;;;;;
47;Báo cáo giám sát >> Tổng hợp chung về tình hình tuân thủ nghĩa vụ gửi báo cáo định kỳ - Báo cáo giám sát duy trì điều kiện giấy phép thành lập;Sàn giao dịch cổ phiếu;Sàn giao dịch cổ phiếu;Data Explorer;Chỉ tiêu cơ sở;Dễ;Ngày, CTCK;SCMS;;X;;;;;;;;;;
47;Báo cáo giám sát >> Tổng hợp chung về tình hình tuân thủ nghĩa vụ gửi báo cáo định kỳ - Báo cáo giám sát duy trì điều kiện giấy phép thành lập;Mã cổ phiếu;Mã cổ phiếu;Data Explorer;Chỉ tiêu cơ sở;Dễ;Ngày, CTCK;SCMS;;X;;;;;;;;;;
47;Báo cáo giám sát >> Tổng hợp chung về tình hình tuân thủ nghĩa vụ gửi báo cáo định kỳ - Báo cáo giám sát duy trì điều kiện giấy phép thành lập;Vốn điều lệ (Đồng);Vốn điều lệ (Đồng);Data Explorer;Chỉ tiêu cơ sở;Dễ;Ngày, CTCK;SCMS;;X;;;;;;;;;;
47;Báo cáo giám sát >> Tổng hợp chung về tình hình tuân thủ nghĩa vụ gửi báo cáo định kỳ - Báo cáo giám sát duy trì điều kiện giấy phép thành lập;Website;Website;Data Explorer;Chỉ tiêu cơ sở;Dễ;Ngày, CTCK;SCMS;;X;;;;;;;;;;
47;Báo cáo giám sát >> Tổng hợp chung về tình hình tuân thủ nghĩa vụ gửi báo cáo định kỳ - Báo cáo giám sát duy trì điều kiện giấy phép thành lập;Trạng thái hoạt động;Trạng thái hoạt động;Data Explorer;Chỉ tiêu cơ sở;Dễ;Ngày, CTCK;SCMS;;X;;;;;;;;;;
47;Báo cáo giám sát >> Tổng hợp chung về tình hình tuân thủ nghĩa vụ gửi báo cáo định kỳ - Báo cáo giám sát duy trì điều kiện giấy phép thành lập;Nghiệp vụ được phép hoạt động >> Môi giới chứng khoán;Nghiệp vụ được phép hoạt động >> Môi giới chứng khoán;Data Explorer;Chỉ tiêu cơ sở;TB;Ngày, CTCK;SCMS;;X;;;;;;;;;;
47;Báo cáo giám sát >> Tổng hợp chung về tình hình tuân thủ nghĩa vụ gửi báo cáo định kỳ - Báo cáo giám sát duy trì điều kiện giấy phép thành lập;Nghiệp vụ được phép hoạt động >> Tự doanh chứng khoán;Nghiệp vụ được phép hoạt động >> Tự doanh chứng khoán;Data Explorer;Chỉ tiêu cơ sở;TB;Ngày, CTCK;SCMS;;X;;;;;;;;;;
47;Báo cáo giám sát >> Tổng hợp chung về tình hình tuân thủ nghĩa vụ gửi báo cáo định kỳ - Báo cáo giám sát duy trì điều kiện giấy phép thành lập;Nghiệp vụ được phép hoạt động >> Bảo lãnh phát hành chứng khoán;Nghiệp vụ được phép hoạt động >> Bảo lãnh phát hành chứng khoán;Data Explorer;Chỉ tiêu cơ sở;TB;Ngày, CTCK;SCMS;;X;;;;;;;;;;
47;Báo cáo giám sát >> Tổng hợp chung về tình hình tuân thủ nghĩa vụ gửi báo cáo định kỳ - Báo cáo giám sát duy trì điều kiện giấy phép thành lập;Nghiệp vụ được phép hoạt động >> Tư vấn đầu tư chứng khoán;Nghiệp vụ được phép hoạt động >> Tư vấn đầu tư chứng khoán;Data Explorer;Chỉ tiêu cơ sở;TB;Ngày, CTCK;SCMS;;X;;;;;;;;;;
47;Báo cáo giám sát >> Tổng hợp chung về tình hình tuân thủ nghĩa vụ gửi báo cáo định kỳ - Báo cáo giám sát duy trì điều kiện giấy phép thành lập;Hoạt động kinh doanh chứng khoán phái sinh >> Giấy chứng nhận kinh doanh phái sinh;Hoạt động kinh doanh chứng khoán phái sinh >> Giấy chứng nhận kinh doanh phái sinh;Data Explorer;Chỉ tiêu cơ sở;TB;Ngày, CTCK;SCMS;;X;;;;;;;;;;
47;Báo cáo giám sát >> Tổng hợp chung về tình hình tuân thủ nghĩa vụ gửi báo cáo định kỳ - Báo cáo giám sát duy trì điều kiện giấy phép thành lập;Hoạt động kinh doanh chứng khoán phái sinh >> Môi giới phái sinh;Hoạt động kinh doanh chứng khoán phái sinh >> Môi giới phái sinh;Data Explorer;Chỉ tiêu cơ sở;TB;Ngày, CTCK;SCMS;;X;;;;;;;;;;
47;Báo cáo giám sát >> Tổng hợp chung về tình hình tuân thủ nghĩa vụ gửi báo cáo định kỳ - Báo cáo giám sát duy trì điều kiện giấy phép thành lập;Hoạt động kinh doanh chứng khoán phái sinh >> Tự doanh chứng khoán;Hoạt động kinh doanh chứng khoán phái sinh >> Tự doanh chứng khoán;Data Explorer;Chỉ tiêu cơ sở;TB;Ngày, CTCK;SCMS;;X;;;;;;;;;;
47;Báo cáo giám sát >> Tổng hợp chung về tình hình tuân thủ nghĩa vụ gửi báo cáo định kỳ - Báo cáo giám sát duy trì điều kiện giấy phép thành lập;Hoạt động kinh doanh chứng khoán phái sinh >> Tư vấn đầu tư chứng khoán;Hoạt động kinh doanh chứng khoán phái sinh >> Tư vấn đầu tư chứng khoán;Data Explorer;Chỉ tiêu cơ sở;TB;Ngày, CTCK;SCMS;;X;;;;;;;;;;
48;Báo cáo giám sát >> Báo cáo giám sát quy định về tài chính;Loại báo cáo;Loại báo cáo;Data Explorer;Chiều;Dễ;Ngày, CTCK;SCMS;X;X;;;;;;;;;;
48;Báo cáo giám sát >> Báo cáo giám sát quy định về tài chính;Kỳ báo cáo;Kỳ báo cáo;Data Explorer;Chiều;Dễ;Ngày, CTCK;SCMS;X;X;;;;;;;;;;
48;Báo cáo giám sát >> Báo cáo giám sát quy định về tài chính;Mã báo cáo;Mã báo cáo;Data Explorer;Chiều;Dễ;Ngày, CTCK;SCMS;X;X;;;;;;;;;;
48;Báo cáo giám sát >> Báo cáo giám sát quy định về tài chính;Tên báo cáo;Tên báo cáo;Data Explorer;Chiều;Dễ;Ngày, CTCK;SCMS;X;X;;;;;;;;;;
48;Báo cáo giám sát >> Báo cáo giám sát quy định về tài chính;Mã chỉ tiêu;Mã chỉ tiêu;Data Explorer;Chiều;Dễ;Ngày, CTCK;SCMS;X;X;;;;;;;;;;
48;Báo cáo giám sát >> Báo cáo giám sát quy định về tài chính;Tên chỉ tiêu;Tên chỉ tiêu;Data Explorer;Chiều;Dễ;Ngày, CTCK;SCMS;X;X;;;;;;;;;;
48;Báo cáo giám sát >> Báo cáo giám sát quy định về tài chính;Tên công ty chứng khoán;Tên công ty chứng khoán;Data Explorer;Chỉ tiêu cơ sở;Dễ;Ngày, CTCK;SCMS;;X;;;;;;;;;;
48;Báo cáo giám sát >> Báo cáo giám sát quy định về tài chính;Địa chỉ trụ sở chính;Địa chỉ trụ sở chính;Data Explorer;Chỉ tiêu cơ sở;Dễ;Ngày, CTCK;SCMS;;X;;;;;;;;;;
48;Báo cáo giám sát >> Báo cáo giám sát quy định về tài chính;Số điện thoại;Số điện thoại;Data Explorer;Chỉ tiêu cơ sở;Dễ;Ngày, CTCK;SCMS;;X;;;;;;;;;;
48;Báo cáo giám sát >> Báo cáo giám sát quy định về tài chính;"Số giấy phép thành lập và hoạt động 
lần đầu";"Số giấy phép thành lập và hoạt động 
lần đầu";Data Explorer;Chỉ tiêu cơ sở;Dễ;Ngày, CTCK;SCMS;;X;;;;;;;;;;
48;Báo cáo giám sát >> Báo cáo giám sát quy định về tài chính;"Ngày giấy phép lần đầu
(Tháng/ngày/năm)";"Ngày giấy phép lần đầu
(Tháng/ngày/năm)";Data Explorer;Chỉ tiêu cơ sở;Dễ;Ngày, CTCK;SCMS;;X;;;;;;;;;;
48;Báo cáo giám sát >> Báo cáo giám sát quy định về tài chính;Mã số doanh nghiệp;Mã số doanh nghiệp;Data Explorer;Chỉ tiêu cơ sở;Dễ;Ngày, CTCK;SCMS;;X;;;;;;;;;;
48;Báo cáo giám sát >> Báo cáo giám sát quy định về tài chính;Sàn giao dịch cổ phiếu;Sàn giao dịch cổ phiếu;Data Explorer;Chỉ tiêu cơ sở;Dễ;Ngày, CTCK;SCMS;;X;;;;;;;;;;
48;Báo cáo giám sát >> Báo cáo giám sát quy định về tài chính;Mã cổ phiếu;Mã cổ phiếu;Data Explorer;Chỉ tiêu cơ sở;Dễ;Ngày, CTCK;SCMS;;X;;;;;;;;;;
48;Báo cáo giám sát >> Báo cáo giám sát quy định về tài chính;Vốn điều lệ (Đồng);Vốn điều lệ (Đồng);Data Explorer;Chỉ tiêu cơ sở;Dễ;Ngày, CTCK;SCMS;;X;;;;;;;;;;
48;Báo cáo giám sát >> Báo cáo giám sát quy định về tài chính;Website;Website;Data Explorer;Chỉ tiêu cơ sở;Dễ;Ngày, CTCK;SCMS;;X;;;;;;;;;;
48;Báo cáo giám sát >> Báo cáo giám sát quy định về tài chính;Trạng thái hoạt động;Trạng thái hoạt động;Data Explorer;Chỉ tiêu cơ sở;Dễ;Ngày, CTCK;SCMS;;X;;;;;;;;;;
48;Báo cáo giám sát >> Báo cáo giám sát quy định về tài chính;Nghiệp vụ được phép hoạt động >> Môi giới chứng khoán;Nghiệp vụ được phép hoạt động >> Môi giới chứng khoán;Data Explorer;Chỉ tiêu cơ sở;TB;Ngày, CTCK;SCMS;;X;;;;;;;;;;
48;Báo cáo giám sát >> Báo cáo giám sát quy định về tài chính;Nghiệp vụ được phép hoạt động >> Tự doanh chứng khoán;Nghiệp vụ được phép hoạt động >> Tự doanh chứng khoán;Data Explorer;Chỉ tiêu cơ sở;TB;Ngày, CTCK;SCMS;;X;;;;;;;;;;
48;Báo cáo giám sát >> Báo cáo giám sát quy định về tài chính;Nghiệp vụ được phép hoạt động >> Bảo lãnh phát hành chứng khoán;Nghiệp vụ được phép hoạt động >> Bảo lãnh phát hành chứng khoán;Data Explorer;Chỉ tiêu cơ sở;TB;Ngày, CTCK;SCMS;;X;;;;;;;;;;
48;Báo cáo giám sát >> Báo cáo giám sát quy định về tài chính;Nghiệp vụ được phép hoạt động >> Tư vấn đầu tư chứng khoán;Nghiệp vụ được phép hoạt động >> Tư vấn đầu tư chứng khoán;Data Explorer;Chỉ tiêu cơ sở;TB;Ngày, CTCK;SCMS;;X;;;;;;;;;;
48;Báo cáo giám sát >> Báo cáo giám sát quy định về tài chính;Hoạt động kinh doanh chứng khoán phái sinh >> Giấy chứng nhận kinh doanh phái sinh;Hoạt động kinh doanh chứng khoán phái sinh >> Giấy chứng nhận kinh doanh phái sinh;Data Explorer;Chỉ tiêu cơ sở;TB;Ngày, CTCK;SCMS;;X;;;;;;;;;;
48;Báo cáo giám sát >> Báo cáo giám sát quy định về tài chính;Hoạt động kinh doanh chứng khoán phái sinh >> Môi giới phái sinh;Hoạt động kinh doanh chứng khoán phái sinh >> Môi giới phái sinh;Data Explorer;Chỉ tiêu cơ sở;TB;Ngày, CTCK;SCMS;;X;;;;;;;;;;
48;Báo cáo giám sát >> Báo cáo giám sát quy định về tài chính;Hoạt động kinh doanh chứng khoán phái sinh >> Tự doanh chứng khoán;Hoạt động kinh doanh chứng khoán phái sinh >> Tự doanh chứng khoán;Data Explorer;Chỉ tiêu cơ sở;TB;Ngày, CTCK;SCMS;;X;;;;;;;;;;
48;Báo cáo giám sát >> Báo cáo giám sát quy định về tài chính;Hoạt động kinh doanh chứng khoán phái sinh >> Tư vấn đầu tư chứng khoán;Hoạt động kinh doanh chứng khoán phái sinh >> Tư vấn đầu tư chứng khoán;Data Explorer;Chỉ tiêu cơ sở;TB;Ngày, CTCK;SCMS;;X;;;;;;;;;;
48;Báo cáo giám sát >> Báo cáo giám sát quy định về tài chính;Hạn chế vay nợ >> Tỷ lệ nợ/vốn chủ sở hữu không vượt quá 5 lần >> Quý I                                                              ;Hạn chế vay nợ >> Tỷ lệ nợ/vốn chủ sở hữu không vượt quá 5 lần >> Quý I                                                              ;Data Explorer;Chỉ tiêu cơ sở;TB;Ngày, CTCK;SCMS;;X;;;;;;;;;;
48;Báo cáo giám sát >> Báo cáo giám sát quy định về tài chính;Hạn chế vay nợ >> Tỷ lệ nợ/vốn chủ sở hữu không vượt quá 5 lần >> Quý II                                    ;Hạn chế vay nợ >> Tỷ lệ nợ/vốn chủ sở hữu không vượt quá 5 lần >> Quý II                                    ;Data Explorer;Chỉ tiêu cơ sở;TB;Ngày, CTCK;SCMS;;X;;;;;;;;;;
48;Báo cáo giám sát >> Báo cáo giám sát quy định về tài chính;Hạn chế vay nợ >> Tỷ lệ nợ/vốn chủ sở hữu không vượt quá 5 lần >> Bán niên                                               ;Hạn chế vay nợ >> Tỷ lệ nợ/vốn chủ sở hữu không vượt quá 5 lần >> Bán niên                                               ;Data Explorer;Chỉ tiêu cơ sở;TB;Ngày, CTCK;SCMS;;X;;;;;;;;;;
48;Báo cáo giám sát >> Báo cáo giám sát quy định về tài chính;Hạn chế vay nợ >> Tỷ lệ nợ/vốn chủ sở hữu không vượt quá 5 lần >> Quý III                                    ;Hạn chế vay nợ >> Tỷ lệ nợ/vốn chủ sở hữu không vượt quá 5 lần >> Quý III                                    ;Data Explorer;Chỉ tiêu cơ sở;TB;Ngày, CTCK;SCMS;;X;;;;;;;;;;
48;Báo cáo giám sát >> Báo cáo giám sát quy định về tài chính;Hạn chế vay nợ >> Tỷ lệ nợ/vốn chủ sở hữu không vượt quá 5 lần >> Quý IV;Hạn chế vay nợ >> Tỷ lệ nợ/vốn chủ sở hữu không vượt quá 5 lần >> Quý IV;Data Explorer;Chỉ tiêu cơ sở;TB;Ngày, CTCK;SCMS;;X;;;;;;;;;;
48;Báo cáo giám sát >> Báo cáo giám sát quy định về tài chính;Hạn chế vay nợ >> Tỷ lệ nợ/vốn chủ sở hữu không vượt quá 5 lần >> Năm;Hạn chế vay nợ >> Tỷ lệ nợ/vốn chủ sở hữu không vượt quá 5 lần >> Năm;Data Explorer;Chỉ tiêu cơ sở;TB;Ngày, CTCK;SCMS;;X;;;;;;;;;;
48;Báo cáo giám sát >> Báo cáo giám sát quy định về tài chính;Hạn chế vay nợ >> Nợ ngắn hạn tối đa bằng tài sản ngắn hạn >> Quý I                                                              ;Hạn chế vay nợ >> Nợ ngắn hạn tối đa bằng tài sản ngắn hạn >> Quý I (Đáp ứng, Không đáp ứng);Data Explorer;Chỉ tiêu cơ sở;TB;Ngày, CTCK;SCMS;;X;;;;;;;;;;
48;Báo cáo giám sát >> Báo cáo giám sát quy định về tài chính;Hạn chế vay nợ >> Nợ ngắn hạn tối đa bằng tài sản ngắn hạn >> Quý II                                    ;Hạn chế vay nợ >> Nợ ngắn hạn tối đa bằng tài sản ngắn hạn >> Quý II (Đáp ứng, Không đáp ứng);Data Explorer;Chỉ tiêu cơ sở;TB;Ngày, CTCK;SCMS;;X;;;;;;;;;;
48;Báo cáo giám sát >> Báo cáo giám sát quy định về tài chính;Hạn chế vay nợ >> Nợ ngắn hạn tối đa bằng tài sản ngắn hạn >> Bán niên                                               ;Hạn chế vay nợ >> Nợ ngắn hạn tối đa bằng tài sản ngắn hạn >> Bán niên (Đáp ứng, Không đáp ứng);Data Explorer;Chỉ tiêu cơ sở;TB;Ngày, CTCK;SCMS;;X;;;;;;;;;;
48;Báo cáo giám sát >> Báo cáo giám sát quy định về tài chính;Hạn chế vay nợ >> Nợ ngắn hạn tối đa bằng tài sản ngắn hạn >> Quý III                                    ;Hạn chế vay nợ >> Nợ ngắn hạn tối đa bằng tài sản ngắn hạn >> Quý III (Đáp ứng, Không đáp ứng);Data Explorer;Chỉ tiêu cơ sở;TB;Ngày, CTCK;SCMS;;X;;;;;;;;;;
48;Báo cáo giám sát >> Báo cáo giám sát quy định về tài chính;Hạn chế vay nợ >> Nợ ngắn hạn tối đa bằng tài sản ngắn hạn >> Quý IV;Hạn chế vay nợ >> Nợ ngắn hạn tối đa bằng tài sản ngắn hạn >> Quý IV (Đáp ứng, Không đáp ứng);Data Explorer;Chỉ tiêu cơ sở;TB;Ngày, CTCK;SCMS;;X;;;;;;;;;;
48;Báo cáo giám sát >> Báo cáo giám sát quy định về tài chính;Hạn chế vay nợ >> Nợ ngắn hạn tối đa bằng tài sản ngắn hạn >> Năm;Hạn chế vay nợ >> Nợ ngắn hạn tối đa bằng tài sản ngắn hạn >> Năm (Đáp ứng, Không đáp ứng);Data Explorer;Chỉ tiêu cơ sở;TB;Ngày, CTCK;SCMS;;X;;;;;;;;;;
48;Báo cáo giám sát >> Báo cáo giám sát quy định về tài chính;Hạn chế cho vay >> Cho vay đối với chủ sở hữu, cổ đông lớn, thành viên HĐQT, BKS, HĐTV, KTT >> Quý I;Hạn chế cho vay >> Cho vay đối với chủ sở hữu, cổ đông lớn, thành viên HĐQT, BKS, HĐTV, KTT >> Quý I (Có, Không);Data Explorer;Chỉ tiêu cơ sở;TB;Ngày, CTCK;SCMS;;X;;;;;;;;;;
48;Báo cáo giám sát >> Báo cáo giám sát quy định về tài chính;Hạn chế cho vay >> Cho vay đối với chủ sở hữu, cổ đông lớn, thành viên HĐQT, BKS, HĐTV, KTT >> Quý II;Hạn chế cho vay >> Cho vay đối với chủ sở hữu, cổ đông lớn, thành viên HĐQT, BKS, HĐTV, KTT >> Quý II (Có, Không);Data Explorer;Chỉ tiêu cơ sở;TB;Ngày, CTCK;SCMS;;X;;;;;;;;;;
48;Báo cáo giám sát >> Báo cáo giám sát quy định về tài chính;Hạn chế cho vay >> Cho vay đối với chủ sở hữu, cổ đông lớn, thành viên HĐQT, BKS, HĐTV, KTT >> Bán niên;Hạn chế cho vay >> Cho vay đối với chủ sở hữu, cổ đông lớn, thành viên HĐQT, BKS, HĐTV, KTT >> Bán niên (Có, Không);Data Explorer;Chỉ tiêu cơ sở;TB;Ngày, CTCK;SCMS;;X;;;;;;;;;;
48;Báo cáo giám sát >> Báo cáo giám sát quy định về tài chính;Hạn chế cho vay >> Cho vay đối với chủ sở hữu, cổ đông lớn, thành viên HĐQT, BKS, HĐTV, KTT >> Quý III;Hạn chế cho vay >> Cho vay đối với chủ sở hữu, cổ đông lớn, thành viên HĐQT, BKS, HĐTV, KTT >> Quý III (Có, Không);Data Explorer;Chỉ tiêu cơ sở;TB;Ngày, CTCK;SCMS;;X;;;;;;;;;;
48;Báo cáo giám sát >> Báo cáo giám sát quy định về tài chính;Hạn chế cho vay >> Cho vay đối với chủ sở hữu, cổ đông lớn, thành viên HĐQT, BKS, HĐTV, KTT >> Quý IV;Hạn chế cho vay >> Cho vay đối với chủ sở hữu, cổ đông lớn, thành viên HĐQT, BKS, HĐTV, KTT >> Quý IV (Có, Không);Data Explorer;Chỉ tiêu cơ sở;TB;Ngày, CTCK;SCMS;;X;;;;;;;;;;
48;Báo cáo giám sát >> Báo cáo giám sát quy định về tài chính;Hạn chế cho vay >> Cho vay đối với chủ sở hữu, cổ đông lớn, thành viên HĐQT, BKS, HĐTV, KTT >> Năm;Hạn chế cho vay >> Cho vay đối với chủ sở hữu, cổ đông lớn, thành viên HĐQT, BKS, HĐTV, KTT >> Năm (Có, Không);Data Explorer;Chỉ tiêu cơ sở;TB;Ngày, CTCK;SCMS;;X;;;;;;;;;;
48;Báo cáo giám sát >> Báo cáo giám sát quy định về tài chính;Cho vay giao dịch ký quỹ >> Tỷ lệ dư nợ cho vay ký quỹ/Vốn chủ sở hữu (không vượt quá 200%) >> Tháng 1                                                                                                                                           ;Cho vay giao dịch ký quỹ >> Tỷ lệ dư nợ cho vay ký quỹ/Vốn chủ sở hữu (không vượt quá 200%) >> Tháng 1                                                                                                                                           ;Data Explorer;Chỉ tiêu cơ sở;TB;Ngày, CTCK;SCMS;;X;;;;;;;;;;
48;Báo cáo giám sát >> Báo cáo giám sát quy định về tài chính;Cho vay giao dịch ký quỹ >> Tỷ lệ dư nợ cho vay ký quỹ/Vốn chủ sở hữu (không vượt quá 200%) >> Tháng 2;Cho vay giao dịch ký quỹ >> Tỷ lệ dư nợ cho vay ký quỹ/Vốn chủ sở hữu (không vượt quá 200%) >> Tháng 2;Data Explorer;Chỉ tiêu cơ sở;TB;Ngày, CTCK;SCMS;;X;;;;;;;;;;
48;Báo cáo giám sát >> Báo cáo giám sát quy định về tài chính;Cho vay giao dịch ký quỹ >> Tỷ lệ dư nợ cho vay ký quỹ/Vốn chủ sở hữu (không vượt quá 200%) >> Tháng 3;Cho vay giao dịch ký quỹ >> Tỷ lệ dư nợ cho vay ký quỹ/Vốn chủ sở hữu (không vượt quá 200%) >> Tháng 3;Data Explorer;Chỉ tiêu cơ sở;TB;Ngày, CTCK;SCMS;;X;;;;;;;;;;
48;Báo cáo giám sát >> Báo cáo giám sát quy định về tài chính;Cho vay giao dịch ký quỹ >> Tỷ lệ dư nợ cho vay ký quỹ/Vốn chủ sở hữu (không vượt quá 200%) >> Tháng 4;Cho vay giao dịch ký quỹ >> Tỷ lệ dư nợ cho vay ký quỹ/Vốn chủ sở hữu (không vượt quá 200%) >> Tháng 4;Data Explorer;Chỉ tiêu cơ sở;TB;Ngày, CTCK;SCMS;;X;;;;;;;;;;
48;Báo cáo giám sát >> Báo cáo giám sát quy định về tài chính;Cho vay giao dịch ký quỹ >> Tỷ lệ dư nợ cho vay ký quỹ/Vốn chủ sở hữu (không vượt quá 200%) >> Tháng 5;Cho vay giao dịch ký quỹ >> Tỷ lệ dư nợ cho vay ký quỹ/Vốn chủ sở hữu (không vượt quá 200%) >> Tháng 5;Data Explorer;Chỉ tiêu cơ sở;TB;Ngày, CTCK;SCMS;;X;;;;;;;;;;
48;Báo cáo giám sát >> Báo cáo giám sát quy định về tài chính;Cho vay giao dịch ký quỹ >> Tỷ lệ dư nợ cho vay ký quỹ/Vốn chủ sở hữu (không vượt quá 200%) >> Tháng 6;Cho vay giao dịch ký quỹ >> Tỷ lệ dư nợ cho vay ký quỹ/Vốn chủ sở hữu (không vượt quá 200%) >> Tháng 6;Data Explorer;Chỉ tiêu cơ sở;TB;Ngày, CTCK;SCMS;;X;;;;;;;;;;
48;Báo cáo giám sát >> Báo cáo giám sát quy định về tài chính;Cho vay giao dịch ký quỹ >> Tỷ lệ dư nợ cho vay ký quỹ/Vốn chủ sở hữu (không vượt quá 200%) >> Bán niên;Cho vay giao dịch ký quỹ >> Tỷ lệ dư nợ cho vay ký quỹ/Vốn chủ sở hữu (không vượt quá 200%) >> Bán niên;Data Explorer;Chỉ tiêu cơ sở;TB;Ngày, CTCK;SCMS;;X;;;;;;;;;;
48;Báo cáo giám sát >> Báo cáo giám sát quy định về tài chính;Cho vay giao dịch ký quỹ >> Tỷ lệ dư nợ cho vay ký quỹ/Vốn chủ sở hữu (không vượt quá 200%) >> Tháng 7;Cho vay giao dịch ký quỹ >> Tỷ lệ dư nợ cho vay ký quỹ/Vốn chủ sở hữu (không vượt quá 200%) >> Tháng 7;Data Explorer;Chỉ tiêu cơ sở;TB;Ngày, CTCK;SCMS;;X;;;;;;;;;;
48;Báo cáo giám sát >> Báo cáo giám sát quy định về tài chính;Cho vay giao dịch ký quỹ >> Tỷ lệ dư nợ cho vay ký quỹ/Vốn chủ sở hữu (không vượt quá 200%) >> Tháng 8;Cho vay giao dịch ký quỹ >> Tỷ lệ dư nợ cho vay ký quỹ/Vốn chủ sở hữu (không vượt quá 200%) >> Tháng 8;Data Explorer;Chỉ tiêu cơ sở;TB;Ngày, CTCK;SCMS;;X;;;;;;;;;;
48;Báo cáo giám sát >> Báo cáo giám sát quy định về tài chính;Cho vay giao dịch ký quỹ >> Tỷ lệ dư nợ cho vay ký quỹ/Vốn chủ sở hữu (không vượt quá 200%) >> Tháng 9;Cho vay giao dịch ký quỹ >> Tỷ lệ dư nợ cho vay ký quỹ/Vốn chủ sở hữu (không vượt quá 200%) >> Tháng 9;Data Explorer;Chỉ tiêu cơ sở;TB;Ngày, CTCK;SCMS;;X;;;;;;;;;;
48;Báo cáo giám sát >> Báo cáo giám sát quy định về tài chính;Cho vay giao dịch ký quỹ >> Tỷ lệ dư nợ cho vay ký quỹ/Vốn chủ sở hữu (không vượt quá 200%) >> Tháng 10;Cho vay giao dịch ký quỹ >> Tỷ lệ dư nợ cho vay ký quỹ/Vốn chủ sở hữu (không vượt quá 200%) >> Tháng 10;Data Explorer;Chỉ tiêu cơ sở;TB;Ngày, CTCK;SCMS;;X;;;;;;;;;;
48;Báo cáo giám sát >> Báo cáo giám sát quy định về tài chính;Cho vay giao dịch ký quỹ >> Tỷ lệ dư nợ cho vay ký quỹ/Vốn chủ sở hữu (không vượt quá 200%) >> Tháng 11;Cho vay giao dịch ký quỹ >> Tỷ lệ dư nợ cho vay ký quỹ/Vốn chủ sở hữu (không vượt quá 200%) >> Tháng 11;Data Explorer;Chỉ tiêu cơ sở;TB;Ngày, CTCK;SCMS;;X;;;;;;;;;;
48;Báo cáo giám sát >> Báo cáo giám sát quy định về tài chính;Cho vay giao dịch ký quỹ >> Tỷ lệ dư nợ cho vay ký quỹ/Vốn chủ sở hữu (không vượt quá 200%) >> Tháng 12;Cho vay giao dịch ký quỹ >> Tỷ lệ dư nợ cho vay ký quỹ/Vốn chủ sở hữu (không vượt quá 200%) >> Tháng 12;Data Explorer;Chỉ tiêu cơ sở;TB;Ngày, CTCK;SCMS;;X;;;;;;;;;;
48;Báo cáo giám sát >> Báo cáo giám sát quy định về tài chính;Cho vay giao dịch ký quỹ >> Tỷ lệ dư nợ cho vay ký quỹ/Vốn chủ sở hữu (không vượt quá 200%) >> Năm;Cho vay giao dịch ký quỹ >> Tỷ lệ dư nợ cho vay ký quỹ/Vốn chủ sở hữu (không vượt quá 200%) >> Năm;Data Explorer;Chỉ tiêu cơ sở;TB;Ngày, CTCK;SCMS;;X;;;;;;;;;;
48;Báo cáo giám sát >> Báo cáo giám sát quy định về tài chính;Cho vay giao dịch ký quỹ >> Tỷ lệ dư nợ cho vay ký quỹ đối với một mã cổ phiếu/Vốn chủ sở hữu (không vượt quá 10%) >> Tháng 1                 ;Cho vay giao dịch ký quỹ >> Tỷ lệ dư nợ cho vay ký quỹ đối với một mã cổ phiếu/Vốn chủ sở hữu (không vượt quá 10%) >> Tháng 1                 ;Data Explorer;Chỉ tiêu cơ sở;TB;Ngày, CTCK;SCMS;;X;;;;;;;;;;
48;Báo cáo giám sát >> Báo cáo giám sát quy định về tài chính;Cho vay giao dịch ký quỹ >> Tỷ lệ dư nợ cho vay ký quỹ đối với một mã cổ phiếu/Vốn chủ sở hữu (không vượt quá 10%) >> Tháng 2;Cho vay giao dịch ký quỹ >> Tỷ lệ dư nợ cho vay ký quỹ đối với một mã cổ phiếu/Vốn chủ sở hữu (không vượt quá 10%) >> Tháng 2;Data Explorer;Chỉ tiêu cơ sở;TB;Ngày, CTCK;SCMS;;X;;;;;;;;;;
48;Báo cáo giám sát >> Báo cáo giám sát quy định về tài chính;Cho vay giao dịch ký quỹ >> Tỷ lệ dư nợ cho vay ký quỹ đối với một mã cổ phiếu/Vốn chủ sở hữu (không vượt quá 10%) >> Tháng 3;Cho vay giao dịch ký quỹ >> Tỷ lệ dư nợ cho vay ký quỹ đối với một mã cổ phiếu/Vốn chủ sở hữu (không vượt quá 10%) >> Tháng 3;Data Explorer;Chỉ tiêu cơ sở;TB;Ngày, CTCK;SCMS;;X;;;;;;;;;;
48;Báo cáo giám sát >> Báo cáo giám sát quy định về tài chính;Cho vay giao dịch ký quỹ >> Tỷ lệ dư nợ cho vay ký quỹ đối với một mã cổ phiếu/Vốn chủ sở hữu (không vượt quá 10%) >> Tháng 4;Cho vay giao dịch ký quỹ >> Tỷ lệ dư nợ cho vay ký quỹ đối với một mã cổ phiếu/Vốn chủ sở hữu (không vượt quá 10%) >> Tháng 4;Data Explorer;Chỉ tiêu cơ sở;TB;Ngày, CTCK;SCMS;;X;;;;;;;;;;
48;Báo cáo giám sát >> Báo cáo giám sát quy định về tài chính;Cho vay giao dịch ký quỹ >> Tỷ lệ dư nợ cho vay ký quỹ đối với một mã cổ phiếu/Vốn chủ sở hữu (không vượt quá 10%) >> Tháng 5;Cho vay giao dịch ký quỹ >> Tỷ lệ dư nợ cho vay ký quỹ đối với một mã cổ phiếu/Vốn chủ sở hữu (không vượt quá 10%) >> Tháng 5;Data Explorer;Chỉ tiêu cơ sở;TB;Ngày, CTCK;SCMS;;X;;;;;;;;;;
48;Báo cáo giám sát >> Báo cáo giám sát quy định về tài chính;Cho vay giao dịch ký quỹ >> Tỷ lệ dư nợ cho vay ký quỹ đối với một mã cổ phiếu/Vốn chủ sở hữu (không vượt quá 10%) >> Tháng 6;Cho vay giao dịch ký quỹ >> Tỷ lệ dư nợ cho vay ký quỹ đối với một mã cổ phiếu/Vốn chủ sở hữu (không vượt quá 10%) >> Tháng 6;Data Explorer;Chỉ tiêu cơ sở;TB;Ngày, CTCK;SCMS;;X;;;;;;;;;;
48;Báo cáo giám sát >> Báo cáo giám sát quy định về tài chính;Cho vay giao dịch ký quỹ >> Tỷ lệ dư nợ cho vay ký quỹ đối với một mã cổ phiếu/Vốn chủ sở hữu (không vượt quá 10%) >> Bán niên;Cho vay giao dịch ký quỹ >> Tỷ lệ dư nợ cho vay ký quỹ đối với một mã cổ phiếu/Vốn chủ sở hữu (không vượt quá 10%) >> Bán niên;Data Explorer;Chỉ tiêu cơ sở;TB;Ngày, CTCK;SCMS;;X;;;;;;;;;;
48;Báo cáo giám sát >> Báo cáo giám sát quy định về tài chính;Cho vay giao dịch ký quỹ >> Tỷ lệ dư nợ cho vay ký quỹ đối với một mã cổ phiếu/Vốn chủ sở hữu (không vượt quá 10%) >> Tháng 7;Cho vay giao dịch ký quỹ >> Tỷ lệ dư nợ cho vay ký quỹ đối với một mã cổ phiếu/Vốn chủ sở hữu (không vượt quá 10%) >> Tháng 7;Data Explorer;Chỉ tiêu cơ sở;TB;Ngày, CTCK;SCMS;;X;;;;;;;;;;
48;Báo cáo giám sát >> Báo cáo giám sát quy định về tài chính;Cho vay giao dịch ký quỹ >> Tỷ lệ dư nợ cho vay ký quỹ đối với một mã cổ phiếu/Vốn chủ sở hữu (không vượt quá 10%) >> Tháng 8;Cho vay giao dịch ký quỹ >> Tỷ lệ dư nợ cho vay ký quỹ đối với một mã cổ phiếu/Vốn chủ sở hữu (không vượt quá 10%) >> Tháng 8;Data Explorer;Chỉ tiêu cơ sở;TB;Ngày, CTCK;SCMS;;X;;;;;;;;;;
48;Báo cáo giám sát >> Báo cáo giám sát quy định về tài chính;Cho vay giao dịch ký quỹ >> Tỷ lệ dư nợ cho vay ký quỹ đối với một mã cổ phiếu/Vốn chủ sở hữu (không vượt quá 10%) >> Tháng 9;Cho vay giao dịch ký quỹ >> Tỷ lệ dư nợ cho vay ký quỹ đối với một mã cổ phiếu/Vốn chủ sở hữu (không vượt quá 10%) >> Tháng 9;Data Explorer;Chỉ tiêu cơ sở;TB;Ngày, CTCK;SCMS;;X;;;;;;;;;;
48;Báo cáo giám sát >> Báo cáo giám sát quy định về tài chính;Cho vay giao dịch ký quỹ >> Tỷ lệ dư nợ cho vay ký quỹ đối với một mã cổ phiếu/Vốn chủ sở hữu (không vượt quá 10%) >> Tháng 10;Cho vay giao dịch ký quỹ >> Tỷ lệ dư nợ cho vay ký quỹ đối với một mã cổ phiếu/Vốn chủ sở hữu (không vượt quá 10%) >> Tháng 10;Data Explorer;Chỉ tiêu cơ sở;TB;Ngày, CTCK;SCMS;;X;;;;;;;;;;
48;Báo cáo giám sát >> Báo cáo giám sát quy định về tài chính;Cho vay giao dịch ký quỹ >> Tỷ lệ dư nợ cho vay ký quỹ đối với một mã cổ phiếu/Vốn chủ sở hữu (không vượt quá 10%) >> Tháng 11;Cho vay giao dịch ký quỹ >> Tỷ lệ dư nợ cho vay ký quỹ đối với một mã cổ phiếu/Vốn chủ sở hữu (không vượt quá 10%) >> Tháng 11;Data Explorer;Chỉ tiêu cơ sở;TB;Ngày, CTCK;SCMS;;X;;;;;;;;;;
48;Báo cáo giám sát >> Báo cáo giám sát quy định về tài chính;Cho vay giao dịch ký quỹ >> Tỷ lệ dư nợ cho vay ký quỹ đối với một mã cổ phiếu/Vốn chủ sở hữu (không vượt quá 10%) >> Tháng 12;Cho vay giao dịch ký quỹ >> Tỷ lệ dư nợ cho vay ký quỹ đối với một mã cổ phiếu/Vốn chủ sở hữu (không vượt quá 10%) >> Tháng 12;Data Explorer;Chỉ tiêu cơ sở;TB;Ngày, CTCK;SCMS;;X;;;;;;;;;;
48;Báo cáo giám sát >> Báo cáo giám sát quy định về tài chính;Cho vay giao dịch ký quỹ >> Tỷ lệ dư nợ cho vay ký quỹ đối với một mã cổ phiếu/Vốn chủ sở hữu (không vượt quá 10%) >> Năm;Cho vay giao dịch ký quỹ >> Tỷ lệ dư nợ cho vay ký quỹ đối với một mã cổ phiếu/Vốn chủ sở hữu (không vượt quá 10%) >> Năm;Data Explorer;Chỉ tiêu cơ sở;TB;Ngày, CTCK;SCMS;;X;;;;;;;;;;
48;Báo cáo giám sát >> Báo cáo giám sát quy định về tài chính;Cho vay giao dịch ký quỹ >> Tổng số chứng khoán cho vay giao dịch ký quỹ/Tổng số chứng khoán niêm yết của một tổ chức (không được vượt quá 5%) >> Tháng 1                                                                                                                                                                                                       ;Cho vay giao dịch ký quỹ >> Tổng số chứng khoán cho vay giao dịch ký quỹ/Tổng số chứng khoán niêm yết của một tổ chức (không được vượt quá 5%) >> Tháng 1                                                                                                                                                                                                       ;Data Explorer;Chỉ tiêu cơ sở;TB;Ngày, CTCK;SCMS;;X;;;;;;;;;;
48;Báo cáo giám sát >> Báo cáo giám sát quy định về tài chính;Cho vay giao dịch ký quỹ >> Tổng số chứng khoán cho vay giao dịch ký quỹ/Tổng số chứng khoán niêm yết của một tổ chức (không được vượt quá 5%) >> Tháng 2;Cho vay giao dịch ký quỹ >> Tổng số chứng khoán cho vay giao dịch ký quỹ/Tổng số chứng khoán niêm yết của một tổ chức (không được vượt quá 5%) >> Tháng 2;Data Explorer;Chỉ tiêu cơ sở;TB;Ngày, CTCK;SCMS;;X;;;;;;;;;;
48;Báo cáo giám sát >> Báo cáo giám sát quy định về tài chính;Cho vay giao dịch ký quỹ >> Tổng số chứng khoán cho vay giao dịch ký quỹ/Tổng số chứng khoán niêm yết của một tổ chức (không được vượt quá 5%) >> Tháng 3;Cho vay giao dịch ký quỹ >> Tổng số chứng khoán cho vay giao dịch ký quỹ/Tổng số chứng khoán niêm yết của một tổ chức (không được vượt quá 5%) >> Tháng 3;Data Explorer;Chỉ tiêu cơ sở;TB;Ngày, CTCK;SCMS;;X;;;;;;;;;;
48;Báo cáo giám sát >> Báo cáo giám sát quy định về tài chính;Cho vay giao dịch ký quỹ >> Tổng số chứng khoán cho vay giao dịch ký quỹ/Tổng số chứng khoán niêm yết của một tổ chức (không được vượt quá 5%) >> Tháng 4;Cho vay giao dịch ký quỹ >> Tổng số chứng khoán cho vay giao dịch ký quỹ/Tổng số chứng khoán niêm yết của một tổ chức (không được vượt quá 5%) >> Tháng 4;Data Explorer;Chỉ tiêu cơ sở;TB;Ngày, CTCK;SCMS;;X;;;;;;;;;;
48;Báo cáo giám sát >> Báo cáo giám sát quy định về tài chính;Cho vay giao dịch ký quỹ >> Tổng số chứng khoán cho vay giao dịch ký quỹ/Tổng số chứng khoán niêm yết của một tổ chức (không được vượt quá 5%) >> Tháng 5;Cho vay giao dịch ký quỹ >> Tổng số chứng khoán cho vay giao dịch ký quỹ/Tổng số chứng khoán niêm yết của một tổ chức (không được vượt quá 5%) >> Tháng 5;Data Explorer;Chỉ tiêu cơ sở;TB;Ngày, CTCK;SCMS;;X;;;;;;;;;;
48;Báo cáo giám sát >> Báo cáo giám sát quy định về tài chính;Cho vay giao dịch ký quỹ >> Tổng số chứng khoán cho vay giao dịch ký quỹ/Tổng số chứng khoán niêm yết của một tổ chức (không được vượt quá 5%) >> Tháng 6;Cho vay giao dịch ký quỹ >> Tổng số chứng khoán cho vay giao dịch ký quỹ/Tổng số chứng khoán niêm yết của một tổ chức (không được vượt quá 5%) >> Tháng 6;Data Explorer;Chỉ tiêu cơ sở;TB;Ngày, CTCK;SCMS;;X;;;;;;;;;;
48;Báo cáo giám sát >> Báo cáo giám sát quy định về tài chính;Cho vay giao dịch ký quỹ >> Tổng số chứng khoán cho vay giao dịch ký quỹ/Tổng số chứng khoán niêm yết của một tổ chức (không được vượt quá 5%) >> Tháng 7;Cho vay giao dịch ký quỹ >> Tổng số chứng khoán cho vay giao dịch ký quỹ/Tổng số chứng khoán niêm yết của một tổ chức (không được vượt quá 5%) >> Tháng 7;Data Explorer;Chỉ tiêu cơ sở;TB;Ngày, CTCK;SCMS;;X;;;;;;;;;;
48;Báo cáo giám sát >> Báo cáo giám sát quy định về tài chính;Cho vay giao dịch ký quỹ >> Tổng số chứng khoán cho vay giao dịch ký quỹ/Tổng số chứng khoán niêm yết của một tổ chức (không được vượt quá 5%) >> Tháng 8;Cho vay giao dịch ký quỹ >> Tổng số chứng khoán cho vay giao dịch ký quỹ/Tổng số chứng khoán niêm yết của một tổ chức (không được vượt quá 5%) >> Tháng 8;Data Explorer;Chỉ tiêu cơ sở;TB;Ngày, CTCK;SCMS;;X;;;;;;;;;;
48;Báo cáo giám sát >> Báo cáo giám sát quy định về tài chính;Cho vay giao dịch ký quỹ >> Tổng số chứng khoán cho vay giao dịch ký quỹ/Tổng số chứng khoán niêm yết của một tổ chức (không được vượt quá 5%) >> Tháng 9;Cho vay giao dịch ký quỹ >> Tổng số chứng khoán cho vay giao dịch ký quỹ/Tổng số chứng khoán niêm yết của một tổ chức (không được vượt quá 5%) >> Tháng 9;Data Explorer;Chỉ tiêu cơ sở;TB;Ngày, CTCK;SCMS;;X;;;;;;;;;;
48;Báo cáo giám sát >> Báo cáo giám sát quy định về tài chính;Cho vay giao dịch ký quỹ >> Tổng số chứng khoán cho vay giao dịch ký quỹ/Tổng số chứng khoán niêm yết của một tổ chức (không được vượt quá 5%) >> Tháng 10;Cho vay giao dịch ký quỹ >> Tổng số chứng khoán cho vay giao dịch ký quỹ/Tổng số chứng khoán niêm yết của một tổ chức (không được vượt quá 5%) >> Tháng 10;Data Explorer;Chỉ tiêu cơ sở;TB;Ngày, CTCK;SCMS;;X;;;;;;;;;;
48;Báo cáo giám sát >> Báo cáo giám sát quy định về tài chính;Cho vay giao dịch ký quỹ >> Tổng số chứng khoán cho vay giao dịch ký quỹ/Tổng số chứng khoán niêm yết của một tổ chức (không được vượt quá 5%) >> Tháng 11;Cho vay giao dịch ký quỹ >> Tổng số chứng khoán cho vay giao dịch ký quỹ/Tổng số chứng khoán niêm yết của một tổ chức (không được vượt quá 5%) >> Tháng 11;Data Explorer;Chỉ tiêu cơ sở;TB;Ngày, CTCK;SCMS;;X;;;;;;;;;;
48;Báo cáo giám sát >> Báo cáo giám sát quy định về tài chính;Cho vay giao dịch ký quỹ >> Tổng số chứng khoán cho vay giao dịch ký quỹ/Tổng số chứng khoán niêm yết của một tổ chức (không được vượt quá 5%) >> Tháng 12;Cho vay giao dịch ký quỹ >> Tổng số chứng khoán cho vay giao dịch ký quỹ/Tổng số chứng khoán niêm yết của một tổ chức (không được vượt quá 5%) >> Tháng 12;Data Explorer;Chỉ tiêu cơ sở;TB;Ngày, CTCK;SCMS;;X;;;;;;;;;;
48;Báo cáo giám sát >> Báo cáo giám sát quy định về tài chính;Cho vay giao dịch ký quỹ >> Cho vay giao dịch ký quỹ ngoài danh sách cổ phiếu đủ tiêu chuẩn >> Tháng 1;Cho vay giao dịch ký quỹ >> Cho vay giao dịch ký quỹ ngoài danh sách cổ phiếu đủ tiêu chuẩn >> Tháng 1;Data Explorer;Chỉ tiêu cơ sở;TB;Ngày, CTCK;SCMS;;X;;;;;;;;;;
48;Báo cáo giám sát >> Báo cáo giám sát quy định về tài chính;Cho vay giao dịch ký quỹ >> Cho vay giao dịch ký quỹ ngoài danh sách cổ phiếu đủ tiêu chuẩn >> Tháng 2;Cho vay giao dịch ký quỹ >> Cho vay giao dịch ký quỹ ngoài danh sách cổ phiếu đủ tiêu chuẩn >> Tháng 2;Data Explorer;Chỉ tiêu cơ sở;TB;Ngày, CTCK;SCMS;;X;;;;;;;;;;
48;Báo cáo giám sát >> Báo cáo giám sát quy định về tài chính;Cho vay giao dịch ký quỹ >> Cho vay giao dịch ký quỹ ngoài danh sách cổ phiếu đủ tiêu chuẩn >> Tháng 3;Cho vay giao dịch ký quỹ >> Cho vay giao dịch ký quỹ ngoài danh sách cổ phiếu đủ tiêu chuẩn >> Tháng 3;Data Explorer;Chỉ tiêu cơ sở;TB;Ngày, CTCK;SCMS;;X;;;;;;;;;;
48;Báo cáo giám sát >> Báo cáo giám sát quy định về tài chính;Cho vay giao dịch ký quỹ >> Cho vay giao dịch ký quỹ ngoài danh sách cổ phiếu đủ tiêu chuẩn >> Tháng 4;Cho vay giao dịch ký quỹ >> Cho vay giao dịch ký quỹ ngoài danh sách cổ phiếu đủ tiêu chuẩn >> Tháng 4;Data Explorer;Chỉ tiêu cơ sở;TB;Ngày, CTCK;SCMS;;X;;;;;;;;;;
48;Báo cáo giám sát >> Báo cáo giám sát quy định về tài chính;Cho vay giao dịch ký quỹ >> Cho vay giao dịch ký quỹ ngoài danh sách cổ phiếu đủ tiêu chuẩn >> Tháng 5;Cho vay giao dịch ký quỹ >> Cho vay giao dịch ký quỹ ngoài danh sách cổ phiếu đủ tiêu chuẩn >> Tháng 5;Data Explorer;Chỉ tiêu cơ sở;TB;Ngày, CTCK;SCMS;;X;;;;;;;;;;
48;Báo cáo giám sát >> Báo cáo giám sát quy định về tài chính;Cho vay giao dịch ký quỹ >> Cho vay giao dịch ký quỹ ngoài danh sách cổ phiếu đủ tiêu chuẩn >> Tháng 6;Cho vay giao dịch ký quỹ >> Cho vay giao dịch ký quỹ ngoài danh sách cổ phiếu đủ tiêu chuẩn >> Tháng 6;Data Explorer;Chỉ tiêu cơ sở;TB;Ngày, CTCK;SCMS;;X;;;;;;;;;;
48;Báo cáo giám sát >> Báo cáo giám sát quy định về tài chính;Cho vay giao dịch ký quỹ >> Cho vay giao dịch ký quỹ ngoài danh sách cổ phiếu đủ tiêu chuẩn >> Tháng 7;Cho vay giao dịch ký quỹ >> Cho vay giao dịch ký quỹ ngoài danh sách cổ phiếu đủ tiêu chuẩn >> Tháng 7;Data Explorer;Chỉ tiêu cơ sở;TB;Ngày, CTCK;SCMS;;X;;;;;;;;;;
48;Báo cáo giám sát >> Báo cáo giám sát quy định về tài chính;Cho vay giao dịch ký quỹ >> Cho vay giao dịch ký quỹ ngoài danh sách cổ phiếu đủ tiêu chuẩn >> Tháng 8;Cho vay giao dịch ký quỹ >> Cho vay giao dịch ký quỹ ngoài danh sách cổ phiếu đủ tiêu chuẩn >> Tháng 8;Data Explorer;Chỉ tiêu cơ sở;TB;Ngày, CTCK;SCMS;;X;;;;;;;;;;
48;Báo cáo giám sát >> Báo cáo giám sát quy định về tài chính;Cho vay giao dịch ký quỹ >> Cho vay giao dịch ký quỹ ngoài danh sách cổ phiếu đủ tiêu chuẩn >> Tháng 9;Cho vay giao dịch ký quỹ >> Cho vay giao dịch ký quỹ ngoài danh sách cổ phiếu đủ tiêu chuẩn >> Tháng 9;Data Explorer;Chỉ tiêu cơ sở;TB;Ngày, CTCK;SCMS;;X;;;;;;;;;;
48;Báo cáo giám sát >> Báo cáo giám sát quy định về tài chính;Cho vay giao dịch ký quỹ >> Cho vay giao dịch ký quỹ ngoài danh sách cổ phiếu đủ tiêu chuẩn >> Tháng 10;Cho vay giao dịch ký quỹ >> Cho vay giao dịch ký quỹ ngoài danh sách cổ phiếu đủ tiêu chuẩn >> Tháng 10;Data Explorer;Chỉ tiêu cơ sở;TB;Ngày, CTCK;SCMS;;X;;;;;;;;;;
48;Báo cáo giám sát >> Báo cáo giám sát quy định về tài chính;Cho vay giao dịch ký quỹ >> Cho vay giao dịch ký quỹ ngoài danh sách cổ phiếu đủ tiêu chuẩn >> Tháng 11;Cho vay giao dịch ký quỹ >> Cho vay giao dịch ký quỹ ngoài danh sách cổ phiếu đủ tiêu chuẩn >> Tháng 11;Data Explorer;Chỉ tiêu cơ sở;TB;Ngày, CTCK;SCMS;;X;;;;;;;;;;
48;Báo cáo giám sát >> Báo cáo giám sát quy định về tài chính;Cho vay giao dịch ký quỹ >> Cho vay giao dịch ký quỹ ngoài danh sách cổ phiếu đủ tiêu chuẩn >> Tháng 12;Cho vay giao dịch ký quỹ >> Cho vay giao dịch ký quỹ ngoài danh sách cổ phiếu đủ tiêu chuẩn >> Tháng 12;Data Explorer;Chỉ tiêu cơ sở;TB;Ngày, CTCK;SCMS;;X;;;;;;;;;;
48;Báo cáo giám sát >> Báo cáo giám sát quy định về tài chính;Cho vay giao dịch ký quỹ >> Cho vay giao dịch ký quỹ đối với cổ phiếu do chính công ty chứng khoán bảo lãnh phát hành theo hình thức cam kết chắc chắn từ thời điểm công ty chứng khoán ký hợp đồng bảo lãnh đến hết 6 tháng tính từ khi hoàn tất đợt phát hành >> Tháng 1;Cho vay giao dịch ký quỹ >> Cho vay giao dịch ký quỹ đối với cổ phiếu do chính công ty chứng khoán bảo lãnh phát hành theo hình thức cam kết chắc chắn từ thời điểm công ty chứng khoán ký hợp đồng bảo lãnh đến hết 6 tháng tính từ khi hoàn tất đợt phát hành >> Tháng 1;Data Explorer;Chỉ tiêu cơ sở;TB;Ngày, CTCK;SCMS;;X;;;;;;;;;;
48;Báo cáo giám sát >> Báo cáo giám sát quy định về tài chính;Cho vay giao dịch ký quỹ >> Cho vay giao dịch ký quỹ đối với cổ phiếu do chính công ty chứng khoán bảo lãnh phát hành theo hình thức cam kết chắc chắn từ thời điểm công ty chứng khoán ký hợp đồng bảo lãnh đến hết 6 tháng tính từ khi hoàn tất đợt phát hành >> Tháng 2;Cho vay giao dịch ký quỹ >> Cho vay giao dịch ký quỹ đối với cổ phiếu do chính công ty chứng khoán bảo lãnh phát hành theo hình thức cam kết chắc chắn từ thời điểm công ty chứng khoán ký hợp đồng bảo lãnh đến hết 6 tháng tính từ khi hoàn tất đợt phát hành >> Tháng 2;Data Explorer;Chỉ tiêu cơ sở;TB;Ngày, CTCK;SCMS;;X;;;;;;;;;;
48;Báo cáo giám sát >> Báo cáo giám sát quy định về tài chính;Cho vay giao dịch ký quỹ >> Cho vay giao dịch ký quỹ đối với cổ phiếu do chính công ty chứng khoán bảo lãnh phát hành theo hình thức cam kết chắc chắn từ thời điểm công ty chứng khoán ký hợp đồng bảo lãnh đến hết 6 tháng tính từ khi hoàn tất đợt phát hành >> Tháng 3;Cho vay giao dịch ký quỹ >> Cho vay giao dịch ký quỹ đối với cổ phiếu do chính công ty chứng khoán bảo lãnh phát hành theo hình thức cam kết chắc chắn từ thời điểm công ty chứng khoán ký hợp đồng bảo lãnh đến hết 6 tháng tính từ khi hoàn tất đợt phát hành >> Tháng 3;Data Explorer;Chỉ tiêu cơ sở;TB;Ngày, CTCK;SCMS;;X;;;;;;;;;;
48;Báo cáo giám sát >> Báo cáo giám sát quy định về tài chính;Cho vay giao dịch ký quỹ >> Cho vay giao dịch ký quỹ đối với cổ phiếu do chính công ty chứng khoán bảo lãnh phát hành theo hình thức cam kết chắc chắn từ thời điểm công ty chứng khoán ký hợp đồng bảo lãnh đến hết 6 tháng tính từ khi hoàn tất đợt phát hành >> Tháng 4;Cho vay giao dịch ký quỹ >> Cho vay giao dịch ký quỹ đối với cổ phiếu do chính công ty chứng khoán bảo lãnh phát hành theo hình thức cam kết chắc chắn từ thời điểm công ty chứng khoán ký hợp đồng bảo lãnh đến hết 6 tháng tính từ khi hoàn tất đợt phát hành >> Tháng 4;Data Explorer;Chỉ tiêu cơ sở;TB;Ngày, CTCK;SCMS;;X;;;;;;;;;;
48;Báo cáo giám sát >> Báo cáo giám sát quy định về tài chính;Cho vay giao dịch ký quỹ >> Cho vay giao dịch ký quỹ đối với cổ phiếu do chính công ty chứng khoán bảo lãnh phát hành theo hình thức cam kết chắc chắn từ thời điểm công ty chứng khoán ký hợp đồng bảo lãnh đến hết 6 tháng tính từ khi hoàn tất đợt phát hành >> Tháng 5;Cho vay giao dịch ký quỹ >> Cho vay giao dịch ký quỹ đối với cổ phiếu do chính công ty chứng khoán bảo lãnh phát hành theo hình thức cam kết chắc chắn từ thời điểm công ty chứng khoán ký hợp đồng bảo lãnh đến hết 6 tháng tính từ khi hoàn tất đợt phát hành >> Tháng 5;Data Explorer;Chỉ tiêu cơ sở;TB;Ngày, CTCK;SCMS;;X;;;;;;;;;;
48;Báo cáo giám sát >> Báo cáo giám sát quy định về tài chính;Cho vay giao dịch ký quỹ >> Cho vay giao dịch ký quỹ đối với cổ phiếu do chính công ty chứng khoán bảo lãnh phát hành theo hình thức cam kết chắc chắn từ thời điểm công ty chứng khoán ký hợp đồng bảo lãnh đến hết 6 tháng tính từ khi hoàn tất đợt phát hành >> Tháng 6;Cho vay giao dịch ký quỹ >> Cho vay giao dịch ký quỹ đối với cổ phiếu do chính công ty chứng khoán bảo lãnh phát hành theo hình thức cam kết chắc chắn từ thời điểm công ty chứng khoán ký hợp đồng bảo lãnh đến hết 6 tháng tính từ khi hoàn tất đợt phát hành >> Tháng 6;Data Explorer;Chỉ tiêu cơ sở;TB;Ngày, CTCK;SCMS;;X;;;;;;;;;;
48;Báo cáo giám sát >> Báo cáo giám sát quy định về tài chính;Cho vay giao dịch ký quỹ >> Cho vay giao dịch ký quỹ đối với cổ phiếu do chính công ty chứng khoán bảo lãnh phát hành theo hình thức cam kết chắc chắn từ thời điểm công ty chứng khoán ký hợp đồng bảo lãnh đến hết 6 tháng tính từ khi hoàn tất đợt phát hành >> Tháng 7;Cho vay giao dịch ký quỹ >> Cho vay giao dịch ký quỹ đối với cổ phiếu do chính công ty chứng khoán bảo lãnh phát hành theo hình thức cam kết chắc chắn từ thời điểm công ty chứng khoán ký hợp đồng bảo lãnh đến hết 6 tháng tính từ khi hoàn tất đợt phát hành >> Tháng 7;Data Explorer;Chỉ tiêu cơ sở;TB;Ngày, CTCK;SCMS;;X;;;;;;;;;;
48;Báo cáo giám sát >> Báo cáo giám sát quy định về tài chính;Cho vay giao dịch ký quỹ >> Cho vay giao dịch ký quỹ đối với cổ phiếu do chính công ty chứng khoán bảo lãnh phát hành theo hình thức cam kết chắc chắn từ thời điểm công ty chứng khoán ký hợp đồng bảo lãnh đến hết 6 tháng tính từ khi hoàn tất đợt phát hành >> Tháng 8;Cho vay giao dịch ký quỹ >> Cho vay giao dịch ký quỹ đối với cổ phiếu do chính công ty chứng khoán bảo lãnh phát hành theo hình thức cam kết chắc chắn từ thời điểm công ty chứng khoán ký hợp đồng bảo lãnh đến hết 6 tháng tính từ khi hoàn tất đợt phát hành >> Tháng 8;Data Explorer;Chỉ tiêu cơ sở;TB;Ngày, CTCK;SCMS;;X;;;;;;;;;;
48;Báo cáo giám sát >> Báo cáo giám sát quy định về tài chính;Cho vay giao dịch ký quỹ >> Cho vay giao dịch ký quỹ đối với cổ phiếu do chính công ty chứng khoán bảo lãnh phát hành theo hình thức cam kết chắc chắn từ thời điểm công ty chứng khoán ký hợp đồng bảo lãnh đến hết 6 tháng tính từ khi hoàn tất đợt phát hành >> Tháng 9;Cho vay giao dịch ký quỹ >> Cho vay giao dịch ký quỹ đối với cổ phiếu do chính công ty chứng khoán bảo lãnh phát hành theo hình thức cam kết chắc chắn từ thời điểm công ty chứng khoán ký hợp đồng bảo lãnh đến hết 6 tháng tính từ khi hoàn tất đợt phát hành >> Tháng 9;Data Explorer;Chỉ tiêu cơ sở;TB;Ngày, CTCK;SCMS;;X;;;;;;;;;;
48;Báo cáo giám sát >> Báo cáo giám sát quy định về tài chính;Cho vay giao dịch ký quỹ >> Cho vay giao dịch ký quỹ đối với cổ phiếu do chính công ty chứng khoán bảo lãnh phát hành theo hình thức cam kết chắc chắn từ thời điểm công ty chứng khoán ký hợp đồng bảo lãnh đến hết 6 tháng tính từ khi hoàn tất đợt phát hành >> Tháng 10;Cho vay giao dịch ký quỹ >> Cho vay giao dịch ký quỹ đối với cổ phiếu do chính công ty chứng khoán bảo lãnh phát hành theo hình thức cam kết chắc chắn từ thời điểm công ty chứng khoán ký hợp đồng bảo lãnh đến hết 6 tháng tính từ khi hoàn tất đợt phát hành >> Tháng 10;Data Explorer;Chỉ tiêu cơ sở;TB;Ngày, CTCK;SCMS;;X;;;;;;;;;;
48;Báo cáo giám sát >> Báo cáo giám sát quy định về tài chính;Cho vay giao dịch ký quỹ >> Cho vay giao dịch ký quỹ đối với cổ phiếu do chính công ty chứng khoán bảo lãnh phát hành theo hình thức cam kết chắc chắn từ thời điểm công ty chứng khoán ký hợp đồng bảo lãnh đến hết 6 tháng tính từ khi hoàn tất đợt phát hành >> Tháng 11;Cho vay giao dịch ký quỹ >> Cho vay giao dịch ký quỹ đối với cổ phiếu do chính công ty chứng khoán bảo lãnh phát hành theo hình thức cam kết chắc chắn từ thời điểm công ty chứng khoán ký hợp đồng bảo lãnh đến hết 6 tháng tính từ khi hoàn tất đợt phát hành >> Tháng 11;Data Explorer;Chỉ tiêu cơ sở;TB;Ngày, CTCK;SCMS;;X;;;;;;;;;;
48;Báo cáo giám sát >> Báo cáo giám sát quy định về tài chính;Cho vay giao dịch ký quỹ >> Cho vay giao dịch ký quỹ đối với cổ phiếu do chính công ty chứng khoán bảo lãnh phát hành theo hình thức cam kết chắc chắn từ thời điểm công ty chứng khoán ký hợp đồng bảo lãnh đến hết 6 tháng tính từ khi hoàn tất đợt phát hành >> Tháng 12;Cho vay giao dịch ký quỹ >> Cho vay giao dịch ký quỹ đối với cổ phiếu do chính công ty chứng khoán bảo lãnh phát hành theo hình thức cam kết chắc chắn từ thời điểm công ty chứng khoán ký hợp đồng bảo lãnh đến hết 6 tháng tính từ khi hoàn tất đợt phát hành >> Tháng 12;Data Explorer;Chỉ tiêu cơ sở;TB;Ngày, CTCK;SCMS;;X;;;;;;;;;;
48;Báo cáo giám sát >> Báo cáo giám sát quy định về tài chính;Cho vay giao dịch ký quỹ >> Cho khách hàng vay tiền để thực hiện giao dịch ký quỹ đối với cổ phiếu của công ty niêm yết sở hữu 50% trở lên vốn điều lệ của CTCK và đối với cổ phiếu của công ty niêm yết, cổ phiếu của công ty đăng ký giao dịch Upcom do CTCK sở hữu từ 50% trở lên vốn điều lệ >> Tháng 1;Cho vay giao dịch ký quỹ >> Cho khách hàng vay tiền để thực hiện giao dịch ký quỹ đối với cổ phiếu của công ty niêm yết sở hữu 50% trở lên vốn điều lệ của CTCK và đối với cổ phiếu của công ty niêm yết, cổ phiếu của công ty đăng ký giao dịch Upcom do CTCK sở hữu từ 50% trở lên vốn điều lệ >> Tháng 1;Data Explorer;Chỉ tiêu cơ sở;TB;Ngày, CTCK;SCMS;;X;;;;;;;;;;
48;Báo cáo giám sát >> Báo cáo giám sát quy định về tài chính;Cho vay giao dịch ký quỹ >> Cho khách hàng vay tiền để thực hiện giao dịch ký quỹ đối với cổ phiếu của công ty niêm yết sở hữu 50% trở lên vốn điều lệ của CTCK và đối với cổ phiếu của công ty niêm yết, cổ phiếu của công ty đăng ký giao dịch Upcom do CTCK sở hữu từ 50% trở lên vốn điều lệ >> Tháng 2;Cho vay giao dịch ký quỹ >> Cho khách hàng vay tiền để thực hiện giao dịch ký quỹ đối với cổ phiếu của công ty niêm yết sở hữu 50% trở lên vốn điều lệ của CTCK và đối với cổ phiếu của công ty niêm yết, cổ phiếu của công ty đăng ký giao dịch Upcom do CTCK sở hữu từ 50% trở lên vốn điều lệ >> Tháng 2;Data Explorer;Chỉ tiêu cơ sở;TB;Ngày, CTCK;SCMS;;X;;;;;;;;;;
48;Báo cáo giám sát >> Báo cáo giám sát quy định về tài chính;Cho vay giao dịch ký quỹ >> Cho khách hàng vay tiền để thực hiện giao dịch ký quỹ đối với cổ phiếu của công ty niêm yết sở hữu 50% trở lên vốn điều lệ của CTCK và đối với cổ phiếu của công ty niêm yết, cổ phiếu của công ty đăng ký giao dịch Upcom do CTCK sở hữu từ 50% trở lên vốn điều lệ >> Tháng 3;Cho vay giao dịch ký quỹ >> Cho khách hàng vay tiền để thực hiện giao dịch ký quỹ đối với cổ phiếu của công ty niêm yết sở hữu 50% trở lên vốn điều lệ của CTCK và đối với cổ phiếu của công ty niêm yết, cổ phiếu của công ty đăng ký giao dịch Upcom do CTCK sở hữu từ 50% trở lên vốn điều lệ >> Tháng 3;Data Explorer;Chỉ tiêu cơ sở;TB;Ngày, CTCK;SCMS;;X;;;;;;;;;;
48;Báo cáo giám sát >> Báo cáo giám sát quy định về tài chính;Cho vay giao dịch ký quỹ >> Cho khách hàng vay tiền để thực hiện giao dịch ký quỹ đối với cổ phiếu của công ty niêm yết sở hữu 50% trở lên vốn điều lệ của CTCK và đối với cổ phiếu của công ty niêm yết, cổ phiếu của công ty đăng ký giao dịch Upcom do CTCK sở hữu từ 50% trở lên vốn điều lệ >> Tháng 4;Cho vay giao dịch ký quỹ >> Cho khách hàng vay tiền để thực hiện giao dịch ký quỹ đối với cổ phiếu của công ty niêm yết sở hữu 50% trở lên vốn điều lệ của CTCK và đối với cổ phiếu của công ty niêm yết, cổ phiếu của công ty đăng ký giao dịch Upcom do CTCK sở hữu từ 50% trở lên vốn điều lệ >> Tháng 4;Data Explorer;Chỉ tiêu cơ sở;TB;Ngày, CTCK;SCMS;;X;;;;;;;;;;
48;Báo cáo giám sát >> Báo cáo giám sát quy định về tài chính;Cho vay giao dịch ký quỹ >> Cho khách hàng vay tiền để thực hiện giao dịch ký quỹ đối với cổ phiếu của công ty niêm yết sở hữu 50% trở lên vốn điều lệ của CTCK và đối với cổ phiếu của công ty niêm yết, cổ phiếu của công ty đăng ký giao dịch Upcom do CTCK sở hữu từ 50% trở lên vốn điều lệ >> Tháng 5;Cho vay giao dịch ký quỹ >> Cho khách hàng vay tiền để thực hiện giao dịch ký quỹ đối với cổ phiếu của công ty niêm yết sở hữu 50% trở lên vốn điều lệ của CTCK và đối với cổ phiếu của công ty niêm yết, cổ phiếu của công ty đăng ký giao dịch Upcom do CTCK sở hữu từ 50% trở lên vốn điều lệ >> Tháng 5;Data Explorer;Chỉ tiêu cơ sở;TB;Ngày, CTCK;SCMS;;X;;;;;;;;;;
48;Báo cáo giám sát >> Báo cáo giám sát quy định về tài chính;Cho vay giao dịch ký quỹ >> Cho khách hàng vay tiền để thực hiện giao dịch ký quỹ đối với cổ phiếu của công ty niêm yết sở hữu 50% trở lên vốn điều lệ của CTCK và đối với cổ phiếu của công ty niêm yết, cổ phiếu của công ty đăng ký giao dịch Upcom do CTCK sở hữu từ 50% trở lên vốn điều lệ >> Tháng 6;Cho vay giao dịch ký quỹ >> Cho khách hàng vay tiền để thực hiện giao dịch ký quỹ đối với cổ phiếu của công ty niêm yết sở hữu 50% trở lên vốn điều lệ của CTCK và đối với cổ phiếu của công ty niêm yết, cổ phiếu của công ty đăng ký giao dịch Upcom do CTCK sở hữu từ 50% trở lên vốn điều lệ >> Tháng 6;Data Explorer;Chỉ tiêu cơ sở;TB;Ngày, CTCK;SCMS;;X;;;;;;;;;;
48;Báo cáo giám sát >> Báo cáo giám sát quy định về tài chính;Cho vay giao dịch ký quỹ >> Cho khách hàng vay tiền để thực hiện giao dịch ký quỹ đối với cổ phiếu của công ty niêm yết sở hữu 50% trở lên vốn điều lệ của CTCK và đối với cổ phiếu của công ty niêm yết, cổ phiếu của công ty đăng ký giao dịch Upcom do CTCK sở hữu từ 50% trở lên vốn điều lệ >> Tháng 7;Cho vay giao dịch ký quỹ >> Cho khách hàng vay tiền để thực hiện giao dịch ký quỹ đối với cổ phiếu của công ty niêm yết sở hữu 50% trở lên vốn điều lệ của CTCK và đối với cổ phiếu của công ty niêm yết, cổ phiếu của công ty đăng ký giao dịch Upcom do CTCK sở hữu từ 50% trở lên vốn điều lệ >> Tháng 7;Data Explorer;Chỉ tiêu cơ sở;TB;Ngày, CTCK;SCMS;;X;;;;;;;;;;
48;Báo cáo giám sát >> Báo cáo giám sát quy định về tài chính;Cho vay giao dịch ký quỹ >> Cho khách hàng vay tiền để thực hiện giao dịch ký quỹ đối với cổ phiếu của công ty niêm yết sở hữu 50% trở lên vốn điều lệ của CTCK và đối với cổ phiếu của công ty niêm yết, cổ phiếu của công ty đăng ký giao dịch Upcom do CTCK sở hữu từ 50% trở lên vốn điều lệ >> Tháng 8;Cho vay giao dịch ký quỹ >> Cho khách hàng vay tiền để thực hiện giao dịch ký quỹ đối với cổ phiếu của công ty niêm yết sở hữu 50% trở lên vốn điều lệ của CTCK và đối với cổ phiếu của công ty niêm yết, cổ phiếu của công ty đăng ký giao dịch Upcom do CTCK sở hữu từ 50% trở lên vốn điều lệ >> Tháng 8;Data Explorer;Chỉ tiêu cơ sở;TB;Ngày, CTCK;SCMS;;X;;;;;;;;;;
48;Báo cáo giám sát >> Báo cáo giám sát quy định về tài chính;Cho vay giao dịch ký quỹ >> Cho khách hàng vay tiền để thực hiện giao dịch ký quỹ đối với cổ phiếu của công ty niêm yết sở hữu 50% trở lên vốn điều lệ của CTCK và đối với cổ phiếu của công ty niêm yết, cổ phiếu của công ty đăng ký giao dịch Upcom do CTCK sở hữu từ 50% trở lên vốn điều lệ >> Tháng 9;Cho vay giao dịch ký quỹ >> Cho khách hàng vay tiền để thực hiện giao dịch ký quỹ đối với cổ phiếu của công ty niêm yết sở hữu 50% trở lên vốn điều lệ của CTCK và đối với cổ phiếu của công ty niêm yết, cổ phiếu của công ty đăng ký giao dịch Upcom do CTCK sở hữu từ 50% trở lên vốn điều lệ >> Tháng 9;Data Explorer;Chỉ tiêu cơ sở;TB;Ngày, CTCK;SCMS;;X;;;;;;;;;;
48;Báo cáo giám sát >> Báo cáo giám sát quy định về tài chính;Cho vay giao dịch ký quỹ >> Cho khách hàng vay tiền để thực hiện giao dịch ký quỹ đối với cổ phiếu của công ty niêm yết sở hữu 50% trở lên vốn điều lệ của CTCK và đối với cổ phiếu của công ty niêm yết, cổ phiếu của công ty đăng ký giao dịch Upcom do CTCK sở hữu từ 50% trở lên vốn điều lệ >> Tháng 10;Cho vay giao dịch ký quỹ >> Cho khách hàng vay tiền để thực hiện giao dịch ký quỹ đối với cổ phiếu của công ty niêm yết sở hữu 50% trở lên vốn điều lệ của CTCK và đối với cổ phiếu của công ty niêm yết, cổ phiếu của công ty đăng ký giao dịch Upcom do CTCK sở hữu từ 50% trở lên vốn điều lệ >> Tháng 10;Data Explorer;Chỉ tiêu cơ sở;TB;Ngày, CTCK;SCMS;;X;;;;;;;;;;
48;Báo cáo giám sát >> Báo cáo giám sát quy định về tài chính;Cho vay giao dịch ký quỹ >> Cho khách hàng vay tiền để thực hiện giao dịch ký quỹ đối với cổ phiếu của công ty niêm yết sở hữu 50% trở lên vốn điều lệ của CTCK và đối với cổ phiếu của công ty niêm yết, cổ phiếu của công ty đăng ký giao dịch Upcom do CTCK sở hữu từ 50% trở lên vốn điều lệ >> Tháng 11;Cho vay giao dịch ký quỹ >> Cho khách hàng vay tiền để thực hiện giao dịch ký quỹ đối với cổ phiếu của công ty niêm yết sở hữu 50% trở lên vốn điều lệ của CTCK và đối với cổ phiếu của công ty niêm yết, cổ phiếu của công ty đăng ký giao dịch Upcom do CTCK sở hữu từ 50% trở lên vốn điều lệ >> Tháng 11;Data Explorer;Chỉ tiêu cơ sở;TB;Ngày, CTCK;SCMS;;X;;;;;;;;;;
48;Báo cáo giám sát >> Báo cáo giám sát quy định về tài chính;Cho vay giao dịch ký quỹ >> Cho khách hàng vay tiền để thực hiện giao dịch ký quỹ đối với cổ phiếu của công ty niêm yết sở hữu 50% trở lên vốn điều lệ của CTCK và đối với cổ phiếu của công ty niêm yết, cổ phiếu của công ty đăng ký giao dịch Upcom do CTCK sở hữu từ 50% trở lên vốn điều lệ >> Tháng 12;Cho vay giao dịch ký quỹ >> Cho khách hàng vay tiền để thực hiện giao dịch ký quỹ đối với cổ phiếu của công ty niêm yết sở hữu 50% trở lên vốn điều lệ của CTCK và đối với cổ phiếu của công ty niêm yết, cổ phiếu của công ty đăng ký giao dịch Upcom do CTCK sở hữu từ 50% trở lên vốn điều lệ >> Tháng 12;Data Explorer;Chỉ tiêu cơ sở;TB;Ngày, CTCK;SCMS;;X;;;;;;;;;;
48;Báo cáo giám sát >> Báo cáo giám sát quy định về tài chính;Cho vay giao dịch ký quỹ >> Cho khách hàng vay tiền để thực hiện giao dịch ký quỹ đối với cổ phiếu của chính CTCK phát hành >> Tháng 1;Cho vay giao dịch ký quỹ >> Cho khách hàng vay tiền để thực hiện giao dịch ký quỹ đối với cổ phiếu của chính CTCK phát hành >> Tháng 1;Data Explorer;Chỉ tiêu cơ sở;TB;Ngày, CTCK;SCMS;;X;;;;;;;;;;
48;Báo cáo giám sát >> Báo cáo giám sát quy định về tài chính;Cho vay giao dịch ký quỹ >> Cho khách hàng vay tiền để thực hiện giao dịch ký quỹ đối với cổ phiếu của chính CTCK phát hành >> Tháng 2;Cho vay giao dịch ký quỹ >> Cho khách hàng vay tiền để thực hiện giao dịch ký quỹ đối với cổ phiếu của chính CTCK phát hành >> Tháng 2;Data Explorer;Chỉ tiêu cơ sở;TB;Ngày, CTCK;SCMS;;X;;;;;;;;;;
48;Báo cáo giám sát >> Báo cáo giám sát quy định về tài chính;Cho vay giao dịch ký quỹ >> Cho khách hàng vay tiền để thực hiện giao dịch ký quỹ đối với cổ phiếu của chính CTCK phát hành >> Tháng 3;Cho vay giao dịch ký quỹ >> Cho khách hàng vay tiền để thực hiện giao dịch ký quỹ đối với cổ phiếu của chính CTCK phát hành >> Tháng 3;Data Explorer;Chỉ tiêu cơ sở;TB;Ngày, CTCK;SCMS;;X;;;;;;;;;;
48;Báo cáo giám sát >> Báo cáo giám sát quy định về tài chính;Cho vay giao dịch ký quỹ >> Cho khách hàng vay tiền để thực hiện giao dịch ký quỹ đối với cổ phiếu của chính CTCK phát hành >> Tháng 4;Cho vay giao dịch ký quỹ >> Cho khách hàng vay tiền để thực hiện giao dịch ký quỹ đối với cổ phiếu của chính CTCK phát hành >> Tháng 4;Data Explorer;Chỉ tiêu cơ sở;TB;Ngày, CTCK;SCMS;;X;;;;;;;;;;
48;Báo cáo giám sát >> Báo cáo giám sát quy định về tài chính;Cho vay giao dịch ký quỹ >> Cho khách hàng vay tiền để thực hiện giao dịch ký quỹ đối với cổ phiếu của chính CTCK phát hành >> Tháng 5;Cho vay giao dịch ký quỹ >> Cho khách hàng vay tiền để thực hiện giao dịch ký quỹ đối với cổ phiếu của chính CTCK phát hành >> Tháng 5;Data Explorer;Chỉ tiêu cơ sở;TB;Ngày, CTCK;SCMS;;X;;;;;;;;;;
48;Báo cáo giám sát >> Báo cáo giám sát quy định về tài chính;Cho vay giao dịch ký quỹ >> Cho khách hàng vay tiền để thực hiện giao dịch ký quỹ đối với cổ phiếu của chính CTCK phát hành >> Tháng 6;Cho vay giao dịch ký quỹ >> Cho khách hàng vay tiền để thực hiện giao dịch ký quỹ đối với cổ phiếu của chính CTCK phát hành >> Tháng 6;Data Explorer;Chỉ tiêu cơ sở;TB;Ngày, CTCK;SCMS;;X;;;;;;;;;;
48;Báo cáo giám sát >> Báo cáo giám sát quy định về tài chính;Cho vay giao dịch ký quỹ >> Cho khách hàng vay tiền để thực hiện giao dịch ký quỹ đối với cổ phiếu của chính CTCK phát hành >> Tháng 7;Cho vay giao dịch ký quỹ >> Cho khách hàng vay tiền để thực hiện giao dịch ký quỹ đối với cổ phiếu của chính CTCK phát hành >> Tháng 7;Data Explorer;Chỉ tiêu cơ sở;TB;Ngày, CTCK;SCMS;;X;;;;;;;;;;
48;Báo cáo giám sát >> Báo cáo giám sát quy định về tài chính;Cho vay giao dịch ký quỹ >> Cho khách hàng vay tiền để thực hiện giao dịch ký quỹ đối với cổ phiếu của chính CTCK phát hành >> Tháng 8;Cho vay giao dịch ký quỹ >> Cho khách hàng vay tiền để thực hiện giao dịch ký quỹ đối với cổ phiếu của chính CTCK phát hành >> Tháng 8;Data Explorer;Chỉ tiêu cơ sở;TB;Ngày, CTCK;SCMS;;X;;;;;;;;;;
48;Báo cáo giám sát >> Báo cáo giám sát quy định về tài chính;Cho vay giao dịch ký quỹ >> Cho khách hàng vay tiền để thực hiện giao dịch ký quỹ đối với cổ phiếu của chính CTCK phát hành >> Tháng 9;Cho vay giao dịch ký quỹ >> Cho khách hàng vay tiền để thực hiện giao dịch ký quỹ đối với cổ phiếu của chính CTCK phát hành >> Tháng 9;Data Explorer;Chỉ tiêu cơ sở;TB;Ngày, CTCK;SCMS;;X;;;;;;;;;;
48;Báo cáo giám sát >> Báo cáo giám sát quy định về tài chính;Cho vay giao dịch ký quỹ >> Cho khách hàng vay tiền để thực hiện giao dịch ký quỹ đối với cổ phiếu của chính CTCK phát hành >> Tháng 10;Cho vay giao dịch ký quỹ >> Cho khách hàng vay tiền để thực hiện giao dịch ký quỹ đối với cổ phiếu của chính CTCK phát hành >> Tháng 10;Data Explorer;Chỉ tiêu cơ sở;TB;Ngày, CTCK;SCMS;;X;;;;;;;;;;
48;Báo cáo giám sát >> Báo cáo giám sát quy định về tài chính;Cho vay giao dịch ký quỹ >> Cho khách hàng vay tiền để thực hiện giao dịch ký quỹ đối với cổ phiếu của chính CTCK phát hành >> Tháng 11;Cho vay giao dịch ký quỹ >> Cho khách hàng vay tiền để thực hiện giao dịch ký quỹ đối với cổ phiếu của chính CTCK phát hành >> Tháng 11;Data Explorer;Chỉ tiêu cơ sở;TB;Ngày, CTCK;SCMS;;X;;;;;;;;;;
48;Báo cáo giám sát >> Báo cáo giám sát quy định về tài chính;Cho vay giao dịch ký quỹ >> Cho khách hàng vay tiền để thực hiện giao dịch ký quỹ đối với cổ phiếu của chính CTCK phát hành >> Tháng 12;Cho vay giao dịch ký quỹ >> Cho khách hàng vay tiền để thực hiện giao dịch ký quỹ đối với cổ phiếu của chính CTCK phát hành >> Tháng 12;Data Explorer;Chỉ tiêu cơ sở;TB;Ngày, CTCK;SCMS;;X;;;;;;;;;;
48;Báo cáo giám sát >> Báo cáo giám sát quy định về tài chính;Hạn chế đầu tư >> Tổng giá trị đầu tư vào các trái phiếu doanh nhiệp của CTCK không được  vượt quá 70% vốn chủ sở hữu >> Quý I;Hạn chế đầu tư >> Tổng giá trị đầu tư vào các trái phiếu doanh nhiệp của CTCK không được  vượt quá 70% vốn chủ sở hữu >> Quý I;Data Explorer;Chỉ tiêu cơ sở;TB;Ngày, CTCK;SCMS;;X;;;;;;;;;;
48;Báo cáo giám sát >> Báo cáo giám sát quy định về tài chính;Hạn chế đầu tư >> Tổng giá trị đầu tư vào các trái phiếu doanh nhiệp của CTCK không được  vượt quá 70% vốn chủ sở hữu >> Quý II;Hạn chế đầu tư >> Tổng giá trị đầu tư vào các trái phiếu doanh nhiệp của CTCK không được  vượt quá 70% vốn chủ sở hữu >> Quý II;Data Explorer;Chỉ tiêu cơ sở;TB;Ngày, CTCK;SCMS;;X;;;;;;;;;;
48;Báo cáo giám sát >> Báo cáo giám sát quy định về tài chính;Hạn chế đầu tư >> Tổng giá trị đầu tư vào các trái phiếu doanh nhiệp của CTCK không được  vượt quá 70% vốn chủ sở hữu >> Quý III;Hạn chế đầu tư >> Tổng giá trị đầu tư vào các trái phiếu doanh nhiệp của CTCK không được  vượt quá 70% vốn chủ sở hữu >> Quý III;Data Explorer;Chỉ tiêu cơ sở;TB;Ngày, CTCK;SCMS;;X;;;;;;;;;;
48;Báo cáo giám sát >> Báo cáo giám sát quy định về tài chính;Hạn chế đầu tư >> Tổng giá trị đầu tư vào các trái phiếu doanh nhiệp của CTCK không được  vượt quá 70% vốn chủ sở hữu >> Quý IV;Hạn chế đầu tư >> Tổng giá trị đầu tư vào các trái phiếu doanh nhiệp của CTCK không được  vượt quá 70% vốn chủ sở hữu >> Quý IV;Data Explorer;Chỉ tiêu cơ sở;TB;Ngày, CTCK;SCMS;;X;;;;;;;;;;
48;Báo cáo giám sát >> Báo cáo giám sát quy định về tài chính;Hạn chế đầu tư >> Tổng giá trị đầu tư vào các trái phiếu doanh nhiệp của CTCK không được  vượt quá 70% vốn chủ sở hữu >> Năm;Hạn chế đầu tư >> Tổng giá trị đầu tư vào các trái phiếu doanh nhiệp của CTCK không được  vượt quá 70% vốn chủ sở hữu >> Năm;Data Explorer;Chỉ tiêu cơ sở;TB;Ngày, CTCK;SCMS;;X;;;;;;;;;;
48;Báo cáo giám sát >> Báo cáo giám sát quy định về tài chính;Hạn chế đầu tư >> CTCK không được trực tiếp hoặc ủy thác cho tổ chức, cá nhân khác thực hiện đầu tư vào cổ phiếu đầu tư vào cổ phiếu hoặc phần vốn góp của công ty có sở hữu trên 50% vốn điều lệ của CTCK >> Tháng 1;Hạn chế đầu tư >> CTCK không được trực tiếp hoặc ủy thác cho tổ chức, cá nhân khác thực hiện đầu tư vào cổ phiếu đầu tư vào cổ phiếu hoặc phần vốn góp của công ty có sở hữu trên 50% vốn điều lệ của CTCK >> Tháng 1;Data Explorer;Chỉ tiêu cơ sở;TB;Ngày, CTCK;SCMS;;X;;;;;;;;;;
48;Báo cáo giám sát >> Báo cáo giám sát quy định về tài chính;Hạn chế đầu tư >> CTCK không được trực tiếp hoặc ủy thác cho tổ chức, cá nhân khác thực hiện đầu tư vào cổ phiếu đầu tư vào cổ phiếu hoặc phần vốn góp của công ty có sở hữu trên 50% vốn điều lệ của CTCK >> Tháng 2;Hạn chế đầu tư >> CTCK không được trực tiếp hoặc ủy thác cho tổ chức, cá nhân khác thực hiện đầu tư vào cổ phiếu đầu tư vào cổ phiếu hoặc phần vốn góp của công ty có sở hữu trên 50% vốn điều lệ của CTCK >> Tháng 2;Data Explorer;Chỉ tiêu cơ sở;TB;Ngày, CTCK;SCMS;;X;;;;;;;;;;
48;Báo cáo giám sát >> Báo cáo giám sát quy định về tài chính;Hạn chế đầu tư >> CTCK không được trực tiếp hoặc ủy thác cho tổ chức, cá nhân khác thực hiện đầu tư vào cổ phiếu đầu tư vào cổ phiếu hoặc phần vốn góp của công ty có sở hữu trên 50% vốn điều lệ của CTCK >> Tháng 3;Hạn chế đầu tư >> CTCK không được trực tiếp hoặc ủy thác cho tổ chức, cá nhân khác thực hiện đầu tư vào cổ phiếu đầu tư vào cổ phiếu hoặc phần vốn góp của công ty có sở hữu trên 50% vốn điều lệ của CTCK >> Tháng 3;Data Explorer;Chỉ tiêu cơ sở;TB;Ngày, CTCK;SCMS;;X;;;;;;;;;;
48;Báo cáo giám sát >> Báo cáo giám sát quy định về tài chính;Hạn chế đầu tư >> CTCK không được trực tiếp hoặc ủy thác cho tổ chức, cá nhân khác thực hiện đầu tư vào cổ phiếu đầu tư vào cổ phiếu hoặc phần vốn góp của công ty có sở hữu trên 50% vốn điều lệ của CTCK >> Tháng 4;Hạn chế đầu tư >> CTCK không được trực tiếp hoặc ủy thác cho tổ chức, cá nhân khác thực hiện đầu tư vào cổ phiếu đầu tư vào cổ phiếu hoặc phần vốn góp của công ty có sở hữu trên 50% vốn điều lệ của CTCK >> Tháng 4;Data Explorer;Chỉ tiêu cơ sở;TB;Ngày, CTCK;SCMS;;X;;;;;;;;;;
48;Báo cáo giám sát >> Báo cáo giám sát quy định về tài chính;Hạn chế đầu tư >> CTCK không được trực tiếp hoặc ủy thác cho tổ chức, cá nhân khác thực hiện đầu tư vào cổ phiếu đầu tư vào cổ phiếu hoặc phần vốn góp của công ty có sở hữu trên 50% vốn điều lệ của CTCK >> Tháng 5;Hạn chế đầu tư >> CTCK không được trực tiếp hoặc ủy thác cho tổ chức, cá nhân khác thực hiện đầu tư vào cổ phiếu đầu tư vào cổ phiếu hoặc phần vốn góp của công ty có sở hữu trên 50% vốn điều lệ của CTCK >> Tháng 5;Data Explorer;Chỉ tiêu cơ sở;TB;Ngày, CTCK;SCMS;;X;;;;;;;;;;
48;Báo cáo giám sát >> Báo cáo giám sát quy định về tài chính;Hạn chế đầu tư >> CTCK không được trực tiếp hoặc ủy thác cho tổ chức, cá nhân khác thực hiện đầu tư vào cổ phiếu đầu tư vào cổ phiếu hoặc phần vốn góp của công ty có sở hữu trên 50% vốn điều lệ của CTCK >> Tháng 6;Hạn chế đầu tư >> CTCK không được trực tiếp hoặc ủy thác cho tổ chức, cá nhân khác thực hiện đầu tư vào cổ phiếu đầu tư vào cổ phiếu hoặc phần vốn góp của công ty có sở hữu trên 50% vốn điều lệ của CTCK >> Tháng 6;Data Explorer;Chỉ tiêu cơ sở;TB;Ngày, CTCK;SCMS;;X;;;;;;;;;;
48;Báo cáo giám sát >> Báo cáo giám sát quy định về tài chính;Hạn chế đầu tư >> CTCK không được trực tiếp hoặc ủy thác cho tổ chức, cá nhân khác thực hiện đầu tư vào cổ phiếu đầu tư vào cổ phiếu hoặc phần vốn góp của công ty có sở hữu trên 50% vốn điều lệ của CTCK >> Tháng 7;Hạn chế đầu tư >> CTCK không được trực tiếp hoặc ủy thác cho tổ chức, cá nhân khác thực hiện đầu tư vào cổ phiếu đầu tư vào cổ phiếu hoặc phần vốn góp của công ty có sở hữu trên 50% vốn điều lệ của CTCK >> Tháng 7;Data Explorer;Chỉ tiêu cơ sở;TB;Ngày, CTCK;SCMS;;X;;;;;;;;;;
48;Báo cáo giám sát >> Báo cáo giám sát quy định về tài chính;Hạn chế đầu tư >> CTCK không được trực tiếp hoặc ủy thác cho tổ chức, cá nhân khác thực hiện đầu tư vào cổ phiếu đầu tư vào cổ phiếu hoặc phần vốn góp của công ty có sở hữu trên 50% vốn điều lệ của CTCK >> Tháng 8;Hạn chế đầu tư >> CTCK không được trực tiếp hoặc ủy thác cho tổ chức, cá nhân khác thực hiện đầu tư vào cổ phiếu đầu tư vào cổ phiếu hoặc phần vốn góp của công ty có sở hữu trên 50% vốn điều lệ của CTCK >> Tháng 8;Data Explorer;Chỉ tiêu cơ sở;TB;Ngày, CTCK;SCMS;;X;;;;;;;;;;
48;Báo cáo giám sát >> Báo cáo giám sát quy định về tài chính;Hạn chế đầu tư >> CTCK không được trực tiếp hoặc ủy thác cho tổ chức, cá nhân khác thực hiện đầu tư vào cổ phiếu đầu tư vào cổ phiếu hoặc phần vốn góp của công ty có sở hữu trên 50% vốn điều lệ của CTCK >> Tháng 9;Hạn chế đầu tư >> CTCK không được trực tiếp hoặc ủy thác cho tổ chức, cá nhân khác thực hiện đầu tư vào cổ phiếu đầu tư vào cổ phiếu hoặc phần vốn góp của công ty có sở hữu trên 50% vốn điều lệ của CTCK >> Tháng 9;Data Explorer;Chỉ tiêu cơ sở;TB;Ngày, CTCK;SCMS;;X;;;;;;;;;;
48;Báo cáo giám sát >> Báo cáo giám sát quy định về tài chính;Hạn chế đầu tư >> CTCK không được trực tiếp hoặc ủy thác cho tổ chức, cá nhân khác thực hiện đầu tư vào cổ phiếu đầu tư vào cổ phiếu hoặc phần vốn góp của công ty có sở hữu trên 50% vốn điều lệ của CTCK >> Tháng 10;Hạn chế đầu tư >> CTCK không được trực tiếp hoặc ủy thác cho tổ chức, cá nhân khác thực hiện đầu tư vào cổ phiếu đầu tư vào cổ phiếu hoặc phần vốn góp của công ty có sở hữu trên 50% vốn điều lệ của CTCK >> Tháng 10;Data Explorer;Chỉ tiêu cơ sở;TB;Ngày, CTCK;SCMS;;X;;;;;;;;;;
48;Báo cáo giám sát >> Báo cáo giám sát quy định về tài chính;Hạn chế đầu tư >> CTCK không được trực tiếp hoặc ủy thác cho tổ chức, cá nhân khác thực hiện đầu tư vào cổ phiếu đầu tư vào cổ phiếu hoặc phần vốn góp của công ty có sở hữu trên 50% vốn điều lệ của CTCK >> Tháng 11;Hạn chế đầu tư >> CTCK không được trực tiếp hoặc ủy thác cho tổ chức, cá nhân khác thực hiện đầu tư vào cổ phiếu đầu tư vào cổ phiếu hoặc phần vốn góp của công ty có sở hữu trên 50% vốn điều lệ của CTCK >> Tháng 11;Data Explorer;Chỉ tiêu cơ sở;TB;Ngày, CTCK;SCMS;;X;;;;;;;;;;
48;Báo cáo giám sát >> Báo cáo giám sát quy định về tài chính;Hạn chế đầu tư >> CTCK không được trực tiếp hoặc ủy thác cho tổ chức, cá nhân khác thực hiện đầu tư vào cổ phiếu đầu tư vào cổ phiếu hoặc phần vốn góp của công ty có sở hữu trên 50% vốn điều lệ của CTCK >> Tháng 12;Hạn chế đầu tư >> CTCK không được trực tiếp hoặc ủy thác cho tổ chức, cá nhân khác thực hiện đầu tư vào cổ phiếu đầu tư vào cổ phiếu hoặc phần vốn góp của công ty có sở hữu trên 50% vốn điều lệ của CTCK >> Tháng 12;Data Explorer;Chỉ tiêu cơ sở;TB;Ngày, CTCK;SCMS;;X;;;;;;;;;;
48;Báo cáo giám sát >> Báo cáo giám sát quy định về tài chính;Hạn chế đầu tư >> CTCK không được trực tiếp hoặc ủy thác cho tổ chức, cá nhân khác thực hiện đầu tư vào cổ phiếu đầu tư vào cổ phiếu hoặc phần vốn góp của công ty có sở hữu trên 50% vốn điều lệ của CTCK >> Quý I;Hạn chế đầu tư >> CTCK không được trực tiếp hoặc ủy thác cho tổ chức, cá nhân khác thực hiện đầu tư vào cổ phiếu đầu tư vào cổ phiếu hoặc phần vốn góp của công ty có sở hữu trên 50% vốn điều lệ của CTCK >> Quý I;Data Explorer;Chỉ tiêu cơ sở;TB;Ngày, CTCK;SCMS;;X;;;;;;;;;;
48;Báo cáo giám sát >> Báo cáo giám sát quy định về tài chính;Hạn chế đầu tư >> CTCK không được trực tiếp hoặc ủy thác cho tổ chức, cá nhân khác thực hiện đầu tư vào cổ phiếu đầu tư vào cổ phiếu hoặc phần vốn góp của công ty có sở hữu trên 50% vốn điều lệ của CTCK >> Quý II;Hạn chế đầu tư >> CTCK không được trực tiếp hoặc ủy thác cho tổ chức, cá nhân khác thực hiện đầu tư vào cổ phiếu đầu tư vào cổ phiếu hoặc phần vốn góp của công ty có sở hữu trên 50% vốn điều lệ của CTCK >> Quý II;Data Explorer;Chỉ tiêu cơ sở;TB;Ngày, CTCK;SCMS;;X;;;;;;;;;;
48;Báo cáo giám sát >> Báo cáo giám sát quy định về tài chính;Hạn chế đầu tư >> CTCK không được trực tiếp hoặc ủy thác cho tổ chức, cá nhân khác thực hiện đầu tư vào cổ phiếu đầu tư vào cổ phiếu hoặc phần vốn góp của công ty có sở hữu trên 50% vốn điều lệ của CTCK >> Quý III;Hạn chế đầu tư >> CTCK không được trực tiếp hoặc ủy thác cho tổ chức, cá nhân khác thực hiện đầu tư vào cổ phiếu đầu tư vào cổ phiếu hoặc phần vốn góp của công ty có sở hữu trên 50% vốn điều lệ của CTCK >> Quý III;Data Explorer;Chỉ tiêu cơ sở;TB;Ngày, CTCK;SCMS;;X;;;;;;;;;;
48;Báo cáo giám sát >> Báo cáo giám sát quy định về tài chính;Hạn chế đầu tư >> CTCK không được trực tiếp hoặc ủy thác cho tổ chức, cá nhân khác thực hiện đầu tư vào cổ phiếu đầu tư vào cổ phiếu hoặc phần vốn góp của công ty có sở hữu trên 50% vốn điều lệ của CTCK >> Quý IV;Hạn chế đầu tư >> CTCK không được trực tiếp hoặc ủy thác cho tổ chức, cá nhân khác thực hiện đầu tư vào cổ phiếu đầu tư vào cổ phiếu hoặc phần vốn góp của công ty có sở hữu trên 50% vốn điều lệ của CTCK >> Quý IV;Data Explorer;Chỉ tiêu cơ sở;TB;Ngày, CTCK;SCMS;;X;;;;;;;;;;
48;Báo cáo giám sát >> Báo cáo giám sát quy định về tài chính;Hạn chế đầu tư >> CTCK không được trực tiếp hoặc ủy thác cho tổ chức, cá nhân khác thực hiện đầu tư vào cổ phiếu đầu tư vào cổ phiếu hoặc phần vốn góp của công ty có sở hữu trên 50% vốn điều lệ của CTCK >> Năm;Hạn chế đầu tư >> CTCK không được trực tiếp hoặc ủy thác cho tổ chức, cá nhân khác thực hiện đầu tư vào cổ phiếu đầu tư vào cổ phiếu hoặc phần vốn góp của công ty có sở hữu trên 50% vốn điều lệ của CTCK >> Năm;Data Explorer;Chỉ tiêu cơ sở;TB;Ngày, CTCK;SCMS;;X;;;;;;;;;;
48;Báo cáo giám sát >> Báo cáo giám sát quy định về tài chính;Hạn chế đầu tư >> CTCK không được trực tiếp hoặc ủy thác cho tổ chức, cá nhân khác thực hiện cùng với người có liên quan đầu tư từ 5% trở lên vốn điều lệ của CTCK khác >> Tháng 1;Hạn chế đầu tư >> CTCK không được trực tiếp hoặc ủy thác cho tổ chức, cá nhân khác thực hiện cùng với người có liên quan đầu tư từ 5% trở lên vốn điều lệ của CTCK khác >> Tháng 1;Data Explorer;Chỉ tiêu cơ sở;TB;Ngày, CTCK;SCMS;;X;;;;;;;;;;
48;Báo cáo giám sát >> Báo cáo giám sát quy định về tài chính;Hạn chế đầu tư >> CTCK không được trực tiếp hoặc ủy thác cho tổ chức, cá nhân khác thực hiện cùng với người có liên quan đầu tư từ 5% trở lên vốn điều lệ của CTCK khác >> Tháng 2;Hạn chế đầu tư >> CTCK không được trực tiếp hoặc ủy thác cho tổ chức, cá nhân khác thực hiện cùng với người có liên quan đầu tư từ 5% trở lên vốn điều lệ của CTCK khác >> Tháng 2;Data Explorer;Chỉ tiêu cơ sở;TB;Ngày, CTCK;SCMS;;X;;;;;;;;;;
48;Báo cáo giám sát >> Báo cáo giám sát quy định về tài chính;Hạn chế đầu tư >> CTCK không được trực tiếp hoặc ủy thác cho tổ chức, cá nhân khác thực hiện cùng với người có liên quan đầu tư từ 5% trở lên vốn điều lệ của CTCK khác >> Tháng 3;Hạn chế đầu tư >> CTCK không được trực tiếp hoặc ủy thác cho tổ chức, cá nhân khác thực hiện cùng với người có liên quan đầu tư từ 5% trở lên vốn điều lệ của CTCK khác >> Tháng 3;Data Explorer;Chỉ tiêu cơ sở;TB;Ngày, CTCK;SCMS;;X;;;;;;;;;;
48;Báo cáo giám sát >> Báo cáo giám sát quy định về tài chính;Hạn chế đầu tư >> CTCK không được trực tiếp hoặc ủy thác cho tổ chức, cá nhân khác thực hiện cùng với người có liên quan đầu tư từ 5% trở lên vốn điều lệ của CTCK khác >> Tháng 4;Hạn chế đầu tư >> CTCK không được trực tiếp hoặc ủy thác cho tổ chức, cá nhân khác thực hiện cùng với người có liên quan đầu tư từ 5% trở lên vốn điều lệ của CTCK khác >> Tháng 4;Data Explorer;Chỉ tiêu cơ sở;TB;Ngày, CTCK;SCMS;;X;;;;;;;;;;
48;Báo cáo giám sát >> Báo cáo giám sát quy định về tài chính;Hạn chế đầu tư >> CTCK không được trực tiếp hoặc ủy thác cho tổ chức, cá nhân khác thực hiện cùng với người có liên quan đầu tư từ 5% trở lên vốn điều lệ của CTCK khác >> Tháng 5;Hạn chế đầu tư >> CTCK không được trực tiếp hoặc ủy thác cho tổ chức, cá nhân khác thực hiện cùng với người có liên quan đầu tư từ 5% trở lên vốn điều lệ của CTCK khác >> Tháng 5;Data Explorer;Chỉ tiêu cơ sở;TB;Ngày, CTCK;SCMS;;X;;;;;;;;;;
48;Báo cáo giám sát >> Báo cáo giám sát quy định về tài chính;Hạn chế đầu tư >> CTCK không được trực tiếp hoặc ủy thác cho tổ chức, cá nhân khác thực hiện cùng với người có liên quan đầu tư từ 5% trở lên vốn điều lệ của CTCK khác >> Tháng 6;Hạn chế đầu tư >> CTCK không được trực tiếp hoặc ủy thác cho tổ chức, cá nhân khác thực hiện cùng với người có liên quan đầu tư từ 5% trở lên vốn điều lệ của CTCK khác >> Tháng 6;Data Explorer;Chỉ tiêu cơ sở;TB;Ngày, CTCK;SCMS;;X;;;;;;;;;;
48;Báo cáo giám sát >> Báo cáo giám sát quy định về tài chính;Hạn chế đầu tư >> CTCK không được trực tiếp hoặc ủy thác cho tổ chức, cá nhân khác thực hiện cùng với người có liên quan đầu tư từ 5% trở lên vốn điều lệ của CTCK khác >> Tháng 7;Hạn chế đầu tư >> CTCK không được trực tiếp hoặc ủy thác cho tổ chức, cá nhân khác thực hiện cùng với người có liên quan đầu tư từ 5% trở lên vốn điều lệ của CTCK khác >> Tháng 7;Data Explorer;Chỉ tiêu cơ sở;TB;Ngày, CTCK;SCMS;;X;;;;;;;;;;
48;Báo cáo giám sát >> Báo cáo giám sát quy định về tài chính;Hạn chế đầu tư >> CTCK không được trực tiếp hoặc ủy thác cho tổ chức, cá nhân khác thực hiện cùng với người có liên quan đầu tư từ 5% trở lên vốn điều lệ của CTCK khác >> Tháng 8;Hạn chế đầu tư >> CTCK không được trực tiếp hoặc ủy thác cho tổ chức, cá nhân khác thực hiện cùng với người có liên quan đầu tư từ 5% trở lên vốn điều lệ của CTCK khác >> Tháng 8;Data Explorer;Chỉ tiêu cơ sở;TB;Ngày, CTCK;SCMS;;X;;;;;;;;;;
48;Báo cáo giám sát >> Báo cáo giám sát quy định về tài chính;Hạn chế đầu tư >> CTCK không được trực tiếp hoặc ủy thác cho tổ chức, cá nhân khác thực hiện cùng với người có liên quan đầu tư từ 5% trở lên vốn điều lệ của CTCK khác >> Tháng 9;Hạn chế đầu tư >> CTCK không được trực tiếp hoặc ủy thác cho tổ chức, cá nhân khác thực hiện cùng với người có liên quan đầu tư từ 5% trở lên vốn điều lệ của CTCK khác >> Tháng 9;Data Explorer;Chỉ tiêu cơ sở;TB;Ngày, CTCK;SCMS;;X;;;;;;;;;;
48;Báo cáo giám sát >> Báo cáo giám sát quy định về tài chính;Hạn chế đầu tư >> CTCK không được trực tiếp hoặc ủy thác cho tổ chức, cá nhân khác thực hiện cùng với người có liên quan đầu tư từ 5% trở lên vốn điều lệ của CTCK khác >> Tháng 10;Hạn chế đầu tư >> CTCK không được trực tiếp hoặc ủy thác cho tổ chức, cá nhân khác thực hiện cùng với người có liên quan đầu tư từ 5% trở lên vốn điều lệ của CTCK khác >> Tháng 10;Data Explorer;Chỉ tiêu cơ sở;TB;Ngày, CTCK;SCMS;;X;;;;;;;;;;
48;Báo cáo giám sát >> Báo cáo giám sát quy định về tài chính;Hạn chế đầu tư >> CTCK không được trực tiếp hoặc ủy thác cho tổ chức, cá nhân khác thực hiện cùng với người có liên quan đầu tư từ 5% trở lên vốn điều lệ của CTCK khác >> Tháng 11;Hạn chế đầu tư >> CTCK không được trực tiếp hoặc ủy thác cho tổ chức, cá nhân khác thực hiện cùng với người có liên quan đầu tư từ 5% trở lên vốn điều lệ của CTCK khác >> Tháng 11;Data Explorer;Chỉ tiêu cơ sở;TB;Ngày, CTCK;SCMS;;X;;;;;;;;;;
48;Báo cáo giám sát >> Báo cáo giám sát quy định về tài chính;Hạn chế đầu tư >> CTCK không được trực tiếp hoặc ủy thác cho tổ chức, cá nhân khác thực hiện cùng với người có liên quan đầu tư từ 5% trở lên vốn điều lệ của CTCK khác >> Tháng 12;Hạn chế đầu tư >> CTCK không được trực tiếp hoặc ủy thác cho tổ chức, cá nhân khác thực hiện cùng với người có liên quan đầu tư từ 5% trở lên vốn điều lệ của CTCK khác >> Tháng 12;Data Explorer;Chỉ tiêu cơ sở;TB;Ngày, CTCK;SCMS;;X;;;;;;;;;;
48;Báo cáo giám sát >> Báo cáo giám sát quy định về tài chính;Hạn chế đầu tư >> CTCK không được trực tiếp hoặc ủy thác cho tổ chức, cá nhân khác thực hiện đầu tư quá 20% tổng số cổ phiếu, chứng chỉ quỹ đang lưu hành của một tổ chức niêm yết >> Tháng 1;Hạn chế đầu tư >> CTCK không được trực tiếp hoặc ủy thác cho tổ chức, cá nhân khác thực hiện đầu tư quá 20% tổng số cổ phiếu, chứng chỉ quỹ đang lưu hành của một tổ chức niêm yết >> Tháng 1;Data Explorer;Chỉ tiêu cơ sở;TB;Ngày, CTCK;SCMS;;X;;;;;;;;;;
48;Báo cáo giám sát >> Báo cáo giám sát quy định về tài chính;Hạn chế đầu tư >> CTCK không được trực tiếp hoặc ủy thác cho tổ chức, cá nhân khác thực hiện đầu tư quá 20% tổng số cổ phiếu, chứng chỉ quỹ đang lưu hành của một tổ chức niêm yết >> Tháng 2;Hạn chế đầu tư >> CTCK không được trực tiếp hoặc ủy thác cho tổ chức, cá nhân khác thực hiện đầu tư quá 20% tổng số cổ phiếu, chứng chỉ quỹ đang lưu hành của một tổ chức niêm yết >> Tháng 2;Data Explorer;Chỉ tiêu cơ sở;TB;Ngày, CTCK;SCMS;;X;;;;;;;;;;
48;Báo cáo giám sát >> Báo cáo giám sát quy định về tài chính;Hạn chế đầu tư >> CTCK không được trực tiếp hoặc ủy thác cho tổ chức, cá nhân khác thực hiện đầu tư quá 20% tổng số cổ phiếu, chứng chỉ quỹ đang lưu hành của một tổ chức niêm yết >> Tháng 3;Hạn chế đầu tư >> CTCK không được trực tiếp hoặc ủy thác cho tổ chức, cá nhân khác thực hiện đầu tư quá 20% tổng số cổ phiếu, chứng chỉ quỹ đang lưu hành của một tổ chức niêm yết >> Tháng 3;Data Explorer;Chỉ tiêu cơ sở;TB;Ngày, CTCK;SCMS;;X;;;;;;;;;;
48;Báo cáo giám sát >> Báo cáo giám sát quy định về tài chính;Hạn chế đầu tư >> CTCK không được trực tiếp hoặc ủy thác cho tổ chức, cá nhân khác thực hiện đầu tư quá 20% tổng số cổ phiếu, chứng chỉ quỹ đang lưu hành của một tổ chức niêm yết >> Tháng 4;Hạn chế đầu tư >> CTCK không được trực tiếp hoặc ủy thác cho tổ chức, cá nhân khác thực hiện đầu tư quá 20% tổng số cổ phiếu, chứng chỉ quỹ đang lưu hành của một tổ chức niêm yết >> Tháng 4;Data Explorer;Chỉ tiêu cơ sở;TB;Ngày, CTCK;SCMS;;X;;;;;;;;;;
48;Báo cáo giám sát >> Báo cáo giám sát quy định về tài chính;Hạn chế đầu tư >> CTCK không được trực tiếp hoặc ủy thác cho tổ chức, cá nhân khác thực hiện đầu tư quá 20% tổng số cổ phiếu, chứng chỉ quỹ đang lưu hành của một tổ chức niêm yết >> Tháng 5;Hạn chế đầu tư >> CTCK không được trực tiếp hoặc ủy thác cho tổ chức, cá nhân khác thực hiện đầu tư quá 20% tổng số cổ phiếu, chứng chỉ quỹ đang lưu hành của một tổ chức niêm yết >> Tháng 5;Data Explorer;Chỉ tiêu cơ sở;TB;Ngày, CTCK;SCMS;;X;;;;;;;;;;
48;Báo cáo giám sát >> Báo cáo giám sát quy định về tài chính;Hạn chế đầu tư >> CTCK không được trực tiếp hoặc ủy thác cho tổ chức, cá nhân khác thực hiện đầu tư quá 20% tổng số cổ phiếu, chứng chỉ quỹ đang lưu hành của một tổ chức niêm yết >> Tháng 6;Hạn chế đầu tư >> CTCK không được trực tiếp hoặc ủy thác cho tổ chức, cá nhân khác thực hiện đầu tư quá 20% tổng số cổ phiếu, chứng chỉ quỹ đang lưu hành của một tổ chức niêm yết >> Tháng 6;Data Explorer;Chỉ tiêu cơ sở;TB;Ngày, CTCK;SCMS;;X;;;;;;;;;;
48;Báo cáo giám sát >> Báo cáo giám sát quy định về tài chính;Hạn chế đầu tư >> CTCK không được trực tiếp hoặc ủy thác cho tổ chức, cá nhân khác thực hiện đầu tư quá 20% tổng số cổ phiếu, chứng chỉ quỹ đang lưu hành của một tổ chức niêm yết >> Tháng 7;Hạn chế đầu tư >> CTCK không được trực tiếp hoặc ủy thác cho tổ chức, cá nhân khác thực hiện đầu tư quá 20% tổng số cổ phiếu, chứng chỉ quỹ đang lưu hành của một tổ chức niêm yết >> Tháng 7;Data Explorer;Chỉ tiêu cơ sở;TB;Ngày, CTCK;SCMS;;X;;;;;;;;;;
48;Báo cáo giám sát >> Báo cáo giám sát quy định về tài chính;Hạn chế đầu tư >> CTCK không được trực tiếp hoặc ủy thác cho tổ chức, cá nhân khác thực hiện đầu tư quá 20% tổng số cổ phiếu, chứng chỉ quỹ đang lưu hành của một tổ chức niêm yết >> Tháng 8;Hạn chế đầu tư >> CTCK không được trực tiếp hoặc ủy thác cho tổ chức, cá nhân khác thực hiện đầu tư quá 20% tổng số cổ phiếu, chứng chỉ quỹ đang lưu hành của một tổ chức niêm yết >> Tháng 8;Data Explorer;Chỉ tiêu cơ sở;TB;Ngày, CTCK;SCMS;;X;;;;;;;;;;
48;Báo cáo giám sát >> Báo cáo giám sát quy định về tài chính;Hạn chế đầu tư >> CTCK không được trực tiếp hoặc ủy thác cho tổ chức, cá nhân khác thực hiện đầu tư quá 20% tổng số cổ phiếu, chứng chỉ quỹ đang lưu hành của một tổ chức niêm yết >> Tháng 9;Hạn chế đầu tư >> CTCK không được trực tiếp hoặc ủy thác cho tổ chức, cá nhân khác thực hiện đầu tư quá 20% tổng số cổ phiếu, chứng chỉ quỹ đang lưu hành của một tổ chức niêm yết >> Tháng 9;Data Explorer;Chỉ tiêu cơ sở;TB;Ngày, CTCK;SCMS;;X;;;;;;;;;;
48;Báo cáo giám sát >> Báo cáo giám sát quy định về tài chính;Hạn chế đầu tư >> CTCK không được trực tiếp hoặc ủy thác cho tổ chức, cá nhân khác thực hiện đầu tư quá 20% tổng số cổ phiếu, chứng chỉ quỹ đang lưu hành của một tổ chức niêm yết >> Tháng 10;Hạn chế đầu tư >> CTCK không được trực tiếp hoặc ủy thác cho tổ chức, cá nhân khác thực hiện đầu tư quá 20% tổng số cổ phiếu, chứng chỉ quỹ đang lưu hành của một tổ chức niêm yết >> Tháng 10;Data Explorer;Chỉ tiêu cơ sở;TB;Ngày, CTCK;SCMS;;X;;;;;;;;;;
48;Báo cáo giám sát >> Báo cáo giám sát quy định về tài chính;Hạn chế đầu tư >> CTCK không được trực tiếp hoặc ủy thác cho tổ chức, cá nhân khác thực hiện đầu tư quá 20% tổng số cổ phiếu, chứng chỉ quỹ đang lưu hành của một tổ chức niêm yết >> Tháng 11;Hạn chế đầu tư >> CTCK không được trực tiếp hoặc ủy thác cho tổ chức, cá nhân khác thực hiện đầu tư quá 20% tổng số cổ phiếu, chứng chỉ quỹ đang lưu hành của một tổ chức niêm yết >> Tháng 11;Data Explorer;Chỉ tiêu cơ sở;TB;Ngày, CTCK;SCMS;;X;;;;;;;;;;
48;Báo cáo giám sát >> Báo cáo giám sát quy định về tài chính;Hạn chế đầu tư >> CTCK không được trực tiếp hoặc ủy thác cho tổ chức, cá nhân khác thực hiện đầu tư quá 20% tổng số cổ phiếu, chứng chỉ quỹ đang lưu hành của một tổ chức niêm yết >> Tháng 12;Hạn chế đầu tư >> CTCK không được trực tiếp hoặc ủy thác cho tổ chức, cá nhân khác thực hiện đầu tư quá 20% tổng số cổ phiếu, chứng chỉ quỹ đang lưu hành của một tổ chức niêm yết >> Tháng 12;Data Explorer;Chỉ tiêu cơ sở;TB;Ngày, CTCK;SCMS;;X;;;;;;;;;;
48;Báo cáo giám sát >> Báo cáo giám sát quy định về tài chính;Hạn chế đầu tư >> CTCK không được trực tiếp hoặc ủy thác cho tổ chức, cá nhân khác thực hiện đầu tư quá 15% tổng số cổ phiếu, chứng chỉ quỹ đang lưu hành của một tổ chức chưa niêm yết >> Quý I;Hạn chế đầu tư >> CTCK không được trực tiếp hoặc ủy thác cho tổ chức, cá nhân khác thực hiện đầu tư quá 15% tổng số cổ phiếu, chứng chỉ quỹ đang lưu hành của một tổ chức chưa niêm yết >> Quý I;Data Explorer;Chỉ tiêu cơ sở;TB;Ngày, CTCK;SCMS;;X;;;;;;;;;;
48;Báo cáo giám sát >> Báo cáo giám sát quy định về tài chính;Hạn chế đầu tư >> CTCK không được trực tiếp hoặc ủy thác cho tổ chức, cá nhân khác thực hiện đầu tư quá 15% tổng số cổ phiếu, chứng chỉ quỹ đang lưu hành của một tổ chức chưa niêm yết >> Quý II;Hạn chế đầu tư >> CTCK không được trực tiếp hoặc ủy thác cho tổ chức, cá nhân khác thực hiện đầu tư quá 15% tổng số cổ phiếu, chứng chỉ quỹ đang lưu hành của một tổ chức chưa niêm yết >> Quý II;Data Explorer;Chỉ tiêu cơ sở;TB;Ngày, CTCK;SCMS;;X;;;;;;;;;;
48;Báo cáo giám sát >> Báo cáo giám sát quy định về tài chính;Hạn chế đầu tư >> CTCK không được trực tiếp hoặc ủy thác cho tổ chức, cá nhân khác thực hiện đầu tư quá 15% tổng số cổ phiếu, chứng chỉ quỹ đang lưu hành của một tổ chức chưa niêm yết >> Quý III;Hạn chế đầu tư >> CTCK không được trực tiếp hoặc ủy thác cho tổ chức, cá nhân khác thực hiện đầu tư quá 15% tổng số cổ phiếu, chứng chỉ quỹ đang lưu hành của một tổ chức chưa niêm yết >> Quý III;Data Explorer;Chỉ tiêu cơ sở;TB;Ngày, CTCK;SCMS;;X;;;;;;;;;;
48;Báo cáo giám sát >> Báo cáo giám sát quy định về tài chính;Hạn chế đầu tư >> CTCK không được trực tiếp hoặc ủy thác cho tổ chức, cá nhân khác thực hiện đầu tư quá 15% tổng số cổ phiếu, chứng chỉ quỹ đang lưu hành của một tổ chức chưa niêm yết >> Quý IV;Hạn chế đầu tư >> CTCK không được trực tiếp hoặc ủy thác cho tổ chức, cá nhân khác thực hiện đầu tư quá 15% tổng số cổ phiếu, chứng chỉ quỹ đang lưu hành của một tổ chức chưa niêm yết >> Quý IV;Data Explorer;Chỉ tiêu cơ sở;TB;Ngày, CTCK;SCMS;;X;;;;;;;;;;
48;Báo cáo giám sát >> Báo cáo giám sát quy định về tài chính;Hạn chế đầu tư >> CTCK không được trực tiếp hoặc ủy thác cho tổ chức, cá nhân khác thực hiện đầu tư hoặc góp vốn quá 10% tổng vốn góp của một công ty trách nhiệm hữu hạn hoặc dự án kinh doanh >> Quý I;Hạn chế đầu tư >> CTCK không được trực tiếp hoặc ủy thác cho tổ chức, cá nhân khác thực hiện đầu tư hoặc góp vốn quá 10% tổng vốn góp của một công ty trách nhiệm hữu hạn hoặc dự án kinh doanh >> Quý I;Data Explorer;Chỉ tiêu cơ sở;TB;Ngày, CTCK;SCMS;;X;;;;;;;;;;
48;Báo cáo giám sát >> Báo cáo giám sát quy định về tài chính;Hạn chế đầu tư >> CTCK không được trực tiếp hoặc ủy thác cho tổ chức, cá nhân khác thực hiện đầu tư hoặc góp vốn quá 10% tổng vốn góp của một công ty trách nhiệm hữu hạn hoặc dự án kinh doanh >> Quý II;Hạn chế đầu tư >> CTCK không được trực tiếp hoặc ủy thác cho tổ chức, cá nhân khác thực hiện đầu tư hoặc góp vốn quá 10% tổng vốn góp của một công ty trách nhiệm hữu hạn hoặc dự án kinh doanh >> Quý II;Data Explorer;Chỉ tiêu cơ sở;TB;Ngày, CTCK;SCMS;;X;;;;;;;;;;
48;Báo cáo giám sát >> Báo cáo giám sát quy định về tài chính;Hạn chế đầu tư >> CTCK không được trực tiếp hoặc ủy thác cho tổ chức, cá nhân khác thực hiện đầu tư hoặc góp vốn quá 10% tổng vốn góp của một công ty trách nhiệm hữu hạn hoặc dự án kinh doanh >> Quý III;Hạn chế đầu tư >> CTCK không được trực tiếp hoặc ủy thác cho tổ chức, cá nhân khác thực hiện đầu tư hoặc góp vốn quá 10% tổng vốn góp của một công ty trách nhiệm hữu hạn hoặc dự án kinh doanh >> Quý III;Data Explorer;Chỉ tiêu cơ sở;TB;Ngày, CTCK;SCMS;;X;;;;;;;;;;
48;Báo cáo giám sát >> Báo cáo giám sát quy định về tài chính;Hạn chế đầu tư >> CTCK không được trực tiếp hoặc ủy thác cho tổ chức, cá nhân khác thực hiện đầu tư hoặc góp vốn quá 10% tổng vốn góp của một công ty trách nhiệm hữu hạn hoặc dự án kinh doanh >> Quý IV;Hạn chế đầu tư >> CTCK không được trực tiếp hoặc ủy thác cho tổ chức, cá nhân khác thực hiện đầu tư hoặc góp vốn quá 10% tổng vốn góp của một công ty trách nhiệm hữu hạn hoặc dự án kinh doanh >> Quý IV;Data Explorer;Chỉ tiêu cơ sở;TB;Ngày, CTCK;SCMS;;X;;;;;;;;;;
48;Báo cáo giám sát >> Báo cáo giám sát quy định về tài chính;Hạn chế đầu tư >> CTCK không được trực tiếp hoặc ủy thác cho tổ chức, cá nhân khác thực hiện đầu tư hoặc góp vốn quá 15% vốn chủ sở hữu vào một tổ chức hoặc dự án kinh doanh >> Quý I;Hạn chế đầu tư >> CTCK không được trực tiếp hoặc ủy thác cho tổ chức, cá nhân khác thực hiện đầu tư hoặc góp vốn quá 15% vốn chủ sở hữu vào một tổ chức hoặc dự án kinh doanh >> Quý I;Data Explorer;Chỉ tiêu cơ sở;TB;Ngày, CTCK;SCMS;;X;;;;;;;;;;
48;Báo cáo giám sát >> Báo cáo giám sát quy định về tài chính;Hạn chế đầu tư >> CTCK không được trực tiếp hoặc ủy thác cho tổ chức, cá nhân khác thực hiện đầu tư hoặc góp vốn quá 15% vốn chủ sở hữu vào một tổ chức hoặc dự án kinh doanh >> Quý II;Hạn chế đầu tư >> CTCK không được trực tiếp hoặc ủy thác cho tổ chức, cá nhân khác thực hiện đầu tư hoặc góp vốn quá 15% vốn chủ sở hữu vào một tổ chức hoặc dự án kinh doanh >> Quý II;Data Explorer;Chỉ tiêu cơ sở;TB;Ngày, CTCK;SCMS;;X;;;;;;;;;;
48;Báo cáo giám sát >> Báo cáo giám sát quy định về tài chính;Hạn chế đầu tư >> CTCK không được trực tiếp hoặc ủy thác cho tổ chức, cá nhân khác thực hiện đầu tư hoặc góp vốn quá 15% vốn chủ sở hữu vào một tổ chức hoặc dự án kinh doanh >> Quý III;Hạn chế đầu tư >> CTCK không được trực tiếp hoặc ủy thác cho tổ chức, cá nhân khác thực hiện đầu tư hoặc góp vốn quá 15% vốn chủ sở hữu vào một tổ chức hoặc dự án kinh doanh >> Quý III;Data Explorer;Chỉ tiêu cơ sở;TB;Ngày, CTCK;SCMS;;X;;;;;;;;;;
48;Báo cáo giám sát >> Báo cáo giám sát quy định về tài chính;Hạn chế đầu tư >> CTCK không được trực tiếp hoặc ủy thác cho tổ chức, cá nhân khác thực hiện đầu tư hoặc góp vốn quá 15% vốn chủ sở hữu vào một tổ chức hoặc dự án kinh doanh >> Quý IV;Hạn chế đầu tư >> CTCK không được trực tiếp hoặc ủy thác cho tổ chức, cá nhân khác thực hiện đầu tư hoặc góp vốn quá 15% vốn chủ sở hữu vào một tổ chức hoặc dự án kinh doanh >> Quý IV;Data Explorer;Chỉ tiêu cơ sở;TB;Ngày, CTCK;SCMS;;X;;;;;;;;;;
48;Báo cáo giám sát >> Báo cáo giám sát quy định về tài chính;Hạn chế đầu tư >> Đầu tư quá 70% vốn chủ sở hữu vào cổ phiếu, phần vốn góp và dự án kinh doanh >> Quý I;Hạn chế đầu tư >> Đầu tư quá 70% vốn chủ sở hữu vào cổ phiếu, phần vốn góp và dự án kinh doanh >> Quý I;Data Explorer;Chỉ tiêu cơ sở;TB;Ngày, CTCK;SCMS;;X;;;;;;;;;;
48;Báo cáo giám sát >> Báo cáo giám sát quy định về tài chính;Hạn chế đầu tư >> Đầu tư quá 70% vốn chủ sở hữu vào cổ phiếu, phần vốn góp và dự án kinh doanh >> Quý II;Hạn chế đầu tư >> Đầu tư quá 70% vốn chủ sở hữu vào cổ phiếu, phần vốn góp và dự án kinh doanh >> Quý II;Data Explorer;Chỉ tiêu cơ sở;TB;Ngày, CTCK;SCMS;;X;;;;;;;;;;
48;Báo cáo giám sát >> Báo cáo giám sát quy định về tài chính;Hạn chế đầu tư >> Đầu tư quá 70% vốn chủ sở hữu vào cổ phiếu, phần vốn góp và dự án kinh doanh >> Quý III;Hạn chế đầu tư >> Đầu tư quá 70% vốn chủ sở hữu vào cổ phiếu, phần vốn góp và dự án kinh doanh >> Quý III;Data Explorer;Chỉ tiêu cơ sở;TB;Ngày, CTCK;SCMS;;X;;;;;;;;;;
48;Báo cáo giám sát >> Báo cáo giám sát quy định về tài chính;Hạn chế đầu tư >> Đầu tư quá 70% vốn chủ sở hữu vào cổ phiếu, phần vốn góp và dự án kinh doanh >> Quý IV;Hạn chế đầu tư >> Đầu tư quá 70% vốn chủ sở hữu vào cổ phiếu, phần vốn góp và dự án kinh doanh >> Quý IV;Data Explorer;Chỉ tiêu cơ sở;TB;Ngày, CTCK;SCMS;;X;;;;;;;;;;
48;Báo cáo giám sát >> Báo cáo giám sát quy định về tài chính;Hạn chế đầu tư >> Đầu tư quá 20% vốn chủ sở hữu vào cổ phiếu chưa niêm yết, phần vốn góp và dự án kinh doanh >> Quý I;Hạn chế đầu tư >> Đầu tư quá 20% vốn chủ sở hữu vào cổ phiếu chưa niêm yết, phần vốn góp và dự án kinh doanh >> Quý I;Data Explorer;Chỉ tiêu cơ sở;TB;Ngày, CTCK;SCMS;;X;;;;;;;;;;
48;Báo cáo giám sát >> Báo cáo giám sát quy định về tài chính;Hạn chế đầu tư >> Đầu tư quá 20% vốn chủ sở hữu vào cổ phiếu chưa niêm yết, phần vốn góp và dự án kinh doanh >> Quý II;Hạn chế đầu tư >> Đầu tư quá 20% vốn chủ sở hữu vào cổ phiếu chưa niêm yết, phần vốn góp và dự án kinh doanh >> Quý II;Data Explorer;Chỉ tiêu cơ sở;TB;Ngày, CTCK;SCMS;;X;;;;;;;;;;
48;Báo cáo giám sát >> Báo cáo giám sát quy định về tài chính;Hạn chế đầu tư >> Đầu tư quá 20% vốn chủ sở hữu vào cổ phiếu chưa niêm yết, phần vốn góp và dự án kinh doanh >> Quý III;Hạn chế đầu tư >> Đầu tư quá 20% vốn chủ sở hữu vào cổ phiếu chưa niêm yết, phần vốn góp và dự án kinh doanh >> Quý III;Data Explorer;Chỉ tiêu cơ sở;TB;Ngày, CTCK;SCMS;;X;;;;;;;;;;
48;Báo cáo giám sát >> Báo cáo giám sát quy định về tài chính;Hạn chế đầu tư >> Đầu tư quá 20% vốn chủ sở hữu vào cổ phiếu chưa niêm yết, phần vốn góp và dự án kinh doanh >> Quý IV;Hạn chế đầu tư >> Đầu tư quá 20% vốn chủ sở hữu vào cổ phiếu chưa niêm yết, phần vốn góp và dự án kinh doanh >> Quý IV;Data Explorer;Chỉ tiêu cơ sở;TB;Ngày, CTCK;SCMS;;X;;;;;;;;;;
49;Báo cáo chứng quyền có đảm bảo >> Báo cáo phòng ngừa rủi ro và số lượng chứng quyền có bảo đảm phát hành - VII.1;Loại báo cáo;Loại báo cáo;Data Explorer;Chiều;Dễ;Ngày, CTCK;SCMS;X;X;;;;;;;;;;
49;Báo cáo chứng quyền có đảm bảo >> Báo cáo phòng ngừa rủi ro và số lượng chứng quyền có bảo đảm phát hành - VII.1;Kỳ báo cáo;Kỳ báo cáo;Data Explorer;Chiều;Dễ;Ngày, CTCK;SCMS;X;X;;;;;;;;;;
49;Báo cáo chứng quyền có đảm bảo >> Báo cáo phòng ngừa rủi ro và số lượng chứng quyền có bảo đảm phát hành - VII.1;Mã báo cáo;Mã báo cáo;Data Explorer;Chiều;Dễ;Ngày, CTCK;SCMS;X;X;;;;;;;;;;
49;Báo cáo chứng quyền có đảm bảo >> Báo cáo phòng ngừa rủi ro và số lượng chứng quyền có bảo đảm phát hành - VII.1;Tên báo cáo;Tên báo cáo;Data Explorer;Chiều;Dễ;Ngày, CTCK;SCMS;X;X;;;;;;;;;;
49;Báo cáo chứng quyền có đảm bảo >> Báo cáo phòng ngừa rủi ro và số lượng chứng quyền có bảo đảm phát hành - VII.1;Mã chỉ tiêu;Mã chỉ tiêu;Data Explorer;Chiều;Dễ;Ngày, CTCK;SCMS;X;X;;;;;;;;;;
49;Báo cáo chứng quyền có đảm bảo >> Báo cáo phòng ngừa rủi ro và số lượng chứng quyền có bảo đảm phát hành - VII.1;Tên chỉ tiêu;Tên chỉ tiêu;Data Explorer;Chiều;Dễ;Ngày, CTCK;SCMS;X;X;;;;;;;;;;
49;Báo cáo chứng quyền có đảm bảo >> Báo cáo phòng ngừa rủi ro và số lượng chứng quyền có bảo đảm phát hành - VII.1;Tên CTCK;Tên CTCK;Data Explorer;Chỉ tiêu cơ sở;TB;Ngày, CTCK;SCMS;;X;;;;;;;;;;
49;Báo cáo chứng quyền có đảm bảo >> Báo cáo phòng ngừa rủi ro và số lượng chứng quyền có bảo đảm phát hành - VII.1;Sàn giao dịch;Sàn giao dịch;Data Explorer;Chỉ tiêu cơ sở;Dễ;Ngày, CTCK;SCMS;;X;;;;;;;;;;
49;Báo cáo chứng quyền có đảm bảo >> Báo cáo phòng ngừa rủi ro và số lượng chứng quyền có bảo đảm phát hành - VII.1;Mã CK;Mã CK;Data Explorer;Chỉ tiêu cơ sở;Dễ;Ngày, CTCK;SCMS;;X;;;;;;;;;;
49;Báo cáo chứng quyền có đảm bảo >> Báo cáo phòng ngừa rủi ro và số lượng chứng quyền có bảo đảm phát hành - VII.1;Giấy phép Hoạt động của Chủ tịch UBCKNN cấp lần đầu >> Số;Giấy phép Hoạt động của Chủ tịch UBCKNN cấp lần đầu >> Số;Data Explorer;Chỉ tiêu cơ sở;Dễ;Ngày, CTCK;SCMS;;X;;;;;;;;;;
49;Báo cáo chứng quyền có đảm bảo >> Báo cáo phòng ngừa rủi ro và số lượng chứng quyền có bảo đảm phát hành - VII.1;Giấy phép Hoạt động của Chủ tịch UBCKNN cấp lần đầu >> Ngày cấp;Giấy phép Hoạt động của Chủ tịch UBCKNN cấp lần đầu >> Ngày cấp;Data Explorer;Chỉ tiêu cơ sở;Dễ;Ngày, CTCK;SCMS;;X;;;;;;;;;;
49;Báo cáo chứng quyền có đảm bảo >> Báo cáo phòng ngừa rủi ro và số lượng chứng quyền có bảo đảm phát hành - VII.1;Ngày báo cáo;Ngày báo cáo;Data Explorer;Chỉ tiêu cơ sở;Dễ;Ngày, CTCK;SCMS;;X;;;;;;;;;;
49;Báo cáo chứng quyền có đảm bảo >> Báo cáo phòng ngừa rủi ro và số lượng chứng quyền có bảo đảm phát hành - VII.1;Mã chứng quyền;Mã chứng quyền;Data Explorer;Chỉ tiêu cơ sở;Dễ;Ngày, CTCK;SCMS;;X;;;;;;;;;;
49;Báo cáo chứng quyền có đảm bảo >> Báo cáo phòng ngừa rủi ro và số lượng chứng quyền có bảo đảm phát hành - VII.1;Số lượng chứng quyền có bảo đảm được phép phát hành;Số lượng chứng quyền có bảo đảm được phép  phát hành;Data Explorer;Chỉ tiêu cơ sở;TB;Ngày, CTCK;SCMS;;X;;;;;;;;;;
49;Báo cáo chứng quyền có đảm bảo >> Báo cáo phòng ngừa rủi ro và số lượng chứng quyền có bảo đảm phát hành - VII.1;Số lượng chứng quyền có bảo đảm đã bán ròng trong ngày;Số lượng chứng quyền có bảo đảm đã bán ròng trong ngày;Data Explorer;Chỉ tiêu cơ sở;TB;Ngày, CTCK;SCMS;;X;;;;;;;;;;
49;Báo cáo chứng quyền có đảm bảo >> Báo cáo phòng ngừa rủi ro và số lượng chứng quyền có bảo đảm phát hành - VII.1;Tổng số lượng chứng quyền có bảo đảm đã bán ròng (số lượng chứng quyền có bảo đảm có bảo đảm đang lưu hành);Tổng số lượng chứng quyền có bảo đảm đã bán ròng (số lượng chứng quyền có bảo đảm có bảo đảm đang lưu hành);Data Explorer;Chỉ tiêu cơ sở;TB;Ngày, CTCK;SCMS;;X;;;;;;;;;;
49;Báo cáo chứng quyền có đảm bảo >> Báo cáo phòng ngừa rủi ro và số lượng chứng quyền có bảo đảm phát hành - VII.1;Số lượng chứng quyền có bảo đảm còn  được phép bán;Số lượng chứng quyền có bảo đảm còn được phép bán;Data Explorer;Chỉ tiêu cơ sở;TB;Ngày, CTCK;SCMS;;X;;;;;;;;;;
50;Báo cáo chứng quyền có đảm bảo >> Báo cáo phòng ngừa rủi ro và số lượng chứng quyền có bảo đảm phát hành - VII.2;Loại báo cáo;Loại báo cáo;Data Explorer;Chiều;Dễ;Ngày, CTCK;SCMS;X;X;;;;;;;;;;
50;Báo cáo chứng quyền có đảm bảo >> Báo cáo phòng ngừa rủi ro và số lượng chứng quyền có bảo đảm phát hành - VII.2;Kỳ báo cáo;Kỳ báo cáo;Data Explorer;Chiều;Dễ;Ngày, CTCK;SCMS;X;X;;;;;;;;;;
50;Báo cáo chứng quyền có đảm bảo >> Báo cáo phòng ngừa rủi ro và số lượng chứng quyền có bảo đảm phát hành - VII.2;Mã báo cáo;Mã báo cáo;Data Explorer;Chiều;Dễ;Ngày, CTCK;SCMS;X;X;;;;;;;;;;
50;Báo cáo chứng quyền có đảm bảo >> Báo cáo phòng ngừa rủi ro và số lượng chứng quyền có bảo đảm phát hành - VII.2;Tên báo cáo;Tên báo cáo;Data Explorer;Chiều;Dễ;Ngày, CTCK;SCMS;X;X;;;;;;;;;;
50;Báo cáo chứng quyền có đảm bảo >> Báo cáo phòng ngừa rủi ro và số lượng chứng quyền có bảo đảm phát hành - VII.2;Mã chỉ tiêu;Mã chỉ tiêu;Data Explorer;Chiều;Dễ;Ngày, CTCK;SCMS;X;X;;;;;;;;;;
50;Báo cáo chứng quyền có đảm bảo >> Báo cáo phòng ngừa rủi ro và số lượng chứng quyền có bảo đảm phát hành - VII.2;Tên chỉ tiêu;Tên chỉ tiêu;Data Explorer;Chiều;Dễ;Ngày, CTCK;SCMS;X;X;;;;;;;;;;
50;Báo cáo chứng quyền có đảm bảo >> Báo cáo phòng ngừa rủi ro và số lượng chứng quyền có bảo đảm phát hành - VII.2;Tên CTCK;Tên CTCK;Data Explorer;Chỉ tiêu cơ sở;Trùng;Ngày, CTCK;SCMS;;X;;;;;;;;;;
50;Báo cáo chứng quyền có đảm bảo >> Báo cáo phòng ngừa rủi ro và số lượng chứng quyền có bảo đảm phát hành - VII.2;Sàn giao dịch;Sàn giao dịch;Data Explorer;Chỉ tiêu cơ sở;Trùng;Ngày, CTCK;SCMS;;X;;;;;;;;;;
50;Báo cáo chứng quyền có đảm bảo >> Báo cáo phòng ngừa rủi ro và số lượng chứng quyền có bảo đảm phát hành - VII.2;Mã CK;Mã CK;Data Explorer;Chỉ tiêu cơ sở;Trùng;Ngày, CTCK;SCMS;;X;;;;;;;;;;
50;Báo cáo chứng quyền có đảm bảo >> Báo cáo phòng ngừa rủi ro và số lượng chứng quyền có bảo đảm phát hành - VII.2;Giấy phép Hoạt động của Chủ tịch UBCKNN cấp lần đầu >> Số;Giấy phép Hoạt động của Chủ tịch UBCKNN cấp lần đầu >> Số;Data Explorer;Chỉ tiêu cơ sở;Trùng;Ngày, CTCK;SCMS;;X;;;;;;;;;;
50;Báo cáo chứng quyền có đảm bảo >> Báo cáo phòng ngừa rủi ro và số lượng chứng quyền có bảo đảm phát hành - VII.2;Giấy phép Hoạt động của Chủ tịch UBCKNN cấp lần đầu >> Ngày cấp;Giấy phép Hoạt động của Chủ tịch UBCKNN cấp lần đầu >> Ngày cấp;Data Explorer;Chỉ tiêu cơ sở;Trùng;Ngày, CTCK;SCMS;;X;;;;;;;;;;
50;Báo cáo chứng quyền có đảm bảo >> Báo cáo phòng ngừa rủi ro và số lượng chứng quyền có bảo đảm phát hành - VII.2;Người đại diện theo pháp luật (Đăng ký với UBCKNN);Người đại diện theo pháp luật (Đăng ký với UBCKNN);Data Explorer;Chỉ tiêu cơ sở;Trùng;Ngày, CTCK;SCMS;;X;;;;;;;;;;
50;Báo cáo chứng quyền có đảm bảo >> Báo cáo phòng ngừa rủi ro và số lượng chứng quyền có bảo đảm phát hành - VII.2;Chức vụ của Người đại diện theo pháp luật;Chức vụ của Người đại diện theo pháp luật;Data Explorer;Chỉ tiêu cơ sở;Trùng;Ngày, CTCK;SCMS;;X;;;;;;;;;;
50;Báo cáo chứng quyền có đảm bảo >> Báo cáo phòng ngừa rủi ro và số lượng chứng quyền có bảo đảm phát hành - VII.2;Ngày báo cáo;Ngày báo cáo;Data Explorer;Chỉ tiêu cơ sở;Trùng;Ngày, CTCK;SCMS;;X;;;;;;;;;;
50;Báo cáo chứng quyền có đảm bảo >> Báo cáo phòng ngừa rủi ro và số lượng chứng quyền có bảo đảm phát hành - VII.2;Mã chứng quyền;Mã chứng quyền;Data Explorer;Chỉ tiêu cơ sở;Trùng;Ngày, CTCK;SCMS;;X;;;;;;;;;;
50;Báo cáo chứng quyền có đảm bảo >> Báo cáo phòng ngừa rủi ro và số lượng chứng quyền có bảo đảm phát hành - VII.2;Vị thế phòng ngừa rủi ro lý thuyết;Vị thế phòng ngừa rủi ro lý thuyết;Data Explorer;Chỉ tiêu cơ sở;TB;Ngày, CTCK;SCMS;;X;;;;;;;;;;
50;Báo cáo chứng quyền có đảm bảo >> Báo cáo phòng ngừa rủi ro và số lượng chứng quyền có bảo đảm phát hành - VII.2;Vị thế phòng ngừa rủi ro thực tế;Vị thế phòng ngừa rủi ro thực tế;Data Explorer;Chỉ tiêu cơ sở;TB;Ngày, CTCK;SCMS;;X;;;;;;;;;;
50;Báo cáo chứng quyền có đảm bảo >> Báo cáo phòng ngừa rủi ro và số lượng chứng quyền có bảo đảm phát hành - VII.2;Chênh lệch;Chênh lệch;Data Explorer;Chỉ tiêu cơ sở;TB;Ngày, CTCK;SCMS;;X;;;;;;;;;;
50;Báo cáo chứng quyền có đảm bảo >> Báo cáo phòng ngừa rủi ro và số lượng chứng quyền có bảo đảm phát hành - VII.2;Số dư tiền tài khoản tự doanh cho hoạt động chứng quyền;Số dư tiền tài khoản tự doanh cho hoạt động chứng quyền;Data Explorer;Chỉ tiêu cơ sở;TB;Ngày, CTCK;SCMS;;X;;;;;;;;;;
51;Báo cáo chứng quyền có đảm bảo >> Báo cáo phòng ngừa rủi ro và số lượng chứng quyền có bảo đảm phát hành - VII.3;Loại báo cáo;Loại báo cáo;Data Explorer;Chiều;Dễ;Ngày, CTCK;SCMS;X;X;;;;;;;;;;
51;Báo cáo chứng quyền có đảm bảo >> Báo cáo phòng ngừa rủi ro và số lượng chứng quyền có bảo đảm phát hành - VII.3;Kỳ báo cáo;Kỳ báo cáo;Data Explorer;Chiều;Dễ;Ngày, CTCK;SCMS;X;X;;;;;;;;;;
51;Báo cáo chứng quyền có đảm bảo >> Báo cáo phòng ngừa rủi ro và số lượng chứng quyền có bảo đảm phát hành - VII.3;Mã báo cáo;Mã báo cáo;Data Explorer;Chiều;Dễ;Ngày, CTCK;SCMS;X;X;;;;;;;;;;
51;Báo cáo chứng quyền có đảm bảo >> Báo cáo phòng ngừa rủi ro và số lượng chứng quyền có bảo đảm phát hành - VII.3;Tên báo cáo;Tên báo cáo;Data Explorer;Chiều;Dễ;Ngày, CTCK;SCMS;X;X;;;;;;;;;;
51;Báo cáo chứng quyền có đảm bảo >> Báo cáo phòng ngừa rủi ro và số lượng chứng quyền có bảo đảm phát hành - VII.3;Mã chỉ tiêu;Mã chỉ tiêu;Data Explorer;Chiều;Dễ;Ngày, CTCK;SCMS;X;X;;;;;;;;;;
51;Báo cáo chứng quyền có đảm bảo >> Báo cáo phòng ngừa rủi ro và số lượng chứng quyền có bảo đảm phát hành - VII.3;Tên chỉ tiêu;Tên chỉ tiêu;Data Explorer;Chiều;Dễ;Ngày, CTCK;SCMS;X;X;;;;;;;;;;
51;Báo cáo chứng quyền có đảm bảo >> Báo cáo phòng ngừa rủi ro và số lượng chứng quyền có bảo đảm phát hành - VII.3;Tên CTCK;Tên CTCK;Data Explorer;Chỉ tiêu cơ sở;Trùng;Ngày, CTCK;SCMS;;X;;;;;;;;;;
51;Báo cáo chứng quyền có đảm bảo >> Báo cáo phòng ngừa rủi ro và số lượng chứng quyền có bảo đảm phát hành - VII.3;Sàn giao dịch;Sàn giao dịch;Data Explorer;Chỉ tiêu cơ sở;Trùng;Ngày, CTCK;SCMS;;X;;;;;;;;;;
51;Báo cáo chứng quyền có đảm bảo >> Báo cáo phòng ngừa rủi ro và số lượng chứng quyền có bảo đảm phát hành - VII.3;Mã CK;Mã CK;Data Explorer;Chỉ tiêu cơ sở;Trùng;Ngày, CTCK;SCMS;;X;;;;;;;;;;
51;Báo cáo chứng quyền có đảm bảo >> Báo cáo phòng ngừa rủi ro và số lượng chứng quyền có bảo đảm phát hành - VII.3;Giấy phép Hoạt động của Chủ tịch UBCKNN cấp lần đầu >> Số;Giấy phép Hoạt động của Chủ tịch UBCKNN cấp lần đầu >> Số;Data Explorer;Chỉ tiêu cơ sở;Trùng;Ngày, CTCK;SCMS;;X;;;;;;;;;;
51;Báo cáo chứng quyền có đảm bảo >> Báo cáo phòng ngừa rủi ro và số lượng chứng quyền có bảo đảm phát hành - VII.3;Giấy phép Hoạt động của Chủ tịch UBCKNN cấp lần đầu >> Ngày cấp;Giấy phép Hoạt động của Chủ tịch UBCKNN cấp lần đầu >> Ngày cấp;Data Explorer;Chỉ tiêu cơ sở;Trùng;Ngày, CTCK;SCMS;;X;;;;;;;;;;
51;Báo cáo chứng quyền có đảm bảo >> Báo cáo phòng ngừa rủi ro và số lượng chứng quyền có bảo đảm phát hành - VII.3;Người đại diện theo pháp luật (Đăng ký với UBCKNN);Người đại diện theo pháp luật (Đăng ký với UBCKNN);Data Explorer;Chỉ tiêu cơ sở;Trùng;Ngày, CTCK;SCMS;;X;;;;;;;;;;
51;Báo cáo chứng quyền có đảm bảo >> Báo cáo phòng ngừa rủi ro và số lượng chứng quyền có bảo đảm phát hành - VII.3;Chức vụ của Người đại diện theo pháp luật;Chức vụ của Người đại diện theo pháp luật;Data Explorer;Chỉ tiêu cơ sở;Trùng;Ngày, CTCK;SCMS;;X;;;;;;;;;;
51;Báo cáo chứng quyền có đảm bảo >> Báo cáo phòng ngừa rủi ro và số lượng chứng quyền có bảo đảm phát hành - VII.3;Ngày báo cáo;Ngày báo cáo;Data Explorer;Chỉ tiêu cơ sở;Trùng;Ngày, CTCK;SCMS;;X;;;;;;;;;;
51;Báo cáo chứng quyền có đảm bảo >> Báo cáo phòng ngừa rủi ro và số lượng chứng quyền có bảo đảm phát hành - VII.3;Mã cổ phiếu cơ sở;Mã cổ phiếu cơ sở;Data Explorer;Chỉ tiêu cơ sở;TB;Ngày, CTCK;SCMS;;X;;;;;;;;;;
51;Báo cáo chứng quyền có đảm bảo >> Báo cáo phòng ngừa rủi ro và số lượng chứng quyền có bảo đảm phát hành - VII.3;Số lượng cổ phiếu dư đầu ngày;Số lượng cổ phiếu dư đầu ngày;Data Explorer;Chỉ tiêu cơ sở;TB;Ngày, CTCK;SCMS;;X;;;;;;;;;;
51;Báo cáo chứng quyền có đảm bảo >> Báo cáo phòng ngừa rủi ro và số lượng chứng quyền có bảo đảm phát hành - VII.3;Số lượng cổ phiếu giao dịch trong ngày >> Mua;Số lượng cổ phiếu giao dịch trong ngày >> Mua;Data Explorer;Chỉ tiêu cơ sở;TB;Ngày, CTCK;SCMS;;X;;;;;;;;;;
51;Báo cáo chứng quyền có đảm bảo >> Báo cáo phòng ngừa rủi ro và số lượng chứng quyền có bảo đảm phát hành - VII.3;Số lượng cổ phiếu giao dịch trong ngày >> Bán;Số lượng cổ phiếu giao dịch trong ngày >> Bán;Data Explorer;Chỉ tiêu cơ sở;TB;Ngày, CTCK;SCMS;;X;;;;;;;;;;
51;Báo cáo chứng quyền có đảm bảo >> Báo cáo phòng ngừa rủi ro và số lượng chứng quyền có bảo đảm phát hành - VII.3;Số lượng cổ phiếu cuối ngày;Số lượng cổ phiếu cuối ngày;Data Explorer;Chỉ tiêu cơ sở;TB;Ngày, CTCK;SCMS;;X;;;;;;;;;;
51;Báo cáo chứng quyền có đảm bảo >> Báo cáo phòng ngừa rủi ro và số lượng chứng quyền có bảo đảm phát hành - VII.3;Tỷ lệ nắm giữ/cổ phiếu lưu hành;Tỷ lệ nắm giữ/cổ phiếu lưu hành;Data Explorer;Chỉ tiêu cơ sở;TB;Ngày, CTCK;SCMS;;X;;;;;;;;;;
52;Báo cáo chứng quyền có đảm bảo >> Báo cáo hoạt động chứng quyền có bảo đảm - VIII.1;Loại báo cáo;Loại báo cáo;Data Explorer;Chiều;Dễ;Ngày, CTCK;SCMS;X;X;;;;;;;;;;
52;Báo cáo chứng quyền có đảm bảo >> Báo cáo hoạt động chứng quyền có bảo đảm - VIII.1;Kỳ báo cáo;Kỳ báo cáo;Data Explorer;Chiều;Dễ;Ngày, CTCK;SCMS;X;X;;;;;;;;;;
52;Báo cáo chứng quyền có đảm bảo >> Báo cáo hoạt động chứng quyền có bảo đảm - VIII.1;Mã báo cáo;Mã báo cáo;Data Explorer;Chiều;Dễ;Ngày, CTCK;SCMS;X;X;;;;;;;;;;
52;Báo cáo chứng quyền có đảm bảo >> Báo cáo hoạt động chứng quyền có bảo đảm - VIII.1;Tên báo cáo;Tên báo cáo;Data Explorer;Chiều;Dễ;Ngày, CTCK;SCMS;X;X;;;;;;;;;;
52;Báo cáo chứng quyền có đảm bảo >> Báo cáo hoạt động chứng quyền có bảo đảm - VIII.1;Mã chỉ tiêu;Mã chỉ tiêu;Data Explorer;Chiều;Dễ;Ngày, CTCK;SCMS;X;X;;;;;;;;;;
52;Báo cáo chứng quyền có đảm bảo >> Báo cáo hoạt động chứng quyền có bảo đảm - VIII.1;Tên chỉ tiêu;Tên chỉ tiêu;Data Explorer;Chiều;Dễ;Ngày, CTCK;SCMS;X;X;;;;;;;;;;
52;Báo cáo chứng quyền có đảm bảo >> Báo cáo hoạt động chứng quyền có bảo đảm - VIII.1;Tên CTCK;Tên CTCK;Data Explorer;Chỉ tiêu cơ sở;Dễ;Ngày, CTCK;SCMS;;X;;;;;;;;;;
52;Báo cáo chứng quyền có đảm bảo >> Báo cáo hoạt động chứng quyền có bảo đảm - VIII.1;Sàn giao dịch;Sàn giao dịch;Data Explorer;Chỉ tiêu cơ sở;Dễ;Ngày, CTCK;SCMS;;X;;;;;;;;;;
52;Báo cáo chứng quyền có đảm bảo >> Báo cáo hoạt động chứng quyền có bảo đảm - VIII.1;Mã CK;Mã CK;Data Explorer;Chỉ tiêu cơ sở;Dễ;Ngày, CTCK;SCMS;;X;;;;;;;;;;
52;Báo cáo chứng quyền có đảm bảo >> Báo cáo hoạt động chứng quyền có bảo đảm - VIII.1;Giấy phép Hoạt động của Chủ tịch UBCKNN cấp lần đầu >> Số;Giấy phép Hoạt động của Chủ tịch UBCKNN cấp lần đầu >> Số;Data Explorer;Chỉ tiêu cơ sở;Dễ;Ngày, CTCK;SCMS;;X;;;;;;;;;;
52;Báo cáo chứng quyền có đảm bảo >> Báo cáo hoạt động chứng quyền có bảo đảm - VIII.1;Giấy phép Hoạt động của Chủ tịch UBCKNN cấp lần đầu >> Ngày cấp;Giấy phép Hoạt động của Chủ tịch UBCKNN cấp lần đầu >> Ngày cấp;Data Explorer;Chỉ tiêu cơ sở;Dễ;Ngày, CTCK;SCMS;;X;;;;;;;;;;
52;Báo cáo chứng quyền có đảm bảo >> Báo cáo hoạt động chứng quyền có bảo đảm - VIII.1;Người đại diện theo pháp luật (Đăng ký với UBCKNN);Người đại diện theo pháp luật (Đăng ký với UBCKNN);Data Explorer;Chỉ tiêu cơ sở;Dễ;Ngày, CTCK;SCMS;;X;;;;;;;;;;
52;Báo cáo chứng quyền có đảm bảo >> Báo cáo hoạt động chứng quyền có bảo đảm - VIII.1;Chức vụ của Người đại diện theo pháp luật;Chức vụ của Người đại diện theo pháp luật;Data Explorer;Chỉ tiêu cơ sở;Dễ;Ngày, CTCK;SCMS;;X;;;;;;;;;;
52;Báo cáo chứng quyền có đảm bảo >> Báo cáo hoạt động chứng quyền có bảo đảm - VIII.1;Mục đích (Phòng ngừa rủi ro/Khác);Mục đích (Phòng ngừa rủi ro/Khác);Data Explorer;Chỉ tiêu cơ sở;Dễ;Ngày, CTCK;SCMS;;X;;;;;;;;;;
52;Báo cáo chứng quyền có đảm bảo >> Báo cáo hoạt động chứng quyền có bảo đảm - VIII.1;Loại chứng khoán;Loại chứng khoán;Data Explorer;Chỉ tiêu cơ sở;Dễ;Ngày, CTCK;SCMS;;X;;;;;;;;;;
52;Báo cáo chứng quyền có đảm bảo >> Báo cáo hoạt động chứng quyền có bảo đảm - VIII.1;"Ngày nắm giữ chứng khoán
(tháng/ngày/năm)";"Ngày nắm giữ chứng khoán
(tháng/ngày/năm)";Data Explorer;Chỉ tiêu cơ sở;Dễ;Ngày, CTCK;SCMS;;X;;;;;;;;;;
52;Báo cáo chứng quyền có đảm bảo >> Báo cáo hoạt động chứng quyền có bảo đảm - VIII.1;Số lượng;Số lượng;Data Explorer;Chỉ tiêu cơ sở;TB;Ngày, CTCK;SCMS;;X;;;;;;;;;;
52;Báo cáo chứng quyền có đảm bảo >> Báo cáo hoạt động chứng quyền có bảo đảm - VIII.1;Tổng giá trị mua vào (triệu đồng);Tổng giá trị mua vào (triệu đồng);Data Explorer;Chỉ tiêu cơ sở;TB;Ngày, CTCK;SCMS;;X;;;;;;;;;;
52;Báo cáo chứng quyền có đảm bảo >> Báo cáo hoạt động chứng quyền có bảo đảm - VIII.1;Giá trị thị trường tại thời điểm báo cáo (triệu đồng);Giá trị thị trường tại thời điểm báo cáo (triệu đồng);Data Explorer;Chỉ tiêu cơ sở;TB;Ngày, CTCK;SCMS;;X;;;;;;;;;;
52;Báo cáo chứng quyền có đảm bảo >> Báo cáo hoạt động chứng quyền có bảo đảm - VIII.1;Tỷ lệ tăng trưởng tài sản đầu tư;Tỷ lệ tăng trưởng tài sản đầu tư;Data Explorer;Chỉ tiêu cơ sở;TB;Ngày, CTCK;SCMS;;X;;;;;;;;;;
52;Báo cáo chứng quyền có đảm bảo >> Báo cáo hoạt động chứng quyền có bảo đảm - VIII.1;Tổng số chứng khoán đang lưu hành của tổ chức phát hành vào thời điểm báo cáo;Tổng số chứng khoán đang lưu hành của tổ chức phát hành vào thời điểm báo cáo;Data Explorer;Chỉ tiêu cơ sở;TB;Ngày, CTCK;SCMS;;X;;;;;;;;;;
52;Báo cáo chứng quyền có đảm bảo >> Báo cáo hoạt động chứng quyền có bảo đảm - VIII.1;Tỷ lệ đầu tư (%);Tỷ lệ đầu tư (%);Data Explorer;Chỉ tiêu cơ sở;TB;Ngày, CTCK;SCMS;;X;;;;;;;;;;
53;Báo cáo chứng quyền có đảm bảo >> Báo cáo hoạt động chứng quyền có bảo đảm - VIII.2;Loại báo cáo;Loại báo cáo;Data Explorer;Chiều;Dễ;Ngày, CTCK;SCMS;X;X;;;;;;;;;;
53;Báo cáo chứng quyền có đảm bảo >> Báo cáo hoạt động chứng quyền có bảo đảm - VIII.2;Kỳ báo cáo;Kỳ báo cáo;Data Explorer;Chiều;Dễ;Ngày, CTCK;SCMS;X;X;;;;;;;;;;
53;Báo cáo chứng quyền có đảm bảo >> Báo cáo hoạt động chứng quyền có bảo đảm - VIII.2;Mã báo cáo;Mã báo cáo;Data Explorer;Chiều;Dễ;Ngày, CTCK;SCMS;X;X;;;;;;;;;;
53;Báo cáo chứng quyền có đảm bảo >> Báo cáo hoạt động chứng quyền có bảo đảm - VIII.2;Tên báo cáo;Tên báo cáo;Data Explorer;Chiều;Dễ;Ngày, CTCK;SCMS;X;X;;;;;;;;;;
53;Báo cáo chứng quyền có đảm bảo >> Báo cáo hoạt động chứng quyền có bảo đảm - VIII.2;Mã chỉ tiêu;Mã chỉ tiêu;Data Explorer;Chiều;Dễ;Ngày, CTCK;SCMS;X;X;;;;;;;;;;
53;Báo cáo chứng quyền có đảm bảo >> Báo cáo hoạt động chứng quyền có bảo đảm - VIII.2;Tên chỉ tiêu;Tên chỉ tiêu;Data Explorer;Chiều;Dễ;Ngày, CTCK;SCMS;X;X;;;;;;;;;;
53;Báo cáo chứng quyền có đảm bảo >> Báo cáo hoạt động chứng quyền có bảo đảm - VIII.2;Tên CTCK;Tên CTCK;Data Explorer;Chỉ tiêu cơ sở;Trùng;Ngày, CTCK;SCMS;;X;;;;;;;;;;
53;Báo cáo chứng quyền có đảm bảo >> Báo cáo hoạt động chứng quyền có bảo đảm - VIII.2;Sàn giao dịch;Sàn giao dịch;Data Explorer;Chỉ tiêu cơ sở;Trùng;Ngày, CTCK;SCMS;;X;;;;;;;;;;
53;Báo cáo chứng quyền có đảm bảo >> Báo cáo hoạt động chứng quyền có bảo đảm - VIII.2;Mã CK;Mã CK;Data Explorer;Chỉ tiêu cơ sở;Trùng;Ngày, CTCK;SCMS;;X;;;;;;;;;;
53;Báo cáo chứng quyền có đảm bảo >> Báo cáo hoạt động chứng quyền có bảo đảm - VIII.2;Giấy phép Hoạt động của Chủ tịch UBCKNN cấp lần đầu >> Số;Giấy phép Hoạt động của Chủ tịch UBCKNN cấp lần đầu >> Số;Data Explorer;Chỉ tiêu cơ sở;Trùng;Ngày, CTCK;SCMS;;X;;;;;;;;;;
53;Báo cáo chứng quyền có đảm bảo >> Báo cáo hoạt động chứng quyền có bảo đảm - VIII.2;Giấy phép Hoạt động của Chủ tịch UBCKNN cấp lần đầu >> Ngày cấp;Giấy phép Hoạt động của Chủ tịch UBCKNN cấp lần đầu >> Ngày cấp;Data Explorer;Chỉ tiêu cơ sở;Trùng;Ngày, CTCK;SCMS;;X;;;;;;;;;;
53;Báo cáo chứng quyền có đảm bảo >> Báo cáo hoạt động chứng quyền có bảo đảm - VIII.2;Tên chứng quyền;Tên chứng quyền;Data Explorer;Chỉ tiêu cơ sở;Trùng;Ngày, CTCK;SCMS;;X;;;;;;;;;;
53;Báo cáo chứng quyền có đảm bảo >> Báo cáo hoạt động chứng quyền có bảo đảm - VIII.2;Mã chứng quyền;Mã chứng quyền;Data Explorer;Chỉ tiêu cơ sở;Trùng;Ngày, CTCK;SCMS;;X;;;;;;;;;;
53;Báo cáo chứng quyền có đảm bảo >> Báo cáo hoạt động chứng quyền có bảo đảm - VIII.2;Số lượng chứng quyền đầu kỳ tại ngày;Số lượng chứng quyền đầu kỳ tại ngày;Data Explorer;Chỉ tiêu cơ sở;TB;Ngày, CTCK;SCMS;;X;;;;;;;;;;
53;Báo cáo chứng quyền có đảm bảo >> Báo cáo hoạt động chứng quyền có bảo đảm - VIII.2;Giá trị tương ứng với số lượng chứng quyền đầu kỳ;Giá trị tương ứng với số lượng chứng quyền đầu kỳ;Data Explorer;Chỉ tiêu cơ sở;TB;Ngày, CTCK;SCMS;;X;;;;;;;;;;
53;Báo cáo chứng quyền có đảm bảo >> Báo cáo hoạt động chứng quyền có bảo đảm - VIII.2;Số lượng chứng quyền cuối kỳ tại ngày;Số lượng chứng quyền cuối kỳ tại ngày;Data Explorer;Chỉ tiêu cơ sở;TB;Ngày, CTCK;SCMS;;X;;;;;;;;;;
53;Báo cáo chứng quyền có đảm bảo >> Báo cáo hoạt động chứng quyền có bảo đảm - VIII.2;Giá đóng cửa phiên giao dịch cuối cùng của tháng (đồng);Giá đóng cửa phiên giao dịch cuối cùng của tháng (đồng);Data Explorer;Chỉ tiêu cơ sở;TB;Ngày, CTCK;SCMS;;X;;;;;;;;;;
53;Báo cáo chứng quyền có đảm bảo >> Báo cáo hoạt động chứng quyền có bảo đảm - VIII.2;Giá trị cuối kỳ (đồng);Giá trị cuối kỳ (đồng);Data Explorer;Chỉ tiêu cơ sở;TB;Ngày, CTCK;SCMS;;X;;;;;;;;;;
53;Báo cáo chứng quyền có đảm bảo >> Báo cáo hoạt động chứng quyền có bảo đảm - VIII.2;Chênh lệch giữa giá trị cuối kỳ với giá trị đầu kỳ;Chênh lệch giữa giá trị cuối kỳ với giá trị đầu kỳ;Data Explorer;Chỉ tiêu cơ sở;TB;Ngày, CTCK;SCMS;;X;;;;;;;;;;
53;Báo cáo chứng quyền có đảm bảo >> Báo cáo hoạt động chứng quyền có bảo đảm - VIII.2;Tài sản bảo đảm thanh toán/Bảo lãnh thanh toán >> Loại tài sản bảo đảm (Tiền, Chứng chỉ tiền gửi/Hợp đồng tiền gửi, Bảo lãnh thanh toán);Tài sản bảo đảm thanh toán/Bảo lãnh thanh toán >> Loại tài sản bảo đảm (Tiền, Chứng chỉ tiền gửi/Hợp đồng tiền gửi, Bảo lãnh thanh toán);Data Explorer;Chỉ tiêu cơ sở;TB;Ngày, CTCK;SCMS;;X;;;;;;;;;;
53;Báo cáo chứng quyền có đảm bảo >> Báo cáo hoạt động chứng quyền có bảo đảm - VIII.2;Tài sản bảo đảm thanh toán/Bảo lãnh thanh toán >> Giá trị kỳ báo cáo;Tài sản bảo đảm thanh toán/Bảo lãnh thanh toán >> Giá trị kỳ báo cáo;Data Explorer;Chỉ tiêu cơ sở;TB;Ngày, CTCK;SCMS;;X;;;;;;;;;;
53;Báo cáo chứng quyền có đảm bảo >> Báo cáo hoạt động chứng quyền có bảo đảm - VIII.2;Tài sản bảo đảm thanh toán/Bảo lãnh thanh toán >> Giá trị kỳ trước;Tài sản bảo đảm thanh toán/Bảo lãnh thanh toán >> Giá trị kỳ trước;Data Explorer;Chỉ tiêu cơ sở;TB;Ngày, CTCK;SCMS;;X;;;;;;;;;;
53;Báo cáo chứng quyền có đảm bảo >> Báo cáo hoạt động chứng quyền có bảo đảm - VIII.2;Tài sản bảo đảm thanh toán/Bảo lãnh thanh toán >> Thay đổi so với kỳ trước;Tài sản bảo đảm thanh toán/Bảo lãnh thanh toán >> Thay đổi so với kỳ trước;Data Explorer;Chỉ tiêu cơ sở;TB;Ngày, CTCK;SCMS;;X;;;;;;;;;;
54;Báo cáo chứng quyền có đảm bảo >> Báo cáo hoạt động chứng quyền có bảo đảm - VIII.2 - Tổng;Loại báo cáo;Loại báo cáo;Data Explorer;Chiều;Dễ;Ngày, CTCK;SCMS;X;X;;;;;;;;;;
54;Báo cáo chứng quyền có đảm bảo >> Báo cáo hoạt động chứng quyền có bảo đảm - VIII.2 - Tổng;Kỳ báo cáo;Kỳ báo cáo;Data Explorer;Chiều;Dễ;Ngày, CTCK;SCMS;X;X;;;;;;;;;;
54;Báo cáo chứng quyền có đảm bảo >> Báo cáo hoạt động chứng quyền có bảo đảm - VIII.2 - Tổng;Mã báo cáo;Mã báo cáo;Data Explorer;Chiều;Dễ;Ngày, CTCK;SCMS;X;X;;;;;;;;;;
54;Báo cáo chứng quyền có đảm bảo >> Báo cáo hoạt động chứng quyền có bảo đảm - VIII.2 - Tổng;Tên báo cáo;Tên báo cáo;Data Explorer;Chiều;Dễ;Ngày, CTCK;SCMS;X;X;;;;;;;;;;
54;Báo cáo chứng quyền có đảm bảo >> Báo cáo hoạt động chứng quyền có bảo đảm - VIII.2 - Tổng;Mã chỉ tiêu;Mã chỉ tiêu;Data Explorer;Chiều;Dễ;Ngày, CTCK;SCMS;X;X;;;;;;;;;;
54;Báo cáo chứng quyền có đảm bảo >> Báo cáo hoạt động chứng quyền có bảo đảm - VIII.2 - Tổng;Tên chỉ tiêu;Tên chỉ tiêu;Data Explorer;Chiều;Dễ;Ngày, CTCK;SCMS;X;X;;;;;;;;;;
54;Báo cáo chứng quyền có đảm bảo >> Báo cáo hoạt động chứng quyền có bảo đảm - VIII.2 - Tổng;Tên CTCK;Tên CTCK;Data Explorer;Chỉ tiêu cơ sở;Trùng;Ngày, CTCK;SCMS;;X;;;;;;;;;;
54;Báo cáo chứng quyền có đảm bảo >> Báo cáo hoạt động chứng quyền có bảo đảm - VIII.2 - Tổng;Sàn giao dịch;Sàn giao dịch;Data Explorer;Chỉ tiêu cơ sở;Trùng;Ngày, CTCK;SCMS;;X;;;;;;;;;;
54;Báo cáo chứng quyền có đảm bảo >> Báo cáo hoạt động chứng quyền có bảo đảm - VIII.2 - Tổng;Mã CK;Mã CK;Data Explorer;Chỉ tiêu cơ sở;Trùng;Ngày, CTCK;SCMS;;X;;;;;;;;;;
54;Báo cáo chứng quyền có đảm bảo >> Báo cáo hoạt động chứng quyền có bảo đảm - VIII.2 - Tổng;Giấy phép Hoạt động của Chủ tịch UBCKNN cấp lần đầu >> Số;Giấy phép Hoạt động của Chủ tịch UBCKNN cấp lần đầu >> Số;Data Explorer;Chỉ tiêu cơ sở;Trùng;Ngày, CTCK;SCMS;;X;;;;;;;;;;
54;Báo cáo chứng quyền có đảm bảo >> Báo cáo hoạt động chứng quyền có bảo đảm - VIII.2 - Tổng;Giấy phép Hoạt động của Chủ tịch UBCKNN cấp lần đầu >> Ngày cấp;Giấy phép Hoạt động của Chủ tịch UBCKNN cấp lần đầu >> Ngày cấp;Data Explorer;Chỉ tiêu cơ sở;Trùng;Ngày, CTCK;SCMS;;X;;;;;;;;;;
54;Báo cáo chứng quyền có đảm bảo >> Báo cáo hoạt động chứng quyền có bảo đảm - VIII.2 - Tổng;Số mã chứng quyền;Số mã chứng quyền;Data Explorer;Chỉ tiêu cơ sở;Trùng;Ngày, CTCK;SCMS;;X;;;;;;;;;;
54;Báo cáo chứng quyền có đảm bảo >> Báo cáo hoạt động chứng quyền có bảo đảm - VIII.2 - Tổng;Số lượng chứng quyền đầu kỳ tại ngày;Số lượng chứng quyền đầu kỳ tại ngày;Data Explorer;Chỉ tiêu cơ sở;Trùng;Ngày, CTCK;SCMS;;X;;;;;;;;;;
54;Báo cáo chứng quyền có đảm bảo >> Báo cáo hoạt động chứng quyền có bảo đảm - VIII.2 - Tổng;Giá trị tương ứng với số lượng chứng quyền đầu kỳ;Giá trị tương ứng với số lượng chứng quyền đầu kỳ;Data Explorer;Chỉ tiêu cơ sở;Trùng;Ngày, CTCK;SCMS;;X;;;;;;;;;;
54;Báo cáo chứng quyền có đảm bảo >> Báo cáo hoạt động chứng quyền có bảo đảm - VIII.2 - Tổng;Số lượng chứng quyền cuối kỳ tại ngày;Số lượng chứng quyền cuối kỳ tại ngày;Data Explorer;Chỉ tiêu cơ sở;Trùng;Ngày, CTCK;SCMS;;X;;;;;;;;;;
54;Báo cáo chứng quyền có đảm bảo >> Báo cáo hoạt động chứng quyền có bảo đảm - VIII.2 - Tổng;Giá đóng cửa phiên giao dịch cuối cùng của tháng (đồng);Giá đóng cửa phiên giao dịch cuối cùng của tháng (đồng);Data Explorer;Chỉ tiêu cơ sở;Trùng;Ngày, CTCK;SCMS;;X;;;;;;;;;;
54;Báo cáo chứng quyền có đảm bảo >> Báo cáo hoạt động chứng quyền có bảo đảm - VIII.2 - Tổng;Giá trị cuối kỳ (đồng);Giá trị cuối kỳ (đồng);Data Explorer;Chỉ tiêu cơ sở;Trùng;Ngày, CTCK;SCMS;;X;;;;;;;;;;
54;Báo cáo chứng quyền có đảm bảo >> Báo cáo hoạt động chứng quyền có bảo đảm - VIII.2 - Tổng;Chênh lệch giữa giá trị cuối kỳ với giá trị đầu kỳ;Chênh lệch giữa giá trị cuối kỳ với giá trị đầu kỳ;Data Explorer;Chỉ tiêu cơ sở;Trùng;Ngày, CTCK;SCMS;;X;;;;;;;;;;
54;Báo cáo chứng quyền có đảm bảo >> Báo cáo hoạt động chứng quyền có bảo đảm - VIII.2 - Tổng;Loại tài sản bảo đảm (Tiền, Chứng chỉ tiền gửi/Hợp đồng tiền gửi, Bảo lãnh thanh toán);Loại tài sản bảo đảm (Tiền, Chứng chỉ tiền gửi/Hợp đồng tiền gửi, Bảo lãnh thanh toán);Data Explorer;Chỉ tiêu cơ sở;Trùng;Ngày, CTCK;SCMS;;X;;;;;;;;;;
54;Báo cáo chứng quyền có đảm bảo >> Báo cáo hoạt động chứng quyền có bảo đảm - VIII.2 - Tổng;Giá trị kỳ báo cáo;Giá trị kỳ báo cáo;Data Explorer;Chỉ tiêu cơ sở;Trùng;Ngày, CTCK;SCMS;;X;;;;;;;;;;
54;Báo cáo chứng quyền có đảm bảo >> Báo cáo hoạt động chứng quyền có bảo đảm - VIII.2 - Tổng;Giá trị kỳ trước;Giá trị kỳ trước;Data Explorer;Chỉ tiêu cơ sở;Trùng;Ngày, CTCK;SCMS;;X;;;;;;;;;;
54;Báo cáo chứng quyền có đảm bảo >> Báo cáo hoạt động chứng quyền có bảo đảm - VIII.2 - Tổng;Thay đổi so với kỳ trước;Thay đổi so với kỳ trước;Data Explorer;Chỉ tiêu cơ sở;Trùng;Ngày, CTCK;SCMS;;X;;;;;;;;;;
55;Báo cáo chứng quyền có đảm bảo >> Báo cáo về tài sản bảo đảm thanh toán - X;Loại báo cáo;Loại báo cáo;Data Explorer;Chiều;Dễ;Ngày, CTCK;SCMS;X;X;;;;;;;;;;
55;Báo cáo chứng quyền có đảm bảo >> Báo cáo về tài sản bảo đảm thanh toán - X;Kỳ báo cáo;Kỳ báo cáo;Data Explorer;Chiều;Dễ;Ngày, CTCK;SCMS;X;X;;;;;;;;;;
55;Báo cáo chứng quyền có đảm bảo >> Báo cáo về tài sản bảo đảm thanh toán - X;Mã báo cáo;Mã báo cáo;Data Explorer;Chiều;Dễ;Ngày, CTCK;SCMS;X;X;;;;;;;;;;
55;Báo cáo chứng quyền có đảm bảo >> Báo cáo về tài sản bảo đảm thanh toán - X;Tên báo cáo;Tên báo cáo;Data Explorer;Chiều;Dễ;Ngày, CTCK;SCMS;X;X;;;;;;;;;;
55;Báo cáo chứng quyền có đảm bảo >> Báo cáo về tài sản bảo đảm thanh toán - X;Mã chỉ tiêu;Mã chỉ tiêu;Data Explorer;Chiều;Dễ;Ngày, CTCK;SCMS;X;X;;;;;;;;;;
55;Báo cáo chứng quyền có đảm bảo >> Báo cáo về tài sản bảo đảm thanh toán - X;Tên chỉ tiêu;Tên chỉ tiêu;Data Explorer;Chiều;Dễ;Ngày, CTCK;SCMS;X;X;;;;;;;;;;
55;Báo cáo chứng quyền có đảm bảo >> Báo cáo về tài sản bảo đảm thanh toán - X;Tên CTCK;Tên CTCK;Data Explorer;Chỉ tiêu cơ sở;Dễ;Ngày, CTCK;SCMS;;X;;;;;;;;;;
55;Báo cáo chứng quyền có đảm bảo >> Báo cáo về tài sản bảo đảm thanh toán - X;Sàn giao dịch;Sàn giao dịch;Data Explorer;Chỉ tiêu cơ sở;Dễ;Ngày, CTCK;SCMS;;X;;;;;;;;;;
55;Báo cáo chứng quyền có đảm bảo >> Báo cáo về tài sản bảo đảm thanh toán - X;Mã CK;Mã CK;Data Explorer;Chỉ tiêu cơ sở;Dễ;Ngày, CTCK;SCMS;;X;;;;;;;;;;
55;Báo cáo chứng quyền có đảm bảo >> Báo cáo về tài sản bảo đảm thanh toán - X;Giấy phép Hoạt động của Chủ tịch UBCKNN cấp lần đầu >> Số;Giấy phép Hoạt động của Chủ tịch UBCKNN cấp lần đầu >> Số;Data Explorer;Chỉ tiêu cơ sở;Dễ;Ngày, CTCK;SCMS;;X;;;;;;;;;;
55;Báo cáo chứng quyền có đảm bảo >> Báo cáo về tài sản bảo đảm thanh toán - X;Giấy phép Hoạt động của Chủ tịch UBCKNN cấp lần đầu >> Ngày cấp;Giấy phép Hoạt động của Chủ tịch UBCKNN cấp lần đầu >> Ngày cấp;Data Explorer;Chỉ tiêu cơ sở;Dễ;Ngày, CTCK;SCMS;;X;;;;;;;;;;
55;Báo cáo chứng quyền có đảm bảo >> Báo cáo về tài sản bảo đảm thanh toán - X;Người đại diện theo pháp luật (Đăng ký với UBCKNN);Người đại diện theo pháp luật (Đăng ký với UBCKNN);Data Explorer;Chỉ tiêu cơ sở;Dễ;Ngày, CTCK;SCMS;;X;;;;;;;;;;
55;Báo cáo chứng quyền có đảm bảo >> Báo cáo về tài sản bảo đảm thanh toán - X;Chức vụ của Người đại diện theo pháp luật;Chức vụ của Người đại diện theo pháp luật;Data Explorer;Chỉ tiêu cơ sở;Dễ;Ngày, CTCK;SCMS;;X;;;;;;;;;;
55;Báo cáo chứng quyền có đảm bảo >> Báo cáo về tài sản bảo đảm thanh toán - X;Tên Ngân hàng lưu ký;Tên Ngân hàng lưu ký;Data Explorer;Chỉ tiêu cơ sở;Dễ;Ngày, CTCK;SCMS;;X;;;;;;;;;;
55;Báo cáo chứng quyền có đảm bảo >> Báo cáo về tài sản bảo đảm thanh toán - X;Giấy phép hoạt động >> Số;Giấy phép hoạt động >> Số;Data Explorer;Chỉ tiêu cơ sở;Dễ;Ngày, CTCK;SCMS;;X;;;;;;;;;;
55;Báo cáo chứng quyền có đảm bảo >> Báo cáo về tài sản bảo đảm thanh toán - X;Giấy phép hoạt động >> Ngày cấp;Giấy phép hoạt động >> Ngày cấp;Data Explorer;Chỉ tiêu cơ sở;Dễ;Ngày, CTCK;SCMS;;X;;;;;;;;;;
55;Báo cáo chứng quyền có đảm bảo >> Báo cáo về tài sản bảo đảm thanh toán - X;Giấy chứng nhận đăng ký hoạt động lưu ký chứng khoán >> Số;Giấy chứng nhận đăng ký hoạt động lưu ký chứng khoán >> Số;Data Explorer;Chỉ tiêu cơ sở;Dễ;Ngày, CTCK;SCMS;;X;;;;;;;;;;
55;Báo cáo chứng quyền có đảm bảo >> Báo cáo về tài sản bảo đảm thanh toán - X;Giấy chứng nhận đăng ký hoạt động lưu ký chứng khoán >> Ngày cấp;Giấy chứng nhận đăng ký hoạt động lưu ký chứng khoán >> Ngày cấp;Data Explorer;Chỉ tiêu cơ sở;Dễ;Ngày, CTCK;SCMS;;X;;;;;;;;;;
55;Báo cáo chứng quyền có đảm bảo >> Báo cáo về tài sản bảo đảm thanh toán - X;Tên chứng quyền;Tên chứng quyền;Data Explorer;Chỉ tiêu cơ sở;Dễ;Ngày, CTCK;SCMS;;X;;;;;;;;;;
55;Báo cáo chứng quyền có đảm bảo >> Báo cáo về tài sản bảo đảm thanh toán - X;Tên tổ chức phát hành;Tên tổ chức phát hành;Data Explorer;Chỉ tiêu cơ sở;Dễ;Ngày, CTCK;SCMS;;X;;;;;;;;;;
55;Báo cáo chứng quyền có đảm bảo >> Báo cáo về tài sản bảo đảm thanh toán - X;Loại tài sản bảo đảm (Tiền, Chứng chỉ tiền gửi/Hợp đồng tiền gửi, Bảo lãnh thanh toán);Loại tài sản bảo đảm (Tiền, Chứng chỉ tiền gửi/Hợp đồng tiền gửi, Bảo lãnh thanh toán);Data Explorer;Chỉ tiêu cơ sở;Dễ;Ngày, CTCK;SCMS;;X;;;;;;;;;;
55;Báo cáo chứng quyền có đảm bảo >> Báo cáo về tài sản bảo đảm thanh toán - X;Giá trị kỳ báo cáo;Giá trị kỳ báo cáo;Data Explorer;Chỉ tiêu cơ sở;TB;Ngày, CTCK;SCMS;;X;;;;;;;;;;
55;Báo cáo chứng quyền có đảm bảo >> Báo cáo về tài sản bảo đảm thanh toán - X;Giá trị kỳ trước;Giá trị kỳ trước;Data Explorer;Chỉ tiêu cơ sở;TB;Ngày, CTCK;SCMS;;X;;;;;;;;;;
55;Báo cáo chứng quyền có đảm bảo >> Báo cáo về tài sản bảo đảm thanh toán - X;Thay đổi so với kỳ trước;Thay đổi so với kỳ trước;Data Explorer;Chỉ tiêu cơ sở;TB;Ngày, CTCK;SCMS;;X;;;;;;;;;;
56;Báo cáo chứng quyền có đảm bảo >> Báo cáo về tài sản bảo đảm thanh toán - X - Tổng;Loại báo cáo;Loại báo cáo;Data Explorer;Chiều;Dễ;Ngày, CTCK;SCMS;X;X;;;;;;;;;;
56;Báo cáo chứng quyền có đảm bảo >> Báo cáo về tài sản bảo đảm thanh toán - X - Tổng;Kỳ báo cáo;Kỳ báo cáo;Data Explorer;Chiều;Dễ;Ngày, CTCK;SCMS;X;X;;;;;;;;;;
56;Báo cáo chứng quyền có đảm bảo >> Báo cáo về tài sản bảo đảm thanh toán - X - Tổng;Mã báo cáo;Mã báo cáo;Data Explorer;Chiều;Dễ;Ngày, CTCK;SCMS;X;X;;;;;;;;;;
56;Báo cáo chứng quyền có đảm bảo >> Báo cáo về tài sản bảo đảm thanh toán - X - Tổng;Tên báo cáo;Tên báo cáo;Data Explorer;Chiều;Dễ;Ngày, CTCK;SCMS;X;X;;;;;;;;;;
56;Báo cáo chứng quyền có đảm bảo >> Báo cáo về tài sản bảo đảm thanh toán - X - Tổng;Mã chỉ tiêu;Mã chỉ tiêu;Data Explorer;Chiều;Dễ;Ngày, CTCK;SCMS;X;X;;;;;;;;;;
56;Báo cáo chứng quyền có đảm bảo >> Báo cáo về tài sản bảo đảm thanh toán - X - Tổng;Tên chỉ tiêu;Tên chỉ tiêu;Data Explorer;Chiều;Dễ;Ngày, CTCK;SCMS;X;X;;;;;;;;;;
56;Báo cáo chứng quyền có đảm bảo >> Báo cáo về tài sản bảo đảm thanh toán - X - Tổng;Tên Ngân hàng lưu ký;Tên Ngân hàng lưu ký;Data Explorer;Chỉ tiêu cơ sở;Trùng;Ngày, CTCK;SCMS;;X;;;;;;;;;;
56;Báo cáo chứng quyền có đảm bảo >> Báo cáo về tài sản bảo đảm thanh toán - X - Tổng;Giấy phép hoạt động >> Số;Giấy phép hoạt động >> Số;Data Explorer;Chỉ tiêu cơ sở;Trùng;Ngày, CTCK;SCMS;;X;;;;;;;;;;
56;Báo cáo chứng quyền có đảm bảo >> Báo cáo về tài sản bảo đảm thanh toán - X - Tổng;Giấy phép hoạt động >> Ngày cấp;Giấy phép hoạt động >> Ngày cấp;Data Explorer;Chỉ tiêu cơ sở;Trùng;Ngày, CTCK;SCMS;;X;;;;;;;;;;
56;Báo cáo chứng quyền có đảm bảo >> Báo cáo về tài sản bảo đảm thanh toán - X - Tổng;Giấy chứng nhận đăng ký hoạt động lưu ký chứng khoán >> Số;Giấy chứng nhận đăng ký hoạt động lưu ký chứng khoán >> Số;Data Explorer;Chỉ tiêu cơ sở;Trùng;Ngày, CTCK;SCMS;;X;;;;;;;;;;
56;Báo cáo chứng quyền có đảm bảo >> Báo cáo về tài sản bảo đảm thanh toán - X - Tổng;Giấy chứng nhận đăng ký hoạt động lưu ký chứng khoán >> Ngày cấp;Giấy chứng nhận đăng ký hoạt động lưu ký chứng khoán >> Ngày cấp;Data Explorer;Chỉ tiêu cơ sở;Trùng;Ngày, CTCK;SCMS;;X;;;;;;;;;;
56;Báo cáo chứng quyền có đảm bảo >> Báo cáo về tài sản bảo đảm thanh toán - X - Tổng;Loại tài sản bảo đảm (Tiền, Chứng chỉ tiền gửi/Hợp đồng tiền gửi, Bảo lãnh thanh toán);Loại tài sản bảo đảm (Tiền, Chứng chỉ tiền gửi/Hợp đồng tiền gửi, Bảo lãnh thanh toán);Data Explorer;Chỉ tiêu cơ sở;TB;Ngày, CTCK;SCMS;;X;;;;;;;;;;
56;Báo cáo chứng quyền có đảm bảo >> Báo cáo về tài sản bảo đảm thanh toán - X - Tổng;Giá trị kỳ báo cáo;Giá trị kỳ báo cáo;Data Explorer;Chỉ tiêu cơ sở;TB;Ngày, CTCK;SCMS;;X;;;;;;;;;;
56;Báo cáo chứng quyền có đảm bảo >> Báo cáo về tài sản bảo đảm thanh toán - X - Tổng;Giá trị kỳ trước;Giá trị kỳ trước;Data Explorer;Chỉ tiêu cơ sở;TB;Ngày, CTCK;SCMS;;X;;;;;;;;;;
56;Báo cáo chứng quyền có đảm bảo >> Báo cáo về tài sản bảo đảm thanh toán - X - Tổng;Thay đổi so với kỳ trước;Thay đổi so với kỳ trước;Data Explorer;Chỉ tiêu cơ sở;TB;Ngày, CTCK;SCMS;;X;;;;;;;;;;
57;Hoạt động phái sinh >> Báo cáo về tình hình nhân sự;Loại báo cáo;Loại báo cáo;Data Explorer;Chiều;Dễ;Ngày, CTCK;SCMS;X;X;;;;;;;;;;
57;Hoạt động phái sinh >> Báo cáo về tình hình nhân sự;Kỳ báo cáo;Kỳ báo cáo;Data Explorer;Chiều;Dễ;Ngày, CTCK;SCMS;X;X;;;;;;;;;;
57;Hoạt động phái sinh >> Báo cáo về tình hình nhân sự;Mã báo cáo;Mã báo cáo;Data Explorer;Chiều;Dễ;Ngày, CTCK;SCMS;X;X;;;;;;;;;;
57;Hoạt động phái sinh >> Báo cáo về tình hình nhân sự;Tên báo cáo;Tên báo cáo;Data Explorer;Chiều;Dễ;Ngày, CTCK;SCMS;X;X;;;;;;;;;;
57;Hoạt động phái sinh >> Báo cáo về tình hình nhân sự;Mã chỉ tiêu;Mã chỉ tiêu;Data Explorer;Chiều;Dễ;Ngày, CTCK;SCMS;X;X;;;;;;;;;;
57;Hoạt động phái sinh >> Báo cáo về tình hình nhân sự;Tên chỉ tiêu;Tên chỉ tiêu;Data Explorer;Chiều;Dễ;Ngày, CTCK;SCMS;X;X;;;;;;;;;;
57;Hoạt động phái sinh >> Báo cáo về tình hình nhân sự;Tên công ty chứng khoán;Tên công ty chứng khoán;Data Explorer;Chỉ tiêu cơ sở;Dễ;Ngày, CTCK;SCMS;;X;;;;;;;;;;
57;Hoạt động phái sinh >> Báo cáo về tình hình nhân sự;Sàn giao dịch;Sàn giao dịch;Data Explorer;Chỉ tiêu cơ sở;Dễ;Ngày, CTCK;SCMS;;X;;;;;;;;;;
57;Hoạt động phái sinh >> Báo cáo về tình hình nhân sự;Mã chứng khoán;Mã chứng khoán;Data Explorer;Chỉ tiêu cơ sở;Dễ;Ngày, CTCK;SCMS;;X;;;;;;;;;;
57;Hoạt động phái sinh >> Báo cáo về tình hình nhân sự;Số giấy phép thành lập;Số giấy phép thành lập;Data Explorer;Chỉ tiêu cơ sở;Dễ;Ngày, CTCK;SCMS;;X;;;;;;;;;;
57;Hoạt động phái sinh >> Báo cáo về tình hình nhân sự;"Đối tượng
(Trụ sở chính/chi nhánh/phòng giao dịch/bộ phận khác)";"Đối tượng
(Trụ sở chính/chi nhánh/phòng giao dịch/bộ phận khác)";Data Explorer;Chỉ tiêu cơ sở;Dễ;Ngày, CTCK;SCMS;;X;;;;;;;;;;
57;Hoạt động phái sinh >> Báo cáo về tình hình nhân sự;Số lượng người có chứng chỉ hành nghề chứng khoán >> Ban giám đốc/Giám đốc chi nhánh >> Cuối kỳ;Số lượng người có chứng chỉ hành nghề chứng khoán >> Ban giám đốc/Giám đốc chi nhánh >> Cuối kỳ;Data Explorer;Chỉ tiêu cơ sở;TB;Ngày, CTCK;SCMS, NHNCK;;X;;;;;;;;;;
57;Hoạt động phái sinh >> Báo cáo về tình hình nhân sự;Số lượng người có chứng chỉ hành nghề chứng khoán >> Ban giám đốc/Giám đốc chi nhánh >> Tăng/giảm so với cuối kỳ trước;Số lượng người có chứng chỉ hành nghề chứng khoán >> Ban giám đốc/Giám đốc chi nhánh >> Tăng/giảm so với cuối kỳ trước;Data Explorer;Chỉ tiêu cơ sở;TB;Ngày, CTCK;SCMS, NHNCK;;X;;;;;;;;;;
57;Hoạt động phái sinh >> Báo cáo về tình hình nhân sự;Số lượng người có chứng chỉ hành nghề chứng khoán >> Bộ phận môi giới >> Cuối kỳ;Số lượng người có chứng chỉ hành nghề chứng khoán >> Bộ phận môi giới >> Cuối kỳ;Data Explorer;Chỉ tiêu cơ sở;TB;Ngày, CTCK;SCMS, NHNCK;;X;;;;;;;;;;
57;Hoạt động phái sinh >> Báo cáo về tình hình nhân sự;Số lượng người có chứng chỉ hành nghề chứng khoán >> Bộ phận môi giới >> Tăng/giảm so với cuối kỳ trước;Số lượng người có chứng chỉ hành nghề chứng khoán >> Bộ phận môi giới >> Tăng/giảm so với cuối kỳ trước;Data Explorer;Chỉ tiêu cơ sở;TB;Ngày, CTCK;SCMS, NHNCK;;X;;;;;;;;;;
57;Hoạt động phái sinh >> Báo cáo về tình hình nhân sự;Số lượng người có chứng chỉ hành nghề chứng khoán >> Bộ phận tự doanh >> Cuối kỳ;Số lượng người có chứng chỉ hành nghề chứng khoán >> Bộ phận tự doanh >> Cuối kỳ;Data Explorer;Chỉ tiêu cơ sở;TB;Ngày, CTCK;SCMS, NHNCK;;X;;;;;;;;;;
57;Hoạt động phái sinh >> Báo cáo về tình hình nhân sự;Số lượng người có chứng chỉ hành nghề chứng khoán >> Bộ phận tự doanh >> Tăng/giảm so với cuối kỳ trước;Số lượng người có chứng chỉ hành nghề chứng khoán >> Bộ phận tự doanh >> Tăng/giảm so với cuối kỳ trước;Data Explorer;Chỉ tiêu cơ sở;TB;Ngày, CTCK;SCMS, NHNCK;;X;;;;;;;;;;
57;Hoạt động phái sinh >> Báo cáo về tình hình nhân sự;"Số lượng người có chứng chỉ hành nghề chứng khoán >> Bộ phận tư vấn 
đầu tư >> Cuối kỳ";"Số lượng người có chứng chỉ hành nghề chứng khoán >> Bộ phận tư vấn 
đầu tư >> Cuối kỳ";Data Explorer;Chỉ tiêu cơ sở;TB;Ngày, CTCK;SCMS, NHNCK;;X;;;;;;;;;;
57;Hoạt động phái sinh >> Báo cáo về tình hình nhân sự;"Số lượng người có chứng chỉ hành nghề chứng khoán >> Bộ phận tư vấn 
đầu tư >> Tăng/giảm so với cuối kỳ trước";"Số lượng người có chứng chỉ hành nghề chứng khoán >> Bộ phận tư vấn 
đầu tư >> Tăng/giảm so với cuối kỳ trước";Data Explorer;Chỉ tiêu cơ sở;TB;Ngày, CTCK;SCMS, NHNCK;;X;;;;;;;;;;
57;Hoạt động phái sinh >> Báo cáo về tình hình nhân sự;Số lượng người có chứng chỉ hành nghề chứng khoán >> Tổng cộng;Số lượng người có chứng chỉ hành nghề chứng khoán >> Tổng cộng;Data Explorer;Chỉ tiêu cơ sở;TB;Ngày, CTCK;SCMS, NHNCK;;X;;;;;;;;;;
57;Hoạt động phái sinh >> Báo cáo về tình hình nhân sự;Số lượng người có chứng chỉ chuyên môn về chứng khoán phái sinh và thị trường chứng khoán phái sinh >> Ban giám đốc >> Cuối kỳ;Số lượng người có chứng chỉ chuyên môn về chứng khoán phái sinh và thị trường chứng khoán phái sinh >> Ban giám đốc >> Cuối kỳ;Data Explorer;Chỉ tiêu cơ sở;TB;Ngày, CTCK;SCMS, NHNCK;;X;;;;;;;;;;
57;Hoạt động phái sinh >> Báo cáo về tình hình nhân sự;Số lượng người có chứng chỉ chuyên môn về chứng khoán phái sinh và thị trường chứng khoán phái sinh >> Ban giám đốc >> Tăng/giảm so với cuối kỳ trước;Số lượng người có chứng chỉ chuyên môn về chứng khoán phái sinh và thị trường chứng khoán phái sinh >> Ban giám đốc >> Tăng/giảm so với cuối kỳ trước;Data Explorer;Chỉ tiêu cơ sở;TB;Ngày, CTCK;SCMS, NHNCK;;X;;;;;;;;;;
57;Hoạt động phái sinh >> Báo cáo về tình hình nhân sự;Số lượng người có chứng chỉ chuyên môn về chứng khoán phái sinh và thị trường chứng khoán phái sinh >> Bộ phận môi giới >> Cuối kỳ;Số lượng người có chứng chỉ chuyên môn về chứng khoán phái sinh và thị trường chứng khoán phái sinh >> Bộ phận môi giới >> Cuối kỳ;Data Explorer;Chỉ tiêu cơ sở;TB;Ngày, CTCK;SCMS, NHNCK;;X;;;;;;;;;;
57;Hoạt động phái sinh >> Báo cáo về tình hình nhân sự;Số lượng người có chứng chỉ chuyên môn về chứng khoán phái sinh và thị trường chứng khoán phái sinh >> Bộ phận môi giới >> Tăng/giảm so với cuối kỳ trước;Số lượng người có chứng chỉ chuyên môn về chứng khoán phái sinh và thị trường chứng khoán phái sinh >> Bộ phận môi giới >> Tăng/giảm so với cuối kỳ trước;Data Explorer;Chỉ tiêu cơ sở;TB;Ngày, CTCK;SCMS, NHNCK;;X;;;;;;;;;;
57;Hoạt động phái sinh >> Báo cáo về tình hình nhân sự;Số lượng người có chứng chỉ chuyên môn về chứng khoán phái sinh và thị trường chứng khoán phái sinh >> Bộ phận tự doanh >> Cuối kỳ;Số lượng người có chứng chỉ chuyên môn về chứng khoán phái sinh và thị trường chứng khoán phái sinh >> Bộ phận tự doanh >> Cuối kỳ;Data Explorer;Chỉ tiêu cơ sở;TB;Ngày, CTCK;SCMS, NHNCK;;X;;;;;;;;;;
57;Hoạt động phái sinh >> Báo cáo về tình hình nhân sự;Số lượng người có chứng chỉ chuyên môn về chứng khoán phái sinh và thị trường chứng khoán phái sinh >> Bộ phận tự doanh >> Tăng/giảm so với cuối kỳ trước;Số lượng người có chứng chỉ chuyên môn về chứng khoán phái sinh và thị trường chứng khoán phái sinh >> Bộ phận tự doanh >> Tăng/giảm so với cuối kỳ trước;Data Explorer;Chỉ tiêu cơ sở;TB;Ngày, CTCK;SCMS, NHNCK;;X;;;;;;;;;;
57;Hoạt động phái sinh >> Báo cáo về tình hình nhân sự;"Số lượng người có chứng chỉ chuyên môn về chứng khoán phái sinh và thị trường chứng khoán phái sinh >> Bộ phận tư vấn 
đầu tư >> Cuối kỳ";"Số lượng người có chứng chỉ chuyên môn về chứng khoán phái sinh và thị trường chứng khoán phái sinh >> Bộ phận tư vấn 
đầu tư >> Cuối kỳ";Data Explorer;Chỉ tiêu cơ sở;TB;Ngày, CTCK;SCMS, NHNCK;;X;;;;;;;;;;
57;Hoạt động phái sinh >> Báo cáo về tình hình nhân sự;"Số lượng người có chứng chỉ chuyên môn về chứng khoán phái sinh và thị trường chứng khoán phái sinh >> Bộ phận tư vấn 
đầu tư >> Tăng/giảm so với cuối kỳ trước";"Số lượng người có chứng chỉ chuyên môn về chứng khoán phái sinh và thị trường chứng khoán phái sinh >> Bộ phận tư vấn 
đầu tư >> Tăng/giảm so với cuối kỳ trước";Data Explorer;Chỉ tiêu cơ sở;TB;Ngày, CTCK;SCMS, NHNCK;;X;;;;;;;;;;
57;Hoạt động phái sinh >> Báo cáo về tình hình nhân sự;Số lượng người có chứng chỉ chuyên môn về chứng khoán phái sinh và thị trường chứng khoán phái sinh >> Tổng cộng;Số lượng người có chứng chỉ chuyên môn về chứng khoán phái sinh và thị trường chứng khoán phái sinh >> Tổng cộng;Data Explorer;Chỉ tiêu cơ sở;TB;Ngày, CTCK;SCMS, NHNCK;;X;;;;;;;;;;
57;Hoạt động phái sinh >> Báo cáo về tình hình nhân sự;Tổng cộng;Tổng cộng;Data Explorer;Chỉ tiêu cơ sở;TB;Ngày, CTCK;SCMS, NHNCK;;X;;;;;;;;;;
58;Hoạt động phái sinh >> Báo cáo về số tài khoản phái sinh;Loại báo cáo;Loại báo cáo;Data Explorer;Chiều;Dễ;Ngày, CTCK;SCMS;X;X;;;;;;;;;;
58;Hoạt động phái sinh >> Báo cáo về số tài khoản phái sinh;Kỳ báo cáo;Kỳ báo cáo;Data Explorer;Chiều;Dễ;Ngày, CTCK;SCMS;X;X;;;;;;;;;;
58;Hoạt động phái sinh >> Báo cáo về số tài khoản phái sinh;Mã báo cáo;Mã báo cáo;Data Explorer;Chiều;Dễ;Ngày, CTCK;SCMS;X;X;;;;;;;;;;
58;Hoạt động phái sinh >> Báo cáo về số tài khoản phái sinh;Tên báo cáo;Tên báo cáo;Data Explorer;Chiều;Dễ;Ngày, CTCK;SCMS;X;X;;;;;;;;;;
58;Hoạt động phái sinh >> Báo cáo về số tài khoản phái sinh;Mã chỉ tiêu;Mã chỉ tiêu;Data Explorer;Chiều;Dễ;Ngày, CTCK;SCMS;X;X;;;;;;;;;;
58;Hoạt động phái sinh >> Báo cáo về số tài khoản phái sinh;Tên chỉ tiêu;Tên chỉ tiêu;Data Explorer;Chiều;Dễ;Ngày, CTCK;SCMS;X;X;;;;;;;;;;
58;Hoạt động phái sinh >> Báo cáo về số tài khoản phái sinh;Tên công ty chứng khoán;Tên công ty chứng khoán;Data Explorer;Chỉ tiêu cơ sở;Dễ;Ngày, CTCK;SCMS;;X;;;;;;;;;;
58;Hoạt động phái sinh >> Báo cáo về số tài khoản phái sinh;Sàn giao dịch;Sàn giao dịch;Data Explorer;Chỉ tiêu cơ sở;Dễ;Ngày, CTCK;SCMS;;X;;;;;;;;;;
58;Hoạt động phái sinh >> Báo cáo về số tài khoản phái sinh;Mã chứng khoán;Mã chứng khoán;Data Explorer;Chỉ tiêu cơ sở;Dễ;Ngày, CTCK;SCMS;;X;;;;;;;;;;
58;Hoạt động phái sinh >> Báo cáo về số tài khoản phái sinh;Số giấy phép thành lập;Số giấy phép thành lập;Data Explorer;Chỉ tiêu cơ sở;Dễ;Ngày, CTCK;SCMS;;X;;;;;;;;;;
58;Hoạt động phái sinh >> Báo cáo về số tài khoản phái sinh;Trong nước >> Cá nhân >> Số lượng tài khoản có phát sinh giao dịch trong kỳ;Trong nước >> Cá nhân >> Số lượng tài khoản có phát sinh giao dịch trong kỳ;Data Explorer;Chỉ tiêu cơ sở;TB;Ngày, CTCK;SCMS;;X;;;;;;;;;;
58;Hoạt động phái sinh >> Báo cáo về số tài khoản phái sinh;Trong nước >> Cá nhân >> Số lượng tài khoản cuối kỳ;Trong nước >> Cá nhân >> Số lượng tài khoản cuối kỳ;Data Explorer;Chỉ tiêu cơ sở;TB;Ngày, CTCK;SCMS;;X;;;;;;;;;;
58;Hoạt động phái sinh >> Báo cáo về số tài khoản phái sinh;Trong nước >> Cá nhân >> Tăng/giảm so với cuối kỳ trước;Trong nước >> Cá nhân >> Tăng/giảm so với cuối kỳ trước;Data Explorer;Chỉ tiêu cơ sở;TB;Ngày, CTCK;SCMS;;X;;;;;;;;;;
58;Hoạt động phái sinh >> Báo cáo về số tài khoản phái sinh;Trong nước >> Tổ chức >> Số lượng tài khoản có phát sinh giao dịch trong kỳ;Trong nước >> Tổ chức >> Số lượng tài khoản có phát sinh giao dịch trong kỳ;Data Explorer;Chỉ tiêu cơ sở;TB;Ngày, CTCK;SCMS;;X;;;;;;;;;;
58;Hoạt động phái sinh >> Báo cáo về số tài khoản phái sinh;Trong nước >> Tổ chức >> Số lượng tài khoản cuối kỳ;Trong nước >> Tổ chức >> Số lượng tài khoản cuối kỳ;Data Explorer;Chỉ tiêu cơ sở;TB;Ngày, CTCK;SCMS;;X;;;;;;;;;;
58;Hoạt động phái sinh >> Báo cáo về số tài khoản phái sinh;Trong nước >> Tổ chức >> Tăng/giảm so với cuối kỳ trước;Trong nước >> Tổ chức >> Tăng/giảm so với cuối kỳ trước;Data Explorer;Chỉ tiêu cơ sở;TB;Ngày, CTCK;SCMS;;X;;;;;;;;;;
58;Hoạt động phái sinh >> Báo cáo về số tài khoản phái sinh;Trong nước >> Tổng cộng số lượng tài khoản;Trong nước >> Tổng cộng số lượng tài khoản;Data Explorer;Chỉ tiêu cơ sở;TB;Ngày, CTCK;SCMS;;X;;;;;;;;;;
58;Hoạt động phái sinh >> Báo cáo về số tài khoản phái sinh;Trong nước >> Tổng cộng số lượng tài khoản có phát sinh giao dịch trong kỳ;Trong nước >> Tổng cộng số lượng tài khoản có phát sinh giao dịch trong kỳ;Data Explorer;Chỉ tiêu cơ sở;TB;Ngày, CTCK;SCMS;;X;;;;;;;;;;
58;Hoạt động phái sinh >> Báo cáo về số tài khoản phái sinh;Nước ngoài >> Cá nhân >> Số lượng tài khoản có phát sinh giao dịch trong kỳ;Nước ngoài >> Cá nhân >> Số lượng tài khoản có phát sinh giao dịch trong kỳ;Data Explorer;Chỉ tiêu cơ sở;TB;Ngày, CTCK;SCMS;;X;;;;;;;;;;
58;Hoạt động phái sinh >> Báo cáo về số tài khoản phái sinh;Nước ngoài >> Cá nhân >> Số lượng tài khoản cuối kỳ;Nước ngoài >> Cá nhân >> Số lượng tài khoản cuối kỳ;Data Explorer;Chỉ tiêu cơ sở;TB;Ngày, CTCK;SCMS;;X;;;;;;;;;;
58;Hoạt động phái sinh >> Báo cáo về số tài khoản phái sinh;Nước ngoài >> Cá nhân >> Tăng/giảm so với cuối kỳ trước;Nước ngoài >> Cá nhân >> Tăng/giảm so với cuối kỳ trước;Data Explorer;Chỉ tiêu cơ sở;TB;Ngày, CTCK;SCMS;;X;;;;;;;;;;
58;Hoạt động phái sinh >> Báo cáo về số tài khoản phái sinh;Nước ngoài >> Tổ chức >> Số lượng tài khoản có phát sinh giao dịch trong kỳ;Nước ngoài >> Tổ chức >> Số lượng tài khoản có phát sinh giao dịch trong kỳ;Data Explorer;Chỉ tiêu cơ sở;TB;Ngày, CTCK;SCMS;;X;;;;;;;;;;
58;Hoạt động phái sinh >> Báo cáo về số tài khoản phái sinh;Nước ngoài >> Tổ chức >> Số lượng tài khoản cuối kỳ;Nước ngoài >> Tổ chức >> Số lượng tài khoản cuối kỳ;Data Explorer;Chỉ tiêu cơ sở;TB;Ngày, CTCK;SCMS;;X;;;;;;;;;;
58;Hoạt động phái sinh >> Báo cáo về số tài khoản phái sinh;Nước ngoài >> Tổ chức >> Tăng/giảm so với cuối kỳ trước;Nước ngoài >> Tổ chức >> Tăng/giảm so với cuối kỳ trước;Data Explorer;Chỉ tiêu cơ sở;TB;Ngày, CTCK;SCMS;;X;;;;;;;;;;
58;Hoạt động phái sinh >> Báo cáo về số tài khoản phái sinh;Nước ngoài >> Tổng cộng số lượng tài khoản;Nước ngoài >> Tổng cộng số lượng tài khoản;Data Explorer;Chỉ tiêu cơ sở;TB;Ngày, CTCK;SCMS;;X;;;;;;;;;;
58;Hoạt động phái sinh >> Báo cáo về số tài khoản phái sinh;Nước ngoài >> Tổng cộng số lượng tài khoản có phát sinh giao dịch trong kỳ;Nước ngoài >> Tổng cộng số lượng tài khoản có phát sinh giao dịch trong kỳ;Data Explorer;Chỉ tiêu cơ sở;TB;Ngày, CTCK;SCMS;;X;;;;;;;;;;
58;Hoạt động phái sinh >> Báo cáo về số tài khoản phái sinh;Tổng cộng số lượng tài khoản;Tổng cộng số lượng tài khoản;Data Explorer;Chỉ tiêu cơ sở;TB;Ngày, CTCK;SCMS;;X;;;;;;;;;;
58;Hoạt động phái sinh >> Báo cáo về số tài khoản phái sinh;Tổng cộng số lượng tài khoản có phát sinh giao dịch trong kỳ;Tổng cộng số lượng tài khoản có phát sinh giao dịch trong kỳ;Data Explorer;Chỉ tiêu cơ sở;TB;Ngày, CTCK;SCMS;;X;;;;;;;;;;
59;Hoạt động phái sinh >> Báo cáo về tiền gửi giao dịch phái sinh;Loại báo cáo;Loại báo cáo;Data Explorer;Chiều;Dễ;Ngày, CTCK;SCMS;X;X;;;;;;;;;;
59;Hoạt động phái sinh >> Báo cáo về tiền gửi giao dịch phái sinh;Kỳ báo cáo;Kỳ báo cáo;Data Explorer;Chiều;Dễ;Ngày, CTCK;SCMS;X;X;;;;;;;;;;
59;Hoạt động phái sinh >> Báo cáo về tiền gửi giao dịch phái sinh;Mã báo cáo;Mã báo cáo;Data Explorer;Chiều;Dễ;Ngày, CTCK;SCMS;X;X;;;;;;;;;;
59;Hoạt động phái sinh >> Báo cáo về tiền gửi giao dịch phái sinh;Tên báo cáo;Tên báo cáo;Data Explorer;Chiều;Dễ;Ngày, CTCK;SCMS;X;X;;;;;;;;;;
59;Hoạt động phái sinh >> Báo cáo về tiền gửi giao dịch phái sinh;Mã chỉ tiêu;Mã chỉ tiêu;Data Explorer;Chiều;Dễ;Ngày, CTCK;SCMS;X;X;;;;;;;;;;
59;Hoạt động phái sinh >> Báo cáo về tiền gửi giao dịch phái sinh;Tên chỉ tiêu;Tên chỉ tiêu;Data Explorer;Chiều;Dễ;Ngày, CTCK;SCMS;X;X;;;;;;;;;;
59;Hoạt động phái sinh >> Báo cáo về tiền gửi giao dịch phái sinh;Tên công ty chứng khoán;Tên công ty chứng khoán;Data Explorer;Chỉ tiêu cơ sở;Dễ;Ngày, CTCK;SCMS;;X;;;;;;;;;;
59;Hoạt động phái sinh >> Báo cáo về tiền gửi giao dịch phái sinh;Sàn giao dịch;Sàn giao dịch;Data Explorer;Chỉ tiêu cơ sở;Dễ;Ngày, CTCK;SCMS;;X;;;;;;;;;;
59;Hoạt động phái sinh >> Báo cáo về tiền gửi giao dịch phái sinh;Mã chứng khoán;Mã chứng khoán;Data Explorer;Chỉ tiêu cơ sở;Dễ;Ngày, CTCK;SCMS;;X;;;;;;;;;;
59;Hoạt động phái sinh >> Báo cáo về tiền gửi giao dịch phái sinh;Số giấy phép thành lập;Số giấy phép thành lập;Data Explorer;Chỉ tiêu cơ sở;Dễ;Ngày, CTCK;SCMS;;X;;;;;;;;;;
59;Hoạt động phái sinh >> Báo cáo về tiền gửi giao dịch phái sinh;Tên ngân hàng nhận tiền gửi;Tên ngân hàng nhận tiền gửi;Data Explorer;Chỉ tiêu cơ sở;Dễ;Ngày, CTCK;SCMS;;X;;;;;;;;;;
59;Hoạt động phái sinh >> Báo cáo về tiền gửi giao dịch phái sinh;Số tài khoản;Số tài khoản;Data Explorer;Chỉ tiêu cơ sở;Dễ;Ngày, CTCK;SCMS;;X;;;;;;;;;;
59;Hoạt động phái sinh >> Báo cáo về tiền gửi giao dịch phái sinh;"Số dư trên tài khoản
(triệu đồng)";"Số dư trên tài khoản
(triệu đồng)";Data Explorer;Chỉ tiêu cơ sở;Dễ;Ngày, CTCK;SCMS;;X;;;;;;;;;;
60;Hoạt động phái sinh >> Báo cáo về giao dịch phái sinh;Loại báo cáo;Loại báo cáo;Data Explorer;Chiều;Dễ;Ngày, CTCK;SCMS;X;X;;;;;;;;;;
60;Hoạt động phái sinh >> Báo cáo về giao dịch phái sinh;Kỳ báo cáo;Kỳ báo cáo;Data Explorer;Chiều;Dễ;Ngày, CTCK;SCMS;X;X;;;;;;;;;;
60;Hoạt động phái sinh >> Báo cáo về giao dịch phái sinh;Mã báo cáo;Mã báo cáo;Data Explorer;Chiều;Dễ;Ngày, CTCK;SCMS;X;X;;;;;;;;;;
60;Hoạt động phái sinh >> Báo cáo về giao dịch phái sinh;Tên báo cáo;Tên báo cáo;Data Explorer;Chiều;Dễ;Ngày, CTCK;SCMS;X;X;;;;;;;;;;
60;Hoạt động phái sinh >> Báo cáo về giao dịch phái sinh;Mã chỉ tiêu;Mã chỉ tiêu;Data Explorer;Chiều;Dễ;Ngày, CTCK;SCMS;X;X;;;;;;;;;;
60;Hoạt động phái sinh >> Báo cáo về giao dịch phái sinh;Tên chỉ tiêu;Tên chỉ tiêu;Data Explorer;Chiều;Dễ;Ngày, CTCK;SCMS;X;X;;;;;;;;;;
60;Hoạt động phái sinh >> Báo cáo về giao dịch phái sinh;Tên công ty;Tên công ty;Data Explorer;Chỉ tiêu cơ sở;Dễ;Ngày, CTCK;SCMS;;X;;;;;;;;;;
60;Hoạt động phái sinh >> Báo cáo về giao dịch phái sinh;Sàn giao dịch;Sàn giao dịch;Data Explorer;Chỉ tiêu cơ sở;Dễ;Ngày, CTCK;SCMS;;X;;;;;;;;;;
60;Hoạt động phái sinh >> Báo cáo về giao dịch phái sinh;Mã chứng khoán;Mã chứng khoán;Data Explorer;Chỉ tiêu cơ sở;Dễ;Ngày, CTCK;SCMS;;X;;;;;;;;;;
60;Hoạt động phái sinh >> Báo cáo về giao dịch phái sinh;Số giấy phép thành lập;Số giấy phép thành lập;Data Explorer;Chỉ tiêu cơ sở;Dễ;Ngày, CTCK;SCMS;;X;;;;;;;;;;
60;Hoạt động phái sinh >> Báo cáo về giao dịch phái sinh;Tên sản phẩm;Tên sản phẩm;Data Explorer;Chỉ tiêu cơ sở;Dễ;Ngày, CTCK;SCMS;;X;;;;;;;;;;
60;Hoạt động phái sinh >> Báo cáo về giao dịch phái sinh;Nhà đầu tư trong nước >> Tổng mua >> Trong kỳ;Nhà đầu tư trong nước >> Tổng mua >> Trong kỳ;Data Explorer;Chỉ tiêu cơ sở;TB;Ngày, CTCK;SCMS;;X;;;;;;;;;;
60;Hoạt động phái sinh >> Báo cáo về giao dịch phái sinh;Nhà đầu tư trong nước >> Tổng mua >> Lũy kế từ đầu năm;Nhà đầu tư trong nước >> Tổng mua >> Lũy kế từ đầu năm;Data Explorer;Chỉ tiêu cơ sở;TB;Ngày, CTCK;SCMS;;X;;;;;;;;;;
60;Hoạt động phái sinh >> Báo cáo về giao dịch phái sinh;Nhà đầu tư trong nước >> Tổng bán >> Trong kỳ;Nhà đầu tư trong nước >> Tổng bán >> Trong kỳ;Data Explorer;Chỉ tiêu cơ sở;TB;Ngày, CTCK;SCMS;;X;;;;;;;;;;
60;Hoạt động phái sinh >> Báo cáo về giao dịch phái sinh;Nhà đầu tư trong nước >> Tổng bán >> Lũy kế từ đầu năm;Nhà đầu tư trong nước >> Tổng bán >> Lũy kế từ đầu năm;Data Explorer;Chỉ tiêu cơ sở;TB;Ngày, CTCK;SCMS;;X;;;;;;;;;;
60;Hoạt động phái sinh >> Báo cáo về giao dịch phái sinh;Nhà đầu tư trong nước >> Tổng mua và bán >> Trong kỳ;Nhà đầu tư trong nước >> Tổng mua và bán >> Trong kỳ;Data Explorer;Chỉ tiêu cơ sở;TB;Ngày, CTCK;SCMS;;X;;;;;;;;;;
60;Hoạt động phái sinh >> Báo cáo về giao dịch phái sinh;Nhà đầu tư trong nước >> Tổng mua và bán >> Lũy kế từ đầu năm;Nhà đầu tư trong nước >> Tổng mua và bán >> Lũy kế từ đầu năm;Data Explorer;Chỉ tiêu cơ sở;TB;Ngày, CTCK;SCMS;;X;;;;;;;;;;
60;Hoạt động phái sinh >> Báo cáo về giao dịch phái sinh;Nhà đầu tư nước ngoài >> Tổng mua >> Trong kỳ;Nhà đầu tư nước ngoài >> Tổng mua >> Trong kỳ;Data Explorer;Chỉ tiêu cơ sở;TB;Ngày, CTCK;SCMS;;X;;;;;;;;;;
60;Hoạt động phái sinh >> Báo cáo về giao dịch phái sinh;Nhà đầu tư nước ngoài >> Tổng mua >> Lũy kế từ đầu năm;Nhà đầu tư nước ngoài >> Tổng mua >> Lũy kế từ đầu năm;Data Explorer;Chỉ tiêu cơ sở;TB;Ngày, CTCK;SCMS;;X;;;;;;;;;;
60;Hoạt động phái sinh >> Báo cáo về giao dịch phái sinh;Nhà đầu tư nước ngoài >> Tổng bán >> Trong kỳ;Nhà đầu tư nước ngoài >> Tổng bán >> Trong kỳ;Data Explorer;Chỉ tiêu cơ sở;TB;Ngày, CTCK;SCMS;;X;;;;;;;;;;
60;Hoạt động phái sinh >> Báo cáo về giao dịch phái sinh;Nhà đầu tư nước ngoài >> Tổng bán >> Lũy kế từ đầu năm;Nhà đầu tư nước ngoài >> Tổng bán >> Lũy kế từ đầu năm;Data Explorer;Chỉ tiêu cơ sở;TB;Ngày, CTCK;SCMS;;X;;;;;;;;;;
60;Hoạt động phái sinh >> Báo cáo về giao dịch phái sinh;Nhà đầu tư nước ngoài >> Tổng mua và bán >> Trong kỳ;Nhà đầu tư nước ngoài >> Tổng mua và bán >> Trong kỳ;Data Explorer;Chỉ tiêu cơ sở;TB;Ngày, CTCK;SCMS;;X;;;;;;;;;;
60;Hoạt động phái sinh >> Báo cáo về giao dịch phái sinh;Nhà đầu tư nước ngoài >> Tổng mua và bán >> Lũy kế từ đầu năm;Nhà đầu tư nước ngoài >> Tổng mua và bán >> Lũy kế từ đầu năm;Data Explorer;Chỉ tiêu cơ sở;TB;Ngày, CTCK;SCMS;;X;;;;;;;;;;
60;Hoạt động phái sinh >> Báo cáo về giao dịch phái sinh;Tự doanh >> Tổng mua >> Trong kỳ;Tự doanh >> Tổng mua >> Trong kỳ;Data Explorer;Chỉ tiêu cơ sở;TB;Ngày, CTCK;SCMS;;X;;;;;;;;;;
60;Hoạt động phái sinh >> Báo cáo về giao dịch phái sinh;Tự doanh >> Tổng mua >> Lũy kế từ đầu năm;Tự doanh >> Tổng mua >> Lũy kế từ đầu năm;Data Explorer;Chỉ tiêu cơ sở;TB;Ngày, CTCK;SCMS;;X;;;;;;;;;;
60;Hoạt động phái sinh >> Báo cáo về giao dịch phái sinh;Tự doanh >> Tổng bán >> Trong kỳ;Tự doanh >> Tổng bán >> Trong kỳ;Data Explorer;Chỉ tiêu cơ sở;TB;Ngày, CTCK;SCMS;;X;;;;;;;;;;
60;Hoạt động phái sinh >> Báo cáo về giao dịch phái sinh;Tự doanh >> Tổng bán >> Lũy kế từ đầu năm;Tự doanh >> Tổng bán >> Lũy kế từ đầu năm;Data Explorer;Chỉ tiêu cơ sở;TB;Ngày, CTCK;SCMS;;X;;;;;;;;;;
60;Hoạt động phái sinh >> Báo cáo về giao dịch phái sinh;Tự doanh >> Tổng mua và bán >> Trong kỳ;Tự doanh >> Tổng mua và bán >> Trong kỳ;Data Explorer;Chỉ tiêu cơ sở;TB;Ngày, CTCK;SCMS;;X;;;;;;;;;;
60;Hoạt động phái sinh >> Báo cáo về giao dịch phái sinh;Tự doanh >> Tổng mua và bán >> Lũy kế từ đầu năm;Tự doanh >> Tổng mua và bán >> Lũy kế từ đầu năm;Data Explorer;Chỉ tiêu cơ sở;TB;Ngày, CTCK;SCMS;;X;;;;;;;;;;
61;Hoạt động phái sinh >> Báo cáo về hoạt động tư vấn phái sinh;Loại báo cáo;Loại báo cáo;Data Explorer;Chiều;Dễ;Ngày, CTCK;SCMS;X;X;;;;;;;;;;
61;Hoạt động phái sinh >> Báo cáo về hoạt động tư vấn phái sinh;Kỳ báo cáo;Kỳ báo cáo;Data Explorer;Chiều;Dễ;Ngày, CTCK;SCMS;X;X;;;;;;;;;;
61;Hoạt động phái sinh >> Báo cáo về hoạt động tư vấn phái sinh;Mã báo cáo;Mã báo cáo;Data Explorer;Chiều;Dễ;Ngày, CTCK;SCMS;X;X;;;;;;;;;;
61;Hoạt động phái sinh >> Báo cáo về hoạt động tư vấn phái sinh;Tên báo cáo;Tên báo cáo;Data Explorer;Chiều;Dễ;Ngày, CTCK;SCMS;X;X;;;;;;;;;;
61;Hoạt động phái sinh >> Báo cáo về hoạt động tư vấn phái sinh;Mã chỉ tiêu;Mã chỉ tiêu;Data Explorer;Chiều;Dễ;Ngày, CTCK;SCMS;X;X;;;;;;;;;;
61;Hoạt động phái sinh >> Báo cáo về hoạt động tư vấn phái sinh;Tên chỉ tiêu;Tên chỉ tiêu;Data Explorer;Chiều;Dễ;Ngày, CTCK;SCMS;X;X;;;;;;;;;;
61;Hoạt động phái sinh >> Báo cáo về hoạt động tư vấn phái sinh;Tên công ty chứng khoán;Tên công ty chứng khoán;Data Explorer;Chỉ tiêu cơ sở;Dễ;Ngày, CTCK;SCMS;;X;;;;;;;;;;
61;Hoạt động phái sinh >> Báo cáo về hoạt động tư vấn phái sinh;Sàn giao dịch;Sàn giao dịch;Data Explorer;Chỉ tiêu cơ sở;Dễ;Ngày, CTCK;SCMS;;X;;;;;;;;;;
61;Hoạt động phái sinh >> Báo cáo về hoạt động tư vấn phái sinh;Mã chứng khoán;Mã chứng khoán;Data Explorer;Chỉ tiêu cơ sở;Dễ;Ngày, CTCK;SCMS;;X;;;;;;;;;;
61;Hoạt động phái sinh >> Báo cáo về hoạt động tư vấn phái sinh;Số giấy phép thành lập;Số giấy phép thành lập;Data Explorer;Chỉ tiêu cơ sở;Dễ;Ngày, CTCK;SCMS;;X;;;;;;;;;;
61;Hoạt động phái sinh >> Báo cáo về hoạt động tư vấn phái sinh;Số hợp đồng đã ký đầu kỳ;Số hợp đồng đã ký đầu kỳ;Data Explorer;Chỉ tiêu cơ sở;Dễ;Ngày, CTCK;SCMS;;X;;;;;;;;;;
61;Hoạt động phái sinh >> Báo cáo về hoạt động tư vấn phái sinh;Số hợp đồng đã thanh lý trong kỳ;Số hợp đồng đã thanh lý trong kỳ;Data Explorer;Chỉ tiêu cơ sở;Dễ;Ngày, CTCK;SCMS;;X;;;;;;;;;;
61;Hoạt động phái sinh >> Báo cáo về hoạt động tư vấn phái sinh;Số hợp đồng ký mới trong kỳ;Số hợp đồng ký mới trong kỳ;Data Explorer;Chỉ tiêu cơ sở;Dễ;Ngày, CTCK;SCMS;;X;;;;;;;;;;
61;Hoạt động phái sinh >> Báo cáo về hoạt động tư vấn phái sinh;Số hợp đồng còn hiệu lực cuối kỳ;Số hợp đồng còn hiệu lực cuối kỳ;Data Explorer;Chỉ tiêu cơ sở;Dễ;Ngày, CTCK;SCMS;;X;;;;;;;;;;
61;Hoạt động phái sinh >> Báo cáo về hoạt động tư vấn phái sinh;Phí thu được trong kỳ;Phí thu được trong kỳ;Data Explorer;Chỉ tiêu cơ sở;Dễ;Ngày, CTCK;SCMS;;X;;;;;;;;;;
62;Báo cáo theo Thông tư 121/2020/TT-BTC >> Báo cáo tình hình hoạt động của công ty chứng khoán - I.1;Loại báo cáo;Loại báo cáo;Data Explorer;Chiều;Dễ;Ngày, CTCK;SCMS;X;X;;;;;;;;;;
62;Báo cáo theo Thông tư 121/2020/TT-BTC >> Báo cáo tình hình hoạt động của công ty chứng khoán - I.1;Kỳ báo cáo;Kỳ báo cáo;Data Explorer;Chiều;Dễ;Ngày, CTCK;SCMS;X;X;;;;;;;;;;
62;Báo cáo theo Thông tư 121/2020/TT-BTC >> Báo cáo tình hình hoạt động của công ty chứng khoán - I.1;Mã báo cáo;Mã báo cáo;Data Explorer;Chiều;Dễ;Ngày, CTCK;SCMS;X;X;;;;;;;;;;
62;Báo cáo theo Thông tư 121/2020/TT-BTC >> Báo cáo tình hình hoạt động của công ty chứng khoán - I.1;Tên báo cáo;Tên báo cáo;Data Explorer;Chiều;Dễ;Ngày, CTCK;SCMS;X;X;;;;;;;;;;
62;Báo cáo theo Thông tư 121/2020/TT-BTC >> Báo cáo tình hình hoạt động của công ty chứng khoán - I.1;Mã chỉ tiêu;Mã chỉ tiêu;Data Explorer;Chiều;Dễ;Ngày, CTCK;SCMS;X;X;;;;;;;;;;
62;Báo cáo theo Thông tư 121/2020/TT-BTC >> Báo cáo tình hình hoạt động của công ty chứng khoán - I.1;Tên chỉ tiêu;Tên chỉ tiêu;Data Explorer;Chiều;Dễ;Ngày, CTCK;SCMS;X;X;;;;;;;;;;
62;Báo cáo theo Thông tư 121/2020/TT-BTC >> Báo cáo tình hình hoạt động của công ty chứng khoán - I.1;Tên công ty chứng khoán;Tên công ty chứng khoán;Data Explorer;Chỉ tiêu cơ sở;Dễ;Ngày, CTCK;SCMS;;X;;;;;;;;;;
62;Báo cáo theo Thông tư 121/2020/TT-BTC >> Báo cáo tình hình hoạt động của công ty chứng khoán - I.1;Sàn giao dịch;Sàn giao dịch;Data Explorer;Chỉ tiêu cơ sở;Dễ;Ngày, CTCK;SCMS;;X;;;;;;;;;;
62;Báo cáo theo Thông tư 121/2020/TT-BTC >> Báo cáo tình hình hoạt động của công ty chứng khoán - I.1;Mã chứng khoán;Mã chứng khoán;Data Explorer;Chỉ tiêu cơ sở;Dễ;Ngày, CTCK;SCMS;;X;;;;;;;;;;
62;Báo cáo theo Thông tư 121/2020/TT-BTC >> Báo cáo tình hình hoạt động của công ty chứng khoán - I.1;Giấy phép Hoạt động >> Số;Giấy phép Hoạt động >> Số;Data Explorer;Chỉ tiêu cơ sở;Dễ;Ngày, CTCK;SCMS;;X;;;;;;;;;;
62;Báo cáo theo Thông tư 121/2020/TT-BTC >> Báo cáo tình hình hoạt động của công ty chứng khoán - I.1;Giấy phép Hoạt động >> Ngày cấp;Giấy phép Hoạt động >> Ngày cấp;Data Explorer;Chỉ tiêu cơ sở;Dễ;Ngày, CTCK;SCMS;;X;;;;;;;;;;
62;Báo cáo theo Thông tư 121/2020/TT-BTC >> Báo cáo tình hình hoạt động của công ty chứng khoán - I.1;Vốn điều lệ (triệu đồng);Vốn điều lệ (triệu đồng);Data Explorer;Chỉ tiêu cơ sở;Dễ;Ngày, CTCK;SCMS;;X;;;;;;;;;;
62;Báo cáo theo Thông tư 121/2020/TT-BTC >> Báo cáo tình hình hoạt động của công ty chứng khoán - I.1;"Loại hình doanh nghiệp
(CTĐC/CTCP/TNHH)";"Loại hình doanh nghiệp
(CTĐC/CTCP/TNHH)";Data Explorer;Chỉ tiêu cơ sở;Dễ;Ngày, CTCK;SCMS;;X;;;;;;;;;;
62;Báo cáo theo Thông tư 121/2020/TT-BTC >> Báo cáo tình hình hoạt động của công ty chứng khoán - I.1;Nghiệp vụ >> Môi giới chứng khoán;Nghiệp vụ >> Môi giới chứng khoán;Data Explorer;Chỉ tiêu cơ sở;TB;Ngày, CTCK;SCMS;;X;;;;;;;;;;
62;Báo cáo theo Thông tư 121/2020/TT-BTC >> Báo cáo tình hình hoạt động của công ty chứng khoán - I.1;Nghiệp vụ >> Tự doanh;Nghiệp vụ >> Tự doanh;Data Explorer;Chỉ tiêu cơ sở;TB;Ngày, CTCK;SCMS;;X;;;;;;;;;;
62;Báo cáo theo Thông tư 121/2020/TT-BTC >> Báo cáo tình hình hoạt động của công ty chứng khoán - I.1;Nghiệp vụ >> Tư vấn đầu tư;Nghiệp vụ >> Tư vấn đầu tư;Data Explorer;Chỉ tiêu cơ sở;TB;Ngày, CTCK;SCMS;;X;;;;;;;;;;
62;Báo cáo theo Thông tư 121/2020/TT-BTC >> Báo cáo tình hình hoạt động của công ty chứng khoán - I.1;Nghiệp vụ >> Bảo lãnh phát hành;Nghiệp vụ >> Bảo lãnh phát hành;Data Explorer;Chỉ tiêu cơ sở;TB;Ngày, CTCK;SCMS;;X;;;;;;;;;;
62;Báo cáo theo Thông tư 121/2020/TT-BTC >> Báo cáo tình hình hoạt động của công ty chứng khoán - I.1;Dịch vụ lưu ký;Dịch vụ lưu ký;Data Explorer;Chỉ tiêu cơ sở;TB;Ngày, CTCK;SCMS;;X;;;;;;;;;;
62;Báo cáo theo Thông tư 121/2020/TT-BTC >> Báo cáo tình hình hoạt động của công ty chứng khoán - I.1;Hoạt động phái sinh;Hoạt động phái sinh;Data Explorer;Chỉ tiêu cơ sở;TB;Ngày, CTCK;SCMS;;X;;;;;;;;;;
62;Báo cáo theo Thông tư 121/2020/TT-BTC >> Báo cáo tình hình hoạt động của công ty chứng khoán - I.1;Tổng số người lao động tại công ty;Tổng số người lao động tại công ty;Data Explorer;Chỉ tiêu cơ sở;TB;Ngày, CTCK;SCMS;;X;;;;;;;;;;
62;Báo cáo theo Thông tư 121/2020/TT-BTC >> Báo cáo tình hình hoạt động của công ty chứng khoán - I.1;Tổng số người có chứng chỉ hành nghề;Tổng số người có chứng chỉ hành nghề;Data Explorer;Chỉ tiêu cơ sở;TB;Ngày, CTCK;SCMS, NHNCK;;X;;;;;;;;;;
62;Báo cáo theo Thông tư 121/2020/TT-BTC >> Báo cáo tình hình hoạt động của công ty chứng khoán - I.1;Vi phạm quy định về số lượng người hành nghề;Vi phạm quy định về số lượng người hành nghề;Data Explorer;Chỉ tiêu cơ sở;TB;Ngày, CTCK;SCMS, NHNCK;;X;;;;;;;;;;
62;Báo cáo theo Thông tư 121/2020/TT-BTC >> Báo cáo tình hình hoạt động của công ty chứng khoán - I.1;Vi phạm chế độ công bố thông tin;Vi phạm chế độ công bố thông tin;Data Explorer;Chỉ tiêu cơ sở;TB;Ngày, CTCK;SCMS;;X;;;;;;;;;;
62;Báo cáo theo Thông tư 121/2020/TT-BTC >> Báo cáo tình hình hoạt động của công ty chứng khoán - I.1;Hạn chế đầu tư;Hạn chế đầu tư;Data Explorer;Chỉ tiêu cơ sở;TB;Ngày, CTCK;SCMS;;X;;;;;;;;;;
62;Báo cáo theo Thông tư 121/2020/TT-BTC >> Báo cáo tình hình hoạt động của công ty chứng khoán - I.1;Tình trạng hoạt động >> Tỷ lệ an toàn tài chính;Tình trạng hoạt động >> Tỷ lệ an toàn tài chính;Data Explorer;Chỉ tiêu cơ sở;TB;Ngày, CTCK;SCMS;;X;;;;;;;;;;
62;Báo cáo theo Thông tư 121/2020/TT-BTC >> Báo cáo tình hình hoạt động của công ty chứng khoán - I.1;Tình trạng hoạt động >> Nghiệp vụ bị đình chỉ;Tình trạng hoạt động >> Nghiệp vụ bị đình chỉ;Data Explorer;Chỉ tiêu cơ sở;TB;Ngày, CTCK;SCMS;;X;;;;;;;;;;
62;Báo cáo theo Thông tư 121/2020/TT-BTC >> Báo cáo tình hình hoạt động của công ty chứng khoán - I.1;Tình trạng hoạt động >> Tạm ngừng hoạt động công ty/chi  nhánh/phòng giao dịch;Tình trạng hoạt động >> Tạm ngừng hoạt động công ty/chi  nhánh/phòng giao dịch;Data Explorer;Chỉ tiêu cơ sở;TB;Ngày, CTCK;SCMS;;X;;;;;;;;;;
62;Báo cáo theo Thông tư 121/2020/TT-BTC >> Báo cáo tình hình hoạt động của công ty chứng khoán - I.1;Tình trạng hoạt động >> Chấm dứt hoạt động kinh doanh;Tình trạng hoạt động >> Chấm dứt hoạt động kinh doanh;Data Explorer;Chỉ tiêu cơ sở;TB;Ngày, CTCK;SCMS;;X;;;;;;;;;;
63;Báo cáo theo Thông tư 121/2020/TT-BTC >> Báo cáo tình hình hoạt động của công ty chứng khoán - I.2;Loại báo cáo;Loại báo cáo;Data Explorer;Chiều;Dễ;Ngày, CTCK;SCMS;X;X;;;;;;;;;;
63;Báo cáo theo Thông tư 121/2020/TT-BTC >> Báo cáo tình hình hoạt động của công ty chứng khoán - I.2;Kỳ báo cáo;Kỳ báo cáo;Data Explorer;Chiều;Dễ;Ngày, CTCK;SCMS;X;X;;;;;;;;;;
63;Báo cáo theo Thông tư 121/2020/TT-BTC >> Báo cáo tình hình hoạt động của công ty chứng khoán - I.2;Mã báo cáo;Mã báo cáo;Data Explorer;Chiều;Dễ;Ngày, CTCK;SCMS;X;X;;;;;;;;;;
63;Báo cáo theo Thông tư 121/2020/TT-BTC >> Báo cáo tình hình hoạt động của công ty chứng khoán - I.2;Tên báo cáo;Tên báo cáo;Data Explorer;Chiều;Dễ;Ngày, CTCK;SCMS;X;X;;;;;;;;;;
63;Báo cáo theo Thông tư 121/2020/TT-BTC >> Báo cáo tình hình hoạt động của công ty chứng khoán - I.2;Mã chỉ tiêu;Mã chỉ tiêu;Data Explorer;Chiều;Dễ;Ngày, CTCK;SCMS;X;X;;;;;;;;;;
63;Báo cáo theo Thông tư 121/2020/TT-BTC >> Báo cáo tình hình hoạt động của công ty chứng khoán - I.2;Tên chỉ tiêu;Tên chỉ tiêu;Data Explorer;Chiều;Dễ;Ngày, CTCK;SCMS;X;X;;;;;;;;;;
63;Báo cáo theo Thông tư 121/2020/TT-BTC >> Báo cáo tình hình hoạt động của công ty chứng khoán - I.2;Tên công ty chứng khoán;Tên công ty chứng khoán;Data Explorer;Chỉ tiêu cơ sở;Trùng;Ngày, CTCK;SCMS;;X;;;;;;;;;;
63;Báo cáo theo Thông tư 121/2020/TT-BTC >> Báo cáo tình hình hoạt động của công ty chứng khoán - I.2;Sàn giao dịch;Sàn giao dịch;Data Explorer;Chỉ tiêu cơ sở;Trùng;Ngày, CTCK;SCMS;;X;;;;;;;;;;
63;Báo cáo theo Thông tư 121/2020/TT-BTC >> Báo cáo tình hình hoạt động của công ty chứng khoán - I.2;Mã chứng khoán;Mã chứng khoán;Data Explorer;Chỉ tiêu cơ sở;Trùng;Ngày, CTCK;SCMS;;X;;;;;;;;;;
63;Báo cáo theo Thông tư 121/2020/TT-BTC >> Báo cáo tình hình hoạt động của công ty chứng khoán - I.2;Giấy phép Hoạt động >> Số;Giấy phép Hoạt động >> Số;Data Explorer;Chỉ tiêu cơ sở;Trùng;Ngày, CTCK;SCMS;;X;;;;;;;;;;
63;Báo cáo theo Thông tư 121/2020/TT-BTC >> Báo cáo tình hình hoạt động của công ty chứng khoán - I.2;Giấy phép Hoạt động >> Ngày cấp;Giấy phép Hoạt động >> Ngày cấp;Data Explorer;Chỉ tiêu cơ sở;Trùng;Ngày, CTCK;SCMS;;X;;;;;;;;;;
63;Báo cáo theo Thông tư 121/2020/TT-BTC >> Báo cáo tình hình hoạt động của công ty chứng khoán - I.2;Vốn điều lệ (triệu đồng);Vốn điều lệ (triệu đồng);Data Explorer;Chỉ tiêu cơ sở;Trùng;Ngày, CTCK;SCMS;;X;;;;;;;;;;
63;Báo cáo theo Thông tư 121/2020/TT-BTC >> Báo cáo tình hình hoạt động của công ty chứng khoán - I.2;Tổng doanh thu;Tổng doanh thu;Data Explorer;Chỉ tiêu cơ sở;TB;Ngày, CTCK;SCMS;;X;;;;;;;;;;
63;Báo cáo theo Thông tư 121/2020/TT-BTC >> Báo cáo tình hình hoạt động của công ty chứng khoán - I.2;Lợi nhuận sau thuế;Lợi nhuận sau thuế;Data Explorer;Chỉ tiêu cơ sở;TB;Ngày, CTCK;SCMS;;X;;;;;;;;;;
63;Báo cáo theo Thông tư 121/2020/TT-BTC >> Báo cáo tình hình hoạt động của công ty chứng khoán - I.2;Doanh thu môi giới;Doanh thu môi giới;Data Explorer;Chỉ tiêu cơ sở;TB;Ngày, CTCK;SCMS;;X;;;;;;;;;;
63;Báo cáo theo Thông tư 121/2020/TT-BTC >> Báo cáo tình hình hoạt động của công ty chứng khoán - I.2;Tỷ trọng doanh thu môi giới so với tổng doanh thu;Tỷ trọng doanh thu môi giới so với tổng doanh thu;Data Explorer;Chỉ tiêu cơ sở;TB;Ngày, CTCK;SCMS;;X;;;;;;;;;;
63;Báo cáo theo Thông tư 121/2020/TT-BTC >> Báo cáo tình hình hoạt động của công ty chứng khoán - I.2;Doanh thu tự doanh;Doanh thu tự doanh;Data Explorer;Chỉ tiêu cơ sở;TB;Ngày, CTCK;SCMS;;X;;;;;;;;;;
63;Báo cáo theo Thông tư 121/2020/TT-BTC >> Báo cáo tình hình hoạt động của công ty chứng khoán - I.2;Tỷ trọng doanh thu tự doanh so với tổng doanh thu;Tỷ trọng doanh thu tự doanh so với tổng doanh thu;Data Explorer;Chỉ tiêu cơ sở;TB;Ngày, CTCK;SCMS;;X;;;;;;;;;;
63;Báo cáo theo Thông tư 121/2020/TT-BTC >> Báo cáo tình hình hoạt động của công ty chứng khoán - I.2;Doanh thu tư vấn đầu tư;Doanh thu tư vấn đầu tư;Data Explorer;Chỉ tiêu cơ sở;TB;Ngày, CTCK;SCMS;;X;;;;;;;;;;
63;Báo cáo theo Thông tư 121/2020/TT-BTC >> Báo cáo tình hình hoạt động của công ty chứng khoán - I.2;Tỷ trọng doanh thu tư vấn so với tổng doanh thu;Tỷ trọng doanh thu tư vấn so với tổng doanh thu;Data Explorer;Chỉ tiêu cơ sở;TB;Ngày, CTCK;SCMS;;X;;;;;;;;;;
63;Báo cáo theo Thông tư 121/2020/TT-BTC >> Báo cáo tình hình hoạt động của công ty chứng khoán - I.2;Doanh thu bảo lãnh phát hành;Doanh thu bảo lãnh phát hành;Data Explorer;Chỉ tiêu cơ sở;TB;Ngày, CTCK;SCMS;;X;;;;;;;;;;
63;Báo cáo theo Thông tư 121/2020/TT-BTC >> Báo cáo tình hình hoạt động của công ty chứng khoán - I.2;Tỷ trọng doanh thu bảo lãnh phát hành so với tổng doanh thu;Tỷ trọng doanh thu bảo lãnh phát hành so với tổng doanh thu;Data Explorer;Chỉ tiêu cơ sở;TB;Ngày, CTCK;SCMS;;X;;;;;;;;;;
63;Báo cáo theo Thông tư 121/2020/TT-BTC >> Báo cáo tình hình hoạt động của công ty chứng khoán - I.2;Doanh thu khác;Doanh thu khác;Data Explorer;Chỉ tiêu cơ sở;TB;Ngày, CTCK;SCMS;;X;;;;;;;;;;
63;Báo cáo theo Thông tư 121/2020/TT-BTC >> Báo cáo tình hình hoạt động của công ty chứng khoán - I.2;Tỷ trọng doanh thu khác so với tổng doanh thu;Tỷ trọng doanh thu khác so với tổng doanh thu;Data Explorer;Chỉ tiêu cơ sở;TB;Ngày, CTCK;SCMS;;X;;;;;;;;;;
64;Báo cáo theo Thông tư 121/2020/TT-BTC >> Báo cáo tình hình nhân sự Công ty chứng khoán (Trụ sở chính, chi nhánh, phòng giao dịch) - II.1. Trụ sở;Loại báo cáo;Loại báo cáo;Data Explorer;Chiều;Dễ;Ngày, CTCK;SCMS;X;X;;;;;;;;;;
64;Báo cáo theo Thông tư 121/2020/TT-BTC >> Báo cáo tình hình nhân sự Công ty chứng khoán (Trụ sở chính, chi nhánh, phòng giao dịch) - II.1. Trụ sở;Kỳ báo cáo;Kỳ báo cáo;Data Explorer;Chiều;Dễ;Ngày, CTCK;SCMS;X;X;;;;;;;;;;
64;Báo cáo theo Thông tư 121/2020/TT-BTC >> Báo cáo tình hình nhân sự Công ty chứng khoán (Trụ sở chính, chi nhánh, phòng giao dịch) - II.1. Trụ sở;Mã báo cáo;Mã báo cáo;Data Explorer;Chiều;Dễ;Ngày, CTCK;SCMS;X;X;;;;;;;;;;
64;Báo cáo theo Thông tư 121/2020/TT-BTC >> Báo cáo tình hình nhân sự Công ty chứng khoán (Trụ sở chính, chi nhánh, phòng giao dịch) - II.1. Trụ sở;Tên báo cáo;Tên báo cáo;Data Explorer;Chiều;Dễ;Ngày, CTCK;SCMS;X;X;;;;;;;;;;
64;Báo cáo theo Thông tư 121/2020/TT-BTC >> Báo cáo tình hình nhân sự Công ty chứng khoán (Trụ sở chính, chi nhánh, phòng giao dịch) - II.1. Trụ sở;Mã chỉ tiêu;Mã chỉ tiêu;Data Explorer;Chiều;Dễ;Ngày, CTCK;SCMS;X;X;;;;;;;;;;
64;Báo cáo theo Thông tư 121/2020/TT-BTC >> Báo cáo tình hình nhân sự Công ty chứng khoán (Trụ sở chính, chi nhánh, phòng giao dịch) - II.1. Trụ sở;Tên chỉ tiêu;Tên chỉ tiêu;Data Explorer;Chiều;Dễ;Ngày, CTCK;SCMS;X;X;;;;;;;;;;
64;Báo cáo theo Thông tư 121/2020/TT-BTC >> Báo cáo tình hình nhân sự Công ty chứng khoán (Trụ sở chính, chi nhánh, phòng giao dịch) - II.1. Trụ sở;Tên CTCK;Tên CTCK;Data Explorer;Chỉ tiêu cơ sở;Dễ;Ngày, CTCK;SCMS;;X;;;;;;;;;;
64;Báo cáo theo Thông tư 121/2020/TT-BTC >> Báo cáo tình hình nhân sự Công ty chứng khoán (Trụ sở chính, chi nhánh, phòng giao dịch) - II.1. Trụ sở;Sàn giao dịch;Sàn giao dịch;Data Explorer;Chỉ tiêu cơ sở;Dễ;Ngày, CTCK;SCMS;;X;;;;;;;;;;
64;Báo cáo theo Thông tư 121/2020/TT-BTC >> Báo cáo tình hình nhân sự Công ty chứng khoán (Trụ sở chính, chi nhánh, phòng giao dịch) - II.1. Trụ sở;Mã CK;Mã CK;Data Explorer;Chỉ tiêu cơ sở;Dễ;Ngày, CTCK;SCMS;;X;;;;;;;;;;
64;Báo cáo theo Thông tư 121/2020/TT-BTC >> Báo cáo tình hình nhân sự Công ty chứng khoán (Trụ sở chính, chi nhánh, phòng giao dịch) - II.1. Trụ sở;Giấy phép Hoạt động >> Số;Giấy phép Hoạt động >> Số;Data Explorer;Chỉ tiêu cơ sở;Dễ;Ngày, CTCK;SCMS;;X;;;;;;;;;;
64;Báo cáo theo Thông tư 121/2020/TT-BTC >> Báo cáo tình hình nhân sự Công ty chứng khoán (Trụ sở chính, chi nhánh, phòng giao dịch) - II.1. Trụ sở;Giấy phép Hoạt động >> Ngày cấp;Giấy phép Hoạt động >> Ngày cấp;Data Explorer;Chỉ tiêu cơ sở;Dễ;Ngày, CTCK;SCMS;;X;;;;;;;;;;
64;Báo cáo theo Thông tư 121/2020/TT-BTC >> Báo cáo tình hình nhân sự Công ty chứng khoán (Trụ sở chính, chi nhánh, phòng giao dịch) - II.1. Trụ sở;Mã số Doanh nghiệp;Mã số Doanh nghiệp;Data Explorer;Chỉ tiêu cơ sở;Dễ;Ngày, CTCK;SCMS;;X;;;;;;;;;;
64;Báo cáo theo Thông tư 121/2020/TT-BTC >> Báo cáo tình hình nhân sự Công ty chứng khoán (Trụ sở chính, chi nhánh, phòng giao dịch) - II.1. Trụ sở;Người đại diện pháp luật (đăng ký làm việc với UBCKNN);Người đại diện pháp luật (đăng ký làm việc với UBCKNN);Data Explorer;Chỉ tiêu cơ sở;Dễ;Ngày, CTCK;SCMS;;X;;;;;;;;;;
64;Báo cáo theo Thông tư 121/2020/TT-BTC >> Báo cáo tình hình nhân sự Công ty chứng khoán (Trụ sở chính, chi nhánh, phòng giao dịch) - II.1. Trụ sở;Chức vụ của Người đại diện pháp luật;Chức vụ của Người đại diện pháp luật;Data Explorer;Chỉ tiêu cơ sở;Dễ;Ngày, CTCK;SCMS;;X;;;;;;;;;;
64;Báo cáo theo Thông tư 121/2020/TT-BTC >> Báo cáo tình hình nhân sự Công ty chứng khoán (Trụ sở chính, chi nhánh, phòng giao dịch) - II.1. Trụ sở;Trụ sở chính >> Ban Giám đốc >> Số người lao động >> Trong kỳ;Trụ sở chính >> Ban Giám đốc >> Số người lao động >> Trong kỳ;Data Explorer;Chỉ tiêu cơ sở;TB;Ngày, CTCK;SCMS;;X;;;;;;;;;;
64;Báo cáo theo Thông tư 121/2020/TT-BTC >> Báo cáo tình hình nhân sự Công ty chứng khoán (Trụ sở chính, chi nhánh, phòng giao dịch) - II.1. Trụ sở;Trụ sở chính >> Ban Giám đốc >> Số người lao động >> Tăng/Giảm;Trụ sở chính >> Ban Giám đốc >> Số người lao động >> Tăng/Giảm;Data Explorer;Chỉ tiêu cơ sở;TB;Ngày, CTCK;SCMS;;X;;;;;;;;;;
64;Báo cáo theo Thông tư 121/2020/TT-BTC >> Báo cáo tình hình nhân sự Công ty chứng khoán (Trụ sở chính, chi nhánh, phòng giao dịch) - II.1. Trụ sở;Trụ sở chính >> Ban Giám đốc >> Số người có CCHN >> Trong kỳ;Trụ sở chính >> Ban Giám đốc >> Số người có CCHN >> Trong kỳ;Data Explorer;Chỉ tiêu cơ sở;TB;Ngày, CTCK;SCMS;;X;;;;;;;;;;
64;Báo cáo theo Thông tư 121/2020/TT-BTC >> Báo cáo tình hình nhân sự Công ty chứng khoán (Trụ sở chính, chi nhánh, phòng giao dịch) - II.1. Trụ sở;Trụ sở chính >> Ban Giám đốc >> Số người có CCHN >> Tăng/Giảm;Trụ sở chính >> Ban Giám đốc >> Số người có CCHN >> Tăng/Giảm;Data Explorer;Chỉ tiêu cơ sở;TB;Ngày, CTCK;SCMS;;X;;;;;;;;;;
64;Báo cáo theo Thông tư 121/2020/TT-BTC >> Báo cáo tình hình nhân sự Công ty chứng khoán (Trụ sở chính, chi nhánh, phòng giao dịch) - II.1. Trụ sở;Trụ sở chính >> Bộ phận môi giới >> Số người lao động >> Trong kỳ;Trụ sở chính >> Bộ phận môi giới >> Số người lao động >> Trong kỳ;Data Explorer;Chỉ tiêu cơ sở;TB;Ngày, CTCK;SCMS;;X;;;;;;;;;;
64;Báo cáo theo Thông tư 121/2020/TT-BTC >> Báo cáo tình hình nhân sự Công ty chứng khoán (Trụ sở chính, chi nhánh, phòng giao dịch) - II.1. Trụ sở;Trụ sở chính >> Bộ phận môi giới >> Số người lao động >> Tăng/Giảm;Trụ sở chính >> Bộ phận môi giới >> Số người lao động >> Tăng/Giảm;Data Explorer;Chỉ tiêu cơ sở;TB;Ngày, CTCK;SCMS;;X;;;;;;;;;;
64;Báo cáo theo Thông tư 121/2020/TT-BTC >> Báo cáo tình hình nhân sự Công ty chứng khoán (Trụ sở chính, chi nhánh, phòng giao dịch) - II.1. Trụ sở;Trụ sở chính >> Bộ phận môi giới >> Số người có CCHN >> Trong kỳ;Trụ sở chính >> Bộ phận môi giới >> Số người có CCHN >> Trong kỳ;Data Explorer;Chỉ tiêu cơ sở;TB;Ngày, CTCK;SCMS;;X;;;;;;;;;;
64;Báo cáo theo Thông tư 121/2020/TT-BTC >> Báo cáo tình hình nhân sự Công ty chứng khoán (Trụ sở chính, chi nhánh, phòng giao dịch) - II.1. Trụ sở;Trụ sở chính >> Bộ phận môi giới >> Số người có CCHN >> Tăng/Giảm;Trụ sở chính >> Bộ phận môi giới >> Số người có CCHN >> Tăng/Giảm;Data Explorer;Chỉ tiêu cơ sở;TB;Ngày, CTCK;SCMS;;X;;;;;;;;;;
64;Báo cáo theo Thông tư 121/2020/TT-BTC >> Báo cáo tình hình nhân sự Công ty chứng khoán (Trụ sở chính, chi nhánh, phòng giao dịch) - II.1. Trụ sở;Trụ sở chính >> Bộ phận tự doanh >> Số người lao động >> Trong kỳ;Trụ sở chính >> Bộ phận tự doanh >> Số người lao động >> Trong kỳ;Data Explorer;Chỉ tiêu cơ sở;TB;Ngày, CTCK;SCMS;;X;;;;;;;;;;
64;Báo cáo theo Thông tư 121/2020/TT-BTC >> Báo cáo tình hình nhân sự Công ty chứng khoán (Trụ sở chính, chi nhánh, phòng giao dịch) - II.1. Trụ sở;Trụ sở chính >> Bộ phận tự doanh >> Số người lao động >> Tăng/Giảm;Trụ sở chính >> Bộ phận tự doanh >> Số người lao động >> Tăng/Giảm;Data Explorer;Chỉ tiêu cơ sở;TB;Ngày, CTCK;SCMS;;X;;;;;;;;;;
64;Báo cáo theo Thông tư 121/2020/TT-BTC >> Báo cáo tình hình nhân sự Công ty chứng khoán (Trụ sở chính, chi nhánh, phòng giao dịch) - II.1. Trụ sở;Trụ sở chính >> Bộ phận tự doanh >> Số người có CCHN >> Trong kỳ;Trụ sở chính >> Bộ phận tự doanh >> Số người có CCHN >> Trong kỳ;Data Explorer;Chỉ tiêu cơ sở;TB;Ngày, CTCK;SCMS;;X;;;;;;;;;;
64;Báo cáo theo Thông tư 121/2020/TT-BTC >> Báo cáo tình hình nhân sự Công ty chứng khoán (Trụ sở chính, chi nhánh, phòng giao dịch) - II.1. Trụ sở;Trụ sở chính >> Bộ phận tự doanh >> Số người có CCHN >> Tăng/Giảm;Trụ sở chính >> Bộ phận tự doanh >> Số người có CCHN >> Tăng/Giảm;Data Explorer;Chỉ tiêu cơ sở;TB;Ngày, CTCK;SCMS;;X;;;;;;;;;;
64;Báo cáo theo Thông tư 121/2020/TT-BTC >> Báo cáo tình hình nhân sự Công ty chứng khoán (Trụ sở chính, chi nhánh, phòng giao dịch) - II.1. Trụ sở;Trụ sở chính >> Bộ phận bảo lãnh phát hành >> Số người lao động >> Trong kỳ;Trụ sở chính >> Bộ phận bảo lãnh phát hành >> Số người lao động >> Trong kỳ;Data Explorer;Chỉ tiêu cơ sở;TB;Ngày, CTCK;SCMS;;X;;;;;;;;;;
64;Báo cáo theo Thông tư 121/2020/TT-BTC >> Báo cáo tình hình nhân sự Công ty chứng khoán (Trụ sở chính, chi nhánh, phòng giao dịch) - II.1. Trụ sở;Trụ sở chính >> Bộ phận bảo lãnh phát hành >> Số người lao động >> Tăng/Giảm;Trụ sở chính >> Bộ phận bảo lãnh phát hành >> Số người lao động >> Tăng/Giảm;Data Explorer;Chỉ tiêu cơ sở;TB;Ngày, CTCK;SCMS;;X;;;;;;;;;;
64;Báo cáo theo Thông tư 121/2020/TT-BTC >> Báo cáo tình hình nhân sự Công ty chứng khoán (Trụ sở chính, chi nhánh, phòng giao dịch) - II.1. Trụ sở;Trụ sở chính >> Bộ phận bảo lãnh phát hành >> Số người có CCHN >> Trong kỳ;Trụ sở chính >> Bộ phận bảo lãnh phát hành >> Số người có CCHN >> Trong kỳ;Data Explorer;Chỉ tiêu cơ sở;TB;Ngày, CTCK;SCMS;;X;;;;;;;;;;
64;Báo cáo theo Thông tư 121/2020/TT-BTC >> Báo cáo tình hình nhân sự Công ty chứng khoán (Trụ sở chính, chi nhánh, phòng giao dịch) - II.1. Trụ sở;Trụ sở chính >> Bộ phận bảo lãnh phát hành >> Số người có CCHN >> Tăng/Giảm;Trụ sở chính >> Bộ phận bảo lãnh phát hành >> Số người có CCHN >> Tăng/Giảm;Data Explorer;Chỉ tiêu cơ sở;TB;Ngày, CTCK;SCMS;;X;;;;;;;;;;
64;Báo cáo theo Thông tư 121/2020/TT-BTC >> Báo cáo tình hình nhân sự Công ty chứng khoán (Trụ sở chính, chi nhánh, phòng giao dịch) - II.1. Trụ sở;Trụ sở chính >> Bộ phận tư vấn đầu tư >> Số người lao động >> Trong kỳ;Trụ sở chính >> Bộ phận tư vấn đầu tư >> Số người lao động >> Trong kỳ;Data Explorer;Chỉ tiêu cơ sở;TB;Ngày, CTCK;SCMS;;X;;;;;;;;;;
64;Báo cáo theo Thông tư 121/2020/TT-BTC >> Báo cáo tình hình nhân sự Công ty chứng khoán (Trụ sở chính, chi nhánh, phòng giao dịch) - II.1. Trụ sở;Trụ sở chính >> Bộ phận tư vấn đầu tư >> Số người lao động >> Tăng/Giảm;Trụ sở chính >> Bộ phận tư vấn đầu tư >> Số người lao động >> Tăng/Giảm;Data Explorer;Chỉ tiêu cơ sở;TB;Ngày, CTCK;SCMS;;X;;;;;;;;;;
64;Báo cáo theo Thông tư 121/2020/TT-BTC >> Báo cáo tình hình nhân sự Công ty chứng khoán (Trụ sở chính, chi nhánh, phòng giao dịch) - II.1. Trụ sở;Trụ sở chính >> Bộ phận tư vấn đầu tư >> Số người có CCHN >> Trong kỳ;Trụ sở chính >> Bộ phận tư vấn đầu tư >> Số người có CCHN >> Trong kỳ;Data Explorer;Chỉ tiêu cơ sở;TB;Ngày, CTCK;SCMS;;X;;;;;;;;;;
64;Báo cáo theo Thông tư 121/2020/TT-BTC >> Báo cáo tình hình nhân sự Công ty chứng khoán (Trụ sở chính, chi nhánh, phòng giao dịch) - II.1. Trụ sở;Trụ sở chính >> Bộ phận tư vấn đầu tư >> Số người có CCHN >> Tăng/Giảm;Trụ sở chính >> Bộ phận tư vấn đầu tư >> Số người có CCHN >> Tăng/Giảm;Data Explorer;Chỉ tiêu cơ sở;TB;Ngày, CTCK;SCMS;;X;;;;;;;;;;
64;Báo cáo theo Thông tư 121/2020/TT-BTC >> Báo cáo tình hình nhân sự Công ty chứng khoán (Trụ sở chính, chi nhánh, phòng giao dịch) - II.1. Trụ sở;Trụ sở chính >> TỔNG >> Số người lao động >> Trong kỳ;Trụ sở chính >> TỔNG >> Số người lao động >> Trong kỳ;Data Explorer;Chỉ tiêu cơ sở;TB;Ngày, CTCK;SCMS;;X;;;;;;;;;;
64;Báo cáo theo Thông tư 121/2020/TT-BTC >> Báo cáo tình hình nhân sự Công ty chứng khoán (Trụ sở chính, chi nhánh, phòng giao dịch) - II.1. Trụ sở;Trụ sở chính >> TỔNG >> Số người lao động >> Tăng/Giảm;Trụ sở chính >> TỔNG >> Số người lao động >> Tăng/Giảm;Data Explorer;Chỉ tiêu cơ sở;TB;Ngày, CTCK;SCMS;;X;;;;;;;;;;
64;Báo cáo theo Thông tư 121/2020/TT-BTC >> Báo cáo tình hình nhân sự Công ty chứng khoán (Trụ sở chính, chi nhánh, phòng giao dịch) - II.1. Trụ sở;Trụ sở chính >> TỔNG >> Số người có CCHN >> Trong kỳ;Trụ sở chính >> TỔNG >> Số người có CCHN >> Trong kỳ;Data Explorer;Chỉ tiêu cơ sở;TB;Ngày, CTCK;SCMS;;X;;;;;;;;;;
64;Báo cáo theo Thông tư 121/2020/TT-BTC >> Báo cáo tình hình nhân sự Công ty chứng khoán (Trụ sở chính, chi nhánh, phòng giao dịch) - II.1. Trụ sở;Trụ sở chính >> TỔNG >> Số người có CCHN >> Tăng/Giảm;Trụ sở chính >> TỔNG >> Số người có CCHN >> Tăng/Giảm;Data Explorer;Chỉ tiêu cơ sở;TB;Ngày, CTCK;SCMS;;X;;;;;;;;;;
64;Báo cáo theo Thông tư 121/2020/TT-BTC >> Báo cáo tình hình nhân sự Công ty chứng khoán (Trụ sở chính, chi nhánh, phòng giao dịch) - II.1. Trụ sở;Số lượng chi nhánh ;Số lượng chi nhánh ;Data Explorer;Chỉ tiêu cơ sở;TB;Ngày, CTCK;SCMS;;X;;;;;;;;;;
64;Báo cáo theo Thông tư 121/2020/TT-BTC >> Báo cáo tình hình nhân sự Công ty chứng khoán (Trụ sở chính, chi nhánh, phòng giao dịch) - II.1. Trụ sở;Chi nhánh CTCK >> Giám đốc chi nhánh >> Số người lao động >> Trong kỳ;Chi nhánh CTCK >> Giám đốc chi nhánh >> Số người lao động >> Trong kỳ;Data Explorer;Chỉ tiêu cơ sở;TB;Ngày, CTCK;SCMS;;X;;;;;;;;;;
64;Báo cáo theo Thông tư 121/2020/TT-BTC >> Báo cáo tình hình nhân sự Công ty chứng khoán (Trụ sở chính, chi nhánh, phòng giao dịch) - II.1. Trụ sở;Chi nhánh CTCK >> Giám đốc chi nhánh >> Số người lao động >> Tăng/Giảm;Chi nhánh CTCK >> Giám đốc chi nhánh >> Số người lao động >> Tăng/Giảm;Data Explorer;Chỉ tiêu cơ sở;TB;Ngày, CTCK;SCMS;;X;;;;;;;;;;
64;Báo cáo theo Thông tư 121/2020/TT-BTC >> Báo cáo tình hình nhân sự Công ty chứng khoán (Trụ sở chính, chi nhánh, phòng giao dịch) - II.1. Trụ sở;Chi nhánh CTCK >> Giám đốc chi nhánh >> Số người có CCHN >> Trong kỳ;Chi nhánh CTCK >> Giám đốc chi nhánh >> Số người có CCHN >> Trong kỳ;Data Explorer;Chỉ tiêu cơ sở;TB;Ngày, CTCK;SCMS;;X;;;;;;;;;;
64;Báo cáo theo Thông tư 121/2020/TT-BTC >> Báo cáo tình hình nhân sự Công ty chứng khoán (Trụ sở chính, chi nhánh, phòng giao dịch) - II.1. Trụ sở;Chi nhánh CTCK >> Giám đốc chi nhánh >> Số người có CCHN >> Tăng/Giảm;Chi nhánh CTCK >> Giám đốc chi nhánh >> Số người có CCHN >> Tăng/Giảm;Data Explorer;Chỉ tiêu cơ sở;TB;Ngày, CTCK;SCMS;;X;;;;;;;;;;
64;Báo cáo theo Thông tư 121/2020/TT-BTC >> Báo cáo tình hình nhân sự Công ty chứng khoán (Trụ sở chính, chi nhánh, phòng giao dịch) - II.1. Trụ sở;Chi nhánh CTCK >> Bộ phận thực hiện theo uỷ quyền >> Số người lao động >> Trong kỳ;Chi nhánh CTCK >> Bộ phận thực hiện theo uỷ quyền >> Số người lao động >> Trong kỳ;Data Explorer;Chỉ tiêu cơ sở;TB;Ngày, CTCK;SCMS;;X;;;;;;;;;;
64;Báo cáo theo Thông tư 121/2020/TT-BTC >> Báo cáo tình hình nhân sự Công ty chứng khoán (Trụ sở chính, chi nhánh, phòng giao dịch) - II.1. Trụ sở;Chi nhánh CTCK >> Bộ phận thực hiện theo uỷ quyền >> Số người lao động >> Tăng/Giảm;Chi nhánh CTCK >> Bộ phận thực hiện theo uỷ quyền >> Số người lao động >> Tăng/Giảm;Data Explorer;Chỉ tiêu cơ sở;TB;Ngày, CTCK;SCMS;;X;;;;;;;;;;
64;Báo cáo theo Thông tư 121/2020/TT-BTC >> Báo cáo tình hình nhân sự Công ty chứng khoán (Trụ sở chính, chi nhánh, phòng giao dịch) - II.1. Trụ sở;Chi nhánh CTCK >> Bộ phận thực hiện theo uỷ quyền >> Số người có CCHN >> Trong kỳ;Chi nhánh CTCK >> Bộ phận thực hiện theo uỷ quyền >> Số người có CCHN >> Trong kỳ;Data Explorer;Chỉ tiêu cơ sở;TB;Ngày, CTCK;SCMS;;X;;;;;;;;;;
64;Báo cáo theo Thông tư 121/2020/TT-BTC >> Báo cáo tình hình nhân sự Công ty chứng khoán (Trụ sở chính, chi nhánh, phòng giao dịch) - II.1. Trụ sở;Chi nhánh CTCK >> Bộ phận thực hiện theo uỷ quyền >> Số người có CCHN >> Tăng/Giảm;Chi nhánh CTCK >> Bộ phận thực hiện theo uỷ quyền >> Số người có CCHN >> Tăng/Giảm;Data Explorer;Chỉ tiêu cơ sở;TB;Ngày, CTCK;SCMS;;X;;;;;;;;;;
64;Báo cáo theo Thông tư 121/2020/TT-BTC >> Báo cáo tình hình nhân sự Công ty chứng khoán (Trụ sở chính, chi nhánh, phòng giao dịch) - II.1. Trụ sở;Chi nhánh CTCK >> TỔNG SỐ >> Số người lao động >> Trong kỳ;Chi nhánh CTCK >> TỔNG SỐ >> Số người lao động >> Trong kỳ;Data Explorer;Chỉ tiêu cơ sở;TB;Ngày, CTCK;SCMS;;X;;;;;;;;;;
64;Báo cáo theo Thông tư 121/2020/TT-BTC >> Báo cáo tình hình nhân sự Công ty chứng khoán (Trụ sở chính, chi nhánh, phòng giao dịch) - II.1. Trụ sở;Chi nhánh CTCK >> TỔNG SỐ >> Số người lao động >> Tăng/Giảm;Chi nhánh CTCK >> TỔNG SỐ >> Số người lao động >> Tăng/Giảm;Data Explorer;Chỉ tiêu cơ sở;TB;Ngày, CTCK;SCMS;;X;;;;;;;;;;
64;Báo cáo theo Thông tư 121/2020/TT-BTC >> Báo cáo tình hình nhân sự Công ty chứng khoán (Trụ sở chính, chi nhánh, phòng giao dịch) - II.1. Trụ sở;Chi nhánh CTCK >> TỔNG SỐ >> Số người có CCHN >> Trong kỳ;Chi nhánh CTCK >> TỔNG SỐ >> Số người có CCHN >> Trong kỳ;Data Explorer;Chỉ tiêu cơ sở;TB;Ngày, CTCK;SCMS;;X;;;;;;;;;;
64;Báo cáo theo Thông tư 121/2020/TT-BTC >> Báo cáo tình hình nhân sự Công ty chứng khoán (Trụ sở chính, chi nhánh, phòng giao dịch) - II.1. Trụ sở;Chi nhánh CTCK >> TỔNG SỐ >> Số người có CCHN >> Tăng/Giảm;Chi nhánh CTCK >> TỔNG SỐ >> Số người có CCHN >> Tăng/Giảm;Data Explorer;Chỉ tiêu cơ sở;TB;Ngày, CTCK;SCMS;;X;;;;;;;;;;
64;Báo cáo theo Thông tư 121/2020/TT-BTC >> Báo cáo tình hình nhân sự Công ty chứng khoán (Trụ sở chính, chi nhánh, phòng giao dịch) - II.1. Trụ sở;Số lượng phòng giao dịch;Số lượng phòng giao dịch;Data Explorer;Chỉ tiêu cơ sở;TB;Ngày, CTCK;SCMS;;X;;;;;;;;;;
64;Báo cáo theo Thông tư 121/2020/TT-BTC >> Báo cáo tình hình nhân sự Công ty chứng khoán (Trụ sở chính, chi nhánh, phòng giao dịch) - II.1. Trụ sở;Phòng giao dịch >> Số người lao động >> Trong kỳ;Phòng giao dịch >> Số người lao động >> Trong kỳ;Data Explorer;Chỉ tiêu cơ sở;TB;Ngày, CTCK;SCMS;;X;;;;;;;;;;
64;Báo cáo theo Thông tư 121/2020/TT-BTC >> Báo cáo tình hình nhân sự Công ty chứng khoán (Trụ sở chính, chi nhánh, phòng giao dịch) - II.1. Trụ sở;Phòng giao dịch >> Số người lao động >> Tăng/Giảm;Phòng giao dịch >> Số người lao động >> Tăng/Giảm;Data Explorer;Chỉ tiêu cơ sở;TB;Ngày, CTCK;SCMS;;X;;;;;;;;;;
64;Báo cáo theo Thông tư 121/2020/TT-BTC >> Báo cáo tình hình nhân sự Công ty chứng khoán (Trụ sở chính, chi nhánh, phòng giao dịch) - II.1. Trụ sở;"Phòng giao dịch >> Số người có CCHN	>> Trong kỳ";"Phòng giao dịch >> Số người có CCHN	>> Trong kỳ";Data Explorer;Chỉ tiêu cơ sở;TB;Ngày, CTCK;SCMS;;X;;;;;;;;;;
64;Báo cáo theo Thông tư 121/2020/TT-BTC >> Báo cáo tình hình nhân sự Công ty chứng khoán (Trụ sở chính, chi nhánh, phòng giao dịch) - II.1. Trụ sở;Phòng giao dịch >> Số người có CCHN >> Tăng/Giảm;Phòng giao dịch >> Số người có CCHN >> Tăng/Giảm;Data Explorer;Chỉ tiêu cơ sở;TB;Ngày, CTCK;SCMS;;X;;;;;;;;;;
64;Báo cáo theo Thông tư 121/2020/TT-BTC >> Báo cáo tình hình nhân sự Công ty chứng khoán (Trụ sở chính, chi nhánh, phòng giao dịch) - II.1. Trụ sở;Phòng giao dịch >> TỔNG SỐ >> Số người lao động >> Trong kỳ;Phòng giao dịch >> TỔNG SỐ >> Số người lao động >> Trong kỳ;Data Explorer;Chỉ tiêu cơ sở;TB;Ngày, CTCK;SCMS;;X;;;;;;;;;;
64;Báo cáo theo Thông tư 121/2020/TT-BTC >> Báo cáo tình hình nhân sự Công ty chứng khoán (Trụ sở chính, chi nhánh, phòng giao dịch) - II.1. Trụ sở;Phòng giao dịch >> TỔNG SỐ >> Số người lao động >> Tăng/Giảm;Phòng giao dịch >> TỔNG SỐ >> Số người lao động >> Tăng/Giảm;Data Explorer;Chỉ tiêu cơ sở;TB;Ngày, CTCK;SCMS;;X;;;;;;;;;;
64;Báo cáo theo Thông tư 121/2020/TT-BTC >> Báo cáo tình hình nhân sự Công ty chứng khoán (Trụ sở chính, chi nhánh, phòng giao dịch) - II.1. Trụ sở;Phòng giao dịch >> TỔNG SỐ >> Số người có CCHN >> Trong kỳ;Phòng giao dịch >> TỔNG SỐ >> Số người có CCHN >> Trong kỳ;Data Explorer;Chỉ tiêu cơ sở;TB;Ngày, CTCK;SCMS;;X;;;;;;;;;;
64;Báo cáo theo Thông tư 121/2020/TT-BTC >> Báo cáo tình hình nhân sự Công ty chứng khoán (Trụ sở chính, chi nhánh, phòng giao dịch) - II.1. Trụ sở;Phòng giao dịch >> TỔNG SỐ >> Số người có CCHN >> Tăng/Giảm;Phòng giao dịch >> TỔNG SỐ >> Số người có CCHN >> Tăng/Giảm;Data Explorer;Chỉ tiêu cơ sở;TB;Ngày, CTCK;SCMS;;X;;;;;;;;;;
65;Báo cáo theo Thông tư 121/2020/TT-BTC >> Báo cáo tình hình nhân sự Công ty chứng khoán (Trụ sở chính, chi nhánh, phòng giao dịch) - II.1. Chi nhánh;Loại báo cáo;Loại báo cáo;Data Explorer;Chiều;Dễ;Ngày, CTCK;SCMS;X;X;;;;;;;;;;
65;Báo cáo theo Thông tư 121/2020/TT-BTC >> Báo cáo tình hình nhân sự Công ty chứng khoán (Trụ sở chính, chi nhánh, phòng giao dịch) - II.1. Chi nhánh;Kỳ báo cáo;Kỳ báo cáo;Data Explorer;Chiều;Dễ;Ngày, CTCK;SCMS;X;X;;;;;;;;;;
65;Báo cáo theo Thông tư 121/2020/TT-BTC >> Báo cáo tình hình nhân sự Công ty chứng khoán (Trụ sở chính, chi nhánh, phòng giao dịch) - II.1. Chi nhánh;Mã báo cáo;Mã báo cáo;Data Explorer;Chiều;Dễ;Ngày, CTCK;SCMS;X;X;;;;;;;;;;
65;Báo cáo theo Thông tư 121/2020/TT-BTC >> Báo cáo tình hình nhân sự Công ty chứng khoán (Trụ sở chính, chi nhánh, phòng giao dịch) - II.1. Chi nhánh;Tên báo cáo;Tên báo cáo;Data Explorer;Chiều;Dễ;Ngày, CTCK;SCMS;X;X;;;;;;;;;;
65;Báo cáo theo Thông tư 121/2020/TT-BTC >> Báo cáo tình hình nhân sự Công ty chứng khoán (Trụ sở chính, chi nhánh, phòng giao dịch) - II.1. Chi nhánh;Mã chỉ tiêu;Mã chỉ tiêu;Data Explorer;Chiều;Dễ;Ngày, CTCK;SCMS;X;X;;;;;;;;;;
65;Báo cáo theo Thông tư 121/2020/TT-BTC >> Báo cáo tình hình nhân sự Công ty chứng khoán (Trụ sở chính, chi nhánh, phòng giao dịch) - II.1. Chi nhánh;Tên chỉ tiêu;Tên chỉ tiêu;Data Explorer;Chiều;Dễ;Ngày, CTCK;SCMS;X;X;;;;;;;;;;
65;Báo cáo theo Thông tư 121/2020/TT-BTC >> Báo cáo tình hình nhân sự Công ty chứng khoán (Trụ sở chính, chi nhánh, phòng giao dịch) - II.1. Chi nhánh;Tên công ty;Tên công ty;Data Explorer;Chỉ tiêu cơ sở;Dễ;Ngày, CTCK;SCMS;;X;;;;;;;;;;
65;Báo cáo theo Thông tư 121/2020/TT-BTC >> Báo cáo tình hình nhân sự Công ty chứng khoán (Trụ sở chính, chi nhánh, phòng giao dịch) - II.1. Chi nhánh;Nghiệp vụ hoạt động >> Môi giới chứng khoán;Nghiệp vụ hoạt động >> Môi giới chứng khoán;Data Explorer;Chỉ tiêu cơ sở;TB;Ngày, CTCK;SCMS;;X;;;;;;;;;;
65;Báo cáo theo Thông tư 121/2020/TT-BTC >> Báo cáo tình hình nhân sự Công ty chứng khoán (Trụ sở chính, chi nhánh, phòng giao dịch) - II.1. Chi nhánh;Nghiệp vụ hoạt động >> Tự doanh chứng khoán;Nghiệp vụ hoạt động >> Tự doanh chứng khoán;Data Explorer;Chỉ tiêu cơ sở;TB;Ngày, CTCK;SCMS;;X;;;;;;;;;;
65;Báo cáo theo Thông tư 121/2020/TT-BTC >> Báo cáo tình hình nhân sự Công ty chứng khoán (Trụ sở chính, chi nhánh, phòng giao dịch) - II.1. Chi nhánh;Nghiệp vụ hoạt động >> Bảo lãnh phát hành chứng khoán;Nghiệp vụ hoạt động >> Bảo lãnh phát hành chứng khoán;Data Explorer;Chỉ tiêu cơ sở;TB;Ngày, CTCK;SCMS;;X;;;;;;;;;;
65;Báo cáo theo Thông tư 121/2020/TT-BTC >> Báo cáo tình hình nhân sự Công ty chứng khoán (Trụ sở chính, chi nhánh, phòng giao dịch) - II.1. Chi nhánh;Nghiệp vụ hoạt động >> Tư vấn đầu tư chứng khoán;Nghiệp vụ hoạt động >> Tư vấn đầu tư chứng khoán;Data Explorer;Chỉ tiêu cơ sở;TB;Ngày, CTCK;SCMS;;X;;;;;;;;;;
65;Báo cáo theo Thông tư 121/2020/TT-BTC >> Báo cáo tình hình nhân sự Công ty chứng khoán (Trụ sở chính, chi nhánh, phòng giao dịch) - II.1. Chi nhánh;Tên chi nhánh công ty chứng khoán;Tên chi nhánh công ty chứng khoán;Data Explorer;Chỉ tiêu cơ sở;TB;Ngày, CTCK;SCMS;;X;;;;;;;;;;
65;Báo cáo theo Thông tư 121/2020/TT-BTC >> Báo cáo tình hình nhân sự Công ty chứng khoán (Trụ sở chính, chi nhánh, phòng giao dịch) - II.1. Chi nhánh;Quyết định thành lập >> Số;Quyết định thành lập >> Số;Data Explorer;Chỉ tiêu cơ sở;TB;Ngày, CTCK;SCMS;;X;;;;;;;;;;
65;Báo cáo theo Thông tư 121/2020/TT-BTC >> Báo cáo tình hình nhân sự Công ty chứng khoán (Trụ sở chính, chi nhánh, phòng giao dịch) - II.1. Chi nhánh;Quyết định thành lập >> Ngày cấp;Quyết định thành lập >> Ngày cấp;Data Explorer;Chỉ tiêu cơ sở;TB;Ngày, CTCK;SCMS;;X;;;;;;;;;;
65;Báo cáo theo Thông tư 121/2020/TT-BTC >> Báo cáo tình hình nhân sự Công ty chứng khoán (Trụ sở chính, chi nhánh, phòng giao dịch) - II.1. Chi nhánh;Nghiệp vụ hoạt động được ủy quyền >> Môi giới chứng khoán;Nghiệp vụ hoạt động được ủy quyền >> Môi giới chứng khoán;Data Explorer;Chỉ tiêu cơ sở;TB;Ngày, CTCK;SCMS;;X;;;;;;;;;;
65;Báo cáo theo Thông tư 121/2020/TT-BTC >> Báo cáo tình hình nhân sự Công ty chứng khoán (Trụ sở chính, chi nhánh, phòng giao dịch) - II.1. Chi nhánh;Nghiệp vụ hoạt động được ủy quyền >> Tự doanh chứng khoán;Nghiệp vụ hoạt động được ủy quyền >> Tự doanh chứng khoán;Data Explorer;Chỉ tiêu cơ sở;TB;Ngày, CTCK;SCMS;;X;;;;;;;;;;
65;Báo cáo theo Thông tư 121/2020/TT-BTC >> Báo cáo tình hình nhân sự Công ty chứng khoán (Trụ sở chính, chi nhánh, phòng giao dịch) - II.1. Chi nhánh;Nghiệp vụ hoạt động được ủy quyền >> Bảo lãnh phát hành chứng khoán;Nghiệp vụ hoạt động được ủy quyền >> Bảo lãnh phát hành chứng khoán;Data Explorer;Chỉ tiêu cơ sở;TB;Ngày, CTCK;SCMS;;X;;;;;;;;;;
65;Báo cáo theo Thông tư 121/2020/TT-BTC >> Báo cáo tình hình nhân sự Công ty chứng khoán (Trụ sở chính, chi nhánh, phòng giao dịch) - II.1. Chi nhánh;Nghiệp vụ hoạt động được ủy quyền >> Tư vấn đầu tư chứng khoán;Nghiệp vụ hoạt động được ủy quyền >> Tư vấn đầu tư chứng khoán;Data Explorer;Chỉ tiêu cơ sở;TB;Ngày, CTCK;SCMS;;X;;;;;;;;;;
65;Báo cáo theo Thông tư 121/2020/TT-BTC >> Báo cáo tình hình nhân sự Công ty chứng khoán (Trụ sở chính, chi nhánh, phòng giao dịch) - II.1. Chi nhánh;Giám đốc chi nhánh >> Số người lao động >> Trong kỳ;Giám đốc chi nhánh >> Số người lao động >> Trong kỳ;Data Explorer;Chỉ tiêu cơ sở;TB;Ngày, CTCK;SCMS;;X;;;;;;;;;;
65;Báo cáo theo Thông tư 121/2020/TT-BTC >> Báo cáo tình hình nhân sự Công ty chứng khoán (Trụ sở chính, chi nhánh, phòng giao dịch) - II.1. Chi nhánh;Giám đốc chi nhánh >> Số người lao động >> Tăng/Giảm;Giám đốc chi nhánh >> Số người lao động >> Tăng/Giảm;Data Explorer;Chỉ tiêu cơ sở;TB;Ngày, CTCK;SCMS;;X;;;;;;;;;;
65;Báo cáo theo Thông tư 121/2020/TT-BTC >> Báo cáo tình hình nhân sự Công ty chứng khoán (Trụ sở chính, chi nhánh, phòng giao dịch) - II.1. Chi nhánh;Giám đốc chi nhánh >> Số người có CCHN >> Trong kỳ;Giám đốc chi nhánh >> Số người có CCHN >> Trong kỳ;Data Explorer;Chỉ tiêu cơ sở;TB;Ngày, CTCK;SCMS;;X;;;;;;;;;;
65;Báo cáo theo Thông tư 121/2020/TT-BTC >> Báo cáo tình hình nhân sự Công ty chứng khoán (Trụ sở chính, chi nhánh, phòng giao dịch) - II.1. Chi nhánh;Giám đốc chi nhánh >> Số người có CCHN >> Tăng/Giảm;Giám đốc chi nhánh >> Số người có CCHN >> Tăng/Giảm;Data Explorer;Chỉ tiêu cơ sở;TB;Ngày, CTCK;SCMS;;X;;;;;;;;;;
65;Báo cáo theo Thông tư 121/2020/TT-BTC >> Báo cáo tình hình nhân sự Công ty chứng khoán (Trụ sở chính, chi nhánh, phòng giao dịch) - II.1. Chi nhánh;Bộ phận môi giới >> Số người lao động >> Trong kỳ;Bộ phận môi giới >> Số người lao động >> Trong kỳ;Data Explorer;Chỉ tiêu cơ sở;TB;Ngày, CTCK;SCMS;;X;;;;;;;;;;
65;Báo cáo theo Thông tư 121/2020/TT-BTC >> Báo cáo tình hình nhân sự Công ty chứng khoán (Trụ sở chính, chi nhánh, phòng giao dịch) - II.1. Chi nhánh;Bộ phận môi giới >> Số người lao động >> Tăng/Giảm;Bộ phận môi giới >> Số người lao động >> Tăng/Giảm;Data Explorer;Chỉ tiêu cơ sở;TB;Ngày, CTCK;SCMS;;X;;;;;;;;;;
65;Báo cáo theo Thông tư 121/2020/TT-BTC >> Báo cáo tình hình nhân sự Công ty chứng khoán (Trụ sở chính, chi nhánh, phòng giao dịch) - II.1. Chi nhánh;Bộ phận môi giới >> Số người có CCHN >> Trong kỳ;Bộ phận môi giới >> Số người có CCHN >> Trong kỳ;Data Explorer;Chỉ tiêu cơ sở;TB;Ngày, CTCK;SCMS;;X;;;;;;;;;;
65;Báo cáo theo Thông tư 121/2020/TT-BTC >> Báo cáo tình hình nhân sự Công ty chứng khoán (Trụ sở chính, chi nhánh, phòng giao dịch) - II.1. Chi nhánh;Bộ phận môi giới >> Số người có CCHN >> Tăng/Giảm;Bộ phận môi giới >> Số người có CCHN >> Tăng/Giảm;Data Explorer;Chỉ tiêu cơ sở;TB;Ngày, CTCK;SCMS;;X;;;;;;;;;;
65;Báo cáo theo Thông tư 121/2020/TT-BTC >> Báo cáo tình hình nhân sự Công ty chứng khoán (Trụ sở chính, chi nhánh, phòng giao dịch) - II.1. Chi nhánh;Bộ phận thực tư vấn >> Số người lao động >> Trong kỳ;Bộ phận thực tư vấn >> Số người lao động >> Trong kỳ;Data Explorer;Chỉ tiêu cơ sở;TB;Ngày, CTCK;SCMS;;X;;;;;;;;;;
65;Báo cáo theo Thông tư 121/2020/TT-BTC >> Báo cáo tình hình nhân sự Công ty chứng khoán (Trụ sở chính, chi nhánh, phòng giao dịch) - II.1. Chi nhánh;Bộ phận thực tư vấn >> Số người lao động >> Tăng/Giảm;Bộ phận thực tư vấn >> Số người lao động >> Tăng/Giảm;Data Explorer;Chỉ tiêu cơ sở;TB;Ngày, CTCK;SCMS;;X;;;;;;;;;;
65;Báo cáo theo Thông tư 121/2020/TT-BTC >> Báo cáo tình hình nhân sự Công ty chứng khoán (Trụ sở chính, chi nhánh, phòng giao dịch) - II.1. Chi nhánh;Bộ phận thực tư vấn >> Số người có CCHN >> Trong kỳ;Bộ phận thực tư vấn >> Số người có CCHN >> Trong kỳ;Data Explorer;Chỉ tiêu cơ sở;TB;Ngày, CTCK;SCMS;;X;;;;;;;;;;
65;Báo cáo theo Thông tư 121/2020/TT-BTC >> Báo cáo tình hình nhân sự Công ty chứng khoán (Trụ sở chính, chi nhánh, phòng giao dịch) - II.1. Chi nhánh;Bộ phận thực tư vấn >> Số người có CCHN >> Tăng/Giảm;Bộ phận thực tư vấn >> Số người có CCHN >> Tăng/Giảm;Data Explorer;Chỉ tiêu cơ sở;TB;Ngày, CTCK;SCMS;;X;;;;;;;;;;
65;Báo cáo theo Thông tư 121/2020/TT-BTC >> Báo cáo tình hình nhân sự Công ty chứng khoán (Trụ sở chính, chi nhánh, phòng giao dịch) - II.1. Chi nhánh;TỔNG SỐ >> Số người lao động >> Trong kỳ;TỔNG SỐ >> Số người lao động >> Trong kỳ;Data Explorer;Chỉ tiêu cơ sở;TB;Ngày, CTCK;SCMS;;X;;;;;;;;;;
65;Báo cáo theo Thông tư 121/2020/TT-BTC >> Báo cáo tình hình nhân sự Công ty chứng khoán (Trụ sở chính, chi nhánh, phòng giao dịch) - II.1. Chi nhánh;TỔNG SỐ >> Số người lao động >> Tăng/Giảm;TỔNG SỐ >> Số người lao động >> Tăng/Giảm;Data Explorer;Chỉ tiêu cơ sở;TB;Ngày, CTCK;SCMS;;X;;;;;;;;;;
65;Báo cáo theo Thông tư 121/2020/TT-BTC >> Báo cáo tình hình nhân sự Công ty chứng khoán (Trụ sở chính, chi nhánh, phòng giao dịch) - II.1. Chi nhánh;TỔNG SỐ >> Số người có CCHN >> Trong kỳ;TỔNG SỐ >> Số người có CCHN >> Trong kỳ;Data Explorer;Chỉ tiêu cơ sở;TB;Ngày, CTCK;SCMS;;X;;;;;;;;;;
65;Báo cáo theo Thông tư 121/2020/TT-BTC >> Báo cáo tình hình nhân sự Công ty chứng khoán (Trụ sở chính, chi nhánh, phòng giao dịch) - II.1. Chi nhánh;TỔNG SỐ >> Số người có CCHN >> Tăng/Giảm;TỔNG SỐ >> Số người có CCHN >> Tăng/Giảm;Data Explorer;Chỉ tiêu cơ sở;TB;Ngày, CTCK;SCMS;;X;;;;;;;;;;
66;Báo cáo theo Thông tư 121/2020/TT-BTC >> Báo cáo tình hình nhân sự Công ty chứng khoán (Trụ sở chính, chi nhánh, phòng giao dịch) - II.1. Phòng giao dịch;Loại báo cáo;Loại báo cáo;Data Explorer;Chiều;Dễ;Ngày, CTCK;SCMS;X;X;;;;;;;;;;
66;Báo cáo theo Thông tư 121/2020/TT-BTC >> Báo cáo tình hình nhân sự Công ty chứng khoán (Trụ sở chính, chi nhánh, phòng giao dịch) - II.1. Phòng giao dịch;Kỳ báo cáo;Kỳ báo cáo;Data Explorer;Chiều;Dễ;Ngày, CTCK;SCMS;X;X;;;;;;;;;;
66;Báo cáo theo Thông tư 121/2020/TT-BTC >> Báo cáo tình hình nhân sự Công ty chứng khoán (Trụ sở chính, chi nhánh, phòng giao dịch) - II.1. Phòng giao dịch;Mã báo cáo;Mã báo cáo;Data Explorer;Chiều;Dễ;Ngày, CTCK;SCMS;X;X;;;;;;;;;;
66;Báo cáo theo Thông tư 121/2020/TT-BTC >> Báo cáo tình hình nhân sự Công ty chứng khoán (Trụ sở chính, chi nhánh, phòng giao dịch) - II.1. Phòng giao dịch;Tên báo cáo;Tên báo cáo;Data Explorer;Chiều;Dễ;Ngày, CTCK;SCMS;X;X;;;;;;;;;;
66;Báo cáo theo Thông tư 121/2020/TT-BTC >> Báo cáo tình hình nhân sự Công ty chứng khoán (Trụ sở chính, chi nhánh, phòng giao dịch) - II.1. Phòng giao dịch;Mã chỉ tiêu;Mã chỉ tiêu;Data Explorer;Chiều;Dễ;Ngày, CTCK;SCMS;X;X;;;;;;;;;;
66;Báo cáo theo Thông tư 121/2020/TT-BTC >> Báo cáo tình hình nhân sự Công ty chứng khoán (Trụ sở chính, chi nhánh, phòng giao dịch) - II.1. Phòng giao dịch;Tên chỉ tiêu;Tên chỉ tiêu;Data Explorer;Chiều;Dễ;Ngày, CTCK;SCMS;X;X;;;;;;;;;;
66;Báo cáo theo Thông tư 121/2020/TT-BTC >> Báo cáo tình hình nhân sự Công ty chứng khoán (Trụ sở chính, chi nhánh, phòng giao dịch) - II.1. Phòng giao dịch;Tên công ty;Tên công ty;Data Explorer;Chỉ tiêu cơ sở;Dễ;Ngày, CTCK;SCMS;;X;;;;;;;;;;
66;Báo cáo theo Thông tư 121/2020/TT-BTC >> Báo cáo tình hình nhân sự Công ty chứng khoán (Trụ sở chính, chi nhánh, phòng giao dịch) - II.1. Phòng giao dịch;Nghiệp vụ hoạt động >> Môi giới chứng khoán;Nghiệp vụ hoạt động >> Môi giới chứng khoán;Data Explorer;Chỉ tiêu cơ sở;TB;Ngày, CTCK;SCMS;;X;;;;;;;;;;
66;Báo cáo theo Thông tư 121/2020/TT-BTC >> Báo cáo tình hình nhân sự Công ty chứng khoán (Trụ sở chính, chi nhánh, phòng giao dịch) - II.1. Phòng giao dịch;Nghiệp vụ hoạt động >> Tự doanh chứng khoán;Nghiệp vụ hoạt động >> Tự doanh chứng khoán;Data Explorer;Chỉ tiêu cơ sở;TB;Ngày, CTCK;SCMS;;X;;;;;;;;;;
66;Báo cáo theo Thông tư 121/2020/TT-BTC >> Báo cáo tình hình nhân sự Công ty chứng khoán (Trụ sở chính, chi nhánh, phòng giao dịch) - II.1. Phòng giao dịch;Nghiệp vụ hoạt động >> Bảo lãnh phát hành chứng khoán;Nghiệp vụ hoạt động >> Bảo lãnh phát hành chứng khoán;Data Explorer;Chỉ tiêu cơ sở;TB;Ngày, CTCK;SCMS;;X;;;;;;;;;;
66;Báo cáo theo Thông tư 121/2020/TT-BTC >> Báo cáo tình hình nhân sự Công ty chứng khoán (Trụ sở chính, chi nhánh, phòng giao dịch) - II.1. Phòng giao dịch;Nghiệp vụ hoạt động >> Tư vấn đầu tư chứng khoán;Nghiệp vụ hoạt động >> Tư vấn đầu tư chứng khoán;Data Explorer;Chỉ tiêu cơ sở;TB;Ngày, CTCK;SCMS;;X;;;;;;;;;;
66;Báo cáo theo Thông tư 121/2020/TT-BTC >> Báo cáo tình hình nhân sự Công ty chứng khoán (Trụ sở chính, chi nhánh, phòng giao dịch) - II.1. Phòng giao dịch;Tên chi nhánh công ty chứng khoán;Tên chi nhánh công ty chứng khoán;Data Explorer;Chỉ tiêu cơ sở;TB;Ngày, CTCK;SCMS;;X;;;;;;;;;;
66;Báo cáo theo Thông tư 121/2020/TT-BTC >> Báo cáo tình hình nhân sự Công ty chứng khoán (Trụ sở chính, chi nhánh, phòng giao dịch) - II.1. Phòng giao dịch;Chi nhánh >> Quyết định thành lập >> Số;Chi nhánh >> Quyết định thành lập >> Số;Data Explorer;Chỉ tiêu cơ sở;TB;Ngày, CTCK;SCMS;;X;;;;;;;;;;
66;Báo cáo theo Thông tư 121/2020/TT-BTC >> Báo cáo tình hình nhân sự Công ty chứng khoán (Trụ sở chính, chi nhánh, phòng giao dịch) - II.1. Phòng giao dịch;Chi nhánh >> Quyết định thành lập >> Ngày cấp;Chi nhánh >> Quyết định thành lập >> Ngày cấp;Data Explorer;Chỉ tiêu cơ sở;TB;Ngày, CTCK;SCMS;;X;;;;;;;;;;
66;Báo cáo theo Thông tư 121/2020/TT-BTC >> Báo cáo tình hình nhân sự Công ty chứng khoán (Trụ sở chính, chi nhánh, phòng giao dịch) - II.1. Phòng giao dịch;Nghiệp vụ hoạt động được ủy quyền >> Môi giới chứng khoán;Nghiệp vụ hoạt động được ủy quyền >> Môi giới chứng khoán;Data Explorer;Chỉ tiêu cơ sở;TB;Ngày, CTCK;SCMS;;X;;;;;;;;;;
66;Báo cáo theo Thông tư 121/2020/TT-BTC >> Báo cáo tình hình nhân sự Công ty chứng khoán (Trụ sở chính, chi nhánh, phòng giao dịch) - II.1. Phòng giao dịch;Nghiệp vụ hoạt động được ủy quyền >> Tự doanh chứng khoán;Nghiệp vụ hoạt động được ủy quyền >> Tự doanh chứng khoán;Data Explorer;Chỉ tiêu cơ sở;TB;Ngày, CTCK;SCMS;;X;;;;;;;;;;
66;Báo cáo theo Thông tư 121/2020/TT-BTC >> Báo cáo tình hình nhân sự Công ty chứng khoán (Trụ sở chính, chi nhánh, phòng giao dịch) - II.1. Phòng giao dịch;Nghiệp vụ hoạt động được ủy quyền >> Bảo lãnh phát hành chứng khoán;Nghiệp vụ hoạt động được ủy quyền >> Bảo lãnh phát hành chứng khoán;Data Explorer;Chỉ tiêu cơ sở;TB;Ngày, CTCK;SCMS;;X;;;;;;;;;;
66;Báo cáo theo Thông tư 121/2020/TT-BTC >> Báo cáo tình hình nhân sự Công ty chứng khoán (Trụ sở chính, chi nhánh, phòng giao dịch) - II.1. Phòng giao dịch;Nghiệp vụ hoạt động được ủy quyền >> Tư vấn đầu tư chứng khoán;Nghiệp vụ hoạt động được ủy quyền >> Tư vấn đầu tư chứng khoán;Data Explorer;Chỉ tiêu cơ sở;TB;Ngày, CTCK;SCMS;;X;;;;;;;;;;
66;Báo cáo theo Thông tư 121/2020/TT-BTC >> Báo cáo tình hình nhân sự Công ty chứng khoán (Trụ sở chính, chi nhánh, phòng giao dịch) - II.1. Phòng giao dịch;Tên phòng giao dịch;Tên phòng giao dịch;Data Explorer;Chỉ tiêu cơ sở;Dễ;Ngày, CTCK;SCMS;;X;;;;;;;;;;
66;Báo cáo theo Thông tư 121/2020/TT-BTC >> Báo cáo tình hình nhân sự Công ty chứng khoán (Trụ sở chính, chi nhánh, phòng giao dịch) - II.1. Phòng giao dịch;Phòng giao dịch >> Quyết định thành lập >> Số;Phòng giao dịch >> Quyết định thành lập >> Số;Data Explorer;Chỉ tiêu cơ sở;Dễ;Ngày, CTCK;SCMS;;X;;;;;;;;;;
66;Báo cáo theo Thông tư 121/2020/TT-BTC >> Báo cáo tình hình nhân sự Công ty chứng khoán (Trụ sở chính, chi nhánh, phòng giao dịch) - II.1. Phòng giao dịch;Phòng giao dịch >> Quyết định thành lập >> Ngày cấp;Phòng giao dịch >> Quyết định thành lập >> Ngày cấp;Data Explorer;Chỉ tiêu cơ sở;Dễ;Ngày, CTCK;SCMS;;X;;;;;;;;;;
66;Báo cáo theo Thông tư 121/2020/TT-BTC >> Báo cáo tình hình nhân sự Công ty chứng khoán (Trụ sở chính, chi nhánh, phòng giao dịch) - II.1. Phòng giao dịch;Nghiệp vụ hỗ trợ >> Môi giới chứng khoán;Nghiệp vụ hỗ trợ >> Môi giới chứng khoán;Data Explorer;Chỉ tiêu cơ sở;TB;Ngày, CTCK;SCMS;;X;;;;;;;;;;
66;Báo cáo theo Thông tư 121/2020/TT-BTC >> Báo cáo tình hình nhân sự Công ty chứng khoán (Trụ sở chính, chi nhánh, phòng giao dịch) - II.1. Phòng giao dịch;Nghiệp vụ hỗ trợ >> Tư vấn đầu tư chứng khoán;Nghiệp vụ hỗ trợ >> Tư vấn đầu tư chứng khoán;Data Explorer;Chỉ tiêu cơ sở;TB;Ngày, CTCK;SCMS;;X;;;;;;;;;;
66;Báo cáo theo Thông tư 121/2020/TT-BTC >> Báo cáo tình hình nhân sự Công ty chứng khoán (Trụ sở chính, chi nhánh, phòng giao dịch) - II.1. Phòng giao dịch;Nghiệp vụ hỗ trợ >> Lưu ký chứng khoán;Nghiệp vụ hỗ trợ >> Lưu ký chứng khoán;Data Explorer;Chỉ tiêu cơ sở;TB;Ngày, CTCK;SCMS;;X;;;;;;;;;;
66;Báo cáo theo Thông tư 121/2020/TT-BTC >> Báo cáo tình hình nhân sự Công ty chứng khoán (Trụ sở chính, chi nhánh, phòng giao dịch) - II.1. Phòng giao dịch;Số người lao động >> Trong kỳ;Số người lao động >> Trong kỳ;Data Explorer;Chỉ tiêu cơ sở;TB;Ngày, CTCK;SCMS;;X;;;;;;;;;;
66;Báo cáo theo Thông tư 121/2020/TT-BTC >> Báo cáo tình hình nhân sự Công ty chứng khoán (Trụ sở chính, chi nhánh, phòng giao dịch) - II.1. Phòng giao dịch;Số người lao động >> Tăng/Giảm;Số người lao động >> Tăng/Giảm;Data Explorer;Chỉ tiêu cơ sở;TB;Ngày, CTCK;SCMS;;X;;;;;;;;;;
66;Báo cáo theo Thông tư 121/2020/TT-BTC >> Báo cáo tình hình nhân sự Công ty chứng khoán (Trụ sở chính, chi nhánh, phòng giao dịch) - II.1. Phòng giao dịch;Số người có CCHN >> Trong kỳ;Số người có CCHN >> Trong kỳ;Data Explorer;Chỉ tiêu cơ sở;TB;Ngày, CTCK;SCMS;;X;;;;;;;;;;
66;Báo cáo theo Thông tư 121/2020/TT-BTC >> Báo cáo tình hình nhân sự Công ty chứng khoán (Trụ sở chính, chi nhánh, phòng giao dịch) - II.1. Phòng giao dịch;Số người có CCHN >> Tăng/Giảm;Số người có CCHN >> Tăng/Giảm;Data Explorer;Chỉ tiêu cơ sở;TB;Ngày, CTCK;SCMS;;X;;;;;;;;;;
67;Báo cáo theo Thông tư 121/2020/TT-BTC >> Tình hình cổ đông/thành viên góp vốn nẵm giữ từ 5% vốn điều lệ;Loại báo cáo;Loại báo cáo;Data Explorer;Chiều;Dễ;Ngày, CTCK;SCMS;X;X;;;;;;;;;;
67;Báo cáo theo Thông tư 121/2020/TT-BTC >> Tình hình cổ đông/thành viên góp vốn nẵm giữ từ 5% vốn điều lệ;Kỳ báo cáo;Kỳ báo cáo;Data Explorer;Chiều;Dễ;Ngày, CTCK;SCMS;X;X;;;;;;;;;;
67;Báo cáo theo Thông tư 121/2020/TT-BTC >> Tình hình cổ đông/thành viên góp vốn nẵm giữ từ 5% vốn điều lệ;Mã báo cáo;Mã báo cáo;Data Explorer;Chiều;Dễ;Ngày, CTCK;SCMS;X;X;;;;;;;;;;
67;Báo cáo theo Thông tư 121/2020/TT-BTC >> Tình hình cổ đông/thành viên góp vốn nẵm giữ từ 5% vốn điều lệ;Tên báo cáo;Tên báo cáo;Data Explorer;Chiều;Dễ;Ngày, CTCK;SCMS;X;X;;;;;;;;;;
67;Báo cáo theo Thông tư 121/2020/TT-BTC >> Tình hình cổ đông/thành viên góp vốn nẵm giữ từ 5% vốn điều lệ;Mã chỉ tiêu;Mã chỉ tiêu;Data Explorer;Chiều;Dễ;Ngày, CTCK;SCMS;X;X;;;;;;;;;;
67;Báo cáo theo Thông tư 121/2020/TT-BTC >> Tình hình cổ đông/thành viên góp vốn nẵm giữ từ 5% vốn điều lệ;Tên chỉ tiêu;Tên chỉ tiêu;Data Explorer;Chiều;Dễ;Ngày, CTCK;SCMS;X;X;;;;;;;;;;
67;Báo cáo theo Thông tư 121/2020/TT-BTC >> Tình hình cổ đông/thành viên góp vốn nẵm giữ từ 5% vốn điều lệ;Tên CTCK;Tên CTCK;Data Explorer;Chỉ tiêu cơ sở;Dễ;Ngày, CTCK;SCMS;;X;;;;;;;;;;
67;Báo cáo theo Thông tư 121/2020/TT-BTC >> Tình hình cổ đông/thành viên góp vốn nẵm giữ từ 5% vốn điều lệ;Sàn giao dịch;Sàn giao dịch;Data Explorer;Chỉ tiêu cơ sở;Dễ;Ngày, CTCK;SCMS;;X;;;;;;;;;;
67;Báo cáo theo Thông tư 121/2020/TT-BTC >> Tình hình cổ đông/thành viên góp vốn nẵm giữ từ 5% vốn điều lệ;Mã CK;Mã CK;Data Explorer;Chỉ tiêu cơ sở;Dễ;Ngày, CTCK;SCMS;;X;;;;;;;;;;
67;Báo cáo theo Thông tư 121/2020/TT-BTC >> Tình hình cổ đông/thành viên góp vốn nẵm giữ từ 5% vốn điều lệ;Giấy phép Hoạt động >> Số;Giấy phép Hoạt động >> Số;Data Explorer;Chỉ tiêu cơ sở;Dễ;Ngày, CTCK;SCMS;;X;;;;;;;;;;
67;Báo cáo theo Thông tư 121/2020/TT-BTC >> Tình hình cổ đông/thành viên góp vốn nẵm giữ từ 5% vốn điều lệ;Giấy phép Hoạt động >> Ngày cấp;Giấy phép Hoạt động >> Ngày cấp;Data Explorer;Chỉ tiêu cơ sở;Dễ;Ngày, CTCK;SCMS;;X;;;;;;;;;;
67;Báo cáo theo Thông tư 121/2020/TT-BTC >> Tình hình cổ đông/thành viên góp vốn nẵm giữ từ 5% vốn điều lệ;Vốn điều lệ (đồng);Vốn điều lệ (đồng);Data Explorer;Chỉ tiêu cơ sở;Dễ;Ngày, CTCK;SCMS;;X;;;;;;;;;;
67;Báo cáo theo Thông tư 121/2020/TT-BTC >> Tình hình cổ đông/thành viên góp vốn nẵm giữ từ 5% vốn điều lệ;Tên người đại diện pháp luật (đăng ký làm việc với UBCKNN);Tên người đại diện pháp luật (đăng ký làm việc với UBCKNN);Data Explorer;Chỉ tiêu cơ sở;Dễ;Ngày, CTCK;SCMS;;X;;;;;;;;;;
67;Báo cáo theo Thông tư 121/2020/TT-BTC >> Tình hình cổ đông/thành viên góp vốn nẵm giữ từ 5% vốn điều lệ;Tên chủ tịch Hội đồng quản trị/Hội đồng thành viên;Tên chủ tịch Hội đồng quản trị/Hội đồng thành viên;Data Explorer;Chỉ tiêu cơ sở;Dễ;Ngày, CTCK;SCMS;;X;;;;;;;;;;
67;Báo cáo theo Thông tư 121/2020/TT-BTC >> Tình hình cổ đông/thành viên góp vốn nẵm giữ từ 5% vốn điều lệ;Họ và tên (cá nhân)/ Tên tổ chức;Họ và tên (cá nhân)/ Tên tổ chức;Data Explorer;Chỉ tiêu cơ sở;Dễ;Ngày, CTCK;SCMS;;X;;;;;;;;;;
67;Báo cáo theo Thông tư 121/2020/TT-BTC >> Tình hình cổ đông/thành viên góp vốn nẵm giữ từ 5% vốn điều lệ;Số giấy CMND/CCCD /Hộ chiếu (người nước ngoài)/ Số Giấy ĐKKD (Tổ chức);Số giấy CMND/CCCD /Hộ chiếu (người nước ngoài)/ Số Giấy ĐKKD (Tổ chức);Data Explorer;Chỉ tiêu cơ sở;Dễ;Ngày, CTCK;SCMS;;X;;;;;;;;;;
67;Báo cáo theo Thông tư 121/2020/TT-BTC >> Tình hình cổ đông/thành viên góp vốn nẵm giữ từ 5% vốn điều lệ;Ngày cấp;Ngày cấp;Data Explorer;Chỉ tiêu cơ sở;Dễ;Ngày, CTCK;SCMS;;X;;;;;;;;;;
67;Báo cáo theo Thông tư 121/2020/TT-BTC >> Tình hình cổ đông/thành viên góp vốn nẵm giữ từ 5% vốn điều lệ;Địa chỉ;Địa chỉ;Data Explorer;Chỉ tiêu cơ sở;Dễ;Ngày, CTCK;SCMS;;X;;;;;;;;;;
67;Báo cáo theo Thông tư 121/2020/TT-BTC >> Tình hình cổ đông/thành viên góp vốn nẵm giữ từ 5% vốn điều lệ;Quốc tịch (người nước ngoài)/Tổ chức (nước ngoài);Quốc tịch (người nước ngoài)/Tổ chức (nước ngoài);Data Explorer;Chỉ tiêu cơ sở;Dễ;Ngày, CTCK;SCMS;;X;;;;;;;;;;
67;Báo cáo theo Thông tư 121/2020/TT-BTC >> Tình hình cổ đông/thành viên góp vốn nẵm giữ từ 5% vốn điều lệ;Thông tin về tỷ lệ nắm giữ >> Đầu kỳ >> Số lượng cổ phần/ phần vốn góp;Thông tin về tỷ lệ nắm giữ >> Đầu kỳ >> Số lượng cổ phần/ phần vốn góp;Data Explorer;Chỉ tiêu cơ sở;TB;Ngày, CTCK;SCMS;;X;;;;;;;;;;
67;Báo cáo theo Thông tư 121/2020/TT-BTC >> Tình hình cổ đông/thành viên góp vốn nẵm giữ từ 5% vốn điều lệ;Thông tin về tỷ lệ nắm giữ >> Đầu kỳ >> Tỷ lệ nắm giữ so với vốn điều lệ;Thông tin về tỷ lệ nắm giữ >> Đầu kỳ >> Tỷ lệ nắm giữ so với vốn điều lệ;Data Explorer;Chỉ tiêu cơ sở;TB;Ngày, CTCK;SCMS;;X;;;;;;;;;;
67;Báo cáo theo Thông tư 121/2020/TT-BTC >> Tình hình cổ đông/thành viên góp vốn nẵm giữ từ 5% vốn điều lệ;Thông tin về tỷ lệ nắm giữ >> Cuối kỳ >> Số lượng cổ phần/ phần vốn góp;Thông tin về tỷ lệ nắm giữ >> Cuối kỳ >> Số lượng cổ phần/ phần vốn góp;Data Explorer;Chỉ tiêu cơ sở;TB;Ngày, CTCK;SCMS;;X;;;;;;;;;;
67;Báo cáo theo Thông tư 121/2020/TT-BTC >> Tình hình cổ đông/thành viên góp vốn nẵm giữ từ 5% vốn điều lệ;Thông tin về tỷ lệ nắm giữ >> Cuối kỳ >> Tỷ lệ nắm giữ so với vốn điều lệ;Thông tin về tỷ lệ nắm giữ >> Cuối kỳ >> Tỷ lệ nắm giữ so với vốn điều lệ;Data Explorer;Chỉ tiêu cơ sở;TB;Ngày, CTCK;SCMS;;X;;;;;;;;;;
68;Báo cáo theo Thông tư 121/2020/TT-BTC >> Hoạt động bảo lãnh phát hành chứng khoán;Loại báo cáo;Loại báo cáo;Data Explorer;Chiều;Dễ;Ngày, CTCK;SCMS;X;X;;;;;;;;;;
68;Báo cáo theo Thông tư 121/2020/TT-BTC >> Hoạt động bảo lãnh phát hành chứng khoán;Kỳ báo cáo;Kỳ báo cáo;Data Explorer;Chiều;Dễ;Ngày, CTCK;SCMS;X;X;;;;;;;;;;
68;Báo cáo theo Thông tư 121/2020/TT-BTC >> Hoạt động bảo lãnh phát hành chứng khoán;Mã báo cáo;Mã báo cáo;Data Explorer;Chiều;Dễ;Ngày, CTCK;SCMS;X;X;;;;;;;;;;
68;Báo cáo theo Thông tư 121/2020/TT-BTC >> Hoạt động bảo lãnh phát hành chứng khoán;Tên báo cáo;Tên báo cáo;Data Explorer;Chiều;Dễ;Ngày, CTCK;SCMS;X;X;;;;;;;;;;
68;Báo cáo theo Thông tư 121/2020/TT-BTC >> Hoạt động bảo lãnh phát hành chứng khoán;Mã chỉ tiêu;Mã chỉ tiêu;Data Explorer;Chiều;Dễ;Ngày, CTCK;SCMS;X;X;;;;;;;;;;
68;Báo cáo theo Thông tư 121/2020/TT-BTC >> Hoạt động bảo lãnh phát hành chứng khoán;Tên chỉ tiêu;Tên chỉ tiêu;Data Explorer;Chiều;Dễ;Ngày, CTCK;SCMS;X;X;;;;;;;;;;
68;Báo cáo theo Thông tư 121/2020/TT-BTC >> Hoạt động bảo lãnh phát hành chứng khoán;Tên công ty chứng khoán;Tên công ty chứng khoán;Data Explorer;Chỉ tiêu cơ sở;Dễ;Ngày, CTCK;SCMS;;X;;;;;;;;;;
68;Báo cáo theo Thông tư 121/2020/TT-BTC >> Hoạt động bảo lãnh phát hành chứng khoán;Sàn giao dịch;Sàn giao dịch;Data Explorer;Chỉ tiêu cơ sở;Dễ;Ngày, CTCK;SCMS;;X;;;;;;;;;;
68;Báo cáo theo Thông tư 121/2020/TT-BTC >> Hoạt động bảo lãnh phát hành chứng khoán;Mã chứng khoán;Mã chứng khoán;Data Explorer;Chỉ tiêu cơ sở;Dễ;Ngày, CTCK;SCMS;;X;;;;;;;;;;
68;Báo cáo theo Thông tư 121/2020/TT-BTC >> Hoạt động bảo lãnh phát hành chứng khoán;Giấy phép Hoạt động >> Số;Giấy phép Hoạt động >> Số;Data Explorer;Chỉ tiêu cơ sở;Dễ;Ngày, CTCK;SCMS;;X;;;;;;;;;;
68;Báo cáo theo Thông tư 121/2020/TT-BTC >> Hoạt động bảo lãnh phát hành chứng khoán;Giấy phép Hoạt động >> Ngày cấp;Giấy phép Hoạt động >> Ngày cấp;Data Explorer;Chỉ tiêu cơ sở;Dễ;Ngày, CTCK;SCMS;;X;;;;;;;;;;
68;Báo cáo theo Thông tư 121/2020/TT-BTC >> Hoạt động bảo lãnh phát hành chứng khoán;Có nghiệp vụ bảo lãnh phát hành;Có nghiệp vụ bảo lãnh phát hành;Data Explorer;Chỉ tiêu cơ sở;TB;Ngày, CTCK;SCMS;;X;;;;;;;;;;
68;Báo cáo theo Thông tư 121/2020/TT-BTC >> Hoạt động bảo lãnh phát hành chứng khoán;Vốn chủ sở hữu (triệu đồng);Vốn chủ sở hữu (triệu đồng);Data Explorer;Chỉ tiêu cơ sở;TB;Ngày, CTCK;SCMS;;X;;;;;;;;;;
68;Báo cáo theo Thông tư 121/2020/TT-BTC >> Hoạt động bảo lãnh phát hành chứng khoán;Tài sản ngắn hạn (triệu đồng);Tài sản ngắn hạn (triệu đồng);Data Explorer;Chỉ tiêu cơ sở;TB;Ngày, CTCK;SCMS;;X;;;;;;;;;;
68;Báo cáo theo Thông tư 121/2020/TT-BTC >> Hoạt động bảo lãnh phát hành chứng khoán;Nợ ngắn hạn (triệu đồng);Nợ ngắn hạn (triệu đồng);Data Explorer;Chỉ tiêu cơ sở;TB;Ngày, CTCK;SCMS;;X;;;;;;;;;;
68;Báo cáo theo Thông tư 121/2020/TT-BTC >> Hoạt động bảo lãnh phát hành chứng khoán;Tên tổ chức phát hành;Tên tổ chức phát hành;Data Explorer;Chỉ tiêu cơ sở;Dễ;Ngày, CTCK;SCMS;;X;;;;;;;;;;
68;Báo cáo theo Thông tư 121/2020/TT-BTC >> Hoạt động bảo lãnh phát hành chứng khoán;Loại chứng khoán bảo lãnh >> Cổ phiếu;Loại chứng khoán bảo lãnh >> Cổ phiếu;Data Explorer;Chỉ tiêu cơ sở;Dễ;Ngày, CTCK;SCMS;;X;;;;;;;;;;
68;Báo cáo theo Thông tư 121/2020/TT-BTC >> Hoạt động bảo lãnh phát hành chứng khoán;Loại chứng khoán bảo lãnh >> Trái phiếu;Loại chứng khoán bảo lãnh >> Trái phiếu;Data Explorer;Chỉ tiêu cơ sở;Dễ;Ngày, CTCK;SCMS;;X;;;;;;;;;;
68;Báo cáo theo Thông tư 121/2020/TT-BTC >> Hoạt động bảo lãnh phát hành chứng khoán;Hình thức bảo lãnh;Hình thức bảo lãnh;Data Explorer;Chỉ tiêu cơ sở;Dễ;Ngày, CTCK;SCMS;;X;;;;;;;;;;
68;Báo cáo theo Thông tư 121/2020/TT-BTC >> Hoạt động bảo lãnh phát hành chứng khoán;Tổng giá trị bảo lãnh (triệu đồng);Tổng giá trị bảo lãnh (triệu đồng);Data Explorer;Chỉ tiêu cơ sở;TB;Ngày, CTCK;SCMS;;X;;;;;;;;;;
68;Báo cáo theo Thông tư 121/2020/TT-BTC >> Hoạt động bảo lãnh phát hành chứng khoán;Hiệu số giữa tài sản ngắn hạn và nợ ngắn hạn (triệu đồng);Hiệu số giữa tài sản ngắn hạn và nợ ngắn hạn (triệu đồng);Data Explorer;Chỉ tiêu cơ sở;TB;Ngày, CTCK;SCMS;;X;;;;;;;;;;
69;Báo cáo theo Thông tư 121/2020/TT-BTC >> Các thay đổi phải được chấp thuận trong kỳ;Loại báo cáo;Loại báo cáo;Data Explorer;Chiều;Dễ;Ngày, CTCK;SCMS;X;X;;;;;;;;;;
69;Báo cáo theo Thông tư 121/2020/TT-BTC >> Các thay đổi phải được chấp thuận trong kỳ;Kỳ báo cáo;Kỳ báo cáo;Data Explorer;Chiều;Dễ;Ngày, CTCK;SCMS;X;X;;;;;;;;;;
69;Báo cáo theo Thông tư 121/2020/TT-BTC >> Các thay đổi phải được chấp thuận trong kỳ;Mã báo cáo;Mã báo cáo;Data Explorer;Chiều;Dễ;Ngày, CTCK;SCMS;X;X;;;;;;;;;;
69;Báo cáo theo Thông tư 121/2020/TT-BTC >> Các thay đổi phải được chấp thuận trong kỳ;Tên báo cáo;Tên báo cáo;Data Explorer;Chiều;Dễ;Ngày, CTCK;SCMS;X;X;;;;;;;;;;
69;Báo cáo theo Thông tư 121/2020/TT-BTC >> Các thay đổi phải được chấp thuận trong kỳ;Mã chỉ tiêu;Mã chỉ tiêu;Data Explorer;Chiều;Dễ;Ngày, CTCK;SCMS;X;X;;;;;;;;;;
69;Báo cáo theo Thông tư 121/2020/TT-BTC >> Các thay đổi phải được chấp thuận trong kỳ;Tên chỉ tiêu;Tên chỉ tiêu;Data Explorer;Chiều;Dễ;Ngày, CTCK;SCMS;X;X;;;;;;;;;;
69;Báo cáo theo Thông tư 121/2020/TT-BTC >> Các thay đổi phải được chấp thuận trong kỳ;Tên công ty chứng khoán;Tên công ty chứng khoán;Data Explorer;Chỉ tiêu cơ sở;Dễ;Ngày, CTCK;SCMS;;X;;;;;;;;;;
69;Báo cáo theo Thông tư 121/2020/TT-BTC >> Các thay đổi phải được chấp thuận trong kỳ;Sàn giao dịch;Sàn giao dịch;Data Explorer;Chỉ tiêu cơ sở;Dễ;Ngày, CTCK;SCMS;;X;;;;;;;;;;
69;Báo cáo theo Thông tư 121/2020/TT-BTC >> Các thay đổi phải được chấp thuận trong kỳ;Mã chứng khoán;Mã chứng khoán;Data Explorer;Chỉ tiêu cơ sở;Dễ;Ngày, CTCK;SCMS;;X;;;;;;;;;;
69;Báo cáo theo Thông tư 121/2020/TT-BTC >> Các thay đổi phải được chấp thuận trong kỳ;Giấy phép hoạt động >> Số;Giấy phép hoạt động >> Số;Data Explorer;Chỉ tiêu cơ sở;Dễ;Ngày, CTCK;SCMS;;X;;;;;;;;;;
69;Báo cáo theo Thông tư 121/2020/TT-BTC >> Các thay đổi phải được chấp thuận trong kỳ;"Giấy phép hoạt động >> Ngày cấp
(tháng/ngày/năm)";"Giấy phép hoạt động >> Ngày cấp
(tháng/ngày/năm)";Data Explorer;Chỉ tiêu cơ sở;Dễ;Ngày, CTCK;SCMS;;X;;;;;;;;;;
69;Báo cáo theo Thông tư 121/2020/TT-BTC >> Các thay đổi phải được chấp thuận trong kỳ;Trong nước >> Trụ sở chính >> Địa điểm;Trong nước >> Trụ sở chính >> Địa điểm;Data Explorer;Chỉ tiêu cơ sở;TB;Ngày, CTCK;SCMS;;X;;;;;;;;;;
69;Báo cáo theo Thông tư 121/2020/TT-BTC >> Các thay đổi phải được chấp thuận trong kỳ;Trong nước >> Trụ sở chính >> Đóng cửa;Trong nước >> Trụ sở chính >> Đóng cửa;Data Explorer;Chỉ tiêu cơ sở;TB;Ngày, CTCK;SCMS;;X;;;;;;;;;;
69;Báo cáo theo Thông tư 121/2020/TT-BTC >> Các thay đổi phải được chấp thuận trong kỳ;Trong nước >> Trụ sở chính >> Thành lập mới;Trong nước >> Trụ sở chính >> Thành lập mới;Data Explorer;Chỉ tiêu cơ sở;TB;Ngày, CTCK;SCMS;;X;;;;;;;;;;
69;Báo cáo theo Thông tư 121/2020/TT-BTC >> Các thay đổi phải được chấp thuận trong kỳ;Trong nước >> Trụ sở chính >> Thay tên;Trong nước >> Trụ sở chính >> Thay tên;Data Explorer;Chỉ tiêu cơ sở;TB;Ngày, CTCK;SCMS;;X;;;;;;;;;;
69;Báo cáo theo Thông tư 121/2020/TT-BTC >> Các thay đổi phải được chấp thuận trong kỳ;Trong nước >> Trụ sở chính >> Nhân sự cấp cao;Trong nước >> Trụ sở chính >> Nhân sự cấp cao;Data Explorer;Chỉ tiêu cơ sở;TB;Ngày, CTCK;SCMS;;X;;;;;;;;;;
69;Báo cáo theo Thông tư 121/2020/TT-BTC >> Các thay đổi phải được chấp thuận trong kỳ;Trong nước >> Trụ sở chính >> Thay đổi nghiệp vụ kinh doanh;Trong nước >> Trụ sở chính >> Thay đổi nghiệp vụ kinh doanh;Data Explorer;Chỉ tiêu cơ sở;TB;Ngày, CTCK;SCMS;;X;;;;;;;;;;
69;Báo cáo theo Thông tư 121/2020/TT-BTC >> Các thay đổi phải được chấp thuận trong kỳ;Trong nước >> Chi nhánh >> Địa điểm;Trong nước >> Chi nhánh >> Địa điểm;Data Explorer;Chỉ tiêu cơ sở;TB;Ngày, CTCK;SCMS;;X;;;;;;;;;;
69;Báo cáo theo Thông tư 121/2020/TT-BTC >> Các thay đổi phải được chấp thuận trong kỳ;Trong nước >> Chi nhánh >> Đóng cửa;Trong nước >> Chi nhánh >> Đóng cửa;Data Explorer;Chỉ tiêu cơ sở;TB;Ngày, CTCK;SCMS;;X;;;;;;;;;;
69;Báo cáo theo Thông tư 121/2020/TT-BTC >> Các thay đổi phải được chấp thuận trong kỳ;Trong nước >> Chi nhánh >> Thành lập mới;Trong nước >> Chi nhánh >> Thành lập mới;Data Explorer;Chỉ tiêu cơ sở;TB;Ngày, CTCK;SCMS;;X;;;;;;;;;;
69;Báo cáo theo Thông tư 121/2020/TT-BTC >> Các thay đổi phải được chấp thuận trong kỳ;Trong nước >> Chi nhánh >> Thay tên;Trong nước >> Chi nhánh >> Thay tên;Data Explorer;Chỉ tiêu cơ sở;TB;Ngày, CTCK;SCMS;;X;;;;;;;;;;
69;Báo cáo theo Thông tư 121/2020/TT-BTC >> Các thay đổi phải được chấp thuận trong kỳ;Trong nước >> Chi nhánh >> Nhân sự cấp cao;Trong nước >> Chi nhánh >> Nhân sự cấp cao;Data Explorer;Chỉ tiêu cơ sở;TB;Ngày, CTCK;SCMS;;X;;;;;;;;;;
69;Báo cáo theo Thông tư 121/2020/TT-BTC >> Các thay đổi phải được chấp thuận trong kỳ;Trong nước >> Chi nhánh >> Thay đổi nghiệp vụ kinh doanh;Trong nước >> Chi nhánh >> Thay đổi nghiệp vụ kinh doanh;Data Explorer;Chỉ tiêu cơ sở;TB;Ngày, CTCK;SCMS;;X;;;;;;;;;;
69;Báo cáo theo Thông tư 121/2020/TT-BTC >> Các thay đổi phải được chấp thuận trong kỳ;Trong nước >> Phòng giao dịch >> Địa điểm;Trong nước >> Phòng giao dịch >> Địa điểm;Data Explorer;Chỉ tiêu cơ sở;TB;Ngày, CTCK;SCMS;;X;;;;;;;;;;
69;Báo cáo theo Thông tư 121/2020/TT-BTC >> Các thay đổi phải được chấp thuận trong kỳ;Trong nước >> Phòng giao dịch >> Đóng cửa;Trong nước >> Phòng giao dịch >> Đóng cửa;Data Explorer;Chỉ tiêu cơ sở;TB;Ngày, CTCK;SCMS;;X;;;;;;;;;;
69;Báo cáo theo Thông tư 121/2020/TT-BTC >> Các thay đổi phải được chấp thuận trong kỳ;Trong nước >> Phòng giao dịch >> Thành lập mới;Trong nước >> Phòng giao dịch >> Thành lập mới;Data Explorer;Chỉ tiêu cơ sở;TB;Ngày, CTCK;SCMS;;X;;;;;;;;;;
69;Báo cáo theo Thông tư 121/2020/TT-BTC >> Các thay đổi phải được chấp thuận trong kỳ;Trong nước >> Phòng giao dịch >> Thay tên;Trong nước >> Phòng giao dịch >> Thay tên;Data Explorer;Chỉ tiêu cơ sở;TB;Ngày, CTCK;SCMS;;X;;;;;;;;;;
69;Báo cáo theo Thông tư 121/2020/TT-BTC >> Các thay đổi phải được chấp thuận trong kỳ;Trong nước >> Phòng giao dịch >> Nhân sự cấp cao;Trong nước >> Phòng giao dịch >> Nhân sự cấp cao;Data Explorer;Chỉ tiêu cơ sở;TB;Ngày, CTCK;SCMS;;X;;;;;;;;;;
69;Báo cáo theo Thông tư 121/2020/TT-BTC >> Các thay đổi phải được chấp thuận trong kỳ;Trong nước >> Phòng giao dịch >> Thay đổi nghiệp vụ kinh doanh;Trong nước >> Phòng giao dịch >> Thay đổi nghiệp vụ kinh doanh;Data Explorer;Chỉ tiêu cơ sở;TB;Ngày, CTCK;SCMS;;X;;;;;;;;;;
69;Báo cáo theo Thông tư 121/2020/TT-BTC >> Các thay đổi phải được chấp thuận trong kỳ;Trong nước >> Văn phòng đại diện >> Địa điểm;Trong nước >> Văn phòng đại diện >> Địa điểm;Data Explorer;Chỉ tiêu cơ sở;TB;Ngày, CTCK;SCMS;;X;;;;;;;;;;
69;Báo cáo theo Thông tư 121/2020/TT-BTC >> Các thay đổi phải được chấp thuận trong kỳ;Trong nước >> Văn phòng đại diện >> Đóng cửa;Trong nước >> Văn phòng đại diện >> Đóng cửa;Data Explorer;Chỉ tiêu cơ sở;TB;Ngày, CTCK;SCMS;;X;;;;;;;;;;
69;Báo cáo theo Thông tư 121/2020/TT-BTC >> Các thay đổi phải được chấp thuận trong kỳ;Trong nước >> Văn phòng đại diện >> Thành lập mới;Trong nước >> Văn phòng đại diện >> Thành lập mới;Data Explorer;Chỉ tiêu cơ sở;TB;Ngày, CTCK;SCMS;;X;;;;;;;;;;
69;Báo cáo theo Thông tư 121/2020/TT-BTC >> Các thay đổi phải được chấp thuận trong kỳ;Trong nước >> Văn phòng đại diện >> Thay tên;Trong nước >> Văn phòng đại diện >> Thay tên;Data Explorer;Chỉ tiêu cơ sở;TB;Ngày, CTCK;SCMS;;X;;;;;;;;;;
69;Báo cáo theo Thông tư 121/2020/TT-BTC >> Các thay đổi phải được chấp thuận trong kỳ;Trong nước >> Văn phòng đại diện >> Nhân sự cấp cao;Trong nước >> Văn phòng đại diện >> Nhân sự cấp cao;Data Explorer;Chỉ tiêu cơ sở;TB;Ngày, CTCK;SCMS;;X;;;;;;;;;;
69;Báo cáo theo Thông tư 121/2020/TT-BTC >> Các thay đổi phải được chấp thuận trong kỳ;Trong nước >> Văn phòng đại diện >> Thay đổi nghiệp vụ kinh doanh;Trong nước >> Văn phòng đại diện >> Thay đổi nghiệp vụ kinh doanh;Data Explorer;Chỉ tiêu cơ sở;TB;Ngày, CTCK;SCMS;;X;;;;;;;;;;
69;Báo cáo theo Thông tư 121/2020/TT-BTC >> Các thay đổi phải được chấp thuận trong kỳ;Nước ngoài >> Chi nhánh >> Địa điểm;Nước ngoài >> Chi nhánh >> Địa điểm;Data Explorer;Chỉ tiêu cơ sở;TB;Ngày, CTCK;SCMS;;X;;;;;;;;;;
69;Báo cáo theo Thông tư 121/2020/TT-BTC >> Các thay đổi phải được chấp thuận trong kỳ;Nước ngoài >> Chi nhánh >> Đóng cửa;Nước ngoài >> Chi nhánh >> Đóng cửa;Data Explorer;Chỉ tiêu cơ sở;TB;Ngày, CTCK;SCMS;;X;;;;;;;;;;
69;Báo cáo theo Thông tư 121/2020/TT-BTC >> Các thay đổi phải được chấp thuận trong kỳ;Nước ngoài >> Chi nhánh >> Thành lập mới;Nước ngoài >> Chi nhánh >> Thành lập mới;Data Explorer;Chỉ tiêu cơ sở;TB;Ngày, CTCK;SCMS;;X;;;;;;;;;;
69;Báo cáo theo Thông tư 121/2020/TT-BTC >> Các thay đổi phải được chấp thuận trong kỳ;Nước ngoài >> Chi nhánh >> Thay tên;Nước ngoài >> Chi nhánh >> Thay tên;Data Explorer;Chỉ tiêu cơ sở;TB;Ngày, CTCK;SCMS;;X;;;;;;;;;;
69;Báo cáo theo Thông tư 121/2020/TT-BTC >> Các thay đổi phải được chấp thuận trong kỳ;Nước ngoài >> Chi nhánh >> Nhân sự cấp cao;Nước ngoài >> Chi nhánh >> Nhân sự cấp cao;Data Explorer;Chỉ tiêu cơ sở;TB;Ngày, CTCK;SCMS;;X;;;;;;;;;;
69;Báo cáo theo Thông tư 121/2020/TT-BTC >> Các thay đổi phải được chấp thuận trong kỳ;Nước ngoài >> Chi nhánh >> Thay đổi nghiệp vụ kinh doanh;Nước ngoài >> Chi nhánh >> Thay đổi nghiệp vụ kinh doanh;Data Explorer;Chỉ tiêu cơ sở;TB;Ngày, CTCK;SCMS;;X;;;;;;;;;;
69;Báo cáo theo Thông tư 121/2020/TT-BTC >> Các thay đổi phải được chấp thuận trong kỳ;Nước ngoài >> Văn phòng đại diện >> Địa điểm;Nước ngoài >> Văn phòng đại diện >> Địa điểm;Data Explorer;Chỉ tiêu cơ sở;TB;Ngày, CTCK;SCMS;;X;;;;;;;;;;
69;Báo cáo theo Thông tư 121/2020/TT-BTC >> Các thay đổi phải được chấp thuận trong kỳ;Nước ngoài >> Văn phòng đại diện >> Đóng cửa;Nước ngoài >> Văn phòng đại diện >> Đóng cửa;Data Explorer;Chỉ tiêu cơ sở;TB;Ngày, CTCK;SCMS;;X;;;;;;;;;;
69;Báo cáo theo Thông tư 121/2020/TT-BTC >> Các thay đổi phải được chấp thuận trong kỳ;Nước ngoài >> Văn phòng đại diện >> Thành lập mới;Nước ngoài >> Văn phòng đại diện >> Thành lập mới;Data Explorer;Chỉ tiêu cơ sở;TB;Ngày, CTCK;SCMS;;X;;;;;;;;;;
69;Báo cáo theo Thông tư 121/2020/TT-BTC >> Các thay đổi phải được chấp thuận trong kỳ;Nước ngoài >> Văn phòng đại diện >> Thay tên;Nước ngoài >> Văn phòng đại diện >> Thay tên;Data Explorer;Chỉ tiêu cơ sở;TB;Ngày, CTCK;SCMS;;X;;;;;;;;;;
69;Báo cáo theo Thông tư 121/2020/TT-BTC >> Các thay đổi phải được chấp thuận trong kỳ;Nước ngoài >> Văn phòng đại diện >> Nhân sự cấp cao;Nước ngoài >> Văn phòng đại diện >> Nhân sự cấp cao;Data Explorer;Chỉ tiêu cơ sở;TB;Ngày, CTCK;SCMS;;X;;;;;;;;;;
69;Báo cáo theo Thông tư 121/2020/TT-BTC >> Các thay đổi phải được chấp thuận trong kỳ;Nước ngoài >> Văn phòng đại diện >> Thay đổi nghiệp vụ kinh doanh;Nước ngoài >> Văn phòng đại diện >> Thay đổi nghiệp vụ kinh doanh;Data Explorer;Chỉ tiêu cơ sở;TB;Ngày, CTCK;SCMS;;X;;;;;;;;;;
70;Báo cáo theo Thông tư 121/2020/TT-BTC >> Số lượng tài khoản giao dịch chứng khoán của nhà đầu tư;Loại báo cáo;Loại báo cáo;Data Explorer;Chiều;Dễ;Ngày, CTCK;SCMS;X;X;;;;;;;;;;
70;Báo cáo theo Thông tư 121/2020/TT-BTC >> Số lượng tài khoản giao dịch chứng khoán của nhà đầu tư;Kỳ báo cáo;Kỳ báo cáo;Data Explorer;Chiều;Dễ;Ngày, CTCK;SCMS;X;X;;;;;;;;;;
70;Báo cáo theo Thông tư 121/2020/TT-BTC >> Số lượng tài khoản giao dịch chứng khoán của nhà đầu tư;Mã báo cáo;Mã báo cáo;Data Explorer;Chiều;Dễ;Ngày, CTCK;SCMS;X;X;;;;;;;;;;
70;Báo cáo theo Thông tư 121/2020/TT-BTC >> Số lượng tài khoản giao dịch chứng khoán của nhà đầu tư;Tên báo cáo;Tên báo cáo;Data Explorer;Chiều;Dễ;Ngày, CTCK;SCMS;X;X;;;;;;;;;;
70;Báo cáo theo Thông tư 121/2020/TT-BTC >> Số lượng tài khoản giao dịch chứng khoán của nhà đầu tư;Mã chỉ tiêu;Mã chỉ tiêu;Data Explorer;Chiều;Dễ;Ngày, CTCK;SCMS;X;X;;;;;;;;;;
70;Báo cáo theo Thông tư 121/2020/TT-BTC >> Số lượng tài khoản giao dịch chứng khoán của nhà đầu tư;Tên chỉ tiêu;Tên chỉ tiêu;Data Explorer;Chiều;Dễ;Ngày, CTCK;SCMS;X;X;;;;;;;;;;
70;Báo cáo theo Thông tư 121/2020/TT-BTC >> Số lượng tài khoản giao dịch chứng khoán của nhà đầu tư;Tên công ty chứng khoán;Tên công ty chứng khoán;Data Explorer;Chỉ tiêu cơ sở;Dễ;Ngày, CTCK;SCMS;;X;;;;;;;;;;
70;Báo cáo theo Thông tư 121/2020/TT-BTC >> Số lượng tài khoản giao dịch chứng khoán của nhà đầu tư;Sàn giao dịch;Sàn giao dịch;Data Explorer;Chỉ tiêu cơ sở;Dễ;Ngày, CTCK;SCMS;;X;;;;;;;;;;
70;Báo cáo theo Thông tư 121/2020/TT-BTC >> Số lượng tài khoản giao dịch chứng khoán của nhà đầu tư;Mã chứng khoán;Mã chứng khoán;Data Explorer;Chỉ tiêu cơ sở;Dễ;Ngày, CTCK;SCMS;;X;;;;;;;;;;
70;Báo cáo theo Thông tư 121/2020/TT-BTC >> Số lượng tài khoản giao dịch chứng khoán của nhà đầu tư;Giấy phép hoạt động >> Số;Giấy phép hoạt động >> Số;Data Explorer;Chỉ tiêu cơ sở;Dễ;Ngày, CTCK;SCMS;;X;;;;;;;;;;
70;Báo cáo theo Thông tư 121/2020/TT-BTC >> Số lượng tài khoản giao dịch chứng khoán của nhà đầu tư;"Giấy phép hoạt động >> Ngày cấp
(tháng/ngày/năm)";"Giấy phép hoạt động >> Ngày cấp
(tháng/ngày/năm)";Data Explorer;Chỉ tiêu cơ sở;Dễ;Ngày, CTCK;SCMS;;X;;;;;;;;;;
70;Báo cáo theo Thông tư 121/2020/TT-BTC >> Số lượng tài khoản giao dịch chứng khoán của nhà đầu tư;Khách hàng trong nước >> Cá nhân >> Số lượng tài khoản >> Trong kỳ;Khách hàng trong nước >> Cá nhân >> Số lượng tài khoản >> Trong kỳ;Data Explorer;Chỉ tiêu cơ sở;TB;Ngày, CTCK;SCMS;;X;;;;;;;;;;
70;Báo cáo theo Thông tư 121/2020/TT-BTC >> Số lượng tài khoản giao dịch chứng khoán của nhà đầu tư;Khách hàng trong nước >> Cá nhân >> Số lượng tài khoản >> Tăng/Giảm;Khách hàng trong nước >> Cá nhân >> Số lượng tài khoản >> Tăng/Giảm;Data Explorer;Chỉ tiêu cơ sở;TB;Ngày, CTCK;SCMS;;X;;;;;;;;;;
70;Báo cáo theo Thông tư 121/2020/TT-BTC >> Số lượng tài khoản giao dịch chứng khoán của nhà đầu tư;Khách hàng trong nước >> Cá nhân >> Số lượng tài khoản có phát sinh giao dịch trong kỳ;Khách hàng trong nước >> Cá nhân >> Số lượng tài khoản có phát sinh giao dịch trong kỳ;Data Explorer;Chỉ tiêu cơ sở;TB;Ngày, CTCK;SCMS;;X;;;;;;;;;;
70;Báo cáo theo Thông tư 121/2020/TT-BTC >> Số lượng tài khoản giao dịch chứng khoán của nhà đầu tư;Khách hàng trong nước >> Tổ chức >> Số lượng tài khoản >> Trong kỳ;Khách hàng trong nước >> Tổ chức >> Số lượng tài khoản >> Trong kỳ;Data Explorer;Chỉ tiêu cơ sở;TB;Ngày, CTCK;SCMS;;X;;;;;;;;;;
70;Báo cáo theo Thông tư 121/2020/TT-BTC >> Số lượng tài khoản giao dịch chứng khoán của nhà đầu tư;Khách hàng trong nước >> Tổ chức >> Số lượng tài khoản >> Tăng/Giảm;Khách hàng trong nước >> Tổ chức >> Số lượng tài khoản >> Tăng/Giảm;Data Explorer;Chỉ tiêu cơ sở;TB;Ngày, CTCK;SCMS;;X;;;;;;;;;;
70;Báo cáo theo Thông tư 121/2020/TT-BTC >> Số lượng tài khoản giao dịch chứng khoán của nhà đầu tư;Khách hàng trong nước >> Tổ chức >> Số lượng tài khoản có phát sinh giao dịch trong kỳ;Khách hàng trong nước >> Tổ chức >> Số lượng tài khoản có phát sinh giao dịch trong kỳ;Data Explorer;Chỉ tiêu cơ sở;TB;Ngày, CTCK;SCMS;;X;;;;;;;;;;
70;Báo cáo theo Thông tư 121/2020/TT-BTC >> Số lượng tài khoản giao dịch chứng khoán của nhà đầu tư;Khách hàng nước ngoài >> Cá nhân >> Số lượng tài khoản >> Trong kỳ;Khách hàng nước ngoài >> Cá nhân >> Số lượng tài khoản >> Trong kỳ;Data Explorer;Chỉ tiêu cơ sở;TB;Ngày, CTCK;SCMS;;X;;;;;;;;;;
70;Báo cáo theo Thông tư 121/2020/TT-BTC >> Số lượng tài khoản giao dịch chứng khoán của nhà đầu tư;Khách hàng nước ngoài >> Cá nhân >> Số lượng tài khoản >> Tăng/Giảm;Khách hàng nước ngoài >> Cá nhân >> Số lượng tài khoản >> Tăng/Giảm;Data Explorer;Chỉ tiêu cơ sở;TB;Ngày, CTCK;SCMS;;X;;;;;;;;;;
70;Báo cáo theo Thông tư 121/2020/TT-BTC >> Số lượng tài khoản giao dịch chứng khoán của nhà đầu tư;Khách hàng nước ngoài >> Cá nhân >> Số lượng tài khoản có phát sinh giao dịch trong kỳ;Khách hàng nước ngoài >> Cá nhân >> Số lượng tài khoản có phát sinh giao dịch trong kỳ;Data Explorer;Chỉ tiêu cơ sở;TB;Ngày, CTCK;SCMS;;X;;;;;;;;;;
70;Báo cáo theo Thông tư 121/2020/TT-BTC >> Số lượng tài khoản giao dịch chứng khoán của nhà đầu tư;Khách hàng nước ngoài >> Tổ chức >> Số lượng tài khoản >> Trong kỳ;Khách hàng nước ngoài >> Tổ chức >> Số lượng tài khoản >> Trong kỳ;Data Explorer;Chỉ tiêu cơ sở;TB;Ngày, CTCK;SCMS;;X;;;;;;;;;;
70;Báo cáo theo Thông tư 121/2020/TT-BTC >> Số lượng tài khoản giao dịch chứng khoán của nhà đầu tư;Khách hàng nước ngoài >> Tổ chức >> Số lượng tài khoản >> Tăng/Giảm;Khách hàng nước ngoài >> Tổ chức >> Số lượng tài khoản >> Tăng/Giảm;Data Explorer;Chỉ tiêu cơ sở;TB;Ngày, CTCK;SCMS;;X;;;;;;;;;;
70;Báo cáo theo Thông tư 121/2020/TT-BTC >> Số lượng tài khoản giao dịch chứng khoán của nhà đầu tư;Khách hàng nước ngoài >> Tổ chức >> Số lượng tài khoản có phát sinh giao dịch trong kỳ;Khách hàng nước ngoài >> Tổ chức >> Số lượng tài khoản có phát sinh giao dịch trong kỳ;Data Explorer;Chỉ tiêu cơ sở;TB;Ngày, CTCK;SCMS;;X;;;;;;;;;;
70;Báo cáo theo Thông tư 121/2020/TT-BTC >> Số lượng tài khoản giao dịch chứng khoán của nhà đầu tư;"TỔNG >> Số lượng tài khoản	>> Trong kỳ";"TỔNG >> Số lượng tài khoản	>> Trong kỳ";Data Explorer;Chỉ tiêu cơ sở;TB;Ngày, CTCK;SCMS;;X;;;;;;;;;;
70;Báo cáo theo Thông tư 121/2020/TT-BTC >> Số lượng tài khoản giao dịch chứng khoán của nhà đầu tư;TỔNG >> Số lượng tài khoản >> Tăng/Giảm;TỔNG >> Số lượng tài khoản >> Tăng/Giảm;Data Explorer;Chỉ tiêu cơ sở;TB;Ngày, CTCK;SCMS;;X;;;;;;;;;;
70;Báo cáo theo Thông tư 121/2020/TT-BTC >> Số lượng tài khoản giao dịch chứng khoán của nhà đầu tư;TỔNG >> Số lượng tài khoản có phát sinh giao dịch trong kỳ;TỔNG >> Số lượng tài khoản có phát sinh giao dịch trong kỳ;Data Explorer;Chỉ tiêu cơ sở;TB;Ngày, CTCK;SCMS;;X;;;;;;;;;;
71;Báo cáo theo Thông tư 121/2020/TT-BTC >> Ủy thác quản lý tài khoản giao dịch chứng khoán của nhà đầu tư cá nhân;Loại báo cáo;Loại báo cáo;Data Explorer;Chiều;Dễ;Ngày, CTCK;SCMS;X;X;;;;;;;;;;
71;Báo cáo theo Thông tư 121/2020/TT-BTC >> Ủy thác quản lý tài khoản giao dịch chứng khoán của nhà đầu tư cá nhân;Kỳ báo cáo;Kỳ báo cáo;Data Explorer;Chiều;Dễ;Ngày, CTCK;SCMS;X;X;;;;;;;;;;
71;Báo cáo theo Thông tư 121/2020/TT-BTC >> Ủy thác quản lý tài khoản giao dịch chứng khoán của nhà đầu tư cá nhân;Mã báo cáo;Mã báo cáo;Data Explorer;Chiều;Dễ;Ngày, CTCK;SCMS;X;X;;;;;;;;;;
71;Báo cáo theo Thông tư 121/2020/TT-BTC >> Ủy thác quản lý tài khoản giao dịch chứng khoán của nhà đầu tư cá nhân;Tên báo cáo;Tên báo cáo;Data Explorer;Chiều;Dễ;Ngày, CTCK;SCMS;X;X;;;;;;;;;;
71;Báo cáo theo Thông tư 121/2020/TT-BTC >> Ủy thác quản lý tài khoản giao dịch chứng khoán của nhà đầu tư cá nhân;Mã chỉ tiêu;Mã chỉ tiêu;Data Explorer;Chiều;Dễ;Ngày, CTCK;SCMS;X;X;;;;;;;;;;
71;Báo cáo theo Thông tư 121/2020/TT-BTC >> Ủy thác quản lý tài khoản giao dịch chứng khoán của nhà đầu tư cá nhân;Tên chỉ tiêu;Tên chỉ tiêu;Data Explorer;Chiều;Dễ;Ngày, CTCK;SCMS;X;X;;;;;;;;;;
71;Báo cáo theo Thông tư 121/2020/TT-BTC >> Ủy thác quản lý tài khoản giao dịch chứng khoán của nhà đầu tư cá nhân;Tên công ty chứng khoán;Tên công ty chứng khoán;Data Explorer;Chỉ tiêu cơ sở;Dễ;Ngày, CTCK;SCMS;;X;;;;;;;;;;
71;Báo cáo theo Thông tư 121/2020/TT-BTC >> Ủy thác quản lý tài khoản giao dịch chứng khoán của nhà đầu tư cá nhân;Sàn giao dịch;Sàn giao dịch;Data Explorer;Chỉ tiêu cơ sở;Dễ;Ngày, CTCK;SCMS;;X;;;;;;;;;;
71;Báo cáo theo Thông tư 121/2020/TT-BTC >> Ủy thác quản lý tài khoản giao dịch chứng khoán của nhà đầu tư cá nhân;Mã chứng khoán;Mã chứng khoán;Data Explorer;Chỉ tiêu cơ sở;Dễ;Ngày, CTCK;SCMS;;X;;;;;;;;;;
71;Báo cáo theo Thông tư 121/2020/TT-BTC >> Ủy thác quản lý tài khoản giao dịch chứng khoán của nhà đầu tư cá nhân;Giấy phép hoạt động >> Số;Giấy phép hoạt động >> Số;Data Explorer;Chỉ tiêu cơ sở;Dễ;Ngày, CTCK;SCMS;;X;;;;;;;;;;
71;Báo cáo theo Thông tư 121/2020/TT-BTC >> Ủy thác quản lý tài khoản giao dịch chứng khoán của nhà đầu tư cá nhân;"Giấy phép hoạt động >> Ngày cấp
(tháng/ngày/năm)";"Giấy phép hoạt động >> Ngày cấp
(tháng/ngày/năm)";Data Explorer;Chỉ tiêu cơ sở;Dễ;Ngày, CTCK;SCMS;;X;;;;;;;;;;
71;Báo cáo theo Thông tư 121/2020/TT-BTC >> Ủy thác quản lý tài khoản giao dịch chứng khoán của nhà đầu tư cá nhân;Khách hàng trong nước >> Tổng số tài sản ủy thác >> Đầu kỳ ;Khách hàng trong nước >> Tổng số tài sản ủy thác >> Đầu kỳ ;Data Explorer;Chỉ tiêu cơ sở;TB;Ngày, CTCK;SCMS;;X;;;;;;;;;;
71;Báo cáo theo Thông tư 121/2020/TT-BTC >> Ủy thác quản lý tài khoản giao dịch chứng khoán của nhà đầu tư cá nhân;Khách hàng trong nước >> Tổng số tài sản ủy thác >> Cuối kỳ ;Khách hàng trong nước >> Tổng số tài sản ủy thác >> Cuối kỳ ;Data Explorer;Chỉ tiêu cơ sở;TB;Ngày, CTCK;SCMS;;X;;;;;;;;;;
71;Báo cáo theo Thông tư 121/2020/TT-BTC >> Ủy thác quản lý tài khoản giao dịch chứng khoán của nhà đầu tư cá nhân;Khách hàng trong nước >> Tổng số tài sản ủy thác >> Tăng/Giảm;Khách hàng trong nước >> Tổng số tài sản ủy thác >> Tăng/Giảm;Data Explorer;Chỉ tiêu cơ sở;TB;Ngày, CTCK;SCMS;;X;;;;;;;;;;
71;Báo cáo theo Thông tư 121/2020/TT-BTC >> Ủy thác quản lý tài khoản giao dịch chứng khoán của nhà đầu tư cá nhân;Khách hàng trong nước >> Giá trị ủy thác (Triệu đồng);Khách hàng trong nước >> Giá trị ủy thác (Triệu đồng);Data Explorer;Chỉ tiêu cơ sở;TB;Ngày, CTCK;SCMS;;X;;;;;;;;;;
71;Báo cáo theo Thông tư 121/2020/TT-BTC >> Ủy thác quản lý tài khoản giao dịch chứng khoán của nhà đầu tư cá nhân;Khách hàng nước ngoài >> Tổng số tài sản ủy thác >> Đầu kỳ ;Khách hàng nước ngoài >> Tổng số tài sản ủy thác >> Đầu kỳ ;Data Explorer;Chỉ tiêu cơ sở;TB;Ngày, CTCK;SCMS;;X;;;;;;;;;;
71;Báo cáo theo Thông tư 121/2020/TT-BTC >> Ủy thác quản lý tài khoản giao dịch chứng khoán của nhà đầu tư cá nhân;Khách hàng nước ngoài >> Tổng số tài sản ủy thác >> Cuối kỳ ;Khách hàng nước ngoài >> Tổng số tài sản ủy thác >> Cuối kỳ ;Data Explorer;Chỉ tiêu cơ sở;TB;Ngày, CTCK;SCMS;;X;;;;;;;;;;
71;Báo cáo theo Thông tư 121/2020/TT-BTC >> Ủy thác quản lý tài khoản giao dịch chứng khoán của nhà đầu tư cá nhân;Khách hàng nước ngoài >> Tổng số tài sản ủy thác >> Tăng/Giảm;Khách hàng nước ngoài >> Tổng số tài sản ủy thác >> Tăng/Giảm;Data Explorer;Chỉ tiêu cơ sở;TB;Ngày, CTCK;SCMS;;X;;;;;;;;;;
71;Báo cáo theo Thông tư 121/2020/TT-BTC >> Ủy thác quản lý tài khoản giao dịch chứng khoán của nhà đầu tư cá nhân;Khách hàng nước ngoài >> Giá trị ủy thác (Triệu đồng);Khách hàng nước ngoài >> Giá trị ủy thác (Triệu đồng);Data Explorer;Chỉ tiêu cơ sở;TB;Ngày, CTCK;SCMS;;X;;;;;;;;;;
71;Báo cáo theo Thông tư 121/2020/TT-BTC >> Ủy thác quản lý tài khoản giao dịch chứng khoán của nhà đầu tư cá nhân;Tổng cộng >> Tổng số tài sản ủy thác >> Đầu kỳ ;Tổng cộng >> Tổng số tài sản ủy thác >> Đầu kỳ ;Data Explorer;Chỉ tiêu cơ sở;TB;Ngày, CTCK;SCMS;;X;;;;;;;;;;
71;Báo cáo theo Thông tư 121/2020/TT-BTC >> Ủy thác quản lý tài khoản giao dịch chứng khoán của nhà đầu tư cá nhân;Tổng cộng >> Tổng số tài sản ủy thác >> Cuối kỳ ;Tổng cộng >> Tổng số tài sản ủy thác >> Cuối kỳ ;Data Explorer;Chỉ tiêu cơ sở;TB;Ngày, CTCK;SCMS;;X;;;;;;;;;;
71;Báo cáo theo Thông tư 121/2020/TT-BTC >> Ủy thác quản lý tài khoản giao dịch chứng khoán của nhà đầu tư cá nhân;Tổng cộng >> Tổng số tài sản ủy thác >> Tăng/Giảm;Tổng cộng >> Tổng số tài sản ủy thác >> Tăng/Giảm;Data Explorer;Chỉ tiêu cơ sở;TB;Ngày, CTCK;SCMS;;X;;;;;;;;;;
71;Báo cáo theo Thông tư 121/2020/TT-BTC >> Ủy thác quản lý tài khoản giao dịch chứng khoán của nhà đầu tư cá nhân;Tổng cộng >> Giá trị ủy thác (Triệu đồng);Tổng cộng >> Giá trị ủy thác (Triệu đồng);Data Explorer;Chỉ tiêu cơ sở;TB;Ngày, CTCK;SCMS;;X;;;;;;;;;;
72;Báo cáo theo Thông tư 121/2020/TT-BTC >> Các hoạt động tư vấn và cung cấp dịch vụ;Loại báo cáo;Loại báo cáo;Data Explorer;Chiều;Dễ;Ngày, CTCK;SCMS;X;X;;;;;;;;;;
72;Báo cáo theo Thông tư 121/2020/TT-BTC >> Các hoạt động tư vấn và cung cấp dịch vụ;Kỳ báo cáo;Kỳ báo cáo;Data Explorer;Chiều;Dễ;Ngày, CTCK;SCMS;X;X;;;;;;;;;;
72;Báo cáo theo Thông tư 121/2020/TT-BTC >> Các hoạt động tư vấn và cung cấp dịch vụ;Mã báo cáo;Mã báo cáo;Data Explorer;Chiều;Dễ;Ngày, CTCK;SCMS;X;X;;;;;;;;;;
72;Báo cáo theo Thông tư 121/2020/TT-BTC >> Các hoạt động tư vấn và cung cấp dịch vụ;Tên báo cáo;Tên báo cáo;Data Explorer;Chiều;Dễ;Ngày, CTCK;SCMS;X;X;;;;;;;;;;
72;Báo cáo theo Thông tư 121/2020/TT-BTC >> Các hoạt động tư vấn và cung cấp dịch vụ;Mã chỉ tiêu;Mã chỉ tiêu;Data Explorer;Chiều;Dễ;Ngày, CTCK;SCMS;X;X;;;;;;;;;;
72;Báo cáo theo Thông tư 121/2020/TT-BTC >> Các hoạt động tư vấn và cung cấp dịch vụ;Tên chỉ tiêu;Tên chỉ tiêu;Data Explorer;Chiều;Dễ;Ngày, CTCK;SCMS;X;X;;;;;;;;;;
72;Báo cáo theo Thông tư 121/2020/TT-BTC >> Các hoạt động tư vấn và cung cấp dịch vụ;Tên công ty chứng khoán;Tên công ty chứng khoán;Data Explorer;Chỉ tiêu cơ sở;Dễ;Ngày, CTCK;SCMS;;X;;;;;;;;;;
72;Báo cáo theo Thông tư 121/2020/TT-BTC >> Các hoạt động tư vấn và cung cấp dịch vụ;Sàn giao dịch;Sàn giao dịch;Data Explorer;Chỉ tiêu cơ sở;Dễ;Ngày, CTCK;SCMS;;X;;;;;;;;;;
72;Báo cáo theo Thông tư 121/2020/TT-BTC >> Các hoạt động tư vấn và cung cấp dịch vụ;Mã chứng khoán;Mã chứng khoán;Data Explorer;Chỉ tiêu cơ sở;Dễ;Ngày, CTCK;SCMS;;X;;;;;;;;;;
72;Báo cáo theo Thông tư 121/2020/TT-BTC >> Các hoạt động tư vấn và cung cấp dịch vụ;Giấy phép hoạt động >> Số;Giấy phép hoạt động >> Số;Data Explorer;Chỉ tiêu cơ sở;Dễ;Ngày, CTCK;SCMS;;X;;;;;;;;;;
72;Báo cáo theo Thông tư 121/2020/TT-BTC >> Các hoạt động tư vấn và cung cấp dịch vụ;"Giấy phép hoạt động >> Ngày cấp
(tháng/ngày/năm)";"Giấy phép hoạt động >> Ngày cấp
(tháng/ngày/năm)";Data Explorer;Chỉ tiêu cơ sở;Dễ;Ngày, CTCK;SCMS;;X;;;;;;;;;;
72;Báo cáo theo Thông tư 121/2020/TT-BTC >> Các hoạt động tư vấn và cung cấp dịch vụ;Nghiệp vụ hoạt động >> Môi giới chứng khoán;Môi giới chứng khoán;Data Explorer;Chỉ tiêu cơ sở;TB;Ngày, CTCK;SCMS;;X;;;;;;;;;;
72;Báo cáo theo Thông tư 121/2020/TT-BTC >> Các hoạt động tư vấn và cung cấp dịch vụ;Nghiệp vụ hoạt động >> Tự doanh chứng khoán;Tự doanh chứng khoán;Data Explorer;Chỉ tiêu cơ sở;TB;Ngày, CTCK;SCMS;;X;;;;;;;;;;
72;Báo cáo theo Thông tư 121/2020/TT-BTC >> Các hoạt động tư vấn và cung cấp dịch vụ;Nghiệp vụ hoạt động >> Bảo lãnh phát hành chứng khoán;Bảo lãnh phát hành chứng khoán;Data Explorer;Chỉ tiêu cơ sở;TB;Ngày, CTCK;SCMS;;X;;;;;;;;;;
72;Báo cáo theo Thông tư 121/2020/TT-BTC >> Các hoạt động tư vấn và cung cấp dịch vụ;Nghiệp vụ hoạt động >> Tư vấn đầu tư chứng khoán;Tư vấn đầu tư chứng khoán;Data Explorer;Chỉ tiêu cơ sở;TB;Ngày, CTCK;SCMS;;X;;;;;;;;;;
72;Báo cáo theo Thông tư 121/2020/TT-BTC >> Các hoạt động tư vấn và cung cấp dịch vụ;Tư vấn đầu tư chứng khoán >> Số lượng hợp đồng;Tư vấn đầu tư chứng khoán >> Số lượng hợp đồng;Data Explorer;Chỉ tiêu cơ sở;TB;Ngày, CTCK;SCMS;;X;;;;;;;;;;
72;Báo cáo theo Thông tư 121/2020/TT-BTC >> Các hoạt động tư vấn và cung cấp dịch vụ;Tư vấn đầu tư chứng khoán >> Số lượng hợp đồng tăng/giảm trong kỳ;Tư vấn đầu tư chứng khoán >> Số lượng hợp đồng tăng/giảm trong kỳ;Data Explorer;Chỉ tiêu cơ sở;TB;Ngày, CTCK;SCMS;;X;;;;;;;;;;
72;Báo cáo theo Thông tư 121/2020/TT-BTC >> Các hoạt động tư vấn và cung cấp dịch vụ;Tư vấn tài chính >> Số lượng hợp đồng;Tư vấn tài chính >> Số lượng hợp đồng;Data Explorer;Chỉ tiêu cơ sở;TB;Ngày, CTCK;SCMS;;X;;;;;;;;;;
72;Báo cáo theo Thông tư 121/2020/TT-BTC >> Các hoạt động tư vấn và cung cấp dịch vụ;Tư vấn tài chính >> Số lượng hợp đồng tăng/giảm trong kỳ;Tư vấn tài chính >> Số lượng hợp đồng tăng/giảm trong kỳ;Data Explorer;Chỉ tiêu cơ sở;TB;Ngày, CTCK;SCMS;;X;;;;;;;;;;
72;Báo cáo theo Thông tư 121/2020/TT-BTC >> Các hoạt động tư vấn và cung cấp dịch vụ;Tư vấn tài chính >> Số loại tư vấn tài chính;Tư vấn tài chính >> Số loại tư vấn tài chính;Data Explorer;Chỉ tiêu cơ sở;TB;Ngày, CTCK;SCMS;;X;;;;;;;;;;
72;Báo cáo theo Thông tư 121/2020/TT-BTC >> Các hoạt động tư vấn và cung cấp dịch vụ;Dịch vụ khác >> Số lượng hợp đồng;Dịch vụ khác >> Số lượng hợp đồng;Data Explorer;Chỉ tiêu cơ sở;TB;Ngày, CTCK;SCMS;;X;;;;;;;;;;
72;Báo cáo theo Thông tư 121/2020/TT-BTC >> Các hoạt động tư vấn và cung cấp dịch vụ;Dịch vụ khác >> Số lượng hợp đồng tăng/giảm trong kỳ;Dịch vụ khác >> Số lượng hợp đồng tăng/giảm trong kỳ;Data Explorer;Chỉ tiêu cơ sở;TB;Ngày, CTCK;SCMS;;X;;;;;;;;;;
72;Báo cáo theo Thông tư 121/2020/TT-BTC >> Các hoạt động tư vấn và cung cấp dịch vụ;Dịch vụ khác >> Số loại dịch vụ khác;Dịch vụ khác >> Số loại dịch vụ khác;Data Explorer;Chỉ tiêu cơ sở;TB;Ngày, CTCK;SCMS;;X;;;;;;;;;;
73;Báo cáo theo Thông tư 121/2020/TT-BTC >> Tiền gửi giao dịch chứng khoán của nhà đầu tư - II.5.1;Loại báo cáo;Loại báo cáo;Data Explorer;Chiều;Dễ;Ngày, CTCK;SCMS;X;X;;;;;;;;;;
73;Báo cáo theo Thông tư 121/2020/TT-BTC >> Tiền gửi giao dịch chứng khoán của nhà đầu tư - II.5.1;Kỳ báo cáo;Kỳ báo cáo;Data Explorer;Chiều;Dễ;Ngày, CTCK;SCMS;X;X;;;;;;;;;;
73;Báo cáo theo Thông tư 121/2020/TT-BTC >> Tiền gửi giao dịch chứng khoán của nhà đầu tư - II.5.1;Mã báo cáo;Mã báo cáo;Data Explorer;Chiều;Dễ;Ngày, CTCK;SCMS;X;X;;;;;;;;;;
73;Báo cáo theo Thông tư 121/2020/TT-BTC >> Tiền gửi giao dịch chứng khoán của nhà đầu tư - II.5.1;Tên báo cáo;Tên báo cáo;Data Explorer;Chiều;Dễ;Ngày, CTCK;SCMS;X;X;;;;;;;;;;
73;Báo cáo theo Thông tư 121/2020/TT-BTC >> Tiền gửi giao dịch chứng khoán của nhà đầu tư - II.5.1;Mã chỉ tiêu;Mã chỉ tiêu;Data Explorer;Chiều;Dễ;Ngày, CTCK;SCMS;X;X;;;;;;;;;;
73;Báo cáo theo Thông tư 121/2020/TT-BTC >> Tiền gửi giao dịch chứng khoán của nhà đầu tư - II.5.1;Tên chỉ tiêu;Tên chỉ tiêu;Data Explorer;Chiều;Dễ;Ngày, CTCK;SCMS;X;X;;;;;;;;;;
73;Báo cáo theo Thông tư 121/2020/TT-BTC >> Tiền gửi giao dịch chứng khoán của nhà đầu tư - II.5.1;Tên công ty chứng khoán;Tên công ty chứng khoán;Data Explorer;Chỉ tiêu cơ sở;Dễ;Ngày, CTCK;SCMS;;X;;;;;;;;;;
73;Báo cáo theo Thông tư 121/2020/TT-BTC >> Tiền gửi giao dịch chứng khoán của nhà đầu tư - II.5.1;Sàn giao dịch;Sàn giao dịch;Data Explorer;Chỉ tiêu cơ sở;Dễ;Ngày, CTCK;SCMS;;X;;;;;;;;;;
73;Báo cáo theo Thông tư 121/2020/TT-BTC >> Tiền gửi giao dịch chứng khoán của nhà đầu tư - II.5.1;Mã chứng khoán;Mã chứng khoán;Data Explorer;Chỉ tiêu cơ sở;Dễ;Ngày, CTCK;SCMS;;X;;;;;;;;;;
73;Báo cáo theo Thông tư 121/2020/TT-BTC >> Tiền gửi giao dịch chứng khoán của nhà đầu tư - II.5.1;Giấy phép hoạt động >> Số;Giấy phép hoạt động >> Số;Data Explorer;Chỉ tiêu cơ sở;Dễ;Ngày, CTCK;SCMS;;X;;;;;;;;;;
73;Báo cáo theo Thông tư 121/2020/TT-BTC >> Tiền gửi giao dịch chứng khoán của nhà đầu tư - II.5.1;Giấy phép hoạt động >> Ngày cấp;Giấy phép hoạt động >> Ngày cấp;Data Explorer;Chỉ tiêu cơ sở;Dễ;Ngày, CTCK;SCMS;;X;;;;;;;;;;
73;Báo cáo theo Thông tư 121/2020/TT-BTC >> Tiền gửi giao dịch chứng khoán của nhà đầu tư - II.5.1;Tên ngân hàng nhận tiền gửi;Tên ngân hàng nhận tiền gửi;Data Explorer;Chỉ tiêu cơ sở;Dễ;Ngày, CTCK;SCMS;;X;;;;;;;;;;
73;Báo cáo theo Thông tư 121/2020/TT-BTC >> Tiền gửi giao dịch chứng khoán của nhà đầu tư - II.5.1;Số tài khoản;Số tài khoản;Data Explorer;Chỉ tiêu cơ sở;Dễ;Ngày, CTCK;SCMS;;X;;;;;;;;;;
73;Báo cáo theo Thông tư 121/2020/TT-BTC >> Tiền gửi giao dịch chứng khoán của nhà đầu tư - II.5.1;Số dư trên tài khoản (Triệu đồng);Số dư trên tài khoản (Triệu đồng);Data Explorer;Chỉ tiêu cơ sở;TB;Ngày, CTCK;SCMS;;X;;;;;;;;;;
73;Báo cáo theo Thông tư 121/2020/TT-BTC >> Tiền gửi giao dịch chứng khoán của nhà đầu tư - II.5.1;Ghi chú;Ghi chú;Data Explorer;Chỉ tiêu cơ sở;Dễ;Ngày, CTCK;SCMS;;X;;;;;;;;;;
74;Báo cáo theo Thông tư 121/2020/TT-BTC >> Tiền gửi giao dịch chứng khoán của nhà đầu tư - II.5.2;Loại báo cáo;Loại báo cáo;Data Explorer;Chiều;Dễ;Ngày, CTCK;SCMS;X;X;;;;;;;;;;
74;Báo cáo theo Thông tư 121/2020/TT-BTC >> Tiền gửi giao dịch chứng khoán của nhà đầu tư - II.5.2;Kỳ báo cáo;Kỳ báo cáo;Data Explorer;Chiều;Dễ;Ngày, CTCK;SCMS;X;X;;;;;;;;;;
74;Báo cáo theo Thông tư 121/2020/TT-BTC >> Tiền gửi giao dịch chứng khoán của nhà đầu tư - II.5.2;Mã báo cáo;Mã báo cáo;Data Explorer;Chiều;Dễ;Ngày, CTCK;SCMS;X;X;;;;;;;;;;
74;Báo cáo theo Thông tư 121/2020/TT-BTC >> Tiền gửi giao dịch chứng khoán của nhà đầu tư - II.5.2;Tên báo cáo;Tên báo cáo;Data Explorer;Chiều;Dễ;Ngày, CTCK;SCMS;X;X;;;;;;;;;;
74;Báo cáo theo Thông tư 121/2020/TT-BTC >> Tiền gửi giao dịch chứng khoán của nhà đầu tư - II.5.2;Mã chỉ tiêu;Mã chỉ tiêu;Data Explorer;Chiều;Dễ;Ngày, CTCK;SCMS;X;X;;;;;;;;;;
74;Báo cáo theo Thông tư 121/2020/TT-BTC >> Tiền gửi giao dịch chứng khoán của nhà đầu tư - II.5.2;Tên chỉ tiêu;Tên chỉ tiêu;Data Explorer;Chiều;Dễ;Ngày, CTCK;SCMS;X;X;;;;;;;;;;
74;Báo cáo theo Thông tư 121/2020/TT-BTC >> Tiền gửi giao dịch chứng khoán của nhà đầu tư - II.5.2;Tên công ty chứng khoán;Tên công ty chứng khoán;Data Explorer;Chỉ tiêu cơ sở;Trùng;Ngày, CTCK;SCMS;;X;;;;;;;;;;
74;Báo cáo theo Thông tư 121/2020/TT-BTC >> Tiền gửi giao dịch chứng khoán của nhà đầu tư - II.5.2;Sàn giao dịch;Sàn giao dịch;Data Explorer;Chỉ tiêu cơ sở;Trùng;Ngày, CTCK;SCMS;;X;;;;;;;;;;
74;Báo cáo theo Thông tư 121/2020/TT-BTC >> Tiền gửi giao dịch chứng khoán của nhà đầu tư - II.5.2;Mã chứng khoán;Mã chứng khoán;Data Explorer;Chỉ tiêu cơ sở;Trùng;Ngày, CTCK;SCMS;;X;;;;;;;;;;
74;Báo cáo theo Thông tư 121/2020/TT-BTC >> Tiền gửi giao dịch chứng khoán của nhà đầu tư - II.5.2;Giấy phép hoạt động >> Số;Giấy phép hoạt động >> Số;Data Explorer;Chỉ tiêu cơ sở;Trùng;Ngày, CTCK;SCMS;;X;;;;;;;;;;
74;Báo cáo theo Thông tư 121/2020/TT-BTC >> Tiền gửi giao dịch chứng khoán của nhà đầu tư - II.5.2;Giấy phép hoạt động >> Ngày cấp;Giấy phép hoạt động >> Ngày cấp;Data Explorer;Chỉ tiêu cơ sở;Trùng;Ngày, CTCK;SCMS;;X;;;;;;;;;;
74;Báo cáo theo Thông tư 121/2020/TT-BTC >> Tiền gửi giao dịch chứng khoán của nhà đầu tư - II.5.2;Số lượng ngân hàng nhận tiền gửi của 01 CTCK;Số lượng ngân hàng nhận tiền gửi của 01 CTCK;Data Explorer;Chỉ tiêu cơ sở;TB;Ngày, CTCK;SCMS;;X;;;;;;;;;;
74;Báo cáo theo Thông tư 121/2020/TT-BTC >> Tiền gửi giao dịch chứng khoán của nhà đầu tư - II.5.2;Số lượng tài khoản ngân hàng;Số lượng tài khoản ngân hàng;Data Explorer;Chỉ tiêu cơ sở;TB;Ngày, CTCK;SCMS;;X;;;;;;;;;;
74;Báo cáo theo Thông tư 121/2020/TT-BTC >> Tiền gửi giao dịch chứng khoán của nhà đầu tư - II.5.2;Số dư trên các tài khoản (Triệu đồng);Số dư trên các tài khoản (Triệu đồng);Data Explorer;Chỉ tiêu cơ sở;TB;Ngày, CTCK;SCMS;;X;;;;;;;;;;
74;Báo cáo theo Thông tư 121/2020/TT-BTC >> Tiền gửi giao dịch chứng khoán của nhà đầu tư - II.5.2;Ghi chú;Ghi chú;Data Explorer;Chỉ tiêu cơ sở;Dễ;Ngày, CTCK;SCMS;;X;;;;;;;;;;
75;Báo cáo theo Thông tư 121/2020/TT-BTC >> Tiền gửi giao dịch chứng khoán của nhà đầu tư - II.5.3;Loại báo cáo;Loại báo cáo;Data Explorer;Chiều;Dễ;Ngày, CTCK;SCMS;X;X;;;;;;;;;;
75;Báo cáo theo Thông tư 121/2020/TT-BTC >> Tiền gửi giao dịch chứng khoán của nhà đầu tư - II.5.3;Kỳ báo cáo;Kỳ báo cáo;Data Explorer;Chiều;Dễ;Ngày, CTCK;SCMS;X;X;;;;;;;;;;
75;Báo cáo theo Thông tư 121/2020/TT-BTC >> Tiền gửi giao dịch chứng khoán của nhà đầu tư - II.5.3;Mã báo cáo;Mã báo cáo;Data Explorer;Chiều;Dễ;Ngày, CTCK;SCMS;X;X;;;;;;;;;;
75;Báo cáo theo Thông tư 121/2020/TT-BTC >> Tiền gửi giao dịch chứng khoán của nhà đầu tư - II.5.3;Tên báo cáo;Tên báo cáo;Data Explorer;Chiều;Dễ;Ngày, CTCK;SCMS;X;X;;;;;;;;;;
75;Báo cáo theo Thông tư 121/2020/TT-BTC >> Tiền gửi giao dịch chứng khoán của nhà đầu tư - II.5.3;Mã chỉ tiêu;Mã chỉ tiêu;Data Explorer;Chiều;Dễ;Ngày, CTCK;SCMS;X;X;;;;;;;;;;
75;Báo cáo theo Thông tư 121/2020/TT-BTC >> Tiền gửi giao dịch chứng khoán của nhà đầu tư - II.5.3;Tên chỉ tiêu;Tên chỉ tiêu;Data Explorer;Chiều;Dễ;Ngày, CTCK;SCMS;X;X;;;;;;;;;;
75;Báo cáo theo Thông tư 121/2020/TT-BTC >> Tiền gửi giao dịch chứng khoán của nhà đầu tư - II.5.3;Tên ngân hàng nhận tiền gửi;Tên ngân hàng nhận tiền gửi;Data Explorer;Chỉ tiêu cơ sở;Dễ;Ngày, CTCK;SCMS;;X;;;;;;;;;;
75;Báo cáo theo Thông tư 121/2020/TT-BTC >> Tiền gửi giao dịch chứng khoán của nhà đầu tư - II.5.3;Số lượng công ty chứng khoán mở tài khoản;Số lượng công ty chứng khoán mở tài khoản;Data Explorer;Chỉ tiêu cơ sở;TB;Ngày, CTCK;SCMS;;X;;;;;;;;;;
75;Báo cáo theo Thông tư 121/2020/TT-BTC >> Tiền gửi giao dịch chứng khoán của nhà đầu tư - II.5.3;Số dư trên tài khoản (đồng);Số dư trên tài khoản (đồng);Data Explorer;Chỉ tiêu cơ sở;TB;Ngày, CTCK;SCMS;;X;;;;;;;;;;
75;Báo cáo theo Thông tư 121/2020/TT-BTC >> Tiền gửi giao dịch chứng khoán của nhà đầu tư - II.5.3;Ghi chú;Ghi chú;Data Explorer;Chỉ tiêu cơ sở;Dễ;Ngày, CTCK;SCMS;;X;;;;;;;;;;
76;Báo cáo theo Thông tư 121/2020/TT-BTC >> Tình hình giao dịch ký quỹ chứng khoán - II.8;Loại báo cáo;Loại báo cáo;Data Explorer;Chiều;Dễ;Ngày, CTCK;SCMS;X;X;;;;;;;;;;
76;Báo cáo theo Thông tư 121/2020/TT-BTC >> Tình hình giao dịch ký quỹ chứng khoán - II.8;Kỳ báo cáo;Kỳ báo cáo;Data Explorer;Chiều;Dễ;Ngày, CTCK;SCMS;X;X;;;;;;;;;;
76;Báo cáo theo Thông tư 121/2020/TT-BTC >> Tình hình giao dịch ký quỹ chứng khoán - II.8;Mã báo cáo;Mã báo cáo;Data Explorer;Chiều;Dễ;Ngày, CTCK;SCMS;X;X;;;;;;;;;;
76;Báo cáo theo Thông tư 121/2020/TT-BTC >> Tình hình giao dịch ký quỹ chứng khoán - II.8;Tên báo cáo;Tên báo cáo;Data Explorer;Chiều;Dễ;Ngày, CTCK;SCMS;X;X;;;;;;;;;;
76;Báo cáo theo Thông tư 121/2020/TT-BTC >> Tình hình giao dịch ký quỹ chứng khoán - II.8;Mã chỉ tiêu;Mã chỉ tiêu;Data Explorer;Chiều;Dễ;Ngày, CTCK;SCMS;X;X;;;;;;;;;;
76;Báo cáo theo Thông tư 121/2020/TT-BTC >> Tình hình giao dịch ký quỹ chứng khoán - II.8;Tên chỉ tiêu;Tên chỉ tiêu;Data Explorer;Chiều;Dễ;Ngày, CTCK;SCMS;X;X;;;;;;;;;;
76;Báo cáo theo Thông tư 121/2020/TT-BTC >> Tình hình giao dịch ký quỹ chứng khoán - II.8;Tên công ty chứng khoán;Tên công ty chứng khoán;Data Explorer;Chỉ tiêu cơ sở;Dễ;Ngày, CTCK;SCMS;;X;;;;;;;;;;
76;Báo cáo theo Thông tư 121/2020/TT-BTC >> Tình hình giao dịch ký quỹ chứng khoán - II.8;Sàn giao dịch;Sàn giao dịch;Data Explorer;Chỉ tiêu cơ sở;Dễ;Ngày, CTCK;SCMS;;X;;;;;;;;;;
76;Báo cáo theo Thông tư 121/2020/TT-BTC >> Tình hình giao dịch ký quỹ chứng khoán - II.8;Mã chứng khoán;Mã chứng khoán;Data Explorer;Chỉ tiêu cơ sở;Dễ;Ngày, CTCK;SCMS;;X;;;;;;;;;;
76;Báo cáo theo Thông tư 121/2020/TT-BTC >> Tình hình giao dịch ký quỹ chứng khoán - II.8;Giấy phép hoạt động >> Số;Giấy phép hoạt động >> Số;Data Explorer;Chỉ tiêu cơ sở;Dễ;Ngày, CTCK;SCMS;;X;;;;;;;;;;
76;Báo cáo theo Thông tư 121/2020/TT-BTC >> Tình hình giao dịch ký quỹ chứng khoán - II.8;Giấy phép hoạt động >> Ngày cấp;Giấy phép hoạt động >> Ngày cấp;Data Explorer;Chỉ tiêu cơ sở;Dễ;Ngày, CTCK;SCMS;;X;;;;;;;;;;
76;Báo cáo theo Thông tư 121/2020/TT-BTC >> Tình hình giao dịch ký quỹ chứng khoán - II.8;Vốn chủ sở hữu (triệu đồng);Vốn chủ sở hữu (triệu đồng);Data Explorer;Chỉ tiêu cơ sở;TB;Ngày, CTCK;SCMS;;X;;;;;;;;;;
76;Báo cáo theo Thông tư 121/2020/TT-BTC >> Tình hình giao dịch ký quỹ chứng khoán - II.8;Số lượng tài khoản giao dịch ký quỹ;Số lượng tài khoản giao dịch ký quỹ;Data Explorer;Chỉ tiêu cơ sở;TB;Ngày, CTCK;SCMS;;X;;;;;;;;;;
76;Báo cáo theo Thông tư 121/2020/TT-BTC >> Tình hình giao dịch ký quỹ chứng khoán - II.8;Giá trị chứng khoán ký quỹ (triệu đồng);Giá trị chứng khoán ký quỹ (triệu đồng);Data Explorer;Chỉ tiêu cơ sở;TB;Ngày, CTCK;SCMS;;X;;;;;;;;;;
76;Báo cáo theo Thông tư 121/2020/TT-BTC >> Tình hình giao dịch ký quỹ chứng khoán - II.8;Nguồn vốn tài trợ giao dịch ký quỹ (triệu đồng) >> Vốn chủ sở hữu;Nguồn vốn tài trợ giao dịch ký quỹ (triệu đồng) >> Vốn chủ sở hữu;Data Explorer;Chỉ tiêu cơ sở;TB;Ngày, CTCK;SCMS;;X;;;;;;;;;;
76;Báo cáo theo Thông tư 121/2020/TT-BTC >> Tình hình giao dịch ký quỹ chứng khoán - II.8;Nguồn vốn tài trợ giao dịch ký quỹ (triệu đồng) >> Vốn tay từ tổ chức tín dụng;Nguồn vốn tài trợ giao dịch ký quỹ (triệu đồng) >> Vốn tay từ tổ chức tín dụng;Data Explorer;Chỉ tiêu cơ sở;TB;Ngày, CTCK;SCMS;;X;;;;;;;;;;
76;Báo cáo theo Thông tư 121/2020/TT-BTC >> Tình hình giao dịch ký quỹ chứng khoán - II.8;Nguồn vốn tài trợ giao dịch ký quỹ (triệu đồng) >> Vốn vay từ nguồn khác;Nguồn vốn tài trợ giao dịch ký quỹ (triệu đồng) >> Vốn vay từ nguồn khác;Data Explorer;Chỉ tiêu cơ sở;TB;Ngày, CTCK;SCMS;;X;;;;;;;;;;
76;Báo cáo theo Thông tư 121/2020/TT-BTC >> Tình hình giao dịch ký quỹ chứng khoán - II.8;Giá trị Thu từ hoạt động ký quỹ (triệu đồng);Giá trị Thu từ hoạt động ký quỹ (triệu đồng);Data Explorer;Chỉ tiêu cơ sở;TB;Ngày, CTCK;SCMS;;X;;;;;;;;;;
76;Báo cáo theo Thông tư 121/2020/TT-BTC >> Tình hình giao dịch ký quỹ chứng khoán - II.8;HSX >> Dư nợ cho vay ký quỹ;HSX >> Dư nợ cho vay ký quỹ;Data Explorer;Chỉ tiêu cơ sở;TB;Ngày, CTCK;SCMS;;X;;;;;;;;;;
76;Báo cáo theo Thông tư 121/2020/TT-BTC >> Tình hình giao dịch ký quỹ chứng khoán - II.8;HSX >> Khối lượng chứng khoán cầm cố;HSX >> Khối lượng chứng khoán cầm cố;Data Explorer;Chỉ tiêu cơ sở;TB;Ngày, CTCK;SCMS;;X;;;;;;;;;;
76;Báo cáo theo Thông tư 121/2020/TT-BTC >> Tình hình giao dịch ký quỹ chứng khoán - II.8;HNX >> Dư nợ cho vay ký quỹ;HNX >> Dư nợ cho vay ký quỹ;Data Explorer;Chỉ tiêu cơ sở;TB;Ngày, CTCK;SCMS;;X;;;;;;;;;;
76;Báo cáo theo Thông tư 121/2020/TT-BTC >> Tình hình giao dịch ký quỹ chứng khoán - II.8;HNX >> Khối lượng chứng khoán cầm cố;HNX >> Khối lượng chứng khoán cầm cố;Data Explorer;Chỉ tiêu cơ sở;TB;Ngày, CTCK;SCMS;;X;;;;;;;;;;
76;Báo cáo theo Thông tư 121/2020/TT-BTC >> Tình hình giao dịch ký quỹ chứng khoán - II.8;Tổng cộng 2 sàn >> Dư nợ cho vay ký quỹ;Tổng cộng 2 sàn >> Dư nợ cho vay ký quỹ;Data Explorer;Chỉ tiêu cơ sở;TB;Ngày, CTCK;SCMS;;X;;;;;;;;;;
76;Báo cáo theo Thông tư 121/2020/TT-BTC >> Tình hình giao dịch ký quỹ chứng khoán - II.8;Tổng cộng 2 sàn >> Khối lượng chứng khoán cầm cố;Tổng cộng 2 sàn >> Khối lượng chứng khoán cầm cố;Data Explorer;Chỉ tiêu cơ sở;TB;Ngày, CTCK;SCMS;;X;;;;;;;;;;
77;Báo cáo theo Thông tư 121/2020/TT-BTC >> Tình hình giao dịch ký quỹ chứng khoán - II.8B;Loại báo cáo;Loại báo cáo;Data Explorer;Chiều;Dễ;Ngày, CTCK;SCMS;X;X;;;;;;;;;;
77;Báo cáo theo Thông tư 121/2020/TT-BTC >> Tình hình giao dịch ký quỹ chứng khoán - II.8B;Kỳ báo cáo;Kỳ báo cáo;Data Explorer;Chiều;Dễ;Ngày, CTCK;SCMS;X;X;;;;;;;;;;
77;Báo cáo theo Thông tư 121/2020/TT-BTC >> Tình hình giao dịch ký quỹ chứng khoán - II.8B;Mã báo cáo;Mã báo cáo;Data Explorer;Chiều;Dễ;Ngày, CTCK;SCMS;X;X;;;;;;;;;;
77;Báo cáo theo Thông tư 121/2020/TT-BTC >> Tình hình giao dịch ký quỹ chứng khoán - II.8B;Tên báo cáo;Tên báo cáo;Data Explorer;Chiều;Dễ;Ngày, CTCK;SCMS;X;X;;;;;;;;;;
77;Báo cáo theo Thông tư 121/2020/TT-BTC >> Tình hình giao dịch ký quỹ chứng khoán - II.8B;Mã chỉ tiêu;Mã chỉ tiêu;Data Explorer;Chiều;Dễ;Ngày, CTCK;SCMS;X;X;;;;;;;;;;
77;Báo cáo theo Thông tư 121/2020/TT-BTC >> Tình hình giao dịch ký quỹ chứng khoán - II.8B;Tên chỉ tiêu;Tên chỉ tiêu;Data Explorer;Chiều;Dễ;Ngày, CTCK;SCMS;X;X;;;;;;;;;;
77;Báo cáo theo Thông tư 121/2020/TT-BTC >> Tình hình giao dịch ký quỹ chứng khoán - II.8B;Tên công ty chứng khoán;Tên công ty chứng khoán;Data Explorer;Chỉ tiêu cơ sở;Trùng;Ngày, CTCK;SCMS;;X;;;;;;;;;;
77;Báo cáo theo Thông tư 121/2020/TT-BTC >> Tình hình giao dịch ký quỹ chứng khoán - II.8B;Sàn giao dịch;Sàn giao dịch;Data Explorer;Chỉ tiêu cơ sở;Trùng;Ngày, CTCK;SCMS;;X;;;;;;;;;;
77;Báo cáo theo Thông tư 121/2020/TT-BTC >> Tình hình giao dịch ký quỹ chứng khoán - II.8B;Mã chứng khoán;Mã chứng khoán;Data Explorer;Chỉ tiêu cơ sở;Trùng;Ngày, CTCK;SCMS;;X;;;;;;;;;;
77;Báo cáo theo Thông tư 121/2020/TT-BTC >> Tình hình giao dịch ký quỹ chứng khoán - II.8B;Giấy phép hoạt động >> Số;Giấy phép hoạt động >> Số;Data Explorer;Chỉ tiêu cơ sở;Trùng;Ngày, CTCK;SCMS;;X;;;;;;;;;;
77;Báo cáo theo Thông tư 121/2020/TT-BTC >> Tình hình giao dịch ký quỹ chứng khoán - II.8B;Giấy phép hoạt động >> Ngày cấp;Giấy phép hoạt động >> Ngày cấp;Data Explorer;Chỉ tiêu cơ sở;Trùng;Ngày, CTCK;SCMS;;X;;;;;;;;;;
77;Báo cáo theo Thông tư 121/2020/TT-BTC >> Tình hình giao dịch ký quỹ chứng khoán - II.8B;Vốn chủ sở hữu (triệu đồng);Vốn chủ sở hữu (triệu đồng);Data Explorer;Chỉ tiêu cơ sở;TB;Ngày, CTCK;SCMS;;X;;;;;;;;;;
77;Báo cáo theo Thông tư 121/2020/TT-BTC >> Tình hình giao dịch ký quỹ chứng khoán - II.8B;HSX >> Mã chứng khoán;HSX >> Mã chứng khoán;Data Explorer;Chỉ tiêu cơ sở;TB;Ngày, CTCK;SCMS;;X;;;;;;;;;;
77;Báo cáo theo Thông tư 121/2020/TT-BTC >> Tình hình giao dịch ký quỹ chứng khoán - II.8B;HSX >> Khối lượng cầm cố;HSX >> Khối lượng cầm cố;Data Explorer;Chỉ tiêu cơ sở;TB;Ngày, CTCK;SCMS;;X;;;;;;;;;;
77;Báo cáo theo Thông tư 121/2020/TT-BTC >> Tình hình giao dịch ký quỹ chứng khoán - II.8B;HSX >> Dư nợ cho vay (triệu đồng);HSX >> Dư nợ cho vay (triệu đồng);Data Explorer;Chỉ tiêu cơ sở;TB;Ngày, CTCK;SCMS;;X;;;;;;;;;;
77;Báo cáo theo Thông tư 121/2020/TT-BTC >> Tình hình giao dịch ký quỹ chứng khoán - II.8B;HNX >> Mã chứng khoán;HNX >> Mã chứng khoán;Data Explorer;Chỉ tiêu cơ sở;TB;Ngày, CTCK;SCMS;;X;;;;;;;;;;
77;Báo cáo theo Thông tư 121/2020/TT-BTC >> Tình hình giao dịch ký quỹ chứng khoán - II.8B;HNX >> Khối lượng cầm cố;HNX >> Khối lượng cầm cố;Data Explorer;Chỉ tiêu cơ sở;TB;Ngày, CTCK;SCMS;;X;;;;;;;;;;
77;Báo cáo theo Thông tư 121/2020/TT-BTC >> Tình hình giao dịch ký quỹ chứng khoán - II.8B;HNX >> Dư nợ cho vay (triệu đồng);HNX >> Dư nợ cho vay (triệu đồng);Data Explorer;Chỉ tiêu cơ sở;TB;Ngày, CTCK;SCMS;;X;;;;;;;;;;
78;Báo cáo theo Thông tư 121/2020/TT-BTC >> Giao dịch chứng khoán niêm yết/đăng ký giao dịch;Loại báo cáo;Loại báo cáo;Data Explorer;Chiều;Dễ;Ngày, CTCK;SCMS;X;X;;;;;;;;;;
78;Báo cáo theo Thông tư 121/2020/TT-BTC >> Giao dịch chứng khoán niêm yết/đăng ký giao dịch;Kỳ báo cáo;Kỳ báo cáo;Data Explorer;Chiều;Dễ;Ngày, CTCK;SCMS;X;X;;;;;;;;;;
78;Báo cáo theo Thông tư 121/2020/TT-BTC >> Giao dịch chứng khoán niêm yết/đăng ký giao dịch;Mã báo cáo;Mã báo cáo;Data Explorer;Chiều;Dễ;Ngày, CTCK;SCMS;X;X;;;;;;;;;;
78;Báo cáo theo Thông tư 121/2020/TT-BTC >> Giao dịch chứng khoán niêm yết/đăng ký giao dịch;Tên báo cáo;Tên báo cáo;Data Explorer;Chiều;Dễ;Ngày, CTCK;SCMS;X;X;;;;;;;;;;
78;Báo cáo theo Thông tư 121/2020/TT-BTC >> Giao dịch chứng khoán niêm yết/đăng ký giao dịch;Mã chỉ tiêu;Mã chỉ tiêu;Data Explorer;Chiều;Dễ;Ngày, CTCK;SCMS;X;X;;;;;;;;;;
78;Báo cáo theo Thông tư 121/2020/TT-BTC >> Giao dịch chứng khoán niêm yết/đăng ký giao dịch;Tên chỉ tiêu;Tên chỉ tiêu;Data Explorer;Chiều;Dễ;Ngày, CTCK;SCMS;X;X;;;;;;;;;;
78;Báo cáo theo Thông tư 121/2020/TT-BTC >> Giao dịch chứng khoán niêm yết/đăng ký giao dịch;Tên công ty chứng khoán;Tên công ty chứng khoán;Data Explorer;Chỉ tiêu cơ sở;Dễ;Ngày, CTCK;SCMS;;X;;;;;;;;;;
78;Báo cáo theo Thông tư 121/2020/TT-BTC >> Giao dịch chứng khoán niêm yết/đăng ký giao dịch;Sàn giao dịch;Sàn giao dịch;Data Explorer;Chỉ tiêu cơ sở;Dễ;Ngày, CTCK;SCMS;;X;;;;;;;;;;
78;Báo cáo theo Thông tư 121/2020/TT-BTC >> Giao dịch chứng khoán niêm yết/đăng ký giao dịch;Mã chứng khoán;Mã chứng khoán;Data Explorer;Chỉ tiêu cơ sở;Dễ;Ngày, CTCK;SCMS;;X;;;;;;;;;;
78;Báo cáo theo Thông tư 121/2020/TT-BTC >> Giao dịch chứng khoán niêm yết/đăng ký giao dịch;Giấy phép hoạt động >> Số;Giấy phép hoạt động >> Số;Data Explorer;Chỉ tiêu cơ sở;Dễ;Ngày, CTCK;SCMS;;X;;;;;;;;;;
78;Báo cáo theo Thông tư 121/2020/TT-BTC >> Giao dịch chứng khoán niêm yết/đăng ký giao dịch;Giấy phép hoạt động >> Ngày cấp;Giấy phép hoạt động >> Ngày cấp;Data Explorer;Chỉ tiêu cơ sở;Dễ;Ngày, CTCK;SCMS;;X;;;;;;;;;;
78;Báo cáo theo Thông tư 121/2020/TT-BTC >> Giao dịch chứng khoán niêm yết/đăng ký giao dịch;Nhà đầu tư >> Giao dịch cổ phiếu của nhà đầu tư trong nước >> Tổng mua >> Trong kỳ >> HNX;Nhà đầu tư >> Giao dịch cổ phiếu của nhà đầu tư trong nước >> Tổng mua >> Trong kỳ >> HNX;Data Explorer;Chỉ tiêu cơ sở;TB;Ngày, CTCK;SCMS;;X;;;;;;;;;;
78;Báo cáo theo Thông tư 121/2020/TT-BTC >> Giao dịch chứng khoán niêm yết/đăng ký giao dịch;Nhà đầu tư >> Giao dịch cổ phiếu của nhà đầu tư trong nước >> Tổng mua >> Trong kỳ >> HSX;Nhà đầu tư >> Giao dịch cổ phiếu của nhà đầu tư trong nước >> Tổng mua >> Trong kỳ >> HSX;Data Explorer;Chỉ tiêu cơ sở;TB;Ngày, CTCK;SCMS;;X;;;;;;;;;;
78;Báo cáo theo Thông tư 121/2020/TT-BTC >> Giao dịch chứng khoán niêm yết/đăng ký giao dịch;Nhà đầu tư >> Giao dịch cổ phiếu của nhà đầu tư trong nước >> Tổng mua >> Lũy kế đầu năm >> HNX;Nhà đầu tư >> Giao dịch cổ phiếu của nhà đầu tư trong nước >> Tổng mua >> Lũy kế đầu năm >> HNX;Data Explorer;Chỉ tiêu cơ sở;TB;Ngày, CTCK;SCMS;;X;;;;;;;;;;
78;Báo cáo theo Thông tư 121/2020/TT-BTC >> Giao dịch chứng khoán niêm yết/đăng ký giao dịch;Nhà đầu tư >> Giao dịch cổ phiếu của nhà đầu tư trong nước >> Tổng mua >> Lũy kế đầu năm >> HSX;Nhà đầu tư >> Giao dịch cổ phiếu của nhà đầu tư trong nước >> Tổng mua >> Lũy kế đầu năm >> HSX;Data Explorer;Chỉ tiêu cơ sở;TB;Ngày, CTCK;SCMS;;X;;;;;;;;;;
78;Báo cáo theo Thông tư 121/2020/TT-BTC >> Giao dịch chứng khoán niêm yết/đăng ký giao dịch;Nhà đầu tư >> Giao dịch cổ phiếu của nhà đầu tư trong nước >> Tổng bán >> Trong kỳ >> HNX;Nhà đầu tư >> Giao dịch cổ phiếu của nhà đầu tư trong nước >> Tổng bán >> Trong kỳ >> HNX;Data Explorer;Chỉ tiêu cơ sở;TB;Ngày, CTCK;SCMS;;X;;;;;;;;;;
78;Báo cáo theo Thông tư 121/2020/TT-BTC >> Giao dịch chứng khoán niêm yết/đăng ký giao dịch;Nhà đầu tư >> Giao dịch cổ phiếu của nhà đầu tư trong nước >> Tổng bán >> Trong kỳ >> HSX;Nhà đầu tư >> Giao dịch cổ phiếu của nhà đầu tư trong nước >> Tổng bán >> Trong kỳ >> HSX;Data Explorer;Chỉ tiêu cơ sở;TB;Ngày, CTCK;SCMS;;X;;;;;;;;;;
78;Báo cáo theo Thông tư 121/2020/TT-BTC >> Giao dịch chứng khoán niêm yết/đăng ký giao dịch;Nhà đầu tư >> Giao dịch cổ phiếu của nhà đầu tư trong nước >> Tổng bán >> Lũy kế đầu năm >> HNX;Nhà đầu tư >> Giao dịch cổ phiếu của nhà đầu tư trong nước >> Tổng bán >> Lũy kế đầu năm >> HNX;Data Explorer;Chỉ tiêu cơ sở;TB;Ngày, CTCK;SCMS;;X;;;;;;;;;;
78;Báo cáo theo Thông tư 121/2020/TT-BTC >> Giao dịch chứng khoán niêm yết/đăng ký giao dịch;Nhà đầu tư >> Giao dịch cổ phiếu của nhà đầu tư trong nước >> Tổng bán >> Lũy kế đầu năm >> HSX;Nhà đầu tư >> Giao dịch cổ phiếu của nhà đầu tư trong nước >> Tổng bán >> Lũy kế đầu năm >> HSX;Data Explorer;Chỉ tiêu cơ sở;TB;Ngày, CTCK;SCMS;;X;;;;;;;;;;
78;Báo cáo theo Thông tư 121/2020/TT-BTC >> Giao dịch chứng khoán niêm yết/đăng ký giao dịch;Nhà đầu tư >> Giao dịch cổ phiếu của nhà đầu tư trong nước >> Tổng mua và bán >> Trong kỳ >> HNX;Nhà đầu tư >> Giao dịch cổ phiếu của nhà đầu tư trong nước >> Tổng mua và bán >> Trong kỳ >> HNX;Data Explorer;Chỉ tiêu cơ sở;TB;Ngày, CTCK;SCMS;;X;;;;;;;;;;
78;Báo cáo theo Thông tư 121/2020/TT-BTC >> Giao dịch chứng khoán niêm yết/đăng ký giao dịch;Nhà đầu tư >> Giao dịch cổ phiếu của nhà đầu tư trong nước >> Tổng mua và bán >> Trong kỳ >> HSX;Nhà đầu tư >> Giao dịch cổ phiếu của nhà đầu tư trong nước >> Tổng mua và bán >> Trong kỳ >> HSX;Data Explorer;Chỉ tiêu cơ sở;TB;Ngày, CTCK;SCMS;;X;;;;;;;;;;
78;Báo cáo theo Thông tư 121/2020/TT-BTC >> Giao dịch chứng khoán niêm yết/đăng ký giao dịch;Nhà đầu tư >> Giao dịch cổ phiếu của nhà đầu tư trong nước >> Tổng mua và bán >> Lũy kế đầu năm >> HNX;Nhà đầu tư >> Giao dịch cổ phiếu của nhà đầu tư trong nước >> Tổng mua và bán >> Lũy kế đầu năm >> HNX;Data Explorer;Chỉ tiêu cơ sở;TB;Ngày, CTCK;SCMS;;X;;;;;;;;;;
78;Báo cáo theo Thông tư 121/2020/TT-BTC >> Giao dịch chứng khoán niêm yết/đăng ký giao dịch;Nhà đầu tư >> Giao dịch cổ phiếu của nhà đầu tư trong nước >> Tổng mua và bán >> Lũy kế đầu năm >> HSX;Nhà đầu tư >> Giao dịch cổ phiếu của nhà đầu tư trong nước >> Tổng mua và bán >> Lũy kế đầu năm >> HSX;Data Explorer;Chỉ tiêu cơ sở;TB;Ngày, CTCK;SCMS;;X;;;;;;;;;;
78;Báo cáo theo Thông tư 121/2020/TT-BTC >> Giao dịch chứng khoán niêm yết/đăng ký giao dịch;Nhà đầu tư >> Giao dịch cổ phiếu của nhà đầu tư nước ngoài >> Tổng mua >> Trong kỳ >> HNX;Nhà đầu tư >> Giao dịch cổ phiếu của nhà đầu tư nước ngoài >> Tổng mua >> Trong kỳ >> HNX;Data Explorer;Chỉ tiêu cơ sở;TB;Ngày, CTCK;SCMS;;X;;;;;;;;;;
78;Báo cáo theo Thông tư 121/2020/TT-BTC >> Giao dịch chứng khoán niêm yết/đăng ký giao dịch;Nhà đầu tư >> Giao dịch cổ phiếu của nhà đầu tư nước ngoài >> Tổng mua >> Trong kỳ >> HSX;Nhà đầu tư >> Giao dịch cổ phiếu của nhà đầu tư nước ngoài >> Tổng mua >> Trong kỳ >> HSX;Data Explorer;Chỉ tiêu cơ sở;TB;Ngày, CTCK;SCMS;;X;;;;;;;;;;
78;Báo cáo theo Thông tư 121/2020/TT-BTC >> Giao dịch chứng khoán niêm yết/đăng ký giao dịch;Nhà đầu tư >> Giao dịch cổ phiếu của nhà đầu tư nước ngoài >> Tổng mua >> Lũy kế đầu năm >> HNX;Nhà đầu tư >> Giao dịch cổ phiếu của nhà đầu tư nước ngoài >> Tổng mua >> Lũy kế đầu năm >> HNX;Data Explorer;Chỉ tiêu cơ sở;TB;Ngày, CTCK;SCMS;;X;;;;;;;;;;
78;Báo cáo theo Thông tư 121/2020/TT-BTC >> Giao dịch chứng khoán niêm yết/đăng ký giao dịch;Nhà đầu tư >> Giao dịch cổ phiếu của nhà đầu tư nước ngoài >> Tổng mua >> Lũy kế đầu năm >> HSX;Nhà đầu tư >> Giao dịch cổ phiếu của nhà đầu tư nước ngoài >> Tổng mua >> Lũy kế đầu năm >> HSX;Data Explorer;Chỉ tiêu cơ sở;TB;Ngày, CTCK;SCMS;;X;;;;;;;;;;
78;Báo cáo theo Thông tư 121/2020/TT-BTC >> Giao dịch chứng khoán niêm yết/đăng ký giao dịch;Nhà đầu tư >> Giao dịch cổ phiếu của nhà đầu tư nước ngoài >> Tổng bán >> Trong kỳ >> HNX;Nhà đầu tư >> Giao dịch cổ phiếu của nhà đầu tư nước ngoài >> Tổng bán >> Trong kỳ >> HNX;Data Explorer;Chỉ tiêu cơ sở;TB;Ngày, CTCK;SCMS;;X;;;;;;;;;;
78;Báo cáo theo Thông tư 121/2020/TT-BTC >> Giao dịch chứng khoán niêm yết/đăng ký giao dịch;Nhà đầu tư >> Giao dịch cổ phiếu của nhà đầu tư nước ngoài >> Tổng bán >> Trong kỳ >> HSX;Nhà đầu tư >> Giao dịch cổ phiếu của nhà đầu tư nước ngoài >> Tổng bán >> Trong kỳ >> HSX;Data Explorer;Chỉ tiêu cơ sở;TB;Ngày, CTCK;SCMS;;X;;;;;;;;;;
78;Báo cáo theo Thông tư 121/2020/TT-BTC >> Giao dịch chứng khoán niêm yết/đăng ký giao dịch;Nhà đầu tư >> Giao dịch cổ phiếu của nhà đầu tư nước ngoài >> Tổng bán >> Lũy kế đầu năm >> HNX;Nhà đầu tư >> Giao dịch cổ phiếu của nhà đầu tư nước ngoài >> Tổng bán >> Lũy kế đầu năm >> HNX;Data Explorer;Chỉ tiêu cơ sở;TB;Ngày, CTCK;SCMS;;X;;;;;;;;;;
78;Báo cáo theo Thông tư 121/2020/TT-BTC >> Giao dịch chứng khoán niêm yết/đăng ký giao dịch;Nhà đầu tư >> Giao dịch cổ phiếu của nhà đầu tư nước ngoài >> Tổng bán >> Lũy kế đầu năm >> HSX;Nhà đầu tư >> Giao dịch cổ phiếu của nhà đầu tư nước ngoài >> Tổng bán >> Lũy kế đầu năm >> HSX;Data Explorer;Chỉ tiêu cơ sở;TB;Ngày, CTCK;SCMS;;X;;;;;;;;;;
78;Báo cáo theo Thông tư 121/2020/TT-BTC >> Giao dịch chứng khoán niêm yết/đăng ký giao dịch;Nhà đầu tư >> Giao dịch cổ phiếu của nhà đầu tư nước ngoài >> Tổng mua và bán >> Trong kỳ >> HNX;Nhà đầu tư >> Giao dịch cổ phiếu của nhà đầu tư nước ngoài >> Tổng mua và bán >> Trong kỳ >> HNX;Data Explorer;Chỉ tiêu cơ sở;TB;Ngày, CTCK;SCMS;;X;;;;;;;;;;
78;Báo cáo theo Thông tư 121/2020/TT-BTC >> Giao dịch chứng khoán niêm yết/đăng ký giao dịch;Nhà đầu tư >> Giao dịch cổ phiếu của nhà đầu tư nước ngoài >> Tổng mua và bán >> Trong kỳ >> HSX;Nhà đầu tư >> Giao dịch cổ phiếu của nhà đầu tư nước ngoài >> Tổng mua và bán >> Trong kỳ >> HSX;Data Explorer;Chỉ tiêu cơ sở;TB;Ngày, CTCK;SCMS;;X;;;;;;;;;;
78;Báo cáo theo Thông tư 121/2020/TT-BTC >> Giao dịch chứng khoán niêm yết/đăng ký giao dịch;Nhà đầu tư >> Giao dịch cổ phiếu của nhà đầu tư nước ngoài >> Tổng mua và bán >> Lũy kế đầu năm >> HNX;Nhà đầu tư >> Giao dịch cổ phiếu của nhà đầu tư nước ngoài >> Tổng mua và bán >> Lũy kế đầu năm >> HNX;Data Explorer;Chỉ tiêu cơ sở;TB;Ngày, CTCK;SCMS;;X;;;;;;;;;;
78;Báo cáo theo Thông tư 121/2020/TT-BTC >> Giao dịch chứng khoán niêm yết/đăng ký giao dịch;Nhà đầu tư >> Giao dịch cổ phiếu của nhà đầu tư nước ngoài >> Tổng mua và bán >> Lũy kế đầu năm >> HSX;Nhà đầu tư >> Giao dịch cổ phiếu của nhà đầu tư nước ngoài >> Tổng mua và bán >> Lũy kế đầu năm >> HSX;Data Explorer;Chỉ tiêu cơ sở;TB;Ngày, CTCK;SCMS;;X;;;;;;;;;;
78;Báo cáo theo Thông tư 121/2020/TT-BTC >> Giao dịch chứng khoán niêm yết/đăng ký giao dịch;Nhà đầu tư >> Giao dịch chứng chỉ quỹ của nhà đầu tư trong nước >> Tổng mua >> Trong kỳ >> HNX;Nhà đầu tư >> Giao dịch chứng chỉ quỹ của nhà đầu tư trong nước >> Tổng mua >> Trong kỳ >> HNX;Data Explorer;Chỉ tiêu cơ sở;TB;Ngày, CTCK;SCMS;;X;;;;;;;;;;
78;Báo cáo theo Thông tư 121/2020/TT-BTC >> Giao dịch chứng khoán niêm yết/đăng ký giao dịch;Nhà đầu tư >> Giao dịch chứng chỉ quỹ của nhà đầu tư trong nước >> Tổng mua >> Trong kỳ >> HSX;Nhà đầu tư >> Giao dịch chứng chỉ quỹ của nhà đầu tư trong nước >> Tổng mua >> Trong kỳ >> HSX;Data Explorer;Chỉ tiêu cơ sở;TB;Ngày, CTCK;SCMS;;X;;;;;;;;;;
78;Báo cáo theo Thông tư 121/2020/TT-BTC >> Giao dịch chứng khoán niêm yết/đăng ký giao dịch;Nhà đầu tư >> Giao dịch chứng chỉ quỹ của nhà đầu tư trong nước >> Tổng mua >> Lũy kế đầu năm >> HNX;Nhà đầu tư >> Giao dịch chứng chỉ quỹ của nhà đầu tư trong nước >> Tổng mua >> Lũy kế đầu năm >> HNX;Data Explorer;Chỉ tiêu cơ sở;TB;Ngày, CTCK;SCMS;;X;;;;;;;;;;
78;Báo cáo theo Thông tư 121/2020/TT-BTC >> Giao dịch chứng khoán niêm yết/đăng ký giao dịch;Nhà đầu tư >> Giao dịch chứng chỉ quỹ của nhà đầu tư trong nước >> Tổng mua >> Lũy kế đầu năm >> HSX;Nhà đầu tư >> Giao dịch chứng chỉ quỹ của nhà đầu tư trong nước >> Tổng mua >> Lũy kế đầu năm >> HSX;Data Explorer;Chỉ tiêu cơ sở;TB;Ngày, CTCK;SCMS;;X;;;;;;;;;;
78;Báo cáo theo Thông tư 121/2020/TT-BTC >> Giao dịch chứng khoán niêm yết/đăng ký giao dịch;Nhà đầu tư >> Giao dịch chứng chỉ quỹ của nhà đầu tư trong nước >> Tổng bán >> Trong kỳ >> HNX;Nhà đầu tư >> Giao dịch chứng chỉ quỹ của nhà đầu tư trong nước >> Tổng bán >> Trong kỳ >> HNX;Data Explorer;Chỉ tiêu cơ sở;TB;Ngày, CTCK;SCMS;;X;;;;;;;;;;
78;Báo cáo theo Thông tư 121/2020/TT-BTC >> Giao dịch chứng khoán niêm yết/đăng ký giao dịch;Nhà đầu tư >> Giao dịch chứng chỉ quỹ của nhà đầu tư trong nước >> Tổng bán >> Trong kỳ >> HSX;Nhà đầu tư >> Giao dịch chứng chỉ quỹ của nhà đầu tư trong nước >> Tổng bán >> Trong kỳ >> HSX;Data Explorer;Chỉ tiêu cơ sở;TB;Ngày, CTCK;SCMS;;X;;;;;;;;;;
78;Báo cáo theo Thông tư 121/2020/TT-BTC >> Giao dịch chứng khoán niêm yết/đăng ký giao dịch;Nhà đầu tư >> Giao dịch chứng chỉ quỹ của nhà đầu tư trong nước >> Tổng bán >> Lũy kế đầu năm >> HNX;Nhà đầu tư >> Giao dịch chứng chỉ quỹ của nhà đầu tư trong nước >> Tổng bán >> Lũy kế đầu năm >> HNX;Data Explorer;Chỉ tiêu cơ sở;TB;Ngày, CTCK;SCMS;;X;;;;;;;;;;
78;Báo cáo theo Thông tư 121/2020/TT-BTC >> Giao dịch chứng khoán niêm yết/đăng ký giao dịch;Nhà đầu tư >> Giao dịch chứng chỉ quỹ của nhà đầu tư trong nước >> Tổng bán >> Lũy kế đầu năm >> HSX;Nhà đầu tư >> Giao dịch chứng chỉ quỹ của nhà đầu tư trong nước >> Tổng bán >> Lũy kế đầu năm >> HSX;Data Explorer;Chỉ tiêu cơ sở;TB;Ngày, CTCK;SCMS;;X;;;;;;;;;;
78;Báo cáo theo Thông tư 121/2020/TT-BTC >> Giao dịch chứng khoán niêm yết/đăng ký giao dịch;Nhà đầu tư >> Giao dịch chứng chỉ quỹ của nhà đầu tư trong nước >> Tổng mua và bán >> Trong kỳ >> HNX;Nhà đầu tư >> Giao dịch chứng chỉ quỹ của nhà đầu tư trong nước >> Tổng mua và bán >> Trong kỳ >> HNX;Data Explorer;Chỉ tiêu cơ sở;TB;Ngày, CTCK;SCMS;;X;;;;;;;;;;
78;Báo cáo theo Thông tư 121/2020/TT-BTC >> Giao dịch chứng khoán niêm yết/đăng ký giao dịch;Nhà đầu tư >> Giao dịch chứng chỉ quỹ của nhà đầu tư trong nước >> Tổng mua và bán >> Trong kỳ >> HSX;Nhà đầu tư >> Giao dịch chứng chỉ quỹ của nhà đầu tư trong nước >> Tổng mua và bán >> Trong kỳ >> HSX;Data Explorer;Chỉ tiêu cơ sở;TB;Ngày, CTCK;SCMS;;X;;;;;;;;;;
78;Báo cáo theo Thông tư 121/2020/TT-BTC >> Giao dịch chứng khoán niêm yết/đăng ký giao dịch;Nhà đầu tư >> Giao dịch chứng chỉ quỹ của nhà đầu tư trong nước >> Tổng mua và bán >> Lũy kế đầu năm >> HNX;Nhà đầu tư >> Giao dịch chứng chỉ quỹ của nhà đầu tư trong nước >> Tổng mua và bán >> Lũy kế đầu năm >> HNX;Data Explorer;Chỉ tiêu cơ sở;TB;Ngày, CTCK;SCMS;;X;;;;;;;;;;
78;Báo cáo theo Thông tư 121/2020/TT-BTC >> Giao dịch chứng khoán niêm yết/đăng ký giao dịch;Nhà đầu tư >> Giao dịch chứng chỉ quỹ của nhà đầu tư trong nước >> Tổng mua và bán >> Lũy kế đầu năm >> HSX;Nhà đầu tư >> Giao dịch chứng chỉ quỹ của nhà đầu tư trong nước >> Tổng mua và bán >> Lũy kế đầu năm >> HSX;Data Explorer;Chỉ tiêu cơ sở;TB;Ngày, CTCK;SCMS;;X;;;;;;;;;;
78;Báo cáo theo Thông tư 121/2020/TT-BTC >> Giao dịch chứng khoán niêm yết/đăng ký giao dịch;Nhà đầu tư >> Giao dịch chứng chỉ quỹ của nhà đầu tư nước ngoài >> Tổng mua >> Trong kỳ >> HNX;Nhà đầu tư >> Giao dịch chứng chỉ quỹ của nhà đầu tư nước ngoài >> Tổng mua >> Trong kỳ >> HNX;Data Explorer;Chỉ tiêu cơ sở;TB;Ngày, CTCK;SCMS;;X;;;;;;;;;;
78;Báo cáo theo Thông tư 121/2020/TT-BTC >> Giao dịch chứng khoán niêm yết/đăng ký giao dịch;Nhà đầu tư >> Giao dịch chứng chỉ quỹ của nhà đầu tư nước ngoài >> Tổng mua >> Trong kỳ >> HSX;Nhà đầu tư >> Giao dịch chứng chỉ quỹ của nhà đầu tư nước ngoài >> Tổng mua >> Trong kỳ >> HSX;Data Explorer;Chỉ tiêu cơ sở;TB;Ngày, CTCK;SCMS;;X;;;;;;;;;;
78;Báo cáo theo Thông tư 121/2020/TT-BTC >> Giao dịch chứng khoán niêm yết/đăng ký giao dịch;Nhà đầu tư >> Giao dịch chứng chỉ quỹ của nhà đầu tư nước ngoài >> Tổng mua >> Lũy kế đầu năm >> HNX;Nhà đầu tư >> Giao dịch chứng chỉ quỹ của nhà đầu tư nước ngoài >> Tổng mua >> Lũy kế đầu năm >> HNX;Data Explorer;Chỉ tiêu cơ sở;TB;Ngày, CTCK;SCMS;;X;;;;;;;;;;
78;Báo cáo theo Thông tư 121/2020/TT-BTC >> Giao dịch chứng khoán niêm yết/đăng ký giao dịch;Nhà đầu tư >> Giao dịch chứng chỉ quỹ của nhà đầu tư nước ngoài >> Tổng mua >> Lũy kế đầu năm >> HSX;Nhà đầu tư >> Giao dịch chứng chỉ quỹ của nhà đầu tư nước ngoài >> Tổng mua >> Lũy kế đầu năm >> HSX;Data Explorer;Chỉ tiêu cơ sở;TB;Ngày, CTCK;SCMS;;X;;;;;;;;;;
78;Báo cáo theo Thông tư 121/2020/TT-BTC >> Giao dịch chứng khoán niêm yết/đăng ký giao dịch;Nhà đầu tư >> Giao dịch chứng chỉ quỹ của nhà đầu tư nước ngoài >> Tổng bán >> Trong kỳ >> HNX;Nhà đầu tư >> Giao dịch chứng chỉ quỹ của nhà đầu tư nước ngoài >> Tổng bán >> Trong kỳ >> HNX;Data Explorer;Chỉ tiêu cơ sở;TB;Ngày, CTCK;SCMS;;X;;;;;;;;;;
78;Báo cáo theo Thông tư 121/2020/TT-BTC >> Giao dịch chứng khoán niêm yết/đăng ký giao dịch;Nhà đầu tư >> Giao dịch chứng chỉ quỹ của nhà đầu tư nước ngoài >> Tổng bán >> Trong kỳ >> HSX;Nhà đầu tư >> Giao dịch chứng chỉ quỹ của nhà đầu tư nước ngoài >> Tổng bán >> Trong kỳ >> HSX;Data Explorer;Chỉ tiêu cơ sở;TB;Ngày, CTCK;SCMS;;X;;;;;;;;;;
78;Báo cáo theo Thông tư 121/2020/TT-BTC >> Giao dịch chứng khoán niêm yết/đăng ký giao dịch;Nhà đầu tư >> Giao dịch chứng chỉ quỹ của nhà đầu tư nước ngoài >> Tổng bán >> Lũy kế đầu năm >> HNX;Nhà đầu tư >> Giao dịch chứng chỉ quỹ của nhà đầu tư nước ngoài >> Tổng bán >> Lũy kế đầu năm >> HNX;Data Explorer;Chỉ tiêu cơ sở;TB;Ngày, CTCK;SCMS;;X;;;;;;;;;;
78;Báo cáo theo Thông tư 121/2020/TT-BTC >> Giao dịch chứng khoán niêm yết/đăng ký giao dịch;Nhà đầu tư >> Giao dịch chứng chỉ quỹ của nhà đầu tư nước ngoài >> Tổng bán >> Lũy kế đầu năm >> HSX;Nhà đầu tư >> Giao dịch chứng chỉ quỹ của nhà đầu tư nước ngoài >> Tổng bán >> Lũy kế đầu năm >> HSX;Data Explorer;Chỉ tiêu cơ sở;TB;Ngày, CTCK;SCMS;;X;;;;;;;;;;
78;Báo cáo theo Thông tư 121/2020/TT-BTC >> Giao dịch chứng khoán niêm yết/đăng ký giao dịch;Nhà đầu tư >> Giao dịch chứng chỉ quỹ của nhà đầu tư nước ngoài >> Tổng mua và bán >> Trong kỳ >> HNX;Nhà đầu tư >> Giao dịch chứng chỉ quỹ của nhà đầu tư nước ngoài >> Tổng mua và bán >> Trong kỳ >> HNX;Data Explorer;Chỉ tiêu cơ sở;TB;Ngày, CTCK;SCMS;;X;;;;;;;;;;
78;Báo cáo theo Thông tư 121/2020/TT-BTC >> Giao dịch chứng khoán niêm yết/đăng ký giao dịch;Nhà đầu tư >> Giao dịch chứng chỉ quỹ của nhà đầu tư nước ngoài >> Tổng mua và bán >> Trong kỳ >> HSX;Nhà đầu tư >> Giao dịch chứng chỉ quỹ của nhà đầu tư nước ngoài >> Tổng mua và bán >> Trong kỳ >> HSX;Data Explorer;Chỉ tiêu cơ sở;TB;Ngày, CTCK;SCMS;;X;;;;;;;;;;
78;Báo cáo theo Thông tư 121/2020/TT-BTC >> Giao dịch chứng khoán niêm yết/đăng ký giao dịch;Nhà đầu tư >> Giao dịch chứng chỉ quỹ của nhà đầu tư nước ngoài >> Tổng mua và bán >> Lũy kế đầu năm >> HNX;Nhà đầu tư >> Giao dịch chứng chỉ quỹ của nhà đầu tư nước ngoài >> Tổng mua và bán >> Lũy kế đầu năm >> HNX;Data Explorer;Chỉ tiêu cơ sở;TB;Ngày, CTCK;SCMS;;X;;;;;;;;;;
78;Báo cáo theo Thông tư 121/2020/TT-BTC >> Giao dịch chứng khoán niêm yết/đăng ký giao dịch;Nhà đầu tư >> Giao dịch chứng chỉ quỹ của nhà đầu tư nước ngoài >> Tổng mua và bán >> Lũy kế đầu năm >> HSX;Nhà đầu tư >> Giao dịch chứng chỉ quỹ của nhà đầu tư nước ngoài >> Tổng mua và bán >> Lũy kế đầu năm >> HSX;Data Explorer;Chỉ tiêu cơ sở;TB;Ngày, CTCK;SCMS;;X;;;;;;;;;;
78;Báo cáo theo Thông tư 121/2020/TT-BTC >> Giao dịch chứng khoán niêm yết/đăng ký giao dịch;Tự doanh >> Cổ phiếu >> Tổng mua >> Trong kỳ >> HNX;Tự doanh >> Cổ phiếu >> Tổng mua >> Trong kỳ >> HNX;Data Explorer;Chỉ tiêu cơ sở;TB;Ngày, CTCK;SCMS;;X;;;;;;;;;;
78;Báo cáo theo Thông tư 121/2020/TT-BTC >> Giao dịch chứng khoán niêm yết/đăng ký giao dịch;Tự doanh >> Cổ phiếu >> Tổng mua >> Trong kỳ >> HSX;Tự doanh >> Cổ phiếu >> Tổng mua >> Trong kỳ >> HSX;Data Explorer;Chỉ tiêu cơ sở;TB;Ngày, CTCK;SCMS;;X;;;;;;;;;;
78;Báo cáo theo Thông tư 121/2020/TT-BTC >> Giao dịch chứng khoán niêm yết/đăng ký giao dịch;Tự doanh >> Cổ phiếu >> Tổng mua >> Lũy kế đầu năm >> HNX;Tự doanh >> Cổ phiếu >> Tổng mua >> Lũy kế đầu năm >> HNX;Data Explorer;Chỉ tiêu cơ sở;TB;Ngày, CTCK;SCMS;;X;;;;;;;;;;
78;Báo cáo theo Thông tư 121/2020/TT-BTC >> Giao dịch chứng khoán niêm yết/đăng ký giao dịch;Tự doanh >> Cổ phiếu >> Tổng mua >> Lũy kế đầu năm >> HSX;Tự doanh >> Cổ phiếu >> Tổng mua >> Lũy kế đầu năm >> HSX;Data Explorer;Chỉ tiêu cơ sở;TB;Ngày, CTCK;SCMS;;X;;;;;;;;;;
78;Báo cáo theo Thông tư 121/2020/TT-BTC >> Giao dịch chứng khoán niêm yết/đăng ký giao dịch;Tự doanh >> Cổ phiếu >> Tổng bán >> Trong kỳ >> HNX;Tự doanh >> Cổ phiếu >> Tổng bán >> Trong kỳ >> HNX;Data Explorer;Chỉ tiêu cơ sở;TB;Ngày, CTCK;SCMS;;X;;;;;;;;;;
78;Báo cáo theo Thông tư 121/2020/TT-BTC >> Giao dịch chứng khoán niêm yết/đăng ký giao dịch;Tự doanh >> Cổ phiếu >> Tổng bán >> Trong kỳ >> HSX;Tự doanh >> Cổ phiếu >> Tổng bán >> Trong kỳ >> HSX;Data Explorer;Chỉ tiêu cơ sở;TB;Ngày, CTCK;SCMS;;X;;;;;;;;;;
78;Báo cáo theo Thông tư 121/2020/TT-BTC >> Giao dịch chứng khoán niêm yết/đăng ký giao dịch;Tự doanh >> Cổ phiếu >> Tổng bán >> Lũy kế đầu năm >> HNX;Tự doanh >> Cổ phiếu >> Tổng bán >> Lũy kế đầu năm >> HNX;Data Explorer;Chỉ tiêu cơ sở;TB;Ngày, CTCK;SCMS;;X;;;;;;;;;;
78;Báo cáo theo Thông tư 121/2020/TT-BTC >> Giao dịch chứng khoán niêm yết/đăng ký giao dịch;Tự doanh >> Cổ phiếu >> Tổng bán >> Lũy kế đầu năm >> HSX;Tự doanh >> Cổ phiếu >> Tổng bán >> Lũy kế đầu năm >> HSX;Data Explorer;Chỉ tiêu cơ sở;TB;Ngày, CTCK;SCMS;;X;;;;;;;;;;
78;Báo cáo theo Thông tư 121/2020/TT-BTC >> Giao dịch chứng khoán niêm yết/đăng ký giao dịch;Tự doanh >> Cổ phiếu >> Tổng mua và bán >> Trong kỳ >> HNX;Tự doanh >> Cổ phiếu >> Tổng mua và bán >> Trong kỳ >> HNX;Data Explorer;Chỉ tiêu cơ sở;TB;Ngày, CTCK;SCMS;;X;;;;;;;;;;
78;Báo cáo theo Thông tư 121/2020/TT-BTC >> Giao dịch chứng khoán niêm yết/đăng ký giao dịch;Tự doanh >> Cổ phiếu >> Tổng mua và bán >> Trong kỳ >> HSX;Tự doanh >> Cổ phiếu >> Tổng mua và bán >> Trong kỳ >> HSX;Data Explorer;Chỉ tiêu cơ sở;TB;Ngày, CTCK;SCMS;;X;;;;;;;;;;
78;Báo cáo theo Thông tư 121/2020/TT-BTC >> Giao dịch chứng khoán niêm yết/đăng ký giao dịch;Tự doanh >> Cổ phiếu >> Tổng mua và bán >> Lũy kế đầu năm >> HNX;Tự doanh >> Cổ phiếu >> Tổng mua và bán >> Lũy kế đầu năm >> HNX;Data Explorer;Chỉ tiêu cơ sở;TB;Ngày, CTCK;SCMS;;X;;;;;;;;;;
78;Báo cáo theo Thông tư 121/2020/TT-BTC >> Giao dịch chứng khoán niêm yết/đăng ký giao dịch;Tự doanh >> Cổ phiếu >> Tổng mua và bán >> Lũy kế đầu năm >> HSX;Tự doanh >> Cổ phiếu >> Tổng mua và bán >> Lũy kế đầu năm >> HSX;Data Explorer;Chỉ tiêu cơ sở;TB;Ngày, CTCK;SCMS;;X;;;;;;;;;;
78;Báo cáo theo Thông tư 121/2020/TT-BTC >> Giao dịch chứng khoán niêm yết/đăng ký giao dịch;Tự doanh >> Trái phiếu >> Tổng mua >> Trong kỳ >> HNX;Tự doanh >> Trái phiếu >> Tổng mua >> Trong kỳ >> HNX;Data Explorer;Chỉ tiêu cơ sở;TB;Ngày, CTCK;SCMS;;X;;;;;;;;;;
78;Báo cáo theo Thông tư 121/2020/TT-BTC >> Giao dịch chứng khoán niêm yết/đăng ký giao dịch;Tự doanh >> Trái phiếu >> Tổng mua >> Trong kỳ >> HSX;Tự doanh >> Trái phiếu >> Tổng mua >> Trong kỳ >> HSX;Data Explorer;Chỉ tiêu cơ sở;TB;Ngày, CTCK;SCMS;;X;;;;;;;;;;
78;Báo cáo theo Thông tư 121/2020/TT-BTC >> Giao dịch chứng khoán niêm yết/đăng ký giao dịch;Tự doanh >> Trái phiếu >> Tổng mua >> Lũy kế đầu năm >> HNX;Tự doanh >> Trái phiếu >> Tổng mua >> Lũy kế đầu năm >> HNX;Data Explorer;Chỉ tiêu cơ sở;TB;Ngày, CTCK;SCMS;;X;;;;;;;;;;
78;Báo cáo theo Thông tư 121/2020/TT-BTC >> Giao dịch chứng khoán niêm yết/đăng ký giao dịch;Tự doanh >> Trái phiếu >> Tổng mua >> Lũy kế đầu năm >> HSX;Tự doanh >> Trái phiếu >> Tổng mua >> Lũy kế đầu năm >> HSX;Data Explorer;Chỉ tiêu cơ sở;TB;Ngày, CTCK;SCMS;;X;;;;;;;;;;
78;Báo cáo theo Thông tư 121/2020/TT-BTC >> Giao dịch chứng khoán niêm yết/đăng ký giao dịch;Tự doanh >> Trái phiếu >> Tổng bán >> Trong kỳ >> HNX;Tự doanh >> Trái phiếu >> Tổng bán >> Trong kỳ >> HNX;Data Explorer;Chỉ tiêu cơ sở;TB;Ngày, CTCK;SCMS;;X;;;;;;;;;;
78;Báo cáo theo Thông tư 121/2020/TT-BTC >> Giao dịch chứng khoán niêm yết/đăng ký giao dịch;Tự doanh >> Trái phiếu >> Tổng bán >> Trong kỳ >> HSX;Tự doanh >> Trái phiếu >> Tổng bán >> Trong kỳ >> HSX;Data Explorer;Chỉ tiêu cơ sở;TB;Ngày, CTCK;SCMS;;X;;;;;;;;;;
78;Báo cáo theo Thông tư 121/2020/TT-BTC >> Giao dịch chứng khoán niêm yết/đăng ký giao dịch;Tự doanh >> Trái phiếu >> Tổng bán >> Lũy kế đầu năm >> HNX;Tự doanh >> Trái phiếu >> Tổng bán >> Lũy kế đầu năm >> HNX;Data Explorer;Chỉ tiêu cơ sở;TB;Ngày, CTCK;SCMS;;X;;;;;;;;;;
78;Báo cáo theo Thông tư 121/2020/TT-BTC >> Giao dịch chứng khoán niêm yết/đăng ký giao dịch;Tự doanh >> Trái phiếu >> Tổng bán >> Lũy kế đầu năm >> HSX;Tự doanh >> Trái phiếu >> Tổng bán >> Lũy kế đầu năm >> HSX;Data Explorer;Chỉ tiêu cơ sở;TB;Ngày, CTCK;SCMS;;X;;;;;;;;;;
78;Báo cáo theo Thông tư 121/2020/TT-BTC >> Giao dịch chứng khoán niêm yết/đăng ký giao dịch;Tự doanh >> Trái phiếu >> Tổng mua và bán >> Trong kỳ >> HNX;Tự doanh >> Trái phiếu >> Tổng mua và bán >> Trong kỳ >> HNX;Data Explorer;Chỉ tiêu cơ sở;TB;Ngày, CTCK;SCMS;;X;;;;;;;;;;
78;Báo cáo theo Thông tư 121/2020/TT-BTC >> Giao dịch chứng khoán niêm yết/đăng ký giao dịch;Tự doanh >> Trái phiếu >> Tổng mua và bán >> Trong kỳ >> HSX;Tự doanh >> Trái phiếu >> Tổng mua và bán >> Trong kỳ >> HSX;Data Explorer;Chỉ tiêu cơ sở;TB;Ngày, CTCK;SCMS;;X;;;;;;;;;;
78;Báo cáo theo Thông tư 121/2020/TT-BTC >> Giao dịch chứng khoán niêm yết/đăng ký giao dịch;Tự doanh >> Trái phiếu >> Tổng mua và bán >> Lũy kế đầu năm >> HNX;Tự doanh >> Trái phiếu >> Tổng mua và bán >> Lũy kế đầu năm >> HNX;Data Explorer;Chỉ tiêu cơ sở;TB;Ngày, CTCK;SCMS;;X;;;;;;;;;;
78;Báo cáo theo Thông tư 121/2020/TT-BTC >> Giao dịch chứng khoán niêm yết/đăng ký giao dịch;Tự doanh >> Trái phiếu > Tổng mua và bán >> Lũy kế đầu năm >> HSX;Tự doanh >> Trái phiếu > Tổng mua và bán >> Lũy kế đầu năm >> HSX;Data Explorer;Chỉ tiêu cơ sở;TB;Ngày, CTCK;SCMS;;X;;;;;;;;;;
78;Báo cáo theo Thông tư 121/2020/TT-BTC >> Giao dịch chứng khoán niêm yết/đăng ký giao dịch;Tự doanh >> Chứng chỉ quỹ >> Tổng mua >> Trong kỳ >> HNX;Tự doanh >> Chứng chỉ quỹ >> Tổng mua >> Trong kỳ >> HNX;Data Explorer;Chỉ tiêu cơ sở;TB;Ngày, CTCK;SCMS;;X;;;;;;;;;;
78;Báo cáo theo Thông tư 121/2020/TT-BTC >> Giao dịch chứng khoán niêm yết/đăng ký giao dịch;Tự doanh >> Chứng chỉ quỹ >> Tổng mua >> Trong kỳ >> HSX;Tự doanh >> Chứng chỉ quỹ >> Tổng mua >> Trong kỳ >> HSX;Data Explorer;Chỉ tiêu cơ sở;TB;Ngày, CTCK;SCMS;;X;;;;;;;;;;
78;Báo cáo theo Thông tư 121/2020/TT-BTC >> Giao dịch chứng khoán niêm yết/đăng ký giao dịch;Tự doanh >> Chứng chỉ quỹ >> Tổng mua >> Lũy kế đầu năm >> HNX;Tự doanh >> Chứng chỉ quỹ >> Tổng mua >> Lũy kế đầu năm >> HNX;Data Explorer;Chỉ tiêu cơ sở;TB;Ngày, CTCK;SCMS;;X;;;;;;;;;;
78;Báo cáo theo Thông tư 121/2020/TT-BTC >> Giao dịch chứng khoán niêm yết/đăng ký giao dịch;Tự doanh >> Chứng chỉ quỹ >> Tổng mua >> Lũy kế đầu năm >> HSX;Tự doanh >> Chứng chỉ quỹ >> Tổng mua >> Lũy kế đầu năm >> HSX;Data Explorer;Chỉ tiêu cơ sở;TB;Ngày, CTCK;SCMS;;X;;;;;;;;;;
78;Báo cáo theo Thông tư 121/2020/TT-BTC >> Giao dịch chứng khoán niêm yết/đăng ký giao dịch;Tự doanh >> Chứng chỉ quỹ >> Tổng bán >> Trong kỳ >> HNX;Tự doanh >> Chứng chỉ quỹ >> Tổng bán >> Trong kỳ >> HNX;Data Explorer;Chỉ tiêu cơ sở;TB;Ngày, CTCK;SCMS;;X;;;;;;;;;;
78;Báo cáo theo Thông tư 121/2020/TT-BTC >> Giao dịch chứng khoán niêm yết/đăng ký giao dịch;Tự doanh >> Chứng chỉ quỹ >> Tổng bán >> Trong kỳ >> HSX;Tự doanh >> Chứng chỉ quỹ >> Tổng bán >> Trong kỳ >> HSX;Data Explorer;Chỉ tiêu cơ sở;TB;Ngày, CTCK;SCMS;;X;;;;;;;;;;
78;Báo cáo theo Thông tư 121/2020/TT-BTC >> Giao dịch chứng khoán niêm yết/đăng ký giao dịch;Tự doanh >> Chứng chỉ quỹ >> Tổng bán >> Lũy kế đầu năm >> HNX;Tự doanh >> Chứng chỉ quỹ >> Tổng bán >> Lũy kế đầu năm >> HNX;Data Explorer;Chỉ tiêu cơ sở;TB;Ngày, CTCK;SCMS;;X;;;;;;;;;;
78;Báo cáo theo Thông tư 121/2020/TT-BTC >> Giao dịch chứng khoán niêm yết/đăng ký giao dịch;Tự doanh >> Chứng chỉ quỹ >> Tổng bán >> Lũy kế đầu năm >> HSX;Tự doanh >> Chứng chỉ quỹ >> Tổng bán >> Lũy kế đầu năm >> HSX;Data Explorer;Chỉ tiêu cơ sở;TB;Ngày, CTCK;SCMS;;X;;;;;;;;;;
78;Báo cáo theo Thông tư 121/2020/TT-BTC >> Giao dịch chứng khoán niêm yết/đăng ký giao dịch;Tự doanh >> Chứng chỉ quỹ >> Tổng mua và bán >> Trong kỳ >> HNX;Tự doanh >> Chứng chỉ quỹ >> Tổng mua và bán >> Trong kỳ >> HNX;Data Explorer;Chỉ tiêu cơ sở;TB;Ngày, CTCK;SCMS;;X;;;;;;;;;;
78;Báo cáo theo Thông tư 121/2020/TT-BTC >> Giao dịch chứng khoán niêm yết/đăng ký giao dịch;Tự doanh >> Chứng chỉ quỹ >> Tổng mua và bán >> Trong kỳ >> HSX;Tự doanh >> Chứng chỉ quỹ >> Tổng mua và bán >> Trong kỳ >> HSX;Data Explorer;Chỉ tiêu cơ sở;TB;Ngày, CTCK;SCMS;;X;;;;;;;;;;
78;Báo cáo theo Thông tư 121/2020/TT-BTC >> Giao dịch chứng khoán niêm yết/đăng ký giao dịch;Tự doanh >> Chứng chỉ quỹ >> Tổng mua và bán >> Lũy kế đầu năm >> HNX;Tự doanh >> Chứng chỉ quỹ >> Tổng mua và bán >> Lũy kế đầu năm >> HNX;Data Explorer;Chỉ tiêu cơ sở;TB;Ngày, CTCK;SCMS;;X;;;;;;;;;;
78;Báo cáo theo Thông tư 121/2020/TT-BTC >> Giao dịch chứng khoán niêm yết/đăng ký giao dịch;Tự doanh >> Chứng chỉ quỹ >> Tổng mua và bán >> Lũy kế đầu năm >> HSX;Tự doanh >> Chứng chỉ quỹ >> Tổng mua và bán >> Lũy kế đầu năm >> HSX;Data Explorer;Chỉ tiêu cơ sở;TB;Ngày, CTCK;SCMS;;X;;;;;;;;;;
79;Báo cáo theo Thông tư 121/2020/TT-BTC >> Giao dịch chứng khoán chưa niêm yết/đăng ký giao dịch - II.7.1.CP;Loại báo cáo;Loại báo cáo;Data Explorer;Chiều;Dễ;Ngày, CTCK;SCMS;X;X;;;;;;;;;;
79;Báo cáo theo Thông tư 121/2020/TT-BTC >> Giao dịch chứng khoán chưa niêm yết/đăng ký giao dịch - II.7.1.CP;Kỳ báo cáo;Kỳ báo cáo;Data Explorer;Chiều;Dễ;Ngày, CTCK;SCMS;X;X;;;;;;;;;;
79;Báo cáo theo Thông tư 121/2020/TT-BTC >> Giao dịch chứng khoán chưa niêm yết/đăng ký giao dịch - II.7.1.CP;Mã báo cáo;Mã báo cáo;Data Explorer;Chiều;Dễ;Ngày, CTCK;SCMS;X;X;;;;;;;;;;
79;Báo cáo theo Thông tư 121/2020/TT-BTC >> Giao dịch chứng khoán chưa niêm yết/đăng ký giao dịch - II.7.1.CP;Tên báo cáo;Tên báo cáo;Data Explorer;Chiều;Dễ;Ngày, CTCK;SCMS;X;X;;;;;;;;;;
79;Báo cáo theo Thông tư 121/2020/TT-BTC >> Giao dịch chứng khoán chưa niêm yết/đăng ký giao dịch - II.7.1.CP;Mã chỉ tiêu;Mã chỉ tiêu;Data Explorer;Chiều;Dễ;Ngày, CTCK;SCMS;X;X;;;;;;;;;;
79;Báo cáo theo Thông tư 121/2020/TT-BTC >> Giao dịch chứng khoán chưa niêm yết/đăng ký giao dịch - II.7.1.CP;Tên chỉ tiêu;Tên chỉ tiêu;Data Explorer;Chiều;Dễ;Ngày, CTCK;SCMS;X;X;;;;;;;;;;
79;Báo cáo theo Thông tư 121/2020/TT-BTC >> Giao dịch chứng khoán chưa niêm yết/đăng ký giao dịch - II.7.1.CP;Tên công ty chứng khoán;Tên công ty chứng khoán;Data Explorer;Chỉ tiêu cơ sở;Dễ;Ngày, CTCK;SCMS;;X;;;;;;;;;;
79;Báo cáo theo Thông tư 121/2020/TT-BTC >> Giao dịch chứng khoán chưa niêm yết/đăng ký giao dịch - II.7.1.CP;Sàn giao dịch;Sàn giao dịch;Data Explorer;Chỉ tiêu cơ sở;Dễ;Ngày, CTCK;SCMS;;X;;;;;;;;;;
79;Báo cáo theo Thông tư 121/2020/TT-BTC >> Giao dịch chứng khoán chưa niêm yết/đăng ký giao dịch - II.7.1.CP;Mã chứng khoán;Mã chứng khoán;Data Explorer;Chỉ tiêu cơ sở;Dễ;Ngày, CTCK;SCMS;;X;;;;;;;;;;
79;Báo cáo theo Thông tư 121/2020/TT-BTC >> Giao dịch chứng khoán chưa niêm yết/đăng ký giao dịch - II.7.1.CP;Giấy phép hoạt động >> Số;Giấy phép hoạt động >> Số;Data Explorer;Chỉ tiêu cơ sở;Dễ;Ngày, CTCK;SCMS;;X;;;;;;;;;;
79;Báo cáo theo Thông tư 121/2020/TT-BTC >> Giao dịch chứng khoán chưa niêm yết/đăng ký giao dịch - II.7.1.CP;Giấy phép hoạt động >> Ngày cấp;Giấy phép hoạt động >> Ngày cấp;Data Explorer;Chỉ tiêu cơ sở;Dễ;Ngày, CTCK;SCMS;;X;;;;;;;;;;
79;Báo cáo theo Thông tư 121/2020/TT-BTC >> Giao dịch chứng khoán chưa niêm yết/đăng ký giao dịch - II.7.1.CP;Mã cổ phiếu;Mã cổ phiếu;Data Explorer;Chỉ tiêu cơ sở;TB;Ngày, CTCK;SCMS;;X;;;;;;;;;;
79;Báo cáo theo Thông tư 121/2020/TT-BTC >> Giao dịch chứng khoán chưa niêm yết/đăng ký giao dịch - II.7.1.CP;Mua trong kỳ >> Khối lượng;Mua trong kỳ >> Khối lượng;Data Explorer;Chỉ tiêu cơ sở;TB;Ngày, CTCK;SCMS;;X;;;;;;;;;;
79;Báo cáo theo Thông tư 121/2020/TT-BTC >> Giao dịch chứng khoán chưa niêm yết/đăng ký giao dịch - II.7.1.CP;Mua trong kỳ >> Giá trị (Triệu đồng);Mua trong kỳ >> Giá trị (Triệu đồng);Data Explorer;Chỉ tiêu cơ sở;TB;Ngày, CTCK;SCMS;;X;;;;;;;;;;
79;Báo cáo theo Thông tư 121/2020/TT-BTC >> Giao dịch chứng khoán chưa niêm yết/đăng ký giao dịch - II.7.1.CP;Bán trong kỳ >> Khối lượng;Bán trong kỳ >> Khối lượng;Data Explorer;Chỉ tiêu cơ sở;TB;Ngày, CTCK;SCMS;;X;;;;;;;;;;
79;Báo cáo theo Thông tư 121/2020/TT-BTC >> Giao dịch chứng khoán chưa niêm yết/đăng ký giao dịch - II.7.1.CP;Bán trong kỳ >> Giá trị (Triệu đồng);Bán trong kỳ >> Giá trị (Triệu đồng);Data Explorer;Chỉ tiêu cơ sở;TB;Ngày, CTCK;SCMS;;X;;;;;;;;;;
80;Báo cáo theo Thông tư 121/2020/TT-BTC >> Giao dịch trái phiếu - II.7.2.TP;Loại báo cáo;Loại báo cáo;Data Explorer;Chiều;Dễ;Ngày, CTCK;SCMS;X;X;;;;;;;;;;
80;Báo cáo theo Thông tư 121/2020/TT-BTC >> Giao dịch trái phiếu - II.7.2.TP;Kỳ báo cáo;Kỳ báo cáo;Data Explorer;Chiều;Dễ;Ngày, CTCK;SCMS;X;X;;;;;;;;;;
80;Báo cáo theo Thông tư 121/2020/TT-BTC >> Giao dịch trái phiếu - II.7.2.TP;Mã báo cáo;Mã báo cáo;Data Explorer;Chiều;Dễ;Ngày, CTCK;SCMS;X;X;;;;;;;;;;
80;Báo cáo theo Thông tư 121/2020/TT-BTC >> Giao dịch trái phiếu - II.7.2.TP;Tên báo cáo;Tên báo cáo;Data Explorer;Chiều;Dễ;Ngày, CTCK;SCMS;X;X;;;;;;;;;;
80;Báo cáo theo Thông tư 121/2020/TT-BTC >> Giao dịch trái phiếu - II.7.2.TP;Mã chỉ tiêu;Mã chỉ tiêu;Data Explorer;Chiều;Dễ;Ngày, CTCK;SCMS;X;X;;;;;;;;;;
80;Báo cáo theo Thông tư 121/2020/TT-BTC >> Giao dịch trái phiếu - II.7.2.TP;Tên chỉ tiêu;Tên chỉ tiêu;Data Explorer;Chiều;Dễ;Ngày, CTCK;SCMS;X;X;;;;;;;;;;
80;Báo cáo theo Thông tư 121/2020/TT-BTC >> Giao dịch trái phiếu - II.7.2.TP;Tên công ty chứng khoán;Tên công ty chứng khoán;Data Explorer;Chỉ tiêu cơ sở;Dễ;Ngày, CTCK;SCMS;;X;;;;;;;;;;
80;Báo cáo theo Thông tư 121/2020/TT-BTC >> Giao dịch trái phiếu - II.7.2.TP;Sàn giao dịch;Sàn giao dịch;Data Explorer;Chỉ tiêu cơ sở;Dễ;Ngày, CTCK;SCMS;;X;;;;;;;;;;
80;Báo cáo theo Thông tư 121/2020/TT-BTC >> Giao dịch trái phiếu - II.7.2.TP;Mã chứng khoán;Mã chứng khoán;Data Explorer;Chỉ tiêu cơ sở;Dễ;Ngày, CTCK;SCMS;;X;;;;;;;;;;
80;Báo cáo theo Thông tư 121/2020/TT-BTC >> Giao dịch trái phiếu - II.7.2.TP;Giấy phép hoạt động >> Số;Giấy phép hoạt động >> Số;Data Explorer;Chỉ tiêu cơ sở;Dễ;Ngày, CTCK;SCMS;;X;;;;;;;;;;
80;Báo cáo theo Thông tư 121/2020/TT-BTC >> Giao dịch trái phiếu - II.7.2.TP;Giấy phép hoạt động >> Ngày cấp;Giấy phép hoạt động >> Ngày cấp;Data Explorer;Chỉ tiêu cơ sở;Dễ;Ngày, CTCK;SCMS;;X;;;;;;;;;;
80;Báo cáo theo Thông tư 121/2020/TT-BTC >> Giao dịch trái phiếu - II.7.2.TP;Tên trái phiếu;Tên trái phiếu;Data Explorer;Chỉ tiêu cơ sở;TB;Ngày, CTCK;SCMS;;X;;;;;;;;;;
80;Báo cáo theo Thông tư 121/2020/TT-BTC >> Giao dịch trái phiếu - II.7.2.TP;Kỳ hạn (≤ 2 năm/> 2 năm và < 5 năm/≥ 5 năm);Kỳ hạn (≤ 2 năm/> 2 năm và < 5 năm/≥ 5 năm);Data Explorer;Chỉ tiêu cơ sở;TB;Ngày, CTCK;SCMS;;X;;;;;;;;;;
80;Báo cáo theo Thông tư 121/2020/TT-BTC >> Giao dịch trái phiếu - II.7.2.TP;Mua trong kỳ >> Khối lượng;Mua trong kỳ >> Khối lượng;Data Explorer;Chỉ tiêu cơ sở;TB;Ngày, CTCK;SCMS;;X;;;;;;;;;;
80;Báo cáo theo Thông tư 121/2020/TT-BTC >> Giao dịch trái phiếu - II.7.2.TP;Mua trong kỳ >> Giá trị (Triệu đồng);Mua trong kỳ >> Giá trị (Triệu đồng);Data Explorer;Chỉ tiêu cơ sở;TB;Ngày, CTCK;SCMS;;X;;;;;;;;;;
80;Báo cáo theo Thông tư 121/2020/TT-BTC >> Giao dịch trái phiếu - II.7.2.TP;Bán trong kỳ >> Khối lượng;Bán trong kỳ >> Khối lượng;Data Explorer;Chỉ tiêu cơ sở;TB;Ngày, CTCK;SCMS;;X;;;;;;;;;;
80;Báo cáo theo Thông tư 121/2020/TT-BTC >> Giao dịch trái phiếu - II.7.2.TP;Bán trong kỳ >> Giá trị (Triệu đồng);Bán trong kỳ >> Giá trị (Triệu đồng);Data Explorer;Chỉ tiêu cơ sở;TB;Ngày, CTCK;SCMS;;X;;;;;;;;;;
81;Báo cáo theo Thông tư 121/2020/TT-BTC >> Giao dịch chứng khoán chưa niêm yết/đăng ký giao dịch - II.7.3.Tổng cộng;Loại báo cáo;Loại báo cáo;Data Explorer;Chiều;Dễ;Ngày, CTCK;SCMS;X;X;;;;;;;;;;
81;Báo cáo theo Thông tư 121/2020/TT-BTC >> Giao dịch chứng khoán chưa niêm yết/đăng ký giao dịch - II.7.3.Tổng cộng;Kỳ báo cáo;Kỳ báo cáo;Data Explorer;Chiều;Dễ;Ngày, CTCK;SCMS;X;X;;;;;;;;;;
81;Báo cáo theo Thông tư 121/2020/TT-BTC >> Giao dịch chứng khoán chưa niêm yết/đăng ký giao dịch - II.7.3.Tổng cộng;Mã báo cáo;Mã báo cáo;Data Explorer;Chiều;Dễ;Ngày, CTCK;SCMS;X;X;;;;;;;;;;
81;Báo cáo theo Thông tư 121/2020/TT-BTC >> Giao dịch chứng khoán chưa niêm yết/đăng ký giao dịch - II.7.3.Tổng cộng;Tên báo cáo;Tên báo cáo;Data Explorer;Chiều;Dễ;Ngày, CTCK;SCMS;X;X;;;;;;;;;;
81;Báo cáo theo Thông tư 121/2020/TT-BTC >> Giao dịch chứng khoán chưa niêm yết/đăng ký giao dịch - II.7.3.Tổng cộng;Mã chỉ tiêu;Mã chỉ tiêu;Data Explorer;Chiều;Dễ;Ngày, CTCK;SCMS;X;X;;;;;;;;;;
81;Báo cáo theo Thông tư 121/2020/TT-BTC >> Giao dịch chứng khoán chưa niêm yết/đăng ký giao dịch - II.7.3.Tổng cộng;Tên chỉ tiêu;Tên chỉ tiêu;Data Explorer;Chiều;Dễ;Ngày, CTCK;SCMS;X;X;;;;;;;;;;
81;Báo cáo theo Thông tư 121/2020/TT-BTC >> Giao dịch chứng khoán chưa niêm yết/đăng ký giao dịch - II.7.3.Tổng cộng;Tên công ty chứng khoán;Tên công ty chứng khoán;Data Explorer;Chỉ tiêu cơ sở;Dễ;Ngày, CTCK;SCMS;;X;;;;;;;;;;
81;Báo cáo theo Thông tư 121/2020/TT-BTC >> Giao dịch chứng khoán chưa niêm yết/đăng ký giao dịch - II.7.3.Tổng cộng;Sàn giao dịch;Sàn giao dịch;Data Explorer;Chỉ tiêu cơ sở;Dễ;Ngày, CTCK;SCMS;;X;;;;;;;;;;
81;Báo cáo theo Thông tư 121/2020/TT-BTC >> Giao dịch chứng khoán chưa niêm yết/đăng ký giao dịch - II.7.3.Tổng cộng;Mã chứng khoán;Mã chứng khoán;Data Explorer;Chỉ tiêu cơ sở;Dễ;Ngày, CTCK;SCMS;;X;;;;;;;;;;
81;Báo cáo theo Thông tư 121/2020/TT-BTC >> Giao dịch chứng khoán chưa niêm yết/đăng ký giao dịch - II.7.3.Tổng cộng;Giấy phép hoạt động >> Số;Giấy phép hoạt động >> Số;Data Explorer;Chỉ tiêu cơ sở;Dễ;Ngày, CTCK;SCMS;;X;;;;;;;;;;
81;Báo cáo theo Thông tư 121/2020/TT-BTC >> Giao dịch chứng khoán chưa niêm yết/đăng ký giao dịch - II.7.3.Tổng cộng;Giấy phép hoạt động >> Ngày cấp;Giấy phép hoạt động >> Ngày cấp;Data Explorer;Chỉ tiêu cơ sở;Dễ;Ngày, CTCK;SCMS;;X;;;;;;;;;;
81;Báo cáo theo Thông tư 121/2020/TT-BTC >> Giao dịch chứng khoán chưa niêm yết/đăng ký giao dịch - II.7.3.Tổng cộng;Cổ phiếu >> Mua trong kỳ >> Khối lượng;Cổ phiếu >> Mua trong kỳ >> Khối lượng;Data Explorer;Chỉ tiêu cơ sở;TB;Ngày, CTCK;SCMS;;X;;;;;;;;;;
81;Báo cáo theo Thông tư 121/2020/TT-BTC >> Giao dịch chứng khoán chưa niêm yết/đăng ký giao dịch - II.7.3.Tổng cộng;Cổ phiếu >> Mua trong kỳ >> Giá trị (Triệu đồng);Cổ phiếu >> Mua trong kỳ >> Giá trị (Triệu đồng);Data Explorer;Chỉ tiêu cơ sở;TB;Ngày, CTCK;SCMS;;X;;;;;;;;;;
81;Báo cáo theo Thông tư 121/2020/TT-BTC >> Giao dịch chứng khoán chưa niêm yết/đăng ký giao dịch - II.7.3.Tổng cộng;Cổ phiếu >> Bán trong kỳ >> Khối lượng;Cổ phiếu >> Bán trong kỳ >> Khối lượng;Data Explorer;Chỉ tiêu cơ sở;TB;Ngày, CTCK;SCMS;;X;;;;;;;;;;
81;Báo cáo theo Thông tư 121/2020/TT-BTC >> Giao dịch chứng khoán chưa niêm yết/đăng ký giao dịch - II.7.3.Tổng cộng;Cổ phiếu >> Bán trong kỳ >> Giá trị (Triệu đồng);Cổ phiếu >> Bán trong kỳ >> Giá trị (Triệu đồng);Data Explorer;Chỉ tiêu cơ sở;TB;Ngày, CTCK;SCMS;;X;;;;;;;;;;
81;Báo cáo theo Thông tư 121/2020/TT-BTC >> Giao dịch chứng khoán chưa niêm yết/đăng ký giao dịch - II.7.3.Tổng cộng;Trái phiếu >> Kỳ hạn >> ≤ 2 năm;Trái phiếu >> Kỳ hạn >> ≤ 2 năm;Data Explorer;Chỉ tiêu cơ sở;TB;Ngày, CTCK;SCMS;;X;;;;;;;;;;
81;Báo cáo theo Thông tư 121/2020/TT-BTC >> Giao dịch chứng khoán chưa niêm yết/đăng ký giao dịch - II.7.3.Tổng cộng;Trái phiếu >> Kỳ hạn >> > 2 năm và < 5 năm;Trái phiếu >> Kỳ hạn >> > 2 năm và < 5 năm;Data Explorer;Chỉ tiêu cơ sở;TB;Ngày, CTCK;SCMS;;X;;;;;;;;;;
81;Báo cáo theo Thông tư 121/2020/TT-BTC >> Giao dịch chứng khoán chưa niêm yết/đăng ký giao dịch - II.7.3.Tổng cộng;Trái phiếu >> Kỳ hạn >> ≥ 5 năm;Trái phiếu >> Kỳ hạn >> ≥ 5 năm;Data Explorer;Chỉ tiêu cơ sở;TB;Ngày, CTCK;SCMS;;X;;;;;;;;;;
81;Báo cáo theo Thông tư 121/2020/TT-BTC >> Giao dịch chứng khoán chưa niêm yết/đăng ký giao dịch - II.7.3.Tổng cộng;Trái phiếu >> Mua trong kỳ >> Khối lượng;Trái phiếu >> Mua trong kỳ >> Khối lượng;Data Explorer;Chỉ tiêu cơ sở;TB;Ngày, CTCK;SCMS;;X;;;;;;;;;;
81;Báo cáo theo Thông tư 121/2020/TT-BTC >> Giao dịch chứng khoán chưa niêm yết/đăng ký giao dịch - II.7.3.Tổng cộng;Trái phiếu >> Mua trong kỳ >> Giá trị (Triệu đồng);Trái phiếu >> Mua trong kỳ >> Giá trị (Triệu đồng);Data Explorer;Chỉ tiêu cơ sở;TB;Ngày, CTCK;SCMS;;X;;;;;;;;;;
81;Báo cáo theo Thông tư 121/2020/TT-BTC >> Giao dịch chứng khoán chưa niêm yết/đăng ký giao dịch - II.7.3.Tổng cộng;Trái phiếu >> Bán trong kỳ >> Khối lượng;Trái phiếu >> Bán trong kỳ >> Khối lượng;Data Explorer;Chỉ tiêu cơ sở;TB;Ngày, CTCK;SCMS;;X;;;;;;;;;;
81;Báo cáo theo Thông tư 121/2020/TT-BTC >> Giao dịch chứng khoán chưa niêm yết/đăng ký giao dịch - II.7.3.Tổng cộng;Trái phiếu >> Bán trong kỳ >> Giá trị (Triệu đồng);Trái phiếu >> Bán trong kỳ >> Giá trị (Triệu đồng);Data Explorer;Chỉ tiêu cơ sở;TB;Ngày, CTCK;SCMS;;X;;;;;;;;;;
82;Báo cáo theo Thông tư 121/2020/TT-BTC >> Tình hình nắm giữ chứng khoán niêm yết - II.10.1;Loại báo cáo;Loại báo cáo;Data Explorer;Chiều;Dễ;Ngày, CTCK;SCMS;X;X;;;;;;;;;;
82;Báo cáo theo Thông tư 121/2020/TT-BTC >> Tình hình nắm giữ chứng khoán niêm yết - II.10.1;Kỳ báo cáo;Kỳ báo cáo;Data Explorer;Chiều;Dễ;Ngày, CTCK;SCMS;X;X;;;;;;;;;;
82;Báo cáo theo Thông tư 121/2020/TT-BTC >> Tình hình nắm giữ chứng khoán niêm yết - II.10.1;Mã báo cáo;Mã báo cáo;Data Explorer;Chiều;Dễ;Ngày, CTCK;SCMS;X;X;;;;;;;;;;
82;Báo cáo theo Thông tư 121/2020/TT-BTC >> Tình hình nắm giữ chứng khoán niêm yết - II.10.1;Tên báo cáo;Tên báo cáo;Data Explorer;Chiều;Dễ;Ngày, CTCK;SCMS;X;X;;;;;;;;;;
82;Báo cáo theo Thông tư 121/2020/TT-BTC >> Tình hình nắm giữ chứng khoán niêm yết - II.10.1;Mã chỉ tiêu;Mã chỉ tiêu;Data Explorer;Chiều;Dễ;Ngày, CTCK;SCMS;X;X;;;;;;;;;;
82;Báo cáo theo Thông tư 121/2020/TT-BTC >> Tình hình nắm giữ chứng khoán niêm yết - II.10.1;Tên chỉ tiêu;Tên chỉ tiêu;Data Explorer;Chiều;Dễ;Ngày, CTCK;SCMS;X;X;;;;;;;;;;
82;Báo cáo theo Thông tư 121/2020/TT-BTC >> Tình hình nắm giữ chứng khoán niêm yết - II.10.1;Tên công ty chứng khoán;Tên công ty chứng khoán;Data Explorer;Chỉ tiêu cơ sở;Dễ;Ngày, CTCK;SCMS;;X;;;;;;;;;;
82;Báo cáo theo Thông tư 121/2020/TT-BTC >> Tình hình nắm giữ chứng khoán niêm yết - II.10.1;Sàn giao dịch;Sàn giao dịch;Data Explorer;Chỉ tiêu cơ sở;Dễ;Ngày, CTCK;SCMS;;X;;;;;;;;;;
82;Báo cáo theo Thông tư 121/2020/TT-BTC >> Tình hình nắm giữ chứng khoán niêm yết - II.10.1;Mã chứng khoán;Mã chứng khoán;Data Explorer;Chỉ tiêu cơ sở;Dễ;Ngày, CTCK;SCMS;;X;;;;;;;;;;
82;Báo cáo theo Thông tư 121/2020/TT-BTC >> Tình hình nắm giữ chứng khoán niêm yết - II.10.1;Giấy phép >> Số;Giấy phép >> Số;Data Explorer;Chỉ tiêu cơ sở;Dễ;Ngày, CTCK;SCMS;;X;;;;;;;;;;
82;Báo cáo theo Thông tư 121/2020/TT-BTC >> Tình hình nắm giữ chứng khoán niêm yết - II.10.1;"Giấy phép >> Ngày cấp
(tháng/ngày/năm)";"Giấy phép >> Ngày cấp
(tháng/ngày/năm)";Data Explorer;Chỉ tiêu cơ sở;Dễ;Ngày, CTCK;SCMS;;X;;;;;;;;;;
82;Báo cáo theo Thông tư 121/2020/TT-BTC >> Tình hình nắm giữ chứng khoán niêm yết - II.10.1;"Vốn chủ sở hữu
(triệu đồng)";"Vốn chủ sở hữu
(triệu đồng)";Data Explorer;Chỉ tiêu cơ sở;TB;Ngày, CTCK;SCMS;;X;;;;;;;;;;
82;Báo cáo theo Thông tư 121/2020/TT-BTC >> Tình hình nắm giữ chứng khoán niêm yết - II.10.1;Mã chứng khoán (Cổ phiếu/chứng chỉ quỹ);Mã chứng khoán (Cổ phiếu/chứng chỉ quỹ);Data Explorer;Chỉ tiêu cơ sở;TB;Ngày, CTCK;SCMS;;X;;;;;;;;;;
82;Báo cáo theo Thông tư 121/2020/TT-BTC >> Tình hình nắm giữ chứng khoán niêm yết - II.10.1;Số lượng chứng khoán nắm giữ;Số lượng chứng khoán nắm giữ;Data Explorer;Chỉ tiêu cơ sở;TB;Ngày, CTCK;SCMS;;X;;;;;;;;;;
82;Báo cáo theo Thông tư 121/2020/TT-BTC >> Tình hình nắm giữ chứng khoán niêm yết - II.10.1;Giá trị chứng khoán nắm giữ (triệu đồng);Giá trị chứng khoán nắm giữ (triệu đồng);Data Explorer;Chỉ tiêu cơ sở;TB;Ngày, CTCK;SCMS;;X;;;;;;;;;;
82;Báo cáo theo Thông tư 121/2020/TT-BTC >> Tình hình nắm giữ chứng khoán niêm yết - II.10.1;Tổng số chứng khoán đang lưu hành của tổ chức phát hành vào thời điểm báo cáo;Tổng số chứng khoán đang lưu hành của tổ chức phát hành vào thời điểm báo cáo;Data Explorer;Chỉ tiêu cơ sở;TB;Ngày, CTCK;SCMS;;X;;;;;;;;;;
82;Báo cáo theo Thông tư 121/2020/TT-BTC >> Tình hình nắm giữ chứng khoán niêm yết - II.10.1;Tỷ lệ sở hữu (%);Tỷ lệ sở hữu (%);Data Explorer;Chỉ tiêu cơ sở;TB;Ngày, CTCK;SCMS;;X;;;;;;;;;;
82;Báo cáo theo Thông tư 121/2020/TT-BTC >> Tình hình nắm giữ chứng khoán niêm yết - II.10.1;Tổng Giá trị chứng khoán nắm giữ (triệu đồng);Tổng Giá trị chứng khoán nắm giữ (triệu đồng);Data Explorer;Chỉ tiêu cơ sở;TB;Ngày, CTCK;SCMS;;X;;;;;;;;;;
82;Báo cáo theo Thông tư 121/2020/TT-BTC >> Tình hình nắm giữ chứng khoán niêm yết - II.10.1;Tổng Giá trị cổ phiếu đang nắm giữ (triệu đồng);Tổng Giá trị cổ phiếu đang nắm giữ (triệu đồng);Data Explorer;Chỉ tiêu cơ sở;TB;Ngày, CTCK;SCMS;;X;;;;;;;;;;
82;Báo cáo theo Thông tư 121/2020/TT-BTC >> Tình hình nắm giữ chứng khoán niêm yết - II.10.1;Tổng Giá trị chứng chỉ quỹ nắm giữ (triệu đồng);Tổng Giá trị chứng chỉ quỹ nắm giữ (triệu đồng);Data Explorer;Chỉ tiêu cơ sở;TB;Ngày, CTCK;SCMS;;X;;;;;;;;;;
83;Báo cáo theo Thông tư 121/2020/TT-BTC >> Tình hình nắm giữ chứng khoán niêm yết - II.10.2;Loại báo cáo;Loại báo cáo;Data Explorer;Chiều;Dễ;Ngày, CTCK;SCMS;X;X;;;;;;;;;;
83;Báo cáo theo Thông tư 121/2020/TT-BTC >> Tình hình nắm giữ chứng khoán niêm yết - II.10.2;Kỳ báo cáo;Kỳ báo cáo;Data Explorer;Chiều;Dễ;Ngày, CTCK;SCMS;X;X;;;;;;;;;;
83;Báo cáo theo Thông tư 121/2020/TT-BTC >> Tình hình nắm giữ chứng khoán niêm yết - II.10.2;Mã báo cáo;Mã báo cáo;Data Explorer;Chiều;Dễ;Ngày, CTCK;SCMS;X;X;;;;;;;;;;
83;Báo cáo theo Thông tư 121/2020/TT-BTC >> Tình hình nắm giữ chứng khoán niêm yết - II.10.2;Tên báo cáo;Tên báo cáo;Data Explorer;Chiều;Dễ;Ngày, CTCK;SCMS;X;X;;;;;;;;;;
83;Báo cáo theo Thông tư 121/2020/TT-BTC >> Tình hình nắm giữ chứng khoán niêm yết - II.10.2;Mã chỉ tiêu;Mã chỉ tiêu;Data Explorer;Chiều;Dễ;Ngày, CTCK;SCMS;X;X;;;;;;;;;;
83;Báo cáo theo Thông tư 121/2020/TT-BTC >> Tình hình nắm giữ chứng khoán niêm yết - II.10.2;Tên chỉ tiêu;Tên chỉ tiêu;Data Explorer;Chiều;Dễ;Ngày, CTCK;SCMS;X;X;;;;;;;;;;
83;Báo cáo theo Thông tư 121/2020/TT-BTC >> Tình hình nắm giữ chứng khoán niêm yết - II.10.2;Tên công ty chứng khoán;Tên công ty chứng khoán;Data Explorer;Chỉ tiêu cơ sở;Trùng;Ngày, CTCK;SCMS;;X;;;;;;;;;;
83;Báo cáo theo Thông tư 121/2020/TT-BTC >> Tình hình nắm giữ chứng khoán niêm yết - II.10.2;Sàn giao dịch;Sàn giao dịch;Data Explorer;Chỉ tiêu cơ sở;Trùng;Ngày, CTCK;SCMS;;X;;;;;;;;;;
83;Báo cáo theo Thông tư 121/2020/TT-BTC >> Tình hình nắm giữ chứng khoán niêm yết - II.10.2;Mã chứng khoán;Mã chứng khoán;Data Explorer;Chỉ tiêu cơ sở;Trùng;Ngày, CTCK;SCMS;;X;;;;;;;;;;
83;Báo cáo theo Thông tư 121/2020/TT-BTC >> Tình hình nắm giữ chứng khoán niêm yết - II.10.2;Giấy phép >> Số;Giấy phép >> Số;Data Explorer;Chỉ tiêu cơ sở;Trùng;Ngày, CTCK;SCMS;;X;;;;;;;;;;
83;Báo cáo theo Thông tư 121/2020/TT-BTC >> Tình hình nắm giữ chứng khoán niêm yết - II.10.2;"Giấy phép >> Ngày cấp
(tháng/ngày/năm)";"Giấy phép >> Ngày cấp
(tháng/ngày/năm)";Data Explorer;Chỉ tiêu cơ sở;Trùng;Ngày, CTCK;SCMS;;X;;;;;;;;;;
83;Báo cáo theo Thông tư 121/2020/TT-BTC >> Tình hình nắm giữ chứng khoán niêm yết - II.10.2;"Vốn chủ sở hữu
(triệu đồng)";"Vốn chủ sở hữu
(triệu đồng)";Data Explorer;Chỉ tiêu cơ sở;Trùng;Ngày, CTCK;SCMS;;X;;;;;;;;;;
83;Báo cáo theo Thông tư 121/2020/TT-BTC >> Tình hình nắm giữ chứng khoán niêm yết - II.10.2;Tổng giá trị chứng khoán nắm giữ (triệu đồng);Tổng giá trị chứng khoán nắm giữ (triệu đồng);Data Explorer;Chỉ tiêu cơ sở;TB;Ngày, CTCK;SCMS;;X;;;;;;;;;;
83;Báo cáo theo Thông tư 121/2020/TT-BTC >> Tình hình nắm giữ chứng khoán niêm yết - II.10.2;Tổng giá trị cổ phiếu đang nắm giữ (triệu đồng);Tổng giá trị cổ phiếu đang nắm giữ (triệu đồng);Data Explorer;Chỉ tiêu cơ sở;TB;Ngày, CTCK;SCMS;;X;;;;;;;;;;
83;Báo cáo theo Thông tư 121/2020/TT-BTC >> Tình hình nắm giữ chứng khoán niêm yết - II.10.2;Tổng giá trị chứng chỉ quỹ nắm giữ (triệu đồng);Tổng giá trị chứng chỉ quỹ nắm giữ (triệu đồng);Data Explorer;Chỉ tiêu cơ sở;TB;Ngày, CTCK;SCMS;;X;;;;;;;;;;
84;Báo cáo theo Thông tư 121/2020/TT-BTC >> Tình hình đầu tư, góp vốn vào tổ chức khác - II.11.Tổng CP, DA;Loại báo cáo;Loại báo cáo;Data Explorer;Chiều;Dễ;Ngày, CTCK;SCMS;X;X;;;;;;;;;;
84;Báo cáo theo Thông tư 121/2020/TT-BTC >> Tình hình đầu tư, góp vốn vào tổ chức khác - II.11.Tổng CP, DA;Kỳ báo cáo;Kỳ báo cáo;Data Explorer;Chiều;Dễ;Ngày, CTCK;SCMS;X;X;;;;;;;;;;
84;Báo cáo theo Thông tư 121/2020/TT-BTC >> Tình hình đầu tư, góp vốn vào tổ chức khác - II.11.Tổng CP, DA;Mã báo cáo;Mã báo cáo;Data Explorer;Chiều;Dễ;Ngày, CTCK;SCMS;X;X;;;;;;;;;;
84;Báo cáo theo Thông tư 121/2020/TT-BTC >> Tình hình đầu tư, góp vốn vào tổ chức khác - II.11.Tổng CP, DA;Tên báo cáo;Tên báo cáo;Data Explorer;Chiều;Dễ;Ngày, CTCK;SCMS;X;X;;;;;;;;;;
84;Báo cáo theo Thông tư 121/2020/TT-BTC >> Tình hình đầu tư, góp vốn vào tổ chức khác - II.11.Tổng CP, DA;Mã chỉ tiêu;Mã chỉ tiêu;Data Explorer;Chiều;Dễ;Ngày, CTCK;SCMS;X;X;;;;;;;;;;
84;Báo cáo theo Thông tư 121/2020/TT-BTC >> Tình hình đầu tư, góp vốn vào tổ chức khác - II.11.Tổng CP, DA;Tên chỉ tiêu;Tên chỉ tiêu;Data Explorer;Chiều;Dễ;Ngày, CTCK;SCMS;X;X;;;;;;;;;;
84;Báo cáo theo Thông tư 121/2020/TT-BTC >> Tình hình đầu tư, góp vốn vào tổ chức khác - II.11.Tổng CP, DA;Tên công ty chứng khoán;Tên công ty chứng khoán;Data Explorer;Chỉ tiêu cơ sở;Dễ;Ngày, CTCK;SCMS;;X;;;;;;;;;;
84;Báo cáo theo Thông tư 121/2020/TT-BTC >> Tình hình đầu tư, góp vốn vào tổ chức khác - II.11.Tổng CP, DA;Sàn giao dịch;Sàn giao dịch;Data Explorer;Chỉ tiêu cơ sở;Dễ;Ngày, CTCK;SCMS;;X;;;;;;;;;;
84;Báo cáo theo Thông tư 121/2020/TT-BTC >> Tình hình đầu tư, góp vốn vào tổ chức khác - II.11.Tổng CP, DA;Mã chứng khoán;Mã chứng khoán;Data Explorer;Chỉ tiêu cơ sở;Dễ;Ngày, CTCK;SCMS;;X;;;;;;;;;;
84;Báo cáo theo Thông tư 121/2020/TT-BTC >> Tình hình đầu tư, góp vốn vào tổ chức khác - II.11.Tổng CP, DA;Giấy phép >> Số;Giấy phép >> Số;Data Explorer;Chỉ tiêu cơ sở;Dễ;Ngày, CTCK;SCMS;;X;;;;;;;;;;
84;Báo cáo theo Thông tư 121/2020/TT-BTC >> Tình hình đầu tư, góp vốn vào tổ chức khác - II.11.Tổng CP, DA;"Giấy phép >> Ngày cấp
(tháng/ngày/năm)";"Giấy phép >> Ngày cấp
(tháng/ngày/năm)";Data Explorer;Chỉ tiêu cơ sở;Dễ;Ngày, CTCK;SCMS;;X;;;;;;;;;;
84;Báo cáo theo Thông tư 121/2020/TT-BTC >> Tình hình đầu tư, góp vốn vào tổ chức khác - II.11.Tổng CP, DA;"Vốn chủ sở hữu
(triệu đồng)";"Vốn chủ sở hữu
(triệu đồng)";Data Explorer;Chỉ tiêu cơ sở;Dễ;Ngày, CTCK;SCMS;;X;;;;;;;;;;
84;Báo cáo theo Thông tư 121/2020/TT-BTC >> Tình hình đầu tư, góp vốn vào tổ chức khác - II.11.Tổng CP, DA;Cổ phiếu >> Giá trị đầu tư trong nước;Cổ phiếu >> Giá trị đầu tư trong nước;Data Explorer;Chỉ tiêu cơ sở;TB;Ngày, CTCK;SCMS;;X;;;;;;;;;;
84;Báo cáo theo Thông tư 121/2020/TT-BTC >> Tình hình đầu tư, góp vốn vào tổ chức khác - II.11.Tổng CP, DA;Cổ phiếu >> Giá trị đầu tư ra nước ngoài;Cổ phiếu >> Giá trị đầu tư ra nước ngoài;Data Explorer;Chỉ tiêu cơ sở;TB;Ngày, CTCK;SCMS;;X;;;;;;;;;;
84;Báo cáo theo Thông tư 121/2020/TT-BTC >> Tình hình đầu tư, góp vốn vào tổ chức khác - II.11.Tổng CP, DA;Cổ phiếu >> Tổng;Cổ phiếu >> Tổng;Data Explorer;Chỉ tiêu cơ sở;TB;Ngày, CTCK;SCMS;;X;;;;;;;;;;
84;Báo cáo theo Thông tư 121/2020/TT-BTC >> Tình hình đầu tư, góp vốn vào tổ chức khác - II.11.Tổng CP, DA;Dự án kinh doanh/tổ chức khác >> Giá trị đầu tư trong nước;Dự án kinh doanh/tổ chức khác >> Giá trị đầu tư trong nước;Data Explorer;Chỉ tiêu cơ sở;TB;Ngày, CTCK;SCMS;;X;;;;;;;;;;
84;Báo cáo theo Thông tư 121/2020/TT-BTC >> Tình hình đầu tư, góp vốn vào tổ chức khác - II.11.Tổng CP, DA;Dự án kinh doanh/tổ chức khác >> Giá trị đầu tư ra nước ngoài;Dự án kinh doanh/tổ chức khác >> Giá trị đầu tư ra nước ngoài;Data Explorer;Chỉ tiêu cơ sở;TB;Ngày, CTCK;SCMS;;X;;;;;;;;;;
84;Báo cáo theo Thông tư 121/2020/TT-BTC >> Tình hình đầu tư, góp vốn vào tổ chức khác - II.11.Tổng CP, DA;Dự án kinh doanh/tổ chức khác >> Tổng;Dự án kinh doanh/tổ chức khác >> Tổng;Data Explorer;Chỉ tiêu cơ sở;TB;Ngày, CTCK;SCMS;;X;;;;;;;;;;
84;Báo cáo theo Thông tư 121/2020/TT-BTC >> Tình hình đầu tư, góp vốn vào tổ chức khác - II.11.Tổng CP, DA;Tổng giá trị đầu tư vào cổ phiếu, dự án đầu tư (trong và ngoài nước);Tổng giá trị đầu tư vào cổ phiếu, dự án đầu tư (trong và ngoài nước);Data Explorer;Chỉ tiêu cơ sở;TB;Ngày, CTCK;SCMS;;X;;;;;;;;;;
84;Báo cáo theo Thông tư 121/2020/TT-BTC >> Tình hình đầu tư, góp vốn vào tổ chức khác - II.11.Tổng CP, DA;Tỷ lệ đầu tư vào cổ phiếu, phần vốn góp và dự án kinh doanh;Tỷ lệ đầu tư vào cổ phiếu, phần vốn góp và dự án kinh doanh;Data Explorer;Chỉ tiêu cơ sở;TB;Ngày, CTCK;SCMS;;X;;;;;;;;;;
85;Báo cáo theo Thông tư 121/2020/TT-BTC >> Tình hình đầu tư, góp vốn vào tổ chức khác - II.11.1.CP trong nước;Loại báo cáo;Loại báo cáo;Data Explorer;Chiều;Dễ;Ngày, CTCK;SCMS;X;X;;;;;;;;;;
85;Báo cáo theo Thông tư 121/2020/TT-BTC >> Tình hình đầu tư, góp vốn vào tổ chức khác - II.11.1.CP trong nước;Kỳ báo cáo;Kỳ báo cáo;Data Explorer;Chiều;Dễ;Ngày, CTCK;SCMS;X;X;;;;;;;;;;
85;Báo cáo theo Thông tư 121/2020/TT-BTC >> Tình hình đầu tư, góp vốn vào tổ chức khác - II.11.1.CP trong nước;Mã báo cáo;Mã báo cáo;Data Explorer;Chiều;Dễ;Ngày, CTCK;SCMS;X;X;;;;;;;;;;
85;Báo cáo theo Thông tư 121/2020/TT-BTC >> Tình hình đầu tư, góp vốn vào tổ chức khác - II.11.1.CP trong nước;Tên báo cáo;Tên báo cáo;Data Explorer;Chiều;Dễ;Ngày, CTCK;SCMS;X;X;;;;;;;;;;
85;Báo cáo theo Thông tư 121/2020/TT-BTC >> Tình hình đầu tư, góp vốn vào tổ chức khác - II.11.1.CP trong nước;Mã chỉ tiêu;Mã chỉ tiêu;Data Explorer;Chiều;Dễ;Ngày, CTCK;SCMS;X;X;;;;;;;;;;
85;Báo cáo theo Thông tư 121/2020/TT-BTC >> Tình hình đầu tư, góp vốn vào tổ chức khác - II.11.1.CP trong nước;Tên chỉ tiêu;Tên chỉ tiêu;Data Explorer;Chiều;Dễ;Ngày, CTCK;SCMS;X;X;;;;;;;;;;
85;Báo cáo theo Thông tư 121/2020/TT-BTC >> Tình hình đầu tư, góp vốn vào tổ chức khác - II.11.1.CP trong nước;Tên công ty chứng khoán;Tên công ty chứng khoán;Data Explorer;Chỉ tiêu cơ sở;Trùng;Ngày, CTCK;SCMS;;X;;;;;;;;;;
85;Báo cáo theo Thông tư 121/2020/TT-BTC >> Tình hình đầu tư, góp vốn vào tổ chức khác - II.11.1.CP trong nước;Sàn giao dịch;Sàn giao dịch;Data Explorer;Chỉ tiêu cơ sở;Trùng;Ngày, CTCK;SCMS;;X;;;;;;;;;;
85;Báo cáo theo Thông tư 121/2020/TT-BTC >> Tình hình đầu tư, góp vốn vào tổ chức khác - II.11.1.CP trong nước;Mã chứng khoán;Mã chứng khoán;Data Explorer;Chỉ tiêu cơ sở;Trùng;Ngày, CTCK;SCMS;;X;;;;;;;;;;
85;Báo cáo theo Thông tư 121/2020/TT-BTC >> Tình hình đầu tư, góp vốn vào tổ chức khác - II.11.1.CP trong nước;Giấy phép >> Số;Giấy phép >> Số;Data Explorer;Chỉ tiêu cơ sở;Trùng;Ngày, CTCK;SCMS;;X;;;;;;;;;;
85;Báo cáo theo Thông tư 121/2020/TT-BTC >> Tình hình đầu tư, góp vốn vào tổ chức khác - II.11.1.CP trong nước;"Giấy phép >> Ngày cấp
(tháng/ngày/năm)";"Giấy phép >> Ngày cấp
(tháng/ngày/năm)";Data Explorer;Chỉ tiêu cơ sở;Trùng;Ngày, CTCK;SCMS;;X;;;;;;;;;;
85;Báo cáo theo Thông tư 121/2020/TT-BTC >> Tình hình đầu tư, góp vốn vào tổ chức khác - II.11.1.CP trong nước;Đầu tư trong nước >> Tên tổ chức khác;Đầu tư trong nước >> Tên tổ chức khác;Data Explorer;Chỉ tiêu cơ sở;TB;Ngày, CTCK;SCMS;;X;;;;;;;;;;
85;Báo cáo theo Thông tư 121/2020/TT-BTC >> Tình hình đầu tư, góp vốn vào tổ chức khác - II.11.1.CP trong nước;Đầu tư trong nước >> Số lượng cổ phiếu nắm giữ;Đầu tư trong nước >> Số lượng cổ phiếu nắm giữ;Data Explorer;Chỉ tiêu cơ sở;TB;Ngày, CTCK;SCMS;;X;;;;;;;;;;
85;Báo cáo theo Thông tư 121/2020/TT-BTC >> Tình hình đầu tư, góp vốn vào tổ chức khác - II.11.1.CP trong nước;Đầu tư trong nước >> Giá trị cổ phiếu nắm giữ (Triệu đồng);Đầu tư trong nước >> Giá trị cổ phiếu nắm giữ (Triệu đồng);Data Explorer;Chỉ tiêu cơ sở;TB;Ngày, CTCK;SCMS;;X;;;;;;;;;;
85;Báo cáo theo Thông tư 121/2020/TT-BTC >> Tình hình đầu tư, góp vốn vào tổ chức khác - II.11.1.CP trong nước;Đầu tư trong nước >> Tỷ lệ đầu tư (%);Đầu tư trong nước >> Tỷ lệ đầu tư (%);Data Explorer;Chỉ tiêu cơ sở;TB;Ngày, CTCK;SCMS;;X;;;;;;;;;;
86;Báo cáo theo Thông tư 121/2020/TT-BTC >> Tình hình đầu tư, góp vốn vào tổ chức khác - II.11.2.CP nước ngoài;Loại báo cáo;Loại báo cáo;Data Explorer;Chiều;Dễ;Ngày, CTCK;SCMS;X;X;;;;;;;;;;
86;Báo cáo theo Thông tư 121/2020/TT-BTC >> Tình hình đầu tư, góp vốn vào tổ chức khác - II.11.2.CP nước ngoài;Kỳ báo cáo;Kỳ báo cáo;Data Explorer;Chiều;Dễ;Ngày, CTCK;SCMS;X;X;;;;;;;;;;
86;Báo cáo theo Thông tư 121/2020/TT-BTC >> Tình hình đầu tư, góp vốn vào tổ chức khác - II.11.2.CP nước ngoài;Mã báo cáo;Mã báo cáo;Data Explorer;Chiều;Dễ;Ngày, CTCK;SCMS;X;X;;;;;;;;;;
86;Báo cáo theo Thông tư 121/2020/TT-BTC >> Tình hình đầu tư, góp vốn vào tổ chức khác - II.11.2.CP nước ngoài;Tên báo cáo;Tên báo cáo;Data Explorer;Chiều;Dễ;Ngày, CTCK;SCMS;X;X;;;;;;;;;;
86;Báo cáo theo Thông tư 121/2020/TT-BTC >> Tình hình đầu tư, góp vốn vào tổ chức khác - II.11.2.CP nước ngoài;Mã chỉ tiêu;Mã chỉ tiêu;Data Explorer;Chiều;Dễ;Ngày, CTCK;SCMS;X;X;;;;;;;;;;
86;Báo cáo theo Thông tư 121/2020/TT-BTC >> Tình hình đầu tư, góp vốn vào tổ chức khác - II.11.2.CP nước ngoài;Tên chỉ tiêu;Tên chỉ tiêu;Data Explorer;Chiều;Dễ;Ngày, CTCK;SCMS;X;X;;;;;;;;;;
86;Báo cáo theo Thông tư 121/2020/TT-BTC >> Tình hình đầu tư, góp vốn vào tổ chức khác - II.11.2.CP nước ngoài;Tên công ty chứng khoán;Tên công ty chứng khoán;Data Explorer;Chỉ tiêu cơ sở;Trùng;Ngày, CTCK;SCMS;;X;;;;;;;;;;
86;Báo cáo theo Thông tư 121/2020/TT-BTC >> Tình hình đầu tư, góp vốn vào tổ chức khác - II.11.2.CP nước ngoài;Sàn giao dịch;Sàn giao dịch;Data Explorer;Chỉ tiêu cơ sở;Trùng;Ngày, CTCK;SCMS;;X;;;;;;;;;;
86;Báo cáo theo Thông tư 121/2020/TT-BTC >> Tình hình đầu tư, góp vốn vào tổ chức khác - II.11.2.CP nước ngoài;Mã chứng khoán;Mã chứng khoán;Data Explorer;Chỉ tiêu cơ sở;Trùng;Ngày, CTCK;SCMS;;X;;;;;;;;;;
86;Báo cáo theo Thông tư 121/2020/TT-BTC >> Tình hình đầu tư, góp vốn vào tổ chức khác - II.11.2.CP nước ngoài;Giấy phép >> Số;Giấy phép >> Số;Data Explorer;Chỉ tiêu cơ sở;Trùng;Ngày, CTCK;SCMS;;X;;;;;;;;;;
86;Báo cáo theo Thông tư 121/2020/TT-BTC >> Tình hình đầu tư, góp vốn vào tổ chức khác - II.11.2.CP nước ngoài;"Giấy phép >> Ngày cấp
(tháng/ngày/năm)";"Giấy phép >> Ngày cấp
(tháng/ngày/năm)";Data Explorer;Chỉ tiêu cơ sở;Trùng;Ngày, CTCK;SCMS;;X;;;;;;;;;;
86;Báo cáo theo Thông tư 121/2020/TT-BTC >> Tình hình đầu tư, góp vốn vào tổ chức khác - II.11.2.CP nước ngoài;Đầu tư ra nước ngoài >> Tên tổ chức khác;Đầu tư ra nước ngoài >> Tên tổ chức khác;Data Explorer;Chỉ tiêu cơ sở;TB;Ngày, CTCK;SCMS;;X;;;;;;;;;;
86;Báo cáo theo Thông tư 121/2020/TT-BTC >> Tình hình đầu tư, góp vốn vào tổ chức khác - II.11.2.CP nước ngoài;Đầu tư ra nước ngoài >> Số lượng cổ phiếu nắm giữ;Đầu tư ra nước ngoài >> Số lượng cổ phiếu nắm giữ;Data Explorer;Chỉ tiêu cơ sở;TB;Ngày, CTCK;SCMS;;X;;;;;;;;;;
86;Báo cáo theo Thông tư 121/2020/TT-BTC >> Tình hình đầu tư, góp vốn vào tổ chức khác - II.11.2.CP nước ngoài;Đầu tư ra nước ngoài >> Giá trị cổ phiếu nắm giữ (Triệu đồng);Đầu tư ra nước ngoài >> Giá trị cổ phiếu nắm giữ (Triệu đồng);Data Explorer;Chỉ tiêu cơ sở;TB;Ngày, CTCK;SCMS;;X;;;;;;;;;;
86;Báo cáo theo Thông tư 121/2020/TT-BTC >> Tình hình đầu tư, góp vốn vào tổ chức khác - II.11.2.CP nước ngoài;Đầu tư ra nước ngoài >> Tỷ lệ đầu tư (%);Đầu tư ra nước ngoài >> Tỷ lệ đầu tư (%);Data Explorer;Chỉ tiêu cơ sở;TB;Ngày, CTCK;SCMS;;X;;;;;;;;;;
87;Báo cáo theo Thông tư 121/2020/TT-BTC >> Tình hình đầu tư, góp vốn vào tổ chức khác - II.11.3.DA trong nước;Loại báo cáo;Loại báo cáo;Data Explorer;Chiều;Dễ;Ngày, CTCK;SCMS;X;X;;;;;;;;;;
87;Báo cáo theo Thông tư 121/2020/TT-BTC >> Tình hình đầu tư, góp vốn vào tổ chức khác - II.11.3.DA trong nước;Kỳ báo cáo;Kỳ báo cáo;Data Explorer;Chiều;Dễ;Ngày, CTCK;SCMS;X;X;;;;;;;;;;
87;Báo cáo theo Thông tư 121/2020/TT-BTC >> Tình hình đầu tư, góp vốn vào tổ chức khác - II.11.3.DA trong nước;Mã báo cáo;Mã báo cáo;Data Explorer;Chiều;Dễ;Ngày, CTCK;SCMS;X;X;;;;;;;;;;
87;Báo cáo theo Thông tư 121/2020/TT-BTC >> Tình hình đầu tư, góp vốn vào tổ chức khác - II.11.3.DA trong nước;Tên báo cáo;Tên báo cáo;Data Explorer;Chiều;Dễ;Ngày, CTCK;SCMS;X;X;;;;;;;;;;
87;Báo cáo theo Thông tư 121/2020/TT-BTC >> Tình hình đầu tư, góp vốn vào tổ chức khác - II.11.3.DA trong nước;Mã chỉ tiêu;Mã chỉ tiêu;Data Explorer;Chiều;Dễ;Ngày, CTCK;SCMS;X;X;;;;;;;;;;
87;Báo cáo theo Thông tư 121/2020/TT-BTC >> Tình hình đầu tư, góp vốn vào tổ chức khác - II.11.3.DA trong nước;Tên chỉ tiêu;Tên chỉ tiêu;Data Explorer;Chiều;Dễ;Ngày, CTCK;SCMS;X;X;;;;;;;;;;
87;Báo cáo theo Thông tư 121/2020/TT-BTC >> Tình hình đầu tư, góp vốn vào tổ chức khác - II.11.3.DA trong nước;Tên công ty chứng khoán;Tên công ty chứng khoán;Data Explorer;Chỉ tiêu cơ sở;Trùng;Ngày, CTCK;SCMS;;X;;;;;;;;;;
87;Báo cáo theo Thông tư 121/2020/TT-BTC >> Tình hình đầu tư, góp vốn vào tổ chức khác - II.11.3.DA trong nước;Sàn giao dịch;Sàn giao dịch;Data Explorer;Chỉ tiêu cơ sở;Trùng;Ngày, CTCK;SCMS;;X;;;;;;;;;;
87;Báo cáo theo Thông tư 121/2020/TT-BTC >> Tình hình đầu tư, góp vốn vào tổ chức khác - II.11.3.DA trong nước;Mã chứng khoán;Mã chứng khoán;Data Explorer;Chỉ tiêu cơ sở;Trùng;Ngày, CTCK;SCMS;;X;;;;;;;;;;
87;Báo cáo theo Thông tư 121/2020/TT-BTC >> Tình hình đầu tư, góp vốn vào tổ chức khác - II.11.3.DA trong nước;Giấy phép >> Số;Giấy phép >> Số;Data Explorer;Chỉ tiêu cơ sở;Trùng;Ngày, CTCK;SCMS;;X;;;;;;;;;;
87;Báo cáo theo Thông tư 121/2020/TT-BTC >> Tình hình đầu tư, góp vốn vào tổ chức khác - II.11.3.DA trong nước;"Giấy phép >> Ngày cấp
(tháng/ngày/năm)";"Giấy phép >> Ngày cấp
(tháng/ngày/năm)";Data Explorer;Chỉ tiêu cơ sở;Trùng;Ngày, CTCK;SCMS;;X;;;;;;;;;;
87;Báo cáo theo Thông tư 121/2020/TT-BTC >> Tình hình đầu tư, góp vốn vào tổ chức khác - II.11.3.DA trong nước;Đầu tư trong nước >> Tên tổ chức/dự án kinh doanh;Đầu tư trong nước >> Tên tổ chức/dự án kinh doanh;Data Explorer;Chỉ tiêu cơ sở;TB;Ngày, CTCK;SCMS;;X;;;;;;;;;;
87;Báo cáo theo Thông tư 121/2020/TT-BTC >> Tình hình đầu tư, góp vốn vào tổ chức khác - II.11.3.DA trong nước;Đầu tư trong nước >> Giá trị vốn góp vào tổ chức/dự án kinh doanh (triệu đồng);Đầu tư trong nước >> Giá trị vốn góp vào tổ chức/dự án kinh doanh (triệu đồng);Data Explorer;Chỉ tiêu cơ sở;TB;Ngày, CTCK;SCMS;;X;;;;;;;;;;
87;Báo cáo theo Thông tư 121/2020/TT-BTC >> Tình hình đầu tư, góp vốn vào tổ chức khác - II.11.3.DA trong nước;Đầu tư trong nước >> Tỷ lệ đầu tư (%);Đầu tư trong nước >> Tỷ lệ đầu tư (%);Data Explorer;Chỉ tiêu cơ sở;TB;Ngày, CTCK;SCMS;;X;;;;;;;;;;
88;Báo cáo theo Thông tư 121/2020/TT-BTC >> Tình hình đầu tư, góp vốn vào tổ chức khác - II.11.4.DA nước ngoài;Loại báo cáo;Loại báo cáo;Data Explorer;Chiều;Dễ;Ngày, CTCK;SCMS;X;X;;;;;;;;;;
88;Báo cáo theo Thông tư 121/2020/TT-BTC >> Tình hình đầu tư, góp vốn vào tổ chức khác - II.11.4.DA nước ngoài;Kỳ báo cáo;Kỳ báo cáo;Data Explorer;Chiều;Dễ;Ngày, CTCK;SCMS;X;X;;;;;;;;;;
88;Báo cáo theo Thông tư 121/2020/TT-BTC >> Tình hình đầu tư, góp vốn vào tổ chức khác - II.11.4.DA nước ngoài;Mã báo cáo;Mã báo cáo;Data Explorer;Chiều;Dễ;Ngày, CTCK;SCMS;X;X;;;;;;;;;;
88;Báo cáo theo Thông tư 121/2020/TT-BTC >> Tình hình đầu tư, góp vốn vào tổ chức khác - II.11.4.DA nước ngoài;Tên báo cáo;Tên báo cáo;Data Explorer;Chiều;Dễ;Ngày, CTCK;SCMS;X;X;;;;;;;;;;
88;Báo cáo theo Thông tư 121/2020/TT-BTC >> Tình hình đầu tư, góp vốn vào tổ chức khác - II.11.4.DA nước ngoài;Mã chỉ tiêu;Mã chỉ tiêu;Data Explorer;Chiều;Dễ;Ngày, CTCK;SCMS;X;X;;;;;;;;;;
88;Báo cáo theo Thông tư 121/2020/TT-BTC >> Tình hình đầu tư, góp vốn vào tổ chức khác - II.11.4.DA nước ngoài;Tên chỉ tiêu;Tên chỉ tiêu;Data Explorer;Chiều;Dễ;Ngày, CTCK;SCMS;X;X;;;;;;;;;;
88;Báo cáo theo Thông tư 121/2020/TT-BTC >> Tình hình đầu tư, góp vốn vào tổ chức khác - II.11.4.DA nước ngoài;Tên công ty chứng khoán;Tên công ty chứng khoán;Data Explorer;Chỉ tiêu cơ sở;Trùng;Ngày, CTCK;SCMS;;X;;;;;;;;;;
88;Báo cáo theo Thông tư 121/2020/TT-BTC >> Tình hình đầu tư, góp vốn vào tổ chức khác - II.11.4.DA nước ngoài;Sàn giao dịch;Sàn giao dịch;Data Explorer;Chỉ tiêu cơ sở;Trùng;Ngày, CTCK;SCMS;;X;;;;;;;;;;
88;Báo cáo theo Thông tư 121/2020/TT-BTC >> Tình hình đầu tư, góp vốn vào tổ chức khác - II.11.4.DA nước ngoài;Mã chứng khoán;Mã chứng khoán;Data Explorer;Chỉ tiêu cơ sở;Trùng;Ngày, CTCK;SCMS;;X;;;;;;;;;;
88;Báo cáo theo Thông tư 121/2020/TT-BTC >> Tình hình đầu tư, góp vốn vào tổ chức khác - II.11.4.DA nước ngoài;Giấy phép >> Số;Giấy phép >> Số;Data Explorer;Chỉ tiêu cơ sở;Trùng;Ngày, CTCK;SCMS;;X;;;;;;;;;;
88;Báo cáo theo Thông tư 121/2020/TT-BTC >> Tình hình đầu tư, góp vốn vào tổ chức khác - II.11.4.DA nước ngoài;"Giấy phép >> Ngày cấp
(tháng/ngày/năm)";"Giấy phép >> Ngày cấp
(tháng/ngày/năm)";Data Explorer;Chỉ tiêu cơ sở;Trùng;Ngày, CTCK;SCMS;;X;;;;;;;;;;
88;Báo cáo theo Thông tư 121/2020/TT-BTC >> Tình hình đầu tư, góp vốn vào tổ chức khác - II.11.4.DA nước ngoài;Đầu tư ra nước ngoài >> Tên tổ chức/dự án kinh doanh;Đầu tư trong nước >> Tên tổ chức/dự án kinh doanh;Data Explorer;Chỉ tiêu cơ sở;TB;Ngày, CTCK;SCMS;;X;;;;;;;;;;
88;Báo cáo theo Thông tư 121/2020/TT-BTC >> Tình hình đầu tư, góp vốn vào tổ chức khác - II.11.4.DA nước ngoài;Đầu tư ra nước ngoài >> Giá trị vốn góp vào tổ chức/dự án kinh doanh (triệu đồng);Đầu tư trong nước >> Giá trị vốn góp vào tổ chức/dự án kinh doanh (triệu đồng);Data Explorer;Chỉ tiêu cơ sở;TB;Ngày, CTCK;SCMS;;X;;;;;;;;;;
88;Báo cáo theo Thông tư 121/2020/TT-BTC >> Tình hình đầu tư, góp vốn vào tổ chức khác - II.11.4.DA nước ngoài;Đầu tư ra nước ngoài >> Tỷ lệ đầu tư (%);Đầu tư trong nước >> Tỷ lệ đầu tư (%);Data Explorer;Chỉ tiêu cơ sở;TB;Ngày, CTCK;SCMS;;X;;;;;;;;;;
89;Báo cáo theo Thông tư 121/2020/TT-BTC >> Tình hình đầu tư, góp vốn vào tổ chức khác - II.11.5.TSCD;Loại báo cáo;Loại báo cáo;Data Explorer;Chiều;Dễ;Ngày, CTCK;SCMS;X;X;;;;;;;;;;
89;Báo cáo theo Thông tư 121/2020/TT-BTC >> Tình hình đầu tư, góp vốn vào tổ chức khác - II.11.5.TSCD;Kỳ báo cáo;Kỳ báo cáo;Data Explorer;Chiều;Dễ;Ngày, CTCK;SCMS;X;X;;;;;;;;;;
89;Báo cáo theo Thông tư 121/2020/TT-BTC >> Tình hình đầu tư, góp vốn vào tổ chức khác - II.11.5.TSCD;Mã báo cáo;Mã báo cáo;Data Explorer;Chiều;Dễ;Ngày, CTCK;SCMS;X;X;;;;;;;;;;
89;Báo cáo theo Thông tư 121/2020/TT-BTC >> Tình hình đầu tư, góp vốn vào tổ chức khác - II.11.5.TSCD;Tên báo cáo;Tên báo cáo;Data Explorer;Chiều;Dễ;Ngày, CTCK;SCMS;X;X;;;;;;;;;;
89;Báo cáo theo Thông tư 121/2020/TT-BTC >> Tình hình đầu tư, góp vốn vào tổ chức khác - II.11.5.TSCD;Mã chỉ tiêu;Mã chỉ tiêu;Data Explorer;Chiều;Dễ;Ngày, CTCK;SCMS;X;X;;;;;;;;;;
89;Báo cáo theo Thông tư 121/2020/TT-BTC >> Tình hình đầu tư, góp vốn vào tổ chức khác - II.11.5.TSCD;Tên chỉ tiêu;Tên chỉ tiêu;Data Explorer;Chiều;Dễ;Ngày, CTCK;SCMS;X;X;;;;;;;;;;
89;Báo cáo theo Thông tư 121/2020/TT-BTC >> Tình hình đầu tư, góp vốn vào tổ chức khác - II.11.5.TSCD;Tên công ty chứng khoán;Tên công ty chứng khoán;Data Explorer;Chỉ tiêu cơ sở;Trùng;Ngày, CTCK;SCMS;;X;;;;;;;;;;
89;Báo cáo theo Thông tư 121/2020/TT-BTC >> Tình hình đầu tư, góp vốn vào tổ chức khác - II.11.5.TSCD;Sàn giao dịch;Sàn giao dịch;Data Explorer;Chỉ tiêu cơ sở;Trùng;Ngày, CTCK;SCMS;;X;;;;;;;;;;
89;Báo cáo theo Thông tư 121/2020/TT-BTC >> Tình hình đầu tư, góp vốn vào tổ chức khác - II.11.5.TSCD;Mã chứng khoán;Mã chứng khoán;Data Explorer;Chỉ tiêu cơ sở;Trùng;Ngày, CTCK;SCMS;;X;;;;;;;;;;
89;Báo cáo theo Thông tư 121/2020/TT-BTC >> Tình hình đầu tư, góp vốn vào tổ chức khác - II.11.5.TSCD;Giấy phép >> Số;Giấy phép >> Số;Data Explorer;Chỉ tiêu cơ sở;Trùng;Ngày, CTCK;SCMS;;X;;;;;;;;;;
89;Báo cáo theo Thông tư 121/2020/TT-BTC >> Tình hình đầu tư, góp vốn vào tổ chức khác - II.11.5.TSCD;"Giấy phép >> Ngày cấp
(tháng/ngày/năm)";"Giấy phép >> Ngày cấp
(tháng/ngày/năm)";Data Explorer;Chỉ tiêu cơ sở;Trùng;Ngày, CTCK;SCMS;;X;;;;;;;;;;
89;Báo cáo theo Thông tư 121/2020/TT-BTC >> Tình hình đầu tư, góp vốn vào tổ chức khác - II.11.5.TSCD;Tổng tài sản (triệu đồng);Tổng tài sản (triệu đồng);Data Explorer;Chỉ tiêu cơ sở;TB;Ngày, CTCK;SCMS;;X;;;;;;;;;;
89;Báo cáo theo Thông tư 121/2020/TT-BTC >> Tình hình đầu tư, góp vốn vào tổ chức khác - II.11.5.TSCD;Giá trị tổng = Giá trị trong nước (triệu đồng);Giá trị tổng = Giá trị trong nước (triệu đồng);Data Explorer;Chỉ tiêu cơ sở;TB;Ngày, CTCK;SCMS;;X;;;;;;;;;;
89;Báo cáo theo Thông tư 121/2020/TT-BTC >> Tình hình đầu tư, góp vốn vào tổ chức khác - II.11.5.TSCD;Tỷ lệ (%) = Tổng giá trị/ Tổng tài sản;Tỷ lệ (%) = Tổng giá trị/ Tổng tài sản;Data Explorer;Chỉ tiêu cơ sở;TB;Ngày, CTCK;SCMS;;X;;;;;;;;;;
90;Báo cáo theo Thông tư 121/2020/TT-BTC >> Tình hình đầu tư, góp vốn vào tổ chức khác - II.11.6.1.TP;Loại báo cáo;Loại báo cáo;Data Explorer;Chiều;Dễ;Ngày, CTCK;SCMS;X;X;;;;;;;;;;
90;Báo cáo theo Thông tư 121/2020/TT-BTC >> Tình hình đầu tư, góp vốn vào tổ chức khác - II.11.6.1.TP;Kỳ báo cáo;Kỳ báo cáo;Data Explorer;Chiều;Dễ;Ngày, CTCK;SCMS;X;X;;;;;;;;;;
90;Báo cáo theo Thông tư 121/2020/TT-BTC >> Tình hình đầu tư, góp vốn vào tổ chức khác - II.11.6.1.TP;Mã báo cáo;Mã báo cáo;Data Explorer;Chiều;Dễ;Ngày, CTCK;SCMS;X;X;;;;;;;;;;
90;Báo cáo theo Thông tư 121/2020/TT-BTC >> Tình hình đầu tư, góp vốn vào tổ chức khác - II.11.6.1.TP;Tên báo cáo;Tên báo cáo;Data Explorer;Chiều;Dễ;Ngày, CTCK;SCMS;X;X;;;;;;;;;;
90;Báo cáo theo Thông tư 121/2020/TT-BTC >> Tình hình đầu tư, góp vốn vào tổ chức khác - II.11.6.1.TP;Mã chỉ tiêu;Mã chỉ tiêu;Data Explorer;Chiều;Dễ;Ngày, CTCK;SCMS;X;X;;;;;;;;;;
90;Báo cáo theo Thông tư 121/2020/TT-BTC >> Tình hình đầu tư, góp vốn vào tổ chức khác - II.11.6.1.TP;Tên chỉ tiêu;Tên chỉ tiêu;Data Explorer;Chiều;Dễ;Ngày, CTCK;SCMS;X;X;;;;;;;;;;
90;Báo cáo theo Thông tư 121/2020/TT-BTC >> Tình hình đầu tư, góp vốn vào tổ chức khác - II.11.6.1.TP;Tên công ty chứng khoán;Tên công ty chứng khoán;Data Explorer;Chỉ tiêu cơ sở;Trùng;Ngày, CTCK;SCMS;;X;;;;;;;;;;
90;Báo cáo theo Thông tư 121/2020/TT-BTC >> Tình hình đầu tư, góp vốn vào tổ chức khác - II.11.6.1.TP;Sàn giao dịch;Sàn giao dịch;Data Explorer;Chỉ tiêu cơ sở;Trùng;Ngày, CTCK;SCMS;;X;;;;;;;;;;
90;Báo cáo theo Thông tư 121/2020/TT-BTC >> Tình hình đầu tư, góp vốn vào tổ chức khác - II.11.6.1.TP;Mã chứng khoán;Mã chứng khoán;Data Explorer;Chỉ tiêu cơ sở;Trùng;Ngày, CTCK;SCMS;;X;;;;;;;;;;
90;Báo cáo theo Thông tư 121/2020/TT-BTC >> Tình hình đầu tư, góp vốn vào tổ chức khác - II.11.6.1.TP;Giấy phép >> Số;Giấy phép >> Số;Data Explorer;Chỉ tiêu cơ sở;Trùng;Ngày, CTCK;SCMS;;X;;;;;;;;;;
90;Báo cáo theo Thông tư 121/2020/TT-BTC >> Tình hình đầu tư, góp vốn vào tổ chức khác - II.11.6.1.TP;"Giấy phép >> Ngày cấp
(tháng/ngày/năm)";"Giấy phép >> Ngày cấp
(tháng/ngày/năm)";Data Explorer;Chỉ tiêu cơ sở;Trùng;Ngày, CTCK;SCMS;;X;;;;;;;;;;
90;Báo cáo theo Thông tư 121/2020/TT-BTC >> Tình hình đầu tư, góp vốn vào tổ chức khác - II.11.6.1.TP;Vốn chủ sở hữu (triệu đồng);Vốn chủ sở hữu (triệu đồng);Data Explorer;Chỉ tiêu cơ sở;TB;Ngày, CTCK;SCMS;;X;;;;;;;;;;
90;Báo cáo theo Thông tư 121/2020/TT-BTC >> Tình hình đầu tư, góp vốn vào tổ chức khác - II.11.6.1.TP;Giá trị trái phiếu doanh nghiệp >> Trong nước;Giá trị trái phiếu doanh nghiệp >> Trong nước;Data Explorer;Chỉ tiêu cơ sở;TB;Ngày, CTCK;SCMS;;X;;;;;;;;;;
90;Báo cáo theo Thông tư 121/2020/TT-BTC >> Tình hình đầu tư, góp vốn vào tổ chức khác - II.11.6.1.TP;Giá trị trái phiếu doanh nghiệp >> Ngoài nước;Giá trị trái phiếu doanh nghiệp >> Ngoài nước;Data Explorer;Chỉ tiêu cơ sở;TB;Ngày, CTCK;SCMS;;X;;;;;;;;;;
90;Báo cáo theo Thông tư 121/2020/TT-BTC >> Tình hình đầu tư, góp vốn vào tổ chức khác - II.11.6.1.TP;Giá trị trái phiếu doanh nghiệp >> Tổng cộng;Giá trị trái phiếu doanh nghiệp >> Tổng cộng;Data Explorer;Chỉ tiêu cơ sở;TB;Ngày, CTCK;SCMS;;X;;;;;;;;;;
90;Báo cáo theo Thông tư 121/2020/TT-BTC >> Tình hình đầu tư, góp vốn vào tổ chức khác - II.11.6.1.TP;Tỷ lệ (%) = Tổng giá trị trái phiếu/Vốn chủ sở hữu;Tỷ lệ (%) = Tổng giá trị trái phiếu/Vốn chủ sở hữu;Data Explorer;Chỉ tiêu cơ sở;TB;Ngày, CTCK;SCMS;;X;;;;;;;;;;
91;Báo cáo theo Thông tư 121/2020/TT-BTC >> Tình hình đầu tư, góp vốn vào tổ chức khác - II.11.6.TP;Loại báo cáo;Loại báo cáo;Data Explorer;Chiều;Dễ;Ngày, CTCK;SCMS;X;X;;;;;;;;;;
91;Báo cáo theo Thông tư 121/2020/TT-BTC >> Tình hình đầu tư, góp vốn vào tổ chức khác - II.11.6.TP;Kỳ báo cáo;Kỳ báo cáo;Data Explorer;Chiều;Dễ;Ngày, CTCK;SCMS;X;X;;;;;;;;;;
91;Báo cáo theo Thông tư 121/2020/TT-BTC >> Tình hình đầu tư, góp vốn vào tổ chức khác - II.11.6.TP;Mã báo cáo;Mã báo cáo;Data Explorer;Chiều;Dễ;Ngày, CTCK;SCMS;X;X;;;;;;;;;;
91;Báo cáo theo Thông tư 121/2020/TT-BTC >> Tình hình đầu tư, góp vốn vào tổ chức khác - II.11.6.TP;Tên báo cáo;Tên báo cáo;Data Explorer;Chiều;Dễ;Ngày, CTCK;SCMS;X;X;;;;;;;;;;
91;Báo cáo theo Thông tư 121/2020/TT-BTC >> Tình hình đầu tư, góp vốn vào tổ chức khác - II.11.6.TP;Mã chỉ tiêu;Mã chỉ tiêu;Data Explorer;Chiều;Dễ;Ngày, CTCK;SCMS;X;X;;;;;;;;;;
91;Báo cáo theo Thông tư 121/2020/TT-BTC >> Tình hình đầu tư, góp vốn vào tổ chức khác - II.11.6.TP;Tên chỉ tiêu;Tên chỉ tiêu;Data Explorer;Chiều;Dễ;Ngày, CTCK;SCMS;X;X;;;;;;;;;;
91;Báo cáo theo Thông tư 121/2020/TT-BTC >> Tình hình đầu tư, góp vốn vào tổ chức khác - II.11.6.TP;Tên công ty chứng khoán;Tên công ty chứng khoán;Data Explorer;Chỉ tiêu cơ sở;Trùng;Ngày, CTCK;SCMS;;X;;;;;;;;;;
91;Báo cáo theo Thông tư 121/2020/TT-BTC >> Tình hình đầu tư, góp vốn vào tổ chức khác - II.11.6.TP;Sàn giao dịch;Sàn giao dịch;Data Explorer;Chỉ tiêu cơ sở;Trùng;Ngày, CTCK;SCMS;;X;;;;;;;;;;
91;Báo cáo theo Thông tư 121/2020/TT-BTC >> Tình hình đầu tư, góp vốn vào tổ chức khác - II.11.6.TP;Mã chứng khoán;Mã chứng khoán;Data Explorer;Chỉ tiêu cơ sở;Trùng;Ngày, CTCK;SCMS;;X;;;;;;;;;;
91;Báo cáo theo Thông tư 121/2020/TT-BTC >> Tình hình đầu tư, góp vốn vào tổ chức khác - II.11.6.TP;Giấy phép >> Số;Giấy phép >> Số;Data Explorer;Chỉ tiêu cơ sở;Trùng;Ngày, CTCK;SCMS;;X;;;;;;;;;;
91;Báo cáo theo Thông tư 121/2020/TT-BTC >> Tình hình đầu tư, góp vốn vào tổ chức khác - II.11.6.TP;"Giấy phép >> Ngày cấp
(tháng/ngày/năm)";"Giấy phép >> Ngày cấp
(tháng/ngày/năm)";Data Explorer;Chỉ tiêu cơ sở;Trùng;Ngày, CTCK;SCMS;;X;;;;;;;;;;
91;Báo cáo theo Thông tư 121/2020/TT-BTC >> Tình hình đầu tư, góp vốn vào tổ chức khác - II.11.6.TP;Tên tổ chức phát hành trái phiếu;Tên tổ chức phát hành trái phiếu;Data Explorer;Chỉ tiêu cơ sở;TB;Ngày, CTCK;SCMS;;X;;;;;;;;;;
91;Báo cáo theo Thông tư 121/2020/TT-BTC >> Tình hình đầu tư, góp vốn vào tổ chức khác - II.11.6.TP;"Phạm vi đầu tư
(Trong nước/ngoài nước)";"Phạm vi đầu tư
(Trong nước/ngoài nước)";Data Explorer;Chỉ tiêu cơ sở;TB;Ngày, CTCK;SCMS;;X;;;;;;;;;;
91;Báo cáo theo Thông tư 121/2020/TT-BTC >> Tình hình đầu tư, góp vốn vào tổ chức khác - II.11.6.TP;"Giá trị trái phiếu doanh nghiệp
(triệu đồng)";"Giá trị trái phiếu doanh nghiệp
(triệu đồng)";Data Explorer;Chỉ tiêu cơ sở;TB;Ngày, CTCK;SCMS;;X;;;;;;;;;;
92;Báo cáo theo Thông tư 121/2020/TT-BTC >> Báo báo tài chính >> Thông tin kiểm toán;Loại báo cáo;Loại báo cáo;Data Explorer;Chiều;Dễ;Ngày, CTCK;SCMS;X;X;;;;;;;;;;
92;Báo cáo theo Thông tư 121/2020/TT-BTC >> Báo báo tài chính >> Thông tin kiểm toán;Kỳ báo cáo;Kỳ báo cáo;Data Explorer;Chiều;Dễ;Ngày, CTCK;SCMS;X;X;;;;;;;;;;
92;Báo cáo theo Thông tư 121/2020/TT-BTC >> Báo báo tài chính >> Thông tin kiểm toán;Mã báo cáo;Mã báo cáo;Data Explorer;Chiều;Dễ;Ngày, CTCK;SCMS;X;X;;;;;;;;;;
92;Báo cáo theo Thông tư 121/2020/TT-BTC >> Báo báo tài chính >> Thông tin kiểm toán;Tên báo cáo;Tên báo cáo;Data Explorer;Chiều;Dễ;Ngày, CTCK;SCMS;X;X;;;;;;;;;;
92;Báo cáo theo Thông tư 121/2020/TT-BTC >> Báo báo tài chính >> Thông tin kiểm toán;Mã chỉ tiêu;Mã chỉ tiêu;Data Explorer;Chiều;Dễ;Ngày, CTCK;SCMS;X;X;;;;;;;;;;
92;Báo cáo theo Thông tư 121/2020/TT-BTC >> Báo báo tài chính >> Thông tin kiểm toán;Tên chỉ tiêu;Tên chỉ tiêu;Data Explorer;Chiều;Dễ;Ngày, CTCK;SCMS;X;X;;;;;;;;;;
92;Báo cáo theo Thông tư 121/2020/TT-BTC >> Báo báo tài chính >> Thông tin kiểm toán;Người đại diện KT;Người đại diện KT;Data Explorer;Chỉ tiêu cơ sở;Dễ;Ngày, CTCK;SCMS;;X;;;;;;;;;;
92;Báo cáo theo Thông tư 121/2020/TT-BTC >> Báo báo tài chính >> Thông tin kiểm toán;Chức vụ;Chức vụ;Data Explorer;Chỉ tiêu cơ sở;Dễ;Ngày, CTCK;SCMS;;X;;;;;;;;;;
92;Báo cáo theo Thông tư 121/2020/TT-BTC >> Báo báo tài chính >> Thông tin kiểm toán;Giấy chứng nhận;Giấy chứng nhận;Data Explorer;Chỉ tiêu cơ sở;Dễ;Ngày, CTCK;SCMS;;X;;;;;;;;;;
92;Báo cáo theo Thông tư 121/2020/TT-BTC >> Báo báo tài chính >> Thông tin kiểm toán;Người kiểm toán;Người kiểm toán;Data Explorer;Chỉ tiêu cơ sở;Dễ;Ngày, CTCK;SCMS;;X;;;;;;;;;;
92;Báo cáo theo Thông tư 121/2020/TT-BTC >> Báo báo tài chính >> Thông tin kiểm toán;Giấy chứng nhận;Giấy chứng nhận;Data Explorer;Chỉ tiêu cơ sở;Dễ;Ngày, CTCK;SCMS;;X;;;;;;;;;;
92;Báo cáo theo Thông tư 121/2020/TT-BTC >> Báo báo tài chính >> Thông tin kiểm toán;Ngày kiểm toán;Ngày kiểm toán;Data Explorer;Chỉ tiêu cơ sở;Dễ;Ngày, CTCK;SCMS;;X;;;;;;;;;;
92;Báo cáo theo Thông tư 121/2020/TT-BTC >> Báo báo tài chính >> Thông tin kiểm toán;Ý kiến kiểm toán;Ý kiến kiểm toán;Data Explorer;Chỉ tiêu cơ sở;Dễ;Ngày, CTCK;SCMS;;X;;;;;;;;;;
93;Báo cáo theo Thông tư 121/2020/TT-BTC >> Báo báo tài chính >> Báo cáo tình hình tài chính riêng;Loại báo cáo;Loại báo cáo;Data Explorer;Chiều;Dễ;Ngày, CTCK;SCMS;X;X;;;;;;;;;;
93;Báo cáo theo Thông tư 121/2020/TT-BTC >> Báo báo tài chính >> Báo cáo tình hình tài chính riêng;Kỳ báo cáo;Kỳ báo cáo;Data Explorer;Chiều;Dễ;Ngày, CTCK;SCMS;X;X;;;;;;;;;;
93;Báo cáo theo Thông tư 121/2020/TT-BTC >> Báo báo tài chính >> Báo cáo tình hình tài chính riêng;Mã báo cáo;Mã báo cáo;Data Explorer;Chiều;Dễ;Ngày, CTCK;SCMS;X;X;;;;;;;;;;
93;Báo cáo theo Thông tư 121/2020/TT-BTC >> Báo báo tài chính >> Báo cáo tình hình tài chính riêng;Tên báo cáo;Tên báo cáo;Data Explorer;Chiều;Dễ;Ngày, CTCK;SCMS;X;X;;;;;;;;;;
93;Báo cáo theo Thông tư 121/2020/TT-BTC >> Báo báo tài chính >> Báo cáo tình hình tài chính riêng;Mã chỉ tiêu;Mã chỉ tiêu;Data Explorer;Chiều;Dễ;Ngày, CTCK;SCMS;X;X;;;;;;;;;;
93;Báo cáo theo Thông tư 121/2020/TT-BTC >> Báo báo tài chính >> Báo cáo tình hình tài chính riêng;Tên chỉ tiêu;Tên chỉ tiêu;Data Explorer;Chiều;Dễ;Ngày, CTCK;SCMS;X;X;;;;;;;;;;
93;Báo cáo theo Thông tư 121/2020/TT-BTC >> Báo báo tài chính >> Báo cáo tình hình tài chính riêng;A. TÀI SẢN NGẮN HẠN (100 = 110 + 130);100;Data Explorer;Chỉ tiêu cơ sở;Dễ;Ngày, CTCK;SCMS;;X;;;;;;;;;;
93;Báo cáo theo Thông tư 121/2020/TT-BTC >> Báo báo tài chính >> Báo cáo tình hình tài chính riêng;I. Tài sản tài chính;110;Data Explorer;Chỉ tiêu cơ sở;Dễ;Ngày, CTCK;SCMS;;X;;;;;;;;;;
93;Báo cáo theo Thông tư 121/2020/TT-BTC >> Báo báo tài chính >> Báo cáo tình hình tài chính riêng;1.Tiền và các khoản tương đương tiền;111;Data Explorer;Chỉ tiêu cơ sở;Dễ;Ngày, CTCK;SCMS;;X;;;;;;;;;;
93;Báo cáo theo Thông tư 121/2020/TT-BTC >> Báo báo tài chính >> Báo cáo tình hình tài chính riêng;1.1. Tiền;111,1;Data Explorer;Chỉ tiêu cơ sở;Dễ;Ngày, CTCK;SCMS;;X;;;;;;;;;;
93;Báo cáo theo Thông tư 121/2020/TT-BTC >> Báo báo tài chính >> Báo cáo tình hình tài chính riêng;1.2. Các khoản tương đương tiền;111,2;Data Explorer;Chỉ tiêu cơ sở;Dễ;Ngày, CTCK;SCMS;;X;;;;;;;;;;
93;Báo cáo theo Thông tư 121/2020/TT-BTC >> Báo báo tài chính >> Báo cáo tình hình tài chính riêng;2. Các tài sản tài chính ghi nhận thông qua lãi/lỗ (FVTPL);112;Data Explorer;Chỉ tiêu cơ sở;Dễ;Ngày, CTCK;SCMS;;X;;;;;;;;;;
93;Báo cáo theo Thông tư 121/2020/TT-BTC >> Báo báo tài chính >> Báo cáo tình hình tài chính riêng;3. Các  khoản đầu tư  nắm giữ đến ngày đáo hạn (HTM);113;Data Explorer;Chỉ tiêu cơ sở;Dễ;Ngày, CTCK;SCMS;;X;;;;;;;;;;
93;Báo cáo theo Thông tư 121/2020/TT-BTC >> Báo báo tài chính >> Báo cáo tình hình tài chính riêng;4. Các khoản cho vay;114;Data Explorer;Chỉ tiêu cơ sở;Dễ;Ngày, CTCK;SCMS;;X;;;;;;;;;;
93;Báo cáo theo Thông tư 121/2020/TT-BTC >> Báo báo tài chính >> Báo cáo tình hình tài chính riêng;5. Tài sản tài chính sẵn sàng để bán (AFS);115;Data Explorer;Chỉ tiêu cơ sở;Dễ;Ngày, CTCK;SCMS;;X;;;;;;;;;;
93;Báo cáo theo Thông tư 121/2020/TT-BTC >> Báo báo tài chính >> Báo cáo tình hình tài chính riêng;"6. Dự phòng suy giảm giá trị các tài sản tài chính và tài sản thế chấp
";116;Data Explorer;Chỉ tiêu cơ sở;Dễ;Ngày, CTCK;SCMS;;X;;;;;;;;;;
93;Báo cáo theo Thông tư 121/2020/TT-BTC >> Báo báo tài chính >> Báo cáo tình hình tài chính riêng;7. Các khoản phải thu;117;Data Explorer;Chỉ tiêu cơ sở;Dễ;Ngày, CTCK;SCMS;;X;;;;;;;;;;
93;Báo cáo theo Thông tư 121/2020/TT-BTC >> Báo báo tài chính >> Báo cáo tình hình tài chính riêng;7.1. Phải thu bán các tài sản tài chính;117,1;Data Explorer;Chỉ tiêu cơ sở;Dễ;Ngày, CTCK;SCMS;;X;;;;;;;;;;
93;Báo cáo theo Thông tư 121/2020/TT-BTC >> Báo báo tài chính >> Báo cáo tình hình tài chính riêng;"7.2. Phải thu và dự thu cổ tức, tiền lãi các tài sản tài chính
";117,2;Data Explorer;Chỉ tiêu cơ sở;Dễ;Ngày, CTCK;SCMS;;X;;;;;;;;;;
93;Báo cáo theo Thông tư 121/2020/TT-BTC >> Báo báo tài chính >> Báo cáo tình hình tài chính riêng;7.2.1. Phải thu cổ tức, tiền lãi đến ngày nhận;117,3;Data Explorer;Chỉ tiêu cơ sở;Dễ;Ngày, CTCK;SCMS;;X;;;;;;;;;;
93;Báo cáo theo Thông tư 121/2020/TT-BTC >> Báo báo tài chính >> Báo cáo tình hình tài chính riêng;7.2.2. Dự thu cổ tức, tiền lãi chưa đến ngày nhận;117,4;Data Explorer;Chỉ tiêu cơ sở;Dễ;Ngày, CTCK;SCMS;;X;;;;;;;;;;
93;Báo cáo theo Thông tư 121/2020/TT-BTC >> Báo báo tài chính >> Báo cáo tình hình tài chính riêng;8. Trả trước cho người bán;118;Data Explorer;Chỉ tiêu cơ sở;Dễ;Ngày, CTCK;SCMS;;X;;;;;;;;;;
93;Báo cáo theo Thông tư 121/2020/TT-BTC >> Báo báo tài chính >> Báo cáo tình hình tài chính riêng;9. Phải thu các dịch vụ CTCK cung cấp;119;Data Explorer;Chỉ tiêu cơ sở;Dễ;Ngày, CTCK;SCMS;;X;;;;;;;;;;
93;Báo cáo theo Thông tư 121/2020/TT-BTC >> Báo báo tài chính >> Báo cáo tình hình tài chính riêng;10. Phải thu nội bộ;120;Data Explorer;Chỉ tiêu cơ sở;Dễ;Ngày, CTCK;SCMS;;X;;;;;;;;;;
93;Báo cáo theo Thông tư 121/2020/TT-BTC >> Báo báo tài chính >> Báo cáo tình hình tài chính riêng;11. Phải thu về lỗi giao dịch chứng khoán;121;Data Explorer;Chỉ tiêu cơ sở;Dễ;Ngày, CTCK;SCMS;;X;;;;;;;;;;
93;Báo cáo theo Thông tư 121/2020/TT-BTC >> Báo báo tài chính >> Báo cáo tình hình tài chính riêng;12. Các khoản phải thu khác;122;Data Explorer;Chỉ tiêu cơ sở;Dễ;Ngày, CTCK;SCMS;;X;;;;;;;;;;
93;Báo cáo theo Thông tư 121/2020/TT-BTC >> Báo báo tài chính >> Báo cáo tình hình tài chính riêng;13. Dự phòng suy giảm giá trị các khoản phải thu (*);129;Data Explorer;Chỉ tiêu cơ sở;Dễ;Ngày, CTCK;SCMS;;X;;;;;;;;;;
93;Báo cáo theo Thông tư 121/2020/TT-BTC >> Báo báo tài chính >> Báo cáo tình hình tài chính riêng;II. Tài sản ngắn hạn khác;130;Data Explorer;Chỉ tiêu cơ sở;Dễ;Ngày, CTCK;SCMS;;X;;;;;;;;;;
93;Báo cáo theo Thông tư 121/2020/TT-BTC >> Báo báo tài chính >> Báo cáo tình hình tài chính riêng;1. Tạm ứng;131;Data Explorer;Chỉ tiêu cơ sở;Dễ;Ngày, CTCK;SCMS;;X;;;;;;;;;;
93;Báo cáo theo Thông tư 121/2020/TT-BTC >> Báo báo tài chính >> Báo cáo tình hình tài chính riêng;2. Vật tư văn phòng, công cụ, dụng cụ;132;Data Explorer;Chỉ tiêu cơ sở;Dễ;Ngày, CTCK;SCMS;;X;;;;;;;;;;
93;Báo cáo theo Thông tư 121/2020/TT-BTC >> Báo báo tài chính >> Báo cáo tình hình tài chính riêng;3. Chi phí trả trước ngắn hạn;133;Data Explorer;Chỉ tiêu cơ sở;Dễ;Ngày, CTCK;SCMS;;X;;;;;;;;;;
93;Báo cáo theo Thông tư 121/2020/TT-BTC >> Báo báo tài chính >> Báo cáo tình hình tài chính riêng;4. Cầm cố, thế chấp, ký quỹ, ký cược ngắn hạn;134;Data Explorer;Chỉ tiêu cơ sở;Dễ;Ngày, CTCK;SCMS;;X;;;;;;;;;;
93;Báo cáo theo Thông tư 121/2020/TT-BTC >> Báo báo tài chính >> Báo cáo tình hình tài chính riêng;5. Thuế giá trị gia tăng được khấu trừ;135;Data Explorer;Chỉ tiêu cơ sở;Dễ;Ngày, CTCK;SCMS;;X;;;;;;;;;;
93;Báo cáo theo Thông tư 121/2020/TT-BTC >> Báo báo tài chính >> Báo cáo tình hình tài chính riêng;6. Thuế và các khoản khác phải thu Nhà nước;136;Data Explorer;Chỉ tiêu cơ sở;Dễ;Ngày, CTCK;SCMS;;X;;;;;;;;;;
93;Báo cáo theo Thông tư 121/2020/TT-BTC >> Báo báo tài chính >> Báo cáo tình hình tài chính riêng;7. Tài sản ngắn hạn khác;137;Data Explorer;Chỉ tiêu cơ sở;Dễ;Ngày, CTCK;SCMS;;X;;;;;;;;;;
93;Báo cáo theo Thông tư 121/2020/TT-BTC >> Báo báo tài chính >> Báo cáo tình hình tài chính riêng;8. Giao dịch mua bán lại trái phiếu Chính phủ;138;Data Explorer;Chỉ tiêu cơ sở;Dễ;Ngày, CTCK;SCMS;;X;;;;;;;;;;
93;Báo cáo theo Thông tư 121/2020/TT-BTC >> Báo báo tài chính >> Báo cáo tình hình tài chính riêng;9. Dự phòng suy giảm giá trị tài sản ngắn hạn khác;139;Data Explorer;Chỉ tiêu cơ sở;Dễ;Ngày, CTCK;SCMS;;X;;;;;;;;;;
93;Báo cáo theo Thông tư 121/2020/TT-BTC >> Báo báo tài chính >> Báo cáo tình hình tài chính riêng;B. TÀI SẢN DÀI HẠN (200 = 210 + 220 + 230 + 240 + 250 - 260);200;Data Explorer;Chỉ tiêu cơ sở;Dễ;Ngày, CTCK;SCMS;;X;;;;;;;;;;
93;Báo cáo theo Thông tư 121/2020/TT-BTC >> Báo báo tài chính >> Báo cáo tình hình tài chính riêng;I. Tài sản tài chính dài hạn;210;Data Explorer;Chỉ tiêu cơ sở;Dễ;Ngày, CTCK;SCMS;;X;;;;;;;;;;
93;Báo cáo theo Thông tư 121/2020/TT-BTC >> Báo báo tài chính >> Báo cáo tình hình tài chính riêng;1. Các khoản phải thu dài hạn;211;Data Explorer;Chỉ tiêu cơ sở;Dễ;Ngày, CTCK;SCMS;;X;;;;;;;;;;
93;Báo cáo theo Thông tư 121/2020/TT-BTC >> Báo báo tài chính >> Báo cáo tình hình tài chính riêng;2. Các khoản đầu tư;212;Data Explorer;Chỉ tiêu cơ sở;Dễ;Ngày, CTCK;SCMS;;X;;;;;;;;;;
93;Báo cáo theo Thông tư 121/2020/TT-BTC >> Báo báo tài chính >> Báo cáo tình hình tài chính riêng;2.1.Các khoản đầu tư nắm giữ đến ngày đáo hạn;212,1;Data Explorer;Chỉ tiêu cơ sở;Dễ;Ngày, CTCK;SCMS;;X;;;;;;;;;;
93;Báo cáo theo Thông tư 121/2020/TT-BTC >> Báo báo tài chính >> Báo cáo tình hình tài chính riêng;2.2. Đầu tư vào công ty con;212,2;Data Explorer;Chỉ tiêu cơ sở;Dễ;Ngày, CTCK;SCMS;;X;;;;;;;;;;
93;Báo cáo theo Thông tư 121/2020/TT-BTC >> Báo báo tài chính >> Báo cáo tình hình tài chính riêng;2.3. Đầu tư vào công ty liên doanh, liên kết;212,3;Data Explorer;Chỉ tiêu cơ sở;Dễ;Ngày, CTCK;SCMS;;X;;;;;;;;;;
93;Báo cáo theo Thông tư 121/2020/TT-BTC >> Báo báo tài chính >> Báo cáo tình hình tài chính riêng;2.4. Đầu tư dài hạn khác;212,4;Data Explorer;Chỉ tiêu cơ sở;Dễ;Ngày, CTCK;SCMS;;X;;;;;;;;;;
93;Báo cáo theo Thông tư 121/2020/TT-BTC >> Báo báo tài chính >> Báo cáo tình hình tài chính riêng;3. Dự phòng suy giảm tài sản tài chính dài hạn;213;Data Explorer;Chỉ tiêu cơ sở;Dễ;Ngày, CTCK;SCMS;;X;;;;;;;;;;
93;Báo cáo theo Thông tư 121/2020/TT-BTC >> Báo báo tài chính >> Báo cáo tình hình tài chính riêng;II. Tài sản cố định;220;Data Explorer;Chỉ tiêu cơ sở;Dễ;Ngày, CTCK;SCMS;;X;;;;;;;;;;
93;Báo cáo theo Thông tư 121/2020/TT-BTC >> Báo báo tài chính >> Báo cáo tình hình tài chính riêng;1. Tài sản cố định hữu hình;221;Data Explorer;Chỉ tiêu cơ sở;Dễ;Ngày, CTCK;SCMS;;X;;;;;;;;;;
93;Báo cáo theo Thông tư 121/2020/TT-BTC >> Báo báo tài chính >> Báo cáo tình hình tài chính riêng;- Nguyên giá;222;Data Explorer;Chỉ tiêu cơ sở;Dễ;Ngày, CTCK;SCMS;;X;;;;;;;;;;
93;Báo cáo theo Thông tư 121/2020/TT-BTC >> Báo báo tài chính >> Báo cáo tình hình tài chính riêng;- Giá trị hao mòn luỹ kế (*);"223a
";Data Explorer;Chỉ tiêu cơ sở;Dễ;Ngày, CTCK;SCMS;;X;;;;;;;;;;
93;Báo cáo theo Thông tư 121/2020/TT-BTC >> Báo báo tài chính >> Báo cáo tình hình tài chính riêng;- Đánh giá TSCĐHH theo giá trị hợp lý;"223b
";Data Explorer;Chỉ tiêu cơ sở;Dễ;Ngày, CTCK;SCMS;;X;;;;;;;;;;
93;Báo cáo theo Thông tư 121/2020/TT-BTC >> Báo báo tài chính >> Báo cáo tình hình tài chính riêng;2. Tài sản cố định thuê tài chính;224;Data Explorer;Chỉ tiêu cơ sở;Dễ;Ngày, CTCK;SCMS;;X;;;;;;;;;;
93;Báo cáo theo Thông tư 121/2020/TT-BTC >> Báo báo tài chính >> Báo cáo tình hình tài chính riêng;- Nguyên giá;225;Data Explorer;Chỉ tiêu cơ sở;Dễ;Ngày, CTCK;SCMS;;X;;;;;;;;;;
93;Báo cáo theo Thông tư 121/2020/TT-BTC >> Báo báo tài chính >> Báo cáo tình hình tài chính riêng;- Giá trị hao mòn luỹ kế (*);"226a
";Data Explorer;Chỉ tiêu cơ sở;Dễ;Ngày, CTCK;SCMS;;X;;;;;;;;;;
93;Báo cáo theo Thông tư 121/2020/TT-BTC >> Báo báo tài chính >> Báo cáo tình hình tài chính riêng;- Đánh giá TSCĐTTC theo giá trị hợp lý;"226b
";Data Explorer;Chỉ tiêu cơ sở;Dễ;Ngày, CTCK;SCMS;;X;;;;;;;;;;
93;Báo cáo theo Thông tư 121/2020/TT-BTC >> Báo báo tài chính >> Báo cáo tình hình tài chính riêng;3. Tài sản cố định vô hình;227;Data Explorer;Chỉ tiêu cơ sở;Dễ;Ngày, CTCK;SCMS;;X;;;;;;;;;;
93;Báo cáo theo Thông tư 121/2020/TT-BTC >> Báo báo tài chính >> Báo cáo tình hình tài chính riêng;- Nguyên giá;228;Data Explorer;Chỉ tiêu cơ sở;Dễ;Ngày, CTCK;SCMS;;X;;;;;;;;;;
93;Báo cáo theo Thông tư 121/2020/TT-BTC >> Báo báo tài chính >> Báo cáo tình hình tài chính riêng;- Giá trị hao mòn luỹ kế (*);"229a
";Data Explorer;Chỉ tiêu cơ sở;Dễ;Ngày, CTCK;SCMS;;X;;;;;;;;;;
93;Báo cáo theo Thông tư 121/2020/TT-BTC >> Báo báo tài chính >> Báo cáo tình hình tài chính riêng;- Đánh giá TSCĐVH theo giá trị hợp lý;"229b
";Data Explorer;Chỉ tiêu cơ sở;Dễ;Ngày, CTCK;SCMS;;X;;;;;;;;;;
93;Báo cáo theo Thông tư 121/2020/TT-BTC >> Báo báo tài chính >> Báo cáo tình hình tài chính riêng;III. Bất động sản đầu tư;230;Data Explorer;Chỉ tiêu cơ sở;Dễ;Ngày, CTCK;SCMS;;X;;;;;;;;;;
93;Báo cáo theo Thông tư 121/2020/TT-BTC >> Báo báo tài chính >> Báo cáo tình hình tài chính riêng;- Nguyên giá;231;Data Explorer;Chỉ tiêu cơ sở;Dễ;Ngày, CTCK;SCMS;;X;;;;;;;;;;
93;Báo cáo theo Thông tư 121/2020/TT-BTC >> Báo báo tài chính >> Báo cáo tình hình tài chính riêng;- Giá trị hao mòn luỹ kế (*);"232a
";Data Explorer;Chỉ tiêu cơ sở;Dễ;Ngày, CTCK;SCMS;;X;;;;;;;;;;
93;Báo cáo theo Thông tư 121/2020/TT-BTC >> Báo báo tài chính >> Báo cáo tình hình tài chính riêng;- Đánh giá BĐSĐT theo giá trị hợp lý;"232b
";Data Explorer;Chỉ tiêu cơ sở;Dễ;Ngày, CTCK;SCMS;;X;;;;;;;;;;
93;Báo cáo theo Thông tư 121/2020/TT-BTC >> Báo báo tài chính >> Báo cáo tình hình tài chính riêng;IV.Chi phí xây dựng cơ bản dở dang;240;Data Explorer;Chỉ tiêu cơ sở;Dễ;Ngày, CTCK;SCMS;;X;;;;;;;;;;
93;Báo cáo theo Thông tư 121/2020/TT-BTC >> Báo báo tài chính >> Báo cáo tình hình tài chính riêng;V. Tài sản dài hạn khác;250;Data Explorer;Chỉ tiêu cơ sở;Dễ;Ngày, CTCK;SCMS;;X;;;;;;;;;;
93;Báo cáo theo Thông tư 121/2020/TT-BTC >> Báo báo tài chính >> Báo cáo tình hình tài chính riêng;1. Cầm cố, thế chấp, ký quỹ, ký cược dài hạn;251;Data Explorer;Chỉ tiêu cơ sở;Dễ;Ngày, CTCK;SCMS;;X;;;;;;;;;;
93;Báo cáo theo Thông tư 121/2020/TT-BTC >> Báo báo tài chính >> Báo cáo tình hình tài chính riêng;2. Chi phí trả trước dài hạn;252;Data Explorer;Chỉ tiêu cơ sở;Dễ;Ngày, CTCK;SCMS;;X;;;;;;;;;;
93;Báo cáo theo Thông tư 121/2020/TT-BTC >> Báo báo tài chính >> Báo cáo tình hình tài chính riêng;3. Tài sản thuế thu nhập hoãn lại;253;Data Explorer;Chỉ tiêu cơ sở;Dễ;Ngày, CTCK;SCMS;;X;;;;;;;;;;
93;Báo cáo theo Thông tư 121/2020/TT-BTC >> Báo báo tài chính >> Báo cáo tình hình tài chính riêng;4. Tiền nộp Quỹ Hỗ trợ thanh toán;254;Data Explorer;Chỉ tiêu cơ sở;Dễ;Ngày, CTCK;SCMS;;X;;;;;;;;;;
93;Báo cáo theo Thông tư 121/2020/TT-BTC >> Báo báo tài chính >> Báo cáo tình hình tài chính riêng;5. Tài sản dài hạn khác;255;Data Explorer;Chỉ tiêu cơ sở;Dễ;Ngày, CTCK;SCMS;;X;;;;;;;;;;
93;Báo cáo theo Thông tư 121/2020/TT-BTC >> Báo báo tài chính >> Báo cáo tình hình tài chính riêng;VI. Dự phòng suy giảm giá trị tài sản dài hạn;260;Data Explorer;Chỉ tiêu cơ sở;Dễ;Ngày, CTCK;SCMS;;X;;;;;;;;;;
93;Báo cáo theo Thông tư 121/2020/TT-BTC >> Báo báo tài chính >> Báo cáo tình hình tài chính riêng;TỔNG CỘNG TÀI SẢN (270 = 100 + 200);270;Data Explorer;Chỉ tiêu cơ sở;Dễ;Ngày, CTCK;SCMS;;X;;;;;;;;;;
93;Báo cáo theo Thông tư 121/2020/TT-BTC >> Báo báo tài chính >> Báo cáo tình hình tài chính riêng;C. NỢ PHẢI TRẢ (300 = 310 + 340);300;Data Explorer;Chỉ tiêu cơ sở;Dễ;Ngày, CTCK;SCMS;;X;;;;;;;;;;
93;Báo cáo theo Thông tư 121/2020/TT-BTC >> Báo báo tài chính >> Báo cáo tình hình tài chính riêng;I. Nợ phải trả ngắn hạn;310;Data Explorer;Chỉ tiêu cơ sở;Dễ;Ngày, CTCK;SCMS;;X;;;;;;;;;;
93;Báo cáo theo Thông tư 121/2020/TT-BTC >> Báo báo tài chính >> Báo cáo tình hình tài chính riêng;1. Vay và nợ thuê tài chính ngắn hạn;311;Data Explorer;Chỉ tiêu cơ sở;Dễ;Ngày, CTCK;SCMS;;X;;;;;;;;;;
93;Báo cáo theo Thông tư 121/2020/TT-BTC >> Báo báo tài chính >> Báo cáo tình hình tài chính riêng;1.1. Vay ngắn hạn;312;Data Explorer;Chỉ tiêu cơ sở;Dễ;Ngày, CTCK;SCMS;;X;;;;;;;;;;
93;Báo cáo theo Thông tư 121/2020/TT-BTC >> Báo báo tài chính >> Báo cáo tình hình tài chính riêng;1.2. Nợ thuê tài chính ngắn hạn;313;Data Explorer;Chỉ tiêu cơ sở;Dễ;Ngày, CTCK;SCMS;;X;;;;;;;;;;
93;Báo cáo theo Thông tư 121/2020/TT-BTC >> Báo báo tài chính >> Báo cáo tình hình tài chính riêng;2. Vay tài sản tài chính ngắn hạn;314;Data Explorer;Chỉ tiêu cơ sở;Dễ;Ngày, CTCK;SCMS;;X;;;;;;;;;;
93;Báo cáo theo Thông tư 121/2020/TT-BTC >> Báo báo tài chính >> Báo cáo tình hình tài chính riêng;3. Trái phiếu chuyển đổi ngắn hạn - Cấu phần nợ;315;Data Explorer;Chỉ tiêu cơ sở;Dễ;Ngày, CTCK;SCMS;;X;;;;;;;;;;
93;Báo cáo theo Thông tư 121/2020/TT-BTC >> Báo báo tài chính >> Báo cáo tình hình tài chính riêng;4. Trái phiếu phát hành ngắn hạn;316;Data Explorer;Chỉ tiêu cơ sở;Dễ;Ngày, CTCK;SCMS;;X;;;;;;;;;;
93;Báo cáo theo Thông tư 121/2020/TT-BTC >> Báo báo tài chính >> Báo cáo tình hình tài chính riêng;5. Vay Quỹ Hỗ trợ thanh toán;317;Data Explorer;Chỉ tiêu cơ sở;Dễ;Ngày, CTCK;SCMS;;X;;;;;;;;;;
93;Báo cáo theo Thông tư 121/2020/TT-BTC >> Báo báo tài chính >> Báo cáo tình hình tài chính riêng;6. Phải trả hoạt động giao dịch chứng khoán;318;Data Explorer;Chỉ tiêu cơ sở;Dễ;Ngày, CTCK;SCMS;;X;;;;;;;;;;
93;Báo cáo theo Thông tư 121/2020/TT-BTC >> Báo báo tài chính >> Báo cáo tình hình tài chính riêng;7. Phải trả về lỗi giao dịch các tài sản tài chính;319;Data Explorer;Chỉ tiêu cơ sở;Dễ;Ngày, CTCK;SCMS;;X;;;;;;;;;;
93;Báo cáo theo Thông tư 121/2020/TT-BTC >> Báo báo tài chính >> Báo cáo tình hình tài chính riêng;8.  Phải trả người bán ngắn hạn;320;Data Explorer;Chỉ tiêu cơ sở;Dễ;Ngày, CTCK;SCMS;;X;;;;;;;;;;
93;Báo cáo theo Thông tư 121/2020/TT-BTC >> Báo báo tài chính >> Báo cáo tình hình tài chính riêng;9. Người mua trả tiền trước ngắn hạn;321;Data Explorer;Chỉ tiêu cơ sở;Dễ;Ngày, CTCK;SCMS;;X;;;;;;;;;;
93;Báo cáo theo Thông tư 121/2020/TT-BTC >> Báo báo tài chính >> Báo cáo tình hình tài chính riêng;10. Thuế và các khoản phải nộp Nhà nước;322;Data Explorer;Chỉ tiêu cơ sở;Dễ;Ngày, CTCK;SCMS;;X;;;;;;;;;;
93;Báo cáo theo Thông tư 121/2020/TT-BTC >> Báo báo tài chính >> Báo cáo tình hình tài chính riêng;11. Phải trả người lao động;323;Data Explorer;Chỉ tiêu cơ sở;Dễ;Ngày, CTCK;SCMS;;X;;;;;;;;;;
93;Báo cáo theo Thông tư 121/2020/TT-BTC >> Báo báo tài chính >> Báo cáo tình hình tài chính riêng;12.Các khoản trích nộp phúc lợi nhân viên;324;Data Explorer;Chỉ tiêu cơ sở;Dễ;Ngày, CTCK;SCMS;;X;;;;;;;;;;
93;Báo cáo theo Thông tư 121/2020/TT-BTC >> Báo báo tài chính >> Báo cáo tình hình tài chính riêng;13. Chi phí phải trả ngắn hạn;325;Data Explorer;Chỉ tiêu cơ sở;Dễ;Ngày, CTCK;SCMS;;X;;;;;;;;;;
93;Báo cáo theo Thông tư 121/2020/TT-BTC >> Báo báo tài chính >> Báo cáo tình hình tài chính riêng;14. Phải trả nội bộ ngắn hạn;326;Data Explorer;Chỉ tiêu cơ sở;Dễ;Ngày, CTCK;SCMS;;X;;;;;;;;;;
93;Báo cáo theo Thông tư 121/2020/TT-BTC >> Báo báo tài chính >> Báo cáo tình hình tài chính riêng;15. Doanh thu chưa thực hiện ngắn hạn;327;Data Explorer;Chỉ tiêu cơ sở;Dễ;Ngày, CTCK;SCMS;;X;;;;;;;;;;
93;Báo cáo theo Thông tư 121/2020/TT-BTC >> Báo báo tài chính >> Báo cáo tình hình tài chính riêng;16. Nhận ký quỹ, ký cược ngắn hạn;328;Data Explorer;Chỉ tiêu cơ sở;Dễ;Ngày, CTCK;SCMS;;X;;;;;;;;;;
93;Báo cáo theo Thông tư 121/2020/TT-BTC >> Báo báo tài chính >> Báo cáo tình hình tài chính riêng;17.Các khoản phải trả, phải nộp khác ngắn hạn;329;Data Explorer;Chỉ tiêu cơ sở;Dễ;Ngày, CTCK;SCMS;;X;;;;;;;;;;
93;Báo cáo theo Thông tư 121/2020/TT-BTC >> Báo báo tài chính >> Báo cáo tình hình tài chính riêng;18. Dự phòng phải trả ngắn hạn;330;Data Explorer;Chỉ tiêu cơ sở;Dễ;Ngày, CTCK;SCMS;;X;;;;;;;;;;
93;Báo cáo theo Thông tư 121/2020/TT-BTC >> Báo báo tài chính >> Báo cáo tình hình tài chính riêng;19. Quỹ khen thưởng, phúc lợi;331;Data Explorer;Chỉ tiêu cơ sở;Dễ;Ngày, CTCK;SCMS;;X;;;;;;;;;;
93;Báo cáo theo Thông tư 121/2020/TT-BTC >> Báo báo tài chính >> Báo cáo tình hình tài chính riêng;20. Giao dịch mua bán lại trái phiếu Chính phủ;332;Data Explorer;Chỉ tiêu cơ sở;Dễ;Ngày, CTCK;SCMS;;X;;;;;;;;;;
93;Báo cáo theo Thông tư 121/2020/TT-BTC >> Báo báo tài chính >> Báo cáo tình hình tài chính riêng;II. Nợ phải trả dài hạn;340;Data Explorer;Chỉ tiêu cơ sở;Dễ;Ngày, CTCK;SCMS;;X;;;;;;;;;;
93;Báo cáo theo Thông tư 121/2020/TT-BTC >> Báo báo tài chính >> Báo cáo tình hình tài chính riêng;1. Vay và nợ thuê tài chính dài hạn;341;Data Explorer;Chỉ tiêu cơ sở;Dễ;Ngày, CTCK;SCMS;;X;;;;;;;;;;
93;Báo cáo theo Thông tư 121/2020/TT-BTC >> Báo báo tài chính >> Báo cáo tình hình tài chính riêng;1.1.Vay dài hạn;342;Data Explorer;Chỉ tiêu cơ sở;Dễ;Ngày, CTCK;SCMS;;X;;;;;;;;;;
93;Báo cáo theo Thông tư 121/2020/TT-BTC >> Báo báo tài chính >> Báo cáo tình hình tài chính riêng;1.2. Nợ thuê tài chính dài hạn;343;Data Explorer;Chỉ tiêu cơ sở;Dễ;Ngày, CTCK;SCMS;;X;;;;;;;;;;
93;Báo cáo theo Thông tư 121/2020/TT-BTC >> Báo báo tài chính >> Báo cáo tình hình tài chính riêng;2. Vay tài sản tài chính dài hạn;344;Data Explorer;Chỉ tiêu cơ sở;Dễ;Ngày, CTCK;SCMS;;X;;;;;;;;;;
93;Báo cáo theo Thông tư 121/2020/TT-BTC >> Báo báo tài chính >> Báo cáo tình hình tài chính riêng;3.Trái phiếu chuyển đổi dài hạn - Cấu phần nợ;345;Data Explorer;Chỉ tiêu cơ sở;Dễ;Ngày, CTCK;SCMS;;X;;;;;;;;;;
93;Báo cáo theo Thông tư 121/2020/TT-BTC >> Báo báo tài chính >> Báo cáo tình hình tài chính riêng;4.Trái phiếu phát hành dài hạn;346;Data Explorer;Chỉ tiêu cơ sở;Dễ;Ngày, CTCK;SCMS;;X;;;;;;;;;;
93;Báo cáo theo Thông tư 121/2020/TT-BTC >> Báo báo tài chính >> Báo cáo tình hình tài chính riêng;5.  Phải trả người bán dài hạn;347;Data Explorer;Chỉ tiêu cơ sở;Dễ;Ngày, CTCK;SCMS;;X;;;;;;;;;;
93;Báo cáo theo Thông tư 121/2020/TT-BTC >> Báo báo tài chính >> Báo cáo tình hình tài chính riêng;6. Người mua trả tiền trước dài hạn;348;Data Explorer;Chỉ tiêu cơ sở;Dễ;Ngày, CTCK;SCMS;;X;;;;;;;;;;
93;Báo cáo theo Thông tư 121/2020/TT-BTC >> Báo báo tài chính >> Báo cáo tình hình tài chính riêng;7. Chi phí phải trả dài hạn;349;Data Explorer;Chỉ tiêu cơ sở;Dễ;Ngày, CTCK;SCMS;;X;;;;;;;;;;
93;Báo cáo theo Thông tư 121/2020/TT-BTC >> Báo báo tài chính >> Báo cáo tình hình tài chính riêng;8. Phải trả nội bộ dài hạn;350;Data Explorer;Chỉ tiêu cơ sở;Dễ;Ngày, CTCK;SCMS;;X;;;;;;;;;;
93;Báo cáo theo Thông tư 121/2020/TT-BTC >> Báo báo tài chính >> Báo cáo tình hình tài chính riêng;9. Doanh thu chưa thực hiện dài hạn;351;Data Explorer;Chỉ tiêu cơ sở;Dễ;Ngày, CTCK;SCMS;;X;;;;;;;;;;
93;Báo cáo theo Thông tư 121/2020/TT-BTC >> Báo báo tài chính >> Báo cáo tình hình tài chính riêng;10. Nhận ký quỹ, ký cược dài hạn;352;Data Explorer;Chỉ tiêu cơ sở;Dễ;Ngày, CTCK;SCMS;;X;;;;;;;;;;
93;Báo cáo theo Thông tư 121/2020/TT-BTC >> Báo báo tài chính >> Báo cáo tình hình tài chính riêng;11. Các khoản phải trả, phải nộp khác dài hạn;353;Data Explorer;Chỉ tiêu cơ sở;Dễ;Ngày, CTCK;SCMS;;X;;;;;;;;;;
93;Báo cáo theo Thông tư 121/2020/TT-BTC >> Báo báo tài chính >> Báo cáo tình hình tài chính riêng;12. Dự phòng phải trả dài hạn;354;Data Explorer;Chỉ tiêu cơ sở;Dễ;Ngày, CTCK;SCMS;;X;;;;;;;;;;
93;Báo cáo theo Thông tư 121/2020/TT-BTC >> Báo báo tài chính >> Báo cáo tình hình tài chính riêng;13. Quỹ bảo vệ Nhà đầu tư;355;Data Explorer;Chỉ tiêu cơ sở;Dễ;Ngày, CTCK;SCMS;;X;;;;;;;;;;
93;Báo cáo theo Thông tư 121/2020/TT-BTC >> Báo báo tài chính >> Báo cáo tình hình tài chính riêng;14. Thuế thu nhập hoãn lại phải trả;356;Data Explorer;Chỉ tiêu cơ sở;Dễ;Ngày, CTCK;SCMS;;X;;;;;;;;;;
93;Báo cáo theo Thông tư 121/2020/TT-BTC >> Báo báo tài chính >> Báo cáo tình hình tài chính riêng;15. Quỹ phát triển khoa học và công nghệ;357;Data Explorer;Chỉ tiêu cơ sở;Dễ;Ngày, CTCK;SCMS;;X;;;;;;;;;;
93;Báo cáo theo Thông tư 121/2020/TT-BTC >> Báo báo tài chính >> Báo cáo tình hình tài chính riêng;D. VỐN CHỦ SỞ HỮU (400 = 410 + 420);400;Data Explorer;Chỉ tiêu cơ sở;Dễ;Ngày, CTCK;SCMS;;X;;;;;;;;;;
93;Báo cáo theo Thông tư 121/2020/TT-BTC >> Báo báo tài chính >> Báo cáo tình hình tài chính riêng;I. Vốn chủ sở hữu;410;Data Explorer;Chỉ tiêu cơ sở;Dễ;Ngày, CTCK;SCMS;;X;;;;;;;;;;
93;Báo cáo theo Thông tư 121/2020/TT-BTC >> Báo báo tài chính >> Báo cáo tình hình tài chính riêng;1. Vốn đầu tư của chủ sở hữu;411;Data Explorer;Chỉ tiêu cơ sở;Dễ;Ngày, CTCK;SCMS;;X;;;;;;;;;;
93;Báo cáo theo Thông tư 121/2020/TT-BTC >> Báo báo tài chính >> Báo cáo tình hình tài chính riêng;1.1. Vốn góp của chủ sở hữu;411,1;Data Explorer;Chỉ tiêu cơ sở;Dễ;Ngày, CTCK;SCMS;;X;;;;;;;;;;
93;Báo cáo theo Thông tư 121/2020/TT-BTC >> Báo báo tài chính >> Báo cáo tình hình tài chính riêng;a. Cổ phiếu phổ thông có quyền biểu quyết;"411.1a
";Data Explorer;Chỉ tiêu cơ sở;Dễ;Ngày, CTCK;SCMS;;X;;;;;;;;;;
93;Báo cáo theo Thông tư 121/2020/TT-BTC >> Báo báo tài chính >> Báo cáo tình hình tài chính riêng;b. Cổ phiếu ưu đãi;"411.1b
";Data Explorer;Chỉ tiêu cơ sở;Dễ;Ngày, CTCK;SCMS;;X;;;;;;;;;;
93;Báo cáo theo Thông tư 121/2020/TT-BTC >> Báo báo tài chính >> Báo cáo tình hình tài chính riêng;1.2. Thặng dư vốn cổ phần;411,2;Data Explorer;Chỉ tiêu cơ sở;Dễ;Ngày, CTCK;SCMS;;X;;;;;;;;;;
93;Báo cáo theo Thông tư 121/2020/TT-BTC >> Báo báo tài chính >> Báo cáo tình hình tài chính riêng;1.3. Quyền chọn chuyển đổi trái phiếu - Cấu phần vốn;411,3;Data Explorer;Chỉ tiêu cơ sở;Dễ;Ngày, CTCK;SCMS;;X;;;;;;;;;;
93;Báo cáo theo Thông tư 121/2020/TT-BTC >> Báo báo tài chính >> Báo cáo tình hình tài chính riêng;1.4. Vốn khác của chủ sở hữu;411,4;Data Explorer;Chỉ tiêu cơ sở;Dễ;Ngày, CTCK;SCMS;;X;;;;;;;;;;
93;Báo cáo theo Thông tư 121/2020/TT-BTC >> Báo báo tài chính >> Báo cáo tình hình tài chính riêng;1.5. Cổ phiếu quỹ (*);411,5;Data Explorer;Chỉ tiêu cơ sở;Dễ;Ngày, CTCK;SCMS;;X;;;;;;;;;;
93;Báo cáo theo Thông tư 121/2020/TT-BTC >> Báo báo tài chính >> Báo cáo tình hình tài chính riêng;2. Chênh lệch đánh giá tài sản theo giá trị hợp lý;412;Data Explorer;Chỉ tiêu cơ sở;Dễ;Ngày, CTCK;SCMS;;X;;;;;;;;;;
93;Báo cáo theo Thông tư 121/2020/TT-BTC >> Báo báo tài chính >> Báo cáo tình hình tài chính riêng;3. Chênh lệch tỷ giá hối đoái;413;Data Explorer;Chỉ tiêu cơ sở;Dễ;Ngày, CTCK;SCMS;;X;;;;;;;;;;
93;Báo cáo theo Thông tư 121/2020/TT-BTC >> Báo báo tài chính >> Báo cáo tình hình tài chính riêng;4. Quỹ dự trữ bổ sung vốn  điều lệ;414;Data Explorer;Chỉ tiêu cơ sở;Dễ;Ngày, CTCK;SCMS;;X;;;;;;;;;;
93;Báo cáo theo Thông tư 121/2020/TT-BTC >> Báo báo tài chính >> Báo cáo tình hình tài chính riêng;5. Quỹ dự phòng tài chính và rủi ro nghiệp vụ;415;Data Explorer;Chỉ tiêu cơ sở;Dễ;Ngày, CTCK;SCMS;;X;;;;;;;;;;
93;Báo cáo theo Thông tư 121/2020/TT-BTC >> Báo báo tài chính >> Báo cáo tình hình tài chính riêng;6. Các Quỹ khác thuộc vốn chủ sở hữu;416;Data Explorer;Chỉ tiêu cơ sở;Dễ;Ngày, CTCK;SCMS;;X;;;;;;;;;;
93;Báo cáo theo Thông tư 121/2020/TT-BTC >> Báo báo tài chính >> Báo cáo tình hình tài chính riêng;7. Lợi nhuận chưa phân phối;417;Data Explorer;Chỉ tiêu cơ sở;Dễ;Ngày, CTCK;SCMS;;X;;;;;;;;;;
93;Báo cáo theo Thông tư 121/2020/TT-BTC >> Báo báo tài chính >> Báo cáo tình hình tài chính riêng;7.1. Lợi nhuận sau thuế đã thực hiện;417,1;Data Explorer;Chỉ tiêu cơ sở;Dễ;Ngày, CTCK;SCMS;;X;;;;;;;;;;
93;Báo cáo theo Thông tư 121/2020/TT-BTC >> Báo báo tài chính >> Báo cáo tình hình tài chính riêng;7.2. Lợi nhuận chưa thực hiện;417,2;Data Explorer;Chỉ tiêu cơ sở;Dễ;Ngày, CTCK;SCMS;;X;;;;;;;;;;
93;Báo cáo theo Thông tư 121/2020/TT-BTC >> Báo báo tài chính >> Báo cáo tình hình tài chính riêng;II. Nguồn kinh phí và quỹ khác;420;Data Explorer;Chỉ tiêu cơ sở;Dễ;Ngày, CTCK;SCMS;;X;;;;;;;;;;
93;Báo cáo theo Thông tư 121/2020/TT-BTC >> Báo báo tài chính >> Báo cáo tình hình tài chính riêng;TỔNG CỘNG NỢ  VÀ VỐN CHỦ SỞ HỮU (440 = 300 + 400);440;Data Explorer;Chỉ tiêu cơ sở;Dễ;Ngày, CTCK;SCMS;;X;;;;;;;;;;
94;Báo cáo theo Thông tư 121/2020/TT-BTC >> Báo báo tài chính >> Các chỉ tiêu ngoài báo cáo tình hình tài chính riêng;Loại báo cáo;Loại báo cáo;Data Explorer;Chiều;Dễ;Ngày, CTCK;SCMS;X;X;;;;;;;;;;
94;Báo cáo theo Thông tư 121/2020/TT-BTC >> Báo báo tài chính >> Các chỉ tiêu ngoài báo cáo tình hình tài chính riêng;Kỳ báo cáo;Kỳ báo cáo;Data Explorer;Chiều;Dễ;Ngày, CTCK;SCMS;X;X;;;;;;;;;;
94;Báo cáo theo Thông tư 121/2020/TT-BTC >> Báo báo tài chính >> Các chỉ tiêu ngoài báo cáo tình hình tài chính riêng;Mã báo cáo;Mã báo cáo;Data Explorer;Chiều;Dễ;Ngày, CTCK;SCMS;X;X;;;;;;;;;;
94;Báo cáo theo Thông tư 121/2020/TT-BTC >> Báo báo tài chính >> Các chỉ tiêu ngoài báo cáo tình hình tài chính riêng;Tên báo cáo;Tên báo cáo;Data Explorer;Chiều;Dễ;Ngày, CTCK;SCMS;X;X;;;;;;;;;;
94;Báo cáo theo Thông tư 121/2020/TT-BTC >> Báo báo tài chính >> Các chỉ tiêu ngoài báo cáo tình hình tài chính riêng;Mã chỉ tiêu;Mã chỉ tiêu;Data Explorer;Chiều;Dễ;Ngày, CTCK;SCMS;X;X;;;;;;;;;;
94;Báo cáo theo Thông tư 121/2020/TT-BTC >> Báo báo tài chính >> Các chỉ tiêu ngoài báo cáo tình hình tài chính riêng;Tên chỉ tiêu;Tên chỉ tiêu;Data Explorer;Chiều;Dễ;Ngày, CTCK;SCMS;X;X;;;;;;;;;;
94;Báo cáo theo Thông tư 121/2020/TT-BTC >> Báo báo tài chính >> Các chỉ tiêu ngoài báo cáo tình hình tài chính riêng;A.TÀI SẢN CỦA CTCK VÀ TÀI SẢN QUẢN LÝ THEO CAM KẾT;;Data Explorer;Chỉ tiêu cơ sở;Dễ;Ngày, CTCK;SCMS;;X;;;;;;;;;;
94;Báo cáo theo Thông tư 121/2020/TT-BTC >> Báo báo tài chính >> Các chỉ tiêu ngoài báo cáo tình hình tài chính riêng;1. Tài sản cố định thuê ngoài;1;Data Explorer;Chỉ tiêu cơ sở;Dễ;Ngày, CTCK;SCMS;;X;;;;;;;;;;
94;Báo cáo theo Thông tư 121/2020/TT-BTC >> Báo báo tài chính >> Các chỉ tiêu ngoài báo cáo tình hình tài chính riêng;2. Chứng chỉ có giá nhận giữ hộ;2;Data Explorer;Chỉ tiêu cơ sở;Dễ;Ngày, CTCK;SCMS;;X;;;;;;;;;;
94;Báo cáo theo Thông tư 121/2020/TT-BTC >> Báo báo tài chính >> Các chỉ tiêu ngoài báo cáo tình hình tài chính riêng;3. Tài sản nhận thế chấp;3;Data Explorer;Chỉ tiêu cơ sở;Dễ;Ngày, CTCK;SCMS;;X;;;;;;;;;;
94;Báo cáo theo Thông tư 121/2020/TT-BTC >> Báo báo tài chính >> Các chỉ tiêu ngoài báo cáo tình hình tài chính riêng;4. Nợ khó đòi đã xử lý;4;Data Explorer;Chỉ tiêu cơ sở;Dễ;Ngày, CTCK;SCMS;;X;;;;;;;;;;
94;Báo cáo theo Thông tư 121/2020/TT-BTC >> Báo báo tài chính >> Các chỉ tiêu ngoài báo cáo tình hình tài chính riêng;5. Ngoại tệ các loại;5;Data Explorer;Chỉ tiêu cơ sở;Dễ;Ngày, CTCK;SCMS;;X;;;;;;;;;;
94;Báo cáo theo Thông tư 121/2020/TT-BTC >> Báo báo tài chính >> Các chỉ tiêu ngoài báo cáo tình hình tài chính riêng;6. Cổ phiếu đang lưu hành;6;Data Explorer;Chỉ tiêu cơ sở;Dễ;Ngày, CTCK;SCMS;;X;;;;;;;;;;
94;Báo cáo theo Thông tư 121/2020/TT-BTC >> Báo báo tài chính >> Các chỉ tiêu ngoài báo cáo tình hình tài chính riêng;7. Cổ phiếu quỹ;7;Data Explorer;Chỉ tiêu cơ sở;Dễ;Ngày, CTCK;SCMS;;X;;;;;;;;;;
94;Báo cáo theo Thông tư 121/2020/TT-BTC >> Báo báo tài chính >> Các chỉ tiêu ngoài báo cáo tình hình tài chính riêng;8. Tài sản tài chính niêm yết/đăng ký giao dịch tại VSD của CTCK ;8;Data Explorer;Chỉ tiêu cơ sở;Dễ;Ngày, CTCK;SCMS;;X;;;;;;;;;;
94;Báo cáo theo Thông tư 121/2020/TT-BTC >> Báo báo tài chính >> Các chỉ tiêu ngoài báo cáo tình hình tài chính riêng;9. Tài sản tài chính đã lưu ký tại VSD và chưa giao dịch của CTCK ;9;Data Explorer;Chỉ tiêu cơ sở;Dễ;Ngày, CTCK;SCMS;;X;;;;;;;;;;
94;Báo cáo theo Thông tư 121/2020/TT-BTC >> Báo báo tài chính >> Các chỉ tiêu ngoài báo cáo tình hình tài chính riêng;10. Tài sản tài chính chờ về của CTCK ;10;Data Explorer;Chỉ tiêu cơ sở;Dễ;Ngày, CTCK;SCMS;;X;;;;;;;;;;
94;Báo cáo theo Thông tư 121/2020/TT-BTC >> Báo báo tài chính >> Các chỉ tiêu ngoài báo cáo tình hình tài chính riêng;11. Tài sản tài chính sửa lỗi giao dịch của CTCK ;11;Data Explorer;Chỉ tiêu cơ sở;Dễ;Ngày, CTCK;SCMS;;X;;;;;;;;;;
94;Báo cáo theo Thông tư 121/2020/TT-BTC >> Báo báo tài chính >> Các chỉ tiêu ngoài báo cáo tình hình tài chính riêng;12. Tài sản tài chính chưa lưu ký tại VSD của CTCK ;12;Data Explorer;Chỉ tiêu cơ sở;Dễ;Ngày, CTCK;SCMS;;X;;;;;;;;;;
94;Báo cáo theo Thông tư 121/2020/TT-BTC >> Báo báo tài chính >> Các chỉ tiêu ngoài báo cáo tình hình tài chính riêng;13.Tài sản tài chính được hưởng quyền của CTCK ;13;Data Explorer;Chỉ tiêu cơ sở;Dễ;Ngày, CTCK;SCMS;;X;;;;;;;;;;
94;Báo cáo theo Thông tư 121/2020/TT-BTC >> Báo báo tài chính >> Các chỉ tiêu ngoài báo cáo tình hình tài chính riêng;14.Chứng quyền;;Data Explorer;Chỉ tiêu cơ sở;Dễ;Ngày, CTCK;SCMS;;X;;;;;;;;;;
94;Báo cáo theo Thông tư 121/2020/TT-BTC >> Báo báo tài chính >> Các chỉ tiêu ngoài báo cáo tình hình tài chính riêng;B. TÀI SẢN VÀ CÁC KHOẢN PHẢI TRẢ VỀ TÀI SẢN QUẢN LÝ CAM KẾT VỚI KHÁCH HÀNG ;;Data Explorer;Chỉ tiêu cơ sở;Dễ;Ngày, CTCK;SCMS;;X;;;;;;;;;;
94;Báo cáo theo Thông tư 121/2020/TT-BTC >> Báo báo tài chính >> Các chỉ tiêu ngoài báo cáo tình hình tài chính riêng;1.Tài sản tài chính niêm yết/đăng ký giao dịch tại VSD của Nhà đầu tư;21;Data Explorer;Chỉ tiêu cơ sở;Dễ;Ngày, CTCK;SCMS;;X;;;;;;;;;;
94;Báo cáo theo Thông tư 121/2020/TT-BTC >> Báo báo tài chính >> Các chỉ tiêu ngoài báo cáo tình hình tài chính riêng;a.Tài sản tài chính giao dịch tự do chuyển nhượng;21,1;Data Explorer;Chỉ tiêu cơ sở;Dễ;Ngày, CTCK;SCMS;;X;;;;;;;;;;
94;Báo cáo theo Thông tư 121/2020/TT-BTC >> Báo báo tài chính >> Các chỉ tiêu ngoài báo cáo tình hình tài chính riêng;b.Tài sản tài chính hạn chế chuyển nhượng;21,2;Data Explorer;Chỉ tiêu cơ sở;Dễ;Ngày, CTCK;SCMS;;X;;;;;;;;;;
94;Báo cáo theo Thông tư 121/2020/TT-BTC >> Báo báo tài chính >> Các chỉ tiêu ngoài báo cáo tình hình tài chính riêng;c.Tài sản tài chính giao dịch cầm cố;21,3;Data Explorer;Chỉ tiêu cơ sở;Dễ;Ngày, CTCK;SCMS;;X;;;;;;;;;;
94;Báo cáo theo Thông tư 121/2020/TT-BTC >> Báo báo tài chính >> Các chỉ tiêu ngoài báo cáo tình hình tài chính riêng;d.Tài sản tài chính phong tỏa, tạm giữ;21,4;Data Explorer;Chỉ tiêu cơ sở;Dễ;Ngày, CTCK;SCMS;;X;;;;;;;;;;
94;Báo cáo theo Thông tư 121/2020/TT-BTC >> Báo báo tài chính >> Các chỉ tiêu ngoài báo cáo tình hình tài chính riêng;e.Tài sản tài chính chờ thanh toán;21,5;Data Explorer;Chỉ tiêu cơ sở;Dễ;Ngày, CTCK;SCMS;;X;;;;;;;;;;
94;Báo cáo theo Thông tư 121/2020/TT-BTC >> Báo báo tài chính >> Các chỉ tiêu ngoài báo cáo tình hình tài chính riêng;f. Tài sản tài chính chờ cho vay;21,6;Data Explorer;Chỉ tiêu cơ sở;Dễ;Ngày, CTCK;SCMS;;X;;;;;;;;;;
94;Báo cáo theo Thông tư 121/2020/TT-BTC >> Báo báo tài chính >> Các chỉ tiêu ngoài báo cáo tình hình tài chính riêng;2. Tài sản tài chính đã lưu ký tại VSD và chưa giao dịch của Nhà đầu tư;22;Data Explorer;Chỉ tiêu cơ sở;Dễ;Ngày, CTCK;SCMS;;X;;;;;;;;;;
94;Báo cáo theo Thông tư 121/2020/TT-BTC >> Báo báo tài chính >> Các chỉ tiêu ngoài báo cáo tình hình tài chính riêng;a.Tài sản tài chính đã lưu ký tại VSD và chưa giao dịch, tự do chuyển nhượng;22,1;Data Explorer;Chỉ tiêu cơ sở;Dễ;Ngày, CTCK;SCMS;;X;;;;;;;;;;
94;Báo cáo theo Thông tư 121/2020/TT-BTC >> Báo báo tài chính >> Các chỉ tiêu ngoài báo cáo tình hình tài chính riêng;b.Tài sản tài chính đã lưu ký tại VSD và chưa giao dịch, hạn chế chuyển nhượng;22,2;Data Explorer;Chỉ tiêu cơ sở;Dễ;Ngày, CTCK;SCMS;;X;;;;;;;;;;
94;Báo cáo theo Thông tư 121/2020/TT-BTC >> Báo báo tài chính >> Các chỉ tiêu ngoài báo cáo tình hình tài chính riêng;c.Tài sản tài chính đã lưu ký tại VSD và chưa giao dịch, cầm cố;22,3;Data Explorer;Chỉ tiêu cơ sở;Dễ;Ngày, CTCK;SCMS;;X;;;;;;;;;;
94;Báo cáo theo Thông tư 121/2020/TT-BTC >> Báo báo tài chính >> Các chỉ tiêu ngoài báo cáo tình hình tài chính riêng;d.Tài sản tài chính đã lưu ký tại VSD và chưa giao dịch, phong tỏa, tạm giữ;22,4;Data Explorer;Chỉ tiêu cơ sở;Dễ;Ngày, CTCK;SCMS;;X;;;;;;;;;;
94;Báo cáo theo Thông tư 121/2020/TT-BTC >> Báo báo tài chính >> Các chỉ tiêu ngoài báo cáo tình hình tài chính riêng;3. Tài sản tài chính chờ về của Nhà đầu tư;23;Data Explorer;Chỉ tiêu cơ sở;Dễ;Ngày, CTCK;SCMS;;X;;;;;;;;;;
94;Báo cáo theo Thông tư 121/2020/TT-BTC >> Báo báo tài chính >> Các chỉ tiêu ngoài báo cáo tình hình tài chính riêng;4. Tài sản tài chính sửa lỗi giao dịch của Nhà đầu tư;"024.a
";Data Explorer;Chỉ tiêu cơ sở;Dễ;Ngày, CTCK;SCMS;;X;;;;;;;;;;
94;Báo cáo theo Thông tư 121/2020/TT-BTC >> Báo báo tài chính >> Các chỉ tiêu ngoài báo cáo tình hình tài chính riêng;5.Tài sản tài chính chưa lưu ký tại VSD của Nhà đầu tư;"024.b
";Data Explorer;Chỉ tiêu cơ sở;Dễ;Ngày, CTCK;SCMS;;X;;;;;;;;;;
94;Báo cáo theo Thông tư 121/2020/TT-BTC >> Báo báo tài chính >> Các chỉ tiêu ngoài báo cáo tình hình tài chính riêng;6.Tài sản tài chính được hưởng quyền của Nhà đầu tư;25;Data Explorer;Chỉ tiêu cơ sở;Dễ;Ngày, CTCK;SCMS;;X;;;;;;;;;;
94;Báo cáo theo Thông tư 121/2020/TT-BTC >> Báo báo tài chính >> Các chỉ tiêu ngoài báo cáo tình hình tài chính riêng;7. Tiền gửi của khách hàng;26;Data Explorer;Chỉ tiêu cơ sở;Dễ;Ngày, CTCK;SCMS;;X;;;;;;;;;;
94;Báo cáo theo Thông tư 121/2020/TT-BTC >> Báo báo tài chính >> Các chỉ tiêu ngoài báo cáo tình hình tài chính riêng;7.1. Tiền gửi của Nhà đầu tư về giao dịch chứng khoán theo phương thức CTCK quản lý;27;Data Explorer;Chỉ tiêu cơ sở;Dễ;Ngày, CTCK;SCMS;;X;;;;;;;;;;
94;Báo cáo theo Thông tư 121/2020/TT-BTC >> Báo báo tài chính >> Các chỉ tiêu ngoài báo cáo tình hình tài chính riêng;7.2.Tiền gửi tổng hợp giao dịch chứng khoán cho khách hàng;28;Data Explorer;Chỉ tiêu cơ sở;Dễ;Ngày, CTCK;SCMS;;X;;;;;;;;;;
94;Báo cáo theo Thông tư 121/2020/TT-BTC >> Báo báo tài chính >> Các chỉ tiêu ngoài báo cáo tình hình tài chính riêng;7.3. Tiền gửi bù trừ và thanh toán giao dịch chứng khoán;29;Data Explorer;Chỉ tiêu cơ sở;Dễ;Ngày, CTCK;SCMS;;X;;;;;;;;;;
94;Báo cáo theo Thông tư 121/2020/TT-BTC >> Báo báo tài chính >> Các chỉ tiêu ngoài báo cáo tình hình tài chính riêng;a. Tiền gửi bù trừ và thanh toán giao dịch chứng khoán Nhà đầu tư trong nước;29,1;Data Explorer;Chỉ tiêu cơ sở;Dễ;Ngày, CTCK;SCMS;;X;;;;;;;;;;
94;Báo cáo theo Thông tư 121/2020/TT-BTC >> Báo báo tài chính >> Các chỉ tiêu ngoài báo cáo tình hình tài chính riêng;b. Tiền gửi bù trừ và thanh toán giao dịch chứng khoán Nhà đầu tư nước ngoài;29,2;Data Explorer;Chỉ tiêu cơ sở;Dễ;Ngày, CTCK;SCMS;;X;;;;;;;;;;
94;Báo cáo theo Thông tư 121/2020/TT-BTC >> Báo báo tài chính >> Các chỉ tiêu ngoài báo cáo tình hình tài chính riêng;7.4. Tiền gửi của Tổ chức phát hành chứng khoán;30;Data Explorer;Chỉ tiêu cơ sở;Dễ;Ngày, CTCK;SCMS;;X;;;;;;;;;;
94;Báo cáo theo Thông tư 121/2020/TT-BTC >> Báo báo tài chính >> Các chỉ tiêu ngoài báo cáo tình hình tài chính riêng;8. Phải trả Nhà đầu tư về tiền gửi giao dịch chứng khoán theo phương thức CTCK quản lý;31;Data Explorer;Chỉ tiêu cơ sở;Dễ;Ngày, CTCK;SCMS;;X;;;;;;;;;;
94;Báo cáo theo Thông tư 121/2020/TT-BTC >> Báo báo tài chính >> Các chỉ tiêu ngoài báo cáo tình hình tài chính riêng;8.1. Phải trả Nhà đầu tư trong nước về tiền gửi giao dịch chứng khoán theo phương thức CTCK quản lý ;31,1;Data Explorer;Chỉ tiêu cơ sở;Dễ;Ngày, CTCK;SCMS;;X;;;;;;;;;;
94;Báo cáo theo Thông tư 121/2020/TT-BTC >> Báo báo tài chính >> Các chỉ tiêu ngoài báo cáo tình hình tài chính riêng;8.2. Phải trả Nhà đầu tư nước ngoài về tiền gửi giao dịch chứng khoán theo phương thức CTCK quản lý;31,2;Data Explorer;Chỉ tiêu cơ sở;Dễ;Ngày, CTCK;SCMS;;X;;;;;;;;;;
94;Báo cáo theo Thông tư 121/2020/TT-BTC >> Báo báo tài chính >> Các chỉ tiêu ngoài báo cáo tình hình tài chính riêng;9. Phải trả Tổ chức phát hành chứng khoán;32;Data Explorer;Chỉ tiêu cơ sở;Dễ;Ngày, CTCK;SCMS;;X;;;;;;;;;;
94;Báo cáo theo Thông tư 121/2020/TT-BTC >> Báo báo tài chính >> Các chỉ tiêu ngoài báo cáo tình hình tài chính riêng;10. Phải thu của khách hàng về lỗi giao dịch các tài sản tài chính;33;Data Explorer;Chỉ tiêu cơ sở;Dễ;Ngày, CTCK;SCMS;;X;;;;;;;;;;
94;Báo cáo theo Thông tư 121/2020/TT-BTC >> Báo báo tài chính >> Các chỉ tiêu ngoài báo cáo tình hình tài chính riêng;11. Phải trả của khách hàng về lỗi giao dịch các tài sản tài chính;34;Data Explorer;Chỉ tiêu cơ sở;Dễ;Ngày, CTCK;SCMS;;X;;;;;;;;;;
94;Báo cáo theo Thông tư 121/2020/TT-BTC >> Báo báo tài chính >> Các chỉ tiêu ngoài báo cáo tình hình tài chính riêng;12. Phải trả cổ tức, gốc và lãi trái phiếu;35;Data Explorer;Chỉ tiêu cơ sở;Dễ;Ngày, CTCK;SCMS;;X;;;;;;;;;;
95;Báo cáo theo Thông tư 121/2020/TT-BTC >> Báo báo tài chính >> Báo cáo kết quả hoạt động riêng;Loại báo cáo;Loại báo cáo;Data Explorer;Chiều;Dễ;Ngày, CTCK;SCMS;X;X;;;;;;;;;;
95;Báo cáo theo Thông tư 121/2020/TT-BTC >> Báo báo tài chính >> Báo cáo kết quả hoạt động riêng;Kỳ báo cáo;Kỳ báo cáo;Data Explorer;Chiều;Dễ;Ngày, CTCK;SCMS;X;X;;;;;;;;;;
95;Báo cáo theo Thông tư 121/2020/TT-BTC >> Báo báo tài chính >> Báo cáo kết quả hoạt động riêng;Mã báo cáo;Mã báo cáo;Data Explorer;Chiều;Dễ;Ngày, CTCK;SCMS;X;X;;;;;;;;;;
95;Báo cáo theo Thông tư 121/2020/TT-BTC >> Báo báo tài chính >> Báo cáo kết quả hoạt động riêng;Tên báo cáo;Tên báo cáo;Data Explorer;Chiều;Dễ;Ngày, CTCK;SCMS;X;X;;;;;;;;;;
95;Báo cáo theo Thông tư 121/2020/TT-BTC >> Báo báo tài chính >> Báo cáo kết quả hoạt động riêng;Mã chỉ tiêu;Mã chỉ tiêu;Data Explorer;Chiều;Dễ;Ngày, CTCK;SCMS;X;X;;;;;;;;;;
95;Báo cáo theo Thông tư 121/2020/TT-BTC >> Báo báo tài chính >> Báo cáo kết quả hoạt động riêng;Tên chỉ tiêu;Tên chỉ tiêu;Data Explorer;Chiều;Dễ;Ngày, CTCK;SCMS;X;X;;;;;;;;;;
95;Báo cáo theo Thông tư 121/2020/TT-BTC >> Báo báo tài chính >> Báo cáo kết quả hoạt động riêng;I. DOANH THU HOẠT ĐỘNG ;;Data Explorer;Chỉ tiêu cơ sở;Dễ;Ngày, CTCK;SCMS;;X;;;;;;;;;;
95;Báo cáo theo Thông tư 121/2020/TT-BTC >> Báo báo tài chính >> Báo cáo kết quả hoạt động riêng;1.1. Lãi từ các tài sản tài chính ghi nhận thông qua lãi/lỗ (FVTPL);1;Data Explorer;Chỉ tiêu cơ sở;Dễ;Ngày, CTCK;SCMS;;X;;;;;;;;;;
95;Báo cáo theo Thông tư 121/2020/TT-BTC >> Báo báo tài chính >> Báo cáo kết quả hoạt động riêng;a. Lãi bán các tài sản tài chính FVTPL;1,1;Data Explorer;Chỉ tiêu cơ sở;Dễ;Ngày, CTCK;SCMS;;X;;;;;;;;;;
95;Báo cáo theo Thông tư 121/2020/TT-BTC >> Báo báo tài chính >> Báo cáo kết quả hoạt động riêng;b. Chênh lệch tăng về đánh giá lại các TSTC FVTPL ;1,2;Data Explorer;Chỉ tiêu cơ sở;Dễ;Ngày, CTCK;SCMS;;X;;;;;;;;;;
95;Báo cáo theo Thông tư 121/2020/TT-BTC >> Báo báo tài chính >> Báo cáo kết quả hoạt động riêng;c. Cổ tức, tiền lãi phát sinh từ tài sản tài chính FVTPL;1,3;Data Explorer;Chỉ tiêu cơ sở;Dễ;Ngày, CTCK;SCMS;;X;;;;;;;;;;
95;Báo cáo theo Thông tư 121/2020/TT-BTC >> Báo báo tài chính >> Báo cáo kết quả hoạt động riêng;d. Chênh lệch giảm do đánh giá lại phải trả chứng quyền đang lưu hành;1,4;Data Explorer;Chỉ tiêu cơ sở;Dễ;Ngày, CTCK;SCMS;;X;;;;;;;;;;
95;Báo cáo theo Thông tư 121/2020/TT-BTC >> Báo báo tài chính >> Báo cáo kết quả hoạt động riêng;1.2. Lãi từ các khoản đầu tư nắm giữ đến ngày đáo hạn (HTM);2;Data Explorer;Chỉ tiêu cơ sở;Dễ;Ngày, CTCK;SCMS;;X;;;;;;;;;;
95;Báo cáo theo Thông tư 121/2020/TT-BTC >> Báo báo tài chính >> Báo cáo kết quả hoạt động riêng;1.3. Lãi từ các khoản cho vay và phải thu;3;Data Explorer;Chỉ tiêu cơ sở;Dễ;Ngày, CTCK;SCMS;;X;;;;;;;;;;
95;Báo cáo theo Thông tư 121/2020/TT-BTC >> Báo báo tài chính >> Báo cáo kết quả hoạt động riêng;1.4. Lãi từ tài sản tài chính sẵn sàng để bán (AFS);4;Data Explorer;Chỉ tiêu cơ sở;Dễ;Ngày, CTCK;SCMS;;X;;;;;;;;;;
95;Báo cáo theo Thông tư 121/2020/TT-BTC >> Báo báo tài chính >> Báo cáo kết quả hoạt động riêng;1.5. Lãi từ các công cụ phái sinh phòng ngừa rủi ro;5;Data Explorer;Chỉ tiêu cơ sở;Dễ;Ngày, CTCK;SCMS;;X;;;;;;;;;;
95;Báo cáo theo Thông tư 121/2020/TT-BTC >> Báo báo tài chính >> Báo cáo kết quả hoạt động riêng;1.6. Doanh thu nghiệp vụ môi giới chứng khoán;6;Data Explorer;Chỉ tiêu cơ sở;Dễ;Ngày, CTCK;SCMS;;X;;;;;;;;;;
95;Báo cáo theo Thông tư 121/2020/TT-BTC >> Báo báo tài chính >> Báo cáo kết quả hoạt động riêng;1.7. Doanh thu nghiệp vụ bảo lãnh, đại lý phát hành chứng khoán;7;Data Explorer;Chỉ tiêu cơ sở;Dễ;Ngày, CTCK;SCMS;;X;;;;;;;;;;
95;Báo cáo theo Thông tư 121/2020/TT-BTC >> Báo báo tài chính >> Báo cáo kết quả hoạt động riêng;1.8. Doanh thu nghiệp vụ tư vấn đầu tư chứng khoán;8;Data Explorer;Chỉ tiêu cơ sở;Dễ;Ngày, CTCK;SCMS;;X;;;;;;;;;;
95;Báo cáo theo Thông tư 121/2020/TT-BTC >> Báo báo tài chính >> Báo cáo kết quả hoạt động riêng;1.9. Doanh thu nghiệp vụ lưu ký chứng khoán;9;Data Explorer;Chỉ tiêu cơ sở;Dễ;Ngày, CTCK;SCMS;;X;;;;;;;;;;
95;Báo cáo theo Thông tư 121/2020/TT-BTC >> Báo báo tài chính >> Báo cáo kết quả hoạt động riêng;1.10. Doanh thu hoạt động tư vấn tài chính;10;Data Explorer;Chỉ tiêu cơ sở;Dễ;Ngày, CTCK;SCMS;;X;;;;;;;;;;
95;Báo cáo theo Thông tư 121/2020/TT-BTC >> Báo báo tài chính >> Báo cáo kết quả hoạt động riêng;1.11. Thu nhập hoạt động khác ;11;Data Explorer;Chỉ tiêu cơ sở;Dễ;Ngày, CTCK;SCMS;;X;;;;;;;;;;
95;Báo cáo theo Thông tư 121/2020/TT-BTC >> Báo báo tài chính >> Báo cáo kết quả hoạt động riêng;Cộng doanh thu hoạt động (20 = 01 đến 11);20;Data Explorer;Chỉ tiêu cơ sở;Dễ;Ngày, CTCK;SCMS;;X;;;;;;;;;;
95;Báo cáo theo Thông tư 121/2020/TT-BTC >> Báo báo tài chính >> Báo cáo kết quả hoạt động riêng;II. CHI PHÍ HOẠT ĐỘNG ;;Data Explorer;Chỉ tiêu cơ sở;Dễ;Ngày, CTCK;SCMS;;X;;;;;;;;;;
95;Báo cáo theo Thông tư 121/2020/TT-BTC >> Báo báo tài chính >> Báo cáo kết quả hoạt động riêng;2.1. Lỗ các tài sản tài chính ghi nhận thông qua lãi/lỗ (FVTPL);21;Data Explorer;Chỉ tiêu cơ sở;Dễ;Ngày, CTCK;SCMS;;X;;;;;;;;;;
95;Báo cáo theo Thông tư 121/2020/TT-BTC >> Báo báo tài chính >> Báo cáo kết quả hoạt động riêng;a.     Lỗ bán các tài sản tài chính FVTPL;21,1;Data Explorer;Chỉ tiêu cơ sở;Dễ;Ngày, CTCK;SCMS;;X;;;;;;;;;;
95;Báo cáo theo Thông tư 121/2020/TT-BTC >> Báo báo tài chính >> Báo cáo kết quả hoạt động riêng;b.    Chênh lệch giảm đánh giá lại các TSTC FVTPL;21,2;Data Explorer;Chỉ tiêu cơ sở;Dễ;Ngày, CTCK;SCMS;;X;;;;;;;;;;
95;Báo cáo theo Thông tư 121/2020/TT-BTC >> Báo báo tài chính >> Báo cáo kết quả hoạt động riêng;c.     Chi phí giao dịch mua các tài sản tài chính FVTPL;21,3;Data Explorer;Chỉ tiêu cơ sở;Dễ;Ngày, CTCK;SCMS;;X;;;;;;;;;;
95;Báo cáo theo Thông tư 121/2020/TT-BTC >> Báo báo tài chính >> Báo cáo kết quả hoạt động riêng;d. Chênh lệch tăng đánh do đánh giá lại phải trả chứng quyền đang lưu hành;21,4;Data Explorer;Chỉ tiêu cơ sở;Dễ;Ngày, CTCK;SCMS;;X;;;;;;;;;;
95;Báo cáo theo Thông tư 121/2020/TT-BTC >> Báo báo tài chính >> Báo cáo kết quả hoạt động riêng;2.2. Lỗ các khoản đầu tư nắm giữ đến ngày đáo hạn (HTM);22;Data Explorer;Chỉ tiêu cơ sở;Dễ;Ngày, CTCK;SCMS;;X;;;;;;;;;;
95;Báo cáo theo Thông tư 121/2020/TT-BTC >> Báo báo tài chính >> Báo cáo kết quả hoạt động riêng;2.3. Lỗ và ghi nhận chênh lệch đánh giá theo giá trị hợp lý tài sản tài chính sẵn sàng để bán (AFS) khi phân loại lại;23;Data Explorer;Chỉ tiêu cơ sở;Dễ;Ngày, CTCK;SCMS;;X;;;;;;;;;;
95;Báo cáo theo Thông tư 121/2020/TT-BTC >> Báo báo tài chính >> Báo cáo kết quả hoạt động riêng;2.4. Chi phí dự phòng tài sản tài chính, xử lý tổn thất các khoản phải thu khó đòi và lỗ suy giảm tài sản tài chính và chi phí đi vay của các khoản cho vay;24;Data Explorer;Chỉ tiêu cơ sở;Dễ;Ngày, CTCK;SCMS;;X;;;;;;;;;;
95;Báo cáo theo Thông tư 121/2020/TT-BTC >> Báo báo tài chính >> Báo cáo kết quả hoạt động riêng;2.5. Lỗ từ các tài sản tài chính phái sinh phòng ngừa rủi ro;25;Data Explorer;Chỉ tiêu cơ sở;Dễ;Ngày, CTCK;SCMS;;X;;;;;;;;;;
95;Báo cáo theo Thông tư 121/2020/TT-BTC >> Báo báo tài chính >> Báo cáo kết quả hoạt động riêng;2.6. Chi phí hoạt động tự doanh;26;Data Explorer;Chỉ tiêu cơ sở;Dễ;Ngày, CTCK;SCMS;;X;;;;;;;;;;
95;Báo cáo theo Thông tư 121/2020/TT-BTC >> Báo báo tài chính >> Báo cáo kết quả hoạt động riêng;2.7. Chi phí nghiệp vụ môi giới chứng khoán;27;Data Explorer;Chỉ tiêu cơ sở;Dễ;Ngày, CTCK;SCMS;;X;;;;;;;;;;
95;Báo cáo theo Thông tư 121/2020/TT-BTC >> Báo báo tài chính >> Báo cáo kết quả hoạt động riêng;2.8. Chi phí nghiệp vụ bảo lãnh, đại lý phát hành chứng khoán;28;Data Explorer;Chỉ tiêu cơ sở;Dễ;Ngày, CTCK;SCMS;;X;;;;;;;;;;
95;Báo cáo theo Thông tư 121/2020/TT-BTC >> Báo báo tài chính >> Báo cáo kết quả hoạt động riêng;2.9. Chi phí nghiệp vụ tư vấn đầu tư chứng khoán;29;Data Explorer;Chỉ tiêu cơ sở;Dễ;Ngày, CTCK;SCMS;;X;;;;;;;;;;
95;Báo cáo theo Thông tư 121/2020/TT-BTC >> Báo báo tài chính >> Báo cáo kết quả hoạt động riêng;2.10. Chi phí nghiệp vụ lưu ký chứng khoán;30;Data Explorer;Chỉ tiêu cơ sở;Dễ;Ngày, CTCK;SCMS;;X;;;;;;;;;;
95;Báo cáo theo Thông tư 121/2020/TT-BTC >> Báo báo tài chính >> Báo cáo kết quả hoạt động riêng;2.11. Chi phí hoạt động tư vấn tài chính;31;Data Explorer;Chỉ tiêu cơ sở;Dễ;Ngày, CTCK;SCMS;;X;;;;;;;;;;
95;Báo cáo theo Thông tư 121/2020/TT-BTC >> Báo báo tài chính >> Báo cáo kết quả hoạt động riêng;2.12. Chi phí các dịch vụ khác;32;Data Explorer;Chỉ tiêu cơ sở;Dễ;Ngày, CTCK;SCMS;;X;;;;;;;;;;
95;Báo cáo theo Thông tư 121/2020/TT-BTC >> Báo báo tài chính >> Báo cáo kết quả hoạt động riêng;Cộng chi phí hoạt động (40 = 21 đến 32);40;Data Explorer;Chỉ tiêu cơ sở;Dễ;Ngày, CTCK;SCMS;;X;;;;;;;;;;
95;Báo cáo theo Thông tư 121/2020/TT-BTC >> Báo báo tài chính >> Báo cáo kết quả hoạt động riêng;III. DOANH THU HOẠT ĐỘNG TÀI CHÍNH;;Data Explorer;Chỉ tiêu cơ sở;Dễ;Ngày, CTCK;SCMS;;X;;;;;;;;;;
95;Báo cáo theo Thông tư 121/2020/TT-BTC >> Báo báo tài chính >> Báo cáo kết quả hoạt động riêng;3.1. Chênh lệch lãi tỷ giá hối đoái đã và chưa thực hiện;41;Data Explorer;Chỉ tiêu cơ sở;Dễ;Ngày, CTCK;SCMS;;X;;;;;;;;;;
95;Báo cáo theo Thông tư 121/2020/TT-BTC >> Báo báo tài chính >> Báo cáo kết quả hoạt động riêng;3.2. Doanh thu, dự thu cổ tức, lãi tiền gửi ngân hàng không cố định ;42;Data Explorer;Chỉ tiêu cơ sở;Dễ;Ngày, CTCK;SCMS;;X;;;;;;;;;;
95;Báo cáo theo Thông tư 121/2020/TT-BTC >> Báo báo tài chính >> Báo cáo kết quả hoạt động riêng;3.3. Lãi bán, thanh lý các khoản đầu tư vào công ty con, liên kết, liên doanh;43;Data Explorer;Chỉ tiêu cơ sở;Dễ;Ngày, CTCK;SCMS;;X;;;;;;;;;;
95;Báo cáo theo Thông tư 121/2020/TT-BTC >> Báo báo tài chính >> Báo cáo kết quả hoạt động riêng;3.4. Doanh thu khác về đầu tư;44;Data Explorer;Chỉ tiêu cơ sở;Dễ;Ngày, CTCK;SCMS;;X;;;;;;;;;;
95;Báo cáo theo Thông tư 121/2020/TT-BTC >> Báo báo tài chính >> Báo cáo kết quả hoạt động riêng;Cộng doanh thu hoạt động tài chính (50 = 41 đến 44);50;Data Explorer;Chỉ tiêu cơ sở;Dễ;Ngày, CTCK;SCMS;;X;;;;;;;;;;
95;Báo cáo theo Thông tư 121/2020/TT-BTC >> Báo báo tài chính >> Báo cáo kết quả hoạt động riêng;IV. CHI PHÍ TÀI CHÍNH ;;Data Explorer;Chỉ tiêu cơ sở;Dễ;Ngày, CTCK;SCMS;;X;;;;;;;;;;
95;Báo cáo theo Thông tư 121/2020/TT-BTC >> Báo báo tài chính >> Báo cáo kết quả hoạt động riêng;4.1. Chênh lệch lỗ tỷ giá hối đoái đã và chưa thực hiện;51;Data Explorer;Chỉ tiêu cơ sở;Dễ;Ngày, CTCK;SCMS;;X;;;;;;;;;;
95;Báo cáo theo Thông tư 121/2020/TT-BTC >> Báo báo tài chính >> Báo cáo kết quả hoạt động riêng;4.2. Chi phí lãi vay;52;Data Explorer;Chỉ tiêu cơ sở;Dễ;Ngày, CTCK;SCMS;;X;;;;;;;;;;
95;Báo cáo theo Thông tư 121/2020/TT-BTC >> Báo báo tài chính >> Báo cáo kết quả hoạt động riêng;4.3. Lỗ bán, thanh lý các khoản đầu tư vào công ty con, liên kết, liên doanh;60;Data Explorer;Chỉ tiêu cơ sở;Dễ;Ngày, CTCK;SCMS;;X;;;;;;;;;;
95;Báo cáo theo Thông tư 121/2020/TT-BTC >> Báo báo tài chính >> Báo cáo kết quả hoạt động riêng;4.4. Chi phí dự phòng suy giảm giá trị các khoản đầu tư tài chính dài hạn;54;Data Explorer;Chỉ tiêu cơ sở;Dễ;Ngày, CTCK;SCMS;;X;;;;;;;;;;
95;Báo cáo theo Thông tư 121/2020/TT-BTC >> Báo báo tài chính >> Báo cáo kết quả hoạt động riêng;4.5. Chi phí tài chính khác;55;Data Explorer;Chỉ tiêu cơ sở;Dễ;Ngày, CTCK;SCMS;;X;;;;;;;;;;
95;Báo cáo theo Thông tư 121/2020/TT-BTC >> Báo báo tài chính >> Báo cáo kết quả hoạt động riêng;Cộng chi phí tài chính (60 = 51 đến 55);60;Data Explorer;Chỉ tiêu cơ sở;Dễ;Ngày, CTCK;SCMS;;X;;;;;;;;;;
95;Báo cáo theo Thông tư 121/2020/TT-BTC >> Báo báo tài chính >> Báo cáo kết quả hoạt động riêng;V. CHI PHÍ BÁN HÀNG;61;Data Explorer;Chỉ tiêu cơ sở;Dễ;Ngày, CTCK;SCMS;;X;;;;;;;;;;
95;Báo cáo theo Thông tư 121/2020/TT-BTC >> Báo báo tài chính >> Báo cáo kết quả hoạt động riêng;VI. CHI PHÍ QUẢN LÝ CÔNG TY CHỨNG KHOÁN;62;Data Explorer;Chỉ tiêu cơ sở;Dễ;Ngày, CTCK;SCMS;;X;;;;;;;;;;
95;Báo cáo theo Thông tư 121/2020/TT-BTC >> Báo báo tài chính >> Báo cáo kết quả hoạt động riêng;VII. KẾT QUẢ HOẠT ĐỘNG (70= 20+50-40 -60-61-62);70;Data Explorer;Chỉ tiêu cơ sở;Dễ;Ngày, CTCK;SCMS;;X;;;;;;;;;;
95;Báo cáo theo Thông tư 121/2020/TT-BTC >> Báo báo tài chính >> Báo cáo kết quả hoạt động riêng;VIII. THU NHẬP KHÁC VÀ CHI PHÍ KHÁC ;;Data Explorer;Chỉ tiêu cơ sở;Dễ;Ngày, CTCK;SCMS;;X;;;;;;;;;;
95;Báo cáo theo Thông tư 121/2020/TT-BTC >> Báo báo tài chính >> Báo cáo kết quả hoạt động riêng;8.1. Thu nhập khác;71;Data Explorer;Chỉ tiêu cơ sở;Dễ;Ngày, CTCK;SCMS;;X;;;;;;;;;;
95;Báo cáo theo Thông tư 121/2020/TT-BTC >> Báo báo tài chính >> Báo cáo kết quả hoạt động riêng;8.2. Chi phí khác;72;Data Explorer;Chỉ tiêu cơ sở;Dễ;Ngày, CTCK;SCMS;;X;;;;;;;;;;
95;Báo cáo theo Thông tư 121/2020/TT-BTC >> Báo báo tài chính >> Báo cáo kết quả hoạt động riêng;Cộng kết quả hoạt động khác (80= 71-72);80;Data Explorer;Chỉ tiêu cơ sở;Dễ;Ngày, CTCK;SCMS;;X;;;;;;;;;;
95;Báo cáo theo Thông tư 121/2020/TT-BTC >> Báo báo tài chính >> Báo cáo kết quả hoạt động riêng;IX. TỔNG LỢI NHUẬN KẾ TOÁN TRƯỚC THUẾ (90=70 + 80);90;Data Explorer;Chỉ tiêu cơ sở;Dễ;Ngày, CTCK;SCMS;;X;;;;;;;;;;
95;Báo cáo theo Thông tư 121/2020/TT-BTC >> Báo báo tài chính >> Báo cáo kết quả hoạt động riêng;9.1. Lợi nhuận đã thực hiện;91;Data Explorer;Chỉ tiêu cơ sở;Dễ;Ngày, CTCK;SCMS;;X;;;;;;;;;;
95;Báo cáo theo Thông tư 121/2020/TT-BTC >> Báo báo tài chính >> Báo cáo kết quả hoạt động riêng;9.2. Lợi nhuận chưa thực hiện;92;Data Explorer;Chỉ tiêu cơ sở;Dễ;Ngày, CTCK;SCMS;;X;;;;;;;;;;
95;Báo cáo theo Thông tư 121/2020/TT-BTC >> Báo báo tài chính >> Báo cáo kết quả hoạt động riêng;X. CHI PHÍ THUẾ TNDN;100;Data Explorer;Chỉ tiêu cơ sở;Dễ;Ngày, CTCK;SCMS;;X;;;;;;;;;;
95;Báo cáo theo Thông tư 121/2020/TT-BTC >> Báo báo tài chính >> Báo cáo kết quả hoạt động riêng;10.1.Chi phí thuế TNDN hiện hành;100,1;Data Explorer;Chỉ tiêu cơ sở;Dễ;Ngày, CTCK;SCMS;;X;;;;;;;;;;
95;Báo cáo theo Thông tư 121/2020/TT-BTC >> Báo báo tài chính >> Báo cáo kết quả hoạt động riêng;10.2.Chi phí thuế TNDN hoãn lại;100,2;Data Explorer;Chỉ tiêu cơ sở;Dễ;Ngày, CTCK;SCMS;;X;;;;;;;;;;
95;Báo cáo theo Thông tư 121/2020/TT-BTC >> Báo báo tài chính >> Báo cáo kết quả hoạt động riêng;XI. LỢI NHUẬN KẾ TOÁN SAU THUẾ TNDN (200 = 90 - 100);200;Data Explorer;Chỉ tiêu cơ sở;Dễ;Ngày, CTCK;SCMS;;X;;;;;;;;;;
95;Báo cáo theo Thông tư 121/2020/TT-BTC >> Báo báo tài chính >> Báo cáo kết quả hoạt động riêng;XII. THU NHẬP (LỖ) TOÀN DIỆN KHÁC SAU THUẾ TNDN;300;Data Explorer;Chỉ tiêu cơ sở;Dễ;Ngày, CTCK;SCMS;;X;;;;;;;;;;
95;Báo cáo theo Thông tư 121/2020/TT-BTC >> Báo báo tài chính >> Báo cáo kết quả hoạt động riêng;12.1.Lãi/(Lỗ) từ đánh giá lại các tài sản tài chính sẵn sàng để bán;301;Data Explorer;Chỉ tiêu cơ sở;Dễ;Ngày, CTCK;SCMS;;X;;;;;;;;;;
95;Báo cáo theo Thông tư 121/2020/TT-BTC >> Báo báo tài chính >> Báo cáo kết quả hoạt động riêng;12.2. Lãi/(lỗ) chênh lệch tỷ giá của hoạt động tại nước ngoài ;302;Data Explorer;Chỉ tiêu cơ sở;Dễ;Ngày, CTCK;SCMS;;X;;;;;;;;;;
95;Báo cáo theo Thông tư 121/2020/TT-BTC >> Báo báo tài chính >> Báo cáo kết quả hoạt động riêng;12.3. Lãi, lỗ đánh giá lại tài sản cố định theo mô hình giá trị hợp lý;303;Data Explorer;Chỉ tiêu cơ sở;Dễ;Ngày, CTCK;SCMS;;X;;;;;;;;;;
95;Báo cáo theo Thông tư 121/2020/TT-BTC >> Báo báo tài chính >> Báo cáo kết quả hoạt động riêng;12.4. Lãi, lỗ toàn diện khác;304;Data Explorer;Chỉ tiêu cơ sở;Dễ;Ngày, CTCK;SCMS;;X;;;;;;;;;;
95;Báo cáo theo Thông tư 121/2020/TT-BTC >> Báo báo tài chính >> Báo cáo kết quả hoạt động riêng;Tổng thu nhập toàn diện;400;Data Explorer;Chỉ tiêu cơ sở;Dễ;Ngày, CTCK;SCMS;;X;;;;;;;;;;
95;Báo cáo theo Thông tư 121/2020/TT-BTC >> Báo báo tài chính >> Báo cáo kết quả hoạt động riêng;XIII. THU NHẬP THUẦN TRÊN CỔ PHIẾU PHỔ THÔNG;500;Data Explorer;Chỉ tiêu cơ sở;Dễ;Ngày, CTCK;SCMS;;X;;;;;;;;;;
95;Báo cáo theo Thông tư 121/2020/TT-BTC >> Báo báo tài chính >> Báo cáo kết quả hoạt động riêng;13.1.Lãi cơ bản trên cổ phiếu (Đồng/1 cổ phiếu);501;Data Explorer;Chỉ tiêu cơ sở;Dễ;Ngày, CTCK;SCMS;;X;;;;;;;;;;
95;Báo cáo theo Thông tư 121/2020/TT-BTC >> Báo báo tài chính >> Báo cáo kết quả hoạt động riêng;13.2.Thu nhập pha loãng trên cổ phiếu (Đồng/1 cổ phiếu);502;Data Explorer;Chỉ tiêu cơ sở;Dễ;Ngày, CTCK;SCMS;;X;;;;;;;;;;
96;Báo cáo theo Thông tư 121/2020/TT-BTC >> Báo báo tài chính >> Báo cáo lưu chuyển tiền tệ riêng_06611;Loại báo cáo;Loại báo cáo;Data Explorer;Chiều;Dễ;Ngày, CTCK;SCMS;X;X;;;;;;;;;;
96;Báo cáo theo Thông tư 121/2020/TT-BTC >> Báo báo tài chính >> Báo cáo lưu chuyển tiền tệ riêng_06611;Kỳ báo cáo;Kỳ báo cáo;Data Explorer;Chiều;Dễ;Ngày, CTCK;SCMS;X;X;;;;;;;;;;
96;Báo cáo theo Thông tư 121/2020/TT-BTC >> Báo báo tài chính >> Báo cáo lưu chuyển tiền tệ riêng_06611;Mã báo cáo;Mã báo cáo;Data Explorer;Chiều;Dễ;Ngày, CTCK;SCMS;X;X;;;;;;;;;;
96;Báo cáo theo Thông tư 121/2020/TT-BTC >> Báo báo tài chính >> Báo cáo lưu chuyển tiền tệ riêng_06611;Tên báo cáo;Tên báo cáo;Data Explorer;Chiều;Dễ;Ngày, CTCK;SCMS;X;X;;;;;;;;;;
96;Báo cáo theo Thông tư 121/2020/TT-BTC >> Báo báo tài chính >> Báo cáo lưu chuyển tiền tệ riêng_06611;Mã chỉ tiêu;Mã chỉ tiêu;Data Explorer;Chiều;Dễ;Ngày, CTCK;SCMS;X;X;;;;;;;;;;
96;Báo cáo theo Thông tư 121/2020/TT-BTC >> Báo báo tài chính >> Báo cáo lưu chuyển tiền tệ riêng_06611;Tên chỉ tiêu;Tên chỉ tiêu;Data Explorer;Chiều;Dễ;Ngày, CTCK;SCMS;X;X;;;;;;;;;;
96;Báo cáo theo Thông tư 121/2020/TT-BTC >> Báo báo tài chính >> Báo cáo lưu chuyển tiền tệ riêng_06611;I. Lưu chuyển tiền từ hoạt động kinh doanh;;Data Explorer;Chỉ tiêu cơ sở;Dễ;Ngày, CTCK;SCMS;;X;;;;;;;;;;
96;Báo cáo theo Thông tư 121/2020/TT-BTC >> Báo báo tài chính >> Báo cáo lưu chuyển tiền tệ riêng_06611;1.Tiền đã chi mua các tài sản tài chính;1;Data Explorer;Chỉ tiêu cơ sở;Dễ;Ngày, CTCK;SCMS;;X;;;;;;;;;;
96;Báo cáo theo Thông tư 121/2020/TT-BTC >> Báo báo tài chính >> Báo cáo lưu chuyển tiền tệ riêng_06611;2.Tiền đã thu từ bán các tài sản tài chính;2;Data Explorer;Chỉ tiêu cơ sở;Dễ;Ngày, CTCK;SCMS;;X;;;;;;;;;;
96;Báo cáo theo Thông tư 121/2020/TT-BTC >> Báo báo tài chính >> Báo cáo lưu chuyển tiền tệ riêng_06611;3. Tiền chi nộp Quỹ Hỗ trợ thanh toán;3;Data Explorer;Chỉ tiêu cơ sở;Dễ;Ngày, CTCK;SCMS;;X;;;;;;;;;;
96;Báo cáo theo Thông tư 121/2020/TT-BTC >> Báo báo tài chính >> Báo cáo lưu chuyển tiền tệ riêng_06611;4. Cổ tức đã nhận ;4;Data Explorer;Chỉ tiêu cơ sở;Dễ;Ngày, CTCK;SCMS;;X;;;;;;;;;;
96;Báo cáo theo Thông tư 121/2020/TT-BTC >> Báo báo tài chính >> Báo cáo lưu chuyển tiền tệ riêng_06611;5. Tiền lãi đã thu;5;Data Explorer;Chỉ tiêu cơ sở;Dễ;Ngày, CTCK;SCMS;;X;;;;;;;;;;
96;Báo cáo theo Thông tư 121/2020/TT-BTC >> Báo báo tài chính >> Báo cáo lưu chuyển tiền tệ riêng_06611;6. Tiền chi trả lãi vay cho hoạt động của CTCK ;6;Data Explorer;Chỉ tiêu cơ sở;Dễ;Ngày, CTCK;SCMS;;X;;;;;;;;;;
96;Báo cáo theo Thông tư 121/2020/TT-BTC >> Báo báo tài chính >> Báo cáo lưu chuyển tiền tệ riêng_06611;7. Tiền chi trả Tổ chức cung cấp dịch vụ cho CTCK ;7;Data Explorer;Chỉ tiêu cơ sở;Dễ;Ngày, CTCK;SCMS;;X;;;;;;;;;;
96;Báo cáo theo Thông tư 121/2020/TT-BTC >> Báo báo tài chính >> Báo cáo lưu chuyển tiền tệ riêng_06611;8. Tiền chi trả cho người lao động;8;Data Explorer;Chỉ tiêu cơ sở;Dễ;Ngày, CTCK;SCMS;;X;;;;;;;;;;
96;Báo cáo theo Thông tư 121/2020/TT-BTC >> Báo báo tài chính >> Báo cáo lưu chuyển tiền tệ riêng_06611;9. Tiền chi nộp thuế liên quan đến hoạt động CTCK ;9;Data Explorer;Chỉ tiêu cơ sở;Dễ;Ngày, CTCK;SCMS;;X;;;;;;;;;;
96;Báo cáo theo Thông tư 121/2020/TT-BTC >> Báo báo tài chính >> Báo cáo lưu chuyển tiền tệ riêng_06611;10.Tiền chi thanh toán các chi phí cho hoạt động mua, bán các tài sản tài chính ;10;Data Explorer;Chỉ tiêu cơ sở;Dễ;Ngày, CTCK;SCMS;;X;;;;;;;;;;
96;Báo cáo theo Thông tư 121/2020/TT-BTC >> Báo báo tài chính >> Báo cáo lưu chuyển tiền tệ riêng_06611;11. Tiền thu khác từ hoạt động kinh doanh;11;Data Explorer;Chỉ tiêu cơ sở;Dễ;Ngày, CTCK;SCMS;;X;;;;;;;;;;
96;Báo cáo theo Thông tư 121/2020/TT-BTC >> Báo báo tài chính >> Báo cáo lưu chuyển tiền tệ riêng_06611;12. Tiền chi khác cho hoạt động kinh doanh;12;Data Explorer;Chỉ tiêu cơ sở;Dễ;Ngày, CTCK;SCMS;;X;;;;;;;;;;
96;Báo cáo theo Thông tư 121/2020/TT-BTC >> Báo báo tài chính >> Báo cáo lưu chuyển tiền tệ riêng_06611;Lưu chuyển tiền thuần từ hoạt động kinh doanh;20;Data Explorer;Chỉ tiêu cơ sở;Dễ;Ngày, CTCK;SCMS;;X;;;;;;;;;;
96;Báo cáo theo Thông tư 121/2020/TT-BTC >> Báo báo tài chính >> Báo cáo lưu chuyển tiền tệ riêng_06611;II. Lưu chuyển tiền từ hoạt động đầu tư;;Data Explorer;Chỉ tiêu cơ sở;Dễ;Ngày, CTCK;SCMS;;X;;;;;;;;;;
96;Báo cáo theo Thông tư 121/2020/TT-BTC >> Báo báo tài chính >> Báo cáo lưu chuyển tiền tệ riêng_06611;1.Tiền chi để mua sắm, xây dựng TSCĐ, BĐSĐT và các tài sản khác;21;Data Explorer;Chỉ tiêu cơ sở;Dễ;Ngày, CTCK;SCMS;;X;;;;;;;;;;
96;Báo cáo theo Thông tư 121/2020/TT-BTC >> Báo báo tài chính >> Báo cáo lưu chuyển tiền tệ riêng_06611;2.Tiền thu từ thanh lý, nhượng bán TSCĐ, BĐSĐT  và các tài sản khác;22;Data Explorer;Chỉ tiêu cơ sở;Dễ;Ngày, CTCK;SCMS;;X;;;;;;;;;;
96;Báo cáo theo Thông tư 121/2020/TT-BTC >> Báo báo tài chính >> Báo cáo lưu chuyển tiền tệ riêng_06611;3.Tiền chi đầu tư góp vốn vào công ty con, công  ty liên doanh, liên kết và đầu tư khác;23;Data Explorer;Chỉ tiêu cơ sở;Dễ;Ngày, CTCK;SCMS;;X;;;;;;;;;;
96;Báo cáo theo Thông tư 121/2020/TT-BTC >> Báo báo tài chính >> Báo cáo lưu chuyển tiền tệ riêng_06611;4.Tiền thu hồi đầu tư góp vốn vào công ty con, công ty liên doanh, liên kết và đầu tư khác;24;Data Explorer;Chỉ tiêu cơ sở;Dễ;Ngày, CTCK;SCMS;;X;;;;;;;;;;
96;Báo cáo theo Thông tư 121/2020/TT-BTC >> Báo báo tài chính >> Báo cáo lưu chuyển tiền tệ riêng_06611;5.Tiền thu về  cổ tức và lợi nhuận được chia từ các khoản đầu tư tài chính dài hạn;25;Data Explorer;Chỉ tiêu cơ sở;Dễ;Ngày, CTCK;SCMS;;X;;;;;;;;;;
96;Báo cáo theo Thông tư 121/2020/TT-BTC >> Báo báo tài chính >> Báo cáo lưu chuyển tiền tệ riêng_06611;Lưu chuyển tiền thuần từ hoạt động đầu tư;30;Data Explorer;Chỉ tiêu cơ sở;Dễ;Ngày, CTCK;SCMS;;X;;;;;;;;;;
96;Báo cáo theo Thông tư 121/2020/TT-BTC >> Báo báo tài chính >> Báo cáo lưu chuyển tiền tệ riêng_06611;III. Lưu chuyển tiền từ hoạt động tài chính;;Data Explorer;Chỉ tiêu cơ sở;Dễ;Ngày, CTCK;SCMS;;X;;;;;;;;;;
96;Báo cáo theo Thông tư 121/2020/TT-BTC >> Báo báo tài chính >> Báo cáo lưu chuyển tiền tệ riêng_06611;1.Tiền thu từ phát hành cổ phiếu, nhận vốn góp của chủ sở hữu;31;Data Explorer;Chỉ tiêu cơ sở;Dễ;Ngày, CTCK;SCMS;;X;;;;;;;;;;
96;Báo cáo theo Thông tư 121/2020/TT-BTC >> Báo báo tài chính >> Báo cáo lưu chuyển tiền tệ riêng_06611;2.Tiền chi trả vốn góp cho các chủ sở hữu, mua lại cổ phiếu đã phát hành;32;Data Explorer;Chỉ tiêu cơ sở;Dễ;Ngày, CTCK;SCMS;;X;;;;;;;;;;
96;Báo cáo theo Thông tư 121/2020/TT-BTC >> Báo báo tài chính >> Báo cáo lưu chuyển tiền tệ riêng_06611;3.Tiền vay gốc;33;Data Explorer;Chỉ tiêu cơ sở;Dễ;Ngày, CTCK;SCMS;;X;;;;;;;;;;
96;Báo cáo theo Thông tư 121/2020/TT-BTC >> Báo báo tài chính >> Báo cáo lưu chuyển tiền tệ riêng_06611;3.1. Tiền vay Quỹ Hỗ trợ thanh toán;33,1;Data Explorer;Chỉ tiêu cơ sở;Dễ;Ngày, CTCK;SCMS;;X;;;;;;;;;;
96;Báo cáo theo Thông tư 121/2020/TT-BTC >> Báo báo tài chính >> Báo cáo lưu chuyển tiền tệ riêng_06611;3.2. Tiền vay khác;33,2;Data Explorer;Chỉ tiêu cơ sở;Dễ;Ngày, CTCK;SCMS;;X;;;;;;;;;;
96;Báo cáo theo Thông tư 121/2020/TT-BTC >> Báo báo tài chính >> Báo cáo lưu chuyển tiền tệ riêng_06611;4. Tiền chi trả nợ gốc vay;34;Data Explorer;Chỉ tiêu cơ sở;Dễ;Ngày, CTCK;SCMS;;X;;;;;;;;;;
96;Báo cáo theo Thông tư 121/2020/TT-BTC >> Báo báo tài chính >> Báo cáo lưu chuyển tiền tệ riêng_06611;4.1. Tiền chi trả gốc vay Quỹ Hỗ trợ thanh toán;34,1;Data Explorer;Chỉ tiêu cơ sở;Dễ;Ngày, CTCK;SCMS;;X;;;;;;;;;;
96;Báo cáo theo Thông tư 121/2020/TT-BTC >> Báo báo tài chính >> Báo cáo lưu chuyển tiền tệ riêng_06611;4.2. Tiền chi trả gốc vay tài sản tài chính;34,2;Data Explorer;Chỉ tiêu cơ sở;Dễ;Ngày, CTCK;SCMS;;X;;;;;;;;;;
96;Báo cáo theo Thông tư 121/2020/TT-BTC >> Báo báo tài chính >> Báo cáo lưu chuyển tiền tệ riêng_06611;4.3. Tiền chi trả gốc vay khác;34,3;Data Explorer;Chỉ tiêu cơ sở;Dễ;Ngày, CTCK;SCMS;;X;;;;;;;;;;
96;Báo cáo theo Thông tư 121/2020/TT-BTC >> Báo báo tài chính >> Báo cáo lưu chuyển tiền tệ riêng_06611;5.Tiền chi trả nợ gốc thuê tài chính;35;Data Explorer;Chỉ tiêu cơ sở;Dễ;Ngày, CTCK;SCMS;;X;;;;;;;;;;
96;Báo cáo theo Thông tư 121/2020/TT-BTC >> Báo báo tài chính >> Báo cáo lưu chuyển tiền tệ riêng_06611;6. Cổ tức, lợi nhuận đã trả cho chủ sở hữu;36;Data Explorer;Chỉ tiêu cơ sở;Dễ;Ngày, CTCK;SCMS;;X;;;;;;;;;;
96;Báo cáo theo Thông tư 121/2020/TT-BTC >> Báo báo tài chính >> Báo cáo lưu chuyển tiền tệ riêng_06611;Lưu chuyển tiền thuần từ hoạt động tài chính;40;Data Explorer;Chỉ tiêu cơ sở;Dễ;Ngày, CTCK;SCMS;;X;;;;;;;;;;
96;Báo cáo theo Thông tư 121/2020/TT-BTC >> Báo báo tài chính >> Báo cáo lưu chuyển tiền tệ riêng_06611;IV. Tăng/giảm tiền thuần trong kỳ;50;Data Explorer;Chỉ tiêu cơ sở;Dễ;Ngày, CTCK;SCMS;;X;;;;;;;;;;
96;Báo cáo theo Thông tư 121/2020/TT-BTC >> Báo báo tài chính >> Báo cáo lưu chuyển tiền tệ riêng_06611;V. Tiền và các khoản tương đương tiền đầu kỳ;60;Data Explorer;Chỉ tiêu cơ sở;Dễ;Ngày, CTCK;SCMS;;X;;;;;;;;;;
96;Báo cáo theo Thông tư 121/2020/TT-BTC >> Báo báo tài chính >> Báo cáo lưu chuyển tiền tệ riêng_06611;Tiền ;61;Data Explorer;Chỉ tiêu cơ sở;Dễ;Ngày, CTCK;SCMS;;X;;;;;;;;;;
96;Báo cáo theo Thông tư 121/2020/TT-BTC >> Báo báo tài chính >> Báo cáo lưu chuyển tiền tệ riêng_06611;Các khoản tương đương tiền;62;Data Explorer;Chỉ tiêu cơ sở;Dễ;Ngày, CTCK;SCMS;;X;;;;;;;;;;
96;Báo cáo theo Thông tư 121/2020/TT-BTC >> Báo báo tài chính >> Báo cáo lưu chuyển tiền tệ riêng_06611;Ảnh hưởng của thay đổi tỷ giá hối đoái quy đổi ngoại tệ;63;Data Explorer;Chỉ tiêu cơ sở;Dễ;Ngày, CTCK;SCMS;;X;;;;;;;;;;
96;Báo cáo theo Thông tư 121/2020/TT-BTC >> Báo báo tài chính >> Báo cáo lưu chuyển tiền tệ riêng_06611;VI. Tiền và các khoản tương đương tiền cuối kỳ (70 = 50 + 60);70;Data Explorer;Chỉ tiêu cơ sở;Dễ;Ngày, CTCK;SCMS;;X;;;;;;;;;;
96;Báo cáo theo Thông tư 121/2020/TT-BTC >> Báo báo tài chính >> Báo cáo lưu chuyển tiền tệ riêng_06611;Tiền ;71;Data Explorer;Chỉ tiêu cơ sở;Dễ;Ngày, CTCK;SCMS;;X;;;;;;;;;;
96;Báo cáo theo Thông tư 121/2020/TT-BTC >> Báo báo tài chính >> Báo cáo lưu chuyển tiền tệ riêng_06611;Các khoản tương đương tiền;72;Data Explorer;Chỉ tiêu cơ sở;Dễ;Ngày, CTCK;SCMS;;X;;;;;;;;;;
96;Báo cáo theo Thông tư 121/2020/TT-BTC >> Báo báo tài chính >> Báo cáo lưu chuyển tiền tệ riêng_06611;Ảnh hưởng của thay đổi tỷ giá hối đoái quy đổi ngoại tệ;73;Data Explorer;Chỉ tiêu cơ sở;Dễ;Ngày, CTCK;SCMS;;X;;;;;;;;;;
97;Báo cáo theo Thông tư 121/2020/TT-BTC >> Báo báo tài chính >> Phần lưu chuyển tiền tệ hoạt động môi giới, ủy thác của khách hàng_06612;Loại báo cáo;Loại báo cáo;Data Explorer;Chiều;Dễ;Ngày, CTCK;SCMS;X;X;;;;;;;;;;
97;Báo cáo theo Thông tư 121/2020/TT-BTC >> Báo báo tài chính >> Phần lưu chuyển tiền tệ hoạt động môi giới, ủy thác của khách hàng_06612;Kỳ báo cáo;Kỳ báo cáo;Data Explorer;Chiều;Dễ;Ngày, CTCK;SCMS;X;X;;;;;;;;;;
97;Báo cáo theo Thông tư 121/2020/TT-BTC >> Báo báo tài chính >> Phần lưu chuyển tiền tệ hoạt động môi giới, ủy thác của khách hàng_06612;Mã báo cáo;Mã báo cáo;Data Explorer;Chiều;Dễ;Ngày, CTCK;SCMS;X;X;;;;;;;;;;
97;Báo cáo theo Thông tư 121/2020/TT-BTC >> Báo báo tài chính >> Phần lưu chuyển tiền tệ hoạt động môi giới, ủy thác của khách hàng_06612;Tên báo cáo;Tên báo cáo;Data Explorer;Chiều;Dễ;Ngày, CTCK;SCMS;X;X;;;;;;;;;;
97;Báo cáo theo Thông tư 121/2020/TT-BTC >> Báo báo tài chính >> Phần lưu chuyển tiền tệ hoạt động môi giới, ủy thác của khách hàng_06612;Mã chỉ tiêu;Mã chỉ tiêu;Data Explorer;Chiều;Dễ;Ngày, CTCK;SCMS;X;X;;;;;;;;;;
97;Báo cáo theo Thông tư 121/2020/TT-BTC >> Báo báo tài chính >> Phần lưu chuyển tiền tệ hoạt động môi giới, ủy thác của khách hàng_06612;Tên chỉ tiêu;Tên chỉ tiêu;Data Explorer;Chiều;Dễ;Ngày, CTCK;SCMS;X;X;;;;;;;;;;
97;Báo cáo theo Thông tư 121/2020/TT-BTC >> Báo báo tài chính >> Phần lưu chuyển tiền tệ hoạt động môi giới, ủy thác của khách hàng_06612;I. Lưu chuyển tiền hoạt động môi giới, ủy thác của khách hàng;;Data Explorer;Chỉ tiêu cơ sở;Dễ;Ngày, CTCK;SCMS;;X;;;;;;;;;;
97;Báo cáo theo Thông tư 121/2020/TT-BTC >> Báo báo tài chính >> Phần lưu chuyển tiền tệ hoạt động môi giới, ủy thác của khách hàng_06612;1. Tiền thu bán chứng khoán môi giới cho khách hàng;1;Data Explorer;Chỉ tiêu cơ sở;Dễ;Ngày, CTCK;SCMS;;X;;;;;;;;;;
97;Báo cáo theo Thông tư 121/2020/TT-BTC >> Báo báo tài chính >> Phần lưu chuyển tiền tệ hoạt động môi giới, ủy thác của khách hàng_06612;2. Tiền chi mua chứng khoán môi giới cho khách hàng;2;Data Explorer;Chỉ tiêu cơ sở;Dễ;Ngày, CTCK;SCMS;;X;;;;;;;;;;
97;Báo cáo theo Thông tư 121/2020/TT-BTC >> Báo báo tài chính >> Phần lưu chuyển tiền tệ hoạt động môi giới, ủy thác của khách hàng_06612;3. Tiền thu bán chứng khoán ủy thác của khách hàng;3;Data Explorer;Chỉ tiêu cơ sở;Dễ;Ngày, CTCK;SCMS;;X;;;;;;;;;;
97;Báo cáo theo Thông tư 121/2020/TT-BTC >> Báo báo tài chính >> Phần lưu chuyển tiền tệ hoạt động môi giới, ủy thác của khách hàng_06612;4.Tiền chi mua chứng khoán ủy thác của khách hàng;4;Data Explorer;Chỉ tiêu cơ sở;Dễ;Ngày, CTCK;SCMS;;X;;;;;;;;;;
97;Báo cáo theo Thông tư 121/2020/TT-BTC >> Báo báo tài chính >> Phần lưu chuyển tiền tệ hoạt động môi giới, ủy thác của khách hàng_06612;5. Thu vay Quỹ Hỗ trợ thanh toán;5;Data Explorer;Chỉ tiêu cơ sở;Dễ;Ngày, CTCK;SCMS;;X;;;;;;;;;;
97;Báo cáo theo Thông tư 121/2020/TT-BTC >> Báo báo tài chính >> Phần lưu chuyển tiền tệ hoạt động môi giới, ủy thác của khách hàng_06612;6. Chi trả vay Quỹ Hỗ trợ thanh toán;6;Data Explorer;Chỉ tiêu cơ sở;Dễ;Ngày, CTCK;SCMS;;X;;;;;;;;;;
97;Báo cáo theo Thông tư 121/2020/TT-BTC >> Báo báo tài chính >> Phần lưu chuyển tiền tệ hoạt động môi giới, ủy thác của khách hàng_06612;7. Nhận tiền gửi để thanh toán giao dịch chứng khoán của khách hàng ;7;Data Explorer;Chỉ tiêu cơ sở;Dễ;Ngày, CTCK;SCMS;;X;;;;;;;;;;
97;Báo cáo theo Thông tư 121/2020/TT-BTC >> Báo báo tài chính >> Phần lưu chuyển tiền tệ hoạt động môi giới, ủy thác của khách hàng_06612;8. Nhận tiền gửi của Nhà đầu tư cho hoạt động ủy thác đầu tư của khách hàng;8;Data Explorer;Chỉ tiêu cơ sở;Dễ;Ngày, CTCK;SCMS;;X;;;;;;;;;;
97;Báo cáo theo Thông tư 121/2020/TT-BTC >> Báo báo tài chính >> Phần lưu chuyển tiền tệ hoạt động môi giới, ủy thác của khách hàng_06612;9. Chi trả phí lưu ký chứng khoán của khách hàng;9;Data Explorer;Chỉ tiêu cơ sở;Dễ;Ngày, CTCK;SCMS;;X;;;;;;;;;;
97;Báo cáo theo Thông tư 121/2020/TT-BTC >> Báo báo tài chính >> Phần lưu chuyển tiền tệ hoạt động môi giới, ủy thác của khách hàng_06612;10. Thu lỗi giao dịch chứng khoán;10;Data Explorer;Chỉ tiêu cơ sở;Dễ;Ngày, CTCK;SCMS;;X;;;;;;;;;;
97;Báo cáo theo Thông tư 121/2020/TT-BTC >> Báo báo tài chính >> Phần lưu chuyển tiền tệ hoạt động môi giới, ủy thác của khách hàng_06612;11. Chi lỗi giao dịch chứng khoán;11;Data Explorer;Chỉ tiêu cơ sở;Dễ;Ngày, CTCK;SCMS;;X;;;;;;;;;;
97;Báo cáo theo Thông tư 121/2020/TT-BTC >> Báo báo tài chính >> Phần lưu chuyển tiền tệ hoạt động môi giới, ủy thác của khách hàng_06612;12. Tiền thu của Tổ chức phát hành chứng khoán;12;Data Explorer;Chỉ tiêu cơ sở;Dễ;Ngày, CTCK;SCMS;;X;;;;;;;;;;
97;Báo cáo theo Thông tư 121/2020/TT-BTC >> Báo báo tài chính >> Phần lưu chuyển tiền tệ hoạt động môi giới, ủy thác của khách hàng_06612;13. Tiền chi trả Tổ chức phát hành chứng khoán;13;Data Explorer;Chỉ tiêu cơ sở;Dễ;Ngày, CTCK;SCMS;;X;;;;;;;;;;
97;Báo cáo theo Thông tư 121/2020/TT-BTC >> Báo báo tài chính >> Phần lưu chuyển tiền tệ hoạt động môi giới, ủy thác của khách hàng_06612;Tăng/giảm tiền thuần trong kỳ;20;Data Explorer;Chỉ tiêu cơ sở;Dễ;Ngày, CTCK;SCMS;;X;;;;;;;;;;
97;Báo cáo theo Thông tư 121/2020/TT-BTC >> Báo báo tài chính >> Phần lưu chuyển tiền tệ hoạt động môi giới, ủy thác của khách hàng_06612;II. Tiền và các khoản tương đương tiền đầu kỳ của khách hàng;30;Data Explorer;Chỉ tiêu cơ sở;Dễ;Ngày, CTCK;SCMS;;X;;;;;;;;;;
97;Báo cáo theo Thông tư 121/2020/TT-BTC >> Báo báo tài chính >> Phần lưu chuyển tiền tệ hoạt động môi giới, ủy thác của khách hàng_06612;Tiền gửi ngân hàng đầu kỳ:;31;Data Explorer;Chỉ tiêu cơ sở;Dễ;Ngày, CTCK;SCMS;;X;;;;;;;;;;
97;Báo cáo theo Thông tư 121/2020/TT-BTC >> Báo báo tài chính >> Phần lưu chuyển tiền tệ hoạt động môi giới, ủy thác của khách hàng_06612;-Tiền gửi của Nhà đầu tư về giao dịch chứng khoán theo phương thức CTCK quản lý ;32;Data Explorer;Chỉ tiêu cơ sở;Dễ;Ngày, CTCK;SCMS;;X;;;;;;;;;;
97;Báo cáo theo Thông tư 121/2020/TT-BTC >> Báo báo tài chính >> Phần lưu chuyển tiền tệ hoạt động môi giới, ủy thác của khách hàng_06612;Trong đó có kỳ hạn;32;Data Explorer;Chỉ tiêu cơ sở;Dễ;Ngày, CTCK;SCMS;;X;;;;;;;;;;
97;Báo cáo theo Thông tư 121/2020/TT-BTC >> Báo báo tài chính >> Phần lưu chuyển tiền tệ hoạt động môi giới, ủy thác của khách hàng_06612;- Tiền gửi bù trừ và thanh toán giao dịch chứng khoán;33;Data Explorer;Chỉ tiêu cơ sở;Dễ;Ngày, CTCK;SCMS;;X;;;;;;;;;;
97;Báo cáo theo Thông tư 121/2020/TT-BTC >> Báo báo tài chính >> Phần lưu chuyển tiền tệ hoạt động môi giới, ủy thác của khách hàng_06612;- Tiền gửi tổng hợp giao dịch chứng khoán cho khách hàng ;34;Data Explorer;Chỉ tiêu cơ sở;Dễ;Ngày, CTCK;SCMS;;X;;;;;;;;;;
97;Báo cáo theo Thông tư 121/2020/TT-BTC >> Báo báo tài chính >> Phần lưu chuyển tiền tệ hoạt động môi giới, ủy thác của khách hàng_06612;-Tiền gửi của tổ chức phát hành;35;Data Explorer;Chỉ tiêu cơ sở;Dễ;Ngày, CTCK;SCMS;;X;;;;;;;;;;
97;Báo cáo theo Thông tư 121/2020/TT-BTC >> Báo báo tài chính >> Phần lưu chuyển tiền tệ hoạt động môi giới, ủy thác của khách hàng_06612;Trong đó có kỳ hạn;35;Data Explorer;Chỉ tiêu cơ sở;Dễ;Ngày, CTCK;SCMS;;X;;;;;;;;;;
97;Báo cáo theo Thông tư 121/2020/TT-BTC >> Báo báo tài chính >> Phần lưu chuyển tiền tệ hoạt động môi giới, ủy thác của khách hàng_06612;Các khoản tương đương tiền;36;Data Explorer;Chỉ tiêu cơ sở;Dễ;Ngày, CTCK;SCMS;;X;;;;;;;;;;
97;Báo cáo theo Thông tư 121/2020/TT-BTC >> Báo báo tài chính >> Phần lưu chuyển tiền tệ hoạt động môi giới, ủy thác của khách hàng_06612;Ảnh hưởng của thay đổi tỷ giá hối đoái quy đổi ngoại tệ;37;Data Explorer;Chỉ tiêu cơ sở;Dễ;Ngày, CTCK;SCMS;;X;;;;;;;;;;
97;Báo cáo theo Thông tư 121/2020/TT-BTC >> Báo báo tài chính >> Phần lưu chuyển tiền tệ hoạt động môi giới, ủy thác của khách hàng_06612;III. Tiền và các khoản tương đương tiền cuối kỳ của khách hàng (40 = 20 + 30);40;Data Explorer;Chỉ tiêu cơ sở;Dễ;Ngày, CTCK;SCMS;;X;;;;;;;;;;
97;Báo cáo theo Thông tư 121/2020/TT-BTC >> Báo báo tài chính >> Phần lưu chuyển tiền tệ hoạt động môi giới, ủy thác của khách hàng_06612;Tiền gửi ngân hàng cuối kỳ:;41;Data Explorer;Chỉ tiêu cơ sở;Dễ;Ngày, CTCK;SCMS;;X;;;;;;;;;;
97;Báo cáo theo Thông tư 121/2020/TT-BTC >> Báo báo tài chính >> Phần lưu chuyển tiền tệ hoạt động môi giới, ủy thác của khách hàng_06612;-Tiền gửi của Nhà đầu tư về giao dịch chứng khoán theo phương thức CTCK quản lý ;42;Data Explorer;Chỉ tiêu cơ sở;Dễ;Ngày, CTCK;SCMS;;X;;;;;;;;;;
97;Báo cáo theo Thông tư 121/2020/TT-BTC >> Báo báo tài chính >> Phần lưu chuyển tiền tệ hoạt động môi giới, ủy thác của khách hàng_06612;Trong đó có kỳ hạn;42;Data Explorer;Chỉ tiêu cơ sở;Dễ;Ngày, CTCK;SCMS;;X;;;;;;;;;;
97;Báo cáo theo Thông tư 121/2020/TT-BTC >> Báo báo tài chính >> Phần lưu chuyển tiền tệ hoạt động môi giới, ủy thác của khách hàng_06612;- Tiền gửi tổng hợp giao dịch chứng khoán cho khách hàng ;43;Data Explorer;Chỉ tiêu cơ sở;Dễ;Ngày, CTCK;SCMS;;X;;;;;;;;;;
97;Báo cáo theo Thông tư 121/2020/TT-BTC >> Báo báo tài chính >> Phần lưu chuyển tiền tệ hoạt động môi giới, ủy thác của khách hàng_06612;- Tiền gửi bù trừ và thanh toán giao dịch chứng khoán;44;Data Explorer;Chỉ tiêu cơ sở;Dễ;Ngày, CTCK;SCMS;;X;;;;;;;;;;
97;Báo cáo theo Thông tư 121/2020/TT-BTC >> Báo báo tài chính >> Phần lưu chuyển tiền tệ hoạt động môi giới, ủy thác của khách hàng_06612;-Tiền gửi của tổ chức phát hành;45;Data Explorer;Chỉ tiêu cơ sở;Dễ;Ngày, CTCK;SCMS;;X;;;;;;;;;;
97;Báo cáo theo Thông tư 121/2020/TT-BTC >> Báo báo tài chính >> Phần lưu chuyển tiền tệ hoạt động môi giới, ủy thác của khách hàng_06612;Trong đó có kỳ hạn;45;Data Explorer;Chỉ tiêu cơ sở;Dễ;Ngày, CTCK;SCMS;;X;;;;;;;;;;
97;Báo cáo theo Thông tư 121/2020/TT-BTC >> Báo báo tài chính >> Phần lưu chuyển tiền tệ hoạt động môi giới, ủy thác của khách hàng_06612;Các khoản tương đương tiền;46;Data Explorer;Chỉ tiêu cơ sở;Dễ;Ngày, CTCK;SCMS;;X;;;;;;;;;;
97;Báo cáo theo Thông tư 121/2020/TT-BTC >> Báo báo tài chính >> Phần lưu chuyển tiền tệ hoạt động môi giới, ủy thác của khách hàng_06612;Ảnh hưởng của thay đổi tỷ giá hối đoái quy đổi ngoại tệ;47;Data Explorer;Chỉ tiêu cơ sở;Dễ;Ngày, CTCK;SCMS;;X;;;;;;;;;;
98;Báo cáo theo Thông tư 121/2020/TT-BTC >> Báo báo tài chính >> Báo cáo lưu chuyển tiền tệ riêng_06613;Loại báo cáo;Loại báo cáo;Data Explorer;Chiều;Dễ;Ngày, CTCK;SCMS;X;X;;;;;;;;;;
98;Báo cáo theo Thông tư 121/2020/TT-BTC >> Báo báo tài chính >> Báo cáo lưu chuyển tiền tệ riêng_06613;Kỳ báo cáo;Kỳ báo cáo;Data Explorer;Chiều;Dễ;Ngày, CTCK;SCMS;X;X;;;;;;;;;;
98;Báo cáo theo Thông tư 121/2020/TT-BTC >> Báo báo tài chính >> Báo cáo lưu chuyển tiền tệ riêng_06613;Mã báo cáo;Mã báo cáo;Data Explorer;Chiều;Dễ;Ngày, CTCK;SCMS;X;X;;;;;;;;;;
98;Báo cáo theo Thông tư 121/2020/TT-BTC >> Báo báo tài chính >> Báo cáo lưu chuyển tiền tệ riêng_06613;Tên báo cáo;Tên báo cáo;Data Explorer;Chiều;Dễ;Ngày, CTCK;SCMS;X;X;;;;;;;;;;
98;Báo cáo theo Thông tư 121/2020/TT-BTC >> Báo báo tài chính >> Báo cáo lưu chuyển tiền tệ riêng_06613;Mã chỉ tiêu;Mã chỉ tiêu;Data Explorer;Chiều;Dễ;Ngày, CTCK;SCMS;X;X;;;;;;;;;;
98;Báo cáo theo Thông tư 121/2020/TT-BTC >> Báo báo tài chính >> Báo cáo lưu chuyển tiền tệ riêng_06613;Tên chỉ tiêu;Tên chỉ tiêu;Data Explorer;Chiều;Dễ;Ngày, CTCK;SCMS;X;X;;;;;;;;;;
98;Báo cáo theo Thông tư 121/2020/TT-BTC >> Báo báo tài chính >> Báo cáo lưu chuyển tiền tệ riêng_06613;I. Lưu chuyển tiền từ hoạt động kinh doanh;;Data Explorer;Chỉ tiêu cơ sở;Dễ;Ngày, CTCK;SCMS;;X;;;;;;;;;;
98;Báo cáo theo Thông tư 121/2020/TT-BTC >> Báo báo tài chính >> Báo cáo lưu chuyển tiền tệ riêng_06613;1. Lợi nhuận trước Thuế Thu nhập doanh nghiệp;1;Data Explorer;Chỉ tiêu cơ sở;Dễ;Ngày, CTCK;SCMS;;X;;;;;;;;;;
98;Báo cáo theo Thông tư 121/2020/TT-BTC >> Báo báo tài chính >> Báo cáo lưu chuyển tiền tệ riêng_06613;2. Điều chỉnh cho các khoản: ;2;Data Explorer;Chỉ tiêu cơ sở;Dễ;Ngày, CTCK;SCMS;;X;;;;;;;;;;
98;Báo cáo theo Thông tư 121/2020/TT-BTC >> Báo báo tài chính >> Báo cáo lưu chuyển tiền tệ riêng_06613;- Khấu hao TSCĐ;3;Data Explorer;Chỉ tiêu cơ sở;Dễ;Ngày, CTCK;SCMS;;X;;;;;;;;;;
98;Báo cáo theo Thông tư 121/2020/TT-BTC >> Báo báo tài chính >> Báo cáo lưu chuyển tiền tệ riêng_06613;- Các khoản dự phòng;4;Data Explorer;Chỉ tiêu cơ sở;Dễ;Ngày, CTCK;SCMS;;X;;;;;;;;;;
98;Báo cáo theo Thông tư 121/2020/TT-BTC >> Báo báo tài chính >> Báo cáo lưu chuyển tiền tệ riêng_06613;(- Lãi) hoặc (+ lỗ) chênh lệch tỷ giá hối đoái chưa thực hiện.;5;Data Explorer;Chỉ tiêu cơ sở;Dễ;Ngày, CTCK;SCMS;;X;;;;;;;;;;
98;Báo cáo theo Thông tư 121/2020/TT-BTC >> Báo báo tài chính >> Báo cáo lưu chuyển tiền tệ riêng_06613;- Chi phí lãi vay;6;Data Explorer;Chỉ tiêu cơ sở;Dễ;Ngày, CTCK;SCMS;;X;;;;;;;;;;
98;Báo cáo theo Thông tư 121/2020/TT-BTC >> Báo báo tài chính >> Báo cáo lưu chuyển tiền tệ riêng_06613;- Lãi, lỗ từ hoạt động đầu tư ;7;Data Explorer;Chỉ tiêu cơ sở;Dễ;Ngày, CTCK;SCMS;;X;;;;;;;;;;
98;Báo cáo theo Thông tư 121/2020/TT-BTC >> Báo báo tài chính >> Báo cáo lưu chuyển tiền tệ riêng_06613;- Dự thu tiền lãi ;8;Data Explorer;Chỉ tiêu cơ sở;Dễ;Ngày, CTCK;SCMS;;X;;;;;;;;;;
98;Báo cáo theo Thông tư 121/2020/TT-BTC >> Báo báo tài chính >> Báo cáo lưu chuyển tiền tệ riêng_06613;- Các khoản điều chỉnh khác ;9;Data Explorer;Chỉ tiêu cơ sở;Dễ;Ngày, CTCK;SCMS;;X;;;;;;;;;;
98;Báo cáo theo Thông tư 121/2020/TT-BTC >> Báo báo tài chính >> Báo cáo lưu chuyển tiền tệ riêng_06613;3. Tăng các chi phí phi tiền tệ;10;Data Explorer;Chỉ tiêu cơ sở;Dễ;Ngày, CTCK;SCMS;;X;;;;;;;;;;
98;Báo cáo theo Thông tư 121/2020/TT-BTC >> Báo báo tài chính >> Báo cáo lưu chuyển tiền tệ riêng_06613;- Lỗ đánh giá lại giá trị các tài sản tài chính ghi nhận thông qua lãi/lỗ FVTPL;11;Data Explorer;Chỉ tiêu cơ sở;Dễ;Ngày, CTCK;SCMS;;X;;;;;;;;;;
98;Báo cáo theo Thông tư 121/2020/TT-BTC >> Báo báo tài chính >> Báo cáo lưu chuyển tiền tệ riêng_06613;- Lỗ suy giảm giá trị Các khoản đầu tư nắm giữ đến ngày đáo hạn (HTM);12;Data Explorer;Chỉ tiêu cơ sở;Dễ;Ngày, CTCK;SCMS;;X;;;;;;;;;;
98;Báo cáo theo Thông tư 121/2020/TT-BTC >> Báo báo tài chính >> Báo cáo lưu chuyển tiền tệ riêng_06613;- Lỗ suy giảm giá trị Các khoản cho vay;13;Data Explorer;Chỉ tiêu cơ sở;Dễ;Ngày, CTCK;SCMS;;X;;;;;;;;;;
98;Báo cáo theo Thông tư 121/2020/TT-BTC >> Báo báo tài chính >> Báo cáo lưu chuyển tiền tệ riêng_06613;- Lỗ về ghi nhận chênh lệch đánh giá theo giá trị hợp lý TSTC sẵn sàng để bán AFS khi phân loại lại;14;Data Explorer;Chỉ tiêu cơ sở;Dễ;Ngày, CTCK;SCMS;;X;;;;;;;;;;
98;Báo cáo theo Thông tư 121/2020/TT-BTC >> Báo báo tài chính >> Báo cáo lưu chuyển tiền tệ riêng_06613;- Suy giảm giá trị của các tài sản cố định, BĐSĐT ;15;Data Explorer;Chỉ tiêu cơ sở;Dễ;Ngày, CTCK;SCMS;;X;;;;;;;;;;
98;Báo cáo theo Thông tư 121/2020/TT-BTC >> Báo báo tài chính >> Báo cáo lưu chuyển tiền tệ riêng_06613;- Chi phí dự phòng suy giảm giá trị các khoản đầu tư tài chính dài hạn;16;Data Explorer;Chỉ tiêu cơ sở;Dễ;Ngày, CTCK;SCMS;;X;;;;;;;;;;
98;Báo cáo theo Thông tư 121/2020/TT-BTC >> Báo báo tài chính >> Báo cáo lưu chuyển tiền tệ riêng_06613;-   Lỗ khác;17;Data Explorer;Chỉ tiêu cơ sở;Dễ;Ngày, CTCK;SCMS;;X;;;;;;;;;;
98;Báo cáo theo Thông tư 121/2020/TT-BTC >> Báo báo tài chính >> Báo cáo lưu chuyển tiền tệ riêng_06613;4. Giảm các doanh thu phi tiền tệ;18;Data Explorer;Chỉ tiêu cơ sở;Dễ;Ngày, CTCK;SCMS;;X;;;;;;;;;;
98;Báo cáo theo Thông tư 121/2020/TT-BTC >> Báo báo tài chính >> Báo cáo lưu chuyển tiền tệ riêng_06613;-  Lãi đánh giá lại giá trị các tài sản tài chính ghi nhận thông qua lãi/lỗ FVTPL;19;Data Explorer;Chỉ tiêu cơ sở;Dễ;Ngày, CTCK;SCMS;;X;;;;;;;;;;
98;Báo cáo theo Thông tư 121/2020/TT-BTC >> Báo báo tài chính >> Báo cáo lưu chuyển tiền tệ riêng_06613;-  Lãi về ghi nhận chênh lệch đánh giá theo giá trị hợp lý TSTC sẵn sàng để bán (AFS) khi phân loại lại;20;Data Explorer;Chỉ tiêu cơ sở;Dễ;Ngày, CTCK;SCMS;;X;;;;;;;;;;
98;Báo cáo theo Thông tư 121/2020/TT-BTC >> Báo báo tài chính >> Báo cáo lưu chuyển tiền tệ riêng_06613;- Lãi khác;21;Data Explorer;Chỉ tiêu cơ sở;Dễ;Ngày, CTCK;SCMS;;X;;;;;;;;;;
98;Báo cáo theo Thông tư 121/2020/TT-BTC >> Báo báo tài chính >> Báo cáo lưu chuyển tiền tệ riêng_06613;5. Lợi nhuận từ hoạt động kinh doanh trước thay đổi vốn lưu động;30;Data Explorer;Chỉ tiêu cơ sở;Dễ;Ngày, CTCK;SCMS;;X;;;;;;;;;;
98;Báo cáo theo Thông tư 121/2020/TT-BTC >> Báo báo tài chính >> Báo cáo lưu chuyển tiền tệ riêng_06613;-  Tăng (giảm) tài sản tài chính ghi nhận thông qua lãi/lỗ FVTPL;31;Data Explorer;Chỉ tiêu cơ sở;Dễ;Ngày, CTCK;SCMS;;X;;;;;;;;;;
98;Báo cáo theo Thông tư 121/2020/TT-BTC >> Báo báo tài chính >> Báo cáo lưu chuyển tiền tệ riêng_06613;-  Tăng (giảm) Các khoản đầu tư nắm giữ đến ngày đáo hạn (HTM);32;Data Explorer;Chỉ tiêu cơ sở;Dễ;Ngày, CTCK;SCMS;;X;;;;;;;;;;
98;Báo cáo theo Thông tư 121/2020/TT-BTC >> Báo báo tài chính >> Báo cáo lưu chuyển tiền tệ riêng_06613;-  Tăng (giảm) Các khoản cho vay ;33;Data Explorer;Chỉ tiêu cơ sở;Dễ;Ngày, CTCK;SCMS;;X;;;;;;;;;;
98;Báo cáo theo Thông tư 121/2020/TT-BTC >> Báo báo tài chính >> Báo cáo lưu chuyển tiền tệ riêng_06613;-  Tăng (giảm) tài sản tài chính sẵn sàng để bán AFS ;34;Data Explorer;Chỉ tiêu cơ sở;Dễ;Ngày, CTCK;SCMS;;X;;;;;;;;;;
98;Báo cáo theo Thông tư 121/2020/TT-BTC >> Báo báo tài chính >> Báo cáo lưu chuyển tiền tệ riêng_06613;(-) Tăng, (+) giảm phải thu bán các tài sản tài chính;35;Data Explorer;Chỉ tiêu cơ sở;Dễ;Ngày, CTCK;SCMS;;X;;;;;;;;;;
98;Báo cáo theo Thông tư 121/2020/TT-BTC >> Báo báo tài chính >> Báo cáo lưu chuyển tiền tệ riêng_06613;(-) Tăng, (+) giảm phải thu và dự thu cổ tức, tiền lãi các tài sản tài chính;36;Data Explorer;Chỉ tiêu cơ sở;Dễ;Ngày, CTCK;SCMS;;X;;;;;;;;;;
98;Báo cáo theo Thông tư 121/2020/TT-BTC >> Báo báo tài chính >> Báo cáo lưu chuyển tiền tệ riêng_06613;(-) Tăng, (+) giảm các khoản phải thu các dịch vụ CTCK cung cấp;37;Data Explorer;Chỉ tiêu cơ sở;Dễ;Ngày, CTCK;SCMS;;X;;;;;;;;;;
98;Báo cáo theo Thông tư 121/2020/TT-BTC >> Báo báo tài chính >> Báo cáo lưu chuyển tiền tệ riêng_06613;(-) Tăng, (+) giảm các khoản phải thu về lỗi giao dịch các TSTC;38;Data Explorer;Chỉ tiêu cơ sở;Dễ;Ngày, CTCK;SCMS;;X;;;;;;;;;;
98;Báo cáo theo Thông tư 121/2020/TT-BTC >> Báo báo tài chính >> Báo cáo lưu chuyển tiền tệ riêng_06613;(-) Tăng, (+) giảm các khoản phải thu khác;39;Data Explorer;Chỉ tiêu cơ sở;Dễ;Ngày, CTCK;SCMS;;X;;;;;;;;;;
98;Báo cáo theo Thông tư 121/2020/TT-BTC >> Báo báo tài chính >> Báo cáo lưu chuyển tiền tệ riêng_06613;-  Tăng (giảm) các tài sản khác;40;Data Explorer;Chỉ tiêu cơ sở;Dễ;Ngày, CTCK;SCMS;;X;;;;;;;;;;
98;Báo cáo theo Thông tư 121/2020/TT-BTC >> Báo báo tài chính >> Báo cáo lưu chuyển tiền tệ riêng_06613;- Tăng (giảm) chi phí phải trả (không bao gồm chi phí lãi vay);41;Data Explorer;Chỉ tiêu cơ sở;Dễ;Ngày, CTCK;SCMS;;X;;;;;;;;;;
98;Báo cáo theo Thông tư 121/2020/TT-BTC >> Báo báo tài chính >> Báo cáo lưu chuyển tiền tệ riêng_06613;- Tăng (giảm)  chi phí trả trước;42;Data Explorer;Chỉ tiêu cơ sở;Dễ;Ngày, CTCK;SCMS;;X;;;;;;;;;;
98;Báo cáo theo Thông tư 121/2020/TT-BTC >> Báo báo tài chính >> Báo cáo lưu chuyển tiền tệ riêng_06613;(-) Thuế TNDN đã nộp ;43;Data Explorer;Chỉ tiêu cơ sở;Dễ;Ngày, CTCK;SCMS;;X;;;;;;;;;;
98;Báo cáo theo Thông tư 121/2020/TT-BTC >> Báo báo tài chính >> Báo cáo lưu chuyển tiền tệ riêng_06613;(-) Lãi vay đã trả;44;Data Explorer;Chỉ tiêu cơ sở;Dễ;Ngày, CTCK;SCMS;;X;;;;;;;;;;
98;Báo cáo theo Thông tư 121/2020/TT-BTC >> Báo báo tài chính >> Báo cáo lưu chuyển tiền tệ riêng_06613;-  Tăng (giảm) phải trả cho người bán;45;Data Explorer;Chỉ tiêu cơ sở;Dễ;Ngày, CTCK;SCMS;;X;;;;;;;;;;
98;Báo cáo theo Thông tư 121/2020/TT-BTC >> Báo báo tài chính >> Báo cáo lưu chuyển tiền tệ riêng_06613;-  Tăng (giảm) các khoản trích nộp phúc lợi nhân viên;46;Data Explorer;Chỉ tiêu cơ sở;Dễ;Ngày, CTCK;SCMS;;X;;;;;;;;;;
98;Báo cáo theo Thông tư 121/2020/TT-BTC >> Báo báo tài chính >> Báo cáo lưu chuyển tiền tệ riêng_06613;-  Tăng (giảm) thuế và các khoản phải nộp Nhà nước (Không bao gồm thuế TNDN đã nộp);47;Data Explorer;Chỉ tiêu cơ sở;Dễ;Ngày, CTCK;SCMS;;X;;;;;;;;;;
98;Báo cáo theo Thông tư 121/2020/TT-BTC >> Báo báo tài chính >> Báo cáo lưu chuyển tiền tệ riêng_06613;-  Tăng (giảm) phải trả người lao động;48;Data Explorer;Chỉ tiêu cơ sở;Dễ;Ngày, CTCK;SCMS;;X;;;;;;;;;;
98;Báo cáo theo Thông tư 121/2020/TT-BTC >> Báo báo tài chính >> Báo cáo lưu chuyển tiền tệ riêng_06613;- Tăng (giảm) phải trả về lỗi giao dịch các TSTC;49;Data Explorer;Chỉ tiêu cơ sở;Dễ;Ngày, CTCK;SCMS;;X;;;;;;;;;;
98;Báo cáo theo Thông tư 121/2020/TT-BTC >> Báo báo tài chính >> Báo cáo lưu chuyển tiền tệ riêng_06613;-  Tăng (giảm) phải trả, phải nộp khác;50;Data Explorer;Chỉ tiêu cơ sở;Dễ;Ngày, CTCK;SCMS;;X;;;;;;;;;;
98;Báo cáo theo Thông tư 121/2020/TT-BTC >> Báo báo tài chính >> Báo cáo lưu chuyển tiền tệ riêng_06613;- Tiền thu khác từ hoạt động kinh doanh;51;Data Explorer;Chỉ tiêu cơ sở;Dễ;Ngày, CTCK;SCMS;;X;;;;;;;;;;
98;Báo cáo theo Thông tư 121/2020/TT-BTC >> Báo báo tài chính >> Báo cáo lưu chuyển tiền tệ riêng_06613;- Tiền chi khác cho hoạt động kinh doanh;52;Data Explorer;Chỉ tiêu cơ sở;Dễ;Ngày, CTCK;SCMS;;X;;;;;;;;;;
98;Báo cáo theo Thông tư 121/2020/TT-BTC >> Báo báo tài chính >> Báo cáo lưu chuyển tiền tệ riêng_06613;Lưu chuyển tiền thuần từ hoạt động kinh doanh;60;Data Explorer;Chỉ tiêu cơ sở;Dễ;Ngày, CTCK;SCMS;;X;;;;;;;;;;
98;Báo cáo theo Thông tư 121/2020/TT-BTC >> Báo báo tài chính >> Báo cáo lưu chuyển tiền tệ riêng_06613;II. Lưu chuyển tiền từ hoạt động đầu tư;;Data Explorer;Chỉ tiêu cơ sở;Dễ;Ngày, CTCK;SCMS;;X;;;;;;;;;;
98;Báo cáo theo Thông tư 121/2020/TT-BTC >> Báo báo tài chính >> Báo cáo lưu chuyển tiền tệ riêng_06613;1. Tiền chi để mua sắm, xây dựng TSCĐ, BĐSĐT và các tài sản khác;61;Data Explorer;Chỉ tiêu cơ sở;Dễ;Ngày, CTCK;SCMS;;X;;;;;;;;;;
98;Báo cáo theo Thông tư 121/2020/TT-BTC >> Báo báo tài chính >> Báo cáo lưu chuyển tiền tệ riêng_06613;2. Tiền thu từ thanh lý, nhượng bán TSCĐ, BĐSĐT và các tài sản khác;62;Data Explorer;Chỉ tiêu cơ sở;Dễ;Ngày, CTCK;SCMS;;X;;;;;;;;;;
98;Báo cáo theo Thông tư 121/2020/TT-BTC >> Báo báo tài chính >> Báo cáo lưu chuyển tiền tệ riêng_06613;3. Tiền chi đầu tư vốn vào công ty con, công ty liên doanh, liên kết và đầu tư khác;63;Data Explorer;Chỉ tiêu cơ sở;Dễ;Ngày, CTCK;SCMS;;X;;;;;;;;;;
98;Báo cáo theo Thông tư 121/2020/TT-BTC >> Báo báo tài chính >> Báo cáo lưu chuyển tiền tệ riêng_06613;4. Tiền thu hồi các khoản đầu tư vào công ty con, công ty liên doanh, liên kết và đầu tư khác;64;Data Explorer;Chỉ tiêu cơ sở;Dễ;Ngày, CTCK;SCMS;;X;;;;;;;;;;
98;Báo cáo theo Thông tư 121/2020/TT-BTC >> Báo báo tài chính >> Báo cáo lưu chuyển tiền tệ riêng_06613;5. Tiền thu về cổ tức và lợi nhuận được chia từ các khoản đầu tư tài chính dài hạn;65;Data Explorer;Chỉ tiêu cơ sở;Dễ;Ngày, CTCK;SCMS;;X;;;;;;;;;;
98;Báo cáo theo Thông tư 121/2020/TT-BTC >> Báo báo tài chính >> Báo cáo lưu chuyển tiền tệ riêng_06613;Lưu chuyển tiền thuần từ hoạt động đầu tư;70;Data Explorer;Chỉ tiêu cơ sở;Dễ;Ngày, CTCK;SCMS;;X;;;;;;;;;;
98;Báo cáo theo Thông tư 121/2020/TT-BTC >> Báo báo tài chính >> Báo cáo lưu chuyển tiền tệ riêng_06613;III. Lưu chuyển tiền từ hoạt động tài chính;;Data Explorer;Chỉ tiêu cơ sở;Dễ;Ngày, CTCK;SCMS;;X;;;;;;;;;;
98;Báo cáo theo Thông tư 121/2020/TT-BTC >> Báo báo tài chính >> Báo cáo lưu chuyển tiền tệ riêng_06613;1.Tiền thu từ phát hành cổ phiếu, nhận vốn góp của chủ sở hữu;71;Data Explorer;Chỉ tiêu cơ sở;Dễ;Ngày, CTCK;SCMS;;X;;;;;;;;;;
98;Báo cáo theo Thông tư 121/2020/TT-BTC >> Báo báo tài chính >> Báo cáo lưu chuyển tiền tệ riêng_06613;2. Tiền chi trả vốn góp cho chủ sở hữu, mua lại cổ phiếu phát hành;72;Data Explorer;Chỉ tiêu cơ sở;Dễ;Ngày, CTCK;SCMS;;X;;;;;;;;;;
98;Báo cáo theo Thông tư 121/2020/TT-BTC >> Báo báo tài chính >> Báo cáo lưu chuyển tiền tệ riêng_06613;3. Tiền vay gốc;73;Data Explorer;Chỉ tiêu cơ sở;Dễ;Ngày, CTCK;SCMS;;X;;;;;;;;;;
98;Báo cáo theo Thông tư 121/2020/TT-BTC >> Báo báo tài chính >> Báo cáo lưu chuyển tiền tệ riêng_06613;3.1. Tiền vay Quỹ Hỗ trợ thanh toán;73,1;Data Explorer;Chỉ tiêu cơ sở;Dễ;Ngày, CTCK;SCMS;;X;;;;;;;;;;
98;Báo cáo theo Thông tư 121/2020/TT-BTC >> Báo báo tài chính >> Báo cáo lưu chuyển tiền tệ riêng_06613;3.2. Tiền vay khác;73,2;Data Explorer;Chỉ tiêu cơ sở;Dễ;Ngày, CTCK;SCMS;;X;;;;;;;;;;
98;Báo cáo theo Thông tư 121/2020/TT-BTC >> Báo báo tài chính >> Báo cáo lưu chuyển tiền tệ riêng_06613;4. Tiền chi trả nợ gốc vay;74;Data Explorer;Chỉ tiêu cơ sở;Dễ;Ngày, CTCK;SCMS;;X;;;;;;;;;;
98;Báo cáo theo Thông tư 121/2020/TT-BTC >> Báo báo tài chính >> Báo cáo lưu chuyển tiền tệ riêng_06613;4.1. Tiền chi trả gốc vay Quỹ Hỗ trợ thanh toán;74,1;Data Explorer;Chỉ tiêu cơ sở;Dễ;Ngày, CTCK;SCMS;;X;;;;;;;;;;
98;Báo cáo theo Thông tư 121/2020/TT-BTC >> Báo báo tài chính >> Báo cáo lưu chuyển tiền tệ riêng_06613;4.2. Tiền chi trả nợ gốc vay tài sản tài chính;74,2;Data Explorer;Chỉ tiêu cơ sở;Dễ;Ngày, CTCK;SCMS;;X;;;;;;;;;;
98;Báo cáo theo Thông tư 121/2020/TT-BTC >> Báo báo tài chính >> Báo cáo lưu chuyển tiền tệ riêng_06613;4.3. Tiền chi trả gốc vay khác;74,3;Data Explorer;Chỉ tiêu cơ sở;Dễ;Ngày, CTCK;SCMS;;X;;;;;;;;;;
98;Báo cáo theo Thông tư 121/2020/TT-BTC >> Báo báo tài chính >> Báo cáo lưu chuyển tiền tệ riêng_06613;5. Tiền chi trả nợ gốc thuê tài chính;75;Data Explorer;Chỉ tiêu cơ sở;Dễ;Ngày, CTCK;SCMS;;X;;;;;;;;;;
98;Báo cáo theo Thông tư 121/2020/TT-BTC >> Báo báo tài chính >> Báo cáo lưu chuyển tiền tệ riêng_06613;6. Cổ tức, lợi nhuận đã trả cho chủ sở hữu;76;Data Explorer;Chỉ tiêu cơ sở;Dễ;Ngày, CTCK;SCMS;;X;;;;;;;;;;
98;Báo cáo theo Thông tư 121/2020/TT-BTC >> Báo báo tài chính >> Báo cáo lưu chuyển tiền tệ riêng_06613;Lưu chuyển tiền thuần từ hoạt động tài chính;80;Data Explorer;Chỉ tiêu cơ sở;Dễ;Ngày, CTCK;SCMS;;X;;;;;;;;;;
98;Báo cáo theo Thông tư 121/2020/TT-BTC >> Báo báo tài chính >> Báo cáo lưu chuyển tiền tệ riêng_06613;IV. Tăng/giảm tiền thuần trong kỳ;90;Data Explorer;Chỉ tiêu cơ sở;Dễ;Ngày, CTCK;SCMS;;X;;;;;;;;;;
98;Báo cáo theo Thông tư 121/2020/TT-BTC >> Báo báo tài chính >> Báo cáo lưu chuyển tiền tệ riêng_06613;V. Tiền và các khoản tương đương tiền đầu kỳ;101;Data Explorer;Chỉ tiêu cơ sở;Dễ;Ngày, CTCK;SCMS;;X;;;;;;;;;;
98;Báo cáo theo Thông tư 121/2020/TT-BTC >> Báo báo tài chính >> Báo cáo lưu chuyển tiền tệ riêng_06613;- Tiền ;101,1;Data Explorer;Chỉ tiêu cơ sở;Dễ;Ngày, CTCK;SCMS;;X;;;;;;;;;;
98;Báo cáo theo Thông tư 121/2020/TT-BTC >> Báo báo tài chính >> Báo cáo lưu chuyển tiền tệ riêng_06613;- Các khoản tương đương tiền;101,2;Data Explorer;Chỉ tiêu cơ sở;Dễ;Ngày, CTCK;SCMS;;X;;;;;;;;;;
98;Báo cáo theo Thông tư 121/2020/TT-BTC >> Báo báo tài chính >> Báo cáo lưu chuyển tiền tệ riêng_06613;- Ảnh hưởng của thay đổi tỷ giá hối đoái quy đổi ngoại tệ;102;Data Explorer;Chỉ tiêu cơ sở;Dễ;Ngày, CTCK;SCMS;;X;;;;;;;;;;
98;Báo cáo theo Thông tư 121/2020/TT-BTC >> Báo báo tài chính >> Báo cáo lưu chuyển tiền tệ riêng_06613;VI. Tiền và các khoản tương đương tiền cuối kỳ;103;Data Explorer;Chỉ tiêu cơ sở;Dễ;Ngày, CTCK;SCMS;;X;;;;;;;;;;
98;Báo cáo theo Thông tư 121/2020/TT-BTC >> Báo báo tài chính >> Báo cáo lưu chuyển tiền tệ riêng_06613;- Tiền ;103,1;Data Explorer;Chỉ tiêu cơ sở;Dễ;Ngày, CTCK;SCMS;;X;;;;;;;;;;
98;Báo cáo theo Thông tư 121/2020/TT-BTC >> Báo báo tài chính >> Báo cáo lưu chuyển tiền tệ riêng_06613;- Các khoản tương đương tiền;103,2;Data Explorer;Chỉ tiêu cơ sở;Dễ;Ngày, CTCK;SCMS;;X;;;;;;;;;;
98;Báo cáo theo Thông tư 121/2020/TT-BTC >> Báo báo tài chính >> Báo cáo lưu chuyển tiền tệ riêng_06613;- Ảnh hưởng của thay đổi tỷ giá hối đoái quy đổi ngoại tệ;104;Data Explorer;Chỉ tiêu cơ sở;Dễ;Ngày, CTCK;SCMS;;X;;;;;;;;;;
99;Báo cáo theo Thông tư 121/2020/TT-BTC >> Báo báo tài chính >> Phần lưu chuyển tiền tệ hoạt động môi giới, ủy thác của khách hàng_06614;Loại báo cáo;Loại báo cáo;Data Explorer;Chiều;Dễ;Ngày, CTCK;SCMS;X;X;;;;;;;;;;
99;Báo cáo theo Thông tư 121/2020/TT-BTC >> Báo báo tài chính >> Phần lưu chuyển tiền tệ hoạt động môi giới, ủy thác của khách hàng_06614;Kỳ báo cáo;Kỳ báo cáo;Data Explorer;Chiều;Dễ;Ngày, CTCK;SCMS;X;X;;;;;;;;;;
99;Báo cáo theo Thông tư 121/2020/TT-BTC >> Báo báo tài chính >> Phần lưu chuyển tiền tệ hoạt động môi giới, ủy thác của khách hàng_06614;Mã báo cáo;Mã báo cáo;Data Explorer;Chiều;Dễ;Ngày, CTCK;SCMS;X;X;;;;;;;;;;
99;Báo cáo theo Thông tư 121/2020/TT-BTC >> Báo báo tài chính >> Phần lưu chuyển tiền tệ hoạt động môi giới, ủy thác của khách hàng_06614;Tên báo cáo;Tên báo cáo;Data Explorer;Chiều;Dễ;Ngày, CTCK;SCMS;X;X;;;;;;;;;;
99;Báo cáo theo Thông tư 121/2020/TT-BTC >> Báo báo tài chính >> Phần lưu chuyển tiền tệ hoạt động môi giới, ủy thác của khách hàng_06614;Mã chỉ tiêu;Mã chỉ tiêu;Data Explorer;Chiều;Dễ;Ngày, CTCK;SCMS;X;X;;;;;;;;;;
99;Báo cáo theo Thông tư 121/2020/TT-BTC >> Báo báo tài chính >> Phần lưu chuyển tiền tệ hoạt động môi giới, ủy thác của khách hàng_06614;Tên chỉ tiêu;Tên chỉ tiêu;Data Explorer;Chiều;Dễ;Ngày, CTCK;SCMS;X;X;;;;;;;;;;
99;Báo cáo theo Thông tư 121/2020/TT-BTC >> Báo báo tài chính >> Phần lưu chuyển tiền tệ hoạt động môi giới, ủy thác của khách hàng_06614;I, Lưu chuyển tiền hoạt động môi giới, ủy thác của khách hàng;;Data Explorer;Chỉ tiêu cơ sở;Dễ;Ngày, CTCK;SCMS;;X;;;;;;;;;;
99;Báo cáo theo Thông tư 121/2020/TT-BTC >> Báo báo tài chính >> Phần lưu chuyển tiền tệ hoạt động môi giới, ủy thác của khách hàng_06614;1. Tiền thu bán chứng khoán môi giới cho khách hàng;1;Data Explorer;Chỉ tiêu cơ sở;Dễ;Ngày, CTCK;SCMS;;X;;;;;;;;;;
99;Báo cáo theo Thông tư 121/2020/TT-BTC >> Báo báo tài chính >> Phần lưu chuyển tiền tệ hoạt động môi giới, ủy thác của khách hàng_06614;2. Tiền chi mua chứng khoán môi giới cho khách hàng;2;Data Explorer;Chỉ tiêu cơ sở;Dễ;Ngày, CTCK;SCMS;;X;;;;;;;;;;
99;Báo cáo theo Thông tư 121/2020/TT-BTC >> Báo báo tài chính >> Phần lưu chuyển tiền tệ hoạt động môi giới, ủy thác của khách hàng_06614;3. Tiền thu bán chứng khoán ủy thác của khách hàng;3;Data Explorer;Chỉ tiêu cơ sở;Dễ;Ngày, CTCK;SCMS;;X;;;;;;;;;;
99;Báo cáo theo Thông tư 121/2020/TT-BTC >> Báo báo tài chính >> Phần lưu chuyển tiền tệ hoạt động môi giới, ủy thác của khách hàng_06614;4. Tiền chi bán chứng khoán ủy thác của khách hàng;4;Data Explorer;Chỉ tiêu cơ sở;Dễ;Ngày, CTCK;SCMS;;X;;;;;;;;;;
99;Báo cáo theo Thông tư 121/2020/TT-BTC >> Báo báo tài chính >> Phần lưu chuyển tiền tệ hoạt động môi giới, ủy thác của khách hàng_06614;5. Thu vay Quỹ Hỗ trợ thanh toán;5;Data Explorer;Chỉ tiêu cơ sở;Dễ;Ngày, CTCK;SCMS;;X;;;;;;;;;;
99;Báo cáo theo Thông tư 121/2020/TT-BTC >> Báo báo tài chính >> Phần lưu chuyển tiền tệ hoạt động môi giới, ủy thác của khách hàng_06614;6. Chi trả vay Quỹ Hỗ trợ thanh toán;6;Data Explorer;Chỉ tiêu cơ sở;Dễ;Ngày, CTCK;SCMS;;X;;;;;;;;;;
99;Báo cáo theo Thông tư 121/2020/TT-BTC >> Báo báo tài chính >> Phần lưu chuyển tiền tệ hoạt động môi giới, ủy thác của khách hàng_06614;7. Nhận tiền gửi để thanh toán giao dịch chứng khoán của khách hàng ;7;Data Explorer;Chỉ tiêu cơ sở;Dễ;Ngày, CTCK;SCMS;;X;;;;;;;;;;
99;Báo cáo theo Thông tư 121/2020/TT-BTC >> Báo báo tài chính >> Phần lưu chuyển tiền tệ hoạt động môi giới, ủy thác của khách hàng_06614;7.1 Tiền gửi ký quỹ của nhà đầu tư tại VSD;;Data Explorer;Chỉ tiêu cơ sở;Dễ;Ngày, CTCK;SCMS;;X;;;;;;;;;;
99;Báo cáo theo Thông tư 121/2020/TT-BTC >> Báo báo tài chính >> Phần lưu chuyển tiền tệ hoạt động môi giới, ủy thác của khách hàng_06614;8. Chi trả thanh toán giao dịch chứng khoán của khách hàng;8;Data Explorer;Chỉ tiêu cơ sở;Dễ;Ngày, CTCK;SCMS;;X;;;;;;;;;;
99;Báo cáo theo Thông tư 121/2020/TT-BTC >> Báo báo tài chính >> Phần lưu chuyển tiền tệ hoạt động môi giới, ủy thác của khách hàng_06614;9. Nhận tiền gửi của Nhà đầu tư cho hoạt động ủy thác đầu tư của khách hàng;9;Data Explorer;Chỉ tiêu cơ sở;Dễ;Ngày, CTCK;SCMS;;X;;;;;;;;;;
99;Báo cáo theo Thông tư 121/2020/TT-BTC >> Báo báo tài chính >> Phần lưu chuyển tiền tệ hoạt động môi giới, ủy thác của khách hàng_06614;10. Chi trả cho hoạt động ủy thác đầu tư của khách hàng;10;Data Explorer;Chỉ tiêu cơ sở;Dễ;Ngày, CTCK;SCMS;;X;;;;;;;;;;
99;Báo cáo theo Thông tư 121/2020/TT-BTC >> Báo báo tài chính >> Phần lưu chuyển tiền tệ hoạt động môi giới, ủy thác của khách hàng_06614;11. Chi trả phí lưu ký chứng khoán của khách hàng ;11;Data Explorer;Chỉ tiêu cơ sở;Dễ;Ngày, CTCK;SCMS;;X;;;;;;;;;;
99;Báo cáo theo Thông tư 121/2020/TT-BTC >> Báo báo tài chính >> Phần lưu chuyển tiền tệ hoạt động môi giới, ủy thác của khách hàng_06614;12. Thu lỗi giao dịch chứng khoán;12;Data Explorer;Chỉ tiêu cơ sở;Dễ;Ngày, CTCK;SCMS;;X;;;;;;;;;;
99;Báo cáo theo Thông tư 121/2020/TT-BTC >> Báo báo tài chính >> Phần lưu chuyển tiền tệ hoạt động môi giới, ủy thác của khách hàng_06614;13.Chi lỗi giao dịch chứng khoán;13;Data Explorer;Chỉ tiêu cơ sở;Dễ;Ngày, CTCK;SCMS;;X;;;;;;;;;;
99;Báo cáo theo Thông tư 121/2020/TT-BTC >> Báo báo tài chính >> Phần lưu chuyển tiền tệ hoạt động môi giới, ủy thác của khách hàng_06614;14. Tiền thu của Tổ chức phát hành chứng khoán;14;Data Explorer;Chỉ tiêu cơ sở;Dễ;Ngày, CTCK;SCMS;;X;;;;;;;;;;
99;Báo cáo theo Thông tư 121/2020/TT-BTC >> Báo báo tài chính >> Phần lưu chuyển tiền tệ hoạt động môi giới, ủy thác của khách hàng_06614;15. Tiền chi trả Tổ chức phát hành chứng khoán;15;Data Explorer;Chỉ tiêu cơ sở;Dễ;Ngày, CTCK;SCMS;;X;;;;;;;;;;
99;Báo cáo theo Thông tư 121/2020/TT-BTC >> Báo báo tài chính >> Phần lưu chuyển tiền tệ hoạt động môi giới, ủy thác của khách hàng_06614;Tăng/giảm tiền thuần trong kỳ;20;Data Explorer;Chỉ tiêu cơ sở;Dễ;Ngày, CTCK;SCMS;;X;;;;;;;;;;
99;Báo cáo theo Thông tư 121/2020/TT-BTC >> Báo báo tài chính >> Phần lưu chuyển tiền tệ hoạt động môi giới, ủy thác của khách hàng_06614;II, Tiền và các khoản tương đương tiền đầu kỳ của khách hàng;30;Data Explorer;Chỉ tiêu cơ sở;Dễ;Ngày, CTCK;SCMS;;X;;;;;;;;;;
99;Báo cáo theo Thông tư 121/2020/TT-BTC >> Báo báo tài chính >> Phần lưu chuyển tiền tệ hoạt động môi giới, ủy thác của khách hàng_06614;Tiền gửi ngân hàng đầu kỳ:;31;Data Explorer;Chỉ tiêu cơ sở;Dễ;Ngày, CTCK;SCMS;;X;;;;;;;;;;
99;Báo cáo theo Thông tư 121/2020/TT-BTC >> Báo báo tài chính >> Phần lưu chuyển tiền tệ hoạt động môi giới, ủy thác của khách hàng_06614;-Tiền gửi của Nhà đầu tư về giao dịch chứng khoán theo phương thức CTCK quản lý ;32;Data Explorer;Chỉ tiêu cơ sở;Dễ;Ngày, CTCK;SCMS;;X;;;;;;;;;;
99;Báo cáo theo Thông tư 121/2020/TT-BTC >> Báo báo tài chính >> Phần lưu chuyển tiền tệ hoạt động môi giới, ủy thác của khách hàng_06614;Trong đó có kỳ hạn;32;Data Explorer;Chỉ tiêu cơ sở;Dễ;Ngày, CTCK;SCMS;;X;;;;;;;;;;
99;Báo cáo theo Thông tư 121/2020/TT-BTC >> Báo báo tài chính >> Phần lưu chuyển tiền tệ hoạt động môi giới, ủy thác của khách hàng_06614;- Tiền gửi tổng hợp giao dịch chứng khoán cho khách hàng ;33;Data Explorer;Chỉ tiêu cơ sở;Dễ;Ngày, CTCK;SCMS;;X;;;;;;;;;;
99;Báo cáo theo Thông tư 121/2020/TT-BTC >> Báo báo tài chính >> Phần lưu chuyển tiền tệ hoạt động môi giới, ủy thác của khách hàng_06614;- Tiền gửi bù trừ và thanh toán giao dịch chứng khoán;34;Data Explorer;Chỉ tiêu cơ sở;Dễ;Ngày, CTCK;SCMS;;X;;;;;;;;;;
99;Báo cáo theo Thông tư 121/2020/TT-BTC >> Báo báo tài chính >> Phần lưu chuyển tiền tệ hoạt động môi giới, ủy thác của khách hàng_06614;-Tiền gửi của Tổ chức phát hành;35;Data Explorer;Chỉ tiêu cơ sở;Dễ;Ngày, CTCK;SCMS;;X;;;;;;;;;;
99;Báo cáo theo Thông tư 121/2020/TT-BTC >> Báo báo tài chính >> Phần lưu chuyển tiền tệ hoạt động môi giới, ủy thác của khách hàng_06614;Trong đó có kỳ hạn;35;Data Explorer;Chỉ tiêu cơ sở;Dễ;Ngày, CTCK;SCMS;;X;;;;;;;;;;
99;Báo cáo theo Thông tư 121/2020/TT-BTC >> Báo báo tài chính >> Phần lưu chuyển tiền tệ hoạt động môi giới, ủy thác của khách hàng_06614;Các khoản tương đương tiền;36;Data Explorer;Chỉ tiêu cơ sở;Dễ;Ngày, CTCK;SCMS;;X;;;;;;;;;;
99;Báo cáo theo Thông tư 121/2020/TT-BTC >> Báo báo tài chính >> Phần lưu chuyển tiền tệ hoạt động môi giới, ủy thác của khách hàng_06614;Ảnh hưởng của thay đổi tỷ giá hối đoái quy đổi ngoại tệ;37;Data Explorer;Chỉ tiêu cơ sở;Dễ;Ngày, CTCK;SCMS;;X;;;;;;;;;;
99;Báo cáo theo Thông tư 121/2020/TT-BTC >> Báo báo tài chính >> Phần lưu chuyển tiền tệ hoạt động môi giới, ủy thác của khách hàng_06614;III, Tiền và các khoản tương đương tiền cuối kỳ của khách hàng;40;Data Explorer;Chỉ tiêu cơ sở;Dễ;Ngày, CTCK;SCMS;;X;;;;;;;;;;
99;Báo cáo theo Thông tư 121/2020/TT-BTC >> Báo báo tài chính >> Phần lưu chuyển tiền tệ hoạt động môi giới, ủy thác của khách hàng_06614;Tiền gửi ngân hàng cuối kỳ:;41;Data Explorer;Chỉ tiêu cơ sở;Dễ;Ngày, CTCK;SCMS;;X;;;;;;;;;;
99;Báo cáo theo Thông tư 121/2020/TT-BTC >> Báo báo tài chính >> Phần lưu chuyển tiền tệ hoạt động môi giới, ủy thác của khách hàng_06614;-Tiền gửi của Nhà đầu tư về giao dịch chứng khoán theo phương thức CTCK quản lý ;42;Data Explorer;Chỉ tiêu cơ sở;Dễ;Ngày, CTCK;SCMS;;X;;;;;;;;;;
99;Báo cáo theo Thông tư 121/2020/TT-BTC >> Báo báo tài chính >> Phần lưu chuyển tiền tệ hoạt động môi giới, ủy thác của khách hàng_06614;Trong đó có kỳ hạn;42;Data Explorer;Chỉ tiêu cơ sở;Dễ;Ngày, CTCK;SCMS;;X;;;;;;;;;;
99;Báo cáo theo Thông tư 121/2020/TT-BTC >> Báo báo tài chính >> Phần lưu chuyển tiền tệ hoạt động môi giới, ủy thác của khách hàng_06614;- Tiền gửi tổng hợp giao dịch chứng khoán cho khách hàng ;43;Data Explorer;Chỉ tiêu cơ sở;Dễ;Ngày, CTCK;SCMS;;X;;;;;;;;;;
99;Báo cáo theo Thông tư 121/2020/TT-BTC >> Báo báo tài chính >> Phần lưu chuyển tiền tệ hoạt động môi giới, ủy thác của khách hàng_06614;- Tiền gửi bù trừ và thanh toán giao dịch chứng khoán;44;Data Explorer;Chỉ tiêu cơ sở;Dễ;Ngày, CTCK;SCMS;;X;;;;;;;;;;
99;Báo cáo theo Thông tư 121/2020/TT-BTC >> Báo báo tài chính >> Phần lưu chuyển tiền tệ hoạt động môi giới, ủy thác của khách hàng_06614;- Tiền gửi của Tổ chức phát hành;45;Data Explorer;Chỉ tiêu cơ sở;Dễ;Ngày, CTCK;SCMS;;X;;;;;;;;;;
99;Báo cáo theo Thông tư 121/2020/TT-BTC >> Báo báo tài chính >> Phần lưu chuyển tiền tệ hoạt động môi giới, ủy thác của khách hàng_06614;Trong đó có kỳ hạn;45;Data Explorer;Chỉ tiêu cơ sở;Dễ;Ngày, CTCK;SCMS;;X;;;;;;;;;;
99;Báo cáo theo Thông tư 121/2020/TT-BTC >> Báo báo tài chính >> Phần lưu chuyển tiền tệ hoạt động môi giới, ủy thác của khách hàng_06614;Các khoản tương đương tiền;46;Data Explorer;Chỉ tiêu cơ sở;Dễ;Ngày, CTCK;SCMS;;X;;;;;;;;;;
99;Báo cáo theo Thông tư 121/2020/TT-BTC >> Báo báo tài chính >> Phần lưu chuyển tiền tệ hoạt động môi giới, ủy thác của khách hàng_06614;- Ảnh hưởng của thay đổi tỷ giá hối đoái quy đổi ngoại tệ;47;Data Explorer;Chỉ tiêu cơ sở;Dễ;Ngày, CTCK;SCMS;;X;;;;;;;;;;
100;Báo cáo theo Thông tư 121/2020/TT-BTC >> Báo báo tài chính >> Báo cáo tình hình biến động vốn chủ sở hữu;Loại báo cáo;Loại báo cáo;Data Explorer;Chiều;Dễ;Ngày, CTCK;SCMS;X;X;;;;;;;;;;
100;Báo cáo theo Thông tư 121/2020/TT-BTC >> Báo báo tài chính >> Báo cáo tình hình biến động vốn chủ sở hữu;Kỳ báo cáo;Kỳ báo cáo;Data Explorer;Chiều;Dễ;Ngày, CTCK;SCMS;X;X;;;;;;;;;;
100;Báo cáo theo Thông tư 121/2020/TT-BTC >> Báo báo tài chính >> Báo cáo tình hình biến động vốn chủ sở hữu;Mã báo cáo;Mã báo cáo;Data Explorer;Chiều;Dễ;Ngày, CTCK;SCMS;X;X;;;;;;;;;;
100;Báo cáo theo Thông tư 121/2020/TT-BTC >> Báo báo tài chính >> Báo cáo tình hình biến động vốn chủ sở hữu;Tên báo cáo;Tên báo cáo;Data Explorer;Chiều;Dễ;Ngày, CTCK;SCMS;X;X;;;;;;;;;;
100;Báo cáo theo Thông tư 121/2020/TT-BTC >> Báo báo tài chính >> Báo cáo tình hình biến động vốn chủ sở hữu;Mã chỉ tiêu;Mã chỉ tiêu;Data Explorer;Chiều;Dễ;Ngày, CTCK;SCMS;X;X;;;;;;;;;;
100;Báo cáo theo Thông tư 121/2020/TT-BTC >> Báo báo tài chính >> Báo cáo tình hình biến động vốn chủ sở hữu;Tên chỉ tiêu;Tên chỉ tiêu;Data Explorer;Chiều;Dễ;Ngày, CTCK;SCMS;X;X;;;;;;;;;;
100;Báo cáo theo Thông tư 121/2020/TT-BTC >> Báo báo tài chính >> Báo cáo tình hình biến động vốn chủ sở hữu; I. Biến động vốn chủ sở hữu; I. Biến động vốn chủ sở hữu;Data Explorer;Chỉ tiêu cơ sở;Dễ;Ngày, CTCK;SCMS;;X;;;;;;;;;;
100;Báo cáo theo Thông tư 121/2020/TT-BTC >> Báo báo tài chính >> Báo cáo tình hình biến động vốn chủ sở hữu;1. Vốn đầu tư của chủ sở hữu;1. Vốn đầu tư của chủ sở hữu;Data Explorer;Chỉ tiêu cơ sở;Dễ;Ngày, CTCK;SCMS;;X;;;;;;;;;;
100;Báo cáo theo Thông tư 121/2020/TT-BTC >> Báo báo tài chính >> Báo cáo tình hình biến động vốn chủ sở hữu;1.1. Cổ phiếu phổ thông có quyền biểu quyết;1.1. Cổ phiếu phổ thông có quyền biểu quyết;Data Explorer;Chỉ tiêu cơ sở;Dễ;Ngày, CTCK;SCMS;;X;;;;;;;;;;
100;Báo cáo theo Thông tư 121/2020/TT-BTC >> Báo báo tài chính >> Báo cáo tình hình biến động vốn chủ sở hữu;1.2. Cổ phiếu ưu đãi;1.2. Cổ phiếu ưu đãi;Data Explorer;Chỉ tiêu cơ sở;Dễ;Ngày, CTCK;SCMS;;X;;;;;;;;;;
100;Báo cáo theo Thông tư 121/2020/TT-BTC >> Báo báo tài chính >> Báo cáo tình hình biến động vốn chủ sở hữu;1.3. Thặng dư vốn cổ phần ;1.3. Thặng dư vốn cổ phần ;Data Explorer;Chỉ tiêu cơ sở;Dễ;Ngày, CTCK;SCMS;;X;;;;;;;;;;
100;Báo cáo theo Thông tư 121/2020/TT-BTC >> Báo báo tài chính >> Báo cáo tình hình biến động vốn chủ sở hữu;1.4.Quyền chọn chuyển đổi trái phiếu - Cấu phần vốn;1.4.Quyền chọn chuyển đổi trái phiếu - Cấu phần vốn;Data Explorer;Chỉ tiêu cơ sở;Dễ;Ngày, CTCK;SCMS;;X;;;;;;;;;;
100;Báo cáo theo Thông tư 121/2020/TT-BTC >> Báo báo tài chính >> Báo cáo tình hình biến động vốn chủ sở hữu;1.5. Vốn khác của chủ sở hữu ;1.5. Vốn khác của chủ sở hữu ;Data Explorer;Chỉ tiêu cơ sở;Dễ;Ngày, CTCK;SCMS;;X;;;;;;;;;;
100;Báo cáo theo Thông tư 121/2020/TT-BTC >> Báo báo tài chính >> Báo cáo tình hình biến động vốn chủ sở hữu;2. Cổ phiếu quỹ (*);2. Cổ phiếu quỹ (*);Data Explorer;Chỉ tiêu cơ sở;Dễ;Ngày, CTCK;SCMS;;X;;;;;;;;;;
100;Báo cáo theo Thông tư 121/2020/TT-BTC >> Báo báo tài chính >> Báo cáo tình hình biến động vốn chủ sở hữu;3. Quỹ dự trữ bổ sung vốn điều lệ;3. Quỹ dự trữ bổ sung vốn điều lệ;Data Explorer;Chỉ tiêu cơ sở;Dễ;Ngày, CTCK;SCMS;;X;;;;;;;;;;
100;Báo cáo theo Thông tư 121/2020/TT-BTC >> Báo báo tài chính >> Báo cáo tình hình biến động vốn chủ sở hữu;4. Quỹ dự phòng tài chính và rủi ro nghiệp vụ;4. Quỹ dự phòng tài chính và rủi ro nghiệp vụ;Data Explorer;Chỉ tiêu cơ sở;Dễ;Ngày, CTCK;SCMS;;X;;;;;;;;;;
100;Báo cáo theo Thông tư 121/2020/TT-BTC >> Báo báo tài chính >> Báo cáo tình hình biến động vốn chủ sở hữu;5. Chênh lệch đánh giá lại tài sản theo giá trị hợp lý;5. Chênh lệch đánh giá lại tài sản theo giá trị hợp lý;Data Explorer;Chỉ tiêu cơ sở;Dễ;Ngày, CTCK;SCMS;;X;;;;;;;;;;
100;Báo cáo theo Thông tư 121/2020/TT-BTC >> Báo báo tài chính >> Báo cáo tình hình biến động vốn chủ sở hữu;6.Chênh lệch tỷ giá hối đoái;6.Chênh lệch tỷ giá hối đoái;Data Explorer;Chỉ tiêu cơ sở;Dễ;Ngày, CTCK;SCMS;;X;;;;;;;;;;
100;Báo cáo theo Thông tư 121/2020/TT-BTC >> Báo báo tài chính >> Báo cáo tình hình biến động vốn chủ sở hữu;7. Các Quỹ khác thuộc vốn chủ sở hữu;7. Các Quỹ khác thuộc vốn chủ sở hữu;Data Explorer;Chỉ tiêu cơ sở;Dễ;Ngày, CTCK;SCMS;;X;;;;;;;;;;
100;Báo cáo theo Thông tư 121/2020/TT-BTC >> Báo báo tài chính >> Báo cáo tình hình biến động vốn chủ sở hữu;8. Lợi nhuận chưa phân phối;8. Lợi nhuận chưa phân phối;Data Explorer;Chỉ tiêu cơ sở;Dễ;Ngày, CTCK;SCMS;;X;;;;;;;;;;
100;Báo cáo theo Thông tư 121/2020/TT-BTC >> Báo báo tài chính >> Báo cáo tình hình biến động vốn chủ sở hữu;8.1. Lợi nhuận sau thuế đã thực hiện;8.1. Lợi nhuận sau thuế đã thực hiện;Data Explorer;Chỉ tiêu cơ sở;Dễ;Ngày, CTCK;SCMS;;X;;;;;;;;;;
100;Báo cáo theo Thông tư 121/2020/TT-BTC >> Báo báo tài chính >> Báo cáo tình hình biến động vốn chủ sở hữu;8.2. Lợi nhuận chưa thực hiện ;8.2. Lợi nhuận chưa thực hiện ;Data Explorer;Chỉ tiêu cơ sở;Dễ;Ngày, CTCK;SCMS;;X;;;;;;;;;;
100;Báo cáo theo Thông tư 121/2020/TT-BTC >> Báo báo tài chính >> Báo cáo tình hình biến động vốn chủ sở hữu;Tổng cộng;Tổng cộng;Data Explorer;Chỉ tiêu cơ sở;Dễ;Ngày, CTCK;SCMS;;X;;;;;;;;;;
100;Báo cáo theo Thông tư 121/2020/TT-BTC >> Báo báo tài chính >> Báo cáo tình hình biến động vốn chủ sở hữu;II. Thu nhập toàn diện khác;II. Thu nhập toàn diện khác;Data Explorer;Chỉ tiêu cơ sở;Dễ;Ngày, CTCK;SCMS;;X;;;;;;;;;;
100;Báo cáo theo Thông tư 121/2020/TT-BTC >> Báo báo tài chính >> Báo cáo tình hình biến động vốn chủ sở hữu;1. Lãi/lỗ từ đánh giá lại các TSTC sẵn sàng để bán;1. Lãi/lỗ từ đánh giá lại các TSTC sẵn sàng để bán;Data Explorer;Chỉ tiêu cơ sở;Dễ;Ngày, CTCK;SCMS;;X;;;;;;;;;;
100;Báo cáo theo Thông tư 121/2020/TT-BTC >> Báo báo tài chính >> Báo cáo tình hình biến động vốn chủ sở hữu;2. Lãi, lỗ đánh giá lại TĐ theo mô hình giá trị hợp lý;2. Lãi, lỗ đánh giá lại TĐ theo mô hình giá trị hợp lý;Data Explorer;Chỉ tiêu cơ sở;Dễ;Ngày, CTCK;SCMS;;X;;;;;;;;;;
100;Báo cáo theo Thông tư 121/2020/TT-BTC >> Báo báo tài chính >> Báo cáo tình hình biến động vốn chủ sở hữu;3. Lãi, lỗ chênh lệch tỷ giá của hoạt động tại nước ngoài;3. Lãi, lỗ chênh lệch tỷ giá của hoạt động tại nước ngoài;Data Explorer;Chỉ tiêu cơ sở;Dễ;Ngày, CTCK;SCMS;;X;;;;;;;;;;
100;Báo cáo theo Thông tư 121/2020/TT-BTC >> Báo báo tài chính >> Báo cáo tình hình biến động vốn chủ sở hữu;4. Lãi, lỗ toàn diện khác;4. Lãi, lỗ toàn diện khác;Data Explorer;Chỉ tiêu cơ sở;Dễ;Ngày, CTCK;SCMS;;X;;;;;;;;;;
100;Báo cáo theo Thông tư 121/2020/TT-BTC >> Báo báo tài chính >> Báo cáo tình hình biến động vốn chủ sở hữu;Tổng cộng;Tổng cộng;Data Explorer;Chỉ tiêu cơ sở;Dễ;Ngày, CTCK;SCMS;;X;;;;;;;;;;
101;Báo cáo theo Thông tư 121/2020/TT-BTC >> Báo cáo tỷ lệ An toàn tài chính >> Bảng tính vốn khả dụng;Loại báo cáo;Loại báo cáo;Data Explorer;Chiều;Dễ;Ngày, CTCK;SCMS;X;X;;;;;;;;;;
101;Báo cáo theo Thông tư 121/2020/TT-BTC >> Báo cáo tỷ lệ An toàn tài chính >> Bảng tính vốn khả dụng;Kỳ báo cáo;Kỳ báo cáo;Data Explorer;Chiều;Dễ;Ngày, CTCK;SCMS;X;X;;;;;;;;;;
101;Báo cáo theo Thông tư 121/2020/TT-BTC >> Báo cáo tỷ lệ An toàn tài chính >> Bảng tính vốn khả dụng;Mã báo cáo;Mã báo cáo;Data Explorer;Chiều;Dễ;Ngày, CTCK;SCMS;X;X;;;;;;;;;;
101;Báo cáo theo Thông tư 121/2020/TT-BTC >> Báo cáo tỷ lệ An toàn tài chính >> Bảng tính vốn khả dụng;Tên báo cáo;Tên báo cáo;Data Explorer;Chiều;Dễ;Ngày, CTCK;SCMS;X;X;;;;;;;;;;
101;Báo cáo theo Thông tư 121/2020/TT-BTC >> Báo cáo tỷ lệ An toàn tài chính >> Bảng tính vốn khả dụng;Mã chỉ tiêu;Mã chỉ tiêu;Data Explorer;Chiều;Dễ;Ngày, CTCK;SCMS;X;X;;;;;;;;;;
101;Báo cáo theo Thông tư 121/2020/TT-BTC >> Báo cáo tỷ lệ An toàn tài chính >> Bảng tính vốn khả dụng;Tên chỉ tiêu;Tên chỉ tiêu;Data Explorer;Chiều;Dễ;Ngày, CTCK;SCMS;X;X;;;;;;;;;;
101;Báo cáo theo Thông tư 121/2020/TT-BTC >> Báo cáo tỷ lệ An toàn tài chính >> Bảng tính vốn khả dụng;Nội dung;Nội dung;Data Explorer;Chỉ tiêu cơ sở;TB;Ngày, CTCK;SCMS;;X;;;;;;;;;;
101;Báo cáo theo Thông tư 121/2020/TT-BTC >> Báo cáo tỷ lệ An toàn tài chính >> Bảng tính vốn khả dụng;Vốn khả dụng;Vốn khả dụng;Data Explorer;Chỉ tiêu cơ sở;TB;Ngày, CTCK;SCMS;;X;;;;;;;;;;
101;Báo cáo theo Thông tư 121/2020/TT-BTC >> Báo cáo tỷ lệ An toàn tài chính >> Bảng tính vốn khả dụng;Khoản giảm trừ;Khoản giảm trừ;Data Explorer;Chỉ tiêu cơ sở;TB;Ngày, CTCK;SCMS;;X;;;;;;;;;;
101;Báo cáo theo Thông tư 121/2020/TT-BTC >> Báo cáo tỷ lệ An toàn tài chính >> Bảng tính vốn khả dụng;Khoản tăng thêm;Khoản tăng thêm;Data Explorer;Chỉ tiêu cơ sở;TB;Ngày, CTCK;SCMS;;X;;;;;;;;;;
102;Báo cáo theo Thông tư 121/2020/TT-BTC >> Báo cáo tỷ lệ An toàn tài chính >> Bảng tính giá trị rủi ro (Rủi ro thị trường);Loại báo cáo;Loại báo cáo;Data Explorer;Chiều;Dễ;Ngày, CTCK;SCMS;X;X;;;;;;;;;;
102;Báo cáo theo Thông tư 121/2020/TT-BTC >> Báo cáo tỷ lệ An toàn tài chính >> Bảng tính giá trị rủi ro (Rủi ro thị trường);Kỳ báo cáo;Kỳ báo cáo;Data Explorer;Chiều;Dễ;Ngày, CTCK;SCMS;X;X;;;;;;;;;;
102;Báo cáo theo Thông tư 121/2020/TT-BTC >> Báo cáo tỷ lệ An toàn tài chính >> Bảng tính giá trị rủi ro (Rủi ro thị trường);Mã báo cáo;Mã báo cáo;Data Explorer;Chiều;Dễ;Ngày, CTCK;SCMS;X;X;;;;;;;;;;
102;Báo cáo theo Thông tư 121/2020/TT-BTC >> Báo cáo tỷ lệ An toàn tài chính >> Bảng tính giá trị rủi ro (Rủi ro thị trường);Tên báo cáo;Tên báo cáo;Data Explorer;Chiều;Dễ;Ngày, CTCK;SCMS;X;X;;;;;;;;;;
102;Báo cáo theo Thông tư 121/2020/TT-BTC >> Báo cáo tỷ lệ An toàn tài chính >> Bảng tính giá trị rủi ro (Rủi ro thị trường);Mã chỉ tiêu;Mã chỉ tiêu;Data Explorer;Chiều;Dễ;Ngày, CTCK;SCMS;X;X;;;;;;;;;;
102;Báo cáo theo Thông tư 121/2020/TT-BTC >> Báo cáo tỷ lệ An toàn tài chính >> Bảng tính giá trị rủi ro (Rủi ro thị trường);Tên chỉ tiêu;Tên chỉ tiêu;Data Explorer;Chiều;Dễ;Ngày, CTCK;SCMS;X;X;;;;;;;;;;
102;Báo cáo theo Thông tư 121/2020/TT-BTC >> Báo cáo tỷ lệ An toàn tài chính >> Bảng tính giá trị rủi ro (Rủi ro thị trường);Các hạng mục đầu tư;Các hạng mục đầu tư;Data Explorer;Chỉ tiêu cơ sở;TB;Ngày, CTCK;SCMS;;X;;;;;;;;;;
102;Báo cáo theo Thông tư 121/2020/TT-BTC >> Báo cáo tỷ lệ An toàn tài chính >> Bảng tính giá trị rủi ro (Rủi ro thị trường);Hệ số rủi ro (%);Hệ số rủi ro (%);Data Explorer;Chỉ tiêu cơ sở;TB;Ngày, CTCK;SCMS;;X;;;;;;;;;;
102;Báo cáo theo Thông tư 121/2020/TT-BTC >> Báo cáo tỷ lệ An toàn tài chính >> Bảng tính giá trị rủi ro (Rủi ro thị trường);Quy mô rủi ro;Quy mô rủi ro;Data Explorer;Chỉ tiêu cơ sở;TB;Ngày, CTCK;SCMS;;X;;;;;;;;;;
102;Báo cáo theo Thông tư 121/2020/TT-BTC >> Báo cáo tỷ lệ An toàn tài chính >> Bảng tính giá trị rủi ro (Rủi ro thị trường);Giá trị rủi ro;Giá trị rủi ro;Data Explorer;Chỉ tiêu cơ sở;TB;Ngày, CTCK;SCMS;;X;;;;;;;;;;
103;Báo cáo theo Thông tư 121/2020/TT-BTC >> Báo cáo tỷ lệ An toàn tài chính >> Giá trị rủi ro thanh toán;Loại báo cáo;Loại báo cáo;Data Explorer;Chiều;Dễ;Ngày, CTCK;SCMS;X;X;;;;;;;;;;
103;Báo cáo theo Thông tư 121/2020/TT-BTC >> Báo cáo tỷ lệ An toàn tài chính >> Giá trị rủi ro thanh toán;Kỳ báo cáo;Kỳ báo cáo;Data Explorer;Chiều;Dễ;Ngày, CTCK;SCMS;X;X;;;;;;;;;;
103;Báo cáo theo Thông tư 121/2020/TT-BTC >> Báo cáo tỷ lệ An toàn tài chính >> Giá trị rủi ro thanh toán;Mã báo cáo;Mã báo cáo;Data Explorer;Chiều;Dễ;Ngày, CTCK;SCMS;X;X;;;;;;;;;;
103;Báo cáo theo Thông tư 121/2020/TT-BTC >> Báo cáo tỷ lệ An toàn tài chính >> Giá trị rủi ro thanh toán;Tên báo cáo;Tên báo cáo;Data Explorer;Chiều;Dễ;Ngày, CTCK;SCMS;X;X;;;;;;;;;;
103;Báo cáo theo Thông tư 121/2020/TT-BTC >> Báo cáo tỷ lệ An toàn tài chính >> Giá trị rủi ro thanh toán;Mã chỉ tiêu;Mã chỉ tiêu;Data Explorer;Chiều;Dễ;Ngày, CTCK;SCMS;X;X;;;;;;;;;;
103;Báo cáo theo Thông tư 121/2020/TT-BTC >> Báo cáo tỷ lệ An toàn tài chính >> Giá trị rủi ro thanh toán;Tên chỉ tiêu;Tên chỉ tiêu;Data Explorer;Chiều;Dễ;Ngày, CTCK;SCMS;X;X;;;;;;;;;;
103;Báo cáo theo Thông tư 121/2020/TT-BTC >> Báo cáo tỷ lệ An toàn tài chính >> Giá trị rủi ro thanh toán;Chỉ tiêu;Chỉ tiêu;Data Explorer;Chỉ tiêu cơ sở;TB;Ngày, CTCK;SCMS;;X;;;;;;;;;;
103;Báo cáo theo Thông tư 121/2020/TT-BTC >> Báo cáo tỷ lệ An toàn tài chính >> Giá trị rủi ro thanh toán;Giá trị rủi ro;Giá trị rủi ro;Data Explorer;Chỉ tiêu cơ sở;TB;Ngày, CTCK;SCMS;;X;;;;;;;;;;
104;Báo cáo theo Thông tư 121/2020/TT-BTC >> Báo cáo tỷ lệ An toàn tài chính >> Giá trị rủi ro thanh toán (Rủi ro trước thời hạn thanh toán) ;Loại báo cáo;Loại báo cáo;Data Explorer;Chiều;Dễ;Ngày, CTCK;SCMS;X;X;;;;;;;;;;
104;Báo cáo theo Thông tư 121/2020/TT-BTC >> Báo cáo tỷ lệ An toàn tài chính >> Giá trị rủi ro thanh toán (Rủi ro trước thời hạn thanh toán) ;Kỳ báo cáo;Kỳ báo cáo;Data Explorer;Chiều;Dễ;Ngày, CTCK;SCMS;X;X;;;;;;;;;;
104;Báo cáo theo Thông tư 121/2020/TT-BTC >> Báo cáo tỷ lệ An toàn tài chính >> Giá trị rủi ro thanh toán (Rủi ro trước thời hạn thanh toán) ;Mã báo cáo;Mã báo cáo;Data Explorer;Chiều;Dễ;Ngày, CTCK;SCMS;X;X;;;;;;;;;;
104;Báo cáo theo Thông tư 121/2020/TT-BTC >> Báo cáo tỷ lệ An toàn tài chính >> Giá trị rủi ro thanh toán (Rủi ro trước thời hạn thanh toán) ;Tên báo cáo;Tên báo cáo;Data Explorer;Chiều;Dễ;Ngày, CTCK;SCMS;X;X;;;;;;;;;;
104;Báo cáo theo Thông tư 121/2020/TT-BTC >> Báo cáo tỷ lệ An toàn tài chính >> Giá trị rủi ro thanh toán (Rủi ro trước thời hạn thanh toán) ;Mã chỉ tiêu;Mã chỉ tiêu;Data Explorer;Chiều;Dễ;Ngày, CTCK;SCMS;X;X;;;;;;;;;;
104;Báo cáo theo Thông tư 121/2020/TT-BTC >> Báo cáo tỷ lệ An toàn tài chính >> Giá trị rủi ro thanh toán (Rủi ro trước thời hạn thanh toán) ;Tên chỉ tiêu;Tên chỉ tiêu;Data Explorer;Chiều;Dễ;Ngày, CTCK;SCMS;X;X;;;;;;;;;;
104;Báo cáo theo Thông tư 121/2020/TT-BTC >> Báo cáo tỷ lệ An toàn tài chính >> Giá trị rủi ro thanh toán (Rủi ro trước thời hạn thanh toán) ;Hệ số rủi ro % Loại hình giao dịch;Hệ số rủi ro % Loại hình giao dịch;Data Explorer;Chỉ tiêu cơ sở;TB;Ngày, CTCK;SCMS;;X;;;;;;;;;;
104;Báo cáo theo Thông tư 121/2020/TT-BTC >> Báo cáo tỷ lệ An toàn tài chính >> Giá trị rủi ro thanh toán (Rủi ro trước thời hạn thanh toán) ;Giá trị rủi ro (VND) >> 0%;Giá trị rủi ro (VND) >> 0%;Data Explorer;Chỉ tiêu cơ sở;TB;Ngày, CTCK;SCMS;;X;;;;;;;;;;
104;Báo cáo theo Thông tư 121/2020/TT-BTC >> Báo cáo tỷ lệ An toàn tài chính >> Giá trị rủi ro thanh toán (Rủi ro trước thời hạn thanh toán) ;Giá trị rủi ro (VND) >> 0,8%;Giá trị rủi ro (VND) >> 0,8%;Data Explorer;Chỉ tiêu cơ sở;TB;Ngày, CTCK;SCMS;;X;;;;;;;;;;
104;Báo cáo theo Thông tư 121/2020/TT-BTC >> Báo cáo tỷ lệ An toàn tài chính >> Giá trị rủi ro thanh toán (Rủi ro trước thời hạn thanh toán) ;Giá trị rủi ro (VND) >> 3,2%;Giá trị rủi ro (VND) >> 3,2%;Data Explorer;Chỉ tiêu cơ sở;TB;Ngày, CTCK;SCMS;;X;;;;;;;;;;
104;Báo cáo theo Thông tư 121/2020/TT-BTC >> Báo cáo tỷ lệ An toàn tài chính >> Giá trị rủi ro thanh toán (Rủi ro trước thời hạn thanh toán) ;Giá trị rủi ro (VND) >> 4,8%;Giá trị rủi ro (VND) >> 4,8%;Data Explorer;Chỉ tiêu cơ sở;TB;Ngày, CTCK;SCMS;;X;;;;;;;;;;
104;Báo cáo theo Thông tư 121/2020/TT-BTC >> Báo cáo tỷ lệ An toàn tài chính >> Giá trị rủi ro thanh toán (Rủi ro trước thời hạn thanh toán) ;Giá trị rủi ro (VND) >> 6%;Giá trị rủi ro (VND) >> 6%;Data Explorer;Chỉ tiêu cơ sở;TB;Ngày, CTCK;SCMS;;X;;;;;;;;;;
104;Báo cáo theo Thông tư 121/2020/TT-BTC >> Báo cáo tỷ lệ An toàn tài chính >> Giá trị rủi ro thanh toán (Rủi ro trước thời hạn thanh toán) ;Giá trị rủi ro (VND) >> 8%;Giá trị rủi ro (VND) >> 8%;Data Explorer;Chỉ tiêu cơ sở;TB;Ngày, CTCK;SCMS;;X;;;;;;;;;;
104;Báo cáo theo Thông tư 121/2020/TT-BTC >> Báo cáo tỷ lệ An toàn tài chính >> Giá trị rủi ro thanh toán (Rủi ro trước thời hạn thanh toán) ;Tổng giá trị rủi ro;Tổng giá trị rủi ro;Data Explorer;Chỉ tiêu cơ sở;TB;Ngày, CTCK;SCMS;;X;;;;;;;;;;
105;Báo cáo theo Thông tư 121/2020/TT-BTC >> Báo cáo tỷ lệ An toàn tài chính >> Giá trị rủi ro thanh toán (Rủi ro quá thời hạn thanh toán) ;Loại báo cáo;Loại báo cáo;Data Explorer;Chiều;Dễ;Ngày, CTCK;SCMS;X;X;;;;;;;;;;
105;Báo cáo theo Thông tư 121/2020/TT-BTC >> Báo cáo tỷ lệ An toàn tài chính >> Giá trị rủi ro thanh toán (Rủi ro quá thời hạn thanh toán) ;Kỳ báo cáo;Kỳ báo cáo;Data Explorer;Chiều;Dễ;Ngày, CTCK;SCMS;X;X;;;;;;;;;;
105;Báo cáo theo Thông tư 121/2020/TT-BTC >> Báo cáo tỷ lệ An toàn tài chính >> Giá trị rủi ro thanh toán (Rủi ro quá thời hạn thanh toán) ;Mã báo cáo;Mã báo cáo;Data Explorer;Chiều;Dễ;Ngày, CTCK;SCMS;X;X;;;;;;;;;;
105;Báo cáo theo Thông tư 121/2020/TT-BTC >> Báo cáo tỷ lệ An toàn tài chính >> Giá trị rủi ro thanh toán (Rủi ro quá thời hạn thanh toán) ;Tên báo cáo;Tên báo cáo;Data Explorer;Chiều;Dễ;Ngày, CTCK;SCMS;X;X;;;;;;;;;;
105;Báo cáo theo Thông tư 121/2020/TT-BTC >> Báo cáo tỷ lệ An toàn tài chính >> Giá trị rủi ro thanh toán (Rủi ro quá thời hạn thanh toán) ;Mã chỉ tiêu;Mã chỉ tiêu;Data Explorer;Chiều;Dễ;Ngày, CTCK;SCMS;X;X;;;;;;;;;;
105;Báo cáo theo Thông tư 121/2020/TT-BTC >> Báo cáo tỷ lệ An toàn tài chính >> Giá trị rủi ro thanh toán (Rủi ro quá thời hạn thanh toán) ;Tên chỉ tiêu;Tên chỉ tiêu;Data Explorer;Chiều;Dễ;Ngày, CTCK;SCMS;X;X;;;;;;;;;;
105;Báo cáo theo Thông tư 121/2020/TT-BTC >> Báo cáo tỷ lệ An toàn tài chính >> Giá trị rủi ro thanh toán (Rủi ro quá thời hạn thanh toán) ;Thời gian quá hạn;Thời gian quá hạn;Data Explorer;Chỉ tiêu cơ sở;TB;Ngày, CTCK;SCMS;;X;;;;;;;;;;
105;Báo cáo theo Thông tư 121/2020/TT-BTC >> Báo cáo tỷ lệ An toàn tài chính >> Giá trị rủi ro thanh toán (Rủi ro quá thời hạn thanh toán) ;Hệ số rủi ro (%);Hệ số rủi ro (%);Data Explorer;Chỉ tiêu cơ sở;TB;Ngày, CTCK;SCMS;;X;;;;;;;;;;
105;Báo cáo theo Thông tư 121/2020/TT-BTC >> Báo cáo tỷ lệ An toàn tài chính >> Giá trị rủi ro thanh toán (Rủi ro quá thời hạn thanh toán) ;Quy mô rủi ro;Quy mô rủi ro;Data Explorer;Chỉ tiêu cơ sở;TB;Ngày, CTCK;SCMS;;X;;;;;;;;;;
105;Báo cáo theo Thông tư 121/2020/TT-BTC >> Báo cáo tỷ lệ An toàn tài chính >> Giá trị rủi ro thanh toán (Rủi ro quá thời hạn thanh toán) ;Giá trị rủi ro;Giá trị rủi ro;Data Explorer;Chỉ tiêu cơ sở;TB;Ngày, CTCK;SCMS;;X;;;;;;;;;;
106;Báo cáo theo Thông tư 121/2020/TT-BTC >> Báo cáo tỷ lệ An toàn tài chính >> Giá trị rủi ro thanh toán (Rủi ro từ các khoản tạm ứng, hợp đồng, giao dịch khác);Loại báo cáo;Loại báo cáo;Data Explorer;Chiều;Dễ;Ngày, CTCK;SCMS;X;X;;;;;;;;;;
106;Báo cáo theo Thông tư 121/2020/TT-BTC >> Báo cáo tỷ lệ An toàn tài chính >> Giá trị rủi ro thanh toán (Rủi ro từ các khoản tạm ứng, hợp đồng, giao dịch khác);Kỳ báo cáo;Kỳ báo cáo;Data Explorer;Chiều;Dễ;Ngày, CTCK;SCMS;X;X;;;;;;;;;;
106;Báo cáo theo Thông tư 121/2020/TT-BTC >> Báo cáo tỷ lệ An toàn tài chính >> Giá trị rủi ro thanh toán (Rủi ro từ các khoản tạm ứng, hợp đồng, giao dịch khác);Mã báo cáo;Mã báo cáo;Data Explorer;Chiều;Dễ;Ngày, CTCK;SCMS;X;X;;;;;;;;;;
106;Báo cáo theo Thông tư 121/2020/TT-BTC >> Báo cáo tỷ lệ An toàn tài chính >> Giá trị rủi ro thanh toán (Rủi ro từ các khoản tạm ứng, hợp đồng, giao dịch khác);Tên báo cáo;Tên báo cáo;Data Explorer;Chiều;Dễ;Ngày, CTCK;SCMS;X;X;;;;;;;;;;
106;Báo cáo theo Thông tư 121/2020/TT-BTC >> Báo cáo tỷ lệ An toàn tài chính >> Giá trị rủi ro thanh toán (Rủi ro từ các khoản tạm ứng, hợp đồng, giao dịch khác);Mã chỉ tiêu;Mã chỉ tiêu;Data Explorer;Chiều;Dễ;Ngày, CTCK;SCMS;X;X;;;;;;;;;;
106;Báo cáo theo Thông tư 121/2020/TT-BTC >> Báo cáo tỷ lệ An toàn tài chính >> Giá trị rủi ro thanh toán (Rủi ro từ các khoản tạm ứng, hợp đồng, giao dịch khác);Tên chỉ tiêu;Tên chỉ tiêu;Data Explorer;Chiều;Dễ;Ngày, CTCK;SCMS;X;X;;;;;;;;;;
106;Báo cáo theo Thông tư 121/2020/TT-BTC >> Báo cáo tỷ lệ An toàn tài chính >> Giá trị rủi ro thanh toán (Rủi ro từ các khoản tạm ứng, hợp đồng, giao dịch khác);Chi tiết tới từng đối tượng;Chi tiết tới từng đối tượng;Data Explorer;Chỉ tiêu cơ sở;TB;Ngày, CTCK;SCMS;;X;;;;;;;;;;
106;Báo cáo theo Thông tư 121/2020/TT-BTC >> Báo cáo tỷ lệ An toàn tài chính >> Giá trị rủi ro thanh toán (Rủi ro từ các khoản tạm ứng, hợp đồng, giao dịch khác);Hệ số rủi ro (%);Hệ số rủi ro (%);Data Explorer;Chỉ tiêu cơ sở;TB;Ngày, CTCK;SCMS;;X;;;;;;;;;;
106;Báo cáo theo Thông tư 121/2020/TT-BTC >> Báo cáo tỷ lệ An toàn tài chính >> Giá trị rủi ro thanh toán (Rủi ro từ các khoản tạm ứng, hợp đồng, giao dịch khác);Quy mô rủi ro;Quy mô rủi ro;Data Explorer;Chỉ tiêu cơ sở;TB;Ngày, CTCK;SCMS;;X;;;;;;;;;;
106;Báo cáo theo Thông tư 121/2020/TT-BTC >> Báo cáo tỷ lệ An toàn tài chính >> Giá trị rủi ro thanh toán (Rủi ro từ các khoản tạm ứng, hợp đồng, giao dịch khác);Giá trị rủi ro;Giá trị rủi ro;Data Explorer;Chỉ tiêu cơ sở;TB;Ngày, CTCK;SCMS;;X;;;;;;;;;;
107;Báo cáo theo Thông tư 121/2020/TT-BTC >> Báo cáo tỷ lệ An toàn tài chính >> Giá trị rủi ro thanh toán (Rủi ro tăng thêm);Loại báo cáo;Loại báo cáo;Data Explorer;Chiều;Dễ;Ngày, CTCK;SCMS;X;X;;;;;;;;;;
107;Báo cáo theo Thông tư 121/2020/TT-BTC >> Báo cáo tỷ lệ An toàn tài chính >> Giá trị rủi ro thanh toán (Rủi ro tăng thêm);Kỳ báo cáo;Kỳ báo cáo;Data Explorer;Chiều;Dễ;Ngày, CTCK;SCMS;X;X;;;;;;;;;;
107;Báo cáo theo Thông tư 121/2020/TT-BTC >> Báo cáo tỷ lệ An toàn tài chính >> Giá trị rủi ro thanh toán (Rủi ro tăng thêm);Mã báo cáo;Mã báo cáo;Data Explorer;Chiều;Dễ;Ngày, CTCK;SCMS;X;X;;;;;;;;;;
107;Báo cáo theo Thông tư 121/2020/TT-BTC >> Báo cáo tỷ lệ An toàn tài chính >> Giá trị rủi ro thanh toán (Rủi ro tăng thêm);Tên báo cáo;Tên báo cáo;Data Explorer;Chiều;Dễ;Ngày, CTCK;SCMS;X;X;;;;;;;;;;
107;Báo cáo theo Thông tư 121/2020/TT-BTC >> Báo cáo tỷ lệ An toàn tài chính >> Giá trị rủi ro thanh toán (Rủi ro tăng thêm);Mã chỉ tiêu;Mã chỉ tiêu;Data Explorer;Chiều;Dễ;Ngày, CTCK;SCMS;X;X;;;;;;;;;;
107;Báo cáo theo Thông tư 121/2020/TT-BTC >> Báo cáo tỷ lệ An toàn tài chính >> Giá trị rủi ro thanh toán (Rủi ro tăng thêm);Tên chỉ tiêu;Tên chỉ tiêu;Data Explorer;Chiều;Dễ;Ngày, CTCK;SCMS;X;X;;;;;;;;;;
107;Báo cáo theo Thông tư 121/2020/TT-BTC >> Báo cáo tỷ lệ An toàn tài chính >> Giá trị rủi ro thanh toán (Rủi ro tăng thêm);Chi tiết tới từng đối tượng;Chi tiết tới từng đối tượng;Data Explorer;Chỉ tiêu cơ sở;TB;Ngày, CTCK;SCMS;;X;;;;;;;;;;
107;Báo cáo theo Thông tư 121/2020/TT-BTC >> Báo cáo tỷ lệ An toàn tài chính >> Giá trị rủi ro thanh toán (Rủi ro tăng thêm);Hệ số rủi ro (%);Hệ số rủi ro (%);Data Explorer;Chỉ tiêu cơ sở;TB;Ngày, CTCK;SCMS;;X;;;;;;;;;;
107;Báo cáo theo Thông tư 121/2020/TT-BTC >> Báo cáo tỷ lệ An toàn tài chính >> Giá trị rủi ro thanh toán (Rủi ro tăng thêm);Quy mô rủi ro;Quy mô rủi ro;Data Explorer;Chỉ tiêu cơ sở;TB;Ngày, CTCK;SCMS;;X;;;;;;;;;;
107;Báo cáo theo Thông tư 121/2020/TT-BTC >> Báo cáo tỷ lệ An toàn tài chính >> Giá trị rủi ro thanh toán (Rủi ro tăng thêm);Giá trị rủi ro;Giá trị rủi ro;Data Explorer;Chỉ tiêu cơ sở;TB;Ngày, CTCK;SCMS;;X;;;;;;;;;;
108;Báo cáo theo Thông tư 121/2020/TT-BTC >> Báo cáo tỷ lệ An toàn tài chính >> Giá trị rủi ro hoạt động;Loại báo cáo;Loại báo cáo;Data Explorer;Chiều;Dễ;Ngày, CTCK;SCMS;X;X;;;;;;;;;;
108;Báo cáo theo Thông tư 121/2020/TT-BTC >> Báo cáo tỷ lệ An toàn tài chính >> Giá trị rủi ro hoạt động;Kỳ báo cáo;Kỳ báo cáo;Data Explorer;Chiều;Dễ;Ngày, CTCK;SCMS;X;X;;;;;;;;;;
108;Báo cáo theo Thông tư 121/2020/TT-BTC >> Báo cáo tỷ lệ An toàn tài chính >> Giá trị rủi ro hoạt động;Mã báo cáo;Mã báo cáo;Data Explorer;Chiều;Dễ;Ngày, CTCK;SCMS;X;X;;;;;;;;;;
108;Báo cáo theo Thông tư 121/2020/TT-BTC >> Báo cáo tỷ lệ An toàn tài chính >> Giá trị rủi ro hoạt động;Tên báo cáo;Tên báo cáo;Data Explorer;Chiều;Dễ;Ngày, CTCK;SCMS;X;X;;;;;;;;;;
108;Báo cáo theo Thông tư 121/2020/TT-BTC >> Báo cáo tỷ lệ An toàn tài chính >> Giá trị rủi ro hoạt động;Mã chỉ tiêu;Mã chỉ tiêu;Data Explorer;Chiều;Dễ;Ngày, CTCK;SCMS;X;X;;;;;;;;;;
108;Báo cáo theo Thông tư 121/2020/TT-BTC >> Báo cáo tỷ lệ An toàn tài chính >> Giá trị rủi ro hoạt động;Tên chỉ tiêu;Tên chỉ tiêu;Data Explorer;Chiều;Dễ;Ngày, CTCK;SCMS;X;X;;;;;;;;;;
108;Báo cáo theo Thông tư 121/2020/TT-BTC >> Báo cáo tỷ lệ An toàn tài chính >> Giá trị rủi ro hoạt động;Chỉ tiêu;Chỉ tiêu;Data Explorer;Chỉ tiêu cơ sở;TB;Ngày, CTCK;SCMS;;X;;;;;;;;;;
108;Báo cáo theo Thông tư 121/2020/TT-BTC >> Báo cáo tỷ lệ An toàn tài chính >> Giá trị rủi ro hoạt động;Giá trị;Giá trị;Data Explorer;Chỉ tiêu cơ sở;TB;Ngày, CTCK;SCMS;;X;;;;;;;;;;
109;Báo cáo theo Thông tư 121/2020/TT-BTC >> Báo cáo tỷ lệ An toàn tài chính >> Bảng tổng hợp các chỉ tiêu rủi ro và vốn khả dụng;Loại báo cáo;Loại báo cáo;Data Explorer;Chiều;Dễ;Ngày, CTCK;SCMS;X;X;;;;;;;;;;
109;Báo cáo theo Thông tư 121/2020/TT-BTC >> Báo cáo tỷ lệ An toàn tài chính >> Bảng tổng hợp các chỉ tiêu rủi ro và vốn khả dụng;Kỳ báo cáo;Kỳ báo cáo;Data Explorer;Chiều;Dễ;Ngày, CTCK;SCMS;X;X;;;;;;;;;;
109;Báo cáo theo Thông tư 121/2020/TT-BTC >> Báo cáo tỷ lệ An toàn tài chính >> Bảng tổng hợp các chỉ tiêu rủi ro và vốn khả dụng;Mã báo cáo;Mã báo cáo;Data Explorer;Chiều;Dễ;Ngày, CTCK;SCMS;X;X;;;;;;;;;;
109;Báo cáo theo Thông tư 121/2020/TT-BTC >> Báo cáo tỷ lệ An toàn tài chính >> Bảng tổng hợp các chỉ tiêu rủi ro và vốn khả dụng;Tên báo cáo;Tên báo cáo;Data Explorer;Chiều;Dễ;Ngày, CTCK;SCMS;X;X;;;;;;;;;;
109;Báo cáo theo Thông tư 121/2020/TT-BTC >> Báo cáo tỷ lệ An toàn tài chính >> Bảng tổng hợp các chỉ tiêu rủi ro và vốn khả dụng;Mã chỉ tiêu;Mã chỉ tiêu;Data Explorer;Chiều;Dễ;Ngày, CTCK;SCMS;X;X;;;;;;;;;;
109;Báo cáo theo Thông tư 121/2020/TT-BTC >> Báo cáo tỷ lệ An toàn tài chính >> Bảng tổng hợp các chỉ tiêu rủi ro và vốn khả dụng;Tên chỉ tiêu;Tên chỉ tiêu;Data Explorer;Chiều;Dễ;Ngày, CTCK;SCMS;X;X;;;;;;;;;;
109;Báo cáo theo Thông tư 121/2020/TT-BTC >> Báo cáo tỷ lệ An toàn tài chính >> Bảng tổng hợp các chỉ tiêu rủi ro và vốn khả dụng;Các chỉ tiêu;Các chỉ tiêu;Data Explorer;Chỉ tiêu cơ sở;TB;Ngày, CTCK;SCMS;;X;;;;;;;;;;
109;Báo cáo theo Thông tư 121/2020/TT-BTC >> Báo cáo tỷ lệ An toàn tài chính >> Bảng tổng hợp các chỉ tiêu rủi ro và vốn khả dụng;Giá trị rủi ro/ Vốn khả dụng;Giá trị rủi ro/ Vốn khả dụng;Data Explorer;Chỉ tiêu cơ sở;TB;Ngày, CTCK;SCMS;;X;;;;;;;;;;
109;Báo cáo theo Thông tư 121/2020/TT-BTC >> Báo cáo tỷ lệ An toàn tài chính >> Bảng tổng hợp các chỉ tiêu rủi ro và vốn khả dụng;Ghi chú;Ghi chú;Data Explorer;Chỉ tiêu cơ sở;TB;Ngày, CTCK;SCMS;;X;;;;;;;;;;
110;Báo cáo theo Thông tư 121/2020/TT-BTC >> Báo cáo quản trị rủi ro;Loại báo cáo;Loại báo cáo;Data Explorer;Chiều;Dễ;Ngày, CTCK;SCMS;X;X;;;;;;;;;;
110;Báo cáo theo Thông tư 121/2020/TT-BTC >> Báo cáo quản trị rủi ro;Kỳ báo cáo;Kỳ báo cáo;Data Explorer;Chiều;Dễ;Ngày, CTCK;SCMS;X;X;;;;;;;;;;
110;Báo cáo theo Thông tư 121/2020/TT-BTC >> Báo cáo quản trị rủi ro;Mã báo cáo;Mã báo cáo;Data Explorer;Chiều;Dễ;Ngày, CTCK;SCMS;X;X;;;;;;;;;;
110;Báo cáo theo Thông tư 121/2020/TT-BTC >> Báo cáo quản trị rủi ro;Tên báo cáo;Tên báo cáo;Data Explorer;Chiều;Dễ;Ngày, CTCK;SCMS;X;X;;;;;;;;;;
110;Báo cáo theo Thông tư 121/2020/TT-BTC >> Báo cáo quản trị rủi ro;Mã chỉ tiêu;Mã chỉ tiêu;Data Explorer;Chiều;Dễ;Ngày, CTCK;SCMS;X;X;;;;;;;;;;
110;Báo cáo theo Thông tư 121/2020/TT-BTC >> Báo cáo quản trị rủi ro;Tên chỉ tiêu;Tên chỉ tiêu;Data Explorer;Chiều;Dễ;Ngày, CTCK;SCMS;X;X;;;;;;;;;;
110;Báo cáo theo Thông tư 121/2020/TT-BTC >> Báo cáo quản trị rủi ro;Họ và tên;Họ và tên;Data Explorer;Chỉ tiêu cơ sở;Dễ;Ngày, CTCK;SCMS;;X;;;;;;;;;;
110;Báo cáo theo Thông tư 121/2020/TT-BTC >> Báo cáo quản trị rủi ro;Email;Email;Data Explorer;Chỉ tiêu cơ sở;Dễ;Ngày, CTCK;SCMS;;X;;;;;;;;;;
110;Báo cáo theo Thông tư 121/2020/TT-BTC >> Báo cáo quản trị rủi ro;Số điện thoại;Số điện thoại;Data Explorer;Chỉ tiêu cơ sở;Dễ;Ngày, CTCK;SCMS;;X;;;;;;;;;;
110;Báo cáo theo Thông tư 121/2020/TT-BTC >> Báo cáo quản trị rủi ro;Chức vụ;Chức vụ;Data Explorer;Chỉ tiêu cơ sở;Dễ;Ngày, CTCK;SCMS;;X;;;;;;;;;;
110;Báo cáo theo Thông tư 121/2020/TT-BTC >> Báo cáo quản trị rủi ro;Thời gian bắt đầu làm việc;Thời gian bắt đầu làm việc;Data Explorer;Chỉ tiêu cơ sở;Dễ;Ngày, CTCK;SCMS;;X;;;;;;;;;;
111;Báo cáo giám sát quản trị công ty >> Báo cáo tình hình quản trị công ty - V.II.1+2+III.1+2;Loại báo cáo;Loại báo cáo;Data Explorer;Chiều;Dễ;Ngày, CTCK;SCMS;X;X;;;;;;;;;;
111;Báo cáo giám sát quản trị công ty >> Báo cáo tình hình quản trị công ty - V.II.1+2+III.1+2;Kỳ báo cáo;Kỳ báo cáo;Data Explorer;Chiều;Dễ;Ngày, CTCK;SCMS;X;X;;;;;;;;;;
111;Báo cáo giám sát quản trị công ty >> Báo cáo tình hình quản trị công ty - V.II.1+2+III.1+2;Mã báo cáo;Mã báo cáo;Data Explorer;Chiều;Dễ;Ngày, CTCK;SCMS;X;X;;;;;;;;;;
111;Báo cáo giám sát quản trị công ty >> Báo cáo tình hình quản trị công ty - V.II.1+2+III.1+2;Tên báo cáo;Tên báo cáo;Data Explorer;Chiều;Dễ;Ngày, CTCK;SCMS;X;X;;;;;;;;;;
111;Báo cáo giám sát quản trị công ty >> Báo cáo tình hình quản trị công ty - V.II.1+2+III.1+2;Mã chỉ tiêu;Mã chỉ tiêu;Data Explorer;Chiều;Dễ;Ngày, CTCK;SCMS;X;X;;;;;;;;;;
111;Báo cáo giám sát quản trị công ty >> Báo cáo tình hình quản trị công ty - V.II.1+2+III.1+2;Tên chỉ tiêu;Tên chỉ tiêu;Data Explorer;Chiều;Dễ;Ngày, CTCK;SCMS;X;X;;;;;;;;;;
111;Báo cáo giám sát quản trị công ty >> Báo cáo tình hình quản trị công ty - V.II.1+2+III.1+2;Tên CTCK;Tên CTCK;Data Explorer;Chỉ tiêu cơ sở;Dễ;Ngày, CTCK;SCMS;;X;;;;;;;;;;
111;Báo cáo giám sát quản trị công ty >> Báo cáo tình hình quản trị công ty - V.II.1+2+III.1+2;Địa chỉ trụ sở chính;Địa chỉ trụ sở chính;Data Explorer;Chỉ tiêu cơ sở;Dễ;Ngày, CTCK;SCMS;;X;;;;;;;;;;
111;Báo cáo giám sát quản trị công ty >> Báo cáo tình hình quản trị công ty - V.II.1+2+III.1+2;Vốn Điều lệ;Vốn Điều lệ;Data Explorer;Chỉ tiêu cơ sở;Dễ;Ngày, CTCK;SCMS;;X;;;;;;;;;;
111;Báo cáo giám sát quản trị công ty >> Báo cáo tình hình quản trị công ty - V.II.1+2+III.1+2;Mã CK;Mã CK;Data Explorer;Chỉ tiêu cơ sở;Dễ;Ngày, CTCK;SCMS;;X;;;;;;;;;;
111;Báo cáo giám sát quản trị công ty >> Báo cáo tình hình quản trị công ty - V.II.1+2+III.1+2;Giấy phép Hoạt động của Chủ tịch UBCKNN cấp lần đầu >> Số;Giấy phép Hoạt động của Chủ tịch UBCKNN cấp lần đầu >> Số;Data Explorer;Chỉ tiêu cơ sở;Dễ;Ngày, CTCK;SCMS;;X;;;;;;;;;;
111;Báo cáo giám sát quản trị công ty >> Báo cáo tình hình quản trị công ty - V.II.1+2+III.1+2;Giấy phép Hoạt động của Chủ tịch UBCKNN cấp lần đầu >> Ngày cấp;Giấy phép Hoạt động của Chủ tịch UBCKNN cấp lần đầu >> Ngày cấp;Data Explorer;Chỉ tiêu cơ sở;Dễ;Ngày, CTCK;SCMS;;X;;;;;;;;;;
111;Báo cáo giám sát quản trị công ty >> Báo cáo tình hình quản trị công ty - V.II.1+2+III.1+2;Đại hội đồng cổ đông;Đại hội đồng cổ đông;Data Explorer;Chỉ tiêu cơ sở;TB;Ngày, CTCK;SCMS;;X;;;;;;;;;;
111;Báo cáo giám sát quản trị công ty >> Báo cáo tình hình quản trị công ty - V.II.1+2+III.1+2;Hội đồng quản trị;Hội đồng quản trị;Data Explorer;Chỉ tiêu cơ sở;TB;Ngày, CTCK;SCMS;;X;;;;;;;;;;
111;Báo cáo giám sát quản trị công ty >> Báo cáo tình hình quản trị công ty - V.II.1+2+III.1+2;Tổng giám đốc/Giám đốc;Tổng giám đốc/Giám đốc;Data Explorer;Chỉ tiêu cơ sở;TB;Ngày, CTCK;SCMS;;X;;;;;;;;;;
111;Báo cáo giám sát quản trị công ty >> Báo cáo tình hình quản trị công ty - V.II.1+2+III.1+2;Ban kiểm soát;Ban kiểm soát;Data Explorer;Chỉ tiêu cơ sở;TB;Ngày, CTCK;SCMS;;X;;;;;;;;;;
111;Báo cáo giám sát quản trị công ty >> Báo cáo tình hình quản trị công ty - V.II.1+2+III.1+2;Ủy ban kiểm toán;Ủy ban kiểm toán;Data Explorer;Chỉ tiêu cơ sở;TB;Ngày, CTCK;SCMS;;X;;;;;;;;;;
111;Báo cáo giám sát quản trị công ty >> Báo cáo tình hình quản trị công ty - V.II.1+2+III.1+2;Chức năng kiểm toán nội bộ >> Đã thực hiện;Chức năng kiểm toán nội bộ >> Đã thực hiện;Data Explorer;Chỉ tiêu cơ sở;TB;Ngày, CTCK;SCMS;;X;;;;;;;;;;
111;Báo cáo giám sát quản trị công ty >> Báo cáo tình hình quản trị công ty - V.II.1+2+III.1+2;Chức năng kiểm toán nội bộ >> Chưa thực hiện;Chức năng kiểm toán nội bộ >> Chưa thực hiện;Data Explorer;Chỉ tiêu cơ sở;TB;Ngày, CTCK;SCMS;;X;;;;;;;;;;
111;Báo cáo giám sát quản trị công ty >> Báo cáo tình hình quản trị công ty - V.II.1+2+III.1+2;"Thành viên
(HĐQT/BKS/UBKT)";"Thành viên
(HĐQT/BKS/UBKT)";Data Explorer;Chỉ tiêu cơ sở;Dễ;Ngày, CTCK;SCMS;;X;;;;;;;;;;
111;Báo cáo giám sát quản trị công ty >> Báo cáo tình hình quản trị công ty - V.II.1+2+III.1+2;Tên thành viên;Tên thành viên;Data Explorer;Chỉ tiêu cơ sở;Dễ;Ngày, CTCK;SCMS;;X;;;;;;;;;;
111;Báo cáo giám sát quản trị công ty >> Báo cáo tình hình quản trị công ty - V.II.1+2+III.1+2;Chức vụ;Chức vụ;Data Explorer;Chỉ tiêu cơ sở;Dễ;Ngày, CTCK;SCMS;;X;;;;;;;;;;
111;Báo cáo giám sát quản trị công ty >> Báo cáo tình hình quản trị công ty - V.II.1+2+III.1+2;Trình độ chuyên môn (nếu là BKS/UBKT);Trình độ chuyên môn (nếu là BKS/UBKT);Data Explorer;Chỉ tiêu cơ sở;Dễ;Ngày, CTCK;SCMS;;X;;;;;;;;;;
111;Báo cáo giám sát quản trị công ty >> Báo cáo tình hình quản trị công ty - V.II.1+2+III.1+2;Ngày bắt đầu/không còn là thành viên >> Ngày bổ nhiệm;Ngày bắt đầu/không còn là thành viên >> Ngày bổ nhiệm;Data Explorer;Chỉ tiêu cơ sở;TB;Ngày, CTCK;SCMS;;X;;;;;;;;;;
111;Báo cáo giám sát quản trị công ty >> Báo cáo tình hình quản trị công ty - V.II.1+2+III.1+2;Ngày bắt đầu/không còn là thành viên >> Ngày miễn nhiệm;Ngày bắt đầu/không còn là thành viên >> Ngày miễn nhiệm;Data Explorer;Chỉ tiêu cơ sở;TB;Ngày, CTCK;SCMS;;X;;;;;;;;;;
111;Báo cáo giám sát quản trị công ty >> Báo cáo tình hình quản trị công ty - V.II.1+2+III.1+2;Các cuộc họp HĐQT/BKS/UBKT >> Số buổi họp tham dự;Các cuộc họp HĐQT/BKS/UBKT >> Số buổi họp tham dự;Data Explorer;Chỉ tiêu cơ sở;TB;Ngày, CTCK;SCMS;;X;;;;;;;;;;
111;Báo cáo giám sát quản trị công ty >> Báo cáo tình hình quản trị công ty - V.II.1+2+III.1+2;Các cuộc họp HĐQT/BKS/UBKT >> Tỷ lệ tham dự;Các cuộc họp HĐQT/BKS/UBKT >> Tỷ lệ tham dự;Data Explorer;Chỉ tiêu cơ sở;TB;Ngày, CTCK;SCMS;;X;;;;;;;;;;
111;Báo cáo giám sát quản trị công ty >> Báo cáo tình hình quản trị công ty - V.II.1+2+III.1+2;Các cuộc họp HĐQT/BKS/UBKT >> Tỷ lệ biểu quyết (nếu là BKS/UBKT);Các cuộc họp HĐQT/BKS/UBKT >> Tỷ lệ biểu quyết (nếu là BKS/UBKT);Data Explorer;Chỉ tiêu cơ sở;TB;Ngày, CTCK;SCMS;;X;;;;;;;;;;
111;Báo cáo giám sát quản trị công ty >> Báo cáo tình hình quản trị công ty - V.II.1+2+III.1+2;Các cuộc họp HĐQT/BKS/UBKT >> Lý do không tham dự;Các cuộc họp HĐQT/BKS/UBKT >> Lý do không tham dự;Data Explorer;Chỉ tiêu cơ sở;TB;Ngày, CTCK;SCMS;;X;;;;;;;;;;
112;Báo cáo giám sát quản trị công ty >> Báo cáo tình hình quản trị công ty - V.I+II.5;Loại báo cáo;Loại báo cáo;Data Explorer;Chiều;Dễ;Ngày, CTCK;SCMS;X;X;;;;;;;;;;
112;Báo cáo giám sát quản trị công ty >> Báo cáo tình hình quản trị công ty - V.I+II.5;Kỳ báo cáo;Kỳ báo cáo;Data Explorer;Chiều;Dễ;Ngày, CTCK;SCMS;X;X;;;;;;;;;;
112;Báo cáo giám sát quản trị công ty >> Báo cáo tình hình quản trị công ty - V.I+II.5;Mã báo cáo;Mã báo cáo;Data Explorer;Chiều;Dễ;Ngày, CTCK;SCMS;X;X;;;;;;;;;;
112;Báo cáo giám sát quản trị công ty >> Báo cáo tình hình quản trị công ty - V.I+II.5;Tên báo cáo;Tên báo cáo;Data Explorer;Chiều;Dễ;Ngày, CTCK;SCMS;X;X;;;;;;;;;;
112;Báo cáo giám sát quản trị công ty >> Báo cáo tình hình quản trị công ty - V.I+II.5;Mã chỉ tiêu;Mã chỉ tiêu;Data Explorer;Chiều;Dễ;Ngày, CTCK;SCMS;X;X;;;;;;;;;;
112;Báo cáo giám sát quản trị công ty >> Báo cáo tình hình quản trị công ty - V.I+II.5;Tên chỉ tiêu;Tên chỉ tiêu;Data Explorer;Chiều;Dễ;Ngày, CTCK;SCMS;X;X;;;;;;;;;;
112;Báo cáo giám sát quản trị công ty >> Báo cáo tình hình quản trị công ty - V.I+II.5;Tên CTCK;Tên CTCK;Data Explorer;Chỉ tiêu cơ sở;Trùng;Ngày, CTCK;SCMS;;X;;;;;;;;;;
112;Báo cáo giám sát quản trị công ty >> Báo cáo tình hình quản trị công ty - V.I+II.5;Địa chỉ trụ sở chính;Địa chỉ trụ sở chính;Data Explorer;Chỉ tiêu cơ sở;Trùng;Ngày, CTCK;SCMS;;X;;;;;;;;;;
112;Báo cáo giám sát quản trị công ty >> Báo cáo tình hình quản trị công ty - V.I+II.5;Vốn Điều lệ;Vốn Điều lệ;Data Explorer;Chỉ tiêu cơ sở;Trùng;Ngày, CTCK;SCMS;;X;;;;;;;;;;
112;Báo cáo giám sát quản trị công ty >> Báo cáo tình hình quản trị công ty - V.I+II.5;Mã CK;Mã CK;Data Explorer;Chỉ tiêu cơ sở;Trùng;Ngày, CTCK;SCMS;;X;;;;;;;;;;
112;Báo cáo giám sát quản trị công ty >> Báo cáo tình hình quản trị công ty - V.I+II.5;Giấy phép Hoạt động của Chủ tịch UBCKNN cấp lần đầu >> Số;Giấy phép Hoạt động của Chủ tịch UBCKNN cấp lần đầu >> Số;Data Explorer;Chỉ tiêu cơ sở;Trùng;Ngày, CTCK;SCMS;;X;;;;;;;;;;
112;Báo cáo giám sát quản trị công ty >> Báo cáo tình hình quản trị công ty - V.I+II.5;Giấy phép Hoạt động của Chủ tịch UBCKNN cấp lần đầu >> Ngày cấp;Giấy phép Hoạt động của Chủ tịch UBCKNN cấp lần đầu >> Ngày cấp;Data Explorer;Chỉ tiêu cơ sở;Trùng;Ngày, CTCK;SCMS;;X;;;;;;;;;;
112;Báo cáo giám sát quản trị công ty >> Báo cáo tình hình quản trị công ty - V.I+II.5;Đại hội đồng cổ đông;Đại hội đồng cổ đông;Data Explorer;Chỉ tiêu cơ sở;Trùng;Ngày, CTCK;SCMS;;X;;;;;;;;;;
112;Báo cáo giám sát quản trị công ty >> Báo cáo tình hình quản trị công ty - V.I+II.5;Hội đồng quản trị;Hội đồng quản trị;Data Explorer;Chỉ tiêu cơ sở;Trùng;Ngày, CTCK;SCMS;;X;;;;;;;;;;
112;Báo cáo giám sát quản trị công ty >> Báo cáo tình hình quản trị công ty - V.I+II.5;Tổng giám đốc/Giám đốc;Tổng giám đốc/Giám đốc;Data Explorer;Chỉ tiêu cơ sở;Trùng;Ngày, CTCK;SCMS;;X;;;;;;;;;;
112;Báo cáo giám sát quản trị công ty >> Báo cáo tình hình quản trị công ty - V.I+II.5;Ban kiểm soát;Ban kiểm soát;Data Explorer;Chỉ tiêu cơ sở;Trùng;Ngày, CTCK;SCMS;;X;;;;;;;;;;
112;Báo cáo giám sát quản trị công ty >> Báo cáo tình hình quản trị công ty - V.I+II.5;Ủy ban kiểm toán;Ủy ban kiểm toán;Data Explorer;Chỉ tiêu cơ sở;Trùng;Ngày, CTCK;SCMS;;X;;;;;;;;;;
112;Báo cáo giám sát quản trị công ty >> Báo cáo tình hình quản trị công ty - V.I+II.5;Chức năng kiểm toán nội bộ >> Đã thực hiện;Chức năng kiểm toán nội bộ >> Đã thực hiện;Data Explorer;Chỉ tiêu cơ sở;Trùng;Ngày, CTCK;SCMS;;X;;;;;;;;;;
112;Báo cáo giám sát quản trị công ty >> Báo cáo tình hình quản trị công ty - V.I+II.5;Chức năng kiểm toán nội bộ >> Chưa thực hiện;Chức năng kiểm toán nội bộ >> Chưa thực hiện;Data Explorer;Chỉ tiêu cơ sở;Trùng;Ngày, CTCK;SCMS;;X;;;;;;;;;;
112;Báo cáo giám sát quản trị công ty >> Báo cáo tình hình quản trị công ty - V.I+II.5;Cuộc họp của ĐHĐCĐ/HĐQT;Cuộc họp của ĐHĐCĐ/HĐQT;Data Explorer;Chỉ tiêu cơ sở;TB;Ngày, CTCK;SCMS;;X;;;;;;;;;;
112;Báo cáo giám sát quản trị công ty >> Báo cáo tình hình quản trị công ty - V.I+II.5;Số Nghị quyết/Quyết định;Số Nghị quyết/Quyết định;Data Explorer;Chỉ tiêu cơ sở;TB;Ngày, CTCK;SCMS;;X;;;;;;;;;;
112;Báo cáo giám sát quản trị công ty >> Báo cáo tình hình quản trị công ty - V.I+II.5;Ngày nghị quyết/quyết định;Ngày nghị quyết/quyết định;Data Explorer;Chỉ tiêu cơ sở;TB;Ngày, CTCK;SCMS;;X;;;;;;;;;;
112;Báo cáo giám sát quản trị công ty >> Báo cáo tình hình quản trị công ty - V.I+II.5;Nội dung;Nội dung;Data Explorer;Chỉ tiêu cơ sở;TB;Ngày, CTCK;SCMS;;X;;;;;;;;;;
112;Báo cáo giám sát quản trị công ty >> Báo cáo tình hình quản trị công ty - V.I+II.5;Tỷ lệ thông qua (đối với Họp HĐQT);Tỷ lệ thông qua (đối với Họp HĐQT);Data Explorer;Chỉ tiêu cơ sở;TB;Ngày, CTCK;SCMS;;X;;;;;;;;;;
113;Báo cáo giám sát quản trị công ty >> Báo cáo tình hình quản trị công ty - V.IV+V;Loại báo cáo;Loại báo cáo;Data Explorer;Chiều;Dễ;Ngày, CTCK;SCMS;X;X;;;;;;;;;;
113;Báo cáo giám sát quản trị công ty >> Báo cáo tình hình quản trị công ty - V.IV+V;Kỳ báo cáo;Kỳ báo cáo;Data Explorer;Chiều;Dễ;Ngày, CTCK;SCMS;X;X;;;;;;;;;;
113;Báo cáo giám sát quản trị công ty >> Báo cáo tình hình quản trị công ty - V.IV+V;Mã báo cáo;Mã báo cáo;Data Explorer;Chiều;Dễ;Ngày, CTCK;SCMS;X;X;;;;;;;;;;
113;Báo cáo giám sát quản trị công ty >> Báo cáo tình hình quản trị công ty - V.IV+V;Tên báo cáo;Tên báo cáo;Data Explorer;Chiều;Dễ;Ngày, CTCK;SCMS;X;X;;;;;;;;;;
113;Báo cáo giám sát quản trị công ty >> Báo cáo tình hình quản trị công ty - V.IV+V;Mã chỉ tiêu;Mã chỉ tiêu;Data Explorer;Chiều;Dễ;Ngày, CTCK;SCMS;X;X;;;;;;;;;;
113;Báo cáo giám sát quản trị công ty >> Báo cáo tình hình quản trị công ty - V.IV+V;Tên chỉ tiêu;Tên chỉ tiêu;Data Explorer;Chiều;Dễ;Ngày, CTCK;SCMS;X;X;;;;;;;;;;
113;Báo cáo giám sát quản trị công ty >> Báo cáo tình hình quản trị công ty - V.IV+V;Tên CTCK;Tên CTCK;Data Explorer;Chỉ tiêu cơ sở;Trùng;Ngày, CTCK;SCMS;;X;;;;;;;;;;
113;Báo cáo giám sát quản trị công ty >> Báo cáo tình hình quản trị công ty - V.IV+V;Địa chỉ trụ sở chính;Địa chỉ trụ sở chính;Data Explorer;Chỉ tiêu cơ sở;Trùng;Ngày, CTCK;SCMS;;X;;;;;;;;;;
113;Báo cáo giám sát quản trị công ty >> Báo cáo tình hình quản trị công ty - V.IV+V;Vốn Điều lệ;Vốn Điều lệ;Data Explorer;Chỉ tiêu cơ sở;Trùng;Ngày, CTCK;SCMS;;X;;;;;;;;;;
113;Báo cáo giám sát quản trị công ty >> Báo cáo tình hình quản trị công ty - V.IV+V;Mã CK;Mã CK;Data Explorer;Chỉ tiêu cơ sở;Trùng;Ngày, CTCK;SCMS;;X;;;;;;;;;;
113;Báo cáo giám sát quản trị công ty >> Báo cáo tình hình quản trị công ty - V.IV+V;Giấy phép Hoạt động của Chủ tịch UBCKNN cấp lần đầu >> Số;Giấy phép Hoạt động của Chủ tịch UBCKNN cấp lần đầu >> Số;Data Explorer;Chỉ tiêu cơ sở;Trùng;Ngày, CTCK;SCMS;;X;;;;;;;;;;
113;Báo cáo giám sát quản trị công ty >> Báo cáo tình hình quản trị công ty - V.IV+V;Giấy phép Hoạt động của Chủ tịch UBCKNN cấp lần đầu >> Ngày cấp;Giấy phép Hoạt động của Chủ tịch UBCKNN cấp lần đầu >> Ngày cấp;Data Explorer;Chỉ tiêu cơ sở;Trùng;Ngày, CTCK;SCMS;;X;;;;;;;;;;
113;Báo cáo giám sát quản trị công ty >> Báo cáo tình hình quản trị công ty - V.IV+V;Đại hội đồng cổ đông;Đại hội đồng cổ đông;Data Explorer;Chỉ tiêu cơ sở;Trùng;Ngày, CTCK;SCMS;;X;;;;;;;;;;
113;Báo cáo giám sát quản trị công ty >> Báo cáo tình hình quản trị công ty - V.IV+V;Hội đồng quản trị;Hội đồng quản trị;Data Explorer;Chỉ tiêu cơ sở;Trùng;Ngày, CTCK;SCMS;;X;;;;;;;;;;
113;Báo cáo giám sát quản trị công ty >> Báo cáo tình hình quản trị công ty - V.IV+V;Tổng giám đốc/Giám đốc;Tổng giám đốc/Giám đốc;Data Explorer;Chỉ tiêu cơ sở;Trùng;Ngày, CTCK;SCMS;;X;;;;;;;;;;
113;Báo cáo giám sát quản trị công ty >> Báo cáo tình hình quản trị công ty - V.IV+V;Ban kiểm soát;Ban kiểm soát;Data Explorer;Chỉ tiêu cơ sở;Trùng;Ngày, CTCK;SCMS;;X;;;;;;;;;;
113;Báo cáo giám sát quản trị công ty >> Báo cáo tình hình quản trị công ty - V.IV+V;Ủy ban kiểm toán;Ủy ban kiểm toán;Data Explorer;Chỉ tiêu cơ sở;Trùng;Ngày, CTCK;SCMS;;X;;;;;;;;;;
113;Báo cáo giám sát quản trị công ty >> Báo cáo tình hình quản trị công ty - V.IV+V;Chức năng kiểm toán nội bộ >> Đã thực hiện;Chức năng kiểm toán nội bộ >> Đã thực hiện;Data Explorer;Chỉ tiêu cơ sở;Trùng;Ngày, CTCK;SCMS;;X;;;;;;;;;;
113;Báo cáo giám sát quản trị công ty >> Báo cáo tình hình quản trị công ty - V.IV+V;Chức năng kiểm toán nội bộ >> Chưa thực hiện;Chức năng kiểm toán nội bộ >> Chưa thực hiện;Data Explorer;Chỉ tiêu cơ sở;Trùng;Ngày, CTCK;SCMS;;X;;;;;;;;;;
113;Báo cáo giám sát quản trị công ty >> Báo cáo tình hình quản trị công ty - V.IV+V;Ban Điều hành/Kế toán trưởng;Ban Điều hành/Kế toán trưởng;Data Explorer;Chỉ tiêu cơ sở;TB;Ngày, CTCK;SCMS;;X;;;;;;;;;;
113;Báo cáo giám sát quản trị công ty >> Báo cáo tình hình quản trị công ty - V.IV+V;Tên thành viên Ban điều hành/Kế toán trưởng;Tên thành viên Ban điều hành/Kế toán trưởng;Data Explorer;Chỉ tiêu cơ sở;TB;Ngày, CTCK;SCMS;;X;;;;;;;;;;
113;Báo cáo giám sát quản trị công ty >> Báo cáo tình hình quản trị công ty - V.IV+V;"Ngày tháng năm sinh
(tháng/ngày/năm)";"Ngày tháng năm sinh
(tháng/ngày/năm)";Data Explorer;Chỉ tiêu cơ sở;TB;Ngày, CTCK;SCMS;;X;;;;;;;;;;
113;Báo cáo giám sát quản trị công ty >> Báo cáo tình hình quản trị công ty - V.IV+V;Trình độ chuyên môn (nghiệp vụ);Trình độ chuyên môn (nghiệp vụ);Data Explorer;Chỉ tiêu cơ sở;TB;Ngày, CTCK;SCMS;;X;;;;;;;;;;
113;Báo cáo giám sát quản trị công ty >> Báo cáo tình hình quản trị công ty - V.IV+V;Ngày (tháng/ngày/năm) >> Bổ nhiệm;Ngày (tháng/ngày/năm) >> Bổ nhiệm;Data Explorer;Chỉ tiêu cơ sở;TB;Ngày, CTCK;SCMS;;X;;;;;;;;;;
113;Báo cáo giám sát quản trị công ty >> Báo cáo tình hình quản trị công ty - V.IV+V;Ngày (tháng/ngày/năm) >> Miễn nhiệm;Ngày (tháng/ngày/năm) >> Miễn nhiệm;Data Explorer;Chỉ tiêu cơ sở;TB;Ngày, CTCK;SCMS;;X;;;;;;;;;;
114;Báo cáo giám sát quản trị công ty >> Báo cáo tình hình quản trị công ty - V.VII.1+2;Loại báo cáo;Loại báo cáo;Data Explorer;Chiều;Dễ;Ngày, CTCK;SCMS;X;X;;;;;;;;;;
114;Báo cáo giám sát quản trị công ty >> Báo cáo tình hình quản trị công ty - V.VII.1+2;Kỳ báo cáo;Kỳ báo cáo;Data Explorer;Chiều;Dễ;Ngày, CTCK;SCMS;X;X;;;;;;;;;;
114;Báo cáo giám sát quản trị công ty >> Báo cáo tình hình quản trị công ty - V.VII.1+2;Mã báo cáo;Mã báo cáo;Data Explorer;Chiều;Dễ;Ngày, CTCK;SCMS;X;X;;;;;;;;;;
114;Báo cáo giám sát quản trị công ty >> Báo cáo tình hình quản trị công ty - V.VII.1+2;Tên báo cáo;Tên báo cáo;Data Explorer;Chiều;Dễ;Ngày, CTCK;SCMS;X;X;;;;;;;;;;
114;Báo cáo giám sát quản trị công ty >> Báo cáo tình hình quản trị công ty - V.VII.1+2;Mã chỉ tiêu;Mã chỉ tiêu;Data Explorer;Chiều;Dễ;Ngày, CTCK;SCMS;X;X;;;;;;;;;;
114;Báo cáo giám sát quản trị công ty >> Báo cáo tình hình quản trị công ty - V.VII.1+2;Tên chỉ tiêu;Tên chỉ tiêu;Data Explorer;Chiều;Dễ;Ngày, CTCK;SCMS;X;X;;;;;;;;;;
114;Báo cáo giám sát quản trị công ty >> Báo cáo tình hình quản trị công ty - V.VII.1+2;Tên CTCK;Tên CTCK;Data Explorer;Chỉ tiêu cơ sở;Trùng;Ngày, CTCK;SCMS;;X;;;;;;;;;;
114;Báo cáo giám sát quản trị công ty >> Báo cáo tình hình quản trị công ty - V.VII.1+2;Địa chỉ trụ sở chính;Địa chỉ trụ sở chính;Data Explorer;Chỉ tiêu cơ sở;Trùng;Ngày, CTCK;SCMS;;X;;;;;;;;;;
114;Báo cáo giám sát quản trị công ty >> Báo cáo tình hình quản trị công ty - V.VII.1+2;Vốn Điều lệ;Vốn Điều lệ;Data Explorer;Chỉ tiêu cơ sở;Trùng;Ngày, CTCK;SCMS;;X;;;;;;;;;;
114;Báo cáo giám sát quản trị công ty >> Báo cáo tình hình quản trị công ty - V.VII.1+2;Mã CK;Mã CK;Data Explorer;Chỉ tiêu cơ sở;Trùng;Ngày, CTCK;SCMS;;X;;;;;;;;;;
114;Báo cáo giám sát quản trị công ty >> Báo cáo tình hình quản trị công ty - V.VII.1+2;Giấy phép Hoạt động của Chủ tịch UBCKNN cấp lần đầu >> Số;Giấy phép Hoạt động của Chủ tịch UBCKNN cấp lần đầu >> Số;Data Explorer;Chỉ tiêu cơ sở;Trùng;Ngày, CTCK;SCMS;;X;;;;;;;;;;
114;Báo cáo giám sát quản trị công ty >> Báo cáo tình hình quản trị công ty - V.VII.1+2;Giấy phép Hoạt động của Chủ tịch UBCKNN cấp lần đầu >> Ngày cấp;Giấy phép Hoạt động của Chủ tịch UBCKNN cấp lần đầu >> Ngày cấp;Data Explorer;Chỉ tiêu cơ sở;Trùng;Ngày, CTCK;SCMS;;X;;;;;;;;;;
114;Báo cáo giám sát quản trị công ty >> Báo cáo tình hình quản trị công ty - V.VII.1+2;Đại hội đồng cổ đông;Đại hội đồng cổ đông;Data Explorer;Chỉ tiêu cơ sở;Trùng;Ngày, CTCK;SCMS;;X;;;;;;;;;;
114;Báo cáo giám sát quản trị công ty >> Báo cáo tình hình quản trị công ty - V.VII.1+2;Hội đồng quản trị;Hội đồng quản trị;Data Explorer;Chỉ tiêu cơ sở;Trùng;Ngày, CTCK;SCMS;;X;;;;;;;;;;
114;Báo cáo giám sát quản trị công ty >> Báo cáo tình hình quản trị công ty - V.VII.1+2;Tổng giám đốc/Giám đốc;Tổng giám đốc/Giám đốc;Data Explorer;Chỉ tiêu cơ sở;Trùng;Ngày, CTCK;SCMS;;X;;;;;;;;;;
114;Báo cáo giám sát quản trị công ty >> Báo cáo tình hình quản trị công ty - V.VII.1+2;Ban kiểm soát;Ban kiểm soát;Data Explorer;Chỉ tiêu cơ sở;Trùng;Ngày, CTCK;SCMS;;X;;;;;;;;;;
114;Báo cáo giám sát quản trị công ty >> Báo cáo tình hình quản trị công ty - V.VII.1+2;Ủy ban kiểm toán;Ủy ban kiểm toán;Data Explorer;Chỉ tiêu cơ sở;Trùng;Ngày, CTCK;SCMS;;X;;;;;;;;;;
114;Báo cáo giám sát quản trị công ty >> Báo cáo tình hình quản trị công ty - V.VII.1+2;Chức năng kiểm toán nội bộ >> Đã thực hiện;Chức năng kiểm toán nội bộ >> Đã thực hiện;Data Explorer;Chỉ tiêu cơ sở;Trùng;Ngày, CTCK;SCMS;;X;;;;;;;;;;
114;Báo cáo giám sát quản trị công ty >> Báo cáo tình hình quản trị công ty - V.VII.1+2;Chức năng kiểm toán nội bộ >> Chưa thực hiện;Chức năng kiểm toán nội bộ >> Chưa thực hiện;Data Explorer;Chỉ tiêu cơ sở;Trùng;Ngày, CTCK;SCMS;;X;;;;;;;;;;
114;Báo cáo giám sát quản trị công ty >> Báo cáo tình hình quản trị công ty - V.VII.1+2;Tên tổ chức/Cá nhân;Tên tổ chức/Cá nhân;Data Explorer;Chỉ tiêu cơ sở;TB;Ngày, CTCK;SCMS;;X;;;;;;;;;;
114;Báo cáo giám sát quản trị công ty >> Báo cáo tình hình quản trị công ty - V.VII.1+2;Tài khoản giao dịch chứng khoán (nếu có);Tài khoản giao dịch chứng khoán (nếu có);Data Explorer;Chỉ tiêu cơ sở;TB;Ngày, CTCK;SCMS;;X;;;;;;;;;;
114;Báo cáo giám sát quản trị công ty >> Báo cáo tình hình quản trị công ty - V.VII.1+2;Chức vụ tại công ty (nếu có);Chức vụ tại công ty (nếu có);Data Explorer;Chỉ tiêu cơ sở;TB;Ngày, CTCK;SCMS;;X;;;;;;;;;;
114;Báo cáo giám sát quản trị công ty >> Báo cáo tình hình quản trị công ty - V.VII.1+2;Giấy NSH (số CMND/Hộ chiếu (đối với cá nhân) hoặc Số Giấy chứng nhận đăng ký doanh nghiệp, Giấy phép hoạt động hoặc giấy tờ pháp lý tương đương (đối với tổ chức)) >> Số;Giấy NSH (số CMND/Hộ chiếu (đối với cá nhân) hoặc Số Giấy chứng nhận đăng ký doanh nghiệp, Giấy phép hoạt động hoặc giấy tờ pháp lý tương đương (đối với tổ chức)) >> Số;Data Explorer;Chỉ tiêu cơ sở;TB;Ngày, CTCK;SCMS;;X;;;;;;;;;;
114;Báo cáo giám sát quản trị công ty >> Báo cáo tình hình quản trị công ty - V.VII.1+2;Giấy NSH (số CMND/Hộ chiếu (đối với cá nhân) hoặc Số Giấy chứng nhận đăng ký doanh nghiệp, Giấy phép hoạt động hoặc giấy tờ pháp lý tương đương (đối với tổ chức)) >> Ngày cấp;Giấy NSH (số CMND/Hộ chiếu (đối với cá nhân) hoặc Số Giấy chứng nhận đăng ký doanh nghiệp, Giấy phép hoạt động hoặc giấy tờ pháp lý tương đương (đối với tổ chức)) >> Ngày cấp;Data Explorer;Chỉ tiêu cơ sở;TB;Ngày, CTCK;SCMS;;X;;;;;;;;;;
114;Báo cáo giám sát quản trị công ty >> Báo cáo tình hình quản trị công ty - V.VII.1+2;Giấy NSH (số CMND/Hộ chiếu (đối với cá nhân) hoặc Số Giấy chứng nhận đăng ký doanh nghiệp, Giấy phép hoạt động hoặc giấy tờ pháp lý tương đương (đối với tổ chức)) >> Nơi cấp;Giấy NSH (số CMND/Hộ chiếu (đối với cá nhân) hoặc Số Giấy chứng nhận đăng ký doanh nghiệp, Giấy phép hoạt động hoặc giấy tờ pháp lý tương đương (đối với tổ chức)) >> Nơi cấp;Data Explorer;Chỉ tiêu cơ sở;TB;Ngày, CTCK;SCMS;;X;;;;;;;;;;
114;Báo cáo giám sát quản trị công ty >> Báo cáo tình hình quản trị công ty - V.VII.1+2;Địa chỉ trụ sở chính/ Địa chỉ liên hệ;Địa chỉ trụ sở chính/ Địa chỉ liên hệ;Data Explorer;Chỉ tiêu cơ sở;TB;Ngày, CTCK;SCMS;;X;;;;;;;;;;
114;Báo cáo giám sát quản trị công ty >> Báo cáo tình hình quản trị công ty - V.VII.1+2;Thời điểm bắt đầu là người có liên quan;Thời điểm bắt đầu là người có liên quan;Data Explorer;Chỉ tiêu cơ sở;TB;Ngày, CTCK;SCMS;;X;;;;;;;;;;
114;Báo cáo giám sát quản trị công ty >> Báo cáo tình hình quản trị công ty - V.VII.1+2;Thời điểm không còn là người có liên quan;Thời điểm không còn là người có liên quan;Data Explorer;Chỉ tiêu cơ sở;TB;Ngày, CTCK;SCMS;;X;;;;;;;;;;
114;Báo cáo giám sát quản trị công ty >> Báo cáo tình hình quản trị công ty - V.VII.1+2;Lý do;Lý do;Data Explorer;Chỉ tiêu cơ sở;TB;Ngày, CTCK;SCMS;;X;;;;;;;;;;
114;Báo cáo giám sát quản trị công ty >> Báo cáo tình hình quản trị công ty - V.VII.1+2;Mối quan hệ liên quan với công ty;Mối quan hệ liên quan với công ty;Data Explorer;Chỉ tiêu cơ sở;TB;Ngày, CTCK;SCMS;;X;;;;;;;;;;
114;Báo cáo giám sát quản trị công ty >> Báo cáo tình hình quản trị công ty - V.VII.1+2;Thời điểm giao dịch với công ty;Thời điểm giao dịch với công ty;Data Explorer;Chỉ tiêu cơ sở;TB;Ngày, CTCK;SCMS;;X;;;;;;;;;;
114;Báo cáo giám sát quản trị công ty >> Báo cáo tình hình quản trị công ty - V.VII.1+2;Nghị quyết/Quyết định của cấp thẩm quyền thông qua >> Số;Nghị quyết/Quyết định của cấp thẩm quyền thông qua >> Số;Data Explorer;Chỉ tiêu cơ sở;TB;Ngày, CTCK;SCMS;;X;;;;;;;;;;
114;Báo cáo giám sát quản trị công ty >> Báo cáo tình hình quản trị công ty - V.VII.1+2;Nghị quyết/Quyết định của cấp thẩm quyền thông qua >> Ngày;Nghị quyết/Quyết định của cấp thẩm quyền thông qua >> Ngày;Data Explorer;Chỉ tiêu cơ sở;TB;Ngày, CTCK;SCMS;;X;;;;;;;;;;
114;Báo cáo giám sát quản trị công ty >> Báo cáo tình hình quản trị công ty - V.VII.1+2;Nội dung, số lượng, tổng giá trị giao dịch;Nội dung, số lượng, tổng giá trị giao dịch;Data Explorer;Chỉ tiêu cơ sở;TB;Ngày, CTCK;SCMS;;X;;;;;;;;;;
114;Báo cáo giám sát quản trị công ty >> Báo cáo tình hình quản trị công ty - V.VII.1+2;Ghi chú;Ghi chú;Data Explorer;Chỉ tiêu cơ sở;TB;Ngày, CTCK;SCMS;;X;;;;;;;;;;
115;Báo cáo giám sát quản trị công ty >> Báo cáo tình hình quản trị công ty - V.VIII.1;Loại báo cáo;Loại báo cáo;Data Explorer;Chiều;Dễ;Ngày, CTCK;SCMS;X;X;;;;;;;;;;
115;Báo cáo giám sát quản trị công ty >> Báo cáo tình hình quản trị công ty - V.VIII.1;Kỳ báo cáo;Kỳ báo cáo;Data Explorer;Chiều;Dễ;Ngày, CTCK;SCMS;X;X;;;;;;;;;;
115;Báo cáo giám sát quản trị công ty >> Báo cáo tình hình quản trị công ty - V.VIII.1;Mã báo cáo;Mã báo cáo;Data Explorer;Chiều;Dễ;Ngày, CTCK;SCMS;X;X;;;;;;;;;;
115;Báo cáo giám sát quản trị công ty >> Báo cáo tình hình quản trị công ty - V.VIII.1;Tên báo cáo;Tên báo cáo;Data Explorer;Chiều;Dễ;Ngày, CTCK;SCMS;X;X;;;;;;;;;;
115;Báo cáo giám sát quản trị công ty >> Báo cáo tình hình quản trị công ty - V.VIII.1;Mã chỉ tiêu;Mã chỉ tiêu;Data Explorer;Chiều;Dễ;Ngày, CTCK;SCMS;X;X;;;;;;;;;;
115;Báo cáo giám sát quản trị công ty >> Báo cáo tình hình quản trị công ty - V.VIII.1;Tên chỉ tiêu;Tên chỉ tiêu;Data Explorer;Chiều;Dễ;Ngày, CTCK;SCMS;X;X;;;;;;;;;;
115;Báo cáo giám sát quản trị công ty >> Báo cáo tình hình quản trị công ty - V.VIII.1;Tên CTCK;Tên CTCK;Data Explorer;Chỉ tiêu cơ sở;Trùng;Ngày, CTCK;SCMS;;X;;;;;;;;;;
115;Báo cáo giám sát quản trị công ty >> Báo cáo tình hình quản trị công ty - V.VIII.1;Địa chỉ trụ sở chính;Địa chỉ trụ sở chính;Data Explorer;Chỉ tiêu cơ sở;Trùng;Ngày, CTCK;SCMS;;X;;;;;;;;;;
115;Báo cáo giám sát quản trị công ty >> Báo cáo tình hình quản trị công ty - V.VIII.1;Vốn Điều lệ;Vốn Điều lệ;Data Explorer;Chỉ tiêu cơ sở;Trùng;Ngày, CTCK;SCMS;;X;;;;;;;;;;
115;Báo cáo giám sát quản trị công ty >> Báo cáo tình hình quản trị công ty - V.VIII.1;Mã CK;Mã CK;Data Explorer;Chỉ tiêu cơ sở;Trùng;Ngày, CTCK;SCMS;;X;;;;;;;;;;
115;Báo cáo giám sát quản trị công ty >> Báo cáo tình hình quản trị công ty - V.VIII.1;Giấy phép Hoạt động của Chủ tịch UBCKNN cấp lần đầu >> Số;Giấy phép Hoạt động của Chủ tịch UBCKNN cấp lần đầu >> Số;Data Explorer;Chỉ tiêu cơ sở;Trùng;Ngày, CTCK;SCMS;;X;;;;;;;;;;
115;Báo cáo giám sát quản trị công ty >> Báo cáo tình hình quản trị công ty - V.VIII.1;Giấy phép Hoạt động của Chủ tịch UBCKNN cấp lần đầu >> Ngày cấp;Giấy phép Hoạt động của Chủ tịch UBCKNN cấp lần đầu >> Ngày cấp;Data Explorer;Chỉ tiêu cơ sở;Trùng;Ngày, CTCK;SCMS;;X;;;;;;;;;;
115;Báo cáo giám sát quản trị công ty >> Báo cáo tình hình quản trị công ty - V.VIII.1;Đại hội đồng cổ đông;Đại hội đồng cổ đông;Data Explorer;Chỉ tiêu cơ sở;Trùng;Ngày, CTCK;SCMS;;X;;;;;;;;;;
115;Báo cáo giám sát quản trị công ty >> Báo cáo tình hình quản trị công ty - V.VIII.1;Hội đồng quản trị;Hội đồng quản trị;Data Explorer;Chỉ tiêu cơ sở;Trùng;Ngày, CTCK;SCMS;;X;;;;;;;;;;
115;Báo cáo giám sát quản trị công ty >> Báo cáo tình hình quản trị công ty - V.VIII.1;Tổng giám đốc/Giám đốc;Tổng giám đốc/Giám đốc;Data Explorer;Chỉ tiêu cơ sở;Trùng;Ngày, CTCK;SCMS;;X;;;;;;;;;;
115;Báo cáo giám sát quản trị công ty >> Báo cáo tình hình quản trị công ty - V.VIII.1;Ban kiểm soát;Ban kiểm soát;Data Explorer;Chỉ tiêu cơ sở;Trùng;Ngày, CTCK;SCMS;;X;;;;;;;;;;
115;Báo cáo giám sát quản trị công ty >> Báo cáo tình hình quản trị công ty - V.VIII.1;Ủy ban kiểm toán;Ủy ban kiểm toán;Data Explorer;Chỉ tiêu cơ sở;Trùng;Ngày, CTCK;SCMS;;X;;;;;;;;;;
115;Báo cáo giám sát quản trị công ty >> Báo cáo tình hình quản trị công ty - V.VIII.1;Chức năng kiểm toán nội bộ >> Đã thực hiện;Chức năng kiểm toán nội bộ >> Đã thực hiện;Data Explorer;Chỉ tiêu cơ sở;Trùng;Ngày, CTCK;SCMS;;X;;;;;;;;;;
115;Báo cáo giám sát quản trị công ty >> Báo cáo tình hình quản trị công ty - V.VIII.1;Chức năng kiểm toán nội bộ >> Chưa thực hiện;Chức năng kiểm toán nội bộ >> Chưa thực hiện;Data Explorer;Chỉ tiêu cơ sở;Trùng;Ngày, CTCK;SCMS;;X;;;;;;;;;;
115;Báo cáo giám sát quản trị công ty >> Báo cáo tình hình quản trị công ty - V.VIII.1;Họ và tên;Họ và tên;Data Explorer;Chỉ tiêu cơ sở;TB;Ngày, CTCK;SCMS;;X;;;;;;;;;;
115;Báo cáo giám sát quản trị công ty >> Báo cáo tình hình quản trị công ty - V.VIII.1;Tài khoản giao dịch chứng khoán (nếu có);Tài khoản giao dịch chứng khoán (nếu có);Data Explorer;Chỉ tiêu cơ sở;TB;Ngày, CTCK;SCMS;;X;;;;;;;;;;
115;Báo cáo giám sát quản trị công ty >> Báo cáo tình hình quản trị công ty - V.VIII.1;Chức vụ tại công ty (nếu có);Chức vụ tại công ty (nếu có);Data Explorer;Chỉ tiêu cơ sở;TB;Ngày, CTCK;SCMS;;X;;;;;;;;;;
115;Báo cáo giám sát quản trị công ty >> Báo cáo tình hình quản trị công ty - V.VIII.1;Số CMND/Hộ chiếu >> Số;Số CMND/Hộ chiếu >> Số;Data Explorer;Chỉ tiêu cơ sở;TB;Ngày, CTCK;SCMS;;X;;;;;;;;;;
115;Báo cáo giám sát quản trị công ty >> Báo cáo tình hình quản trị công ty - V.VIII.1;Số CMND/Hộ chiếu >> Ngày cấp;Số CMND/Hộ chiếu >> Ngày cấp;Data Explorer;Chỉ tiêu cơ sở;TB;Ngày, CTCK;SCMS;;X;;;;;;;;;;
115;Báo cáo giám sát quản trị công ty >> Báo cáo tình hình quản trị công ty - V.VIII.1;Số CMND/Hộ chiếu >> Nơi cấp;Số CMND/Hộ chiếu >> Nơi cấp;Data Explorer;Chỉ tiêu cơ sở;TB;Ngày, CTCK;SCMS;;X;;;;;;;;;;
115;Báo cáo giám sát quản trị công ty >> Báo cáo tình hình quản trị công ty - V.VIII.1;Địa chỉ liên hệ;Địa chỉ liên hệ;Data Explorer;Chỉ tiêu cơ sở;TB;Ngày, CTCK;SCMS;;X;;;;;;;;;;
115;Báo cáo giám sát quản trị công ty >> Báo cáo tình hình quản trị công ty - V.VIII.1;Số cổ phiếu sở hữu cuối kỳ;Số cổ phiếu sở hữu cuối kỳ;Data Explorer;Chỉ tiêu cơ sở;TB;Ngày, CTCK;SCMS;;X;;;;;;;;;;
115;Báo cáo giám sát quản trị công ty >> Báo cáo tình hình quản trị công ty - V.VIII.1;Tỷ lệ sở hữu cổ phiếu cuối kỳ;Tỷ lệ sở hữu cổ phiếu cuối kỳ;Data Explorer;Chỉ tiêu cơ sở;TB;Ngày, CTCK;SCMS;;X;;;;;;;;;;
115;Báo cáo giám sát quản trị công ty >> Báo cáo tình hình quản trị công ty - V.VIII.1;Ghi chú (Mối quan hệ với NNB);Ghi chú (Mối quan hệ với NNB);Data Explorer;Chỉ tiêu cơ sở;TB;Ngày, CTCK;SCMS;;X;;;;;;;;;;
116;Báo cáo giám sát quản trị công ty >> Báo cáo tình hình quản trị công ty - V.VII.3+VIII.2;Loại báo cáo;Loại báo cáo;Data Explorer;Chiều;Dễ;Ngày, CTCK;SCMS;X;X;;;;;;;;;;
116;Báo cáo giám sát quản trị công ty >> Báo cáo tình hình quản trị công ty - V.VII.3+VIII.2;Kỳ báo cáo;Kỳ báo cáo;Data Explorer;Chiều;Dễ;Ngày, CTCK;SCMS;X;X;;;;;;;;;;
116;Báo cáo giám sát quản trị công ty >> Báo cáo tình hình quản trị công ty - V.VII.3+VIII.2;Mã báo cáo;Mã báo cáo;Data Explorer;Chiều;Dễ;Ngày, CTCK;SCMS;X;X;;;;;;;;;;
116;Báo cáo giám sát quản trị công ty >> Báo cáo tình hình quản trị công ty - V.VII.3+VIII.2;Tên báo cáo;Tên báo cáo;Data Explorer;Chiều;Dễ;Ngày, CTCK;SCMS;X;X;;;;;;;;;;
116;Báo cáo giám sát quản trị công ty >> Báo cáo tình hình quản trị công ty - V.VII.3+VIII.2;Mã chỉ tiêu;Mã chỉ tiêu;Data Explorer;Chiều;Dễ;Ngày, CTCK;SCMS;X;X;;;;;;;;;;
116;Báo cáo giám sát quản trị công ty >> Báo cáo tình hình quản trị công ty - V.VII.3+VIII.2;Tên chỉ tiêu;Tên chỉ tiêu;Data Explorer;Chiều;Dễ;Ngày, CTCK;SCMS;X;X;;;;;;;;;;
116;Báo cáo giám sát quản trị công ty >> Báo cáo tình hình quản trị công ty - V.VII.3+VIII.2;Tên CTCK;Tên CTCK;Data Explorer;Chỉ tiêu cơ sở;Trùng;Ngày, CTCK;SCMS;;X;;;;;;;;;;
116;Báo cáo giám sát quản trị công ty >> Báo cáo tình hình quản trị công ty - V.VII.3+VIII.2;Địa chỉ trụ sở chính;Địa chỉ trụ sở chính;Data Explorer;Chỉ tiêu cơ sở;Trùng;Ngày, CTCK;SCMS;;X;;;;;;;;;;
116;Báo cáo giám sát quản trị công ty >> Báo cáo tình hình quản trị công ty - V.VII.3+VIII.2;Vốn Điều lệ;Vốn Điều lệ;Data Explorer;Chỉ tiêu cơ sở;Trùng;Ngày, CTCK;SCMS;;X;;;;;;;;;;
116;Báo cáo giám sát quản trị công ty >> Báo cáo tình hình quản trị công ty - V.VII.3+VIII.2;Mã CK;Mã CK;Data Explorer;Chỉ tiêu cơ sở;Trùng;Ngày, CTCK;SCMS;;X;;;;;;;;;;
116;Báo cáo giám sát quản trị công ty >> Báo cáo tình hình quản trị công ty - V.VII.3+VIII.2;Giấy phép Hoạt động của Chủ tịch UBCKNN cấp lần đầu >> Số;Giấy phép Hoạt động của Chủ tịch UBCKNN cấp lần đầu >> Số;Data Explorer;Chỉ tiêu cơ sở;Trùng;Ngày, CTCK;SCMS;;X;;;;;;;;;;
116;Báo cáo giám sát quản trị công ty >> Báo cáo tình hình quản trị công ty - V.VII.3+VIII.2;Giấy phép Hoạt động của Chủ tịch UBCKNN cấp lần đầu >> Ngày cấp;Giấy phép Hoạt động của Chủ tịch UBCKNN cấp lần đầu >> Ngày cấp;Data Explorer;Chỉ tiêu cơ sở;Trùng;Ngày, CTCK;SCMS;;X;;;;;;;;;;
116;Báo cáo giám sát quản trị công ty >> Báo cáo tình hình quản trị công ty - V.VII.3+VIII.2;Đại hội đồng cổ đông;Đại hội đồng cổ đông;Data Explorer;Chỉ tiêu cơ sở;Trùng;Ngày, CTCK;SCMS;;X;;;;;;;;;;
116;Báo cáo giám sát quản trị công ty >> Báo cáo tình hình quản trị công ty - V.VII.3+VIII.2;Hội đồng quản trị;Hội đồng quản trị;Data Explorer;Chỉ tiêu cơ sở;Trùng;Ngày, CTCK;SCMS;;X;;;;;;;;;;
116;Báo cáo giám sát quản trị công ty >> Báo cáo tình hình quản trị công ty - V.VII.3+VIII.2;Tổng giám đốc/Giám đốc;Tổng giám đốc/Giám đốc;Data Explorer;Chỉ tiêu cơ sở;Trùng;Ngày, CTCK;SCMS;;X;;;;;;;;;;
116;Báo cáo giám sát quản trị công ty >> Báo cáo tình hình quản trị công ty - V.VII.3+VIII.2;Ban kiểm soát;Ban kiểm soát;Data Explorer;Chỉ tiêu cơ sở;Trùng;Ngày, CTCK;SCMS;;X;;;;;;;;;;
116;Báo cáo giám sát quản trị công ty >> Báo cáo tình hình quản trị công ty - V.VII.3+VIII.2;Ủy ban kiểm toán;Ủy ban kiểm toán;Data Explorer;Chỉ tiêu cơ sở;Trùng;Ngày, CTCK;SCMS;;X;;;;;;;;;;
116;Báo cáo giám sát quản trị công ty >> Báo cáo tình hình quản trị công ty - V.VII.3+VIII.2;Chức năng kiểm toán nội bộ >> Đã thực hiện;Chức năng kiểm toán nội bộ >> Đã thực hiện;Data Explorer;Chỉ tiêu cơ sở;Trùng;Ngày, CTCK;SCMS;;X;;;;;;;;;;
116;Báo cáo giám sát quản trị công ty >> Báo cáo tình hình quản trị công ty - V.VII.3+VIII.2;Chức năng kiểm toán nội bộ >> Chưa thực hiện;Chức năng kiểm toán nội bộ >> Chưa thực hiện;Data Explorer;Chỉ tiêu cơ sở;Trùng;Ngày, CTCK;SCMS;;X;;;;;;;;;;
116;Báo cáo giám sát quản trị công ty >> Báo cáo tình hình quản trị công ty - V.VII.3+VIII.2;Người thực hiện giao dịch;Người thực hiện giao dịch;Data Explorer;Chỉ tiêu cơ sở;TB;Ngày, CTCK;SCMS;;X;;;;;;;;;;
116;Báo cáo giám sát quản trị công ty >> Báo cáo tình hình quản trị công ty - V.VII.3+VIII.2;Quan hệ với người nội bộ;Quan hệ với người nội bộ;Data Explorer;Chỉ tiêu cơ sở;TB;Ngày, CTCK;SCMS;;X;;;;;;;;;;
116;Báo cáo giám sát quản trị công ty >> Báo cáo tình hình quản trị công ty - V.VII.3+VIII.2;Chức vụ tại CTNY;Chức vụ tại CTNY;Data Explorer;Chỉ tiêu cơ sở;TB;Ngày, CTCK;SCMS;;X;;;;;;;;;;
116;Báo cáo giám sát quản trị công ty >> Báo cáo tình hình quản trị công ty - V.VII.3+VIII.2;CMND/Hộ chiếu >> Số;CMND/Hộ chiếu >> Số;Data Explorer;Chỉ tiêu cơ sở;TB;Ngày, CTCK;SCMS;;X;;;;;;;;;;
116;Báo cáo giám sát quản trị công ty >> Báo cáo tình hình quản trị công ty - V.VII.3+VIII.2;CMND/Hộ chiếu >> Ngày cấp;CMND/Hộ chiếu >> Ngày cấp;Data Explorer;Chỉ tiêu cơ sở;TB;Ngày, CTCK;SCMS;;X;;;;;;;;;;
116;Báo cáo giám sát quản trị công ty >> Báo cáo tình hình quản trị công ty - V.VII.3+VIII.2;CMND/Hộ chiếu >> Nơi cấp;CMND/Hộ chiếu >> Nơi cấp;Data Explorer;Chỉ tiêu cơ sở;TB;Ngày, CTCK;SCMS;;X;;;;;;;;;;
116;Báo cáo giám sát quản trị công ty >> Báo cáo tình hình quản trị công ty - V.VII.3+VIII.2;Địa chỉ;Địa chỉ;Data Explorer;Chỉ tiêu cơ sở;TB;Ngày, CTCK;SCMS;;X;;;;;;;;;;
116;Báo cáo giám sát quản trị công ty >> Báo cáo tình hình quản trị công ty - V.VII.3+VIII.2;Tên công ty con, công ty do CTNY nắm quyền kiểm soát;Tên công ty con, công ty do CTNY nắm quyền kiểm soát;Data Explorer;Chỉ tiêu cơ sở;TB;Ngày, CTCK;SCMS;;X;;;;;;;;;;
116;Báo cáo giám sát quản trị công ty >> Báo cáo tình hình quản trị công ty - V.VII.3+VIII.2;Thời điểm giao dịch;Thời điểm giao dịch;Data Explorer;Chỉ tiêu cơ sở;TB;Ngày, CTCK;SCMS;;X;;;;;;;;;;
116;Báo cáo giám sát quản trị công ty >> Báo cáo tình hình quản trị công ty - V.VII.3+VIII.2;Nội dung, số lượng, tổng giá trị giao dịch;Nội dung, số lượng, tổng giá trị giao dịch;Data Explorer;Chỉ tiêu cơ sở;TB;Ngày, CTCK;SCMS;;X;;;;;;;;;;
116;Báo cáo giám sát quản trị công ty >> Báo cáo tình hình quản trị công ty - V.VII.3+VIII.2;Ghi chú;Ghi chú;Data Explorer;Chỉ tiêu cơ sở;TB;Ngày, CTCK;SCMS;;X;;;;;;;;;;
116;Báo cáo giám sát quản trị công ty >> Báo cáo tình hình quản trị công ty - V.VII.3+VIII.2;Số cổ phiếu sở hữu đầu kỳ >> Số cổ phiếu;Số cổ phiếu sở hữu đầu kỳ >> Số cổ phiếu;Data Explorer;Chỉ tiêu cơ sở;TB;Ngày, CTCK;SCMS;;X;;;;;;;;;;
116;Báo cáo giám sát quản trị công ty >> Báo cáo tình hình quản trị công ty - V.VII.3+VIII.2;Số cổ phiếu sở hữu đầu kỳ >> Tỷ lệ;Số cổ phiếu sở hữu đầu kỳ >> Tỷ lệ;Data Explorer;Chỉ tiêu cơ sở;TB;Ngày, CTCK;SCMS;;X;;;;;;;;;;
116;Báo cáo giám sát quản trị công ty >> Báo cáo tình hình quản trị công ty - V.VII.3+VIII.2;Số cổ phiếu sở hữu cuối kỳ >> Số cổ phiếu;Số cổ phiếu sở hữu cuối kỳ >> Số cổ phiếu;Data Explorer;Chỉ tiêu cơ sở;TB;Ngày, CTCK;SCMS;;X;;;;;;;;;;
116;Báo cáo giám sát quản trị công ty >> Báo cáo tình hình quản trị công ty - V.VII.3+VIII.2;Số cổ phiếu sở hữu cuối kỳ >> Tỷ lệ;Số cổ phiếu sở hữu cuối kỳ >> Tỷ lệ;Data Explorer;Chỉ tiêu cơ sở;TB;Ngày, CTCK;SCMS;;X;;;;;;;;;;
116;Báo cáo giám sát quản trị công ty >> Báo cáo tình hình quản trị công ty - V.VII.3+VIII.2;Lý do tăng, giảm (mua, bán, chuyển đổi, thưởng...;Lý do tăng, giảm (mua, bán, chuyển đổi, thưởng...;Data Explorer;Chỉ tiêu cơ sở;TB;Ngày, CTCK;SCMS;;X;;;;;;;;;;
117;Báo cáo NPF >> Kết quả triển khai quy định nhận lệnh, thực hiện lệnh giao dịch mua cổ phiếu không yêu cầu có đủ tiền khi đặt lệnh của nhà đầu tư nước ngoài là tổ chức (NPF);Loại báo cáo;Loại báo cáo;Data Explorer;Chiều;Dễ;Ngày, CTCK;SCMS;X;X;;;;;;;;;;
117;Báo cáo NPF >> Kết quả triển khai quy định nhận lệnh, thực hiện lệnh giao dịch mua cổ phiếu không yêu cầu có đủ tiền khi đặt lệnh của nhà đầu tư nước ngoài là tổ chức (NPF);Kỳ báo cáo;Kỳ báo cáo;Data Explorer;Chiều;Dễ;Ngày, CTCK;SCMS;X;X;;;;;;;;;;
117;Báo cáo NPF >> Kết quả triển khai quy định nhận lệnh, thực hiện lệnh giao dịch mua cổ phiếu không yêu cầu có đủ tiền khi đặt lệnh của nhà đầu tư nước ngoài là tổ chức (NPF);Mã báo cáo;Mã báo cáo;Data Explorer;Chiều;Dễ;Ngày, CTCK;SCMS;X;X;;;;;;;;;;
117;Báo cáo NPF >> Kết quả triển khai quy định nhận lệnh, thực hiện lệnh giao dịch mua cổ phiếu không yêu cầu có đủ tiền khi đặt lệnh của nhà đầu tư nước ngoài là tổ chức (NPF);Tên báo cáo;Tên báo cáo;Data Explorer;Chiều;Dễ;Ngày, CTCK;SCMS;X;X;;;;;;;;;;
117;Báo cáo NPF >> Kết quả triển khai quy định nhận lệnh, thực hiện lệnh giao dịch mua cổ phiếu không yêu cầu có đủ tiền khi đặt lệnh của nhà đầu tư nước ngoài là tổ chức (NPF);Mã chỉ tiêu;Mã chỉ tiêu;Data Explorer;Chiều;Dễ;Ngày, CTCK;SCMS;X;X;;;;;;;;;;
117;Báo cáo NPF >> Kết quả triển khai quy định nhận lệnh, thực hiện lệnh giao dịch mua cổ phiếu không yêu cầu có đủ tiền khi đặt lệnh của nhà đầu tư nước ngoài là tổ chức (NPF);Tên chỉ tiêu;Tên chỉ tiêu;Data Explorer;Chiều;Dễ;Ngày, CTCK;SCMS;X;X;;;;;;;;;;
117;Báo cáo NPF >> Kết quả triển khai quy định nhận lệnh, thực hiện lệnh giao dịch mua cổ phiếu không yêu cầu có đủ tiền khi đặt lệnh của nhà đầu tư nước ngoài là tổ chức (NPF);Tên công ty chứng khoán;Tên công ty chứng khoán;Data Explorer;Chỉ tiêu cơ sở;Dễ;Ngày, CTCK;SCMS;;X;;;;;;;;;;
117;Báo cáo NPF >> Kết quả triển khai quy định nhận lệnh, thực hiện lệnh giao dịch mua cổ phiếu không yêu cầu có đủ tiền khi đặt lệnh của nhà đầu tư nước ngoài là tổ chức (NPF);Ngày (tháng/ngày/năm);Ngày (tháng/ngày/năm);Data Explorer;Chỉ tiêu cơ sở;Dễ;Ngày, CTCK;SCMS;;X;;;;;;;;;;
117;Báo cáo NPF >> Kết quả triển khai quy định nhận lệnh, thực hiện lệnh giao dịch mua cổ phiếu không yêu cầu có đủ tiền khi đặt lệnh của nhà đầu tư nước ngoài là tổ chức (NPF);Số lượng NĐTNN là tổ chức đã đăng ký NPF >> Đã đăng ký ;Số lượng NĐTNN là tổ chức đã đăng ký NPF >> Đã đăng ký ;Data Explorer;Chỉ tiêu cơ sở;TB;Ngày, CTCK;SCMS, SGDCK;;X;;;;;;;;;;
117;Báo cáo NPF >> Kết quả triển khai quy định nhận lệnh, thực hiện lệnh giao dịch mua cổ phiếu không yêu cầu có đủ tiền khi đặt lệnh của nhà đầu tư nước ngoài là tổ chức (NPF);Số lượng NĐTNN là tổ chức đã đăng ký NPF >> Đã sử dụng;Số lượng NĐTNN là tổ chức đã đăng ký NPF >> Đã sử dụng;Data Explorer;Chỉ tiêu cơ sở;TB;Ngày, CTCK;SCMS, SGDCK;;X;;;;;;;;;;
117;Báo cáo NPF >> Kết quả triển khai quy định nhận lệnh, thực hiện lệnh giao dịch mua cổ phiếu không yêu cầu có đủ tiền khi đặt lệnh của nhà đầu tư nước ngoài là tổ chức (NPF);Số lượng tài khoản của NĐTNN là tổ chức đã đăng ký NPF >> Đã đăng ký;Số lượng tài khoản của NĐTNN là tổ chức đã đăng ký NPF >> Đã đăng ký;Data Explorer;Chỉ tiêu cơ sở;TB;Ngày, CTCK;SCMS, SGDCK;;X;;;;;;;;;;
117;Báo cáo NPF >> Kết quả triển khai quy định nhận lệnh, thực hiện lệnh giao dịch mua cổ phiếu không yêu cầu có đủ tiền khi đặt lệnh của nhà đầu tư nước ngoài là tổ chức (NPF);Số lượng tài khoản của NĐTNN là tổ chức đã đăng ký NPF >> Đã sử dụng;Số lượng tài khoản của NĐTNN là tổ chức đã đăng ký NPF >> Đã sử dụng;Data Explorer;Chỉ tiêu cơ sở;TB;Ngày, CTCK;SCMS, SGDCK;;X;;;;;;;;;;
117;Báo cáo NPF >> Kết quả triển khai quy định nhận lệnh, thực hiện lệnh giao dịch mua cổ phiếu không yêu cầu có đủ tiền khi đặt lệnh của nhà đầu tư nước ngoài là tổ chức (NPF);NĐTNN là tổ chức >> Số lần đặt lệnh mua cổ phiếu;NĐTNN là tổ chức >> Số lần đặt lệnh mua cổ phiếu;Data Explorer;Chỉ tiêu cơ sở;TB;Ngày, CTCK;SCMS, SGDCK;;X;;;;;;;;;;
117;Báo cáo NPF >> Kết quả triển khai quy định nhận lệnh, thực hiện lệnh giao dịch mua cổ phiếu không yêu cầu có đủ tiền khi đặt lệnh của nhà đầu tư nước ngoài là tổ chức (NPF);NĐTNN là tổ chức >> Số lượng cổ phiếu mua;NĐTNN là tổ chức >> Số lượng cổ phiếu mua;Data Explorer;Chỉ tiêu cơ sở;TB;Ngày, CTCK;SCMS, SGDCK;;X;;;;;;;;;;
117;Báo cáo NPF >> Kết quả triển khai quy định nhận lệnh, thực hiện lệnh giao dịch mua cổ phiếu không yêu cầu có đủ tiền khi đặt lệnh của nhà đầu tư nước ngoài là tổ chức (NPF);NĐTNN là tổ chức >> Giá trị cổ phiếu mua theo thị giá (tỷ đồng);NĐTNN là tổ chức >> Giá trị cổ phiếu mua theo thị giá (tỷ đồng);Data Explorer;Chỉ tiêu cơ sở;TB;Ngày, CTCK;SCMS, SGDCK;;X;;;;;;;;;;
117;Báo cáo NPF >> Kết quả triển khai quy định nhận lệnh, thực hiện lệnh giao dịch mua cổ phiếu không yêu cầu có đủ tiền khi đặt lệnh của nhà đầu tư nước ngoài là tổ chức (NPF);NĐTNN là tổ chức sử dụng NPF >> Số lần đặt lệnh mua NPF;NĐTNN là tổ chức sử dụng NPF >> Số lần đặt lệnh mua NPF;Data Explorer;Chỉ tiêu cơ sở;TB;Ngày, CTCK;SCMS, SGDCK;;X;;;;;;;;;;
117;Báo cáo NPF >> Kết quả triển khai quy định nhận lệnh, thực hiện lệnh giao dịch mua cổ phiếu không yêu cầu có đủ tiền khi đặt lệnh của nhà đầu tư nước ngoài là tổ chức (NPF);NĐTNN là tổ chức sử dụng NPF >> Số lượng cổ phiếu mua NPF;NĐTNN là tổ chức sử dụng NPF >> Số lượng cổ phiếu mua NPF;Data Explorer;Chỉ tiêu cơ sở;TB;Ngày, CTCK;SCMS, SGDCK;;X;;;;;;;;;;
117;Báo cáo NPF >> Kết quả triển khai quy định nhận lệnh, thực hiện lệnh giao dịch mua cổ phiếu không yêu cầu có đủ tiền khi đặt lệnh của nhà đầu tư nước ngoài là tổ chức (NPF);NĐTNN là tổ chức sử dụng NPF >> Giá trị giao dịch mua NPF (tỷ đồng);NĐTNN là tổ chức sử dụng NPF >> Giá trị giao dịch mua NPF (tỷ đồng);Data Explorer;Chỉ tiêu cơ sở;TB;Ngày, CTCK;SCMS, SGDCK;;X;;;;;;;;;;
117;Báo cáo NPF >> Kết quả triển khai quy định nhận lệnh, thực hiện lệnh giao dịch mua cổ phiếu không yêu cầu có đủ tiền khi đặt lệnh của nhà đầu tư nước ngoài là tổ chức (NPF);Giao dịch NPF thiếu tiền ngày T+1, CTCK phong tỏa tiền tại NHTT >> Số lần đặt lệnh NPF;Giao dịch NPF thiếu tiền ngày T+1, CTCK phong tỏa tiền tại NHTT >> Số lần đặt lệnh NPF;Data Explorer;Chỉ tiêu cơ sở;TB;Ngày, CTCK;SCMS, SGDCK;;X;;;;;;;;;;
117;Báo cáo NPF >> Kết quả triển khai quy định nhận lệnh, thực hiện lệnh giao dịch mua cổ phiếu không yêu cầu có đủ tiền khi đặt lệnh của nhà đầu tư nước ngoài là tổ chức (NPF);Giao dịch NPF thiếu tiền ngày T+1, CTCK phong tỏa tiền tại NHTT >> Số lượng cổ phiếu mua NPF;Giao dịch NPF thiếu tiền ngày T+1, CTCK phong tỏa tiền tại NHTT >> Số lượng cổ phiếu mua NPF;Data Explorer;Chỉ tiêu cơ sở;TB;Ngày, CTCK;SCMS, SGDCK;;X;;;;;;;;;;
117;Báo cáo NPF >> Kết quả triển khai quy định nhận lệnh, thực hiện lệnh giao dịch mua cổ phiếu không yêu cầu có đủ tiền khi đặt lệnh của nhà đầu tư nước ngoài là tổ chức (NPF);Giao dịch NPF thiếu tiền ngày T+1, CTCK phong tỏa tiền tại NHTT >> Giá trị (tỷ đồng);Giao dịch NPF thiếu tiền ngày T+1, CTCK phong tỏa tiền tại NHTT >> Giá trị (tỷ đồng);Data Explorer;Chỉ tiêu cơ sở;TB;Ngày, CTCK;SCMS, SGDCK;;X;;;;;;;;;;
117;Báo cáo NPF >> Kết quả triển khai quy định nhận lệnh, thực hiện lệnh giao dịch mua cổ phiếu không yêu cầu có đủ tiền khi đặt lệnh của nhà đầu tư nước ngoài là tổ chức (NPF);Giao dịch NPF thiếu tiền vào ngày T+2, CTCK thanh toán thay >> Số lần đặt lệnh NPF;Giao dịch NPF thiếu tiền vào ngày T+2, CTCK thanh toán thay >> Số lần đặt lệnh NPF;Data Explorer;Chỉ tiêu cơ sở;TB;Ngày, CTCK;SCMS, SGDCK;;X;;;;;;;;;;
117;Báo cáo NPF >> Kết quả triển khai quy định nhận lệnh, thực hiện lệnh giao dịch mua cổ phiếu không yêu cầu có đủ tiền khi đặt lệnh của nhà đầu tư nước ngoài là tổ chức (NPF);Giao dịch NPF thiếu tiền vào ngày T+2, CTCK thanh toán thay >> Số lượng cổ phiếu mua NPF;Giao dịch NPF thiếu tiền vào ngày T+2, CTCK thanh toán thay >> Số lượng cổ phiếu mua NPF;Data Explorer;Chỉ tiêu cơ sở;TB;Ngày, CTCK;SCMS, SGDCK;;X;;;;;;;;;;
117;Báo cáo NPF >> Kết quả triển khai quy định nhận lệnh, thực hiện lệnh giao dịch mua cổ phiếu không yêu cầu có đủ tiền khi đặt lệnh của nhà đầu tư nước ngoài là tổ chức (NPF);Giao dịch NPF thiếu tiền vào ngày T+2, CTCK thanh toán thay >> Giá trị (tỷ đồng);Giao dịch NPF thiếu tiền vào ngày T+2, CTCK thanh toán thay >> Giá trị (tỷ đồng);Data Explorer;Chỉ tiêu cơ sở;TB;Ngày, CTCK;SCMS, SGDCK;;X;;;;;;;;;;
117;Báo cáo NPF >> Kết quả triển khai quy định nhận lệnh, thực hiện lệnh giao dịch mua cổ phiếu không yêu cầu có đủ tiền khi đặt lệnh của nhà đầu tư nước ngoài là tổ chức (NPF);Giao dịch chuyển quyền sở hữu cổ phiếu từ tài khoản NĐT NPF sang tài khoản tự doanh CTCK >> Số lần đặt lệnh NPF;Giao dịch chuyển quyền sở hữu cổ phiếu từ tài khoản NĐT NPF sang tài khoản tự doanh CTCK >> Số lần đặt lệnh NPF;Data Explorer;Chỉ tiêu cơ sở;TB;Ngày, CTCK;SCMS, SGDCK;;X;;;;;;;;;;
117;Báo cáo NPF >> Kết quả triển khai quy định nhận lệnh, thực hiện lệnh giao dịch mua cổ phiếu không yêu cầu có đủ tiền khi đặt lệnh của nhà đầu tư nước ngoài là tổ chức (NPF);Giao dịch chuyển quyền sở hữu cổ phiếu từ tài khoản NĐT NPF sang tài khoản tự doanh CTCK >> Số lượng cổ phiếu mua NPF;Giao dịch chuyển quyền sở hữu cổ phiếu từ tài khoản NĐT NPF sang tài khoản tự doanh CTCK >> Số lượng cổ phiếu mua NPF;Data Explorer;Chỉ tiêu cơ sở;TB;Ngày, CTCK;SCMS, SGDCK;;X;;;;;;;;;;
117;Báo cáo NPF >> Kết quả triển khai quy định nhận lệnh, thực hiện lệnh giao dịch mua cổ phiếu không yêu cầu có đủ tiền khi đặt lệnh của nhà đầu tư nước ngoài là tổ chức (NPF);Giao dịch chuyển quyền sở hữu cổ phiếu từ tài khoản NĐT NPF sang tài khoản tự doanh CTCK >> Giá trị (tỷ đồng);Giao dịch chuyển quyền sở hữu cổ phiếu từ tài khoản NĐT NPF sang tài khoản tự doanh CTCK >> Giá trị (tỷ đồng);Data Explorer;Chỉ tiêu cơ sở;TB;Ngày, CTCK;SCMS, SGDCK;;X;;;;;;;;;;
117;Báo cáo NPF >> Kết quả triển khai quy định nhận lệnh, thực hiện lệnh giao dịch mua cổ phiếu không yêu cầu có đủ tiền khi đặt lệnh của nhà đầu tư nước ngoài là tổ chức (NPF);Giao dịch mua cổ phiếu của NĐTNN bị loại bỏ thanh toán do CTCK không đủ tiền phong tỏa ngày T+1 >> Số lần đặt lệnh NPF;Giao dịch mua cổ phiếu của NĐTNN bị loại bỏ thanh toán do CTCK không đủ tiền phong tỏa ngày T+1 >> Số lần đặt lệnh NPF;Data Explorer;Chỉ tiêu cơ sở;TB;Ngày, CTCK;SCMS, SGDCK;;X;;;;;;;;;;
117;Báo cáo NPF >> Kết quả triển khai quy định nhận lệnh, thực hiện lệnh giao dịch mua cổ phiếu không yêu cầu có đủ tiền khi đặt lệnh của nhà đầu tư nước ngoài là tổ chức (NPF);Giao dịch mua cổ phiếu của NĐTNN bị loại bỏ thanh toán do CTCK không đủ tiền phong tỏa ngày T+1 >> Số lượng cổ phiếu mua NPF;Giao dịch mua cổ phiếu của NĐTNN bị loại bỏ thanh toán do CTCK không đủ tiền phong tỏa ngày T+1 >> Số lượng cổ phiếu mua NPF;Data Explorer;Chỉ tiêu cơ sở;TB;Ngày, CTCK;SCMS, SGDCK;;X;;;;;;;;;;
117;Báo cáo NPF >> Kết quả triển khai quy định nhận lệnh, thực hiện lệnh giao dịch mua cổ phiếu không yêu cầu có đủ tiền khi đặt lệnh của nhà đầu tư nước ngoài là tổ chức (NPF);Giao dịch mua cổ phiếu của NĐTNN bị loại bỏ thanh toán do CTCK không đủ tiền phong tỏa ngày T+1 >> Giá trị (tỷ đồng);Giao dịch mua cổ phiếu của NĐTNN bị loại bỏ thanh toán do CTCK không đủ tiền phong tỏa ngày T+1 >> Giá trị (tỷ đồng);Data Explorer;Chỉ tiêu cơ sở;TB;Ngày, CTCK;SCMS, SGDCK;;X;;;;;;;;;;
117;Báo cáo NPF >> Kết quả triển khai quy định nhận lệnh, thực hiện lệnh giao dịch mua cổ phiếu không yêu cầu có đủ tiền khi đặt lệnh của nhà đầu tư nước ngoài là tổ chức (NPF);Giao dịch không đủ tiền để thanh toán vào ngày T+2 dẫn đến VSDC áp dụng biện pháp hỗ trợ thanh toán >> Số lần đặt lệnh NPF;Giao dịch không đủ tiền để thanh toán vào ngày T+2 dẫn đến VSDC áp dụng biện pháp hỗ trợ thanh toán >> Số lần đặt lệnh NPF;Data Explorer;Chỉ tiêu cơ sở;TB;Ngày, CTCK;SCMS, SGDCK;;X;;;;;;;;;;
117;Báo cáo NPF >> Kết quả triển khai quy định nhận lệnh, thực hiện lệnh giao dịch mua cổ phiếu không yêu cầu có đủ tiền khi đặt lệnh của nhà đầu tư nước ngoài là tổ chức (NPF);Giao dịch không đủ tiền để thanh toán vào ngày T+2 dẫn đến VSDC áp dụng biện pháp hỗ trợ thanh toán >> Số lượng cổ phiếu mua NPF;Giao dịch không đủ tiền để thanh toán vào ngày T+2 dẫn đến VSDC áp dụng biện pháp hỗ trợ thanh toán >> Số lượng cổ phiếu mua NPF;Data Explorer;Chỉ tiêu cơ sở;TB;Ngày, CTCK;SCMS, SGDCK;;X;;;;;;;;;;
117;Báo cáo NPF >> Kết quả triển khai quy định nhận lệnh, thực hiện lệnh giao dịch mua cổ phiếu không yêu cầu có đủ tiền khi đặt lệnh của nhà đầu tư nước ngoài là tổ chức (NPF);Giao dịch không đủ tiền để thanh toán vào ngày T+2 dẫn đến VSDC áp dụng biện pháp hỗ trợ thanh toán >> Giá trị (tỷ đồng);Giao dịch không đủ tiền để thanh toán vào ngày T+2 dẫn đến VSDC áp dụng biện pháp hỗ trợ thanh toán >> Giá trị (tỷ đồng);Data Explorer;Chỉ tiêu cơ sở;TB;Ngày, CTCK;SCMS, SGDCK;;X;;;;;;;;;;
118;Báo cáo thường niên;Loại báo cáo;Loại báo cáo;Data Explorer;Chiều;Dễ;Ngày, CTCK;SCMS;X;X;;;;;;;;;;
118;Báo cáo thường niên;Kỳ báo cáo;Kỳ báo cáo;Data Explorer;Chiều;Dễ;Ngày, CTCK;SCMS;X;X;;;;;;;;;;
118;Báo cáo thường niên;Mã báo cáo;Mã báo cáo;Data Explorer;Chiều;Dễ;Ngày, CTCK;SCMS;X;X;;;;;;;;;;
118;Báo cáo thường niên;Tên báo cáo;Tên báo cáo;Data Explorer;Chiều;Dễ;Ngày, CTCK;SCMS;X;X;;;;;;;;;;
118;Báo cáo thường niên;Mã chỉ tiêu;Mã chỉ tiêu;Data Explorer;Chiều;Dễ;Ngày, CTCK;SCMS;X;X;;;;;;;;;;
118;Báo cáo thường niên;Tên chỉ tiêu;Tên chỉ tiêu;Data Explorer;Chiều;Dễ;Ngày, CTCK;SCMS;X;X;;;;;;;;;;
118;Báo cáo thường niên;Thông tin chung >> Mô hình quản trị ;Mô hình quản trị ;Data Explorer;Chiều;Dễ;Ngày, CTCK;SCMS;X;X;;;;;;;;;;
118;Báo cáo thường niên;Thông tin chung >> Các công ty con, công ty liên kết >> Tên công ty;Tên công ty;Data Explorer;Chỉ tiêu cơ sở;Dễ;Ngày, CTCK;SCMS;;X;;;;;;;;;;
118;Báo cáo thường niên;Thông tin chung >> Các công ty con, công ty liên kết >> Địa chỉ;Địa chỉ;Data Explorer;Chỉ tiêu cơ sở;Dễ;Ngày, CTCK;SCMS;;X;;;;;;;;;;
118;Báo cáo thường niên;Thông tin chung >> Các công ty con, công ty liên kết >> Lĩnh vực sản xuất kinh doanh chính;Lĩnh vực sản xuất kinh doanh chính;Data Explorer;Chỉ tiêu cơ sở;Dễ;Ngày, CTCK;SCMS;;X;;;;;;;;;;
118;Báo cáo thường niên;Thông tin chung >> Các công ty con, công ty liên kết >> Vốn điều lệ thực góp;Vốn điều lệ thực góp;Data Explorer;Chỉ tiêu cơ sở;TB;Ngày, CTCK;SCMS;;X;;;;;;;;;;
118;Báo cáo thường niên;Thông tin chung >> Các công ty con, công ty liên kết >> Tỷ lệ sở hữu;Tỷ lệ sở hữu của Công ty tại các công ty con, công ty liên kết;Data Explorer;Chỉ tiêu cơ sở;TB;Ngày, CTCK;SCMS;;X;;;;;;;;;;
118;Báo cáo thường niên;Tình hình hoạt động trong năm >> Danh sách Ban điều hành >> Họ và tên;Họ và tên người trong Ban điều hành;Data Explorer;Chỉ tiêu cơ sở;Dễ;Ngày, CTCK;SCMS;;X;;;;;;;;;;
118;Báo cáo thường niên;Tình hình hoạt động trong năm >> Danh sách Ban điều hành >> Chức vụ;Chức vụ người trong Ban điều hành;Data Explorer;Chỉ tiêu cơ sở;Dễ;Ngày, CTCK;SCMS;;X;;;;;;;;;;
118;Báo cáo thường niên;Tình hình hoạt động trong năm >> Danh sách Ban điều hành >> Ngày sinh;Ngày sinh người trong Ban điều hành;Data Explorer;Chỉ tiêu cơ sở;Dễ;Ngày, CTCK;SCMS;;X;;;;;;;;;;
118;Báo cáo thường niên;Tình hình hoạt động trong năm >> Danh sách Ban điều hành >> Quốc tịch;Quốc tịch người trong Ban điều hành;Data Explorer;Chỉ tiêu cơ sở;Dễ;Ngày, CTCK;SCMS;;X;;;;;;;;;;
118;Báo cáo thường niên;Tình hình hoạt động trong năm >> Danh sách Ban điều hành >> Số cổ phần sở hữu;Số cổ phần sở hữu của người trong Ban điều hành;Data Explorer;Chỉ tiêu cơ sở;TB;Ngày, CTCK;SCMS;;X;;;;;;;;;;
118;Báo cáo thường niên;Tình hình hoạt động trong năm >> Danh sách Ban điều hành >> Tỷ lệ sở hữu cổ phần;Tỷ lệ sở hữu cổ phần có quyền biểu quyết và các chứng khoán khác do công ty phát hành của người trong Ban điều hành;Data Explorer;Chỉ tiêu cơ sở;TB;Ngày, CTCK;SCMS;;X;;;;;;;;;;
118;Báo cáo thường niên;Tình hình hoạt động trong năm >> Danh sách Ban điều hành >> Trình độ chuyên môn;Trình độ chuyên môn người trong Ban điều hành;Data Explorer;Chỉ tiêu cơ sở;Dễ;Ngày, CTCK;SCMS;;X;;;;;;;;;;
118;Báo cáo thường niên;Tình hình hoạt động trong năm >> Danh sách Ban điều hành >> Quá trình công tác;Quá trình công tác người trong Ban điều hành;Data Explorer;Chỉ tiêu cơ sở;TB;Ngày, CTCK;SCMS;;X;;;;;;;;;;
118;Báo cáo thường niên;Tình hình hoạt động trong năm >> Những thay đổi trong ban điều hành;Những thay đổi trong ban điều hành;Data Explorer;Chỉ tiêu cơ sở;TB;Ngày, CTCK;SCMS;;X;;;;;;;;;;
118;Báo cáo thường niên;Tình hình hoạt động trong năm >> Tổng số lượng cán bộ, nhân viên;Tổng số lượng cán bộ, nhân viên;Data Explorer;Chỉ tiêu cơ sở;TB;Ngày, CTCK;SCMS;;X;;;;;;;;;;
118;Báo cáo thường niên;Tình hình hoạt động trong năm >> Các khoản đầu tư lớn >> Các khoản đầu tư lớn;Các khoản đầu tư lớn (bao gồm các khoản đầu tư tài chính và các khoản đầu tư dự án);Data Explorer;Chỉ tiêu cơ sở;TB;Ngày, CTCK;SCMS;;X;;;;;;;;;;
118;Báo cáo thường niên;Tình hình hoạt động trong năm >> Các khoản đầu tư lớn >> Tình hình thực hiện dự án;Tình hình thực hiện dự án;Data Explorer;Chỉ tiêu cơ sở;TB;Ngày, CTCK;SCMS;;X;;;;;;;;;;
118;Báo cáo thường niên;Tình hình hoạt động trong năm >> Các khoản đầu tư lớn >> Tiến độ thực hiện dự án;Tiến độ thực hiện dự án;Data Explorer;Chỉ tiêu cơ sở;TB;Ngày, CTCK;SCMS;;X;;;;;;;;;;
118;Báo cáo thường niên;Tình hình hoạt động trong năm >> Các khoản đầu tư lớn >> Đánh giá;Đánh giá (đạt/không đạt);Data Explorer;Chỉ tiêu cơ sở;TB;Ngày, CTCK;SCMS;;X;;;;;;;;;;
118;Báo cáo thường niên;Tình hình hoạt động trong năm >> Các khoản đầu tư lớn >> Nguyên nhân;Nguyên nhân;Data Explorer;Chỉ tiêu cơ sở;TB;Ngày, CTCK;SCMS;;X;;;;;;;;;;
118;Báo cáo thường niên;Tình hình hoạt động trong năm >> Các công ty con, công ty liên kết >> Tình hình tài chính;Tình hình tài chính của các công ty con, công ty liên kết;Data Explorer;Chỉ tiêu cơ sở;TB;Ngày, CTCK;SCMS;;X;;;;;;;;;;
118;Báo cáo thường niên;Tình hình hoạt động trong năm >> Cổ phần >> Tổng số cổ phần;Tổng số cổ phần;Data Explorer;Chỉ tiêu cơ sở;TB;Ngày, CTCK;SCMS;;X;;;;;;;;;;
118;Báo cáo thường niên;Tình hình hoạt động trong năm >> Cổ phần >> Loại cổ phần đang lưu hành;Loại cổ phần đang lưu hành;Data Explorer;Chỉ tiêu cơ sở;TB;Ngày, CTCK;SCMS;;X;;;;;;;;;;
118;Báo cáo thường niên;Tình hình hoạt động trong năm >> Cổ phần >> Số lượng cổ phần chuyển nhượng tự do;Số lượng cổ phần chuyển nhượng tự do;Data Explorer;Chỉ tiêu cơ sở;TB;Ngày, CTCK;SCMS;;X;;;;;;;;;;
118;Báo cáo thường niên;Tình hình hoạt động trong năm >> Cổ phần >> Số lượng cổ phần bị hạn chế chuyển nhượng;Số lượng cổ phần bị hạn chế chuyển nhượng;Data Explorer;Chỉ tiêu cơ sở;TB;Ngày, CTCK;SCMS;;X;;;;;;;;;;
118;Báo cáo thường niên;Tình hình hoạt động trong năm >> Cổ phần >> Thị trường giao dịch;Thị trường giao dịch;Data Explorer;Chỉ tiêu cơ sở;TB;Ngày, CTCK;SCMS;;X;;;;;Trường hợp công ty có chứng khoán giao dịch tại nước ngoài hay bảo trợ việc phát hành và niêm yết chứng khoán tại nước ngoài (Trường hợp này mới có data);;;;;
118;Báo cáo thường niên;Tình hình hoạt động trong năm >> Cổ phần >> Số lượng chứng khoán được giao dịch;Số lượng chứng khoán được giao dịch;Data Explorer;Chỉ tiêu cơ sở;TB;Ngày, CTCK;SCMS;;X;;;;;Trường hợp công ty có chứng khoán giao dịch tại nước ngoài hay bảo trợ việc phát hành và niêm yết chứng khoán tại nước ngoài (Trường hợp này mới có data);;;;;
118;Báo cáo thường niên;Tình hình hoạt động trong năm >> Cổ phần >> Số lượng chứng khoán được bảo trợ;Số lượng chứng khoán được bảo trợ;Data Explorer;Chỉ tiêu cơ sở;TB;Ngày, CTCK;SCMS;;X;;;;;Trường hợp công ty có chứng khoán giao dịch tại nước ngoài hay bảo trợ việc phát hành và niêm yết chứng khoán tại nước ngoài (Trường hợp này mới có data);;;;;
118;Báo cáo thường niên;Tình hình hoạt động trong năm >> Cổ phần >> Quyền, nghĩa vụ của công ty;Quyền, nghĩa vụ của công ty liên quan đến chứng khoán giao dịch hoặc được bảo trợ tại nước ngoài;Data Explorer;Chỉ tiêu cơ sở;TB;Ngày, CTCK;SCMS;;X;;;;;Trường hợp công ty có chứng khoán giao dịch tại nước ngoài hay bảo trợ việc phát hành và niêm yết chứng khoán tại nước ngoài (Trường hợp này mới có data);;;;;
118;Báo cáo thường niên;Tình hình hoạt động trong năm >> Tình hình thay đổi vốn đầu tư của chủ sở hữu >> Thời điểm thay đổi vốn đầu tư của chủ sở hữu;Thời điểm thay đổi vốn đầu tư của chủ sở hữu;Data Explorer;Chỉ tiêu cơ sở;TB;Ngày, CTCK;SCMS;;X;;;;;;;;;;
118;Báo cáo thường niên;Tình hình hoạt động trong năm >> Tình hình thay đổi vốn đầu tư của chủ sở hữu >> Giá trị thay đổi vốn đầu tư của chủ sở hữu;Giá trị thay đổi vốn đầu tư của chủ sở hữu;Data Explorer;Chỉ tiêu cơ sở;TB;Ngày, CTCK;SCMS;;X;;;;;;;;;;
118;Báo cáo thường niên;Tình hình hoạt động trong năm >> Tình hình thay đổi vốn đầu tư của chủ sở hữu >> Hình thức thay đổi vốn;Hình thức thay đổi vốn đầu tư của chủ sở hữu;Data Explorer;Chỉ tiêu cơ sở;TB;Ngày, CTCK;SCMS;;X;;;;;;;;;;
118;Báo cáo thường niên;Tình hình hoạt động trong năm >> Tình hình thay đổi vốn đầu tư của chủ sở hữu >> Đơn vị cấp;Đơn vị cấp;Data Explorer;Chỉ tiêu cơ sở;TB;Ngày, CTCK;SCMS;;X;;;;;;;;;;
118;Báo cáo thường niên;Tình hình hoạt động trong năm >> Giao dịch cổ phiếu quỹ >> Số lượng cổ phiếu quỹ hiện tại;Số lượng cổ phiếu quỹ hiện tại;Data Explorer;Chỉ tiêu cơ sở;TB;Ngày, CTCK;SCMS;;X;;;;;;;;;;
118;Báo cáo thường niên;Tình hình hoạt động trong năm >> Giao dịch cổ phiếu quỹ >> Thời điểm thực hiện giao dịch cổ phiếu quỹ;Thời điểm thực hiện giao dịch cổ phiếu quỹ;Data Explorer;Chỉ tiêu cơ sở;TB;Ngày, CTCK;SCMS;;X;;;;;;;;;;
118;Báo cáo thường niên;Tình hình hoạt động trong năm >> Giao dịch cổ phiếu quỹ >> Giá giao dịch cổ phiếu quỹ;Giá giao dịch cổ phiếu quỹ;Data Explorer;Chỉ tiêu cơ sở;TB;Ngày, CTCK;SCMS;;X;;;;;;;;;;
118;Báo cáo thường niên;Tình hình hoạt động trong năm >> Giao dịch cổ phiếu quỹ >> Đối tượng giao dịch cổ phiếu quỹ;Đối tượng giao dịch cổ phiếu quỹ;Data Explorer;Chỉ tiêu cơ sở;TB;Ngày, CTCK;SCMS;;X;;;;;;;;;;
118;Báo cáo thường niên;Tình hình hoạt động trong năm >> Các chứng khoán khác >> Thời điểm phát hành chứng khoán khác;Thời điểm phát hành chứng khoán khác;Data Explorer;Chỉ tiêu cơ sở;TB;Ngày, CTCK;SCMS;;X;;;;;;;;;;
118;Báo cáo thường niên;Tình hình hoạt động trong năm >> Các chứng khoán khác >> Số lượng chứng khoán khác;Số lượng chứng khoán khác;Data Explorer;Chỉ tiêu cơ sở;TB;Ngày, CTCK;SCMS;;X;;;;;;;;;;
118;Báo cáo thường niên;Tình hình hoạt động trong năm >> Các chứng khoán khác >> Đặc điểm loại chứng khoán khác;Đặc điểm loại chứng khoán khác hiện đang lưu hành;Data Explorer;Chỉ tiêu cơ sở;TB;Ngày, CTCK;SCMS;;X;;;;;;;;;;
118;Báo cáo thường niên;Tình hình hoạt động trong năm >> Các chứng khoán khác >> Cam kết chưa thực hiện;Cam kết chưa thực hiện của công ty với cá nhân, tổ chức khác liên quan đến việc phát hành chứng khoán;Data Explorer;Chỉ tiêu cơ sở;TB;Ngày, CTCK;SCMS;;X;;;;;;;;;;
118;Báo cáo thường niên;Quản trị công ty >> Thành viên và cơ cấu của Hội đồng quản trị >> Họ và tên;Họ và tên thành viên Hội đồng quản trị;Data Explorer;Chỉ tiêu cơ sở;Dễ;Ngày, CTCK;SCMS;;X;;;;;;;;;;
118;Báo cáo thường niên;Quản trị công ty >> Thành viên và cơ cấu của Hội đồng quản trị >> Chức danh;Chức danh thành viên Hội đồng quản trị;Data Explorer;Chỉ tiêu cơ sở;Dễ;Ngày, CTCK;SCMS;;X;;;;;;;;;;
118;Báo cáo thường niên;Quản trị công ty >> Thành viên và cơ cấu của Hội đồng quản trị >> Tỷ lệ sở hữu cổ phần có quyền biểu quyết;Tỷ lệ sở hữu cổ phần có quyền biểu quyết thành viên Hội đồng quản trị;Data Explorer;Chỉ tiêu cơ sở;TB;Ngày, CTCK;SCMS;;X;;;;;;;;;;
118;Báo cáo thường niên;Quản trị công ty >> Hoạt động của Hội đồng quản trị >> Số lượng các cuộc họp Hội đồng quản trị;Số lượng các cuộc họp Hội đồng quản trị;Data Explorer;Chỉ tiêu cơ sở;Dễ;Ngày, CTCK;SCMS;;X;;;;;;;;;;
118;Báo cáo thường niên;Quản trị công ty >> Hoạt động của Hội đồng quản trị >> Nội dung cuộc họp Hội đồng quản trị;Nội dung cuộc họp Hội đồng quản trị;Data Explorer;Chỉ tiêu cơ sở;Dễ;Ngày, CTCK;SCMS;;X;;;;;;;;;;
118;Báo cáo thường niên;Quản trị công ty >> Hoạt động của Hội đồng quản trị >> Kết quả cuộc họp Hội đồng quản trị;Kết quả cuộc họp Hội đồng quản trị;Data Explorer;Chỉ tiêu cơ sở;Dễ;Ngày, CTCK;SCMS;;X;;;;;;;;;;
118;Báo cáo thường niên;Quản trị công ty >> Danh sách các thành viên Hội đồng quản trị có chứng chỉ đào tạo về quản trị công ty >> Họ tên;Họ tên thành viên Hội đồng quản trị có chứng chỉ đào tạo về quản trị công ty;Data Explorer;Chỉ tiêu cơ sở;Dễ;Ngày, CTCK;SCMS;;X;;;;;;;;;;
118;Báo cáo thường niên;Quản trị công ty >> Danh sách các thành viên Hội đồng quản trị có chứng chỉ đào tạo về quản trị công ty >> Chức vụ;Chức vụ thành viên Hội đồng quản trị có chứng chỉ đào tạo về quản trị công ty;Data Explorer;Chỉ tiêu cơ sở;Dễ;Ngày, CTCK;SCMS;;X;;;;;;;;;;
118;Báo cáo thường niên;Quản trị công ty >> Thành viên và cơ cấu của Ban kiểm soát/ Ủy ban kiểm toán >> Họ và tên;Họ và tên thành viên Ban kiểm soát;Data Explorer;Chỉ tiêu cơ sở;Dễ;Ngày, CTCK;SCMS;;X;;;;;;;;;;
118;Báo cáo thường niên;Quản trị công ty >> Thành viên và cơ cấu của Ban kiểm soát/ Ủy ban kiểm toán >> Chức danh;Chức danh thành viên Ban kiểm soát;Data Explorer;Chỉ tiêu cơ sở;Dễ;Ngày, CTCK;SCMS;;X;;;;;;;;;;
118;Báo cáo thường niên;Quản trị công ty >> Thành viên và cơ cấu của Ban kiểm soát/ Ủy ban kiểm toán >> Tỷ lệ sở hữu cổ phần có quyền biểu quyết;Tỷ lệ sở hữu cổ phần có quyền biểu quyết của thành viên Ban kiểm soát;Data Explorer;Chỉ tiêu cơ sở;Dễ;Ngày, CTCK;SCMS;;X;;;;;;;;;;
118;Báo cáo thường niên;Quản trị công ty >> Hoạt động của Ban kiểm soát/ Ủy ban kiểm toán >> Số lượng các cuộc họp;Số lượng các cuộc họp của Ban kiểm soát/ Ủy ban kiểm toán;Data Explorer;Chỉ tiêu cơ sở;Dễ;Ngày, CTCK;SCMS;;X;;;;;;;;;;
118;Báo cáo thường niên;Quản trị công ty >> Hoạt động của Ban kiểm soát/ Ủy ban kiểm toán >> Nội dung cuộc họp;Nội dung cuộc họp của Ban kiểm soát/ Ủy ban kiểm toán;Data Explorer;Chỉ tiêu cơ sở;Dễ;Ngày, CTCK;SCMS;;X;;;;;;;;;;
118;Báo cáo thường niên;Quản trị công ty >> Hoạt động của Ban kiểm soát/ Ủy ban kiểm toán >> Kết quả cuộc họp;Kết quả cuộc họp của Ban kiểm soát/ Ủy ban kiểm toán;Data Explorer;Chỉ tiêu cơ sở;Dễ;Ngày, CTCK;SCMS;;X;;;;;;;;;;
118;Báo cáo thường niên;Quản trị công ty >> Các giao dịch, thù lao và các khoản lợi ích của Hội đồng quản trị, Ban giám đốc và Ban kiểm soát >> Họ và tên người nhận;Họ và tên người nhận (Hội đồng quản trị, Ban Giám đốc và Ban kiểm soát/ Ủy ban kiểm toán) lương, thưởng, thù lao, các khoản lợi ích;Data Explorer;Chỉ tiêu cơ sở;Dễ;Ngày, CTCK;SCMS;;X;;;;;;;;;;
118;Báo cáo thường niên;Quản trị công ty >> Các giao dịch, thù lao và các khoản lợi ích của Hội đồng quản trị, Ban giám đốc và Ban kiểm soát >> Chức vụ người nhận;Chức vụ người nhận lương, thưởng, thù lao, các khoản lợi ích;Data Explorer;Chỉ tiêu cơ sở;Dễ;Ngày, CTCK;SCMS;;X;;;;;;;;;;
118;Báo cáo thường niên;Quản trị công ty >> Các giao dịch, thù lao và các khoản lợi ích của Hội đồng quản trị, Ban giám đốc và Ban kiểm soát >> Số tiền nhận;Số tiền nhận lương, thưởng, thù lao, các khoản lợi ích;Data Explorer;Chỉ tiêu cơ sở;Dễ;Ngày, CTCK;SCMS;;X;;;;;;;;;;
118;Báo cáo thường niên;Quản trị công ty >> Hợp đồng hoặc giao dịch với người nội bộ >> Thông tin về hợp đồng hoặc giao dịch với người nội bộ;Thông tin về hợp đồng hoặc giao dịch với người nội bộ;Data Explorer;Chỉ tiêu cơ sở;TB;Ngày, CTCK;SCMS;;X;;;;;;;;;;
118;Báo cáo thường niên;Quản trị công ty >> Ý kiến kiểm toán;Ý kiến kiểm toán;Data Explorer;Chỉ tiêu cơ sở;TB;Ngày, CTCK;SCMS;;X;;;;;;;;;;
119;Báo cáo liên quan đến trái phiếu doanh nghiệp riêng lẻ >> Báo cáo của tổ chức tư vấn hồ sơ chào bán trái phiếu doanh nghiệp riêng lẻ;Loại báo cáo;Loại báo cáo;Data Explorer;Chiều;Dễ;Ngày, CTCK;SCMS;X;X;;;;;;;;;;
119;Báo cáo liên quan đến trái phiếu doanh nghiệp riêng lẻ >> Báo cáo của tổ chức tư vấn hồ sơ chào bán trái phiếu doanh nghiệp riêng lẻ;Kỳ báo cáo;Kỳ báo cáo;Data Explorer;Chiều;Dễ;Ngày, CTCK;SCMS;X;X;;;;;;;;;;
119;Báo cáo liên quan đến trái phiếu doanh nghiệp riêng lẻ >> Báo cáo của tổ chức tư vấn hồ sơ chào bán trái phiếu doanh nghiệp riêng lẻ;Mã báo cáo;Mã báo cáo;Data Explorer;Chiều;Dễ;Ngày, CTCK;SCMS;X;X;;;;;;;;;;
119;Báo cáo liên quan đến trái phiếu doanh nghiệp riêng lẻ >> Báo cáo của tổ chức tư vấn hồ sơ chào bán trái phiếu doanh nghiệp riêng lẻ;Tên báo cáo;Tên báo cáo;Data Explorer;Chiều;Dễ;Ngày, CTCK;SCMS;X;X;;;;;;;;;;
119;Báo cáo liên quan đến trái phiếu doanh nghiệp riêng lẻ >> Báo cáo của tổ chức tư vấn hồ sơ chào bán trái phiếu doanh nghiệp riêng lẻ;Mã chỉ tiêu;Mã chỉ tiêu;Data Explorer;Chiều;Dễ;Ngày, CTCK;SCMS;X;X;;;;;;;;;;
119;Báo cáo liên quan đến trái phiếu doanh nghiệp riêng lẻ >> Báo cáo của tổ chức tư vấn hồ sơ chào bán trái phiếu doanh nghiệp riêng lẻ;Tên chỉ tiêu;Tên chỉ tiêu;Data Explorer;Chiều;Dễ;Ngày, CTCK;SCMS;X;X;;;;;;;;;;
119;Báo cáo liên quan đến trái phiếu doanh nghiệp riêng lẻ >> Báo cáo của tổ chức tư vấn hồ sơ chào bán trái phiếu doanh nghiệp riêng lẻ;Số lượng hợp đồng cung cấp dịch vụ trong kỳ >> Số hợp đồng (đối với từng hợp đồng);Số hợp đồng (đối với từng hợp đồng);Data Explorer;Chỉ tiêu cơ sở;TB;Ngày, CTCK;SCMS;;X;;;;;;;;;;
119;Báo cáo liên quan đến trái phiếu doanh nghiệp riêng lẻ >> Báo cáo của tổ chức tư vấn hồ sơ chào bán trái phiếu doanh nghiệp riêng lẻ;Số lượng hợp đồng cung cấp dịch vụ trong kỳ >> Thời gian hợp đồng;Thời gian hợp đồng;Data Explorer;Chỉ tiêu cơ sở;TB;Ngày, CTCK;SCMS;;X;;;;;;;;;;
119;Báo cáo liên quan đến trái phiếu doanh nghiệp riêng lẻ >> Báo cáo của tổ chức tư vấn hồ sơ chào bán trái phiếu doanh nghiệp riêng lẻ;Số lượng hợp đồng cung cấp dịch vụ trong kỳ >> Doanh nghiệp phát hành;Doanh nghiệp phát hành;Data Explorer;Chỉ tiêu cơ sở;TB;Ngày, CTCK;SCMS;;X;;;;;;;;;;
119;Báo cáo liên quan đến trái phiếu doanh nghiệp riêng lẻ >> Báo cáo của tổ chức tư vấn hồ sơ chào bán trái phiếu doanh nghiệp riêng lẻ;Số lượng hợp đồng cung cấp dịch vụ trong kỳ >> Mã trái phiếu;Mã trái phiếu;Data Explorer;Chỉ tiêu cơ sở;TB;Ngày, CTCK;SCMS;;X;;;;;;;;;;
119;Báo cáo liên quan đến trái phiếu doanh nghiệp riêng lẻ >> Báo cáo của tổ chức tư vấn hồ sơ chào bán trái phiếu doanh nghiệp riêng lẻ;Số lượng hợp đồng cung cấp dịch vụ trong kỳ >> Ngày phát hành;Ngày phát hành;Data Explorer;Chỉ tiêu cơ sở;TB;Ngày, CTCK;SCMS;;X;;;;;;;;;;
119;Báo cáo liên quan đến trái phiếu doanh nghiệp riêng lẻ >> Báo cáo của tổ chức tư vấn hồ sơ chào bán trái phiếu doanh nghiệp riêng lẻ;Số lượng hợp đồng cung cấp dịch vụ trong kỳ >> Giá trị phát hành;Giá trị phát hành;Data Explorer;Chỉ tiêu cơ sở;TB;Ngày, CTCK;SCMS;;X;;;;;;;;;;
119;Báo cáo liên quan đến trái phiếu doanh nghiệp riêng lẻ >> Báo cáo của tổ chức tư vấn hồ sơ chào bán trái phiếu doanh nghiệp riêng lẻ;Số lượng hợp đồng cung cấp dịch vụ trong kỳ >> Kỳ hạn trái phiếu;Kỳ hạn trái phiếu;Data Explorer;Chỉ tiêu cơ sở;TB;Ngày, CTCK;SCMS;;X;;;;;;;;;;
119;Báo cáo liên quan đến trái phiếu doanh nghiệp riêng lẻ >> Báo cáo của tổ chức tư vấn hồ sơ chào bán trái phiếu doanh nghiệp riêng lẻ;Số lượng hợp đồng cung cấp dịch vụ trong kỳ >> Phương thức phát hành;Phương thức phát hành;Data Explorer;Chỉ tiêu cơ sở;TB;Ngày, CTCK;SCMS;;X;;;;;;;;;;
119;Báo cáo liên quan đến trái phiếu doanh nghiệp riêng lẻ >> Báo cáo của tổ chức tư vấn hồ sơ chào bán trái phiếu doanh nghiệp riêng lẻ;Số lượng hợp đồng cung cấp dịch vụ trong kỳ >> Tình trạng (đang thực hiện/ đã hoàn thành);Tình trạng (đang thực hiện/ đã hoàn thành);Data Explorer;Chỉ tiêu cơ sở;TB;Ngày, CTCK;SCMS;;X;;;;;;;;;;
119;Báo cáo liên quan đến trái phiếu doanh nghiệp riêng lẻ >> Báo cáo của tổ chức tư vấn hồ sơ chào bán trái phiếu doanh nghiệp riêng lẻ;Kết quả rà soát điều kiện, hồ sơ chào bán trái phiếu đối với các hợp đồng đã hoàn thành >> Số hợp đồng;Số hợp đồng;Data Explorer;Chỉ tiêu cơ sở;TB;Ngày, CTCK;SCMS;;X;;;;;;;;;;
119;Báo cáo liên quan đến trái phiếu doanh nghiệp riêng lẻ >> Báo cáo của tổ chức tư vấn hồ sơ chào bán trái phiếu doanh nghiệp riêng lẻ;Kết quả rà soát điều kiện, hồ sơ chào bán trái phiếu đối với các hợp đồng đã hoàn thành >> Doanh nghiệp phát hành;Doanh nghiệp phát hành;Data Explorer;Chỉ tiêu cơ sở;TB;Ngày, CTCK;SCMS;;X;;;;;;;;;;
119;Báo cáo liên quan đến trái phiếu doanh nghiệp riêng lẻ >> Báo cáo của tổ chức tư vấn hồ sơ chào bán trái phiếu doanh nghiệp riêng lẻ;Kết quả rà soát điều kiện, hồ sơ chào bán trái phiếu đối với các hợp đồng đã hoàn thành >> Mã trái phiếu;Mã trái phiếu;Data Explorer;Chỉ tiêu cơ sở;TB;Ngày, CTCK;SCMS;;X;;;;;;;;;;
119;Báo cáo liên quan đến trái phiếu doanh nghiệp riêng lẻ >> Báo cáo của tổ chức tư vấn hồ sơ chào bán trái phiếu doanh nghiệp riêng lẻ;Kết quả rà soát điều kiện, hồ sơ chào bán trái phiếu đối với các hợp đồng đã hoàn thành >> Loại trái phiếu;Loại trái phiếu: trái phiếu chuyển đổi, trái phiếu kèm chứng quyền, trái phiếu có bảo đảm, trái phiếu không chuyển đổi, không kèm chứng quyền, trái phiếu không có bảo đảm...;Data Explorer;Chỉ tiêu cơ sở;TB;Ngày, CTCK;SCMS;;X;;;;;;;;;;
119;Báo cáo liên quan đến trái phiếu doanh nghiệp riêng lẻ >> Báo cáo của tổ chức tư vấn hồ sơ chào bán trái phiếu doanh nghiệp riêng lẻ;Kết quả rà soát điều kiện, hồ sơ chào bán trái phiếu đối với các hợp đồng đã hoàn thành >> Kết quả rà soát điều kiện phát hành;Kết quả rà soát điều kiện phát hành;Data Explorer;Chỉ tiêu cơ sở;TB;Ngày, CTCK;SCMS;;X;;;;;;;;;;
119;Báo cáo liên quan đến trái phiếu doanh nghiệp riêng lẻ >> Báo cáo của tổ chức tư vấn hồ sơ chào bán trái phiếu doanh nghiệp riêng lẻ;Kết quả rà soát điều kiện, hồ sơ chào bán trái phiếu đối với các hợp đồng đã hoàn thành >> Kết quả rà soát hồ sơ phát hành;Kết quả rà soát hồ sơ phát hành;Data Explorer;Chỉ tiêu cơ sở;TB;Ngày, CTCK;SCMS;;X;;;;;;;;;;
119;Báo cáo liên quan đến trái phiếu doanh nghiệp riêng lẻ >> Báo cáo của tổ chức tư vấn hồ sơ chào bán trái phiếu doanh nghiệp riêng lẻ;Kết quả rà soát điều kiện, hồ sơ chào bán trái phiếu đối với các hợp đồng đã hoàn thành >> Đánh giá;Đánh giá;Data Explorer;Chỉ tiêu cơ sở;TB;Ngày, CTCK;SCMS;;X;;;;;;;;;;
120;Báo cáo tình hình hoạt động tháng - Chi nhánh công ty chứng khoán nước ngoài tại Việt Nam;Loại báo cáo;Loại báo cáo;Data Explorer;Chiều;Dễ;Ngày, CTCK;SCMS;X;X;;;;;;;;;;
120;Báo cáo tình hình hoạt động tháng - Chi nhánh công ty chứng khoán nước ngoài tại Việt Nam;Kỳ báo cáo;Kỳ báo cáo;Data Explorer;Chiều;Dễ;Ngày, CTCK;SCMS;X;X;;;;;;;;;;
120;Báo cáo tình hình hoạt động tháng - Chi nhánh công ty chứng khoán nước ngoài tại Việt Nam;Mã báo cáo;Mã báo cáo;Data Explorer;Chiều;Dễ;Ngày, CTCK;SCMS;X;X;;;;;;;;;;
120;Báo cáo tình hình hoạt động tháng - Chi nhánh công ty chứng khoán nước ngoài tại Việt Nam;Tên báo cáo;Tên báo cáo;Data Explorer;Chiều;Dễ;Ngày, CTCK;SCMS;X;X;;;;;;;;;;
120;Báo cáo tình hình hoạt động tháng - Chi nhánh công ty chứng khoán nước ngoài tại Việt Nam;Mã chỉ tiêu;Mã chỉ tiêu;Data Explorer;Chiều;Dễ;Ngày, CTCK;SCMS;X;X;;;;;;;;;;
120;Báo cáo tình hình hoạt động tháng - Chi nhánh công ty chứng khoán nước ngoài tại Việt Nam;Tên chỉ tiêu;Tên chỉ tiêu;Data Explorer;Chiều;Dễ;Ngày, CTCK;SCMS;X;X;;;;;;;;;;
120;Báo cáo tình hình hoạt động tháng - Chi nhánh công ty chứng khoán nước ngoài tại Việt Nam;Tình hình nhân sự của chi nhánh >> Giám đốc chi nhánh >> Số lượng người làm việc đầu tháng;Tình hình nhân sự của chi nhánh >> Giám đốc chi nhánh >> Số lượng người làm việc đầu tháng;Data Explorer;Chỉ tiêu cơ sở;Dễ;Ngày, CTCK;SCMS;;X;;;;;;;;;;
120;Báo cáo tình hình hoạt động tháng - Chi nhánh công ty chứng khoán nước ngoài tại Việt Nam;Tình hình nhân sự của chi nhánh >> Giám đốc chi nhánh >> Số lượng người làm việc cuối tháng;Tình hình nhân sự của chi nhánh >> Giám đốc chi nhánh >> Số lượng người làm việc cuối tháng;Data Explorer;Chỉ tiêu cơ sở;Dễ;Ngày, CTCK;SCMS;;X;;;;;;;;;;
120;Báo cáo tình hình hoạt động tháng - Chi nhánh công ty chứng khoán nước ngoài tại Việt Nam;Tình hình nhân sự của chi nhánh >> Giám đốc chi nhánh >> Số lượng người có chứng chỉ hành nghề đầu tháng;Tình hình nhân sự của chi nhánh >> Giám đốc chi nhánh >> Số lượng người có chứng chỉ hành nghề đầu tháng;Data Explorer;Chỉ tiêu cơ sở;Dễ;Ngày, CTCK;SCMS;;X;;;;;;;;;;
120;Báo cáo tình hình hoạt động tháng - Chi nhánh công ty chứng khoán nước ngoài tại Việt Nam;Tình hình nhân sự của chi nhánh >> Giám đốc chi nhánh >> Số lượng người có chứng chỉ hành nghề tăng/giảm trong tháng >> Tăng;Tình hình nhân sự của chi nhánh >> Giám đốc chi nhánh >> Số lượng người có chứng chỉ hành nghề tăng/giảm trong tháng >> Tăng;Data Explorer;Chỉ tiêu cơ sở;Dễ;Ngày, CTCK;SCMS;;X;;;;;;;;;;
120;Báo cáo tình hình hoạt động tháng - Chi nhánh công ty chứng khoán nước ngoài tại Việt Nam;Tình hình nhân sự của chi nhánh >> Giám đốc chi nhánh >> Số lượng người có chứng chỉ hành nghề tăng/giảm trong tháng >> Giảm;Tình hình nhân sự của chi nhánh >> Giám đốc chi nhánh >> Số lượng người có chứng chỉ hành nghề tăng/giảm trong tháng >> Giảm;Data Explorer;Chỉ tiêu cơ sở;Dễ;Ngày, CTCK;SCMS;;X;;;;;;;;;;
120;Báo cáo tình hình hoạt động tháng - Chi nhánh công ty chứng khoán nước ngoài tại Việt Nam;Tình hình nhân sự của chi nhánh >> Giám đốc chi nhánh >> Số lượng người có chứng chỉ hành nghề cuối tháng;Tình hình nhân sự của chi nhánh >> Giám đốc chi nhánh >> Số lượng người có chứng chỉ hành nghề cuối tháng;Data Explorer;Chỉ tiêu cơ sở;Dễ;Ngày, CTCK;SCMS;;X;;;;;;;;;;
120;Báo cáo tình hình hoạt động tháng - Chi nhánh công ty chứng khoán nước ngoài tại Việt Nam;Tình hình nhân sự của chi nhánh >> Bộ phận tư vấn >> Số lượng người làm việc đầu tháng;Tình hình nhân sự của chi nhánh >> Bộ phận tư vấn >> Số lượng người làm việc đầu tháng;Data Explorer;Chỉ tiêu cơ sở;TB;Ngày, CTCK;SCMS;;X;;;;;;;;;;
120;Báo cáo tình hình hoạt động tháng - Chi nhánh công ty chứng khoán nước ngoài tại Việt Nam;Tình hình nhân sự của chi nhánh >> Bộ phận tư vấn >> Số lượng người làm việc cuối tháng;Tình hình nhân sự của chi nhánh >> Bộ phận tư vấn >> Số lượng người làm việc cuối tháng;Data Explorer;Chỉ tiêu cơ sở;TB;Ngày, CTCK;SCMS;;X;;;;;;;;;;
120;Báo cáo tình hình hoạt động tháng - Chi nhánh công ty chứng khoán nước ngoài tại Việt Nam;Tình hình nhân sự của chi nhánh >> Bộ phận tư vấn >> Số lượng người có chứng chỉ hành nghề đầu tháng;Tình hình nhân sự của chi nhánh >> Bộ phận tư vấn >> Số lượng người có chứng chỉ hành nghề đầu tháng;Data Explorer;Chỉ tiêu cơ sở;TB;Ngày, CTCK;SCMS;;X;;;;;;;;;;
120;Báo cáo tình hình hoạt động tháng - Chi nhánh công ty chứng khoán nước ngoài tại Việt Nam;Tình hình nhân sự của chi nhánh >> Bộ phận tư vấn >> Số lượng người có chứng chỉ hành nghề tăng/giảm trong tháng >> Tăng;Tình hình nhân sự của chi nhánh >> Bộ phận tư vấn >> Số lượng người có chứng chỉ hành nghề tăng/giảm trong tháng >> Tăng;Data Explorer;Chỉ tiêu cơ sở;TB;Ngày, CTCK;SCMS;;X;;;;;;;;;;
120;Báo cáo tình hình hoạt động tháng - Chi nhánh công ty chứng khoán nước ngoài tại Việt Nam;Tình hình nhân sự của chi nhánh >> Bộ phận tư vấn >> Số lượng người có chứng chỉ hành nghề tăng/giảm trong tháng >> Giảm;Tình hình nhân sự của chi nhánh >> Bộ phận tư vấn >> Số lượng người có chứng chỉ hành nghề tăng/giảm trong tháng >> Giảm;Data Explorer;Chỉ tiêu cơ sở;TB;Ngày, CTCK;SCMS;;X;;;;;;;;;;
120;Báo cáo tình hình hoạt động tháng - Chi nhánh công ty chứng khoán nước ngoài tại Việt Nam;Tình hình nhân sự của chi nhánh >> Bộ phận tư vấn >> Số lượng người có chứng chỉ hành nghề cuối tháng;Tình hình nhân sự của chi nhánh >> Bộ phận tư vấn >> Số lượng người có chứng chỉ hành nghề cuối tháng;Data Explorer;Chỉ tiêu cơ sở;TB;Ngày, CTCK;SCMS;;X;;;;;;;;;;
120;Báo cáo tình hình hoạt động tháng - Chi nhánh công ty chứng khoán nước ngoài tại Việt Nam;Tình hình nhân sự của chi nhánh >> Tổng số >> Số lượng người làm việc đầu tháng;Tình hình nhân sự của chi nhánh >> Tổng số >> Số lượng người làm việc đầu tháng;Data Explorer;Chỉ tiêu cơ sở;TB;Ngày, CTCK;SCMS;;X;;;;;;;;;;
120;Báo cáo tình hình hoạt động tháng - Chi nhánh công ty chứng khoán nước ngoài tại Việt Nam;Tình hình nhân sự của chi nhánh >> Tổng số >> Số lượng người làm việc cuối tháng;Tình hình nhân sự của chi nhánh >> Tổng số >> Số lượng người làm việc cuối tháng;Data Explorer;Chỉ tiêu cơ sở;Dễ;Ngày, CTCK;SCMS;;X;;;;;;;;;;
120;Báo cáo tình hình hoạt động tháng - Chi nhánh công ty chứng khoán nước ngoài tại Việt Nam;Tình hình nhân sự của chi nhánh >> Tổng số >> Số lượng người có chứng chỉ hành nghề đầu tháng;Tình hình nhân sự của chi nhánh >> Tổng số >> Số lượng người có chứng chỉ hành nghề đầu tháng;Data Explorer;Chỉ tiêu cơ sở;Dễ;Ngày, CTCK;SCMS;;X;;;;;;;;;;
120;Báo cáo tình hình hoạt động tháng - Chi nhánh công ty chứng khoán nước ngoài tại Việt Nam;Tình hình nhân sự của chi nhánh >> Tổng số >> Số lượng người có chứng chỉ hành nghề tăng/giảm trong tháng >> Tăng;Tình hình nhân sự của chi nhánh >> Tổng số >> Số lượng người có chứng chỉ hành nghề tăng/giảm trong tháng >> Tăng;Data Explorer;Chỉ tiêu cơ sở;Dễ;Ngày, CTCK;SCMS;;X;;;;;;;;;;
120;Báo cáo tình hình hoạt động tháng - Chi nhánh công ty chứng khoán nước ngoài tại Việt Nam;Tình hình nhân sự của chi nhánh >> Tổng số >> Số lượng người có chứng chỉ hành nghề tăng/giảm trong tháng >> Giảm;Tình hình nhân sự của chi nhánh >> Tổng số >> Số lượng người có chứng chỉ hành nghề tăng/giảm trong tháng >> Giảm;Data Explorer;Chỉ tiêu cơ sở;Dễ;Ngày, CTCK;SCMS;;X;;;;;;;;;;
120;Báo cáo tình hình hoạt động tháng - Chi nhánh công ty chứng khoán nước ngoài tại Việt Nam;Tình hình nhân sự của chi nhánh >> Tổng số >> Số lượng người có chứng chỉ hành nghề cuối tháng;Tình hình nhân sự của chi nhánh >> Tổng số >> Số lượng người có chứng chỉ hành nghề cuối tháng;Data Explorer;Chỉ tiêu cơ sở;TB;Ngày, CTCK;SCMS;;X;;;;;;;;;;
120;Báo cáo tình hình hoạt động tháng - Chi nhánh công ty chứng khoán nước ngoài tại Việt Nam;Tình hình hoạt động của chi nhánh >> Tư vấn đầu tư chứng khoán >> Kết quả phân tích >> Số hợp đồng đã ký đầu tháng;Tình hình hoạt động của chi nhánh >> Tư vấn đầu tư chứng khoán >> Kết quả phân tích >> Số hợp đồng đã ký đầu tháng;Data Explorer;Chỉ tiêu cơ sở;TB;Ngày, CTCK;SCMS;;X;;;;;;;;;;
120;Báo cáo tình hình hoạt động tháng - Chi nhánh công ty chứng khoán nước ngoài tại Việt Nam;Tình hình hoạt động của chi nhánh >> Tư vấn đầu tư chứng khoán >> Kết quả phân tích >> Số hợp đồng đã thanh lý trong tháng;Tình hình hoạt động của chi nhánh >> Tư vấn đầu tư chứng khoán >> Kết quả phân tích >> Số hợp đồng đã thanh lý trong tháng;Data Explorer;Chỉ tiêu cơ sở;TB;Ngày, CTCK;SCMS;;X;;;;;;;;;;
120;Báo cáo tình hình hoạt động tháng - Chi nhánh công ty chứng khoán nước ngoài tại Việt Nam;Tình hình hoạt động của chi nhánh >> Tư vấn đầu tư chứng khoán >> Kết quả phân tích >> Số hợp đồng ký mới trong tháng;Tình hình hoạt động của chi nhánh >> Tư vấn đầu tư chứng khoán >> Kết quả phân tích >> Số hợp đồng ký mới trong tháng;Data Explorer;Chỉ tiêu cơ sở;TB;Ngày, CTCK;SCMS;;X;;;;;;;;;;
120;Báo cáo tình hình hoạt động tháng - Chi nhánh công ty chứng khoán nước ngoài tại Việt Nam;Tình hình hoạt động của chi nhánh >> Tư vấn đầu tư chứng khoán >> Kết quả phân tích >> Số hợp đồng còn hiệu lực cuối tháng;Tình hình hoạt động của chi nhánh >> Tư vấn đầu tư chứng khoán >> Kết quả phân tích >> Số hợp đồng còn hiệu lực cuối tháng;Data Explorer;Chỉ tiêu cơ sở;TB;Ngày, CTCK;SCMS;;X;;;;;;;;;;
120;Báo cáo tình hình hoạt động tháng - Chi nhánh công ty chứng khoán nước ngoài tại Việt Nam;Tình hình hoạt động của chi nhánh >> Tư vấn đầu tư chứng khoán >> Kết quả phân tích >> Giá dịch vụ thu được trong tháng (đồng);Tình hình hoạt động của chi nhánh >> Tư vấn đầu tư chứng khoán >> Kết quả phân tích >> Giá dịch vụ thu được trong tháng (đồng);Data Explorer;Chỉ tiêu cơ sở;TB;Ngày, CTCK;SCMS;;X;;;;;;;;;;
120;Báo cáo tình hình hoạt động tháng - Chi nhánh công ty chứng khoán nước ngoài tại Việt Nam;Tình hình hoạt động của chi nhánh >> Tư vấn đầu tư chứng khoán >> Báo cáo phân tích >> Số hợp đồng đã ký đầu tháng;Tình hình hoạt động của chi nhánh >> Tư vấn đầu tư chứng khoán >> Báo cáo phân tích >> Số hợp đồng đã ký đầu tháng;Data Explorer;Chỉ tiêu cơ sở;TB;Ngày, CTCK;SCMS;;X;;;;;;;;;;
120;Báo cáo tình hình hoạt động tháng - Chi nhánh công ty chứng khoán nước ngoài tại Việt Nam;Tình hình hoạt động của chi nhánh >> Tư vấn đầu tư chứng khoán >> Báo cáo phân tích >> Số hợp đồng đã thanh lý trong tháng;Tình hình hoạt động của chi nhánh >> Tư vấn đầu tư chứng khoán >> Báo cáo phân tích >> Số hợp đồng đã thanh lý trong tháng;Data Explorer;Chỉ tiêu cơ sở;TB;Ngày, CTCK;SCMS;;X;;;;;;;;;;
120;Báo cáo tình hình hoạt động tháng - Chi nhánh công ty chứng khoán nước ngoài tại Việt Nam;Tình hình hoạt động của chi nhánh >> Tư vấn đầu tư chứng khoán >> Báo cáo phân tích >> Số hợp đồng ký mới trong tháng;Tình hình hoạt động của chi nhánh >> Tư vấn đầu tư chứng khoán >> Báo cáo phân tích >> Số hợp đồng ký mới trong tháng;Data Explorer;Chỉ tiêu cơ sở;TB;Ngày, CTCK;SCMS;;X;;;;;;;;;;
120;Báo cáo tình hình hoạt động tháng - Chi nhánh công ty chứng khoán nước ngoài tại Việt Nam;Tình hình hoạt động của chi nhánh >> Tư vấn đầu tư chứng khoán >> Báo cáo phân tích >> Số hợp đồng còn hiệu lực cuối tháng;Tình hình hoạt động của chi nhánh >> Tư vấn đầu tư chứng khoán >> Báo cáo phân tích >> Số hợp đồng còn hiệu lực cuối tháng;Data Explorer;Chỉ tiêu cơ sở;TB;Ngày, CTCK;SCMS;;X;;;;;;;;;;
120;Báo cáo tình hình hoạt động tháng - Chi nhánh công ty chứng khoán nước ngoài tại Việt Nam;Tình hình hoạt động của chi nhánh >> Tư vấn đầu tư chứng khoán >> Báo cáo phân tích >> Giá dịch vụ thu được trong tháng (đồng);Tình hình hoạt động của chi nhánh >> Tư vấn đầu tư chứng khoán >> Báo cáo phân tích >> Giá dịch vụ thu được trong tháng (đồng);Data Explorer;Chỉ tiêu cơ sở;TB;Ngày, CTCK;SCMS;;X;;;;;;;;;;
120;Báo cáo tình hình hoạt động tháng - Chi nhánh công ty chứng khoán nước ngoài tại Việt Nam;Tình hình hoạt động của chi nhánh >> Tư vấn đầu tư chứng khoán >> Khuyến nghị đầu tư chứng khoán >> Số hợp đồng đã ký đầu tháng;Tình hình hoạt động của chi nhánh >> Tư vấn đầu tư chứng khoán >> Khuyến nghị đầu tư chứng khoán >> Số hợp đồng đã ký đầu tháng;Data Explorer;Chỉ tiêu cơ sở;TB;Ngày, CTCK;SCMS;;X;;;;;;;;;;
120;Báo cáo tình hình hoạt động tháng - Chi nhánh công ty chứng khoán nước ngoài tại Việt Nam;Tình hình hoạt động của chi nhánh >> Tư vấn đầu tư chứng khoán >> Khuyến nghị đầu tư chứng khoán >> Số hợp đồng đã thanh lý trong tháng;Tình hình hoạt động của chi nhánh >> Tư vấn đầu tư chứng khoán >> Khuyến nghị đầu tư chứng khoán >> Số hợp đồng đã thanh lý trong tháng;Data Explorer;Chỉ tiêu cơ sở;TB;Ngày, CTCK;SCMS;;X;;;;;;;;;;
120;Báo cáo tình hình hoạt động tháng - Chi nhánh công ty chứng khoán nước ngoài tại Việt Nam;Tình hình hoạt động của chi nhánh >> Tư vấn đầu tư chứng khoán >> Khuyến nghị đầu tư chứng khoán >> Số hợp đồng ký mới trong tháng;Tình hình hoạt động của chi nhánh >> Tư vấn đầu tư chứng khoán >> Khuyến nghị đầu tư chứng khoán >> Số hợp đồng ký mới trong tháng;Data Explorer;Chỉ tiêu cơ sở;TB;Ngày, CTCK;SCMS;;X;;;;;;;;;;
120;Báo cáo tình hình hoạt động tháng - Chi nhánh công ty chứng khoán nước ngoài tại Việt Nam;Tình hình hoạt động của chi nhánh >> Tư vấn đầu tư chứng khoán >> Khuyến nghị đầu tư chứng khoán >> Số hợp đồng còn hiệu lực cuối tháng;Tình hình hoạt động của chi nhánh >> Tư vấn đầu tư chứng khoán >> Khuyến nghị đầu tư chứng khoán >> Số hợp đồng còn hiệu lực cuối tháng;Data Explorer;Chỉ tiêu cơ sở;TB;Ngày, CTCK;SCMS;;X;;;;;;;;;;
120;Báo cáo tình hình hoạt động tháng - Chi nhánh công ty chứng khoán nước ngoài tại Việt Nam;Tình hình hoạt động của chi nhánh >> Tư vấn đầu tư chứng khoán >> Khuyến nghị đầu tư chứng khoán >> Giá dịch vụ thu được trong tháng (đồng);Tình hình hoạt động của chi nhánh >> Tư vấn đầu tư chứng khoán >> Khuyến nghị đầu tư chứng khoán >> Giá dịch vụ thu được trong tháng (đồng);Data Explorer;Chỉ tiêu cơ sở;TB;Ngày, CTCK;SCMS;;X;;;;;;;;;;
120;Báo cáo tình hình hoạt động tháng - Chi nhánh công ty chứng khoán nước ngoài tại Việt Nam;Tình hình hoạt động của chi nhánh >> Tổng cộng >> Số hợp đồng đã ký đầu tháng;Tình hình hoạt động của chi nhánh >> Tổng cộng >> Số hợp đồng đã ký đầu tháng;Data Explorer;Chỉ tiêu cơ sở;TB;Ngày, CTCK;SCMS;;X;;;;;;;;;;
120;Báo cáo tình hình hoạt động tháng - Chi nhánh công ty chứng khoán nước ngoài tại Việt Nam;Tình hình hoạt động của chi nhánh >> Tổng cộng >> Số hợp đồng đã thanh lý trong tháng;Tình hình hoạt động của chi nhánh >> Tổng cộng >> Số hợp đồng đã thanh lý trong tháng;Data Explorer;Chỉ tiêu cơ sở;TB;Ngày, CTCK;SCMS;;X;;;;;;;;;;
120;Báo cáo tình hình hoạt động tháng - Chi nhánh công ty chứng khoán nước ngoài tại Việt Nam;Tình hình hoạt động của chi nhánh >> Tổng cộng >> Số hợp đồng ký mới trong tháng;Tình hình hoạt động của chi nhánh >> Tổng cộng >> Số hợp đồng ký mới trong tháng;Data Explorer;Chỉ tiêu cơ sở;TB;Ngày, CTCK;SCMS;;X;;;;;;;;;;
120;Báo cáo tình hình hoạt động tháng - Chi nhánh công ty chứng khoán nước ngoài tại Việt Nam;Tình hình hoạt động của chi nhánh >> Tổng cộng >> Số hợp đồng còn hiệu lực cuối tháng;Tình hình hoạt động của chi nhánh >> Tổng cộng >> Số hợp đồng còn hiệu lực cuối tháng;Data Explorer;Chỉ tiêu cơ sở;TB;Ngày, CTCK;SCMS;;X;;;;;;;;;;
120;Báo cáo tình hình hoạt động tháng - Chi nhánh công ty chứng khoán nước ngoài tại Việt Nam;Tình hình hoạt động của chi nhánh >> Tổng cộng >> Giá dịch vụ thu được trong tháng (đồng);Tình hình hoạt động của chi nhánh >> Tổng cộng >> Giá dịch vụ thu được trong tháng (đồng);Data Explorer;Chỉ tiêu cơ sở;TB;Ngày, CTCK;SCMS;;X;;;;;;;;;;
121;Báo cáo tình hình hoạt động năm - Chi nhánh công ty chứng khoán nước ngoài tại Việt Nam;Loại báo cáo;Loại báo cáo;Data Explorer;Chiều;Dễ;Ngày, CTCK;SCMS;X;X;;;;;;;;;;
121;Báo cáo tình hình hoạt động năm - Chi nhánh công ty chứng khoán nước ngoài tại Việt Nam;Kỳ báo cáo;Kỳ báo cáo;Data Explorer;Chiều;Dễ;Ngày, CTCK;SCMS;X;X;;;;;;;;;;
121;Báo cáo tình hình hoạt động năm - Chi nhánh công ty chứng khoán nước ngoài tại Việt Nam;Mã báo cáo;Mã báo cáo;Data Explorer;Chiều;Dễ;Ngày, CTCK;SCMS;X;X;;;;;;;;;;
121;Báo cáo tình hình hoạt động năm - Chi nhánh công ty chứng khoán nước ngoài tại Việt Nam;Tên báo cáo;Tên báo cáo;Data Explorer;Chiều;Dễ;Ngày, CTCK;SCMS;X;X;;;;;;;;;;
121;Báo cáo tình hình hoạt động năm - Chi nhánh công ty chứng khoán nước ngoài tại Việt Nam;Mã chỉ tiêu;Mã chỉ tiêu;Data Explorer;Chiều;Dễ;Ngày, CTCK;SCMS;X;X;;;;;;;;;;
121;Báo cáo tình hình hoạt động năm - Chi nhánh công ty chứng khoán nước ngoài tại Việt Nam;Tên chỉ tiêu;Tên chỉ tiêu;Data Explorer;Chiều;Dễ;Ngày, CTCK;SCMS;X;X;;;;;;;;;;
121;Báo cáo tình hình hoạt động năm - Chi nhánh công ty chứng khoán nước ngoài tại Việt Nam;Tình hình nhân sự công ty >> Giám đốc chi nhánh >> Số lượng người có CCHN/tổng số người làm việc tại thời điểm đầu năm;Tình hình nhân sự công ty >> Giám đốc chi nhánh >> Số lượng người có CCHN/tổng số người làm việc tại thời điểm đầu năm;Data Explorer;Chỉ tiêu cơ sở;Trùng;Ngày, CTCK;SCMS;;X;;;;;;;;;;
121;Báo cáo tình hình hoạt động năm - Chi nhánh công ty chứng khoán nước ngoài tại Việt Nam;Tình hình nhân sự công ty >> Giám đốc chi nhánh >> Số lượng người có CCHN thôi làm việc cho chi nhánh trong năm;Tình hình nhân sự công ty >> Giám đốc chi nhánh >> Số lượng người có CCHN thôi làm việc cho chi nhánh trong năm;Data Explorer;Chỉ tiêu cơ sở;Trùng;Ngày, CTCK;SCMS;;X;;;;;;;;;;
121;Báo cáo tình hình hoạt động năm - Chi nhánh công ty chứng khoán nước ngoài tại Việt Nam;Tình hình nhân sự công ty >> Giám đốc chi nhánh >> Số lượng người có CCHN tuyển mới trong năm;Tình hình nhân sự công ty >> Giám đốc chi nhánh >> Số lượng người có CCHN tuyển mới trong năm;Data Explorer;Chỉ tiêu cơ sở;Trùng;Ngày, CTCK;SCMS;;X;;;;;;;;;;
121;Báo cáo tình hình hoạt động năm - Chi nhánh công ty chứng khoán nước ngoài tại Việt Nam;Tình hình nhân sự công ty >> Giám đốc chi nhánh >> Số lượng người có CCHN/tổng số người làm việc tại thời điểm cuối năm;Tình hình nhân sự công ty >> Giám đốc chi nhánh >> Số lượng người có CCHN/tổng số người làm việc tại thời điểm cuối năm;Data Explorer;Chỉ tiêu cơ sở;Trùng;Ngày, CTCK;SCMS;;X;;;;;;;;;;
121;Báo cáo tình hình hoạt động năm - Chi nhánh công ty chứng khoán nước ngoài tại Việt Nam;Tình hình nhân sự công ty >> Bộ phận tư vấn đầu tư chứng khoán >> Số lượng người có CCHN/tổng số người làm việc tại thời điểm đầu năm;Tình hình nhân sự công ty >> Bộ phận tư vấn đầu tư chứng khoán >> Số lượng người có CCHN/tổng số người làm việc tại thời điểm đầu năm;Data Explorer;Chỉ tiêu cơ sở;Trùng;Ngày, CTCK;SCMS;;X;;;;;;;;;;
121;Báo cáo tình hình hoạt động năm - Chi nhánh công ty chứng khoán nước ngoài tại Việt Nam;Tình hình nhân sự công ty >> Bộ phận tư vấn đầu tư chứng khoán >> Số lượng người có CCHN thôi làm việc cho chi nhánh trong năm;Tình hình nhân sự công ty >> Bộ phận tư vấn đầu tư chứng khoán >> Số lượng người có CCHN thôi làm việc cho chi nhánh trong năm;Data Explorer;Chỉ tiêu cơ sở;Trùng;Ngày, CTCK;SCMS;;X;;;;;;;;;;
121;Báo cáo tình hình hoạt động năm - Chi nhánh công ty chứng khoán nước ngoài tại Việt Nam;Tình hình nhân sự công ty >> Bộ phận tư vấn đầu tư chứng khoán >> Số lượng người có CCHN tuyển mới trong năm;Tình hình nhân sự công ty >> Bộ phận tư vấn đầu tư chứng khoán >> Số lượng người có CCHN tuyển mới trong năm;Data Explorer;Chỉ tiêu cơ sở;Trùng;Ngày, CTCK;SCMS;;X;;;;;;;;;;
121;Báo cáo tình hình hoạt động năm - Chi nhánh công ty chứng khoán nước ngoài tại Việt Nam;Tình hình nhân sự công ty >> Bộ phận tư vấn đầu tư chứng khoán >> Số lượng người có CCHN/tổng số người làm việc tại thời điểm cuối năm;Tình hình nhân sự công ty >> Bộ phận tư vấn đầu tư chứng khoán >> Số lượng người có CCHN/tổng số người làm việc tại thời điểm cuối năm;Data Explorer;Chỉ tiêu cơ sở;Trùng;Ngày, CTCK;SCMS;;X;;;;;;;;;;
121;Báo cáo tình hình hoạt động năm - Chi nhánh công ty chứng khoán nước ngoài tại Việt Nam;Tình hình nhân sự công ty >> Bộ phận khác >> Số lượng người có CCHN/tổng số người làm việc tại thời điểm đầu năm;Tình hình nhân sự công ty >> Bộ phận khác >> Số lượng người có CCHN/tổng số người làm việc tại thời điểm đầu năm;Data Explorer;Chỉ tiêu cơ sở;Trùng;Ngày, CTCK;SCMS;;X;;;;;;;;;;
121;Báo cáo tình hình hoạt động năm - Chi nhánh công ty chứng khoán nước ngoài tại Việt Nam;Tình hình nhân sự công ty >> Bộ phận khác >> Số lượng người có CCHN thôi làm việc cho chi nhánh trong năm;Tình hình nhân sự công ty >> Bộ phận khác >> Số lượng người có CCHN thôi làm việc cho chi nhánh trong năm;Data Explorer;Chỉ tiêu cơ sở;Trùng;Ngày, CTCK;SCMS;;X;;;;;;;;;;
121;Báo cáo tình hình hoạt động năm - Chi nhánh công ty chứng khoán nước ngoài tại Việt Nam;Tình hình nhân sự công ty >> Bộ phận khác >> Số lượng người có CCHN tuyển mới trong năm;Tình hình nhân sự công ty >> Bộ phận khác >> Số lượng người có CCHN tuyển mới trong năm;Data Explorer;Chỉ tiêu cơ sở;Trùng;Ngày, CTCK;SCMS;;X;;;;;;;;;;
121;Báo cáo tình hình hoạt động năm - Chi nhánh công ty chứng khoán nước ngoài tại Việt Nam;Tình hình nhân sự công ty >> Bộ phận khác >> Số lượng người có CCHN/tổng số người làm việc tại thời điểm cuối năm;Tình hình nhân sự công ty >> Bộ phận khác >> Số lượng người có CCHN/tổng số người làm việc tại thời điểm cuối năm;Data Explorer;Chỉ tiêu cơ sở;Trùng;Ngày, CTCK;SCMS;;X;;;;;;;;;;
121;Báo cáo tình hình hoạt động năm - Chi nhánh công ty chứng khoán nước ngoài tại Việt Nam;Tình hình nhân sự công ty >> Tổng số >> Số lượng người có CCHN/tổng số người làm việc tại thời điểm đầu năm;Tình hình nhân sự công ty >> Tổng số >> Số lượng người có CCHN/tổng số người làm việc tại thời điểm đầu năm;Data Explorer;Chỉ tiêu cơ sở;Trùng;Ngày, CTCK;SCMS;;X;;;;;;;;;;
121;Báo cáo tình hình hoạt động năm - Chi nhánh công ty chứng khoán nước ngoài tại Việt Nam;Tình hình nhân sự công ty >> Tổng số >> Số lượng người có CCHN thôi làm việc cho chi nhánh trong năm;Tình hình nhân sự công ty >> Tổng số >> Số lượng người có CCHN thôi làm việc cho chi nhánh trong năm;Data Explorer;Chỉ tiêu cơ sở;TB;Ngày, CTCK;SCMS;;X;;;;;;;;;;
121;Báo cáo tình hình hoạt động năm - Chi nhánh công ty chứng khoán nước ngoài tại Việt Nam;Tình hình nhân sự công ty >> Tổng số >> Số lượng người có CCHN tuyển mới trong năm;Tình hình nhân sự công ty >> Tổng số >> Số lượng người có CCHN tuyển mới trong năm;Data Explorer;Chỉ tiêu cơ sở;TB;Ngày, CTCK;SCMS;;X;;;;;;;;;;
121;Báo cáo tình hình hoạt động năm - Chi nhánh công ty chứng khoán nước ngoài tại Việt Nam;Tình hình nhân sự công ty >> Tổng số >> Số lượng người có CCHN/tổng số người làm việc tại thời điểm cuối năm;Tình hình nhân sự công ty >> Tổng số >> Số lượng người có CCHN/tổng số người làm việc tại thời điểm cuối năm;Data Explorer;Chỉ tiêu cơ sở;TB;Ngày, CTCK;SCMS;;X;;;;;;;;;;
121;Báo cáo tình hình hoạt động năm - Chi nhánh công ty chứng khoán nước ngoài tại Việt Nam;Vốn cấp cho chi nhánh và các chỉ tiêu an toàn tài chính trong năm báo cáo >> Báo cáo cụ thể về các đợt tăng, giảm vốn cấp cho chi nhánh trong năm;Vốn cấp cho chi nhánh và các chỉ tiêu an toàn tài chính trong năm báo cáo >> Báo cáo cụ thể về các đợt tăng, giảm vốn cấp cho chi nhánh trong năm;Data Explorer;Chỉ tiêu cơ sở;TB;Ngày, CTCK;SCMS;;X;;;;;;;;;;
121;Báo cáo tình hình hoạt động năm - Chi nhánh công ty chứng khoán nước ngoài tại Việt Nam;Vốn cấp cho chi nhánh và các chỉ tiêu an toàn tài chính trong năm báo cáo >> Báo cáo về tình hình đảm bảo tỷ lệ vốn khả dụng trong năm;Vốn cấp cho chi nhánh và các chỉ tiêu an toàn tài chính trong năm báo cáo >> Báo cáo về tình hình đảm bảo tỷ lệ vốn khả dụng trong năm;Data Explorer;Chỉ tiêu cơ sở;TB;Ngày, CTCK;SCMS;;X;;;;;;;;;;
121;Báo cáo tình hình hoạt động năm - Chi nhánh công ty chứng khoán nước ngoài tại Việt Nam;Vốn cấp cho chi nhánh và các chỉ tiêu an toàn tài chính trong năm báo cáo >> Các chỉ tiêu an toàn tài chính khác;Vốn cấp cho chi nhánh và các chỉ tiêu an toàn tài chính trong năm báo cáo >> Các chỉ tiêu an toàn tài chính khác;Data Explorer;Chỉ tiêu cơ sở;TB;Ngày, CTCK;SCMS;;X;;;;;;;;;;
121;Báo cáo tình hình hoạt động năm - Chi nhánh công ty chứng khoán nước ngoài tại Việt Nam;Cơ sở vật chất trong năm báo cáo >> Mở rộng diện tích trụ sở chi nhánh;Cơ sở vật chất trong năm báo cáo >> Mở rộng diện tích trụ sở chi nhánh;Data Explorer;Chỉ tiêu cơ sở;TB;Ngày, CTCK;SCMS;;X;;;;;;;;;;
121;Báo cáo tình hình hoạt động năm - Chi nhánh công ty chứng khoán nước ngoài tại Việt Nam;Cơ sở vật chất trong năm báo cáo >> Đầu tư nâng cấp hệ thống máy móc thuộc phần cứng;Cơ sở vật chất trong năm báo cáo >> Đầu tư nâng cấp hệ thống máy móc thuộc phần cứng;Data Explorer;Chỉ tiêu cơ sở;TB;Ngày, CTCK;SCMS;;X;;;;;;;;;;
121;Báo cáo tình hình hoạt động năm - Chi nhánh công ty chứng khoán nước ngoài tại Việt Nam;Cơ sở vật chất trong năm báo cáo >> Đầu tư nâng cấp phần mềm cho các hệ thống;Cơ sở vật chất trong năm báo cáo >> Đầu tư nâng cấp phần mềm cho các hệ thống;Data Explorer;Chỉ tiêu cơ sở;TB;Ngày, CTCK;SCMS;;X;;;;;;;;;;
121;Báo cáo tình hình hoạt động năm - Chi nhánh công ty chứng khoán nước ngoài tại Việt Nam;Cơ sở vật chất trong năm báo cáo >> Đầu tư kho két cho lưu trữ hồ sơ, chứng từ;Cơ sở vật chất trong năm báo cáo >> Đầu tư kho két cho lưu trữ hồ sơ, chứng từ;Data Explorer;Chỉ tiêu cơ sở;TB;Ngày, CTCK;SCMS;;X;;;;;;;;;;
121;Báo cáo tình hình hoạt động năm - Chi nhánh công ty chứng khoán nước ngoài tại Việt Nam;Cơ sở vật chất trong năm báo cáo >> Các đầu tư cơ sở vật chất khác;Cơ sở vật chất trong năm báo cáo >> Các đầu tư cơ sở vật chất khác;Data Explorer;Chỉ tiêu cơ sở;TB;Ngày, CTCK;SCMS;;X;;;;;;;;;;
121;Báo cáo tình hình hoạt động năm - Chi nhánh công ty chứng khoán nước ngoài tại Việt Nam;Hoạt động của chi nhánh công ty chứng khoán >> Tư vấn đầu tư chứng khoán >> Số hợp đồng đã ký đầu năm;Hoạt động của chi nhánh công ty chứng khoán >> Tư vấn đầu tư chứng khoán >> Số hợp đồng đã ký đầu năm;Data Explorer;Chỉ tiêu cơ sở;TB;Ngày, CTCK;SCMS;;X;;;;;;;;;;
121;Báo cáo tình hình hoạt động năm - Chi nhánh công ty chứng khoán nước ngoài tại Việt Nam;Hoạt động của chi nhánh công ty chứng khoán >> Tư vấn đầu tư chứng khoán >> Số hợp đồng đã thanh lý trong năm;Hoạt động của chi nhánh công ty chứng khoán >> Tư vấn đầu tư chứng khoán >> Số hợp đồng đã thanh lý trong năm;Data Explorer;Chỉ tiêu cơ sở;TB;Ngày, CTCK;SCMS;;X;;;;;;;;;;
121;Báo cáo tình hình hoạt động năm - Chi nhánh công ty chứng khoán nước ngoài tại Việt Nam;Hoạt động của chi nhánh công ty chứng khoán >> Tư vấn đầu tư chứng khoán >> Số hợp đồng ký mới trong năm;Hoạt động của chi nhánh công ty chứng khoán >> Tư vấn đầu tư chứng khoán >> Số hợp đồng ký mới trong năm;Data Explorer;Chỉ tiêu cơ sở;TB;Ngày, CTCK;SCMS;;X;;;;;;;;;;
121;Báo cáo tình hình hoạt động năm - Chi nhánh công ty chứng khoán nước ngoài tại Việt Nam;Hoạt động của chi nhánh công ty chứng khoán >> Tư vấn đầu tư chứng khoán >> Số hợp đồng còn hiệu lực cuối năm;Hoạt động của chi nhánh công ty chứng khoán >> Tư vấn đầu tư chứng khoán >> Số hợp đồng còn hiệu lực cuối năm;Data Explorer;Chỉ tiêu cơ sở;TB;Ngày, CTCK;SCMS;;X;;;;;;;;;;
121;Báo cáo tình hình hoạt động năm - Chi nhánh công ty chứng khoán nước ngoài tại Việt Nam;Hoạt động của chi nhánh công ty chứng khoán >> Tư vấn đầu tư chứng khoán >> Giá dịch vụ thu được trong năm (đồng);Hoạt động của chi nhánh công ty chứng khoán >> Tư vấn đầu tư chứng khoán >> Giá dịch vụ thu được trong năm (đồng);Data Explorer;Chỉ tiêu cơ sở;TB;Ngày, CTCK;SCMS;;X;;;;;;;;;;
121;Báo cáo tình hình hoạt động năm - Chi nhánh công ty chứng khoán nước ngoài tại Việt Nam;Hoạt động của chi nhánh công ty chứng khoán >> Dịch vụ khác >> Số hợp đồng đã ký đầu năm;Hoạt động của chi nhánh công ty chứng khoán >> Dịch vụ khác >> Số hợp đồng đã ký đầu năm;Data Explorer;Chỉ tiêu cơ sở;TB;Ngày, CTCK;SCMS;;X;;;;;;;;;;
121;Báo cáo tình hình hoạt động năm - Chi nhánh công ty chứng khoán nước ngoài tại Việt Nam;Hoạt động của chi nhánh công ty chứng khoán >> Dịch vụ khác >> Số hợp đồng đã thanh lý trong năm;Hoạt động của chi nhánh công ty chứng khoán >> Dịch vụ khác >> Số hợp đồng đã thanh lý trong năm;Data Explorer;Chỉ tiêu cơ sở;TB;Ngày, CTCK;SCMS;;X;;;;;;;;;;
121;Báo cáo tình hình hoạt động năm - Chi nhánh công ty chứng khoán nước ngoài tại Việt Nam;Hoạt động của chi nhánh công ty chứng khoán >> Dịch vụ khác >> Số hợp đồng ký mới trong năm;Hoạt động của chi nhánh công ty chứng khoán >> Dịch vụ khác >> Số hợp đồng ký mới trong năm;Data Explorer;Chỉ tiêu cơ sở;TB;Ngày, CTCK;SCMS;;X;;;;;;;;;;
121;Báo cáo tình hình hoạt động năm - Chi nhánh công ty chứng khoán nước ngoài tại Việt Nam;Hoạt động của chi nhánh công ty chứng khoán >> Dịch vụ khác >> Số hợp đồng còn hiệu lực cuối năm;Hoạt động của chi nhánh công ty chứng khoán >> Dịch vụ khác >> Số hợp đồng còn hiệu lực cuối năm;Data Explorer;Chỉ tiêu cơ sở;TB;Ngày, CTCK;SCMS;;X;;;;;;;;;;
121;Báo cáo tình hình hoạt động năm - Chi nhánh công ty chứng khoán nước ngoài tại Việt Nam;Hoạt động của chi nhánh công ty chứng khoán >> Dịch vụ khác >> Giá dịch vụ thu được trong năm (đồng);Hoạt động của chi nhánh công ty chứng khoán >> Dịch vụ khác >> Giá dịch vụ thu được trong năm (đồng);Data Explorer;Chỉ tiêu cơ sở;TB;Ngày, CTCK;SCMS;;X;;;;;;;;;;
121;Báo cáo tình hình hoạt động năm - Chi nhánh công ty chứng khoán nước ngoài tại Việt Nam;Báo cáo hoạt động giám sát tuân thủ >> Vi phạm quy định về số lượng người hành nghề chứng khoán >> Số lần vi phạm trong năm;Báo cáo hoạt động giám sát tuân thủ >> Vi phạm quy định về số lượng người hành nghề chứng khoán >> Số lần vi phạm trong năm;Data Explorer;Chỉ tiêu cơ sở;TB;Ngày, CTCK;SCMS;;X;;;;;;;;;;
121;Báo cáo tình hình hoạt động năm - Chi nhánh công ty chứng khoán nước ngoài tại Việt Nam;Báo cáo hoạt động giám sát tuân thủ >> Vi phạm quy định về số lượng người hành nghề chứng khoán >> Hình thức xử lý;Báo cáo hoạt động giám sát tuân thủ >> Vi phạm quy định về số lượng người hành nghề chứng khoán >> Hình thức xử lý;Data Explorer;Chỉ tiêu cơ sở;TB;Ngày, CTCK;SCMS;;X;;;;;;;;;;
121;Báo cáo tình hình hoạt động năm - Chi nhánh công ty chứng khoán nước ngoài tại Việt Nam;Báo cáo hoạt động giám sát tuân thủ >> Vi phạm quy định về số lượng người hành nghề chứng khoán >> Ghi chú;Báo cáo hoạt động giám sát tuân thủ >> Vi phạm quy định về số lượng người hành nghề chứng khoán >> Ghi chú;Data Explorer;Chỉ tiêu cơ sở;TB;Ngày, CTCK;SCMS;;X;;;;;;;;;;
121;Báo cáo tình hình hoạt động năm - Chi nhánh công ty chứng khoán nước ngoài tại Việt Nam;Báo cáo hoạt động giám sát tuân thủ >> Vi phạm chế độ công bố thông tin >> Chậm công bố thông tin >> Số lần vi phạm trong năm;Báo cáo hoạt động giám sát tuân thủ >> Vi phạm chế độ công bố thông tin >> Chậm công bố thông tin >> Số lần vi phạm trong năm;Data Explorer;Chỉ tiêu cơ sở;TB;Ngày, CTCK;SCMS;;X;;;;;;;;;;
121;Báo cáo tình hình hoạt động năm - Chi nhánh công ty chứng khoán nước ngoài tại Việt Nam;Báo cáo hoạt động giám sát tuân thủ >> Vi phạm chế độ công bố thông tin >> Chậm công bố thông tin >> Hình thức xử lý;Báo cáo hoạt động giám sát tuân thủ >> Vi phạm chế độ công bố thông tin >> Chậm công bố thông tin >> Hình thức xử lý;Data Explorer;Chỉ tiêu cơ sở;TB;Ngày, CTCK;SCMS;;X;;;;;;;;;;
121;Báo cáo tình hình hoạt động năm - Chi nhánh công ty chứng khoán nước ngoài tại Việt Nam;Báo cáo hoạt động giám sát tuân thủ >> Vi phạm chế độ công bố thông tin >> Chậm công bố thông tin >> Ghi chú;Báo cáo hoạt động giám sát tuân thủ >> Vi phạm chế độ công bố thông tin >> Chậm công bố thông tin >> Ghi chú;Data Explorer;Chỉ tiêu cơ sở;TB;Ngày, CTCK;SCMS;;X;;;;;;;;;;
121;Báo cáo tình hình hoạt động năm - Chi nhánh công ty chứng khoán nước ngoài tại Việt Nam;Báo cáo hoạt động giám sát tuân thủ >> Vi phạm chế độ công bố thông tin >> Không công bố thông tin >> Số lần vi phạm trong năm;Báo cáo hoạt động giám sát tuân thủ >> Vi phạm chế độ công bố thông tin >> Không công bố thông tin >> Số lần vi phạm trong năm;Data Explorer;Chỉ tiêu cơ sở;TB;Ngày, CTCK;SCMS;;X;;;;;;;;;;
121;Báo cáo tình hình hoạt động năm - Chi nhánh công ty chứng khoán nước ngoài tại Việt Nam;Báo cáo hoạt động giám sát tuân thủ >> Vi phạm chế độ công bố thông tin >> Không công bố thông tin >> Hình thức xử lý;Báo cáo hoạt động giám sát tuân thủ >> Vi phạm chế độ công bố thông tin >> Không công bố thông tin >> Hình thức xử lý;Data Explorer;Chỉ tiêu cơ sở;TB;Ngày, CTCK;SCMS;;X;;;;;;;;;;
121;Báo cáo tình hình hoạt động năm - Chi nhánh công ty chứng khoán nước ngoài tại Việt Nam;Báo cáo hoạt động giám sát tuân thủ >> Vi phạm chế độ công bố thông tin >> Không công bố thông tin >> Ghi chú;Báo cáo hoạt động giám sát tuân thủ >> Vi phạm chế độ công bố thông tin >> Không công bố thông tin >> Ghi chú;Data Explorer;Chỉ tiêu cơ sở;TB;Ngày, CTCK;SCMS;;X;;;;;;;;;;
121;Báo cáo tình hình hoạt động năm - Chi nhánh công ty chứng khoán nước ngoài tại Việt Nam;Báo cáo hoạt động giám sát tuân thủ >> Vi phạm chế độ báo cáo >> Nộp chậm báo cáo >> Số lần vi phạm trong năm;Báo cáo hoạt động giám sát tuân thủ >> Vi phạm chế độ báo cáo >> Nộp chậm báo cáo >> Số lần vi phạm trong năm;Data Explorer;Chỉ tiêu cơ sở;TB;Ngày, CTCK;SCMS;;X;;;;;;;;;;
121;Báo cáo tình hình hoạt động năm - Chi nhánh công ty chứng khoán nước ngoài tại Việt Nam;Báo cáo hoạt động giám sát tuân thủ >> Vi phạm chế độ báo cáo >> Nộp chậm báo cáo >> Hình thức xử lý;Báo cáo hoạt động giám sát tuân thủ >> Vi phạm chế độ báo cáo >> Nộp chậm báo cáo >> Hình thức xử lý;Data Explorer;Chỉ tiêu cơ sở;TB;Ngày, CTCK;SCMS;;X;;;;;;;;;;
121;Báo cáo tình hình hoạt động năm - Chi nhánh công ty chứng khoán nước ngoài tại Việt Nam;Báo cáo hoạt động giám sát tuân thủ >> Vi phạm chế độ báo cáo >> Nộp chậm báo cáo >> Ghi chú;Báo cáo hoạt động giám sát tuân thủ >> Vi phạm chế độ báo cáo >> Nộp chậm báo cáo >> Ghi chú;Data Explorer;Chỉ tiêu cơ sở;TB;Ngày, CTCK;SCMS;;X;;;;;;;;;;
121;Báo cáo tình hình hoạt động năm - Chi nhánh công ty chứng khoán nước ngoài tại Việt Nam;Báo cáo hoạt động giám sát tuân thủ >> Vi phạm chế độ báo cáo >> Không nộp báo cáo >> Số lần vi phạm trong năm;Báo cáo hoạt động giám sát tuân thủ >> Vi phạm chế độ báo cáo >> Không nộp báo cáo >> Số lần vi phạm trong năm;Data Explorer;Chỉ tiêu cơ sở;TB;Ngày, CTCK;SCMS;;X;;;;;;;;;;
121;Báo cáo tình hình hoạt động năm - Chi nhánh công ty chứng khoán nước ngoài tại Việt Nam;Báo cáo hoạt động giám sát tuân thủ >> Vi phạm chế độ báo cáo >> Không nộp báo cáo >> Hình thức xử lý;Báo cáo hoạt động giám sát tuân thủ >> Vi phạm chế độ báo cáo >> Không nộp báo cáo >> Hình thức xử lý;Data Explorer;Chỉ tiêu cơ sở;TB;Ngày, CTCK;SCMS;;X;;;;;;;;;;
121;Báo cáo tình hình hoạt động năm - Chi nhánh công ty chứng khoán nước ngoài tại Việt Nam;Báo cáo hoạt động giám sát tuân thủ >> Vi phạm chế độ báo cáo >> Không nộp báo cáo >> Ghi chú;Báo cáo hoạt động giám sát tuân thủ >> Vi phạm chế độ báo cáo >> Không nộp báo cáo >> Ghi chú;Data Explorer;Chỉ tiêu cơ sở;TB;Ngày, CTCK;SCMS;;X;;;;;;;;;;
121;Báo cáo tình hình hoạt động năm - Chi nhánh công ty chứng khoán nước ngoài tại Việt Nam;Báo cáo hoạt động giám sát tuân thủ >> Về hoạt động giám sát tuân thủ >> Thực hiện các văn bản quy phạm pháp luật >> Số lần vi phạm trong năm;Báo cáo hoạt động giám sát tuân thủ >> Về hoạt động giám sát tuân thủ >> Thực hiện các văn bản quy phạm pháp luật >> Số lần vi phạm trong năm;Data Explorer;Chỉ tiêu cơ sở;TB;Ngày, CTCK;SCMS;;X;;;;;;;;;;
121;Báo cáo tình hình hoạt động năm - Chi nhánh công ty chứng khoán nước ngoài tại Việt Nam;Báo cáo hoạt động giám sát tuân thủ >> Về hoạt động giám sát tuân thủ >> Thực hiện các văn bản quy phạm pháp luật >> Hình thức xử lý;Báo cáo hoạt động giám sát tuân thủ >> Về hoạt động giám sát tuân thủ >> Thực hiện các văn bản quy phạm pháp luật >> Hình thức xử lý;Data Explorer;Chỉ tiêu cơ sở;TB;Ngày, CTCK;SCMS;;X;;;;;;;;;;
121;Báo cáo tình hình hoạt động năm - Chi nhánh công ty chứng khoán nước ngoài tại Việt Nam;Báo cáo hoạt động giám sát tuân thủ >> Về hoạt động giám sát tuân thủ >> Thực hiện các văn bản quy phạm pháp luật >> Ghi chú;Báo cáo hoạt động giám sát tuân thủ >> Về hoạt động giám sát tuân thủ >> Thực hiện các văn bản quy phạm pháp luật >> Ghi chú;Data Explorer;Chỉ tiêu cơ sở;TB;Ngày, CTCK;SCMS;;X;;;;;;;;;;
121;Báo cáo tình hình hoạt động năm - Chi nhánh công ty chứng khoán nước ngoài tại Việt Nam;Báo cáo hoạt động giám sát tuân thủ >> Về hoạt động giám sát tuân thủ >> Thực hiện các văn bản của UBCKNN >> Số lần vi phạm trong năm;Báo cáo hoạt động giám sát tuân thủ >> Về hoạt động giám sát tuân thủ >> Thực hiện các văn bản của UBCKNN >> Số lần vi phạm trong năm;Data Explorer;Chỉ tiêu cơ sở;TB;Ngày, CTCK;SCMS;;X;;;;;;;;;;
121;Báo cáo tình hình hoạt động năm - Chi nhánh công ty chứng khoán nước ngoài tại Việt Nam;Báo cáo hoạt động giám sát tuân thủ >> Về hoạt động giám sát tuân thủ >> Thực hiện các văn bản của UBCKNN >> Hình thức xử lý;Báo cáo hoạt động giám sát tuân thủ >> Về hoạt động giám sát tuân thủ >> Thực hiện các văn bản của UBCKNN >> Hình thức xử lý;Data Explorer;Chỉ tiêu cơ sở;TB;Ngày, CTCK;SCMS;;X;;;;;;;;;;
121;Báo cáo tình hình hoạt động năm - Chi nhánh công ty chứng khoán nước ngoài tại Việt Nam;Báo cáo hoạt động giám sát tuân thủ >> Về hoạt động giám sát tuân thủ >> Thực hiện các văn bản của UBCKNN >> Ghi chú;Báo cáo hoạt động giám sát tuân thủ >> Về hoạt động giám sát tuân thủ >> Thực hiện các văn bản của UBCKNN >> Ghi chú;Data Explorer;Chỉ tiêu cơ sở;TB;Ngày, CTCK;SCMS;;X;;;;;;;;;;
121;Báo cáo tình hình hoạt động năm - Chi nhánh công ty chứng khoán nước ngoài tại Việt Nam;Chỉ tiêu an toàn tài chính >> Vốn được cấp (đồng) >> Giá trị;Chỉ tiêu an toàn tài chính >> Vốn được cấp (đồng) >> Giá trị;Data Explorer;Chỉ tiêu cơ sở;TB;Ngày, CTCK;SCMS;;X;;;;;;;;;;
121;Báo cáo tình hình hoạt động năm - Chi nhánh công ty chứng khoán nước ngoài tại Việt Nam;Chỉ tiêu an toàn tài chính >> Vốn được cấp (đồng) >> Tỷ lệ;Chỉ tiêu an toàn tài chính >> Vốn được cấp (đồng) >> Tỷ lệ;Data Explorer;Chỉ tiêu cơ sở;TB;Ngày, CTCK;SCMS;;X;;;;;;;;;;
121;Báo cáo tình hình hoạt động năm - Chi nhánh công ty chứng khoán nước ngoài tại Việt Nam;Chỉ tiêu an toàn tài chính >> Lãi (Lỗ) lũy kế (đồng) >> Giá trị;Chỉ tiêu an toàn tài chính >> Lãi (Lỗ) lũy kế (đồng) >> Giá trị;Data Explorer;Chỉ tiêu cơ sở;TB;Ngày, CTCK;SCMS;;X;;;;;;;;;;
121;Báo cáo tình hình hoạt động năm - Chi nhánh công ty chứng khoán nước ngoài tại Việt Nam;Chỉ tiêu an toàn tài chính >> Lãi (Lỗ) lũy kế (đồng) >> Tỷ lệ;Chỉ tiêu an toàn tài chính >> Lãi (Lỗ) lũy kế (đồng) >> Tỷ lệ;Data Explorer;Chỉ tiêu cơ sở;TB;Ngày, CTCK;SCMS;;X;;;;;;;;;;
121;Báo cáo tình hình hoạt động năm - Chi nhánh công ty chứng khoán nước ngoài tại Việt Nam;Chỉ tiêu an toàn tài chính >> Tài sản cố định (đồng) >> Giá trị;Chỉ tiêu an toàn tài chính >> Tài sản cố định (đồng) >> Giá trị;Data Explorer;Chỉ tiêu cơ sở;TB;Ngày, CTCK;SCMS;;X;;;;;;;;;;
121;Báo cáo tình hình hoạt động năm - Chi nhánh công ty chứng khoán nước ngoài tại Việt Nam;Chỉ tiêu an toàn tài chính >> Tài sản cố định (đồng) >> Tỷ lệ;Chỉ tiêu an toàn tài chính >> Tài sản cố định (đồng) >> Tỷ lệ;Data Explorer;Chỉ tiêu cơ sở;TB;Ngày, CTCK;SCMS;;X;;;;;;;;;;
121;Báo cáo tình hình hoạt động năm - Chi nhánh công ty chứng khoán nước ngoài tại Việt Nam;Chỉ tiêu an toàn tài chính >> Tỷ lệ vốn khả dụng (%) >> Giá trị;Chỉ tiêu an toàn tài chính >> Tỷ lệ vốn khả dụng (%) >> Giá trị;Data Explorer;Chỉ tiêu cơ sở;TB;Ngày, CTCK;SCMS;;X;;;;;;;;;;
121;Báo cáo tình hình hoạt động năm - Chi nhánh công ty chứng khoán nước ngoài tại Việt Nam;Chỉ tiêu an toàn tài chính >> Tỷ lệ vốn khả dụng (%) >> Tỷ lệ;Chỉ tiêu an toàn tài chính >> Tỷ lệ vốn khả dụng (%) >> Tỷ lệ;Data Explorer;Chỉ tiêu cơ sở;TB;Ngày, CTCK;SCMS;;X;;;;;;;;;;
121;Báo cáo tình hình hoạt động năm - Chi nhánh công ty chứng khoán nước ngoài tại Việt Nam;Chỉ tiêu an toàn tài chính >> Tổng tài sản >> Giá trị;Chỉ tiêu an toàn tài chính >> Tổng tài sản >> Giá trị;Data Explorer;Chỉ tiêu cơ sở;TB;Ngày, CTCK;SCMS;;X;;;;;;;;;;
121;Báo cáo tình hình hoạt động năm - Chi nhánh công ty chứng khoán nước ngoài tại Việt Nam;Chỉ tiêu an toàn tài chính >> Tổng tài sản >> Tỷ lệ;Chỉ tiêu an toàn tài chính >> Tổng tài sản >> Tỷ lệ;Data Explorer;Chỉ tiêu cơ sở;TB;Ngày, CTCK;SCMS;;X;;;;;;;;;;
122;Báo cáo tài chính quý, soát xét bán niên, kiểm toán năm - Chi nhánh công ty chứng khoán nước ngoài tại Việt Nam >> Thông tin kiểm toán;Loại báo cáo;Loại báo cáo;Data Explorer;Chiều;Dễ;Ngày, CTCK;SCMS;X;X;;;;;;;;;;
122;Báo cáo tài chính quý, soát xét bán niên, kiểm toán năm - Chi nhánh công ty chứng khoán nước ngoài tại Việt Nam >> Thông tin kiểm toán;Kỳ báo cáo;Kỳ báo cáo;Data Explorer;Chiều;Dễ;Ngày, CTCK;SCMS;X;X;;;;;;;;;;
122;Báo cáo tài chính quý, soát xét bán niên, kiểm toán năm - Chi nhánh công ty chứng khoán nước ngoài tại Việt Nam >> Thông tin kiểm toán;Mã báo cáo;Mã báo cáo;Data Explorer;Chiều;Dễ;Ngày, CTCK;SCMS;X;X;;;;;;;;;;
122;Báo cáo tài chính quý, soát xét bán niên, kiểm toán năm - Chi nhánh công ty chứng khoán nước ngoài tại Việt Nam >> Thông tin kiểm toán;Tên báo cáo;Tên báo cáo;Data Explorer;Chiều;Dễ;Ngày, CTCK;SCMS;X;X;;;;;;;;;;
122;Báo cáo tài chính quý, soát xét bán niên, kiểm toán năm - Chi nhánh công ty chứng khoán nước ngoài tại Việt Nam >> Thông tin kiểm toán;Mã chỉ tiêu;Mã chỉ tiêu;Data Explorer;Chiều;Dễ;Ngày, CTCK;SCMS;X;X;;;;;;;;;;
122;Báo cáo tài chính quý, soát xét bán niên, kiểm toán năm - Chi nhánh công ty chứng khoán nước ngoài tại Việt Nam >> Thông tin kiểm toán;Tên chỉ tiêu;Tên chỉ tiêu;Data Explorer;Chiều;Dễ;Ngày, CTCK;SCMS;X;X;;;;;;;;;;
122;Báo cáo tài chính quý, soát xét bán niên, kiểm toán năm - Chi nhánh công ty chứng khoán nước ngoài tại Việt Nam >> Thông tin kiểm toán;Người đại diện KT;Người đại diện KT;Data Explorer;Chỉ tiêu cơ sở;Dễ;Ngày, CTCK;SCMS;;X;;;;;;;;;;
122;Báo cáo tài chính quý, soát xét bán niên, kiểm toán năm - Chi nhánh công ty chứng khoán nước ngoài tại Việt Nam >> Thông tin kiểm toán;Chức vụ;Chức vụ;Data Explorer;Chỉ tiêu cơ sở;Dễ;Ngày, CTCK;SCMS;;X;;;;;;;;;;
122;Báo cáo tài chính quý, soát xét bán niên, kiểm toán năm - Chi nhánh công ty chứng khoán nước ngoài tại Việt Nam >> Thông tin kiểm toán;Giấy chứng nhận;Giấy chứng nhận;Data Explorer;Chỉ tiêu cơ sở;Dễ;Ngày, CTCK;SCMS;;X;;;;;;;;;;
122;Báo cáo tài chính quý, soát xét bán niên, kiểm toán năm - Chi nhánh công ty chứng khoán nước ngoài tại Việt Nam >> Thông tin kiểm toán;Người kiểm toán;Người kiểm toán;Data Explorer;Chỉ tiêu cơ sở;Dễ;Ngày, CTCK;SCMS;;X;;;;;;;;;;
122;Báo cáo tài chính quý, soát xét bán niên, kiểm toán năm - Chi nhánh công ty chứng khoán nước ngoài tại Việt Nam >> Thông tin kiểm toán;Giấy chứng nhận;Giấy chứng nhận;Data Explorer;Chỉ tiêu cơ sở;Dễ;Ngày, CTCK;SCMS;;X;;;;;;;;;;
122;Báo cáo tài chính quý, soát xét bán niên, kiểm toán năm - Chi nhánh công ty chứng khoán nước ngoài tại Việt Nam >> Thông tin kiểm toán;Ngày kiểm toán;Ngày kiểm toán;Data Explorer;Chỉ tiêu cơ sở;Dễ;Ngày, CTCK;SCMS;;X;;;;;;;;;;
122;Báo cáo tài chính quý, soát xét bán niên, kiểm toán năm - Chi nhánh công ty chứng khoán nước ngoài tại Việt Nam >> Thông tin kiểm toán;Ý kiến kiểm toán;Ý kiến kiểm toán;Data Explorer;Chỉ tiêu cơ sở;Dễ;Ngày, CTCK;SCMS;;X;;;;;;;;;;
123;Báo cáo tài chính quý, soát xét bán niên, kiểm toán năm - Chi nhánh công ty chứng khoán nước ngoài tại Việt Nam >> Báo cáo tình hình tài chính riêng;Loại báo cáo;Loại báo cáo;Data Explorer;Chiều;Dễ;Ngày, CTCK;SCMS;X;X;;;;;;;;;;
123;Báo cáo tài chính quý, soát xét bán niên, kiểm toán năm - Chi nhánh công ty chứng khoán nước ngoài tại Việt Nam >> Báo cáo tình hình tài chính riêng;Kỳ báo cáo;Kỳ báo cáo;Data Explorer;Chiều;Dễ;Ngày, CTCK;SCMS;X;X;;;;;;;;;;
123;Báo cáo tài chính quý, soát xét bán niên, kiểm toán năm - Chi nhánh công ty chứng khoán nước ngoài tại Việt Nam >> Báo cáo tình hình tài chính riêng;Mã báo cáo;Mã báo cáo;Data Explorer;Chiều;Dễ;Ngày, CTCK;SCMS;X;X;;;;;;;;;;
123;Báo cáo tài chính quý, soát xét bán niên, kiểm toán năm - Chi nhánh công ty chứng khoán nước ngoài tại Việt Nam >> Báo cáo tình hình tài chính riêng;Tên báo cáo;Tên báo cáo;Data Explorer;Chiều;Dễ;Ngày, CTCK;SCMS;X;X;;;;;;;;;;
123;Báo cáo tài chính quý, soát xét bán niên, kiểm toán năm - Chi nhánh công ty chứng khoán nước ngoài tại Việt Nam >> Báo cáo tình hình tài chính riêng;Mã chỉ tiêu;Mã chỉ tiêu;Data Explorer;Chiều;Dễ;Ngày, CTCK;SCMS;X;X;;;;;;;;;;
123;Báo cáo tài chính quý, soát xét bán niên, kiểm toán năm - Chi nhánh công ty chứng khoán nước ngoài tại Việt Nam >> Báo cáo tình hình tài chính riêng;Tên chỉ tiêu;Tên chỉ tiêu;Data Explorer;Chiều;Dễ;Ngày, CTCK;SCMS;X;X;;;;;;;;;;
123;Báo cáo tài chính quý, soát xét bán niên, kiểm toán năm - Chi nhánh công ty chứng khoán nước ngoài tại Việt Nam >> Báo cáo tình hình tài chính riêng;A. TÀI SẢN NGẮN HẠN (100 = 110 + 130);100;Data Explorer;Chỉ tiêu cơ sở;Dễ;Ngày, CTCK;SCMS;;X;;;;;;;;;;
123;Báo cáo tài chính quý, soát xét bán niên, kiểm toán năm - Chi nhánh công ty chứng khoán nước ngoài tại Việt Nam >> Báo cáo tình hình tài chính riêng;I. Tài sản tài chính;110;Data Explorer;Chỉ tiêu cơ sở;Dễ;Ngày, CTCK;SCMS;;X;;;;;;;;;;
123;Báo cáo tài chính quý, soát xét bán niên, kiểm toán năm - Chi nhánh công ty chứng khoán nước ngoài tại Việt Nam >> Báo cáo tình hình tài chính riêng;1.Tiền và các khoản tương đương tiền;111;Data Explorer;Chỉ tiêu cơ sở;Dễ;Ngày, CTCK;SCMS;;X;;;;;;;;;;
123;Báo cáo tài chính quý, soát xét bán niên, kiểm toán năm - Chi nhánh công ty chứng khoán nước ngoài tại Việt Nam >> Báo cáo tình hình tài chính riêng;1.1. Tiền;111,1;Data Explorer;Chỉ tiêu cơ sở;Dễ;Ngày, CTCK;SCMS;;X;;;;;;;;;;
123;Báo cáo tài chính quý, soát xét bán niên, kiểm toán năm - Chi nhánh công ty chứng khoán nước ngoài tại Việt Nam >> Báo cáo tình hình tài chính riêng;1.2. Các khoản tương đương tiền;111,2;Data Explorer;Chỉ tiêu cơ sở;Dễ;Ngày, CTCK;SCMS;;X;;;;;;;;;;
123;Báo cáo tài chính quý, soát xét bán niên, kiểm toán năm - Chi nhánh công ty chứng khoán nước ngoài tại Việt Nam >> Báo cáo tình hình tài chính riêng;2. Các tài sản tài chính ghi nhận thông qua lãi/lỗ (FVTPL);112;Data Explorer;Chỉ tiêu cơ sở;Dễ;Ngày, CTCK;SCMS;;X;;;;;;;;;;
123;Báo cáo tài chính quý, soát xét bán niên, kiểm toán năm - Chi nhánh công ty chứng khoán nước ngoài tại Việt Nam >> Báo cáo tình hình tài chính riêng;3. Các  khoản đầu tư  nắm giữ đến ngày đáo hạn (HTM);113;Data Explorer;Chỉ tiêu cơ sở;Dễ;Ngày, CTCK;SCMS;;X;;;;;;;;;;
123;Báo cáo tài chính quý, soát xét bán niên, kiểm toán năm - Chi nhánh công ty chứng khoán nước ngoài tại Việt Nam >> Báo cáo tình hình tài chính riêng;4. Các khoản cho vay;114;Data Explorer;Chỉ tiêu cơ sở;Dễ;Ngày, CTCK;SCMS;;X;;;;;;;;;;
123;Báo cáo tài chính quý, soát xét bán niên, kiểm toán năm - Chi nhánh công ty chứng khoán nước ngoài tại Việt Nam >> Báo cáo tình hình tài chính riêng;5. Tài sản tài chính sẵn sàng để bán (AFS);115;Data Explorer;Chỉ tiêu cơ sở;Dễ;Ngày, CTCK;SCMS;;X;;;;;;;;;;
123;Báo cáo tài chính quý, soát xét bán niên, kiểm toán năm - Chi nhánh công ty chứng khoán nước ngoài tại Việt Nam >> Báo cáo tình hình tài chính riêng;"6. Dự phòng suy giảm giá trị các tài sản tài chính và tài sản thế chấp
";116;Data Explorer;Chỉ tiêu cơ sở;Dễ;Ngày, CTCK;SCMS;;X;;;;;;;;;;
123;Báo cáo tài chính quý, soát xét bán niên, kiểm toán năm - Chi nhánh công ty chứng khoán nước ngoài tại Việt Nam >> Báo cáo tình hình tài chính riêng;7. Các khoản phải thu;117;Data Explorer;Chỉ tiêu cơ sở;Dễ;Ngày, CTCK;SCMS;;X;;;;;;;;;;
123;Báo cáo tài chính quý, soát xét bán niên, kiểm toán năm - Chi nhánh công ty chứng khoán nước ngoài tại Việt Nam >> Báo cáo tình hình tài chính riêng;7.1. Phải thu bán các tài sản tài chính;117,1;Data Explorer;Chỉ tiêu cơ sở;Dễ;Ngày, CTCK;SCMS;;X;;;;;;;;;;
123;Báo cáo tài chính quý, soát xét bán niên, kiểm toán năm - Chi nhánh công ty chứng khoán nước ngoài tại Việt Nam >> Báo cáo tình hình tài chính riêng;"7.2. Phải thu và dự thu cổ tức, tiền lãi các tài sản tài chính
";117,2;Data Explorer;Chỉ tiêu cơ sở;Dễ;Ngày, CTCK;SCMS;;X;;;;;;;;;;
123;Báo cáo tài chính quý, soát xét bán niên, kiểm toán năm - Chi nhánh công ty chứng khoán nước ngoài tại Việt Nam >> Báo cáo tình hình tài chính riêng;7.2.1. Phải thu cổ tức, tiền lãi đến ngày nhận;117,3;Data Explorer;Chỉ tiêu cơ sở;Dễ;Ngày, CTCK;SCMS;;X;;;;;;;;;;
123;Báo cáo tài chính quý, soát xét bán niên, kiểm toán năm - Chi nhánh công ty chứng khoán nước ngoài tại Việt Nam >> Báo cáo tình hình tài chính riêng;7.2.2. Dự thu cổ tức, tiền lãi chưa đến ngày nhận;117,4;Data Explorer;Chỉ tiêu cơ sở;Dễ;Ngày, CTCK;SCMS;;X;;;;;;;;;;
123;Báo cáo tài chính quý, soát xét bán niên, kiểm toán năm - Chi nhánh công ty chứng khoán nước ngoài tại Việt Nam >> Báo cáo tình hình tài chính riêng;8. Trả trước cho người bán;118;Data Explorer;Chỉ tiêu cơ sở;Dễ;Ngày, CTCK;SCMS;;X;;;;;;;;;;
123;Báo cáo tài chính quý, soát xét bán niên, kiểm toán năm - Chi nhánh công ty chứng khoán nước ngoài tại Việt Nam >> Báo cáo tình hình tài chính riêng;9. Phải thu các dịch vụ CTCK cung cấp;119;Data Explorer;Chỉ tiêu cơ sở;Dễ;Ngày, CTCK;SCMS;;X;;;;;;;;;;
123;Báo cáo tài chính quý, soát xét bán niên, kiểm toán năm - Chi nhánh công ty chứng khoán nước ngoài tại Việt Nam >> Báo cáo tình hình tài chính riêng;10. Phải thu nội bộ;120;Data Explorer;Chỉ tiêu cơ sở;Dễ;Ngày, CTCK;SCMS;;X;;;;;;;;;;
123;Báo cáo tài chính quý, soát xét bán niên, kiểm toán năm - Chi nhánh công ty chứng khoán nước ngoài tại Việt Nam >> Báo cáo tình hình tài chính riêng;11. Phải thu về lỗi giao dịch chứng khoán;121;Data Explorer;Chỉ tiêu cơ sở;Dễ;Ngày, CTCK;SCMS;;X;;;;;;;;;;
123;Báo cáo tài chính quý, soát xét bán niên, kiểm toán năm - Chi nhánh công ty chứng khoán nước ngoài tại Việt Nam >> Báo cáo tình hình tài chính riêng;12. Các khoản phải thu khác;122;Data Explorer;Chỉ tiêu cơ sở;Dễ;Ngày, CTCK;SCMS;;X;;;;;;;;;;
123;Báo cáo tài chính quý, soát xét bán niên, kiểm toán năm - Chi nhánh công ty chứng khoán nước ngoài tại Việt Nam >> Báo cáo tình hình tài chính riêng;13. Dự phòng suy giảm giá trị các khoản phải thu (*);129;Data Explorer;Chỉ tiêu cơ sở;Dễ;Ngày, CTCK;SCMS;;X;;;;;;;;;;
123;Báo cáo tài chính quý, soát xét bán niên, kiểm toán năm - Chi nhánh công ty chứng khoán nước ngoài tại Việt Nam >> Báo cáo tình hình tài chính riêng;II. Tài sản ngắn hạn khác;130;Data Explorer;Chỉ tiêu cơ sở;Dễ;Ngày, CTCK;SCMS;;X;;;;;;;;;;
123;Báo cáo tài chính quý, soát xét bán niên, kiểm toán năm - Chi nhánh công ty chứng khoán nước ngoài tại Việt Nam >> Báo cáo tình hình tài chính riêng;1. Tạm ứng;131;Data Explorer;Chỉ tiêu cơ sở;Dễ;Ngày, CTCK;SCMS;;X;;;;;;;;;;
123;Báo cáo tài chính quý, soát xét bán niên, kiểm toán năm - Chi nhánh công ty chứng khoán nước ngoài tại Việt Nam >> Báo cáo tình hình tài chính riêng;2. Vật tư văn phòng, công cụ, dụng cụ;132;Data Explorer;Chỉ tiêu cơ sở;Dễ;Ngày, CTCK;SCMS;;X;;;;;;;;;;
123;Báo cáo tài chính quý, soát xét bán niên, kiểm toán năm - Chi nhánh công ty chứng khoán nước ngoài tại Việt Nam >> Báo cáo tình hình tài chính riêng;3. Chi phí trả trước ngắn hạn;133;Data Explorer;Chỉ tiêu cơ sở;Dễ;Ngày, CTCK;SCMS;;X;;;;;;;;;;
123;Báo cáo tài chính quý, soát xét bán niên, kiểm toán năm - Chi nhánh công ty chứng khoán nước ngoài tại Việt Nam >> Báo cáo tình hình tài chính riêng;4. Cầm cố, thế chấp, ký quỹ, ký cược ngắn hạn;134;Data Explorer;Chỉ tiêu cơ sở;Dễ;Ngày, CTCK;SCMS;;X;;;;;;;;;;
123;Báo cáo tài chính quý, soát xét bán niên, kiểm toán năm - Chi nhánh công ty chứng khoán nước ngoài tại Việt Nam >> Báo cáo tình hình tài chính riêng;5. Thuế giá trị gia tăng được khấu trừ;135;Data Explorer;Chỉ tiêu cơ sở;Dễ;Ngày, CTCK;SCMS;;X;;;;;;;;;;
123;Báo cáo tài chính quý, soát xét bán niên, kiểm toán năm - Chi nhánh công ty chứng khoán nước ngoài tại Việt Nam >> Báo cáo tình hình tài chính riêng;6. Thuế và các khoản khác phải thu Nhà nước;136;Data Explorer;Chỉ tiêu cơ sở;Dễ;Ngày, CTCK;SCMS;;X;;;;;;;;;;
123;Báo cáo tài chính quý, soát xét bán niên, kiểm toán năm - Chi nhánh công ty chứng khoán nước ngoài tại Việt Nam >> Báo cáo tình hình tài chính riêng;7. Tài sản ngắn hạn khác;137;Data Explorer;Chỉ tiêu cơ sở;Dễ;Ngày, CTCK;SCMS;;X;;;;;;;;;;
123;Báo cáo tài chính quý, soát xét bán niên, kiểm toán năm - Chi nhánh công ty chứng khoán nước ngoài tại Việt Nam >> Báo cáo tình hình tài chính riêng;8. Giao dịch mua bán lại trái phiếu Chính phủ;138;Data Explorer;Chỉ tiêu cơ sở;Dễ;Ngày, CTCK;SCMS;;X;;;;;;;;;;
123;Báo cáo tài chính quý, soát xét bán niên, kiểm toán năm - Chi nhánh công ty chứng khoán nước ngoài tại Việt Nam >> Báo cáo tình hình tài chính riêng;9. Dự phòng suy giảm giá trị tài sản ngắn hạn khác;139;Data Explorer;Chỉ tiêu cơ sở;Dễ;Ngày, CTCK;SCMS;;X;;;;;;;;;;
123;Báo cáo tài chính quý, soát xét bán niên, kiểm toán năm - Chi nhánh công ty chứng khoán nước ngoài tại Việt Nam >> Báo cáo tình hình tài chính riêng;B. TÀI SẢN DÀI HẠN (200 = 210 + 220 + 230 + 240 + 250 - 260);200;Data Explorer;Chỉ tiêu cơ sở;Dễ;Ngày, CTCK;SCMS;;X;;;;;;;;;;
123;Báo cáo tài chính quý, soát xét bán niên, kiểm toán năm - Chi nhánh công ty chứng khoán nước ngoài tại Việt Nam >> Báo cáo tình hình tài chính riêng;I. Tài sản tài chính dài hạn;210;Data Explorer;Chỉ tiêu cơ sở;Dễ;Ngày, CTCK;SCMS;;X;;;;;;;;;;
123;Báo cáo tài chính quý, soát xét bán niên, kiểm toán năm - Chi nhánh công ty chứng khoán nước ngoài tại Việt Nam >> Báo cáo tình hình tài chính riêng;1. Các khoản phải thu dài hạn;211;Data Explorer;Chỉ tiêu cơ sở;Dễ;Ngày, CTCK;SCMS;;X;;;;;;;;;;
123;Báo cáo tài chính quý, soát xét bán niên, kiểm toán năm - Chi nhánh công ty chứng khoán nước ngoài tại Việt Nam >> Báo cáo tình hình tài chính riêng;2. Các khoản đầu tư;212;Data Explorer;Chỉ tiêu cơ sở;Dễ;Ngày, CTCK;SCMS;;X;;;;;;;;;;
123;Báo cáo tài chính quý, soát xét bán niên, kiểm toán năm - Chi nhánh công ty chứng khoán nước ngoài tại Việt Nam >> Báo cáo tình hình tài chính riêng;2.1.Các khoản đầu tư nắm giữ đến ngày đáo hạn;212,1;Data Explorer;Chỉ tiêu cơ sở;Dễ;Ngày, CTCK;SCMS;;X;;;;;;;;;;
123;Báo cáo tài chính quý, soát xét bán niên, kiểm toán năm - Chi nhánh công ty chứng khoán nước ngoài tại Việt Nam >> Báo cáo tình hình tài chính riêng;2.2. Đầu tư vào công ty con;212,2;Data Explorer;Chỉ tiêu cơ sở;Dễ;Ngày, CTCK;SCMS;;X;;;;;;;;;;
123;Báo cáo tài chính quý, soát xét bán niên, kiểm toán năm - Chi nhánh công ty chứng khoán nước ngoài tại Việt Nam >> Báo cáo tình hình tài chính riêng;2.3. Đầu tư vào công ty liên doanh, liên kết;212,3;Data Explorer;Chỉ tiêu cơ sở;Dễ;Ngày, CTCK;SCMS;;X;;;;;;;;;;
123;Báo cáo tài chính quý, soát xét bán niên, kiểm toán năm - Chi nhánh công ty chứng khoán nước ngoài tại Việt Nam >> Báo cáo tình hình tài chính riêng;2.4. Đầu tư dài hạn khác;212,4;Data Explorer;Chỉ tiêu cơ sở;Dễ;Ngày, CTCK;SCMS;;X;;;;;;;;;;
123;Báo cáo tài chính quý, soát xét bán niên, kiểm toán năm - Chi nhánh công ty chứng khoán nước ngoài tại Việt Nam >> Báo cáo tình hình tài chính riêng;3. Dự phòng suy giảm tài sản tài chính dài hạn;213;Data Explorer;Chỉ tiêu cơ sở;Dễ;Ngày, CTCK;SCMS;;X;;;;;;;;;;
123;Báo cáo tài chính quý, soát xét bán niên, kiểm toán năm - Chi nhánh công ty chứng khoán nước ngoài tại Việt Nam >> Báo cáo tình hình tài chính riêng;II. Tài sản cố định;220;Data Explorer;Chỉ tiêu cơ sở;Dễ;Ngày, CTCK;SCMS;;X;;;;;;;;;;
123;Báo cáo tài chính quý, soát xét bán niên, kiểm toán năm - Chi nhánh công ty chứng khoán nước ngoài tại Việt Nam >> Báo cáo tình hình tài chính riêng;1. Tài sản cố định hữu hình;221;Data Explorer;Chỉ tiêu cơ sở;Dễ;Ngày, CTCK;SCMS;;X;;;;;;;;;;
123;Báo cáo tài chính quý, soát xét bán niên, kiểm toán năm - Chi nhánh công ty chứng khoán nước ngoài tại Việt Nam >> Báo cáo tình hình tài chính riêng;- Nguyên giá;222;Data Explorer;Chỉ tiêu cơ sở;Dễ;Ngày, CTCK;SCMS;;X;;;;;;;;;;
123;Báo cáo tài chính quý, soát xét bán niên, kiểm toán năm - Chi nhánh công ty chứng khoán nước ngoài tại Việt Nam >> Báo cáo tình hình tài chính riêng;- Giá trị hao mòn luỹ kế (*);"223a
";Data Explorer;Chỉ tiêu cơ sở;Dễ;Ngày, CTCK;SCMS;;X;;;;;;;;;;
123;Báo cáo tài chính quý, soát xét bán niên, kiểm toán năm - Chi nhánh công ty chứng khoán nước ngoài tại Việt Nam >> Báo cáo tình hình tài chính riêng;- Đánh giá TSCĐHH theo giá trị hợp lý;"223b
";Data Explorer;Chỉ tiêu cơ sở;Dễ;Ngày, CTCK;SCMS;;X;;;;;;;;;;
123;Báo cáo tài chính quý, soát xét bán niên, kiểm toán năm - Chi nhánh công ty chứng khoán nước ngoài tại Việt Nam >> Báo cáo tình hình tài chính riêng;2. Tài sản cố định thuê tài chính;224;Data Explorer;Chỉ tiêu cơ sở;Dễ;Ngày, CTCK;SCMS;;X;;;;;;;;;;
123;Báo cáo tài chính quý, soát xét bán niên, kiểm toán năm - Chi nhánh công ty chứng khoán nước ngoài tại Việt Nam >> Báo cáo tình hình tài chính riêng;- Nguyên giá;225;Data Explorer;Chỉ tiêu cơ sở;Dễ;Ngày, CTCK;SCMS;;X;;;;;;;;;;
123;Báo cáo tài chính quý, soát xét bán niên, kiểm toán năm - Chi nhánh công ty chứng khoán nước ngoài tại Việt Nam >> Báo cáo tình hình tài chính riêng;- Giá trị hao mòn luỹ kế (*);"226a
";Data Explorer;Chỉ tiêu cơ sở;Dễ;Ngày, CTCK;SCMS;;X;;;;;;;;;;
123;Báo cáo tài chính quý, soát xét bán niên, kiểm toán năm - Chi nhánh công ty chứng khoán nước ngoài tại Việt Nam >> Báo cáo tình hình tài chính riêng;- Đánh giá TSCĐTTC theo giá trị hợp lý;"226b
";Data Explorer;Chỉ tiêu cơ sở;Dễ;Ngày, CTCK;SCMS;;X;;;;;;;;;;
123;Báo cáo tài chính quý, soát xét bán niên, kiểm toán năm - Chi nhánh công ty chứng khoán nước ngoài tại Việt Nam >> Báo cáo tình hình tài chính riêng;3. Tài sản cố định vô hình;227;Data Explorer;Chỉ tiêu cơ sở;Dễ;Ngày, CTCK;SCMS;;X;;;;;;;;;;
123;Báo cáo tài chính quý, soát xét bán niên, kiểm toán năm - Chi nhánh công ty chứng khoán nước ngoài tại Việt Nam >> Báo cáo tình hình tài chính riêng;- Nguyên giá;228;Data Explorer;Chỉ tiêu cơ sở;Dễ;Ngày, CTCK;SCMS;;X;;;;;;;;;;
123;Báo cáo tài chính quý, soát xét bán niên, kiểm toán năm - Chi nhánh công ty chứng khoán nước ngoài tại Việt Nam >> Báo cáo tình hình tài chính riêng;- Giá trị hao mòn luỹ kế (*);"229a
";Data Explorer;Chỉ tiêu cơ sở;Dễ;Ngày, CTCK;SCMS;;X;;;;;;;;;;
123;Báo cáo tài chính quý, soát xét bán niên, kiểm toán năm - Chi nhánh công ty chứng khoán nước ngoài tại Việt Nam >> Báo cáo tình hình tài chính riêng;- Đánh giá TSCĐVH theo giá trị hợp lý;"229b
";Data Explorer;Chỉ tiêu cơ sở;Dễ;Ngày, CTCK;SCMS;;X;;;;;;;;;;
123;Báo cáo tài chính quý, soát xét bán niên, kiểm toán năm - Chi nhánh công ty chứng khoán nước ngoài tại Việt Nam >> Báo cáo tình hình tài chính riêng;III. Bất động sản đầu tư;230;Data Explorer;Chỉ tiêu cơ sở;Dễ;Ngày, CTCK;SCMS;;X;;;;;;;;;;
123;Báo cáo tài chính quý, soát xét bán niên, kiểm toán năm - Chi nhánh công ty chứng khoán nước ngoài tại Việt Nam >> Báo cáo tình hình tài chính riêng;- Nguyên giá;231;Data Explorer;Chỉ tiêu cơ sở;Dễ;Ngày, CTCK;SCMS;;X;;;;;;;;;;
123;Báo cáo tài chính quý, soát xét bán niên, kiểm toán năm - Chi nhánh công ty chứng khoán nước ngoài tại Việt Nam >> Báo cáo tình hình tài chính riêng;- Giá trị hao mòn luỹ kế (*);"232a
";Data Explorer;Chỉ tiêu cơ sở;Dễ;Ngày, CTCK;SCMS;;X;;;;;;;;;;
123;Báo cáo tài chính quý, soát xét bán niên, kiểm toán năm - Chi nhánh công ty chứng khoán nước ngoài tại Việt Nam >> Báo cáo tình hình tài chính riêng;- Đánh giá BĐSĐT theo giá trị hợp lý;"232b
";Data Explorer;Chỉ tiêu cơ sở;Dễ;Ngày, CTCK;SCMS;;X;;;;;;;;;;
123;Báo cáo tài chính quý, soát xét bán niên, kiểm toán năm - Chi nhánh công ty chứng khoán nước ngoài tại Việt Nam >> Báo cáo tình hình tài chính riêng;IV.Chi phí xây dựng cơ bản dở dang;240;Data Explorer;Chỉ tiêu cơ sở;Dễ;Ngày, CTCK;SCMS;;X;;;;;;;;;;
123;Báo cáo tài chính quý, soát xét bán niên, kiểm toán năm - Chi nhánh công ty chứng khoán nước ngoài tại Việt Nam >> Báo cáo tình hình tài chính riêng;V. Tài sản dài hạn khác;250;Data Explorer;Chỉ tiêu cơ sở;Dễ;Ngày, CTCK;SCMS;;X;;;;;;;;;;
123;Báo cáo tài chính quý, soát xét bán niên, kiểm toán năm - Chi nhánh công ty chứng khoán nước ngoài tại Việt Nam >> Báo cáo tình hình tài chính riêng;1. Cầm cố, thế chấp, ký quỹ, ký cược dài hạn;251;Data Explorer;Chỉ tiêu cơ sở;Dễ;Ngày, CTCK;SCMS;;X;;;;;;;;;;
123;Báo cáo tài chính quý, soát xét bán niên, kiểm toán năm - Chi nhánh công ty chứng khoán nước ngoài tại Việt Nam >> Báo cáo tình hình tài chính riêng;2. Chi phí trả trước dài hạn;252;Data Explorer;Chỉ tiêu cơ sở;Dễ;Ngày, CTCK;SCMS;;X;;;;;;;;;;
123;Báo cáo tài chính quý, soát xét bán niên, kiểm toán năm - Chi nhánh công ty chứng khoán nước ngoài tại Việt Nam >> Báo cáo tình hình tài chính riêng;3. Tài sản thuế thu nhập hoãn lại;253;Data Explorer;Chỉ tiêu cơ sở;Dễ;Ngày, CTCK;SCMS;;X;;;;;;;;;;
123;Báo cáo tài chính quý, soát xét bán niên, kiểm toán năm - Chi nhánh công ty chứng khoán nước ngoài tại Việt Nam >> Báo cáo tình hình tài chính riêng;4. Tiền nộp Quỹ Hỗ trợ thanh toán;254;Data Explorer;Chỉ tiêu cơ sở;Dễ;Ngày, CTCK;SCMS;;X;;;;;;;;;;
123;Báo cáo tài chính quý, soát xét bán niên, kiểm toán năm - Chi nhánh công ty chứng khoán nước ngoài tại Việt Nam >> Báo cáo tình hình tài chính riêng;5. Tài sản dài hạn khác;255;Data Explorer;Chỉ tiêu cơ sở;Dễ;Ngày, CTCK;SCMS;;X;;;;;;;;;;
123;Báo cáo tài chính quý, soát xét bán niên, kiểm toán năm - Chi nhánh công ty chứng khoán nước ngoài tại Việt Nam >> Báo cáo tình hình tài chính riêng;VI. Dự phòng suy giảm giá trị tài sản dài hạn;260;Data Explorer;Chỉ tiêu cơ sở;Dễ;Ngày, CTCK;SCMS;;X;;;;;;;;;;
123;Báo cáo tài chính quý, soát xét bán niên, kiểm toán năm - Chi nhánh công ty chứng khoán nước ngoài tại Việt Nam >> Báo cáo tình hình tài chính riêng;TỔNG CỘNG TÀI SẢN (270 = 100 + 200);270;Data Explorer;Chỉ tiêu cơ sở;Dễ;Ngày, CTCK;SCMS;;X;;;;;;;;;;
123;Báo cáo tài chính quý, soát xét bán niên, kiểm toán năm - Chi nhánh công ty chứng khoán nước ngoài tại Việt Nam >> Báo cáo tình hình tài chính riêng;C. NỢ PHẢI TRẢ (300 = 310 + 340);300;Data Explorer;Chỉ tiêu cơ sở;Dễ;Ngày, CTCK;SCMS;;X;;;;;;;;;;
123;Báo cáo tài chính quý, soát xét bán niên, kiểm toán năm - Chi nhánh công ty chứng khoán nước ngoài tại Việt Nam >> Báo cáo tình hình tài chính riêng;I. Nợ phải trả ngắn hạn;310;Data Explorer;Chỉ tiêu cơ sở;Dễ;Ngày, CTCK;SCMS;;X;;;;;;;;;;
123;Báo cáo tài chính quý, soát xét bán niên, kiểm toán năm - Chi nhánh công ty chứng khoán nước ngoài tại Việt Nam >> Báo cáo tình hình tài chính riêng;1. Vay và nợ thuê tài chính ngắn hạn;311;Data Explorer;Chỉ tiêu cơ sở;Dễ;Ngày, CTCK;SCMS;;X;;;;;;;;;;
123;Báo cáo tài chính quý, soát xét bán niên, kiểm toán năm - Chi nhánh công ty chứng khoán nước ngoài tại Việt Nam >> Báo cáo tình hình tài chính riêng;1.1. Vay ngắn hạn;312;Data Explorer;Chỉ tiêu cơ sở;Dễ;Ngày, CTCK;SCMS;;X;;;;;;;;;;
123;Báo cáo tài chính quý, soát xét bán niên, kiểm toán năm - Chi nhánh công ty chứng khoán nước ngoài tại Việt Nam >> Báo cáo tình hình tài chính riêng;1.2. Nợ thuê tài chính ngắn hạn;313;Data Explorer;Chỉ tiêu cơ sở;Dễ;Ngày, CTCK;SCMS;;X;;;;;;;;;;
123;Báo cáo tài chính quý, soát xét bán niên, kiểm toán năm - Chi nhánh công ty chứng khoán nước ngoài tại Việt Nam >> Báo cáo tình hình tài chính riêng;2. Vay tài sản tài chính ngắn hạn;314;Data Explorer;Chỉ tiêu cơ sở;Dễ;Ngày, CTCK;SCMS;;X;;;;;;;;;;
123;Báo cáo tài chính quý, soát xét bán niên, kiểm toán năm - Chi nhánh công ty chứng khoán nước ngoài tại Việt Nam >> Báo cáo tình hình tài chính riêng;3. Trái phiếu chuyển đổi ngắn hạn - Cấu phần nợ;315;Data Explorer;Chỉ tiêu cơ sở;Dễ;Ngày, CTCK;SCMS;;X;;;;;;;;;;
123;Báo cáo tài chính quý, soát xét bán niên, kiểm toán năm - Chi nhánh công ty chứng khoán nước ngoài tại Việt Nam >> Báo cáo tình hình tài chính riêng;4. Trái phiếu phát hành ngắn hạn;316;Data Explorer;Chỉ tiêu cơ sở;Dễ;Ngày, CTCK;SCMS;;X;;;;;;;;;;
123;Báo cáo tài chính quý, soát xét bán niên, kiểm toán năm - Chi nhánh công ty chứng khoán nước ngoài tại Việt Nam >> Báo cáo tình hình tài chính riêng;5. Vay Quỹ Hỗ trợ thanh toán;317;Data Explorer;Chỉ tiêu cơ sở;Dễ;Ngày, CTCK;SCMS;;X;;;;;;;;;;
123;Báo cáo tài chính quý, soát xét bán niên, kiểm toán năm - Chi nhánh công ty chứng khoán nước ngoài tại Việt Nam >> Báo cáo tình hình tài chính riêng;6. Phải trả hoạt động giao dịch chứng khoán;318;Data Explorer;Chỉ tiêu cơ sở;Dễ;Ngày, CTCK;SCMS;;X;;;;;;;;;;
123;Báo cáo tài chính quý, soát xét bán niên, kiểm toán năm - Chi nhánh công ty chứng khoán nước ngoài tại Việt Nam >> Báo cáo tình hình tài chính riêng;7. Phải trả về lỗi giao dịch các tài sản tài chính;319;Data Explorer;Chỉ tiêu cơ sở;Dễ;Ngày, CTCK;SCMS;;X;;;;;;;;;;
123;Báo cáo tài chính quý, soát xét bán niên, kiểm toán năm - Chi nhánh công ty chứng khoán nước ngoài tại Việt Nam >> Báo cáo tình hình tài chính riêng;8.  Phải trả người bán ngắn hạn;320;Data Explorer;Chỉ tiêu cơ sở;Dễ;Ngày, CTCK;SCMS;;X;;;;;;;;;;
123;Báo cáo tài chính quý, soát xét bán niên, kiểm toán năm - Chi nhánh công ty chứng khoán nước ngoài tại Việt Nam >> Báo cáo tình hình tài chính riêng;9. Người mua trả tiền trước ngắn hạn;321;Data Explorer;Chỉ tiêu cơ sở;Dễ;Ngày, CTCK;SCMS;;X;;;;;;;;;;
123;Báo cáo tài chính quý, soát xét bán niên, kiểm toán năm - Chi nhánh công ty chứng khoán nước ngoài tại Việt Nam >> Báo cáo tình hình tài chính riêng;10. Thuế và các khoản phải nộp Nhà nước;322;Data Explorer;Chỉ tiêu cơ sở;Dễ;Ngày, CTCK;SCMS;;X;;;;;;;;;;
123;Báo cáo tài chính quý, soát xét bán niên, kiểm toán năm - Chi nhánh công ty chứng khoán nước ngoài tại Việt Nam >> Báo cáo tình hình tài chính riêng;11. Phải trả người lao động;323;Data Explorer;Chỉ tiêu cơ sở;Dễ;Ngày, CTCK;SCMS;;X;;;;;;;;;;
123;Báo cáo tài chính quý, soát xét bán niên, kiểm toán năm - Chi nhánh công ty chứng khoán nước ngoài tại Việt Nam >> Báo cáo tình hình tài chính riêng;12.Các khoản trích nộp phúc lợi nhân viên;324;Data Explorer;Chỉ tiêu cơ sở;Dễ;Ngày, CTCK;SCMS;;X;;;;;;;;;;
123;Báo cáo tài chính quý, soát xét bán niên, kiểm toán năm - Chi nhánh công ty chứng khoán nước ngoài tại Việt Nam >> Báo cáo tình hình tài chính riêng;13. Chi phí phải trả ngắn hạn;325;Data Explorer;Chỉ tiêu cơ sở;Dễ;Ngày, CTCK;SCMS;;X;;;;;;;;;;
123;Báo cáo tài chính quý, soát xét bán niên, kiểm toán năm - Chi nhánh công ty chứng khoán nước ngoài tại Việt Nam >> Báo cáo tình hình tài chính riêng;14. Phải trả nội bộ ngắn hạn;326;Data Explorer;Chỉ tiêu cơ sở;Dễ;Ngày, CTCK;SCMS;;X;;;;;;;;;;
123;Báo cáo tài chính quý, soát xét bán niên, kiểm toán năm - Chi nhánh công ty chứng khoán nước ngoài tại Việt Nam >> Báo cáo tình hình tài chính riêng;15. Doanh thu chưa thực hiện ngắn hạn;327;Data Explorer;Chỉ tiêu cơ sở;Dễ;Ngày, CTCK;SCMS;;X;;;;;;;;;;
123;Báo cáo tài chính quý, soát xét bán niên, kiểm toán năm - Chi nhánh công ty chứng khoán nước ngoài tại Việt Nam >> Báo cáo tình hình tài chính riêng;16. Nhận ký quỹ, ký cược ngắn hạn;328;Data Explorer;Chỉ tiêu cơ sở;Dễ;Ngày, CTCK;SCMS;;X;;;;;;;;;;
123;Báo cáo tài chính quý, soát xét bán niên, kiểm toán năm - Chi nhánh công ty chứng khoán nước ngoài tại Việt Nam >> Báo cáo tình hình tài chính riêng;17.Các khoản phải trả, phải nộp khác ngắn hạn;329;Data Explorer;Chỉ tiêu cơ sở;Dễ;Ngày, CTCK;SCMS;;X;;;;;;;;;;
123;Báo cáo tài chính quý, soát xét bán niên, kiểm toán năm - Chi nhánh công ty chứng khoán nước ngoài tại Việt Nam >> Báo cáo tình hình tài chính riêng;18. Dự phòng phải trả ngắn hạn;330;Data Explorer;Chỉ tiêu cơ sở;Dễ;Ngày, CTCK;SCMS;;X;;;;;;;;;;
123;Báo cáo tài chính quý, soát xét bán niên, kiểm toán năm - Chi nhánh công ty chứng khoán nước ngoài tại Việt Nam >> Báo cáo tình hình tài chính riêng;19. Quỹ khen thưởng, phúc lợi;331;Data Explorer;Chỉ tiêu cơ sở;Dễ;Ngày, CTCK;SCMS;;X;;;;;;;;;;
123;Báo cáo tài chính quý, soát xét bán niên, kiểm toán năm - Chi nhánh công ty chứng khoán nước ngoài tại Việt Nam >> Báo cáo tình hình tài chính riêng;20. Giao dịch mua bán lại trái phiếu Chính phủ;332;Data Explorer;Chỉ tiêu cơ sở;Dễ;Ngày, CTCK;SCMS;;X;;;;;;;;;;
123;Báo cáo tài chính quý, soát xét bán niên, kiểm toán năm - Chi nhánh công ty chứng khoán nước ngoài tại Việt Nam >> Báo cáo tình hình tài chính riêng;II. Nợ phải trả dài hạn;340;Data Explorer;Chỉ tiêu cơ sở;Dễ;Ngày, CTCK;SCMS;;X;;;;;;;;;;
123;Báo cáo tài chính quý, soát xét bán niên, kiểm toán năm - Chi nhánh công ty chứng khoán nước ngoài tại Việt Nam >> Báo cáo tình hình tài chính riêng;1. Vay và nợ thuê tài chính dài hạn;341;Data Explorer;Chỉ tiêu cơ sở;Dễ;Ngày, CTCK;SCMS;;X;;;;;;;;;;
123;Báo cáo tài chính quý, soát xét bán niên, kiểm toán năm - Chi nhánh công ty chứng khoán nước ngoài tại Việt Nam >> Báo cáo tình hình tài chính riêng;1.1.Vay dài hạn;342;Data Explorer;Chỉ tiêu cơ sở;Dễ;Ngày, CTCK;SCMS;;X;;;;;;;;;;
123;Báo cáo tài chính quý, soát xét bán niên, kiểm toán năm - Chi nhánh công ty chứng khoán nước ngoài tại Việt Nam >> Báo cáo tình hình tài chính riêng;1.2. Nợ thuê tài chính dài hạn;343;Data Explorer;Chỉ tiêu cơ sở;Dễ;Ngày, CTCK;SCMS;;X;;;;;;;;;;
123;Báo cáo tài chính quý, soát xét bán niên, kiểm toán năm - Chi nhánh công ty chứng khoán nước ngoài tại Việt Nam >> Báo cáo tình hình tài chính riêng;2. Vay tài sản tài chính dài hạn;344;Data Explorer;Chỉ tiêu cơ sở;Dễ;Ngày, CTCK;SCMS;;X;;;;;;;;;;
123;Báo cáo tài chính quý, soát xét bán niên, kiểm toán năm - Chi nhánh công ty chứng khoán nước ngoài tại Việt Nam >> Báo cáo tình hình tài chính riêng;3.Trái phiếu chuyển đổi dài hạn - Cấu phần nợ;345;Data Explorer;Chỉ tiêu cơ sở;Dễ;Ngày, CTCK;SCMS;;X;;;;;;;;;;
123;Báo cáo tài chính quý, soát xét bán niên, kiểm toán năm - Chi nhánh công ty chứng khoán nước ngoài tại Việt Nam >> Báo cáo tình hình tài chính riêng;4.Trái phiếu phát hành dài hạn;346;Data Explorer;Chỉ tiêu cơ sở;Dễ;Ngày, CTCK;SCMS;;X;;;;;;;;;;
123;Báo cáo tài chính quý, soát xét bán niên, kiểm toán năm - Chi nhánh công ty chứng khoán nước ngoài tại Việt Nam >> Báo cáo tình hình tài chính riêng;5.  Phải trả người bán dài hạn;347;Data Explorer;Chỉ tiêu cơ sở;Dễ;Ngày, CTCK;SCMS;;X;;;;;;;;;;
123;Báo cáo tài chính quý, soát xét bán niên, kiểm toán năm - Chi nhánh công ty chứng khoán nước ngoài tại Việt Nam >> Báo cáo tình hình tài chính riêng;6. Người mua trả tiền trước dài hạn;348;Data Explorer;Chỉ tiêu cơ sở;Dễ;Ngày, CTCK;SCMS;;X;;;;;;;;;;
123;Báo cáo tài chính quý, soát xét bán niên, kiểm toán năm - Chi nhánh công ty chứng khoán nước ngoài tại Việt Nam >> Báo cáo tình hình tài chính riêng;7. Chi phí phải trả dài hạn;349;Data Explorer;Chỉ tiêu cơ sở;Dễ;Ngày, CTCK;SCMS;;X;;;;;;;;;;
123;Báo cáo tài chính quý, soát xét bán niên, kiểm toán năm - Chi nhánh công ty chứng khoán nước ngoài tại Việt Nam >> Báo cáo tình hình tài chính riêng;8. Phải trả nội bộ dài hạn;350;Data Explorer;Chỉ tiêu cơ sở;Dễ;Ngày, CTCK;SCMS;;X;;;;;;;;;;
123;Báo cáo tài chính quý, soát xét bán niên, kiểm toán năm - Chi nhánh công ty chứng khoán nước ngoài tại Việt Nam >> Báo cáo tình hình tài chính riêng;9. Doanh thu chưa thực hiện dài hạn;351;Data Explorer;Chỉ tiêu cơ sở;Dễ;Ngày, CTCK;SCMS;;X;;;;;;;;;;
123;Báo cáo tài chính quý, soát xét bán niên, kiểm toán năm - Chi nhánh công ty chứng khoán nước ngoài tại Việt Nam >> Báo cáo tình hình tài chính riêng;10. Nhận ký quỹ, ký cược dài hạn;352;Data Explorer;Chỉ tiêu cơ sở;Dễ;Ngày, CTCK;SCMS;;X;;;;;;;;;;
123;Báo cáo tài chính quý, soát xét bán niên, kiểm toán năm - Chi nhánh công ty chứng khoán nước ngoài tại Việt Nam >> Báo cáo tình hình tài chính riêng;11. Các khoản phải trả, phải nộp khác dài hạn;353;Data Explorer;Chỉ tiêu cơ sở;Dễ;Ngày, CTCK;SCMS;;X;;;;;;;;;;
123;Báo cáo tài chính quý, soát xét bán niên, kiểm toán năm - Chi nhánh công ty chứng khoán nước ngoài tại Việt Nam >> Báo cáo tình hình tài chính riêng;12. Dự phòng phải trả dài hạn;354;Data Explorer;Chỉ tiêu cơ sở;Dễ;Ngày, CTCK;SCMS;;X;;;;;;;;;;
123;Báo cáo tài chính quý, soát xét bán niên, kiểm toán năm - Chi nhánh công ty chứng khoán nước ngoài tại Việt Nam >> Báo cáo tình hình tài chính riêng;13. Quỹ bảo vệ Nhà đầu tư;355;Data Explorer;Chỉ tiêu cơ sở;Dễ;Ngày, CTCK;SCMS;;X;;;;;;;;;;
123;Báo cáo tài chính quý, soát xét bán niên, kiểm toán năm - Chi nhánh công ty chứng khoán nước ngoài tại Việt Nam >> Báo cáo tình hình tài chính riêng;14. Thuế thu nhập hoãn lại phải trả;356;Data Explorer;Chỉ tiêu cơ sở;Dễ;Ngày, CTCK;SCMS;;X;;;;;;;;;;
123;Báo cáo tài chính quý, soát xét bán niên, kiểm toán năm - Chi nhánh công ty chứng khoán nước ngoài tại Việt Nam >> Báo cáo tình hình tài chính riêng;15. Quỹ phát triển khoa học và công nghệ;357;Data Explorer;Chỉ tiêu cơ sở;Dễ;Ngày, CTCK;SCMS;;X;;;;;;;;;;
123;Báo cáo tài chính quý, soát xét bán niên, kiểm toán năm - Chi nhánh công ty chứng khoán nước ngoài tại Việt Nam >> Báo cáo tình hình tài chính riêng;D. VỐN CHỦ SỞ HỮU (400 = 410 + 420);400;Data Explorer;Chỉ tiêu cơ sở;Dễ;Ngày, CTCK;SCMS;;X;;;;;;;;;;
123;Báo cáo tài chính quý, soát xét bán niên, kiểm toán năm - Chi nhánh công ty chứng khoán nước ngoài tại Việt Nam >> Báo cáo tình hình tài chính riêng;I. Vốn chủ sở hữu;410;Data Explorer;Chỉ tiêu cơ sở;Dễ;Ngày, CTCK;SCMS;;X;;;;;;;;;;
123;Báo cáo tài chính quý, soát xét bán niên, kiểm toán năm - Chi nhánh công ty chứng khoán nước ngoài tại Việt Nam >> Báo cáo tình hình tài chính riêng;1. Vốn đầu tư của chủ sở hữu;411;Data Explorer;Chỉ tiêu cơ sở;Dễ;Ngày, CTCK;SCMS;;X;;;;;;;;;;
123;Báo cáo tài chính quý, soát xét bán niên, kiểm toán năm - Chi nhánh công ty chứng khoán nước ngoài tại Việt Nam >> Báo cáo tình hình tài chính riêng;1.1. Vốn góp của chủ sở hữu;411,1;Data Explorer;Chỉ tiêu cơ sở;Dễ;Ngày, CTCK;SCMS;;X;;;;;;;;;;
123;Báo cáo tài chính quý, soát xét bán niên, kiểm toán năm - Chi nhánh công ty chứng khoán nước ngoài tại Việt Nam >> Báo cáo tình hình tài chính riêng;a. Cổ phiếu phổ thông có quyền biểu quyết;"411.1a
";Data Explorer;Chỉ tiêu cơ sở;Dễ;Ngày, CTCK;SCMS;;X;;;;;;;;;;
123;Báo cáo tài chính quý, soát xét bán niên, kiểm toán năm - Chi nhánh công ty chứng khoán nước ngoài tại Việt Nam >> Báo cáo tình hình tài chính riêng;b. Cổ phiếu ưu đãi;"411.1b
";Data Explorer;Chỉ tiêu cơ sở;Dễ;Ngày, CTCK;SCMS;;X;;;;;;;;;;
123;Báo cáo tài chính quý, soát xét bán niên, kiểm toán năm - Chi nhánh công ty chứng khoán nước ngoài tại Việt Nam >> Báo cáo tình hình tài chính riêng;1.2. Thặng dư vốn cổ phần;411,2;Data Explorer;Chỉ tiêu cơ sở;Dễ;Ngày, CTCK;SCMS;;X;;;;;;;;;;
123;Báo cáo tài chính quý, soát xét bán niên, kiểm toán năm - Chi nhánh công ty chứng khoán nước ngoài tại Việt Nam >> Báo cáo tình hình tài chính riêng;1.3. Quyền chọn chuyển đổi trái phiếu - Cấu phần vốn;411,3;Data Explorer;Chỉ tiêu cơ sở;Dễ;Ngày, CTCK;SCMS;;X;;;;;;;;;;
123;Báo cáo tài chính quý, soát xét bán niên, kiểm toán năm - Chi nhánh công ty chứng khoán nước ngoài tại Việt Nam >> Báo cáo tình hình tài chính riêng;1.4. Vốn khác của chủ sở hữu;411,4;Data Explorer;Chỉ tiêu cơ sở;Dễ;Ngày, CTCK;SCMS;;X;;;;;;;;;;
123;Báo cáo tài chính quý, soát xét bán niên, kiểm toán năm - Chi nhánh công ty chứng khoán nước ngoài tại Việt Nam >> Báo cáo tình hình tài chính riêng;1.5. Cổ phiếu quỹ (*);411,5;Data Explorer;Chỉ tiêu cơ sở;Dễ;Ngày, CTCK;SCMS;;X;;;;;;;;;;
123;Báo cáo tài chính quý, soát xét bán niên, kiểm toán năm - Chi nhánh công ty chứng khoán nước ngoài tại Việt Nam >> Báo cáo tình hình tài chính riêng;2. Chênh lệch đánh giá tài sản theo giá trị hợp lý;412;Data Explorer;Chỉ tiêu cơ sở;Dễ;Ngày, CTCK;SCMS;;X;;;;;;;;;;
123;Báo cáo tài chính quý, soát xét bán niên, kiểm toán năm - Chi nhánh công ty chứng khoán nước ngoài tại Việt Nam >> Báo cáo tình hình tài chính riêng;3. Chênh lệch tỷ giá hối đoái;413;Data Explorer;Chỉ tiêu cơ sở;Dễ;Ngày, CTCK;SCMS;;X;;;;;;;;;;
123;Báo cáo tài chính quý, soát xét bán niên, kiểm toán năm - Chi nhánh công ty chứng khoán nước ngoài tại Việt Nam >> Báo cáo tình hình tài chính riêng;4. Quỹ dự trữ bổ sung vốn  điều lệ;414;Data Explorer;Chỉ tiêu cơ sở;Dễ;Ngày, CTCK;SCMS;;X;;;;;;;;;;
123;Báo cáo tài chính quý, soát xét bán niên, kiểm toán năm - Chi nhánh công ty chứng khoán nước ngoài tại Việt Nam >> Báo cáo tình hình tài chính riêng;5. Quỹ dự phòng tài chính và rủi ro nghiệp vụ;415;Data Explorer;Chỉ tiêu cơ sở;Dễ;Ngày, CTCK;SCMS;;X;;;;;;;;;;
123;Báo cáo tài chính quý, soát xét bán niên, kiểm toán năm - Chi nhánh công ty chứng khoán nước ngoài tại Việt Nam >> Báo cáo tình hình tài chính riêng;6. Các Quỹ khác thuộc vốn chủ sở hữu;416;Data Explorer;Chỉ tiêu cơ sở;Dễ;Ngày, CTCK;SCMS;;X;;;;;;;;;;
123;Báo cáo tài chính quý, soát xét bán niên, kiểm toán năm - Chi nhánh công ty chứng khoán nước ngoài tại Việt Nam >> Báo cáo tình hình tài chính riêng;7. Lợi nhuận chưa phân phối;417;Data Explorer;Chỉ tiêu cơ sở;Dễ;Ngày, CTCK;SCMS;;X;;;;;;;;;;
123;Báo cáo tài chính quý, soát xét bán niên, kiểm toán năm - Chi nhánh công ty chứng khoán nước ngoài tại Việt Nam >> Báo cáo tình hình tài chính riêng;7.1. Lợi nhuận sau thuế đã thực hiện;417,1;Data Explorer;Chỉ tiêu cơ sở;Dễ;Ngày, CTCK;SCMS;;X;;;;;;;;;;
123;Báo cáo tài chính quý, soát xét bán niên, kiểm toán năm - Chi nhánh công ty chứng khoán nước ngoài tại Việt Nam >> Báo cáo tình hình tài chính riêng;7.2. Lợi nhuận chưa thực hiện;417,2;Data Explorer;Chỉ tiêu cơ sở;Dễ;Ngày, CTCK;SCMS;;X;;;;;;;;;;
123;Báo cáo tài chính quý, soát xét bán niên, kiểm toán năm - Chi nhánh công ty chứng khoán nước ngoài tại Việt Nam >> Báo cáo tình hình tài chính riêng;II. Nguồn kinh phí và quỹ khác;420;Data Explorer;Chỉ tiêu cơ sở;Dễ;Ngày, CTCK;SCMS;;X;;;;;;;;;;
123;Báo cáo tài chính quý, soát xét bán niên, kiểm toán năm - Chi nhánh công ty chứng khoán nước ngoài tại Việt Nam >> Báo cáo tình hình tài chính riêng;TỔNG CỘNG NỢ  VÀ VỐN CHỦ SỞ HỮU (440 = 300 + 400);440;Data Explorer;Chỉ tiêu cơ sở;Dễ;Ngày, CTCK;SCMS;;X;;;;;;;;;;
124;Báo cáo tài chính quý, soát xét bán niên, kiểm toán năm - Chi nhánh công ty chứng khoán nước ngoài tại Việt Nam >> Các chỉ tiêu ngoài báo cáo tình hình tài chính riêng;Loại báo cáo;Loại báo cáo;Data Explorer;Chiều;Dễ;Ngày, CTCK;SCMS;X;X;;;;;;;;;;
124;Báo cáo tài chính quý, soát xét bán niên, kiểm toán năm - Chi nhánh công ty chứng khoán nước ngoài tại Việt Nam >> Các chỉ tiêu ngoài báo cáo tình hình tài chính riêng;Kỳ báo cáo;Kỳ báo cáo;Data Explorer;Chiều;Dễ;Ngày, CTCK;SCMS;X;X;;;;;;;;;;
124;Báo cáo tài chính quý, soát xét bán niên, kiểm toán năm - Chi nhánh công ty chứng khoán nước ngoài tại Việt Nam >> Các chỉ tiêu ngoài báo cáo tình hình tài chính riêng;Mã báo cáo;Mã báo cáo;Data Explorer;Chiều;Dễ;Ngày, CTCK;SCMS;X;X;;;;;;;;;;
124;Báo cáo tài chính quý, soát xét bán niên, kiểm toán năm - Chi nhánh công ty chứng khoán nước ngoài tại Việt Nam >> Các chỉ tiêu ngoài báo cáo tình hình tài chính riêng;Tên báo cáo;Tên báo cáo;Data Explorer;Chiều;Dễ;Ngày, CTCK;SCMS;X;X;;;;;;;;;;
124;Báo cáo tài chính quý, soát xét bán niên, kiểm toán năm - Chi nhánh công ty chứng khoán nước ngoài tại Việt Nam >> Các chỉ tiêu ngoài báo cáo tình hình tài chính riêng;Mã chỉ tiêu;Mã chỉ tiêu;Data Explorer;Chiều;Dễ;Ngày, CTCK;SCMS;X;X;;;;;;;;;;
124;Báo cáo tài chính quý, soát xét bán niên, kiểm toán năm - Chi nhánh công ty chứng khoán nước ngoài tại Việt Nam >> Các chỉ tiêu ngoài báo cáo tình hình tài chính riêng;Tên chỉ tiêu;Tên chỉ tiêu;Data Explorer;Chiều;Dễ;Ngày, CTCK;SCMS;X;X;;;;;;;;;;
124;Báo cáo tài chính quý, soát xét bán niên, kiểm toán năm - Chi nhánh công ty chứng khoán nước ngoài tại Việt Nam >> Các chỉ tiêu ngoài báo cáo tình hình tài chính riêng;A.TÀI SẢN CỦA CTCK VÀ TÀI SẢN QUẢN LÝ THEO CAM KẾT;;Data Explorer;Chỉ tiêu cơ sở;Dễ;Ngày, CTCK;SCMS;;X;;;;;;;;;;
124;Báo cáo tài chính quý, soát xét bán niên, kiểm toán năm - Chi nhánh công ty chứng khoán nước ngoài tại Việt Nam >> Các chỉ tiêu ngoài báo cáo tình hình tài chính riêng;1. Tài sản cố định thuê ngoài;1;Data Explorer;Chỉ tiêu cơ sở;Dễ;Ngày, CTCK;SCMS;;X;;;;;;;;;;
124;Báo cáo tài chính quý, soát xét bán niên, kiểm toán năm - Chi nhánh công ty chứng khoán nước ngoài tại Việt Nam >> Các chỉ tiêu ngoài báo cáo tình hình tài chính riêng;2. Chứng chỉ có giá nhận giữ hộ;2;Data Explorer;Chỉ tiêu cơ sở;Dễ;Ngày, CTCK;SCMS;;X;;;;;;;;;;
124;Báo cáo tài chính quý, soát xét bán niên, kiểm toán năm - Chi nhánh công ty chứng khoán nước ngoài tại Việt Nam >> Các chỉ tiêu ngoài báo cáo tình hình tài chính riêng;3. Tài sản nhận thế chấp;3;Data Explorer;Chỉ tiêu cơ sở;Dễ;Ngày, CTCK;SCMS;;X;;;;;;;;;;
124;Báo cáo tài chính quý, soát xét bán niên, kiểm toán năm - Chi nhánh công ty chứng khoán nước ngoài tại Việt Nam >> Các chỉ tiêu ngoài báo cáo tình hình tài chính riêng;4. Nợ khó đòi đã xử lý;4;Data Explorer;Chỉ tiêu cơ sở;Dễ;Ngày, CTCK;SCMS;;X;;;;;;;;;;
124;Báo cáo tài chính quý, soát xét bán niên, kiểm toán năm - Chi nhánh công ty chứng khoán nước ngoài tại Việt Nam >> Các chỉ tiêu ngoài báo cáo tình hình tài chính riêng;5. Ngoại tệ các loại;5;Data Explorer;Chỉ tiêu cơ sở;Dễ;Ngày, CTCK;SCMS;;X;;;;;;;;;;
124;Báo cáo tài chính quý, soát xét bán niên, kiểm toán năm - Chi nhánh công ty chứng khoán nước ngoài tại Việt Nam >> Các chỉ tiêu ngoài báo cáo tình hình tài chính riêng;6. Cổ phiếu đang lưu hành;6;Data Explorer;Chỉ tiêu cơ sở;Dễ;Ngày, CTCK;SCMS;;X;;;;;;;;;;
124;Báo cáo tài chính quý, soát xét bán niên, kiểm toán năm - Chi nhánh công ty chứng khoán nước ngoài tại Việt Nam >> Các chỉ tiêu ngoài báo cáo tình hình tài chính riêng;7. Cổ phiếu quỹ;7;Data Explorer;Chỉ tiêu cơ sở;Dễ;Ngày, CTCK;SCMS;;X;;;;;;;;;;
124;Báo cáo tài chính quý, soát xét bán niên, kiểm toán năm - Chi nhánh công ty chứng khoán nước ngoài tại Việt Nam >> Các chỉ tiêu ngoài báo cáo tình hình tài chính riêng;8. Tài sản tài chính niêm yết/đăng ký giao dịch tại VSD của CTCK ;8;Data Explorer;Chỉ tiêu cơ sở;Dễ;Ngày, CTCK;SCMS;;X;;;;;;;;;;
124;Báo cáo tài chính quý, soát xét bán niên, kiểm toán năm - Chi nhánh công ty chứng khoán nước ngoài tại Việt Nam >> Các chỉ tiêu ngoài báo cáo tình hình tài chính riêng;9. Tài sản tài chính đã lưu ký tại VSD và chưa giao dịch của CTCK ;9;Data Explorer;Chỉ tiêu cơ sở;Dễ;Ngày, CTCK;SCMS;;X;;;;;;;;;;
124;Báo cáo tài chính quý, soát xét bán niên, kiểm toán năm - Chi nhánh công ty chứng khoán nước ngoài tại Việt Nam >> Các chỉ tiêu ngoài báo cáo tình hình tài chính riêng;10. Tài sản tài chính chờ về của CTCK ;10;Data Explorer;Chỉ tiêu cơ sở;Dễ;Ngày, CTCK;SCMS;;X;;;;;;;;;;
124;Báo cáo tài chính quý, soát xét bán niên, kiểm toán năm - Chi nhánh công ty chứng khoán nước ngoài tại Việt Nam >> Các chỉ tiêu ngoài báo cáo tình hình tài chính riêng;11. Tài sản tài chính sửa lỗi giao dịch của CTCK ;11;Data Explorer;Chỉ tiêu cơ sở;Dễ;Ngày, CTCK;SCMS;;X;;;;;;;;;;
124;Báo cáo tài chính quý, soát xét bán niên, kiểm toán năm - Chi nhánh công ty chứng khoán nước ngoài tại Việt Nam >> Các chỉ tiêu ngoài báo cáo tình hình tài chính riêng;12. Tài sản tài chính chưa lưu ký tại VSD của CTCK ;12;Data Explorer;Chỉ tiêu cơ sở;Dễ;Ngày, CTCK;SCMS;;X;;;;;;;;;;
124;Báo cáo tài chính quý, soát xét bán niên, kiểm toán năm - Chi nhánh công ty chứng khoán nước ngoài tại Việt Nam >> Các chỉ tiêu ngoài báo cáo tình hình tài chính riêng;13.Tài sản tài chính được hưởng quyền của CTCK ;13;Data Explorer;Chỉ tiêu cơ sở;Dễ;Ngày, CTCK;SCMS;;X;;;;;;;;;;
124;Báo cáo tài chính quý, soát xét bán niên, kiểm toán năm - Chi nhánh công ty chứng khoán nước ngoài tại Việt Nam >> Các chỉ tiêu ngoài báo cáo tình hình tài chính riêng;14.Chứng quyền;;Data Explorer;Chỉ tiêu cơ sở;Dễ;Ngày, CTCK;SCMS;;X;;;;;;;;;;
124;Báo cáo tài chính quý, soát xét bán niên, kiểm toán năm - Chi nhánh công ty chứng khoán nước ngoài tại Việt Nam >> Các chỉ tiêu ngoài báo cáo tình hình tài chính riêng;B. TÀI SẢN VÀ CÁC KHOẢN PHẢI TRẢ VỀ TÀI SẢN QUẢN LÝ CAM KẾT VỚI KHÁCH HÀNG ;;Data Explorer;Chỉ tiêu cơ sở;Dễ;Ngày, CTCK;SCMS;;X;;;;;;;;;;
124;Báo cáo tài chính quý, soát xét bán niên, kiểm toán năm - Chi nhánh công ty chứng khoán nước ngoài tại Việt Nam >> Các chỉ tiêu ngoài báo cáo tình hình tài chính riêng;1.Tài sản tài chính niêm yết/đăng ký giao dịch tại VSD của Nhà đầu tư;21;Data Explorer;Chỉ tiêu cơ sở;Dễ;Ngày, CTCK;SCMS;;X;;;;;;;;;;
124;Báo cáo tài chính quý, soát xét bán niên, kiểm toán năm - Chi nhánh công ty chứng khoán nước ngoài tại Việt Nam >> Các chỉ tiêu ngoài báo cáo tình hình tài chính riêng;a.Tài sản tài chính giao dịch tự do chuyển nhượng;21,1;Data Explorer;Chỉ tiêu cơ sở;Dễ;Ngày, CTCK;SCMS;;X;;;;;;;;;;
124;Báo cáo tài chính quý, soát xét bán niên, kiểm toán năm - Chi nhánh công ty chứng khoán nước ngoài tại Việt Nam >> Các chỉ tiêu ngoài báo cáo tình hình tài chính riêng;b.Tài sản tài chính hạn chế chuyển nhượng;21,2;Data Explorer;Chỉ tiêu cơ sở;Dễ;Ngày, CTCK;SCMS;;X;;;;;;;;;;
124;Báo cáo tài chính quý, soát xét bán niên, kiểm toán năm - Chi nhánh công ty chứng khoán nước ngoài tại Việt Nam >> Các chỉ tiêu ngoài báo cáo tình hình tài chính riêng;c.Tài sản tài chính giao dịch cầm cố;21,3;Data Explorer;Chỉ tiêu cơ sở;Dễ;Ngày, CTCK;SCMS;;X;;;;;;;;;;
124;Báo cáo tài chính quý, soát xét bán niên, kiểm toán năm - Chi nhánh công ty chứng khoán nước ngoài tại Việt Nam >> Các chỉ tiêu ngoài báo cáo tình hình tài chính riêng;d.Tài sản tài chính phong tỏa, tạm giữ;21,4;Data Explorer;Chỉ tiêu cơ sở;Dễ;Ngày, CTCK;SCMS;;X;;;;;;;;;;
124;Báo cáo tài chính quý, soát xét bán niên, kiểm toán năm - Chi nhánh công ty chứng khoán nước ngoài tại Việt Nam >> Các chỉ tiêu ngoài báo cáo tình hình tài chính riêng;e.Tài sản tài chính chờ thanh toán;21,5;Data Explorer;Chỉ tiêu cơ sở;Dễ;Ngày, CTCK;SCMS;;X;;;;;;;;;;
124;Báo cáo tài chính quý, soát xét bán niên, kiểm toán năm - Chi nhánh công ty chứng khoán nước ngoài tại Việt Nam >> Các chỉ tiêu ngoài báo cáo tình hình tài chính riêng;f. Tài sản tài chính chờ cho vay;21,6;Data Explorer;Chỉ tiêu cơ sở;Dễ;Ngày, CTCK;SCMS;;X;;;;;;;;;;
124;Báo cáo tài chính quý, soát xét bán niên, kiểm toán năm - Chi nhánh công ty chứng khoán nước ngoài tại Việt Nam >> Các chỉ tiêu ngoài báo cáo tình hình tài chính riêng;2. Tài sản tài chính đã lưu ký tại VSD và chưa giao dịch của Nhà đầu tư;22;Data Explorer;Chỉ tiêu cơ sở;Dễ;Ngày, CTCK;SCMS;;X;;;;;;;;;;
124;Báo cáo tài chính quý, soát xét bán niên, kiểm toán năm - Chi nhánh công ty chứng khoán nước ngoài tại Việt Nam >> Các chỉ tiêu ngoài báo cáo tình hình tài chính riêng;a.Tài sản tài chính đã lưu ký tại VSD và chưa giao dịch, tự do chuyển nhượng;22,1;Data Explorer;Chỉ tiêu cơ sở;Dễ;Ngày, CTCK;SCMS;;X;;;;;;;;;;
124;Báo cáo tài chính quý, soát xét bán niên, kiểm toán năm - Chi nhánh công ty chứng khoán nước ngoài tại Việt Nam >> Các chỉ tiêu ngoài báo cáo tình hình tài chính riêng;b.Tài sản tài chính đã lưu ký tại VSD và chưa giao dịch, hạn chế chuyển nhượng;22,2;Data Explorer;Chỉ tiêu cơ sở;Dễ;Ngày, CTCK;SCMS;;X;;;;;;;;;;
124;Báo cáo tài chính quý, soát xét bán niên, kiểm toán năm - Chi nhánh công ty chứng khoán nước ngoài tại Việt Nam >> Các chỉ tiêu ngoài báo cáo tình hình tài chính riêng;c.Tài sản tài chính đã lưu ký tại VSD và chưa giao dịch, cầm cố;22,3;Data Explorer;Chỉ tiêu cơ sở;Dễ;Ngày, CTCK;SCMS;;X;;;;;;;;;;
124;Báo cáo tài chính quý, soát xét bán niên, kiểm toán năm - Chi nhánh công ty chứng khoán nước ngoài tại Việt Nam >> Các chỉ tiêu ngoài báo cáo tình hình tài chính riêng;d.Tài sản tài chính đã lưu ký tại VSD và chưa giao dịch, phong tỏa, tạm giữ;22,4;Data Explorer;Chỉ tiêu cơ sở;Dễ;Ngày, CTCK;SCMS;;X;;;;;;;;;;
124;Báo cáo tài chính quý, soát xét bán niên, kiểm toán năm - Chi nhánh công ty chứng khoán nước ngoài tại Việt Nam >> Các chỉ tiêu ngoài báo cáo tình hình tài chính riêng;3. Tài sản tài chính chờ về của Nhà đầu tư;23;Data Explorer;Chỉ tiêu cơ sở;Dễ;Ngày, CTCK;SCMS;;X;;;;;;;;;;
124;Báo cáo tài chính quý, soát xét bán niên, kiểm toán năm - Chi nhánh công ty chứng khoán nước ngoài tại Việt Nam >> Các chỉ tiêu ngoài báo cáo tình hình tài chính riêng;4. Tài sản tài chính sửa lỗi giao dịch của Nhà đầu tư;"024.a
";Data Explorer;Chỉ tiêu cơ sở;Dễ;Ngày, CTCK;SCMS;;X;;;;;;;;;;
124;Báo cáo tài chính quý, soát xét bán niên, kiểm toán năm - Chi nhánh công ty chứng khoán nước ngoài tại Việt Nam >> Các chỉ tiêu ngoài báo cáo tình hình tài chính riêng;5.Tài sản tài chính chưa lưu ký tại VSD của Nhà đầu tư;"024.b
";Data Explorer;Chỉ tiêu cơ sở;Dễ;Ngày, CTCK;SCMS;;X;;;;;;;;;;
124;Báo cáo tài chính quý, soát xét bán niên, kiểm toán năm - Chi nhánh công ty chứng khoán nước ngoài tại Việt Nam >> Các chỉ tiêu ngoài báo cáo tình hình tài chính riêng;6.Tài sản tài chính được hưởng quyền của Nhà đầu tư;25;Data Explorer;Chỉ tiêu cơ sở;Dễ;Ngày, CTCK;SCMS;;X;;;;;;;;;;
124;Báo cáo tài chính quý, soát xét bán niên, kiểm toán năm - Chi nhánh công ty chứng khoán nước ngoài tại Việt Nam >> Các chỉ tiêu ngoài báo cáo tình hình tài chính riêng;7. Tiền gửi của khách hàng;26;Data Explorer;Chỉ tiêu cơ sở;Dễ;Ngày, CTCK;SCMS;;X;;;;;;;;;;
124;Báo cáo tài chính quý, soát xét bán niên, kiểm toán năm - Chi nhánh công ty chứng khoán nước ngoài tại Việt Nam >> Các chỉ tiêu ngoài báo cáo tình hình tài chính riêng;7.1. Tiền gửi của Nhà đầu tư về giao dịch chứng khoán theo phương thức CTCK quản lý;27;Data Explorer;Chỉ tiêu cơ sở;Dễ;Ngày, CTCK;SCMS;;X;;;;;;;;;;
124;Báo cáo tài chính quý, soát xét bán niên, kiểm toán năm - Chi nhánh công ty chứng khoán nước ngoài tại Việt Nam >> Các chỉ tiêu ngoài báo cáo tình hình tài chính riêng;7.2.Tiền gửi tổng hợp giao dịch chứng khoán cho khách hàng;28;Data Explorer;Chỉ tiêu cơ sở;Dễ;Ngày, CTCK;SCMS;;X;;;;;;;;;;
124;Báo cáo tài chính quý, soát xét bán niên, kiểm toán năm - Chi nhánh công ty chứng khoán nước ngoài tại Việt Nam >> Các chỉ tiêu ngoài báo cáo tình hình tài chính riêng;7.3. Tiền gửi bù trừ và thanh toán giao dịch chứng khoán;29;Data Explorer;Chỉ tiêu cơ sở;Dễ;Ngày, CTCK;SCMS;;X;;;;;;;;;;
124;Báo cáo tài chính quý, soát xét bán niên, kiểm toán năm - Chi nhánh công ty chứng khoán nước ngoài tại Việt Nam >> Các chỉ tiêu ngoài báo cáo tình hình tài chính riêng;a. Tiền gửi bù trừ và thanh toán giao dịch chứng khoán Nhà đầu tư trong nước;29,1;Data Explorer;Chỉ tiêu cơ sở;Dễ;Ngày, CTCK;SCMS;;X;;;;;;;;;;
124;Báo cáo tài chính quý, soát xét bán niên, kiểm toán năm - Chi nhánh công ty chứng khoán nước ngoài tại Việt Nam >> Các chỉ tiêu ngoài báo cáo tình hình tài chính riêng;b. Tiền gửi bù trừ và thanh toán giao dịch chứng khoán Nhà đầu tư nước ngoài;29,2;Data Explorer;Chỉ tiêu cơ sở;Dễ;Ngày, CTCK;SCMS;;X;;;;;;;;;;
124;Báo cáo tài chính quý, soát xét bán niên, kiểm toán năm - Chi nhánh công ty chứng khoán nước ngoài tại Việt Nam >> Các chỉ tiêu ngoài báo cáo tình hình tài chính riêng;7.4. Tiền gửi của Tổ chức phát hành chứng khoán;30;Data Explorer;Chỉ tiêu cơ sở;Dễ;Ngày, CTCK;SCMS;;X;;;;;;;;;;
124;Báo cáo tài chính quý, soát xét bán niên, kiểm toán năm - Chi nhánh công ty chứng khoán nước ngoài tại Việt Nam >> Các chỉ tiêu ngoài báo cáo tình hình tài chính riêng;8. Phải trả Nhà đầu tư về tiền gửi giao dịch chứng khoán theo phương thức CTCK quản lý;31;Data Explorer;Chỉ tiêu cơ sở;Dễ;Ngày, CTCK;SCMS;;X;;;;;;;;;;
124;Báo cáo tài chính quý, soát xét bán niên, kiểm toán năm - Chi nhánh công ty chứng khoán nước ngoài tại Việt Nam >> Các chỉ tiêu ngoài báo cáo tình hình tài chính riêng;8.1. Phải trả Nhà đầu tư trong nước về tiền gửi giao dịch chứng khoán theo phương thức CTCK quản lý ;31,1;Data Explorer;Chỉ tiêu cơ sở;Dễ;Ngày, CTCK;SCMS;;X;;;;;;;;;;
124;Báo cáo tài chính quý, soát xét bán niên, kiểm toán năm - Chi nhánh công ty chứng khoán nước ngoài tại Việt Nam >> Các chỉ tiêu ngoài báo cáo tình hình tài chính riêng;8.2. Phải trả Nhà đầu tư nước ngoài về tiền gửi giao dịch chứng khoán theo phương thức CTCK quản lý;31,2;Data Explorer;Chỉ tiêu cơ sở;Dễ;Ngày, CTCK;SCMS;;X;;;;;;;;;;
124;Báo cáo tài chính quý, soát xét bán niên, kiểm toán năm - Chi nhánh công ty chứng khoán nước ngoài tại Việt Nam >> Các chỉ tiêu ngoài báo cáo tình hình tài chính riêng;9. Phải trả Tổ chức phát hành chứng khoán;32;Data Explorer;Chỉ tiêu cơ sở;Dễ;Ngày, CTCK;SCMS;;X;;;;;;;;;;
124;Báo cáo tài chính quý, soát xét bán niên, kiểm toán năm - Chi nhánh công ty chứng khoán nước ngoài tại Việt Nam >> Các chỉ tiêu ngoài báo cáo tình hình tài chính riêng;10. Phải thu của khách hàng về lỗi giao dịch các tài sản tài chính;33;Data Explorer;Chỉ tiêu cơ sở;Dễ;Ngày, CTCK;SCMS;;X;;;;;;;;;;
124;Báo cáo tài chính quý, soát xét bán niên, kiểm toán năm - Chi nhánh công ty chứng khoán nước ngoài tại Việt Nam >> Các chỉ tiêu ngoài báo cáo tình hình tài chính riêng;11. Phải trả của khách hàng về lỗi giao dịch các tài sản tài chính;34;Data Explorer;Chỉ tiêu cơ sở;Dễ;Ngày, CTCK;SCMS;;X;;;;;;;;;;
124;Báo cáo tài chính quý, soát xét bán niên, kiểm toán năm - Chi nhánh công ty chứng khoán nước ngoài tại Việt Nam >> Các chỉ tiêu ngoài báo cáo tình hình tài chính riêng;12. Phải trả cổ tức, gốc và lãi trái phiếu;35;Data Explorer;Chỉ tiêu cơ sở;Dễ;Ngày, CTCK;SCMS;;X;;;;;;;;;;
125;Báo cáo tài chính quý, soát xét bán niên, kiểm toán năm - Chi nhánh công ty chứng khoán nước ngoài tại Việt Nam >> Báo cáo kết quả hoạt động riêng;Loại báo cáo;Loại báo cáo;Data Explorer;Chiều;Dễ;Ngày, CTCK;SCMS;X;X;;;;;;;;;;
125;Báo cáo tài chính quý, soát xét bán niên, kiểm toán năm - Chi nhánh công ty chứng khoán nước ngoài tại Việt Nam >> Báo cáo kết quả hoạt động riêng;Kỳ báo cáo;Kỳ báo cáo;Data Explorer;Chiều;Dễ;Ngày, CTCK;SCMS;X;X;;;;;;;;;;
125;Báo cáo tài chính quý, soát xét bán niên, kiểm toán năm - Chi nhánh công ty chứng khoán nước ngoài tại Việt Nam >> Báo cáo kết quả hoạt động riêng;Mã báo cáo;Mã báo cáo;Data Explorer;Chiều;Dễ;Ngày, CTCK;SCMS;X;X;;;;;;;;;;
125;Báo cáo tài chính quý, soát xét bán niên, kiểm toán năm - Chi nhánh công ty chứng khoán nước ngoài tại Việt Nam >> Báo cáo kết quả hoạt động riêng;Tên báo cáo;Tên báo cáo;Data Explorer;Chiều;Dễ;Ngày, CTCK;SCMS;X;X;;;;;;;;;;
125;Báo cáo tài chính quý, soát xét bán niên, kiểm toán năm - Chi nhánh công ty chứng khoán nước ngoài tại Việt Nam >> Báo cáo kết quả hoạt động riêng;Mã chỉ tiêu;Mã chỉ tiêu;Data Explorer;Chiều;Dễ;Ngày, CTCK;SCMS;X;X;;;;;;;;;;
125;Báo cáo tài chính quý, soát xét bán niên, kiểm toán năm - Chi nhánh công ty chứng khoán nước ngoài tại Việt Nam >> Báo cáo kết quả hoạt động riêng;Tên chỉ tiêu;Tên chỉ tiêu;Data Explorer;Chiều;Dễ;Ngày, CTCK;SCMS;X;X;;;;;;;;;;
125;Báo cáo tài chính quý, soát xét bán niên, kiểm toán năm - Chi nhánh công ty chứng khoán nước ngoài tại Việt Nam >> Báo cáo kết quả hoạt động riêng;I. DOANH THU HOẠT ĐỘNG ;;Data Explorer;Chỉ tiêu cơ sở;Dễ;Ngày, CTCK;SCMS;;X;;;;;;;;;;
125;Báo cáo tài chính quý, soát xét bán niên, kiểm toán năm - Chi nhánh công ty chứng khoán nước ngoài tại Việt Nam >> Báo cáo kết quả hoạt động riêng;1.1. Lãi từ các tài sản tài chính ghi nhận thông qua lãi/lỗ (FVTPL);1;Data Explorer;Chỉ tiêu cơ sở;Dễ;Ngày, CTCK;SCMS;;X;;;;;;;;;;
125;Báo cáo tài chính quý, soát xét bán niên, kiểm toán năm - Chi nhánh công ty chứng khoán nước ngoài tại Việt Nam >> Báo cáo kết quả hoạt động riêng;a. Lãi bán các tài sản tài chính FVTPL;1,1;Data Explorer;Chỉ tiêu cơ sở;Dễ;Ngày, CTCK;SCMS;;X;;;;;;;;;;
125;Báo cáo tài chính quý, soát xét bán niên, kiểm toán năm - Chi nhánh công ty chứng khoán nước ngoài tại Việt Nam >> Báo cáo kết quả hoạt động riêng;b. Chênh lệch tăng về đánh giá lại các TSTC FVTPL ;1,2;Data Explorer;Chỉ tiêu cơ sở;Dễ;Ngày, CTCK;SCMS;;X;;;;;;;;;;
125;Báo cáo tài chính quý, soát xét bán niên, kiểm toán năm - Chi nhánh công ty chứng khoán nước ngoài tại Việt Nam >> Báo cáo kết quả hoạt động riêng;c. Cổ tức, tiền lãi phát sinh từ tài sản tài chính FVTPL;1,3;Data Explorer;Chỉ tiêu cơ sở;Dễ;Ngày, CTCK;SCMS;;X;;;;;;;;;;
125;Báo cáo tài chính quý, soát xét bán niên, kiểm toán năm - Chi nhánh công ty chứng khoán nước ngoài tại Việt Nam >> Báo cáo kết quả hoạt động riêng;d. Chênh lệch giảm do đánh giá lại phải trả chứng quyền đang lưu hành;1,4;Data Explorer;Chỉ tiêu cơ sở;Dễ;Ngày, CTCK;SCMS;;X;;;;;;;;;;
125;Báo cáo tài chính quý, soát xét bán niên, kiểm toán năm - Chi nhánh công ty chứng khoán nước ngoài tại Việt Nam >> Báo cáo kết quả hoạt động riêng;1.2. Lãi từ các khoản đầu tư nắm giữ đến ngày đáo hạn (HTM);2;Data Explorer;Chỉ tiêu cơ sở;Dễ;Ngày, CTCK;SCMS;;X;;;;;;;;;;
125;Báo cáo tài chính quý, soát xét bán niên, kiểm toán năm - Chi nhánh công ty chứng khoán nước ngoài tại Việt Nam >> Báo cáo kết quả hoạt động riêng;1.3. Lãi từ các khoản cho vay và phải thu;3;Data Explorer;Chỉ tiêu cơ sở;Dễ;Ngày, CTCK;SCMS;;X;;;;;;;;;;
125;Báo cáo tài chính quý, soát xét bán niên, kiểm toán năm - Chi nhánh công ty chứng khoán nước ngoài tại Việt Nam >> Báo cáo kết quả hoạt động riêng;1.4. Lãi từ tài sản tài chính sẵn sàng để bán (AFS);4;Data Explorer;Chỉ tiêu cơ sở;Dễ;Ngày, CTCK;SCMS;;X;;;;;;;;;;
125;Báo cáo tài chính quý, soát xét bán niên, kiểm toán năm - Chi nhánh công ty chứng khoán nước ngoài tại Việt Nam >> Báo cáo kết quả hoạt động riêng;1.5. Lãi từ các công cụ phái sinh phòng ngừa rủi ro;5;Data Explorer;Chỉ tiêu cơ sở;Dễ;Ngày, CTCK;SCMS;;X;;;;;;;;;;
125;Báo cáo tài chính quý, soát xét bán niên, kiểm toán năm - Chi nhánh công ty chứng khoán nước ngoài tại Việt Nam >> Báo cáo kết quả hoạt động riêng;1.6. Doanh thu nghiệp vụ môi giới chứng khoán;6;Data Explorer;Chỉ tiêu cơ sở;Dễ;Ngày, CTCK;SCMS;;X;;;;;;;;;;
125;Báo cáo tài chính quý, soát xét bán niên, kiểm toán năm - Chi nhánh công ty chứng khoán nước ngoài tại Việt Nam >> Báo cáo kết quả hoạt động riêng;1.7. Doanh thu nghiệp vụ bảo lãnh, đại lý phát hành chứng khoán;7;Data Explorer;Chỉ tiêu cơ sở;Dễ;Ngày, CTCK;SCMS;;X;;;;;;;;;;
125;Báo cáo tài chính quý, soát xét bán niên, kiểm toán năm - Chi nhánh công ty chứng khoán nước ngoài tại Việt Nam >> Báo cáo kết quả hoạt động riêng;1.8. Doanh thu nghiệp vụ tư vấn đầu tư chứng khoán;8;Data Explorer;Chỉ tiêu cơ sở;Dễ;Ngày, CTCK;SCMS;;X;;;;;;;;;;
125;Báo cáo tài chính quý, soát xét bán niên, kiểm toán năm - Chi nhánh công ty chứng khoán nước ngoài tại Việt Nam >> Báo cáo kết quả hoạt động riêng;1.9. Doanh thu nghiệp vụ lưu ký chứng khoán;9;Data Explorer;Chỉ tiêu cơ sở;Dễ;Ngày, CTCK;SCMS;;X;;;;;;;;;;
125;Báo cáo tài chính quý, soát xét bán niên, kiểm toán năm - Chi nhánh công ty chứng khoán nước ngoài tại Việt Nam >> Báo cáo kết quả hoạt động riêng;1.10. Doanh thu hoạt động tư vấn tài chính;10;Data Explorer;Chỉ tiêu cơ sở;Dễ;Ngày, CTCK;SCMS;;X;;;;;;;;;;
125;Báo cáo tài chính quý, soát xét bán niên, kiểm toán năm - Chi nhánh công ty chứng khoán nước ngoài tại Việt Nam >> Báo cáo kết quả hoạt động riêng;1.11. Thu nhập hoạt động khác ;11;Data Explorer;Chỉ tiêu cơ sở;Dễ;Ngày, CTCK;SCMS;;X;;;;;;;;;;
125;Báo cáo tài chính quý, soát xét bán niên, kiểm toán năm - Chi nhánh công ty chứng khoán nước ngoài tại Việt Nam >> Báo cáo kết quả hoạt động riêng;Cộng doanh thu hoạt động (20 = 01 đến 11);20;Data Explorer;Chỉ tiêu cơ sở;Dễ;Ngày, CTCK;SCMS;;X;;;;;;;;;;
125;Báo cáo tài chính quý, soát xét bán niên, kiểm toán năm - Chi nhánh công ty chứng khoán nước ngoài tại Việt Nam >> Báo cáo kết quả hoạt động riêng;II. CHI PHÍ HOẠT ĐỘNG ;;Data Explorer;Chỉ tiêu cơ sở;Dễ;Ngày, CTCK;SCMS;;X;;;;;;;;;;
125;Báo cáo tài chính quý, soát xét bán niên, kiểm toán năm - Chi nhánh công ty chứng khoán nước ngoài tại Việt Nam >> Báo cáo kết quả hoạt động riêng;2.1. Lỗ các tài sản tài chính ghi nhận thông qua lãi/lỗ (FVTPL);21;Data Explorer;Chỉ tiêu cơ sở;Dễ;Ngày, CTCK;SCMS;;X;;;;;;;;;;
125;Báo cáo tài chính quý, soát xét bán niên, kiểm toán năm - Chi nhánh công ty chứng khoán nước ngoài tại Việt Nam >> Báo cáo kết quả hoạt động riêng;a.     Lỗ bán các tài sản tài chính FVTPL;21,1;Data Explorer;Chỉ tiêu cơ sở;Dễ;Ngày, CTCK;SCMS;;X;;;;;;;;;;
125;Báo cáo tài chính quý, soát xét bán niên, kiểm toán năm - Chi nhánh công ty chứng khoán nước ngoài tại Việt Nam >> Báo cáo kết quả hoạt động riêng;b.    Chênh lệch giảm đánh giá lại các TSTC FVTPL;21,2;Data Explorer;Chỉ tiêu cơ sở;Dễ;Ngày, CTCK;SCMS;;X;;;;;;;;;;
125;Báo cáo tài chính quý, soát xét bán niên, kiểm toán năm - Chi nhánh công ty chứng khoán nước ngoài tại Việt Nam >> Báo cáo kết quả hoạt động riêng;c.     Chi phí giao dịch mua các tài sản tài chính FVTPL;21,3;Data Explorer;Chỉ tiêu cơ sở;Dễ;Ngày, CTCK;SCMS;;X;;;;;;;;;;
125;Báo cáo tài chính quý, soát xét bán niên, kiểm toán năm - Chi nhánh công ty chứng khoán nước ngoài tại Việt Nam >> Báo cáo kết quả hoạt động riêng;d. Chênh lệch tăng đánh do đánh giá lại phải trả chứng quyền đang lưu hành;21,4;Data Explorer;Chỉ tiêu cơ sở;Dễ;Ngày, CTCK;SCMS;;X;;;;;;;;;;
125;Báo cáo tài chính quý, soát xét bán niên, kiểm toán năm - Chi nhánh công ty chứng khoán nước ngoài tại Việt Nam >> Báo cáo kết quả hoạt động riêng;2.2. Lỗ các khoản đầu tư nắm giữ đến ngày đáo hạn (HTM);22;Data Explorer;Chỉ tiêu cơ sở;Dễ;Ngày, CTCK;SCMS;;X;;;;;;;;;;
125;Báo cáo tài chính quý, soát xét bán niên, kiểm toán năm - Chi nhánh công ty chứng khoán nước ngoài tại Việt Nam >> Báo cáo kết quả hoạt động riêng;2.3. Lỗ và ghi nhận chênh lệch đánh giá theo giá trị hợp lý tài sản tài chính sẵn sàng để bán (AFS) khi phân loại lại;23;Data Explorer;Chỉ tiêu cơ sở;Dễ;Ngày, CTCK;SCMS;;X;;;;;;;;;;
125;Báo cáo tài chính quý, soát xét bán niên, kiểm toán năm - Chi nhánh công ty chứng khoán nước ngoài tại Việt Nam >> Báo cáo kết quả hoạt động riêng;2.4. Chi phí dự phòng tài sản tài chính, xử lý tổn thất các khoản phải thu khó đòi và lỗ suy giảm tài sản tài chính và chi phí đi vay của các khoản cho vay;24;Data Explorer;Chỉ tiêu cơ sở;Dễ;Ngày, CTCK;SCMS;;X;;;;;;;;;;
125;Báo cáo tài chính quý, soát xét bán niên, kiểm toán năm - Chi nhánh công ty chứng khoán nước ngoài tại Việt Nam >> Báo cáo kết quả hoạt động riêng;2.5. Lỗ từ các tài sản tài chính phái sinh phòng ngừa rủi ro;25;Data Explorer;Chỉ tiêu cơ sở;Dễ;Ngày, CTCK;SCMS;;X;;;;;;;;;;
125;Báo cáo tài chính quý, soát xét bán niên, kiểm toán năm - Chi nhánh công ty chứng khoán nước ngoài tại Việt Nam >> Báo cáo kết quả hoạt động riêng;2.6. Chi phí hoạt động tự doanh;26;Data Explorer;Chỉ tiêu cơ sở;Dễ;Ngày, CTCK;SCMS;;X;;;;;;;;;;
125;Báo cáo tài chính quý, soát xét bán niên, kiểm toán năm - Chi nhánh công ty chứng khoán nước ngoài tại Việt Nam >> Báo cáo kết quả hoạt động riêng;2.7. Chi phí nghiệp vụ môi giới chứng khoán;27;Data Explorer;Chỉ tiêu cơ sở;Dễ;Ngày, CTCK;SCMS;;X;;;;;;;;;;
125;Báo cáo tài chính quý, soát xét bán niên, kiểm toán năm - Chi nhánh công ty chứng khoán nước ngoài tại Việt Nam >> Báo cáo kết quả hoạt động riêng;2.8. Chi phí nghiệp vụ bảo lãnh, đại lý phát hành chứng khoán;28;Data Explorer;Chỉ tiêu cơ sở;Dễ;Ngày, CTCK;SCMS;;X;;;;;;;;;;
125;Báo cáo tài chính quý, soát xét bán niên, kiểm toán năm - Chi nhánh công ty chứng khoán nước ngoài tại Việt Nam >> Báo cáo kết quả hoạt động riêng;2.9. Chi phí nghiệp vụ tư vấn đầu tư chứng khoán;29;Data Explorer;Chỉ tiêu cơ sở;Dễ;Ngày, CTCK;SCMS;;X;;;;;;;;;;
125;Báo cáo tài chính quý, soát xét bán niên, kiểm toán năm - Chi nhánh công ty chứng khoán nước ngoài tại Việt Nam >> Báo cáo kết quả hoạt động riêng;2.10. Chi phí nghiệp vụ lưu ký chứng khoán;30;Data Explorer;Chỉ tiêu cơ sở;Dễ;Ngày, CTCK;SCMS;;X;;;;;;;;;;
125;Báo cáo tài chính quý, soát xét bán niên, kiểm toán năm - Chi nhánh công ty chứng khoán nước ngoài tại Việt Nam >> Báo cáo kết quả hoạt động riêng;2.11. Chi phí hoạt động tư vấn tài chính;31;Data Explorer;Chỉ tiêu cơ sở;Dễ;Ngày, CTCK;SCMS;;X;;;;;;;;;;
125;Báo cáo tài chính quý, soát xét bán niên, kiểm toán năm - Chi nhánh công ty chứng khoán nước ngoài tại Việt Nam >> Báo cáo kết quả hoạt động riêng;2.12. Chi phí các dịch vụ khác;32;Data Explorer;Chỉ tiêu cơ sở;Dễ;Ngày, CTCK;SCMS;;X;;;;;;;;;;
125;Báo cáo tài chính quý, soát xét bán niên, kiểm toán năm - Chi nhánh công ty chứng khoán nước ngoài tại Việt Nam >> Báo cáo kết quả hoạt động riêng;Cộng chi phí hoạt động (40 = 21 đến 32);40;Data Explorer;Chỉ tiêu cơ sở;Dễ;Ngày, CTCK;SCMS;;X;;;;;;;;;;
125;Báo cáo tài chính quý, soát xét bán niên, kiểm toán năm - Chi nhánh công ty chứng khoán nước ngoài tại Việt Nam >> Báo cáo kết quả hoạt động riêng;III. DOANH THU HOẠT ĐỘNG TÀI CHÍNH;;Data Explorer;Chỉ tiêu cơ sở;Dễ;Ngày, CTCK;SCMS;;X;;;;;;;;;;
125;Báo cáo tài chính quý, soát xét bán niên, kiểm toán năm - Chi nhánh công ty chứng khoán nước ngoài tại Việt Nam >> Báo cáo kết quả hoạt động riêng;3.1. Chênh lệch lãi tỷ giá hối đoái đã và chưa thực hiện;41;Data Explorer;Chỉ tiêu cơ sở;Dễ;Ngày, CTCK;SCMS;;X;;;;;;;;;;
125;Báo cáo tài chính quý, soát xét bán niên, kiểm toán năm - Chi nhánh công ty chứng khoán nước ngoài tại Việt Nam >> Báo cáo kết quả hoạt động riêng;3.2. Doanh thu, dự thu cổ tức, lãi tiền gửi ngân hàng không cố định ;42;Data Explorer;Chỉ tiêu cơ sở;Dễ;Ngày, CTCK;SCMS;;X;;;;;;;;;;
125;Báo cáo tài chính quý, soát xét bán niên, kiểm toán năm - Chi nhánh công ty chứng khoán nước ngoài tại Việt Nam >> Báo cáo kết quả hoạt động riêng;3.3. Lãi bán, thanh lý các khoản đầu tư vào công ty con, liên kết, liên doanh;43;Data Explorer;Chỉ tiêu cơ sở;Dễ;Ngày, CTCK;SCMS;;X;;;;;;;;;;
125;Báo cáo tài chính quý, soát xét bán niên, kiểm toán năm - Chi nhánh công ty chứng khoán nước ngoài tại Việt Nam >> Báo cáo kết quả hoạt động riêng;3.4. Doanh thu khác về đầu tư;44;Data Explorer;Chỉ tiêu cơ sở;Dễ;Ngày, CTCK;SCMS;;X;;;;;;;;;;
125;Báo cáo tài chính quý, soát xét bán niên, kiểm toán năm - Chi nhánh công ty chứng khoán nước ngoài tại Việt Nam >> Báo cáo kết quả hoạt động riêng;Cộng doanh thu hoạt động tài chính (50 = 41 đến 44);50;Data Explorer;Chỉ tiêu cơ sở;Dễ;Ngày, CTCK;SCMS;;X;;;;;;;;;;
125;Báo cáo tài chính quý, soát xét bán niên, kiểm toán năm - Chi nhánh công ty chứng khoán nước ngoài tại Việt Nam >> Báo cáo kết quả hoạt động riêng;IV. CHI PHÍ TÀI CHÍNH ;;Data Explorer;Chỉ tiêu cơ sở;Dễ;Ngày, CTCK;SCMS;;X;;;;;;;;;;
125;Báo cáo tài chính quý, soát xét bán niên, kiểm toán năm - Chi nhánh công ty chứng khoán nước ngoài tại Việt Nam >> Báo cáo kết quả hoạt động riêng;4.1. Chênh lệch lỗ tỷ giá hối đoái đã và chưa thực hiện;51;Data Explorer;Chỉ tiêu cơ sở;Dễ;Ngày, CTCK;SCMS;;X;;;;;;;;;;
125;Báo cáo tài chính quý, soát xét bán niên, kiểm toán năm - Chi nhánh công ty chứng khoán nước ngoài tại Việt Nam >> Báo cáo kết quả hoạt động riêng;4.2. Chi phí lãi vay;52;Data Explorer;Chỉ tiêu cơ sở;Dễ;Ngày, CTCK;SCMS;;X;;;;;;;;;;
125;Báo cáo tài chính quý, soát xét bán niên, kiểm toán năm - Chi nhánh công ty chứng khoán nước ngoài tại Việt Nam >> Báo cáo kết quả hoạt động riêng;4.3. Lỗ bán, thanh lý các khoản đầu tư vào công ty con, liên kết, liên doanh;60;Data Explorer;Chỉ tiêu cơ sở;Dễ;Ngày, CTCK;SCMS;;X;;;;;;;;;;
125;Báo cáo tài chính quý, soát xét bán niên, kiểm toán năm - Chi nhánh công ty chứng khoán nước ngoài tại Việt Nam >> Báo cáo kết quả hoạt động riêng;4.4. Chi phí dự phòng suy giảm giá trị các khoản đầu tư tài chính dài hạn;54;Data Explorer;Chỉ tiêu cơ sở;Dễ;Ngày, CTCK;SCMS;;X;;;;;;;;;;
125;Báo cáo tài chính quý, soát xét bán niên, kiểm toán năm - Chi nhánh công ty chứng khoán nước ngoài tại Việt Nam >> Báo cáo kết quả hoạt động riêng;4.5. Chi phí tài chính khác;55;Data Explorer;Chỉ tiêu cơ sở;Dễ;Ngày, CTCK;SCMS;;X;;;;;;;;;;
125;Báo cáo tài chính quý, soát xét bán niên, kiểm toán năm - Chi nhánh công ty chứng khoán nước ngoài tại Việt Nam >> Báo cáo kết quả hoạt động riêng;Cộng chi phí tài chính (60 = 51 đến 55);60;Data Explorer;Chỉ tiêu cơ sở;Dễ;Ngày, CTCK;SCMS;;X;;;;;;;;;;
125;Báo cáo tài chính quý, soát xét bán niên, kiểm toán năm - Chi nhánh công ty chứng khoán nước ngoài tại Việt Nam >> Báo cáo kết quả hoạt động riêng;V. CHI PHÍ BÁN HÀNG;61;Data Explorer;Chỉ tiêu cơ sở;Dễ;Ngày, CTCK;SCMS;;X;;;;;;;;;;
125;Báo cáo tài chính quý, soát xét bán niên, kiểm toán năm - Chi nhánh công ty chứng khoán nước ngoài tại Việt Nam >> Báo cáo kết quả hoạt động riêng;VI. CHI PHÍ QUẢN LÝ CÔNG TY CHỨNG KHOÁN;62;Data Explorer;Chỉ tiêu cơ sở;Dễ;Ngày, CTCK;SCMS;;X;;;;;;;;;;
125;Báo cáo tài chính quý, soát xét bán niên, kiểm toán năm - Chi nhánh công ty chứng khoán nước ngoài tại Việt Nam >> Báo cáo kết quả hoạt động riêng;VII. KẾT QUẢ HOẠT ĐỘNG (70= 20+50-40 -60-61-62);70;Data Explorer;Chỉ tiêu cơ sở;Dễ;Ngày, CTCK;SCMS;;X;;;;;;;;;;
125;Báo cáo tài chính quý, soát xét bán niên, kiểm toán năm - Chi nhánh công ty chứng khoán nước ngoài tại Việt Nam >> Báo cáo kết quả hoạt động riêng;VIII. THU NHẬP KHÁC VÀ CHI PHÍ KHÁC ;;Data Explorer;Chỉ tiêu cơ sở;Dễ;Ngày, CTCK;SCMS;;X;;;;;;;;;;
125;Báo cáo tài chính quý, soát xét bán niên, kiểm toán năm - Chi nhánh công ty chứng khoán nước ngoài tại Việt Nam >> Báo cáo kết quả hoạt động riêng;8.1. Thu nhập khác;71;Data Explorer;Chỉ tiêu cơ sở;Dễ;Ngày, CTCK;SCMS;;X;;;;;;;;;;
125;Báo cáo tài chính quý, soát xét bán niên, kiểm toán năm - Chi nhánh công ty chứng khoán nước ngoài tại Việt Nam >> Báo cáo kết quả hoạt động riêng;8.2. Chi phí khác;72;Data Explorer;Chỉ tiêu cơ sở;Dễ;Ngày, CTCK;SCMS;;X;;;;;;;;;;
125;Báo cáo tài chính quý, soát xét bán niên, kiểm toán năm - Chi nhánh công ty chứng khoán nước ngoài tại Việt Nam >> Báo cáo kết quả hoạt động riêng;Cộng kết quả hoạt động khác (80= 71-72);80;Data Explorer;Chỉ tiêu cơ sở;Dễ;Ngày, CTCK;SCMS;;X;;;;;;;;;;
125;Báo cáo tài chính quý, soát xét bán niên, kiểm toán năm - Chi nhánh công ty chứng khoán nước ngoài tại Việt Nam >> Báo cáo kết quả hoạt động riêng;IX. TỔNG LỢI NHUẬN KẾ TOÁN TRƯỚC THUẾ (90=70 + 80);90;Data Explorer;Chỉ tiêu cơ sở;Dễ;Ngày, CTCK;SCMS;;X;;;;;;;;;;
125;Báo cáo tài chính quý, soát xét bán niên, kiểm toán năm - Chi nhánh công ty chứng khoán nước ngoài tại Việt Nam >> Báo cáo kết quả hoạt động riêng;9.1. Lợi nhuận đã thực hiện;91;Data Explorer;Chỉ tiêu cơ sở;Dễ;Ngày, CTCK;SCMS;;X;;;;;;;;;;
125;Báo cáo tài chính quý, soát xét bán niên, kiểm toán năm - Chi nhánh công ty chứng khoán nước ngoài tại Việt Nam >> Báo cáo kết quả hoạt động riêng;9.2. Lợi nhuận chưa thực hiện;92;Data Explorer;Chỉ tiêu cơ sở;Dễ;Ngày, CTCK;SCMS;;X;;;;;;;;;;
125;Báo cáo tài chính quý, soát xét bán niên, kiểm toán năm - Chi nhánh công ty chứng khoán nước ngoài tại Việt Nam >> Báo cáo kết quả hoạt động riêng;X. CHI PHÍ THUẾ TNDN;100;Data Explorer;Chỉ tiêu cơ sở;Dễ;Ngày, CTCK;SCMS;;X;;;;;;;;;;
125;Báo cáo tài chính quý, soát xét bán niên, kiểm toán năm - Chi nhánh công ty chứng khoán nước ngoài tại Việt Nam >> Báo cáo kết quả hoạt động riêng;10.1.Chi phí thuế TNDN hiện hành;100,1;Data Explorer;Chỉ tiêu cơ sở;Dễ;Ngày, CTCK;SCMS;;X;;;;;;;;;;
125;Báo cáo tài chính quý, soát xét bán niên, kiểm toán năm - Chi nhánh công ty chứng khoán nước ngoài tại Việt Nam >> Báo cáo kết quả hoạt động riêng;10.2.Chi phí thuế TNDN hoãn lại;100,2;Data Explorer;Chỉ tiêu cơ sở;Dễ;Ngày, CTCK;SCMS;;X;;;;;;;;;;
125;Báo cáo tài chính quý, soát xét bán niên, kiểm toán năm - Chi nhánh công ty chứng khoán nước ngoài tại Việt Nam >> Báo cáo kết quả hoạt động riêng;XI. LỢI NHUẬN KẾ TOÁN SAU THUẾ TNDN (200 = 90 - 100);200;Data Explorer;Chỉ tiêu cơ sở;Dễ;Ngày, CTCK;SCMS;;X;;;;;;;;;;
125;Báo cáo tài chính quý, soát xét bán niên, kiểm toán năm - Chi nhánh công ty chứng khoán nước ngoài tại Việt Nam >> Báo cáo kết quả hoạt động riêng;XII. THU NHẬP (LỖ) TOÀN DIỆN KHÁC SAU THUẾ TNDN;300;Data Explorer;Chỉ tiêu cơ sở;Dễ;Ngày, CTCK;SCMS;;X;;;;;;;;;;
125;Báo cáo tài chính quý, soát xét bán niên, kiểm toán năm - Chi nhánh công ty chứng khoán nước ngoài tại Việt Nam >> Báo cáo kết quả hoạt động riêng;12.1.Lãi/(Lỗ) từ đánh giá lại các tài sản tài chính sẵn sàng để bán;301;Data Explorer;Chỉ tiêu cơ sở;Dễ;Ngày, CTCK;SCMS;;X;;;;;;;;;;
125;Báo cáo tài chính quý, soát xét bán niên, kiểm toán năm - Chi nhánh công ty chứng khoán nước ngoài tại Việt Nam >> Báo cáo kết quả hoạt động riêng;12.2. Lãi/(lỗ) chênh lệch tỷ giá của hoạt động tại nước ngoài ;302;Data Explorer;Chỉ tiêu cơ sở;Dễ;Ngày, CTCK;SCMS;;X;;;;;;;;;;
125;Báo cáo tài chính quý, soát xét bán niên, kiểm toán năm - Chi nhánh công ty chứng khoán nước ngoài tại Việt Nam >> Báo cáo kết quả hoạt động riêng;12.3. Lãi, lỗ đánh giá lại tài sản cố định theo mô hình giá trị hợp lý;303;Data Explorer;Chỉ tiêu cơ sở;Dễ;Ngày, CTCK;SCMS;;X;;;;;;;;;;
125;Báo cáo tài chính quý, soát xét bán niên, kiểm toán năm - Chi nhánh công ty chứng khoán nước ngoài tại Việt Nam >> Báo cáo kết quả hoạt động riêng;12.4. Lãi, lỗ toàn diện khác;304;Data Explorer;Chỉ tiêu cơ sở;Dễ;Ngày, CTCK;SCMS;;X;;;;;;;;;;
125;Báo cáo tài chính quý, soát xét bán niên, kiểm toán năm - Chi nhánh công ty chứng khoán nước ngoài tại Việt Nam >> Báo cáo kết quả hoạt động riêng;Tổng thu nhập toàn diện;400;Data Explorer;Chỉ tiêu cơ sở;Dễ;Ngày, CTCK;SCMS;;X;;;;;;;;;;
125;Báo cáo tài chính quý, soát xét bán niên, kiểm toán năm - Chi nhánh công ty chứng khoán nước ngoài tại Việt Nam >> Báo cáo kết quả hoạt động riêng;XIII. THU NHẬP THUẦN TRÊN CỔ PHIẾU PHỔ THÔNG;500;Data Explorer;Chỉ tiêu cơ sở;Dễ;Ngày, CTCK;SCMS;;X;;;;;;;;;;
125;Báo cáo tài chính quý, soát xét bán niên, kiểm toán năm - Chi nhánh công ty chứng khoán nước ngoài tại Việt Nam >> Báo cáo kết quả hoạt động riêng;13.1.Lãi cơ bản trên cổ phiếu (Đồng/1 cổ phiếu);501;Data Explorer;Chỉ tiêu cơ sở;Dễ;Ngày, CTCK;SCMS;;X;;;;;;;;;;
125;Báo cáo tài chính quý, soát xét bán niên, kiểm toán năm - Chi nhánh công ty chứng khoán nước ngoài tại Việt Nam >> Báo cáo kết quả hoạt động riêng;13.2.Thu nhập pha loãng trên cổ phiếu (Đồng/1 cổ phiếu);502;Data Explorer;Chỉ tiêu cơ sở;Dễ;Ngày, CTCK;SCMS;;X;;;;;;;;;;
126;Báo cáo tài chính quý, soát xét bán niên, kiểm toán năm - Chi nhánh công ty chứng khoán nước ngoài tại Việt Nam >> Báo cáo lưu chuyển tiền tệ riêng_06611;Loại báo cáo;Loại báo cáo;Data Explorer;Chiều;Dễ;Ngày, CTCK;SCMS;X;X;;;;;;;;;;
126;Báo cáo tài chính quý, soát xét bán niên, kiểm toán năm - Chi nhánh công ty chứng khoán nước ngoài tại Việt Nam >> Báo cáo lưu chuyển tiền tệ riêng_06611;Kỳ báo cáo;Kỳ báo cáo;Data Explorer;Chiều;Dễ;Ngày, CTCK;SCMS;X;X;;;;;;;;;;
126;Báo cáo tài chính quý, soát xét bán niên, kiểm toán năm - Chi nhánh công ty chứng khoán nước ngoài tại Việt Nam >> Báo cáo lưu chuyển tiền tệ riêng_06611;Mã báo cáo;Mã báo cáo;Data Explorer;Chiều;Dễ;Ngày, CTCK;SCMS;X;X;;;;;;;;;;
126;Báo cáo tài chính quý, soát xét bán niên, kiểm toán năm - Chi nhánh công ty chứng khoán nước ngoài tại Việt Nam >> Báo cáo lưu chuyển tiền tệ riêng_06611;Tên báo cáo;Tên báo cáo;Data Explorer;Chiều;Dễ;Ngày, CTCK;SCMS;X;X;;;;;;;;;;
126;Báo cáo tài chính quý, soát xét bán niên, kiểm toán năm - Chi nhánh công ty chứng khoán nước ngoài tại Việt Nam >> Báo cáo lưu chuyển tiền tệ riêng_06611;Mã chỉ tiêu;Mã chỉ tiêu;Data Explorer;Chiều;Dễ;Ngày, CTCK;SCMS;X;X;;;;;;;;;;
126;Báo cáo tài chính quý, soát xét bán niên, kiểm toán năm - Chi nhánh công ty chứng khoán nước ngoài tại Việt Nam >> Báo cáo lưu chuyển tiền tệ riêng_06611;Tên chỉ tiêu;Tên chỉ tiêu;Data Explorer;Chiều;Dễ;Ngày, CTCK;SCMS;X;X;;;;;;;;;;
126;Báo cáo tài chính quý, soát xét bán niên, kiểm toán năm - Chi nhánh công ty chứng khoán nước ngoài tại Việt Nam >> Báo cáo lưu chuyển tiền tệ riêng_06611;I. Lưu chuyển tiền từ hoạt động kinh doanh;;Data Explorer;Chỉ tiêu cơ sở;Dễ;Ngày, CTCK;SCMS;;X;;;;;;;;;;
126;Báo cáo tài chính quý, soát xét bán niên, kiểm toán năm - Chi nhánh công ty chứng khoán nước ngoài tại Việt Nam >> Báo cáo lưu chuyển tiền tệ riêng_06611;1.Tiền đã chi mua các tài sản tài chính;1;Data Explorer;Chỉ tiêu cơ sở;Dễ;Ngày, CTCK;SCMS;;X;;;;;;;;;;
126;Báo cáo tài chính quý, soát xét bán niên, kiểm toán năm - Chi nhánh công ty chứng khoán nước ngoài tại Việt Nam >> Báo cáo lưu chuyển tiền tệ riêng_06611;2.Tiền đã thu từ bán các tài sản tài chính;2;Data Explorer;Chỉ tiêu cơ sở;Dễ;Ngày, CTCK;SCMS;;X;;;;;;;;;;
126;Báo cáo tài chính quý, soát xét bán niên, kiểm toán năm - Chi nhánh công ty chứng khoán nước ngoài tại Việt Nam >> Báo cáo lưu chuyển tiền tệ riêng_06611;3. Tiền chi nộp Quỹ Hỗ trợ thanh toán;3;Data Explorer;Chỉ tiêu cơ sở;Dễ;Ngày, CTCK;SCMS;;X;;;;;;;;;;
126;Báo cáo tài chính quý, soát xét bán niên, kiểm toán năm - Chi nhánh công ty chứng khoán nước ngoài tại Việt Nam >> Báo cáo lưu chuyển tiền tệ riêng_06611;4. Cổ tức đã nhận ;4;Data Explorer;Chỉ tiêu cơ sở;Dễ;Ngày, CTCK;SCMS;;X;;;;;;;;;;
126;Báo cáo tài chính quý, soát xét bán niên, kiểm toán năm - Chi nhánh công ty chứng khoán nước ngoài tại Việt Nam >> Báo cáo lưu chuyển tiền tệ riêng_06611;5. Tiền lãi đã thu;5;Data Explorer;Chỉ tiêu cơ sở;Dễ;Ngày, CTCK;SCMS;;X;;;;;;;;;;
126;Báo cáo tài chính quý, soát xét bán niên, kiểm toán năm - Chi nhánh công ty chứng khoán nước ngoài tại Việt Nam >> Báo cáo lưu chuyển tiền tệ riêng_06611;6. Tiền chi trả lãi vay cho hoạt động của CTCK ;6;Data Explorer;Chỉ tiêu cơ sở;Dễ;Ngày, CTCK;SCMS;;X;;;;;;;;;;
126;Báo cáo tài chính quý, soát xét bán niên, kiểm toán năm - Chi nhánh công ty chứng khoán nước ngoài tại Việt Nam >> Báo cáo lưu chuyển tiền tệ riêng_06611;7. Tiền chi trả Tổ chức cung cấp dịch vụ cho CTCK ;7;Data Explorer;Chỉ tiêu cơ sở;Dễ;Ngày, CTCK;SCMS;;X;;;;;;;;;;
126;Báo cáo tài chính quý, soát xét bán niên, kiểm toán năm - Chi nhánh công ty chứng khoán nước ngoài tại Việt Nam >> Báo cáo lưu chuyển tiền tệ riêng_06611;8. Tiền chi trả cho người lao động;8;Data Explorer;Chỉ tiêu cơ sở;Dễ;Ngày, CTCK;SCMS;;X;;;;;;;;;;
126;Báo cáo tài chính quý, soát xét bán niên, kiểm toán năm - Chi nhánh công ty chứng khoán nước ngoài tại Việt Nam >> Báo cáo lưu chuyển tiền tệ riêng_06611;9. Tiền chi nộp thuế liên quan đến hoạt động CTCK ;9;Data Explorer;Chỉ tiêu cơ sở;Dễ;Ngày, CTCK;SCMS;;X;;;;;;;;;;
126;Báo cáo tài chính quý, soát xét bán niên, kiểm toán năm - Chi nhánh công ty chứng khoán nước ngoài tại Việt Nam >> Báo cáo lưu chuyển tiền tệ riêng_06611;10.Tiền chi thanh toán các chi phí cho hoạt động mua, bán các tài sản tài chính ;10;Data Explorer;Chỉ tiêu cơ sở;Dễ;Ngày, CTCK;SCMS;;X;;;;;;;;;;
126;Báo cáo tài chính quý, soát xét bán niên, kiểm toán năm - Chi nhánh công ty chứng khoán nước ngoài tại Việt Nam >> Báo cáo lưu chuyển tiền tệ riêng_06611;11. Tiền thu khác từ hoạt động kinh doanh;11;Data Explorer;Chỉ tiêu cơ sở;Dễ;Ngày, CTCK;SCMS;;X;;;;;;;;;;
126;Báo cáo tài chính quý, soát xét bán niên, kiểm toán năm - Chi nhánh công ty chứng khoán nước ngoài tại Việt Nam >> Báo cáo lưu chuyển tiền tệ riêng_06611;12. Tiền chi khác cho hoạt động kinh doanh;12;Data Explorer;Chỉ tiêu cơ sở;Dễ;Ngày, CTCK;SCMS;;X;;;;;;;;;;
126;Báo cáo tài chính quý, soát xét bán niên, kiểm toán năm - Chi nhánh công ty chứng khoán nước ngoài tại Việt Nam >> Báo cáo lưu chuyển tiền tệ riêng_06611;Lưu chuyển tiền thuần từ hoạt động kinh doanh;20;Data Explorer;Chỉ tiêu cơ sở;Dễ;Ngày, CTCK;SCMS;;X;;;;;;;;;;
126;Báo cáo tài chính quý, soát xét bán niên, kiểm toán năm - Chi nhánh công ty chứng khoán nước ngoài tại Việt Nam >> Báo cáo lưu chuyển tiền tệ riêng_06611;II. Lưu chuyển tiền từ hoạt động đầu tư;;Data Explorer;Chỉ tiêu cơ sở;Dễ;Ngày, CTCK;SCMS;;X;;;;;;;;;;
126;Báo cáo tài chính quý, soát xét bán niên, kiểm toán năm - Chi nhánh công ty chứng khoán nước ngoài tại Việt Nam >> Báo cáo lưu chuyển tiền tệ riêng_06611;1.Tiền chi để mua sắm, xây dựng TSCĐ, BĐSĐT và các tài sản khác;21;Data Explorer;Chỉ tiêu cơ sở;Dễ;Ngày, CTCK;SCMS;;X;;;;;;;;;;
126;Báo cáo tài chính quý, soát xét bán niên, kiểm toán năm - Chi nhánh công ty chứng khoán nước ngoài tại Việt Nam >> Báo cáo lưu chuyển tiền tệ riêng_06611;2.Tiền thu từ thanh lý, nhượng bán TSCĐ, BĐSĐT  và các tài sản khác;22;Data Explorer;Chỉ tiêu cơ sở;Dễ;Ngày, CTCK;SCMS;;X;;;;;;;;;;
126;Báo cáo tài chính quý, soát xét bán niên, kiểm toán năm - Chi nhánh công ty chứng khoán nước ngoài tại Việt Nam >> Báo cáo lưu chuyển tiền tệ riêng_06611;3.Tiền chi đầu tư góp vốn vào công ty con, công  ty liên doanh, liên kết và đầu tư khác;23;Data Explorer;Chỉ tiêu cơ sở;Dễ;Ngày, CTCK;SCMS;;X;;;;;;;;;;
126;Báo cáo tài chính quý, soát xét bán niên, kiểm toán năm - Chi nhánh công ty chứng khoán nước ngoài tại Việt Nam >> Báo cáo lưu chuyển tiền tệ riêng_06611;4.Tiền thu hồi đầu tư góp vốn vào công ty con, công ty liên doanh, liên kết và đầu tư khác;24;Data Explorer;Chỉ tiêu cơ sở;Dễ;Ngày, CTCK;SCMS;;X;;;;;;;;;;
126;Báo cáo tài chính quý, soát xét bán niên, kiểm toán năm - Chi nhánh công ty chứng khoán nước ngoài tại Việt Nam >> Báo cáo lưu chuyển tiền tệ riêng_06611;5.Tiền thu về  cổ tức và lợi nhuận được chia từ các khoản đầu tư tài chính dài hạn;25;Data Explorer;Chỉ tiêu cơ sở;Dễ;Ngày, CTCK;SCMS;;X;;;;;;;;;;
126;Báo cáo tài chính quý, soát xét bán niên, kiểm toán năm - Chi nhánh công ty chứng khoán nước ngoài tại Việt Nam >> Báo cáo lưu chuyển tiền tệ riêng_06611;Lưu chuyển tiền thuần từ hoạt động đầu tư;30;Data Explorer;Chỉ tiêu cơ sở;Dễ;Ngày, CTCK;SCMS;;X;;;;;;;;;;
126;Báo cáo tài chính quý, soát xét bán niên, kiểm toán năm - Chi nhánh công ty chứng khoán nước ngoài tại Việt Nam >> Báo cáo lưu chuyển tiền tệ riêng_06611;III. Lưu chuyển tiền từ hoạt động tài chính;;Data Explorer;Chỉ tiêu cơ sở;Dễ;Ngày, CTCK;SCMS;;X;;;;;;;;;;
126;Báo cáo tài chính quý, soát xét bán niên, kiểm toán năm - Chi nhánh công ty chứng khoán nước ngoài tại Việt Nam >> Báo cáo lưu chuyển tiền tệ riêng_06611;1.Tiền thu từ phát hành cổ phiếu, nhận vốn góp của chủ sở hữu;31;Data Explorer;Chỉ tiêu cơ sở;Dễ;Ngày, CTCK;SCMS;;X;;;;;;;;;;
126;Báo cáo tài chính quý, soát xét bán niên, kiểm toán năm - Chi nhánh công ty chứng khoán nước ngoài tại Việt Nam >> Báo cáo lưu chuyển tiền tệ riêng_06611;2.Tiền chi trả vốn góp cho các chủ sở hữu, mua lại cổ phiếu đã phát hành;32;Data Explorer;Chỉ tiêu cơ sở;Dễ;Ngày, CTCK;SCMS;;X;;;;;;;;;;
126;Báo cáo tài chính quý, soát xét bán niên, kiểm toán năm - Chi nhánh công ty chứng khoán nước ngoài tại Việt Nam >> Báo cáo lưu chuyển tiền tệ riêng_06611;3.Tiền vay gốc;33;Data Explorer;Chỉ tiêu cơ sở;Dễ;Ngày, CTCK;SCMS;;X;;;;;;;;;;
126;Báo cáo tài chính quý, soát xét bán niên, kiểm toán năm - Chi nhánh công ty chứng khoán nước ngoài tại Việt Nam >> Báo cáo lưu chuyển tiền tệ riêng_06611;3.1. Tiền vay Quỹ Hỗ trợ thanh toán;33,1;Data Explorer;Chỉ tiêu cơ sở;Dễ;Ngày, CTCK;SCMS;;X;;;;;;;;;;
126;Báo cáo tài chính quý, soát xét bán niên, kiểm toán năm - Chi nhánh công ty chứng khoán nước ngoài tại Việt Nam >> Báo cáo lưu chuyển tiền tệ riêng_06611;3.2. Tiền vay khác;33,2;Data Explorer;Chỉ tiêu cơ sở;Dễ;Ngày, CTCK;SCMS;;X;;;;;;;;;;
126;Báo cáo tài chính quý, soát xét bán niên, kiểm toán năm - Chi nhánh công ty chứng khoán nước ngoài tại Việt Nam >> Báo cáo lưu chuyển tiền tệ riêng_06611;4. Tiền chi trả nợ gốc vay;34;Data Explorer;Chỉ tiêu cơ sở;Dễ;Ngày, CTCK;SCMS;;X;;;;;;;;;;
126;Báo cáo tài chính quý, soát xét bán niên, kiểm toán năm - Chi nhánh công ty chứng khoán nước ngoài tại Việt Nam >> Báo cáo lưu chuyển tiền tệ riêng_06611;4.1. Tiền chi trả gốc vay Quỹ Hỗ trợ thanh toán;34,1;Data Explorer;Chỉ tiêu cơ sở;Dễ;Ngày, CTCK;SCMS;;X;;;;;;;;;;
126;Báo cáo tài chính quý, soát xét bán niên, kiểm toán năm - Chi nhánh công ty chứng khoán nước ngoài tại Việt Nam >> Báo cáo lưu chuyển tiền tệ riêng_06611;4.2. Tiền chi trả gốc vay tài sản tài chính;34,2;Data Explorer;Chỉ tiêu cơ sở;Dễ;Ngày, CTCK;SCMS;;X;;;;;;;;;;
126;Báo cáo tài chính quý, soát xét bán niên, kiểm toán năm - Chi nhánh công ty chứng khoán nước ngoài tại Việt Nam >> Báo cáo lưu chuyển tiền tệ riêng_06611;4.3. Tiền chi trả gốc vay khác;34,3;Data Explorer;Chỉ tiêu cơ sở;Dễ;Ngày, CTCK;SCMS;;X;;;;;;;;;;
126;Báo cáo tài chính quý, soát xét bán niên, kiểm toán năm - Chi nhánh công ty chứng khoán nước ngoài tại Việt Nam >> Báo cáo lưu chuyển tiền tệ riêng_06611;5.Tiền chi trả nợ gốc thuê tài chính;35;Data Explorer;Chỉ tiêu cơ sở;Dễ;Ngày, CTCK;SCMS;;X;;;;;;;;;;
126;Báo cáo tài chính quý, soát xét bán niên, kiểm toán năm - Chi nhánh công ty chứng khoán nước ngoài tại Việt Nam >> Báo cáo lưu chuyển tiền tệ riêng_06611;6. Cổ tức, lợi nhuận đã trả cho chủ sở hữu;36;Data Explorer;Chỉ tiêu cơ sở;Dễ;Ngày, CTCK;SCMS;;X;;;;;;;;;;
126;Báo cáo tài chính quý, soát xét bán niên, kiểm toán năm - Chi nhánh công ty chứng khoán nước ngoài tại Việt Nam >> Báo cáo lưu chuyển tiền tệ riêng_06611;Lưu chuyển tiền thuần từ hoạt động tài chính;40;Data Explorer;Chỉ tiêu cơ sở;Dễ;Ngày, CTCK;SCMS;;X;;;;;;;;;;
126;Báo cáo tài chính quý, soát xét bán niên, kiểm toán năm - Chi nhánh công ty chứng khoán nước ngoài tại Việt Nam >> Báo cáo lưu chuyển tiền tệ riêng_06611;IV. Tăng/giảm tiền thuần trong kỳ;50;Data Explorer;Chỉ tiêu cơ sở;Dễ;Ngày, CTCK;SCMS;;X;;;;;;;;;;
126;Báo cáo tài chính quý, soát xét bán niên, kiểm toán năm - Chi nhánh công ty chứng khoán nước ngoài tại Việt Nam >> Báo cáo lưu chuyển tiền tệ riêng_06611;V. Tiền và các khoản tương đương tiền đầu kỳ;60;Data Explorer;Chỉ tiêu cơ sở;Dễ;Ngày, CTCK;SCMS;;X;;;;;;;;;;
126;Báo cáo tài chính quý, soát xét bán niên, kiểm toán năm - Chi nhánh công ty chứng khoán nước ngoài tại Việt Nam >> Báo cáo lưu chuyển tiền tệ riêng_06611;Tiền ;61;Data Explorer;Chỉ tiêu cơ sở;Dễ;Ngày, CTCK;SCMS;;X;;;;;;;;;;
126;Báo cáo tài chính quý, soát xét bán niên, kiểm toán năm - Chi nhánh công ty chứng khoán nước ngoài tại Việt Nam >> Báo cáo lưu chuyển tiền tệ riêng_06611;Các khoản tương đương tiền;62;Data Explorer;Chỉ tiêu cơ sở;Dễ;Ngày, CTCK;SCMS;;X;;;;;;;;;;
126;Báo cáo tài chính quý, soát xét bán niên, kiểm toán năm - Chi nhánh công ty chứng khoán nước ngoài tại Việt Nam >> Báo cáo lưu chuyển tiền tệ riêng_06611;Ảnh hưởng của thay đổi tỷ giá hối đoái quy đổi ngoại tệ;63;Data Explorer;Chỉ tiêu cơ sở;Dễ;Ngày, CTCK;SCMS;;X;;;;;;;;;;
126;Báo cáo tài chính quý, soát xét bán niên, kiểm toán năm - Chi nhánh công ty chứng khoán nước ngoài tại Việt Nam >> Báo cáo lưu chuyển tiền tệ riêng_06611;VI. Tiền và các khoản tương đương tiền cuối kỳ (70 = 50 + 60);70;Data Explorer;Chỉ tiêu cơ sở;Dễ;Ngày, CTCK;SCMS;;X;;;;;;;;;;
126;Báo cáo tài chính quý, soát xét bán niên, kiểm toán năm - Chi nhánh công ty chứng khoán nước ngoài tại Việt Nam >> Báo cáo lưu chuyển tiền tệ riêng_06611;Tiền ;71;Data Explorer;Chỉ tiêu cơ sở;Dễ;Ngày, CTCK;SCMS;;X;;;;;;;;;;
126;Báo cáo tài chính quý, soát xét bán niên, kiểm toán năm - Chi nhánh công ty chứng khoán nước ngoài tại Việt Nam >> Báo cáo lưu chuyển tiền tệ riêng_06611;Các khoản tương đương tiền;72;Data Explorer;Chỉ tiêu cơ sở;Dễ;Ngày, CTCK;SCMS;;X;;;;;;;;;;
126;Báo cáo tài chính quý, soát xét bán niên, kiểm toán năm - Chi nhánh công ty chứng khoán nước ngoài tại Việt Nam >> Báo cáo lưu chuyển tiền tệ riêng_06611;Ảnh hưởng của thay đổi tỷ giá hối đoái quy đổi ngoại tệ;73;Data Explorer;Chỉ tiêu cơ sở;Dễ;Ngày, CTCK;SCMS;;X;;;;;;;;;;
127;Báo cáo tài chính quý, soát xét bán niên, kiểm toán năm - Chi nhánh công ty chứng khoán nước ngoài tại Việt Nam >> Phần lưu chuyển tiền tệ hoạt động môi giới, ủy thác của khách hàng_06612;Loại báo cáo;Loại báo cáo;Data Explorer;Chiều;Dễ;Ngày, CTCK;SCMS;X;X;;;;;;;;;;
127;Báo cáo tài chính quý, soát xét bán niên, kiểm toán năm - Chi nhánh công ty chứng khoán nước ngoài tại Việt Nam >> Phần lưu chuyển tiền tệ hoạt động môi giới, ủy thác của khách hàng_06612;Kỳ báo cáo;Kỳ báo cáo;Data Explorer;Chiều;Dễ;Ngày, CTCK;SCMS;X;X;;;;;;;;;;
127;Báo cáo tài chính quý, soát xét bán niên, kiểm toán năm - Chi nhánh công ty chứng khoán nước ngoài tại Việt Nam >> Phần lưu chuyển tiền tệ hoạt động môi giới, ủy thác của khách hàng_06612;Mã báo cáo;Mã báo cáo;Data Explorer;Chiều;Dễ;Ngày, CTCK;SCMS;X;X;;;;;;;;;;
127;Báo cáo tài chính quý, soát xét bán niên, kiểm toán năm - Chi nhánh công ty chứng khoán nước ngoài tại Việt Nam >> Phần lưu chuyển tiền tệ hoạt động môi giới, ủy thác của khách hàng_06612;Tên báo cáo;Tên báo cáo;Data Explorer;Chiều;Dễ;Ngày, CTCK;SCMS;X;X;;;;;;;;;;
127;Báo cáo tài chính quý, soát xét bán niên, kiểm toán năm - Chi nhánh công ty chứng khoán nước ngoài tại Việt Nam >> Phần lưu chuyển tiền tệ hoạt động môi giới, ủy thác của khách hàng_06612;Mã chỉ tiêu;Mã chỉ tiêu;Data Explorer;Chiều;Dễ;Ngày, CTCK;SCMS;X;X;;;;;;;;;;
127;Báo cáo tài chính quý, soát xét bán niên, kiểm toán năm - Chi nhánh công ty chứng khoán nước ngoài tại Việt Nam >> Phần lưu chuyển tiền tệ hoạt động môi giới, ủy thác của khách hàng_06612;Tên chỉ tiêu;Tên chỉ tiêu;Data Explorer;Chiều;Dễ;Ngày, CTCK;SCMS;X;X;;;;;;;;;;
127;Báo cáo tài chính quý, soát xét bán niên, kiểm toán năm - Chi nhánh công ty chứng khoán nước ngoài tại Việt Nam >> Phần lưu chuyển tiền tệ hoạt động môi giới, ủy thác của khách hàng_06612;I. Lưu chuyển tiền hoạt động môi giới, ủy thác của khách hàng;;Data Explorer;Chỉ tiêu cơ sở;Dễ;Ngày, CTCK;SCMS;;X;;;;;;;;;;
127;Báo cáo tài chính quý, soát xét bán niên, kiểm toán năm - Chi nhánh công ty chứng khoán nước ngoài tại Việt Nam >> Phần lưu chuyển tiền tệ hoạt động môi giới, ủy thác của khách hàng_06612;1. Tiền thu bán chứng khoán môi giới cho khách hàng;1;Data Explorer;Chỉ tiêu cơ sở;Dễ;Ngày, CTCK;SCMS;;X;;;;;;;;;;
127;Báo cáo tài chính quý, soát xét bán niên, kiểm toán năm - Chi nhánh công ty chứng khoán nước ngoài tại Việt Nam >> Phần lưu chuyển tiền tệ hoạt động môi giới, ủy thác của khách hàng_06612;2. Tiền chi mua chứng khoán môi giới cho khách hàng;2;Data Explorer;Chỉ tiêu cơ sở;Dễ;Ngày, CTCK;SCMS;;X;;;;;;;;;;
127;Báo cáo tài chính quý, soát xét bán niên, kiểm toán năm - Chi nhánh công ty chứng khoán nước ngoài tại Việt Nam >> Phần lưu chuyển tiền tệ hoạt động môi giới, ủy thác của khách hàng_06612;3. Tiền thu bán chứng khoán ủy thác của khách hàng;3;Data Explorer;Chỉ tiêu cơ sở;Dễ;Ngày, CTCK;SCMS;;X;;;;;;;;;;
127;Báo cáo tài chính quý, soát xét bán niên, kiểm toán năm - Chi nhánh công ty chứng khoán nước ngoài tại Việt Nam >> Phần lưu chuyển tiền tệ hoạt động môi giới, ủy thác của khách hàng_06612;4.Tiền chi mua chứng khoán ủy thác của khách hàng;4;Data Explorer;Chỉ tiêu cơ sở;Dễ;Ngày, CTCK;SCMS;;X;;;;;;;;;;
127;Báo cáo tài chính quý, soát xét bán niên, kiểm toán năm - Chi nhánh công ty chứng khoán nước ngoài tại Việt Nam >> Phần lưu chuyển tiền tệ hoạt động môi giới, ủy thác của khách hàng_06612;5. Thu vay Quỹ Hỗ trợ thanh toán;5;Data Explorer;Chỉ tiêu cơ sở;Dễ;Ngày, CTCK;SCMS;;X;;;;;;;;;;
127;Báo cáo tài chính quý, soát xét bán niên, kiểm toán năm - Chi nhánh công ty chứng khoán nước ngoài tại Việt Nam >> Phần lưu chuyển tiền tệ hoạt động môi giới, ủy thác của khách hàng_06612;6. Chi trả vay Quỹ Hỗ trợ thanh toán;6;Data Explorer;Chỉ tiêu cơ sở;Dễ;Ngày, CTCK;SCMS;;X;;;;;;;;;;
127;Báo cáo tài chính quý, soát xét bán niên, kiểm toán năm - Chi nhánh công ty chứng khoán nước ngoài tại Việt Nam >> Phần lưu chuyển tiền tệ hoạt động môi giới, ủy thác của khách hàng_06612;7. Nhận tiền gửi để thanh toán giao dịch chứng khoán của khách hàng ;7;Data Explorer;Chỉ tiêu cơ sở;Dễ;Ngày, CTCK;SCMS;;X;;;;;;;;;;
127;Báo cáo tài chính quý, soát xét bán niên, kiểm toán năm - Chi nhánh công ty chứng khoán nước ngoài tại Việt Nam >> Phần lưu chuyển tiền tệ hoạt động môi giới, ủy thác của khách hàng_06612;8. Nhận tiền gửi của Nhà đầu tư cho hoạt động ủy thác đầu tư của khách hàng;8;Data Explorer;Chỉ tiêu cơ sở;Dễ;Ngày, CTCK;SCMS;;X;;;;;;;;;;
127;Báo cáo tài chính quý, soát xét bán niên, kiểm toán năm - Chi nhánh công ty chứng khoán nước ngoài tại Việt Nam >> Phần lưu chuyển tiền tệ hoạt động môi giới, ủy thác của khách hàng_06612;9. Chi trả phí lưu ký chứng khoán của khách hàng;9;Data Explorer;Chỉ tiêu cơ sở;Dễ;Ngày, CTCK;SCMS;;X;;;;;;;;;;
127;Báo cáo tài chính quý, soát xét bán niên, kiểm toán năm - Chi nhánh công ty chứng khoán nước ngoài tại Việt Nam >> Phần lưu chuyển tiền tệ hoạt động môi giới, ủy thác của khách hàng_06612;10. Thu lỗi giao dịch chứng khoán;10;Data Explorer;Chỉ tiêu cơ sở;Dễ;Ngày, CTCK;SCMS;;X;;;;;;;;;;
127;Báo cáo tài chính quý, soát xét bán niên, kiểm toán năm - Chi nhánh công ty chứng khoán nước ngoài tại Việt Nam >> Phần lưu chuyển tiền tệ hoạt động môi giới, ủy thác của khách hàng_06612;11. Chi lỗi giao dịch chứng khoán;11;Data Explorer;Chỉ tiêu cơ sở;Dễ;Ngày, CTCK;SCMS;;X;;;;;;;;;;
127;Báo cáo tài chính quý, soát xét bán niên, kiểm toán năm - Chi nhánh công ty chứng khoán nước ngoài tại Việt Nam >> Phần lưu chuyển tiền tệ hoạt động môi giới, ủy thác của khách hàng_06612;12. Tiền thu của Tổ chức phát hành chứng khoán;12;Data Explorer;Chỉ tiêu cơ sở;Dễ;Ngày, CTCK;SCMS;;X;;;;;;;;;;
127;Báo cáo tài chính quý, soát xét bán niên, kiểm toán năm - Chi nhánh công ty chứng khoán nước ngoài tại Việt Nam >> Phần lưu chuyển tiền tệ hoạt động môi giới, ủy thác của khách hàng_06612;13. Tiền chi trả Tổ chức phát hành chứng khoán;13;Data Explorer;Chỉ tiêu cơ sở;Dễ;Ngày, CTCK;SCMS;;X;;;;;;;;;;
127;Báo cáo tài chính quý, soát xét bán niên, kiểm toán năm - Chi nhánh công ty chứng khoán nước ngoài tại Việt Nam >> Phần lưu chuyển tiền tệ hoạt động môi giới, ủy thác của khách hàng_06612;Tăng/giảm tiền thuần trong kỳ;20;Data Explorer;Chỉ tiêu cơ sở;Dễ;Ngày, CTCK;SCMS;;X;;;;;;;;;;
127;Báo cáo tài chính quý, soát xét bán niên, kiểm toán năm - Chi nhánh công ty chứng khoán nước ngoài tại Việt Nam >> Phần lưu chuyển tiền tệ hoạt động môi giới, ủy thác của khách hàng_06612;II. Tiền và các khoản tương đương tiền đầu kỳ của khách hàng;30;Data Explorer;Chỉ tiêu cơ sở;Dễ;Ngày, CTCK;SCMS;;X;;;;;;;;;;
127;Báo cáo tài chính quý, soát xét bán niên, kiểm toán năm - Chi nhánh công ty chứng khoán nước ngoài tại Việt Nam >> Phần lưu chuyển tiền tệ hoạt động môi giới, ủy thác của khách hàng_06612;Tiền gửi ngân hàng đầu kỳ:;31;Data Explorer;Chỉ tiêu cơ sở;Dễ;Ngày, CTCK;SCMS;;X;;;;;;;;;;
127;Báo cáo tài chính quý, soát xét bán niên, kiểm toán năm - Chi nhánh công ty chứng khoán nước ngoài tại Việt Nam >> Phần lưu chuyển tiền tệ hoạt động môi giới, ủy thác của khách hàng_06612;-Tiền gửi của Nhà đầu tư về giao dịch chứng khoán theo phương thức CTCK quản lý ;32;Data Explorer;Chỉ tiêu cơ sở;Dễ;Ngày, CTCK;SCMS;;X;;;;;;;;;;
127;Báo cáo tài chính quý, soát xét bán niên, kiểm toán năm - Chi nhánh công ty chứng khoán nước ngoài tại Việt Nam >> Phần lưu chuyển tiền tệ hoạt động môi giới, ủy thác của khách hàng_06612;Trong đó có kỳ hạn;32;Data Explorer;Chỉ tiêu cơ sở;Dễ;Ngày, CTCK;SCMS;;X;;;;;;;;;;
127;Báo cáo tài chính quý, soát xét bán niên, kiểm toán năm - Chi nhánh công ty chứng khoán nước ngoài tại Việt Nam >> Phần lưu chuyển tiền tệ hoạt động môi giới, ủy thác của khách hàng_06612;- Tiền gửi bù trừ và thanh toán giao dịch chứng khoán;33;Data Explorer;Chỉ tiêu cơ sở;Dễ;Ngày, CTCK;SCMS;;X;;;;;;;;;;
127;Báo cáo tài chính quý, soát xét bán niên, kiểm toán năm - Chi nhánh công ty chứng khoán nước ngoài tại Việt Nam >> Phần lưu chuyển tiền tệ hoạt động môi giới, ủy thác của khách hàng_06612;- Tiền gửi tổng hợp giao dịch chứng khoán cho khách hàng ;34;Data Explorer;Chỉ tiêu cơ sở;Dễ;Ngày, CTCK;SCMS;;X;;;;;;;;;;
127;Báo cáo tài chính quý, soát xét bán niên, kiểm toán năm - Chi nhánh công ty chứng khoán nước ngoài tại Việt Nam >> Phần lưu chuyển tiền tệ hoạt động môi giới, ủy thác của khách hàng_06612;-Tiền gửi của tổ chức phát hành;35;Data Explorer;Chỉ tiêu cơ sở;Dễ;Ngày, CTCK;SCMS;;X;;;;;;;;;;
127;Báo cáo tài chính quý, soát xét bán niên, kiểm toán năm - Chi nhánh công ty chứng khoán nước ngoài tại Việt Nam >> Phần lưu chuyển tiền tệ hoạt động môi giới, ủy thác của khách hàng_06612;Trong đó có kỳ hạn;35;Data Explorer;Chỉ tiêu cơ sở;Dễ;Ngày, CTCK;SCMS;;X;;;;;;;;;;
127;Báo cáo tài chính quý, soát xét bán niên, kiểm toán năm - Chi nhánh công ty chứng khoán nước ngoài tại Việt Nam >> Phần lưu chuyển tiền tệ hoạt động môi giới, ủy thác của khách hàng_06612;Các khoản tương đương tiền;36;Data Explorer;Chỉ tiêu cơ sở;Dễ;Ngày, CTCK;SCMS;;X;;;;;;;;;;
127;Báo cáo tài chính quý, soát xét bán niên, kiểm toán năm - Chi nhánh công ty chứng khoán nước ngoài tại Việt Nam >> Phần lưu chuyển tiền tệ hoạt động môi giới, ủy thác của khách hàng_06612;Ảnh hưởng của thay đổi tỷ giá hối đoái quy đổi ngoại tệ;37;Data Explorer;Chỉ tiêu cơ sở;Dễ;Ngày, CTCK;SCMS;;X;;;;;;;;;;
127;Báo cáo tài chính quý, soát xét bán niên, kiểm toán năm - Chi nhánh công ty chứng khoán nước ngoài tại Việt Nam >> Phần lưu chuyển tiền tệ hoạt động môi giới, ủy thác của khách hàng_06612;III. Tiền và các khoản tương đương tiền cuối kỳ của khách hàng (40 = 20 + 30);40;Data Explorer;Chỉ tiêu cơ sở;Dễ;Ngày, CTCK;SCMS;;X;;;;;;;;;;
127;Báo cáo tài chính quý, soát xét bán niên, kiểm toán năm - Chi nhánh công ty chứng khoán nước ngoài tại Việt Nam >> Phần lưu chuyển tiền tệ hoạt động môi giới, ủy thác của khách hàng_06612;Tiền gửi ngân hàng cuối kỳ:;41;Data Explorer;Chỉ tiêu cơ sở;Dễ;Ngày, CTCK;SCMS;;X;;;;;;;;;;
127;Báo cáo tài chính quý, soát xét bán niên, kiểm toán năm - Chi nhánh công ty chứng khoán nước ngoài tại Việt Nam >> Phần lưu chuyển tiền tệ hoạt động môi giới, ủy thác của khách hàng_06612;-Tiền gửi của Nhà đầu tư về giao dịch chứng khoán theo phương thức CTCK quản lý ;42;Data Explorer;Chỉ tiêu cơ sở;Dễ;Ngày, CTCK;SCMS;;X;;;;;;;;;;
127;Báo cáo tài chính quý, soát xét bán niên, kiểm toán năm - Chi nhánh công ty chứng khoán nước ngoài tại Việt Nam >> Phần lưu chuyển tiền tệ hoạt động môi giới, ủy thác của khách hàng_06612;Trong đó có kỳ hạn;42;Data Explorer;Chỉ tiêu cơ sở;Dễ;Ngày, CTCK;SCMS;;X;;;;;;;;;;
127;Báo cáo tài chính quý, soát xét bán niên, kiểm toán năm - Chi nhánh công ty chứng khoán nước ngoài tại Việt Nam >> Phần lưu chuyển tiền tệ hoạt động môi giới, ủy thác của khách hàng_06612;- Tiền gửi tổng hợp giao dịch chứng khoán cho khách hàng ;43;Data Explorer;Chỉ tiêu cơ sở;Dễ;Ngày, CTCK;SCMS;;X;;;;;;;;;;
127;Báo cáo tài chính quý, soát xét bán niên, kiểm toán năm - Chi nhánh công ty chứng khoán nước ngoài tại Việt Nam >> Phần lưu chuyển tiền tệ hoạt động môi giới, ủy thác của khách hàng_06612;- Tiền gửi bù trừ và thanh toán giao dịch chứng khoán;44;Data Explorer;Chỉ tiêu cơ sở;Dễ;Ngày, CTCK;SCMS;;X;;;;;;;;;;
127;Báo cáo tài chính quý, soát xét bán niên, kiểm toán năm - Chi nhánh công ty chứng khoán nước ngoài tại Việt Nam >> Phần lưu chuyển tiền tệ hoạt động môi giới, ủy thác của khách hàng_06612;-Tiền gửi của tổ chức phát hành;45;Data Explorer;Chỉ tiêu cơ sở;Dễ;Ngày, CTCK;SCMS;;X;;;;;;;;;;
127;Báo cáo tài chính quý, soát xét bán niên, kiểm toán năm - Chi nhánh công ty chứng khoán nước ngoài tại Việt Nam >> Phần lưu chuyển tiền tệ hoạt động môi giới, ủy thác của khách hàng_06612;Trong đó có kỳ hạn;45;Data Explorer;Chỉ tiêu cơ sở;Dễ;Ngày, CTCK;SCMS;;X;;;;;;;;;;
127;Báo cáo tài chính quý, soát xét bán niên, kiểm toán năm - Chi nhánh công ty chứng khoán nước ngoài tại Việt Nam >> Phần lưu chuyển tiền tệ hoạt động môi giới, ủy thác của khách hàng_06612;Các khoản tương đương tiền;46;Data Explorer;Chỉ tiêu cơ sở;Dễ;Ngày, CTCK;SCMS;;X;;;;;;;;;;
127;Báo cáo tài chính quý, soát xét bán niên, kiểm toán năm - Chi nhánh công ty chứng khoán nước ngoài tại Việt Nam >> Phần lưu chuyển tiền tệ hoạt động môi giới, ủy thác của khách hàng_06612;Ảnh hưởng của thay đổi tỷ giá hối đoái quy đổi ngoại tệ;47;Data Explorer;Chỉ tiêu cơ sở;Dễ;Ngày, CTCK;SCMS;;X;;;;;;;;;;
128;Báo cáo tài chính quý, soát xét bán niên, kiểm toán năm - Chi nhánh công ty chứng khoán nước ngoài tại Việt Nam >> Báo cáo lưu chuyển tiền tệ riêng_06613;Loại báo cáo;Loại báo cáo;Data Explorer;Chiều;Dễ;Ngày, CTCK;SCMS;X;X;;;;;;;;;;
128;Báo cáo tài chính quý, soát xét bán niên, kiểm toán năm - Chi nhánh công ty chứng khoán nước ngoài tại Việt Nam >> Báo cáo lưu chuyển tiền tệ riêng_06613;Kỳ báo cáo;Kỳ báo cáo;Data Explorer;Chiều;Dễ;Ngày, CTCK;SCMS;X;X;;;;;;;;;;
128;Báo cáo tài chính quý, soát xét bán niên, kiểm toán năm - Chi nhánh công ty chứng khoán nước ngoài tại Việt Nam >> Báo cáo lưu chuyển tiền tệ riêng_06613;Mã báo cáo;Mã báo cáo;Data Explorer;Chiều;Dễ;Ngày, CTCK;SCMS;X;X;;;;;;;;;;
128;Báo cáo tài chính quý, soát xét bán niên, kiểm toán năm - Chi nhánh công ty chứng khoán nước ngoài tại Việt Nam >> Báo cáo lưu chuyển tiền tệ riêng_06613;Tên báo cáo;Tên báo cáo;Data Explorer;Chiều;Dễ;Ngày, CTCK;SCMS;X;X;;;;;;;;;;
128;Báo cáo tài chính quý, soát xét bán niên, kiểm toán năm - Chi nhánh công ty chứng khoán nước ngoài tại Việt Nam >> Báo cáo lưu chuyển tiền tệ riêng_06613;Mã chỉ tiêu;Mã chỉ tiêu;Data Explorer;Chiều;Dễ;Ngày, CTCK;SCMS;X;X;;;;;;;;;;
128;Báo cáo tài chính quý, soát xét bán niên, kiểm toán năm - Chi nhánh công ty chứng khoán nước ngoài tại Việt Nam >> Báo cáo lưu chuyển tiền tệ riêng_06613;Tên chỉ tiêu;Tên chỉ tiêu;Data Explorer;Chiều;Dễ;Ngày, CTCK;SCMS;X;X;;;;;;;;;;
128;Báo cáo tài chính quý, soát xét bán niên, kiểm toán năm - Chi nhánh công ty chứng khoán nước ngoài tại Việt Nam >> Báo cáo lưu chuyển tiền tệ riêng_06613;I. Lưu chuyển tiền từ hoạt động kinh doanh;;Data Explorer;Chỉ tiêu cơ sở;Dễ;Ngày, CTCK;SCMS;;X;;;;;;;;;;
128;Báo cáo tài chính quý, soát xét bán niên, kiểm toán năm - Chi nhánh công ty chứng khoán nước ngoài tại Việt Nam >> Báo cáo lưu chuyển tiền tệ riêng_06613;1. Lợi nhuận trước Thuế Thu nhập doanh nghiệp;1;Data Explorer;Chỉ tiêu cơ sở;Dễ;Ngày, CTCK;SCMS;;X;;;;;;;;;;
128;Báo cáo tài chính quý, soát xét bán niên, kiểm toán năm - Chi nhánh công ty chứng khoán nước ngoài tại Việt Nam >> Báo cáo lưu chuyển tiền tệ riêng_06613;2. Điều chỉnh cho các khoản: ;2;Data Explorer;Chỉ tiêu cơ sở;Dễ;Ngày, CTCK;SCMS;;X;;;;;;;;;;
128;Báo cáo tài chính quý, soát xét bán niên, kiểm toán năm - Chi nhánh công ty chứng khoán nước ngoài tại Việt Nam >> Báo cáo lưu chuyển tiền tệ riêng_06613;- Khấu hao TSCĐ;3;Data Explorer;Chỉ tiêu cơ sở;Dễ;Ngày, CTCK;SCMS;;X;;;;;;;;;;
128;Báo cáo tài chính quý, soát xét bán niên, kiểm toán năm - Chi nhánh công ty chứng khoán nước ngoài tại Việt Nam >> Báo cáo lưu chuyển tiền tệ riêng_06613;- Các khoản dự phòng;4;Data Explorer;Chỉ tiêu cơ sở;Dễ;Ngày, CTCK;SCMS;;X;;;;;;;;;;
128;Báo cáo tài chính quý, soát xét bán niên, kiểm toán năm - Chi nhánh công ty chứng khoán nước ngoài tại Việt Nam >> Báo cáo lưu chuyển tiền tệ riêng_06613;(- Lãi) hoặc (+ lỗ) chênh lệch tỷ giá hối đoái chưa thực hiện.;5;Data Explorer;Chỉ tiêu cơ sở;Dễ;Ngày, CTCK;SCMS;;X;;;;;;;;;;
128;Báo cáo tài chính quý, soát xét bán niên, kiểm toán năm - Chi nhánh công ty chứng khoán nước ngoài tại Việt Nam >> Báo cáo lưu chuyển tiền tệ riêng_06613;- Chi phí lãi vay;6;Data Explorer;Chỉ tiêu cơ sở;Dễ;Ngày, CTCK;SCMS;;X;;;;;;;;;;
128;Báo cáo tài chính quý, soát xét bán niên, kiểm toán năm - Chi nhánh công ty chứng khoán nước ngoài tại Việt Nam >> Báo cáo lưu chuyển tiền tệ riêng_06613;- Lãi, lỗ từ hoạt động đầu tư ;7;Data Explorer;Chỉ tiêu cơ sở;Dễ;Ngày, CTCK;SCMS;;X;;;;;;;;;;
128;Báo cáo tài chính quý, soát xét bán niên, kiểm toán năm - Chi nhánh công ty chứng khoán nước ngoài tại Việt Nam >> Báo cáo lưu chuyển tiền tệ riêng_06613;- Dự thu tiền lãi ;8;Data Explorer;Chỉ tiêu cơ sở;Dễ;Ngày, CTCK;SCMS;;X;;;;;;;;;;
128;Báo cáo tài chính quý, soát xét bán niên, kiểm toán năm - Chi nhánh công ty chứng khoán nước ngoài tại Việt Nam >> Báo cáo lưu chuyển tiền tệ riêng_06613;- Các khoản điều chỉnh khác ;9;Data Explorer;Chỉ tiêu cơ sở;Dễ;Ngày, CTCK;SCMS;;X;;;;;;;;;;
128;Báo cáo tài chính quý, soát xét bán niên, kiểm toán năm - Chi nhánh công ty chứng khoán nước ngoài tại Việt Nam >> Báo cáo lưu chuyển tiền tệ riêng_06613;3. Tăng các chi phí phi tiền tệ;10;Data Explorer;Chỉ tiêu cơ sở;Dễ;Ngày, CTCK;SCMS;;X;;;;;;;;;;
128;Báo cáo tài chính quý, soát xét bán niên, kiểm toán năm - Chi nhánh công ty chứng khoán nước ngoài tại Việt Nam >> Báo cáo lưu chuyển tiền tệ riêng_06613;- Lỗ đánh giá lại giá trị các tài sản tài chính ghi nhận thông qua lãi/lỗ FVTPL;11;Data Explorer;Chỉ tiêu cơ sở;Dễ;Ngày, CTCK;SCMS;;X;;;;;;;;;;
128;Báo cáo tài chính quý, soát xét bán niên, kiểm toán năm - Chi nhánh công ty chứng khoán nước ngoài tại Việt Nam >> Báo cáo lưu chuyển tiền tệ riêng_06613;- Lỗ suy giảm giá trị Các khoản đầu tư nắm giữ đến ngày đáo hạn (HTM);12;Data Explorer;Chỉ tiêu cơ sở;Dễ;Ngày, CTCK;SCMS;;X;;;;;;;;;;
128;Báo cáo tài chính quý, soát xét bán niên, kiểm toán năm - Chi nhánh công ty chứng khoán nước ngoài tại Việt Nam >> Báo cáo lưu chuyển tiền tệ riêng_06613;- Lỗ suy giảm giá trị Các khoản cho vay;13;Data Explorer;Chỉ tiêu cơ sở;Dễ;Ngày, CTCK;SCMS;;X;;;;;;;;;;
128;Báo cáo tài chính quý, soát xét bán niên, kiểm toán năm - Chi nhánh công ty chứng khoán nước ngoài tại Việt Nam >> Báo cáo lưu chuyển tiền tệ riêng_06613;- Lỗ về ghi nhận chênh lệch đánh giá theo giá trị hợp lý TSTC sẵn sàng để bán AFS khi phân loại lại;14;Data Explorer;Chỉ tiêu cơ sở;Dễ;Ngày, CTCK;SCMS;;X;;;;;;;;;;
128;Báo cáo tài chính quý, soát xét bán niên, kiểm toán năm - Chi nhánh công ty chứng khoán nước ngoài tại Việt Nam >> Báo cáo lưu chuyển tiền tệ riêng_06613;- Suy giảm giá trị của các tài sản cố định, BĐSĐT ;15;Data Explorer;Chỉ tiêu cơ sở;Dễ;Ngày, CTCK;SCMS;;X;;;;;;;;;;
128;Báo cáo tài chính quý, soát xét bán niên, kiểm toán năm - Chi nhánh công ty chứng khoán nước ngoài tại Việt Nam >> Báo cáo lưu chuyển tiền tệ riêng_06613;- Chi phí dự phòng suy giảm giá trị các khoản đầu tư tài chính dài hạn;16;Data Explorer;Chỉ tiêu cơ sở;Dễ;Ngày, CTCK;SCMS;;X;;;;;;;;;;
128;Báo cáo tài chính quý, soát xét bán niên, kiểm toán năm - Chi nhánh công ty chứng khoán nước ngoài tại Việt Nam >> Báo cáo lưu chuyển tiền tệ riêng_06613;-   Lỗ khác;17;Data Explorer;Chỉ tiêu cơ sở;Dễ;Ngày, CTCK;SCMS;;X;;;;;;;;;;
128;Báo cáo tài chính quý, soát xét bán niên, kiểm toán năm - Chi nhánh công ty chứng khoán nước ngoài tại Việt Nam >> Báo cáo lưu chuyển tiền tệ riêng_06613;4. Giảm các doanh thu phi tiền tệ;18;Data Explorer;Chỉ tiêu cơ sở;Dễ;Ngày, CTCK;SCMS;;X;;;;;;;;;;
128;Báo cáo tài chính quý, soát xét bán niên, kiểm toán năm - Chi nhánh công ty chứng khoán nước ngoài tại Việt Nam >> Báo cáo lưu chuyển tiền tệ riêng_06613;-  Lãi đánh giá lại giá trị các tài sản tài chính ghi nhận thông qua lãi/lỗ FVTPL;19;Data Explorer;Chỉ tiêu cơ sở;Dễ;Ngày, CTCK;SCMS;;X;;;;;;;;;;
128;Báo cáo tài chính quý, soát xét bán niên, kiểm toán năm - Chi nhánh công ty chứng khoán nước ngoài tại Việt Nam >> Báo cáo lưu chuyển tiền tệ riêng_06613;-  Lãi về ghi nhận chênh lệch đánh giá theo giá trị hợp lý TSTC sẵn sàng để bán (AFS) khi phân loại lại;20;Data Explorer;Chỉ tiêu cơ sở;Dễ;Ngày, CTCK;SCMS;;X;;;;;;;;;;
128;Báo cáo tài chính quý, soát xét bán niên, kiểm toán năm - Chi nhánh công ty chứng khoán nước ngoài tại Việt Nam >> Báo cáo lưu chuyển tiền tệ riêng_06613;- Lãi khác;21;Data Explorer;Chỉ tiêu cơ sở;Dễ;Ngày, CTCK;SCMS;;X;;;;;;;;;;
128;Báo cáo tài chính quý, soát xét bán niên, kiểm toán năm - Chi nhánh công ty chứng khoán nước ngoài tại Việt Nam >> Báo cáo lưu chuyển tiền tệ riêng_06613;5. Lợi nhuận từ hoạt động kinh doanh trước thay đổi vốn lưu động;30;Data Explorer;Chỉ tiêu cơ sở;Dễ;Ngày, CTCK;SCMS;;X;;;;;;;;;;
128;Báo cáo tài chính quý, soát xét bán niên, kiểm toán năm - Chi nhánh công ty chứng khoán nước ngoài tại Việt Nam >> Báo cáo lưu chuyển tiền tệ riêng_06613;-  Tăng (giảm) tài sản tài chính ghi nhận thông qua lãi/lỗ FVTPL;31;Data Explorer;Chỉ tiêu cơ sở;Dễ;Ngày, CTCK;SCMS;;X;;;;;;;;;;
128;Báo cáo tài chính quý, soát xét bán niên, kiểm toán năm - Chi nhánh công ty chứng khoán nước ngoài tại Việt Nam >> Báo cáo lưu chuyển tiền tệ riêng_06613;-  Tăng (giảm) Các khoản đầu tư nắm giữ đến ngày đáo hạn (HTM);32;Data Explorer;Chỉ tiêu cơ sở;Dễ;Ngày, CTCK;SCMS;;X;;;;;;;;;;
128;Báo cáo tài chính quý, soát xét bán niên, kiểm toán năm - Chi nhánh công ty chứng khoán nước ngoài tại Việt Nam >> Báo cáo lưu chuyển tiền tệ riêng_06613;-  Tăng (giảm) Các khoản cho vay ;33;Data Explorer;Chỉ tiêu cơ sở;Dễ;Ngày, CTCK;SCMS;;X;;;;;;;;;;
128;Báo cáo tài chính quý, soát xét bán niên, kiểm toán năm - Chi nhánh công ty chứng khoán nước ngoài tại Việt Nam >> Báo cáo lưu chuyển tiền tệ riêng_06613;-  Tăng (giảm) tài sản tài chính sẵn sàng để bán AFS ;34;Data Explorer;Chỉ tiêu cơ sở;Dễ;Ngày, CTCK;SCMS;;X;;;;;;;;;;
128;Báo cáo tài chính quý, soát xét bán niên, kiểm toán năm - Chi nhánh công ty chứng khoán nước ngoài tại Việt Nam >> Báo cáo lưu chuyển tiền tệ riêng_06613;(-) Tăng, (+) giảm phải thu bán các tài sản tài chính;35;Data Explorer;Chỉ tiêu cơ sở;Dễ;Ngày, CTCK;SCMS;;X;;;;;;;;;;
128;Báo cáo tài chính quý, soát xét bán niên, kiểm toán năm - Chi nhánh công ty chứng khoán nước ngoài tại Việt Nam >> Báo cáo lưu chuyển tiền tệ riêng_06613;(-) Tăng, (+) giảm phải thu và dự thu cổ tức, tiền lãi các tài sản tài chính;36;Data Explorer;Chỉ tiêu cơ sở;Dễ;Ngày, CTCK;SCMS;;X;;;;;;;;;;
128;Báo cáo tài chính quý, soát xét bán niên, kiểm toán năm - Chi nhánh công ty chứng khoán nước ngoài tại Việt Nam >> Báo cáo lưu chuyển tiền tệ riêng_06613;(-) Tăng, (+) giảm các khoản phải thu các dịch vụ CTCK cung cấp;37;Data Explorer;Chỉ tiêu cơ sở;Dễ;Ngày, CTCK;SCMS;;X;;;;;;;;;;
128;Báo cáo tài chính quý, soát xét bán niên, kiểm toán năm - Chi nhánh công ty chứng khoán nước ngoài tại Việt Nam >> Báo cáo lưu chuyển tiền tệ riêng_06613;(-) Tăng, (+) giảm các khoản phải thu về lỗi giao dịch các TSTC;38;Data Explorer;Chỉ tiêu cơ sở;Dễ;Ngày, CTCK;SCMS;;X;;;;;;;;;;
128;Báo cáo tài chính quý, soát xét bán niên, kiểm toán năm - Chi nhánh công ty chứng khoán nước ngoài tại Việt Nam >> Báo cáo lưu chuyển tiền tệ riêng_06613;(-) Tăng, (+) giảm các khoản phải thu khác;39;Data Explorer;Chỉ tiêu cơ sở;Dễ;Ngày, CTCK;SCMS;;X;;;;;;;;;;
128;Báo cáo tài chính quý, soát xét bán niên, kiểm toán năm - Chi nhánh công ty chứng khoán nước ngoài tại Việt Nam >> Báo cáo lưu chuyển tiền tệ riêng_06613;-  Tăng (giảm) các tài sản khác;40;Data Explorer;Chỉ tiêu cơ sở;Dễ;Ngày, CTCK;SCMS;;X;;;;;;;;;;
128;Báo cáo tài chính quý, soát xét bán niên, kiểm toán năm - Chi nhánh công ty chứng khoán nước ngoài tại Việt Nam >> Báo cáo lưu chuyển tiền tệ riêng_06613;- Tăng (giảm) chi phí phải trả (không bao gồm chi phí lãi vay);41;Data Explorer;Chỉ tiêu cơ sở;Dễ;Ngày, CTCK;SCMS;;X;;;;;;;;;;
128;Báo cáo tài chính quý, soát xét bán niên, kiểm toán năm - Chi nhánh công ty chứng khoán nước ngoài tại Việt Nam >> Báo cáo lưu chuyển tiền tệ riêng_06613;- Tăng (giảm)  chi phí trả trước;42;Data Explorer;Chỉ tiêu cơ sở;Dễ;Ngày, CTCK;SCMS;;X;;;;;;;;;;
128;Báo cáo tài chính quý, soát xét bán niên, kiểm toán năm - Chi nhánh công ty chứng khoán nước ngoài tại Việt Nam >> Báo cáo lưu chuyển tiền tệ riêng_06613;(-) Thuế TNDN đã nộp ;43;Data Explorer;Chỉ tiêu cơ sở;Dễ;Ngày, CTCK;SCMS;;X;;;;;;;;;;
128;Báo cáo tài chính quý, soát xét bán niên, kiểm toán năm - Chi nhánh công ty chứng khoán nước ngoài tại Việt Nam >> Báo cáo lưu chuyển tiền tệ riêng_06613;(-) Lãi vay đã trả;44;Data Explorer;Chỉ tiêu cơ sở;Dễ;Ngày, CTCK;SCMS;;X;;;;;;;;;;
128;Báo cáo tài chính quý, soát xét bán niên, kiểm toán năm - Chi nhánh công ty chứng khoán nước ngoài tại Việt Nam >> Báo cáo lưu chuyển tiền tệ riêng_06613;-  Tăng (giảm) phải trả cho người bán;45;Data Explorer;Chỉ tiêu cơ sở;Dễ;Ngày, CTCK;SCMS;;X;;;;;;;;;;
128;Báo cáo tài chính quý, soát xét bán niên, kiểm toán năm - Chi nhánh công ty chứng khoán nước ngoài tại Việt Nam >> Báo cáo lưu chuyển tiền tệ riêng_06613;-  Tăng (giảm) các khoản trích nộp phúc lợi nhân viên;46;Data Explorer;Chỉ tiêu cơ sở;Dễ;Ngày, CTCK;SCMS;;X;;;;;;;;;;
128;Báo cáo tài chính quý, soát xét bán niên, kiểm toán năm - Chi nhánh công ty chứng khoán nước ngoài tại Việt Nam >> Báo cáo lưu chuyển tiền tệ riêng_06613;-  Tăng (giảm) thuế và các khoản phải nộp Nhà nước (Không bao gồm thuế TNDN đã nộp);47;Data Explorer;Chỉ tiêu cơ sở;Dễ;Ngày, CTCK;SCMS;;X;;;;;;;;;;
128;Báo cáo tài chính quý, soát xét bán niên, kiểm toán năm - Chi nhánh công ty chứng khoán nước ngoài tại Việt Nam >> Báo cáo lưu chuyển tiền tệ riêng_06613;-  Tăng (giảm) phải trả người lao động;48;Data Explorer;Chỉ tiêu cơ sở;Dễ;Ngày, CTCK;SCMS;;X;;;;;;;;;;
128;Báo cáo tài chính quý, soát xét bán niên, kiểm toán năm - Chi nhánh công ty chứng khoán nước ngoài tại Việt Nam >> Báo cáo lưu chuyển tiền tệ riêng_06613;- Tăng (giảm) phải trả về lỗi giao dịch các TSTC;49;Data Explorer;Chỉ tiêu cơ sở;Dễ;Ngày, CTCK;SCMS;;X;;;;;;;;;;
128;Báo cáo tài chính quý, soát xét bán niên, kiểm toán năm - Chi nhánh công ty chứng khoán nước ngoài tại Việt Nam >> Báo cáo lưu chuyển tiền tệ riêng_06613;-  Tăng (giảm) phải trả, phải nộp khác;50;Data Explorer;Chỉ tiêu cơ sở;Dễ;Ngày, CTCK;SCMS;;X;;;;;;;;;;
128;Báo cáo tài chính quý, soát xét bán niên, kiểm toán năm - Chi nhánh công ty chứng khoán nước ngoài tại Việt Nam >> Báo cáo lưu chuyển tiền tệ riêng_06613;- Tiền thu khác từ hoạt động kinh doanh;51;Data Explorer;Chỉ tiêu cơ sở;Dễ;Ngày, CTCK;SCMS;;X;;;;;;;;;;
128;Báo cáo tài chính quý, soát xét bán niên, kiểm toán năm - Chi nhánh công ty chứng khoán nước ngoài tại Việt Nam >> Báo cáo lưu chuyển tiền tệ riêng_06613;- Tiền chi khác cho hoạt động kinh doanh;52;Data Explorer;Chỉ tiêu cơ sở;Dễ;Ngày, CTCK;SCMS;;X;;;;;;;;;;
128;Báo cáo tài chính quý, soát xét bán niên, kiểm toán năm - Chi nhánh công ty chứng khoán nước ngoài tại Việt Nam >> Báo cáo lưu chuyển tiền tệ riêng_06613;Lưu chuyển tiền thuần từ hoạt động kinh doanh;60;Data Explorer;Chỉ tiêu cơ sở;Dễ;Ngày, CTCK;SCMS;;X;;;;;;;;;;
128;Báo cáo tài chính quý, soát xét bán niên, kiểm toán năm - Chi nhánh công ty chứng khoán nước ngoài tại Việt Nam >> Báo cáo lưu chuyển tiền tệ riêng_06613;II. Lưu chuyển tiền từ hoạt động đầu tư;;Data Explorer;Chỉ tiêu cơ sở;Dễ;Ngày, CTCK;SCMS;;X;;;;;;;;;;
128;Báo cáo tài chính quý, soát xét bán niên, kiểm toán năm - Chi nhánh công ty chứng khoán nước ngoài tại Việt Nam >> Báo cáo lưu chuyển tiền tệ riêng_06613;1. Tiền chi để mua sắm, xây dựng TSCĐ, BĐSĐT và các tài sản khác;61;Data Explorer;Chỉ tiêu cơ sở;Dễ;Ngày, CTCK;SCMS;;X;;;;;;;;;;
128;Báo cáo tài chính quý, soát xét bán niên, kiểm toán năm - Chi nhánh công ty chứng khoán nước ngoài tại Việt Nam >> Báo cáo lưu chuyển tiền tệ riêng_06613;2. Tiền thu từ thanh lý, nhượng bán TSCĐ, BĐSĐT và các tài sản khác;62;Data Explorer;Chỉ tiêu cơ sở;Dễ;Ngày, CTCK;SCMS;;X;;;;;;;;;;
128;Báo cáo tài chính quý, soát xét bán niên, kiểm toán năm - Chi nhánh công ty chứng khoán nước ngoài tại Việt Nam >> Báo cáo lưu chuyển tiền tệ riêng_06613;3. Tiền chi đầu tư vốn vào công ty con, công ty liên doanh, liên kết và đầu tư khác;63;Data Explorer;Chỉ tiêu cơ sở;Dễ;Ngày, CTCK;SCMS;;X;;;;;;;;;;
128;Báo cáo tài chính quý, soát xét bán niên, kiểm toán năm - Chi nhánh công ty chứng khoán nước ngoài tại Việt Nam >> Báo cáo lưu chuyển tiền tệ riêng_06613;4. Tiền thu hồi các khoản đầu tư vào công ty con, công ty liên doanh, liên kết và đầu tư khác;64;Data Explorer;Chỉ tiêu cơ sở;Dễ;Ngày, CTCK;SCMS;;X;;;;;;;;;;
128;Báo cáo tài chính quý, soát xét bán niên, kiểm toán năm - Chi nhánh công ty chứng khoán nước ngoài tại Việt Nam >> Báo cáo lưu chuyển tiền tệ riêng_06613;5. Tiền thu về cổ tức và lợi nhuận được chia từ các khoản đầu tư tài chính dài hạn;65;Data Explorer;Chỉ tiêu cơ sở;Dễ;Ngày, CTCK;SCMS;;X;;;;;;;;;;
128;Báo cáo tài chính quý, soát xét bán niên, kiểm toán năm - Chi nhánh công ty chứng khoán nước ngoài tại Việt Nam >> Báo cáo lưu chuyển tiền tệ riêng_06613;Lưu chuyển tiền thuần từ hoạt động đầu tư;70;Data Explorer;Chỉ tiêu cơ sở;Dễ;Ngày, CTCK;SCMS;;X;;;;;;;;;;
128;Báo cáo tài chính quý, soát xét bán niên, kiểm toán năm - Chi nhánh công ty chứng khoán nước ngoài tại Việt Nam >> Báo cáo lưu chuyển tiền tệ riêng_06613;III. Lưu chuyển tiền từ hoạt động tài chính;;Data Explorer;Chỉ tiêu cơ sở;Dễ;Ngày, CTCK;SCMS;;X;;;;;;;;;;
128;Báo cáo tài chính quý, soát xét bán niên, kiểm toán năm - Chi nhánh công ty chứng khoán nước ngoài tại Việt Nam >> Báo cáo lưu chuyển tiền tệ riêng_06613;1.Tiền thu từ phát hành cổ phiếu, nhận vốn góp của chủ sở hữu;71;Data Explorer;Chỉ tiêu cơ sở;Dễ;Ngày, CTCK;SCMS;;X;;;;;;;;;;
128;Báo cáo tài chính quý, soát xét bán niên, kiểm toán năm - Chi nhánh công ty chứng khoán nước ngoài tại Việt Nam >> Báo cáo lưu chuyển tiền tệ riêng_06613;2. Tiền chi trả vốn góp cho chủ sở hữu, mua lại cổ phiếu phát hành;72;Data Explorer;Chỉ tiêu cơ sở;Dễ;Ngày, CTCK;SCMS;;X;;;;;;;;;;
128;Báo cáo tài chính quý, soát xét bán niên, kiểm toán năm - Chi nhánh công ty chứng khoán nước ngoài tại Việt Nam >> Báo cáo lưu chuyển tiền tệ riêng_06613;3. Tiền vay gốc;73;Data Explorer;Chỉ tiêu cơ sở;Dễ;Ngày, CTCK;SCMS;;X;;;;;;;;;;
128;Báo cáo tài chính quý, soát xét bán niên, kiểm toán năm - Chi nhánh công ty chứng khoán nước ngoài tại Việt Nam >> Báo cáo lưu chuyển tiền tệ riêng_06613;3.1. Tiền vay Quỹ Hỗ trợ thanh toán;73,1;Data Explorer;Chỉ tiêu cơ sở;Dễ;Ngày, CTCK;SCMS;;X;;;;;;;;;;
128;Báo cáo tài chính quý, soát xét bán niên, kiểm toán năm - Chi nhánh công ty chứng khoán nước ngoài tại Việt Nam >> Báo cáo lưu chuyển tiền tệ riêng_06613;3.2. Tiền vay khác;73,2;Data Explorer;Chỉ tiêu cơ sở;Dễ;Ngày, CTCK;SCMS;;X;;;;;;;;;;
128;Báo cáo tài chính quý, soát xét bán niên, kiểm toán năm - Chi nhánh công ty chứng khoán nước ngoài tại Việt Nam >> Báo cáo lưu chuyển tiền tệ riêng_06613;4. Tiền chi trả nợ gốc vay;74;Data Explorer;Chỉ tiêu cơ sở;Dễ;Ngày, CTCK;SCMS;;X;;;;;;;;;;
128;Báo cáo tài chính quý, soát xét bán niên, kiểm toán năm - Chi nhánh công ty chứng khoán nước ngoài tại Việt Nam >> Báo cáo lưu chuyển tiền tệ riêng_06613;4.1. Tiền chi trả gốc vay Quỹ Hỗ trợ thanh toán;74,1;Data Explorer;Chỉ tiêu cơ sở;Dễ;Ngày, CTCK;SCMS;;X;;;;;;;;;;
128;Báo cáo tài chính quý, soát xét bán niên, kiểm toán năm - Chi nhánh công ty chứng khoán nước ngoài tại Việt Nam >> Báo cáo lưu chuyển tiền tệ riêng_06613;4.2. Tiền chi trả nợ gốc vay tài sản tài chính;74,2;Data Explorer;Chỉ tiêu cơ sở;Dễ;Ngày, CTCK;SCMS;;X;;;;;;;;;;
128;Báo cáo tài chính quý, soát xét bán niên, kiểm toán năm - Chi nhánh công ty chứng khoán nước ngoài tại Việt Nam >> Báo cáo lưu chuyển tiền tệ riêng_06613;4.3. Tiền chi trả gốc vay khác;74,3;Data Explorer;Chỉ tiêu cơ sở;Dễ;Ngày, CTCK;SCMS;;X;;;;;;;;;;
128;Báo cáo tài chính quý, soát xét bán niên, kiểm toán năm - Chi nhánh công ty chứng khoán nước ngoài tại Việt Nam >> Báo cáo lưu chuyển tiền tệ riêng_06613;5. Tiền chi trả nợ gốc thuê tài chính;75;Data Explorer;Chỉ tiêu cơ sở;Dễ;Ngày, CTCK;SCMS;;X;;;;;;;;;;
128;Báo cáo tài chính quý, soát xét bán niên, kiểm toán năm - Chi nhánh công ty chứng khoán nước ngoài tại Việt Nam >> Báo cáo lưu chuyển tiền tệ riêng_06613;6. Cổ tức, lợi nhuận đã trả cho chủ sở hữu;76;Data Explorer;Chỉ tiêu cơ sở;Dễ;Ngày, CTCK;SCMS;;X;;;;;;;;;;
128;Báo cáo tài chính quý, soát xét bán niên, kiểm toán năm - Chi nhánh công ty chứng khoán nước ngoài tại Việt Nam >> Báo cáo lưu chuyển tiền tệ riêng_06613;Lưu chuyển tiền thuần từ hoạt động tài chính;80;Data Explorer;Chỉ tiêu cơ sở;Dễ;Ngày, CTCK;SCMS;;X;;;;;;;;;;
128;Báo cáo tài chính quý, soát xét bán niên, kiểm toán năm - Chi nhánh công ty chứng khoán nước ngoài tại Việt Nam >> Báo cáo lưu chuyển tiền tệ riêng_06613;IV. Tăng/giảm tiền thuần trong kỳ;90;Data Explorer;Chỉ tiêu cơ sở;Dễ;Ngày, CTCK;SCMS;;X;;;;;;;;;;
128;Báo cáo tài chính quý, soát xét bán niên, kiểm toán năm - Chi nhánh công ty chứng khoán nước ngoài tại Việt Nam >> Báo cáo lưu chuyển tiền tệ riêng_06613;V. Tiền và các khoản tương đương tiền đầu kỳ;101;Data Explorer;Chỉ tiêu cơ sở;Dễ;Ngày, CTCK;SCMS;;X;;;;;;;;;;
128;Báo cáo tài chính quý, soát xét bán niên, kiểm toán năm - Chi nhánh công ty chứng khoán nước ngoài tại Việt Nam >> Báo cáo lưu chuyển tiền tệ riêng_06613;- Tiền ;101,1;Data Explorer;Chỉ tiêu cơ sở;Dễ;Ngày, CTCK;SCMS;;X;;;;;;;;;;
128;Báo cáo tài chính quý, soát xét bán niên, kiểm toán năm - Chi nhánh công ty chứng khoán nước ngoài tại Việt Nam >> Báo cáo lưu chuyển tiền tệ riêng_06613;- Các khoản tương đương tiền;101,2;Data Explorer;Chỉ tiêu cơ sở;Dễ;Ngày, CTCK;SCMS;;X;;;;;;;;;;
128;Báo cáo tài chính quý, soát xét bán niên, kiểm toán năm - Chi nhánh công ty chứng khoán nước ngoài tại Việt Nam >> Báo cáo lưu chuyển tiền tệ riêng_06613;- Ảnh hưởng của thay đổi tỷ giá hối đoái quy đổi ngoại tệ;102;Data Explorer;Chỉ tiêu cơ sở;Dễ;Ngày, CTCK;SCMS;;X;;;;;;;;;;
128;Báo cáo tài chính quý, soát xét bán niên, kiểm toán năm - Chi nhánh công ty chứng khoán nước ngoài tại Việt Nam >> Báo cáo lưu chuyển tiền tệ riêng_06613;VI. Tiền và các khoản tương đương tiền cuối kỳ;103;Data Explorer;Chỉ tiêu cơ sở;Dễ;Ngày, CTCK;SCMS;;X;;;;;;;;;;
128;Báo cáo tài chính quý, soát xét bán niên, kiểm toán năm - Chi nhánh công ty chứng khoán nước ngoài tại Việt Nam >> Báo cáo lưu chuyển tiền tệ riêng_06613;- Tiền ;103,1;Data Explorer;Chỉ tiêu cơ sở;Dễ;Ngày, CTCK;SCMS;;X;;;;;;;;;;
128;Báo cáo tài chính quý, soát xét bán niên, kiểm toán năm - Chi nhánh công ty chứng khoán nước ngoài tại Việt Nam >> Báo cáo lưu chuyển tiền tệ riêng_06613;- Các khoản tương đương tiền;103,2;Data Explorer;Chỉ tiêu cơ sở;Dễ;Ngày, CTCK;SCMS;;X;;;;;;;;;;
128;Báo cáo tài chính quý, soát xét bán niên, kiểm toán năm - Chi nhánh công ty chứng khoán nước ngoài tại Việt Nam >> Báo cáo lưu chuyển tiền tệ riêng_06613;- Ảnh hưởng của thay đổi tỷ giá hối đoái quy đổi ngoại tệ;104;Data Explorer;Chỉ tiêu cơ sở;Dễ;Ngày, CTCK;SCMS;;X;;;;;;;;;;
129;Báo cáo tài chính quý, soát xét bán niên, kiểm toán năm - Chi nhánh công ty chứng khoán nước ngoài tại Việt Nam >> Phần lưu chuyển tiền tệ hoạt động môi giới, ủy thác của khách hàng_06614;Loại báo cáo;Loại báo cáo;Data Explorer;Chiều;Dễ;Ngày, CTCK;SCMS;X;X;;;;;;;;;;
129;Báo cáo tài chính quý, soát xét bán niên, kiểm toán năm - Chi nhánh công ty chứng khoán nước ngoài tại Việt Nam >> Phần lưu chuyển tiền tệ hoạt động môi giới, ủy thác của khách hàng_06614;Kỳ báo cáo;Kỳ báo cáo;Data Explorer;Chiều;Dễ;Ngày, CTCK;SCMS;X;X;;;;;;;;;;
129;Báo cáo tài chính quý, soát xét bán niên, kiểm toán năm - Chi nhánh công ty chứng khoán nước ngoài tại Việt Nam >> Phần lưu chuyển tiền tệ hoạt động môi giới, ủy thác của khách hàng_06614;Mã báo cáo;Mã báo cáo;Data Explorer;Chiều;Dễ;Ngày, CTCK;SCMS;X;X;;;;;;;;;;
129;Báo cáo tài chính quý, soát xét bán niên, kiểm toán năm - Chi nhánh công ty chứng khoán nước ngoài tại Việt Nam >> Phần lưu chuyển tiền tệ hoạt động môi giới, ủy thác của khách hàng_06614;Tên báo cáo;Tên báo cáo;Data Explorer;Chiều;Dễ;Ngày, CTCK;SCMS;X;X;;;;;;;;;;
129;Báo cáo tài chính quý, soát xét bán niên, kiểm toán năm - Chi nhánh công ty chứng khoán nước ngoài tại Việt Nam >> Phần lưu chuyển tiền tệ hoạt động môi giới, ủy thác của khách hàng_06614;Mã chỉ tiêu;Mã chỉ tiêu;Data Explorer;Chiều;Dễ;Ngày, CTCK;SCMS;X;X;;;;;;;;;;
129;Báo cáo tài chính quý, soát xét bán niên, kiểm toán năm - Chi nhánh công ty chứng khoán nước ngoài tại Việt Nam >> Phần lưu chuyển tiền tệ hoạt động môi giới, ủy thác của khách hàng_06614;Tên chỉ tiêu;Tên chỉ tiêu;Data Explorer;Chiều;Dễ;Ngày, CTCK;SCMS;X;X;;;;;;;;;;
129;Báo cáo tài chính quý, soát xét bán niên, kiểm toán năm - Chi nhánh công ty chứng khoán nước ngoài tại Việt Nam >> Phần lưu chuyển tiền tệ hoạt động môi giới, ủy thác của khách hàng_06614;I, Lưu chuyển tiền hoạt động môi giới, ủy thác của khách hàng;;Data Explorer;Chỉ tiêu cơ sở;Dễ;Ngày, CTCK;SCMS;;X;;;;;;;;;;
129;Báo cáo tài chính quý, soát xét bán niên, kiểm toán năm - Chi nhánh công ty chứng khoán nước ngoài tại Việt Nam >> Phần lưu chuyển tiền tệ hoạt động môi giới, ủy thác của khách hàng_06614;1. Tiền thu bán chứng khoán môi giới cho khách hàng;1;Data Explorer;Chỉ tiêu cơ sở;Dễ;Ngày, CTCK;SCMS;;X;;;;;;;;;;
129;Báo cáo tài chính quý, soát xét bán niên, kiểm toán năm - Chi nhánh công ty chứng khoán nước ngoài tại Việt Nam >> Phần lưu chuyển tiền tệ hoạt động môi giới, ủy thác của khách hàng_06614;2. Tiền chi mua chứng khoán môi giới cho khách hàng;2;Data Explorer;Chỉ tiêu cơ sở;Dễ;Ngày, CTCK;SCMS;;X;;;;;;;;;;
129;Báo cáo tài chính quý, soát xét bán niên, kiểm toán năm - Chi nhánh công ty chứng khoán nước ngoài tại Việt Nam >> Phần lưu chuyển tiền tệ hoạt động môi giới, ủy thác của khách hàng_06614;3. Tiền thu bán chứng khoán ủy thác của khách hàng;3;Data Explorer;Chỉ tiêu cơ sở;Dễ;Ngày, CTCK;SCMS;;X;;;;;;;;;;
129;Báo cáo tài chính quý, soát xét bán niên, kiểm toán năm - Chi nhánh công ty chứng khoán nước ngoài tại Việt Nam >> Phần lưu chuyển tiền tệ hoạt động môi giới, ủy thác của khách hàng_06614;4. Tiền chi bán chứng khoán ủy thác của khách hàng;4;Data Explorer;Chỉ tiêu cơ sở;Dễ;Ngày, CTCK;SCMS;;X;;;;;;;;;;
129;Báo cáo tài chính quý, soát xét bán niên, kiểm toán năm - Chi nhánh công ty chứng khoán nước ngoài tại Việt Nam >> Phần lưu chuyển tiền tệ hoạt động môi giới, ủy thác của khách hàng_06614;5. Thu vay Quỹ Hỗ trợ thanh toán;5;Data Explorer;Chỉ tiêu cơ sở;Dễ;Ngày, CTCK;SCMS;;X;;;;;;;;;;
129;Báo cáo tài chính quý, soát xét bán niên, kiểm toán năm - Chi nhánh công ty chứng khoán nước ngoài tại Việt Nam >> Phần lưu chuyển tiền tệ hoạt động môi giới, ủy thác của khách hàng_06614;6. Chi trả vay Quỹ Hỗ trợ thanh toán;6;Data Explorer;Chỉ tiêu cơ sở;Dễ;Ngày, CTCK;SCMS;;X;;;;;;;;;;
129;Báo cáo tài chính quý, soát xét bán niên, kiểm toán năm - Chi nhánh công ty chứng khoán nước ngoài tại Việt Nam >> Phần lưu chuyển tiền tệ hoạt động môi giới, ủy thác của khách hàng_06614;7. Nhận tiền gửi để thanh toán giao dịch chứng khoán của khách hàng ;7;Data Explorer;Chỉ tiêu cơ sở;Dễ;Ngày, CTCK;SCMS;;X;;;;;;;;;;
129;Báo cáo tài chính quý, soát xét bán niên, kiểm toán năm - Chi nhánh công ty chứng khoán nước ngoài tại Việt Nam >> Phần lưu chuyển tiền tệ hoạt động môi giới, ủy thác của khách hàng_06614;7.1 Tiền gửi ký quỹ của nhà đầu tư tại VSD;;Data Explorer;Chỉ tiêu cơ sở;Dễ;Ngày, CTCK;SCMS;;X;;;;;;;;;;
129;Báo cáo tài chính quý, soát xét bán niên, kiểm toán năm - Chi nhánh công ty chứng khoán nước ngoài tại Việt Nam >> Phần lưu chuyển tiền tệ hoạt động môi giới, ủy thác của khách hàng_06614;8. Chi trả thanh toán giao dịch chứng khoán của khách hàng;8;Data Explorer;Chỉ tiêu cơ sở;Dễ;Ngày, CTCK;SCMS;;X;;;;;;;;;;
129;Báo cáo tài chính quý, soát xét bán niên, kiểm toán năm - Chi nhánh công ty chứng khoán nước ngoài tại Việt Nam >> Phần lưu chuyển tiền tệ hoạt động môi giới, ủy thác của khách hàng_06614;9. Nhận tiền gửi của Nhà đầu tư cho hoạt động ủy thác đầu tư của khách hàng;9;Data Explorer;Chỉ tiêu cơ sở;Dễ;Ngày, CTCK;SCMS;;X;;;;;;;;;;
129;Báo cáo tài chính quý, soát xét bán niên, kiểm toán năm - Chi nhánh công ty chứng khoán nước ngoài tại Việt Nam >> Phần lưu chuyển tiền tệ hoạt động môi giới, ủy thác của khách hàng_06614;10. Chi trả cho hoạt động ủy thác đầu tư của khách hàng;10;Data Explorer;Chỉ tiêu cơ sở;Dễ;Ngày, CTCK;SCMS;;X;;;;;;;;;;
129;Báo cáo tài chính quý, soát xét bán niên, kiểm toán năm - Chi nhánh công ty chứng khoán nước ngoài tại Việt Nam >> Phần lưu chuyển tiền tệ hoạt động môi giới, ủy thác của khách hàng_06614;11. Chi trả phí lưu ký chứng khoán của khách hàng ;11;Data Explorer;Chỉ tiêu cơ sở;Dễ;Ngày, CTCK;SCMS;;X;;;;;;;;;;
129;Báo cáo tài chính quý, soát xét bán niên, kiểm toán năm - Chi nhánh công ty chứng khoán nước ngoài tại Việt Nam >> Phần lưu chuyển tiền tệ hoạt động môi giới, ủy thác của khách hàng_06614;12. Thu lỗi giao dịch chứng khoán;12;Data Explorer;Chỉ tiêu cơ sở;Dễ;Ngày, CTCK;SCMS;;X;;;;;;;;;;
129;Báo cáo tài chính quý, soát xét bán niên, kiểm toán năm - Chi nhánh công ty chứng khoán nước ngoài tại Việt Nam >> Phần lưu chuyển tiền tệ hoạt động môi giới, ủy thác của khách hàng_06614;13.Chi lỗi giao dịch chứng khoán;13;Data Explorer;Chỉ tiêu cơ sở;Dễ;Ngày, CTCK;SCMS;;X;;;;;;;;;;
129;Báo cáo tài chính quý, soát xét bán niên, kiểm toán năm - Chi nhánh công ty chứng khoán nước ngoài tại Việt Nam >> Phần lưu chuyển tiền tệ hoạt động môi giới, ủy thác của khách hàng_06614;14. Tiền thu của Tổ chức phát hành chứng khoán;14;Data Explorer;Chỉ tiêu cơ sở;Dễ;Ngày, CTCK;SCMS;;X;;;;;;;;;;
129;Báo cáo tài chính quý, soát xét bán niên, kiểm toán năm - Chi nhánh công ty chứng khoán nước ngoài tại Việt Nam >> Phần lưu chuyển tiền tệ hoạt động môi giới, ủy thác của khách hàng_06614;15. Tiền chi trả Tổ chức phát hành chứng khoán;15;Data Explorer;Chỉ tiêu cơ sở;Dễ;Ngày, CTCK;SCMS;;X;;;;;;;;;;
129;Báo cáo tài chính quý, soát xét bán niên, kiểm toán năm - Chi nhánh công ty chứng khoán nước ngoài tại Việt Nam >> Phần lưu chuyển tiền tệ hoạt động môi giới, ủy thác của khách hàng_06614;Tăng/giảm tiền thuần trong kỳ;20;Data Explorer;Chỉ tiêu cơ sở;Dễ;Ngày, CTCK;SCMS;;X;;;;;;;;;;
129;Báo cáo tài chính quý, soát xét bán niên, kiểm toán năm - Chi nhánh công ty chứng khoán nước ngoài tại Việt Nam >> Phần lưu chuyển tiền tệ hoạt động môi giới, ủy thác của khách hàng_06614;II, Tiền và các khoản tương đương tiền đầu kỳ của khách hàng;30;Data Explorer;Chỉ tiêu cơ sở;Dễ;Ngày, CTCK;SCMS;;X;;;;;;;;;;
129;Báo cáo tài chính quý, soát xét bán niên, kiểm toán năm - Chi nhánh công ty chứng khoán nước ngoài tại Việt Nam >> Phần lưu chuyển tiền tệ hoạt động môi giới, ủy thác của khách hàng_06614;Tiền gửi ngân hàng đầu kỳ:;31;Data Explorer;Chỉ tiêu cơ sở;Dễ;Ngày, CTCK;SCMS;;X;;;;;;;;;;
129;Báo cáo tài chính quý, soát xét bán niên, kiểm toán năm - Chi nhánh công ty chứng khoán nước ngoài tại Việt Nam >> Phần lưu chuyển tiền tệ hoạt động môi giới, ủy thác của khách hàng_06614;-Tiền gửi của Nhà đầu tư về giao dịch chứng khoán theo phương thức CTCK quản lý ;32;Data Explorer;Chỉ tiêu cơ sở;Dễ;Ngày, CTCK;SCMS;;X;;;;;;;;;;
129;Báo cáo tài chính quý, soát xét bán niên, kiểm toán năm - Chi nhánh công ty chứng khoán nước ngoài tại Việt Nam >> Phần lưu chuyển tiền tệ hoạt động môi giới, ủy thác của khách hàng_06614;Trong đó có kỳ hạn;32;Data Explorer;Chỉ tiêu cơ sở;Dễ;Ngày, CTCK;SCMS;;X;;;;;;;;;;
129;Báo cáo tài chính quý, soát xét bán niên, kiểm toán năm - Chi nhánh công ty chứng khoán nước ngoài tại Việt Nam >> Phần lưu chuyển tiền tệ hoạt động môi giới, ủy thác của khách hàng_06614;- Tiền gửi tổng hợp giao dịch chứng khoán cho khách hàng ;33;Data Explorer;Chỉ tiêu cơ sở;Dễ;Ngày, CTCK;SCMS;;X;;;;;;;;;;
129;Báo cáo tài chính quý, soát xét bán niên, kiểm toán năm - Chi nhánh công ty chứng khoán nước ngoài tại Việt Nam >> Phần lưu chuyển tiền tệ hoạt động môi giới, ủy thác của khách hàng_06614;- Tiền gửi bù trừ và thanh toán giao dịch chứng khoán;34;Data Explorer;Chỉ tiêu cơ sở;Dễ;Ngày, CTCK;SCMS;;X;;;;;;;;;;
129;Báo cáo tài chính quý, soát xét bán niên, kiểm toán năm - Chi nhánh công ty chứng khoán nước ngoài tại Việt Nam >> Phần lưu chuyển tiền tệ hoạt động môi giới, ủy thác của khách hàng_06614;-Tiền gửi của Tổ chức phát hành;35;Data Explorer;Chỉ tiêu cơ sở;Dễ;Ngày, CTCK;SCMS;;X;;;;;;;;;;
129;Báo cáo tài chính quý, soát xét bán niên, kiểm toán năm - Chi nhánh công ty chứng khoán nước ngoài tại Việt Nam >> Phần lưu chuyển tiền tệ hoạt động môi giới, ủy thác của khách hàng_06614;Trong đó có kỳ hạn;35;Data Explorer;Chỉ tiêu cơ sở;Dễ;Ngày, CTCK;SCMS;;X;;;;;;;;;;
129;Báo cáo tài chính quý, soát xét bán niên, kiểm toán năm - Chi nhánh công ty chứng khoán nước ngoài tại Việt Nam >> Phần lưu chuyển tiền tệ hoạt động môi giới, ủy thác của khách hàng_06614;Các khoản tương đương tiền;36;Data Explorer;Chỉ tiêu cơ sở;Dễ;Ngày, CTCK;SCMS;;X;;;;;;;;;;
129;Báo cáo tài chính quý, soát xét bán niên, kiểm toán năm - Chi nhánh công ty chứng khoán nước ngoài tại Việt Nam >> Phần lưu chuyển tiền tệ hoạt động môi giới, ủy thác của khách hàng_06614;Ảnh hưởng của thay đổi tỷ giá hối đoái quy đổi ngoại tệ;37;Data Explorer;Chỉ tiêu cơ sở;Dễ;Ngày, CTCK;SCMS;;X;;;;;;;;;;
129;Báo cáo tài chính quý, soát xét bán niên, kiểm toán năm - Chi nhánh công ty chứng khoán nước ngoài tại Việt Nam >> Phần lưu chuyển tiền tệ hoạt động môi giới, ủy thác của khách hàng_06614;III, Tiền và các khoản tương đương tiền cuối kỳ của khách hàng;40;Data Explorer;Chỉ tiêu cơ sở;Dễ;Ngày, CTCK;SCMS;;X;;;;;;;;;;
129;Báo cáo tài chính quý, soát xét bán niên, kiểm toán năm - Chi nhánh công ty chứng khoán nước ngoài tại Việt Nam >> Phần lưu chuyển tiền tệ hoạt động môi giới, ủy thác của khách hàng_06614;Tiền gửi ngân hàng cuối kỳ:;41;Data Explorer;Chỉ tiêu cơ sở;Dễ;Ngày, CTCK;SCMS;;X;;;;;;;;;;
129;Báo cáo tài chính quý, soát xét bán niên, kiểm toán năm - Chi nhánh công ty chứng khoán nước ngoài tại Việt Nam >> Phần lưu chuyển tiền tệ hoạt động môi giới, ủy thác của khách hàng_06614;-Tiền gửi của Nhà đầu tư về giao dịch chứng khoán theo phương thức CTCK quản lý ;42;Data Explorer;Chỉ tiêu cơ sở;Dễ;Ngày, CTCK;SCMS;;X;;;;;;;;;;
129;Báo cáo tài chính quý, soát xét bán niên, kiểm toán năm - Chi nhánh công ty chứng khoán nước ngoài tại Việt Nam >> Phần lưu chuyển tiền tệ hoạt động môi giới, ủy thác của khách hàng_06614;Trong đó có kỳ hạn;42;Data Explorer;Chỉ tiêu cơ sở;Dễ;Ngày, CTCK;SCMS;;X;;;;;;;;;;
129;Báo cáo tài chính quý, soát xét bán niên, kiểm toán năm - Chi nhánh công ty chứng khoán nước ngoài tại Việt Nam >> Phần lưu chuyển tiền tệ hoạt động môi giới, ủy thác của khách hàng_06614;- Tiền gửi tổng hợp giao dịch chứng khoán cho khách hàng ;43;Data Explorer;Chỉ tiêu cơ sở;Dễ;Ngày, CTCK;SCMS;;X;;;;;;;;;;
129;Báo cáo tài chính quý, soát xét bán niên, kiểm toán năm - Chi nhánh công ty chứng khoán nước ngoài tại Việt Nam >> Phần lưu chuyển tiền tệ hoạt động môi giới, ủy thác của khách hàng_06614;- Tiền gửi bù trừ và thanh toán giao dịch chứng khoán;44;Data Explorer;Chỉ tiêu cơ sở;Dễ;Ngày, CTCK;SCMS;;X;;;;;;;;;;
129;Báo cáo tài chính quý, soát xét bán niên, kiểm toán năm - Chi nhánh công ty chứng khoán nước ngoài tại Việt Nam >> Phần lưu chuyển tiền tệ hoạt động môi giới, ủy thác của khách hàng_06614;- Tiền gửi của Tổ chức phát hành;45;Data Explorer;Chỉ tiêu cơ sở;Dễ;Ngày, CTCK;SCMS;;X;;;;;;;;;;
129;Báo cáo tài chính quý, soát xét bán niên, kiểm toán năm - Chi nhánh công ty chứng khoán nước ngoài tại Việt Nam >> Phần lưu chuyển tiền tệ hoạt động môi giới, ủy thác của khách hàng_06614;Trong đó có kỳ hạn;45;Data Explorer;Chỉ tiêu cơ sở;Dễ;Ngày, CTCK;SCMS;;X;;;;;;;;;;
129;Báo cáo tài chính quý, soát xét bán niên, kiểm toán năm - Chi nhánh công ty chứng khoán nước ngoài tại Việt Nam >> Phần lưu chuyển tiền tệ hoạt động môi giới, ủy thác của khách hàng_06614;Các khoản tương đương tiền;46;Data Explorer;Chỉ tiêu cơ sở;Dễ;Ngày, CTCK;SCMS;;X;;;;;;;;;;
129;Báo cáo tài chính quý, soát xét bán niên, kiểm toán năm - Chi nhánh công ty chứng khoán nước ngoài tại Việt Nam >> Phần lưu chuyển tiền tệ hoạt động môi giới, ủy thác của khách hàng_06614;- Ảnh hưởng của thay đổi tỷ giá hối đoái quy đổi ngoại tệ;47;Data Explorer;Chỉ tiêu cơ sở;Dễ;Ngày, CTCK;SCMS;;X;;;;;;;;;;
130;Báo cáo tài chính quý, soát xét bán niên, kiểm toán năm - Chi nhánh công ty chứng khoán nước ngoài tại Việt Nam >> Báo cáo tình hình biến động vốn chủ sở hữu;Loại báo cáo;Loại báo cáo;Data Explorer;Chiều;Dễ;Ngày, CTCK;SCMS;X;X;;;;;;;;;;
130;Báo cáo tài chính quý, soát xét bán niên, kiểm toán năm - Chi nhánh công ty chứng khoán nước ngoài tại Việt Nam >> Báo cáo tình hình biến động vốn chủ sở hữu;Kỳ báo cáo;Kỳ báo cáo;Data Explorer;Chiều;Dễ;Ngày, CTCK;SCMS;X;X;;;;;;;;;;
130;Báo cáo tài chính quý, soát xét bán niên, kiểm toán năm - Chi nhánh công ty chứng khoán nước ngoài tại Việt Nam >> Báo cáo tình hình biến động vốn chủ sở hữu;Mã báo cáo;Mã báo cáo;Data Explorer;Chiều;Dễ;Ngày, CTCK;SCMS;X;X;;;;;;;;;;
130;Báo cáo tài chính quý, soát xét bán niên, kiểm toán năm - Chi nhánh công ty chứng khoán nước ngoài tại Việt Nam >> Báo cáo tình hình biến động vốn chủ sở hữu;Tên báo cáo;Tên báo cáo;Data Explorer;Chiều;Dễ;Ngày, CTCK;SCMS;X;X;;;;;;;;;;
130;Báo cáo tài chính quý, soát xét bán niên, kiểm toán năm - Chi nhánh công ty chứng khoán nước ngoài tại Việt Nam >> Báo cáo tình hình biến động vốn chủ sở hữu;Mã chỉ tiêu;Mã chỉ tiêu;Data Explorer;Chiều;Dễ;Ngày, CTCK;SCMS;X;X;;;;;;;;;;
130;Báo cáo tài chính quý, soát xét bán niên, kiểm toán năm - Chi nhánh công ty chứng khoán nước ngoài tại Việt Nam >> Báo cáo tình hình biến động vốn chủ sở hữu;Tên chỉ tiêu;Tên chỉ tiêu;Data Explorer;Chiều;Dễ;Ngày, CTCK;SCMS;X;X;;;;;;;;;;
130;Báo cáo tài chính quý, soát xét bán niên, kiểm toán năm - Chi nhánh công ty chứng khoán nước ngoài tại Việt Nam >> Báo cáo tình hình biến động vốn chủ sở hữu; I. Biến động vốn chủ sở hữu; I. Biến động vốn chủ sở hữu;Data Explorer;Chỉ tiêu cơ sở;Dễ;Ngày, CTCK;SCMS;;X;;;;;;;;;;
130;Báo cáo tài chính quý, soát xét bán niên, kiểm toán năm - Chi nhánh công ty chứng khoán nước ngoài tại Việt Nam >> Báo cáo tình hình biến động vốn chủ sở hữu;1. Vốn đầu tư của chủ sở hữu;1. Vốn đầu tư của chủ sở hữu;Data Explorer;Chỉ tiêu cơ sở;Dễ;Ngày, CTCK;SCMS;;X;;;;;;;;;;
130;Báo cáo tài chính quý, soát xét bán niên, kiểm toán năm - Chi nhánh công ty chứng khoán nước ngoài tại Việt Nam >> Báo cáo tình hình biến động vốn chủ sở hữu;1.1. Cổ phiếu phổ thông có quyền biểu quyết;1.1. Cổ phiếu phổ thông có quyền biểu quyết;Data Explorer;Chỉ tiêu cơ sở;Dễ;Ngày, CTCK;SCMS;;X;;;;;;;;;;
130;Báo cáo tài chính quý, soát xét bán niên, kiểm toán năm - Chi nhánh công ty chứng khoán nước ngoài tại Việt Nam >> Báo cáo tình hình biến động vốn chủ sở hữu;1.2. Cổ phiếu ưu đãi;1.2. Cổ phiếu ưu đãi;Data Explorer;Chỉ tiêu cơ sở;Dễ;Ngày, CTCK;SCMS;;X;;;;;;;;;;
130;Báo cáo tài chính quý, soát xét bán niên, kiểm toán năm - Chi nhánh công ty chứng khoán nước ngoài tại Việt Nam >> Báo cáo tình hình biến động vốn chủ sở hữu;1.3. Thặng dư vốn cổ phần ;1.3. Thặng dư vốn cổ phần ;Data Explorer;Chỉ tiêu cơ sở;Dễ;Ngày, CTCK;SCMS;;X;;;;;;;;;;
130;Báo cáo tài chính quý, soát xét bán niên, kiểm toán năm - Chi nhánh công ty chứng khoán nước ngoài tại Việt Nam >> Báo cáo tình hình biến động vốn chủ sở hữu;1.4.Quyền chọn chuyển đổi trái phiếu - Cấu phần vốn;1.4.Quyền chọn chuyển đổi trái phiếu - Cấu phần vốn;Data Explorer;Chỉ tiêu cơ sở;Dễ;Ngày, CTCK;SCMS;;X;;;;;;;;;;
130;Báo cáo tài chính quý, soát xét bán niên, kiểm toán năm - Chi nhánh công ty chứng khoán nước ngoài tại Việt Nam >> Báo cáo tình hình biến động vốn chủ sở hữu;1.5. Vốn khác của chủ sở hữu ;1.5. Vốn khác của chủ sở hữu ;Data Explorer;Chỉ tiêu cơ sở;Dễ;Ngày, CTCK;SCMS;;X;;;;;;;;;;
130;Báo cáo tài chính quý, soát xét bán niên, kiểm toán năm - Chi nhánh công ty chứng khoán nước ngoài tại Việt Nam >> Báo cáo tình hình biến động vốn chủ sở hữu;2. Cổ phiếu quỹ (*);2. Cổ phiếu quỹ (*);Data Explorer;Chỉ tiêu cơ sở;Dễ;Ngày, CTCK;SCMS;;X;;;;;;;;;;
130;Báo cáo tài chính quý, soát xét bán niên, kiểm toán năm - Chi nhánh công ty chứng khoán nước ngoài tại Việt Nam >> Báo cáo tình hình biến động vốn chủ sở hữu;3. Quỹ dự trữ bổ sung vốn điều lệ;3. Quỹ dự trữ bổ sung vốn điều lệ;Data Explorer;Chỉ tiêu cơ sở;Dễ;Ngày, CTCK;SCMS;;X;;;;;;;;;;
130;Báo cáo tài chính quý, soát xét bán niên, kiểm toán năm - Chi nhánh công ty chứng khoán nước ngoài tại Việt Nam >> Báo cáo tình hình biến động vốn chủ sở hữu;4. Quỹ dự phòng tài chính và rủi ro nghiệp vụ;4. Quỹ dự phòng tài chính và rủi ro nghiệp vụ;Data Explorer;Chỉ tiêu cơ sở;Dễ;Ngày, CTCK;SCMS;;X;;;;;;;;;;
130;Báo cáo tài chính quý, soát xét bán niên, kiểm toán năm - Chi nhánh công ty chứng khoán nước ngoài tại Việt Nam >> Báo cáo tình hình biến động vốn chủ sở hữu;5. Chênh lệch đánh giá lại tài sản theo giá trị hợp lý;5. Chênh lệch đánh giá lại tài sản theo giá trị hợp lý;Data Explorer;Chỉ tiêu cơ sở;Dễ;Ngày, CTCK;SCMS;;X;;;;;;;;;;
130;Báo cáo tài chính quý, soát xét bán niên, kiểm toán năm - Chi nhánh công ty chứng khoán nước ngoài tại Việt Nam >> Báo cáo tình hình biến động vốn chủ sở hữu;6.Chênh lệch tỷ giá hối đoái;6.Chênh lệch tỷ giá hối đoái;Data Explorer;Chỉ tiêu cơ sở;Dễ;Ngày, CTCK;SCMS;;X;;;;;;;;;;
130;Báo cáo tài chính quý, soát xét bán niên, kiểm toán năm - Chi nhánh công ty chứng khoán nước ngoài tại Việt Nam >> Báo cáo tình hình biến động vốn chủ sở hữu;7. Các Quỹ khác thuộc vốn chủ sở hữu;7. Các Quỹ khác thuộc vốn chủ sở hữu;Data Explorer;Chỉ tiêu cơ sở;Dễ;Ngày, CTCK;SCMS;;X;;;;;;;;;;
130;Báo cáo tài chính quý, soát xét bán niên, kiểm toán năm - Chi nhánh công ty chứng khoán nước ngoài tại Việt Nam >> Báo cáo tình hình biến động vốn chủ sở hữu;8. Lợi nhuận chưa phân phối;8. Lợi nhuận chưa phân phối;Data Explorer;Chỉ tiêu cơ sở;Dễ;Ngày, CTCK;SCMS;;X;;;;;;;;;;
130;Báo cáo tài chính quý, soát xét bán niên, kiểm toán năm - Chi nhánh công ty chứng khoán nước ngoài tại Việt Nam >> Báo cáo tình hình biến động vốn chủ sở hữu;8.1. Lợi nhuận sau thuế đã thực hiện;8.1. Lợi nhuận sau thuế đã thực hiện;Data Explorer;Chỉ tiêu cơ sở;Dễ;Ngày, CTCK;SCMS;;X;;;;;;;;;;
130;Báo cáo tài chính quý, soát xét bán niên, kiểm toán năm - Chi nhánh công ty chứng khoán nước ngoài tại Việt Nam >> Báo cáo tình hình biến động vốn chủ sở hữu;8.2. Lợi nhuận chưa thực hiện ;8.2. Lợi nhuận chưa thực hiện ;Data Explorer;Chỉ tiêu cơ sở;Dễ;Ngày, CTCK;SCMS;;X;;;;;;;;;;
130;Báo cáo tài chính quý, soát xét bán niên, kiểm toán năm - Chi nhánh công ty chứng khoán nước ngoài tại Việt Nam >> Báo cáo tình hình biến động vốn chủ sở hữu;Tổng cộng;Tổng cộng;Data Explorer;Chỉ tiêu cơ sở;Dễ;Ngày, CTCK;SCMS;;X;;;;;;;;;;
130;Báo cáo tài chính quý, soát xét bán niên, kiểm toán năm - Chi nhánh công ty chứng khoán nước ngoài tại Việt Nam >> Báo cáo tình hình biến động vốn chủ sở hữu;II. Thu nhập toàn diện khác;II. Thu nhập toàn diện khác;Data Explorer;Chỉ tiêu cơ sở;Dễ;Ngày, CTCK;SCMS;;X;;;;;;;;;;
130;Báo cáo tài chính quý, soát xét bán niên, kiểm toán năm - Chi nhánh công ty chứng khoán nước ngoài tại Việt Nam >> Báo cáo tình hình biến động vốn chủ sở hữu;1. Lãi/lỗ từ đánh giá lại các TSTC sẵn sàng để bán;1. Lãi/lỗ từ đánh giá lại các TSTC sẵn sàng để bán;Data Explorer;Chỉ tiêu cơ sở;Dễ;Ngày, CTCK;SCMS;;X;;;;;;;;;;
130;Báo cáo tài chính quý, soát xét bán niên, kiểm toán năm - Chi nhánh công ty chứng khoán nước ngoài tại Việt Nam >> Báo cáo tình hình biến động vốn chủ sở hữu;2. Lãi, lỗ đánh giá lại TĐ theo mô hình giá trị hợp lý;2. Lãi, lỗ đánh giá lại TĐ theo mô hình giá trị hợp lý;Data Explorer;Chỉ tiêu cơ sở;Dễ;Ngày, CTCK;SCMS;;X;;;;;;;;;;
130;Báo cáo tài chính quý, soát xét bán niên, kiểm toán năm - Chi nhánh công ty chứng khoán nước ngoài tại Việt Nam >> Báo cáo tình hình biến động vốn chủ sở hữu;3. Lãi, lỗ chênh lệch tỷ giá của hoạt động tại nước ngoài;3. Lãi, lỗ chênh lệch tỷ giá của hoạt động tại nước ngoài;Data Explorer;Chỉ tiêu cơ sở;Dễ;Ngày, CTCK;SCMS;;X;;;;;;;;;;
130;Báo cáo tài chính quý, soát xét bán niên, kiểm toán năm - Chi nhánh công ty chứng khoán nước ngoài tại Việt Nam >> Báo cáo tình hình biến động vốn chủ sở hữu;4. Lãi, lỗ toàn diện khác;4. Lãi, lỗ toàn diện khác;Data Explorer;Chỉ tiêu cơ sở;Dễ;Ngày, CTCK;SCMS;;X;;;;;;;;;;
130;Báo cáo tài chính quý, soát xét bán niên, kiểm toán năm - Chi nhánh công ty chứng khoán nước ngoài tại Việt Nam >> Báo cáo tình hình biến động vốn chủ sở hữu;Tổng cộng;Tổng cộng;Data Explorer;Chỉ tiêu cơ sở;Dễ;Ngày, CTCK;SCMS;;X;;;;;;;;;;
131;Báo cáo tỷ lệ an toàn tài chính - Chi nhánh công ty chứng khoán nước ngoài tại Việt Nam >> Bảng tính vốn khả dụng;Loại báo cáo;Loại báo cáo;Data Explorer;Chiều;Dễ;Ngày, CTCK;SCMS;X;X;;;;;;;;;;
131;Báo cáo tỷ lệ an toàn tài chính - Chi nhánh công ty chứng khoán nước ngoài tại Việt Nam >> Bảng tính vốn khả dụng;Kỳ báo cáo;Kỳ báo cáo;Data Explorer;Chiều;Dễ;Ngày, CTCK;SCMS;X;X;;;;;;;;;;
131;Báo cáo tỷ lệ an toàn tài chính - Chi nhánh công ty chứng khoán nước ngoài tại Việt Nam >> Bảng tính vốn khả dụng;Mã báo cáo;Mã báo cáo;Data Explorer;Chiều;Dễ;Ngày, CTCK;SCMS;X;X;;;;;;;;;;
131;Báo cáo tỷ lệ an toàn tài chính - Chi nhánh công ty chứng khoán nước ngoài tại Việt Nam >> Bảng tính vốn khả dụng;Tên báo cáo;Tên báo cáo;Data Explorer;Chiều;Dễ;Ngày, CTCK;SCMS;X;X;;;;;;;;;;
131;Báo cáo tỷ lệ an toàn tài chính - Chi nhánh công ty chứng khoán nước ngoài tại Việt Nam >> Bảng tính vốn khả dụng;Mã chỉ tiêu;Mã chỉ tiêu;Data Explorer;Chiều;Dễ;Ngày, CTCK;SCMS;X;X;;;;;;;;;;
131;Báo cáo tỷ lệ an toàn tài chính - Chi nhánh công ty chứng khoán nước ngoài tại Việt Nam >> Bảng tính vốn khả dụng;Tên chỉ tiêu;Tên chỉ tiêu;Data Explorer;Chiều;Dễ;Ngày, CTCK;SCMS;X;X;;;;;;;;;;
131;Báo cáo tỷ lệ an toàn tài chính - Chi nhánh công ty chứng khoán nước ngoài tại Việt Nam >> Bảng tính vốn khả dụng;Nội dung;Nội dung;Data Explorer;Chỉ tiêu cơ sở;TB;Ngày, CTCK;SCMS;;X;;;;;;;;;;
131;Báo cáo tỷ lệ an toàn tài chính - Chi nhánh công ty chứng khoán nước ngoài tại Việt Nam >> Bảng tính vốn khả dụng;Vốn khả dụng;Vốn khả dụng;Data Explorer;Chỉ tiêu cơ sở;TB;Ngày, CTCK;SCMS;;X;;;;;;;;;;
131;Báo cáo tỷ lệ an toàn tài chính - Chi nhánh công ty chứng khoán nước ngoài tại Việt Nam >> Bảng tính vốn khả dụng;Khoản giảm trừ;Khoản giảm trừ;Data Explorer;Chỉ tiêu cơ sở;TB;Ngày, CTCK;SCMS;;X;;;;;;;;;;
131;Báo cáo tỷ lệ an toàn tài chính - Chi nhánh công ty chứng khoán nước ngoài tại Việt Nam >> Bảng tính vốn khả dụng;Khoản tăng thêm;Khoản tăng thêm;Data Explorer;Chỉ tiêu cơ sở;TB;Ngày, CTCK;SCMS;;X;;;;;;;;;;
132;Báo cáo tỷ lệ an toàn tài chính - Chi nhánh công ty chứng khoán nước ngoài tại Việt Nam >> Bảng tính giá trị rủi ro (Rủi ro thị trường);Loại báo cáo;Loại báo cáo;Data Explorer;Chiều;Dễ;Ngày, CTCK;SCMS;X;X;;;;;;;;;;
132;Báo cáo tỷ lệ an toàn tài chính - Chi nhánh công ty chứng khoán nước ngoài tại Việt Nam >> Bảng tính giá trị rủi ro (Rủi ro thị trường);Kỳ báo cáo;Kỳ báo cáo;Data Explorer;Chiều;Dễ;Ngày, CTCK;SCMS;X;X;;;;;;;;;;
132;Báo cáo tỷ lệ an toàn tài chính - Chi nhánh công ty chứng khoán nước ngoài tại Việt Nam >> Bảng tính giá trị rủi ro (Rủi ro thị trường);Mã báo cáo;Mã báo cáo;Data Explorer;Chiều;Dễ;Ngày, CTCK;SCMS;X;X;;;;;;;;;;
132;Báo cáo tỷ lệ an toàn tài chính - Chi nhánh công ty chứng khoán nước ngoài tại Việt Nam >> Bảng tính giá trị rủi ro (Rủi ro thị trường);Tên báo cáo;Tên báo cáo;Data Explorer;Chiều;Dễ;Ngày, CTCK;SCMS;X;X;;;;;;;;;;
132;Báo cáo tỷ lệ an toàn tài chính - Chi nhánh công ty chứng khoán nước ngoài tại Việt Nam >> Bảng tính giá trị rủi ro (Rủi ro thị trường);Mã chỉ tiêu;Mã chỉ tiêu;Data Explorer;Chiều;Dễ;Ngày, CTCK;SCMS;X;X;;;;;;;;;;
132;Báo cáo tỷ lệ an toàn tài chính - Chi nhánh công ty chứng khoán nước ngoài tại Việt Nam >> Bảng tính giá trị rủi ro (Rủi ro thị trường);Tên chỉ tiêu;Tên chỉ tiêu;Data Explorer;Chiều;Dễ;Ngày, CTCK;SCMS;X;X;;;;;;;;;;
132;Báo cáo tỷ lệ an toàn tài chính - Chi nhánh công ty chứng khoán nước ngoài tại Việt Nam >> Bảng tính giá trị rủi ro (Rủi ro thị trường);Các hạng mục đầu tư;Các hạng mục đầu tư;Data Explorer;Chỉ tiêu cơ sở;TB;Ngày, CTCK;SCMS;;X;;;;;;;;;;
132;Báo cáo tỷ lệ an toàn tài chính - Chi nhánh công ty chứng khoán nước ngoài tại Việt Nam >> Bảng tính giá trị rủi ro (Rủi ro thị trường);Hệ số rủi ro (%);Hệ số rủi ro (%);Data Explorer;Chỉ tiêu cơ sở;TB;Ngày, CTCK;SCMS;;X;;;;;;;;;;
132;Báo cáo tỷ lệ an toàn tài chính - Chi nhánh công ty chứng khoán nước ngoài tại Việt Nam >> Bảng tính giá trị rủi ro (Rủi ro thị trường);Quy mô rủi ro;Quy mô rủi ro;Data Explorer;Chỉ tiêu cơ sở;TB;Ngày, CTCK;SCMS;;X;;;;;;;;;;
132;Báo cáo tỷ lệ an toàn tài chính - Chi nhánh công ty chứng khoán nước ngoài tại Việt Nam >> Bảng tính giá trị rủi ro (Rủi ro thị trường);Giá trị rủi ro;Giá trị rủi ro;Data Explorer;Chỉ tiêu cơ sở;TB;Ngày, CTCK;SCMS;;X;;;;;;;;;;
133;Báo cáo tỷ lệ an toàn tài chính - Chi nhánh công ty chứng khoán nước ngoài tại Việt Nam >> Giá trị rủi ro thanh toán;Loại báo cáo;Loại báo cáo;Data Explorer;Chiều;Dễ;Ngày, CTCK;SCMS;X;X;;;;;;;;;;
133;Báo cáo tỷ lệ an toàn tài chính - Chi nhánh công ty chứng khoán nước ngoài tại Việt Nam >> Giá trị rủi ro thanh toán;Kỳ báo cáo;Kỳ báo cáo;Data Explorer;Chiều;Dễ;Ngày, CTCK;SCMS;X;X;;;;;;;;;;
133;Báo cáo tỷ lệ an toàn tài chính - Chi nhánh công ty chứng khoán nước ngoài tại Việt Nam >> Giá trị rủi ro thanh toán;Mã báo cáo;Mã báo cáo;Data Explorer;Chiều;Dễ;Ngày, CTCK;SCMS;X;X;;;;;;;;;;
133;Báo cáo tỷ lệ an toàn tài chính - Chi nhánh công ty chứng khoán nước ngoài tại Việt Nam >> Giá trị rủi ro thanh toán;Tên báo cáo;Tên báo cáo;Data Explorer;Chiều;Dễ;Ngày, CTCK;SCMS;X;X;;;;;;;;;;
133;Báo cáo tỷ lệ an toàn tài chính - Chi nhánh công ty chứng khoán nước ngoài tại Việt Nam >> Giá trị rủi ro thanh toán;Mã chỉ tiêu;Mã chỉ tiêu;Data Explorer;Chiều;Dễ;Ngày, CTCK;SCMS;X;X;;;;;;;;;;
133;Báo cáo tỷ lệ an toàn tài chính - Chi nhánh công ty chứng khoán nước ngoài tại Việt Nam >> Giá trị rủi ro thanh toán;Tên chỉ tiêu;Tên chỉ tiêu;Data Explorer;Chiều;Dễ;Ngày, CTCK;SCMS;X;X;;;;;;;;;;
133;Báo cáo tỷ lệ an toàn tài chính - Chi nhánh công ty chứng khoán nước ngoài tại Việt Nam >> Giá trị rủi ro thanh toán;Chỉ tiêu;Chỉ tiêu;Data Explorer;Chỉ tiêu cơ sở;TB;Ngày, CTCK;SCMS;;X;;;;;;;;;;
133;Báo cáo tỷ lệ an toàn tài chính - Chi nhánh công ty chứng khoán nước ngoài tại Việt Nam >> Giá trị rủi ro thanh toán;Giá trị rủi ro;Giá trị rủi ro;Data Explorer;Chỉ tiêu cơ sở;TB;Ngày, CTCK;SCMS;;X;;;;;;;;;;
134;Báo cáo tỷ lệ an toàn tài chính - Chi nhánh công ty chứng khoán nước ngoài tại Việt Nam >> Giá trị rủi ro thanh toán (Rủi ro trước thời hạn thanh toán) ;Loại báo cáo;Loại báo cáo;Data Explorer;Chiều;Dễ;Ngày, CTCK;SCMS;X;X;;;;;;;;;;
134;Báo cáo tỷ lệ an toàn tài chính - Chi nhánh công ty chứng khoán nước ngoài tại Việt Nam >> Giá trị rủi ro thanh toán (Rủi ro trước thời hạn thanh toán) ;Kỳ báo cáo;Kỳ báo cáo;Data Explorer;Chiều;Dễ;Ngày, CTCK;SCMS;X;X;;;;;;;;;;
134;Báo cáo tỷ lệ an toàn tài chính - Chi nhánh công ty chứng khoán nước ngoài tại Việt Nam >> Giá trị rủi ro thanh toán (Rủi ro trước thời hạn thanh toán) ;Mã báo cáo;Mã báo cáo;Data Explorer;Chiều;Dễ;Ngày, CTCK;SCMS;X;X;;;;;;;;;;
134;Báo cáo tỷ lệ an toàn tài chính - Chi nhánh công ty chứng khoán nước ngoài tại Việt Nam >> Giá trị rủi ro thanh toán (Rủi ro trước thời hạn thanh toán) ;Tên báo cáo;Tên báo cáo;Data Explorer;Chiều;Dễ;Ngày, CTCK;SCMS;X;X;;;;;;;;;;
134;Báo cáo tỷ lệ an toàn tài chính - Chi nhánh công ty chứng khoán nước ngoài tại Việt Nam >> Giá trị rủi ro thanh toán (Rủi ro trước thời hạn thanh toán) ;Mã chỉ tiêu;Mã chỉ tiêu;Data Explorer;Chiều;Dễ;Ngày, CTCK;SCMS;X;X;;;;;;;;;;
134;Báo cáo tỷ lệ an toàn tài chính - Chi nhánh công ty chứng khoán nước ngoài tại Việt Nam >> Giá trị rủi ro thanh toán (Rủi ro trước thời hạn thanh toán) ;Tên chỉ tiêu;Tên chỉ tiêu;Data Explorer;Chiều;Dễ;Ngày, CTCK;SCMS;X;X;;;;;;;;;;
134;Báo cáo tỷ lệ an toàn tài chính - Chi nhánh công ty chứng khoán nước ngoài tại Việt Nam >> Giá trị rủi ro thanh toán (Rủi ro trước thời hạn thanh toán) ;Hệ số rủi ro % Loại hình giao dịch;Hệ số rủi ro % Loại hình giao dịch;Data Explorer;Chỉ tiêu cơ sở;TB;Ngày, CTCK;SCMS;;X;;;;;;;;;;
134;Báo cáo tỷ lệ an toàn tài chính - Chi nhánh công ty chứng khoán nước ngoài tại Việt Nam >> Giá trị rủi ro thanh toán (Rủi ro trước thời hạn thanh toán) ;Giá trị rủi ro (VND) >> 0%;Giá trị rủi ro (VND) >> 0%;Data Explorer;Chỉ tiêu cơ sở;TB;Ngày, CTCK;SCMS;;X;;;;;;;;;;
134;Báo cáo tỷ lệ an toàn tài chính - Chi nhánh công ty chứng khoán nước ngoài tại Việt Nam >> Giá trị rủi ro thanh toán (Rủi ro trước thời hạn thanh toán) ;Giá trị rủi ro (VND) >> 0,8%;Giá trị rủi ro (VND) >> 0,8%;Data Explorer;Chỉ tiêu cơ sở;TB;Ngày, CTCK;SCMS;;X;;;;;;;;;;
134;Báo cáo tỷ lệ an toàn tài chính - Chi nhánh công ty chứng khoán nước ngoài tại Việt Nam >> Giá trị rủi ro thanh toán (Rủi ro trước thời hạn thanh toán) ;Giá trị rủi ro (VND) >> 3,2%;Giá trị rủi ro (VND) >> 3,2%;Data Explorer;Chỉ tiêu cơ sở;TB;Ngày, CTCK;SCMS;;X;;;;;;;;;;
134;Báo cáo tỷ lệ an toàn tài chính - Chi nhánh công ty chứng khoán nước ngoài tại Việt Nam >> Giá trị rủi ro thanh toán (Rủi ro trước thời hạn thanh toán) ;Giá trị rủi ro (VND) >> 4,8%;Giá trị rủi ro (VND) >> 4,8%;Data Explorer;Chỉ tiêu cơ sở;TB;Ngày, CTCK;SCMS;;X;;;;;;;;;;
134;Báo cáo tỷ lệ an toàn tài chính - Chi nhánh công ty chứng khoán nước ngoài tại Việt Nam >> Giá trị rủi ro thanh toán (Rủi ro trước thời hạn thanh toán) ;Giá trị rủi ro (VND) >> 6%;Giá trị rủi ro (VND) >> 6%;Data Explorer;Chỉ tiêu cơ sở;TB;Ngày, CTCK;SCMS;;X;;;;;;;;;;
134;Báo cáo tỷ lệ an toàn tài chính - Chi nhánh công ty chứng khoán nước ngoài tại Việt Nam >> Giá trị rủi ro thanh toán (Rủi ro trước thời hạn thanh toán) ;Giá trị rủi ro (VND) >> 8%;Giá trị rủi ro (VND) >> 8%;Data Explorer;Chỉ tiêu cơ sở;TB;Ngày, CTCK;SCMS;;X;;;;;;;;;;
134;Báo cáo tỷ lệ an toàn tài chính - Chi nhánh công ty chứng khoán nước ngoài tại Việt Nam >> Giá trị rủi ro thanh toán (Rủi ro trước thời hạn thanh toán) ;Tổng giá trị rủi ro;Tổng giá trị rủi ro;Data Explorer;Chỉ tiêu cơ sở;TB;Ngày, CTCK;SCMS;;X;;;;;;;;;;
135;Báo cáo tỷ lệ an toàn tài chính - Chi nhánh công ty chứng khoán nước ngoài tại Việt Nam >> Giá trị rủi ro thanh toán (Rủi ro quá thời hạn thanh toán) ;Loại báo cáo;Loại báo cáo;Data Explorer;Chiều;Dễ;Ngày, CTCK;SCMS;X;X;;;;;;;;;;
135;Báo cáo tỷ lệ an toàn tài chính - Chi nhánh công ty chứng khoán nước ngoài tại Việt Nam >> Giá trị rủi ro thanh toán (Rủi ro quá thời hạn thanh toán) ;Kỳ báo cáo;Kỳ báo cáo;Data Explorer;Chiều;Dễ;Ngày, CTCK;SCMS;X;X;;;;;;;;;;
135;Báo cáo tỷ lệ an toàn tài chính - Chi nhánh công ty chứng khoán nước ngoài tại Việt Nam >> Giá trị rủi ro thanh toán (Rủi ro quá thời hạn thanh toán) ;Mã báo cáo;Mã báo cáo;Data Explorer;Chiều;Dễ;Ngày, CTCK;SCMS;X;X;;;;;;;;;;
135;Báo cáo tỷ lệ an toàn tài chính - Chi nhánh công ty chứng khoán nước ngoài tại Việt Nam >> Giá trị rủi ro thanh toán (Rủi ro quá thời hạn thanh toán) ;Tên báo cáo;Tên báo cáo;Data Explorer;Chiều;Dễ;Ngày, CTCK;SCMS;X;X;;;;;;;;;;
135;Báo cáo tỷ lệ an toàn tài chính - Chi nhánh công ty chứng khoán nước ngoài tại Việt Nam >> Giá trị rủi ro thanh toán (Rủi ro quá thời hạn thanh toán) ;Mã chỉ tiêu;Mã chỉ tiêu;Data Explorer;Chiều;Dễ;Ngày, CTCK;SCMS;X;X;;;;;;;;;;
135;Báo cáo tỷ lệ an toàn tài chính - Chi nhánh công ty chứng khoán nước ngoài tại Việt Nam >> Giá trị rủi ro thanh toán (Rủi ro quá thời hạn thanh toán) ;Tên chỉ tiêu;Tên chỉ tiêu;Data Explorer;Chiều;Dễ;Ngày, CTCK;SCMS;X;X;;;;;;;;;;
135;Báo cáo tỷ lệ an toàn tài chính - Chi nhánh công ty chứng khoán nước ngoài tại Việt Nam >> Giá trị rủi ro thanh toán (Rủi ro quá thời hạn thanh toán) ;Thời gian quá hạn;Thời gian quá hạn;Data Explorer;Chỉ tiêu cơ sở;TB;Ngày, CTCK;SCMS;;X;;;;;;;;;;
135;Báo cáo tỷ lệ an toàn tài chính - Chi nhánh công ty chứng khoán nước ngoài tại Việt Nam >> Giá trị rủi ro thanh toán (Rủi ro quá thời hạn thanh toán) ;Hệ số rủi ro (%);Hệ số rủi ro (%);Data Explorer;Chỉ tiêu cơ sở;TB;Ngày, CTCK;SCMS;;X;;;;;;;;;;
135;Báo cáo tỷ lệ an toàn tài chính - Chi nhánh công ty chứng khoán nước ngoài tại Việt Nam >> Giá trị rủi ro thanh toán (Rủi ro quá thời hạn thanh toán) ;Quy mô rủi ro;Quy mô rủi ro;Data Explorer;Chỉ tiêu cơ sở;TB;Ngày, CTCK;SCMS;;X;;;;;;;;;;
135;Báo cáo tỷ lệ an toàn tài chính - Chi nhánh công ty chứng khoán nước ngoài tại Việt Nam >> Giá trị rủi ro thanh toán (Rủi ro quá thời hạn thanh toán) ;Giá trị rủi ro;Giá trị rủi ro;Data Explorer;Chỉ tiêu cơ sở;TB;Ngày, CTCK;SCMS;;X;;;;;;;;;;
136;Báo cáo tỷ lệ an toàn tài chính - Chi nhánh công ty chứng khoán nước ngoài tại Việt Nam >> Giá trị rủi ro thanh toán (Rủi ro từ các khoản tạm ứng, hợp đồng, giao dịch khác);Loại báo cáo;Loại báo cáo;Data Explorer;Chiều;Dễ;Ngày, CTCK;SCMS;X;X;;;;;;;;;;
136;Báo cáo tỷ lệ an toàn tài chính - Chi nhánh công ty chứng khoán nước ngoài tại Việt Nam >> Giá trị rủi ro thanh toán (Rủi ro từ các khoản tạm ứng, hợp đồng, giao dịch khác);Kỳ báo cáo;Kỳ báo cáo;Data Explorer;Chiều;Dễ;Ngày, CTCK;SCMS;X;X;;;;;;;;;;
136;Báo cáo tỷ lệ an toàn tài chính - Chi nhánh công ty chứng khoán nước ngoài tại Việt Nam >> Giá trị rủi ro thanh toán (Rủi ro từ các khoản tạm ứng, hợp đồng, giao dịch khác);Mã báo cáo;Mã báo cáo;Data Explorer;Chiều;Dễ;Ngày, CTCK;SCMS;X;X;;;;;;;;;;
136;Báo cáo tỷ lệ an toàn tài chính - Chi nhánh công ty chứng khoán nước ngoài tại Việt Nam >> Giá trị rủi ro thanh toán (Rủi ro từ các khoản tạm ứng, hợp đồng, giao dịch khác);Tên báo cáo;Tên báo cáo;Data Explorer;Chiều;Dễ;Ngày, CTCK;SCMS;X;X;;;;;;;;;;
136;Báo cáo tỷ lệ an toàn tài chính - Chi nhánh công ty chứng khoán nước ngoài tại Việt Nam >> Giá trị rủi ro thanh toán (Rủi ro từ các khoản tạm ứng, hợp đồng, giao dịch khác);Mã chỉ tiêu;Mã chỉ tiêu;Data Explorer;Chiều;Dễ;Ngày, CTCK;SCMS;X;X;;;;;;;;;;
136;Báo cáo tỷ lệ an toàn tài chính - Chi nhánh công ty chứng khoán nước ngoài tại Việt Nam >> Giá trị rủi ro thanh toán (Rủi ro từ các khoản tạm ứng, hợp đồng, giao dịch khác);Tên chỉ tiêu;Tên chỉ tiêu;Data Explorer;Chiều;Dễ;Ngày, CTCK;SCMS;X;X;;;;;;;;;;
136;Báo cáo tỷ lệ an toàn tài chính - Chi nhánh công ty chứng khoán nước ngoài tại Việt Nam >> Giá trị rủi ro thanh toán (Rủi ro từ các khoản tạm ứng, hợp đồng, giao dịch khác);Chi tiết tới từng đối tượng;Chi tiết tới từng đối tượng;Data Explorer;Chỉ tiêu cơ sở;TB;Ngày, CTCK;SCMS;;X;;;;;;;;;;
136;Báo cáo tỷ lệ an toàn tài chính - Chi nhánh công ty chứng khoán nước ngoài tại Việt Nam >> Giá trị rủi ro thanh toán (Rủi ro từ các khoản tạm ứng, hợp đồng, giao dịch khác);Hệ số rủi ro (%);Hệ số rủi ro (%);Data Explorer;Chỉ tiêu cơ sở;TB;Ngày, CTCK;SCMS;;X;;;;;;;;;;
136;Báo cáo tỷ lệ an toàn tài chính - Chi nhánh công ty chứng khoán nước ngoài tại Việt Nam >> Giá trị rủi ro thanh toán (Rủi ro từ các khoản tạm ứng, hợp đồng, giao dịch khác);Quy mô rủi ro;Quy mô rủi ro;Data Explorer;Chỉ tiêu cơ sở;TB;Ngày, CTCK;SCMS;;X;;;;;;;;;;
136;Báo cáo tỷ lệ an toàn tài chính - Chi nhánh công ty chứng khoán nước ngoài tại Việt Nam >> Giá trị rủi ro thanh toán (Rủi ro từ các khoản tạm ứng, hợp đồng, giao dịch khác);Giá trị rủi ro;Giá trị rủi ro;Data Explorer;Chỉ tiêu cơ sở;TB;Ngày, CTCK;SCMS;;X;;;;;;;;;;
137;Báo cáo tỷ lệ an toàn tài chính - Chi nhánh công ty chứng khoán nước ngoài tại Việt Nam >> Giá trị rủi ro thanh toán (Rủi ro tăng thêm);Loại báo cáo;Loại báo cáo;Data Explorer;Chiều;Dễ;Ngày, CTCK;SCMS;X;X;;;;;;;;;;
137;Báo cáo tỷ lệ an toàn tài chính - Chi nhánh công ty chứng khoán nước ngoài tại Việt Nam >> Giá trị rủi ro thanh toán (Rủi ro tăng thêm);Kỳ báo cáo;Kỳ báo cáo;Data Explorer;Chiều;Dễ;Ngày, CTCK;SCMS;X;X;;;;;;;;;;
137;Báo cáo tỷ lệ an toàn tài chính - Chi nhánh công ty chứng khoán nước ngoài tại Việt Nam >> Giá trị rủi ro thanh toán (Rủi ro tăng thêm);Mã báo cáo;Mã báo cáo;Data Explorer;Chiều;Dễ;Ngày, CTCK;SCMS;X;X;;;;;;;;;;
137;Báo cáo tỷ lệ an toàn tài chính - Chi nhánh công ty chứng khoán nước ngoài tại Việt Nam >> Giá trị rủi ro thanh toán (Rủi ro tăng thêm);Tên báo cáo;Tên báo cáo;Data Explorer;Chiều;Dễ;Ngày, CTCK;SCMS;X;X;;;;;;;;;;
137;Báo cáo tỷ lệ an toàn tài chính - Chi nhánh công ty chứng khoán nước ngoài tại Việt Nam >> Giá trị rủi ro thanh toán (Rủi ro tăng thêm);Mã chỉ tiêu;Mã chỉ tiêu;Data Explorer;Chiều;Dễ;Ngày, CTCK;SCMS;X;X;;;;;;;;;;
137;Báo cáo tỷ lệ an toàn tài chính - Chi nhánh công ty chứng khoán nước ngoài tại Việt Nam >> Giá trị rủi ro thanh toán (Rủi ro tăng thêm);Tên chỉ tiêu;Tên chỉ tiêu;Data Explorer;Chiều;Dễ;Ngày, CTCK;SCMS;X;X;;;;;;;;;;
137;Báo cáo tỷ lệ an toàn tài chính - Chi nhánh công ty chứng khoán nước ngoài tại Việt Nam >> Giá trị rủi ro thanh toán (Rủi ro tăng thêm);Chi tiết tới từng đối tượng;Chi tiết tới từng đối tượng;Data Explorer;Chỉ tiêu cơ sở;TB;Ngày, CTCK;SCMS;;X;;;;;;;;;;
137;Báo cáo tỷ lệ an toàn tài chính - Chi nhánh công ty chứng khoán nước ngoài tại Việt Nam >> Giá trị rủi ro thanh toán (Rủi ro tăng thêm);Hệ số rủi ro (%);Hệ số rủi ro (%);Data Explorer;Chỉ tiêu cơ sở;TB;Ngày, CTCK;SCMS;;X;;;;;;;;;;
137;Báo cáo tỷ lệ an toàn tài chính - Chi nhánh công ty chứng khoán nước ngoài tại Việt Nam >> Giá trị rủi ro thanh toán (Rủi ro tăng thêm);Quy mô rủi ro;Quy mô rủi ro;Data Explorer;Chỉ tiêu cơ sở;TB;Ngày, CTCK;SCMS;;X;;;;;;;;;;
137;Báo cáo tỷ lệ an toàn tài chính - Chi nhánh công ty chứng khoán nước ngoài tại Việt Nam >> Giá trị rủi ro thanh toán (Rủi ro tăng thêm);Giá trị rủi ro;Giá trị rủi ro;Data Explorer;Chỉ tiêu cơ sở;TB;Ngày, CTCK;SCMS;;X;;;;;;;;;;
138;Báo cáo tỷ lệ an toàn tài chính - Chi nhánh công ty chứng khoán nước ngoài tại Việt Nam >> Giá trị rủi ro hoạt động;Loại báo cáo;Loại báo cáo;Data Explorer;Chiều;Dễ;Ngày, CTCK;SCMS;X;X;;;;;;;;;;
138;Báo cáo tỷ lệ an toàn tài chính - Chi nhánh công ty chứng khoán nước ngoài tại Việt Nam >> Giá trị rủi ro hoạt động;Kỳ báo cáo;Kỳ báo cáo;Data Explorer;Chiều;Dễ;Ngày, CTCK;SCMS;X;X;;;;;;;;;;
138;Báo cáo tỷ lệ an toàn tài chính - Chi nhánh công ty chứng khoán nước ngoài tại Việt Nam >> Giá trị rủi ro hoạt động;Mã báo cáo;Mã báo cáo;Data Explorer;Chiều;Dễ;Ngày, CTCK;SCMS;X;X;;;;;;;;;;
138;Báo cáo tỷ lệ an toàn tài chính - Chi nhánh công ty chứng khoán nước ngoài tại Việt Nam >> Giá trị rủi ro hoạt động;Tên báo cáo;Tên báo cáo;Data Explorer;Chiều;Dễ;Ngày, CTCK;SCMS;X;X;;;;;;;;;;
138;Báo cáo tỷ lệ an toàn tài chính - Chi nhánh công ty chứng khoán nước ngoài tại Việt Nam >> Giá trị rủi ro hoạt động;Mã chỉ tiêu;Mã chỉ tiêu;Data Explorer;Chiều;Dễ;Ngày, CTCK;SCMS;X;X;;;;;;;;;;
138;Báo cáo tỷ lệ an toàn tài chính - Chi nhánh công ty chứng khoán nước ngoài tại Việt Nam >> Giá trị rủi ro hoạt động;Tên chỉ tiêu;Tên chỉ tiêu;Data Explorer;Chiều;Dễ;Ngày, CTCK;SCMS;X;X;;;;;;;;;;
138;Báo cáo tỷ lệ an toàn tài chính - Chi nhánh công ty chứng khoán nước ngoài tại Việt Nam >> Giá trị rủi ro hoạt động;Chỉ tiêu;Chỉ tiêu;Data Explorer;Chỉ tiêu cơ sở;TB;Ngày, CTCK;SCMS;;X;;;;;;;;;;
138;Báo cáo tỷ lệ an toàn tài chính - Chi nhánh công ty chứng khoán nước ngoài tại Việt Nam >> Giá trị rủi ro hoạt động;Giá trị;Giá trị;Data Explorer;Chỉ tiêu cơ sở;TB;Ngày, CTCK;SCMS;;X;;;;;;;;;;
139;Báo cáo tỷ lệ an toàn tài chính - Chi nhánh công ty chứng khoán nước ngoài tại Việt Nam >> Bảng tổng hợp các chỉ tiêu rủi ro và vốn khả dụng;Loại báo cáo;Loại báo cáo;Data Explorer;Chiều;Dễ;Ngày, CTCK;SCMS;X;X;;;;;;;;;;
139;Báo cáo tỷ lệ an toàn tài chính - Chi nhánh công ty chứng khoán nước ngoài tại Việt Nam >> Bảng tổng hợp các chỉ tiêu rủi ro và vốn khả dụng;Kỳ báo cáo;Kỳ báo cáo;Data Explorer;Chiều;Dễ;Ngày, CTCK;SCMS;X;X;;;;;;;;;;
139;Báo cáo tỷ lệ an toàn tài chính - Chi nhánh công ty chứng khoán nước ngoài tại Việt Nam >> Bảng tổng hợp các chỉ tiêu rủi ro và vốn khả dụng;Mã báo cáo;Mã báo cáo;Data Explorer;Chiều;Dễ;Ngày, CTCK;SCMS;X;X;;;;;;;;;;
139;Báo cáo tỷ lệ an toàn tài chính - Chi nhánh công ty chứng khoán nước ngoài tại Việt Nam >> Bảng tổng hợp các chỉ tiêu rủi ro và vốn khả dụng;Tên báo cáo;Tên báo cáo;Data Explorer;Chiều;Dễ;Ngày, CTCK;SCMS;X;X;;;;;;;;;;
139;Báo cáo tỷ lệ an toàn tài chính - Chi nhánh công ty chứng khoán nước ngoài tại Việt Nam >> Bảng tổng hợp các chỉ tiêu rủi ro và vốn khả dụng;Mã chỉ tiêu;Mã chỉ tiêu;Data Explorer;Chiều;Dễ;Ngày, CTCK;SCMS;X;X;;;;;;;;;;
139;Báo cáo tỷ lệ an toàn tài chính - Chi nhánh công ty chứng khoán nước ngoài tại Việt Nam >> Bảng tổng hợp các chỉ tiêu rủi ro và vốn khả dụng;Tên chỉ tiêu;Tên chỉ tiêu;Data Explorer;Chiều;Dễ;Ngày, CTCK;SCMS;X;X;;;;;;;;;;
139;Báo cáo tỷ lệ an toàn tài chính - Chi nhánh công ty chứng khoán nước ngoài tại Việt Nam >> Bảng tổng hợp các chỉ tiêu rủi ro và vốn khả dụng;Các chỉ tiêu;Các chỉ tiêu;Data Explorer;Chỉ tiêu cơ sở;TB;Ngày, CTCK;SCMS;;X;;;;;;;;;;
139;Báo cáo tỷ lệ an toàn tài chính - Chi nhánh công ty chứng khoán nước ngoài tại Việt Nam >> Bảng tổng hợp các chỉ tiêu rủi ro và vốn khả dụng;Giá trị rủi ro/ Vốn khả dụng;Giá trị rủi ro/ Vốn khả dụng;Data Explorer;Chỉ tiêu cơ sở;TB;Ngày, CTCK;SCMS;;X;;;;;;;;;;
139;Báo cáo tỷ lệ an toàn tài chính - Chi nhánh công ty chứng khoán nước ngoài tại Việt Nam >> Bảng tổng hợp các chỉ tiêu rủi ro và vốn khả dụng;Ghi chú;Ghi chú;Data Explorer;Chỉ tiêu cơ sở;TB;Ngày, CTCK;SCMS;;X;;;;;;;;;;
140;Báo cáo tình hình hoạt động quý/năm - VPĐD Công ty chứng khoán nước ngoài tại Việt Nam;Loại báo cáo;Loại báo cáo;Data Explorer;Chiều;Dễ;Ngày, CTCK;SCMS;X;X;;;;;;;;;;
140;Báo cáo tình hình hoạt động quý/năm - VPĐD Công ty chứng khoán nước ngoài tại Việt Nam;Kỳ báo cáo;Kỳ báo cáo;Data Explorer;Chiều;Dễ;Ngày, CTCK;SCMS;X;X;;;;;;;;;;
140;Báo cáo tình hình hoạt động quý/năm - VPĐD Công ty chứng khoán nước ngoài tại Việt Nam;Mã báo cáo;Mã báo cáo;Data Explorer;Chiều;Dễ;Ngày, CTCK;SCMS;X;X;;;;;;;;;;
140;Báo cáo tình hình hoạt động quý/năm - VPĐD Công ty chứng khoán nước ngoài tại Việt Nam;Tên báo cáo;Tên báo cáo;Data Explorer;Chiều;Dễ;Ngày, CTCK;SCMS;X;X;;;;;;;;;;
140;Báo cáo tình hình hoạt động quý/năm - VPĐD Công ty chứng khoán nước ngoài tại Việt Nam;Mã chỉ tiêu;Mã chỉ tiêu;Data Explorer;Chiều;Dễ;Ngày, CTCK;SCMS;X;X;;;;;;;;;;
140;Báo cáo tình hình hoạt động quý/năm - VPĐD Công ty chứng khoán nước ngoài tại Việt Nam;Tên chỉ tiêu;Tên chỉ tiêu;Data Explorer;Chiều;Dễ;Ngày, CTCK;SCMS;X;X;;;;;;;;;;
140;Báo cáo tình hình hoạt động quý/năm - VPĐD Công ty chứng khoán nước ngoài tại Việt Nam;Nhân sự của văn phòng đại diện >> Trưởng văn phòng đại diện >> Họ và tên;Nhân sự của văn phòng đại diện >> Trưởng văn phòng đại diện >> Họ và tên;Data Explorer;Chỉ tiêu cơ sở;TB;Ngày, CTCK;SCMS;;X;;;;;;;;;;
140;Báo cáo tình hình hoạt động quý/năm - VPĐD Công ty chứng khoán nước ngoài tại Việt Nam;Nhân sự của văn phòng đại diện >> Trưởng văn phòng đại diện >> Giới tính;Nhân sự của văn phòng đại diện >> Trưởng văn phòng đại diện >> Giới tính;Data Explorer;Chỉ tiêu cơ sở;TB;Ngày, CTCK;SCMS;;X;;;;;;;;;;
140;Báo cáo tình hình hoạt động quý/năm - VPĐD Công ty chứng khoán nước ngoài tại Việt Nam;Nhân sự của văn phòng đại diện >> Trưởng văn phòng đại diện >> Quốc tịch;Nhân sự của văn phòng đại diện >> Trưởng văn phòng đại diện >> Quốc tịch;Data Explorer;Chỉ tiêu cơ sở;TB;Ngày, CTCK;SCMS;;X;;;;;;;;;;
140;Báo cáo tình hình hoạt động quý/năm - VPĐD Công ty chứng khoán nước ngoài tại Việt Nam;Nhân sự của văn phòng đại diện >> Trưởng văn phòng đại diện >> Số định danh cá nhân/Số hộ chiếu;Nhân sự của văn phòng đại diện >> Trưởng văn phòng đại diện >> Số định danh cá nhân/Số hộ chiếu;Data Explorer;Chỉ tiêu cơ sở;TB;Ngày, CTCK;SCMS;;X;;;;;;;;;;
140;Báo cáo tình hình hoạt động quý/năm - VPĐD Công ty chứng khoán nước ngoài tại Việt Nam;Nhân sự của văn phòng đại diện >> Trưởng văn phòng đại diện >> Ngày cấp;Nhân sự của văn phòng đại diện >> Trưởng văn phòng đại diện >> Ngày cấp;Data Explorer;Chỉ tiêu cơ sở;TB;Ngày, CTCK;SCMS;;X;;;;;;;;;;
140;Báo cáo tình hình hoạt động quý/năm - VPĐD Công ty chứng khoán nước ngoài tại Việt Nam;Nhân sự của văn phòng đại diện >> Trưởng văn phòng đại diện >> Nơi đăng ký lưu trú/Nơi đăng ký hộ khẩu thường trú ;Nhân sự của văn phòng đại diện >> Trưởng văn phòng đại diện >> Nơi đăng ký lưu trú/Nơi đăng ký hộ khẩu thường trú ;Data Explorer;Chỉ tiêu cơ sở;TB;Ngày, CTCK;SCMS;;X;;;;;;;;;;
140;Báo cáo tình hình hoạt động quý/năm - VPĐD Công ty chứng khoán nước ngoài tại Việt Nam;Nhân sự của văn phòng đại diện >> Lao động nước ngoài làm việc tại văn phòng đại diện >> Họ và tên;Nhân sự của văn phòng đại diện >> Lao động nước ngoài làm việc tại văn phòng đại diện >> Họ và tên;Data Explorer;Chỉ tiêu cơ sở;TB;Ngày, CTCK;SCMS;;X;;;;;;;;;;
140;Báo cáo tình hình hoạt động quý/năm - VPĐD Công ty chứng khoán nước ngoài tại Việt Nam;Nhân sự của văn phòng đại diện >> Lao động nước ngoài làm việc tại văn phòng đại diện >> Giới tính;Nhân sự của văn phòng đại diện >> Lao động nước ngoài làm việc tại văn phòng đại diện >> Giới tính;Data Explorer;Chỉ tiêu cơ sở;TB;Ngày, CTCK;SCMS;;X;;;;;;;;;;
140;Báo cáo tình hình hoạt động quý/năm - VPĐD Công ty chứng khoán nước ngoài tại Việt Nam;Nhân sự của văn phòng đại diện >> Lao động nước ngoài làm việc tại văn phòng đại diện >> Quốc tịch;Nhân sự của văn phòng đại diện >> Lao động nước ngoài làm việc tại văn phòng đại diện >> Quốc tịch;Data Explorer;Chỉ tiêu cơ sở;TB;Ngày, CTCK;SCMS;;X;;;;;;;;;;
140;Báo cáo tình hình hoạt động quý/năm - VPĐD Công ty chứng khoán nước ngoài tại Việt Nam;Nhân sự của văn phòng đại diện >> Lao động nước ngoài làm việc tại văn phòng đại diện >> Số hộ chiếu;Nhân sự của văn phòng đại diện >> Lao động nước ngoài làm việc tại văn phòng đại diện >> Số hộ chiếu;Data Explorer;Chỉ tiêu cơ sở;TB;Ngày, CTCK;SCMS;;X;;;;;;;;;;
140;Báo cáo tình hình hoạt động quý/năm - VPĐD Công ty chứng khoán nước ngoài tại Việt Nam;Nhân sự của văn phòng đại diện >> Lao động nước ngoài làm việc tại văn phòng đại diện >> Ngày cấp;Nhân sự của văn phòng đại diện >> Lao động nước ngoài làm việc tại văn phòng đại diện >> Ngày cấp;Data Explorer;Chỉ tiêu cơ sở;TB;Ngày, CTCK;SCMS;;X;;;;;;;;;;
140;Báo cáo tình hình hoạt động quý/năm - VPĐD Công ty chứng khoán nước ngoài tại Việt Nam;Nhân sự của văn phòng đại diện >> Lao động nước ngoài làm việc tại văn phòng đại diện >> Nơi cấp;Nhân sự của văn phòng đại diện >> Lao động nước ngoài làm việc tại văn phòng đại diện >> Nơi cấp;Data Explorer;Chỉ tiêu cơ sở;TB;Ngày, CTCK;SCMS;;X;;;;;;;;;;
140;Báo cáo tình hình hoạt động quý/năm - VPĐD Công ty chứng khoán nước ngoài tại Việt Nam;Nhân sự của văn phòng đại diện >> Lao động nước ngoài làm việc tại văn phòng đại diện >> Chức danh;Nhân sự của văn phòng đại diện >> Lao động nước ngoài làm việc tại văn phòng đại diện >> Chức danh;Data Explorer;Chỉ tiêu cơ sở;TB;Ngày, CTCK;SCMS;;X;;;;;;;;;;
140;Báo cáo tình hình hoạt động quý/năm - VPĐD Công ty chứng khoán nước ngoài tại Việt Nam;Nhân sự của văn phòng đại diện >> Lao động Việt Nam làm việc tại văn phòng đại diện >> Họ và tên;Nhân sự của văn phòng đại diện >> Lao động Việt Nam làm việc tại văn phòng đại diện >> Họ và tên;Data Explorer;Chỉ tiêu cơ sở;TB;Ngày, CTCK;SCMS;;X;;;;;;;;;;
140;Báo cáo tình hình hoạt động quý/năm - VPĐD Công ty chứng khoán nước ngoài tại Việt Nam;Nhân sự của văn phòng đại diện >> Lao động Việt Nam làm việc tại văn phòng đại diện >> Giới tính;Nhân sự của văn phòng đại diện >> Lao động Việt Nam làm việc tại văn phòng đại diện >> Giới tính;Data Explorer;Chỉ tiêu cơ sở;TB;Ngày, CTCK;SCMS;;X;;;;;;;;;;
140;Báo cáo tình hình hoạt động quý/năm - VPĐD Công ty chứng khoán nước ngoài tại Việt Nam;Nhân sự của văn phòng đại diện >> Lao động Việt Nam làm việc tại văn phòng đại diện >> Quốc tịch;Nhân sự của văn phòng đại diện >> Lao động Việt Nam làm việc tại văn phòng đại diện >> Quốc tịch;Data Explorer;Chỉ tiêu cơ sở;TB;Ngày, CTCK;SCMS;;X;;;;;;;;;;
140;Báo cáo tình hình hoạt động quý/năm - VPĐD Công ty chứng khoán nước ngoài tại Việt Nam;Nhân sự của văn phòng đại diện >> Lao động Việt Nam làm việc tại văn phòng đại diện >> Số hộ chiếu;Nhân sự của văn phòng đại diện >> Lao động Việt Nam làm việc tại văn phòng đại diện >> Số hộ chiếu;Data Explorer;Chỉ tiêu cơ sở;TB;Ngày, CTCK;SCMS;;X;;;;;;;;;;
140;Báo cáo tình hình hoạt động quý/năm - VPĐD Công ty chứng khoán nước ngoài tại Việt Nam;Nhân sự của văn phòng đại diện >> Lao động Việt Nam làm việc tại văn phòng đại diện >> Ngày cấp;Nhân sự của văn phòng đại diện >> Lao động Việt Nam làm việc tại văn phòng đại diện >> Ngày cấp;Data Explorer;Chỉ tiêu cơ sở;TB;Ngày, CTCK;SCMS;;X;;;;;;;;;;
140;Báo cáo tình hình hoạt động quý/năm - VPĐD Công ty chứng khoán nước ngoài tại Việt Nam;Nhân sự của văn phòng đại diện >> Lao động Việt Nam làm việc tại văn phòng đại diện >> Nơi cấp;Nhân sự của văn phòng đại diện >> Lao động Việt Nam làm việc tại văn phòng đại diện >> Nơi cấp;Data Explorer;Chỉ tiêu cơ sở;TB;Ngày, CTCK;SCMS;;X;;;;;;;;;;
140;Báo cáo tình hình hoạt động quý/năm - VPĐD Công ty chứng khoán nước ngoài tại Việt Nam;Nhân sự của văn phòng đại diện >> Lao động Việt Nam làm việc tại văn phòng đại diện >> Chức danh;Nhân sự của văn phòng đại diện >> Lao động Việt Nam làm việc tại văn phòng đại diện >> Chức danh;Data Explorer;Chỉ tiêu cơ sở;TB;Ngày, CTCK;SCMS;;X;;;;;;;;;;
140;Báo cáo tình hình hoạt động quý/năm - VPĐD Công ty chứng khoán nước ngoài tại Việt Nam;Nhân sự của văn phòng đại diện >> Tình hình thay đổi nhân sự trong kỳ báo cáo >> Thay đổi Trưởng đại diện;Nhân sự của văn phòng đại diện >> Tình hình thay đổi nhân sự trong kỳ báo cáo >> Thay đổi Trưởng đại diện;Data Explorer;Chỉ tiêu cơ sở;TB;Ngày, CTCK;SCMS;;X;;;;;;;;;;
140;Báo cáo tình hình hoạt động quý/năm - VPĐD Công ty chứng khoán nước ngoài tại Việt Nam;Nhân sự của văn phòng đại diện >> Tình hình thay đổi nhân sự trong kỳ báo cáo >> Thay đổi số lao động nước ngoài làm việc tại văn phòng đại diện;Nhân sự của văn phòng đại diện >> Tình hình thay đổi nhân sự trong kỳ báo cáo >> Thay đổi số lao động nước ngoài làm việc tại văn phòng đại diện;Data Explorer;Chỉ tiêu cơ sở;TB;Ngày, CTCK;SCMS;;X;;;;;;;;;;
140;Báo cáo tình hình hoạt động quý/năm - VPĐD Công ty chứng khoán nước ngoài tại Việt Nam;Nhân sự của văn phòng đại diện >> Tình hình thay đổi nhân sự trong kỳ báo cáo >> Thay đổi số lao động Việt Nam làm việc tại văn phòng đại diện;Nhân sự của văn phòng đại diện >> Tình hình thay đổi nhân sự trong kỳ báo cáo >> Thay đổi số lao động Việt Nam làm việc tại văn phòng đại diện;Data Explorer;Chỉ tiêu cơ sở;TB;Ngày, CTCK;SCMS;;X;;;;;;;;;;
140;Báo cáo tình hình hoạt động quý/năm - VPĐD Công ty chứng khoán nước ngoài tại Việt Nam;Nhân sự của văn phòng đại diện >> Tình hình thực hiện chế độ đối với người lao động làm việc tại văn phòng đại diện: lương, thưởng, bảo hiểm, các hoạt động khác;Nhân sự của văn phòng đại diện >> Tình hình thực hiện chế độ đối với người lao động làm việc tại văn phòng đại diện: lương, thưởng, bảo hiểm, các hoạt động khác;Data Explorer;Chỉ tiêu cơ sở;TB;Ngày, CTCK;SCMS;;X;;;;;;;;;;
140;Báo cáo tình hình hoạt động quý/năm - VPĐD Công ty chứng khoán nước ngoài tại Việt Nam;Hoạt động của văn phòng đại diện >> Xúc tiến xây dựng các dự án hợp tác >> Đối tác Việt Nam;Hoạt động của văn phòng đại diện >> Xúc tiến xây dựng các dự án hợp tác >> Đối tác Việt Nam;Data Explorer;Chỉ tiêu cơ sở;TB;Ngày, CTCK;SCMS;;X;;;;;;;;;;
140;Báo cáo tình hình hoạt động quý/năm - VPĐD Công ty chứng khoán nước ngoài tại Việt Nam;Hoạt động của văn phòng đại diện >> Xúc tiến xây dựng các dự án hợp tác >>  Mục tiêu của Dự án;Hoạt động của văn phòng đại diện >> Xúc tiến xây dựng các dự án hợp tác >>  Mục tiêu của Dự án;Data Explorer;Chỉ tiêu cơ sở;TB;Ngày, CTCK;SCMS;;X;;;;;;;;;;
140;Báo cáo tình hình hoạt động quý/năm - VPĐD Công ty chứng khoán nước ngoài tại Việt Nam;Hoạt động của văn phòng đại diện >> Xúc tiến xây dựng các dự án hợp tác >> Giá trị (USD);Hoạt động của văn phòng đại diện >> Xúc tiến xây dựng các dự án hợp tác >> Giá trị (USD);Data Explorer;Chỉ tiêu cơ sở;TB;Ngày, CTCK;SCMS;;X;;;;;;;;;;
140;Báo cáo tình hình hoạt động quý/năm - VPĐD Công ty chứng khoán nước ngoài tại Việt Nam;Hoạt động của văn phòng đại diện >> Xúc tiến xây dựng các dự án hợp tác >> Ghi chú;Hoạt động của văn phòng đại diện >> Ghi chú;Data Explorer;Chỉ tiêu cơ sở;TB;Ngày, CTCK;SCMS;;X;;;;;;;;;;
140;Báo cáo tình hình hoạt động quý/năm - VPĐD Công ty chứng khoán nước ngoài tại Việt Nam;Hoạt động của văn phòng đại diện >> Nghiên cứu thị trường >> Đối tác Việt Nam;Hoạt động của văn phòng đại diện >> Nghiên cứu thị trường >> Đối tác Việt Nam;Data Explorer;Chỉ tiêu cơ sở;TB;Ngày, CTCK;SCMS;;X;;;;;;;;;;
140;Báo cáo tình hình hoạt động quý/năm - VPĐD Công ty chứng khoán nước ngoài tại Việt Nam;Hoạt động của văn phòng đại diện >> Nghiên cứu thị trường >>  Mục tiêu của Dự án;Hoạt động của văn phòng đại diện >> Nghiên cứu thị trường >>  Mục tiêu của Dự án;Data Explorer;Chỉ tiêu cơ sở;TB;Ngày, CTCK;SCMS;;X;;;;;;;;;;
140;Báo cáo tình hình hoạt động quý/năm - VPĐD Công ty chứng khoán nước ngoài tại Việt Nam;Hoạt động của văn phòng đại diện >> Nghiên cứu thị trường >> Giá trị (USD);Hoạt động của văn phòng đại diện >> Nghiên cứu thị trường >> Giá trị (USD);Data Explorer;Chỉ tiêu cơ sở;TB;Ngày, CTCK;SCMS;;X;;;;;;;;;;
140;Báo cáo tình hình hoạt động quý/năm - VPĐD Công ty chứng khoán nước ngoài tại Việt Nam;Hoạt động của văn phòng đại diện >> Nghiên cứu thị trường >> Ghi chú;Hoạt động của văn phòng đại diện >> Nghiên cứu thị trường >> Ghi chú;Data Explorer;Chỉ tiêu cơ sở;TB;Ngày, CTCK;SCMS;;X;;;;;;;;;;
140;Báo cáo tình hình hoạt động quý/năm - VPĐD Công ty chứng khoán nước ngoài tại Việt Nam;Hoạt động của văn phòng đại diện >> Xúc tiến hợp đồng liên kết cung ứng dịch vụ chứng khoán cho nhà đầu tư nước ngoài >> Đối tác Việt Nam;Hoạt động của văn phòng đại diện >> Xúc tiến hợp đồng liên kết cung ứng dịch vụ chứng khoán cho nhà đầu tư nước ngoài >> Đối tác Việt Nam;Data Explorer;Chỉ tiêu cơ sở;TB;Ngày, CTCK;SCMS;;X;;;;;;;;;;
140;Báo cáo tình hình hoạt động quý/năm - VPĐD Công ty chứng khoán nước ngoài tại Việt Nam;Hoạt động của văn phòng đại diện >> Xúc tiến hợp đồng liên kết cung ứng dịch vụ chứng khoán cho nhà đầu tư nước ngoài >>  Mục tiêu của Dự án;Hoạt động của văn phòng đại diện >> Xúc tiến hợp đồng liên kết cung ứng dịch vụ chứng khoán cho nhà đầu tư nước ngoài >>  Mục tiêu của Dự án;Data Explorer;Chỉ tiêu cơ sở;TB;Ngày, CTCK;SCMS;;X;;;;;;;;;;
140;Báo cáo tình hình hoạt động quý/năm - VPĐD Công ty chứng khoán nước ngoài tại Việt Nam;Hoạt động của văn phòng đại diện >> Xúc tiến hợp đồng liên kết cung ứng dịch vụ chứng khoán cho nhà đầu tư nước ngoài >> Giá trị (USD);Hoạt động của văn phòng đại diện >> Xúc tiến hợp đồng liên kết cung ứng dịch vụ chứng khoán cho nhà đầu tư nước ngoài >> Giá trị (USD);Data Explorer;Chỉ tiêu cơ sở;TB;Ngày, CTCK;SCMS;;X;;;;;;;;;;
140;Báo cáo tình hình hoạt động quý/năm - VPĐD Công ty chứng khoán nước ngoài tại Việt Nam;Hoạt động của văn phòng đại diện >> Xúc tiến hợp đồng liên kết cung ứng dịch vụ chứng khoán cho nhà đầu tư nước ngoài >> Ghi chú;Hoạt động của văn phòng đại diện >> Xúc tiến hợp đồng liên kết cung ứng dịch vụ chứng khoán cho nhà đầu tư nước ngoài >> Ghi chú;Data Explorer;Chỉ tiêu cơ sở;TB;Ngày, CTCK;SCMS;;X;;;;;;;;;;
140;Báo cáo tình hình hoạt động quý/năm - VPĐD Công ty chứng khoán nước ngoài tại Việt Nam;Hoạt động của văn phòng đại diện >> Xúc tiến hợp đồng liên kết cung ứng dịch vụ chứng khoán cho nhà đầu tư trong nước >> Đối tác Việt Nam;Hoạt động của văn phòng đại diện >> Xúc tiến hợp đồng liên kết cung ứng dịch vụ chứng khoán cho nhà đầu tư trong nước >> Đối tác Việt Nam;Data Explorer;Chỉ tiêu cơ sở;TB;Ngày, CTCK;SCMS;;X;;;;;;;;;;
140;Báo cáo tình hình hoạt động quý/năm - VPĐD Công ty chứng khoán nước ngoài tại Việt Nam;Hoạt động của văn phòng đại diện >> Xúc tiến hợp đồng liên kết cung ứng dịch vụ chứng khoán cho nhà đầu tư trong nước >>  Mục tiêu của Dự án;Hoạt động của văn phòng đại diện >> Xúc tiến hợp đồng liên kết cung ứng dịch vụ chứng khoán cho nhà đầu tư trong nước >>  Mục tiêu của Dự án;Data Explorer;Chỉ tiêu cơ sở;TB;Ngày, CTCK;SCMS;;X;;;;;;;;;;
140;Báo cáo tình hình hoạt động quý/năm - VPĐD Công ty chứng khoán nước ngoài tại Việt Nam;Hoạt động của văn phòng đại diện >> Xúc tiến hợp đồng liên kết cung ứng dịch vụ chứng khoán cho nhà đầu tư trong nước >> Giá trị (USD);Hoạt động của văn phòng đại diện >> Xúc tiến hợp đồng liên kết cung ứng dịch vụ chứng khoán cho nhà đầu tư trong nước >> Giá trị (USD);Data Explorer;Chỉ tiêu cơ sở;TB;Ngày, CTCK;SCMS;;X;;;;;;;;;;
140;Báo cáo tình hình hoạt động quý/năm - VPĐD Công ty chứng khoán nước ngoài tại Việt Nam;Hoạt động của văn phòng đại diện >> Xúc tiến hợp đồng liên kết cung ứng dịch vụ chứng khoán cho nhà đầu tư trong nước >> Ghi chú;Hoạt động của văn phòng đại diện >> Xúc tiến hợp đồng liên kết cung ứng dịch vụ chứng khoán cho nhà đầu tư trong nước >> Ghi chú;Data Explorer;Chỉ tiêu cơ sở;TB;Ngày, CTCK;SCMS;;X;;;;;;;;;;
140;Báo cáo tình hình hoạt động quý/năm - VPĐD Công ty chứng khoán nước ngoài tại Việt Nam;Hoạt động của văn phòng đại diện >> Xúc tiến hợp đồng ký giữa tổ chức nước ngoài và sác tổ chức kinh tế trong nước >> Đối tác Việt Nam;Hoạt động của văn phòng đại diện >> Xúc tiến hợp đồng ký giữa tổ chức nước ngoài và sác tổ chức kinh tế trong nước >> Đối tác Việt Nam;Data Explorer;Chỉ tiêu cơ sở;TB;Ngày, CTCK;SCMS;;X;;;;;;;;;;
140;Báo cáo tình hình hoạt động quý/năm - VPĐD Công ty chứng khoán nước ngoài tại Việt Nam;Hoạt động của văn phòng đại diện >> Xúc tiến hợp đồng ký giữa tổ chức nước ngoài và sác tổ chức kinh tế trong nước >>  Mục tiêu của Dự án;Hoạt động của văn phòng đại diện >> Xúc tiến hợp đồng ký giữa tổ chức nước ngoài và sác tổ chức kinh tế trong nước >>  Mục tiêu của Dự án;Data Explorer;Chỉ tiêu cơ sở;TB;Ngày, CTCK;SCMS;;X;;;;;;;;;;
140;Báo cáo tình hình hoạt động quý/năm - VPĐD Công ty chứng khoán nước ngoài tại Việt Nam;Hoạt động của văn phòng đại diện >> Xúc tiến hợp đồng ký giữa tổ chức nước ngoài và sác tổ chức kinh tế trong nước >> Giá trị (USD);Hoạt động của văn phòng đại diện >> Xúc tiến hợp đồng ký giữa tổ chức nước ngoài và sác tổ chức kinh tế trong nước >> Giá trị (USD);Data Explorer;Chỉ tiêu cơ sở;TB;Ngày, CTCK;SCMS;;X;;;;;;;;;;
140;Báo cáo tình hình hoạt động quý/năm - VPĐD Công ty chứng khoán nước ngoài tại Việt Nam;Hoạt động của văn phòng đại diện >> Xúc tiến hợp đồng ký giữa tổ chức nước ngoài và sác tổ chức kinh tế trong nước >> Ghi chú;Hoạt động của văn phòng đại diện >> Xúc tiến hợp đồng ký giữa tổ chức nước ngoài và sác tổ chức kinh tế trong nước >> Ghi chú;Data Explorer;Chỉ tiêu cơ sở;TB;Ngày, CTCK;SCMS;;X;;;;;;;;;;
140;Báo cáo tình hình hoạt động quý/năm - VPĐD Công ty chứng khoán nước ngoài tại Việt Nam;Hoạt động của văn phòng đại diện >> Các hoạt động khác có liên quan >> Đối tác Việt Nam;Hoạt động của văn phòng đại diện >> Các hoạt động khác có liên quan >> Đối tác Việt Nam;Data Explorer;Chỉ tiêu cơ sở;TB;Ngày, CTCK;SCMS;;X;;;;;;;;;;
140;Báo cáo tình hình hoạt động quý/năm - VPĐD Công ty chứng khoán nước ngoài tại Việt Nam;Hoạt động của văn phòng đại diện >> Các hoạt động khác có liên quan >>  Mục tiêu của Dự án;Hoạt động của văn phòng đại diện >> Các hoạt động khác có liên quan >>  Mục tiêu của Dự án;Data Explorer;Chỉ tiêu cơ sở;TB;Ngày, CTCK;SCMS;;X;;;;;;;;;;
140;Báo cáo tình hình hoạt động quý/năm - VPĐD Công ty chứng khoán nước ngoài tại Việt Nam;Hoạt động của văn phòng đại diện >> Các hoạt động khác có liên quan >> Giá trị (USD);Hoạt động của văn phòng đại diện >> Các hoạt động khác có liên quan >> Giá trị (USD);Data Explorer;Chỉ tiêu cơ sở;TB;Ngày, CTCK;SCMS;;X;;;;;;;;;;
140;Báo cáo tình hình hoạt động quý/năm - VPĐD Công ty chứng khoán nước ngoài tại Việt Nam;Hoạt động của văn phòng đại diện >> Các hoạt động khác có liên quan >> Ghi chú;Hoạt động của văn phòng đại diện >> Các hoạt động khác có liên quan >> Ghi chú;Data Explorer;Chỉ tiêu cơ sở;TB;Ngày, CTCK;SCMS;;X;;;;;;;;;;
140;Báo cáo tình hình hoạt động quý/năm - VPĐD Công ty chứng khoán nước ngoài tại Việt Nam;Tổng quan chung về tình hình đầu tư của công ty mẹ tại Việt Nam >> Tên Quỹ đầu tư/Dự án tại Việt Nam;Tổng quan chung về tình hình đầu tư của công ty mẹ tại Việt Nam >> Tên Quỹ đầu tư/Dự án tại Việt Nam;Data Explorer;Chỉ tiêu cơ sở;TB;Ngày, CTCK;SCMS;;X;;;;;;;;;;
140;Báo cáo tình hình hoạt động quý/năm - VPĐD Công ty chứng khoán nước ngoài tại Việt Nam;Tổng quan chung về tình hình đầu tư của công ty mẹ tại Việt Nam >> Mã số giao dịch chứng khoán của Quỹ/số giấy phép của dự án;Tổng quan chung về tình hình đầu tư của công ty mẹ tại Việt Nam >> Mã số giao dịch chứng khoán của Quỹ/số giấy phép của dự án;Data Explorer;Chỉ tiêu cơ sở;TB;Ngày, CTCK;SCMS;;X;;;;;;;;;;
140;Báo cáo tình hình hoạt động quý/năm - VPĐD Công ty chứng khoán nước ngoài tại Việt Nam;Tổng quan chung về tình hình đầu tư của công ty mẹ tại Việt Nam >> Tổng giá trị danh mục đầu tư/Tổng giá trị đầu tư tại Việt Nam (USD);Tổng quan chung về tình hình đầu tư của công ty mẹ tại Việt Nam >> Tổng giá trị danh mục đầu tư/Tổng giá trị đầu tư tại Việt Nam (USD);Data Explorer;Chỉ tiêu cơ sở;TB;Ngày, CTCK;SCMS;;X;;;;;;;;;;
140;Báo cáo tình hình hoạt động quý/năm - VPĐD Công ty chứng khoán nước ngoài tại Việt Nam;Tổng quan chung về tình hình đầu tư của công ty mẹ tại Việt Nam >> Ghi chú;Tổng quan chung về tình hình đầu tư của công ty mẹ tại Việt Nam >> Ghi chú;Data Explorer;Chỉ tiêu cơ sở;TB;Ngày, CTCK;SCMS;;X;;;;;;;;;;
141;Về việc đáp ứng đủ điều kiện đăng ký hoạt động lưu ký chứng khoán - Ngân hàng lưu ký;Loại báo cáo;Loại báo cáo;Data Explorer;Chiều;Dễ;Ngày, CTCK;SCMS;X;X;;;;;;;;;;
141;Về việc đáp ứng đủ điều kiện đăng ký hoạt động lưu ký chứng khoán - Ngân hàng lưu ký;Kỳ báo cáo;Kỳ báo cáo;Data Explorer;Chiều;Dễ;Ngày, CTCK;SCMS;X;X;;;;;;;;;;
141;Về việc đáp ứng đủ điều kiện đăng ký hoạt động lưu ký chứng khoán - Ngân hàng lưu ký;Mã báo cáo;Mã báo cáo;Data Explorer;Chiều;Dễ;Ngày, CTCK;SCMS;X;X;;;;;;;;;;
141;Về việc đáp ứng đủ điều kiện đăng ký hoạt động lưu ký chứng khoán - Ngân hàng lưu ký;Tên báo cáo;Tên báo cáo;Data Explorer;Chiều;Dễ;Ngày, CTCK;SCMS;X;X;;;;;;;;;;
141;Về việc đáp ứng đủ điều kiện đăng ký hoạt động lưu ký chứng khoán - Ngân hàng lưu ký;Mã chỉ tiêu;Mã chỉ tiêu;Data Explorer;Chiều;Dễ;Ngày, CTCK;SCMS;X;X;;;;;;;;;;
141;Về việc đáp ứng đủ điều kiện đăng ký hoạt động lưu ký chứng khoán - Ngân hàng lưu ký;Tên chỉ tiêu;Tên chỉ tiêu;Data Explorer;Chiều;Dễ;Ngày, CTCK;SCMS;X;X;;;;;;;;;;
141;Về việc đáp ứng đủ điều kiện đăng ký hoạt động lưu ký chứng khoán - Ngân hàng lưu ký;Có Giấy phép thành lập và hoạt động tại Việt Nam, trong đó có hoạt động lưu ký chứng khoán >> Mô tả chi tiết;Có Giấy phép thành lập và hoạt động tại Việt Nam, trong đó có hoạt động lưu ký chứng khoán >> Mô tả chi tiết;Data Explorer;Chiều;Dễ;Ngày, CTCK;SCMS;X;X;;;;;;;;;;
141;Về việc đáp ứng đủ điều kiện đăng ký hoạt động lưu ký chứng khoán - Ngân hàng lưu ký;Có Giấy phép thành lập và hoạt động tại Việt Nam, trong đó có hoạt động lưu ký chứng khoán >> Đáp ứng (x);Có Giấy phép thành lập và hoạt động tại Việt Nam, trong đó có hoạt động lưu ký chứng khoán >> Đáp ứng (x);Data Explorer;Chiều;Dễ;Ngày, CTCK;SCMS;X;X;;;;;;;;;;
141;Về việc đáp ứng đủ điều kiện đăng ký hoạt động lưu ký chứng khoán - Ngân hàng lưu ký;Đáp ứng tỷ lệ an toàn vốn tối thiểu theo quy định của pháp luật về ngân hàng, hoạt động kinh doanh có lãi trong năm gần nhất >> Mô tả chi tiết;Đáp ứng tỷ lệ an toàn vốn tối thiểu theo quy định của pháp luật về ngân hàng, hoạt động kinh doanh có lãi trong năm gần nhất >> Mô tả chi tiết;Data Explorer;Chiều;Dễ;Ngày, CTCK;SCMS;X;X;;;;;;;;;;
141;Về việc đáp ứng đủ điều kiện đăng ký hoạt động lưu ký chứng khoán - Ngân hàng lưu ký;Đáp ứng tỷ lệ an toàn vốn tối thiểu theo quy định của pháp luật về ngân hàng, hoạt động kinh doanh có lãi trong năm gần nhất >> Đáp ứng (x);Đáp ứng tỷ lệ an toàn vốn tối thiểu theo quy định của pháp luật về ngân hàng, hoạt động kinh doanh có lãi trong năm gần nhất >> Đáp ứng (x);Data Explorer;Chiều;Dễ;Ngày, CTCK;SCMS;X;X;;;;;;;;;;
141;Về việc đáp ứng đủ điều kiện đăng ký hoạt động lưu ký chứng khoán - Ngân hàng lưu ký;Đáp ứng điều kiện về cơ sở vật chất, kỹ thuật bảo đảm thực hiện hoạt động lưu ký chứng khoán >> Mô tả chi tiết;Đáp ứng điều kiện về cơ sở vật chất, kỹ thuật bảo đảm thực hiện hoạt động lưu ký chứng khoán >> Mô tả chi tiết;Data Explorer;Chiều;Dễ;Ngày, CTCK;SCMS;X;X;;;;;;;;;;
141;Về việc đáp ứng đủ điều kiện đăng ký hoạt động lưu ký chứng khoán - Ngân hàng lưu ký;Đáp ứng điều kiện về cơ sở vật chất, kỹ thuật bảo đảm thực hiện hoạt động lưu ký chứng khoán >> Đáp ứng (x);Đáp ứng điều kiện về cơ sở vật chất, kỹ thuật bảo đảm thực hiện hoạt động lưu ký chứng khoán >> Đáp ứng (x);Data Explorer;Chiều;Dễ;Ngày, CTCK;SCMS;X;X;;;;;;;;;;
142;Về việc đáp ứng đủ điều kiện làm ngân hàng thanh toán năm - Ngân hàng thanh toán;Loại báo cáo;Loại báo cáo;Data Explorer;Chiều;Dễ;Ngày, CTCK;SCMS;X;X;;;;;;;;;;
142;Về việc đáp ứng đủ điều kiện làm ngân hàng thanh toán năm - Ngân hàng thanh toán;Kỳ báo cáo;Kỳ báo cáo;Data Explorer;Chiều;Dễ;Ngày, CTCK;SCMS;X;X;;;;;;;;;;
142;Về việc đáp ứng đủ điều kiện làm ngân hàng thanh toán năm - Ngân hàng thanh toán;Mã báo cáo;Mã báo cáo;Data Explorer;Chiều;Dễ;Ngày, CTCK;SCMS;X;X;;;;;;;;;;
142;Về việc đáp ứng đủ điều kiện làm ngân hàng thanh toán năm - Ngân hàng thanh toán;Tên báo cáo;Tên báo cáo;Data Explorer;Chiều;Dễ;Ngày, CTCK;SCMS;X;X;;;;;;;;;;
142;Về việc đáp ứng đủ điều kiện làm ngân hàng thanh toán năm - Ngân hàng thanh toán;Mã chỉ tiêu;Mã chỉ tiêu;Data Explorer;Chiều;Dễ;Ngày, CTCK;SCMS;X;X;;;;;;;;;;
142;Về việc đáp ứng đủ điều kiện làm ngân hàng thanh toán năm - Ngân hàng thanh toán;Tên chỉ tiêu;Tên chỉ tiêu;Data Explorer;Chiều;Dễ;Ngày, CTCK;SCMS;X;X;;;;;;;;;;
142;Về việc đáp ứng đủ điều kiện làm ngân hàng thanh toán năm - Ngân hàng thanh toán;Có Giấy phép thành lập và hoạt động tại Việt Nam theo quy định của pháp luật >> Mô tả chi tiết;Có Giấy phép thành lập và hoạt động tại Việt Nam theo quy định của pháp luật >> Mô tả chi tiết;Data Explorer;Chiều;Dễ;Ngày, CTCK;SCMS;X;X;;;;;;;;;;
142;Về việc đáp ứng đủ điều kiện làm ngân hàng thanh toán năm - Ngân hàng thanh toán;Có Giấy phép thành lập và hoạt động tại Việt Nam theo quy định của pháp luật >> Đáp ứng (x);Có Giấy phép thành lập và hoạt động tại Việt Nam theo quy định của pháp luật >> Đáp ứng (x);Data Explorer;Chiều;Dễ;Ngày, CTCK;SCMS;X;X;;;;;;;;;;
142;Về việc đáp ứng đủ điều kiện làm ngân hàng thanh toán năm - Ngân hàng thanh toán;Có vốn điều lệ trên 10.000 tỷ đồng >> Mô tả chi tiết;Có vốn điều lệ trên 10.000 tỷ đồng >> Mô tả chi tiết;Data Explorer;Chiều;Dễ;Ngày, CTCK;SCMS;X;X;;;;;;;;;;
142;Về việc đáp ứng đủ điều kiện làm ngân hàng thanh toán năm - Ngân hàng thanh toán;Có vốn điều lệ trên 10.000 tỷ đồng >> Đáp ứng (x);Có vốn điều lệ trên 10.000 tỷ đồng >> Đáp ứng (x);Data Explorer;Chiều;Dễ;Ngày, CTCK;SCMS;X;X;;;;;;;;;;
142;Về việc đáp ứng đủ điều kiện làm ngân hàng thanh toán năm - Ngân hàng thanh toán;Hoạt động kinh doanh có lãi trong 02 năm gần nhất >> Mô tả chi tiết;Hoạt động kinh doanh có lãi trong 02 năm gần nhất >> Mô tả chi tiết;Data Explorer;Chiều;Dễ;Ngày, CTCK;SCMS;X;X;;;;;;;;;;
142;Về việc đáp ứng đủ điều kiện làm ngân hàng thanh toán năm - Ngân hàng thanh toán;Hoạt động kinh doanh có lãi trong 02 năm gần nhất >> Đáp ứng (x);Hoạt động kinh doanh có lãi trong 02 năm gần nhất >> Đáp ứng (x);Data Explorer;Chiều;Dễ;Ngày, CTCK;SCMS;X;X;;;;;;;;;;
142;Về việc đáp ứng đủ điều kiện làm ngân hàng thanh toán năm - Ngân hàng thanh toán;Đáp ứng tỷ lệ an toàn vốn tối thiểu theo quy định pháp luật về ngân hàng >> Mô tả chi tiết;Đáp ứng tỷ lệ an toàn vốn tối thiểu theo quy định pháp luật về ngân hàng >> Mô tả chi tiết;Data Explorer;Chiều;Dễ;Ngày, CTCK;SCMS;X;X;;;;;;;;;;
142;Về việc đáp ứng đủ điều kiện làm ngân hàng thanh toán năm - Ngân hàng thanh toán;Đáp ứng tỷ lệ an toàn vốn tối thiểu theo quy định pháp luật về ngân hàng >> Đáp ứng (x);Đáp ứng tỷ lệ an toàn vốn tối thiểu theo quy định pháp luật về ngân hàng >> Đáp ứng (x);Data Explorer;Chiều;Dễ;Ngày, CTCK;SCMS;X;X;;;;;;;;;;
142;Về việc đáp ứng đủ điều kiện làm ngân hàng thanh toán năm - Ngân hàng thanh toán;Có hệ thống cơ sở vật chất, kỹ thuật bảo đảm thực hiện thanh toán giao dịch và kết nối với hệ thống của Tổng công ty lưu ký và bù trừ chứng khoán Việt Nam >> Mô tả chi tiết;Có hệ thống cơ sở vật chất, kỹ thuật bảo đảm thực hiện thanh toán giao dịch và kết nối với hệ thống của Tổng công ty lưu ký và bù trừ chứng khoán Việt Nam >> Mô tả chi tiết;Data Explorer;Chiều;Dễ;Ngày, CTCK;SCMS;X;X;;;;;;;;;;
142;Về việc đáp ứng đủ điều kiện làm ngân hàng thanh toán năm - Ngân hàng thanh toán;Có hệ thống cơ sở vật chất, kỹ thuật bảo đảm thực hiện thanh toán giao dịch và kết nối với hệ thống của Tổng công ty lưu ký và bù trừ chứng khoán Việt Nam >> Đáp ứng (x);Có hệ thống cơ sở vật chất, kỹ thuật bảo đảm thực hiện thanh toán giao dịch và kết nối với hệ thống của Tổng công ty lưu ký và bù trừ chứng khoán Việt Nam >> Đáp ứng (x);Data Explorer;Chiều;Dễ;Ngày, CTCK;SCMS;X;X;;;;;;;;;;
142;Về việc đáp ứng đủ điều kiện làm ngân hàng thanh toán năm - Ngân hàng thanh toán;Có hệ thống thanh toán, bù trừ kết nối với hệ thống thanh toán, bù trừ của Ngân hàng Nhà nước Việt Nam >> Mô tả chi tiết;Có hệ thống thanh toán, bù trừ kết nối với hệ thống thanh toán, bù trừ của Ngân hàng Nhà nước Việt Nam >> Mô tả chi tiết;Data Explorer;Chiều;Dễ;Ngày, CTCK;SCMS;X;X;;;;;;;;;;
142;Về việc đáp ứng đủ điều kiện làm ngân hàng thanh toán năm - Ngân hàng thanh toán;Có hệ thống thanh toán, bù trừ kết nối với hệ thống thanh toán, bù trừ của Ngân hàng Nhà nước Việt Nam >> Đáp ứng (x);Có hệ thống thanh toán, bù trừ kết nối với hệ thống thanh toán, bù trừ của Ngân hàng Nhà nước Việt Nam >> Đáp ứng (x);Data Explorer;Chiều;Dễ;Ngày, CTCK;SCMS;X;X;;;;;;;;;;
142;Về việc đáp ứng đủ điều kiện làm ngân hàng thanh toán năm - Ngân hàng thanh toán;Có hệ thống cơ sở vật chất, kỹ thuật để lưu giữ số liệu thông tin thanh toán giao dịch trong thời hạn ít nhất 10 năm và cung cấp được cho Ủy ban Chứng khoán Nhà nước hoặc Tổng công ty lưu ký và bù trừ chứng khoán Việt Nam trong thời hạn 48 giờ khi có yêu cầu >> Mô tả chi tiết;Có hệ thống cơ sở vật chất, kỹ thuật để lưu giữ số liệu thông tin thanh toán giao dịch trong thời hạn ít nhất 10 năm và cung cấp được cho Ủy ban Chứng khoán Nhà nước hoặc Tổng công ty lưu ký và bù trừ chứng khoán Việt Nam trong thời hạn 48 giờ khi có yêu cầu >> Mô tả chi tiết;Data Explorer;Chiều;Dễ;Ngày, CTCK;SCMS;X;X;;;;;;;;;;
142;Về việc đáp ứng đủ điều kiện làm ngân hàng thanh toán năm - Ngân hàng thanh toán;Có hệ thống cơ sở vật chất, kỹ thuật để lưu giữ số liệu thông tin thanh toán giao dịch trong thời hạn ít nhất 10 năm và cung cấp được cho Ủy ban Chứng khoán Nhà nước hoặc Tổng công ty lưu ký và bù trừ chứng khoán Việt Nam trong thời hạn 48 giờ khi có yêu cầu >> Đáp ứng (x);Có hệ thống cơ sở vật chất, kỹ thuật để lưu giữ số liệu thông tin thanh toán giao dịch trong thời hạn ít nhất 10 năm và cung cấp được cho Ủy ban Chứng khoán Nhà nước hoặc Tổng công ty lưu ký và bù trừ chứng khoán Việt Nam trong thời hạn 48 giờ khi có yêu cầu >> Đáp ứng (x);Data Explorer;Chiều;Dễ;Ngày, CTCK;SCMS;X;X;;;;;;;;;;
143;Về Hoạt động thanh toán tiền cho các giao dịch chứng khoán - Ngân hàng thanh toán;Loại báo cáo;Loại báo cáo;Data Explorer;Chiều;Dễ;Ngày, CTCK;SCMS;X;X;;;;;;;;;;
143;Về Hoạt động thanh toán tiền cho các giao dịch chứng khoán - Ngân hàng thanh toán;Kỳ báo cáo;Kỳ báo cáo;Data Explorer;Chiều;Dễ;Ngày, CTCK;SCMS;X;X;;;;;;;;;;
143;Về Hoạt động thanh toán tiền cho các giao dịch chứng khoán - Ngân hàng thanh toán;Mã báo cáo;Mã báo cáo;Data Explorer;Chiều;Dễ;Ngày, CTCK;SCMS;X;X;;;;;;;;;;
143;Về Hoạt động thanh toán tiền cho các giao dịch chứng khoán - Ngân hàng thanh toán;Tên báo cáo;Tên báo cáo;Data Explorer;Chiều;Dễ;Ngày, CTCK;SCMS;X;X;;;;;;;;;;
143;Về Hoạt động thanh toán tiền cho các giao dịch chứng khoán - Ngân hàng thanh toán;Mã chỉ tiêu;Mã chỉ tiêu;Data Explorer;Chiều;Dễ;Ngày, CTCK;SCMS;X;X;;;;;;;;;;
143;Về Hoạt động thanh toán tiền cho các giao dịch chứng khoán - Ngân hàng thanh toán;Tên chỉ tiêu;Tên chỉ tiêu;Data Explorer;Chiều;Dễ;Ngày, CTCK;SCMS;X;X;;;;;;;;;;
143;Về Hoạt động thanh toán tiền cho các giao dịch chứng khoán - Ngân hàng thanh toán;Tiền gửi ký quỹ của các thành viên tham gia thị trường >> Tiền gửi ký quỹ cho hoạt động tự doanh >> Đầu kỳ;Tiền gửi ký quỹ của các thành viên tham gia thị trường >> Tiền gửi ký quỹ cho hoạt động tự doanh >> Đầu kỳ;Data Explorer;Chiều;Dễ;Ngày, CTCK;SCMS;X;X;;;;;;;;;;
143;Về Hoạt động thanh toán tiền cho các giao dịch chứng khoán - Ngân hàng thanh toán;Tiền gửi ký quỹ của các thành viên tham gia thị trường >> Tiền gửi ký quỹ cho hoạt động tự doanh >> Cuối kỳ;Tiền gửi ký quỹ của các thành viên tham gia thị trường >> Tiền gửi ký quỹ cho hoạt động tự doanh >> Cuối kỳ;Data Explorer;Chiều;Dễ;Ngày, CTCK;SCMS;X;X;;;;;;;;;;
143;Về Hoạt động thanh toán tiền cho các giao dịch chứng khoán - Ngân hàng thanh toán;Tiền gửi ký quỹ của các thành viên tham gia thị trường >> Tiền gửi ký quỹ cho hoạt động tự doanh >> Tăng/Giảm (%);Tiền gửi ký quỹ của các thành viên tham gia thị trường >> Tiền gửi ký quỹ cho hoạt động tự doanh >> Tăng/Giảm (%);Data Explorer;Chiều;Dễ;Ngày, CTCK;SCMS;X;X;;;;;;;;;;
143;Về Hoạt động thanh toán tiền cho các giao dịch chứng khoán - Ngân hàng thanh toán;Tiền gửi ký quỹ của các thành viên tham gia thị trường >> Tiền gửi ký quỹ cho hoạt động môi giới trong nước >> Đầu kỳ;Tiền gửi ký quỹ của các thành viên tham gia thị trường >> Tiền gửi ký quỹ cho hoạt động môi giới trong nước >> Đầu kỳ;Data Explorer;Chiều;Dễ;Ngày, CTCK;SCMS;X;X;;;;;;;;;;
143;Về Hoạt động thanh toán tiền cho các giao dịch chứng khoán - Ngân hàng thanh toán;Tiền gửi ký quỹ của các thành viên tham gia thị trường >> Tiền gửi ký quỹ cho hoạt động môi giới trong nước >> Cuối kỳ;Tiền gửi ký quỹ của các thành viên tham gia thị trường >> Tiền gửi ký quỹ cho hoạt động môi giới trong nước >> Cuối kỳ;Data Explorer;Chiều;Dễ;Ngày, CTCK;SCMS;X;X;;;;;;;;;;
143;Về Hoạt động thanh toán tiền cho các giao dịch chứng khoán - Ngân hàng thanh toán;Tiền gửi ký quỹ của các thành viên tham gia thị trường >> Tiền gửi ký quỹ cho hoạt động môi giới trong nước >> Tăng/Giảm (%);Tiền gửi ký quỹ của các thành viên tham gia thị trường >> Tiền gửi ký quỹ cho hoạt động môi giới trong nước >> Tăng/Giảm (%);Data Explorer;Chiều;Dễ;Ngày, CTCK;SCMS;X;X;;;;;;;;;;
143;Về Hoạt động thanh toán tiền cho các giao dịch chứng khoán - Ngân hàng thanh toán;Tiền gửi ký quỹ của các thành viên tham gia thị trường >> Tiền gửi ký quỹ cho hoạt động môi giới nước ngoài >> Đầu kỳ;Tiền gửi ký quỹ của các thành viên tham gia thị trường >> Tiền gửi ký quỹ cho hoạt động môi giới nước ngoài >> Đầu kỳ;Data Explorer;Chiều;Dễ;Ngày, CTCK;SCMS;X;X;;;;;;;;;;
143;Về Hoạt động thanh toán tiền cho các giao dịch chứng khoán - Ngân hàng thanh toán;Tiền gửi ký quỹ của các thành viên tham gia thị trường >> Tiền gửi ký quỹ cho hoạt động môi giới nước ngoài >> Cuối kỳ;Tiền gửi ký quỹ của các thành viên tham gia thị trường >> Tiền gửi ký quỹ cho hoạt động môi giới nước ngoài >> Cuối kỳ;Data Explorer;Chiều;Dễ;Ngày, CTCK;SCMS;X;X;;;;;;;;;;
143;Về Hoạt động thanh toán tiền cho các giao dịch chứng khoán - Ngân hàng thanh toán;Tiền gửi ký quỹ của các thành viên tham gia thị trường >> Tiền gửi ký quỹ cho hoạt động môi giới nước ngoài >> Tăng/Giảm (%);Tiền gửi ký quỹ của các thành viên tham gia thị trường >> Tiền gửi ký quỹ cho hoạt động môi giới nước ngoài >> Tăng/Giảm (%);Data Explorer;Chiều;Dễ;Ngày, CTCK;SCMS;X;X;;;;;;;;;;
143;Về Hoạt động thanh toán tiền cho các giao dịch chứng khoán - Ngân hàng thanh toán;Tiền gửi ký quỹ của các thành viên tham gia thị trường >> Tổng >> Đầu kỳ;Tiền gửi ký quỹ của các thành viên tham gia thị trường >> Tổng >> Đầu kỳ;Data Explorer;Chiều;Dễ;Ngày, CTCK;SCMS;X;X;;;;;;;;;;
143;Về Hoạt động thanh toán tiền cho các giao dịch chứng khoán - Ngân hàng thanh toán;Tiền gửi ký quỹ của các thành viên tham gia thị trường >> Tổng >> Cuối kỳ;Tiền gửi ký quỹ của các thành viên tham gia thị trường >> Tổng >> Cuối kỳ;Data Explorer;Chiều;Dễ;Ngày, CTCK;SCMS;X;X;;;;;;;;;;
143;Về Hoạt động thanh toán tiền cho các giao dịch chứng khoán - Ngân hàng thanh toán;Tiền gửi ký quỹ của các thành viên tham gia thị trường >> Tổng >> Tăng/Giảm (%);Tiền gửi ký quỹ của các thành viên tham gia thị trường >> Tổng >> Tăng/Giảm (%);Data Explorer;Chiều;Dễ;Ngày, CTCK;SCMS;X;X;;;;;;;;;;
143;Về Hoạt động thanh toán tiền cho các giao dịch chứng khoán - Ngân hàng thanh toán;Tiền gửi thanh toán của các thành viên tham gia thị trường >> Tiền gửi thanh toán cho hoạt động tự doanh >> Đầu kỳ;Tiền gửi thanh toán của các thành viên tham gia thị trường >> Tiền gửi thanh toán cho hoạt động tự doanh >> Đầu kỳ;Data Explorer;Chiều;Dễ;Ngày, CTCK;SCMS;X;X;;;;;;;;;;
143;Về Hoạt động thanh toán tiền cho các giao dịch chứng khoán - Ngân hàng thanh toán;Tiền gửi thanh toán của các thành viên tham gia thị trường >> Tiền gửi thanh toán cho hoạt động tự doanh >> Cuối kỳ;Tiền gửi thanh toán của các thành viên tham gia thị trường >> Tiền gửi thanh toán cho hoạt động tự doanh >> Cuối kỳ;Data Explorer;Chiều;Dễ;Ngày, CTCK;SCMS;X;X;;;;;;;;;;
143;Về Hoạt động thanh toán tiền cho các giao dịch chứng khoán - Ngân hàng thanh toán;Tiền gửi thanh toán của các thành viên tham gia thị trường >> Tiền gửi thanh toán cho hoạt động tự doanh >> Tăng/Giảm (%);Tiền gửi thanh toán của các thành viên tham gia thị trường >> Tiền gửi thanh toán cho hoạt động tự doanh >> Tăng/Giảm (%);Data Explorer;Chiều;Dễ;Ngày, CTCK;SCMS;X;X;;;;;;;;;;
143;Về Hoạt động thanh toán tiền cho các giao dịch chứng khoán - Ngân hàng thanh toán;Tiền gửi thanh toán của các thành viên tham gia thị trường >> Tiền gửi thanh toán cho hoạt động môi giới trong nước >> Đầu kỳ;Tiền gửi thanh toán của các thành viên tham gia thị trường >> Tiền gửi thanh toán cho hoạt động môi giới trong nước >> Đầu kỳ;Data Explorer;Chiều;Dễ;Ngày, CTCK;SCMS;X;X;;;;;;;;;;
143;Về Hoạt động thanh toán tiền cho các giao dịch chứng khoán - Ngân hàng thanh toán;Tiền gửi thanh toán của các thành viên tham gia thị trường >> Tiền gửi thanh toán cho hoạt động môi giới trong nước >> Cuối kỳ;Tiền gửi thanh toán của các thành viên tham gia thị trường >> Tiền gửi thanh toán cho hoạt động môi giới trong nước >> Cuối kỳ;Data Explorer;Chiều;Dễ;Ngày, CTCK;SCMS;X;X;;;;;;;;;;
143;Về Hoạt động thanh toán tiền cho các giao dịch chứng khoán - Ngân hàng thanh toán;Tiền gửi thanh toán của các thành viên tham gia thị trường >> Tiền gửi thanh toán cho hoạt động môi giới trong nước >> Tăng/Giảm (%);Tiền gửi thanh toán của các thành viên tham gia thị trường >> Tiền gửi thanh toán cho hoạt động môi giới trong nước >> Tăng/Giảm (%);Data Explorer;Chiều;Dễ;Ngày, CTCK;SCMS;X;X;;;;;;;;;;
143;Về Hoạt động thanh toán tiền cho các giao dịch chứng khoán - Ngân hàng thanh toán;Tiền gửi thanh toán của các thành viên tham gia thị trường >> Tiền gửi thanh toán cho hoạt động môi giới nước ngoài >> Đầu kỳ;Tiền gửi thanh toán của các thành viên tham gia thị trường >> Tiền gửi thanh toán cho hoạt động môi giới nước ngoài >> Đầu kỳ;Data Explorer;Chiều;Dễ;Ngày, CTCK;SCMS;X;X;;;;;;;;;;
143;Về Hoạt động thanh toán tiền cho các giao dịch chứng khoán - Ngân hàng thanh toán;Tiền gửi thanh toán của các thành viên tham gia thị trường >> Tiền gửi thanh toán cho hoạt động môi giới nước ngoài >> Cuối kỳ;Tiền gửi thanh toán của các thành viên tham gia thị trường >> Tiền gửi thanh toán cho hoạt động môi giới nước ngoài >> Cuối kỳ;Data Explorer;Chiều;Dễ;Ngày, CTCK;SCMS;X;X;;;;;;;;;;
143;Về Hoạt động thanh toán tiền cho các giao dịch chứng khoán - Ngân hàng thanh toán;Tiền gửi thanh toán của các thành viên tham gia thị trường >> Tiền gửi thanh toán cho hoạt động môi giới nước ngoài >> Tăng/Giảm (%);Tiền gửi thanh toán của các thành viên tham gia thị trường >> Tiền gửi thanh toán cho hoạt động môi giới nước ngoài >> Tăng/Giảm (%);Data Explorer;Chiều;Dễ;Ngày, CTCK;SCMS;X;X;;;;;;;;;;
143;Về Hoạt động thanh toán tiền cho các giao dịch chứng khoán - Ngân hàng thanh toán;Tiền gửi thanh toán của các thành viên tham gia thị trường >> Tổng >> Đầu kỳ;Tiền gửi thanh toán của các thành viên tham gia thị trường >> Tổng >> Đầu kỳ;Data Explorer;Chiều;Dễ;Ngày, CTCK;SCMS;X;X;;;;;;;;;;
143;Về Hoạt động thanh toán tiền cho các giao dịch chứng khoán - Ngân hàng thanh toán;Tiền gửi thanh toán của các thành viên tham gia thị trường >> Tổng >> Cuối kỳ;Tiền gửi thanh toán của các thành viên tham gia thị trường >> Tổng >> Cuối kỳ;Data Explorer;Chiều;Dễ;Ngày, CTCK;SCMS;X;X;;;;;;;;;;
143;Về Hoạt động thanh toán tiền cho các giao dịch chứng khoán - Ngân hàng thanh toán;Tiền gửi thanh toán của các thành viên tham gia thị trường >> Tổng >> Tăng/Giảm (%);Tiền gửi thanh toán của các thành viên tham gia thị trường >> Tổng >> Tăng/Giảm (%);Data Explorer;Chiều;Dễ;Ngày, CTCK;SCMS;X;X;;;;;;;;;;
143;Về Hoạt động thanh toán tiền cho các giao dịch chứng khoán - Ngân hàng thanh toán;Số lượng thành viên tham gia thanh toán tiền qua ngân hàng thanh toán >> Công ty chứng khoán >> Đầu kỳ;Số lượng thành viên tham gia thanh toán tiền qua ngân hàng thanh toán >> Công ty chứng khoán >> Đầu kỳ;Data Explorer;Chiều;Dễ;Ngày, CTCK;SCMS;X;X;;;;;;;;;;
143;Về Hoạt động thanh toán tiền cho các giao dịch chứng khoán - Ngân hàng thanh toán;Số lượng thành viên tham gia thanh toán tiền qua ngân hàng thanh toán >> Công ty chứng khoán >> Cuối kỳ;Số lượng thành viên tham gia thanh toán tiền qua ngân hàng thanh toán >> Công ty chứng khoán >> Cuối kỳ;Data Explorer;Chiều;Dễ;Ngày, CTCK;SCMS;X;X;;;;;;;;;;
143;Về Hoạt động thanh toán tiền cho các giao dịch chứng khoán - Ngân hàng thanh toán;Số lượng thành viên tham gia thanh toán tiền qua ngân hàng thanh toán >> Công ty chứng khoán >> Tăng/Giảm (%);Số lượng thành viên tham gia thanh toán tiền qua ngân hàng thanh toán >> Công ty chứng khoán >> Tăng/Giảm (%);Data Explorer;Chiều;Dễ;Ngày, CTCK;SCMS;X;X;;;;;;;;;;
143;Về Hoạt động thanh toán tiền cho các giao dịch chứng khoán - Ngân hàng thanh toán;Số lượng thành viên tham gia thanh toán tiền qua ngân hàng thanh toán >> Ngân hàng thương mại >> Đầu kỳ;Số lượng thành viên tham gia thanh toán tiền qua ngân hàng thanh toán >> Ngân hàng thương mại >> Đầu kỳ;Data Explorer;Chiều;Dễ;Ngày, CTCK;SCMS;X;X;;;;;;;;;;
143;Về Hoạt động thanh toán tiền cho các giao dịch chứng khoán - Ngân hàng thanh toán;Số lượng thành viên tham gia thanh toán tiền qua ngân hàng thanh toán >> Ngân hàng thương mại >> Cuối kỳ;Số lượng thành viên tham gia thanh toán tiền qua ngân hàng thanh toán >> Ngân hàng thương mại >> Cuối kỳ;Data Explorer;Chiều;Dễ;Ngày, CTCK;SCMS;X;X;;;;;;;;;;
143;Về Hoạt động thanh toán tiền cho các giao dịch chứng khoán - Ngân hàng thanh toán;Số lượng thành viên tham gia thanh toán tiền qua ngân hàng thanh toán >> Ngân hàng thương mại >> Tăng/Giảm (%);Số lượng thành viên tham gia thanh toán tiền qua ngân hàng thanh toán >> Ngân hàng thương mại >> Tăng/Giảm (%);Data Explorer;Chiều;Dễ;Ngày, CTCK;SCMS;X;X;;;;;;;;;;
143;Về Hoạt động thanh toán tiền cho các giao dịch chứng khoán - Ngân hàng thanh toán;Số lượng thành viên tham gia thanh toán tiền qua ngân hàng thanh toán >> Chi nhánh ngân hàng nước ngoài >> Đầu kỳ;Số lượng thành viên tham gia thanh toán tiền qua ngân hàng thanh toán >> Chi nhánh ngân hàng nước ngoài >> Đầu kỳ;Data Explorer;Chiều;Dễ;Ngày, CTCK;SCMS;X;X;;;;;;;;;;
143;Về Hoạt động thanh toán tiền cho các giao dịch chứng khoán - Ngân hàng thanh toán;Số lượng thành viên tham gia thanh toán tiền qua ngân hàng thanh toán >> Chi nhánh ngân hàng nước ngoài >> Cuối kỳ;Số lượng thành viên tham gia thanh toán tiền qua ngân hàng thanh toán >> Chi nhánh ngân hàng nước ngoài >> Cuối kỳ;Data Explorer;Chiều;Dễ;Ngày, CTCK;SCMS;X;X;;;;;;;;;;
143;Về Hoạt động thanh toán tiền cho các giao dịch chứng khoán - Ngân hàng thanh toán;Số lượng thành viên tham gia thanh toán tiền qua ngân hàng thanh toán >> Chi nhánh ngân hàng nước ngoài >> Tăng/Giảm (%);Số lượng thành viên tham gia thanh toán tiền qua ngân hàng thanh toán >> Chi nhánh ngân hàng nước ngoài >> Tăng/Giảm (%);Data Explorer;Chiều;Dễ;Ngày, CTCK;SCMS;X;X;;;;;;;;;;
143;Về Hoạt động thanh toán tiền cho các giao dịch chứng khoán - Ngân hàng thanh toán;Số lượng thành viên tham gia thanh toán tiền qua ngân hàng thanh toán >> Tổng >> Đầu kỳ;Số lượng thành viên tham gia thanh toán tiền qua ngân hàng thanh toán >> Tổng >> Đầu kỳ;Data Explorer;Chiều;Dễ;Ngày, CTCK;SCMS;X;X;;;;;;;;;;
143;Về Hoạt động thanh toán tiền cho các giao dịch chứng khoán - Ngân hàng thanh toán;Số lượng thành viên tham gia thanh toán tiền qua ngân hàng thanh toán >> Tổng >> Cuối kỳ;Số lượng thành viên tham gia thanh toán tiền qua ngân hàng thanh toán >> Tổng >> Cuối kỳ;Data Explorer;Chiều;Dễ;Ngày, CTCK;SCMS;X;X;;;;;;;;;;
143;Về Hoạt động thanh toán tiền cho các giao dịch chứng khoán - Ngân hàng thanh toán;Số lượng thành viên tham gia thanh toán tiền qua ngân hàng thanh toán >> Tổng >> Tăng/Giảm (%);Số lượng thành viên tham gia thanh toán tiền qua ngân hàng thanh toán >> Tổng >> Tăng/Giảm (%);Data Explorer;Chiều;Dễ;Ngày, CTCK;SCMS;X;X;;;;;;;;;;
;;;;;;;;;;;;;;;;;;;;
;;;;;;;;;;;;;;;;;;;;
;;;;;;;;;;;;;;;;;;;;
;Dashboard;236;;;;;;;;;;;;;;;;;;
;Data Explorer;3263;;;;;;;;;;;;;;;;;;
;Báo cáo;0;;;;;;;;;;;;;;;;;;
;Tổng số chỉ tiêu:;3499;;;;;;;;;;;;;;;;;;